label,memory,gate,kind,noisy,relative,m_max,mode,rate,seed,user,session,eer,eer_k5,frr,far,n_stream,n_updates,gen_admitted,imp_admitted,imp_injected,atk_admitted,upd_rate_gen,mean_sv,g_accepted,g_rej_score,g_margin_binds,g_rej_meanfid,g_rej_drift,g_sv_total,g_decisions,M,anchors_in_P,enroll_in_P,mean_age,imp_in_P,atk_final_accept
static,static,none,fidelity,False,True,16,iid,0.1,0,s015,2,28.500000000000004,17.445652173913043,2.0,94.5,56,0,0,0,6,0,0.0,38.0,0,0,0,0,0,9728,256,50,0,50,81.5,0,
static,static,none,fidelity,False,True,16,iid,0.1,0,s015,3,26.25,22.1195652173913,0.0,93.5,56,0,0,0,6,0,0.0,38.0,0,0,0,0,0,9728,256,50,0,50,137.5,0,
static,static,none,fidelity,False,True,16,iid,0.1,0,s015,4,33.5,10.923913043478258,0.0,95.0,56,0,0,0,6,0,0.0,38.0,0,0,0,0,0,9728,256,50,0,50,193.5,0,
static,static,none,fidelity,False,True,16,iid,0.1,0,s015,5,35.75,33.641304347826086,0.0,95.0,56,0,0,0,6,0,0.0,38.0,0,0,0,0,0,9728,256,50,0,50,249.5,0,
static,static,none,fidelity,False,True,16,iid,0.1,0,s015,6,42.00000000000001,31.467391304347824,0.0,93.5,56,0,0,0,6,0,0.0,38.0,0,0,0,0,0,9728,256,50,0,50,305.5,0,
static,static,none,fidelity,False,True,16,iid,0.1,0,s015,7,44.99999999999999,32.55434782608696,0.0,97.0,56,0,0,0,6,0,0.0,38.0,0,0,0,0,0,9728,256,50,0,50,361.5,0,
static,static,none,fidelity,False,True,16,iid,0.1,0,s015,8,41.75,29.130434782608692,0.0,99.5,56,0,0,0,6,0,0.0,38.0,0,0,0,0,0,9728,256,50,0,50,417.5,0,80.0
static,static,none,fidelity,False,True,16,iid,0.1,1,s015,2,25.75,17.445652173913043,4.0,91.5,56,0,0,0,6,0,0.0,40.0,0,0,0,0,0,10240,256,50,0,50,81.5,0,
static,static,none,fidelity,False,True,16,iid,0.1,1,s015,3,25.75,22.1195652173913,0.0,94.0,56,0,0,0,6,0,0.0,40.0,0,0,0,0,0,10240,256,50,0,50,137.5,0,
static,static,none,fidelity,False,True,16,iid,0.1,1,s015,4,26.5,14.021739130434783,0.0,97.5,56,0,0,0,6,0,0.0,40.0,0,0,0,0,0,10240,256,50,0,50,193.5,0,
static,static,none,fidelity,False,True,16,iid,0.1,1,s015,5,35.25,32.55434782608696,0.0,94.5,56,0,0,0,6,0,0.0,40.0,0,0,0,0,0,10240,256,50,0,50,249.5,0,
static,static,none,fidelity,False,True,16,iid,0.1,1,s015,6,37.75,31.467391304347824,0.0,96.5,56,0,0,0,6,0,0.0,40.0,0,0,0,0,0,10240,256,50,0,50,305.5,0,
static,static,none,fidelity,False,True,16,iid,0.1,1,s015,7,40.25,30.05434782608696,0.0,97.0,56,0,0,0,6,0,0.0,40.0,0,0,0,0,0,10240,256,50,0,50,361.5,0,
static,static,none,fidelity,False,True,16,iid,0.1,1,s015,8,43.75,38.47826086956522,0.0,93.5,56,0,0,0,6,0,0.0,40.0,0,0,0,0,0,10240,256,50,0,50,417.5,0,98.0
static,static,none,fidelity,False,True,16,iid,0.1,2,s015,2,27.750000000000004,24.456521739130437,4.0,93.0,56,0,0,0,6,0,0.0,39.0,0,0,0,0,0,9984,256,50,0,50,81.5,0,
static,static,none,fidelity,False,True,16,iid,0.1,2,s015,3,23.0,19.78260869565217,0.0,92.5,56,0,0,0,6,0,0.0,39.0,0,0,0,0,0,9984,256,50,0,50,137.5,0,
static,static,none,fidelity,False,True,16,iid,0.1,2,s015,4,32.99999999999999,23.04347826086957,2.0,92.5,56,0,0,0,6,0,0.0,39.0,0,0,0,0,0,9984,256,50,0,50,193.5,0,
static,static,none,fidelity,False,True,16,iid,0.1,2,s015,5,36.0,30.380434782608702,4.0,92.0,56,0,0,0,6,0,0.0,39.0,0,0,0,0,0,9984,256,50,0,50,249.5,0,
static,static,none,fidelity,False,True,16,iid,0.1,2,s015,6,36.25,31.630434782608692,0.0,93.0,56,0,0,0,6,0,0.0,39.0,0,0,0,0,0,9984,256,50,0,50,305.5,0,
static,static,none,fidelity,False,True,16,iid,0.1,2,s015,7,43.75,32.55434782608696,0.0,94.0,56,0,0,0,6,0,0.0,39.0,0,0,0,0,0,9984,256,50,0,50,361.5,0,
static,static,none,fidelity,False,True,16,iid,0.1,2,s015,8,43.75,35.97826086956522,0.0,96.0,56,0,0,0,6,0,0.0,39.0,0,0,0,0,0,9984,256,50,0,50,417.5,0,94.0
naive,naive,none,fidelity,False,True,16,iid,0.1,0,s015,2,26.0,19.6195652173913,0.0,96.5,56,56,50,6,6,0,1.0,53.16796875,0,0,0,0,0,13611,256,106,0,50,52.971698113207545,6,
naive,naive,none,fidelity,False,True,16,iid,0.1,0,s015,3,22.0,11.684782608695654,0.0,100.0,56,56,50,6,6,0,1.0,77.76171875,0,0,0,0,0,19907,256,162,0,50,80.80864197530865,12,
naive,naive,none,fidelity,False,True,16,iid,0.1,0,s015,4,24.0,18.53260869565217,0.0,100.0,56,56,50,6,6,0,1.0,93.55859375,0,0,0,0,0,23951,256,218,0,50,108.72935779816514,18,
naive,naive,none,fidelity,False,True,16,iid,0.1,0,s015,5,33.75,30.217391304347828,0.0,100.0,56,56,50,6,6,0,1.0,117.5625,0,0,0,0,0,30096,256,274,0,50,136.6824817518248,24,
naive,naive,none,fidelity,False,True,16,iid,0.1,0,s015,6,29.500000000000004,19.78260869565217,0.0,100.0,56,56,50,6,6,0,1.0,133.9453125,0,0,0,0,0,34290,256,330,0,50,164.65151515151516,30,
naive,naive,none,fidelity,False,True,16,iid,0.1,0,s015,7,30.0,15.108695652173914,0.0,100.0,56,56,50,6,6,0,1.0,148.09765625,0,0,0,0,0,37913,256,386,0,50,192.62953367875647,36,
naive,naive,none,fidelity,False,True,16,iid,0.1,0,s015,8,28.75,19.78260869565217,0.0,100.0,56,56,50,6,6,0,1.0,162.98828125,0,0,0,0,0,41725,256,442,0,50,220.6131221719457,42,100.0
naive,naive,none,fidelity,False,True,16,iid,0.1,1,s015,2,28.000000000000004,14.021739130434783,0.0,98.5,56,56,50,6,6,0,1.0,54.56640625,0,0,0,0,0,13969,256,106,0,50,52.971698113207545,6,
naive,naive,none,fidelity,False,True,16,iid,0.1,1,s015,3,23.5,12.934782608695656,0.0,99.5,56,56,50,6,6,0,1.0,78.671875,0,0,0,0,0,20140,256,162,0,50,80.80864197530865,12,
naive,naive,none,fidelity,False,True,16,iid,0.1,1,s015,4,23.75,9.347826086956523,0.0,100.0,56,56,50,6,6,0,1.0,95.6875,0,0,0,0,0,24496,256,218,0,50,108.72935779816514,18,
naive,naive,none,fidelity,False,True,16,iid,0.1,1,s015,5,33.75,32.55434782608696,0.0,100.0,56,56,50,6,6,0,1.0,113.6484375,0,0,0,0,0,29094,256,274,0,50,136.6824817518248,24,
naive,naive,none,fidelity,False,True,16,iid,0.1,1,s015,6,28.000000000000004,25.543478260869566,0.0,100.0,56,56,50,6,6,0,1.0,130.84765625,0,0,0,0,0,33497,256,330,0,50,164.65151515151516,30,
naive,naive,none,fidelity,False,True,16,iid,0.1,1,s015,7,30.25,17.282608695652176,0.0,100.0,56,56,50,6,6,0,1.0,146.76171875,0,0,0,0,0,37571,256,386,0,50,192.62953367875647,36,
naive,naive,none,fidelity,False,True,16,iid,0.1,1,s015,8,28.250000000000004,32.55434782608696,0.0,100.0,56,56,50,6,6,0,1.0,159.89453125,0,0,0,0,0,40933,256,442,0,50,220.6131221719457,42,100.0
naive,naive,none,fidelity,False,True,16,iid,0.1,2,s015,2,26.25,22.1195652173913,2.0,94.5,56,55,49,6,6,0,0.98,51.6171875,0,0,0,0,0,13214,256,105,0,50,53.2,6,
naive,naive,none,fidelity,False,True,16,iid,0.1,2,s015,3,23.5,17.445652173913043,0.0,100.0,56,56,50,6,6,0,1.0,74.72265625,0,0,0,0,0,19129,256,161,0,50,80.78260869565217,12,
naive,naive,none,fidelity,False,True,16,iid,0.1,2,s015,4,24.75,25.380434782608692,0.0,99.5,56,56,50,6,6,0,1.0,89.83203125,0,0,0,0,0,22997,256,217,0,50,108.58064516129032,18,
naive,naive,none,fidelity,False,True,16,iid,0.1,2,s015,5,36.0,36.141304347826086,0.0,100.0,56,56,50,6,6,0,1.0,112.953125,0,0,0,0,0,28916,256,273,0,50,136.46153846153845,24,
naive,naive,none,fidelity,False,True,16,iid,0.1,2,s015,6,32.99999999999999,22.1195652173913,0.0,100.0,56,56,50,6,6,0,1.0,132.515625,0,0,0,0,0,33924,256,329,0,50,164.38297872340425,30,
naive,naive,none,fidelity,False,True,16,iid,0.1,2,s015,7,31.75,28.967391304347828,0.0,100.0,56,56,50,6,6,0,1.0,144.20703125,0,0,0,0,0,36917,256,385,0,50,192.3272727272727,36,
naive,naive,none,fidelity,False,True,16,iid,0.1,2,s015,8,33.75,28.967391304347828,0.0,100.0,56,56,50,6,6,0,1.0,159.72265625,0,0,0,0,0,40889,256,441,0,50,220.28571428571428,42,100.0
window,window,none,fidelity,False,True,16,iid,0.1,0,s015,2,29.75,12.771739130434783,22.0,54.0,56,43,39,4,6,0,0.78,12.3203125,0,0,0,0,0,3154,256,16,0,0,9.125,2,
window,window,none,fidelity,False,True,16,iid,0.1,0,s015,3,21.75,6.847826086956524,2.0,61.5,56,51,49,2,6,0,0.98,12.2578125,0,0,0,0,0,3138,256,16,0,0,7.5,1,
window,window,none,fidelity,False,True,16,iid,0.1,0,s015,4,22.5,12.771739130434783,4.0,55.50000000000001,56,49,48,1,6,0,0.96,12.37109375,0,0,0,0,0,3167,256,16,0,0,9.3125,0,
window,window,none,fidelity,False,True,16,iid,0.1,0,s015,5,36.25,18.695652173913043,12.0,76.0,56,48,44,4,6,0,0.88,14.29296875,0,0,0,0,0,3659,256,16,0,0,10.6875,1,
window,window,none,fidelity,False,True,16,iid,0.1,0,s015,6,30.000000000000004,15.108695652173914,12.0,69.0,56,48,44,4,6,0,0.88,12.58984375,0,0,0,0,0,3223,256,16,0,0,9.125,1,
window,window,none,fidelity,False,True,16,iid,0.1,0,s015,7,27.500000000000004,10.760869565217387,4.0,72.0,56,51,48,3,6,0,0.96,14.02734375,0,0,0,0,0,3591,256,16,0,0,7.9375,1,
window,window,none,fidelity,False,True,16,iid,0.1,0,s015,8,28.75,16.358695652173914,10.0,62.0,56,50,45,5,6,0,0.9,12.1484375,0,0,0,0,0,3110,256,16,0,0,7.5,2,30.0
window,window,none,fidelity,False,True,16,iid,0.1,1,s015,2,30.25,16.358695652173914,20.0,57.99999999999999,56,42,40,2,6,0,0.8,12.59765625,0,0,0,0,0,3225,256,16,0,0,9.0,0,
window,window,none,fidelity,False,True,16,iid,0.1,1,s015,3,22.25,9.347826086956523,8.0,60.5,56,49,46,3,6,0,0.92,12.41015625,0,0,0,0,0,3177,256,16,0,0,8.375,1,
window,window,none,fidelity,False,True,16,iid,0.1,1,s015,4,22.5,9.347826086956523,2.0,64.5,56,53,49,4,6,0,0.98,12.55078125,0,0,0,0,0,3213,256,16,0,0,7.5,2,
window,window,none,fidelity,False,True,16,iid,0.1,1,s015,5,34.5,25.543478260869566,10.0,72.0,56,51,45,6,6,0,0.9,14.2734375,0,0,0,0,0,3654,256,16,0,0,8.625,3,
window,window,none,fidelity,False,True,16,iid,0.1,1,s015,6,31.499999999999996,26.79347826086957,12.0,66.0,56,49,44,5,6,0,0.88,12.78125,0,0,0,0,0,3272,256,16,0,0,9.5,1,
window,window,none,fidelity,False,True,16,iid,0.1,1,s015,7,31.75,13.858695652173914,4.0,73.5,56,53,48,5,6,0,0.96,14.22265625,0,0,0,0,0,3641,256,16,0,0,7.5,2,
window,window,none,fidelity,False,True,16,iid,0.1,1,s015,8,26.5,8.42391304347826,10.0,67.5,56,50,45,5,6,0,0.9,12.34765625,0,0,0,0,0,3161,256,16,0,0,7.875,1,78.0
window,window,none,fidelity,False,True,16,iid,0.1,2,s015,2,26.25,15.108695652173914,16.0,63.0,56,46,42,4,6,0,0.84,12.76953125,0,0,0,0,0,3269,256,16,0,0,8.0625,1,
window,window,none,fidelity,False,True,16,iid,0.1,2,s015,3,22.0,10.434782608695654,8.0,66.0,56,51,46,5,6,0,0.92,12.52734375,0,0,0,0,0,3207,256,16,0,0,7.625,2,
window,window,none,fidelity,False,True,16,iid,0.1,2,s015,4,21.5,16.195652173913043,2.0,65.5,56,53,49,4,6,0,0.98,12.23828125,0,0,0,0,0,3133,256,16,0,0,7.5,2,
window,window,none,fidelity,False,True,16,iid,0.1,2,s015,5,33.25,16.195652173913043,12.0,72.0,56,48,44,4,6,0,0.88,13.84375,0,0,0,0,0,3544,256,16,0,0,10.625,1,
window,window,none,fidelity,False,True,16,iid,0.1,2,s015,6,28.75,18.53260869565217,10.0,73.0,56,50,45,5,6,0,0.9,12.78515625,0,0,0,0,0,3273,256,16,0,0,8.4375,2,
window,window,none,fidelity,False,True,16,iid,0.1,2,s015,7,25.5,16.195652173913043,2.0,72.0,56,55,49,6,6,0,0.98,14.296875,0,0,0,0,0,3660,256,16,0,0,7.5,4,
window,window,none,fidelity,False,True,16,iid,0.1,2,s015,8,22.5,13.858695652173914,8.0,71.0,56,50,46,4,6,0,0.92,12.1328125,0,0,0,0,0,3106,256,16,0,0,7.5,3,76.0
aeqkad,window,full,fidelity,False,True,16,iid,0.1,0,s015,2,28.75,16.358695652173914,16.0,53.0,56,37,35,2,6,0,0.7,11.61328125,46,8,0,0,1,2973,256,16,0,0,12.0625,1,
aeqkad,window,full,fidelity,False,True,16,iid,0.1,0,s015,3,23.5,6.847826086956524,8.0,51.0,56,41,41,0,6,0,0.82,11.015625,47,6,0,0,0,2820,256,16,0,0,9.0625,0,
aeqkad,window,full,fidelity,False,True,16,iid,0.1,0,s015,4,28.500000000000004,12.608695652173912,8.0,48.5,56,37,37,0,6,0,0.74,10.59765625,46,8,0,0,1,2713,256,16,0,0,17.8125,0,
aeqkad,window,full,fidelity,False,True,16,iid,0.1,0,s015,5,35.0,17.445652173913043,14.000000000000002,66.5,56,42,40,2,6,0,0.8,13.13671875,47,4,0,0,1,3363,256,16,0,0,11.625,0,
aeqkad,window,full,fidelity,False,True,16,iid,0.1,0,s015,6,28.000000000000004,10.434782608695654,10.0,65.5,56,41,39,2,6,0,0.78,11.5546875,49,6,0,0,2,2958,256,16,0,0,10.5625,1,
aeqkad,window,full,fidelity,False,True,16,iid,0.1,0,s015,7,27.750000000000004,12.934782608695656,2.0,69.5,56,47,44,3,6,0,0.88,13.77734375,52,4,1,0,1,3527,256,16,0,0,9.625,1,
aeqkad,window,full,fidelity,False,True,16,iid,0.1,0,s015,8,26.0,11.684782608695654,16.0,53.5,56,37,36,1,6,0,0.72,9.25,46,7,0,0,2,2368,256,16,0,0,14.0,1,12.0
aeqkad,window,full,fidelity,False,True,16,iid,0.1,1,s015,2,29.75,15.108695652173914,16.0,60.0,56,37,37,0,6,0,0.74,11.7890625,44,3,14,0,4,3018,256,16,0,0,11.4375,0,
aeqkad,window,full,fidelity,False,True,16,iid,0.1,1,s015,3,24.0,10.434782608695654,8.0,52.0,56,41,41,0,6,0,0.82,10.90234375,48,6,16,0,1,2791,256,16,0,0,9.5,0,
aeqkad,window,full,fidelity,False,True,16,iid,0.1,1,s015,4,28.75,18.858695652173918,8.0,53.5,56,38,37,1,6,0,0.74,10.72265625,50,8,14,0,4,2745,256,16,0,0,15.5,1,
aeqkad,window,full,fidelity,False,True,16,iid,0.1,1,s015,5,30.000000000000004,15.434782608695654,12.0,65.0,56,41,39,2,6,0,0.78,13.23046875,50,6,17,0,3,3387,256,16,0,0,11.6875,1,
aeqkad,window,full,fidelity,False,True,16,iid,0.1,1,s015,6,31.500000000000007,20.869565217391305,8.0,62.5,56,42,39,3,6,0,0.78,11.8515625,51,6,20,0,3,3034,256,16,0,0,10.5,1,
aeqkad,window,full,fidelity,False,True,16,iid,0.1,1,s015,7,27.250000000000004,11.684782608695654,2.0,68.5,56,46,45,1,6,0,0.9,13.80078125,53,5,20,0,2,3533,256,16,0,0,10.5,0,
aeqkad,window,full,fidelity,False,True,16,iid,0.1,1,s015,8,27.500000000000004,8.42391304347826,20.0,56.00000000000001,56,37,36,1,6,0,0.72,9.62890625,45,6,17,0,2,2465,256,16,0,0,14.125,0,56.00000000000001
aeqkad,window,full,fidelity,False,True,16,iid,0.1,2,s015,2,24.25,18.53260869565217,18.0,57.99999999999999,56,37,36,1,6,0,0.72,11.49609375,43,4,0,0,2,2943,256,16,0,0,12.75,1,
aeqkad,window,full,fidelity,False,True,16,iid,0.1,2,s015,3,23.5,10.434782608695654,8.0,56.49999999999999,56,43,41,2,6,0,0.82,11.125,50,6,0,0,1,2848,256,16,0,0,8.5,2,
aeqkad,window,full,fidelity,False,True,16,iid,0.1,2,s015,4,30.5,15.108695652173914,6.0,56.99999999999999,56,38,37,1,6,0,0.74,10.82421875,48,10,0,0,0,2771,256,16,0,0,15.8125,1,
aeqkad,window,full,fidelity,False,True,16,iid,0.1,2,s015,5,30.75,12.934782608695656,14.000000000000002,61.0,56,42,39,3,6,0,0.78,12.84375,47,5,0,0,0,3288,256,16,0,0,12.375,1,
aeqkad,window,full,fidelity,False,True,16,iid,0.1,2,s015,6,28.75,20.869565217391305,10.0,66.0,56,41,39,2,6,0,0.78,11.52734375,48,7,0,0,0,2951,256,16,0,0,10.5,1,
aeqkad,window,full,fidelity,False,True,16,iid,0.1,2,s015,7,27.25,17.445652173913043,2.0,68.5,56,49,45,4,6,0,0.9,13.99609375,55,5,1,0,1,3583,256,16,0,0,9.375,3,
aeqkad,window,full,fidelity,False,True,16,iid,0.1,2,s015,8,32.5,10.434782608695654,14.000000000000002,59.0,56,36,35,1,6,0,0.7,9.85546875,46,9,0,0,1,2523,256,16,0,0,16.6875,1,2.0
mm,mm,full,fidelity,False,True,16,iid,0.1,0,s015,2,29.000000000000004,9.510869565217387,6.0,87.0,56,36,34,2,6,0,0.68,16.0,52,8,2,0,8,4096,256,16,1,16,81.875,0,
mm,mm,full,fidelity,False,True,16,iid,0.1,0,s015,3,28.25,27.8804347826087,6.0,84.5,56,39,39,0,6,0,0.78,15.94921875,51,10,0,0,2,4083,256,16,1,5,45.625,0,
mm,mm,full,fidelity,False,True,16,iid,0.1,0,s015,4,21.5,16.358695652173914,4.0,60.0,56,37,37,0,6,0,0.74,15.375,49,5,0,0,7,3936,256,16,1,1,51.9375,0,
mm,mm,full,fidelity,False,True,16,iid,0.1,0,s015,5,34.5,21.956521739130437,8.0,74.5,56,43,40,3,6,0,0.8,15.94921875,52,7,0,0,2,4083,256,16,1,1,65.1875,3,
mm,mm,full,fidelity,False,True,16,iid,0.1,0,s015,6,30.500000000000004,23.20652173913043,10.0,68.5,56,41,39,2,6,0,0.78,15.9765625,49,4,0,0,4,4090,256,16,1,1,62.25,2,
mm,mm,full,fidelity,False,True,16,iid,0.1,0,s015,7,25.5,10.760869565217387,2.0,75.0,56,49,46,3,6,0,0.92,16.0,53,1,2,0,3,4096,256,16,1,1,51.6875,2,
mm,mm,full,fidelity,False,True,16,iid,0.1,0,s015,8,29.500000000000004,22.1195652173913,2.0,79.5,56,38,36,2,6,0,0.72,16.0,54,8,1,0,8,4096,256,16,1,1,84.1875,3,50.0
mm,mm,full,fidelity,False,True,16,iid,0.1,1,s015,2,25.75,15.108695652173914,4.0,83.0,56,35,35,0,6,0,0.7,16.0,53,12,28,0,6,4096,256,16,1,15,81.3125,0,
mm,mm,full,fidelity,False,True,16,iid,0.1,1,s015,3,25.5,18.858695652173918,4.0,85.5,56,41,41,0,6,0,0.82,15.94921875,52,7,22,0,4,4083,256,16,1,4,46.4375,0,
mm,mm,full,fidelity,False,True,16,iid,0.1,1,s015,4,24.5,17.608695652173914,2.0,69.5,56,40,39,1,6,0,0.78,15.51953125,53,3,16,0,10,3973,256,16,1,1,49.5,0,
mm,mm,full,fidelity,False,True,16,iid,0.1,1,s015,5,30.000000000000004,27.717391304347828,10.0,77.0,56,42,40,2,6,0,0.8,15.875,51,3,27,0,6,4064,256,16,1,1,53.0,1,
mm,mm,full,fidelity,False,True,16,iid,0.1,1,s015,6,29.75,19.78260869565217,6.0,74.0,56,46,42,4,6,0,0.84,15.99609375,52,2,29,0,4,4095,256,16,1,1,55.125,1,
mm,mm,full,fidelity,False,True,16,iid,0.1,1,s015,7,21.5,10.434782608695654,0.0,77.0,56,47,46,1,6,0,0.92,15.94921875,55,5,32,0,3,4083,256,16,1,1,56.4375,0,
mm,mm,full,fidelity,False,True,16,iid,0.1,1,s015,8,26.0,22.1195652173913,2.0,80.5,56,38,37,1,6,0,0.74,15.703125,54,7,29,0,9,4020,256,16,1,1,73.625,0,82.0
mm,mm,full,fidelity,False,True,16,iid,0.1,2,s015,2,28.000000000000004,19.6195652173913,4.0,88.5,56,37,36,1,6,0,0.72,16.0,54,11,3,0,6,4096,256,16,1,15,76.3125,0,
mm,mm,full,fidelity,False,True,16,iid,0.1,2,s015,3,27.750000000000004,28.967391304347828,4.0,87.0,56,41,39,2,6,0,0.78,15.7578125,53,10,1,0,2,4034,256,16,1,4,41.625,1,
mm,mm,full,fidelity,False,True,16,iid,0.1,2,s015,4,23.5,15.108695652173914,2.0,66.5,56,40,39,1,6,0,0.78,14.59375,52,5,0,0,7,3736,256,16,1,1,52.3125,0,
mm,mm,full,fidelity,False,True,16,iid,0.1,2,s015,5,28.25,11.684782608695654,8.0,75.0,56,45,42,3,6,0,0.84,15.9765625,50,4,2,0,1,4090,256,16,1,1,63.5625,1,
mm,mm,full,fidelity,False,True,16,iid,0.1,2,s015,6,29.75,19.78260869565217,6.0,81.0,56,48,45,3,6,0,0.9,16.0,52,3,3,0,1,4096,256,16,1,1,61.125,2,
mm,mm,full,fidelity,False,True,16,iid,0.1,2,s015,7,25.25,14.021739130434783,2.0,84.0,56,50,46,4,6,0,0.92,16.0,54,2,1,0,2,4096,256,16,1,1,62.6875,2,
mm,mm,full,fidelity,False,True,16,iid,0.1,2,s015,8,28.000000000000004,24.293478260869566,2.0,85.0,56,38,37,1,6,0,0.74,15.8515625,53,8,2,0,7,4058,256,16,1,1,73.25,0,64.0
static,static,none,fidelity,False,True,16,iid,0.1,0,s016,2,5.250000000000003,0.0,6.0,43.0,56,0,0,0,6,0,0.0,45.0,0,0,0,0,0,11520,256,50,0,50,81.5,0,
static,static,none,fidelity,False,True,16,iid,0.1,0,s016,3,15.500000000000004,9.347826086956523,10.0,43.0,56,0,0,0,6,0,0.0,45.0,0,0,0,0,0,11520,256,50,0,50,137.5,0,
static,static,none,fidelity,False,True,16,iid,0.1,0,s016,4,23.75,8.097826086956525,18.0,34.0,56,0,0,0,6,0,0.0,45.0,0,0,0,0,0,11520,256,50,0,50,193.5,0,
static,static,none,fidelity,False,True,16,iid,0.1,0,s016,5,20.25,5.923913043478259,12.0,40.5,56,0,0,0,6,0,0.0,45.0,0,0,0,0,0,11520,256,50,0,50,249.5,0,
static,static,none,fidelity,False,True,16,iid,0.1,0,s016,6,17.250000000000004,7.934782608695653,12.0,33.5,56,0,0,0,6,0,0.0,45.0,0,0,0,0,0,11520,256,50,0,50,305.5,0,
static,static,none,fidelity,False,True,16,iid,0.1,0,s016,7,64.5,50.0,76.0,39.0,56,0,0,0,6,0,0.0,45.0,0,0,0,0,0,11520,256,50,0,50,361.5,0,
static,static,none,fidelity,False,True,16,iid,0.1,0,s016,8,49.75,40.65217391304348,54.0,30.5,56,0,0,0,6,0,0.0,45.0,0,0,0,0,0,11520,256,50,0,50,417.5,0,52.0
static,static,none,fidelity,False,True,16,iid,0.1,1,s016,2,8.249999999999998,0.0,4.0,48.5,56,0,0,0,6,0,0.0,45.0,0,0,0,0,0,11520,256,50,0,50,81.5,0,
static,static,none,fidelity,False,True,16,iid,0.1,1,s016,3,16.250000000000004,9.184782608695654,8.0,47.5,56,0,0,0,6,0,0.0,45.0,0,0,0,0,0,11520,256,50,0,50,137.5,0,
static,static,none,fidelity,False,True,16,iid,0.1,1,s016,4,28.000000000000004,10.434782608695654,12.0,42.0,56,0,0,0,6,0,0.0,45.0,0,0,0,0,0,11520,256,50,0,50,193.5,0,
static,static,none,fidelity,False,True,16,iid,0.1,1,s016,5,20.0,4.67391304347826,8.0,47.5,56,0,0,0,6,0,0.0,45.0,0,0,0,0,0,11520,256,50,0,50,249.5,0,
static,static,none,fidelity,False,True,16,iid,0.1,1,s016,6,18.000000000000004,10.434782608695654,10.0,36.5,56,0,0,0,6,0,0.0,45.0,0,0,0,0,0,11520,256,50,0,50,305.5,0,
static,static,none,fidelity,False,True,16,iid,0.1,1,s016,7,62.25000000000001,47.66304347826087,68.0,42.0,56,0,0,0,6,0,0.0,45.0,0,0,0,0,0,11520,256,50,0,50,361.5,0,
static,static,none,fidelity,False,True,16,iid,0.1,1,s016,8,51.5,41.90217391304347,48.0,39.5,56,0,0,0,6,0,0.0,45.0,0,0,0,0,0,11520,256,50,0,50,417.5,0,4.0
static,static,none,fidelity,False,True,16,iid,0.1,2,s016,2,5.250000000000003,0.0,6.0,32.0,56,0,0,0,6,0,0.0,46.0,0,0,0,0,0,11776,256,50,0,50,81.5,0,
static,static,none,fidelity,False,True,16,iid,0.1,2,s016,3,18.000000000000004,3.58695652173913,12.0,34.0,56,0,0,0,6,0,0.0,46.0,0,0,0,0,0,11776,256,50,0,50,137.5,0,
static,static,none,fidelity,False,True,16,iid,0.1,2,s016,4,25.75,14.945652173913045,22.0,28.000000000000004,56,0,0,0,6,0,0.0,46.0,0,0,0,0,0,11776,256,50,0,50,193.5,0,
static,static,none,fidelity,False,True,16,iid,0.1,2,s016,5,17.750000000000004,5.923913043478259,16.0,28.000000000000004,56,0,0,0,6,0,0.0,46.0,0,0,0,0,0,11776,256,50,0,50,249.5,0,
static,static,none,fidelity,False,True,16,iid,0.1,2,s016,6,19.5,14.021739130434783,14.000000000000002,25.0,56,0,0,0,6,0,0.0,46.0,0,0,0,0,0,11776,256,50,0,50,305.5,0,
static,static,none,fidelity,False,True,16,iid,0.1,2,s016,7,62.25000000000001,52.33695652173913,76.0,24.5,56,0,0,0,6,0,0.0,46.0,0,0,0,0,0,11776,256,50,0,50,361.5,0,
static,static,none,fidelity,False,True,16,iid,0.1,2,s016,8,52.25,41.73913043478261,62.0,29.5,56,0,0,0,6,0,0.0,46.0,0,0,0,0,0,11776,256,50,0,50,417.5,0,68.0
naive,naive,none,fidelity,False,True,16,iid,0.1,0,s016,2,9.0,4.67391304347826,4.0,58.5,56,53,48,5,6,0,0.96,55.8125,0,0,0,0,0,14288,256,103,0,50,53.18446601941748,5,
naive,naive,none,fidelity,False,True,16,iid,0.1,0,s016,3,19.75,16.358695652173914,6.0,85.5,56,52,47,5,6,0,0.94,84.125,0,0,0,0,0,21536,256,155,0,50,81.29032258064517,10,
naive,naive,none,fidelity,False,True,16,iid,0.1,0,s016,4,29.500000000000004,19.78260869565217,0.0,94.0,56,56,50,6,6,0,1.0,118.1796875,0,0,0,0,0,30254,256,211,0,50,108.15165876777252,16,
naive,naive,none,fidelity,False,True,16,iid,0.1,0,s016,5,28.000000000000004,24.456521739130437,0.0,99.0,56,56,50,6,6,0,1.0,147.81640625,0,0,0,0,0,37841,256,267,0,50,135.49063670411985,22,
naive,naive,none,fidelity,False,True,16,iid,0.1,0,s016,6,28.25,19.78260869565217,2.0,100.0,56,55,49,6,6,0,0.98,171.73046875,0,0,0,0,0,43963,256,322,0,50,163.41925465838509,28,
naive,naive,none,fidelity,False,True,16,iid,0.1,0,s016,7,31.25,34.891304347826086,2.0,100.0,56,55,49,6,6,0,0.98,197.28515625,0,0,0,0,0,50505,256,377,0,50,191.395225464191,34,
naive,naive,none,fidelity,False,True,16,iid,0.1,0,s016,8,34.0,25.543478260869566,0.0,99.5,56,56,50,6,6,0,1.0,216.5859375,0,0,0,0,0,55446,256,433,0,50,218.95612009237877,40,100.0
naive,naive,none,fidelity,False,True,16,iid,0.1,1,s016,2,8.75,0.0,4.0,75.5,56,53,48,5,6,0,0.96,56.2265625,0,0,0,0,0,14394,256,103,0,50,53.51456310679612,5,
naive,naive,none,fidelity,False,True,16,iid,0.1,1,s016,3,25.5,17.445652173913043,4.0,86.0,56,54,48,6,6,0,0.96,86.2421875,0,0,0,0,0,22078,256,157,0,50,80.97452229299363,11,
naive,naive,none,fidelity,False,True,16,iid,0.1,1,s016,4,34.5,19.78260869565217,0.0,99.0,56,56,50,6,6,0,1.0,117.34765625,0,0,0,0,0,30041,256,213,0,50,108.1924882629108,17,
naive,naive,none,fidelity,False,True,16,iid,0.1,1,s016,5,33.75,32.55434782608696,0.0,99.0,56,56,50,6,6,0,1.0,147.55859375,0,0,0,0,0,37775,256,269,0,50,135.73605947955392,23,
naive,naive,none,fidelity,False,True,16,iid,0.1,1,s016,6,26.75,25.543478260869566,0.0,100.0,56,56,50,6,6,0,1.0,178.17578125,0,0,0,0,0,45613,256,325,0,50,163.43692307692308,29,
naive,naive,none,fidelity,False,True,16,iid,0.1,1,s016,7,30.25,23.3695652173913,0.0,100.0,56,56,50,6,6,0,1.0,198.68359375,0,0,0,0,0,50863,256,381,0,50,191.2257217847769,35,
naive,naive,none,fidelity,False,True,16,iid,0.1,1,s016,8,34.25,25.543478260869566,0.0,100.0,56,56,50,6,6,0,1.0,217.4609375,0,0,0,0,0,55670,256,437,0,50,219.0686498855835,41,100.0
naive,naive,none,fidelity,False,True,16,iid,0.1,2,s016,2,6.250000000000003,3.423913043478259,6.0,44.0,56,48,47,1,6,0,0.94,53.48046875,0,0,0,0,0,13691,256,98,0,50,54.255102040816325,1,
naive,naive,none,fidelity,False,True,16,iid,0.1,2,s016,3,19.25,12.771739130434783,6.0,74.0,56,53,47,6,6,0,0.94,80.58203125,0,0,0,0,0,20629,256,151,0,50,80.72847682119205,7,
naive,naive,none,fidelity,False,True,16,iid,0.1,2,s016,4,31.499999999999996,19.78260869565217,2.0,89.5,56,55,49,6,6,0,0.98,113.87890625,0,0,0,0,0,29153,256,206,0,50,107.51456310679612,13,
naive,naive,none,fidelity,False,True,16,iid,0.1,2,s016,5,26.25,24.456521739130437,0.0,98.0,56,56,50,6,6,0,1.0,144.65625,0,0,0,0,0,37032,256,262,0,50,134.44274809160305,19,
naive,naive,none,fidelity,False,True,16,iid,0.1,2,s016,6,28.500000000000004,26.6304347826087,6.0,99.0,56,53,47,6,6,0,0.94,170.1484375,0,0,0,0,0,43558,256,315,0,50,162.93968253968254,25,
naive,naive,none,fidelity,False,True,16,iid,0.1,2,s016,7,38.0,39.40217391304348,0.0,100.0,56,56,50,6,6,0,1.0,188.875,0,0,0,0,0,48352,256,371,0,50,190.0431266846361,31,
naive,naive,none,fidelity,False,True,16,iid,0.1,2,s016,8,30.25,26.79347826086957,0.0,100.0,56,56,50,6,6,0,1.0,209.29296875,0,0,0,0,0,53579,256,427,0,50,217.38173302107728,37,98.0
window,window,none,fidelity,False,True,16,iid,0.1,0,s016,2,14.000000000000002,7.01086956521739,4.0,41.0,56,52,48,4,6,0,0.96,13.2265625,0,0,0,0,0,3386,256,16,0,0,7.5,0,
window,window,none,fidelity,False,True,16,iid,0.1,0,s016,3,24.0,14.184782608695654,14.000000000000002,40.5,56,46,43,3,6,0,0.86,13.8828125,0,0,0,0,0,3554,256,16,0,0,7.5,0,
window,window,none,fidelity,False,True,16,iid,0.1,0,s016,4,35.5,17.445652173913043,14.000000000000002,65.0,56,49,43,6,6,0,0.86,15.55078125,0,0,0,0,0,3981,256,16,0,0,7.5625,1,
window,window,none,fidelity,False,True,16,iid,0.1,0,s016,5,19.5,1.25,12.0,54.0,56,45,44,1,6,0,0.88,14.23046875,0,0,0,0,0,3643,256,16,0,0,8.4375,0,
window,window,none,fidelity,False,True,16,iid,0.1,0,s016,6,28.25,11.684782608695654,10.0,66.5,56,50,45,5,6,0,0.9,14.2265625,0,0,0,0,0,3642,256,16,0,0,8.125,3,
window,window,none,fidelity,False,True,16,iid,0.1,0,s016,7,22.5,15.108695652173914,8.0,78.5,56,51,46,5,6,0,0.92,11.98828125,0,0,0,0,0,3069,256,16,0,0,8.5,2,
window,window,none,fidelity,False,True,16,iid,0.1,0,s016,8,24.75,12.771739130434783,10.0,61.0,56,50,45,5,6,0,0.9,12.51953125,0,0,0,0,0,3205,256,16,0,0,7.875,1,18.0
window,window,none,fidelity,False,True,16,iid,0.1,1,s016,2,9.749999999999998,0.0,8.0,22.0,56,47,46,1,6,0,0.92,12.65625,0,0,0,0,0,3240,256,16,0,0,8.875,0,
window,window,none,fidelity,False,True,16,iid,0.1,1,s016,3,28.500000000000004,15.108695652173914,22.0,46.0,56,41,39,2,6,0,0.78,13.4296875,0,0,0,0,0,3438,256,16,0,0,9.25,1,
window,window,none,fidelity,False,True,16,iid,0.1,1,s016,4,35.25,14.021739130434783,26.0,47.0,56,39,37,2,6,0,0.74,15.3125,0,0,0,0,0,3920,256,16,0,0,11.0625,1,
window,window,none,fidelity,False,True,16,iid,0.1,1,s016,5,15.250000000000002,5.760869565217389,16.0,41.5,56,44,42,2,6,0,0.84,14.18359375,0,0,0,0,0,3631,256,16,0,0,9.9375,0,
window,window,none,fidelity,False,True,16,iid,0.1,1,s016,6,27.250000000000004,17.445652173913043,12.0,56.00000000000001,56,48,44,4,6,0,0.88,13.89453125,0,0,0,0,0,3557,256,16,0,0,7.5,0,
window,window,none,fidelity,False,True,16,iid,0.1,1,s016,7,39.75,41.90217391304347,38.0,50.5,56,35,31,4,6,0,0.62,11.4375,0,0,0,0,0,2928,256,16,0,0,9.0,3,
window,window,none,fidelity,False,True,16,iid,0.1,1,s016,8,28.75,15.108695652173914,12.0,59.5,56,46,44,2,6,0,0.88,12.73828125,0,0,0,0,0,3261,256,16,0,0,9.3125,1,42.0
window,window,none,fidelity,False,True,16,iid,0.1,2,s016,2,10.0,0.0,4.0,37.5,56,49,48,1,6,0,0.96,12.828125,0,0,0,0,0,3284,256,16,0,0,7.5,0,
window,window,none,fidelity,False,True,16,iid,0.1,2,s016,3,27.750000000000004,12.771739130434783,16.0,55.50000000000001,56,45,42,3,6,0,0.84,13.83203125,0,0,0,0,0,3541,256,16,0,0,7.5,0,
window,window,none,fidelity,False,True,16,iid,0.1,2,s016,4,30.25,14.021739130434783,20.0,55.50000000000001,56,43,40,3,6,0,0.8,15.375,0,0,0,0,0,3936,256,16,0,0,8.5,2,
window,window,none,fidelity,False,True,16,iid,0.1,2,s016,5,20.0,7.17391304347826,14.000000000000002,66.5,56,46,43,3,6,0,0.86,14.45703125,0,0,0,0,0,3701,256,16,0,0,8.4375,1,
window,window,none,fidelity,False,True,16,iid,0.1,2,s016,6,28.000000000000004,6.847826086956524,12.0,73.5,56,47,44,3,6,0,0.88,13.9140625,0,0,0,0,0,3562,256,16,0,0,7.625,0,
window,window,none,fidelity,False,True,16,iid,0.1,2,s016,7,33.5,32.55434782608696,26.0,66.0,56,41,37,4,6,0,0.74,11.42578125,0,0,0,0,0,2925,256,16,0,0,8.625,2,
window,window,none,fidelity,False,True,16,iid,0.1,2,s016,8,29.75,14.021739130434783,6.0,73.5,56,51,47,4,6,0,0.94,13.2578125,0,0,0,0,0,3394,256,16,0,0,7.8125,0,16.0
aeqkad,window,full,fidelity,False,True,16,iid,0.1,0,s016,2,10.999999999999998,0.0,4.0,27.0,56,42,42,0,6,0,0.84,12.48046875,51,6,14,0,3,3195,256,16,0,0,11.0,0,
aeqkad,window,full,fidelity,False,True,16,iid,0.1,0,s016,3,28.500000000000004,15.108695652173914,28.000000000000004,29.5,56,15,15,0,6,0,0.3,11.4921875,38,10,2,0,13,2942,256,16,0,0,19.1875,0,
aeqkad,window,full,fidelity,False,True,16,iid,0.1,0,s016,4,30.000000000000004,11.684782608695654,26.0,38.5,56,23,22,1,6,0,0.44,13.78125,39,13,6,0,3,3528,256,16,0,0,17.4375,1,
aeqkad,window,full,fidelity,False,True,16,iid,0.1,0,s016,5,17.000000000000004,1.25,12.0,46.0,56,39,39,0,6,0,0.78,13.82421875,46,6,10,0,1,3539,256,16,0,0,10.3125,0,
aeqkad,window,full,fidelity,False,True,16,iid,0.1,0,s016,6,22.0,7.01086956521739,14.000000000000002,35.5,56,29,29,0,6,0,0.58,11.5078125,46,10,6,0,7,2946,256,16,0,0,11.0625,0,
aeqkad,window,full,fidelity,False,True,16,iid,0.1,0,s016,7,63.0,57.01086956521739,88.0,37.5,56,2,2,0,6,0,0.04,9.328125,7,1,0,0,4,2388,256,16,0,0,61.9375,0,
aeqkad,window,full,fidelity,False,True,16,iid,0.1,0,s016,8,61.5,55.7608695652174,62.0,44.5,56,9,9,0,6,0,0.18,10.140625,21,7,3,0,5,2596,256,16,0,0,50.5,0,16.0
aeqkad,window,full,fidelity,False,True,16,iid,0.1,1,s016,2,9.0,0.0,8.0,23.5,56,41,41,0,6,0,0.82,12.0625,47,2,27,0,4,3088,256,16,0,0,13.125,0,
aeqkad,window,full,fidelity,False,True,16,iid,0.1,1,s016,3,27.750000000000004,12.771739130434783,32.0,19.0,56,15,15,0,6,0,0.3,10.6875,34,8,4,0,11,2736,256,16,0,0,20.0625,0,
aeqkad,window,full,fidelity,False,True,16,iid,0.1,1,s016,4,29.75,13.858695652173914,32.0,29.0,56,21,21,0,6,0,0.42,13.6171875,36,11,12,0,4,3486,256,16,0,0,21.125,0,
aeqkad,window,full,fidelity,False,True,16,iid,0.1,1,s016,5,21.5,2.33695652173913,14.000000000000002,34.5,56,33,33,0,6,0,0.66,13.29296875,43,5,19,0,5,3403,256,16,0,0,11.625,0,
aeqkad,window,full,fidelity,False,True,16,iid,0.1,1,s016,6,22.5,7.01086956521739,16.0,31.5,56,30,30,0,6,0,0.6,11.328125,44,9,20,0,5,2900,256,16,0,0,8.3125,0,
aeqkad,window,full,fidelity,False,True,16,iid,0.1,1,s016,7,61.25000000000001,55.92391304347826,88.0,28.5,56,2,2,0,6,0,0.04,10.60546875,9,4,0,0,3,2715,256,16,0,0,60.0,0,
aeqkad,window,full,fidelity,False,True,16,iid,0.1,1,s016,8,58.25,57.01086956521739,68.0,40.0,56,9,9,0,6,0,0.18,10.3359375,18,5,4,0,4,2646,256,16,0,0,50.6875,0,6.0
aeqkad,window,full,fidelity,False,True,16,iid,0.1,2,s016,2,9.749999999999998,0.0,4.0,32.0,56,41,41,0,6,0,0.82,12.1328125,49,5,0,0,3,3106,256,16,0,0,10.8125,0,
aeqkad,window,full,fidelity,False,True,16,iid,0.1,2,s016,3,30.000000000000004,12.771739130434783,30.0,31.5,56,19,19,0,6,0,0.38,11.21875,38,15,0,0,4,2872,256,16,0,0,13.625,0,
aeqkad,window,full,fidelity,False,True,16,iid,0.1,2,s016,4,31.25,13.858695652173914,30.0,49.5,56,22,22,0,6,0,0.44,14.30078125,36,12,0,0,2,3661,256,16,0,0,19.25,0,
aeqkad,window,full,fidelity,False,True,16,iid,0.1,2,s016,5,20.25,0.0,10.0,51.5,56,32,32,0,6,0,0.64,13.1796875,47,11,0,0,4,3374,256,16,0,0,11.0625,0,
aeqkad,window,full,fidelity,False,True,16,iid,0.1,2,s016,6,22.25,10.434782608695654,14.000000000000002,44.0,56,29,29,0,6,0,0.58,11.40625,45,13,0,0,3,2920,256,16,0,0,9.25,0,
aeqkad,window,full,fidelity,False,True,16,iid,0.1,2,s016,7,58.25,46.25,88.0,32.0,56,2,2,0,6,0,0.04,9.0078125,7,2,0,0,3,2306,256,16,0,0,60.375,0,
aeqkad,window,full,fidelity,False,True,16,iid,0.1,2,s016,8,56.49999999999999,58.26086956521739,62.0,52.0,56,9,9,0,6,0,0.18,9.29296875,23,10,0,0,4,2379,256,16,0,0,49.875,0,28.000000000000004
mm,mm,full,fidelity,False,True,16,iid,0.1,0,s016,2,16.500000000000004,3.58695652173913,6.0,55.00000000000001,56,35,34,1,6,0,0.68,16.0,51,14,6,0,2,4096,256,16,1,16,79.125,0,
mm,mm,full,fidelity,False,True,16,iid,0.1,0,s016,3,22.0,7.01086956521739,6.0,53.0,56,18,18,0,6,0,0.36,16.0,49,13,7,0,18,4096,256,16,1,13,105.5,0,
mm,mm,full,fidelity,False,True,16,iid,0.1,0,s016,4,21.0,8.097826086956525,14.000000000000002,38.0,56,24,23,1,6,0,0.46,16.0,46,13,6,0,9,4096,256,16,1,4,58.8125,1,
mm,mm,full,fidelity,False,True,16,iid,0.1,0,s016,5,20.0,7.01086956521739,6.0,59.5,56,37,37,0,6,0,0.74,15.9453125,49,9,18,0,3,4082,256,16,1,1,64.5,1,
mm,mm,full,fidelity,False,True,16,iid,0.1,0,s016,6,18.750000000000004,8.097826086956525,12.0,59.5,56,33,33,0,6,0,0.66,16.0,47,3,21,0,11,4096,256,16,1,1,87.1875,1,
mm,mm,full,fidelity,False,True,16,iid,0.1,0,s016,7,31.499999999999996,23.20652173913043,18.0,73.5,56,2,2,0,6,0,0.04,16.0,44,14,1,0,28,4096,256,16,1,1,139.9375,1,
mm,mm,full,fidelity,False,True,16,iid,0.1,0,s016,8,27.750000000000004,27.8804347826087,6.0,69.5,56,11,11,0,6,0,0.22,16.0,52,12,8,0,29,4096,256,16,1,1,111.1875,0,40.0
mm,mm,full,fidelity,False,True,16,iid,0.1,1,s016,2,18.000000000000004,2.5,8.0,35.0,56,36,36,0,6,0,0.72,16.0,49,9,27,0,4,4096,256,16,1,16,80.0625,0,
mm,mm,full,fidelity,False,True,16,iid,0.1,1,s016,3,16.250000000000004,2.5,12.0,35.0,56,14,14,0,6,0,0.28,16.0,45,6,20,0,25,4096,256,16,1,16,136.0625,0,
mm,mm,full,fidelity,False,True,16,iid,0.1,1,s016,4,25.75,11.684782608695654,24.0,42.0,56,19,19,0,6,0,0.38,15.9765625,41,6,20,0,16,4090,256,16,1,8,100.5625,0,
mm,mm,full,fidelity,False,True,16,iid,0.1,1,s016,5,23.5,1.0869565217391297,16.0,48.0,56,34,34,0,6,0,0.68,15.8203125,43,4,25,0,5,4050,256,16,1,1,53.1875,0,
mm,mm,full,fidelity,False,True,16,iid,0.1,1,s016,6,17.75,8.097826086956525,16.0,52.0,56,33,33,0,6,0,0.66,15.80078125,46,5,29,0,8,4045,256,16,1,1,89.9375,0,
mm,mm,full,fidelity,False,True,16,iid,0.1,1,s016,7,35.75,24.619565217391305,14.000000000000002,50.0,56,2,2,0,6,0,0.04,16.0,47,18,4,0,27,4096,256,16,1,1,136.6875,0,
mm,mm,full,fidelity,False,True,16,iid,0.1,1,s016,8,28.000000000000004,22.1195652173913,14.000000000000002,59.5,56,9,9,0,6,0,0.18,16.0,47,12,14,0,26,4096,256,16,1,1,161.5625,0,6.0
mm,mm,full,fidelity,False,True,16,iid,0.1,2,s016,2,18.000000000000004,5.760869565217389,6.0,51.5,56,27,27,0,6,0,0.54,16.0,49,21,0,0,1,4096,256,16,1,16,78.6875,0,
mm,mm,full,fidelity,False,True,16,iid,0.1,2,s016,3,22.0,9.347826086956523,4.0,53.0,56,20,20,0,6,0,0.4,16.0,54,20,0,0,14,4096,256,16,1,15,127.25,0,
mm,mm,full,fidelity,False,True,16,iid,0.1,2,s016,4,23.5,4.83695652173913,10.0,56.49999999999999,56,20,20,0,6,0,0.4,16.0,47,16,1,0,11,4096,256,16,1,10,122.0,0,
mm,mm,full,fidelity,False,True,16,iid,0.1,2,s016,5,19.5,0.0,8.0,66.0,56,37,37,0,6,0,0.74,15.87890625,49,8,0,0,4,4065,256,16,1,1,54.5,0,
mm,mm,full,fidelity,False,True,16,iid,0.1,2,s016,6,18.000000000000004,7.01086956521739,10.0,64.5,56,34,34,0,6,0,0.68,16.0,48,6,0,0,8,4096,256,16,1,1,91.4375,0,
mm,mm,full,fidelity,False,True,16,iid,0.1,2,s016,7,47.75,38.31521739130434,20.0,66.0,56,2,2,0,6,0,0.04,16.0,44,36,0,0,6,4096,256,16,1,1,142.4375,0,
mm,mm,full,fidelity,False,True,16,iid,0.1,2,s016,8,37.75,34.891304347826086,8.0,75.0,56,10,10,0,6,0,0.2,16.0,51,28,0,0,13,4096,256,16,1,1,183.4375,0,62.0
static,static,none,fidelity,False,True,16,iid,0.1,0,s017,2,7.999999999999999,1.25,2.0,47.5,56,0,0,0,6,0,0.0,41.0,0,0,0,0,0,10496,256,50,0,50,81.5,0,
static,static,none,fidelity,False,True,16,iid,0.1,0,s017,3,9.499999999999998,0.0,2.0,47.0,56,0,0,0,6,0,0.0,41.0,0,0,0,0,0,10496,256,50,0,50,137.5,0,
static,static,none,fidelity,False,True,16,iid,0.1,0,s017,4,7.499999999999998,2.33695652173913,4.0,56.00000000000001,56,0,0,0,6,0,0.0,41.0,0,0,0,0,0,10496,256,50,0,50,193.5,0,
static,static,none,fidelity,False,True,16,iid,0.1,0,s017,5,10.0,1.25,2.0,42.5,56,0,0,0,6,0,0.0,41.0,0,0,0,0,0,10496,256,50,0,50,249.5,0,
static,static,none,fidelity,False,True,16,iid,0.1,0,s017,6,10.749999999999998,4.67391304347826,2.0,48.0,56,0,0,0,6,0,0.0,41.0,0,0,0,0,0,10496,256,50,0,50,305.5,0,
static,static,none,fidelity,False,True,16,iid,0.1,0,s017,7,7.499999999999998,1.25,0.0,44.0,56,0,0,0,6,0,0.0,41.0,0,0,0,0,0,10496,256,50,0,50,361.5,0,
static,static,none,fidelity,False,True,16,iid,0.1,0,s017,8,7.999999999999999,2.33695652173913,4.0,44.0,56,0,0,0,6,0,0.0,41.0,0,0,0,0,0,10496,256,50,0,50,417.5,0,48.0
static,static,none,fidelity,False,True,16,iid,0.1,1,s017,2,9.749999999999998,0.0,2.0,32.5,56,0,0,0,6,0,0.0,41.0,0,0,0,0,0,10496,256,50,0,50,81.5,0,
static,static,none,fidelity,False,True,16,iid,0.1,1,s017,3,7.999999999999999,0.0,2.0,29.5,56,0,0,0,6,0,0.0,41.0,0,0,0,0,0,10496,256,50,0,50,137.5,0,
static,static,none,fidelity,False,True,16,iid,0.1,1,s017,4,10.0,0.0,4.0,38.5,56,0,0,0,6,0,0.0,41.0,0,0,0,0,0,10496,256,50,0,50,193.5,0,
static,static,none,fidelity,False,True,16,iid,0.1,1,s017,5,7.999999999999999,3.423913043478259,2.0,29.5,56,0,0,0,6,0,0.0,41.0,0,0,0,0,0,10496,256,50,0,50,249.5,0,
static,static,none,fidelity,False,True,16,iid,0.1,1,s017,6,11.5,1.25,4.0,28.5,56,0,0,0,6,0,0.0,41.0,0,0,0,0,0,10496,256,50,0,50,305.5,0,
static,static,none,fidelity,False,True,16,iid,0.1,1,s017,7,9.499999999999998,1.25,4.0,34.0,56,0,0,0,6,0,0.0,41.0,0,0,0,0,0,10496,256,50,0,50,361.5,0,
static,static,none,fidelity,False,True,16,iid,0.1,1,s017,8,8.5,0.0,4.0,34.0,56,0,0,0,6,0,0.0,41.0,0,0,0,0,0,10496,256,50,0,50,417.5,0,32.0
static,static,none,fidelity,False,True,16,iid,0.1,2,s017,2,7.000000000000004,0.0,2.0,21.5,56,0,0,0,6,0,0.0,41.0,0,0,0,0,0,10496,256,50,0,50,81.5,0,
static,static,none,fidelity,False,True,16,iid,0.1,2,s017,3,5.750000000000003,0.0,2.0,22.0,56,0,0,0,6,0,0.0,41.0,0,0,0,0,0,10496,256,50,0,50,137.5,0,
static,static,none,fidelity,False,True,16,iid,0.1,2,s017,4,7.999999999999999,0.0,4.0,18.0,56,0,0,0,6,0,0.0,41.0,0,0,0,0,0,10496,256,50,0,50,193.5,0,
static,static,none,fidelity,False,True,16,iid,0.1,2,s017,5,10.0,4.67391304347826,2.0,22.5,56,0,0,0,6,0,0.0,41.0,0,0,0,0,0,10496,256,50,0,50,249.5,0,
static,static,none,fidelity,False,True,16,iid,0.1,2,s017,6,11.5,2.5,6.0,22.0,56,0,0,0,6,0,0.0,41.0,0,0,0,0,0,10496,256,50,0,50,305.5,0,
static,static,none,fidelity,False,True,16,iid,0.1,2,s017,7,7.499999999999998,1.25,8.0,20.5,56,0,0,0,6,0,0.0,41.0,0,0,0,0,0,10496,256,50,0,50,361.5,0,
static,static,none,fidelity,False,True,16,iid,0.1,2,s017,8,8.75,1.25,8.0,23.0,56,0,0,0,6,0,0.0,41.0,0,0,0,0,0,10496,256,50,0,50,417.5,0,14.000000000000002
naive,naive,none,fidelity,False,True,16,iid,0.1,0,s017,2,7.999999999999999,2.33695652173913,2.0,75.0,56,54,49,5,6,0,0.98,57.8828125,0,0,0,0,0,14818,256,104,0,50,53.00961538461539,5,
naive,naive,none,fidelity,False,True,16,iid,0.1,0,s017,3,6.750000000000004,0.0,2.0,96.0,56,54,49,5,6,0,0.98,84.53125,0,0,0,0,0,21640,256,158,0,50,81.16455696202532,10,
naive,naive,none,fidelity,False,True,16,iid,0.1,0,s017,4,8.75,0.0,0.0,100.0,56,56,50,6,6,0,1.0,105.1953125,0,0,0,0,0,26930,256,214,0,50,108.46728971962617,16,
naive,naive,none,fidelity,False,True,16,iid,0.1,0,s017,5,9.749999999999998,3.423913043478259,0.0,100.0,56,56,50,6,6,0,1.0,120.6015625,0,0,0,0,0,30874,256,270,0,50,136.05925925925925,22,
naive,naive,none,fidelity,False,True,16,iid,0.1,0,s017,6,10.0,0.0,0.0,100.0,56,56,50,6,6,0,1.0,143.89453125,0,0,0,0,0,36837,256,326,0,50,163.7914110429448,28,
naive,naive,none,fidelity,False,True,16,iid,0.1,0,s017,7,7.749999999999998,2.33695652173913,0.0,100.0,56,56,50,6,6,0,1.0,160.5390625,0,0,0,0,0,41098,256,382,0,50,191.6020942408377,34,
naive,naive,none,fidelity,False,True,16,iid,0.1,0,s017,8,7.749999999999998,0.0,0.0,100.0,56,56,50,6,6,0,1.0,177.4375,0,0,0,0,0,45424,256,438,0,50,219.46118721461187,40,100.0
naive,naive,none,fidelity,False,True,16,iid,0.1,1,s017,2,9.749999999999998,0.0,2.0,52.5,56,50,49,1,6,0,0.98,56.3125,0,0,0,0,0,14416,256,100,0,50,54.44,1,
naive,naive,none,fidelity,False,True,16,iid,0.1,1,s017,3,7.749999999999998,0.0,2.0,73.5,56,52,49,3,6,0,0.98,78.63671875,0,0,0,0,0,20131,256,152,0,50,82.01315789473684,4,
naive,naive,none,fidelity,False,True,16,iid,0.1,1,s017,4,9.0,0.0,0.0,94.0,56,56,50,6,6,0,1.0,98.81640625,0,0,0,0,0,25297,256,208,0,50,108.2596153846154,10,
naive,naive,none,fidelity,False,True,16,iid,0.1,1,s017,5,8.249999999999998,0.0,0.0,98.5,56,56,50,6,6,0,1.0,113.05859375,0,0,0,0,0,28943,256,264,0,50,135.25,16,
naive,naive,none,fidelity,False,True,16,iid,0.1,1,s017,6,7.499999999999998,0.0,0.0,100.0,56,56,50,6,6,0,1.0,134.1171875,0,0,0,0,0,34334,256,320,0,50,162.59375,22,
naive,naive,none,fidelity,False,True,16,iid,0.1,1,s017,7,5.750000000000003,0.0,0.0,100.0,56,56,50,6,6,0,1.0,152.953125,0,0,0,0,0,39156,256,376,0,50,190.13297872340425,28,
naive,naive,none,fidelity,False,True,16,iid,0.1,1,s017,8,7.749999999999998,0.0,0.0,100.0,56,56,50,6,6,0,1.0,172.75390625,0,0,0,0,0,44225,256,432,0,50,217.79166666666663,34,100.0
naive,naive,none,fidelity,False,True,16,iid,0.1,2,s017,2,8.249999999999998,0.0,2.0,38.5,56,50,49,1,6,0,0.98,55.87890625,0,0,0,0,0,14305,256,100,0,50,53.9,1,
naive,naive,none,fidelity,False,True,16,iid,0.1,2,s017,3,7.749999999999998,0.0,2.0,56.99999999999999,56,54,49,5,6,0,0.98,80.5390625,0,0,0,0,0,20618,256,154,0,50,80.99350649350649,6,
naive,naive,none,fidelity,False,True,16,iid,0.1,2,s017,4,7.999999999999999,0.0,0.0,84.0,56,54,50,4,6,0,1.0,101.21484375,0,0,0,0,0,25911,256,208,0,50,108.60096153846152,10,
naive,naive,none,fidelity,False,True,16,iid,0.1,2,s017,5,7.749999999999998,3.423913043478259,0.0,96.5,56,56,50,6,6,0,1.0,120.49609375,0,0,0,0,0,30847,256,264,0,50,135.5189393939394,16,
naive,naive,none,fidelity,False,True,16,iid,0.1,2,s017,6,9.25,6.847826086956524,0.0,98.5,56,56,50,6,6,0,1.0,142.02734375,0,0,0,0,0,36359,256,320,0,50,162.815625,22,
naive,naive,none,fidelity,False,True,16,iid,0.1,2,s017,7,6.250000000000003,0.0,0.0,100.0,56,56,50,6,6,0,1.0,160.63671875,0,0,0,0,0,41123,256,376,0,50,190.3218085106383,28,
naive,naive,none,fidelity,False,True,16,iid,0.1,2,s017,8,6.750000000000004,0.0,0.0,100.0,56,56,50,6,6,0,1.0,173.59375,0,0,0,0,0,44440,256,432,0,50,217.9560185185185,34,100.0
window,window,none,fidelity,False,True,16,iid,0.1,0,s017,2,15.750000000000004,0.0,18.0,11.5,56,42,41,1,6,0,0.82,14.05859375,0,0,0,0,0,3599,256,16,0,0,8.625,0,
window,window,none,fidelity,False,True,16,iid,0.1,0,s017,3,9.749999999999998,0.0,12.0,8.0,56,45,44,1,6,0,0.88,13.4453125,0,0,0,0,0,3442,256,16,0,0,9.0625,1,
window,window,none,fidelity,False,True,16,iid,0.1,0,s017,4,14.500000000000002,0.0,18.0,8.0,56,41,41,0,6,0,0.82,11.28125,0,0,0,0,0,2888,256,16,0,0,11.0,0,
window,window,none,fidelity,False,True,16,iid,0.1,0,s017,5,9.499999999999998,1.25,10.0,6.0,56,46,45,1,6,0,0.9,11.90234375,0,0,0,0,0,3047,256,16,0,0,8.6875,1,
window,window,none,fidelity,False,True,16,iid,0.1,0,s017,6,12.25,0.0,16.0,9.0,56,43,42,1,6,0,0.84,12.078125,0,0,0,0,0,3092,256,16,0,0,10.0,0,
window,window,none,fidelity,False,True,16,iid,0.1,0,s017,7,9.0,1.25,10.0,10.5,56,46,45,1,6,0,0.9,11.8828125,0,0,0,0,0,3042,256,16,0,0,9.125,0,
window,window,none,fidelity,False,True,16,iid,0.1,0,s017,8,7.249999999999998,0.0,8.0,10.5,56,46,46,0,6,0,0.92,11.6875,0,0,0,0,0,2992,256,16,0,0,10.0,0,6.0
window,window,none,fidelity,False,True,16,iid,0.1,1,s017,2,18.25,0.0,16.0,15.5,56,42,42,0,6,0,0.84,13.9375,0,0,0,0,0,3568,256,16,0,0,9.0625,0,
window,window,none,fidelity,False,True,16,iid,0.1,1,s017,3,12.75,0.0,12.0,8.0,56,44,44,0,6,0,0.88,13.10546875,0,0,0,0,0,3355,256,16,0,0,11.3125,0,
window,window,none,fidelity,False,True,16,iid,0.1,1,s017,4,14.500000000000002,0.0,14.000000000000002,8.5,56,45,43,2,6,0,0.86,11.7421875,0,0,0,0,0,3006,256,16,0,0,9.8125,0,
window,window,none,fidelity,False,True,16,iid,0.1,1,s017,5,7.749999999999998,0.0,12.0,5.5,56,44,44,0,6,0,0.88,11.890625,0,0,0,0,0,3044,256,16,0,0,10.8125,0,
window,window,none,fidelity,False,True,16,iid,0.1,1,s017,6,12.25,1.25,14.000000000000002,8.0,56,44,43,1,6,0,0.86,12.13671875,0,0,0,0,0,3107,256,16,0,0,8.3125,0,
window,window,none,fidelity,False,True,16,iid,0.1,1,s017,7,7.999999999999999,0.0,10.0,10.0,56,45,45,0,6,0,0.9,12.1171875,0,0,0,0,0,3102,256,16,0,0,9.9375,0,
window,window,none,fidelity,False,True,16,iid,0.1,1,s017,8,6.749999999999997,0.0,8.0,7.5,56,46,46,0,6,0,0.92,11.6640625,0,0,0,0,0,2986,256,16,0,0,7.9375,0,0.0
window,window,none,fidelity,False,True,16,iid,0.1,2,s017,2,18.250000000000004,0.0,18.0,12.5,56,42,41,1,6,0,0.82,13.95703125,0,0,0,0,0,3573,256,16,0,0,7.9375,0,
window,window,none,fidelity,False,True,16,iid,0.1,2,s017,3,9.749999999999998,0.0,12.0,9.5,56,45,44,1,6,0,0.88,13.26953125,0,0,0,0,0,3397,256,16,0,0,10.25,0,
window,window,none,fidelity,False,True,16,iid,0.1,2,s017,4,12.75,0.0,18.0,7.000000000000001,56,41,41,0,6,0,0.82,10.98828125,0,0,0,0,0,2813,256,16,0,0,10.125,0,
window,window,none,fidelity,False,True,16,iid,0.1,2,s017,5,13.25,1.25,12.0,11.0,56,44,44,0,6,0,0.88,11.66015625,0,0,0,0,0,2985,256,16,0,0,9.625,0,
window,window,none,fidelity,False,True,16,iid,0.1,2,s017,6,16.75,1.25,14.000000000000002,7.000000000000001,56,44,43,1,6,0,0.86,12.265625,0,0,0,0,0,3140,256,16,0,0,8.1875,1,
window,window,none,fidelity,False,True,16,iid,0.1,2,s017,7,8.75,0.0,10.0,11.5,56,45,45,0,6,0,0.9,11.72265625,0,0,0,0,0,3001,256,16,0,0,9.9375,0,
window,window,none,fidelity,False,True,16,iid,0.1,2,s017,8,7.999999999999999,0.0,8.0,13.0,56,46,46,0,6,0,0.92,11.94921875,0,0,0,0,0,3059,256,16,0,0,10.0,0,0.0
aeqkad,window,full,fidelity,False,True,16,iid,0.1,0,s017,2,12.5,0.0,14.000000000000002,13.5,56,33,33,0,6,0,0.66,13.86328125,44,11,0,0,0,3549,256,16,0,0,12.6875,0,
aeqkad,window,full,fidelity,False,True,16,iid,0.1,0,s017,3,9.749999999999998,0.0,12.0,9.5,56,41,41,0,6,0,0.82,12.98828125,45,4,0,0,0,3325,256,16,0,0,11.625,0,
aeqkad,window,full,fidelity,False,True,16,iid,0.1,0,s017,4,24.5,3.58695652173913,24.0,5.5,56,35,35,0,6,0,0.7,9.7421875,38,3,0,0,0,2494,256,16,0,0,11.5,0,
aeqkad,window,full,fidelity,False,True,16,iid,0.1,0,s017,5,7.999999999999999,1.25,8.0,6.5,56,43,42,1,6,0,0.84,11.52734375,47,4,0,0,0,2951,256,16,0,0,9.6875,1,
aeqkad,window,full,fidelity,False,True,16,iid,0.1,0,s017,6,15.75,2.33695652173913,14.000000000000002,8.5,56,37,37,0,6,0,0.74,11.41015625,44,7,0,0,0,2921,256,16,0,0,11.25,0,
aeqkad,window,full,fidelity,False,True,16,iid,0.1,0,s017,7,12.0,1.25,12.0,8.5,56,42,42,0,6,0,0.84,11.328125,45,3,0,0,0,2900,256,16,0,0,9.125,0,
aeqkad,window,full,fidelity,False,True,16,iid,0.1,0,s017,8,7.249999999999998,0.0,8.0,9.0,56,45,45,0,6,0,0.9,11.6328125,47,2,0,0,0,2978,256,16,0,0,10.0,0,2.0
aeqkad,window,full,fidelity,False,True,16,iid,0.1,1,s017,2,14.000000000000002,0.0,12.0,14.000000000000002,56,33,33,0,6,0,0.66,13.53515625,44,11,0,0,0,3465,256,16,0,0,13.625,0,
aeqkad,window,full,fidelity,False,True,16,iid,0.1,1,s017,3,9.0,0.0,12.0,7.5,56,41,41,0,6,0,0.82,12.67578125,44,3,0,0,0,3245,256,16,0,0,12.6875,0,
aeqkad,window,full,fidelity,False,True,16,iid,0.1,1,s017,4,23.25,2.33695652173913,24.0,7.000000000000001,56,34,34,0,6,0,0.68,9.84375,40,6,0,0,0,2520,256,16,0,0,10.1875,0,
aeqkad,window,full,fidelity,False,True,16,iid,0.1,1,s017,5,6.999999999999998,0.0,10.0,4.5,56,41,41,0,6,0,0.82,11.25,45,4,0,0,0,2880,256,16,0,0,10.8125,0,
aeqkad,window,full,fidelity,False,True,16,iid,0.1,1,s017,6,13.750000000000002,1.25,18.0,4.5,56,36,36,0,6,0,0.72,10.8671875,42,6,0,0,0,2782,256,16,0,0,9.875,0,
aeqkad,window,full,fidelity,False,True,16,iid,0.1,1,s017,7,10.249999999999998,1.25,12.0,10.0,56,42,42,0,6,0,0.84,11.24609375,44,2,0,0,0,2879,256,16,0,0,9.9375,0,
aeqkad,window,full,fidelity,False,True,16,iid,0.1,1,s017,8,6.749999999999997,0.0,8.0,8.0,56,45,45,0,6,0,0.9,11.64453125,46,1,0,0,0,2981,256,16,0,0,7.9375,0,0.0
aeqkad,window,full,fidelity,False,True,16,iid,0.1,2,s017,2,10.25,0.0,12.0,12.0,56,34,34,0,6,0,0.68,13.73828125,45,11,0,0,0,3517,256,16,0,0,11.0625,0,
aeqkad,window,full,fidelity,False,True,16,iid,0.1,2,s017,3,9.749999999999998,0.0,10.0,9.5,56,41,41,0,6,0,0.82,12.51171875,46,5,0,0,0,3203,256,16,0,0,11.625,0,
aeqkad,window,full,fidelity,False,True,16,iid,0.1,2,s017,4,19.25,3.58695652173913,24.0,5.5,56,35,35,0,6,0,0.7,9.8828125,38,3,0,0,0,2530,256,16,0,0,10.625,0,
aeqkad,window,full,fidelity,False,True,16,iid,0.1,2,s017,5,10.999999999999998,1.25,10.0,8.5,56,42,42,0,6,0,0.84,11.5625,45,3,0,0,0,2960,256,16,0,0,9.625,0,
aeqkad,window,full,fidelity,False,True,16,iid,0.1,2,s017,6,15.250000000000002,1.25,14.000000000000002,7.5,56,41,40,1,6,0,0.8,11.4140625,44,3,0,0,0,2922,256,16,0,0,9.625,1,
aeqkad,window,full,fidelity,False,True,16,iid,0.1,2,s017,7,10.0,1.25,12.0,10.0,56,42,42,0,6,0,0.84,11.4296875,44,2,0,0,0,2926,256,16,0,0,9.9375,0,
aeqkad,window,full,fidelity,False,True,16,iid,0.1,2,s017,8,6.999999999999998,0.0,8.0,12.5,56,45,45,0,6,0,0.9,11.68359375,46,1,0,0,0,2991,256,16,0,0,10.0,0,0.0
mm,mm,full,fidelity,False,True,16,iid,0.1,0,s017,2,6.000000000000003,2.5,2.0,23.5,56,33,33,0,6,0,0.66,16.0,52,19,0,0,0,4096,256,16,1,16,83.3125,0,
mm,mm,full,fidelity,False,True,16,iid,0.1,0,s017,3,7.249999999999998,3.423913043478259,6.0,22.5,56,40,39,1,6,0,0.78,15.5859375,50,10,0,0,0,3990,256,16,1,6,50.3125,1,
mm,mm,full,fidelity,False,True,16,iid,0.1,0,s017,4,16.75,2.33695652173913,18.0,10.0,56,37,37,0,6,0,0.74,13.92578125,41,3,0,0,1,3565,256,16,1,1,42.75,1,
mm,mm,full,fidelity,False,True,16,iid,0.1,0,s017,5,10.0,1.25,12.0,9.0,56,43,42,1,6,0,0.84,14.203125,45,1,0,0,1,3636,256,16,1,1,70.125,2,
mm,mm,full,fidelity,False,True,16,iid,0.1,0,s017,6,9.499999999999998,1.25,10.0,12.0,56,40,40,0,6,0,0.8,14.69921875,46,6,0,0,0,3763,256,16,1,1,57.125,1,
mm,mm,full,fidelity,False,True,16,iid,0.1,0,s017,7,8.75,1.25,8.0,16.0,56,44,44,0,6,0,0.88,15.0703125,47,3,0,0,0,3858,256,16,1,1,73.5625,0,
mm,mm,full,fidelity,False,True,16,iid,0.1,0,s017,8,8.749999999999998,0.0,6.0,16.5,56,44,44,0,6,0,0.88,15.125,47,3,0,0,0,3872,256,16,1,1,47.625,0,4.0
mm,mm,full,fidelity,False,True,16,iid,0.1,1,s017,2,10.75,4.67391304347826,4.0,37.5,56,31,31,0,6,0,0.62,16.0,48,17,0,0,0,4096,256,16,1,16,86.5,0,
mm,mm,full,fidelity,False,True,16,iid,0.1,1,s017,3,10.749999999999998,0.0,6.0,22.0,56,38,38,0,6,0,0.76,15.3046875,48,10,0,0,0,3918,256,16,1,5,46.875,0,
mm,mm,full,fidelity,False,True,16,iid,0.1,1,s017,4,12.749999999999998,2.33695652173913,20.0,10.5,56,35,35,0,6,0,0.7,13.78515625,42,6,0,0,1,3529,256,16,1,1,34.625,0,
mm,mm,full,fidelity,False,True,16,iid,0.1,1,s017,5,9.749999999999998,2.33695652173913,12.0,7.000000000000001,56,41,41,0,6,0,0.82,14.9453125,44,3,0,0,0,3826,256,16,1,1,67.5,0,
mm,mm,full,fidelity,False,True,16,iid,0.1,1,s017,6,11.0,3.423913043478259,12.0,11.0,56,38,38,0,6,0,0.76,15.44921875,45,7,0,0,0,3955,256,16,1,1,60.8125,0,
mm,mm,full,fidelity,False,True,16,iid,0.1,1,s017,7,8.249999999999998,2.33695652173913,10.0,21.0,56,44,44,0,6,0,0.88,15.1015625,47,3,0,0,0,3866,256,16,1,1,60.8125,0,
mm,mm,full,fidelity,False,True,16,iid,0.1,1,s017,8,8.749999999999998,0.0,6.0,16.0,56,45,45,0,6,0,0.9,15.94921875,49,4,0,0,0,4083,256,16,1,1,56.875,0,6.0
mm,mm,full,fidelity,False,True,16,iid,0.1,2,s017,2,8.249999999999998,0.0,2.0,30.5,56,37,37,0,6,0,0.74,16.0,51,14,0,0,0,4096,256,16,1,16,84.0625,0,
mm,mm,full,fidelity,False,True,16,iid,0.1,2,s017,3,4.500000000000003,0.0,6.0,21.0,56,39,39,0,6,0,0.78,15.578125,51,12,0,0,0,3988,256,16,1,5,46.9375,0,
mm,mm,full,fidelity,False,True,16,iid,0.1,2,s017,4,18.750000000000004,0.0,20.0,10.0,56,36,36,0,6,0,0.72,13.734375,40,2,0,0,2,3516,256,16,1,1,44.0,0,
mm,mm,full,fidelity,False,True,16,iid,0.1,2,s017,5,9.749999999999998,2.33695652173913,10.0,10.0,56,42,42,0,6,0,0.84,15.46875,45,2,0,0,1,3960,256,16,1,1,63.3125,0,
mm,mm,full,fidelity,False,True,16,iid,0.1,2,s017,6,7.749999999999998,1.25,10.0,11.5,56,42,41,1,6,0,0.82,15.1015625,46,4,0,0,0,3866,256,16,1,1,47.1875,1,
mm,mm,full,fidelity,False,True,16,iid,0.1,2,s017,7,8.75,1.25,10.0,19.0,56,44,44,0,6,0,0.88,15.0546875,45,1,0,0,0,3854,256,16,1,1,78.6875,1,
mm,mm,full,fidelity,False,True,16,iid,0.1,2,s017,8,7.249999999999998,0.0,6.0,18.5,56,45,45,0,6,0,0.9,15.33203125,48,3,0,0,0,3925,256,16,1,1,48.5,0,0.0
static,static,none,fidelity,False,True,16,iid,0.1,0,s018,2,26.75,22.1195652173913,2.0,76.5,56,0,0,0,6,0,0.0,40.0,0,0,0,0,0,10240,256,50,0,50,81.5,0,
static,static,none,fidelity,False,True,16,iid,0.1,0,s018,3,34.0,25.543478260869566,4.0,78.5,56,0,0,0,6,0,0.0,40.0,0,0,0,0,0,10240,256,50,0,50,137.5,0,
static,static,none,fidelity,False,True,16,iid,0.1,0,s018,4,31.499999999999996,27.8804347826087,8.0,81.5,56,0,0,0,6,0,0.0,40.0,0,0,0,0,0,10240,256,50,0,50,193.5,0,
static,static,none,fidelity,False,True,16,iid,0.1,0,s018,5,27.750000000000004,19.78260869565217,0.0,79.5,56,0,0,0,6,0,0.0,40.0,0,0,0,0,0,10240,256,50,0,50,249.5,0,
static,static,none,fidelity,False,True,16,iid,0.1,0,s018,6,32.0,19.78260869565217,4.0,84.5,56,0,0,0,6,0,0.0,40.0,0,0,0,0,0,10240,256,50,0,50,305.5,0,
static,static,none,fidelity,False,True,16,iid,0.1,0,s018,7,35.75,37.06521739130434,6.0,85.5,56,0,0,0,6,0,0.0,40.0,0,0,0,0,0,10240,256,50,0,50,361.5,0,
static,static,none,fidelity,False,True,16,iid,0.1,0,s018,8,38.5,25.869565217391298,8.0,87.5,56,0,0,0,6,0,0.0,40.0,0,0,0,0,0,10240,256,50,0,50,417.5,0,100.0
static,static,none,fidelity,False,True,16,iid,0.1,1,s018,2,26.25,18.369565217391305,2.0,75.5,56,0,0,0,6,0,0.0,40.0,0,0,0,0,0,10240,256,50,0,50,81.5,0,
static,static,none,fidelity,False,True,16,iid,0.1,1,s018,3,31.499999999999996,17.445652173913043,4.0,78.0,56,0,0,0,6,0,0.0,40.0,0,0,0,0,0,10240,256,50,0,50,137.5,0,
static,static,none,fidelity,False,True,16,iid,0.1,1,s018,4,33.75,32.55434782608696,8.0,79.5,56,0,0,0,6,0,0.0,40.0,0,0,0,0,0,10240,256,50,0,50,193.5,0,
static,static,none,fidelity,False,True,16,iid,0.1,1,s018,5,26.5,12.934782608695656,0.0,86.0,56,0,0,0,6,0,0.0,40.0,0,0,0,0,0,10240,256,50,0,50,249.5,0,
static,static,none,fidelity,False,True,16,iid,0.1,1,s018,6,31.75,30.217391304347828,4.0,83.5,56,0,0,0,6,0,0.0,40.0,0,0,0,0,0,10240,256,50,0,50,305.5,0,
static,static,none,fidelity,False,True,16,iid,0.1,1,s018,7,36.0,27.8804347826087,6.0,83.0,56,0,0,0,6,0,0.0,40.0,0,0,0,0,0,10240,256,50,0,50,361.5,0,
static,static,none,fidelity,False,True,16,iid,0.1,1,s018,8,43.49999999999999,42.82608695652174,8.0,88.0,56,0,0,0,6,0,0.0,40.0,0,0,0,0,0,10240,256,50,0,50,417.5,0,84.0
static,static,none,fidelity,False,True,16,iid,0.1,2,s018,2,23.75,19.78260869565217,2.0,79.5,56,0,0,0,6,0,0.0,39.0,0,0,0,0,0,9984,256,50,0,50,81.5,0,
static,static,none,fidelity,False,True,16,iid,0.1,2,s018,3,30.500000000000004,20.869565217391305,2.0,80.0,56,0,0,0,6,0,0.0,39.0,0,0,0,0,0,9984,256,50,0,50,137.5,0,
static,static,none,fidelity,False,True,16,iid,0.1,2,s018,4,34.0,32.55434782608696,4.0,85.0,56,0,0,0,6,0,0.0,39.0,0,0,0,0,0,9984,256,50,0,50,193.5,0,
static,static,none,fidelity,False,True,16,iid,0.1,2,s018,5,30.25,17.445652173913043,0.0,85.5,56,0,0,0,6,0,0.0,39.0,0,0,0,0,0,9984,256,50,0,50,249.5,0,
static,static,none,fidelity,False,True,16,iid,0.1,2,s018,6,36.25,31.467391304347824,2.0,84.0,56,0,0,0,6,0,0.0,39.0,0,0,0,0,0,9984,256,50,0,50,305.5,0,
static,static,none,fidelity,False,True,16,iid,0.1,2,s018,7,37.75,34.891304347826086,8.0,91.0,56,0,0,0,6,0,0.0,39.0,0,0,0,0,0,9984,256,50,0,50,361.5,0,
static,static,none,fidelity,False,True,16,iid,0.1,2,s018,8,41.75,37.22826086956522,4.0,88.0,56,0,0,0,6,0,0.0,39.0,0,0,0,0,0,9984,256,50,0,50,417.5,0,92.0
naive,naive,none,fidelity,False,True,16,iid,0.1,0,s018,2,24.0,19.78260869565217,2.0,85.5,56,55,49,6,6,0,0.98,53.73828125,0,0,0,0,0,13757,256,105,0,50,53.44761904761905,6,
naive,naive,none,fidelity,False,True,16,iid,0.1,0,s018,3,29.75,25.543478260869566,0.0,96.0,56,55,50,5,6,0,1.0,75.2109375,0,0,0,0,0,19254,256,160,0,50,81.45,11,
naive,naive,none,fidelity,False,True,16,iid,0.1,0,s018,4,33.5,30.217391304347828,0.0,96.5,56,56,50,6,6,0,1.0,90.49609375,0,0,0,0,0,23167,256,216,0,50,108.94444444444444,17,
naive,naive,none,fidelity,False,True,16,iid,0.1,0,s018,5,24.25,12.934782608695656,0.0,99.0,56,56,50,6,6,0,1.0,109.26953125,0,0,0,0,0,27973,256,272,0,50,136.64705882352942,23,
naive,naive,none,fidelity,False,True,16,iid,0.1,0,s018,6,26.25,25.543478260869566,0.0,100.0,56,56,50,6,6,0,1.0,123.79296875,0,0,0,0,0,31691,256,328,0,50,164.4512195121951,29,
naive,naive,none,fidelity,False,True,16,iid,0.1,0,s018,7,29.25,16.358695652173914,0.0,100.0,56,56,50,6,6,0,1.0,139.42578125,0,0,0,0,0,35693,256,384,0,50,192.3125,35,
naive,naive,none,fidelity,False,True,16,iid,0.1,0,s018,8,30.75,23.20652173913043,0.0,100.0,56,56,50,6,6,0,1.0,148.34375,0,0,0,0,0,37976,256,440,0,50,220.2090909090909,41,100.0
naive,naive,none,fidelity,False,True,16,iid,0.1,1,s018,2,26.0,19.78260869565217,2.0,82.0,56,55,49,6,6,0,0.98,55.42578125,0,0,0,0,0,14189,256,105,0,50,53.44761904761905,6,
naive,naive,none,fidelity,False,True,16,iid,0.1,1,s018,3,28.000000000000004,22.1195652173913,2.0,94.0,56,55,49,6,6,0,0.98,76.08984375,0,0,0,0,0,19479,256,160,0,50,81.21875,12,
naive,naive,none,fidelity,False,True,16,iid,0.1,1,s018,4,34.0,27.717391304347828,0.0,98.5,56,56,50,6,6,0,1.0,94.2421875,0,0,0,0,0,24126,256,216,0,50,108.77314814814817,18,
naive,naive,none,fidelity,False,True,16,iid,0.1,1,s018,5,26.25,12.771739130434783,0.0,99.0,56,56,50,6,6,0,1.0,111.32421875,0,0,0,0,0,28499,256,272,0,50,136.5110294117647,24,
naive,naive,none,fidelity,False,True,16,iid,0.1,1,s018,6,26.5,25.543478260869566,0.0,99.0,56,56,50,6,6,0,1.0,121.5234375,0,0,0,0,0,31110,256,328,0,50,164.33841463414635,30,
naive,naive,none,fidelity,False,True,16,iid,0.1,1,s018,7,29.500000000000004,22.1195652173913,0.0,100.0,56,56,50,6,6,0,1.0,135.56640625,0,0,0,0,0,34705,256,384,0,50,192.21614583333331,36,
naive,naive,none,fidelity,False,True,16,iid,0.1,1,s018,8,38.75,37.22826086956522,0.0,100.0,56,56,50,6,6,0,1.0,148.78515625,0,0,0,0,0,38089,256,440,0,50,220.125,42,100.0
naive,naive,none,fidelity,False,True,16,iid,0.1,2,s018,2,21.5,12.934782608695656,2.0,85.5,56,54,49,5,6,0,0.98,53.78515625,0,0,0,0,0,13769,256,104,0,50,53.46153846153846,5,
naive,naive,none,fidelity,False,True,16,iid,0.1,2,s018,3,29.75,23.3695652173913,2.0,90.5,56,55,49,6,6,0,0.98,74.5390625,0,0,0,0,0,19082,256,159,0,50,81.05660377358491,11,
naive,naive,none,fidelity,False,True,16,iid,0.1,2,s018,4,30.999999999999996,31.304347826086957,0.0,98.5,56,56,50,6,6,0,1.0,87.95703125,0,0,0,0,0,22517,256,215,0,50,108.52093023255814,17,
naive,naive,none,fidelity,False,True,16,iid,0.1,2,s018,5,27.500000000000004,7.17391304347826,0.0,100.0,56,56,50,6,6,0,1.0,106.328125,0,0,0,0,0,27220,256,271,0,50,136.20664206642067,23,
naive,naive,none,fidelity,False,True,16,iid,0.1,2,s018,6,26.0,24.293478260869566,0.0,100.0,56,56,50,6,6,0,1.0,120.40234375,0,0,0,0,0,30823,256,327,0,50,164.0,29,
naive,naive,none,fidelity,False,True,16,iid,0.1,2,s018,7,30.000000000000004,19.78260869565217,0.0,100.0,56,56,50,6,6,0,1.0,138.015625,0,0,0,0,0,35332,256,383,0,50,191.8537859007833,35,
naive,naive,none,fidelity,False,True,16,iid,0.1,2,s018,8,35.5,30.217391304347828,0.0,100.0,56,56,50,6,6,0,1.0,150.0703125,0,0,0,0,0,38418,256,439,0,50,219.744874715262,41,100.0
window,window,none,fidelity,False,True,16,iid,0.1,0,s018,2,24.75,11.521739130434783,6.0,59.0,56,50,47,3,6,0,0.94,13.27734375,0,0,0,0,0,3399,256,16,0,0,8.4375,1,
window,window,none,fidelity,False,True,16,iid,0.1,0,s018,3,25.75,17.445652173913043,14.000000000000002,59.0,56,48,43,5,6,0,0.86,12.3515625,0,0,0,0,0,3162,256,16,0,0,9.0,1,
window,window,none,fidelity,False,True,16,iid,0.1,0,s018,4,26.75,19.78260869565217,10.0,67.0,56,48,45,3,6,0,0.9,13.76171875,0,0,0,0,0,3523,256,16,0,0,8.1875,1,
window,window,none,fidelity,False,True,16,iid,0.1,0,s018,5,25.75,10.434782608695654,4.0,62.0,56,52,48,4,6,0,0.96,12.78125,0,0,0,0,0,3272,256,16,0,0,7.9375,2,
window,window,none,fidelity,False,True,16,iid,0.1,0,s018,6,26.5,19.78260869565217,10.0,66.0,56,48,45,3,6,0,0.9,12.109375,0,0,0,0,0,3100,256,16,0,0,9.3125,1,
window,window,none,fidelity,False,True,16,iid,0.1,0,s018,7,29.75,22.1195652173913,14.000000000000002,76.0,56,46,43,3,6,0,0.86,12.8984375,0,0,0,0,0,3302,256,16,0,0,9.1875,0,
window,window,none,fidelity,False,True,16,iid,0.1,0,s018,8,24.25,12.771739130434783,8.0,66.0,56,48,46,2,6,0,0.92,12.77734375,0,0,0,0,0,3271,256,16,0,0,8.125,1,78.0
window,window,none,fidelity,False,True,16,iid,0.1,1,s018,2,30.500000000000004,22.1195652173913,6.0,65.5,56,53,47,6,6,0,0.94,13.74609375,0,0,0,0,0,3519,256,16,0,0,8.3125,1,
window,window,none,fidelity,False,True,16,iid,0.1,1,s018,3,29.25,14.021739130434783,14.000000000000002,63.5,56,45,43,2,6,0,0.86,12.30859375,0,0,0,0,0,3151,256,16,0,0,8.5,0,
window,window,none,fidelity,False,True,16,iid,0.1,1,s018,4,27.750000000000004,16.358695652173914,8.0,64.0,56,50,46,4,6,0,0.92,13.8515625,0,0,0,0,0,3546,256,16,0,0,7.5,2,
window,window,none,fidelity,False,True,16,iid,0.1,1,s018,5,23.75,12.608695652173912,4.0,67.0,56,52,48,4,6,0,0.96,12.49609375,0,0,0,0,0,3199,256,16,0,0,7.5,1,
window,window,none,fidelity,False,True,16,iid,0.1,1,s018,6,30.25,24.456521739130437,14.000000000000002,72.0,56,47,43,4,6,0,0.86,12.27734375,0,0,0,0,0,3143,256,16,0,0,8.625,1,
window,window,none,fidelity,False,True,16,iid,0.1,1,s018,7,32.25,22.1195652173913,14.000000000000002,73.0,56,49,43,6,6,0,0.86,13.13671875,0,0,0,0,0,3363,256,16,0,0,8.3125,1,
window,window,none,fidelity,False,True,16,iid,0.1,1,s018,8,31.499999999999996,22.1195652173913,12.0,73.5,56,48,44,4,6,0,0.88,12.6484375,0,0,0,0,0,3238,256,16,0,0,9.0,1,74.0
window,window,none,fidelity,False,True,16,iid,0.1,2,s018,2,24.0,12.771739130434783,6.0,58.5,56,51,47,4,6,0,0.94,13.421875,0,0,0,0,0,3436,256,16,0,0,8.25,1,
window,window,none,fidelity,False,True,16,iid,0.1,2,s018,3,27.750000000000004,16.195652173913043,14.000000000000002,58.5,56,48,43,5,6,0,0.86,12.43359375,0,0,0,0,0,3183,256,16,0,0,8.0,1,
window,window,none,fidelity,False,True,16,iid,0.1,2,s018,4,25.5,17.445652173913043,10.0,66.0,56,50,45,5,6,0,0.9,14.171875,0,0,0,0,0,3628,256,16,0,0,8.0,1,
window,window,none,fidelity,False,True,16,iid,0.1,2,s018,5,24.0,10.434782608695654,4.0,55.00000000000001,56,51,48,3,6,0,0.96,12.49609375,0,0,0,0,0,3199,256,16,0,0,7.5,1,
window,window,none,fidelity,False,True,16,iid,0.1,2,s018,6,27.250000000000004,24.293478260869566,10.0,68.0,56,50,45,5,6,0,0.9,11.71484375,0,0,0,0,0,2999,256,16,0,0,7.8125,3,
window,window,none,fidelity,False,True,16,iid,0.1,2,s018,7,31.25,22.1195652173913,14.000000000000002,69.5,56,48,43,5,6,0,0.86,12.875,0,0,0,0,0,3296,256,16,0,0,8.75,2,
window,window,none,fidelity,False,True,16,iid,0.1,2,s018,8,35.25,26.6304347826087,10.0,76.0,56,49,45,4,6,0,0.9,13.15625,0,0,0,0,0,3368,256,16,0,0,8.375,0,90.0
aeqkad,window,full,fidelity,False,True,16,iid,0.1,0,s018,2,22.25,12.771739130434783,6.0,55.50000000000001,56,43,43,0,6,0,0.86,12.96484375,50,7,1,0,0,3319,256,16,0,0,9.4375,0,
aeqkad,window,full,fidelity,False,True,16,iid,0.1,0,s018,3,25.0,16.195652173913043,12.0,56.99999999999999,56,42,39,3,6,0,0.78,10.9453125,49,7,0,0,0,2802,256,16,0,0,9.0,1,
aeqkad,window,full,fidelity,False,True,16,iid,0.1,0,s018,4,28.500000000000004,15.108695652173914,8.0,67.0,56,42,41,1,6,0,0.82,13.42578125,49,7,0,0,0,3437,256,16,0,0,11.125,0,
aeqkad,window,full,fidelity,False,True,16,iid,0.1,0,s018,5,23.25,4.83695652173913,8.0,52.5,56,43,40,3,6,0,0.8,11.1953125,50,7,0,0,0,2866,256,16,0,0,10.125,1,
aeqkad,window,full,fidelity,False,True,16,iid,0.1,0,s018,6,29.500000000000004,18.53260869565217,18.0,54.50000000000001,56,37,37,0,6,0,0.74,10.5859375,43,5,0,0,1,2710,256,16,0,0,13.125,0,
aeqkad,window,full,fidelity,False,True,16,iid,0.1,0,s018,7,34.25,22.1195652173913,18.0,73.0,56,40,37,3,6,0,0.74,11.5390625,44,4,0,0,0,2954,256,16,0,0,10.25,0,
aeqkad,window,full,fidelity,False,True,16,iid,0.1,0,s018,8,27.750000000000004,12.771739130434783,8.0,66.0,56,44,43,1,6,0,0.86,11.80859375,48,4,0,0,0,3023,256,16,0,0,9.5,0,66.0
aeqkad,window,full,fidelity,False,True,16,iid,0.1,1,s018,2,30.25,23.04347826086957,8.0,62.5,56,46,42,4,6,0,0.84,13.34375,52,6,1,0,0,3416,256,16,0,0,9.125,0,
aeqkad,window,full,fidelity,False,True,16,iid,0.1,1,s018,3,27.500000000000004,15.108695652173914,12.0,57.49999999999999,56,40,40,0,6,0,0.8,10.79296875,45,5,0,0,0,2763,256,16,0,0,8.5,0,
aeqkad,window,full,fidelity,False,True,16,iid,0.1,1,s018,4,28.25,18.53260869565217,8.0,65.5,56,43,41,2,6,0,0.82,13.38671875,50,7,0,0,0,3427,256,16,0,0,10.4375,0,
aeqkad,window,full,fidelity,False,True,16,iid,0.1,1,s018,5,23.5,7.01086956521739,8.0,57.99999999999999,56,43,41,2,6,0,0.82,10.8203125,50,7,0,0,0,2770,256,16,0,0,8.6875,1,
aeqkad,window,full,fidelity,False,True,16,iid,0.1,1,s018,6,27.750000000000004,19.78260869565217,18.0,57.49999999999999,56,38,37,1,6,0,0.74,10.87109375,43,5,0,0,0,2783,256,16,0,0,11.4375,1,
aeqkad,window,full,fidelity,False,True,16,iid,0.1,1,s018,7,38.0,25.706521739130437,16.0,67.5,56,41,37,4,6,0,0.74,11.86328125,48,7,0,0,0,3037,256,16,0,0,10.4375,0,
aeqkad,window,full,fidelity,False,True,16,iid,0.1,1,s018,8,35.0,25.543478260869566,18.0,66.0,56,38,36,2,6,0,0.72,11.05859375,44,5,1,0,1,2831,256,16,0,0,12.75,1,74.0
aeqkad,window,full,fidelity,False,True,16,iid,0.1,2,s018,2,22.5,11.684782608695654,6.0,56.49999999999999,56,48,45,3,6,0,0.9,12.9921875,51,3,5,0,0,3326,256,16,0,0,8.5,1,
aeqkad,window,full,fidelity,False,True,16,iid,0.1,2,s018,3,28.25,16.195652173913043,12.0,59.5,56,44,40,4,6,0,0.8,11.90234375,49,5,1,0,0,3047,256,16,0,0,9.0625,0,
aeqkad,window,full,fidelity,False,True,16,iid,0.1,2,s018,4,28.25,19.78260869565217,10.0,65.0,56,45,41,4,6,0,0.82,13.71484375,50,5,0,0,0,3511,256,16,0,0,9.75,1,
aeqkad,window,full,fidelity,False,True,16,iid,0.1,2,s018,5,21.5,8.097826086956525,6.0,51.5,56,43,43,0,6,0,0.86,11.5,49,6,1,0,0,2944,256,16,0,0,9.9375,0,
aeqkad,window,full,fidelity,False,True,16,iid,0.1,2,s018,6,31.500000000000007,23.20652173913043,18.0,62.5,56,43,38,5,6,0,0.76,10.546875,46,3,2,0,0,2700,256,16,0,0,9.0,3,
aeqkad,window,full,fidelity,False,True,16,iid,0.1,2,s018,7,30.500000000000004,18.53260869565217,14.000000000000002,67.5,56,41,39,2,6,0,0.78,11.8671875,47,6,0,0,0,3038,256,16,0,0,8.9375,2,
aeqkad,window,full,fidelity,False,True,16,iid,0.1,2,s018,8,33.5,30.217391304347828,18.0,70.5,56,39,36,3,6,0,0.72,11.62890625,45,6,5,0,0,2977,256,16,0,0,12.875,0,90.0
mm,mm,full,fidelity,False,True,16,iid,0.1,0,s018,2,28.500000000000004,22.1195652173913,2.0,78.0,56,47,46,1,6,0,0.92,16.0,55,8,0,0,0,4096,256,16,1,16,85.625,0,
mm,mm,full,fidelity,False,True,16,iid,0.1,0,s018,3,34.0,28.967391304347828,6.0,69.5,56,47,42,5,6,0,0.84,15.5,52,5,0,0,0,3968,256,16,1,1,30.4375,5,
mm,mm,full,fidelity,False,True,16,iid,0.1,0,s018,4,38.0,34.891304347826086,16.0,73.5,56,41,39,2,6,0,0.78,15.9453125,45,4,0,0,0,4082,256,16,1,1,59.6875,2,
mm,mm,full,fidelity,False,True,16,iid,0.1,0,s018,5,21.5,7.01086956521739,0.0,73.5,56,50,47,3,6,0,0.94,15.87109375,55,5,3,0,0,4063,256,16,1,1,60.3125,1,
mm,mm,full,fidelity,False,True,16,iid,0.1,0,s018,6,25.5,15.108695652173914,10.0,71.5,56,43,43,0,6,0,0.86,15.91796875,48,2,0,0,3,4075,256,16,1,1,57.5,0,
mm,mm,full,fidelity,False,True,16,iid,0.1,0,s018,7,26.5,15.108695652173914,8.0,83.0,56,45,42,3,6,0,0.84,15.9765625,50,3,0,0,2,4090,256,16,1,1,59.75,1,
mm,mm,full,fidelity,False,True,16,iid,0.1,0,s018,8,33.75,26.79347826086957,12.0,75.0,56,41,38,3,6,0,0.76,15.50390625,47,6,0,0,0,3969,256,16,1,1,59.8125,4,90.0
mm,mm,full,fidelity,False,True,16,iid,0.1,1,s018,2,33.75,29.130434782608692,2.0,77.5,56,50,45,5,6,0,0.9,16.0,55,5,0,0,0,4096,256,16,1,16,87.125,0,
mm,mm,full,fidelity,False,True,16,iid,0.1,1,s018,3,29.75,24.456521739130437,6.0,72.5,56,45,43,2,6,0,0.86,15.67578125,52,7,1,0,0,4013,256,16,1,1,34.9375,2,
mm,mm,full,fidelity,False,True,16,iid,0.1,1,s018,4,34.25,35.97826086956522,10.0,74.5,56,44,42,2,6,0,0.84,16.0,50,6,0,0,0,4096,256,16,1,1,56.25,1,
mm,mm,full,fidelity,False,True,16,iid,0.1,1,s018,5,28.000000000000004,15.108695652173914,0.0,75.0,56,51,46,5,6,0,0.92,16.0,55,3,1,0,1,4096,256,16,1,1,53.1875,2,
mm,mm,full,fidelity,False,True,16,iid,0.1,1,s018,6,30.25,22.28260869565217,8.0,78.0,56,46,42,4,6,0,0.84,16.0,51,4,3,0,1,4096,256,16,1,1,59.8125,3,
mm,mm,full,fidelity,False,True,16,iid,0.1,1,s018,7,29.500000000000004,24.293478260869566,12.0,78.0,56,46,40,6,6,0,0.8,15.92578125,50,4,0,0,0,4077,256,16,1,1,63.0,6,
mm,mm,full,fidelity,False,True,16,iid,0.1,1,s018,8,29.75,25.543478260869566,8.0,80.5,56,47,45,2,6,0,0.9,15.9453125,49,1,0,0,1,4082,256,16,1,1,69.0625,3,92.0
mm,mm,full,fidelity,False,True,16,iid,0.1,2,s018,2,30.75,22.1195652173913,2.0,74.0,56,47,44,3,6,0,0.88,16.0,53,6,2,0,0,4096,256,16,1,16,85.75,0,
mm,mm,full,fidelity,False,True,16,iid,0.1,2,s018,3,31.75,19.945652173913043,8.0,70.5,56,46,41,5,6,0,0.82,15.453125,51,5,6,0,0,3956,256,16,1,1,31.875,4,
mm,mm,full,fidelity,False,True,16,iid,0.1,2,s018,4,35.25,27.8804347826087,8.0,78.0,56,44,41,3,6,0,0.82,15.71875,52,8,4,0,0,4024,256,16,1,1,50.8125,1,
mm,mm,full,fidelity,False,True,16,iid,0.1,2,s018,5,26.25,12.608695652173912,0.0,80.0,56,51,48,3,6,0,0.96,16.0,53,1,5,0,1,4096,256,16,1,1,61.5625,2,
mm,mm,full,fidelity,False,True,16,iid,0.1,2,s018,6,28.500000000000004,23.3695652173913,12.0,78.5,56,45,40,5,6,0,0.8,15.57421875,49,3,6,0,1,3987,256,16,1,1,65.4375,2,
mm,mm,full,fidelity,False,True,16,iid,0.1,2,s018,7,27.750000000000004,18.53260869565217,12.0,75.0,56,44,41,3,6,0,0.82,15.6953125,48,4,1,0,0,4018,256,16,1,1,45.8125,3,
mm,mm,full,fidelity,False,True,16,iid,0.1,2,s018,8,27.750000000000004,21.03260869565217,6.0,84.5,56,48,45,3,6,0,0.9,16.0,52,4,8,0,0,4096,256,16,1,1,72.75,3,94.0
static,static,none,fidelity,False,True,16,iid,0.1,0,s019,2,9.499999999999998,0.0,6.0,49.0,56,0,0,0,6,0,0.0,37.0,0,0,0,0,0,9472,256,50,0,50,81.5,0,
static,static,none,fidelity,False,True,16,iid,0.1,0,s019,3,7.999999999999999,2.33695652173913,2.0,48.5,56,0,0,0,6,0,0.0,37.0,0,0,0,0,0,9472,256,50,0,50,137.5,0,
static,static,none,fidelity,False,True,16,iid,0.1,0,s019,4,11.75,3.58695652173913,0.0,44.0,56,0,0,0,6,0,0.0,37.0,0,0,0,0,0,9472,256,50,0,50,193.5,0,
static,static,none,fidelity,False,True,16,iid,0.1,0,s019,5,13.5,4.67391304347826,0.0,47.0,56,0,0,0,6,0,0.0,37.0,0,0,0,0,0,9472,256,50,0,50,249.5,0,
static,static,none,fidelity,False,True,16,iid,0.1,0,s019,6,10.75,4.67391304347826,4.0,44.0,56,0,0,0,6,0,0.0,37.0,0,0,0,0,0,9472,256,50,0,50,305.5,0,
static,static,none,fidelity,False,True,16,iid,0.1,0,s019,7,11.0,2.33695652173913,4.0,39.0,56,0,0,0,6,0,0.0,37.0,0,0,0,0,0,9472,256,50,0,50,361.5,0,
static,static,none,fidelity,False,True,16,iid,0.1,0,s019,8,10.249999999999998,5.923913043478259,2.0,44.0,56,0,0,0,6,0,0.0,37.0,0,0,0,0,0,9472,256,50,0,50,417.5,0,38.0
static,static,none,fidelity,False,True,16,iid,0.1,1,s019,2,8.249999999999998,0.0,2.0,49.5,56,0,0,0,6,0,0.0,36.0,0,0,0,0,0,9216,256,50,0,50,81.5,0,
static,static,none,fidelity,False,True,16,iid,0.1,1,s019,3,7.499999999999998,0.0,0.0,52.0,56,0,0,0,6,0,0.0,36.0,0,0,0,0,0,9216,256,50,0,50,137.5,0,
static,static,none,fidelity,False,True,16,iid,0.1,1,s019,4,14.000000000000002,4.67391304347826,2.0,50.0,56,0,0,0,6,0,0.0,36.0,0,0,0,0,0,9216,256,50,0,50,193.5,0,
static,static,none,fidelity,False,True,16,iid,0.1,1,s019,5,12.0,4.67391304347826,0.0,51.0,56,0,0,0,6,0,0.0,36.0,0,0,0,0,0,9216,256,50,0,50,249.5,0,
static,static,none,fidelity,False,True,16,iid,0.1,1,s019,6,11.75,5.760869565217389,2.0,48.0,56,0,0,0,6,0,0.0,36.0,0,0,0,0,0,9216,256,50,0,50,305.5,0,
static,static,none,fidelity,False,True,16,iid,0.1,1,s019,7,13.750000000000002,2.33695652173913,2.0,45.5,56,0,0,0,6,0,0.0,36.0,0,0,0,0,0,9216,256,50,0,50,361.5,0,
static,static,none,fidelity,False,True,16,iid,0.1,1,s019,8,11.249999999999998,4.67391304347826,0.0,45.5,56,0,0,0,6,0,0.0,36.0,0,0,0,0,0,9216,256,50,0,50,417.5,0,14.000000000000002
static,static,none,fidelity,False,True,16,iid,0.1,2,s019,2,7.249999999999998,0.0,4.0,54.50000000000001,56,0,0,0,6,0,0.0,36.0,0,0,0,0,0,9216,256,50,0,50,81.5,0,
static,static,none,fidelity,False,True,16,iid,0.1,2,s019,3,9.499999999999998,1.0869565217391297,2.0,58.5,56,0,0,0,6,0,0.0,36.0,0,0,0,0,0,9216,256,50,0,50,137.5,0,
static,static,none,fidelity,False,True,16,iid,0.1,2,s019,4,14.250000000000002,8.097826086956525,2.0,56.99999999999999,56,0,0,0,6,0,0.0,36.0,0,0,0,0,0,9216,256,50,0,50,193.5,0,
static,static,none,fidelity,False,True,16,iid,0.1,2,s019,5,11.249999999999998,2.33695652173913,0.0,59.0,56,0,0,0,6,0,0.0,36.0,0,0,0,0,0,9216,256,50,0,50,249.5,0,
static,static,none,fidelity,False,True,16,iid,0.1,2,s019,6,12.25,5.760869565217389,2.0,56.00000000000001,56,0,0,0,6,0,0.0,36.0,0,0,0,0,0,9216,256,50,0,50,305.5,0,
static,static,none,fidelity,False,True,16,iid,0.1,2,s019,7,13.750000000000002,5.760869565217389,4.0,47.5,56,0,0,0,6,0,0.0,36.0,0,0,0,0,0,9216,256,50,0,50,361.5,0,
static,static,none,fidelity,False,True,16,iid,0.1,2,s019,8,8.249999999999998,3.423913043478259,2.0,52.0,56,0,0,0,6,0,0.0,36.0,0,0,0,0,0,9216,256,50,0,50,417.5,0,54.0
naive,naive,none,fidelity,False,True,16,iid,0.1,0,s019,2,9.499999999999998,0.0,4.0,66.5,56,52,48,4,6,0,0.96,54.21484375,0,0,0,0,0,13879,256,102,0,50,54.03921568627451,4,
naive,naive,none,fidelity,False,True,16,iid,0.1,0,s019,3,10.75,4.67391304347826,0.0,90.5,56,56,50,6,6,0,1.0,76.71484375,0,0,0,0,0,19639,256,158,0,50,80.78481012658227,10,
naive,naive,none,fidelity,False,True,16,iid,0.1,0,s019,4,14.000000000000002,2.33695652173913,0.0,99.5,56,56,50,6,6,0,1.0,93.64453125,0,0,0,0,0,23973,256,214,0,50,108.18691588785046,16,
naive,naive,none,fidelity,False,True,16,iid,0.1,0,s019,5,12.0,1.25,0.0,100.0,56,56,50,6,6,0,1.0,110.94140625,0,0,0,0,0,28401,256,270,0,50,135.83703703703705,22,
naive,naive,none,fidelity,False,True,16,iid,0.1,0,s019,6,7.749999999999998,7.01086956521739,0.0,100.0,56,56,50,6,6,0,1.0,126.8125,0,0,0,0,0,32464,256,326,0,50,163.6073619631902,28,
naive,naive,none,fidelity,False,True,16,iid,0.1,0,s019,7,18.250000000000004,4.67391304347826,0.0,100.0,56,56,50,6,6,0,1.0,141.6484375,0,0,0,0,0,36262,256,382,0,50,191.4450261780105,34,
naive,naive,none,fidelity,False,True,16,iid,0.1,0,s019,8,9.749999999999998,2.33695652173913,0.0,100.0,56,56,50,6,6,0,1.0,152.14453125,0,0,0,0,0,38949,256,438,0,50,219.324200913242,40,100.0
naive,naive,none,fidelity,False,True,16,iid,0.1,1,s019,2,10.0,0.0,2.0,73.0,56,54,49,5,6,0,0.98,55.2421875,0,0,0,0,0,14142,256,104,0,50,53.30769230769231,5,
naive,naive,none,fidelity,False,True,16,iid,0.1,1,s019,3,9.749999999999998,2.33695652173913,0.0,98.0,56,56,50,6,6,0,1.0,78.26171875,0,0,0,0,0,20035,256,160,0,50,80.675,11,
naive,naive,none,fidelity,False,True,16,iid,0.1,1,s019,4,10.249999999999998,3.423913043478259,0.0,100.0,56,56,50,6,6,0,1.0,98.07421875,0,0,0,0,0,25107,256,216,0,50,108.37037037037037,17,
naive,naive,none,fidelity,False,True,16,iid,0.1,1,s019,5,6.250000000000003,1.25,0.0,100.0,56,56,50,6,6,0,1.0,118.19140625,0,0,0,0,0,30257,256,272,0,50,136.19117647058823,23,
naive,naive,none,fidelity,False,True,16,iid,0.1,1,s019,6,10.749999999999998,7.01086956521739,0.0,100.0,56,56,50,6,6,0,1.0,129.796875,0,0,0,0,0,33228,256,328,0,50,164.0731707317073,29,
naive,naive,none,fidelity,False,True,16,iid,0.1,1,s019,7,17.5,4.67391304347826,0.0,100.0,56,56,50,6,6,0,1.0,141.65625,0,0,0,0,0,36264,256,384,0,50,191.98958333333331,35,
naive,naive,none,fidelity,False,True,16,iid,0.1,1,s019,8,12.0,2.33695652173913,0.0,100.0,56,56,50,6,6,0,1.0,155.65234375,0,0,0,0,0,39847,256,440,0,50,219.92727272727276,41,100.0
naive,naive,none,fidelity,False,True,16,iid,0.1,2,s019,2,13.5,0.0,4.0,74.5,56,49,48,1,6,0,0.96,50.96484375,0,0,0,0,0,13047,256,99,0,50,54.38383838383838,1,
naive,naive,none,fidelity,False,True,16,iid,0.1,2,s019,3,11.5,3.423913043478259,0.0,87.5,56,56,50,6,6,0,1.0,73.92578125,0,0,0,0,0,18925,256,155,0,50,80.43870967741935,7,
naive,naive,none,fidelity,False,True,16,iid,0.1,2,s019,4,12.0,3.423913043478259,0.0,99.5,56,56,50,6,6,0,1.0,88.6953125,0,0,0,0,0,22706,256,211,0,50,107.5260663507109,13,
naive,naive,none,fidelity,False,True,16,iid,0.1,2,s019,5,8.249999999999998,0.0,0.0,100.0,56,56,50,6,6,0,1.0,107.23046875,0,0,0,0,0,27451,256,267,0,50,134.99625468164794,19,
naive,naive,none,fidelity,False,True,16,iid,0.1,2,s019,6,9.499999999999998,4.67391304347826,0.0,100.0,56,56,50,6,6,0,1.0,119.94921875,0,0,0,0,0,30707,256,323,0,50,162.6501547987616,25,
naive,naive,none,fidelity,False,True,16,iid,0.1,2,s019,7,14.500000000000002,4.67391304347826,0.0,100.0,56,56,50,6,6,0,1.0,132.72265625,0,0,0,0,0,33977,256,379,0,50,190.40633245382585,31,
naive,naive,none,fidelity,False,True,16,iid,0.1,2,s019,8,10.0,1.0869565217391297,0.0,100.0,56,56,50,6,6,0,1.0,147.02734375,0,0,0,0,0,37639,256,435,0,50,218.22528735632184,37,100.0
window,window,none,fidelity,False,True,16,iid,0.1,0,s019,2,14.250000000000002,2.33695652173913,10.0,23.5,56,47,45,2,6,0,0.9,14.08203125,0,0,0,0,0,3605,256,16,0,0,9.0625,1,
window,window,none,fidelity,False,True,16,iid,0.1,0,s019,3,14.250000000000002,2.33695652173913,12.0,24.0,56,47,44,3,6,0,0.88,10.8828125,0,0,0,0,0,2786,256,16,0,0,9.5,2,
window,window,none,fidelity,False,True,16,iid,0.1,0,s019,4,20.0,4.67391304347826,14.000000000000002,31.5,56,44,43,1,6,0,0.86,11.875,0,0,0,0,0,3040,256,16,0,0,10.625,0,
window,window,none,fidelity,False,True,16,iid,0.1,0,s019,5,14.000000000000002,0.0,4.0,36.0,56,50,48,2,6,0,0.96,11.265625,0,0,0,0,0,2884,256,16,0,0,8.375,1,
window,window,none,fidelity,False,True,16,iid,0.1,0,s019,6,13.5,4.67391304347826,8.0,25.5,56,46,46,0,6,0,0.92,9.984375,0,0,0,0,0,2556,256,16,0,0,9.75,0,
window,window,none,fidelity,False,True,16,iid,0.1,0,s019,7,16.25,2.33695652173913,14.000000000000002,18.5,56,44,43,1,6,0,0.86,9.6875,0,0,0,0,0,2480,256,16,0,0,10.5,1,
window,window,none,fidelity,False,True,16,iid,0.1,0,s019,8,6.249999999999998,0.0,8.0,19.5,56,48,46,2,6,0,0.92,9.39453125,0,0,0,0,0,2405,256,16,0,0,9.125,0,0.0
window,window,none,fidelity,False,True,16,iid,0.1,1,s019,2,11.75,2.33695652173913,10.0,27.500000000000004,56,46,45,1,6,0,0.9,14.13671875,0,0,0,0,0,3619,256,16,0,0,9.5625,0,
window,window,none,fidelity,False,True,16,iid,0.1,1,s019,3,11.249999999999998,2.33695652173913,12.0,19.0,56,44,44,0,6,0,0.88,10.3359375,0,0,0,0,0,2646,256,16,0,0,11.6875,0,
window,window,none,fidelity,False,True,16,iid,0.1,1,s019,4,21.75,4.67391304347826,14.000000000000002,41.0,56,45,43,2,6,0,0.86,11.703125,0,0,0,0,0,2996,256,16,0,0,9.5625,0,
window,window,none,fidelity,False,True,16,iid,0.1,1,s019,5,12.5,2.33695652173913,4.0,39.0,56,50,48,2,6,0,0.96,11.1640625,0,0,0,0,0,2858,256,16,0,0,7.8125,0,
window,window,none,fidelity,False,True,16,iid,0.1,1,s019,6,9.749999999999998,4.67391304347826,8.0,27.0,56,46,46,0,6,0,0.92,9.75390625,0,0,0,0,0,2497,256,16,0,0,7.625,0,
window,window,none,fidelity,False,True,16,iid,0.1,1,s019,7,14.250000000000002,2.33695652173913,8.0,26.5,56,47,46,1,6,0,0.92,10.13671875,0,0,0,0,0,2595,256,16,0,0,9.5625,1,
window,window,none,fidelity,False,True,16,iid,0.1,1,s019,8,6.249999999999998,0.0,6.0,26.0,56,51,47,4,6,0,0.94,9.875,0,0,0,0,0,2528,256,16,0,0,8.9375,1,6.0
window,window,none,fidelity,False,True,16,iid,0.1,2,s019,2,13.5,3.423913043478259,10.0,42.5,56,46,45,1,6,0,0.9,14.015625,0,0,0,0,0,3588,256,16,0,0,8.75,0,
window,window,none,fidelity,False,True,16,iid,0.1,2,s019,3,15.250000000000002,4.67391304347826,10.0,32.5,56,47,45,2,6,0,0.9,10.79296875,0,0,0,0,0,2763,256,16,0,0,9.375,0,
window,window,none,fidelity,False,True,16,iid,0.1,2,s019,4,17.250000000000004,3.423913043478259,10.0,44.0,56,47,45,2,6,0,0.9,12.10546875,0,0,0,0,0,3099,256,16,0,0,11.8125,1,
window,window,none,fidelity,False,True,16,iid,0.1,2,s019,5,13.750000000000002,0.0,4.0,42.5,56,50,48,2,6,0,0.96,11.08203125,0,0,0,0,0,2837,256,16,0,0,9.5625,1,
window,window,none,fidelity,False,True,16,iid,0.1,2,s019,6,11.5,0.0,6.0,37.5,56,49,47,2,6,0,0.94,10.49609375,0,0,0,0,0,2687,256,16,0,0,9.125,0,
window,window,none,fidelity,False,True,16,iid,0.1,2,s019,7,14.500000000000002,2.33695652173913,6.0,34.0,56,48,47,1,6,0,0.94,10.2578125,0,0,0,0,0,2626,256,16,0,0,9.5625,0,
window,window,none,fidelity,False,True,16,iid,0.1,2,s019,8,7.749999999999998,0.0,4.0,26.5,56,49,48,1,6,0,0.96,9.453125,0,0,0,0,0,2420,256,16,0,0,8.9375,1,2.0
aeqkad,window,full,fidelity,False,True,16,iid,0.1,0,s019,2,14.250000000000002,3.423913043478259,12.0,24.5,56,37,37,0,6,0,0.74,13.046875,46,9,0,0,0,3340,256,16,0,0,10.8125,0,
aeqkad,window,full,fidelity,False,True,16,iid,0.1,0,s019,3,16.5,1.0869565217391297,12.0,20.5,56,41,41,0,6,0,0.82,9.83203125,47,6,0,0,0,2517,256,16,0,0,11.25,0,
aeqkad,window,full,fidelity,False,True,16,iid,0.1,0,s019,4,16.000000000000004,2.1739130434782594,18.0,21.0,56,32,32,0,6,0,0.64,9.4453125,42,10,0,0,0,2418,256,16,0,0,15.8125,0,
aeqkad,window,full,fidelity,False,True,16,iid,0.1,0,s019,5,17.25,9.347826086956523,10.0,27.500000000000004,56,36,36,0,6,0,0.72,9.6015625,47,11,0,0,0,2458,256,16,0,0,10.125,0,
aeqkad,window,full,fidelity,False,True,16,iid,0.1,0,s019,6,12.5,2.33695652173913,10.0,22.0,56,39,39,0,6,0,0.78,8.546875,45,6,0,0,0,2188,256,16,0,0,13.125,0,
aeqkad,window,full,fidelity,False,True,16,iid,0.1,0,s019,7,11.75,2.33695652173913,14.000000000000002,20.0,56,42,41,1,6,0,0.82,9.1796875,44,2,0,0,0,2350,256,16,0,0,12.0625,1,
aeqkad,window,full,fidelity,False,True,16,iid,0.1,0,s019,8,11.5,0.0,8.0,13.0,56,45,45,0,6,0,0.9,8.69921875,48,3,0,0,0,2227,256,16,0,0,10.25,0,0.0
aeqkad,window,full,fidelity,False,True,16,iid,0.1,1,s019,2,14.500000000000002,1.25,10.0,22.0,56,38,38,0,6,0,0.76,13.46875,46,8,0,0,0,3448,256,16,0,0,10.25,0,
aeqkad,window,full,fidelity,False,True,16,iid,0.1,1,s019,3,12.0,2.33695652173913,10.0,18.0,56,42,42,0,6,0,0.84,10.21484375,45,3,0,0,0,2615,256,16,0,0,11.6875,0,
aeqkad,window,full,fidelity,False,True,16,iid,0.1,1,s019,4,18.5,3.423913043478259,18.0,30.0,56,34,34,0,6,0,0.68,10.0859375,42,8,0,0,0,2582,256,16,0,0,11.75,0,
aeqkad,window,full,fidelity,False,True,16,iid,0.1,1,s019,5,13.750000000000002,2.5,6.0,36.5,56,43,42,1,6,0,0.84,10.32421875,49,6,0,0,0,2643,256,16,0,0,8.0625,0,
aeqkad,window,full,fidelity,False,True,16,iid,0.1,1,s019,6,9.25,2.33695652173913,8.0,24.5,56,41,41,0,6,0,0.82,9.03125,46,5,0,0,0,2312,256,16,0,0,9.25,0,
aeqkad,window,full,fidelity,False,True,16,iid,0.1,1,s019,7,14.250000000000002,1.0869565217391297,12.0,23.0,56,41,41,0,6,0,0.82,9.40234375,45,4,0,0,0,2407,256,16,0,0,14.0,0,
aeqkad,window,full,fidelity,False,True,16,iid,0.1,1,s019,8,11.75,0.0,6.0,15.0,56,45,45,0,6,0,0.9,8.859375,49,4,0,0,0,2268,256,16,0,0,11.0,0,6.0
aeqkad,window,full,fidelity,False,True,16,iid,0.1,2,s019,2,15.750000000000004,0.0,10.0,38.5,56,35,35,0,6,0,0.7,13.10546875,46,11,0,0,0,3355,256,16,0,0,11.5625,0,
aeqkad,window,full,fidelity,False,True,16,iid,0.1,2,s019,3,15.75,2.33695652173913,10.0,24.0,56,42,42,0,6,0,0.84,9.91015625,47,5,0,0,0,2537,256,16,0,0,9.375,0,
aeqkad,window,full,fidelity,False,True,16,iid,0.1,2,s019,4,20.25,3.423913043478259,16.0,33.0,56,32,32,0,6,0,0.64,9.9921875,44,12,0,0,0,2558,256,16,0,0,17.75,0,
aeqkad,window,full,fidelity,False,True,16,iid,0.1,2,s019,5,14.500000000000002,7.01086956521739,6.0,30.0,56,38,37,1,6,0,0.74,9.73046875,49,11,0,0,0,2491,256,16,0,0,10.4375,0,
aeqkad,window,full,fidelity,False,True,16,iid,0.1,2,s019,6,10.0,0.0,8.0,32.0,56,42,41,1,6,0,0.82,8.91015625,49,7,0,0,0,2281,256,16,0,0,10.8125,0,
aeqkad,window,full,fidelity,False,True,16,iid,0.1,2,s019,7,15.75,1.0869565217391297,10.0,27.500000000000004,56,41,41,0,6,0,0.82,9.21875,46,5,0,0,0,2360,256,16,0,0,12.75,0,
aeqkad,window,full,fidelity,False,True,16,iid,0.1,2,s019,8,12.0,0.0,4.0,22.5,56,45,45,0,6,0,0.9,8.4453125,49,4,0,0,0,2162,256,16,0,0,11.0625,0,4.0
mm,mm,full,fidelity,False,True,16,iid,0.1,0,s019,2,14.250000000000002,2.33695652173913,6.0,37.0,56,33,33,0,6,0,0.66,16.0,50,17,0,0,0,4096,256,16,1,16,89.25,0,
mm,mm,full,fidelity,False,True,16,iid,0.1,0,s019,3,7.999999999999999,1.0869565217391297,6.0,31.5,56,38,38,0,6,0,0.76,14.78515625,49,11,0,0,0,3785,256,16,1,4,39.4375,0,
mm,mm,full,fidelity,False,True,16,iid,0.1,0,s019,4,17.750000000000004,3.423913043478259,12.0,25.5,56,36,36,0,6,0,0.72,13.64453125,46,10,0,0,0,3493,256,16,1,1,40.5625,0,
mm,mm,full,fidelity,False,True,16,iid,0.1,0,s019,5,10.0,2.33695652173913,4.0,44.0,56,48,46,2,6,0,0.92,15.69921875,50,2,0,0,0,4019,256,16,1,1,63.4375,1,
mm,mm,full,fidelity,False,True,16,iid,0.1,0,s019,6,13.750000000000002,8.097826086956525,8.0,47.0,56,44,44,0,6,0,0.88,15.65234375,48,4,0,0,0,4007,256,16,1,1,54.0625,1,
mm,mm,full,fidelity,False,True,16,iid,0.1,0,s019,7,11.5,3.58695652173913,10.0,48.5,56,43,42,1,6,0,0.84,15.05078125,46,2,0,0,1,3853,256,16,1,1,67.625,0,
mm,mm,full,fidelity,False,True,16,iid,0.1,0,s019,8,7.749999999999998,0.0,4.0,37.5,56,45,45,0,6,0,0.9,14.921875,51,6,0,0,0,3820,256,16,1,1,71.8125,0,54.0
mm,mm,full,fidelity,False,True,16,iid,0.1,1,s019,2,11.5,1.0869565217391297,6.0,33.5,56,37,37,0,6,0,0.74,16.0,48,11,0,0,0,4096,256,16,1,16,89.25,0,
mm,mm,full,fidelity,False,True,16,iid,0.1,1,s019,3,9.249999999999996,1.25,6.0,27.0,56,41,41,0,6,0,0.82,14.4140625,48,7,0,0,0,3690,256,16,1,4,41.5,0,
mm,mm,full,fidelity,False,True,16,iid,0.1,1,s019,4,16.000000000000004,2.33695652173913,8.0,31.5,56,38,38,0,6,0,0.76,14.078125,48,10,0,0,0,3604,256,16,1,1,42.625,0,
mm,mm,full,fidelity,False,True,16,iid,0.1,1,s019,5,7.749999999999998,2.33695652173913,4.0,48.5,56,48,47,1,6,0,0.94,15.89453125,51,3,0,0,0,4069,256,16,1,1,59.625,1,
mm,mm,full,fidelity,False,True,16,iid,0.1,1,s019,6,7.249999999999998,5.760869565217389,6.0,46.5,56,46,46,0,6,0,0.92,15.8984375,48,2,0,0,0,4070,256,16,1,1,49.375,0,
mm,mm,full,fidelity,False,True,16,iid,0.1,1,s019,7,11.250000000000002,4.67391304347826,8.0,49.5,56,43,42,1,6,0,0.84,14.578125,47,3,0,0,1,3732,256,16,1,1,66.0625,1,
mm,mm,full,fidelity,False,True,16,iid,0.1,1,s019,8,10.749999999999998,0.0,2.0,39.5,56,46,45,1,6,0,0.9,15.1484375,53,6,0,0,1,3878,256,16,1,1,72.8125,2,10.0
mm,mm,full,fidelity,False,True,16,iid,0.1,2,s019,2,11.75,5.760869565217389,4.0,51.5,56,34,34,0,6,0,0.68,16.0,49,15,0,0,0,4096,256,16,1,16,89.25,0,
mm,mm,full,fidelity,False,True,16,iid,0.1,2,s019,3,9.749999999999998,2.33695652173913,6.0,55.50000000000001,56,40,40,0,6,0,0.8,14.703125,51,11,0,0,0,3764,256,16,1,4,38.8125,0,
mm,mm,full,fidelity,False,True,16,iid,0.1,2,s019,4,17.25,2.1739130434782594,8.0,41.5,56,34,34,0,6,0,0.68,13.44140625,48,14,0,0,0,3441,256,16,1,1,49.9375,0,
mm,mm,full,fidelity,False,True,16,iid,0.1,2,s019,5,6.499999999999997,0.0,2.0,52.5,56,47,46,1,6,0,0.92,14.64453125,52,5,0,0,0,3749,256,16,1,1,62.4375,1,
mm,mm,full,fidelity,False,True,16,iid,0.1,2,s019,6,9.25,2.33695652173913,2.0,56.49999999999999,56,46,45,1,6,0,0.9,15.4453125,53,7,0,0,0,3954,256,16,1,1,45.0625,2,
mm,mm,full,fidelity,False,True,16,iid,0.1,2,s019,7,17.5,3.423913043478259,8.0,46.5,56,41,41,0,6,0,0.82,12.62890625,48,7,0,0,0,3233,256,16,1,1,66.625,1,
mm,mm,full,fidelity,False,True,16,iid,0.1,2,s019,8,7.749999999999998,0.0,0.0,47.0,56,45,45,0,6,0,0.9,12.98828125,52,7,0,0,0,3325,256,16,1,1,61.0625,0,8.0
static,static,none,fidelity,False,True,16,iid,0.1,0,s020,2,41.0,31.467391304347824,24.0,56.49999999999999,56,0,0,0,6,0,0.0,38.0,0,0,0,0,0,9728,256,50,0,50,81.5,0,
static,static,none,fidelity,False,True,16,iid,0.1,0,s020,3,54.25,51.08695652173913,46.0,59.0,56,0,0,0,6,0,0.0,38.0,0,0,0,0,0,9728,256,50,0,50,137.5,0,
static,static,none,fidelity,False,True,16,iid,0.1,0,s020,4,32.0,17.445652173913043,16.0,64.5,56,0,0,0,6,0,0.0,38.0,0,0,0,0,0,9728,256,50,0,50,193.5,0,
static,static,none,fidelity,False,True,16,iid,0.1,0,s020,5,29.75,18.695652173913043,12.0,69.0,56,0,0,0,6,0,0.0,38.0,0,0,0,0,0,9728,256,50,0,50,249.5,0,
static,static,none,fidelity,False,True,16,iid,0.1,0,s020,6,26.75,20.869565217391305,22.0,68.0,56,0,0,0,6,0,0.0,38.0,0,0,0,0,0,9728,256,50,0,50,305.5,0,
static,static,none,fidelity,False,True,16,iid,0.1,0,s020,7,17.750000000000004,7.01086956521739,4.0,68.0,56,0,0,0,6,0,0.0,38.0,0,0,0,0,0,9728,256,50,0,50,361.5,0,
static,static,none,fidelity,False,True,16,iid,0.1,0,s020,8,50.0,51.08695652173913,34.0,64.0,56,0,0,0,6,0,0.0,38.0,0,0,0,0,0,9728,256,50,0,50,417.5,0,82.0
static,static,none,fidelity,False,True,16,iid,0.1,1,s020,2,39.25,36.141304347826086,34.0,51.0,56,0,0,0,6,0,0.0,37.0,0,0,0,0,0,9472,256,50,0,50,81.5,0,
static,static,none,fidelity,False,True,16,iid,0.1,1,s020,3,54.75000000000001,51.08695652173913,60.0,48.0,56,0,0,0,6,0,0.0,37.0,0,0,0,0,0,9472,256,50,0,50,137.5,0,
static,static,none,fidelity,False,True,16,iid,0.1,1,s020,4,35.0,19.78260869565217,22.0,60.0,56,0,0,0,6,0,0.0,37.0,0,0,0,0,0,9472,256,50,0,50,193.5,0,
static,static,none,fidelity,False,True,16,iid,0.1,1,s020,5,28.500000000000004,24.456521739130437,12.0,55.00000000000001,56,0,0,0,6,0,0.0,37.0,0,0,0,0,0,9472,256,50,0,50,249.5,0,
static,static,none,fidelity,False,True,16,iid,0.1,1,s020,6,30.75,23.20652173913043,22.0,63.5,56,0,0,0,6,0,0.0,37.0,0,0,0,0,0,9472,256,50,0,50,305.5,0,
static,static,none,fidelity,False,True,16,iid,0.1,1,s020,7,16.500000000000004,5.760869565217389,6.0,62.5,56,0,0,0,6,0,0.0,37.0,0,0,0,0,0,9472,256,50,0,50,361.5,0,
static,static,none,fidelity,False,True,16,iid,0.1,1,s020,8,51.75000000000001,52.33695652173913,38.0,64.0,56,0,0,0,6,0,0.0,37.0,0,0,0,0,0,9472,256,50,0,50,417.5,0,48.0
static,static,none,fidelity,False,True,16,iid,0.1,2,s020,2,43.25,30.217391304347828,38.0,43.5,56,0,0,0,6,0,0.0,38.0,0,0,0,0,0,9728,256,50,0,50,81.5,0,
static,static,none,fidelity,False,True,16,iid,0.1,2,s020,3,54.0,42.98913043478261,62.0,41.5,56,0,0,0,6,0,0.0,38.0,0,0,0,0,0,9728,256,50,0,50,137.5,0,
static,static,none,fidelity,False,True,16,iid,0.1,2,s020,4,34.0,25.543478260869566,22.0,53.0,56,0,0,0,6,0,0.0,38.0,0,0,0,0,0,9728,256,50,0,50,193.5,0,
static,static,none,fidelity,False,True,16,iid,0.1,2,s020,5,28.500000000000004,21.956521739130437,14.000000000000002,51.0,56,0,0,0,6,0,0.0,38.0,0,0,0,0,0,9728,256,50,0,50,249.5,0,
static,static,none,fidelity,False,True,16,iid,0.1,2,s020,6,28.000000000000004,22.1195652173913,22.0,53.5,56,0,0,0,6,0,0.0,38.0,0,0,0,0,0,9728,256,50,0,50,305.5,0,
static,static,none,fidelity,False,True,16,iid,0.1,2,s020,7,17.500000000000004,12.608695652173912,6.0,53.5,56,0,0,0,6,0,0.0,38.0,0,0,0,0,0,9728,256,50,0,50,361.5,0,
static,static,none,fidelity,False,True,16,iid,0.1,2,s020,8,50.0,52.33695652173913,56.00000000000001,49.5,56,0,0,0,6,0,0.0,38.0,0,0,0,0,0,9728,256,50,0,50,417.5,0,70.0
naive,naive,none,fidelity,False,True,16,iid,0.1,0,s020,2,38.0,32.55434782608696,20.0,72.5,56,45,40,5,6,0,0.8,53.73828125,0,0,0,0,0,13757,256,95,0,50,54.54736842105263,5,
naive,naive,none,fidelity,False,True,16,iid,0.1,0,s020,3,52.25,44.239130434782616,0.0,94.5,56,55,50,5,6,0,1.0,84.81640625,0,0,0,0,0,21713,256,150,0,50,79.98,10,
naive,naive,none,fidelity,False,True,16,iid,0.1,0,s020,4,23.75,17.445652173913043,0.0,100.0,56,56,50,6,6,0,1.0,125.0546875,0,0,0,0,0,32014,256,206,0,50,106.49029126213593,16,
naive,naive,none,fidelity,False,True,16,iid,0.1,0,s020,5,25.25,18.53260869565217,0.0,100.0,56,56,50,6,6,0,1.0,162.9296875,0,0,0,0,0,41710,256,262,0,50,133.63740458015266,22,
naive,naive,none,fidelity,False,True,16,iid,0.1,0,s020,6,29.75,26.79347826086957,0.0,100.0,56,56,50,6,6,0,1.0,193.10546875,0,0,0,0,0,49435,256,318,0,50,161.08490566037736,28,
naive,naive,none,fidelity,False,True,16,iid,0.1,0,s020,7,13.750000000000002,4.510869565217389,0.0,100.0,56,56,50,6,6,0,1.0,208.38671875,0,0,0,0,0,53347,256,374,0,50,188.69786096256684,34,
naive,naive,none,fidelity,False,True,16,iid,0.1,0,s020,8,36.0,30.217391304347828,0.0,100.0,56,56,50,6,6,0,1.0,235.63671875,0,0,0,0,0,60323,256,430,0,50,216.41162790697675,40,100.0
naive,naive,none,fidelity,False,True,16,iid,0.1,1,s020,2,42.25,39.891304347826086,26.0,65.0,56,42,37,5,6,0,0.74,52.04296875,0,0,0,0,0,13323,256,92,0,50,55.01086956521739,5,
naive,naive,none,fidelity,False,True,16,iid,0.1,1,s020,3,53.0,47.66304347826087,16.0,86.5,56,47,42,5,6,0,0.84,77.9375,0,0,0,0,0,19952,256,139,0,50,82.53237410071942,10,
naive,naive,none,fidelity,False,True,16,iid,0.1,1,s020,4,27.0,25.706521739130437,2.0,99.0,56,55,49,6,6,0,0.98,113.1796875,0,0,0,0,0,28974,256,194,0,50,107.08247422680412,16,
naive,naive,none,fidelity,False,True,16,iid,0.1,1,s020,5,29.25,24.456521739130437,0.0,100.0,56,56,50,6,6,0,1.0,146.546875,0,0,0,0,0,37516,256,250,0,50,132.712,22,
naive,naive,none,fidelity,False,True,16,iid,0.1,1,s020,6,35.75,27.8804347826087,0.0,100.0,56,56,50,6,6,0,1.0,175.51171875,0,0,0,0,0,44931,256,306,0,50,159.20915032679738,28,
naive,naive,none,fidelity,False,True,16,iid,0.1,1,s020,7,12.75,7.01086956521739,0.0,100.0,56,56,50,6,6,0,1.0,193.86328125,0,0,0,0,0,49629,256,362,0,50,186.17127071823205,34,
naive,naive,none,fidelity,False,True,16,iid,0.1,1,s020,8,42.50000000000001,38.47826086956522,0.0,100.0,56,56,50,6,6,0,1.0,223.15625,0,0,0,0,0,57128,256,418,0,50,213.41148325358853,40,100.0
naive,naive,none,fidelity,False,True,16,iid,0.1,2,s020,2,43.50000000000001,32.55434782608696,34.0,51.5,56,35,33,2,6,0,0.66,46.77734375,0,0,0,0,0,11975,256,85,0,50,56.56470588235294,2,
naive,naive,none,fidelity,False,True,16,iid,0.1,2,s020,3,52.75000000000001,45.326086956521735,46.0,57.49999999999999,56,29,27,2,6,0,0.54,65.84375,0,0,0,0,0,16856,256,114,0,50,91.6842105263158,4,
naive,naive,none,fidelity,False,True,16,iid,0.1,2,s020,4,27.500000000000004,22.1195652173913,6.0,79.0,56,50,47,3,6,0,0.94,85.1796875,0,0,0,0,0,21806,256,164,0,50,111.14024390243902,7,
naive,naive,none,fidelity,False,True,16,iid,0.1,2,s020,5,23.5,17.445652173913043,4.0,88.5,56,52,48,4,6,0,0.96,111.984375,0,0,0,0,0,28668,256,216,0,50,133.1064814814815,11,
naive,naive,none,fidelity,False,True,16,iid,0.1,2,s020,6,31.75,28.04347826086957,6.0,92.0,56,53,47,6,6,0,0.94,139.98046875,0,0,0,0,0,35835,256,269,0,50,157.26765799256506,17,
naive,naive,none,fidelity,False,True,16,iid,0.1,2,s020,7,13.750000000000002,8.097826086956525,0.0,97.0,56,56,50,6,6,0,1.0,158.0703125,0,0,0,0,0,40466,256,325,0,50,181.25846153846155,23,
naive,naive,none,fidelity,False,True,16,iid,0.1,2,s020,8,38.5,38.31521739130434,0.0,98.5,56,56,50,6,6,0,1.0,181.69921875,0,0,0,0,0,46515,256,381,0,50,206.4278215223097,29,100.0
window,window,none,fidelity,False,True,16,iid,0.1,0,s020,2,34.5,27.8804347826087,32.0,37.0,56,35,34,1,6,0,0.68,15.0390625,0,0,0,0,0,3850,256,16,0,0,10.375,0,
window,window,none,fidelity,False,True,16,iid,0.1,0,s020,3,53.25,44.239130434782616,66.0,39.0,56,20,17,3,6,0,0.34,15.3671875,0,0,0,0,0,3934,256,16,0,0,31.3125,3,
window,window,none,fidelity,False,True,16,iid,0.1,0,s020,4,30.000000000000004,16.195652173913043,26.0,32.0,56,40,37,3,6,0,0.74,14.73046875,0,0,0,0,0,3771,256,16,0,0,9.625,2,
window,window,none,fidelity,False,True,16,iid,0.1,0,s020,5,28.75,19.78260869565217,20.0,46.5,56,40,40,0,6,0,0.8,14.05078125,0,0,0,0,0,3597,256,16,0,0,7.8125,0,
window,window,none,fidelity,False,True,16,iid,0.1,0,s020,6,34.0,22.1195652173913,24.0,44.0,56,39,38,1,6,0,0.76,14.87109375,0,0,0,0,0,3807,256,16,0,0,10.6875,0,
window,window,none,fidelity,False,True,16,iid,0.1,0,s020,7,15.500000000000004,8.097826086956525,6.0,39.5,56,49,47,2,6,0,0.94,13.21484375,0,0,0,0,0,3383,256,16,0,0,8.875,0,
window,window,none,fidelity,False,True,16,iid,0.1,0,s020,8,29.75,11.684782608695654,34.0,20.0,56,33,33,0,6,0,0.66,14.359375,0,0,0,0,0,3676,256,16,0,0,8.4375,0,22.0
window,window,none,fidelity,False,True,16,iid,0.1,1,s020,2,41.75,33.80434782608695,38.0,43.0,56,34,31,3,6,0,0.62,15.0859375,0,0,0,0,0,3862,256,16,0,0,8.875,0,
window,window,none,fidelity,False,True,16,iid,0.1,1,s020,3,46.75,38.47826086956522,66.0,29.5,56,18,17,1,6,0,0.34,15.421875,0,0,0,0,0,3948,256,16,0,0,34.125,1,
window,window,none,fidelity,False,True,16,iid,0.1,1,s020,4,28.5,22.1195652173913,32.0,39.0,56,37,34,3,6,0,0.68,14.46875,0,0,0,0,0,3704,256,16,0,0,13.375,2,
window,window,none,fidelity,False,True,16,iid,0.1,1,s020,5,23.75,15.108695652173914,22.0,31.5,56,42,39,3,6,0,0.78,13.7265625,0,0,0,0,0,3514,256,16,0,0,9.0625,1,
window,window,none,fidelity,False,True,16,iid,0.1,1,s020,6,30.999999999999996,21.03260869565217,24.0,46.5,56,40,38,2,6,0,0.76,14.75390625,0,0,0,0,0,3777,256,16,0,0,11.3125,1,
window,window,none,fidelity,False,True,16,iid,0.1,1,s020,7,13.5,3.58695652173913,6.0,37.5,56,49,47,2,6,0,0.94,13.25390625,0,0,0,0,0,3393,256,16,0,0,10.3125,1,
window,window,none,fidelity,False,True,16,iid,0.1,1,s020,8,34.0,21.03260869565217,34.0,32.0,56,35,33,2,6,0,0.66,14.83984375,0,0,0,0,0,3799,256,16,0,0,8.125,0,52.0
window,window,none,fidelity,False,True,16,iid,0.1,2,s020,2,38.0,29.130434782608692,44.0,32.5,56,29,28,1,6,0,0.56,15.05859375,0,0,0,0,0,3855,256,16,0,0,9.8125,0,
window,window,none,fidelity,False,True,16,iid,0.1,2,s020,3,49.75,38.31521739130434,66.0,24.0,56,17,17,0,6,0,0.34,15.15625,0,0,0,0,0,3880,256,16,0,0,34.875,0,
window,window,none,fidelity,False,True,16,iid,0.1,2,s020,4,27.750000000000004,16.195652173913043,26.0,27.500000000000004,56,39,37,2,6,0,0.74,14.65625,0,0,0,0,0,3752,256,16,0,0,11.1875,0,
window,window,none,fidelity,False,True,16,iid,0.1,2,s020,5,28.25,19.6195652173913,24.0,34.0,56,40,38,2,6,0,0.76,14.05859375,0,0,0,0,0,3599,256,16,0,0,10.375,2,
window,window,none,fidelity,False,True,16,iid,0.1,2,s020,6,37.75,26.79347826086957,36.0,40.5,56,36,32,4,6,0,0.64,14.765625,0,0,0,0,0,3780,256,16,0,0,9.5,0,
window,window,none,fidelity,False,True,16,iid,0.1,2,s020,7,17.750000000000004,14.021739130434783,12.0,33.0,56,46,44,2,6,0,0.88,12.9453125,0,0,0,0,0,3314,256,16,0,0,9.0625,0,
window,window,none,fidelity,False,True,16,iid,0.1,2,s020,8,28.500000000000004,12.771739130434783,36.0,16.5,56,32,32,0,6,0,0.64,14.2890625,0,0,0,0,0,3658,256,16,0,0,8.6875,0,10.0
aeqkad,window,full,fidelity,False,True,16,iid,0.1,0,s020,2,37.75,32.71739130434783,40.0,37.0,56,21,21,0,6,0,0.42,14.54296875,31,10,0,0,0,3723,256,16,0,0,12.625,0,
aeqkad,window,full,fidelity,False,True,16,iid,0.1,0,s020,3,51.24999999999999,33.80434782608695,68.0,24.0,56,9,8,1,6,0,0.16,12.45703125,17,8,0,0,0,3189,256,16,0,0,46.875,1,
aeqkad,window,full,fidelity,False,True,16,iid,0.1,0,s020,4,28.500000000000004,22.1195652173913,32.0,24.5,56,29,29,0,6,0,0.58,13.50390625,37,8,0,0,0,3457,256,16,0,0,18.0,0,
aeqkad,window,full,fidelity,False,True,16,iid,0.1,0,s020,5,25.0,17.445652173913043,26.0,38.0,56,35,35,0,6,0,0.7,13.67578125,37,2,0,0,0,3501,256,16,0,0,8.9375,0,
aeqkad,window,full,fidelity,False,True,16,iid,0.1,0,s020,6,44.99999999999999,35.97826086956522,54.0,35.5,56,14,14,0,6,0,0.28,12.3984375,23,9,0,0,0,3174,256,16,0,0,23.4375,0,
aeqkad,window,full,fidelity,False,True,16,iid,0.1,0,s020,7,14.500000000000002,5.923913043478259,6.0,35.5,56,43,43,0,6,0,0.86,12.72265625,49,6,0,0,0,3257,256,16,0,0,8.875,0,
aeqkad,window,full,fidelity,False,True,16,iid,0.1,0,s020,8,36.0,20.869565217391305,44.0,19.5,56,21,21,0,6,0,0.42,14.16796875,29,8,0,0,0,3627,256,16,0,0,13.75,0,16.0
aeqkad,window,full,fidelity,False,True,16,iid,0.1,1,s020,2,38.25,29.130434782608692,40.0,38.5,56,19,19,0,6,0,0.38,14.71484375,34,15,0,0,0,3767,256,16,0,0,14.4375,0,
aeqkad,window,full,fidelity,False,True,16,iid,0.1,1,s020,3,48.0,33.80434782608695,66.0,19.5,56,9,9,0,6,0,0.18,12.01171875,18,9,0,0,0,3075,256,16,0,0,47.25,0,
aeqkad,window,full,fidelity,False,True,16,iid,0.1,1,s020,4,28.25,17.445652173913043,30.0,27.0,56,28,28,0,6,0,0.56,13.26171875,37,9,0,0,0,3395,256,16,0,0,16.0,0,
aeqkad,window,full,fidelity,False,True,16,iid,0.1,1,s020,5,34.5,28.967391304347828,34.0,32.0,56,20,20,0,6,0,0.4,13.8828125,35,15,0,0,0,3554,256,16,0,0,11.9375,0,
aeqkad,window,full,fidelity,False,True,16,iid,0.1,1,s020,6,37.75,32.71739130434783,40.0,34.0,56,15,14,1,6,0,0.28,12.3984375,32,17,0,0,0,3174,256,16,0,0,27.875,1,
aeqkad,window,full,fidelity,False,True,16,iid,0.1,1,s020,7,16.500000000000004,3.58695652173913,6.0,30.0,56,38,38,0,6,0,0.76,11.72265625,49,10,0,0,1,3001,256,16,0,0,12.75,0,
aeqkad,window,full,fidelity,False,True,16,iid,0.1,1,s020,8,39.75,37.22826086956522,50.0,27.500000000000004,56,12,11,1,6,0,0.22,12.1640625,27,14,0,0,1,3114,256,16,0,0,24.875,1,40.0
aeqkad,window,full,fidelity,False,True,16,iid,0.1,2,s020,2,41.75,32.55434782608696,48.0,34.5,56,17,16,1,6,0,0.32,14.78515625,28,11,0,0,0,3785,256,16,0,0,15.8125,0,
aeqkad,window,full,fidelity,False,True,16,iid,0.1,2,s020,3,48.0,32.55434782608696,72.0,14.499999999999998,56,8,8,0,6,0,0.16,11.4140625,14,6,0,0,0,2922,256,16,0,0,49.4375,0,
aeqkad,window,full,fidelity,False,True,16,iid,0.1,2,s020,4,30.500000000000004,25.543478260869566,32.0,23.5,56,28,27,1,6,0,0.54,13.296875,36,8,0,0,0,3404,256,16,0,0,15.25,1,
aeqkad,window,full,fidelity,False,True,16,iid,0.1,2,s020,5,33.75,32.22826086956522,46.0,23.0,56,18,18,0,6,0,0.36,14.1796875,27,9,0,0,0,3630,256,16,0,0,13.3125,0,
aeqkad,window,full,fidelity,False,True,16,iid,0.1,2,s020,6,42.25,30.217391304347828,60.0,21.0,56,12,11,1,6,0,0.22,11.9140625,22,10,0,0,0,3050,256,16,0,0,34.3125,1,
aeqkad,window,full,fidelity,False,True,16,iid,0.1,2,s020,7,21.5,12.771739130434783,14.000000000000002,30.0,56,35,33,2,6,0,0.66,11.8203125,45,10,0,0,0,3026,256,16,0,0,11.8125,0,
aeqkad,window,full,fidelity,False,True,16,iid,0.1,2,s020,8,39.25,37.22826086956522,60.0,19.5,56,10,10,0,6,0,0.2,12.46875,20,10,0,0,0,3192,256,16,0,0,29.375,0,36.0
mm,mm,full,fidelity,False,True,16,iid,0.1,0,s020,2,42.25,35.05434782608695,38.0,48.5,56,23,23,0,6,0,0.46,16.0,34,10,0,0,1,4096,256,16,1,14,74.0625,0,
mm,mm,full,fidelity,False,True,16,iid,0.1,0,s020,3,49.75,41.73913043478261,56.00000000000001,45.5,56,15,13,2,6,0,0.26,16.0,25,10,0,0,0,4096,256,16,1,14,130.0625,0,
mm,mm,full,fidelity,False,True,16,iid,0.1,0,s020,4,29.000000000000004,19.78260869565217,22.0,54.50000000000001,56,33,32,1,6,0,0.64,15.8515625,42,9,0,0,0,4058,256,16,1,6,80.1875,1,
mm,mm,full,fidelity,False,True,16,iid,0.1,0,s020,5,28.25,17.445652173913043,16.0,52.0,56,35,35,0,6,0,0.7,15.82421875,42,7,0,0,0,4051,256,16,1,1,52.4375,1,
mm,mm,full,fidelity,False,True,16,iid,0.1,0,s020,6,34.25,24.456521739130437,20.0,61.0,56,34,33,1,6,0,0.66,16.0,42,8,0,0,0,4096,256,16,1,1,80.4375,1,
mm,mm,full,fidelity,False,True,16,iid,0.1,0,s020,7,15.000000000000002,2.1739130434782594,4.0,58.5,56,47,44,3,6,0,0.88,15.84375,53,6,0,0,0,4056,256,16,1,1,52.4375,2,
mm,mm,full,fidelity,False,True,16,iid,0.1,0,s020,8,40.0,33.80434782608695,38.0,53.0,56,22,21,1,6,0,0.42,16.0,34,12,0,0,0,4096,256,16,1,1,85.75,2,60.0
mm,mm,full,fidelity,False,True,16,iid,0.1,1,s020,2,41.5,35.97826086956522,38.0,53.0,56,18,18,0,6,0,0.36,16.0,36,18,0,0,0,4096,256,16,1,16,82.375,0,
mm,mm,full,fidelity,False,True,16,iid,0.1,1,s020,3,54.75000000000001,54.673913043478265,62.0,52.0,56,10,10,0,6,0,0.2,16.0,21,9,0,0,2,4096,256,16,1,16,138.375,0,
mm,mm,full,fidelity,False,True,16,iid,0.1,1,s020,4,34.25,20.869565217391305,22.0,63.0,56,31,30,1,6,0,0.6,16.0,43,12,0,0,0,4096,256,16,1,12,141.1875,0,
mm,mm,full,fidelity,False,True,16,iid,0.1,1,s020,5,24.25,16.358695652173914,10.0,56.49999999999999,56,37,36,1,6,0,0.72,16.0,49,11,0,0,1,4096,256,16,1,1,49.625,0,
mm,mm,full,fidelity,False,True,16,iid,0.1,1,s020,6,35.75,24.456521739130437,20.0,59.5,56,33,31,2,6,0,0.62,16.0,43,10,0,0,0,4096,256,16,1,1,91.0625,1,
mm,mm,full,fidelity,False,True,16,iid,0.1,1,s020,7,18.250000000000004,3.58695652173913,4.0,57.99999999999999,56,41,41,0,6,0,0.82,15.4609375,50,8,0,0,1,3958,256,16,1,1,55.875,1,
mm,mm,full,fidelity,False,True,16,iid,0.1,1,s020,8,50.0,47.66304347826087,46.0,54.50000000000001,56,12,10,2,6,0,0.2,15.34375,31,18,0,0,1,3928,256,16,1,1,86.125,2,54.0
mm,mm,full,fidelity,False,True,16,iid,0.1,2,s020,2,45.49999999999999,38.47826086956522,44.0,45.5,56,13,12,1,6,0,0.24,16.0,30,17,0,0,0,4096,256,16,1,16,81.9375,0,
mm,mm,full,fidelity,False,True,16,iid,0.1,2,s020,3,56.00000000000001,53.423913043478265,64.0,43.5,56,8,8,0,6,0,0.16,16.0,19,11,0,0,0,4096,256,16,1,16,137.9375,0,
mm,mm,full,fidelity,False,True,16,iid,0.1,2,s020,4,36.5,22.1195652173913,26.0,54.50000000000001,56,24,23,1,6,0,0.46,16.0,40,15,0,0,1,4096,256,16,1,16,193.9375,0,
mm,mm,full,fidelity,False,True,16,iid,0.1,2,s020,5,26.5,17.282608695652176,16.0,51.5,56,38,36,2,6,0,0.72,15.9765625,44,5,0,0,1,4090,256,16,1,2,46.0625,1,
mm,mm,full,fidelity,False,True,16,iid,0.1,2,s020,6,36.0,32.55434782608696,28.000000000000004,56.00000000000001,56,30,28,2,6,0,0.56,16.0,40,10,0,0,0,4096,256,16,1,1,72.75,2,
mm,mm,full,fidelity,False,True,16,iid,0.1,2,s020,7,28.500000000000004,15.271739130434783,8.0,53.0,56,38,36,2,6,0,0.72,15.96875,50,12,0,0,0,4088,256,16,1,1,89.75,2,
mm,mm,full,fidelity,False,True,16,iid,0.1,2,s020,8,60.0,66.35869565217392,64.0,55.50000000000001,56,9,8,1,6,0,0.16,16.0,22,12,0,0,1,4096,256,16,1,1,110.1875,2,74.0
static,static,none,fidelity,False,True,16,iid,0.1,0,s021,2,32.0,25.543478260869566,0.0,90.5,56,0,0,0,6,0,0.0,37.0,0,0,0,0,0,9472,256,50,0,50,81.5,0,
static,static,none,fidelity,False,True,16,iid,0.1,0,s021,3,30.500000000000004,17.445652173913043,4.0,92.5,56,0,0,0,6,0,0.0,37.0,0,0,0,0,0,9472,256,50,0,50,137.5,0,
static,static,none,fidelity,False,True,16,iid,0.1,0,s021,4,33.5,30.217391304347828,8.0,87.0,56,0,0,0,6,0,0.0,37.0,0,0,0,0,0,9472,256,50,0,50,193.5,0,
static,static,none,fidelity,False,True,16,iid,0.1,0,s021,5,46.25,39.40217391304348,12.0,88.0,56,0,0,0,6,0,0.0,37.0,0,0,0,0,0,9472,256,50,0,50,249.5,0,
static,static,none,fidelity,False,True,16,iid,0.1,0,s021,6,51.75000000000001,45.326086956521735,20.0,84.0,56,0,0,0,6,0,0.0,37.0,0,0,0,0,0,9472,256,50,0,50,305.5,0,
static,static,none,fidelity,False,True,16,iid,0.1,0,s021,7,53.5,62.77173913043479,14.000000000000002,86.5,56,0,0,0,6,0,0.0,37.0,0,0,0,0,0,9472,256,50,0,50,361.5,0,
static,static,none,fidelity,False,True,16,iid,0.1,0,s021,8,61.74999999999999,67.44565217391305,22.0,83.5,56,0,0,0,6,0,0.0,37.0,0,0,0,0,0,9472,256,50,0,50,417.5,0,74.0
static,static,none,fidelity,False,True,16,iid,0.1,1,s021,2,30.500000000000004,26.79347826086957,0.0,83.5,56,0,0,0,6,0,0.0,37.0,0,0,0,0,0,9472,256,50,0,50,81.5,0,
static,static,none,fidelity,False,True,16,iid,0.1,1,s021,3,29.25,23.20652173913043,4.0,89.0,56,0,0,0,6,0,0.0,37.0,0,0,0,0,0,9472,256,50,0,50,137.5,0,
static,static,none,fidelity,False,True,16,iid,0.1,1,s021,4,35.0,31.467391304347824,8.0,81.0,56,0,0,0,6,0,0.0,37.0,0,0,0,0,0,9472,256,50,0,50,193.5,0,
static,static,none,fidelity,False,True,16,iid,0.1,1,s021,5,48.75,28.04347826086957,10.0,85.0,56,0,0,0,6,0,0.0,37.0,0,0,0,0,0,9472,256,50,0,50,249.5,0,
static,static,none,fidelity,False,True,16,iid,0.1,1,s021,6,52.25,47.66304347826087,26.0,81.5,56,0,0,0,6,0,0.0,37.0,0,0,0,0,0,9472,256,50,0,50,305.5,0,
static,static,none,fidelity,False,True,16,iid,0.1,1,s021,7,51.75000000000001,58.09782608695652,14.000000000000002,81.0,56,0,0,0,6,0,0.0,37.0,0,0,0,0,0,9472,256,50,0,50,361.5,0,
static,static,none,fidelity,False,True,16,iid,0.1,1,s021,8,65.5,78.04347826086956,24.0,84.0,56,0,0,0,6,0,0.0,37.0,0,0,0,0,0,9472,256,50,0,50,417.5,0,96.0
static,static,none,fidelity,False,True,16,iid,0.1,2,s021,2,33.5,25.706521739130437,0.0,92.0,56,0,0,0,6,0,0.0,37.0,0,0,0,0,0,9472,256,50,0,50,81.5,0,
static,static,none,fidelity,False,True,16,iid,0.1,2,s021,3,30.500000000000004,25.543478260869566,4.0,95.0,56,0,0,0,6,0,0.0,37.0,0,0,0,0,0,9472,256,50,0,50,137.5,0,
static,static,none,fidelity,False,True,16,iid,0.1,2,s021,4,34.25,28.967391304347828,4.0,91.5,56,0,0,0,6,0,0.0,37.0,0,0,0,0,0,9472,256,50,0,50,193.5,0,
static,static,none,fidelity,False,True,16,iid,0.1,2,s021,5,47.75,30.217391304347828,6.0,92.0,56,0,0,0,6,0,0.0,37.0,0,0,0,0,0,9472,256,50,0,50,249.5,0,
static,static,none,fidelity,False,True,16,iid,0.1,2,s021,6,55.00000000000001,44.07608695652174,14.000000000000002,92.5,56,0,0,0,6,0,0.0,37.0,0,0,0,0,0,9472,256,50,0,50,305.5,0,
static,static,none,fidelity,False,True,16,iid,0.1,2,s021,7,52.0,66.19565217391305,2.0,88.5,56,0,0,0,6,0,0.0,37.0,0,0,0,0,0,9472,256,50,0,50,361.5,0,
static,static,none,fidelity,False,True,16,iid,0.1,2,s021,8,63.5,72.11956521739131,16.0,91.5,56,0,0,0,6,0,0.0,37.0,0,0,0,0,0,9472,256,50,0,50,417.5,0,94.0
naive,naive,none,fidelity,False,True,16,iid,0.1,0,s021,2,24.0,16.195652173913043,0.0,99.0,56,56,50,6,6,0,1.0,57.73828125,0,0,0,0,0,14781,256,106,0,50,52.971698113207545,6,
naive,naive,none,fidelity,False,True,16,iid,0.1,0,s021,3,19.5,8.260869565217389,0.0,100.0,56,56,50,6,6,0,1.0,88.71484375,0,0,0,0,0,22711,256,162,0,50,80.80864197530865,12,
naive,naive,none,fidelity,False,True,16,iid,0.1,0,s021,4,18.000000000000004,0.0,0.0,100.0,56,56,50,6,6,0,1.0,110.265625,0,0,0,0,0,28228,256,218,0,50,108.72935779816514,18,
naive,naive,none,fidelity,False,True,16,iid,0.1,0,s021,5,15.750000000000004,10.434782608695654,0.0,100.0,56,56,50,6,6,0,1.0,130.38671875,0,0,0,0,0,33379,256,274,0,50,136.6824817518248,24,
naive,naive,none,fidelity,False,True,16,iid,0.1,0,s021,6,29.75,19.78260869565217,0.0,100.0,56,56,50,6,6,0,1.0,151.30859375,0,0,0,0,0,38735,256,330,0,50,164.65151515151516,30,
naive,naive,none,fidelity,False,True,16,iid,0.1,0,s021,7,19.5,11.684782608695654,0.0,100.0,56,56,50,6,6,0,1.0,171.5,0,0,0,0,0,43904,256,386,0,50,192.62953367875647,36,
naive,naive,none,fidelity,False,True,16,iid,0.1,0,s021,8,19.75,7.01086956521739,0.0,100.0,56,56,50,6,6,0,1.0,182.890625,0,0,0,0,0,46820,256,442,0,50,220.6131221719457,42,100.0
naive,naive,none,fidelity,False,True,16,iid,0.1,1,s021,2,22.25,18.695652173913043,0.0,96.0,56,55,50,5,6,0,1.0,58.22265625,0,0,0,0,0,14905,256,105,0,50,53.180952380952384,5,
naive,naive,none,fidelity,False,True,16,iid,0.1,1,s021,3,17.750000000000004,8.260869565217389,0.0,100.0,56,56,50,6,6,0,1.0,87.03125,0,0,0,0,0,22280,256,161,0,50,80.77018633540372,11,
naive,naive,none,fidelity,False,True,16,iid,0.1,1,s021,4,9.749999999999998,0.0,0.0,100.0,56,56,50,6,6,0,1.0,108.42578125,0,0,0,0,0,27757,256,217,0,50,108.57142857142856,17,
naive,naive,none,fidelity,False,True,16,iid,0.1,1,s021,5,16.75,11.684782608695654,0.0,100.0,56,56,50,6,6,0,1.0,128.0390625,0,0,0,0,0,32778,256,273,0,50,136.45421245421247,23,
naive,naive,none,fidelity,False,True,16,iid,0.1,1,s021,6,28.000000000000004,19.78260869565217,0.0,100.0,56,56,50,6,6,0,1.0,149.5546875,0,0,0,0,0,38286,256,329,0,50,164.37689969604864,29,
naive,naive,none,fidelity,False,True,16,iid,0.1,1,s021,7,18.250000000000004,8.097826086956525,0.0,100.0,56,56,50,6,6,0,1.0,174.5546875,0,0,0,0,0,44686,256,385,0,50,192.3220779220779,35,
naive,naive,none,fidelity,False,True,16,iid,0.1,1,s021,8,20.0,10.434782608695654,0.0,100.0,56,56,50,6,6,0,1.0,188.90234375,0,0,0,0,0,48359,256,441,0,50,220.281179138322,41,100.0
naive,naive,none,fidelity,False,True,16,iid,0.1,2,s021,2,26.0,17.445652173913043,0.0,99.5,56,56,50,6,6,0,1.0,58.02734375,0,0,0,0,0,14855,256,106,0,50,52.971698113207545,6,
naive,naive,none,fidelity,False,True,16,iid,0.1,2,s021,3,22.0,11.684782608695654,0.0,100.0,56,56,50,6,6,0,1.0,86.54296875,0,0,0,0,0,22155,256,162,0,50,80.80864197530865,12,
naive,naive,none,fidelity,False,True,16,iid,0.1,2,s021,4,16.75,1.25,0.0,100.0,56,56,50,6,6,0,1.0,108.3984375,0,0,0,0,0,27750,256,218,0,50,108.72935779816514,18,
naive,naive,none,fidelity,False,True,16,iid,0.1,2,s021,5,22.0,12.771739130434783,0.0,100.0,56,56,50,6,6,0,1.0,128.30859375,0,0,0,0,0,32847,256,274,0,50,136.6824817518248,24,
naive,naive,none,fidelity,False,True,16,iid,0.1,2,s021,6,28.25,19.78260869565217,0.0,100.0,56,56,50,6,6,0,1.0,148.41796875,0,0,0,0,0,37995,256,330,0,50,164.65151515151516,30,
naive,naive,none,fidelity,False,True,16,iid,0.1,2,s021,7,18.250000000000004,14.945652173913045,0.0,100.0,56,56,50,6,6,0,1.0,169.06640625,0,0,0,0,0,43281,256,386,0,50,192.62953367875647,36,
naive,naive,none,fidelity,False,True,16,iid,0.1,2,s021,8,19.5,12.771739130434783,0.0,100.0,56,56,50,6,6,0,1.0,181.52734375,0,0,0,0,0,46471,256,442,0,50,220.6131221719457,42,100.0
window,window,none,fidelity,False,True,16,iid,0.1,0,s021,2,29.25,4.67391304347826,4.0,76.0,56,52,48,4,6,0,0.96,14.59375,0,0,0,0,0,3736,256,16,0,0,7.5,1,
window,window,none,fidelity,False,True,16,iid,0.1,0,s021,3,20.0,7.01086956521739,10.0,65.5,56,48,45,3,6,0,0.9,12.68359375,0,0,0,0,0,3247,256,16,0,0,8.5,0,
window,window,none,fidelity,False,True,16,iid,0.1,0,s021,4,16.0,0.0,4.0,71.5,56,51,48,3,6,0,0.96,12.5,0,0,0,0,0,3200,256,16,0,0,7.875,0,
window,window,none,fidelity,False,True,16,iid,0.1,0,s021,5,18.000000000000004,4.67391304347826,6.0,72.0,56,51,47,4,6,0,0.94,13.06640625,0,0,0,0,0,3345,256,16,0,0,7.75,1,
window,window,none,fidelity,False,True,16,iid,0.1,0,s021,6,32.99999999999999,12.771739130434783,16.0,76.0,56,46,42,4,6,0,0.84,12.2265625,0,0,0,0,0,3130,256,16,0,0,8.375,0,
window,window,none,fidelity,False,True,16,iid,0.1,0,s021,7,15.000000000000002,6.847826086956524,4.0,69.0,56,52,48,4,6,0,0.96,12.140625,0,0,0,0,0,3108,256,16,0,0,7.5,0,
window,window,none,fidelity,False,True,16,iid,0.1,0,s021,8,16.000000000000004,2.33695652173913,8.0,62.0,56,48,46,2,6,0,0.92,11.09765625,0,0,0,0,0,2841,256,16,0,0,8.5,1,88.0
window,window,none,fidelity,False,True,16,iid,0.1,1,s021,2,23.5,8.260869565217389,12.0,50.0,56,46,44,2,6,0,0.88,14.44140625,0,0,0,0,0,3697,256,16,0,0,9.6875,0,
window,window,none,fidelity,False,True,16,iid,0.1,1,s021,3,22.25,9.347826086956523,14.000000000000002,52.0,56,46,43,3,6,0,0.86,12.15234375,0,0,0,0,0,3111,256,16,0,0,9.4375,1,
window,window,none,fidelity,False,True,16,iid,0.1,1,s021,4,15.75,0.0,4.0,65.0,56,52,48,4,6,0,0.96,12.625,0,0,0,0,0,3232,256,16,0,0,8.125,2,
window,window,none,fidelity,False,True,16,iid,0.1,1,s021,5,19.75,8.260869565217389,8.0,59.0,56,50,46,4,6,0,0.92,13.1953125,0,0,0,0,0,3378,256,16,0,0,8.9375,1,
window,window,none,fidelity,False,True,16,iid,0.1,1,s021,6,34.25,19.78260869565217,22.0,63.0,56,44,39,5,6,0,0.78,11.71875,0,0,0,0,0,3000,256,16,0,0,9.6875,2,
window,window,none,fidelity,False,True,16,iid,0.1,1,s021,7,16.000000000000004,8.260869565217389,6.0,67.0,56,48,47,1,6,0,0.94,12.30078125,0,0,0,0,0,3149,256,16,0,0,8.5,0,
window,window,none,fidelity,False,True,16,iid,0.1,1,s021,8,18.250000000000004,7.01086956521739,8.0,59.0,56,50,46,4,6,0,0.92,11.25390625,0,0,0,0,0,2881,256,16,0,0,9.3125,1,74.0
window,window,none,fidelity,False,True,16,iid,0.1,2,s021,2,25.75,7.01086956521739,6.0,67.5,56,50,47,3,6,0,0.94,14.40234375,0,0,0,0,0,3687,256,16,0,0,7.625,2,
window,window,none,fidelity,False,True,16,iid,0.1,2,s021,3,23.0,5.923913043478259,12.0,60.5,56,45,44,1,6,0,0.88,12.12890625,0,0,0,0,0,3105,256,16,0,0,9.875,0,
window,window,none,fidelity,False,True,16,iid,0.1,2,s021,4,15.750000000000004,4.67391304347826,4.0,60.5,56,53,48,5,6,0,0.96,12.78515625,0,0,0,0,0,3273,256,16,0,0,8.3125,2,
window,window,none,fidelity,False,True,16,iid,0.1,2,s021,5,17.750000000000004,8.097826086956525,10.0,65.5,56,47,45,2,6,0,0.9,12.95703125,0,0,0,0,0,3317,256,16,0,0,7.8125,2,
window,window,none,fidelity,False,True,16,iid,0.1,2,s021,6,29.000000000000004,15.108695652173914,20.0,72.0,56,44,40,4,6,0,0.8,11.7421875,0,0,0,0,0,3006,256,16,0,0,9.875,1,
window,window,none,fidelity,False,True,16,iid,0.1,2,s021,7,14.500000000000002,11.521739130434783,4.0,68.5,56,53,48,5,6,0,0.96,12.09375,0,0,0,0,0,3096,256,16,0,0,7.5,0,
window,window,none,fidelity,False,True,16,iid,0.1,2,s021,8,16.500000000000004,2.33695652173913,6.0,61.5,56,50,47,3,6,0,0.94,11.078125,0,0,0,0,0,2836,256,16,0,0,9.125,2,64.0
aeqkad,window,full,fidelity,False,True,16,iid,0.1,0,s021,2,27.75,4.67391304347826,6.0,65.5,56,33,33,0,6,0,0.66,13.515625,52,19,0,0,0,3460,256,16,0,0,10.5625,0,
aeqkad,window,full,fidelity,False,True,16,iid,0.1,0,s021,3,22.25,8.097826086956525,14.000000000000002,56.00000000000001,56,35,35,0,6,0,0.7,10.796875,45,10,0,0,0,2764,256,16,0,0,14.6875,0,
aeqkad,window,full,fidelity,False,True,16,iid,0.1,0,s021,4,14.500000000000002,0.0,4.0,65.0,56,43,43,0,6,0,0.86,11.36328125,51,8,0,0,0,2909,256,16,0,0,8.6875,0,
aeqkad,window,full,fidelity,False,True,16,iid,0.1,0,s021,5,15.250000000000002,5.760869565217389,8.0,60.0,56,43,42,1,6,0,0.84,11.953125,48,5,0,0,0,3060,256,16,0,0,8.375,1,
aeqkad,window,full,fidelity,False,True,16,iid,0.1,0,s021,6,30.000000000000004,12.771739130434783,18.0,66.5,56,33,32,1,6,0,0.64,10.33203125,45,12,0,0,0,2645,256,16,0,0,11.1875,0,
aeqkad,window,full,fidelity,False,True,16,iid,0.1,0,s021,7,14.250000000000002,2.5,4.0,65.0,56,44,43,1,6,0,0.86,11.11328125,52,7,0,0,1,2845,256,16,0,0,7.5,0,
aeqkad,window,full,fidelity,False,True,16,iid,0.1,0,s021,8,16.750000000000004,2.33695652173913,8.0,54.0,56,41,41,0,6,0,0.82,9.8359375,48,7,0,0,0,2518,256,16,0,0,10.3125,0,86.0
aeqkad,window,full,fidelity,False,True,16,iid,0.1,1,s021,2,25.5,8.097826086956525,16.0,44.5,56,30,30,0,6,0,0.6,13.421875,43,13,0,0,0,3436,256,16,0,0,13.3125,0,
aeqkad,window,full,fidelity,False,True,16,iid,0.1,1,s021,3,24.0,8.097826086956525,18.0,47.0,56,35,34,1,6,0,0.68,11.22265625,44,9,0,0,0,2873,256,16,0,0,14.875,0,
aeqkad,window,full,fidelity,False,True,16,iid,0.1,1,s021,4,15.750000000000004,0.0,4.0,55.50000000000001,56,43,42,1,6,0,0.84,11.30078125,52,9,0,0,0,2893,256,16,0,0,9.375,1,
aeqkad,window,full,fidelity,False,True,16,iid,0.1,1,s021,5,17.750000000000004,4.510869565217389,10.0,52.0,56,39,39,0,6,0,0.78,11.34375,48,9,0,0,0,2904,256,16,0,0,9.5625,0,
aeqkad,window,full,fidelity,False,True,16,iid,0.1,1,s021,6,34.25,15.108695652173914,26.0,56.49999999999999,56,33,32,1,6,0,0.64,10.02734375,40,7,0,0,0,2567,256,16,0,0,13.1875,0,
aeqkad,window,full,fidelity,False,True,16,iid,0.1,1,s021,7,16.000000000000004,3.423913043478259,6.0,59.5,56,43,43,0,6,0,0.86,11.30859375,47,4,0,0,0,2895,256,16,0,0,8.5,0,
aeqkad,window,full,fidelity,False,True,16,iid,0.1,1,s021,8,18.250000000000004,3.423913043478259,8.0,59.0,56,44,41,3,6,0,0.82,10.390625,50,6,0,0,0,2660,256,16,0,0,10.5,1,74.0
aeqkad,window,full,fidelity,False,True,16,iid,0.1,2,s021,2,26.25,7.01086956521739,12.0,62.5,56,33,33,0,6,0,0.66,13.171875,47,14,0,0,0,3372,256,16,0,0,12.625,0,
aeqkad,window,full,fidelity,False,True,16,iid,0.1,2,s021,3,23.25,8.097826086956525,16.0,49.0,56,34,34,0,6,0,0.68,10.45703125,43,9,0,0,0,2677,256,16,0,0,15.6875,0,
aeqkad,window,full,fidelity,False,True,16,iid,0.1,2,s021,4,16.000000000000004,1.25,4.0,56.49999999999999,56,44,43,1,6,0,0.86,10.73046875,53,9,0,0,0,2747,256,16,0,0,10.0625,0,
aeqkad,window,full,fidelity,False,True,16,iid,0.1,2,s021,5,16.000000000000004,5.760869565217389,10.0,60.5,56,42,42,0,6,0,0.84,12.0703125,47,5,0,0,0,3090,256,16,0,0,9.5,0,
aeqkad,window,full,fidelity,False,True,16,iid,0.1,2,s021,6,32.75,9.347826086956523,18.0,65.0,56,34,33,1,6,0,0.66,10.14453125,45,11,0,0,0,2597,256,16,0,0,12.125,1,
aeqkad,window,full,fidelity,False,True,16,iid,0.1,2,s021,7,14.250000000000002,5.923913043478259,4.0,64.0,56,49,44,5,6,0,0.88,11.6796875,53,4,0,0,0,2990,256,16,0,0,7.5,0,
aeqkad,window,full,fidelity,False,True,16,iid,0.1,2,s021,8,16.000000000000004,7.01086956521739,8.0,57.99999999999999,56,42,41,1,6,0,0.82,9.93359375,49,7,0,0,0,2543,256,16,0,0,11.75,1,52.0
mm,mm,full,fidelity,False,True,16,iid,0.1,0,s021,2,32.99999999999999,33.47826086956521,2.0,89.0,56,10,10,0,6,0,0.2,16.0,55,45,0,0,0,4096,256,16,1,16,85.3125,0,
mm,mm,full,fidelity,False,True,16,iid,0.1,0,s021,3,35.5,22.1195652173913,4.0,88.5,56,16,16,0,6,0,0.32,16.0,53,36,0,0,1,4096,256,16,1,16,141.3125,0,
mm,mm,full,fidelity,False,True,16,iid,0.1,0,s021,4,36.0,26.79347826086957,2.0,87.5,56,10,10,0,6,0,0.2,16.0,55,45,0,0,0,4096,256,16,1,16,197.3125,0,
mm,mm,full,fidelity,False,True,16,iid,0.1,0,s021,5,42.00000000000001,26.79347826086957,12.0,81.5,56,6,6,0,6,0,0.12,16.0,50,44,0,0,0,4096,256,16,1,16,253.3125,0,
mm,mm,full,fidelity,False,True,16,iid,0.1,0,s021,6,48.25,52.33695652173913,28.000000000000004,85.0,56,0,0,0,6,0,0.0,16.0,41,41,0,0,0,4096,256,16,1,16,309.3125,0,
mm,mm,full,fidelity,False,True,16,iid,0.1,0,s021,7,50.24999999999999,58.26086956521739,14.000000000000002,86.5,56,1,1,0,6,0,0.02,16.0,48,47,0,0,0,4096,256,16,1,16,365.3125,0,
mm,mm,full,fidelity,False,True,16,iid,0.1,0,s021,8,61.5,67.44565217391305,20.0,84.0,56,1,1,0,6,0,0.02,16.0,45,44,0,0,0,4096,256,16,1,16,421.3125,0,78.0
mm,mm,full,fidelity,False,True,16,iid,0.1,1,s021,2,33.75,23.20652173913043,6.0,64.0,56,7,7,0,6,0,0.14,16.0,50,43,0,0,0,4096,256,16,1,16,85.3125,0,
mm,mm,full,fidelity,False,True,16,iid,0.1,1,s021,3,34.0,24.456521739130437,10.0,69.0,56,12,11,1,6,0,0.22,16.0,50,38,0,0,0,4096,256,16,1,16,141.3125,0,
mm,mm,full,fidelity,False,True,16,iid,0.1,1,s021,4,39.25,30.217391304347828,14.000000000000002,66.5,56,8,8,0,6,0,0.16,16.0,47,39,0,0,0,4096,256,16,1,16,197.3125,0,
mm,mm,full,fidelity,False,True,16,iid,0.1,1,s021,5,40.25,24.456521739130437,22.0,61.5,56,4,4,0,6,0,0.08,16.0,44,40,0,0,0,4096,256,16,1,16,253.3125,0,
mm,mm,full,fidelity,False,True,16,iid,0.1,1,s021,6,51.75000000000001,48.75,42.0,63.5,56,0,0,0,6,0,0.0,16.0,32,32,0,0,0,4096,256,16,1,16,309.3125,0,
mm,mm,full,fidelity,False,True,16,iid,0.1,1,s021,7,52.0,55.92391304347826,38.0,62.5,56,1,1,0,6,0,0.02,16.0,34,32,0,0,1,4096,256,16,1,16,365.3125,0,
mm,mm,full,fidelity,False,True,16,iid,0.1,1,s021,8,64.25,70.86956521739131,64.0,66.0,56,0,0,0,6,0,0.0,16.0,21,21,0,0,0,4096,256,16,1,16,421.3125,0,78.0
mm,mm,full,fidelity,False,True,16,iid,0.1,2,s021,2,33.75,19.78260869565217,4.0,80.0,56,15,15,0,6,0,0.3,16.0,52,37,0,0,0,4096,256,16,1,16,83.0,0,
mm,mm,full,fidelity,False,True,16,iid,0.1,2,s021,3,32.0,22.1195652173913,4.0,84.5,56,22,22,0,6,0,0.44,16.0,53,31,0,0,0,4096,256,16,1,16,139.0,0,
mm,mm,full,fidelity,False,True,16,iid,0.1,2,s021,4,27.500000000000004,16.195652173913043,4.0,71.5,56,25,24,1,6,0,0.48,16.0,54,29,0,0,0,4096,256,16,1,11,129.6875,0,
mm,mm,full,fidelity,False,True,16,iid,0.1,2,s021,5,19.25,8.097826086956525,4.0,73.0,56,43,43,0,6,0,0.86,14.87890625,51,8,0,0,0,3809,256,16,1,1,40.9375,0,
mm,mm,full,fidelity,False,True,16,iid,0.1,2,s021,6,30.000000000000004,13.858695652173914,12.0,79.0,56,40,39,1,6,0,0.78,15.61328125,49,9,0,0,0,3997,256,16,1,1,58.5,0,
mm,mm,full,fidelity,False,True,16,iid,0.1,2,s021,7,16.250000000000004,4.67391304347826,2.0,81.0,56,48,44,4,6,0,0.88,15.76953125,54,5,0,0,1,4037,256,16,1,1,60.375,2,
mm,mm,full,fidelity,False,True,16,iid,0.1,2,s021,8,22.0,9.347826086956523,6.0,79.5,56,44,43,1,6,0,0.86,15.67578125,51,6,0,0,1,4013,256,16,1,1,68.125,3,90.0
static,static,none,fidelity,False,True,16,iid,0.1,0,s022,2,13.5,3.423913043478259,0.0,83.0,56,0,0,0,6,0,0.0,38.0,0,0,0,0,0,9728,256,50,0,50,81.5,0,
static,static,none,fidelity,False,True,16,iid,0.1,0,s022,3,4.500000000000002,0.0,0.0,86.5,56,0,0,0,6,0,0.0,38.0,0,0,0,0,0,9728,256,50,0,50,137.5,0,
static,static,none,fidelity,False,True,16,iid,0.1,0,s022,4,6.250000000000003,0.0,2.0,86.0,56,0,0,0,6,0,0.0,38.0,0,0,0,0,0,9728,256,50,0,50,193.5,0,
static,static,none,fidelity,False,True,16,iid,0.1,0,s022,5,13.750000000000002,0.0,0.0,86.5,56,0,0,0,6,0,0.0,38.0,0,0,0,0,0,9728,256,50,0,50,249.5,0,
static,static,none,fidelity,False,True,16,iid,0.1,0,s022,6,1.7500000000000009,0.0,0.0,87.5,56,0,0,0,6,0,0.0,38.0,0,0,0,0,0,9728,256,50,0,50,305.5,0,
static,static,none,fidelity,False,True,16,iid,0.1,0,s022,7,4.250000000000002,0.0,0.0,88.0,56,0,0,0,6,0,0.0,38.0,0,0,0,0,0,9728,256,50,0,50,361.5,0,
static,static,none,fidelity,False,True,16,iid,0.1,0,s022,8,4.500000000000002,1.25,0.0,83.5,56,0,0,0,6,0,0.0,38.0,0,0,0,0,0,9728,256,50,0,50,417.5,0,54.0
static,static,none,fidelity,False,True,16,iid,0.1,1,s022,2,15.250000000000002,2.33695652173913,0.0,93.5,56,0,0,0,6,0,0.0,39.0,0,0,0,0,0,9984,256,50,0,50,81.5,0,
static,static,none,fidelity,False,True,16,iid,0.1,1,s022,3,7.749999999999998,0.0,0.0,93.0,56,0,0,0,6,0,0.0,39.0,0,0,0,0,0,9984,256,50,0,50,137.5,0,
static,static,none,fidelity,False,True,16,iid,0.1,1,s022,4,5.000000000000003,0.0,0.0,92.0,56,0,0,0,6,0,0.0,39.0,0,0,0,0,0,9984,256,50,0,50,193.5,0,
static,static,none,fidelity,False,True,16,iid,0.1,1,s022,5,13.0,0.0,0.0,92.0,56,0,0,0,6,0,0.0,39.0,0,0,0,0,0,9984,256,50,0,50,249.5,0,
static,static,none,fidelity,False,True,16,iid,0.1,1,s022,6,1.0000000000000009,0.0,0.0,93.0,56,0,0,0,6,0,0.0,39.0,0,0,0,0,0,9984,256,50,0,50,305.5,0,
static,static,none,fidelity,False,True,16,iid,0.1,1,s022,7,5.750000000000003,0.0,0.0,90.5,56,0,0,0,6,0,0.0,39.0,0,0,0,0,0,9984,256,50,0,50,361.5,0,
static,static,none,fidelity,False,True,16,iid,0.1,1,s022,8,6.499999999999997,0.0,2.0,91.5,56,0,0,0,6,0,0.0,39.0,0,0,0,0,0,9984,256,50,0,50,417.5,0,98.0
static,static,none,fidelity,False,True,16,iid,0.1,2,s022,2,14.000000000000002,1.25,0.0,85.0,56,0,0,0,6,0,0.0,38.0,0,0,0,0,0,9728,256,50,0,50,81.5,0,
static,static,none,fidelity,False,True,16,iid,0.1,2,s022,3,3.2500000000000013,0.0,0.0,84.5,56,0,0,0,6,0,0.0,38.0,0,0,0,0,0,9728,256,50,0,50,137.5,0,
static,static,none,fidelity,False,True,16,iid,0.1,2,s022,4,7.499999999999998,0.0,0.0,82.5,56,0,0,0,6,0,0.0,38.0,0,0,0,0,0,9728,256,50,0,50,193.5,0,
static,static,none,fidelity,False,True,16,iid,0.1,2,s022,5,13.0,0.0,0.0,80.0,56,0,0,0,6,0,0.0,38.0,0,0,0,0,0,9728,256,50,0,50,249.5,0,
static,static,none,fidelity,False,True,16,iid,0.1,2,s022,6,1.5000000000000009,0.0,0.0,83.5,56,0,0,0,6,0,0.0,38.0,0,0,0,0,0,9728,256,50,0,50,305.5,0,
static,static,none,fidelity,False,True,16,iid,0.1,2,s022,7,6.000000000000003,0.0,0.0,83.0,56,0,0,0,6,0,0.0,38.0,0,0,0,0,0,9728,256,50,0,50,361.5,0,
static,static,none,fidelity,False,True,16,iid,0.1,2,s022,8,6.000000000000003,0.0,0.0,85.0,56,0,0,0,6,0,0.0,38.0,0,0,0,0,0,9728,256,50,0,50,417.5,0,100.0
naive,naive,none,fidelity,False,True,16,iid,0.1,0,s022,2,25.0,4.67391304347826,0.0,97.5,56,56,50,6,6,0,1.0,54.5859375,0,0,0,0,0,13974,256,106,0,50,52.971698113207545,6,
naive,naive,none,fidelity,False,True,16,iid,0.1,0,s022,3,9.749999999999998,2.33695652173913,0.0,100.0,56,56,50,6,6,0,1.0,80.421875,0,0,0,0,0,20588,256,162,0,50,80.80864197530865,12,
naive,naive,none,fidelity,False,True,16,iid,0.1,0,s022,4,10.749999999999998,0.0,0.0,100.0,56,56,50,6,6,0,1.0,95.44140625,0,0,0,0,0,24433,256,218,0,50,108.72935779816514,18,
naive,naive,none,fidelity,False,True,16,iid,0.1,0,s022,5,18.250000000000004,10.434782608695654,0.0,100.0,56,56,50,6,6,0,1.0,108.50390625,0,0,0,0,0,27777,256,274,0,50,136.6824817518248,24,
naive,naive,none,fidelity,False,True,16,iid,0.1,0,s022,6,9.749999999999998,2.33695652173913,0.0,100.0,56,56,50,6,6,0,1.0,119.11328125,0,0,0,0,0,30493,256,330,0,50,164.65151515151516,30,
naive,naive,none,fidelity,False,True,16,iid,0.1,0,s022,7,10.499999999999998,0.0,0.0,100.0,56,56,50,6,6,0,1.0,131.99609375,0,0,0,0,0,33791,256,386,0,50,192.62953367875647,36,
naive,naive,none,fidelity,False,True,16,iid,0.1,0,s022,8,12.75,7.01086956521739,0.0,100.0,56,56,50,6,6,0,1.0,139.4765625,0,0,0,0,0,35706,256,442,0,50,220.6131221719457,42,100.0
naive,naive,none,fidelity,False,True,16,iid,0.1,1,s022,2,17.500000000000004,4.67391304347826,0.0,100.0,56,55,50,5,6,0,1.0,54.30078125,0,0,0,0,0,13901,256,105,0,50,53.00952380952381,5,
naive,naive,none,fidelity,False,True,16,iid,0.1,1,s022,3,9.0,0.0,0.0,100.0,56,56,50,6,6,0,1.0,77.859375,0,0,0,0,0,19932,256,161,0,50,80.6583850931677,11,
naive,naive,none,fidelity,False,True,16,iid,0.1,1,s022,4,7.249999999999998,0.0,0.0,100.0,56,56,50,6,6,0,1.0,94.53125,0,0,0,0,0,24200,256,217,0,50,108.4884792626728,17,
naive,naive,none,fidelity,False,True,16,iid,0.1,1,s022,5,12.75,10.434782608695654,0.0,100.0,56,56,50,6,6,0,1.0,109.26171875,0,0,0,0,0,27971,256,273,0,50,136.3882783882784,23,
naive,naive,none,fidelity,False,True,16,iid,0.1,1,s022,6,6.500000000000003,0.0,0.0,100.0,56,56,50,6,6,0,1.0,123.7265625,0,0,0,0,0,31674,256,329,0,50,164.32218844984803,29,
naive,naive,none,fidelity,False,True,16,iid,0.1,1,s022,7,8.249999999999998,0.0,0.0,100.0,56,56,50,6,6,0,1.0,137.6328125,0,0,0,0,0,35234,256,385,0,50,192.27532467532467,35,
naive,naive,none,fidelity,False,True,16,iid,0.1,1,s022,8,9.0,1.25,0.0,100.0,56,56,50,6,6,0,1.0,140.4609375,0,0,0,0,0,35958,256,441,0,50,220.24036281179136,41,100.0
naive,naive,none,fidelity,False,True,16,iid,0.1,2,s022,2,19.5,3.58695652173913,0.0,96.0,56,56,50,6,6,0,1.0,54.44921875,0,0,0,0,0,13939,256,106,0,50,52.971698113207545,6,
naive,naive,none,fidelity,False,True,16,iid,0.1,2,s022,3,9.749999999999998,0.0,0.0,100.0,56,56,50,6,6,0,1.0,82.05859375,0,0,0,0,0,21007,256,162,0,50,80.80864197530865,12,
naive,naive,none,fidelity,False,True,16,iid,0.1,2,s022,4,9.499999999999998,0.0,0.0,100.0,56,56,50,6,6,0,1.0,96.43359375,0,0,0,0,0,24687,256,218,0,50,108.72935779816514,18,
naive,naive,none,fidelity,False,True,16,iid,0.1,2,s022,5,16.500000000000004,10.434782608695654,0.0,100.0,56,56,50,6,6,0,1.0,110.21484375,0,0,0,0,0,28215,256,274,0,50,136.6824817518248,24,
naive,naive,none,fidelity,False,True,16,iid,0.1,2,s022,6,5.500000000000003,0.0,0.0,100.0,56,56,50,6,6,0,1.0,124.16796875,0,0,0,0,0,31787,256,330,0,50,164.65151515151516,30,
naive,naive,none,fidelity,False,True,16,iid,0.1,2,s022,7,10.0,0.0,0.0,100.0,56,56,50,6,6,0,1.0,134.12890625,0,0,0,0,0,34337,256,386,0,50,192.62953367875647,36,
naive,naive,none,fidelity,False,True,16,iid,0.1,2,s022,8,10.249999999999998,4.67391304347826,0.0,100.0,56,56,50,6,6,0,1.0,141.98828125,0,0,0,0,0,36349,256,442,0,50,220.6131221719457,42,100.0
window,window,none,fidelity,False,True,16,iid,0.1,0,s022,2,19.75,1.0869565217391297,10.0,45.0,56,49,45,4,6,0,0.9,13.078125,0,0,0,0,0,3348,256,16,0,0,10.375,0,
window,window,none,fidelity,False,True,16,iid,0.1,0,s022,3,6.500000000000003,0.0,4.0,14.000000000000002,56,48,48,0,6,0,0.96,10.609375,0,0,0,0,0,2716,256,16,0,0,8.125,0,
window,window,none,fidelity,False,True,16,iid,0.1,0,s022,4,7.499999999999998,3.423913043478259,6.0,23.5,56,49,47,2,6,0,0.94,10.64453125,0,0,0,0,0,2725,256,16,0,0,7.625,1,
window,window,none,fidelity,False,True,16,iid,0.1,0,s022,5,11.0,4.67391304347826,6.0,40.5,56,49,47,2,6,0,0.94,11.69140625,0,0,0,0,0,2993,256,16,0,0,8.4375,0,
window,window,none,fidelity,False,True,16,iid,0.1,0,s022,6,4.500000000000002,1.25,2.0,15.5,56,51,49,2,6,0,0.98,9.70703125,0,0,0,0,0,2485,256,16,0,0,8.75,0,
window,window,none,fidelity,False,True,16,iid,0.1,0,s022,7,0.75,0.0,0.0,9.5,56,50,50,0,6,0,1.0,7.30859375,0,0,0,0,0,1871,256,16,0,0,8.5,0,
window,window,none,fidelity,False,True,16,iid,0.1,0,s022,8,8.999999999999998,0.0,2.0,25.0,56,50,49,1,6,0,0.98,8.9375,0,0,0,0,0,2288,256,16,0,0,9.0625,0,0.0
window,window,none,fidelity,False,True,16,iid,0.1,1,s022,2,12.25,0.0,6.0,36.0,56,49,47,2,6,0,0.94,12.99609375,0,0,0,0,0,3327,256,16,0,0,9.6875,1,
window,window,none,fidelity,False,True,16,iid,0.1,1,s022,3,5.000000000000003,0.0,0.0,35.0,56,51,50,1,6,0,1.0,11.17578125,0,0,0,0,0,2861,256,16,0,0,8.9375,1,
window,window,none,fidelity,False,True,16,iid,0.1,1,s022,4,4.749999999999998,0.0,2.0,37.5,56,52,49,3,6,0,0.98,11.40625,0,0,0,0,0,2920,256,16,0,0,7.625,0,
window,window,none,fidelity,False,True,16,iid,0.1,1,s022,5,7.499999999999998,0.0,10.0,19.0,56,45,45,0,6,0,0.9,11.10546875,0,0,0,0,0,2843,256,16,0,0,9.1875,0,
window,window,none,fidelity,False,True,16,iid,0.1,1,s022,6,4.500000000000002,0.0,2.0,16.5,56,49,49,0,6,0,0.98,9.4375,0,0,0,0,0,2416,256,16,0,0,8.5,0,
window,window,none,fidelity,False,True,16,iid,0.1,1,s022,7,4.500000000000002,0.0,0.0,19.5,56,53,50,3,6,0,1.0,7.8203125,0,0,0,0,0,2002,256,16,0,0,7.5,3,
window,window,none,fidelity,False,True,16,iid,0.1,1,s022,8,10.499999999999998,0.0,2.0,41.0,56,51,49,2,6,0,0.98,9.0625,0,0,0,0,0,2320,256,16,0,0,9.625,1,2.0
window,window,none,fidelity,False,True,16,iid,0.1,2,s022,2,11.5,0.0,8.0,17.5,56,46,46,0,6,0,0.92,12.62890625,0,0,0,0,0,3233,256,16,0,0,12.1875,0,
window,window,none,fidelity,False,True,16,iid,0.1,2,s022,3,4.500000000000002,0.0,4.0,8.5,56,48,48,0,6,0,0.96,10.39453125,0,0,0,0,0,2661,256,16,0,0,7.8125,0,
window,window,none,fidelity,False,True,16,iid,0.1,2,s022,4,9.499999999999996,0.0,2.0,14.000000000000002,56,49,49,0,6,0,0.98,10.64453125,0,0,0,0,0,2725,256,16,0,0,8.0625,0,
window,window,none,fidelity,False,True,16,iid,0.1,2,s022,5,8.249999999999998,1.25,10.0,17.5,56,47,45,2,6,0,0.9,11.296875,0,0,0,0,0,2892,256,16,0,0,7.5625,1,
window,window,none,fidelity,False,True,16,iid,0.1,2,s022,6,4.500000000000002,2.33695652173913,2.0,10.5,56,50,49,1,6,0,0.98,9.93359375,0,0,0,0,0,2543,256,16,0,0,8.0625,0,
window,window,none,fidelity,False,True,16,iid,0.1,2,s022,7,0.0,0.0,0.0,8.5,56,50,50,0,6,0,1.0,7.42578125,0,0,0,0,0,1901,256,16,0,0,8.5,0,
window,window,none,fidelity,False,True,16,iid,0.1,2,s022,8,5.249999999999997,0.0,4.0,29.5,56,49,48,1,6,0,0.96,8.5234375,0,0,0,0,0,2182,256,16,0,0,9.8125,0,88.0
aeqkad,window,full,fidelity,False,True,16,iid,0.1,0,s022,2,10.5,0.0,12.0,17.5,56,38,38,0,6,0,0.76,11.87109375,45,7,6,0,0,3039,256,16,0,0,10.375,0,
aeqkad,window,full,fidelity,False,True,16,iid,0.1,0,s022,3,6.500000000000003,0.0,2.0,14.499999999999998,56,47,47,0,6,0,0.94,10.4609375,49,2,12,0,0,2678,256,16,0,0,8.125,0,
aeqkad,window,full,fidelity,False,True,16,iid,0.1,0,s022,4,7.249999999999998,3.423913043478259,8.0,24.5,56,46,45,1,6,0,0.9,10.2734375,48,1,14,0,1,2630,256,16,0,0,8.1875,0,
aeqkad,window,full,fidelity,False,True,16,iid,0.1,0,s022,5,8.75,0.0,10.0,12.0,56,40,40,0,6,0,0.8,10.24609375,45,3,2,0,2,2623,256,16,0,0,9.0625,0,
aeqkad,window,full,fidelity,False,True,16,iid,0.1,0,s022,6,4.500000000000002,1.25,2.0,15.5,56,49,47,2,6,0,0.94,9.046875,51,1,1,0,1,2316,256,16,0,0,8.75,0,
aeqkad,window,full,fidelity,False,True,16,iid,0.1,0,s022,7,2.000000000000001,0.0,0.0,10.5,56,49,49,0,6,0,0.98,7.2265625,50,0,2,0,1,1850,256,16,0,0,8.5,0,
aeqkad,window,full,fidelity,False,True,16,iid,0.1,0,s022,8,7.999999999999999,0.0,4.0,15.5,56,46,46,0,6,0,0.92,7.8515625,49,2,10,0,1,2010,256,16,0,0,9.0625,0,0.0
aeqkad,window,full,fidelity,False,True,16,iid,0.1,1,s022,2,12.25,0.0,6.0,30.5,56,40,40,0,6,0,0.8,12.06640625,49,9,0,0,0,3089,256,16,0,0,11.0625,0,
aeqkad,window,full,fidelity,False,True,16,iid,0.1,1,s022,3,7.000000000000004,0.0,0.0,25.0,56,47,47,0,6,0,0.94,10.57421875,51,4,1,0,0,2707,256,16,0,0,9.6875,0,
aeqkad,window,full,fidelity,False,True,16,iid,0.1,1,s022,4,10.499999999999998,3.423913043478259,6.0,27.0,56,45,45,0,6,0,0.9,10.1875,48,2,0,0,1,2608,256,16,0,0,7.625,0,
aeqkad,window,full,fidelity,False,True,16,iid,0.1,1,s022,5,6.999999999999999,0.0,10.0,17.0,56,40,40,0,6,0,0.8,10.23046875,45,3,0,0,2,2619,256,16,0,0,9.875,0,
aeqkad,window,full,fidelity,False,True,16,iid,0.1,1,s022,6,4.500000000000002,0.0,2.0,16.0,56,47,47,0,6,0,0.94,8.734375,49,1,0,0,1,2236,256,16,0,0,8.5,0,
aeqkad,window,full,fidelity,False,True,16,iid,0.1,1,s022,7,4.500000000000002,0.0,0.0,15.5,56,50,49,1,6,0,0.98,7.5234375,53,2,0,0,1,1926,256,16,0,0,9.3125,1,
aeqkad,window,full,fidelity,False,True,16,iid,0.1,1,s022,8,6.500000000000003,0.0,2.0,22.5,56,46,46,0,6,0,0.92,8.15625,50,3,0,0,1,2088,256,16,0,0,10.5,0,2.0
aeqkad,window,full,fidelity,False,True,16,iid,0.1,2,s022,2,13.0,0.0,8.0,18.0,56,38,38,0,6,0,0.76,11.75390625,46,8,0,0,0,3009,256,16,0,0,12.1875,0,
aeqkad,window,full,fidelity,False,True,16,iid,0.1,2,s022,3,6.000000000000003,0.0,2.0,10.0,56,47,47,0,6,0,0.94,10.28125,49,2,0,0,0,2632,256,16,0,0,7.8125,0,
aeqkad,window,full,fidelity,False,True,16,iid,0.1,2,s022,4,9.499999999999996,3.423913043478259,6.0,12.5,56,45,45,0,6,0,0.9,10.1171875,47,1,0,0,1,2590,256,16,0,0,8.0625,0,
aeqkad,window,full,fidelity,False,True,16,iid,0.1,2,s022,5,7.749999999999998,0.0,10.0,11.0,56,40,40,0,6,0,0.8,10.30859375,47,5,0,0,2,2639,256,16,0,0,8.4375,0,
aeqkad,window,full,fidelity,False,True,16,iid,0.1,2,s022,6,4.000000000000002,0.0,2.0,10.0,56,47,47,0,6,0,0.94,8.85546875,50,2,0,0,1,2267,256,16,0,0,8.0625,0,
aeqkad,window,full,fidelity,False,True,16,iid,0.1,2,s022,7,0.25,0.0,0.0,9.0,56,49,49,0,6,0,0.98,7.2890625,50,0,0,0,1,1866,256,16,0,0,8.5,0,
aeqkad,window,full,fidelity,False,True,16,iid,0.1,2,s022,8,8.499999999999998,0.0,4.0,18.0,56,46,46,0,6,0,0.92,7.921875,49,3,0,0,0,2028,256,16,0,0,9.8125,0,92.0
mm,mm,full,fidelity,False,True,16,iid,0.1,0,s022,2,19.5,5.760869565217389,2.0,79.5,56,39,39,0,6,0,0.78,16.0,54,15,9,0,0,4096,256,16,1,16,82.5,0,
mm,mm,full,fidelity,False,True,16,iid,0.1,0,s022,3,9.0,5.760869565217389,0.0,67.5,56,50,48,2,6,0,0.96,15.55859375,53,0,16,0,3,3983,256,16,1,1,26.3125,1,
mm,mm,full,fidelity,False,True,16,iid,0.1,0,s022,4,7.249999999999998,5.923913043478259,4.0,50.5,56,46,45,1,6,0,0.9,15.6171875,50,2,25,0,2,3998,256,16,1,1,57.75,2,
mm,mm,full,fidelity,False,True,16,iid,0.1,0,s022,5,13.25,2.33695652173913,10.0,39.5,56,42,42,0,6,0,0.84,15.33203125,47,2,18,0,3,3925,256,16,1,1,44.9375,1,
mm,mm,full,fidelity,False,True,16,iid,0.1,0,s022,6,6.000000000000003,3.58695652173913,2.0,34.0,56,49,47,2,6,0,0.94,14.015625,51,0,18,0,2,3588,256,16,1,1,53.1875,2,
mm,mm,full,fidelity,False,True,16,iid,0.1,0,s022,7,5.500000000000003,0.0,0.0,35.0,56,49,49,0,6,0,0.98,14.61328125,51,1,4,0,1,3741,256,16,1,1,60.3125,0,
mm,mm,full,fidelity,False,True,16,iid,0.1,0,s022,8,4.250000000000002,0.0,2.0,20.5,56,47,47,0,6,0,0.94,11.6328125,50,1,31,0,2,2978,256,16,1,1,60.875,0,4.0
mm,mm,full,fidelity,False,True,16,iid,0.1,1,s022,2,14.250000000000002,0.0,0.0,89.5,56,39,39,0,6,0,0.78,16.0,55,16,0,0,0,4096,256,16,1,15,79.0625,0,
mm,mm,full,fidelity,False,True,16,iid,0.1,1,s022,3,2.750000000000001,1.25,0.0,74.5,56,48,48,0,6,0,0.96,15.45703125,54,3,2,0,3,3957,256,16,1,1,24.75,0,
mm,mm,full,fidelity,False,True,16,iid,0.1,1,s022,4,4.000000000000003,0.0,2.0,47.0,56,45,45,0,6,0,0.9,15.796875,51,4,2,0,2,4044,256,16,1,1,61.3125,0,
mm,mm,full,fidelity,False,True,16,iid,0.1,1,s022,5,7.499999999999998,0.0,8.0,51.0,56,42,42,0,6,0,0.84,15.3125,47,3,3,0,2,3920,256,16,1,1,45.375,0,
mm,mm,full,fidelity,False,True,16,iid,0.1,1,s022,6,1.2500000000000009,0.0,2.0,29.0,56,47,47,0,6,0,0.94,13.76171875,50,1,0,0,2,3523,256,16,1,1,53.1875,0,
mm,mm,full,fidelity,False,True,16,iid,0.1,1,s022,7,2.000000000000001,0.0,0.0,25.0,56,49,49,0,6,0,0.98,14.64453125,55,5,0,0,1,3749,256,16,1,1,56.875,0,
mm,mm,full,fidelity,False,True,16,iid,0.1,1,s022,8,4.250000000000002,0.0,2.0,37.5,56,47,47,0,6,0,0.94,12.23046875,51,2,0,0,2,3131,256,16,1,1,59.75,0,18.0
mm,mm,full,fidelity,False,True,16,iid,0.1,2,s022,2,14.250000000000002,0.0,0.0,70.5,56,38,37,1,6,0,0.74,16.0,54,16,0,0,0,4096,256,16,1,15,79.125,0,
mm,mm,full,fidelity,False,True,16,iid,0.1,2,s022,3,1.7500000000000009,0.0,0.0,51.5,56,48,48,0,6,0,0.96,15.546875,54,4,0,0,2,3980,256,16,1,1,22.625,0,
mm,mm,full,fidelity,False,True,16,iid,0.1,2,s022,4,5.250000000000003,0.0,4.0,27.500000000000004,56,45,45,0,6,0,0.9,15.71484375,49,2,0,0,2,4023,256,16,1,1,58.375,0,
mm,mm,full,fidelity,False,True,16,iid,0.1,2,s022,5,6.749999999999999,1.25,8.0,32.5,56,43,42,1,6,0,0.84,15.29296875,49,3,1,0,3,3915,256,16,1,1,44.0625,1,
mm,mm,full,fidelity,False,True,16,iid,0.1,2,s022,6,2.500000000000001,3.423913043478259,2.0,28.000000000000004,56,49,48,1,6,0,0.96,14.91015625,51,1,0,0,1,3817,256,16,1,1,53.125,1,
mm,mm,full,fidelity,False,True,16,iid,0.1,2,s022,7,1.7500000000000009,0.0,0.0,23.0,56,49,49,0,6,0,0.98,14.2890625,52,0,0,0,3,3658,256,16,1,1,47.5,0,
mm,mm,full,fidelity,False,True,16,iid,0.1,2,s022,8,4.000000000000002,0.0,2.0,22.0,56,47,47,0,6,0,0.94,12.20703125,51,2,0,0,2,3125,256,16,1,1,64.1875,0,92.0
static,static,none,fidelity,False,True,16,iid,0.1,0,s024,2,6.250000000000003,1.25,4.0,13.5,56,0,0,0,6,0,0.0,38.0,0,0,0,0,0,9728,256,50,0,50,81.5,0,
static,static,none,fidelity,False,True,16,iid,0.1,0,s024,3,10.0,4.67391304347826,8.0,15.0,56,0,0,0,6,0,0.0,38.0,0,0,0,0,0,9728,256,50,0,50,137.5,0,
static,static,none,fidelity,False,True,16,iid,0.1,0,s024,4,7.499999999999998,0.0,8.0,13.0,56,0,0,0,6,0,0.0,38.0,0,0,0,0,0,9728,256,50,0,50,193.5,0,
static,static,none,fidelity,False,True,16,iid,0.1,0,s024,5,10.249999999999998,1.25,8.0,13.0,56,0,0,0,6,0,0.0,38.0,0,0,0,0,0,9728,256,50,0,50,249.5,0,
static,static,none,fidelity,False,True,16,iid,0.1,0,s024,6,9.499999999999998,0.0,4.0,17.0,56,0,0,0,6,0,0.0,38.0,0,0,0,0,0,9728,256,50,0,50,305.5,0,
static,static,none,fidelity,False,True,16,iid,0.1,0,s024,7,12.0,4.67391304347826,8.0,15.0,56,0,0,0,6,0,0.0,38.0,0,0,0,0,0,9728,256,50,0,50,361.5,0,
static,static,none,fidelity,False,True,16,iid,0.1,0,s024,8,7.249999999999998,1.25,4.0,11.5,56,0,0,0,6,0,0.0,38.0,0,0,0,0,0,9728,256,50,0,50,417.5,0,30.0
static,static,none,fidelity,False,True,16,iid,0.1,1,s024,2,7.499999999999998,1.25,2.0,16.5,56,0,0,0,6,0,0.0,37.0,0,0,0,0,0,9472,256,50,0,50,81.5,0,
static,static,none,fidelity,False,True,16,iid,0.1,1,s024,3,9.749999999999998,2.33695652173913,8.0,17.5,56,0,0,0,6,0,0.0,37.0,0,0,0,0,0,9472,256,50,0,50,137.5,0,
static,static,none,fidelity,False,True,16,iid,0.1,1,s024,4,10.249999999999998,1.25,4.0,20.5,56,0,0,0,6,0,0.0,37.0,0,0,0,0,0,9472,256,50,0,50,193.5,0,
static,static,none,fidelity,False,True,16,iid,0.1,1,s024,5,7.999999999999999,1.25,8.0,17.0,56,0,0,0,6,0,0.0,37.0,0,0,0,0,0,9472,256,50,0,50,249.5,0,
static,static,none,fidelity,False,True,16,iid,0.1,1,s024,6,6.000000000000003,0.0,2.0,18.0,56,0,0,0,6,0,0.0,37.0,0,0,0,0,0,9472,256,50,0,50,305.5,0,
static,static,none,fidelity,False,True,16,iid,0.1,1,s024,7,10.499999999999998,5.760869565217389,8.0,19.0,56,0,0,0,6,0,0.0,37.0,0,0,0,0,0,9472,256,50,0,50,361.5,0,
static,static,none,fidelity,False,True,16,iid,0.1,1,s024,8,7.749999999999998,6.847826086956524,2.0,21.5,56,0,0,0,6,0,0.0,37.0,0,0,0,0,0,9472,256,50,0,50,417.5,0,6.0
static,static,none,fidelity,False,True,16,iid,0.1,2,s024,2,8.499999999999998,1.25,2.0,57.99999999999999,56,0,0,0,6,0,0.0,38.0,0,0,0,0,0,9728,256,50,0,50,81.5,0,
static,static,none,fidelity,False,True,16,iid,0.1,2,s024,3,10.499999999999998,2.33695652173913,4.0,59.5,56,0,0,0,6,0,0.0,38.0,0,0,0,0,0,9728,256,50,0,50,137.5,0,
static,static,none,fidelity,False,True,16,iid,0.1,2,s024,4,8.249999999999998,1.25,2.0,57.49999999999999,56,0,0,0,6,0,0.0,38.0,0,0,0,0,0,9728,256,50,0,50,193.5,0,
static,static,none,fidelity,False,True,16,iid,0.1,2,s024,5,10.749999999999998,1.25,2.0,56.00000000000001,56,0,0,0,6,0,0.0,38.0,0,0,0,0,0,9728,256,50,0,50,249.5,0,
static,static,none,fidelity,False,True,16,iid,0.1,2,s024,6,6.250000000000003,0.0,2.0,64.0,56,0,0,0,6,0,0.0,38.0,0,0,0,0,0,9728,256,50,0,50,305.5,0,
static,static,none,fidelity,False,True,16,iid,0.1,2,s024,7,12.25,7.01086956521739,2.0,57.99999999999999,56,0,0,0,6,0,0.0,38.0,0,0,0,0,0,9728,256,50,0,50,361.5,0,
static,static,none,fidelity,False,True,16,iid,0.1,2,s024,8,9.499999999999998,1.25,0.0,59.0,56,0,0,0,6,0,0.0,38.0,0,0,0,0,0,9728,256,50,0,50,417.5,0,70.0
naive,naive,none,fidelity,False,True,16,iid,0.1,0,s024,2,7.999999999999999,6.847826086956524,2.0,17.5,56,50,49,1,6,0,0.98,48.8828125,0,0,0,0,0,12514,256,100,0,50,54.94,1,
naive,naive,none,fidelity,False,True,16,iid,0.1,0,s024,3,12.75,3.58695652173913,8.0,26.5,56,48,46,2,6,0,0.92,62.7109375,0,0,0,0,0,16054,256,148,0,50,83.35810810810811,3,
naive,naive,none,fidelity,False,True,16,iid,0.1,0,s024,4,7.749999999999998,2.33695652173913,2.0,39.0,56,51,49,2,6,0,0.98,77.109375,0,0,0,0,0,19740,256,199,0,50,110.74371859296484,5,
naive,naive,none,fidelity,False,True,16,iid,0.1,0,s024,5,7.749999999999998,2.5,0.0,39.5,56,52,50,2,6,0,1.0,90.2109375,0,0,0,0,0,23094,256,251,0,50,137.82868525896416,7,
naive,naive,none,fidelity,False,True,16,iid,0.1,0,s024,6,7.749999999999998,1.25,0.0,67.0,56,55,50,5,6,0,1.0,101.703125,0,0,0,0,0,26036,256,306,0,50,163.84967320261438,12,
naive,naive,none,fidelity,False,True,16,iid,0.1,0,s024,7,11.5,5.760869565217389,0.0,81.5,56,55,50,5,6,0,1.0,115.5234375,0,0,0,0,0,29574,256,361,0,50,190.50969529085876,17,
naive,naive,none,fidelity,False,True,16,iid,0.1,0,s024,8,6.250000000000003,1.25,0.0,90.5,56,56,50,6,6,0,1.0,129.31640625,0,0,0,0,0,33105,256,417,0,50,217.0983213429257,23,100.0
naive,naive,none,fidelity,False,True,16,iid,0.1,1,s024,2,7.749999999999998,1.25,2.0,23.5,56,52,49,3,6,0,0.98,49.734375,0,0,0,0,0,12732,256,102,0,50,54.01960784313726,3,
naive,naive,none,fidelity,False,True,16,iid,0.1,1,s024,3,10.75,3.58695652173913,6.0,46.5,56,52,47,5,6,0,0.94,64.640625,0,0,0,0,0,16548,256,154,0,50,81.96753246753246,8,
naive,naive,none,fidelity,False,True,16,iid,0.1,1,s024,4,14.250000000000002,2.5,2.0,69.5,56,53,49,4,6,0,0.98,83.2578125,0,0,0,0,0,21314,256,207,0,50,109.7729468599034,12,
naive,naive,none,fidelity,False,True,16,iid,0.1,1,s024,5,9.499999999999998,3.423913043478259,0.0,83.5,56,56,50,6,6,0,1.0,97.15625,0,0,0,0,0,24872,256,263,0,50,136.33079847908746,18,
naive,naive,none,fidelity,False,True,16,iid,0.1,1,s024,6,7.999999999999999,1.25,0.0,93.0,56,55,50,5,6,0,1.0,115.57421875,0,0,0,0,0,29587,256,318,0,50,163.75786163522014,23,
naive,naive,none,fidelity,False,True,16,iid,0.1,1,s024,7,11.249999999999998,5.760869565217389,0.0,98.5,56,56,50,6,6,0,1.0,131.30078125,0,0,0,0,0,33613,256,374,0,50,190.9705882352941,29,
naive,naive,none,fidelity,False,True,16,iid,0.1,1,s024,8,5.750000000000003,1.25,0.0,99.5,56,56,50,6,6,0,1.0,140.98828125,0,0,0,0,0,36093,256,430,0,50,218.3883720930233,35,100.0
naive,naive,none,fidelity,False,True,16,iid,0.1,2,s024,2,9.749999999999998,4.67391304347826,2.0,77.0,56,52,49,3,6,0,0.98,48.53125,0,0,0,0,0,12424,256,102,0,50,53.95098039215687,3,
naive,naive,none,fidelity,False,True,16,iid,0.1,2,s024,3,14.250000000000002,7.01086956521739,0.0,97.0,56,56,50,6,6,0,1.0,71.7109375,0,0,0,0,0,18358,256,158,0,50,80.72784810126582,9,
naive,naive,none,fidelity,False,True,16,iid,0.1,2,s024,4,13.25,2.33695652173913,0.0,100.0,56,56,50,6,6,0,1.0,91.5703125,0,0,0,0,0,23442,256,214,0,50,108.14485981308412,15,
naive,naive,none,fidelity,False,True,16,iid,0.1,2,s024,5,10.249999999999998,1.25,0.0,100.0,56,56,50,6,6,0,1.0,109.41796875,0,0,0,0,0,28011,256,270,0,50,135.8037037037037,21,
naive,naive,none,fidelity,False,True,16,iid,0.1,2,s024,6,11.5,0.0,0.0,100.0,56,56,50,6,6,0,1.0,125.72265625,0,0,0,0,0,32185,256,326,0,50,163.579754601227,27,
naive,naive,none,fidelity,False,True,16,iid,0.1,2,s024,7,19.000000000000004,7.01086956521739,0.0,100.0,56,56,50,6,6,0,1.0,138.91015625,0,0,0,0,0,35561,256,382,0,50,191.4214659685864,33,
naive,naive,none,fidelity,False,True,16,iid,0.1,2,s024,8,10.0,1.25,0.0,100.0,56,56,50,6,6,0,1.0,152.87109375,0,0,0,0,0,39135,256,438,0,50,219.3036529680365,39,100.0
window,window,none,fidelity,False,True,16,iid,0.1,0,s024,2,10.249999999999998,4.67391304347826,6.0,17.0,56,48,47,1,6,0,0.94,11.921875,0,0,0,0,0,3052,256,16,0,0,9.625,0,
window,window,none,fidelity,False,True,16,iid,0.1,0,s024,3,15.750000000000004,6.847826086956524,14.000000000000002,16.5,56,44,43,1,6,0,0.86,12.8671875,0,0,0,0,0,3294,256,16,0,0,8.0,0,
window,window,none,fidelity,False,True,16,iid,0.1,0,s024,4,12.0,1.25,12.0,12.5,56,46,44,2,6,0,0.88,9.90625,0,0,0,0,0,2536,256,16,0,0,9.375,1,
window,window,none,fidelity,False,True,16,iid,0.1,0,s024,5,9.25,0.0,8.0,13.5,56,46,46,0,6,0,0.92,11.56640625,0,0,0,0,0,2961,256,16,0,0,9.3125,0,
window,window,none,fidelity,False,True,16,iid,0.1,0,s024,6,11.5,0.0,12.0,12.5,56,44,44,0,6,0,0.88,10.0078125,0,0,0,0,0,2562,256,16,0,0,10.25,0,
window,window,none,fidelity,False,True,16,iid,0.1,0,s024,7,11.0,2.33695652173913,8.0,16.5,56,48,46,2,6,0,0.92,11.31640625,0,0,0,0,0,2897,256,16,0,0,8.5625,0,
window,window,none,fidelity,False,True,16,iid,0.1,0,s024,8,9.499999999999998,1.25,6.0,16.5,56,48,47,1,6,0,0.94,10.66796875,0,0,0,0,0,2731,256,16,0,0,8.375,0,46.0
window,window,none,fidelity,False,True,16,iid,0.1,1,s024,2,9.499999999999998,6.847826086956524,4.0,16.5,56,50,48,2,6,0,0.96,12.12109375,0,0,0,0,0,3103,256,16,0,0,7.5625,0,
window,window,none,fidelity,False,True,16,iid,0.1,1,s024,3,15.750000000000004,2.5,12.0,24.0,56,46,44,2,6,0,0.88,12.953125,0,0,0,0,0,3316,256,16,0,0,8.375,0,
window,window,none,fidelity,False,True,16,iid,0.1,1,s024,4,16.500000000000004,2.5,12.0,21.0,56,46,44,2,6,0,0.88,10.203125,0,0,0,0,0,2612,256,16,0,0,9.1875,0,
window,window,none,fidelity,False,True,16,iid,0.1,1,s024,5,10.0,0.0,2.0,20.0,56,52,49,3,6,0,0.98,11.89453125,0,0,0,0,0,3045,256,16,0,0,8.625,1,
window,window,none,fidelity,False,True,16,iid,0.1,1,s024,6,9.5,1.25,12.0,15.5,56,44,44,0,6,0,0.88,10.55859375,0,0,0,0,0,2703,256,16,0,0,10.0,0,
window,window,none,fidelity,False,True,16,iid,0.1,1,s024,7,12.75,1.0869565217391297,4.0,18.5,56,48,48,0,6,0,0.96,11.1953125,0,0,0,0,0,2866,256,16,0,0,8.3125,0,
window,window,none,fidelity,False,True,16,iid,0.1,1,s024,8,9.749999999999998,2.5,4.0,21.5,56,52,48,4,6,0,0.96,10.89453125,0,0,0,0,0,2789,256,16,0,0,8.625,2,4.0
window,window,none,fidelity,False,True,16,iid,0.1,2,s024,2,11.5,4.67391304347826,4.0,22.0,56,48,48,0,6,0,0.96,12.08984375,0,0,0,0,0,3095,256,16,0,0,9.5,0,
window,window,none,fidelity,False,True,16,iid,0.1,2,s024,3,18.000000000000004,2.5,12.0,25.5,56,45,44,1,6,0,0.88,12.81640625,0,0,0,0,0,3281,256,16,0,0,7.9375,0,
window,window,none,fidelity,False,True,16,iid,0.1,2,s024,4,11.5,2.5,12.0,12.5,56,45,44,1,6,0,0.88,9.890625,0,0,0,0,0,2532,256,16,0,0,9.875,0,
window,window,none,fidelity,False,True,16,iid,0.1,2,s024,5,9.499999999999998,3.423913043478259,6.0,18.5,56,49,47,2,6,0,0.94,11.7109375,0,0,0,0,0,2998,256,16,0,0,9.6875,0,
window,window,none,fidelity,False,True,16,iid,0.1,2,s024,6,10.0,2.33695652173913,12.0,11.5,56,45,44,1,6,0,0.88,10.3203125,0,0,0,0,0,2642,256,16,0,0,9.4375,1,
window,window,none,fidelity,False,True,16,iid,0.1,2,s024,7,13.5,3.423913043478259,4.0,24.0,56,48,48,0,6,0,0.96,11.5703125,0,0,0,0,0,2962,256,16,0,0,9.625,0,
window,window,none,fidelity,False,True,16,iid,0.1,2,s024,8,9.749999999999998,1.25,2.0,19.5,56,50,49,1,6,0,0.98,10.7890625,0,0,0,0,0,2762,256,16,0,0,9.4375,0,24.0
aeqkad,window,full,fidelity,False,True,16,iid,0.1,0,s024,2,10.249999999999998,2.5,6.0,16.5,56,41,41,0,6,0,0.82,11.46875,48,7,0,0,0,2936,256,16,0,0,9.6875,0,
aeqkad,window,full,fidelity,False,True,16,iid,0.1,0,s024,3,16.500000000000004,6.847826086956524,16.0,15.0,56,36,36,0,6,0,0.72,11.3359375,43,6,0,0,1,2902,256,16,0,0,8.625,0,
aeqkad,window,full,fidelity,False,True,16,iid,0.1,0,s024,4,11.5,1.25,14.000000000000002,11.0,56,40,38,2,6,0,0.76,9.36328125,45,3,0,0,2,2397,256,16,0,0,12.1875,1,
aeqkad,window,full,fidelity,False,True,16,iid,0.1,0,s024,5,13.750000000000002,1.25,14.000000000000002,12.0,56,39,39,0,6,0,0.78,9.8359375,43,4,0,0,0,2518,256,16,0,0,10.5625,0,
aeqkad,window,full,fidelity,False,True,16,iid,0.1,0,s024,6,14.000000000000002,0.0,14.000000000000002,10.0,56,39,39,0,6,0,0.78,9.390625,43,4,0,0,0,2404,256,16,0,0,11.25,0,
aeqkad,window,full,fidelity,False,True,16,iid,0.1,0,s024,7,10.249999999999998,0.0,6.0,13.0,56,42,42,0,6,0,0.84,10.29296875,48,5,0,0,1,2635,256,16,0,0,9.125,0,
aeqkad,window,full,fidelity,False,True,16,iid,0.1,0,s024,8,9.749999999999998,1.25,6.0,12.0,56,40,40,0,6,0,0.8,9.66015625,48,8,0,0,0,2473,256,16,0,0,11.6875,0,42.0
aeqkad,window,full,fidelity,False,True,16,iid,0.1,1,s024,2,10.0,4.67391304347826,8.0,14.499999999999998,56,43,41,2,6,0,0.82,11.8203125,48,5,0,0,0,3026,256,16,0,0,7.625,0,
aeqkad,window,full,fidelity,False,True,16,iid,0.1,1,s024,3,14.000000000000002,2.5,12.0,16.0,56,38,37,1,6,0,0.74,11.41015625,47,9,0,0,0,2921,256,16,0,0,9.0625,0,
aeqkad,window,full,fidelity,False,True,16,iid,0.1,1,s024,4,14.250000000000002,2.5,12.0,15.5,56,40,40,0,6,0,0.8,9.36328125,45,5,0,0,0,2397,256,16,0,0,10.3125,0,
aeqkad,window,full,fidelity,False,True,16,iid,0.1,1,s024,5,10.249999999999998,2.33695652173913,10.0,10.5,56,39,38,1,6,0,0.76,10.625,46,7,0,0,0,2720,256,16,0,0,13.4375,0,
aeqkad,window,full,fidelity,False,True,16,iid,0.1,1,s024,6,11.75,1.25,14.000000000000002,9.0,56,39,39,0,6,0,0.78,9.2109375,43,4,0,0,0,2358,256,16,0,0,10.9375,0,
aeqkad,window,full,fidelity,False,True,16,iid,0.1,1,s024,7,10.249999999999998,2.33695652173913,6.0,16.0,56,41,41,0,6,0,0.82,10.359375,47,5,0,0,1,2652,256,16,0,0,10.0625,0,
aeqkad,window,full,fidelity,False,True,16,iid,0.1,1,s024,8,12.25,5.760869565217389,6.0,18.5,56,39,39,0,6,0,0.78,9.265625,49,10,0,0,0,2372,256,16,0,0,13.75,0,2.0
aeqkad,window,full,fidelity,False,True,16,iid,0.1,2,s024,2,11.5,4.67391304347826,6.0,22.0,56,42,42,0,6,0,0.84,11.33203125,47,5,0,0,0,2901,256,16,0,0,9.5625,0,
aeqkad,window,full,fidelity,False,True,16,iid,0.1,2,s024,3,13.750000000000002,2.5,12.0,20.5,56,38,37,1,6,0,0.74,11.765625,45,7,0,0,0,3012,256,16,0,0,7.9375,0,
aeqkad,window,full,fidelity,False,True,16,iid,0.1,2,s024,4,11.249999999999998,6.847826086956524,12.0,12.5,56,43,42,1,6,0,0.84,9.53125,45,2,0,0,0,2440,256,16,0,0,11.0625,0,
aeqkad,window,full,fidelity,False,True,16,iid,0.1,2,s024,5,13.25,1.25,12.0,12.5,56,41,41,0,6,0,0.82,10.33203125,46,5,0,0,0,2645,256,16,0,0,10.75,0,
aeqkad,window,full,fidelity,False,True,16,iid,0.1,2,s024,6,10.25,2.33695652173913,12.0,11.0,56,42,42,0,6,0,0.84,9.8515625,45,2,4,0,1,2522,256,16,0,0,9.8125,0,
aeqkad,window,full,fidelity,False,True,16,iid,0.1,2,s024,7,12.0,3.423913043478259,6.0,20.0,56,43,43,0,6,0,0.86,10.9296875,47,4,0,0,0,2798,256,16,0,0,10.3125,0,
aeqkad,window,full,fidelity,False,True,16,iid,0.1,2,s024,8,8.249999999999998,4.67391304347826,0.0,15.0,56,41,40,1,6,0,0.8,9.34375,51,10,0,0,0,2392,256,16,0,0,13.9375,0,12.0
mm,mm,full,fidelity,False,True,16,iid,0.1,0,s024,2,6.500000000000003,2.5,2.0,32.5,56,47,47,0,6,0,0.94,16.0,50,3,1,0,0,4096,256,16,1,15,81.375,0,
mm,mm,full,fidelity,False,True,16,iid,0.1,0,s024,3,11.249999999999998,4.67391304347826,10.0,25.0,56,39,39,0,6,0,0.78,15.7265625,48,6,0,0,3,4026,256,16,1,1,29.125,0,
mm,mm,full,fidelity,False,True,16,iid,0.1,0,s024,4,9.25,3.423913043478259,10.0,24.5,56,45,43,2,6,0,0.86,15.5625,47,1,2,0,1,3984,256,16,1,1,63.875,1,
mm,mm,full,fidelity,False,True,16,iid,0.1,0,s024,5,11.5,1.25,2.0,20.5,56,44,44,0,6,0,0.88,15.14453125,50,5,2,0,1,3877,256,16,1,1,50.625,1,
mm,mm,full,fidelity,False,True,16,iid,0.1,0,s024,6,13.5,0.0,12.0,19.5,56,41,41,0,6,0,0.82,15.3203125,44,2,0,0,1,3922,256,16,1,1,59.0,0,
mm,mm,full,fidelity,False,True,16,iid,0.1,0,s024,7,12.0,0.0,4.0,25.0,56,44,44,0,6,0,0.88,15.5234375,50,6,0,0,0,3974,256,16,1,1,51.1875,0,
mm,mm,full,fidelity,False,True,16,iid,0.1,0,s024,8,12.0,1.25,4.0,29.5,56,43,42,1,6,0,0.84,15.875,49,4,4,0,2,4064,256,16,1,1,77.0625,0,88.0
mm,mm,full,fidelity,False,True,16,iid,0.1,1,s024,2,5.750000000000003,1.25,2.0,46.5,56,46,44,2,6,0,0.88,16.0,55,9,0,0,0,4096,256,16,1,16,85.25,0,
mm,mm,full,fidelity,False,True,16,iid,0.1,1,s024,3,14.250000000000002,9.184782608695654,6.0,43.0,56,32,31,1,6,0,0.62,15.53125,50,17,0,0,1,3976,256,16,1,2,27.6875,0,
mm,mm,full,fidelity,False,True,16,iid,0.1,1,s024,4,11.249999999999998,2.5,10.0,19.5,56,40,40,0,6,0,0.8,13.77734375,46,5,0,0,1,3527,256,16,1,1,53.625,0,
mm,mm,full,fidelity,False,True,16,iid,0.1,1,s024,5,7.749999999999998,3.423913043478259,4.0,24.0,56,43,42,1,6,0,0.84,14.49609375,50,6,0,0,1,3711,256,16,1,1,54.0,1,
mm,mm,full,fidelity,False,True,16,iid,0.1,1,s024,6,12.0,1.25,8.0,27.0,56,42,42,0,6,0,0.84,14.8671875,49,7,0,0,0,3806,256,16,1,1,62.4375,1,
mm,mm,full,fidelity,False,True,16,iid,0.1,1,s024,7,11.0,2.33695652173913,4.0,30.0,56,42,42,0,6,0,0.84,15.27734375,49,6,0,0,1,3911,256,16,1,1,72.75,0,
mm,mm,full,fidelity,False,True,16,iid,0.1,1,s024,8,13.750000000000002,1.25,0.0,31.0,56,41,41,0,6,0,0.82,15.78125,53,11,0,0,1,4040,256,16,1,1,65.3125,0,6.0
mm,mm,full,fidelity,False,True,16,iid,0.1,2,s024,2,8.749999999999998,1.25,2.0,51.0,56,47,47,0,6,0,0.94,16.0,50,3,8,0,0,4096,256,16,1,16,82.75,0,
mm,mm,full,fidelity,False,True,16,iid,0.1,2,s024,3,12.0,4.83695652173913,8.0,44.0,56,40,39,1,6,0,0.78,15.90234375,48,7,2,0,1,4071,256,16,1,1,27.875,1,
mm,mm,full,fidelity,False,True,16,iid,0.1,2,s024,4,11.5,2.5,10.0,31.0,56,45,44,1,6,0,0.88,15.99609375,46,1,10,0,0,4095,256,16,1,1,65.875,0,
mm,mm,full,fidelity,False,True,16,iid,0.1,2,s024,5,8.249999999999998,2.33695652173913,2.0,24.0,56,44,44,0,6,0,0.88,15.53125,52,6,15,0,2,3976,256,16,1,1,51.625,0,
mm,mm,full,fidelity,False,True,16,iid,0.1,2,s024,6,12.25,0.0,10.0,23.0,56,42,42,0,6,0,0.84,15.265625,47,4,10,0,1,3908,256,16,1,1,64.875,0,
mm,mm,full,fidelity,False,True,16,iid,0.1,2,s024,7,13.5,3.423913043478259,4.0,34.5,56,44,44,0,6,0,0.88,15.25,50,6,5,0,0,3904,256,16,1,1,65.3125,0,
mm,mm,full,fidelity,False,True,16,iid,0.1,2,s024,8,14.000000000000002,2.33695652173913,0.0,36.0,56,44,43,1,6,0,0.86,15.5,55,9,6,0,2,3968,256,16,1,1,63.625,0,24.0
static,static,none,fidelity,False,True,16,iid,0.1,0,s025,2,11.5,0.0,4.0,64.0,56,0,0,0,6,0,0.0,38.0,0,0,0,0,0,9728,256,50,0,50,81.5,0,
static,static,none,fidelity,False,True,16,iid,0.1,0,s025,3,8.499999999999998,0.0,0.0,66.5,56,0,0,0,6,0,0.0,38.0,0,0,0,0,0,9728,256,50,0,50,137.5,0,
static,static,none,fidelity,False,True,16,iid,0.1,0,s025,4,11.5,0.0,2.0,65.0,56,0,0,0,6,0,0.0,38.0,0,0,0,0,0,9728,256,50,0,50,193.5,0,
static,static,none,fidelity,False,True,16,iid,0.1,0,s025,5,8.499999999999998,0.0,0.0,68.5,56,0,0,0,6,0,0.0,38.0,0,0,0,0,0,9728,256,50,0,50,249.5,0,
static,static,none,fidelity,False,True,16,iid,0.1,0,s025,6,12.0,0.0,4.0,65.0,56,0,0,0,6,0,0.0,38.0,0,0,0,0,0,9728,256,50,0,50,305.5,0,
static,static,none,fidelity,False,True,16,iid,0.1,0,s025,7,4.750000000000003,0.0,2.0,68.5,56,0,0,0,6,0,0.0,38.0,0,0,0,0,0,9728,256,50,0,50,361.5,0,
static,static,none,fidelity,False,True,16,iid,0.1,0,s025,8,16.500000000000004,6.847826086956524,4.0,70.0,56,0,0,0,6,0,0.0,38.0,0,0,0,0,0,9728,256,50,0,50,417.5,0,66.0
static,static,none,fidelity,False,True,16,iid,0.1,1,s025,2,11.5,0.0,4.0,57.49999999999999,56,0,0,0,6,0,0.0,39.0,0,0,0,0,0,9984,256,50,0,50,81.5,0,
static,static,none,fidelity,False,True,16,iid,0.1,1,s025,3,6.749999999999997,3.423913043478259,0.0,57.49999999999999,56,0,0,0,6,0,0.0,39.0,0,0,0,0,0,9984,256,50,0,50,137.5,0,
static,static,none,fidelity,False,True,16,iid,0.1,1,s025,4,15.000000000000002,0.0,4.0,59.5,56,0,0,0,6,0,0.0,39.0,0,0,0,0,0,9984,256,50,0,50,193.5,0,
static,static,none,fidelity,False,True,16,iid,0.1,1,s025,5,7.249999999999998,0.0,2.0,58.5,56,0,0,0,6,0,0.0,39.0,0,0,0,0,0,9984,256,50,0,50,249.5,0,
static,static,none,fidelity,False,True,16,iid,0.1,1,s025,6,9.499999999999998,0.0,4.0,57.49999999999999,56,0,0,0,6,0,0.0,39.0,0,0,0,0,0,9984,256,50,0,50,305.5,0,
static,static,none,fidelity,False,True,16,iid,0.1,1,s025,7,5.500000000000003,0.0,4.0,56.49999999999999,56,0,0,0,6,0,0.0,39.0,0,0,0,0,0,9984,256,50,0,50,361.5,0,
static,static,none,fidelity,False,True,16,iid,0.1,1,s025,8,18.25,3.58695652173913,4.0,56.99999999999999,56,0,0,0,6,0,0.0,39.0,0,0,0,0,0,9984,256,50,0,50,417.5,0,96.0
static,static,none,fidelity,False,True,16,iid,0.1,2,s025,2,12.25,0.0,4.0,63.0,56,0,0,0,6,0,0.0,39.0,0,0,0,0,0,9984,256,50,0,50,81.5,0,
static,static,none,fidelity,False,True,16,iid,0.1,2,s025,3,6.749999999999997,0.0,0.0,62.5,56,0,0,0,6,0,0.0,39.0,0,0,0,0,0,9984,256,50,0,50,137.5,0,
static,static,none,fidelity,False,True,16,iid,0.1,2,s025,4,14.250000000000002,0.0,2.0,62.0,56,0,0,0,6,0,0.0,39.0,0,0,0,0,0,9984,256,50,0,50,193.5,0,
static,static,none,fidelity,False,True,16,iid,0.1,2,s025,5,9.749999999999998,0.0,0.0,61.5,56,0,0,0,6,0,0.0,39.0,0,0,0,0,0,9984,256,50,0,50,249.5,0,
static,static,none,fidelity,False,True,16,iid,0.1,2,s025,6,7.999999999999999,0.0,4.0,57.99999999999999,56,0,0,0,6,0,0.0,39.0,0,0,0,0,0,9984,256,50,0,50,305.5,0,
static,static,none,fidelity,False,True,16,iid,0.1,2,s025,7,5.000000000000003,1.25,2.0,61.0,56,0,0,0,6,0,0.0,39.0,0,0,0,0,0,9984,256,50,0,50,361.5,0,
static,static,none,fidelity,False,True,16,iid,0.1,2,s025,8,17.25,2.33695652173913,4.0,60.0,56,0,0,0,6,0,0.0,39.0,0,0,0,0,0,9984,256,50,0,50,417.5,0,82.0
naive,naive,none,fidelity,False,True,16,iid,0.1,0,s025,2,13.0,0.0,4.0,81.0,56,54,48,6,6,0,0.96,50.6875,0,0,0,0,0,12976,256,104,0,50,52.98076923076923,6,
naive,naive,none,fidelity,False,True,16,iid,0.1,0,s025,3,6.999999999999998,2.33695652173913,0.0,94.5,56,55,50,5,6,0,1.0,70.4296875,0,0,0,0,0,18030,256,159,0,50,80.66666666666667,11,
naive,naive,none,fidelity,False,True,16,iid,0.1,0,s025,4,13.750000000000002,3.423913043478259,0.0,100.0,56,56,50,6,6,0,1.0,86.625,0,0,0,0,0,22176,256,215,0,50,108.23255813953487,17,
naive,naive,none,fidelity,False,True,16,iid,0.1,0,s025,5,11.75,1.0869565217391297,0.0,100.0,56,56,50,6,6,0,1.0,109.5078125,0,0,0,0,0,28034,256,271,0,50,135.97785977859778,23,
naive,naive,none,fidelity,False,True,16,iid,0.1,0,s025,6,14.250000000000002,4.67391304347826,0.0,100.0,56,56,50,6,6,0,1.0,127.4921875,0,0,0,0,0,32638,256,327,0,50,163.81039755351682,29,
naive,naive,none,fidelity,False,True,16,iid,0.1,0,s025,7,9.749999999999998,2.33695652173913,0.0,100.0,56,56,50,6,6,0,1.0,144.421875,0,0,0,0,0,36972,256,383,0,50,191.69190600522197,35,
naive,naive,none,fidelity,False,True,16,iid,0.1,0,s025,8,19.75,10.434782608695654,0.0,100.0,56,56,50,6,6,0,1.0,156.953125,0,0,0,0,0,40180,256,439,0,50,219.60364464692483,41,100.0
naive,naive,none,fidelity,False,True,16,iid,0.1,1,s025,2,14.250000000000002,0.0,4.0,68.5,56,52,48,4,6,0,0.96,49.71484375,0,0,0,0,0,12727,256,102,0,50,53.53921568627451,4,
naive,naive,none,fidelity,False,True,16,iid,0.1,1,s025,3,7.249999999999998,3.423913043478259,0.0,87.5,56,54,50,4,6,0,1.0,68.39453125,0,0,0,0,0,17509,256,156,0,50,81.33974358974359,8,
naive,naive,none,fidelity,False,True,16,iid,0.1,1,s025,4,12.25,0.0,0.0,97.5,56,56,50,6,6,0,1.0,82.91796875,0,0,0,0,0,21227,256,212,0,50,108.3254716981132,14,
naive,naive,none,fidelity,False,True,16,iid,0.1,1,s025,5,13.25,2.33695652173913,0.0,99.0,56,56,50,6,6,0,1.0,107.16015625,0,0,0,0,0,27433,256,268,0,50,135.73507462686567,20,
naive,naive,none,fidelity,False,True,16,iid,0.1,1,s025,6,14.500000000000002,2.33695652173913,0.0,100.0,56,56,50,6,6,0,1.0,124.08203125,0,0,0,0,0,31765,256,324,0,50,163.34876543209876,26,
naive,naive,none,fidelity,False,True,16,iid,0.1,1,s025,7,7.249999999999998,2.33695652173913,0.0,100.0,56,56,50,6,6,0,1.0,138.671875,0,0,0,0,0,35500,256,380,0,50,191.07631578947368,32,
naive,naive,none,fidelity,False,True,16,iid,0.1,1,s025,8,20.0,6.847826086956524,0.0,100.0,56,56,50,6,6,0,1.0,151.7109375,0,0,0,0,0,38838,256,436,0,50,218.8738532110092,38,100.0
naive,naive,none,fidelity,False,True,16,iid,0.1,2,s025,2,13.25,0.0,4.0,68.5,56,51,48,3,6,0,0.96,46.96484375,0,0,0,0,0,12023,256,101,0,50,53.50495049504951,3,
naive,naive,none,fidelity,False,True,16,iid,0.1,2,s025,3,6.999999999999998,4.67391304347826,0.0,90.5,56,56,50,6,6,0,1.0,67.5703125,0,0,0,0,0,17298,256,157,0,50,80.2547770700637,9,
naive,naive,none,fidelity,False,True,16,iid,0.1,2,s025,4,14.250000000000002,0.0,0.0,95.5,56,56,50,6,6,0,1.0,82.125,0,0,0,0,0,21024,256,213,0,50,107.66197183098592,15,
naive,naive,none,fidelity,False,True,16,iid,0.1,2,s025,5,13.750000000000002,2.33695652173913,0.0,100.0,56,56,50,6,6,0,1.0,107.35546875,0,0,0,0,0,27483,256,269,0,50,135.31598513011153,21,
naive,naive,none,fidelity,False,True,16,iid,0.1,2,s025,6,13.5,4.67391304347826,0.0,100.0,56,56,50,6,6,0,1.0,123.6328125,0,0,0,0,0,31650,256,325,0,50,163.08923076923077,27,
naive,naive,none,fidelity,False,True,16,iid,0.1,2,s025,7,10.249999999999998,4.67391304347826,0.0,100.0,56,56,50,6,6,0,1.0,138.82421875,0,0,0,0,0,35539,256,381,0,50,190.9291338582677,33,
naive,naive,none,fidelity,False,True,16,iid,0.1,2,s025,8,16.000000000000004,10.434782608695654,0.0,100.0,56,56,50,6,6,0,1.0,151.21484375,0,0,0,0,0,38711,256,437,0,50,218.8100686498856,39,100.0
window,window,none,fidelity,False,True,16,iid,0.1,0,s025,2,16.500000000000004,3.423913043478259,10.0,30.5,56,48,45,3,6,0,0.9,13.98828125,0,0,0,0,0,3581,256,16,0,0,8.6875,1,
window,window,none,fidelity,False,True,16,iid,0.1,0,s025,3,9.749999999999998,2.33695652173913,8.0,22.0,56,48,46,2,6,0,0.92,10.6953125,0,0,0,0,0,2738,256,16,0,0,7.5,2,
window,window,none,fidelity,False,True,16,iid,0.1,0,s025,4,13.750000000000002,0.0,16.0,18.0,56,43,42,1,6,0,0.84,10.37890625,0,0,0,0,0,2657,256,16,0,0,9.25,0,
window,window,none,fidelity,False,True,16,iid,0.1,0,s025,5,13.750000000000002,2.33695652173913,14.000000000000002,26.5,56,48,43,5,6,0,0.86,12.93359375,0,0,0,0,0,3311,256,16,0,0,9.125,1,
window,window,none,fidelity,False,True,16,iid,0.1,0,s025,6,16.75,2.33695652173913,10.0,32.5,56,49,45,4,6,0,0.9,10.734375,0,0,0,0,0,2748,256,16,0,0,8.0625,2,
window,window,none,fidelity,False,True,16,iid,0.1,0,s025,7,9.75,0.0,6.0,35.5,56,51,47,4,6,0,0.94,10.84765625,0,0,0,0,0,2777,256,16,0,0,8.0625,0,
window,window,none,fidelity,False,True,16,iid,0.1,0,s025,8,19.000000000000004,0.0,18.0,19.0,56,42,41,1,6,0,0.82,8.8125,0,0,0,0,0,2256,256,16,0,0,16.625,0,56.00000000000001
window,window,none,fidelity,False,True,16,iid,0.1,1,s025,2,12.0,0.0,8.0,33.5,56,48,46,2,6,0,0.92,14.171875,0,0,0,0,0,3628,256,16,0,0,9.5,0,
window,window,none,fidelity,False,True,16,iid,0.1,1,s025,3,9.499999999999998,1.0869565217391297,8.0,22.5,56,46,46,0,6,0,0.92,10.16796875,0,0,0,0,0,2603,256,16,0,0,9.3125,0,
window,window,none,fidelity,False,True,16,iid,0.1,1,s025,4,15.250000000000002,0.0,16.0,20.0,56,43,42,1,6,0,0.84,10.7578125,0,0,0,0,0,2754,256,16,0,0,9.875,0,
window,window,none,fidelity,False,True,16,iid,0.1,1,s025,5,15.750000000000004,0.0,14.000000000000002,27.0,56,44,43,1,6,0,0.86,12.55078125,0,0,0,0,0,3213,256,16,0,0,10.0,1,
window,window,none,fidelity,False,True,16,iid,0.1,1,s025,6,13.750000000000002,1.0869565217391297,10.0,23.0,56,48,45,3,6,0,0.9,10.453125,0,0,0,0,0,2676,256,16,0,0,8.0625,1,
window,window,none,fidelity,False,True,16,iid,0.1,1,s025,7,13.25,0.0,6.0,20.0,56,47,47,0,6,0,0.94,9.84765625,0,0,0,0,0,2521,256,16,0,0,9.6875,0,
window,window,none,fidelity,False,True,16,iid,0.1,1,s025,8,20.0,1.25,16.0,25.5,56,45,42,3,6,0,0.84,9.32421875,0,0,0,0,0,2387,256,16,0,0,14.3125,2,2.0
window,window,none,fidelity,False,True,16,iid,0.1,2,s025,2,14.500000000000002,0.0,10.0,28.5,56,47,45,2,6,0,0.9,13.703125,0,0,0,0,0,3508,256,16,0,0,8.125,2,
window,window,none,fidelity,False,True,16,iid,0.1,2,s025,3,8.749999999999998,2.33695652173913,4.0,24.0,56,51,48,3,6,0,0.96,11.13671875,0,0,0,0,0,2851,256,16,0,0,7.625,2,
window,window,none,fidelity,False,True,16,iid,0.1,2,s025,4,17.750000000000004,0.0,16.0,22.5,56,43,42,1,6,0,0.84,11.13671875,0,0,0,0,0,2851,256,16,0,0,9.8125,0,
window,window,none,fidelity,False,True,16,iid,0.1,2,s025,5,16.500000000000004,0.0,14.000000000000002,27.500000000000004,56,44,43,1,6,0,0.86,12.765625,0,0,0,0,0,3268,256,16,0,0,9.875,0,
window,window,none,fidelity,False,True,16,iid,0.1,2,s025,6,11.5,2.33695652173913,12.0,19.5,56,44,44,0,6,0,0.88,10.140625,0,0,0,0,0,2596,256,16,0,0,9.4375,0,
window,window,none,fidelity,False,True,16,iid,0.1,2,s025,7,10.249999999999998,2.33695652173913,6.0,18.5,56,48,47,1,6,0,0.94,9.66015625,0,0,0,0,0,2473,256,16,0,0,8.875,1,
window,window,none,fidelity,False,True,16,iid,0.1,2,s025,8,14.750000000000002,0.0,16.0,16.0,56,43,42,1,6,0,0.84,9.05859375,0,0,0,0,0,2319,256,16,0,0,15.375,1,60.0
aeqkad,window,full,fidelity,False,True,16,iid,0.1,0,s025,2,16.500000000000004,3.423913043478259,10.0,24.5,56,39,39,0,6,0,0.78,12.91015625,47,8,8,0,0,3305,256,16,0,0,11.3125,0,
aeqkad,window,full,fidelity,False,True,16,iid,0.1,0,s025,3,10.0,2.33695652173913,8.0,19.0,56,45,44,1,6,0,0.88,9.9921875,48,3,10,0,0,2558,256,16,0,0,7.75,1,
aeqkad,window,full,fidelity,False,True,16,iid,0.1,0,s025,4,15.250000000000002,0.0,16.0,17.5,56,41,40,1,6,0,0.8,10.73828125,43,2,7,0,0,2749,256,16,0,0,10.9375,0,
aeqkad,window,full,fidelity,False,True,16,iid,0.1,0,s025,5,17.0,0.0,14.000000000000002,22.0,56,39,38,1,6,0,0.76,11.65234375,47,8,9,0,0,2983,256,16,0,0,11.5,0,
aeqkad,window,full,fidelity,False,True,16,iid,0.1,0,s025,6,11.249999999999998,2.33695652173913,12.0,18.0,56,40,40,0,6,0,0.8,9.06640625,45,4,0,0,1,2321,256,16,0,0,10.375,0,
aeqkad,window,full,fidelity,False,True,16,iid,0.1,0,s025,7,9.749999999999998,0.0,6.0,19.5,56,43,43,0,6,0,0.86,8.5,47,3,2,0,1,2176,256,16,0,0,8.0625,0,
aeqkad,window,full,fidelity,False,True,16,iid,0.1,0,s025,8,19.000000000000004,0.0,16.0,20.0,56,41,41,0,6,0,0.82,8.4921875,42,1,13,0,0,2174,256,16,0,0,16.625,0,54.0
aeqkad,window,full,fidelity,False,True,16,iid,0.1,1,s025,2,16.000000000000004,0.0,10.0,28.000000000000004,56,39,39,0,6,0,0.78,12.91015625,47,7,3,0,1,3305,256,16,0,0,11.6875,0,
aeqkad,window,full,fidelity,False,True,16,iid,0.1,1,s025,3,10.499999999999998,2.33695652173913,8.0,20.0,56,43,43,0,6,0,0.86,9.890625,46,3,0,0,0,2532,256,16,0,0,9.75,0,
aeqkad,window,full,fidelity,False,True,16,iid,0.1,1,s025,4,18.000000000000004,0.0,16.0,19.0,56,37,37,0,6,0,0.74,9.80078125,43,4,1,0,2,2509,256,16,0,0,13.6875,0,
aeqkad,window,full,fidelity,False,True,16,iid,0.1,1,s025,5,17.0,0.0,14.000000000000002,24.5,56,39,39,0,6,0,0.78,11.43359375,44,5,1,0,0,2927,256,16,0,0,12.9375,0,
aeqkad,window,full,fidelity,False,True,16,iid,0.1,1,s025,6,10.75,2.33695652173913,12.0,17.0,56,42,41,1,6,0,0.82,9.25,47,3,1,0,2,2368,256,16,0,0,10.1875,0,
aeqkad,window,full,fidelity,False,True,16,iid,0.1,1,s025,7,9.25,0.0,6.0,16.0,56,42,42,0,6,0,0.84,8.88671875,47,3,1,0,2,2275,256,16,0,0,9.6875,0,
aeqkad,window,full,fidelity,False,True,16,iid,0.1,1,s025,8,18.250000000000004,1.25,18.0,18.5,56,41,41,0,6,0,0.82,8.51171875,43,2,8,0,0,2179,256,16,0,0,16.8125,0,0.0
aeqkad,window,full,fidelity,False,True,16,iid,0.1,2,s025,2,14.500000000000002,0.0,12.0,25.0,56,39,39,0,6,0,0.78,12.87890625,46,6,31,0,1,3297,256,16,0,0,12.25,0,
aeqkad,window,full,fidelity,False,True,16,iid,0.1,2,s025,3,9.499999999999998,2.33695652173913,8.0,18.0,56,45,45,0,6,0,0.9,10.41796875,48,2,36,0,1,2667,256,16,0,0,8.9375,0,
aeqkad,window,full,fidelity,False,True,16,iid,0.1,2,s025,4,15.750000000000004,0.0,18.0,20.5,56,38,37,1,6,0,0.74,9.91796875,42,2,26,0,2,2539,256,16,0,0,13.375,0,
aeqkad,window,full,fidelity,False,True,16,iid,0.1,2,s025,5,16.250000000000004,0.0,14.000000000000002,24.5,56,39,38,1,6,0,0.76,11.75390625,44,4,28,0,1,3009,256,16,0,0,12.375,0,
aeqkad,window,full,fidelity,False,True,16,iid,0.1,2,s025,6,12.000000000000002,2.33695652173913,14.000000000000002,18.0,56,39,39,0,6,0,0.78,8.921875,43,1,27,0,3,2284,256,16,0,0,10.5,0,
aeqkad,window,full,fidelity,False,True,16,iid,0.1,2,s025,7,10.999999999999998,0.0,8.0,13.0,56,42,42,0,6,0,0.84,8.7734375,47,3,25,0,2,2246,256,16,0,0,9.1875,0,
aeqkad,window,full,fidelity,False,True,16,iid,0.1,2,s025,8,18.000000000000004,0.0,18.0,14.499999999999998,56,42,41,1,6,0,0.82,8.73046875,42,0,35,0,0,2235,256,16,0,0,16.6875,1,52.0
mm,mm,full,fidelity,False,True,16,iid,0.1,0,s025,2,11.249999999999998,0.0,4.0,51.0,56,43,43,0,6,0,0.86,16.0,53,9,17,0,1,4096,256,16,1,16,84.5625,0,
mm,mm,full,fidelity,False,True,16,iid,0.1,0,s025,3,8.999999999999998,1.25,0.0,40.0,56,47,46,1,6,0,0.92,15.5234375,53,4,23,0,2,3974,256,16,1,1,27.875,1,
mm,mm,full,fidelity,False,True,16,iid,0.1,0,s025,4,20.75,4.67391304347826,16.0,38.5,56,40,38,2,6,0,0.76,15.10546875,46,4,27,0,2,3867,256,16,1,1,61.6875,3,
mm,mm,full,fidelity,False,True,16,iid,0.1,0,s025,5,21.75,2.33695652173913,10.0,50.0,56,43,42,1,6,0,0.84,15.71875,49,3,17,0,3,4024,256,16,1,1,55.75,3,
mm,mm,full,fidelity,False,True,16,iid,0.1,0,s025,6,15.75,0.0,8.0,39.0,56,42,42,0,6,0,0.84,15.75390625,48,4,16,0,2,4033,256,16,1,1,73.9375,1,
mm,mm,full,fidelity,False,True,16,iid,0.1,0,s025,7,7.749999999999998,0.0,6.0,33.0,56,43,43,0,6,0,0.86,14.17578125,47,0,14,0,4,3629,256,16,1,1,64.8125,0,
mm,mm,full,fidelity,False,True,16,iid,0.1,0,s025,8,16.000000000000004,0.0,16.0,24.0,56,40,40,0,6,0,0.8,12.5546875,43,3,26,0,0,3214,256,16,1,1,66.625,0,60.0
mm,mm,full,fidelity,False,True,16,iid,0.1,1,s025,2,12.25,0.0,4.0,54.50000000000001,56,43,42,1,6,0,0.84,16.0,51,6,4,0,2,4096,256,16,1,16,83.0,0,
mm,mm,full,fidelity,False,True,16,iid,0.1,1,s025,3,7.999999999999999,5.923913043478259,0.0,44.5,56,46,46,0,6,0,0.92,15.1328125,52,4,4,0,2,3874,256,16,1,1,27.875,0,
mm,mm,full,fidelity,False,True,16,iid,0.1,1,s025,4,18.000000000000004,0.0,16.0,31.0,56,37,37,0,6,0,0.74,13.99609375,45,5,9,0,3,3583,256,16,1,1,53.125,0,
mm,mm,full,fidelity,False,True,16,iid,0.1,1,s025,5,18.250000000000004,0.0,10.0,36.0,56,40,40,0,6,0,0.8,14.23046875,47,6,8,0,1,3643,256,16,1,1,47.6875,0,
mm,mm,full,fidelity,False,True,16,iid,0.1,1,s025,6,14.500000000000002,1.25,12.0,31.5,56,43,42,1,6,0,0.84,15.42578125,47,1,8,0,3,3949,256,16,1,1,70.625,1,
mm,mm,full,fidelity,False,True,16,iid,0.1,1,s025,7,5.750000000000003,0.0,6.0,33.0,56,42,42,0,6,0,0.84,14.2734375,47,0,9,0,5,3654,256,16,1,1,57.0625,1,
mm,mm,full,fidelity,False,True,16,iid,0.1,1,s025,8,15.750000000000004,8.097826086956525,14.000000000000002,27.0,56,41,41,0,6,0,0.82,14.05859375,45,3,10,0,1,3599,256,16,1,1,69.875,0,0.0
mm,mm,full,fidelity,False,True,16,iid,0.1,2,s025,2,10.499999999999998,0.0,4.0,51.5,56,40,40,0,6,0,0.8,16.0,51,3,43,0,8,4096,256,16,1,15,79.25,0,
mm,mm,full,fidelity,False,True,16,iid,0.1,2,s025,3,10.999999999999998,2.33695652173913,0.0,38.5,56,46,46,0,6,0,0.92,15.42578125,54,4,44,0,4,3949,256,16,1,1,29.625,0,
mm,mm,full,fidelity,False,True,16,iid,0.1,2,s025,4,22.25,2.33695652173913,16.0,33.0,56,38,37,1,6,0,0.74,14.76953125,46,5,36,0,3,3781,256,16,1,1,50.5,1,
mm,mm,full,fidelity,False,True,16,iid,0.1,2,s025,5,18.750000000000004,0.0,10.0,35.5,56,40,39,1,6,0,0.78,14.7734375,46,3,35,0,3,3782,256,16,1,1,52.5,2,
mm,mm,full,fidelity,False,True,16,iid,0.1,2,s025,6,13.750000000000002,1.25,10.0,32.0,56,41,41,0,6,0,0.82,15.65234375,47,3,42,0,3,4007,256,16,1,1,77.3125,1,
mm,mm,full,fidelity,False,True,16,iid,0.1,2,s025,7,6.249999999999998,0.0,6.0,26.5,56,42,42,0,6,0,0.84,13.98046875,49,1,43,0,6,3579,256,16,1,1,59.3125,0,
mm,mm,full,fidelity,False,True,16,iid,0.1,2,s025,8,16.250000000000004,0.0,14.000000000000002,22.5,56,42,41,1,6,0,0.82,14.13671875,44,2,40,0,0,3619,256,16,1,1,65.375,1,64.0
static,static,none,fidelity,False,True,16,iid,0.1,0,s026,2,20.25,7.01086956521739,12.0,46.0,56,0,0,0,6,0,0.0,40.0,0,0,0,0,0,10240,256,50,0,50,81.5,0,
static,static,none,fidelity,False,True,16,iid,0.1,0,s026,3,28.000000000000004,23.20652173913043,16.0,47.5,56,0,0,0,6,0,0.0,40.0,0,0,0,0,0,10240,256,50,0,50,137.5,0,
static,static,none,fidelity,False,True,16,iid,0.1,0,s026,4,21.25,10.434782608695654,8.0,49.5,56,0,0,0,6,0,0.0,40.0,0,0,0,0,0,10240,256,50,0,50,193.5,0,
static,static,none,fidelity,False,True,16,iid,0.1,0,s026,5,21.5,7.01086956521739,10.0,52.0,56,0,0,0,6,0,0.0,40.0,0,0,0,0,0,10240,256,50,0,50,249.5,0,
static,static,none,fidelity,False,True,16,iid,0.1,0,s026,6,24.0,12.771739130434783,8.0,53.0,56,0,0,0,6,0,0.0,40.0,0,0,0,0,0,10240,256,50,0,50,305.5,0,
static,static,none,fidelity,False,True,16,iid,0.1,0,s026,7,10.0,2.33695652173913,4.0,46.0,56,0,0,0,6,0,0.0,40.0,0,0,0,0,0,10240,256,50,0,50,361.5,0,
static,static,none,fidelity,False,True,16,iid,0.1,0,s026,8,26.25,27.8804347826087,14.000000000000002,49.0,56,0,0,0,6,0,0.0,40.0,0,0,0,0,0,10240,256,50,0,50,417.5,0,56.00000000000001
static,static,none,fidelity,False,True,16,iid,0.1,1,s026,2,22.0,9.347826086956523,8.0,56.49999999999999,56,0,0,0,6,0,0.0,40.0,0,0,0,0,0,10240,256,50,0,50,81.5,0,
static,static,none,fidelity,False,True,16,iid,0.1,1,s026,3,31.75,28.967391304347828,12.0,57.99999999999999,56,0,0,0,6,0,0.0,40.0,0,0,0,0,0,10240,256,50,0,50,137.5,0,
static,static,none,fidelity,False,True,16,iid,0.1,1,s026,4,21.25,7.01086956521739,8.0,60.0,56,0,0,0,6,0,0.0,40.0,0,0,0,0,0,10240,256,50,0,50,193.5,0,
static,static,none,fidelity,False,True,16,iid,0.1,1,s026,5,22.0,5.0,6.0,61.5,56,0,0,0,6,0,0.0,40.0,0,0,0,0,0,10240,256,50,0,50,249.5,0,
static,static,none,fidelity,False,True,16,iid,0.1,1,s026,6,24.0,10.597826086956523,8.0,62.5,56,0,0,0,6,0,0.0,40.0,0,0,0,0,0,10240,256,50,0,50,305.5,0,
static,static,none,fidelity,False,True,16,iid,0.1,1,s026,7,17.0,7.01086956521739,4.0,57.99999999999999,56,0,0,0,6,0,0.0,40.0,0,0,0,0,0,10240,256,50,0,50,361.5,0,
static,static,none,fidelity,False,True,16,iid,0.1,1,s026,8,28.000000000000004,27.8804347826087,12.0,58.5,56,0,0,0,6,0,0.0,40.0,0,0,0,0,0,10240,256,50,0,50,417.5,0,38.0
static,static,none,fidelity,False,True,16,iid,0.1,2,s026,2,24.0,9.347826086956523,12.0,46.0,56,0,0,0,6,0,0.0,40.0,0,0,0,0,0,10240,256,50,0,50,81.5,0,
static,static,none,fidelity,False,True,16,iid,0.1,2,s026,3,28.000000000000004,21.03260869565217,16.0,46.0,56,0,0,0,6,0,0.0,40.0,0,0,0,0,0,10240,256,50,0,50,137.5,0,
static,static,none,fidelity,False,True,16,iid,0.1,2,s026,4,25.5,9.184782608695654,8.0,47.0,56,0,0,0,6,0,0.0,40.0,0,0,0,0,0,10240,256,50,0,50,193.5,0,
static,static,none,fidelity,False,True,16,iid,0.1,2,s026,5,22.25,7.01086956521739,6.0,51.0,56,0,0,0,6,0,0.0,40.0,0,0,0,0,0,10240,256,50,0,50,249.5,0,
static,static,none,fidelity,False,True,16,iid,0.1,2,s026,6,22.25,16.195652173913043,8.0,49.0,56,0,0,0,6,0,0.0,40.0,0,0,0,0,0,10240,256,50,0,50,305.5,0,
static,static,none,fidelity,False,True,16,iid,0.1,2,s026,7,14.000000000000002,3.58695652173913,4.0,52.0,56,0,0,0,6,0,0.0,40.0,0,0,0,0,0,10240,256,50,0,50,361.5,0,
static,static,none,fidelity,False,True,16,iid,0.1,2,s026,8,28.75,25.543478260869566,16.0,52.0,56,0,0,0,6,0,0.0,40.0,0,0,0,0,0,10240,256,50,0,50,417.5,0,62.0
naive,naive,none,fidelity,False,True,16,iid,0.1,0,s026,2,19.5,8.260869565217389,10.0,54.50000000000001,56,47,45,2,6,0,0.9,52.19921875,0,0,0,0,0,13363,256,97,0,50,54.97938144329897,2,
naive,naive,none,fidelity,False,True,16,iid,0.1,0,s026,3,23.5,10.434782608695654,10.0,72.0,56,50,45,5,6,0,0.9,78.91796875,0,0,0,0,0,20203,256,147,0,50,82.50340136054422,7,
naive,naive,none,fidelity,False,True,16,iid,0.1,0,s026,4,18.25,7.01086956521739,4.0,89.5,56,52,48,4,6,0,0.96,103.79296875,0,0,0,0,0,26571,256,199,0,50,109.643216080402,11,
naive,naive,none,fidelity,False,True,16,iid,0.1,0,s026,5,22.25,5.760869565217389,0.0,92.0,56,56,50,6,6,0,1.0,124.08203125,0,0,0,0,0,31765,256,255,0,50,135.30588235294118,17,
naive,naive,none,fidelity,False,True,16,iid,0.1,0,s026,6,19.5,11.521739130434783,0.0,96.0,56,56,50,6,6,0,1.0,146.484375,0,0,0,0,0,37500,256,311,0,50,161.81028938906752,23,
naive,naive,none,fidelity,False,True,16,iid,0.1,0,s026,7,7.499999999999998,0.0,0.0,98.0,56,56,50,6,6,0,1.0,161.6015625,0,0,0,0,0,41370,256,367,0,50,188.77111716621252,29,
naive,naive,none,fidelity,False,True,16,iid,0.1,0,s026,8,20.75,14.021739130434783,0.0,99.5,56,56,50,6,6,0,1.0,182.81640625,0,0,0,0,0,46801,256,423,0,50,216.0070921985816,35,98.0
naive,naive,none,fidelity,False,True,16,iid,0.1,1,s026,2,20.0,5.760869565217389,6.0,73.5,56,51,47,4,6,0,0.94,55.38671875,0,0,0,0,0,14179,256,101,0,50,53.76237623762376,4,
naive,naive,none,fidelity,False,True,16,iid,0.1,1,s026,3,23.75,13.858695652173914,2.0,90.0,56,54,49,5,6,0,0.98,85.625,0,0,0,0,0,21920,256,155,0,50,81.05806451612904,9,
naive,naive,none,fidelity,False,True,16,iid,0.1,1,s026,4,22.0,10.434782608695654,0.0,100.0,56,56,50,6,6,0,1.0,110.00390625,0,0,0,0,0,28161,256,211,0,50,107.98104265402844,15,
naive,naive,none,fidelity,False,True,16,iid,0.1,1,s026,5,19.5,4.67391304347826,0.0,100.0,56,56,50,6,6,0,1.0,130.35546875,0,0,0,0,0,33371,256,267,0,50,135.3558052434457,21,
naive,naive,none,fidelity,False,True,16,iid,0.1,1,s026,6,17.000000000000004,5.760869565217389,0.0,100.0,56,56,50,6,6,0,1.0,152.74609375,0,0,0,0,0,39103,256,323,0,50,162.94736842105263,27,
naive,naive,none,fidelity,False,True,16,iid,0.1,1,s026,7,11.75,0.0,0.0,100.0,56,56,50,6,6,0,1.0,170.078125,0,0,0,0,0,43540,256,379,0,50,190.65963060686016,33,
naive,naive,none,fidelity,False,True,16,iid,0.1,1,s026,8,24.0,11.684782608695654,0.0,100.0,56,56,50,6,6,0,1.0,194.0859375,0,0,0,0,0,49686,256,435,0,50,218.44597701149425,39,100.0
naive,naive,none,fidelity,False,True,16,iid,0.1,2,s026,2,21.5,9.347826086956523,6.0,62.0,56,51,47,4,6,0,0.94,53.55078125,0,0,0,0,0,13709,256,101,0,50,53.47524752475248,4,
naive,naive,none,fidelity,False,True,16,iid,0.1,2,s026,3,23.75,16.195652173913043,6.0,79.5,56,52,47,5,6,0,0.94,83.5546875,0,0,0,0,0,21390,256,153,0,50,81.640522875817,9,
naive,naive,none,fidelity,False,True,16,iid,0.1,2,s026,4,18.0,7.01086956521739,2.0,95.0,56,55,49,6,6,0,0.98,110.40625,0,0,0,0,0,28264,256,208,0,50,108.5721153846154,15,
naive,naive,none,fidelity,False,True,16,iid,0.1,2,s026,5,22.5,8.097826086956525,0.0,97.5,56,55,50,5,6,0,1.0,132.60546875,0,0,0,0,0,33947,256,263,0,50,135.96958174904944,20,
naive,naive,none,fidelity,False,True,16,iid,0.1,2,s026,6,18.250000000000004,9.347826086956523,0.0,100.0,56,56,50,6,6,0,1.0,154.65625,0,0,0,0,0,39592,256,319,0,50,163.09717868338558,26,
naive,naive,none,fidelity,False,True,16,iid,0.1,2,s026,7,13.25,0.0,0.0,100.0,56,56,50,6,6,0,1.0,171.58984375,0,0,0,0,0,43927,256,375,0,50,190.48533333333333,32,
naive,naive,none,fidelity,False,True,16,iid,0.1,2,s026,8,24.0,12.771739130434783,0.0,100.0,56,56,50,6,6,0,1.0,193.1640625,0,0,0,0,0,49450,256,431,0,50,218.03248259860788,38,100.0
window,window,none,fidelity,False,True,16,iid,0.1,0,s026,2,21.75,7.01086956521739,18.0,28.5,56,42,41,1,6,0,0.82,14.71484375,0,0,0,0,0,3767,256,16,0,0,9.75,0,
window,window,none,fidelity,False,True,16,iid,0.1,0,s026,3,17.750000000000004,8.097826086956525,14.000000000000002,22.5,56,44,43,1,6,0,0.86,13.30078125,0,0,0,0,0,3405,256,16,0,0,11.3125,0,
window,window,none,fidelity,False,True,16,iid,0.1,0,s026,4,18.250000000000004,4.67391304347826,16.0,23.0,56,44,42,2,6,0,0.84,12.484375,0,0,0,0,0,3196,256,16,0,0,10.3125,0,
window,window,none,fidelity,False,True,16,iid,0.1,0,s026,5,21.75,1.25,16.0,30.5,56,43,42,1,6,0,0.84,12.359375,0,0,0,0,0,3164,256,16,0,0,12.875,0,
window,window,none,fidelity,False,True,16,iid,0.1,0,s026,6,18.000000000000004,11.521739130434783,14.000000000000002,27.500000000000004,56,44,43,1,6,0,0.86,13.20703125,0,0,0,0,0,3381,256,16,0,0,11.0,0,
window,window,none,fidelity,False,True,16,iid,0.1,0,s026,7,17.0,4.67391304347826,12.0,26.0,56,44,44,0,6,0,0.88,12.2265625,0,0,0,0,0,3130,256,16,0,0,9.5,0,
window,window,none,fidelity,False,True,16,iid,0.1,0,s026,8,18.250000000000004,10.434782608695654,18.0,27.0,56,44,41,3,6,0,0.82,14.5625,0,0,0,0,0,3728,256,16,0,0,7.6875,1,16.0
window,window,none,fidelity,False,True,16,iid,0.1,1,s026,2,21.5,11.684782608695654,18.0,33.5,56,42,41,1,6,0,0.82,14.65234375,0,0,0,0,0,3751,256,16,0,0,9.6875,0,
window,window,none,fidelity,False,True,16,iid,0.1,1,s026,3,18.250000000000004,8.097826086956525,14.000000000000002,21.0,56,43,43,0,6,0,0.86,13.14453125,0,0,0,0,0,3365,256,16,0,0,12.125,0,
window,window,none,fidelity,False,True,16,iid,0.1,1,s026,4,17.250000000000004,7.01086956521739,16.0,32.0,56,45,42,3,6,0,0.84,12.1328125,0,0,0,0,0,3106,256,16,0,0,9.875,1,
window,window,none,fidelity,False,True,16,iid,0.1,1,s026,5,20.0,1.25,16.0,31.0,56,45,42,3,6,0,0.84,13.48046875,0,0,0,0,0,3451,256,16,0,0,12.25,1,
window,window,none,fidelity,False,True,16,iid,0.1,1,s026,6,17.500000000000004,4.67391304347826,14.000000000000002,36.5,56,46,43,3,6,0,0.86,13.4921875,0,0,0,0,0,3454,256,16,0,0,11.375,1,
window,window,none,fidelity,False,True,16,iid,0.1,1,s026,7,20.0,3.423913043478259,10.0,33.5,56,47,45,2,6,0,0.9,13.3359375,0,0,0,0,0,3414,256,16,0,0,9.4375,0,
window,window,none,fidelity,False,True,16,iid,0.1,1,s026,8,21.5,10.434782608695654,20.0,29.5,56,42,40,2,6,0,0.8,14.2890625,0,0,0,0,0,3658,256,16,0,0,7.75,0,8.0
window,window,none,fidelity,False,True,16,iid,0.1,2,s026,2,20.75,12.771739130434783,14.000000000000002,33.0,56,46,43,3,6,0,0.86,14.98828125,0,0,0,0,0,3837,256,16,0,0,7.6875,2,
window,window,none,fidelity,False,True,16,iid,0.1,2,s026,3,17.750000000000004,7.01086956521739,14.000000000000002,25.0,56,45,43,2,6,0,0.86,13.44140625,0,0,0,0,0,3441,256,16,0,0,11.1875,1,
window,window,none,fidelity,False,True,16,iid,0.1,2,s026,4,20.5,9.347826086956523,16.0,26.5,56,44,42,2,6,0,0.84,12.55859375,0,0,0,0,0,3215,256,16,0,0,9.1875,0,
window,window,none,fidelity,False,True,16,iid,0.1,2,s026,5,18.250000000000004,5.760869565217389,16.0,32.5,56,43,42,1,6,0,0.84,12.68359375,0,0,0,0,0,3247,256,16,0,0,11.5625,0,
window,window,none,fidelity,False,True,16,iid,0.1,2,s026,6,16.500000000000004,7.01086956521739,14.000000000000002,34.0,56,45,43,2,6,0,0.86,13.41796875,0,0,0,0,0,3435,256,16,0,0,12.4375,1,
window,window,none,fidelity,False,True,16,iid,0.1,2,s026,7,20.0,2.1739130434782594,12.0,32.5,56,46,44,2,6,0,0.88,12.7578125,0,0,0,0,0,3266,256,16,0,0,8.4375,1,
window,window,none,fidelity,False,True,16,iid,0.1,2,s026,8,21.25,4.67391304347826,16.0,34.5,56,43,42,1,6,0,0.84,14.078125,0,0,0,0,0,3604,256,16,0,0,10.5625,1,42.0
aeqkad,window,full,fidelity,False,True,16,iid,0.1,0,s026,2,21.5,9.347826086956523,20.0,29.0,56,35,35,0,6,0,0.7,14.36328125,41,6,6,0,0,3677,256,16,0,0,11.875,0,
aeqkad,window,full,fidelity,False,True,16,iid,0.1,0,s026,3,21.25,10.597826086956523,22.0,21.0,56,32,32,0,6,0,0.64,12.72265625,40,8,11,0,0,3257,256,16,0,0,11.3125,0,
aeqkad,window,full,fidelity,False,True,16,iid,0.1,0,s026,4,20.0,4.67391304347826,22.0,20.0,56,35,35,0,6,0,0.7,11.9453125,40,4,2,0,1,3058,256,16,0,0,12.125,0,
aeqkad,window,full,fidelity,False,True,16,iid,0.1,0,s026,5,21.75,2.1739130434782594,22.0,23.5,56,34,33,1,6,0,0.66,11.0625,40,5,5,0,1,2832,256,16,0,0,12.875,0,
aeqkad,window,full,fidelity,False,True,16,iid,0.1,0,s026,6,20.5,11.521739130434783,14.000000000000002,26.0,56,41,40,1,6,0,0.8,13.44140625,44,3,3,0,0,3441,256,16,0,0,11.0,0,
aeqkad,window,full,fidelity,False,True,16,iid,0.1,0,s026,7,18.250000000000004,4.67391304347826,14.000000000000002,22.0,56,38,38,0,6,0,0.76,12.01953125,44,6,2,0,0,3077,256,16,0,0,11.25,0,
aeqkad,window,full,fidelity,False,True,16,iid,0.1,0,s026,8,22.0,12.771739130434783,22.0,22.5,56,32,31,1,6,0,0.62,13.265625,41,9,4,0,0,3396,256,16,0,0,9.25,0,18.0
aeqkad,window,full,fidelity,False,True,16,iid,0.1,1,s026,2,23.25,11.684782608695654,16.0,28.000000000000004,56,32,31,1,6,0,0.62,14.66796875,43,11,0,0,0,3755,256,16,0,0,13.1875,0,
aeqkad,window,full,fidelity,False,True,16,iid,0.1,1,s026,3,20.0,10.434782608695654,20.0,23.0,56,33,33,0,6,0,0.66,12.64453125,40,7,0,0,0,3237,256,16,0,0,12.125,0,
aeqkad,window,full,fidelity,False,True,16,iid,0.1,1,s026,4,20.25,11.521739130434783,20.0,31.5,56,38,37,1,6,0,0.74,11.96484375,43,5,0,0,0,3063,256,16,0,0,10.9375,1,
aeqkad,window,full,fidelity,False,True,16,iid,0.1,1,s026,5,15.000000000000002,3.423913043478259,16.0,25.5,56,36,35,1,6,0,0.7,11.6640625,44,6,0,0,2,2986,256,16,0,0,12.5,0,
aeqkad,window,full,fidelity,False,True,16,iid,0.1,1,s026,6,19.5,7.01086956521739,12.0,32.5,56,40,38,2,6,0,0.76,13.27734375,47,7,0,0,0,3399,256,16,0,0,11.4375,0,
aeqkad,window,full,fidelity,False,True,16,iid,0.1,1,s026,7,20.75,7.01086956521739,12.0,28.000000000000004,56,37,36,1,6,0,0.72,11.98046875,46,9,0,0,0,3067,256,16,0,0,12.625,0,
aeqkad,window,full,fidelity,False,True,16,iid,0.1,1,s026,8,27.750000000000004,18.695652173913043,28.000000000000004,27.0,56,30,30,0,6,0,0.6,12.703125,37,7,0,0,0,3252,256,16,0,0,9.9375,0,8.0
aeqkad,window,full,fidelity,False,True,16,iid,0.1,2,s026,2,21.75,10.434782608695654,16.0,34.0,56,37,37,0,6,0,0.74,14.53515625,45,8,16,0,0,3721,256,16,0,0,8.875,0,
aeqkad,window,full,fidelity,False,True,16,iid,0.1,2,s026,3,16.250000000000004,4.67391304347826,14.000000000000002,28.000000000000004,56,38,38,0,6,0,0.76,13.25390625,44,4,19,0,2,3393,256,16,0,0,12.125,0,
aeqkad,window,full,fidelity,False,True,16,iid,0.1,2,s026,4,19.75,13.858695652173914,20.0,23.5,56,37,36,1,6,0,0.72,12.16015625,42,5,12,0,0,3113,256,16,0,0,10.5625,0,
aeqkad,window,full,fidelity,False,True,16,iid,0.1,2,s026,5,21.75,3.423913043478259,18.0,31.5,56,38,38,0,6,0,0.76,11.75390625,43,3,13,0,2,3009,256,16,0,0,11.5625,0,
aeqkad,window,full,fidelity,False,True,16,iid,0.1,2,s026,6,20.0,5.923913043478259,14.000000000000002,33.0,56,42,40,2,6,0,0.8,13.3203125,45,3,16,0,0,3410,256,16,0,0,12.4375,1,
aeqkad,window,full,fidelity,False,True,16,iid,0.1,2,s026,7,19.25,2.1739130434782594,14.000000000000002,28.000000000000004,56,41,40,1,6,0,0.8,12.2265625,45,4,17,0,0,3130,256,16,0,0,9.9375,0,
aeqkad,window,full,fidelity,False,True,16,iid,0.1,2,s026,8,22.0,12.771739130434783,18.0,32.0,56,36,35,1,6,0,0.7,13.38671875,42,6,11,0,0,3427,256,16,0,0,10.5625,1,42.0
mm,mm,full,fidelity,False,True,16,iid,0.1,0,s026,2,17.750000000000004,9.347826086956523,10.0,42.5,56,41,40,1,6,0,0.8,16.0,47,6,11,0,0,4096,256,16,1,15,83.875,0,
mm,mm,full,fidelity,False,True,16,iid,0.1,0,s026,3,22.25,12.608695652173912,16.0,33.5,56,35,35,0,6,0,0.7,15.73046875,44,8,19,0,1,4027,256,16,1,4,45.1875,0,
mm,mm,full,fidelity,False,True,16,iid,0.1,0,s026,4,21.0,2.33695652173913,16.0,31.0,56,41,40,1,6,0,0.8,15.96875,45,3,11,0,1,4088,256,16,1,1,56.375,0,
mm,mm,full,fidelity,False,True,16,iid,0.1,0,s026,5,25.5,5.923913043478259,14.000000000000002,42.0,56,39,38,1,6,0,0.76,16.0,45,5,23,0,1,4096,256,16,1,1,67.5625,0,
mm,mm,full,fidelity,False,True,16,iid,0.1,0,s026,6,22.25,3.58695652173913,12.0,41.0,56,41,40,1,6,0,0.8,15.87109375,45,3,18,0,1,4063,256,16,1,1,56.0625,1,
mm,mm,full,fidelity,False,True,16,iid,0.1,0,s026,7,13.750000000000002,0.0,8.0,37.0,56,43,43,0,6,0,0.86,16.0,47,2,20,0,2,4096,256,16,1,1,82.4375,1,
mm,mm,full,fidelity,False,True,16,iid,0.1,0,s026,8,21.75,7.01086956521739,16.0,40.0,56,42,41,1,6,0,0.82,15.9765625,47,5,16,0,0,4090,256,16,1,1,69.625,1,60.0
mm,mm,full,fidelity,False,True,16,iid,0.1,1,s026,2,24.75,10.434782608695654,12.0,47.5,56,31,30,1,6,0,0.6,16.0,45,14,0,0,0,4096,256,16,1,16,88.4375,0,
mm,mm,full,fidelity,False,True,16,iid,0.1,1,s026,3,31.499999999999996,24.456521739130437,14.000000000000002,43.5,56,21,21,0,6,0,0.42,16.0,46,25,0,0,0,4096,256,16,1,13,117.25,0,
mm,mm,full,fidelity,False,True,16,iid,0.1,1,s026,4,15.500000000000004,3.423913043478259,12.0,37.5,56,43,42,1,6,0,0.84,15.83203125,47,3,0,0,1,4053,256,16,1,1,36.375,0,
mm,mm,full,fidelity,False,True,16,iid,0.1,1,s026,5,21.25,4.67391304347826,14.000000000000002,41.0,56,40,39,1,6,0,0.78,16.0,47,6,0,0,1,4096,256,16,1,1,77.9375,0,
mm,mm,full,fidelity,False,True,16,iid,0.1,1,s026,6,19.5,9.347826086956523,10.0,38.0,56,43,40,3,6,0,0.8,16.0,48,5,2,0,0,4096,256,16,1,1,59.5,3,
mm,mm,full,fidelity,False,True,16,iid,0.1,1,s026,7,18.250000000000004,3.423913043478259,8.0,44.0,56,42,41,1,6,0,0.82,16.0,48,4,1,0,2,4096,256,16,1,1,69.8125,3,
mm,mm,full,fidelity,False,True,16,iid,0.1,1,s026,8,19.75,11.684782608695654,14.000000000000002,44.5,56,43,41,2,6,0,0.82,16.0,47,4,2,0,0,4096,256,16,1,1,65.3125,0,18.0
mm,mm,full,fidelity,False,True,16,iid,0.1,2,s026,2,25.0,10.434782608695654,10.0,46.5,56,37,37,0,6,0,0.74,16.0,48,9,22,0,2,4096,256,16,1,13,77.6875,0,
mm,mm,full,fidelity,False,True,16,iid,0.1,2,s026,3,23.5,8.097826086956525,14.000000000000002,38.5,56,35,34,1,6,0,0.68,15.92578125,45,9,22,0,1,4077,256,16,1,5,58.875,1,
mm,mm,full,fidelity,False,True,16,iid,0.1,2,s026,4,22.5,10.434782608695654,16.0,35.0,56,41,39,2,6,0,0.78,16.0,45,4,18,0,0,4096,256,16,1,1,47.5625,3,
mm,mm,full,fidelity,False,True,16,iid,0.1,2,s026,5,25.75,12.771739130434783,12.0,56.00000000000001,56,40,38,2,6,0,0.76,15.92578125,46,5,25,0,1,4077,256,16,1,1,65.8125,3,
mm,mm,full,fidelity,False,True,16,iid,0.1,2,s026,6,22.0,7.01086956521739,12.0,47.0,56,41,39,2,6,0,0.78,15.9140625,47,5,27,0,1,4074,256,16,1,1,59.1875,1,
mm,mm,full,fidelity,False,True,16,iid,0.1,2,s026,7,15.750000000000004,2.33695652173913,6.0,43.5,56,45,44,1,6,0,0.88,16.0,50,2,33,0,3,4096,256,16,1,1,59.875,1,
mm,mm,full,fidelity,False,True,16,iid,0.1,2,s026,8,20.0,8.097826086956525,14.000000000000002,48.0,56,44,42,2,6,0,0.84,16.0,47,2,26,0,1,4096,256,16,1,1,63.9375,1,70.0
static,static,none,fidelity,False,True,16,iid,0.1,0,s027,2,16.000000000000004,8.097826086956525,4.0,56.49999999999999,56,0,0,0,6,0,0.0,38.0,0,0,0,0,0,9728,256,50,0,50,81.5,0,
static,static,none,fidelity,False,True,16,iid,0.1,0,s027,3,17.750000000000004,8.097826086956525,6.0,57.49999999999999,56,0,0,0,6,0,0.0,38.0,0,0,0,0,0,9728,256,50,0,50,137.5,0,
static,static,none,fidelity,False,True,16,iid,0.1,0,s027,4,10.0,0.0,4.0,65.5,56,0,0,0,6,0,0.0,38.0,0,0,0,0,0,9728,256,50,0,50,193.5,0,
static,static,none,fidelity,False,True,16,iid,0.1,0,s027,5,12.25,1.25,4.0,57.99999999999999,56,0,0,0,6,0,0.0,38.0,0,0,0,0,0,9728,256,50,0,50,249.5,0,
static,static,none,fidelity,False,True,16,iid,0.1,0,s027,6,18.750000000000004,4.67391304347826,4.0,61.5,56,0,0,0,6,0,0.0,38.0,0,0,0,0,0,9728,256,50,0,50,305.5,0,
static,static,none,fidelity,False,True,16,iid,0.1,0,s027,7,16.000000000000004,2.33695652173913,4.0,60.0,56,0,0,0,6,0,0.0,38.0,0,0,0,0,0,9728,256,50,0,50,361.5,0,
static,static,none,fidelity,False,True,16,iid,0.1,0,s027,8,16.75,0.0,8.0,64.5,56,0,0,0,6,0,0.0,38.0,0,0,0,0,0,9728,256,50,0,50,417.5,0,8.0
static,static,none,fidelity,False,True,16,iid,0.1,1,s027,2,15.250000000000002,10.434782608695654,4.0,67.0,56,0,0,0,6,0,0.0,39.0,0,0,0,0,0,9984,256,50,0,50,81.5,0,
static,static,none,fidelity,False,True,16,iid,0.1,1,s027,3,16.250000000000004,4.67391304347826,4.0,69.5,56,0,0,0,6,0,0.0,39.0,0,0,0,0,0,9984,256,50,0,50,137.5,0,
static,static,none,fidelity,False,True,16,iid,0.1,1,s027,4,8.499999999999998,0.0,2.0,78.0,56,0,0,0,6,0,0.0,39.0,0,0,0,0,0,9984,256,50,0,50,193.5,0,
static,static,none,fidelity,False,True,16,iid,0.1,1,s027,5,13.0,1.25,4.0,77.5,56,0,0,0,6,0,0.0,39.0,0,0,0,0,0,9984,256,50,0,50,249.5,0,
static,static,none,fidelity,False,True,16,iid,0.1,1,s027,6,18.500000000000004,7.01086956521739,0.0,72.5,56,0,0,0,6,0,0.0,39.0,0,0,0,0,0,9984,256,50,0,50,305.5,0,
static,static,none,fidelity,False,True,16,iid,0.1,1,s027,7,16.500000000000004,1.25,2.0,79.5,56,0,0,0,6,0,0.0,39.0,0,0,0,0,0,9984,256,50,0,50,361.5,0,
static,static,none,fidelity,False,True,16,iid,0.1,1,s027,8,16.250000000000004,0.0,6.0,74.5,56,0,0,0,6,0,0.0,39.0,0,0,0,0,0,9984,256,50,0,50,417.5,0,46.0
static,static,none,fidelity,False,True,16,iid,0.1,2,s027,2,16.000000000000004,7.01086956521739,4.0,59.5,56,0,0,0,6,0,0.0,39.0,0,0,0,0,0,9984,256,50,0,50,81.5,0,
static,static,none,fidelity,False,True,16,iid,0.1,2,s027,3,14.000000000000002,7.01086956521739,6.0,63.0,56,0,0,0,6,0,0.0,39.0,0,0,0,0,0,9984,256,50,0,50,137.5,0,
static,static,none,fidelity,False,True,16,iid,0.1,2,s027,4,9.25,2.33695652173913,2.0,70.0,56,0,0,0,6,0,0.0,39.0,0,0,0,0,0,9984,256,50,0,50,193.5,0,
static,static,none,fidelity,False,True,16,iid,0.1,2,s027,5,12.25,0.0,4.0,71.0,56,0,0,0,6,0,0.0,39.0,0,0,0,0,0,9984,256,50,0,50,249.5,0,
static,static,none,fidelity,False,True,16,iid,0.1,2,s027,6,17.250000000000004,3.58695652173913,0.0,70.5,56,0,0,0,6,0,0.0,39.0,0,0,0,0,0,9984,256,50,0,50,305.5,0,
static,static,none,fidelity,False,True,16,iid,0.1,2,s027,7,16.250000000000004,2.33695652173913,2.0,70.0,56,0,0,0,6,0,0.0,39.0,0,0,0,0,0,9984,256,50,0,50,361.5,0,
static,static,none,fidelity,False,True,16,iid,0.1,2,s027,8,17.5,0.0,8.0,70.0,56,0,0,0,6,0,0.0,39.0,0,0,0,0,0,9984,256,50,0,50,417.5,0,70.0
naive,naive,none,fidelity,False,True,16,iid,0.1,0,s027,2,15.250000000000002,7.01086956521739,4.0,69.5,56,52,48,4,6,0,0.96,52.12109375,0,0,0,0,0,13343,256,102,0,50,53.35294117647059,4,
naive,naive,none,fidelity,False,True,16,iid,0.1,0,s027,3,17.75,12.771739130434783,2.0,83.0,56,53,49,4,6,0,0.98,77.6640625,0,0,0,0,0,19882,256,155,0,50,81.43225806451613,8,
naive,naive,none,fidelity,False,True,16,iid,0.1,0,s027,4,11.75,0.0,0.0,91.0,56,55,50,5,6,0,1.0,95.046875,0,0,0,0,0,24332,256,210,0,50,108.62380952380953,13,
naive,naive,none,fidelity,False,True,16,iid,0.1,0,s027,5,14.250000000000002,1.25,0.0,95.0,56,56,50,6,6,0,1.0,109.19140625,0,0,0,0,0,27953,256,266,0,50,135.75563909774436,19,
naive,naive,none,fidelity,False,True,16,iid,0.1,0,s027,6,20.25,10.434782608695654,0.0,99.5,56,56,50,6,6,0,1.0,120.81640625,0,0,0,0,0,30929,256,322,0,50,163.18944099378882,25,
naive,naive,none,fidelity,False,True,16,iid,0.1,0,s027,7,18.000000000000004,8.260869565217389,0.0,98.5,56,56,50,6,6,0,1.0,135.20703125,0,0,0,0,0,34613,256,378,0,50,190.7910052910053,31,
naive,naive,none,fidelity,False,True,16,iid,0.1,0,s027,8,17.500000000000004,10.434782608695654,0.0,100.0,56,56,50,6,6,0,1.0,148.04296875,0,0,0,0,0,37899,256,434,0,50,218.49539170506912,37,100.0
naive,naive,none,fidelity,False,True,16,iid,0.1,1,s027,2,16.500000000000004,10.434782608695654,2.0,80.5,56,53,49,4,6,0,0.98,54.15625,0,0,0,0,0,13864,256,103,0,50,53.38834951456311,4,
naive,naive,none,fidelity,False,True,16,iid,0.1,1,s027,3,23.5,11.521739130434783,0.0,96.0,56,56,50,6,6,0,1.0,81.890625,0,0,0,0,0,20964,256,159,0,50,80.54716981132076,10,
naive,naive,none,fidelity,False,True,16,iid,0.1,1,s027,4,10.0,2.33695652173913,0.0,100.0,56,56,50,6,6,0,1.0,100.453125,0,0,0,0,0,25716,256,215,0,50,108.14418604651163,16,
naive,naive,none,fidelity,False,True,16,iid,0.1,1,s027,5,14.250000000000002,1.25,0.0,100.0,56,56,50,6,6,0,1.0,115.9765625,0,0,0,0,0,29690,256,271,0,50,135.90774907749076,22,
naive,naive,none,fidelity,False,True,16,iid,0.1,1,s027,6,20.0,13.858695652173914,0.0,100.0,56,56,50,6,6,0,1.0,128.4296875,0,0,0,0,0,32878,256,327,0,50,163.75229357798165,28,
naive,naive,none,fidelity,False,True,16,iid,0.1,1,s027,7,20.0,4.510869565217389,0.0,100.0,56,56,50,6,6,0,1.0,143.609375,0,0,0,0,0,36764,256,383,0,50,191.64229765013056,34,
naive,naive,none,fidelity,False,True,16,iid,0.1,1,s027,8,19.5,4.67391304347826,0.0,100.0,56,56,50,6,6,0,1.0,152.8515625,0,0,0,0,0,39130,256,439,0,50,219.56036446469247,40,100.0
naive,naive,none,fidelity,False,True,16,iid,0.1,2,s027,2,18.000000000000004,9.184782608695654,4.0,74.5,56,50,48,2,6,0,0.96,54.62109375,0,0,0,0,0,13983,256,100,0,50,54.58,2,
naive,naive,none,fidelity,False,True,16,iid,0.1,2,s027,3,23.0,12.771739130434783,0.0,89.0,56,54,50,4,6,0,1.0,77.1640625,0,0,0,0,0,19754,256,154,0,50,81.14935064935065,6,
naive,naive,none,fidelity,False,True,16,iid,0.1,2,s027,4,9.749999999999998,0.0,0.0,97.0,56,56,50,6,6,0,1.0,92.83984375,0,0,0,0,0,23767,256,210,0,50,107.9095238095238,12,
naive,naive,none,fidelity,False,True,16,iid,0.1,2,s027,5,16.500000000000004,3.58695652173913,0.0,98.0,56,56,50,6,6,0,1.0,112.47265625,0,0,0,0,0,28793,256,266,0,50,135.19172932330827,18,
naive,naive,none,fidelity,False,True,16,iid,0.1,2,s027,6,20.75,10.434782608695654,0.0,100.0,56,56,50,6,6,0,1.0,125.58984375,0,0,0,0,0,32151,256,322,0,50,162.72360248447205,24,
naive,naive,none,fidelity,False,True,16,iid,0.1,2,s027,7,20.25,7.01086956521739,0.0,100.0,56,56,50,6,6,0,1.0,142.16015625,0,0,0,0,0,36393,256,378,0,50,190.3941798941799,30,
naive,naive,none,fidelity,False,True,16,iid,0.1,2,s027,8,23.5,10.434782608695654,0.0,100.0,56,56,50,6,6,0,1.0,152.83984375,0,0,0,0,0,39127,256,434,0,50,218.14976958525347,36,100.0
window,window,none,fidelity,False,True,16,iid,0.1,0,s027,2,18.500000000000004,2.33695652173913,12.0,28.5,56,44,44,0,6,0,0.88,14.08203125,0,0,0,0,0,3605,256,16,0,0,8.0625,0,
window,window,none,fidelity,False,True,16,iid,0.1,0,s027,3,16.500000000000004,7.01086956521739,14.000000000000002,22.5,56,44,43,1,6,0,0.86,12.125,0,0,0,0,0,3104,256,16,0,0,8.0625,1,
window,window,none,fidelity,False,True,16,iid,0.1,0,s027,4,14.250000000000002,2.1739130434782594,4.0,38.5,56,50,48,2,6,0,0.96,11.80078125,0,0,0,0,0,3021,256,16,0,0,9.4375,0,
window,window,none,fidelity,False,True,16,iid,0.1,0,s027,5,17.750000000000004,8.097826086956525,16.0,32.5,56,44,42,2,6,0,0.84,10.921875,0,0,0,0,0,2796,256,16,0,0,9.1875,0,
window,window,none,fidelity,False,True,16,iid,0.1,0,s027,6,19.25,10.434782608695654,12.0,38.5,56,46,44,2,6,0,0.88,10.69921875,0,0,0,0,0,2739,256,16,0,0,9.375,0,
window,window,none,fidelity,False,True,16,iid,0.1,0,s027,7,13.5,7.01086956521739,14.000000000000002,29.0,56,46,43,3,6,0,0.86,10.76171875,0,0,0,0,0,2755,256,16,0,0,7.75,2,
window,window,none,fidelity,False,True,16,iid,0.1,0,s027,8,22.25,5.760869565217389,12.0,43.5,56,46,44,2,6,0,0.88,11.53515625,0,0,0,0,0,2953,256,16,0,0,10.4375,0,0.0
window,window,none,fidelity,False,True,16,iid,0.1,1,s027,2,18.250000000000004,1.25,12.0,36.0,56,46,44,2,6,0,0.88,14.30859375,0,0,0,0,0,3663,256,16,0,0,8.9375,0,
window,window,none,fidelity,False,True,16,iid,0.1,1,s027,3,15.250000000000002,9.510869565217387,12.0,28.000000000000004,56,46,44,2,6,0,0.88,12.07421875,0,0,0,0,0,3091,256,16,0,0,7.875,1,
window,window,none,fidelity,False,True,16,iid,0.1,1,s027,4,9.749999999999998,0.0,4.0,33.5,56,49,48,1,6,0,0.96,11.19140625,0,0,0,0,0,2865,256,16,0,0,8.4375,1,
window,window,none,fidelity,False,True,16,iid,0.1,1,s027,5,18.500000000000004,1.25,14.000000000000002,37.0,56,45,43,2,6,0,0.86,10.625,0,0,0,0,0,2720,256,16,0,0,9.5625,0,
window,window,none,fidelity,False,True,16,iid,0.1,1,s027,6,22.0,12.771739130434783,12.0,43.5,56,46,44,2,6,0,0.88,10.61328125,0,0,0,0,0,2717,256,16,0,0,9.1875,0,
window,window,none,fidelity,False,True,16,iid,0.1,1,s027,7,17.750000000000004,2.33695652173913,12.0,42.0,56,47,44,3,6,0,0.88,11.31640625,0,0,0,0,0,2897,256,16,0,0,8.5,2,
window,window,none,fidelity,False,True,16,iid,0.1,1,s027,8,19.75,2.33695652173913,12.0,39.5,56,47,44,3,6,0,0.88,11.55859375,0,0,0,0,0,2959,256,16,0,0,9.625,0,10.0
window,window,none,fidelity,False,True,16,iid,0.1,2,s027,2,19.5,2.33695652173913,8.0,43.0,56,47,46,1,6,0,0.92,14.12109375,0,0,0,0,0,3615,256,16,0,0,9.375,0,
window,window,none,fidelity,False,True,16,iid,0.1,2,s027,3,15.750000000000004,7.01086956521739,10.0,35.0,56,47,45,2,6,0,0.9,12.56640625,0,0,0,0,0,3217,256,16,0,0,8.0,2,
window,window,none,fidelity,False,True,16,iid,0.1,2,s027,4,12.25,2.33695652173913,4.0,39.5,56,49,48,1,6,0,0.96,11.5078125,0,0,0,0,0,2946,256,16,0,0,9.125,1,
window,window,none,fidelity,False,True,16,iid,0.1,2,s027,5,24.5,4.67391304347826,12.0,49.5,56,46,44,2,6,0,0.88,10.84765625,0,0,0,0,0,2777,256,16,0,0,8.375,0,
window,window,none,fidelity,False,True,16,iid,0.1,2,s027,6,19.25,9.347826086956523,8.0,39.5,56,47,46,1,6,0,0.92,10.99609375,0,0,0,0,0,2815,256,16,0,0,7.9375,0,
window,window,none,fidelity,False,True,16,iid,0.1,2,s027,7,15.750000000000004,4.67391304347826,4.0,44.0,56,52,48,4,6,0,0.96,12.046875,0,0,0,0,0,3084,256,16,0,0,7.5,0,
window,window,none,fidelity,False,True,16,iid,0.1,2,s027,8,19.75,2.33695652173913,12.0,43.5,56,45,44,1,6,0,0.88,11.390625,0,0,0,0,0,2916,256,16,0,0,9.5,1,40.0
aeqkad,window,full,fidelity,False,True,16,iid,0.1,0,s027,2,16.000000000000004,0.0,12.0,26.5,56,40,40,0,6,0,0.8,14.01953125,44,4,13,0,0,3589,256,16,0,0,8.8125,0,
aeqkad,window,full,fidelity,False,True,16,iid,0.1,0,s027,3,22.0,12.771739130434783,22.0,20.0,56,37,37,0,6,0,0.74,10.6171875,40,3,7,0,0,2718,256,16,0,0,9.0625,0,
aeqkad,window,full,fidelity,False,True,16,iid,0.1,0,s027,4,11.75,4.67391304347826,4.0,35.5,56,46,45,1,6,0,0.9,11.3203125,50,4,10,0,0,2898,256,16,0,0,11.6875,0,
aeqkad,window,full,fidelity,False,True,16,iid,0.1,0,s027,5,16.000000000000004,1.25,14.000000000000002,29.5,56,42,41,1,6,0,0.82,10.296875,45,2,14,0,1,2636,256,16,0,0,9.1875,0,
aeqkad,window,full,fidelity,False,True,16,iid,0.1,0,s027,6,20.0,8.097826086956525,16.0,30.0,56,34,34,0,6,0,0.68,9.4765625,43,5,5,0,4,2426,256,16,0,0,10.9375,0,
aeqkad,window,full,fidelity,False,True,16,iid,0.1,0,s027,7,19.0,7.01086956521739,14.000000000000002,25.5,56,44,42,2,6,0,0.84,10.5390625,46,2,16,0,0,2698,256,16,0,0,9.0625,1,
aeqkad,window,full,fidelity,False,True,16,iid,0.1,0,s027,8,23.25,10.434782608695654,14.000000000000002,39.0,56,42,41,1,6,0,0.82,11.08203125,44,2,9,0,0,2837,256,16,0,0,10.4375,0,0.0
aeqkad,window,full,fidelity,False,True,16,iid,0.1,1,s027,2,14.250000000000002,1.25,12.0,26.5,56,40,40,0,6,0,0.8,13.96484375,46,6,0,0,0,3575,256,16,0,0,9.75,0,
aeqkad,window,full,fidelity,False,True,16,iid,0.1,1,s027,3,19.75,6.847826086956524,20.0,19.5,56,38,37,1,6,0,0.74,11.12109375,42,4,0,0,0,2847,256,16,0,0,7.875,1,
aeqkad,window,full,fidelity,False,True,16,iid,0.1,1,s027,4,9.499999999999998,0.0,4.0,32.5,56,45,44,1,6,0,0.88,11.4375,49,4,0,0,0,2928,256,16,0,0,10.875,1,
aeqkad,window,full,fidelity,False,True,16,iid,0.1,1,s027,5,16.250000000000004,1.25,12.0,29.5,56,41,40,1,6,0,0.8,10.33984375,46,5,0,0,0,2647,256,16,0,0,9.5625,0,
aeqkad,window,full,fidelity,False,True,16,iid,0.1,1,s027,6,22.25,9.347826086956523,14.000000000000002,34.0,56,35,34,1,6,0,0.68,10.03125,46,7,0,0,4,2568,256,16,0,0,10.75,0,
aeqkad,window,full,fidelity,False,True,16,iid,0.1,1,s027,7,17.25,5.923913043478259,12.0,30.5,56,43,42,1,6,0,0.84,10.41015625,47,4,0,0,0,2665,256,16,0,0,9.1875,1,
aeqkad,window,full,fidelity,False,True,16,iid,0.1,1,s027,8,25.75,8.097826086956525,18.0,36.5,56,39,37,2,6,0,0.74,10.97265625,44,5,0,0,0,2809,256,16,0,0,9.625,0,8.0
aeqkad,window,full,fidelity,False,True,16,iid,0.1,2,s027,2,14.250000000000002,2.33695652173913,8.0,33.5,56,40,40,0,6,0,0.8,13.88671875,47,7,0,0,0,3555,256,16,0,0,10.1875,0,
aeqkad,window,full,fidelity,False,True,16,iid,0.1,2,s027,3,22.25,8.097826086956525,20.0,30.5,56,38,37,1,6,0,0.74,11.08984375,42,4,0,0,0,2839,256,16,0,0,8.875,1,
aeqkad,window,full,fidelity,False,True,16,iid,0.1,2,s027,4,12.0,4.67391304347826,4.0,33.5,56,45,45,0,6,0,0.9,11.375,49,4,0,0,0,2912,256,16,0,0,12.75,0,
aeqkad,window,full,fidelity,False,True,16,iid,0.1,2,s027,5,16.250000000000004,1.25,12.0,38.0,56,40,40,0,6,0,0.8,10.5625,46,6,0,0,0,2704,256,16,0,0,8.375,0,
aeqkad,window,full,fidelity,False,True,16,iid,0.1,2,s027,6,16.500000000000004,6.847826086956524,10.0,30.0,56,34,34,0,6,0,0.68,9.83203125,45,7,0,0,4,2517,256,16,0,0,9.5,0,
aeqkad,window,full,fidelity,False,True,16,iid,0.1,2,s027,7,13.750000000000002,3.423913043478259,10.0,29.5,56,42,42,0,6,0,0.84,10.17578125,48,6,0,0,0,2605,256,16,0,0,8.0,0,
aeqkad,window,full,fidelity,False,True,16,iid,0.1,2,s027,8,25.0,12.771739130434783,16.0,40.0,56,38,37,1,6,0,0.74,10.91015625,43,5,0,0,0,2793,256,16,0,0,9.5,1,40.0
mm,mm,full,fidelity,False,True,16,iid,0.1,0,s027,2,17.500000000000004,10.434782608695654,8.0,52.5,56,42,41,1,6,0,0.82,16.0,49,7,27,0,0,4096,256,16,1,16,86.5,0,
mm,mm,full,fidelity,False,True,16,iid,0.1,0,s027,3,23.75,12.771739130434783,12.0,38.0,56,39,39,0,6,0,0.78,15.16796875,46,7,14,0,0,3883,256,16,1,2,29.5,0,
mm,mm,full,fidelity,False,True,16,iid,0.1,0,s027,4,13.5,2.33695652173913,4.0,43.0,56,48,47,1,6,0,0.94,15.33984375,50,0,35,0,2,3927,256,16,1,1,51.1875,1,
mm,mm,full,fidelity,False,True,16,iid,0.1,0,s027,5,19.5,7.01086956521739,6.0,45.5,56,45,43,2,6,0,0.86,15.55078125,50,5,24,0,0,3981,256,16,1,1,42.4375,3,
mm,mm,full,fidelity,False,True,16,iid,0.1,0,s027,6,21.75,12.771739130434783,8.0,50.0,56,37,37,0,6,0,0.74,14.296875,48,3,28,0,8,3660,256,16,1,1,73.5,2,
mm,mm,full,fidelity,False,True,16,iid,0.1,0,s027,7,19.5,10.434782608695654,8.0,53.5,56,44,42,2,6,0,0.84,14.40625,50,4,27,0,2,3688,256,16,1,1,62.0625,2,
mm,mm,full,fidelity,False,True,16,iid,0.1,0,s027,8,25.0,10.434782608695654,10.0,54.50000000000001,56,42,41,1,6,0,0.82,15.1875,48,5,27,0,1,3888,256,16,1,1,77.125,2,2.0
mm,mm,full,fidelity,False,True,16,iid,0.1,1,s027,2,17.500000000000004,11.684782608695654,8.0,57.99999999999999,56,41,41,0,6,0,0.82,16.0,50,8,0,0,1,4096,256,16,1,16,86.5,0,
mm,mm,full,fidelity,False,True,16,iid,0.1,1,s027,3,23.75,10.597826086956523,10.0,43.0,56,40,38,2,6,0,0.76,14.9140625,48,8,0,0,0,3818,256,16,1,2,25.875,1,
mm,mm,full,fidelity,False,True,16,iid,0.1,1,s027,4,6.499999999999997,0.0,4.0,37.5,56,47,46,1,6,0,0.92,15.8125,49,2,0,0,0,4048,256,16,1,1,57.625,0,
mm,mm,full,fidelity,False,True,16,iid,0.1,1,s027,5,19.25,1.25,8.0,45.0,56,42,41,1,6,0,0.82,15.19921875,50,8,0,0,0,3891,256,16,1,1,50.9375,1,
mm,mm,full,fidelity,False,True,16,iid,0.1,1,s027,6,20.0,14.021739130434783,8.0,50.5,56,39,37,2,6,0,0.74,13.79296875,50,5,0,0,6,3531,256,16,1,1,67.0,3,
mm,mm,full,fidelity,False,True,16,iid,0.1,1,s027,7,20.25,11.684782608695654,10.0,59.5,56,44,43,1,6,0,0.86,15.24609375,50,3,0,0,3,3903,256,16,1,1,56.125,3,
mm,mm,full,fidelity,False,True,16,iid,0.1,1,s027,8,18.250000000000004,3.58695652173913,10.0,56.99999999999999,56,47,43,4,6,0,0.86,15.76953125,49,1,0,0,1,4037,256,16,1,1,71.9375,2,24.0
mm,mm,full,fidelity,False,True,16,iid,0.1,2,s027,2,17.750000000000004,10.434782608695654,2.0,65.0,56,41,41,0,6,0,0.82,16.0,51,10,0,0,0,4096,256,16,1,16,86.5,0,
mm,mm,full,fidelity,False,True,16,iid,0.1,2,s027,3,22.0,5.923913043478259,8.0,58.5,56,40,39,1,6,0,0.78,14.9921875,49,9,0,0,0,3838,256,16,1,2,27.5625,1,
mm,mm,full,fidelity,False,True,16,iid,0.1,2,s027,4,9.499999999999998,2.33695652173913,4.0,56.00000000000001,56,47,47,0,6,0,0.94,15.44140625,51,2,0,0,2,3953,256,16,1,1,57.0,0,
mm,mm,full,fidelity,False,True,16,iid,0.1,2,s027,5,16.250000000000004,2.33695652173913,6.0,57.99999999999999,56,45,44,1,6,0,0.88,15.078125,51,6,0,0,0,3860,256,16,1,1,44.6875,1,
mm,mm,full,fidelity,False,True,16,iid,0.1,2,s027,6,23.75,7.01086956521739,8.0,52.0,56,37,37,0,6,0,0.74,14.78515625,48,4,0,0,7,3785,256,16,1,1,64.25,1,
mm,mm,full,fidelity,False,True,16,iid,0.1,2,s027,7,21.25,8.097826086956525,4.0,61.0,56,44,43,1,6,0,0.86,15.52734375,54,6,0,0,4,3975,256,16,1,1,59.375,1,
mm,mm,full,fidelity,False,True,16,iid,0.1,2,s027,8,23.0,8.260869565217389,12.0,59.5,56,42,41,1,6,0,0.82,15.6484375,45,2,0,0,1,4006,256,16,1,1,80.3125,2,64.0
static,static,none,fidelity,False,True,16,iid,0.1,0,s028,2,8.499999999999998,2.33695652173913,0.0,86.5,56,0,0,0,6,0,0.0,38.0,0,0,0,0,0,9728,256,50,0,50,81.5,0,
static,static,none,fidelity,False,True,16,iid,0.1,0,s028,3,14.75,1.25,0.0,84.0,56,0,0,0,6,0,0.0,38.0,0,0,0,0,0,9728,256,50,0,50,137.5,0,
static,static,none,fidelity,False,True,16,iid,0.1,0,s028,4,13.750000000000002,7.01086956521739,2.0,87.5,56,0,0,0,6,0,0.0,38.0,0,0,0,0,0,9728,256,50,0,50,193.5,0,
static,static,none,fidelity,False,True,16,iid,0.1,0,s028,5,15.500000000000004,2.5,2.0,87.5,56,0,0,0,6,0,0.0,38.0,0,0,0,0,0,9728,256,50,0,50,249.5,0,
static,static,none,fidelity,False,True,16,iid,0.1,0,s028,6,19.25,3.75,0.0,85.0,56,0,0,0,6,0,0.0,38.0,0,0,0,0,0,9728,256,50,0,50,305.5,0,
static,static,none,fidelity,False,True,16,iid,0.1,0,s028,7,14.500000000000002,3.75,2.0,81.0,56,0,0,0,6,0,0.0,38.0,0,0,0,0,0,9728,256,50,0,50,361.5,0,
static,static,none,fidelity,False,True,16,iid,0.1,0,s028,8,9.5,1.0869565217391297,0.0,88.0,56,0,0,0,6,0,0.0,38.0,0,0,0,0,0,9728,256,50,0,50,417.5,0,88.0
static,static,none,fidelity,False,True,16,iid,0.1,1,s028,2,6.749999999999997,2.33695652173913,0.0,69.0,56,0,0,0,6,0,0.0,39.0,0,0,0,0,0,9984,256,50,0,50,81.5,0,
static,static,none,fidelity,False,True,16,iid,0.1,1,s028,3,12.25,2.5,0.0,69.0,56,0,0,0,6,0,0.0,39.0,0,0,0,0,0,9984,256,50,0,50,137.5,0,
static,static,none,fidelity,False,True,16,iid,0.1,1,s028,4,16.500000000000004,2.33695652173913,6.0,73.0,56,0,0,0,6,0,0.0,39.0,0,0,0,0,0,9984,256,50,0,50,193.5,0,
static,static,none,fidelity,False,True,16,iid,0.1,1,s028,5,19.5,3.75,4.0,72.0,56,0,0,0,6,0,0.0,39.0,0,0,0,0,0,9984,256,50,0,50,249.5,0,
static,static,none,fidelity,False,True,16,iid,0.1,1,s028,6,21.0,10.434782608695654,0.0,70.5,56,0,0,0,6,0,0.0,39.0,0,0,0,0,0,9984,256,50,0,50,305.5,0,
static,static,none,fidelity,False,True,16,iid,0.1,1,s028,7,15.750000000000004,4.83695652173913,4.0,68.0,56,0,0,0,6,0,0.0,39.0,0,0,0,0,0,9984,256,50,0,50,361.5,0,
static,static,none,fidelity,False,True,16,iid,0.1,1,s028,8,14.000000000000002,3.423913043478259,6.0,72.5,56,0,0,0,6,0,0.0,39.0,0,0,0,0,0,9984,256,50,0,50,417.5,0,94.0
static,static,none,fidelity,False,True,16,iid,0.1,2,s028,2,7.249999999999998,1.0869565217391297,0.0,84.5,56,0,0,0,6,0,0.0,40.0,0,0,0,0,0,10240,256,50,0,50,81.5,0,
static,static,none,fidelity,False,True,16,iid,0.1,2,s028,3,12.0,4.67391304347826,0.0,74.0,56,0,0,0,6,0,0.0,40.0,0,0,0,0,0,10240,256,50,0,50,137.5,0,
static,static,none,fidelity,False,True,16,iid,0.1,2,s028,4,12.5,4.67391304347826,4.0,75.5,56,0,0,0,6,0,0.0,40.0,0,0,0,0,0,10240,256,50,0,50,193.5,0,
static,static,none,fidelity,False,True,16,iid,0.1,2,s028,5,18.250000000000004,4.67391304347826,4.0,84.0,56,0,0,0,6,0,0.0,40.0,0,0,0,0,0,10240,256,50,0,50,249.5,0,
static,static,none,fidelity,False,True,16,iid,0.1,2,s028,6,19.5,10.434782608695654,0.0,80.5,56,0,0,0,6,0,0.0,40.0,0,0,0,0,0,10240,256,50,0,50,305.5,0,
static,static,none,fidelity,False,True,16,iid,0.1,2,s028,7,15.750000000000004,10.271739130434783,2.0,84.0,56,0,0,0,6,0,0.0,40.0,0,0,0,0,0,10240,256,50,0,50,361.5,0,
static,static,none,fidelity,False,True,16,iid,0.1,2,s028,8,10.25,0.0,0.0,86.0,56,0,0,0,6,0,0.0,40.0,0,0,0,0,0,10240,256,50,0,50,417.5,0,94.0
naive,naive,none,fidelity,False,True,16,iid,0.1,0,s028,2,6.749999999999997,0.0,0.0,95.0,56,56,50,6,6,0,1.0,50.86328125,0,0,0,0,0,13021,256,106,0,50,52.971698113207545,6,
naive,naive,none,fidelity,False,True,16,iid,0.1,0,s028,3,11.5,1.25,0.0,100.0,56,56,50,6,6,0,1.0,74.2734375,0,0,0,0,0,19014,256,162,0,50,80.80864197530865,12,
naive,naive,none,fidelity,False,True,16,iid,0.1,0,s028,4,10.249999999999998,1.25,0.0,100.0,56,56,50,6,6,0,1.0,96.3828125,0,0,0,0,0,24674,256,218,0,50,108.72935779816514,18,
naive,naive,none,fidelity,False,True,16,iid,0.1,0,s028,5,11.75,1.25,0.0,100.0,56,56,50,6,6,0,1.0,118.66015625,0,0,0,0,0,30377,256,274,0,50,136.6824817518248,24,
naive,naive,none,fidelity,False,True,16,iid,0.1,0,s028,6,9.749999999999998,0.0,0.0,100.0,56,56,50,6,6,0,1.0,142.4921875,0,0,0,0,0,36478,256,330,0,50,164.65151515151516,30,
naive,naive,none,fidelity,False,True,16,iid,0.1,0,s028,7,13.5,0.0,0.0,100.0,56,56,50,6,6,0,1.0,166.03515625,0,0,0,0,0,42505,256,386,0,50,192.62953367875647,36,
naive,naive,none,fidelity,False,True,16,iid,0.1,0,s028,8,12.0,2.33695652173913,0.0,100.0,56,56,50,6,6,0,1.0,184.24609375,0,0,0,0,0,47167,256,442,0,50,220.6131221719457,42,100.0
naive,naive,none,fidelity,False,True,16,iid,0.1,1,s028,2,7.999999999999999,0.0,0.0,90.5,56,55,50,5,6,0,1.0,51.70703125,0,0,0,0,0,13237,256,105,0,50,53.07619047619048,5,
naive,naive,none,fidelity,False,True,16,iid,0.1,1,s028,3,10.249999999999998,6.847826086956524,0.0,97.5,56,56,50,6,6,0,1.0,72.703125,0,0,0,0,0,18612,256,161,0,50,80.70186335403727,11,
naive,naive,none,fidelity,False,True,16,iid,0.1,1,s028,4,11.75,0.0,0.0,100.0,56,56,50,6,6,0,1.0,93.04296875,0,0,0,0,0,23819,256,217,0,50,108.52073732718894,17,
naive,naive,none,fidelity,False,True,16,iid,0.1,1,s028,5,14.000000000000002,3.58695652173913,0.0,100.0,56,56,50,6,6,0,1.0,115.484375,0,0,0,0,0,29564,256,273,0,50,136.41391941391942,23,
naive,naive,none,fidelity,False,True,16,iid,0.1,1,s028,6,11.0,2.33695652173913,0.0,100.0,56,56,50,6,6,0,1.0,140.75,0,0,0,0,0,36032,256,329,0,50,164.3434650455927,29,
naive,naive,none,fidelity,False,True,16,iid,0.1,1,s028,7,12.0,2.33695652173913,0.0,100.0,56,56,50,6,6,0,1.0,162.3671875,0,0,0,0,0,41566,256,385,0,50,192.2935064935065,35,
naive,naive,none,fidelity,False,True,16,iid,0.1,1,s028,8,9.749999999999998,4.67391304347826,0.0,100.0,56,56,50,6,6,0,1.0,181.29296875,0,0,0,0,0,46411,256,441,0,50,220.2562358276644,41,100.0
naive,naive,none,fidelity,False,True,16,iid,0.1,2,s028,2,10.0,1.25,0.0,95.5,56,56,50,6,6,0,1.0,53.35546875,0,0,0,0,0,13659,256,106,0,50,52.971698113207545,6,
naive,naive,none,fidelity,False,True,16,iid,0.1,2,s028,3,9.749999999999998,2.33695652173913,0.0,100.0,56,56,50,6,6,0,1.0,75.14453125,0,0,0,0,0,19237,256,162,0,50,80.80864197530865,12,
naive,naive,none,fidelity,False,True,16,iid,0.1,2,s028,4,12.5,0.0,0.0,100.0,56,56,50,6,6,0,1.0,97.89453125,0,0,0,0,0,25061,256,218,0,50,108.72935779816514,18,
naive,naive,none,fidelity,False,True,16,iid,0.1,2,s028,5,13.5,4.67391304347826,0.0,100.0,56,56,50,6,6,0,1.0,117.31640625,0,0,0,0,0,30033,256,274,0,50,136.6824817518248,24,
naive,naive,none,fidelity,False,True,16,iid,0.1,2,s028,6,8.249999999999998,1.25,0.0,100.0,56,56,50,6,6,0,1.0,139.90234375,0,0,0,0,0,35815,256,330,0,50,164.65151515151516,30,
naive,naive,none,fidelity,False,True,16,iid,0.1,2,s028,7,13.5,2.33695652173913,0.0,100.0,56,56,50,6,6,0,1.0,160.78515625,0,0,0,0,0,41161,256,386,0,50,192.62953367875647,36,
naive,naive,none,fidelity,False,True,16,iid,0.1,2,s028,8,11.5,0.0,0.0,100.0,56,56,50,6,6,0,1.0,176.58984375,0,0,0,0,0,45207,256,442,0,50,220.6131221719457,42,100.0
window,window,none,fidelity,False,True,16,iid,0.1,0,s028,2,10.749999999999998,2.33695652173913,4.0,24.5,56,48,48,0,6,0,0.96,13.13671875,0,0,0,0,0,3363,256,16,0,0,11.25,0,
window,window,none,fidelity,False,True,16,iid,0.1,0,s028,3,13.25,0.0,6.0,26.5,56,49,47,2,6,0,0.94,12.94921875,0,0,0,0,0,3315,256,16,0,0,8.25,0,
window,window,none,fidelity,False,True,16,iid,0.1,0,s028,4,11.000000000000002,0.0,14.000000000000002,26.0,56,45,43,2,6,0,0.86,10.90234375,0,0,0,0,0,2791,256,16,0,0,11.5,1,
window,window,none,fidelity,False,True,16,iid,0.1,0,s028,5,19.000000000000004,1.25,14.000000000000002,28.000000000000004,56,44,43,1,6,0,0.86,12.94921875,0,0,0,0,0,3315,256,16,0,0,9.8125,0,
window,window,none,fidelity,False,True,16,iid,0.1,0,s028,6,11.75,0.0,14.000000000000002,27.0,56,44,43,1,6,0,0.86,13.14453125,0,0,0,0,0,3365,256,16,0,0,9.5625,1,
window,window,none,fidelity,False,True,16,iid,0.1,0,s028,7,18.000000000000004,0.0,10.0,28.5,56,47,45,2,6,0,0.9,12.23828125,0,0,0,0,0,3133,256,16,0,0,10.125,0,
window,window,none,fidelity,False,True,16,iid,0.1,0,s028,8,13.750000000000002,2.33695652173913,12.0,24.5,56,44,44,0,6,0,0.88,12.16796875,0,0,0,0,0,3115,256,16,0,0,9.125,0,14.000000000000002
window,window,none,fidelity,False,True,16,iid,0.1,1,s028,2,8.75,0.0,2.0,52.5,56,51,49,2,6,0,0.98,13.1640625,0,0,0,0,0,3370,256,16,0,0,8.0,0,
window,window,none,fidelity,False,True,16,iid,0.1,1,s028,3,12.0,1.25,4.0,48.0,56,49,48,1,6,0,0.96,12.94921875,0,0,0,0,0,3315,256,16,0,0,9.0625,0,
window,window,none,fidelity,False,True,16,iid,0.1,1,s028,4,9.75,0.0,14.000000000000002,30.0,56,45,43,2,6,0,0.86,10.8984375,0,0,0,0,0,2790,256,16,0,0,11.4375,0,
window,window,none,fidelity,False,True,16,iid,0.1,1,s028,5,18.250000000000004,3.423913043478259,8.0,50.0,56,50,46,4,6,0,0.92,12.859375,0,0,0,0,0,3292,256,16,0,0,8.3125,2,
window,window,none,fidelity,False,True,16,iid,0.1,1,s028,6,15.000000000000002,0.0,6.0,56.49999999999999,56,51,47,4,6,0,0.94,13.9140625,0,0,0,0,0,3562,256,16,0,0,7.625,2,
window,window,none,fidelity,False,True,16,iid,0.1,1,s028,7,14.500000000000002,1.25,8.0,48.0,56,48,46,2,6,0,0.92,12.3984375,0,0,0,0,0,3174,256,16,0,0,8.4375,1,
window,window,none,fidelity,False,True,16,iid,0.1,1,s028,8,11.249999999999998,2.33695652173913,12.0,44.0,56,48,44,4,6,0,0.88,12.51953125,0,0,0,0,0,3205,256,16,0,0,9.3125,3,90.0
window,window,none,fidelity,False,True,16,iid,0.1,2,s028,2,8.499999999999998,5.760869565217389,4.0,39.0,56,50,48,2,6,0,0.96,13.3984375,0,0,0,0,0,3430,256,16,0,0,8.4375,0,
window,window,none,fidelity,False,True,16,iid,0.1,2,s028,3,13.0,0.0,8.0,30.5,56,49,46,3,6,0,0.92,12.7421875,0,0,0,0,0,3262,256,16,0,0,8.1875,1,
window,window,none,fidelity,False,True,16,iid,0.1,2,s028,4,14.500000000000002,3.423913043478259,14.000000000000002,19.5,56,45,43,2,6,0,0.86,10.77734375,0,0,0,0,0,2759,256,16,0,0,12.0,0,
window,window,none,fidelity,False,True,16,iid,0.1,2,s028,5,18.000000000000004,2.33695652173913,14.000000000000002,27.0,56,45,43,2,6,0,0.86,12.59765625,0,0,0,0,0,3225,256,16,0,0,9.625,1,
window,window,none,fidelity,False,True,16,iid,0.1,2,s028,6,10.750000000000002,1.25,14.000000000000002,25.5,56,46,43,3,6,0,0.86,13.40234375,0,0,0,0,0,3431,256,16,0,0,8.1875,1,
window,window,none,fidelity,False,True,16,iid,0.1,2,s028,7,13.750000000000002,0.0,12.0,26.0,56,44,44,0,6,0,0.88,12.18359375,0,0,0,0,0,3119,256,16,0,0,10.125,0,
window,window,none,fidelity,False,True,16,iid,0.1,2,s028,8,14.500000000000002,0.0,12.0,23.5,56,45,44,1,6,0,0.88,12.1875,0,0,0,0,0,3120,256,16,0,0,8.5,1,16.0
aeqkad,window,full,fidelity,False,True,16,iid,0.1,0,s028,2,7.249999999999998,0.0,4.0,26.0,56,43,43,0,6,0,0.86,12.54296875,48,5,0,0,0,3211,256,16,0,0,12.0625,0,
aeqkad,window,full,fidelity,False,True,16,iid,0.1,0,s028,3,12.0,4.67391304347826,10.0,16.0,56,36,36,0,6,0,0.72,10.3359375,47,11,0,0,0,2646,256,16,0,0,14.4375,0,
aeqkad,window,full,fidelity,False,True,16,iid,0.1,0,s028,4,10.25,0.0,16.0,17.5,56,41,41,0,6,0,0.82,10.15625,44,3,0,0,0,2600,256,16,0,0,11.625,0,
aeqkad,window,full,fidelity,False,True,16,iid,0.1,0,s028,5,16.500000000000004,4.67391304347826,18.0,15.0,56,34,34,0,6,0,0.68,11.13671875,42,8,0,0,0,2851,256,16,0,0,9.8125,0,
aeqkad,window,full,fidelity,False,True,16,iid,0.1,0,s028,6,19.75,0.0,14.000000000000002,24.5,56,40,40,0,6,0,0.8,12.8359375,43,3,0,0,0,3286,256,16,0,0,11.6875,0,
aeqkad,window,full,fidelity,False,True,16,iid,0.1,0,s028,7,14.000000000000002,0.0,12.0,19.5,56,40,40,0,6,0,0.8,11.4453125,46,6,0,0,0,2930,256,16,0,0,12.3125,0,
aeqkad,window,full,fidelity,False,True,16,iid,0.1,0,s028,8,12.75,4.67391304347826,14.000000000000002,15.5,56,36,36,0,6,0,0.72,10.78515625,43,6,0,0,1,2761,256,16,0,0,9.8125,0,4.0
aeqkad,window,full,fidelity,False,True,16,iid,0.1,1,s028,2,8.249999999999998,0.0,2.0,47.0,56,45,45,0,6,0,0.9,13.09375,51,6,0,0,0,3352,256,16,0,0,9.9375,0,
aeqkad,window,full,fidelity,False,True,16,iid,0.1,1,s028,3,13.5,2.5,8.0,35.0,56,39,38,1,6,0,0.76,11.0078125,47,7,0,0,1,2818,256,16,0,0,12.0,0,
aeqkad,window,full,fidelity,False,True,16,iid,0.1,1,s028,4,20.5,0.0,16.0,21.0,56,41,41,0,6,0,0.82,10.28515625,43,2,0,0,0,2633,256,16,0,0,11.4375,0,
aeqkad,window,full,fidelity,False,True,16,iid,0.1,1,s028,5,16.500000000000004,4.67391304347826,16.0,26.5,56,35,35,0,6,0,0.7,11.2265625,44,9,0,0,0,2874,256,16,0,0,11.25,0,
aeqkad,window,full,fidelity,False,True,16,iid,0.1,1,s028,6,14.000000000000002,0.0,12.0,40.0,56,41,40,1,6,0,0.8,12.93359375,48,7,0,0,0,3311,256,16,0,0,11.5,0,
aeqkad,window,full,fidelity,False,True,16,iid,0.1,1,s028,7,13.0,1.25,12.0,33.0,56,41,41,0,6,0,0.82,11.55859375,46,5,0,0,0,2959,256,16,0,0,11.75,0,
aeqkad,window,full,fidelity,False,True,16,iid,0.1,1,s028,8,11.75,4.67391304347826,14.000000000000002,22.0,56,37,37,0,6,0,0.74,11.0234375,46,8,0,0,1,2822,256,16,0,0,11.8125,0,26.0
aeqkad,window,full,fidelity,False,True,16,iid,0.1,2,s028,2,8.249999999999998,6.847826086956524,4.0,32.5,56,44,44,0,6,0,0.88,12.63671875,50,6,0,0,0,3235,256,16,0,0,9.1875,0,
aeqkad,window,full,fidelity,False,True,16,iid,0.1,2,s028,3,13.25,5.760869565217389,10.0,19.5,56,38,37,1,6,0,0.74,10.69140625,48,10,0,0,0,2737,256,16,0,0,11.8125,1,
aeqkad,window,full,fidelity,False,True,16,iid,0.1,2,s028,4,22.25,3.423913043478259,16.0,14.000000000000002,56,41,41,0,6,0,0.82,10.0625,44,3,0,0,0,2576,256,16,0,0,12.0,0,
aeqkad,window,full,fidelity,False,True,16,iid,0.1,2,s028,5,18.250000000000004,3.423913043478259,18.0,15.0,56,34,34,0,6,0,0.68,10.82421875,42,8,0,0,0,2771,256,16,0,0,10.375,0,
aeqkad,window,full,fidelity,False,True,16,iid,0.1,2,s028,6,19.0,1.25,16.0,22.0,56,40,40,0,6,0,0.8,12.75390625,45,5,0,0,0,3265,256,16,0,0,11.0,0,
aeqkad,window,full,fidelity,False,True,16,iid,0.1,2,s028,7,13.0,0.0,14.000000000000002,21.5,56,40,40,0,6,0,0.8,11.234375,43,3,0,0,0,2876,256,16,0,0,12.1875,0,
aeqkad,window,full,fidelity,False,True,16,iid,0.1,2,s028,8,11.75,3.423913043478259,14.000000000000002,15.5,56,39,38,1,6,0,0.76,10.89453125,44,5,0,0,0,2789,256,16,0,0,8.8125,1,14.000000000000002
mm,mm,full,fidelity,False,True,16,iid,0.1,0,s028,2,11.249999999999998,3.423913043478259,6.0,77.0,56,38,38,0,6,0,0.76,16.0,53,15,0,0,0,4096,256,16,1,15,82.1875,0,
mm,mm,full,fidelity,False,True,16,iid,0.1,0,s028,3,13.5,2.33695652173913,0.0,56.99999999999999,56,39,39,0,6,0,0.78,15.6796875,55,15,0,0,1,4014,256,16,1,5,51.75,0,
mm,mm,full,fidelity,False,True,16,iid,0.1,0,s028,4,17.25,2.33695652173913,12.0,34.5,56,42,42,0,6,0,0.84,15.24609375,47,4,0,0,1,3903,256,16,1,1,59.3125,0,
mm,mm,full,fidelity,False,True,16,iid,0.1,0,s028,5,16.500000000000004,1.25,10.0,31.5,56,36,36,0,6,0,0.72,15.41796875,46,10,0,0,0,3947,256,16,1,1,64.0625,0,
mm,mm,full,fidelity,False,True,16,iid,0.1,0,s028,6,10.25,0.0,10.0,32.0,56,39,39,0,6,0,0.78,15.83984375,47,7,0,0,1,4055,256,16,1,1,48.375,0,
mm,mm,full,fidelity,False,True,16,iid,0.1,0,s028,7,15.750000000000004,0.0,8.0,37.5,56,41,41,0,6,0,0.82,16.0,49,8,0,0,0,4096,256,16,1,1,84.125,0,
mm,mm,full,fidelity,False,True,16,iid,0.1,0,s028,8,10.000000000000002,0.0,16.0,43.5,56,42,42,0,6,0,0.84,15.90234375,44,2,0,0,0,4071,256,16,1,1,60.8125,0,36.0
mm,mm,full,fidelity,False,True,16,iid,0.1,1,s028,2,16.000000000000004,0.0,2.0,93.5,56,40,40,0,6,0,0.8,16.0,55,15,0,0,0,4096,256,16,1,16,88.375,0,
mm,mm,full,fidelity,False,True,16,iid,0.1,1,s028,3,13.750000000000002,5.760869565217389,2.0,77.5,56,41,40,1,6,0,0.8,15.52734375,54,11,0,0,2,3975,256,16,1,4,40.75,1,
mm,mm,full,fidelity,False,True,16,iid,0.1,1,s028,4,20.75,0.0,12.0,44.5,56,42,42,0,6,0,0.84,15.44921875,47,5,0,0,0,3955,256,16,1,1,55.875,1,
mm,mm,full,fidelity,False,True,16,iid,0.1,1,s028,5,20.75,9.184782608695654,6.0,52.0,56,36,36,0,6,0,0.72,16.0,50,13,0,0,1,4096,256,16,1,1,76.875,0,
mm,mm,full,fidelity,False,True,16,iid,0.1,1,s028,6,13.0,2.33695652173913,4.0,62.0,56,41,40,1,6,0,0.8,15.69140625,52,10,0,0,1,4017,256,16,1,1,42.1875,1,
mm,mm,full,fidelity,False,True,16,iid,0.1,1,s028,7,13.0,0.0,4.0,66.5,56,41,41,0,6,0,0.82,16.0,52,10,0,0,1,4096,256,16,1,1,87.9375,1,
mm,mm,full,fidelity,False,True,16,iid,0.1,1,s028,8,17.0,2.33695652173913,14.000000000000002,65.5,56,43,42,1,6,0,0.84,15.8046875,46,3,0,0,0,4046,256,16,1,1,61.375,1,86.0
mm,mm,full,fidelity,False,True,16,iid,0.1,2,s028,2,10.499999999999998,4.67391304347826,2.0,78.0,56,41,41,0,6,0,0.82,16.0,53,12,0,0,0,4096,256,16,1,16,87.375,0,
mm,mm,full,fidelity,False,True,16,iid,0.1,2,s028,3,10.249999999999998,2.33695652173913,2.0,60.5,56,40,39,1,6,0,0.78,15.52734375,53,11,0,0,2,3975,256,16,1,3,36.875,1,
mm,mm,full,fidelity,False,True,16,iid,0.1,2,s028,4,19.0,0.0,14.000000000000002,28.5,56,42,42,0,6,0,0.84,15.6953125,46,4,0,0,0,4018,256,16,1,1,70.5625,0,
mm,mm,full,fidelity,False,True,16,iid,0.1,2,s028,5,19.5,4.67391304347826,10.0,36.5,56,38,37,1,6,0,0.74,15.328125,49,11,0,0,0,3924,256,16,1,1,60.8125,1,
mm,mm,full,fidelity,False,True,16,iid,0.1,2,s028,6,14.000000000000002,1.25,10.0,39.5,56,40,39,1,6,0,0.78,15.453125,50,8,0,0,2,3956,256,16,1,1,51.9375,2,
mm,mm,full,fidelity,False,True,16,iid,0.1,2,s028,7,16.75,0.0,4.0,51.0,56,41,41,0,6,0,0.82,16.0,50,9,0,0,0,4096,256,16,1,1,82.6875,1,
mm,mm,full,fidelity,False,True,16,iid,0.1,2,s028,8,13.750000000000002,0.0,12.0,47.0,56,42,41,1,6,0,0.82,15.75390625,45,3,0,0,0,4033,256,16,1,1,64.4375,0,48.0
static,static,none,fidelity,False,True,16,iid,0.1,0,s029,2,14.500000000000002,2.33695652173913,0.0,89.5,56,0,0,0,6,0,0.0,39.0,0,0,0,0,0,9984,256,50,0,50,81.5,0,
static,static,none,fidelity,False,True,16,iid,0.1,0,s029,3,9.0,3.58695652173913,0.0,86.0,56,0,0,0,6,0,0.0,39.0,0,0,0,0,0,9984,256,50,0,50,137.5,0,
static,static,none,fidelity,False,True,16,iid,0.1,0,s029,4,15.250000000000002,2.33695652173913,0.0,88.0,56,0,0,0,6,0,0.0,39.0,0,0,0,0,0,9984,256,50,0,50,193.5,0,
static,static,none,fidelity,False,True,16,iid,0.1,0,s029,5,19.75,7.17391304347826,0.0,89.0,56,0,0,0,6,0,0.0,39.0,0,0,0,0,0,9984,256,50,0,50,249.5,0,
static,static,none,fidelity,False,True,16,iid,0.1,0,s029,6,19.75,10.597826086956523,0.0,90.0,56,0,0,0,6,0,0.0,39.0,0,0,0,0,0,9984,256,50,0,50,305.5,0,
static,static,none,fidelity,False,True,16,iid,0.1,0,s029,7,23.75,23.20652173913043,0.0,83.0,56,0,0,0,6,0,0.0,39.0,0,0,0,0,0,9984,256,50,0,50,361.5,0,
static,static,none,fidelity,False,True,16,iid,0.1,0,s029,8,35.75,32.55434782608696,0.0,88.0,56,0,0,0,6,0,0.0,39.0,0,0,0,0,0,9984,256,50,0,50,417.5,0,98.0
static,static,none,fidelity,False,True,16,iid,0.1,1,s029,2,15.250000000000002,7.01086956521739,0.0,79.5,56,0,0,0,6,0,0.0,40.0,0,0,0,0,0,10240,256,50,0,50,81.5,0,
static,static,none,fidelity,False,True,16,iid,0.1,1,s029,3,10.249999999999998,9.184782608695654,0.0,84.5,56,0,0,0,6,0,0.0,40.0,0,0,0,0,0,10240,256,50,0,50,137.5,0,
static,static,none,fidelity,False,True,16,iid,0.1,1,s029,4,16.250000000000004,0.0,0.0,79.5,56,0,0,0,6,0,0.0,40.0,0,0,0,0,0,10240,256,50,0,50,193.5,0,
static,static,none,fidelity,False,True,16,iid,0.1,1,s029,5,22.0,10.434782608695654,2.0,86.0,56,0,0,0,6,0,0.0,40.0,0,0,0,0,0,10240,256,50,0,50,249.5,0,
static,static,none,fidelity,False,True,16,iid,0.1,1,s029,6,21.75,10.434782608695654,2.0,82.5,56,0,0,0,6,0,0.0,40.0,0,0,0,0,0,10240,256,50,0,50,305.5,0,
static,static,none,fidelity,False,True,16,iid,0.1,1,s029,7,24.5,17.445652173913043,0.0,83.0,56,0,0,0,6,0,0.0,40.0,0,0,0,0,0,10240,256,50,0,50,361.5,0,
static,static,none,fidelity,False,True,16,iid,0.1,1,s029,8,34.25,35.815217391304344,0.0,86.5,56,0,0,0,6,0,0.0,40.0,0,0,0,0,0,10240,256,50,0,50,417.5,0,98.0
static,static,none,fidelity,False,True,16,iid,0.1,2,s029,2,13.5,4.67391304347826,0.0,84.0,56,0,0,0,6,0,0.0,40.0,0,0,0,0,0,10240,256,50,0,50,81.5,0,
static,static,none,fidelity,False,True,16,iid,0.1,2,s029,3,9.499999999999998,2.5,0.0,85.5,56,0,0,0,6,0,0.0,40.0,0,0,0,0,0,10240,256,50,0,50,137.5,0,
static,static,none,fidelity,False,True,16,iid,0.1,2,s029,4,15.750000000000004,3.58695652173913,0.0,87.0,56,0,0,0,6,0,0.0,40.0,0,0,0,0,0,10240,256,50,0,50,193.5,0,
static,static,none,fidelity,False,True,16,iid,0.1,2,s029,5,20.25,15.108695652173914,0.0,88.5,56,0,0,0,6,0,0.0,40.0,0,0,0,0,0,10240,256,50,0,50,249.5,0,
static,static,none,fidelity,False,True,16,iid,0.1,2,s029,6,22.5,12.771739130434783,0.0,84.0,56,0,0,0,6,0,0.0,40.0,0,0,0,0,0,10240,256,50,0,50,305.5,0,
static,static,none,fidelity,False,True,16,iid,0.1,2,s029,7,24.25,17.445652173913043,0.0,86.0,56,0,0,0,6,0,0.0,40.0,0,0,0,0,0,10240,256,50,0,50,361.5,0,
static,static,none,fidelity,False,True,16,iid,0.1,2,s029,8,35.25,27.8804347826087,0.0,84.5,56,0,0,0,6,0,0.0,40.0,0,0,0,0,0,10240,256,50,0,50,417.5,0,100.0
naive,naive,none,fidelity,False,True,16,iid,0.1,0,s029,2,11.0,1.25,0.0,97.0,56,56,50,6,6,0,1.0,48.66796875,0,0,0,0,0,12459,256,106,0,50,52.971698113207545,6,
naive,naive,none,fidelity,False,True,16,iid,0.1,0,s029,3,12.0,8.097826086956525,0.0,100.0,56,56,50,6,6,0,1.0,70.86328125,0,0,0,0,0,18141,256,162,0,50,80.80864197530865,12,
naive,naive,none,fidelity,False,True,16,iid,0.1,0,s029,4,13.25,2.33695652173913,0.0,99.5,56,56,50,6,6,0,1.0,91.140625,0,0,0,0,0,23332,256,218,0,50,108.72935779816514,18,
naive,naive,none,fidelity,False,True,16,iid,0.1,0,s029,5,13.750000000000002,6.847826086956524,0.0,100.0,56,56,50,6,6,0,1.0,106.46875,0,0,0,0,0,27256,256,274,0,50,136.6824817518248,24,
naive,naive,none,fidelity,False,True,16,iid,0.1,0,s029,6,15.000000000000002,7.01086956521739,0.0,100.0,56,56,50,6,6,0,1.0,123.61328125,0,0,0,0,0,31645,256,330,0,50,164.65151515151516,30,
naive,naive,none,fidelity,False,True,16,iid,0.1,0,s029,7,19.0,15.108695652173914,0.0,100.0,56,56,50,6,6,0,1.0,138.4921875,0,0,0,0,0,35454,256,386,0,50,192.62953367875647,36,
naive,naive,none,fidelity,False,True,16,iid,0.1,0,s029,8,29.25,16.358695652173914,0.0,100.0,56,56,50,6,6,0,1.0,155.2578125,0,0,0,0,0,39746,256,442,0,50,220.6131221719457,42,100.0
naive,naive,none,fidelity,False,True,16,iid,0.1,1,s029,2,12.25,4.67391304347826,0.0,83.5,56,56,50,6,6,0,1.0,48.05078125,0,0,0,0,0,12301,256,106,0,50,52.971698113207545,6,
naive,naive,none,fidelity,False,True,16,iid,0.1,1,s029,3,10.0,3.58695652173913,0.0,98.5,56,56,50,6,6,0,1.0,70.41796875,0,0,0,0,0,18027,256,162,0,50,80.80864197530865,12,
naive,naive,none,fidelity,False,True,16,iid,0.1,1,s029,4,10.249999999999998,0.0,0.0,99.5,56,56,50,6,6,0,1.0,90.828125,0,0,0,0,0,23252,256,218,0,50,108.72935779816514,18,
naive,naive,none,fidelity,False,True,16,iid,0.1,1,s029,5,13.750000000000002,1.25,0.0,100.0,56,56,50,6,6,0,1.0,107.25,0,0,0,0,0,27456,256,274,0,50,136.6824817518248,24,
naive,naive,none,fidelity,False,True,16,iid,0.1,1,s029,6,17.5,9.184782608695654,0.0,100.0,56,56,50,6,6,0,1.0,125.01171875,0,0,0,0,0,32003,256,330,0,50,164.65151515151516,30,
naive,naive,none,fidelity,False,True,16,iid,0.1,1,s029,7,17.0,10.434782608695654,0.0,100.0,56,56,50,6,6,0,1.0,142.3203125,0,0,0,0,0,36434,256,386,0,50,192.62953367875647,36,
naive,naive,none,fidelity,False,True,16,iid,0.1,1,s029,8,26.25,16.195652173913043,0.0,100.0,56,56,50,6,6,0,1.0,155.77734375,0,0,0,0,0,39879,256,442,0,50,220.6131221719457,42,100.0
naive,naive,none,fidelity,False,True,16,iid,0.1,2,s029,2,11.75,2.33695652173913,0.0,91.5,56,56,50,6,6,0,1.0,48.89453125,0,0,0,0,0,12517,256,106,0,50,52.971698113207545,6,
naive,naive,none,fidelity,False,True,16,iid,0.1,2,s029,3,10.0,1.25,0.0,99.5,56,56,50,6,6,0,1.0,70.3046875,0,0,0,0,0,17998,256,162,0,50,80.80864197530865,12,
naive,naive,none,fidelity,False,True,16,iid,0.1,2,s029,4,14.000000000000002,2.33695652173913,0.0,100.0,56,56,50,6,6,0,1.0,88.35546875,0,0,0,0,0,22619,256,218,0,50,108.72935779816514,18,
naive,naive,none,fidelity,False,True,16,iid,0.1,2,s029,5,13.5,3.58695652173913,0.0,100.0,56,56,50,6,6,0,1.0,104.6171875,0,0,0,0,0,26782,256,274,0,50,136.6824817518248,24,
naive,naive,none,fidelity,False,True,16,iid,0.1,2,s029,6,18.000000000000004,8.097826086956525,0.0,100.0,56,56,50,6,6,0,1.0,122.7421875,0,0,0,0,0,31422,256,330,0,50,164.65151515151516,30,
naive,naive,none,fidelity,False,True,16,iid,0.1,2,s029,7,19.5,10.434782608695654,0.0,100.0,56,56,50,6,6,0,1.0,135.15625,0,0,0,0,0,34600,256,386,0,50,192.62953367875647,36,
naive,naive,none,fidelity,False,True,16,iid,0.1,2,s029,8,28.000000000000004,17.445652173913043,0.0,100.0,56,56,50,6,6,0,1.0,154.05078125,0,0,0,0,0,39437,256,442,0,50,220.6131221719457,42,100.0
window,window,none,fidelity,False,True,16,iid,0.1,0,s029,2,14.500000000000002,4.67391304347826,0.0,52.0,56,54,50,4,6,0,1.0,13.91015625,0,0,0,0,0,3561,256,16,0,0,9.125,1,
window,window,none,fidelity,False,True,16,iid,0.1,0,s029,3,11.249999999999998,0.0,4.0,47.5,56,51,48,3,6,0,0.96,13.8515625,0,0,0,0,0,3546,256,16,0,0,8.0625,1,
window,window,none,fidelity,False,True,16,iid,0.1,0,s029,4,12.25,1.25,2.0,45.5,56,50,49,1,6,0,0.98,12.80078125,0,0,0,0,0,3277,256,16,0,0,8.8125,0,
window,window,none,fidelity,False,True,16,iid,0.1,0,s029,5,15.250000000000002,2.33695652173913,6.0,47.5,56,52,47,5,6,0,0.94,11.17578125,0,0,0,0,0,2861,256,16,0,0,8.25,1,
window,window,none,fidelity,False,True,16,iid,0.1,0,s029,6,18.750000000000004,4.67391304347826,10.0,49.5,56,48,45,3,6,0,0.9,12.06640625,0,0,0,0,0,3089,256,16,0,0,7.8125,1,
window,window,none,fidelity,False,True,16,iid,0.1,0,s029,7,9.75,5.760869565217389,8.0,43.5,56,48,46,2,6,0,0.92,11.84765625,0,0,0,0,0,3033,256,16,0,0,8.1875,1,
window,window,none,fidelity,False,True,16,iid,0.1,0,s029,8,19.5,9.184782608695654,10.0,57.49999999999999,56,47,45,2,6,0,0.9,13.515625,0,0,0,0,0,3460,256,16,0,0,9.1875,0,36.0
window,window,none,fidelity,False,True,16,iid,0.1,1,s029,2,13.5,3.423913043478259,0.0,51.5,56,53,50,3,6,0,1.0,13.80859375,0,0,0,0,0,3535,256,16,0,0,8.0,2,
window,window,none,fidelity,False,True,16,iid,0.1,1,s029,3,14.500000000000002,3.423913043478259,4.0,54.50000000000001,56,49,48,1,6,0,0.96,13.6015625,0,0,0,0,0,3482,256,16,0,0,9.0,0,
window,window,none,fidelity,False,True,16,iid,0.1,1,s029,4,13.750000000000002,0.0,2.0,45.5,56,51,49,2,6,0,0.98,12.8359375,0,0,0,0,0,3286,256,16,0,0,8.6875,0,
window,window,none,fidelity,False,True,16,iid,0.1,1,s029,5,17.0,4.67391304347826,10.0,48.5,56,46,45,1,6,0,0.9,10.1015625,0,0,0,0,0,2586,256,16,0,0,9.125,1,
window,window,none,fidelity,False,True,16,iid,0.1,1,s029,6,18.000000000000004,4.67391304347826,10.0,39.0,56,46,45,1,6,0,0.9,11.92578125,0,0,0,0,0,3053,256,16,0,0,7.8125,1,
window,window,none,fidelity,False,True,16,iid,0.1,1,s029,7,13.5,1.25,10.0,41.0,56,47,45,2,6,0,0.9,11.73046875,0,0,0,0,0,3003,256,16,0,0,10.125,1,
window,window,none,fidelity,False,True,16,iid,0.1,1,s029,8,20.25,10.434782608695654,8.0,53.0,56,48,46,2,6,0,0.92,13.4140625,0,0,0,0,0,3434,256,16,0,0,9.8125,0,60.0
window,window,none,fidelity,False,True,16,iid,0.1,2,s029,2,13.25,4.67391304347826,0.0,60.0,56,54,50,4,6,0,1.0,13.92578125,0,0,0,0,0,3565,256,16,0,0,7.875,0,
window,window,none,fidelity,False,True,16,iid,0.1,2,s029,3,12.0,1.25,4.0,50.0,56,51,48,3,6,0,0.96,13.59765625,0,0,0,0,0,3481,256,16,0,0,8.4375,2,
window,window,none,fidelity,False,True,16,iid,0.1,2,s029,4,13.750000000000002,3.423913043478259,2.0,55.00000000000001,56,52,49,3,6,0,0.98,12.71875,0,0,0,0,0,3256,256,16,0,0,8.75,2,
window,window,none,fidelity,False,True,16,iid,0.1,2,s029,5,17.0,3.423913043478259,12.0,50.5,56,45,44,1,6,0,0.88,9.890625,0,0,0,0,0,2532,256,16,0,0,11.0,1,
window,window,none,fidelity,False,True,16,iid,0.1,2,s029,6,18.000000000000004,4.67391304347826,8.0,57.49999999999999,56,51,46,5,6,0,0.92,12.859375,0,0,0,0,0,3292,256,16,0,0,7.8125,1,
window,window,none,fidelity,False,True,16,iid,0.1,2,s029,7,11.0,8.097826086956525,8.0,43.0,56,49,46,3,6,0,0.92,12.078125,0,0,0,0,0,3092,256,16,0,0,9.625,1,
window,window,none,fidelity,False,True,16,iid,0.1,2,s029,8,18.75,11.684782608695654,6.0,55.50000000000001,56,51,47,4,6,0,0.94,13.73828125,0,0,0,0,0,3517,256,16,0,0,8.625,1,57.99999999999999
aeqkad,window,full,fidelity,False,True,16,iid,0.1,0,s029,2,13.5,2.33695652173913,2.0,46.0,56,46,44,2,6,0,0.88,13.4609375,53,7,0,0,0,3446,256,16,0,0,10.0625,1,
aeqkad,window,full,fidelity,False,True,16,iid,0.1,0,s029,3,11.75,3.423913043478259,6.0,42.0,56,46,45,1,6,0,0.9,13.390625,51,3,0,0,2,3428,256,16,0,0,9.5,0,
aeqkad,window,full,fidelity,False,True,16,iid,0.1,0,s029,4,14.250000000000002,1.25,2.0,42.5,56,44,44,0,6,0,0.88,11.953125,50,5,0,0,1,3060,256,16,0,0,11.125,0,
aeqkad,window,full,fidelity,False,True,16,iid,0.1,0,s029,5,18.250000000000004,2.33695652173913,12.0,39.0,56,41,40,1,6,0,0.8,9.1640625,48,5,0,0,2,2346,256,16,0,0,11.5,0,
aeqkad,window,full,fidelity,False,True,16,iid,0.1,0,s029,6,17.000000000000004,4.67391304347826,12.0,32.5,56,39,39,0,6,0,0.78,10.25390625,45,5,0,0,1,2625,256,16,0,0,9.875,0,
aeqkad,window,full,fidelity,False,True,16,iid,0.1,0,s029,7,10.75,5.760869565217389,10.0,35.0,56,44,44,0,6,0,0.88,10.73828125,47,3,0,0,0,2749,256,16,0,0,8.5,0,
aeqkad,window,full,fidelity,False,True,16,iid,0.1,0,s029,8,21.0,10.434782608695654,10.0,46.5,56,40,39,1,6,0,0.78,12.76953125,48,7,0,0,1,3269,256,16,0,0,10.4375,0,44.0
aeqkad,window,full,fidelity,False,True,16,iid,0.1,1,s029,2,14.500000000000002,4.67391304347826,2.0,47.5,56,45,44,1,6,0,0.88,13.07421875,52,7,0,0,0,3347,256,16,0,0,9.25,1,
aeqkad,window,full,fidelity,False,True,16,iid,0.1,1,s029,3,16.250000000000004,1.25,6.0,51.0,56,44,43,1,6,0,0.86,13.6875,49,4,0,0,1,3504,256,16,0,0,10.125,0,
aeqkad,window,full,fidelity,False,True,16,iid,0.1,1,s029,4,13.750000000000002,0.0,2.0,44.0,56,44,44,0,6,0,0.88,11.8046875,50,4,0,0,2,3022,256,16,0,0,10.875,0,
aeqkad,window,full,fidelity,False,True,16,iid,0.1,1,s029,5,18.000000000000004,1.0869565217391297,12.0,38.5,56,39,39,0,6,0,0.78,8.78125,45,4,0,0,2,2248,256,16,0,0,13.6875,0,
aeqkad,window,full,fidelity,False,True,16,iid,0.1,1,s029,6,19.25,3.423913043478259,14.000000000000002,30.5,56,39,39,0,6,0,0.78,10.18359375,43,3,0,0,1,2607,256,16,0,0,10.25,0,
aeqkad,window,full,fidelity,False,True,16,iid,0.1,1,s029,7,11.249999999999998,1.25,10.0,39.5,56,45,44,1,6,0,0.88,11.11328125,47,2,0,0,0,2845,256,16,0,0,11.375,0,
aeqkad,window,full,fidelity,False,True,16,iid,0.1,1,s029,8,17.500000000000004,10.434782608695654,10.0,41.5,56,39,39,0,6,0,0.78,12.51171875,45,5,0,0,1,3203,256,16,0,0,11.0,0,57.99999999999999
aeqkad,window,full,fidelity,False,True,16,iid,0.1,2,s029,2,12.25,1.0869565217391297,2.0,54.50000000000001,56,42,42,0,6,0,0.84,12.89453125,53,11,0,0,0,3301,256,16,0,0,9.6875,0,
aeqkad,window,full,fidelity,False,True,16,iid,0.1,2,s029,3,14.250000000000002,1.25,4.0,46.0,56,42,42,0,6,0,0.84,12.03515625,51,9,0,0,0,3081,256,16,0,0,11.6875,0,
aeqkad,window,full,fidelity,False,True,16,iid,0.1,2,s029,4,14.750000000000002,1.0869565217391297,2.0,46.0,56,42,42,0,6,0,0.84,11.859375,52,9,0,0,1,3036,256,16,0,0,12.0,0,
aeqkad,window,full,fidelity,False,True,16,iid,0.1,2,s029,5,16.500000000000004,4.67391304347826,12.0,39.0,56,40,40,0,6,0,0.8,8.89453125,45,5,0,0,0,2277,256,16,0,0,14.6875,0,
aeqkad,window,full,fidelity,False,True,16,iid,0.1,2,s029,6,17.250000000000004,4.67391304347826,12.0,38.0,56,39,39,0,6,0,0.78,10.31640625,45,6,0,0,0,2641,256,16,0,0,10.25,0,
aeqkad,window,full,fidelity,False,True,16,iid,0.1,2,s029,7,11.0,3.58695652173913,10.0,34.5,56,45,44,1,6,0,0.88,11.3984375,48,3,0,0,0,2918,256,16,0,0,9.625,1,
aeqkad,window,full,fidelity,False,True,16,iid,0.1,2,s029,8,19.5,11.684782608695654,8.0,42.0,56,39,39,0,6,0,0.78,12.671875,50,10,0,0,1,3244,256,16,0,0,10.5,0,52.0
mm,mm,full,fidelity,False,True,16,iid,0.1,0,s029,2,13.750000000000002,5.760869565217389,0.0,82.5,56,45,43,2,6,0,0.86,16.0,56,9,0,0,2,4096,256,16,1,14,80.0625,2,
mm,mm,full,fidelity,False,True,16,iid,0.1,0,s029,3,12.25,3.58695652173913,2.0,69.0,56,48,46,2,6,0,0.92,15.99609375,54,5,0,0,1,4095,256,16,1,1,34.3125,3,
mm,mm,full,fidelity,False,True,16,iid,0.1,0,s029,4,14.000000000000002,1.0869565217391297,2.0,62.5,56,45,44,1,6,0,0.88,15.99609375,51,4,0,0,2,4095,256,16,1,1,67.4375,3,
mm,mm,full,fidelity,False,True,16,iid,0.1,0,s029,5,11.75,1.25,10.0,53.0,56,43,42,1,6,0,0.84,15.3984375,51,4,0,0,4,3942,256,16,1,1,53.5,2,
mm,mm,full,fidelity,False,True,16,iid,0.1,0,s029,6,12.75,2.5,8.0,56.49999999999999,56,41,41,0,6,0,0.82,14.9765625,50,7,0,0,2,3834,256,16,1,1,59.375,1,
mm,mm,full,fidelity,False,True,16,iid,0.1,0,s029,7,14.250000000000002,2.33695652173913,8.0,48.5,56,44,43,1,6,0,0.86,15.06640625,49,4,0,0,1,3857,256,16,1,1,57.125,1,
mm,mm,full,fidelity,False,True,16,iid,0.1,0,s029,8,17.250000000000004,10.434782608695654,8.0,64.5,56,42,40,2,6,0,0.8,15.75,50,7,0,0,1,4032,256,16,1,1,62.125,2,82.0
mm,mm,full,fidelity,False,True,16,iid,0.1,1,s029,2,15.250000000000002,11.684782608695654,0.0,79.5,56,43,42,1,6,0,0.84,16.0,56,8,0,0,5,4096,256,16,1,15,83.375,0,
mm,mm,full,fidelity,False,True,16,iid,0.1,1,s029,3,11.5,3.423913043478259,2.0,65.0,56,47,46,1,6,0,0.92,15.59765625,52,4,0,0,1,3993,256,16,1,1,27.125,1,
mm,mm,full,fidelity,False,True,16,iid,0.1,1,s029,4,11.5,0.0,2.0,54.0,56,44,44,0,6,0,0.88,16.0,51,3,0,0,4,4096,256,16,1,1,66.25,1,
mm,mm,full,fidelity,False,True,16,iid,0.1,1,s029,5,11.75,2.33695652173913,8.0,60.0,56,40,40,0,6,0,0.8,15.55078125,48,2,0,0,6,3981,256,16,1,1,62.9375,0,
mm,mm,full,fidelity,False,True,16,iid,0.1,1,s029,6,19.0,1.25,10.0,37.5,56,40,40,0,6,0,0.8,14.1875,47,5,0,0,2,3632,256,16,1,1,47.625,0,
mm,mm,full,fidelity,False,True,16,iid,0.1,1,s029,7,11.250000000000002,1.25,10.0,55.50000000000001,56,45,43,2,6,0,0.86,15.3671875,47,2,0,0,0,3934,256,16,1,1,61.3125,2,
mm,mm,full,fidelity,False,True,16,iid,0.1,1,s029,8,20.25,14.021739130434783,6.0,61.5,56,41,41,0,6,0,0.82,15.828125,49,7,0,0,1,4052,256,16,1,1,60.75,1,70.0
mm,mm,full,fidelity,False,True,16,iid,0.1,2,s029,2,12.25,4.67391304347826,0.0,85.0,56,43,43,0,6,0,0.86,16.0,56,11,0,0,2,4096,256,16,1,15,80.5,0,
mm,mm,full,fidelity,False,True,16,iid,0.1,2,s029,3,9.749999999999998,1.25,2.0,71.0,56,46,46,0,6,0,0.92,15.62890625,54,8,0,0,0,4001,256,16,1,1,28.375,0,
mm,mm,full,fidelity,False,True,16,iid,0.1,2,s029,4,12.0,2.33695652173913,2.0,58.5,56,44,44,0,6,0,0.88,15.921875,53,8,0,0,1,4076,256,16,1,1,60.0,0,
mm,mm,full,fidelity,False,True,16,iid,0.1,2,s029,5,15.75,1.25,6.0,70.0,56,43,42,1,6,0,0.84,15.8046875,50,4,0,0,3,4046,256,16,1,1,58.375,1,
mm,mm,full,fidelity,False,True,16,iid,0.1,2,s029,6,13.0,2.5,8.0,57.99999999999999,56,41,41,0,6,0,0.82,14.203125,51,8,0,0,2,3636,256,16,1,1,58.25,1,
mm,mm,full,fidelity,False,True,16,iid,0.1,2,s029,7,14.250000000000002,6.847826086956524,8.0,55.00000000000001,56,44,44,0,6,0,0.88,15.09375,50,6,0,0,0,3864,256,16,1,1,63.875,0,
mm,mm,full,fidelity,False,True,16,iid,0.1,2,s029,8,16.500000000000004,7.934782608695653,8.0,59.5,56,41,41,0,6,0,0.82,15.8203125,51,9,0,0,1,4050,256,16,1,1,69.0625,0,92.0
static,static,none,fidelity,False,True,16,iid,0.1,0,s030,2,19.75,8.097826086956525,0.0,83.5,56,0,0,0,6,0,0.0,35.0,0,0,0,0,0,8960,256,50,0,50,81.5,0,
static,static,none,fidelity,False,True,16,iid,0.1,0,s030,3,42.00000000000001,41.90217391304347,12.0,87.5,56,0,0,0,6,0,0.0,35.0,0,0,0,0,0,8960,256,50,0,50,137.5,0,
static,static,none,fidelity,False,True,16,iid,0.1,0,s030,4,22.5,15.108695652173914,2.0,91.5,56,0,0,0,6,0,0.0,35.0,0,0,0,0,0,8960,256,50,0,50,193.5,0,
static,static,none,fidelity,False,True,16,iid,0.1,0,s030,5,22.75,15.108695652173914,2.0,89.0,56,0,0,0,6,0,0.0,35.0,0,0,0,0,0,8960,256,50,0,50,249.5,0,
static,static,none,fidelity,False,True,16,iid,0.1,0,s030,6,30.75,16.195652173913043,2.0,89.5,56,0,0,0,6,0,0.0,35.0,0,0,0,0,0,8960,256,50,0,50,305.5,0,
static,static,none,fidelity,False,True,16,iid,0.1,0,s030,7,38.5,37.22826086956522,14.000000000000002,89.0,56,0,0,0,6,0,0.0,35.0,0,0,0,0,0,8960,256,50,0,50,361.5,0,
static,static,none,fidelity,False,True,16,iid,0.1,0,s030,8,20.25,15.271739130434783,4.0,86.5,56,0,0,0,6,0,0.0,35.0,0,0,0,0,0,8960,256,50,0,50,417.5,0,74.0
static,static,none,fidelity,False,True,16,iid,0.1,1,s030,2,20.0,5.760869565217389,0.0,88.0,56,0,0,0,6,0,0.0,38.0,0,0,0,0,0,9728,256,50,0,50,81.5,0,
static,static,none,fidelity,False,True,16,iid,0.1,1,s030,3,43.75,38.31521739130434,6.0,89.5,56,0,0,0,6,0,0.0,38.0,0,0,0,0,0,9728,256,50,0,50,137.5,0,
static,static,none,fidelity,False,True,16,iid,0.1,1,s030,4,22.75,17.608695652173914,2.0,90.0,56,0,0,0,6,0,0.0,38.0,0,0,0,0,0,9728,256,50,0,50,193.5,0,
static,static,none,fidelity,False,True,16,iid,0.1,1,s030,5,23.75,19.78260869565217,2.0,89.5,56,0,0,0,6,0,0.0,38.0,0,0,0,0,0,9728,256,50,0,50,249.5,0,
static,static,none,fidelity,False,True,16,iid,0.1,1,s030,6,29.500000000000004,20.869565217391305,2.0,90.0,56,0,0,0,6,0,0.0,38.0,0,0,0,0,0,9728,256,50,0,50,305.5,0,
static,static,none,fidelity,False,True,16,iid,0.1,1,s030,7,37.25,32.55434782608696,12.0,90.5,56,0,0,0,6,0,0.0,38.0,0,0,0,0,0,9728,256,50,0,50,361.5,0,
static,static,none,fidelity,False,True,16,iid,0.1,1,s030,8,21.25,13.858695652173914,4.0,88.0,56,0,0,0,6,0,0.0,38.0,0,0,0,0,0,9728,256,50,0,50,417.5,0,94.0
static,static,none,fidelity,False,True,16,iid,0.1,2,s030,2,22.25,4.67391304347826,0.0,81.5,56,0,0,0,6,0,0.0,37.0,0,0,0,0,0,9472,256,50,0,50,81.5,0,
static,static,none,fidelity,False,True,16,iid,0.1,2,s030,3,41.25,33.80434782608695,12.0,86.0,56,0,0,0,6,0,0.0,37.0,0,0,0,0,0,9472,256,50,0,50,137.5,0,
static,static,none,fidelity,False,True,16,iid,0.1,2,s030,4,25.25,16.358695652173914,2.0,87.5,56,0,0,0,6,0,0.0,37.0,0,0,0,0,0,9472,256,50,0,50,193.5,0,
static,static,none,fidelity,False,True,16,iid,0.1,2,s030,5,21.5,18.695652173913043,2.0,88.0,56,0,0,0,6,0,0.0,37.0,0,0,0,0,0,9472,256,50,0,50,249.5,0,
static,static,none,fidelity,False,True,16,iid,0.1,2,s030,6,30.25,17.445652173913043,2.0,88.5,56,0,0,0,6,0,0.0,37.0,0,0,0,0,0,9472,256,50,0,50,305.5,0,
static,static,none,fidelity,False,True,16,iid,0.1,2,s030,7,39.75,32.55434782608696,12.0,90.5,56,0,0,0,6,0,0.0,37.0,0,0,0,0,0,9472,256,50,0,50,361.5,0,
static,static,none,fidelity,False,True,16,iid,0.1,2,s030,8,19.75,11.521739130434783,4.0,91.5,56,0,0,0,6,0,0.0,37.0,0,0,0,0,0,9472,256,50,0,50,417.5,0,100.0
naive,naive,none,fidelity,False,True,16,iid,0.1,0,s030,2,20.25,8.097826086956525,0.0,89.0,56,56,50,6,6,0,1.0,47.8203125,0,0,0,0,0,12242,256,106,0,50,52.971698113207545,6,
naive,naive,none,fidelity,False,True,16,iid,0.1,0,s030,3,34.25,29.130434782608692,0.0,93.0,56,56,50,6,6,0,1.0,72.71484375,0,0,0,0,0,18615,256,162,0,50,80.80864197530865,12,
naive,naive,none,fidelity,False,True,16,iid,0.1,0,s030,4,24.5,19.78260869565217,0.0,98.5,56,56,50,6,6,0,1.0,87.71875,0,0,0,0,0,22456,256,218,0,50,108.72935779816514,18,
naive,naive,none,fidelity,False,True,16,iid,0.1,0,s030,5,22.5,19.6195652173913,0.0,98.0,56,56,50,6,6,0,1.0,97.5703125,0,0,0,0,0,24978,256,274,0,50,136.6824817518248,24,
naive,naive,none,fidelity,False,True,16,iid,0.1,0,s030,6,23.0,15.271739130434783,0.0,97.0,56,56,50,6,6,0,1.0,107.453125,0,0,0,0,0,27508,256,330,0,50,164.65151515151516,30,
naive,naive,none,fidelity,False,True,16,iid,0.1,0,s030,7,28.500000000000004,37.06521739130434,0.0,100.0,56,56,50,6,6,0,1.0,117.8515625,0,0,0,0,0,30170,256,386,0,50,192.62953367875647,36,
naive,naive,none,fidelity,False,True,16,iid,0.1,0,s030,8,21.0,14.021739130434783,0.0,100.0,56,56,50,6,6,0,1.0,125.9375,0,0,0,0,0,32240,256,442,0,50,220.6131221719457,42,100.0
naive,naive,none,fidelity,False,True,16,iid,0.1,1,s030,2,18.000000000000004,4.83695652173913,0.0,92.0,56,53,50,3,6,0,1.0,49.33984375,0,0,0,0,0,12631,256,103,0,50,54.12621359223301,3,
naive,naive,none,fidelity,False,True,16,iid,0.1,1,s030,3,35.5,31.304347826086957,2.0,96.0,56,54,49,5,6,0,0.98,71.03125,0,0,0,0,0,18184,256,157,0,50,81.68152866242038,8,
naive,naive,none,fidelity,False,True,16,iid,0.1,1,s030,4,24.75,16.195652173913043,0.0,98.0,56,55,50,5,6,0,1.0,83.5,0,0,0,0,0,21376,256,212,0,50,108.96698113207547,13,
naive,naive,none,fidelity,False,True,16,iid,0.1,1,s030,5,19.5,17.445652173913043,0.0,98.5,56,56,50,6,6,0,1.0,93.71484375,0,0,0,0,0,23991,256,268,0,50,136.24253731343285,19,
naive,naive,none,fidelity,False,True,16,iid,0.1,1,s030,6,15.000000000000002,12.771739130434783,0.0,99.0,56,56,50,6,6,0,1.0,106.4140625,0,0,0,0,0,27242,256,324,0,50,163.7685185185185,25,
naive,naive,none,fidelity,False,True,16,iid,0.1,1,s030,7,25.5,23.20652173913043,2.0,99.5,56,55,49,6,6,0,0.98,118.62890625,0,0,0,0,0,30369,256,379,0,50,191.79683377308703,31,
naive,naive,none,fidelity,False,True,16,iid,0.1,1,s030,8,14.500000000000002,2.33695652173913,0.0,100.0,56,56,50,6,6,0,1.0,125.5625,0,0,0,0,0,32144,256,435,0,50,219.4367816091954,37,100.0
naive,naive,none,fidelity,False,True,16,iid,0.1,2,s030,2,16.250000000000004,3.58695652173913,0.0,85.0,56,56,50,6,6,0,1.0,47.796875,0,0,0,0,0,12236,256,106,0,50,52.971698113207545,6,
naive,naive,none,fidelity,False,True,16,iid,0.1,2,s030,3,32.75,25.543478260869566,2.0,94.0,56,55,49,6,6,0,0.98,69.2578125,0,0,0,0,0,17730,256,161,0,50,80.98757763975155,12,
naive,naive,none,fidelity,False,True,16,iid,0.1,2,s030,4,18.75,17.445652173913043,0.0,98.0,56,56,50,6,6,0,1.0,85.1796875,0,0,0,0,0,21806,256,217,0,50,108.7327188940092,18,
naive,naive,none,fidelity,False,True,16,iid,0.1,2,s030,5,18.000000000000004,11.521739130434783,0.0,99.0,56,56,50,6,6,0,1.0,93.125,0,0,0,0,0,23840,256,273,0,50,136.58241758241758,24,
naive,naive,none,fidelity,False,True,16,iid,0.1,2,s030,6,14.250000000000002,8.260869565217389,0.0,98.5,56,56,50,6,6,0,1.0,103.625,0,0,0,0,0,26528,256,329,0,50,164.48328267477203,30,
naive,naive,none,fidelity,False,True,16,iid,0.1,2,s030,7,24.0,25.543478260869566,0.0,99.5,56,56,50,6,6,0,1.0,115.19140625,0,0,0,0,0,29489,256,385,0,50,192.412987012987,36,
naive,naive,none,fidelity,False,True,16,iid,0.1,2,s030,8,20.5,3.58695652173913,0.0,100.0,56,56,50,6,6,0,1.0,119.07421875,0,0,0,0,0,30483,256,441,0,50,220.36054421768708,42,100.0
window,window,none,fidelity,False,True,16,iid,0.1,0,s030,2,17.750000000000004,11.521739130434783,4.0,68.0,56,53,48,5,6,0,0.96,12.51953125,0,0,0,0,0,3205,256,16,0,0,7.5,0,
window,window,none,fidelity,False,True,16,iid,0.1,0,s030,3,16.250000000000004,3.423913043478259,8.0,35.5,56,47,46,1,6,0,0.92,11.7421875,0,0,0,0,0,3006,256,16,0,0,8.4375,0,
window,window,none,fidelity,False,True,16,iid,0.1,0,s030,4,15.000000000000002,4.67391304347826,6.0,48.0,56,52,47,5,6,0,0.94,10.59765625,0,0,0,0,0,2713,256,16,0,0,7.5,2,
window,window,none,fidelity,False,True,16,iid,0.1,0,s030,5,17.750000000000004,7.01086956521739,6.0,77.0,56,52,47,5,6,0,0.94,9.85546875,0,0,0,0,0,2523,256,16,0,0,8.5,1,
window,window,none,fidelity,False,True,16,iid,0.1,0,s030,6,17.0,8.260869565217389,4.0,57.99999999999999,56,51,48,3,6,0,0.96,9.703125,0,0,0,0,0,2484,256,16,0,0,8.5,0,
window,window,none,fidelity,False,True,16,iid,0.1,0,s030,7,10.0,2.33695652173913,14.000000000000002,24.5,56,43,43,0,6,0,0.86,7.52734375,0,0,0,0,0,1927,256,16,0,0,8.4375,0,
window,window,none,fidelity,False,True,16,iid,0.1,0,s030,8,11.5,0.0,4.0,27.0,56,49,48,1,6,0,0.96,8.00390625,0,0,0,0,0,2049,256,16,0,0,9.1875,0,64.0
window,window,none,fidelity,False,True,16,iid,0.1,1,s030,2,22.25,10.434782608695654,0.0,73.0,56,53,50,3,6,0,1.0,12.515625,0,0,0,0,0,3204,256,16,0,0,9.1875,1,
window,window,none,fidelity,False,True,16,iid,0.1,1,s030,3,28.000000000000004,6.847826086956524,8.0,62.0,56,49,46,3,6,0,0.92,11.87109375,0,0,0,0,0,3039,256,16,0,0,8.625,0,
window,window,none,fidelity,False,True,16,iid,0.1,1,s030,4,12.75,4.67391304347826,6.0,45.0,56,50,47,3,6,0,0.94,10.23828125,0,0,0,0,0,2621,256,16,0,0,7.5,1,
window,window,none,fidelity,False,True,16,iid,0.1,1,s030,5,17.500000000000004,4.67391304347826,6.0,76.5,56,51,47,4,6,0,0.94,9.84375,0,0,0,0,0,2520,256,16,0,0,8.5,1,
window,window,none,fidelity,False,True,16,iid,0.1,1,s030,6,11.75,0.0,4.0,60.0,56,49,48,1,6,0,0.96,9.04296875,0,0,0,0,0,2315,256,16,0,0,7.625,0,
window,window,none,fidelity,False,True,16,iid,0.1,1,s030,7,14.750000000000002,7.01086956521739,12.0,46.5,56,47,44,3,6,0,0.88,8.22265625,0,0,0,0,0,2105,256,16,0,0,8.0625,0,
window,window,none,fidelity,False,True,16,iid,0.1,1,s030,8,8.75,0.0,4.0,24.0,56,51,48,3,6,0,0.96,8.12109375,0,0,0,0,0,2079,256,16,0,0,7.5,1,50.0
window,window,none,fidelity,False,True,16,iid,0.1,2,s030,2,19.5,7.01086956521739,0.0,72.0,56,55,50,5,6,0,1.0,12.70703125,0,0,0,0,0,3253,256,16,0,0,8.3125,1,
window,window,none,fidelity,False,True,16,iid,0.1,2,s030,3,14.500000000000002,3.423913043478259,6.0,32.0,56,48,47,1,6,0,0.94,11.6796875,0,0,0,0,0,2990,256,16,0,0,9.0625,1,
window,window,none,fidelity,False,True,16,iid,0.1,2,s030,4,15.750000000000004,4.67391304347826,6.0,54.0,56,52,47,5,6,0,0.94,10.6796875,0,0,0,0,0,2734,256,16,0,0,7.5,1,
window,window,none,fidelity,False,True,16,iid,0.1,2,s030,5,12.0,1.25,6.0,71.5,56,50,47,3,6,0,0.94,9.4609375,0,0,0,0,0,2422,256,16,0,0,9.1875,0,
window,window,none,fidelity,False,True,16,iid,0.1,2,s030,6,11.75,5.760869565217389,4.0,40.5,56,49,48,1,6,0,0.96,8.765625,0,0,0,0,0,2244,256,16,0,0,8.125,0,
window,window,none,fidelity,False,True,16,iid,0.1,2,s030,7,18.0,2.33695652173913,12.0,26.5,56,44,44,0,6,0,0.88,7.9921875,0,0,0,0,0,2046,256,16,0,0,9.75,0,
window,window,none,fidelity,False,True,16,iid,0.1,2,s030,8,9.749999999999998,0.0,4.0,26.0,56,50,48,2,6,0,0.96,8.35546875,0,0,0,0,0,2139,256,16,0,0,7.75,1,2.0
aeqkad,window,full,fidelity,False,True,16,iid,0.1,0,s030,2,25.25,11.684782608695654,4.0,67.0,56,42,40,2,6,0,0.8,12.61328125,53,11,0,0,0,3229,256,16,0,0,10.0625,0,
aeqkad,window,full,fidelity,False,True,16,iid,0.1,0,s030,3,31.000000000000007,19.78260869565217,18.0,42.5,56,27,27,0,6,0,0.54,8.51953125,44,17,0,0,0,2181,256,16,0,0,10.5,0,
aeqkad,window,full,fidelity,False,True,16,iid,0.1,0,s030,4,16.750000000000004,5.760869565217389,10.0,45.0,56,42,40,2,6,0,0.8,9.0,50,8,0,0,0,2304,256,16,0,0,10.0625,0,
aeqkad,window,full,fidelity,False,True,16,iid,0.1,0,s030,5,13.750000000000002,2.5,6.0,59.5,56,45,44,1,6,0,0.88,8.359375,51,6,0,0,0,2140,256,16,0,0,10.625,0,
aeqkad,window,full,fidelity,False,True,16,iid,0.1,0,s030,6,20.0,8.097826086956525,6.0,55.50000000000001,56,45,42,3,6,0,0.84,9.109375,50,5,0,0,0,2332,256,16,0,0,8.5,0,
aeqkad,window,full,fidelity,False,True,16,iid,0.1,0,s030,7,10.25,2.33695652173913,12.0,24.0,56,41,41,0,6,0,0.82,7.5390625,45,4,0,0,0,1930,256,16,0,0,8.4375,0,
aeqkad,window,full,fidelity,False,True,16,iid,0.1,0,s030,8,9.0,0.0,4.0,22.0,56,43,43,0,6,0,0.86,7.53125,49,5,0,0,1,1928,256,16,0,0,11.9375,0,62.0
aeqkad,window,full,fidelity,False,True,16,iid,0.1,1,s030,2,22.75,7.01086956521739,0.0,73.5,56,43,42,1,6,0,0.84,12.140625,53,10,0,0,0,3108,256,16,0,0,12.75,1,
aeqkad,window,full,fidelity,False,True,16,iid,0.1,1,s030,3,37.75,26.956521739130437,14.000000000000002,56.00000000000001,56,29,27,2,6,0,0.54,8.53125,46,17,0,0,0,2184,256,16,0,0,10.875,0,
aeqkad,window,full,fidelity,False,True,16,iid,0.1,1,s030,4,20.0,10.434782608695654,8.0,42.5,56,42,40,2,6,0,0.8,8.6953125,49,7,0,0,0,2226,256,16,0,0,9.1875,0,
aeqkad,window,full,fidelity,False,True,16,iid,0.1,1,s030,5,13.750000000000002,9.184782608695654,6.0,61.0,56,44,44,0,6,0,0.88,8.79296875,51,7,0,0,0,2251,256,16,0,0,10.625,0,
aeqkad,window,full,fidelity,False,True,16,iid,0.1,1,s030,6,13.750000000000002,3.260869565217389,6.0,47.0,56,43,43,0,6,0,0.86,8.1796875,48,5,0,0,0,2094,256,16,0,0,7.625,0,
aeqkad,window,full,fidelity,False,True,16,iid,0.1,1,s030,7,18.25,2.33695652173913,12.0,27.500000000000004,56,42,42,0,6,0,0.84,7.46484375,45,3,0,0,0,1911,256,16,0,0,8.1875,0,
aeqkad,window,full,fidelity,False,True,16,iid,0.1,1,s030,8,8.5,0.0,4.0,22.5,56,43,43,0,6,0,0.86,7.4296875,52,8,0,0,1,1902,256,16,0,0,10.6875,0,46.0
aeqkad,window,full,fidelity,False,True,16,iid,0.1,2,s030,2,24.0,10.434782608695654,0.0,69.5,56,45,43,2,6,0,0.86,11.7890625,55,10,0,0,0,3018,256,16,0,0,11.4375,0,
aeqkad,window,full,fidelity,False,True,16,iid,0.1,2,s030,3,20.0,12.771739130434783,10.0,35.0,56,34,34,0,6,0,0.68,9.37109375,46,12,0,0,0,2399,256,16,0,0,12.75,0,
aeqkad,window,full,fidelity,False,True,16,iid,0.1,2,s030,4,12.25,5.760869565217389,6.0,46.5,56,48,44,4,6,0,0.88,9.56640625,52,3,0,0,1,2449,256,16,0,0,8.25,1,
aeqkad,window,full,fidelity,False,True,16,iid,0.1,2,s030,5,13.750000000000002,2.5,6.0,70.5,56,47,45,2,6,0,0.9,9.015625,50,3,0,0,0,2308,256,16,0,0,10.5625,0,
aeqkad,window,full,fidelity,False,True,16,iid,0.1,2,s030,6,16.000000000000004,5.760869565217389,6.0,49.0,56,44,43,1,6,0,0.86,8.0546875,49,5,0,0,0,2062,256,16,0,0,8.125,0,
aeqkad,window,full,fidelity,False,True,16,iid,0.1,2,s030,7,17.5,0.0,12.0,25.5,56,42,42,0,6,0,0.84,7.52734375,44,2,0,0,0,1927,256,16,0,0,9.9375,0,
aeqkad,window,full,fidelity,False,True,16,iid,0.1,2,s030,8,9.0,0.0,4.0,19.5,56,42,42,0,6,0,0.84,7.4609375,50,6,0,0,2,1910,256,16,0,0,10.375,0,2.0
mm,mm,full,fidelity,False,True,16,iid,0.1,0,s030,2,16.500000000000004,4.67391304347826,0.0,80.0,56,47,45,2,6,0,0.9,16.0,56,9,0,0,0,4096,256,16,1,16,85.875,0,
mm,mm,full,fidelity,False,True,16,iid,0.1,0,s030,3,31.499999999999996,19.78260869565217,10.0,66.5,56,31,30,1,6,0,0.6,14.93359375,49,18,0,0,0,3823,256,16,1,3,35.6875,0,
mm,mm,full,fidelity,False,True,16,iid,0.1,0,s030,4,20.0,10.434782608695654,6.0,48.5,56,44,41,3,6,0,0.82,13.01953125,52,7,0,0,1,3333,256,16,1,1,60.25,2,
mm,mm,full,fidelity,False,True,16,iid,0.1,0,s030,5,15.000000000000002,0.0,6.0,64.5,56,47,46,1,6,0,0.92,13.8046875,51,4,0,0,0,3534,256,16,1,1,47.8125,1,
mm,mm,full,fidelity,False,True,16,iid,0.1,0,s030,6,21.25,15.108695652173914,6.0,80.0,56,46,43,3,6,0,0.86,13.54296875,50,4,0,0,0,3467,256,16,1,1,60.0,2,
mm,mm,full,fidelity,False,True,16,iid,0.1,0,s030,7,23.5,15.108695652173914,12.0,79.5,56,44,43,1,6,0,0.86,14.94921875,49,4,0,0,1,3827,256,16,1,1,62.75,2,
mm,mm,full,fidelity,False,True,16,iid,0.1,0,s030,8,13.750000000000002,0.0,2.0,63.0,56,49,47,2,6,0,0.94,14.5,52,2,0,0,1,3712,256,16,1,1,54.6875,2,98.0
mm,mm,full,fidelity,False,True,16,iid,0.1,1,s030,2,18.25,3.58695652173913,0.0,88.0,56,46,45,1,6,0,0.9,16.0,53,7,0,0,0,4096,256,16,2,16,85.0,0,
mm,mm,full,fidelity,False,True,16,iid,0.1,1,s030,3,35.5,25.543478260869566,10.0,86.0,56,30,29,1,6,0,0.58,15.08984375,49,19,0,0,0,3863,256,16,2,5,49.3125,1,
mm,mm,full,fidelity,False,True,16,iid,0.1,1,s030,4,18.000000000000004,11.521739130434783,6.0,65.0,56,43,41,2,6,0,0.82,13.4140625,51,7,0,0,1,3434,256,16,2,2,65.0625,2,
mm,mm,full,fidelity,False,True,16,iid,0.1,1,s030,5,13.5,2.5,2.0,78.0,56,46,46,0,6,0,0.92,14.32421875,54,8,0,0,0,3667,256,16,2,2,77.9375,1,
mm,mm,full,fidelity,False,True,16,iid,0.1,1,s030,6,9.499999999999998,2.5,0.0,83.5,56,47,47,0,6,0,0.94,13.453125,54,7,0,0,0,3444,256,16,2,2,78.75,0,
mm,mm,full,fidelity,False,True,16,iid,0.1,1,s030,7,19.75,7.01086956521739,12.0,79.0,56,43,42,1,6,0,0.84,14.61328125,50,5,0,0,2,3741,256,16,2,2,76.0625,1,
mm,mm,full,fidelity,False,True,16,iid,0.1,1,s030,8,10.0,0.0,2.0,79.5,56,49,47,2,6,0,0.94,15.14453125,54,4,0,0,1,3877,256,16,2,2,89.5,2,96.0
mm,mm,full,fidelity,False,True,16,iid,0.1,2,s030,2,18.000000000000004,2.33695652173913,0.0,84.5,56,51,48,3,6,0,0.96,16.0,56,4,0,0,1,4096,256,16,1,15,78.6875,0,
mm,mm,full,fidelity,False,True,16,iid,0.1,2,s030,3,19.75,8.097826086956525,6.0,54.50000000000001,56,36,36,0,6,0,0.72,15.03125,48,12,0,0,0,3848,256,16,1,1,31.6875,0,
mm,mm,full,fidelity,False,True,16,iid,0.1,2,s030,4,14.500000000000002,12.608695652173912,4.0,48.5,56,50,46,4,6,0,0.92,15.390625,53,2,0,0,1,3940,256,16,1,1,56.8125,3,
mm,mm,full,fidelity,False,True,16,iid,0.1,2,s030,5,12.5,2.33695652173913,2.0,77.0,56,49,46,3,6,0,0.92,14.5078125,53,3,0,0,1,3714,256,16,1,1,48.9375,2,
mm,mm,full,fidelity,False,True,16,iid,0.1,2,s030,6,18.000000000000004,12.771739130434783,4.0,81.0,56,45,44,1,6,0,0.88,14.33203125,54,9,0,0,0,3669,256,16,1,1,65.625,3,
mm,mm,full,fidelity,False,True,16,iid,0.1,2,s030,7,17.500000000000004,10.434782608695654,12.0,60.0,56,43,43,0,6,0,0.86,14.3046875,47,4,0,0,0,3662,256,16,1,1,52.6875,1,
mm,mm,full,fidelity,False,True,16,iid,0.1,2,s030,8,5.750000000000003,0.0,2.0,42.5,56,47,46,1,6,0,0.92,13.5859375,52,2,0,0,3,3478,256,16,1,1,55.1875,1,2.0
static,static,none,fidelity,False,True,16,iid,0.1,0,s031,2,42.99999999999999,40.81521739130435,20.0,64.5,56,0,0,0,6,0,0.0,41.0,0,0,0,0,0,10496,256,50,0,50,81.5,0,
static,static,none,fidelity,False,True,16,iid,0.1,0,s031,3,47.25,48.75,20.0,68.0,56,0,0,0,6,0,0.0,41.0,0,0,0,0,0,10496,256,50,0,50,137.5,0,
static,static,none,fidelity,False,True,16,iid,0.1,0,s031,4,46.75,50.16304347826088,28.000000000000004,69.5,56,0,0,0,6,0,0.0,41.0,0,0,0,0,0,10496,256,50,0,50,193.5,0,
static,static,none,fidelity,False,True,16,iid,0.1,0,s031,5,32.0,32.55434782608696,8.0,72.0,56,0,0,0,6,0,0.0,41.0,0,0,0,0,0,10496,256,50,0,50,249.5,0,
static,static,none,fidelity,False,True,16,iid,0.1,0,s031,6,39.75,34.891304347826086,22.0,60.0,56,0,0,0,6,0,0.0,41.0,0,0,0,0,0,10496,256,50,0,50,305.5,0,
static,static,none,fidelity,False,True,16,iid,0.1,0,s031,7,62.0,67.28260869565217,62.0,62.0,56,0,0,0,6,0,0.0,41.0,0,0,0,0,0,10496,256,50,0,50,361.5,0,
static,static,none,fidelity,False,True,16,iid,0.1,0,s031,8,59.74999999999999,61.684782608695656,52.0,68.0,56,0,0,0,6,0,0.0,41.0,0,0,0,0,0,10496,256,50,0,50,417.5,0,96.0
static,static,none,fidelity,False,True,16,iid,0.1,1,s031,2,47.25,46.41304347826088,22.0,67.0,56,0,0,0,6,0,0.0,39.0,0,0,0,0,0,9984,256,50,0,50,81.5,0,
static,static,none,fidelity,False,True,16,iid,0.1,1,s031,3,47.0,52.17391304347826,24.0,76.0,56,0,0,0,6,0,0.0,39.0,0,0,0,0,0,9984,256,50,0,50,137.5,0,
static,static,none,fidelity,False,True,16,iid,0.1,1,s031,4,48.0,47.82608695652174,20.0,67.0,56,0,0,0,6,0,0.0,39.0,0,0,0,0,0,9984,256,50,0,50,193.5,0,
static,static,none,fidelity,False,True,16,iid,0.1,1,s031,5,33.5,32.391304347826086,10.0,68.0,56,0,0,0,6,0,0.0,39.0,0,0,0,0,0,9984,256,50,0,50,249.5,0,
static,static,none,fidelity,False,True,16,iid,0.1,1,s031,6,39.75,39.56521739130434,18.0,58.5,56,0,0,0,6,0,0.0,39.0,0,0,0,0,0,9984,256,50,0,50,305.5,0,
static,static,none,fidelity,False,True,16,iid,0.1,1,s031,7,59.00000000000001,64.02173913043478,57.99999999999999,61.0,56,0,0,0,6,0,0.0,39.0,0,0,0,0,0,9984,256,50,0,50,361.5,0,
static,static,none,fidelity,False,True,16,iid,0.1,1,s031,8,56.49999999999999,48.91304347826087,50.0,61.5,56,0,0,0,6,0,0.0,39.0,0,0,0,0,0,9984,256,50,0,50,417.5,0,80.0
static,static,none,fidelity,False,True,16,iid,0.1,2,s031,2,45.49999999999999,42.98913043478261,16.0,74.5,56,0,0,0,6,0,0.0,40.0,0,0,0,0,0,10240,256,50,0,50,81.5,0,
static,static,none,fidelity,False,True,16,iid,0.1,2,s031,3,53.0,50.0,16.0,73.5,56,0,0,0,6,0,0.0,40.0,0,0,0,0,0,10240,256,50,0,50,137.5,0,
static,static,none,fidelity,False,True,16,iid,0.1,2,s031,4,50.24999999999999,54.673913043478265,22.0,76.0,56,0,0,0,6,0,0.0,40.0,0,0,0,0,0,10240,256,50,0,50,193.5,0,
static,static,none,fidelity,False,True,16,iid,0.1,2,s031,5,36.0,35.05434782608695,8.0,74.5,56,0,0,0,6,0,0.0,40.0,0,0,0,0,0,10240,256,50,0,50,249.5,0,
static,static,none,fidelity,False,True,16,iid,0.1,2,s031,6,37.75,38.31521739130434,14.000000000000002,62.0,56,0,0,0,6,0,0.0,40.0,0,0,0,0,0,10240,256,50,0,50,305.5,0,
static,static,none,fidelity,False,True,16,iid,0.1,2,s031,7,61.5,61.684782608695656,60.0,64.5,56,0,0,0,6,0,0.0,40.0,0,0,0,0,0,10240,256,50,0,50,361.5,0,
static,static,none,fidelity,False,True,16,iid,0.1,2,s031,8,54.25,54.673913043478265,44.0,67.5,56,0,0,0,6,0,0.0,40.0,0,0,0,0,0,10240,256,50,0,50,417.5,0,66.0
naive,naive,none,fidelity,False,True,16,iid,0.1,0,s031,2,37.75,27.8804347826087,4.0,88.0,56,54,48,6,6,0,0.96,60.16796875,0,0,0,0,0,15403,256,104,0,50,53.34615384615385,6,
naive,naive,none,fidelity,False,True,16,iid,0.1,0,s031,3,30.25,22.1195652173913,0.0,100.0,56,56,50,6,6,0,1.0,96.234375,0,0,0,0,0,24636,256,160,0,50,80.7,12,
naive,naive,none,fidelity,False,True,16,iid,0.1,0,s031,4,31.75,24.456521739130437,0.0,100.0,56,56,50,6,6,0,1.0,123.390625,0,0,0,0,0,31588,256,216,0,50,108.38888888888889,18,
naive,naive,none,fidelity,False,True,16,iid,0.1,0,s031,5,29.75,23.04347826086957,0.0,100.0,56,56,50,6,6,0,1.0,143.765625,0,0,0,0,0,36804,256,272,0,50,136.2058823529412,24,
naive,naive,none,fidelity,False,True,16,iid,0.1,0,s031,6,24.25,19.78260869565217,0.0,100.0,56,56,50,6,6,0,1.0,159.5078125,0,0,0,0,0,40834,256,328,0,50,164.08536585365854,30,
naive,naive,none,fidelity,False,True,16,iid,0.1,0,s031,7,36.0,26.79347826086957,0.0,100.0,56,56,50,6,6,0,1.0,181.828125,0,0,0,0,0,46548,256,384,0,50,192.0,36,
naive,naive,none,fidelity,False,True,16,iid,0.1,0,s031,8,31.25,30.217391304347828,0.0,100.0,56,56,50,6,6,0,1.0,202.83984375,0,0,0,0,0,51927,256,440,0,50,219.93636363636364,42,100.0
naive,naive,none,fidelity,False,True,16,iid,0.1,1,s031,2,32.25,25.543478260869566,4.0,92.0,56,54,48,6,6,0,0.96,58.828125,0,0,0,0,0,15060,256,104,0,50,53.375,6,
naive,naive,none,fidelity,False,True,16,iid,0.1,1,s031,3,27.500000000000004,17.445652173913043,0.0,100.0,56,56,50,6,6,0,1.0,93.4921875,0,0,0,0,0,23934,256,160,0,50,80.71875,12,
naive,naive,none,fidelity,False,True,16,iid,0.1,1,s031,4,34.5,25.706521739130437,0.0,100.0,56,56,50,6,6,0,1.0,123.51953125,0,0,0,0,0,31621,256,216,0,50,108.40277777777776,18,
naive,naive,none,fidelity,False,True,16,iid,0.1,1,s031,5,27.500000000000004,21.03260869565217,0.0,100.0,56,56,50,6,6,0,1.0,144.875,0,0,0,0,0,37088,256,272,0,50,136.21691176470588,24,
naive,naive,none,fidelity,False,True,16,iid,0.1,1,s031,6,27.500000000000004,18.53260869565217,0.0,100.0,56,56,50,6,6,0,1.0,165.703125,0,0,0,0,0,42420,256,328,0,50,164.09451219512195,30,
naive,naive,none,fidelity,False,True,16,iid,0.1,1,s031,7,36.5,26.6304347826087,0.0,100.0,56,56,50,6,6,0,1.0,185.02734375,0,0,0,0,0,47367,256,384,0,50,192.0078125,36,
naive,naive,none,fidelity,False,True,16,iid,0.1,1,s031,8,34.0,25.543478260869566,0.0,100.0,56,56,50,6,6,0,1.0,200.546875,0,0,0,0,0,51340,256,440,0,50,219.9431818181818,42,100.0
naive,naive,none,fidelity,False,True,16,iid,0.1,2,s031,2,34.5,25.543478260869566,4.0,93.0,56,53,48,5,6,0,0.96,57.98828125,0,0,0,0,0,14845,256,103,0,50,53.37864077669903,5,
naive,naive,none,fidelity,False,True,16,iid,0.1,2,s031,3,27.250000000000004,19.78260869565217,0.0,99.5,56,56,50,6,6,0,1.0,94.0859375,0,0,0,0,0,24086,256,159,0,50,80.54088050314465,11,
naive,naive,none,fidelity,False,True,16,iid,0.1,2,s031,4,32.49999999999999,17.445652173913043,0.0,100.0,56,56,50,6,6,0,1.0,122.8671875,0,0,0,0,0,31454,256,215,0,50,108.13953488372093,17,
naive,naive,none,fidelity,False,True,16,iid,0.1,2,s031,5,22.25,23.20652173913043,0.0,100.0,56,56,50,6,6,0,1.0,144.5234375,0,0,0,0,0,36998,256,271,0,50,135.9040590405904,23,
naive,naive,none,fidelity,False,True,16,iid,0.1,2,s031,6,28.500000000000004,18.53260869565217,0.0,100.0,56,56,50,6,6,0,1.0,162.8984375,0,0,0,0,0,41702,256,327,0,50,163.74923547400613,29,
naive,naive,none,fidelity,False,True,16,iid,0.1,2,s031,7,34.0,25.543478260869566,0.0,100.0,56,56,50,6,6,0,1.0,182.24609375,0,0,0,0,0,46655,256,383,0,50,191.6396866840731,35,
naive,naive,none,fidelity,False,True,16,iid,0.1,2,s031,8,34.0,27.8804347826087,0.0,100.0,56,56,50,6,6,0,1.0,202.2421875,0,0,0,0,0,51774,256,439,0,50,219.55808656036447,41,100.0
window,window,none,fidelity,False,True,16,iid,0.1,0,s031,2,31.499999999999996,17.445652173913043,14.000000000000002,64.0,56,48,43,5,6,0,0.86,14.68359375,0,0,0,0,0,3759,256,16,0,0,7.5625,3,
window,window,none,fidelity,False,True,16,iid,0.1,0,s031,3,26.0,17.445652173913043,14.000000000000002,57.49999999999999,56,46,43,3,6,0,0.86,15.15625,0,0,0,0,0,3880,256,16,0,0,10.5625,0,
window,window,none,fidelity,False,True,16,iid,0.1,0,s031,4,28.500000000000004,16.358695652173914,8.0,66.5,56,50,46,4,6,0,0.92,15.08984375,0,0,0,0,0,3863,256,16,0,0,9.3125,3,
window,window,none,fidelity,False,True,16,iid,0.1,0,s031,5,28.000000000000004,7.01086956521739,10.0,57.49999999999999,56,47,45,2,6,0,0.9,13.4453125,0,0,0,0,0,3442,256,16,0,0,9.375,1,
window,window,none,fidelity,False,True,16,iid,0.1,0,s031,6,25.75,13.858695652173914,8.0,56.00000000000001,56,50,46,4,6,0,0.92,13.38671875,0,0,0,0,0,3427,256,16,0,0,9.375,3,
window,window,none,fidelity,False,True,16,iid,0.1,0,s031,7,28.000000000000004,16.358695652173914,6.0,60.5,56,50,47,3,6,0,0.94,13.73828125,0,0,0,0,0,3517,256,16,0,0,8.0,1,
window,window,none,fidelity,False,True,16,iid,0.1,0,s031,8,21.5,8.097826086956525,8.0,53.5,56,49,46,3,6,0,0.92,14.73046875,0,0,0,0,0,3771,256,16,0,0,9.6875,1,76.0
window,window,none,fidelity,False,True,16,iid,0.1,1,s031,2,30.25,10.434782608695654,14.000000000000002,53.0,56,47,43,4,6,0,0.86,14.80078125,0,0,0,0,0,3789,256,16,0,0,7.75,2,
window,window,none,fidelity,False,True,16,iid,0.1,1,s031,3,28.25,17.445652173913043,14.000000000000002,61.5,56,47,43,4,6,0,0.86,15.5234375,0,0,0,0,0,3974,256,16,0,0,10.1875,2,
window,window,none,fidelity,False,True,16,iid,0.1,1,s031,4,32.0,23.20652173913043,10.0,63.5,56,49,45,4,6,0,0.9,14.796875,0,0,0,0,0,3788,256,16,0,0,8.5,2,
window,window,none,fidelity,False,True,16,iid,0.1,1,s031,5,27.500000000000004,18.53260869565217,16.0,55.00000000000001,56,44,42,2,6,0,0.84,13.40625,0,0,0,0,0,3432,256,16,0,0,10.8125,2,
window,window,none,fidelity,False,True,16,iid,0.1,1,s031,6,29.25,17.445652173913043,8.0,58.5,56,48,46,2,6,0,0.92,13.1875,0,0,0,0,0,3376,256,16,0,0,9.5,0,
window,window,none,fidelity,False,True,16,iid,0.1,1,s031,7,32.99999999999999,22.1195652173913,14.000000000000002,67.0,56,47,43,4,6,0,0.86,13.77734375,0,0,0,0,0,3527,256,16,0,0,7.8125,1,
window,window,none,fidelity,False,True,16,iid,0.1,1,s031,8,24.25,11.684782608695654,6.0,62.5,56,52,47,5,6,0,0.94,14.84765625,0,0,0,0,0,3801,256,16,0,0,7.875,3,72.0
window,window,none,fidelity,False,True,16,iid,0.1,2,s031,2,30.000000000000004,17.445652173913043,12.0,63.0,56,49,44,5,6,0,0.88,15.046875,0,0,0,0,0,3852,256,16,0,0,7.6875,2,
window,window,none,fidelity,False,True,16,iid,0.1,2,s031,3,26.0,16.195652173913043,14.000000000000002,64.5,56,46,43,3,6,0,0.86,15.21484375,0,0,0,0,0,3895,256,16,0,0,11.4375,2,
window,window,none,fidelity,False,True,16,iid,0.1,2,s031,4,30.75,15.108695652173914,12.0,59.0,56,48,44,4,6,0,0.88,15.08984375,0,0,0,0,0,3863,256,16,0,0,8.9375,3,
window,window,none,fidelity,False,True,16,iid,0.1,2,s031,5,26.25,10.434782608695654,10.0,63.0,56,46,45,1,6,0,0.9,13.58984375,0,0,0,0,0,3479,256,16,0,0,10.375,0,
window,window,none,fidelity,False,True,16,iid,0.1,2,s031,6,25.5,15.108695652173914,8.0,60.0,56,51,46,5,6,0,0.92,13.7578125,0,0,0,0,0,3522,256,16,0,0,9.1875,1,
window,window,none,fidelity,False,True,16,iid,0.1,2,s031,7,34.0,17.445652173913043,12.0,64.5,56,50,44,6,6,0,0.88,13.99609375,0,0,0,0,0,3583,256,16,0,0,7.5,1,
window,window,none,fidelity,False,True,16,iid,0.1,2,s031,8,19.75,10.434782608695654,8.0,59.5,56,51,46,5,6,0,0.92,14.92578125,0,0,0,0,0,3821,256,16,0,0,8.875,1,84.0
aeqkad,window,full,fidelity,False,True,16,iid,0.1,0,s031,2,34.25,32.391304347826086,14.000000000000002,62.0,56,28,27,1,6,0,0.54,14.52734375,48,20,0,0,0,3719,256,16,0,0,14.375,1,
aeqkad,window,full,fidelity,False,True,16,iid,0.1,0,s031,3,27.750000000000004,18.695652173913043,16.0,56.99999999999999,56,40,38,2,6,0,0.76,14.66015625,45,5,0,0,0,3753,256,16,0,0,11.375,0,
aeqkad,window,full,fidelity,False,True,16,iid,0.1,0,s031,4,37.0,12.771739130434783,12.0,55.00000000000001,56,29,28,1,6,0,0.56,13.6875,48,19,0,0,0,3504,256,16,0,0,16.6875,0,
aeqkad,window,full,fidelity,False,True,16,iid,0.1,0,s031,5,24.25,4.510869565217389,16.0,50.5,56,35,34,1,6,0,0.68,11.51171875,44,8,0,0,1,2947,256,16,0,0,13.3125,1,
aeqkad,window,full,fidelity,False,True,16,iid,0.1,0,s031,6,28.000000000000004,14.021739130434783,12.0,54.0,56,39,36,3,6,0,0.72,11.96875,48,8,0,0,1,3064,256,16,0,0,10.5,3,
aeqkad,window,full,fidelity,False,True,16,iid,0.1,0,s031,7,28.500000000000004,20.869565217391305,12.0,53.5,56,35,34,1,6,0,0.68,12.33984375,46,11,0,0,0,3159,256,16,0,0,12.5,1,
aeqkad,window,full,fidelity,False,True,16,iid,0.1,0,s031,8,25.5,12.771739130434783,12.0,49.5,56,38,37,1,6,0,0.74,13.72265625,46,8,0,0,0,3513,256,16,0,0,12.6875,0,46.0
aeqkad,window,full,fidelity,False,True,16,iid,0.1,1,s031,2,28.500000000000004,19.78260869565217,16.0,50.5,56,31,30,1,6,0,0.6,14.16015625,44,13,0,0,0,3625,256,16,0,0,14.0,0,
aeqkad,window,full,fidelity,False,True,16,iid,0.1,1,s031,3,28.000000000000004,17.445652173913043,14.000000000000002,55.50000000000001,56,36,34,2,6,0,0.68,14.953125,47,10,0,0,1,3828,256,16,0,0,13.625,1,
aeqkad,window,full,fidelity,False,True,16,iid,0.1,1,s031,4,35.75,11.847826086956523,16.0,50.5,56,31,29,2,6,0,0.58,13.23046875,45,14,0,0,0,3387,256,16,0,0,12.9375,2,
aeqkad,window,full,fidelity,False,True,16,iid,0.1,1,s031,5,24.25,8.260869565217389,16.0,50.0,56,32,32,0,6,0,0.64,11.54296875,42,9,0,0,1,2955,256,16,0,0,17.375,0,
aeqkad,window,full,fidelity,False,True,16,iid,0.1,1,s031,6,30.25,22.1195652173913,14.000000000000002,53.0,56,34,33,1,6,0,0.66,11.63671875,45,10,0,0,1,2979,256,16,0,0,14.375,1,
aeqkad,window,full,fidelity,False,True,16,iid,0.1,1,s031,7,29.75,19.78260869565217,18.0,53.5,56,31,30,1,6,0,0.6,11.671875,44,10,0,0,3,2988,256,16,0,0,17.9375,0,
aeqkad,window,full,fidelity,False,True,16,iid,0.1,1,s031,8,25.75,14.021739130434783,12.0,56.00000000000001,56,39,36,3,6,0,0.72,13.55859375,47,7,0,0,1,3471,256,16,0,0,11.875,2,60.0
aeqkad,window,full,fidelity,False,True,16,iid,0.1,2,s031,2,30.000000000000004,18.695652173913043,14.000000000000002,60.5,56,36,34,2,6,0,0.68,13.8125,47,11,0,0,0,3536,256,16,0,0,10.1875,1,
aeqkad,window,full,fidelity,False,True,16,iid,0.1,2,s031,3,25.75,16.195652173913043,14.000000000000002,62.5,56,43,40,3,6,0,0.8,14.8359375,46,3,0,0,0,3798,256,16,0,0,11.4375,2,
aeqkad,window,full,fidelity,False,True,16,iid,0.1,2,s031,4,33.5,15.108695652173914,12.0,51.5,56,29,28,1,6,0,0.56,13.40625,48,19,0,0,0,3432,256,16,0,0,14.9375,1,
aeqkad,window,full,fidelity,False,True,16,iid,0.1,2,s031,5,22.75,9.347826086956523,14.000000000000002,56.99999999999999,56,38,37,1,6,0,0.74,12.08984375,44,4,0,0,2,3095,256,16,0,0,13.5,0,
aeqkad,window,full,fidelity,False,True,16,iid,0.1,2,s031,6,26.25,26.79347826086957,12.0,51.5,56,36,34,2,6,0,0.68,11.76953125,49,12,0,0,1,3013,256,16,0,0,15.25,1,
aeqkad,window,full,fidelity,False,True,16,iid,0.1,2,s031,7,30.000000000000004,17.445652173913043,16.0,54.0,56,34,33,1,6,0,0.66,11.97265625,46,11,0,0,1,3065,256,16,0,0,13.0625,0,
aeqkad,window,full,fidelity,False,True,16,iid,0.1,2,s031,8,24.75,5.923913043478259,12.0,44.0,56,38,37,1,6,0,0.74,13.71484375,48,9,0,0,1,3511,256,16,0,0,11.5625,0,74.0
mm,mm,full,fidelity,False,True,16,iid,0.1,0,s031,2,42.75,51.24999999999999,30.0,62.0,56,3,3,0,6,0,0.06,16.0,40,37,0,0,0,4096,256,16,1,16,86.6875,0,
mm,mm,full,fidelity,False,True,16,iid,0.1,0,s031,3,48.25,47.66304347826087,26.0,63.5,56,5,4,1,6,0,0.08,16.0,41,36,0,0,0,4096,256,16,1,16,142.6875,0,
mm,mm,full,fidelity,False,True,16,iid,0.1,0,s031,4,49.75,51.24999999999999,36.0,67.0,56,4,3,1,6,0,0.06,16.0,37,33,0,0,0,4096,256,16,1,16,198.6875,0,
mm,mm,full,fidelity,False,True,16,iid,0.1,0,s031,5,32.25,29.130434782608692,14.000000000000002,65.0,56,12,11,1,6,0,0.22,16.0,48,36,0,0,0,4096,256,16,1,16,254.6875,0,
mm,mm,full,fidelity,False,True,16,iid,0.1,0,s031,6,43.75,39.56521739130434,26.0,60.5,56,5,5,0,6,0,0.1,16.0,40,35,0,0,0,4096,256,16,1,16,310.6875,0,
mm,mm,full,fidelity,False,True,16,iid,0.1,0,s031,7,65.25,69.78260869565217,70.0,63.5,56,3,2,1,6,0,0.04,16.0,18,15,0,0,0,4096,256,16,1,16,366.6875,0,
mm,mm,full,fidelity,False,True,16,iid,0.1,0,s031,8,56.00000000000001,61.52173913043478,50.0,63.5,56,0,0,0,6,0,0.0,16.0,28,28,0,0,0,4096,256,16,1,16,422.6875,0,68.0
mm,mm,full,fidelity,False,True,16,iid,0.1,1,s031,2,49.25,48.91304347826087,30.0,62.5,56,4,4,0,6,0,0.08,16.0,38,34,0,0,0,4096,256,16,1,16,86.6875,0,
mm,mm,full,fidelity,False,True,16,iid,0.1,1,s031,3,51.0,54.673913043478265,26.0,70.5,56,3,3,0,6,0,0.06,16.0,41,38,0,0,0,4096,256,16,1,16,142.6875,0,
mm,mm,full,fidelity,False,True,16,iid,0.1,1,s031,4,49.5,43.31521739130434,40.0,59.5,56,3,3,0,6,0,0.06,16.0,33,30,0,0,0,4096,256,16,1,16,198.6875,0,
mm,mm,full,fidelity,False,True,16,iid,0.1,1,s031,5,34.25,27.8804347826087,10.0,67.0,56,11,11,0,6,0,0.22,16.0,48,37,0,0,0,4096,256,16,1,16,254.6875,0,
mm,mm,full,fidelity,False,True,16,iid,0.1,1,s031,6,40.5,39.40217391304348,32.0,57.49999999999999,56,5,5,0,6,0,0.1,16.0,37,32,0,0,0,4096,256,16,1,16,310.6875,0,
mm,mm,full,fidelity,False,True,16,iid,0.1,1,s031,7,67.75,65.10869565217392,80.0,59.5,56,3,2,1,6,0,0.04,16.0,16,13,0,0,0,4096,256,16,1,16,366.6875,0,
mm,mm,full,fidelity,False,True,16,iid,0.1,1,s031,8,55.50000000000001,47.66304347826087,54.0,58.5,56,0,0,0,6,0,0.0,16.0,27,27,0,0,0,4096,256,16,1,16,422.6875,0,70.0
mm,mm,full,fidelity,False,True,16,iid,0.1,2,s031,2,42.25,45.326086956521735,16.0,71.0,56,14,12,2,6,0,0.24,16.0,47,33,0,0,0,4096,256,16,1,15,82.1875,0,
mm,mm,full,fidelity,False,True,16,iid,0.1,2,s031,3,50.0,48.75,12.0,76.0,56,12,12,0,6,0,0.24,16.0,49,36,0,0,1,4096,256,16,1,15,138.1875,0,
mm,mm,full,fidelity,False,True,16,iid,0.1,2,s031,4,48.0,41.73913043478261,18.0,76.5,56,16,16,0,6,0,0.32,16.0,45,29,0,0,0,4096,256,16,1,14,182.0625,0,
mm,mm,full,fidelity,False,True,16,iid,0.1,2,s031,5,28.25,12.771739130434783,2.0,72.5,56,35,35,0,6,0,0.7,15.45703125,53,14,0,0,4,3957,256,16,1,4,81.125,0,
mm,mm,full,fidelity,False,True,16,iid,0.1,2,s031,6,27.750000000000004,22.1195652173913,6.0,63.5,56,45,42,3,6,0,0.84,15.71875,52,5,0,0,2,4024,256,16,1,1,53.5625,1,
mm,mm,full,fidelity,False,True,16,iid,0.1,2,s031,7,36.75,28.20652173913043,6.0,75.5,56,40,35,5,6,0,0.7,16.0,52,12,0,0,0,4096,256,16,1,1,66.0625,2,
mm,mm,full,fidelity,False,True,16,iid,0.1,2,s031,8,28.25,13.097826086956523,8.0,77.5,56,46,43,3,6,0,0.86,16.0,52,6,0,0,0,4096,256,16,1,1,59.25,3,78.0
static,static,none,fidelity,False,True,16,iid,0.1,0,s032,2,29.75,7.01086956521739,12.0,78.0,56,0,0,0,6,0,0.0,37.0,0,0,0,0,0,9472,256,50,0,50,81.5,0,
static,static,none,fidelity,False,True,16,iid,0.1,0,s032,3,28.750000000000004,12.010869565217387,0.0,81.0,56,0,0,0,6,0,0.0,37.0,0,0,0,0,0,9472,256,50,0,50,137.5,0,
static,static,none,fidelity,False,True,16,iid,0.1,0,s032,4,32.00000000000001,17.608695652173914,4.0,78.5,56,0,0,0,6,0,0.0,37.0,0,0,0,0,0,9472,256,50,0,50,193.5,0,
static,static,none,fidelity,False,True,16,iid,0.1,0,s032,5,30.000000000000004,29.130434782608692,4.0,85.5,56,0,0,0,6,0,0.0,37.0,0,0,0,0,0,9472,256,50,0,50,249.5,0,
static,static,none,fidelity,False,True,16,iid,0.1,0,s032,6,43.49999999999999,40.65217391304348,16.0,82.0,56,0,0,0,6,0,0.0,37.0,0,0,0,0,0,9472,256,50,0,50,305.5,0,
static,static,none,fidelity,False,True,16,iid,0.1,0,s032,7,61.25000000000001,75.3804347826087,42.0,85.5,56,0,0,0,6,0,0.0,37.0,0,0,0,0,0,9472,256,50,0,50,361.5,0,
static,static,none,fidelity,False,True,16,iid,0.1,0,s032,8,46.25,55.59782608695652,8.0,84.0,56,0,0,0,6,0,0.0,37.0,0,0,0,0,0,9472,256,50,0,50,417.5,0,68.0
static,static,none,fidelity,False,True,16,iid,0.1,1,s032,2,30.25,14.945652173913045,8.0,83.5,56,0,0,0,6,0,0.0,37.0,0,0,0,0,0,9472,256,50,0,50,81.5,0,
static,static,none,fidelity,False,True,16,iid,0.1,1,s032,3,29.75,15.271739130434783,0.0,83.5,56,0,0,0,6,0,0.0,37.0,0,0,0,0,0,9472,256,50,0,50,137.5,0,
static,static,none,fidelity,False,True,16,iid,0.1,1,s032,4,31.000000000000007,17.445652173913043,4.0,82.5,56,0,0,0,6,0,0.0,37.0,0,0,0,0,0,9472,256,50,0,50,193.5,0,
static,static,none,fidelity,False,True,16,iid,0.1,1,s032,5,30.25,26.6304347826087,2.0,88.5,56,0,0,0,6,0,0.0,37.0,0,0,0,0,0,9472,256,50,0,50,249.5,0,
static,static,none,fidelity,False,True,16,iid,0.1,1,s032,6,45.25,39.56521739130434,10.0,86.5,56,0,0,0,6,0,0.0,37.0,0,0,0,0,0,9472,256,50,0,50,305.5,0,
static,static,none,fidelity,False,True,16,iid,0.1,1,s032,7,59.74999999999999,64.02173913043478,36.0,86.5,56,0,0,0,6,0,0.0,37.0,0,0,0,0,0,9472,256,50,0,50,361.5,0,
static,static,none,fidelity,False,True,16,iid,0.1,1,s032,8,48.5,54.673913043478265,8.0,90.5,56,0,0,0,6,0,0.0,37.0,0,0,0,0,0,9472,256,50,0,50,417.5,0,100.0
static,static,none,fidelity,False,True,16,iid,0.1,2,s032,2,29.75,11.684782608695654,8.0,85.5,56,0,0,0,6,0,0.0,38.0,0,0,0,0,0,9728,256,50,0,50,81.5,0,
static,static,none,fidelity,False,True,16,iid,0.1,2,s032,3,25.5,9.347826086956523,0.0,82.5,56,0,0,0,6,0,0.0,38.0,0,0,0,0,0,9728,256,50,0,50,137.5,0,
static,static,none,fidelity,False,True,16,iid,0.1,2,s032,4,27.0,10.597826086956523,2.0,88.5,56,0,0,0,6,0,0.0,38.0,0,0,0,0,0,9728,256,50,0,50,193.5,0,
static,static,none,fidelity,False,True,16,iid,0.1,2,s032,5,32.0,22.445652173913043,4.0,89.5,56,0,0,0,6,0,0.0,38.0,0,0,0,0,0,9728,256,50,0,50,249.5,0,
static,static,none,fidelity,False,True,16,iid,0.1,2,s032,6,46.25,42.98913043478261,10.0,86.0,56,0,0,0,6,0,0.0,38.0,0,0,0,0,0,9728,256,50,0,50,305.5,0,
static,static,none,fidelity,False,True,16,iid,0.1,2,s032,7,61.74999999999999,69.78260869565217,28.000000000000004,93.0,56,0,0,0,6,0,0.0,38.0,0,0,0,0,0,9728,256,50,0,50,361.5,0,
static,static,none,fidelity,False,True,16,iid,0.1,2,s032,8,43.99999999999999,53.2608695652174,6.0,88.5,56,0,0,0,6,0,0.0,38.0,0,0,0,0,0,9728,256,50,0,50,417.5,0,92.0
naive,naive,none,fidelity,False,True,16,iid,0.1,0,s032,2,23.25,12.608695652173912,8.0,90.5,56,52,46,6,6,0,0.92,51.58984375,0,0,0,0,0,13207,256,102,0,50,53.833333333333336,6,
naive,naive,none,fidelity,False,True,16,iid,0.1,0,s032,3,25.5,15.271739130434783,0.0,96.0,56,56,50,6,6,0,1.0,74.203125,0,0,0,0,0,18996,256,158,0,50,80.65189873417721,12,
naive,naive,none,fidelity,False,True,16,iid,0.1,0,s032,4,24.25,15.108695652173914,0.0,99.5,56,56,50,6,6,0,1.0,101.59765625,0,0,0,0,0,26009,256,214,0,50,108.08878504672896,18,
naive,naive,none,fidelity,False,True,16,iid,0.1,0,s032,5,30.25,19.78260869565217,0.0,100.0,56,56,50,6,6,0,1.0,125.4921875,0,0,0,0,0,32126,256,270,0,50,135.75925925925927,24,
naive,naive,none,fidelity,False,True,16,iid,0.1,0,s032,6,41.25,34.891304347826086,0.0,100.0,56,56,50,6,6,0,1.0,154.015625,0,0,0,0,0,39428,256,326,0,50,163.54294478527606,30,
naive,naive,none,fidelity,False,True,16,iid,0.1,0,s032,7,38.0,38.15217391304348,0.0,100.0,56,56,50,6,6,0,1.0,179.64453125,0,0,0,0,0,45989,256,382,0,50,191.39005235602093,36,
naive,naive,none,fidelity,False,True,16,iid,0.1,0,s032,8,32.99999999999999,22.1195652173913,0.0,100.0,56,56,50,6,6,0,1.0,204.98828125,0,0,0,0,0,52477,256,438,0,50,219.27625570776252,42,100.0
naive,naive,none,fidelity,False,True,16,iid,0.1,1,s032,2,22.75,12.771739130434783,8.0,88.5,56,51,46,5,6,0,0.92,51.33984375,0,0,0,0,0,13143,256,101,0,50,54.15841584158416,5,
naive,naive,none,fidelity,False,True,16,iid,0.1,1,s032,3,28.25,21.195652173913043,0.0,98.5,56,56,50,6,6,0,1.0,72.90625,0,0,0,0,0,18664,256,157,0,50,80.67515923566879,11,
naive,naive,none,fidelity,False,True,16,iid,0.1,1,s032,4,27.0,15.108695652173914,0.0,99.5,56,56,50,6,6,0,1.0,94.4609375,0,0,0,0,0,24182,256,213,0,50,107.97183098591547,17,
naive,naive,none,fidelity,False,True,16,iid,0.1,1,s032,5,31.75,23.20652173913043,0.0,100.0,56,56,50,6,6,0,1.0,116.703125,0,0,0,0,0,29876,256,269,0,50,135.56133828996283,23,
naive,naive,none,fidelity,False,True,16,iid,0.1,1,s032,6,42.00000000000001,37.22826086956522,0.0,100.0,56,56,50,6,6,0,1.0,142.5625,0,0,0,0,0,36496,256,325,0,50,163.2923076923077,29,
naive,naive,none,fidelity,False,True,16,iid,0.1,1,s032,7,37.0,32.55434782608696,0.0,100.0,56,56,50,6,6,0,1.0,171.16796875,0,0,0,0,0,43819,256,381,0,50,191.1023622047244,35,
naive,naive,none,fidelity,False,True,16,iid,0.1,1,s032,8,30.25,22.1195652173913,0.0,100.0,56,56,50,6,6,0,1.0,193.23046875,0,0,0,0,0,49467,256,437,0,50,218.96109839816933,41,100.0
naive,naive,none,fidelity,False,True,16,iid,0.1,2,s032,2,26.0,11.684782608695654,6.0,95.0,56,53,47,6,6,0,0.94,50.7265625,0,0,0,0,0,12986,256,103,0,50,53.33009708737864,6,
naive,naive,none,fidelity,False,True,16,iid,0.1,2,s032,3,26.75,8.260869565217389,0.0,98.0,56,56,50,6,6,0,1.0,75.5703125,0,0,0,0,0,19346,256,159,0,50,80.50943396226415,12,
naive,naive,none,fidelity,False,True,16,iid,0.1,2,s032,4,24.25,15.108695652173914,0.0,99.5,56,56,50,6,6,0,1.0,99.66015625,0,0,0,0,0,25513,256,215,0,50,108.11627906976744,18,
naive,naive,none,fidelity,False,True,16,iid,0.1,2,s032,5,33.25,27.717391304347828,0.0,100.0,56,56,50,6,6,0,1.0,121.66015625,0,0,0,0,0,31145,256,271,0,50,135.88560885608857,24,
naive,naive,none,fidelity,False,True,16,iid,0.1,2,s032,6,42.25,34.72826086956522,0.0,100.0,56,56,50,6,6,0,1.0,151.55859375,0,0,0,0,0,38799,256,327,0,50,163.73394495412845,30,
naive,naive,none,fidelity,False,True,16,iid,0.1,2,s032,7,44.25,38.47826086956522,0.0,100.0,56,56,50,6,6,0,1.0,179.85546875,0,0,0,0,0,46043,256,383,0,50,191.6266318537859,36,
naive,naive,none,fidelity,False,True,16,iid,0.1,2,s032,8,31.75,19.78260869565217,0.0,100.0,56,56,50,6,6,0,1.0,208.7734375,0,0,0,0,0,53446,256,439,0,50,219.5466970387244,42,100.0
window,window,none,fidelity,False,True,16,iid,0.1,0,s032,2,29.75,9.184782608695654,10.0,65.5,56,51,45,6,6,0,0.9,13.96484375,0,0,0,0,0,3575,256,16,0,0,8.0,1,
window,window,none,fidelity,False,True,16,iid,0.1,0,s032,3,27.250000000000004,19.78260869565217,4.0,67.0,56,54,48,6,6,0,0.96,14.0703125,0,0,0,0,0,3602,256,16,0,0,8.125,2,
window,window,none,fidelity,False,True,16,iid,0.1,0,s032,4,23.0,8.097826086956525,14.000000000000002,54.50000000000001,56,45,43,2,6,0,0.86,12.265625,0,0,0,0,0,3140,256,16,0,0,10.5625,1,
window,window,none,fidelity,False,True,16,iid,0.1,0,s032,5,30.000000000000004,19.78260869565217,12.0,60.5,56,49,44,5,6,0,0.88,14.14453125,0,0,0,0,0,3621,256,16,0,0,7.75,2,
window,window,none,fidelity,False,True,16,iid,0.1,0,s032,6,35.75,27.717391304347828,20.0,71.0,56,45,40,5,6,0,0.8,14.70703125,0,0,0,0,0,3765,256,16,0,0,8.375,2,
window,window,none,fidelity,False,True,16,iid,0.1,0,s032,7,27.750000000000004,16.195652173913043,6.0,66.0,56,50,47,3,6,0,0.94,14.1640625,0,0,0,0,0,3626,256,16,0,0,7.5625,1,
window,window,none,fidelity,False,True,16,iid,0.1,0,s032,8,23.75,15.108695652173914,14.000000000000002,59.0,56,48,43,5,6,0,0.86,13.83203125,0,0,0,0,0,3541,256,16,0,0,10.875,3,28.000000000000004
window,window,none,fidelity,False,True,16,iid,0.1,1,s032,2,30.500000000000004,17.445652173913043,10.0,65.5,56,49,45,4,6,0,0.9,13.79296875,0,0,0,0,0,3531,256,16,0,0,8.0,1,
window,window,none,fidelity,False,True,16,iid,0.1,1,s032,3,30.25,27.8804347826087,6.0,63.0,56,51,47,4,6,0,0.94,13.8828125,0,0,0,0,0,3554,256,16,0,0,8.1875,2,
window,window,none,fidelity,False,True,16,iid,0.1,1,s032,4,19.75,4.67391304347826,14.000000000000002,55.50000000000001,56,46,43,3,6,0,0.86,12.50390625,0,0,0,0,0,3201,256,16,0,0,11.0625,2,
window,window,none,fidelity,False,True,16,iid,0.1,1,s032,5,26.0,14.021739130434783,10.0,61.0,56,48,45,3,6,0,0.9,13.90234375,0,0,0,0,0,3559,256,16,0,0,7.75,1,
window,window,none,fidelity,False,True,16,iid,0.1,1,s032,6,31.25,19.78260869565217,14.000000000000002,69.0,56,49,43,6,6,0,0.86,15.0390625,0,0,0,0,0,3850,256,16,0,0,8.25,2,
window,window,none,fidelity,False,True,16,iid,0.1,1,s032,7,27.250000000000004,10.434782608695654,8.0,59.5,56,51,46,5,6,0,0.92,14.1953125,0,0,0,0,0,3634,256,16,0,0,8.5,1,
window,window,none,fidelity,False,True,16,iid,0.1,1,s032,8,25.5,17.445652173913043,16.0,60.0,56,44,42,2,6,0,0.84,13.3359375,0,0,0,0,0,3414,256,16,0,0,12.5,0,92.0
window,window,none,fidelity,False,True,16,iid,0.1,2,s032,2,26.0,18.53260869565217,16.0,47.5,56,45,42,3,6,0,0.84,13.2265625,0,0,0,0,0,3386,256,16,0,0,9.125,2,
window,window,none,fidelity,False,True,16,iid,0.1,2,s032,3,28.500000000000004,10.597826086956523,8.0,49.5,56,50,46,4,6,0,0.92,13.77734375,0,0,0,0,0,3527,256,16,0,0,8.25,2,
window,window,none,fidelity,False,True,16,iid,0.1,2,s032,4,28.000000000000004,7.01086956521739,16.0,47.0,56,44,42,2,6,0,0.84,11.96484375,0,0,0,0,0,3063,256,16,0,0,12.6875,0,
window,window,none,fidelity,False,True,16,iid,0.1,2,s032,5,27.250000000000004,16.358695652173914,12.0,56.49999999999999,56,47,44,3,6,0,0.88,13.7421875,0,0,0,0,0,3518,256,16,0,0,9.0,2,
window,window,none,fidelity,False,True,16,iid,0.1,2,s032,6,36.25,31.304347826086957,20.0,61.0,56,44,40,4,6,0,0.8,14.61328125,0,0,0,0,0,3741,256,16,0,0,8.375,2,
window,window,none,fidelity,False,True,16,iid,0.1,2,s032,7,32.49999999999999,12.771739130434783,10.0,57.49999999999999,56,46,45,1,6,0,0.9,14.28515625,0,0,0,0,0,3657,256,16,0,0,10.375,1,
window,window,none,fidelity,False,True,16,iid,0.1,2,s032,8,24.5,20.869565217391305,20.0,49.5,56,42,40,2,6,0,0.8,13.6328125,0,0,0,0,0,3490,256,16,0,0,13.75,2,16.0
aeqkad,window,full,fidelity,False,True,16,iid,0.1,0,s032,2,29.500000000000004,9.347826086956523,12.0,57.99999999999999,56,36,35,1,6,0,0.7,13.13671875,48,12,0,0,0,3363,256,16,0,0,10.6875,0,
aeqkad,window,full,fidelity,False,True,16,iid,0.1,0,s032,3,27.250000000000004,22.1195652173913,12.0,59.0,56,39,37,2,6,0,0.74,12.75390625,48,9,0,0,0,3265,256,16,0,0,15.75,1,
aeqkad,window,full,fidelity,False,True,16,iid,0.1,0,s032,4,30.75,10.434782608695654,20.0,48.0,56,35,34,1,6,0,0.68,10.1640625,42,7,0,0,0,2602,256,16,0,0,14.0,1,
aeqkad,window,full,fidelity,False,True,16,iid,0.1,0,s032,5,28.000000000000004,22.1195652173913,16.0,57.49999999999999,56,37,35,2,6,0,0.7,11.046875,45,8,0,0,0,2828,256,16,0,0,8.75,1,
aeqkad,window,full,fidelity,False,True,16,iid,0.1,0,s032,6,37.25,23.04347826086957,24.0,55.00000000000001,56,26,23,3,6,0,0.46,13.26953125,42,16,0,0,0,3397,256,16,0,0,13.75,2,
aeqkad,window,full,fidelity,False,True,16,iid,0.1,0,s032,7,30.000000000000004,8.42391304347826,10.0,60.5,56,36,35,1,6,0,0.7,13.37890625,49,13,0,0,0,3425,256,16,0,0,16.3125,0,
aeqkad,window,full,fidelity,False,True,16,iid,0.1,0,s032,8,25.75,19.78260869565217,18.0,50.5,56,34,33,1,6,0,0.66,11.68359375,45,11,0,0,0,2991,256,16,0,0,15.0,1,28.000000000000004
aeqkad,window,full,fidelity,False,True,16,iid,0.1,1,s032,2,27.250000000000004,17.445652173913043,14.000000000000002,64.5,56,40,38,2,6,0,0.76,13.30859375,47,7,0,0,0,3407,256,16,0,0,9.6875,1,
aeqkad,window,full,fidelity,False,True,16,iid,0.1,1,s032,3,32.49999999999999,29.130434782608692,10.0,57.99999999999999,56,41,38,3,6,0,0.76,13.28125,49,8,0,0,0,3400,256,16,0,0,12.375,2,
aeqkad,window,full,fidelity,False,True,16,iid,0.1,1,s032,4,27.250000000000004,7.01086956521739,18.0,47.5,56,37,36,1,6,0,0.72,10.60546875,44,7,0,0,0,2715,256,16,0,0,13.625,1,
aeqkad,window,full,fidelity,False,True,16,iid,0.1,1,s032,5,24.0,15.108695652173914,12.0,52.5,56,41,39,2,6,0,0.78,12.31640625,47,6,0,0,0,3153,256,16,0,0,9.0,0,
aeqkad,window,full,fidelity,False,True,16,iid,0.1,1,s032,6,34.0,20.869565217391305,18.0,54.0,56,34,30,4,6,0,0.6,13.890625,47,13,0,0,0,3556,256,16,0,0,12.6875,2,
aeqkad,window,full,fidelity,False,True,16,iid,0.1,1,s032,7,29.75,16.195652173913043,8.0,60.5,56,42,38,4,6,0,0.76,13.51953125,52,10,1,0,0,3461,256,16,0,0,12.6875,3,
aeqkad,window,full,fidelity,False,True,16,iid,0.1,1,s032,8,28.25,21.956521739130437,18.0,55.00000000000001,56,38,37,1,6,0,0.74,12.37109375,43,5,0,0,0,3167,256,16,0,0,15.625,0,74.0
aeqkad,window,full,fidelity,False,True,16,iid,0.1,2,s032,2,30.25,15.108695652173914,16.0,51.5,56,36,33,3,6,0,0.66,12.65625,47,11,0,0,0,3240,256,16,0,0,11.8125,2,
aeqkad,window,full,fidelity,False,True,16,iid,0.1,2,s032,3,28.500000000000004,17.445652173913043,14.000000000000002,47.5,56,36,35,1,6,0,0.7,12.90234375,45,9,0,0,0,3303,256,16,0,0,15.75,0,
aeqkad,window,full,fidelity,False,True,16,iid,0.1,2,s032,4,31.000000000000007,9.347826086956523,22.0,39.0,56,35,34,1,6,0,0.68,10.60546875,40,5,0,0,0,2715,256,16,0,0,15.6875,0,
aeqkad,window,full,fidelity,False,True,16,iid,0.1,2,s032,5,31.000000000000007,14.021739130434783,16.0,44.5,56,34,32,2,6,0,0.64,10.671875,45,11,0,0,0,2732,256,16,0,0,10.0625,1,
aeqkad,window,full,fidelity,False,True,16,iid,0.1,2,s032,6,34.75,25.380434782608692,32.0,41.5,56,24,22,2,6,0,0.44,12.9453125,38,14,0,0,0,3314,256,16,0,0,15.5,2,
aeqkad,window,full,fidelity,False,True,16,iid,0.1,2,s032,7,30.500000000000004,20.869565217391305,14.000000000000002,54.50000000000001,56,33,33,0,6,0,0.66,13.453125,44,11,0,0,0,3444,256,16,0,0,19.875,0,
aeqkad,window,full,fidelity,False,True,16,iid,0.1,2,s032,8,30.500000000000004,24.293478260869566,20.0,45.5,56,34,33,1,6,0,0.66,11.8671875,42,8,0,0,0,3038,256,16,0,0,15.1875,1,0.0
mm,mm,full,fidelity,False,True,16,iid,0.1,0,s032,2,29.75,6.847826086956524,6.0,88.5,56,38,37,1,6,0,0.74,16.0,53,15,0,0,0,4096,256,16,1,16,84.0,0,
mm,mm,full,fidelity,False,True,16,iid,0.1,0,s032,3,27.500000000000004,20.869565217391305,2.0,84.0,56,42,40,2,6,0,0.8,15.9296875,55,13,0,0,0,4078,256,16,1,3,38.375,1,
mm,mm,full,fidelity,False,True,16,iid,0.1,0,s032,4,24.0,12.771739130434783,10.0,68.5,56,39,38,1,6,0,0.76,15.6484375,49,10,0,0,0,4006,256,16,1,1,58.3125,0,
mm,mm,full,fidelity,False,True,16,iid,0.1,0,s032,5,29.75,17.445652173913043,6.0,79.0,56,38,36,2,6,0,0.72,15.875,53,15,0,0,0,4064,256,16,1,1,68.0,1,
mm,mm,full,fidelity,False,True,16,iid,0.1,0,s032,6,42.00000000000001,26.79347826086957,16.0,71.5,56,29,26,3,6,0,0.52,15.92578125,47,18,0,0,0,4077,256,16,1,1,55.1875,2,
mm,mm,full,fidelity,False,True,16,iid,0.1,0,s032,7,33.75,19.78260869565217,8.0,78.5,56,36,34,2,6,0,0.68,16.0,49,13,0,0,0,4096,256,16,1,1,73.1875,1,
mm,mm,full,fidelity,False,True,16,iid,0.1,0,s032,8,24.25,15.108695652173914,4.0,73.0,56,43,41,2,6,0,0.82,16.0,52,9,0,0,0,4096,256,16,1,1,66.5625,0,74.0
mm,mm,full,fidelity,False,True,16,iid,0.1,1,s032,2,26.25,12.771739130434783,8.0,84.0,56,42,41,1,6,0,0.82,16.0,51,9,0,0,0,4096,256,16,1,14,76.8125,0,
mm,mm,full,fidelity,False,True,16,iid,0.1,1,s032,3,27.750000000000004,24.293478260869566,4.0,84.5,56,47,44,3,6,0,0.88,16.0,53,6,1,0,0,4096,256,16,1,1,35.25,1,
mm,mm,full,fidelity,False,True,16,iid,0.1,1,s032,4,29.500000000000004,8.260869565217389,8.0,82.0,56,39,37,2,6,0,0.74,16.0,51,12,1,0,0,4096,256,16,1,1,68.1875,2,
mm,mm,full,fidelity,False,True,16,iid,0.1,1,s032,5,30.000000000000004,22.1195652173913,4.0,75.0,56,39,37,2,6,0,0.74,15.875,52,12,0,0,1,4064,256,16,1,1,58.375,0,
mm,mm,full,fidelity,False,True,16,iid,0.1,1,s032,6,37.25,32.71739130434783,6.0,70.5,56,37,32,5,6,0,0.64,15.97265625,53,16,2,0,0,4089,256,16,1,1,54.8125,2,
mm,mm,full,fidelity,False,True,16,iid,0.1,1,s032,7,33.5,22.1195652173913,2.0,77.0,56,42,38,4,6,0,0.76,16.0,55,12,0,0,1,4096,256,16,1,1,68.625,1,
mm,mm,full,fidelity,False,True,16,iid,0.1,1,s032,8,32.49999999999999,22.1195652173913,6.0,77.0,56,39,38,1,6,0,0.76,16.0,49,10,0,0,0,4096,256,16,1,1,70.75,1,92.0
mm,mm,full,fidelity,False,True,16,iid,0.1,2,s032,2,29.000000000000004,13.858695652173914,10.0,77.0,56,39,35,4,6,0,0.7,16.0,51,12,0,0,0,4096,256,16,1,16,83.9375,0,
mm,mm,full,fidelity,False,True,16,iid,0.1,2,s032,3,31.000000000000007,16.195652173913043,8.0,66.0,56,36,35,1,6,0,0.7,15.90234375,49,12,0,0,1,4071,256,16,1,4,44.3125,0,
mm,mm,full,fidelity,False,True,16,iid,0.1,2,s032,4,29.500000000000004,15.108695652173914,16.0,54.0,56,36,35,1,6,0,0.7,14.53125,45,9,0,0,0,3720,256,16,1,1,61.75,0,
mm,mm,full,fidelity,False,True,16,iid,0.1,2,s032,5,29.75,15.271739130434783,10.0,63.0,56,37,36,1,6,0,0.72,15.96875,50,13,0,0,0,4088,256,16,1,1,63.3125,0,
mm,mm,full,fidelity,False,True,16,iid,0.1,2,s032,6,37.5,26.79347826086957,22.0,65.0,56,27,25,2,6,0,0.5,15.9765625,44,17,0,0,0,4090,256,16,1,1,57.125,1,
mm,mm,full,fidelity,False,True,16,iid,0.1,2,s032,7,42.00000000000001,33.80434782608695,18.0,64.5,56,23,23,0,6,0,0.46,16.0,43,20,0,0,0,4096,256,16,1,1,99.0,1,
mm,mm,full,fidelity,False,True,16,iid,0.1,2,s032,8,26.25,22.1195652173913,4.0,61.0,56,40,39,1,6,0,0.78,15.9921875,50,10,0,0,0,4094,256,16,1,1,81.625,1,44.0
static,static,none,fidelity,False,True,16,iid,0.1,0,s033,2,16.500000000000004,3.58695652173913,4.0,55.50000000000001,56,0,0,0,6,0,0.0,41.0,0,0,0,0,0,10496,256,50,0,50,81.5,0,
static,static,none,fidelity,False,True,16,iid,0.1,0,s033,3,18.000000000000004,2.5,2.0,58.5,56,0,0,0,6,0,0.0,41.0,0,0,0,0,0,10496,256,50,0,50,137.5,0,
static,static,none,fidelity,False,True,16,iid,0.1,0,s033,4,11.5,2.33695652173913,6.0,52.5,56,0,0,0,6,0,0.0,41.0,0,0,0,0,0,10496,256,50,0,50,193.5,0,
static,static,none,fidelity,False,True,16,iid,0.1,0,s033,5,10.249999999999998,1.25,4.0,50.5,56,0,0,0,6,0,0.0,41.0,0,0,0,0,0,10496,256,50,0,50,249.5,0,
static,static,none,fidelity,False,True,16,iid,0.1,0,s033,6,12.0,2.33695652173913,0.0,54.0,56,0,0,0,6,0,0.0,41.0,0,0,0,0,0,10496,256,50,0,50,305.5,0,
static,static,none,fidelity,False,True,16,iid,0.1,0,s033,7,7.749999999999998,1.25,0.0,53.5,56,0,0,0,6,0,0.0,41.0,0,0,0,0,0,10496,256,50,0,50,361.5,0,
static,static,none,fidelity,False,True,16,iid,0.1,0,s033,8,10.749999999999998,1.25,0.0,52.0,56,0,0,0,6,0,0.0,41.0,0,0,0,0,0,10496,256,50,0,50,417.5,0,54.0
static,static,none,fidelity,False,True,16,iid,0.1,1,s033,2,20.0,7.01086956521739,4.0,69.0,56,0,0,0,6,0,0.0,41.0,0,0,0,0,0,10496,256,50,0,50,81.5,0,
static,static,none,fidelity,False,True,16,iid,0.1,1,s033,3,18.000000000000004,4.67391304347826,2.0,65.5,56,0,0,0,6,0,0.0,41.0,0,0,0,0,0,10496,256,50,0,50,137.5,0,
static,static,none,fidelity,False,True,16,iid,0.1,1,s033,4,15.500000000000004,3.58695652173913,6.0,63.0,56,0,0,0,6,0,0.0,41.0,0,0,0,0,0,10496,256,50,0,50,193.5,0,
static,static,none,fidelity,False,True,16,iid,0.1,1,s033,5,10.249999999999998,4.67391304347826,4.0,60.5,56,0,0,0,6,0,0.0,41.0,0,0,0,0,0,10496,256,50,0,50,249.5,0,
static,static,none,fidelity,False,True,16,iid,0.1,1,s033,6,10.249999999999998,2.33695652173913,0.0,63.5,56,0,0,0,6,0,0.0,41.0,0,0,0,0,0,10496,256,50,0,50,305.5,0,
static,static,none,fidelity,False,True,16,iid,0.1,1,s033,7,7.499999999999998,1.0869565217391297,0.0,64.0,56,0,0,0,6,0,0.0,41.0,0,0,0,0,0,10496,256,50,0,50,361.5,0,
static,static,none,fidelity,False,True,16,iid,0.1,1,s033,8,12.0,2.5,0.0,58.5,56,0,0,0,6,0,0.0,41.0,0,0,0,0,0,10496,256,50,0,50,417.5,0,34.0
static,static,none,fidelity,False,True,16,iid,0.1,2,s033,2,18.250000000000004,5.760869565217389,4.0,52.0,56,0,0,0,6,0,0.0,41.0,0,0,0,0,0,10496,256,50,0,50,81.5,0,
static,static,none,fidelity,False,True,16,iid,0.1,2,s033,3,20.25,3.75,2.0,54.0,56,0,0,0,6,0,0.0,41.0,0,0,0,0,0,10496,256,50,0,50,137.5,0,
static,static,none,fidelity,False,True,16,iid,0.1,2,s033,4,13.25,3.58695652173913,8.0,52.5,56,0,0,0,6,0,0.0,41.0,0,0,0,0,0,10496,256,50,0,50,193.5,0,
static,static,none,fidelity,False,True,16,iid,0.1,2,s033,5,10.0,1.25,6.0,47.5,56,0,0,0,6,0,0.0,41.0,0,0,0,0,0,10496,256,50,0,50,249.5,0,
static,static,none,fidelity,False,True,16,iid,0.1,2,s033,6,11.75,1.25,0.0,53.5,56,0,0,0,6,0,0.0,41.0,0,0,0,0,0,10496,256,50,0,50,305.5,0,
static,static,none,fidelity,False,True,16,iid,0.1,2,s033,7,7.499999999999998,0.0,0.0,50.5,56,0,0,0,6,0,0.0,41.0,0,0,0,0,0,10496,256,50,0,50,361.5,0,
static,static,none,fidelity,False,True,16,iid,0.1,2,s033,8,12.0,0.0,0.0,50.5,56,0,0,0,6,0,0.0,41.0,0,0,0,0,0,10496,256,50,0,50,417.5,0,20.0
naive,naive,none,fidelity,False,True,16,iid,0.1,0,s033,2,27.0,18.53260869565217,4.0,84.0,56,54,48,6,6,0,0.96,57.5703125,0,0,0,0,0,14738,256,104,0,50,52.97115384615385,6,
naive,naive,none,fidelity,False,True,16,iid,0.1,0,s033,3,25.5,15.108695652173914,0.0,94.5,56,56,50,6,6,0,1.0,84.6171875,0,0,0,0,0,21662,256,160,0,50,80.45625,12,
naive,naive,none,fidelity,False,True,16,iid,0.1,0,s033,4,27.750000000000004,19.78260869565217,2.0,97.0,56,55,49,6,6,0,0.98,100.50390625,0,0,0,0,0,25729,256,215,0,50,108.45581395348836,18,
naive,naive,none,fidelity,False,True,16,iid,0.1,0,s033,5,33.75,31.304347826086957,2.0,99.0,56,55,49,6,6,0,0.98,119.71484375,0,0,0,0,0,30647,256,270,0,50,136.5888888888889,24,
naive,naive,none,fidelity,False,True,16,iid,0.1,0,s033,6,33.5,25.543478260869566,0.0,99.0,56,56,50,6,6,0,1.0,130.16015625,0,0,0,0,0,33321,256,326,0,50,164.23006134969324,30,
naive,naive,none,fidelity,False,True,16,iid,0.1,0,s033,7,40.0,39.56521739130434,0.0,99.0,56,56,50,6,6,0,1.0,141.21484375,0,0,0,0,0,36151,256,382,0,50,191.9764397905759,36,
naive,naive,none,fidelity,False,True,16,iid,0.1,0,s033,8,38.75,30.217391304347828,0.0,98.5,56,56,50,6,6,0,1.0,148.1796875,0,0,0,0,0,37934,256,438,0,50,219.7876712328767,42,100.0
naive,naive,none,fidelity,False,True,16,iid,0.1,1,s033,2,27.750000000000004,16.358695652173914,4.0,82.5,56,53,48,5,6,0,0.96,56.94140625,0,0,0,0,0,14577,256,103,0,50,53.10679611650485,5,
naive,naive,none,fidelity,False,True,16,iid,0.1,1,s033,3,28.750000000000004,23.20652173913043,0.0,97.5,56,56,50,6,6,0,1.0,80.8671875,0,0,0,0,0,20702,256,159,0,50,80.36477987421384,11,
naive,naive,none,fidelity,False,True,16,iid,0.1,1,s033,4,28.25,30.217391304347828,2.0,98.5,56,55,49,6,6,0,0.98,100.046875,0,0,0,0,0,25612,256,214,0,50,108.26168224299066,17,
naive,naive,none,fidelity,False,True,16,iid,0.1,1,s033,5,36.0,33.641304347826086,0.0,99.5,56,56,50,6,6,0,1.0,114.1484375,0,0,0,0,0,29222,256,270,0,50,135.8962962962963,23,
naive,naive,none,fidelity,False,True,16,iid,0.1,1,s033,6,30.25,27.8804347826087,0.0,100.0,56,56,50,6,6,0,1.0,127.34375,0,0,0,0,0,32600,256,326,0,50,163.6564417177914,29,
naive,naive,none,fidelity,False,True,16,iid,0.1,1,s033,7,35.0,23.3695652173913,0.0,100.0,56,56,50,6,6,0,1.0,142.734375,0,0,0,0,0,36540,256,382,0,50,191.4869109947644,35,
naive,naive,none,fidelity,False,True,16,iid,0.1,1,s033,8,34.75,28.04347826086957,0.0,100.0,56,56,50,6,6,0,1.0,150.4453125,0,0,0,0,0,38514,256,438,0,50,219.3607305936073,41,100.0
naive,naive,none,fidelity,False,True,16,iid,0.1,2,s033,2,30.000000000000004,19.78260869565217,4.0,78.5,56,54,48,6,6,0,0.96,58.1328125,0,0,0,0,0,14882,256,104,0,50,52.96153846153846,6,
naive,naive,none,fidelity,False,True,16,iid,0.1,2,s033,3,32.0,24.619565217391305,0.0,94.5,56,56,50,6,6,0,1.0,83.06640625,0,0,0,0,0,21265,256,160,0,50,80.45,12,
naive,naive,none,fidelity,False,True,16,iid,0.1,2,s033,4,30.25,25.543478260869566,4.0,96.5,56,54,48,6,6,0,0.96,97.60546875,0,0,0,0,0,24987,256,214,0,50,108.9392523364486,18,
naive,naive,none,fidelity,False,True,16,iid,0.1,2,s033,5,38.25,42.98913043478261,2.0,98.0,56,55,49,6,6,0,0.98,113.2265625,0,0,0,0,0,28986,256,269,0,50,136.87732342007436,24,
naive,naive,none,fidelity,False,True,16,iid,0.1,2,s033,6,34.0,34.891304347826086,0.0,97.5,56,56,50,6,6,0,1.0,126.40234375,0,0,0,0,0,32359,256,325,0,50,164.38153846153847,30,
naive,naive,none,fidelity,False,True,16,iid,0.1,2,s033,7,44.25,34.891304347826086,0.0,98.0,56,56,50,6,6,0,1.0,138.23046875,0,0,0,0,0,35387,256,381,0,50,192.0314960629921,36,
naive,naive,none,fidelity,False,True,16,iid,0.1,2,s033,8,37.0,34.891304347826086,0.0,99.0,56,55,50,5,6,0,1.0,149.6484375,0,0,0,0,0,38310,256,436,0,50,220.22477064220183,41,100.0
window,window,none,fidelity,False,True,16,iid,0.1,0,s033,2,25.75,14.021739130434783,14.000000000000002,50.5,56,47,43,4,6,0,0.86,14.48046875,0,0,0,0,0,3707,256,16,0,0,9.375,2,
window,window,none,fidelity,False,True,16,iid,0.1,0,s033,3,30.75,16.358695652173914,12.0,74.5,56,49,44,5,6,0,0.88,12.39453125,0,0,0,0,0,3173,256,16,0,0,7.5,0,
window,window,none,fidelity,False,True,16,iid,0.1,0,s033,4,22.250000000000004,1.0869565217391297,16.0,35.5,56,42,42,0,6,0,0.84,11.4140625,0,0,0,0,0,2922,256,16,0,0,10.5,0,
window,window,none,fidelity,False,True,16,iid,0.1,0,s033,5,12.5,2.5,6.0,26.0,56,49,47,2,6,0,0.94,13.32421875,0,0,0,0,0,3411,256,16,0,0,7.5,2,
window,window,none,fidelity,False,True,16,iid,0.1,0,s033,6,38.75,23.20652173913043,12.0,70.5,56,48,44,4,6,0,0.88,12.453125,0,0,0,0,0,3188,256,16,0,0,10.6875,0,
window,window,none,fidelity,False,True,16,iid,0.1,0,s033,7,16.250000000000004,4.67391304347826,0.0,44.0,56,52,50,2,6,0,1.0,12.67578125,0,0,0,0,0,3245,256,16,0,0,8.6875,0,
window,window,none,fidelity,False,True,16,iid,0.1,0,s033,8,19.25,8.097826086956525,6.0,38.5,56,51,47,4,6,0,0.94,12.79296875,0,0,0,0,0,3275,256,16,0,0,8.25,1,40.0
window,window,none,fidelity,False,True,16,iid,0.1,1,s033,2,29.25,18.858695652173918,12.0,57.99999999999999,56,49,44,5,6,0,0.88,14.42578125,0,0,0,0,0,3693,256,16,0,0,8.1875,1,
window,window,none,fidelity,False,True,16,iid,0.1,1,s033,3,33.5,17.608695652173914,12.0,75.0,56,49,44,5,6,0,0.88,12.52734375,0,0,0,0,0,3207,256,16,0,0,7.5,1,
window,window,none,fidelity,False,True,16,iid,0.1,1,s033,4,27.750000000000004,17.445652173913043,16.0,70.0,56,47,42,5,6,0,0.84,12.59375,0,0,0,0,0,3224,256,16,0,0,8.875,0,
window,window,none,fidelity,False,True,16,iid,0.1,1,s033,5,11.75,0.0,6.0,31.0,56,48,47,1,6,0,0.94,13.38671875,0,0,0,0,0,3427,256,16,0,0,7.8125,0,
window,window,none,fidelity,False,True,16,iid,0.1,1,s033,6,36.0,22.1195652173913,12.0,75.5,56,48,44,4,6,0,0.88,12.76953125,0,0,0,0,0,3269,256,16,0,0,12.875,1,
window,window,none,fidelity,False,True,16,iid,0.1,1,s033,7,9.499999999999998,1.0869565217391297,2.0,38.0,56,49,49,0,6,0,0.98,12.0859375,0,0,0,0,0,3094,256,16,0,0,9.625,0,
window,window,none,fidelity,False,True,16,iid,0.1,1,s033,8,16.250000000000004,1.25,6.0,30.0,56,47,47,0,6,0,0.94,11.83984375,0,0,0,0,0,3031,256,16,0,0,8.375,0,0.0
window,window,none,fidelity,False,True,16,iid,0.1,2,s033,2,31.75,17.77173913043478,14.000000000000002,59.0,56,48,43,5,6,0,0.86,14.69140625,0,0,0,0,0,3761,256,16,0,0,9.0,1,
window,window,none,fidelity,False,True,16,iid,0.1,2,s033,3,38.75,24.456521739130437,6.0,76.0,56,52,47,5,6,0,0.94,12.3984375,0,0,0,0,0,3174,256,16,0,0,7.5,3,
window,window,none,fidelity,False,True,16,iid,0.1,2,s033,4,31.75,25.543478260869566,16.0,63.0,56,46,42,4,6,0,0.84,12.359375,0,0,0,0,0,3164,256,16,0,0,9.3125,0,
window,window,none,fidelity,False,True,16,iid,0.1,2,s033,5,20.25,11.521739130434783,6.0,48.5,56,49,47,2,6,0,0.94,13.69140625,0,0,0,0,0,3505,256,16,0,0,7.5,0,
window,window,none,fidelity,False,True,16,iid,0.1,2,s033,6,34.0,19.78260869565217,14.000000000000002,72.5,56,48,43,5,6,0,0.86,12.58203125,0,0,0,0,0,3221,256,16,0,0,11.5,2,
window,window,none,fidelity,False,True,16,iid,0.1,2,s033,7,29.000000000000004,19.6195652173913,2.0,61.5,56,54,49,5,6,0,0.98,12.94921875,0,0,0,0,0,3315,256,16,0,0,8.3125,1,
window,window,none,fidelity,False,True,16,iid,0.1,2,s033,8,12.5,1.25,6.0,21.0,56,47,47,0,6,0,0.94,11.8515625,0,0,0,0,0,3034,256,16,0,0,8.625,0,0.0
aeqkad,window,full,fidelity,False,True,16,iid,0.1,0,s033,2,23.25,9.184782608695654,16.0,41.0,56,40,39,1,6,0,0.78,13.8359375,45,5,3,0,0,3542,256,16,0,0,11.5625,1,
aeqkad,window,full,fidelity,False,True,16,iid,0.1,0,s033,3,27.500000000000004,10.597826086956523,12.0,62.0,56,45,42,3,6,0,0.84,11.9765625,49,2,0,0,2,3066,256,16,0,0,8.3125,0,
aeqkad,window,full,fidelity,False,True,16,iid,0.1,0,s033,4,25.5,4.67391304347826,20.0,33.5,56,36,36,0,6,0,0.72,10.6484375,40,2,4,0,2,2726,256,16,0,0,13.0625,0,
aeqkad,window,full,fidelity,False,True,16,iid,0.1,0,s033,5,9.749999999999998,4.67391304347826,6.0,25.0,56,45,44,1,6,0,0.88,12.98046875,51,5,2,0,1,3323,256,16,0,0,8.375,1,
aeqkad,window,full,fidelity,False,True,16,iid,0.1,0,s033,6,31.75,26.79347826086957,14.000000000000002,71.5,56,39,36,3,6,0,0.72,11.83984375,46,5,1,0,2,3031,256,16,0,0,14.8125,0,
aeqkad,window,full,fidelity,False,True,16,iid,0.1,0,s033,7,10.249999999999998,5.760869565217389,2.0,30.5,56,47,46,1,6,0,0.92,11.2578125,51,2,4,0,2,2882,256,16,0,0,9.5625,0,
aeqkad,window,full,fidelity,False,True,16,iid,0.1,0,s033,8,11.249999999999998,2.33695652173913,4.0,20.5,56,39,39,0,6,0,0.78,11.34765625,52,10,0,0,3,2905,256,16,0,0,11.0,0,2.0
aeqkad,window,full,fidelity,False,True,16,iid,0.1,1,s033,2,21.75,8.097826086956525,10.0,45.5,56,43,41,2,6,0,0.82,13.83203125,50,7,33,0,0,3541,256,16,0,0,9.25,1,
aeqkad,window,full,fidelity,False,True,16,iid,0.1,1,s033,3,26.0,9.347826086956523,10.0,69.5,56,46,43,3,6,0,0.86,11.95703125,50,1,38,0,3,3061,256,16,0,0,7.75,1,
aeqkad,window,full,fidelity,False,True,16,iid,0.1,1,s033,4,28.000000000000004,15.108695652173914,18.0,64.0,56,39,37,2,6,0,0.74,11.6015625,46,6,36,0,1,2970,256,16,0,0,11.125,0,
aeqkad,window,full,fidelity,False,True,16,iid,0.1,1,s033,5,9.0,0.0,6.0,31.0,56,45,44,1,6,0,0.88,12.8046875,49,3,37,0,1,3278,256,16,0,0,7.8125,0,
aeqkad,window,full,fidelity,False,True,16,iid,0.1,1,s033,6,26.0,15.108695652173914,12.0,55.00000000000001,56,41,41,0,6,0,0.82,11.984375,46,4,32,0,1,3068,256,16,0,0,15.9375,0,
aeqkad,window,full,fidelity,False,True,16,iid,0.1,1,s033,7,10.0,1.0869565217391297,2.0,33.5,56,47,47,0,6,0,0.94,11.42578125,50,1,43,0,2,2925,256,16,0,0,10.5,0,
aeqkad,window,full,fidelity,False,True,16,iid,0.1,1,s033,8,13.25,6.847826086956524,4.0,27.0,56,40,40,0,6,0,0.8,11.19921875,48,4,38,0,4,2867,256,16,0,0,11.0,0,0.0
aeqkad,window,full,fidelity,False,True,16,iid,0.1,2,s033,2,30.75,15.108695652173914,14.000000000000002,59.0,56,40,37,3,6,0,0.74,14.03515625,48,8,2,0,0,3593,256,16,0,0,12.3125,1,
aeqkad,window,full,fidelity,False,True,16,iid,0.1,2,s033,3,29.75,18.695652173913043,10.0,67.0,56,42,41,1,6,0,0.82,11.05078125,49,4,9,0,3,2829,256,16,0,0,10.8125,0,
aeqkad,window,full,fidelity,False,True,16,iid,0.1,2,s033,4,28.500000000000004,19.78260869565217,18.0,50.5,56,40,37,3,6,0,0.74,11.49609375,45,5,5,0,0,2943,256,16,0,0,11.8125,0,
aeqkad,window,full,fidelity,False,True,16,iid,0.1,2,s033,5,10.749999999999998,2.5,6.0,31.0,56,45,44,1,6,0,0.88,12.89453125,49,3,3,0,1,3301,256,16,0,0,7.5,0,
aeqkad,window,full,fidelity,False,True,16,iid,0.1,2,s033,6,32.25,18.53260869565217,12.0,68.0,56,41,38,3,6,0,0.76,11.734375,49,6,2,0,2,3004,256,16,0,0,14.125,1,
aeqkad,window,full,fidelity,False,True,16,iid,0.1,2,s033,7,19.75,3.58695652173913,2.0,52.5,56,50,47,3,6,0,0.94,12.2421875,54,2,5,0,2,3134,256,16,0,0,9.0625,1,
aeqkad,window,full,fidelity,False,True,16,iid,0.1,2,s033,8,13.25,1.25,4.0,21.5,56,41,41,0,6,0,0.82,11.06640625,48,5,3,0,2,2833,256,16,0,0,11.25,0,0.0
mm,mm,full,fidelity,False,True,16,iid,0.1,0,s033,2,16.500000000000004,4.67391304347826,4.0,38.0,56,37,36,1,6,0,0.72,16.0,50,12,4,0,1,4096,256,16,1,16,86.75,0,
mm,mm,full,fidelity,False,True,16,iid,0.1,0,s033,3,24.0,13.097826086956523,6.0,44.0,56,33,32,1,6,0,0.64,15.859375,51,18,2,0,0,4060,256,16,1,4,35.625,0,
mm,mm,full,fidelity,False,True,16,iid,0.1,0,s033,4,14.000000000000002,2.1739130434782594,10.0,46.0,56,38,38,0,6,0,0.76,14.8515625,45,4,2,0,3,3802,256,16,1,1,51.5,0,
mm,mm,full,fidelity,False,True,16,iid,0.1,0,s033,5,13.5,2.33695652173913,6.0,38.5,56,44,43,1,6,0,0.86,15.92578125,51,6,2,0,1,4077,256,16,1,1,54.6875,0,
mm,mm,full,fidelity,False,True,16,iid,0.1,0,s033,6,29.500000000000004,13.695652173913045,4.0,62.0,56,39,37,2,6,0,0.74,15.99609375,52,8,2,0,5,4095,256,16,1,1,69.25,1,
mm,mm,full,fidelity,False,True,16,iid,0.1,0,s033,7,30.000000000000004,24.293478260869566,0.0,76.0,56,47,44,3,6,0,0.88,16.0,56,7,14,0,2,4096,256,16,1,1,70.0625,3,
mm,mm,full,fidelity,False,True,16,iid,0.1,0,s033,8,22.5,8.097826086956525,2.0,67.5,56,42,41,1,6,0,0.82,15.99609375,53,3,7,0,8,4095,256,16,1,1,65.25,1,64.0
mm,mm,full,fidelity,False,True,16,iid,0.1,1,s033,2,20.0,9.184782608695654,6.0,51.5,56,44,42,2,6,0,0.84,16.0,50,6,41,0,0,4096,256,16,1,16,86.5625,0,
mm,mm,full,fidelity,False,True,16,iid,0.1,1,s033,3,36.25,27.8804347826087,4.0,75.5,56,47,44,3,6,0,0.88,15.9296875,52,5,40,0,0,4078,256,16,1,1,29.875,2,
mm,mm,full,fidelity,False,True,16,iid,0.1,1,s033,4,32.0,20.869565217391305,10.0,92.0,56,42,38,4,6,0,0.76,16.0,51,4,45,0,5,4096,256,16,1,1,56.9375,3,
mm,mm,full,fidelity,False,True,16,iid,0.1,1,s033,5,37.5,32.55434782608696,6.0,93.0,56,49,45,4,6,0,0.9,16.0,52,1,47,0,2,4096,256,16,1,1,44.6875,3,
mm,mm,full,fidelity,False,True,16,iid,0.1,1,s033,6,44.25,43.91304347826088,6.0,92.5,56,46,44,2,6,0,0.88,16.0,53,3,42,0,4,4096,256,16,1,1,51.125,1,
mm,mm,full,fidelity,False,True,16,iid,0.1,1,s033,7,21.5,3.423913043478259,0.0,84.5,56,48,47,1,6,0,0.94,15.97265625,54,3,46,0,3,4089,256,16,1,1,61.3125,1,
mm,mm,full,fidelity,False,True,16,iid,0.1,1,s033,8,16.000000000000004,4.67391304347826,2.0,52.5,56,43,42,1,6,0,0.84,15.85546875,52,1,47,0,8,4059,256,16,1,1,65.75,2,10.0
mm,mm,full,fidelity,False,True,16,iid,0.1,2,s033,2,14.250000000000002,5.760869565217389,6.0,29.5,56,36,35,1,6,0,0.7,16.0,49,13,3,0,0,4096,256,16,1,16,87.9375,0,
mm,mm,full,fidelity,False,True,16,iid,0.1,2,s033,3,25.5,13.260869565217387,4.0,49.5,56,33,32,1,6,0,0.64,15.9296875,51,17,5,0,1,4078,256,16,1,5,46.0625,1,
mm,mm,full,fidelity,False,True,16,iid,0.1,2,s033,4,34.25,23.3695652173913,12.0,75.0,56,41,37,4,6,0,0.74,15.22265625,49,4,8,0,4,3897,256,16,1,1,48.8125,3,
mm,mm,full,fidelity,False,True,16,iid,0.1,2,s033,5,36.0,27.8804347826087,4.0,81.5,56,44,42,2,6,0,0.84,15.86328125,52,5,7,0,3,4061,256,16,1,1,56.4375,2,
mm,mm,full,fidelity,False,True,16,iid,0.1,2,s033,6,26.0,18.53260869565217,4.0,69.0,56,41,38,3,6,0,0.76,16.0,54,6,7,0,7,4096,256,16,1,1,63.75,1,
mm,mm,full,fidelity,False,True,16,iid,0.1,2,s033,7,32.99999999999999,26.6304347826087,4.0,76.5,56,47,43,4,6,0,0.86,16.0,53,3,6,0,3,4096,256,16,1,1,64.8125,3,
mm,mm,full,fidelity,False,True,16,iid,0.1,2,s033,8,25.75,18.695652173913043,2.0,75.5,56,41,41,0,6,0,0.82,15.28125,53,4,11,0,8,3912,256,16,1,1,66.75,1,0.0
static,static,none,fidelity,False,True,16,iid,0.1,0,s034,2,26.0,12.771739130434783,0.0,98.5,56,0,0,0,6,0,0.0,32.0,0,0,0,0,0,8192,256,50,0,50,81.5,0,
static,static,none,fidelity,False,True,16,iid,0.1,0,s034,3,23.25,13.858695652173914,0.0,99.0,56,0,0,0,6,0,0.0,32.0,0,0,0,0,0,8192,256,50,0,50,137.5,0,
static,static,none,fidelity,False,True,16,iid,0.1,0,s034,4,35.75,39.72826086956521,0.0,99.5,56,0,0,0,6,0,0.0,32.0,0,0,0,0,0,8192,256,50,0,50,193.5,0,
static,static,none,fidelity,False,True,16,iid,0.1,0,s034,5,33.75,31.304347826086957,0.0,99.5,56,0,0,0,6,0,0.0,32.0,0,0,0,0,0,8192,256,50,0,50,249.5,0,
static,static,none,fidelity,False,True,16,iid,0.1,0,s034,6,29.500000000000004,30.217391304347828,0.0,99.5,56,0,0,0,6,0,0.0,32.0,0,0,0,0,0,8192,256,50,0,50,305.5,0,
static,static,none,fidelity,False,True,16,iid,0.1,0,s034,7,38.25,32.391304347826086,0.0,99.0,56,0,0,0,6,0,0.0,32.0,0,0,0,0,0,8192,256,50,0,50,361.5,0,
static,static,none,fidelity,False,True,16,iid,0.1,0,s034,8,32.49999999999999,36.90217391304348,0.0,98.5,56,0,0,0,6,0,0.0,32.0,0,0,0,0,0,8192,256,50,0,50,417.5,0,100.0
static,static,none,fidelity,False,True,16,iid,0.1,1,s034,2,27.500000000000004,12.771739130434783,0.0,97.0,56,0,0,0,6,0,0.0,32.0,0,0,0,0,0,8192,256,50,0,50,81.5,0,
static,static,none,fidelity,False,True,16,iid,0.1,1,s034,3,22.0,10.434782608695654,2.0,98.5,56,0,0,0,6,0,0.0,32.0,0,0,0,0,0,8192,256,50,0,50,137.5,0,
static,static,none,fidelity,False,True,16,iid,0.1,1,s034,4,31.75,30.217391304347828,2.0,99.0,56,0,0,0,6,0,0.0,32.0,0,0,0,0,0,8192,256,50,0,50,193.5,0,
static,static,none,fidelity,False,True,16,iid,0.1,1,s034,5,35.5,32.55434782608696,0.0,97.0,56,0,0,0,6,0,0.0,32.0,0,0,0,0,0,8192,256,50,0,50,249.5,0,
static,static,none,fidelity,False,True,16,iid,0.1,1,s034,6,30.000000000000004,27.8804347826087,0.0,99.0,56,0,0,0,6,0,0.0,32.0,0,0,0,0,0,8192,256,50,0,50,305.5,0,
static,static,none,fidelity,False,True,16,iid,0.1,1,s034,7,40.5,35.97826086956522,0.0,97.0,56,0,0,0,6,0,0.0,32.0,0,0,0,0,0,8192,256,50,0,50,361.5,0,
static,static,none,fidelity,False,True,16,iid,0.1,1,s034,8,37.0,32.71739130434783,0.0,98.0,56,0,0,0,6,0,0.0,32.0,0,0,0,0,0,8192,256,50,0,50,417.5,0,100.0
static,static,none,fidelity,False,True,16,iid,0.1,2,s034,2,26.25,14.021739130434783,0.0,98.0,56,0,0,0,6,0,0.0,33.0,0,0,0,0,0,8448,256,50,0,50,81.5,0,
static,static,none,fidelity,False,True,16,iid,0.1,2,s034,3,25.25,14.021739130434783,2.0,98.0,56,0,0,0,6,0,0.0,33.0,0,0,0,0,0,8448,256,50,0,50,137.5,0,
static,static,none,fidelity,False,True,16,iid,0.1,2,s034,4,29.75,26.79347826086957,2.0,98.0,56,0,0,0,6,0,0.0,33.0,0,0,0,0,0,8448,256,50,0,50,193.5,0,
static,static,none,fidelity,False,True,16,iid,0.1,2,s034,5,38.25,33.80434782608695,0.0,99.0,56,0,0,0,6,0,0.0,33.0,0,0,0,0,0,8448,256,50,0,50,249.5,0,
static,static,none,fidelity,False,True,16,iid,0.1,2,s034,6,28.25,27.8804347826087,0.0,98.0,56,0,0,0,6,0,0.0,33.0,0,0,0,0,0,8448,256,50,0,50,305.5,0,
static,static,none,fidelity,False,True,16,iid,0.1,2,s034,7,35.75,34.891304347826086,0.0,98.0,56,0,0,0,6,0,0.0,33.0,0,0,0,0,0,8448,256,50,0,50,361.5,0,
static,static,none,fidelity,False,True,16,iid,0.1,2,s034,8,36.0,34.72826086956522,0.0,99.0,56,0,0,0,6,0,0.0,33.0,0,0,0,0,0,8448,256,50,0,50,417.5,0,100.0
naive,naive,none,fidelity,False,True,16,iid,0.1,0,s034,2,25.5,11.684782608695654,0.0,99.5,56,56,50,6,6,0,1.0,43.63671875,0,0,0,0,0,11171,256,106,0,50,52.971698113207545,6,
naive,naive,none,fidelity,False,True,16,iid,0.1,0,s034,3,20.0,17.445652173913043,0.0,100.0,56,56,50,6,6,0,1.0,60.91015625,0,0,0,0,0,15593,256,162,0,50,80.80864197530865,12,
naive,naive,none,fidelity,False,True,16,iid,0.1,0,s034,4,28.000000000000004,16.195652173913043,0.0,100.0,56,56,50,6,6,0,1.0,74.76171875,0,0,0,0,0,19139,256,218,0,50,108.72935779816514,18,
naive,naive,none,fidelity,False,True,16,iid,0.1,0,s034,5,39.0,30.217391304347828,0.0,100.0,56,56,50,6,6,0,1.0,84.62109375,0,0,0,0,0,21663,256,274,0,50,136.6824817518248,24,
naive,naive,none,fidelity,False,True,16,iid,0.1,0,s034,6,28.25,22.1195652173913,0.0,100.0,56,56,50,6,6,0,1.0,101.44140625,0,0,0,0,0,25969,256,330,0,50,164.65151515151516,30,
naive,naive,none,fidelity,False,True,16,iid,0.1,0,s034,7,30.000000000000004,17.445652173913043,0.0,100.0,56,56,50,6,6,0,1.0,115.703125,0,0,0,0,0,29620,256,386,0,50,192.62953367875647,36,
naive,naive,none,fidelity,False,True,16,iid,0.1,0,s034,8,28.500000000000004,24.456521739130437,0.0,100.0,56,56,50,6,6,0,1.0,129.4140625,0,0,0,0,0,33130,256,442,0,50,220.6131221719457,42,100.0
naive,naive,none,fidelity,False,True,16,iid,0.1,1,s034,2,25.75,10.434782608695654,0.0,99.5,56,56,50,6,6,0,1.0,41.828125,0,0,0,0,0,10708,256,106,0,50,52.971698113207545,6,
naive,naive,none,fidelity,False,True,16,iid,0.1,1,s034,3,20.0,12.934782608695656,0.0,100.0,56,56,50,6,6,0,1.0,59.91015625,0,0,0,0,0,15337,256,162,0,50,80.80864197530865,12,
naive,naive,none,fidelity,False,True,16,iid,0.1,1,s034,4,26.0,17.445652173913043,0.0,100.0,56,56,50,6,6,0,1.0,73.70703125,0,0,0,0,0,18869,256,218,0,50,108.72935779816514,18,
naive,naive,none,fidelity,False,True,16,iid,0.1,1,s034,5,31.75,30.380434782608702,0.0,100.0,56,56,50,6,6,0,1.0,87.3828125,0,0,0,0,0,22370,256,274,0,50,136.6824817518248,24,
naive,naive,none,fidelity,False,True,16,iid,0.1,1,s034,6,28.500000000000004,24.456521739130437,0.0,100.0,56,56,50,6,6,0,1.0,107.125,0,0,0,0,0,27424,256,330,0,50,164.65151515151516,30,
naive,naive,none,fidelity,False,True,16,iid,0.1,1,s034,7,35.5,25.543478260869566,0.0,100.0,56,56,50,6,6,0,1.0,119.64453125,0,0,0,0,0,30629,256,386,0,50,192.62953367875647,36,
naive,naive,none,fidelity,False,True,16,iid,0.1,1,s034,8,30.25,35.97826086956522,0.0,100.0,56,56,50,6,6,0,1.0,128.89453125,0,0,0,0,0,32997,256,442,0,50,220.6131221719457,42,100.0
naive,naive,none,fidelity,False,True,16,iid,0.1,2,s034,2,25.0,17.445652173913043,0.0,99.5,56,56,50,6,6,0,1.0,42.83984375,0,0,0,0,0,10967,256,106,0,50,52.971698113207545,6,
naive,naive,none,fidelity,False,True,16,iid,0.1,2,s034,3,21.0,25.543478260869566,0.0,100.0,56,56,50,6,6,0,1.0,61.328125,0,0,0,0,0,15700,256,162,0,50,80.80864197530865,12,
naive,naive,none,fidelity,False,True,16,iid,0.1,2,s034,4,25.75,17.445652173913043,0.0,100.0,56,56,50,6,6,0,1.0,72.98828125,0,0,0,0,0,18685,256,218,0,50,108.72935779816514,18,
naive,naive,none,fidelity,False,True,16,iid,0.1,2,s034,5,33.75,34.891304347826086,0.0,100.0,56,56,50,6,6,0,1.0,85.390625,0,0,0,0,0,21860,256,274,0,50,136.6824817518248,24,
naive,naive,none,fidelity,False,True,16,iid,0.1,2,s034,6,23.75,23.20652173913043,0.0,100.0,56,56,50,6,6,0,1.0,101.5625,0,0,0,0,0,26000,256,330,0,50,164.65151515151516,30,
naive,naive,none,fidelity,False,True,16,iid,0.1,2,s034,7,34.0,15.434782608695654,0.0,100.0,56,56,50,6,6,0,1.0,115.51953125,0,0,0,0,0,29573,256,386,0,50,192.62953367875647,36,
naive,naive,none,fidelity,False,True,16,iid,0.1,2,s034,8,30.000000000000004,32.55434782608696,0.0,100.0,56,56,50,6,6,0,1.0,127.578125,0,0,0,0,0,32660,256,442,0,50,220.6131221719457,42,100.0
window,window,none,fidelity,False,True,16,iid,0.1,0,s034,2,21.5,6.847826086956524,0.0,69.0,56,56,50,6,6,0,1.0,11.72265625,0,0,0,0,0,3001,256,16,0,0,7.5,1,
window,window,none,fidelity,False,True,16,iid,0.1,0,s034,3,19.75,12.771739130434783,4.0,69.0,56,53,48,5,6,0,0.96,11.84375,0,0,0,0,0,3032,256,16,0,0,7.5,3,
window,window,none,fidelity,False,True,16,iid,0.1,0,s034,4,16.75,3.58695652173913,4.0,74.0,56,51,48,3,6,0,0.96,10.16015625,0,0,0,0,0,2601,256,16,0,0,7.5,1,
window,window,none,fidelity,False,True,16,iid,0.1,0,s034,5,32.49999999999999,16.358695652173914,8.0,78.0,56,52,46,6,6,0,0.92,11.19921875,0,0,0,0,0,2867,256,16,0,0,9.125,1,
window,window,none,fidelity,False,True,16,iid,0.1,0,s034,6,21.0,17.445652173913043,2.0,70.0,56,54,49,5,6,0,0.98,10.828125,0,0,0,0,0,2772,256,16,0,0,8.6875,4,
window,window,none,fidelity,False,True,16,iid,0.1,0,s034,7,22.25,12.771739130434783,2.0,71.0,56,52,49,3,6,0,0.98,11.11328125,0,0,0,0,0,2845,256,16,0,0,8.375,1,
window,window,none,fidelity,False,True,16,iid,0.1,0,s034,8,15.250000000000002,6.847826086956524,8.0,65.0,56,50,46,4,6,0,0.92,10.7265625,0,0,0,0,0,2746,256,16,0,0,9.75,1,62.0
window,window,none,fidelity,False,True,16,iid,0.1,1,s034,2,22.25,11.521739130434783,0.0,71.0,56,53,50,3,6,0,1.0,11.0546875,0,0,0,0,0,2830,256,16,0,0,8.25,1,
window,window,none,fidelity,False,True,16,iid,0.1,1,s034,3,18.000000000000004,8.097826086956525,4.0,64.0,56,51,48,3,6,0,0.96,11.97265625,0,0,0,0,0,3065,256,16,0,0,8.0,1,
window,window,none,fidelity,False,True,16,iid,0.1,1,s034,4,18.500000000000004,9.184782608695654,4.0,67.0,56,50,48,2,6,0,0.96,9.62109375,0,0,0,0,0,2463,256,16,0,0,8.4375,1,
window,window,none,fidelity,False,True,16,iid,0.1,1,s034,5,26.0,14.945652173913045,6.0,76.5,56,52,47,5,6,0,0.94,11.19140625,0,0,0,0,0,2865,256,16,0,0,7.625,2,
window,window,none,fidelity,False,True,16,iid,0.1,1,s034,6,24.5,19.78260869565217,2.0,73.5,56,54,49,5,6,0,0.98,11.3203125,0,0,0,0,0,2898,256,16,0,0,8.1875,0,
window,window,none,fidelity,False,True,16,iid,0.1,1,s034,7,21.75,9.347826086956523,0.0,75.0,56,53,50,3,6,0,1.0,11.01953125,0,0,0,0,0,2821,256,16,0,0,8.4375,1,
window,window,none,fidelity,False,True,16,iid,0.1,1,s034,8,15.250000000000002,8.097826086956525,6.0,63.5,56,52,47,5,6,0,0.94,10.421875,0,0,0,0,0,2668,256,16,0,0,9.125,2,86.0
window,window,none,fidelity,False,True,16,iid,0.1,2,s034,2,21.25,9.347826086956523,0.0,74.0,56,56,50,6,6,0,1.0,11.75,0,0,0,0,0,3008,256,16,0,0,7.5,2,
window,window,none,fidelity,False,True,16,iid,0.1,2,s034,3,22.25,13.858695652173914,4.0,77.5,56,53,48,5,6,0,0.96,12.4921875,0,0,0,0,0,3198,256,16,0,0,8.125,0,
window,window,none,fidelity,False,True,16,iid,0.1,2,s034,4,16.250000000000004,7.01086956521739,4.0,70.5,56,52,48,4,6,0,0.96,9.74609375,0,0,0,0,0,2495,256,16,0,0,7.5,2,
window,window,none,fidelity,False,True,16,iid,0.1,2,s034,5,30.000000000000004,21.03260869565217,2.0,79.0,56,55,49,6,6,0,0.98,11.671875,0,0,0,0,0,2988,256,16,0,0,7.5,1,
window,window,none,fidelity,False,True,16,iid,0.1,2,s034,6,19.5,16.195652173913043,2.0,73.0,56,53,49,4,6,0,0.98,10.91796875,0,0,0,0,0,2795,256,16,0,0,8.875,2,
window,window,none,fidelity,False,True,16,iid,0.1,2,s034,7,22.0,12.771739130434783,0.0,74.5,56,55,50,5,6,0,1.0,11.43359375,0,0,0,0,0,2927,256,16,0,0,7.9375,0,
window,window,none,fidelity,False,True,16,iid,0.1,2,s034,8,16.500000000000004,9.347826086956523,6.0,65.0,56,52,47,5,6,0,0.94,10.25,0,0,0,0,0,2624,256,16,0,0,9.4375,1,90.0
aeqkad,window,full,fidelity,False,True,16,iid,0.1,0,s034,2,26.75,10.434782608695654,0.0,69.0,56,45,43,2,6,0,0.86,11.0625,56,11,0,0,0,2832,256,16,0,0,9.625,1,
aeqkad,window,full,fidelity,False,True,16,iid,0.1,0,s034,3,18.250000000000004,12.771739130434783,4.0,66.0,56,49,46,3,6,0,0.92,11.3125,53,4,0,0,0,2896,256,16,0,0,8.3125,2,
aeqkad,window,full,fidelity,False,True,16,iid,0.1,0,s034,4,18.000000000000004,4.67391304347826,4.0,69.5,56,48,46,2,6,0,0.92,9.49609375,51,3,0,0,0,2431,256,16,0,0,8.8125,1,
aeqkad,window,full,fidelity,False,True,16,iid,0.1,0,s034,5,30.000000000000004,15.108695652173914,10.0,67.0,56,41,38,3,6,0,0.76,9.12109375,51,9,0,0,1,2335,256,16,0,0,10.0625,1,
aeqkad,window,full,fidelity,False,True,16,iid,0.1,0,s034,6,18.250000000000004,15.108695652173914,2.0,65.0,56,46,45,1,6,0,0.9,9.55078125,53,7,0,0,0,2445,256,16,0,0,12.0,0,
aeqkad,window,full,fidelity,False,True,16,iid,0.1,0,s034,7,19.5,10.597826086956523,4.0,64.5,56,42,42,0,6,0,0.84,9.9609375,51,9,0,0,0,2550,256,16,0,0,10.0625,0,
aeqkad,window,full,fidelity,False,True,16,iid,0.1,0,s034,8,17.500000000000004,8.097826086956525,10.0,52.0,56,42,42,0,6,0,0.84,8.84765625,46,2,0,0,2,2265,256,16,0,0,10.5,0,57.99999999999999
aeqkad,window,full,fidelity,False,True,16,iid,0.1,1,s034,2,24.25,4.67391304347826,0.0,67.0,56,38,38,0,6,0,0.76,10.18359375,52,14,0,0,0,2607,256,16,0,0,13.375,0,
aeqkad,window,full,fidelity,False,True,16,iid,0.1,1,s034,3,19.5,4.67391304347826,4.0,62.5,56,43,43,0,6,0,0.86,10.0859375,52,9,0,0,0,2582,256,16,0,0,8.8125,0,
aeqkad,window,full,fidelity,False,True,16,iid,0.1,1,s034,4,19.0,7.01086956521739,4.0,66.5,56,46,45,1,6,0,0.9,9.2890625,50,4,0,0,0,2378,256,16,0,0,10.25,0,
aeqkad,window,full,fidelity,False,True,16,iid,0.1,1,s034,5,26.75,7.17391304347826,10.0,55.50000000000001,56,38,36,2,6,0,0.72,8.4921875,49,11,0,0,0,2174,256,16,0,0,11.4375,1,
aeqkad,window,full,fidelity,False,True,16,iid,0.1,1,s034,6,20.25,16.358695652173914,2.0,67.5,56,45,43,2,6,0,0.86,9.58984375,52,7,0,0,0,2455,256,16,0,0,9.0,0,
aeqkad,window,full,fidelity,False,True,16,iid,0.1,1,s034,7,25.5,6.847826086956524,4.0,71.5,56,41,41,0,6,0,0.82,9.71484375,51,10,0,0,0,2487,256,16,0,0,9.8125,0,
aeqkad,window,full,fidelity,False,True,16,iid,0.1,1,s034,8,17.750000000000004,6.847826086956524,6.0,60.5,56,44,43,1,6,0,0.86,8.87109375,52,8,0,0,0,2271,256,16,0,0,11.375,0,84.0
aeqkad,window,full,fidelity,False,True,16,iid,0.1,2,s034,2,23.75,10.434782608695654,0.0,74.5,56,44,42,2,6,0,0.84,10.99609375,56,12,0,0,0,2815,256,16,0,0,10.25,1,
aeqkad,window,full,fidelity,False,True,16,iid,0.1,2,s034,3,25.0,12.771739130434783,4.0,70.0,56,47,46,1,6,0,0.92,11.34375,52,5,0,0,0,2904,256,16,0,0,8.125,0,
aeqkad,window,full,fidelity,False,True,16,iid,0.1,2,s034,4,16.250000000000004,5.760869565217389,4.0,69.0,56,49,46,3,6,0,0.92,9.23828125,52,3,0,0,0,2365,256,16,0,0,8.4375,3,
aeqkad,window,full,fidelity,False,True,16,iid,0.1,2,s034,5,29.500000000000004,20.869565217391305,8.0,70.5,56,42,38,4,6,0,0.76,9.57421875,52,10,0,0,0,2451,256,16,0,0,10.6875,0,
aeqkad,window,full,fidelity,False,True,16,iid,0.1,2,s034,6,21.5,19.78260869565217,2.0,71.0,56,47,43,4,6,0,0.86,10.16796875,53,6,0,0,0,2603,256,16,0,0,9.75,2,
aeqkad,window,full,fidelity,False,True,16,iid,0.1,2,s034,7,21.25,8.097826086956525,0.0,73.0,56,45,42,3,6,0,0.84,10.875,55,9,0,0,1,2784,256,16,0,0,8.6875,0,
aeqkad,window,full,fidelity,False,True,16,iid,0.1,2,s034,8,16.000000000000004,8.097826086956525,8.0,56.00000000000001,56,45,42,3,6,0,0.84,9.11328125,49,3,0,0,1,2333,256,16,0,0,9.8125,1,90.0
mm,mm,full,fidelity,False,True,16,iid,0.1,0,s034,2,29.75,17.445652173913043,0.0,93.5,56,43,41,2,6,0,0.82,16.0,56,12,0,0,1,4096,256,16,1,15,77.375,0,
mm,mm,full,fidelity,False,True,16,iid,0.1,0,s034,3,20.25,12.771739130434783,4.0,82.0,56,50,46,4,6,0,0.92,14.9375,54,3,0,0,1,3824,256,16,1,1,28.25,1,
mm,mm,full,fidelity,False,True,16,iid,0.1,0,s034,4,19.0,9.347826086956523,4.0,76.0,56,48,46,2,6,0,0.92,14.5625,53,5,0,0,0,3728,256,16,1,1,61.25,1,
mm,mm,full,fidelity,False,True,16,iid,0.1,0,s034,5,31.75,27.8804347826087,6.0,83.0,56,45,41,4,6,0,0.82,15.734375,53,5,0,0,3,4028,256,16,1,1,61.3125,2,
mm,mm,full,fidelity,False,True,16,iid,0.1,0,s034,6,28.25,25.543478260869566,2.0,85.0,56,45,44,1,6,0,0.88,15.62890625,55,6,0,0,4,4001,256,16,1,1,63.75,3,
mm,mm,full,fidelity,False,True,16,iid,0.1,0,s034,7,23.5,12.771739130434783,0.0,83.5,56,43,43,0,6,0,0.86,15.79296875,55,9,0,0,3,4043,256,16,1,1,70.1875,1,
mm,mm,full,fidelity,False,True,16,iid,0.1,0,s034,8,16.000000000000004,12.771739130434783,2.0,77.0,56,43,43,0,6,0,0.86,15.33203125,51,6,0,0,2,3925,256,16,1,1,66.0625,0,94.0
mm,mm,full,fidelity,False,True,16,iid,0.1,1,s034,2,37.25,33.96739130434783,0.0,95.0,56,27,26,1,6,0,0.52,16.0,56,29,0,0,0,4096,256,16,1,16,82.0625,0,
mm,mm,full,fidelity,False,True,16,iid,0.1,1,s034,3,40.0,29.130434782608692,2.0,97.5,56,26,24,2,6,0,0.48,16.0,55,29,0,0,0,4096,256,16,1,14,118.0625,0,
mm,mm,full,fidelity,False,True,16,iid,0.1,1,s034,4,19.75,10.434782608695654,0.0,83.0,56,47,45,2,6,0,0.9,14.046875,53,6,0,0,0,3596,256,16,1,1,33.5,2,
mm,mm,full,fidelity,False,True,16,iid,0.1,1,s034,5,32.99999999999999,32.22826086956522,4.0,81.0,56,43,39,4,6,0,0.78,14.796875,54,11,0,0,0,3788,256,16,1,1,56.3125,2,
mm,mm,full,fidelity,False,True,16,iid,0.1,1,s034,6,21.75,23.20652173913043,2.0,83.0,56,47,44,3,6,0,0.88,14.90234375,54,7,0,0,0,3815,256,16,1,1,48.375,4,
mm,mm,full,fidelity,False,True,16,iid,0.1,1,s034,7,27.500000000000004,8.260869565217389,2.0,87.0,56,45,44,1,6,0,0.88,14.80078125,53,6,0,0,2,3789,256,16,1,1,60.3125,2,
mm,mm,full,fidelity,False,True,16,iid,0.1,1,s034,8,23.75,17.445652173913043,2.0,78.5,56,48,44,4,6,0,0.88,15.03125,55,7,0,0,0,3848,256,16,1,1,68.25,3,88.0
mm,mm,full,fidelity,False,True,16,iid,0.1,2,s034,2,29.25,18.53260869565217,0.0,99.0,56,44,41,3,6,0,0.82,16.0,56,11,0,0,1,4096,256,16,1,15,77.5625,0,
mm,mm,full,fidelity,False,True,16,iid,0.1,2,s034,3,26.25,14.945652173913045,2.0,89.0,56,47,45,2,6,0,0.9,15.6796875,54,6,0,0,1,4014,256,16,1,1,27.75,2,
mm,mm,full,fidelity,False,True,16,iid,0.1,2,s034,4,21.25,12.771739130434783,4.0,77.5,56,49,46,3,6,0,0.92,15.71875,52,2,0,0,1,4024,256,16,1,1,61.6875,2,
mm,mm,full,fidelity,False,True,16,iid,0.1,2,s034,5,34.25,24.456521739130437,2.0,83.5,56,45,39,6,6,0,0.78,14.96875,55,8,0,0,2,3832,256,16,1,1,44.125,4,
mm,mm,full,fidelity,False,True,16,iid,0.1,2,s034,6,23.75,23.3695652173913,2.0,82.0,56,49,45,4,6,0,0.9,15.875,54,5,0,0,0,4064,256,16,1,1,58.0625,3,
mm,mm,full,fidelity,False,True,16,iid,0.1,2,s034,7,27.750000000000004,12.771739130434783,0.0,85.5,56,49,45,4,6,0,0.9,15.34765625,56,5,0,0,2,3929,256,16,1,1,55.875,5,
mm,mm,full,fidelity,False,True,16,iid,0.1,2,s034,8,23.25,18.53260869565217,2.0,80.0,56,46,43,3,6,0,0.86,15.19921875,54,7,0,0,1,3891,256,16,1,1,74.25,6,96.0
static,static,none,fidelity,False,True,16,iid,0.1,0,s035,2,25.5,15.108695652173914,2.0,67.5,56,0,0,0,6,0,0.0,40.0,0,0,0,0,0,10240,256,50,0,50,81.5,0,
static,static,none,fidelity,False,True,16,iid,0.1,0,s035,3,21.25,4.67391304347826,0.0,69.5,56,0,0,0,6,0,0.0,40.0,0,0,0,0,0,10240,256,50,0,50,137.5,0,
static,static,none,fidelity,False,True,16,iid,0.1,0,s035,4,21.75,8.097826086956525,4.0,67.5,56,0,0,0,6,0,0.0,40.0,0,0,0,0,0,10240,256,50,0,50,193.5,0,
static,static,none,fidelity,False,True,16,iid,0.1,0,s035,5,25.0,7.01086956521739,4.0,75.5,56,0,0,0,6,0,0.0,40.0,0,0,0,0,0,10240,256,50,0,50,249.5,0,
static,static,none,fidelity,False,True,16,iid,0.1,0,s035,6,37.5,32.55434782608696,2.0,68.5,56,0,0,0,6,0,0.0,40.0,0,0,0,0,0,10240,256,50,0,50,305.5,0,
static,static,none,fidelity,False,True,16,iid,0.1,0,s035,7,41.75,42.98913043478261,4.0,73.5,56,0,0,0,6,0,0.0,40.0,0,0,0,0,0,10240,256,50,0,50,361.5,0,
static,static,none,fidelity,False,True,16,iid,0.1,0,s035,8,46.25,48.75,12.0,69.5,56,0,0,0,6,0,0.0,40.0,0,0,0,0,0,10240,256,50,0,50,417.5,0,100.0
static,static,none,fidelity,False,True,16,iid,0.1,1,s035,2,23.75,17.445652173913043,4.0,62.5,56,0,0,0,6,0,0.0,41.0,0,0,0,0,0,10496,256,50,0,50,81.5,0,
static,static,none,fidelity,False,True,16,iid,0.1,1,s035,3,21.25,7.01086956521739,0.0,67.5,56,0,0,0,6,0,0.0,41.0,0,0,0,0,0,10496,256,50,0,50,137.5,0,
static,static,none,fidelity,False,True,16,iid,0.1,1,s035,4,23.25,5.760869565217389,4.0,65.0,56,0,0,0,6,0,0.0,41.0,0,0,0,0,0,10496,256,50,0,50,193.5,0,
static,static,none,fidelity,False,True,16,iid,0.1,1,s035,5,28.25,9.347826086956523,4.0,70.0,56,0,0,0,6,0,0.0,41.0,0,0,0,0,0,10496,256,50,0,50,249.5,0,
static,static,none,fidelity,False,True,16,iid,0.1,1,s035,6,34.25,30.543478260869566,6.0,63.0,56,0,0,0,6,0,0.0,41.0,0,0,0,0,0,10496,256,50,0,50,305.5,0,
static,static,none,fidelity,False,True,16,iid,0.1,1,s035,7,42.99999999999999,47.66304347826087,8.0,64.5,56,0,0,0,6,0,0.0,41.0,0,0,0,0,0,10496,256,50,0,50,361.5,0,
static,static,none,fidelity,False,True,16,iid,0.1,1,s035,8,47.75,50.92391304347825,22.0,64.0,56,0,0,0,6,0,0.0,41.0,0,0,0,0,0,10496,256,50,0,50,417.5,0,98.0
static,static,none,fidelity,False,True,16,iid,0.1,2,s035,2,24.0,14.021739130434783,2.0,64.0,56,0,0,0,6,0,0.0,40.0,0,0,0,0,0,10240,256,50,0,50,81.5,0,
static,static,none,fidelity,False,True,16,iid,0.1,2,s035,3,19.0,4.67391304347826,2.0,71.5,56,0,0,0,6,0,0.0,40.0,0,0,0,0,0,10240,256,50,0,50,137.5,0,
static,static,none,fidelity,False,True,16,iid,0.1,2,s035,4,20.25,7.01086956521739,4.0,68.0,56,0,0,0,6,0,0.0,40.0,0,0,0,0,0,10240,256,50,0,50,193.5,0,
static,static,none,fidelity,False,True,16,iid,0.1,2,s035,5,28.000000000000004,9.347826086956523,4.0,71.5,56,0,0,0,6,0,0.0,40.0,0,0,0,0,0,10240,256,50,0,50,249.5,0,
static,static,none,fidelity,False,True,16,iid,0.1,2,s035,6,39.5,30.380434782608702,4.0,66.5,56,0,0,0,6,0,0.0,40.0,0,0,0,0,0,10240,256,50,0,50,305.5,0,
static,static,none,fidelity,False,True,16,iid,0.1,2,s035,7,43.49999999999999,42.98913043478261,8.0,69.0,56,0,0,0,6,0,0.0,40.0,0,0,0,0,0,10240,256,50,0,50,361.5,0,
static,static,none,fidelity,False,True,16,iid,0.1,2,s035,8,45.49999999999999,47.66304347826087,22.0,65.0,56,0,0,0,6,0,0.0,40.0,0,0,0,0,0,10240,256,50,0,50,417.5,0,96.0
naive,naive,none,fidelity,False,True,16,iid,0.1,0,s035,2,22.0,10.434782608695654,2.0,74.5,56,53,49,4,6,0,0.98,55.38671875,0,0,0,0,0,14179,256,103,0,50,53.33009708737864,4,
naive,naive,none,fidelity,False,True,16,iid,0.1,0,s035,3,19.75,4.67391304347826,0.0,86.5,56,54,50,4,6,0,1.0,79.796875,0,0,0,0,0,20428,256,157,0,50,81.09554140127389,8,
naive,naive,none,fidelity,False,True,16,iid,0.1,0,s035,4,23.75,8.260869565217389,2.0,93.5,56,55,49,6,6,0,0.98,98.53125,0,0,0,0,0,25224,256,212,0,50,108.61792452830188,14,
naive,naive,none,fidelity,False,True,16,iid,0.1,0,s035,5,19.75,10.434782608695654,0.0,98.0,56,56,50,6,6,0,1.0,116.03125,0,0,0,0,0,29704,256,268,0,50,135.96641791044777,20,
naive,naive,none,fidelity,False,True,16,iid,0.1,0,s035,6,25.75,20.869565217391305,0.0,99.5,56,56,50,6,6,0,1.0,134.56640625,0,0,0,0,0,34449,256,324,0,50,163.54012345679013,26,
naive,naive,none,fidelity,False,True,16,iid,0.1,0,s035,7,19.75,12.771739130434783,0.0,99.5,56,56,50,6,6,0,1.0,148.6328125,0,0,0,0,0,38050,256,380,0,50,191.2394736842105,32,
naive,naive,none,fidelity,False,True,16,iid,0.1,0,s035,8,27.500000000000004,22.1195652173913,0.0,100.0,56,56,50,6,6,0,1.0,166.2265625,0,0,0,0,0,42554,256,436,0,50,219.01605504587155,38,100.0
naive,naive,none,fidelity,False,True,16,iid,0.1,1,s035,2,27.75,12.771739130434783,2.0,71.0,56,54,49,5,6,0,0.98,56.2421875,0,0,0,0,0,14398,256,104,0,50,53.10576923076923,5,
naive,naive,none,fidelity,False,True,16,iid,0.1,1,s035,3,22.0,4.67391304347826,0.0,81.0,56,55,50,5,6,0,1.0,78.47265625,0,0,0,0,0,20089,256,159,0,50,80.87421383647799,10,
naive,naive,none,fidelity,False,True,16,iid,0.1,1,s035,4,19.75,12.771739130434783,4.0,82.0,56,53,48,5,6,0,0.96,93.171875,0,0,0,0,0,23852,256,212,0,50,109.59433962264151,15,
naive,naive,none,fidelity,False,True,16,iid,0.1,1,s035,5,24.0,17.608695652173914,0.0,92.5,56,56,50,6,6,0,1.0,112.2734375,0,0,0,0,0,28742,256,268,0,50,136.73880597014926,21,
naive,naive,none,fidelity,False,True,16,iid,0.1,1,s035,6,26.0,16.195652173913043,0.0,94.5,56,55,50,5,6,0,1.0,129.75,0,0,0,0,0,33216,256,323,0,50,164.55727554179566,26,
naive,naive,none,fidelity,False,True,16,iid,0.1,1,s035,7,26.0,19.78260869565217,2.0,97.5,56,55,49,6,6,0,0.98,146.0703125,0,0,0,0,0,37394,256,378,0,50,192.40740740740745,32,
naive,naive,none,fidelity,False,True,16,iid,0.1,1,s035,8,34.25,29.130434782608692,0.0,98.0,56,56,50,6,6,0,1.0,162.984375,0,0,0,0,0,41724,256,434,0,50,219.9032258064516,38,100.0
naive,naive,none,fidelity,False,True,16,iid,0.1,2,s035,2,24.25,11.684782608695654,2.0,73.0,56,54,49,5,6,0,0.98,56.32421875,0,0,0,0,0,14419,256,104,0,50,53.20192307692308,5,
naive,naive,none,fidelity,False,True,16,iid,0.1,2,s035,3,27.0,11.684782608695654,0.0,87.0,56,54,50,4,6,0,1.0,77.453125,0,0,0,0,0,19828,256,158,0,50,81.27215189873418,9,
naive,naive,none,fidelity,False,True,16,iid,0.1,2,s035,4,22.25,10.434782608695654,2.0,92.5,56,54,49,5,6,0,0.98,100.09765625,0,0,0,0,0,25625,256,212,0,50,109.17924528301889,14,
naive,naive,none,fidelity,False,True,16,iid,0.1,2,s035,5,24.75,15.108695652173914,0.0,97.5,56,56,50,6,6,0,1.0,116.36328125,0,0,0,0,0,29789,256,268,0,50,136.41044776119404,20,
naive,naive,none,fidelity,False,True,16,iid,0.1,2,s035,6,30.000000000000004,22.1195652173913,0.0,97.0,56,56,50,6,6,0,1.0,137.99609375,0,0,0,0,0,35327,256,324,0,50,163.90740740740742,26,
naive,naive,none,fidelity,False,True,16,iid,0.1,2,s035,7,26.0,16.358695652173914,2.0,98.0,56,55,49,6,6,0,0.98,153.52734375,0,0,0,0,0,39303,256,379,0,50,191.9287598944591,32,
naive,naive,none,fidelity,False,True,16,iid,0.1,2,s035,8,34.25,33.80434782608695,0.0,99.0,56,56,50,6,6,0,1.0,170.21875,0,0,0,0,0,43576,256,435,0,50,219.55172413793105,38,100.0
window,window,none,fidelity,False,True,16,iid,0.1,0,s035,2,28.25,7.01086956521739,8.0,48.0,56,48,46,2,6,0,0.92,14.03515625,0,0,0,0,0,3593,256,16,0,0,9.3125,2,
window,window,none,fidelity,False,True,16,iid,0.1,0,s035,3,26.25,4.67391304347826,22.0,32.0,56,40,39,1,6,0,0.78,11.40234375,0,0,0,0,0,2919,256,16,0,0,10.3125,1,
window,window,none,fidelity,False,True,16,iid,0.1,0,s035,4,30.25,16.195652173913043,22.0,52.0,56,42,39,3,6,0,0.78,11.98828125,0,0,0,0,0,3069,256,16,0,0,11.0,2,
window,window,none,fidelity,False,True,16,iid,0.1,0,s035,5,28.500000000000004,4.67391304347826,16.0,50.5,56,45,42,3,6,0,0.84,11.8046875,0,0,0,0,0,3022,256,16,0,0,8.75,2,
window,window,none,fidelity,False,True,16,iid,0.1,0,s035,6,13.750000000000002,3.58695652173913,10.0,37.0,56,48,45,3,6,0,0.9,12.65625,0,0,0,0,0,3240,256,16,0,0,8.875,0,
window,window,none,fidelity,False,True,16,iid,0.1,0,s035,7,19.5,10.597826086956523,8.0,46.5,56,52,46,6,6,0,0.92,12.81640625,0,0,0,0,0,3281,256,16,0,0,8.1875,3,
window,window,none,fidelity,False,True,16,iid,0.1,0,s035,8,28.25,10.597826086956523,16.0,48.0,56,46,42,4,6,0,0.84,12.7578125,0,0,0,0,0,3266,256,16,0,0,8.125,1,88.0
window,window,none,fidelity,False,True,16,iid,0.1,1,s035,2,26.25,10.434782608695654,6.0,47.5,56,51,47,4,6,0,0.94,14.21484375,0,0,0,0,0,3639,256,16,0,0,8.6875,1,
window,window,none,fidelity,False,True,16,iid,0.1,1,s035,3,25.75,7.01086956521739,22.0,30.0,56,42,39,3,6,0,0.78,12.0546875,0,0,0,0,0,3086,256,16,0,0,8.9375,2,
window,window,none,fidelity,False,True,16,iid,0.1,1,s035,4,26.0,12.608695652173912,24.0,44.5,56,43,38,5,6,0,0.76,11.27734375,0,0,0,0,0,2887,256,16,0,0,9.9375,2,
window,window,none,fidelity,False,True,16,iid,0.1,1,s035,5,34.25,12.771739130434783,16.0,55.50000000000001,56,47,42,5,6,0,0.84,12.31640625,0,0,0,0,0,3153,256,16,0,0,8.1875,2,
window,window,none,fidelity,False,True,16,iid,0.1,1,s035,6,13.25,0.0,10.0,23.5,56,45,45,0,6,0,0.9,12.2890625,0,0,0,0,0,3146,256,16,0,0,9.75,0,
window,window,none,fidelity,False,True,16,iid,0.1,1,s035,7,18.750000000000004,3.423913043478259,8.0,34.0,56,47,46,1,6,0,0.92,12.1640625,0,0,0,0,0,3114,256,16,0,0,8.4375,0,
window,window,none,fidelity,False,True,16,iid,0.1,1,s035,8,24.25,12.771739130434783,22.0,44.5,56,41,39,2,6,0,0.78,12.0390625,0,0,0,0,0,3082,256,16,0,0,9.8125,1,96.0
window,window,none,fidelity,False,True,16,iid,0.1,2,s035,2,22.75,4.67391304347826,6.0,53.0,56,50,47,3,6,0,0.94,14.0625,0,0,0,0,0,3600,256,16,0,0,9.0625,1,
window,window,none,fidelity,False,True,16,iid,0.1,2,s035,3,24.0,12.771739130434783,16.0,36.5,56,43,42,1,6,0,0.84,12.12109375,0,0,0,0,0,3103,256,16,0,0,9.75,0,
window,window,none,fidelity,False,True,16,iid,0.1,2,s035,4,25.75,10.434782608695654,20.0,51.0,56,42,40,2,6,0,0.8,11.8125,0,0,0,0,0,3024,256,16,0,0,10.5,0,
window,window,none,fidelity,False,True,16,iid,0.1,2,s035,5,30.75,7.01086956521739,14.000000000000002,58.5,56,47,43,4,6,0,0.86,11.94140625,0,0,0,0,0,3057,256,16,0,0,8.625,0,
window,window,none,fidelity,False,True,16,iid,0.1,2,s035,6,11.75,2.33695652173913,10.0,36.5,56,46,45,1,6,0,0.9,12.5546875,0,0,0,0,0,3214,256,16,0,0,9.625,0,
window,window,none,fidelity,False,True,16,iid,0.1,2,s035,7,19.25,2.33695652173913,10.0,38.0,56,47,45,2,6,0,0.9,12.25390625,0,0,0,0,0,3137,256,16,0,0,8.3125,1,
window,window,none,fidelity,False,True,16,iid,0.1,2,s035,8,28.000000000000004,9.347826086956523,14.000000000000002,46.5,56,46,43,3,6,0,0.86,13.015625,0,0,0,0,0,3332,256,16,0,0,8.75,1,57.99999999999999
aeqkad,window,full,fidelity,False,True,16,iid,0.1,0,s035,2,29.500000000000004,8.097826086956525,14.000000000000002,48.5,56,34,33,1,6,0,0.66,12.8984375,45,9,0,0,2,3302,256,16,0,0,14.125,1,
aeqkad,window,full,fidelity,False,True,16,iid,0.1,0,s035,3,28.25,12.771739130434783,26.0,30.5,56,33,33,0,6,0,0.66,10.12109375,38,4,0,0,1,2591,256,16,0,0,11.1875,0,
aeqkad,window,full,fidelity,False,True,16,iid,0.1,0,s035,4,29.000000000000004,13.858695652173914,24.0,41.5,56,32,32,0,6,0,0.64,9.62890625,41,7,0,0,2,2465,256,16,0,0,13.0625,0,
aeqkad,window,full,fidelity,False,True,16,iid,0.1,0,s035,5,21.75,4.67391304347826,18.0,37.0,56,35,35,0,6,0,0.7,10.15625,44,7,0,0,2,2600,256,16,0,0,14.5625,0,
aeqkad,window,full,fidelity,False,True,16,iid,0.1,0,s035,6,12.0,1.25,10.0,22.5,56,42,41,1,6,0,0.82,11.4375,47,4,0,0,1,2928,256,16,0,0,10.25,0,
aeqkad,window,full,fidelity,False,True,16,iid,0.1,0,s035,7,14.500000000000002,2.33695652173913,12.0,18.0,56,38,38,0,6,0,0.76,11.15625,47,8,0,0,1,2856,256,16,0,0,10.875,0,
aeqkad,window,full,fidelity,False,True,16,iid,0.1,0,s035,8,26.75,12.608695652173912,24.0,29.5,56,33,32,1,6,0,0.64,11.66796875,41,3,0,0,5,2987,256,16,0,0,9.0,0,80.0
aeqkad,window,full,fidelity,False,True,16,iid,0.1,1,s035,2,31.75,6.08695652173913,12.0,46.0,56,38,35,3,6,0,0.7,13.52734375,48,10,0,0,0,3463,256,16,0,0,11.375,1,
aeqkad,window,full,fidelity,False,True,16,iid,0.1,1,s035,3,29.75,14.021739130434783,28.000000000000004,37.0,56,31,31,0,6,0,0.62,10.55859375,40,8,0,0,1,2703,256,16,0,0,10.375,0,
aeqkad,window,full,fidelity,False,True,16,iid,0.1,1,s035,4,25.75,12.771739130434783,24.0,43.0,56,40,37,3,6,0,0.74,10.87890625,43,3,0,0,0,2785,256,16,0,0,12.4375,0,
aeqkad,window,full,fidelity,False,True,16,iid,0.1,1,s035,5,30.75,10.434782608695654,18.0,50.0,56,38,35,3,6,0,0.7,10.53125,46,6,0,0,2,2696,256,16,0,0,12.4375,2,
aeqkad,window,full,fidelity,False,True,16,iid,0.1,1,s035,6,11.75,0.0,10.0,19.5,56,43,43,0,6,0,0.86,11.65625,45,2,0,0,0,2984,256,16,0,0,10.5,0,
aeqkad,window,full,fidelity,False,True,16,iid,0.1,1,s035,7,13.750000000000002,1.25,8.0,16.5,56,39,39,0,6,0,0.78,11.45703125,46,5,0,0,2,2933,256,16,0,0,9.5,0,
aeqkad,window,full,fidelity,False,True,16,iid,0.1,1,s035,8,19.25,4.83695652173913,24.0,36.5,56,36,35,1,6,0,0.7,11.31640625,40,1,0,0,3,2897,256,16,0,0,9.8125,1,96.0
aeqkad,window,full,fidelity,False,True,16,iid,0.1,2,s035,2,30.25,7.01086956521739,12.0,43.5,56,36,35,1,6,0,0.7,13.1171875,46,10,18,0,0,3358,256,16,0,0,11.8125,1,
aeqkad,window,full,fidelity,False,True,16,iid,0.1,2,s035,3,30.500000000000004,14.021739130434783,26.0,38.5,56,35,34,1,6,0,0.68,10.953125,38,3,17,0,0,2804,256,16,0,0,10.875,0,
aeqkad,window,full,fidelity,False,True,16,iid,0.1,2,s035,4,25.75,8.097826086956525,22.0,45.5,56,38,37,1,6,0,0.74,10.90625,41,3,24,0,0,2792,256,16,0,0,11.125,0,
aeqkad,window,full,fidelity,False,True,16,iid,0.1,2,s035,5,29.75,5.923913043478259,18.0,47.5,56,40,39,1,6,0,0.78,10.4453125,44,3,20,0,1,2674,256,16,0,0,10.875,1,
aeqkad,window,full,fidelity,False,True,16,iid,0.1,2,s035,6,12.25,1.25,10.0,21.0,56,44,44,0,6,0,0.88,11.875,45,1,20,0,0,3040,256,16,0,0,8.875,0,
aeqkad,window,full,fidelity,False,True,16,iid,0.1,2,s035,7,15.000000000000002,4.67391304347826,4.0,35.5,56,42,42,0,6,0,0.84,11.3515625,50,8,18,0,0,2906,256,16,0,0,9.5,0,
aeqkad,window,full,fidelity,False,True,16,iid,0.1,2,s035,8,26.5,2.33695652173913,22.0,35.0,56,37,36,1,6,0,0.72,11.98828125,40,1,17,0,2,3069,256,16,0,0,8.75,1,60.0
mm,mm,full,fidelity,False,True,16,iid,0.1,0,s035,2,22.0,11.684782608695654,12.0,44.0,56,30,29,1,6,0,0.58,16.0,47,16,0,0,1,4096,256,16,1,15,89.125,0,
mm,mm,full,fidelity,False,True,16,iid,0.1,0,s035,3,14.000000000000002,0.0,6.0,45.0,56,34,34,0,6,0,0.68,15.42578125,48,7,0,0,7,3949,256,16,1,6,62.6875,0,
mm,mm,full,fidelity,False,True,16,iid,0.1,0,s035,4,26.5,9.347826086956523,12.0,47.0,56,36,35,1,6,0,0.7,14.26171875,48,9,0,0,3,3651,256,16,1,1,46.375,1,
mm,mm,full,fidelity,False,True,16,iid,0.1,0,s035,5,22.0,3.423913043478259,10.0,61.0,56,40,40,0,6,0,0.8,14.9453125,48,5,0,0,3,3826,256,16,1,1,65.6875,1,
mm,mm,full,fidelity,False,True,16,iid,0.1,0,s035,6,21.0,11.684782608695654,6.0,54.0,56,43,42,1,6,0,0.84,15.6875,52,6,0,0,3,4016,256,16,1,1,45.875,1,
mm,mm,full,fidelity,False,True,16,iid,0.1,0,s035,7,17.750000000000004,5.760869565217389,8.0,48.5,56,39,39,0,6,0,0.78,15.8671875,51,5,0,0,7,4062,256,16,1,1,67.0625,1,
mm,mm,full,fidelity,False,True,16,iid,0.1,0,s035,8,26.0,10.434782608695654,12.0,53.0,56,31,30,1,6,0,0.6,15.28125,47,8,0,0,8,3912,256,16,1,1,77.9375,0,92.0
mm,mm,full,fidelity,False,True,16,iid,0.1,1,s035,2,22.75,16.195652173913043,12.0,53.5,56,36,34,2,6,0,0.68,16.0,49,12,0,0,1,4096,256,16,1,16,89.5625,0,
mm,mm,full,fidelity,False,True,16,iid,0.1,1,s035,3,19.5,4.83695652173913,4.0,50.5,56,39,39,0,6,0,0.78,15.65234375,51,7,0,0,5,4007,256,16,1,4,43.875,0,
mm,mm,full,fidelity,False,True,16,iid,0.1,1,s035,4,23.0,14.021739130434783,10.0,47.5,56,41,37,4,6,0,0.74,14.87890625,50,8,0,0,1,3809,256,16,1,1,55.375,3,
mm,mm,full,fidelity,False,True,16,iid,0.1,1,s035,5,20.25,4.67391304347826,14.000000000000002,60.0,56,43,40,3,6,0,0.8,15.34375,48,4,1,0,1,3928,256,16,1,1,55.0,3,
mm,mm,full,fidelity,False,True,16,iid,0.1,1,s035,6,17.000000000000004,13.858695652173914,6.0,53.5,56,45,45,0,6,0,0.9,15.8203125,49,3,0,0,1,4050,256,16,1,1,54.5,1,
mm,mm,full,fidelity,False,True,16,iid,0.1,1,s035,7,18.250000000000004,3.58695652173913,2.0,49.5,56,45,45,0,6,0,0.9,15.60546875,50,5,0,0,0,3995,256,16,1,1,70.625,0,
mm,mm,full,fidelity,False,True,16,iid,0.1,1,s035,8,24.25,14.021739130434783,10.0,59.0,56,41,39,2,6,0,0.78,16.0,48,4,0,0,3,4096,256,16,1,1,56.5625,1,98.0
mm,mm,full,fidelity,False,True,16,iid,0.1,2,s035,2,26.0,10.434782608695654,12.0,50.0,56,34,34,0,6,0,0.68,16.0,48,13,23,0,1,4096,256,16,1,16,89.75,0,
mm,mm,full,fidelity,False,True,16,iid,0.1,2,s035,3,12.0,0.0,4.0,47.0,56,41,41,0,6,0,0.82,15.50390625,50,3,36,0,6,3969,256,16,1,3,36.3125,0,
mm,mm,full,fidelity,False,True,16,iid,0.1,2,s035,4,23.0,12.771739130434783,8.0,54.0,56,37,36,1,6,0,0.72,15.73828125,48,7,30,0,4,4029,256,16,1,1,58.8125,1,
mm,mm,full,fidelity,False,True,16,iid,0.1,2,s035,5,29.000000000000004,10.434782608695654,12.0,65.0,56,42,40,2,6,0,0.8,15.73046875,47,4,34,0,1,4027,256,16,1,1,73.625,2,
mm,mm,full,fidelity,False,True,16,iid,0.1,2,s035,6,23.75,12.771739130434783,6.0,69.0,56,46,45,1,6,0,0.9,15.78125,52,3,33,0,3,4040,256,16,1,1,64.0,2,
mm,mm,full,fidelity,False,True,16,iid,0.1,2,s035,7,20.5,3.58695652173913,4.0,58.5,56,45,45,0,6,0,0.9,15.8203125,52,5,36,0,2,4050,256,16,1,1,56.9375,1,
mm,mm,full,fidelity,False,True,16,iid,0.1,2,s035,8,22.25,8.097826086956525,10.0,54.0,56,40,39,1,6,0,0.78,16.0,49,5,32,0,4,4096,256,16,1,1,64.5625,1,76.0
static,static,none,fidelity,False,True,16,iid,0.1,0,s036,2,2.250000000000001,0.0,0.0,54.50000000000001,56,0,0,0,6,0,0.0,37.0,0,0,0,0,0,9472,256,50,0,50,81.5,0,
static,static,none,fidelity,False,True,16,iid,0.1,0,s036,3,1.2500000000000009,0.0,0.0,48.0,56,0,0,0,6,0,0.0,37.0,0,0,0,0,0,9472,256,50,0,50,137.5,0,
static,static,none,fidelity,False,True,16,iid,0.1,0,s036,4,0.0,0.0,0.0,49.0,56,0,0,0,6,0,0.0,37.0,0,0,0,0,0,9472,256,50,0,50,193.5,0,
static,static,none,fidelity,False,True,16,iid,0.1,0,s036,5,0.0,0.0,0.0,55.50000000000001,56,0,0,0,6,0,0.0,37.0,0,0,0,0,0,9472,256,50,0,50,249.5,0,
static,static,none,fidelity,False,True,16,iid,0.1,0,s036,6,1.5000000000000009,0.0,0.0,46.5,56,0,0,0,6,0,0.0,37.0,0,0,0,0,0,9472,256,50,0,50,305.5,0,
static,static,none,fidelity,False,True,16,iid,0.1,0,s036,7,0.0,0.0,0.0,48.0,56,0,0,0,6,0,0.0,37.0,0,0,0,0,0,9472,256,50,0,50,361.5,0,
static,static,none,fidelity,False,True,16,iid,0.1,0,s036,8,2.5000000000000018,0.0,0.0,48.0,56,0,0,0,6,0,0.0,37.0,0,0,0,0,0,9472,256,50,0,50,417.5,0,40.0
static,static,none,fidelity,False,True,16,iid,0.1,1,s036,2,2.250000000000001,1.25,0.0,83.0,56,0,0,0,6,0,0.0,38.0,0,0,0,0,0,9728,256,50,0,50,81.5,0,
static,static,none,fidelity,False,True,16,iid,0.1,1,s036,3,1.2500000000000009,0.0,0.0,82.5,56,0,0,0,6,0,0.0,38.0,0,0,0,0,0,9728,256,50,0,50,137.5,0,
static,static,none,fidelity,False,True,16,iid,0.1,1,s036,4,0.0,0.0,0.0,81.5,56,0,0,0,6,0,0.0,38.0,0,0,0,0,0,9728,256,50,0,50,193.5,0,
static,static,none,fidelity,False,True,16,iid,0.1,1,s036,5,0.0,0.0,0.0,82.5,56,0,0,0,6,0,0.0,38.0,0,0,0,0,0,9728,256,50,0,50,249.5,0,
static,static,none,fidelity,False,True,16,iid,0.1,1,s036,6,1.0000000000000009,0.0,0.0,85.0,56,0,0,0,6,0,0.0,38.0,0,0,0,0,0,9728,256,50,0,50,305.5,0,
static,static,none,fidelity,False,True,16,iid,0.1,1,s036,7,0.0,0.0,0.0,86.0,56,0,0,0,6,0,0.0,38.0,0,0,0,0,0,9728,256,50,0,50,361.5,0,
static,static,none,fidelity,False,True,16,iid,0.1,1,s036,8,2.500000000000001,0.0,0.0,81.0,56,0,0,0,6,0,0.0,38.0,0,0,0,0,0,9728,256,50,0,50,417.5,0,82.0
static,static,none,fidelity,False,True,16,iid,0.1,2,s036,2,1.7500000000000009,0.0,0.0,55.50000000000001,56,0,0,0,6,0,0.0,39.0,0,0,0,0,0,9984,256,50,0,50,81.5,0,
static,static,none,fidelity,False,True,16,iid,0.1,2,s036,3,2.500000000000001,0.0,0.0,53.5,56,0,0,0,6,0,0.0,39.0,0,0,0,0,0,9984,256,50,0,50,137.5,0,
static,static,none,fidelity,False,True,16,iid,0.1,2,s036,4,0.0,0.0,0.0,55.00000000000001,56,0,0,0,6,0,0.0,39.0,0,0,0,0,0,9984,256,50,0,50,193.5,0,
static,static,none,fidelity,False,True,16,iid,0.1,2,s036,5,0.0,0.0,0.0,56.49999999999999,56,0,0,0,6,0,0.0,39.0,0,0,0,0,0,9984,256,50,0,50,249.5,0,
static,static,none,fidelity,False,True,16,iid,0.1,2,s036,6,1.5000000000000009,0.0,0.0,64.0,56,0,0,0,6,0,0.0,39.0,0,0,0,0,0,9984,256,50,0,50,305.5,0,
static,static,none,fidelity,False,True,16,iid,0.1,2,s036,7,0.0,0.0,0.0,58.5,56,0,0,0,6,0,0.0,39.0,0,0,0,0,0,9984,256,50,0,50,361.5,0,
static,static,none,fidelity,False,True,16,iid,0.1,2,s036,8,1.5000000000000009,0.0,0.0,49.5,56,0,0,0,6,0,0.0,39.0,0,0,0,0,0,9984,256,50,0,50,417.5,0,66.0
naive,naive,none,fidelity,False,True,16,iid,0.1,0,s036,2,3.7500000000000018,0.0,0.0,62.0,56,52,50,2,6,0,1.0,44.92578125,0,0,0,0,0,11501,256,102,0,50,53.65686274509804,2,
naive,naive,none,fidelity,False,True,16,iid,0.1,0,s036,3,4.250000000000002,0.0,0.0,71.0,56,53,50,3,6,0,1.0,53.796875,0,0,0,0,0,13772,256,155,0,50,81.59354838709677,5,
naive,naive,none,fidelity,False,True,16,iid,0.1,0,s036,4,1.7500000000000009,0.0,0.0,92.0,56,55,50,5,6,0,1.0,65.7265625,0,0,0,0,0,16826,256,210,0,50,108.7,10,
naive,naive,none,fidelity,False,True,16,iid,0.1,0,s036,5,3.5000000000000018,0.0,0.0,98.0,56,56,50,6,6,0,1.0,72.375,0,0,0,0,0,18528,256,266,0,50,135.81578947368422,16,
naive,naive,none,fidelity,False,True,16,iid,0.1,0,s036,6,5.000000000000003,0.0,0.0,99.0,56,56,50,6,6,0,1.0,81.609375,0,0,0,0,0,20892,256,322,0,50,163.2391304347826,22,
naive,naive,none,fidelity,False,True,16,iid,0.1,0,s036,7,1.7500000000000009,0.0,0.0,98.5,56,56,50,6,6,0,1.0,83.84765625,0,0,0,0,0,21465,256,378,0,50,190.83333333333331,28,
naive,naive,none,fidelity,False,True,16,iid,0.1,0,s036,8,12.0,3.58695652173913,0.0,100.0,56,56,50,6,6,0,1.0,97.26171875,0,0,0,0,0,24899,256,434,0,50,218.53225806451613,34,100.0
naive,naive,none,fidelity,False,True,16,iid,0.1,1,s036,2,2.500000000000001,1.25,0.0,97.0,56,56,50,6,6,0,1.0,47.87890625,0,0,0,0,0,12257,256,106,0,50,52.971698113207545,6,
naive,naive,none,fidelity,False,True,16,iid,0.1,1,s036,3,7.500000000000003,0.0,0.0,98.5,56,56,50,6,6,0,1.0,59.19140625,0,0,0,0,0,15153,256,162,0,50,80.80864197530865,12,
naive,naive,none,fidelity,False,True,16,iid,0.1,1,s036,4,3.7500000000000018,0.0,0.0,100.0,56,56,50,6,6,0,1.0,74.43359375,0,0,0,0,0,19055,256,218,0,50,108.72935779816514,18,
naive,naive,none,fidelity,False,True,16,iid,0.1,1,s036,5,4.250000000000002,0.0,0.0,100.0,56,56,50,6,6,0,1.0,83.2734375,0,0,0,0,0,21318,256,274,0,50,136.6824817518248,24,
naive,naive,none,fidelity,False,True,16,iid,0.1,1,s036,6,5.999999999999998,0.0,0.0,100.0,56,56,50,6,6,0,1.0,88.8203125,0,0,0,0,0,22738,256,330,0,50,164.65151515151516,30,
naive,naive,none,fidelity,False,True,16,iid,0.1,1,s036,7,1.2500000000000009,0.0,0.0,100.0,56,56,50,6,6,0,1.0,94.4765625,0,0,0,0,0,24186,256,386,0,50,192.62953367875647,36,
naive,naive,none,fidelity,False,True,16,iid,0.1,1,s036,8,12.75,7.01086956521739,0.0,100.0,56,56,50,6,6,0,1.0,106.78125,0,0,0,0,0,27336,256,442,0,50,220.6131221719457,42,100.0
naive,naive,none,fidelity,False,True,16,iid,0.1,2,s036,2,1.2500000000000009,0.0,0.0,77.5,56,56,50,6,6,0,1.0,47.2890625,0,0,0,0,0,12106,256,106,0,50,52.971698113207545,6,
naive,naive,none,fidelity,False,True,16,iid,0.1,2,s036,3,5.000000000000003,0.0,0.0,96.0,56,54,50,4,6,0,1.0,57.87890625,0,0,0,0,0,14817,256,160,0,50,81.46875,10,
naive,naive,none,fidelity,False,True,16,iid,0.1,2,s036,4,2.500000000000001,0.0,0.0,99.5,56,56,50,6,6,0,1.0,69.20703125,0,0,0,0,0,17717,256,216,0,50,108.95833333333331,16,
naive,naive,none,fidelity,False,True,16,iid,0.1,2,s036,5,2.000000000000001,0.0,0.0,100.0,56,56,50,6,6,0,1.0,78.22265625,0,0,0,0,0,20025,256,272,0,50,136.65808823529412,22,
naive,naive,none,fidelity,False,True,16,iid,0.1,2,s036,6,7.000000000000004,0.0,0.0,99.5,56,56,50,6,6,0,1.0,83.47265625,0,0,0,0,0,21369,256,328,0,50,164.46036585365854,28,
naive,naive,none,fidelity,False,True,16,iid,0.1,2,s036,7,1.2500000000000009,0.0,0.0,100.0,56,56,50,6,6,0,1.0,93.37109375,0,0,0,0,0,23903,256,384,0,50,192.3203125,34,
naive,naive,none,fidelity,False,True,16,iid,0.1,2,s036,8,14.500000000000002,8.097826086956525,0.0,100.0,56,56,50,6,6,0,1.0,107.53515625,0,0,0,0,0,27529,256,440,0,50,220.2159090909091,40,100.0
window,window,none,fidelity,False,True,16,iid,0.1,0,s036,2,2.500000000000001,0.0,0.0,22.0,56,51,50,1,6,0,1.0,10.42578125,0,0,0,0,0,2669,256,16,0,0,7.5,0,
window,window,none,fidelity,False,True,16,iid,0.1,0,s036,3,8.000000000000004,0.0,2.0,14.000000000000002,56,50,49,1,6,0,0.98,10.15234375,0,0,0,0,0,2599,256,16,0,0,8.375,0,
window,window,none,fidelity,False,True,16,iid,0.1,0,s036,4,2.250000000000001,0.0,0.0,11.0,56,52,50,2,6,0,1.0,9.640625,0,0,0,0,0,2468,256,16,0,0,7.5,0,
window,window,none,fidelity,False,True,16,iid,0.1,0,s036,5,1.7500000000000009,0.0,0.0,21.0,56,55,50,5,6,0,1.0,9.76953125,0,0,0,0,0,2501,256,16,0,0,7.5,4,
window,window,none,fidelity,False,True,16,iid,0.1,0,s036,6,2.500000000000001,0.0,0.0,19.0,56,51,50,1,6,0,1.0,8.8984375,0,0,0,0,0,2278,256,16,0,0,9.1875,0,
window,window,none,fidelity,False,True,16,iid,0.1,0,s036,7,0.0,0.0,0.0,3.5000000000000004,56,50,50,0,6,0,1.0,7.65625,0,0,0,0,0,1960,256,16,0,0,9.0,0,
window,window,none,fidelity,False,True,16,iid,0.1,0,s036,8,2.250000000000001,0.0,0.0,12.5,56,51,50,1,6,0,1.0,11.87890625,0,0,0,0,0,3041,256,16,0,0,8.625,0,0.0
window,window,none,fidelity,False,True,16,iid,0.1,1,s036,2,2.500000000000001,0.0,0.0,22.5,56,52,50,2,6,0,1.0,10.30859375,0,0,0,0,0,2639,256,16,0,0,8.4375,0,
window,window,none,fidelity,False,True,16,iid,0.1,1,s036,3,4.500000000000002,0.0,4.0,6.0,56,48,48,0,6,0,0.96,9.8125,0,0,0,0,0,2512,256,16,0,0,10.0,0,
window,window,none,fidelity,False,True,16,iid,0.1,1,s036,4,0.0,0.0,0.0,2.5,56,50,50,0,6,0,1.0,9.28515625,0,0,0,0,0,2377,256,16,0,0,8.0,0,
window,window,none,fidelity,False,True,16,iid,0.1,1,s036,5,2.250000000000001,0.0,0.0,12.0,56,52,50,2,6,0,1.0,9.1015625,0,0,0,0,0,2330,256,16,0,0,7.5,0,
window,window,none,fidelity,False,True,16,iid,0.1,1,s036,6,0.0,0.0,0.0,4.0,56,50,50,0,6,0,1.0,7.97265625,0,0,0,0,0,2041,256,16,0,0,7.5,0,
window,window,none,fidelity,False,True,16,iid,0.1,1,s036,7,0.0,0.0,0.0,4.0,56,50,50,0,6,0,1.0,7.41015625,0,0,0,0,0,1897,256,16,0,0,8.5625,0,
window,window,none,fidelity,False,True,16,iid,0.1,1,s036,8,5.750000000000003,3.423913043478259,0.0,22.0,56,52,50,2,6,0,1.0,11.39453125,0,0,0,0,0,2917,256,16,0,0,7.5,0,2.0
window,window,none,fidelity,False,True,16,iid,0.1,2,s036,2,2.000000000000001,0.0,2.0,10.5,56,51,49,2,6,0,0.98,10.30859375,0,0,0,0,0,2639,256,16,0,0,9.375,0,
window,window,none,fidelity,False,True,16,iid,0.1,2,s036,3,6.750000000000004,0.0,6.0,4.0,56,47,47,0,6,0,0.94,9.79296875,0,0,0,0,0,2507,256,16,0,0,10.5,0,
window,window,none,fidelity,False,True,16,iid,0.1,2,s036,4,0.0,0.0,0.0,1.5,56,50,50,0,6,0,1.0,9.23046875,0,0,0,0,0,2363,256,16,0,0,8.8125,0,
window,window,none,fidelity,False,True,16,iid,0.1,2,s036,5,0.0,0.0,0.0,4.0,56,50,50,0,6,0,1.0,9.3671875,0,0,0,0,0,2398,256,16,0,0,9.0625,0,
window,window,none,fidelity,False,True,16,iid,0.1,2,s036,6,1.7500000000000009,0.0,0.0,4.0,56,50,50,0,6,0,1.0,8.26953125,0,0,0,0,0,2117,256,16,0,0,9.3125,0,
window,window,none,fidelity,False,True,16,iid,0.1,2,s036,7,0.5,0.0,0.0,3.5000000000000004,56,50,50,0,6,0,1.0,7.6328125,0,0,0,0,0,1954,256,16,0,0,9.0625,0,
window,window,none,fidelity,False,True,16,iid,0.1,2,s036,8,2.250000000000001,0.0,0.0,8.0,56,51,50,1,6,0,1.0,11.2265625,0,0,0,0,0,2874,256,16,0,0,7.5,0,76.0
aeqkad,window,full,fidelity,False,True,16,iid,0.1,0,s036,2,2.250000000000001,0.0,0.0,21.5,56,47,47,0,6,0,0.94,10.0703125,51,3,0,0,1,2578,256,16,0,0,7.5625,0,
aeqkad,window,full,fidelity,False,True,16,iid,0.1,0,s036,3,6.750000000000004,0.0,2.0,8.5,56,44,44,0,6,0,0.88,9.4609375,50,4,0,0,2,2422,256,16,0,0,9.8125,0,
aeqkad,window,full,fidelity,False,True,16,iid,0.1,0,s036,4,0.0,0.0,0.0,4.0,56,47,47,0,6,0,0.94,8.984375,52,1,0,0,4,2300,256,16,0,0,7.8125,0,
aeqkad,window,full,fidelity,False,True,16,iid,0.1,0,s036,5,0.25,0.0,0.0,7.5,56,50,50,0,6,0,1.0,9.44140625,51,1,0,0,0,2417,256,16,0,0,9.9375,0,
aeqkad,window,full,fidelity,False,True,16,iid,0.1,0,s036,6,1.7500000000000009,0.0,0.0,10.5,56,48,48,0,6,0,0.96,7.99609375,51,1,0,0,2,2047,256,16,0,0,9.875,0,
aeqkad,window,full,fidelity,False,True,16,iid,0.1,0,s036,7,0.0,0.0,0.0,3.0,56,46,46,0,6,0,0.92,6.96484375,50,0,0,0,4,1783,256,16,0,0,9.0625,0,
aeqkad,window,full,fidelity,False,True,16,iid,0.1,0,s036,8,2.500000000000001,0.0,0.0,6.0,56,34,34,0,6,0,0.68,10.33203125,50,9,0,0,7,2645,256,16,0,0,8.625,0,0.0
aeqkad,window,full,fidelity,False,True,16,iid,0.1,1,s036,2,2.500000000000001,0.0,0.0,13.5,56,47,47,0,6,0,0.94,10.203125,52,4,0,0,1,2612,256,16,0,0,8.5,0,
aeqkad,window,full,fidelity,False,True,16,iid,0.1,1,s036,3,4.500000000000002,0.0,4.0,6.0,56,44,44,0,6,0,0.88,9.5625,48,2,0,0,2,2448,256,16,0,0,11.4375,0,
aeqkad,window,full,fidelity,False,True,16,iid,0.1,1,s036,4,0.0,0.0,0.0,3.0,56,47,47,0,6,0,0.94,8.84375,50,1,0,0,2,2264,256,16,0,0,8.3125,0,
aeqkad,window,full,fidelity,False,True,16,iid,0.1,1,s036,5,0.0,0.0,0.0,4.0,56,49,49,0,6,0,0.98,8.8359375,51,2,0,0,0,2262,256,16,0,0,7.9375,0,
aeqkad,window,full,fidelity,False,True,16,iid,0.1,1,s036,6,0.0,0.0,0.0,6.0,56,48,48,0,6,0,0.96,8.046875,50,0,0,0,2,2060,256,16,0,0,8.1875,0,
aeqkad,window,full,fidelity,False,True,16,iid,0.1,1,s036,7,0.0,0.0,0.0,4.5,56,49,49,0,6,0,0.98,7.6015625,50,0,0,0,1,1946,256,16,0,0,8.5625,0,
aeqkad,window,full,fidelity,False,True,16,iid,0.1,1,s036,8,6.250000000000003,4.67391304347826,0.0,9.5,56,37,37,0,6,0,0.74,9.59765625,51,9,0,0,5,2457,256,16,0,0,7.5,0,0.0
aeqkad,window,full,fidelity,False,True,16,iid,0.1,2,s036,2,1.7500000000000009,0.0,2.0,8.0,56,47,46,1,6,0,0.92,10.2421875,51,3,0,0,1,2622,256,16,0,0,9.4375,0,
aeqkad,window,full,fidelity,False,True,16,iid,0.1,2,s036,3,6.000000000000003,0.0,6.0,5.0,56,44,44,0,6,0,0.88,9.54296875,47,1,0,0,2,2443,256,16,0,0,10.8125,0,
aeqkad,window,full,fidelity,False,True,16,iid,0.1,2,s036,4,0.0,0.0,0.0,2.0,56,47,47,0,6,0,0.94,8.74609375,50,1,0,0,2,2239,256,16,0,0,9.1875,0,
aeqkad,window,full,fidelity,False,True,16,iid,0.1,2,s036,5,0.0,0.0,0.0,4.5,56,49,49,0,6,0,0.98,8.97265625,50,1,0,0,0,2297,256,16,0,0,9.5,0,
aeqkad,window,full,fidelity,False,True,16,iid,0.1,2,s036,6,1.7500000000000009,0.0,0.0,4.5,56,48,48,0,6,0,0.96,8.015625,50,0,0,0,2,2052,256,16,0,0,10.0,0,
aeqkad,window,full,fidelity,False,True,16,iid,0.1,2,s036,7,0.0,0.0,0.0,0.5,56,49,49,0,6,0,0.98,7.0390625,50,0,0,0,1,1802,256,16,0,0,9.0625,0,
aeqkad,window,full,fidelity,False,True,16,iid,0.1,2,s036,8,2.250000000000001,0.0,2.0,3.5000000000000004,56,37,37,0,6,0,0.74,9.953125,49,7,0,0,5,2548,256,16,0,0,7.5,0,76.0
mm,mm,full,fidelity,False,True,16,iid,0.1,0,s036,2,2.750000000000001,0.0,0.0,72.5,56,47,47,0,6,0,0.94,16.0,54,6,0,0,1,4096,256,16,1,15,78.25,0,
mm,mm,full,fidelity,False,True,16,iid,0.1,0,s036,3,2.000000000000001,0.0,0.0,39.0,56,44,44,0,6,0,0.88,14.6640625,52,4,0,0,4,3754,256,16,1,1,27.8125,0,
mm,mm,full,fidelity,False,True,16,iid,0.1,0,s036,4,0.25,0.0,0.0,11.5,56,47,47,0,6,0,0.94,12.8984375,52,1,0,0,4,3302,256,16,1,1,55.375,0,
mm,mm,full,fidelity,False,True,16,iid,0.1,0,s036,5,0.0,0.0,0.0,13.5,56,50,50,0,6,0,1.0,13.6875,51,1,0,0,0,3504,256,16,1,1,50.0,0,
mm,mm,full,fidelity,False,True,16,iid,0.1,0,s036,6,2.250000000000001,0.0,0.0,16.0,56,48,48,0,6,0,0.96,12.8359375,52,2,0,0,2,3286,256,16,1,1,57.125,0,
mm,mm,full,fidelity,False,True,16,iid,0.1,0,s036,7,0.25,0.0,0.0,15.5,56,46,46,0,6,0,0.92,12.06640625,52,2,0,0,4,3089,256,16,1,1,56.4375,0,
mm,mm,full,fidelity,False,True,16,iid,0.1,0,s036,8,3.7500000000000018,0.0,0.0,9.5,56,34,34,0,6,0,0.68,12.28125,52,8,0,0,10,3144,256,16,1,1,58.9375,0,0.0
mm,mm,full,fidelity,False,True,16,iid,0.1,1,s036,2,6.250000000000003,1.25,0.0,60.0,56,37,37,0,6,0,0.74,16.0,55,17,0,0,1,4096,256,16,1,16,82.375,0,
mm,mm,full,fidelity,False,True,16,iid,0.1,1,s036,3,2.250000000000001,0.0,0.0,31.5,56,44,44,0,6,0,0.88,15.3125,52,4,0,0,4,3920,256,16,1,3,34.875,0,
mm,mm,full,fidelity,False,True,16,iid,0.1,1,s036,4,0.5,0.0,0.0,4.5,56,47,47,0,6,0,0.94,12.10546875,50,1,0,0,2,3099,256,16,1,1,51.25,0,
mm,mm,full,fidelity,False,True,16,iid,0.1,1,s036,5,0.0,0.0,0.0,6.5,56,50,50,0,6,0,1.0,13.453125,51,1,0,0,0,3444,256,16,1,1,44.5625,0,
mm,mm,full,fidelity,False,True,16,iid,0.1,1,s036,6,0.0,0.0,0.0,8.0,56,47,47,0,6,0,0.94,12.8671875,50,1,0,0,2,3294,256,16,1,1,66.6875,0,
mm,mm,full,fidelity,False,True,16,iid,0.1,1,s036,7,0.5,0.0,0.0,11.5,56,49,49,0,6,0,0.98,11.828125,52,2,0,0,1,3028,256,16,1,1,50.9375,0,
mm,mm,full,fidelity,False,True,16,iid,0.1,1,s036,8,4.500000000000002,3.423913043478259,2.0,10.5,56,37,37,0,6,0,0.74,13.44921875,50,6,0,0,7,3443,256,16,1,1,60.5,0,8.0
mm,mm,full,fidelity,False,True,16,iid,0.1,2,s036,2,2.000000000000001,0.0,0.0,43.0,56,47,46,1,6,0,0.92,16.0,53,5,0,0,1,4096,256,16,1,15,78.5625,0,
mm,mm,full,fidelity,False,True,16,iid,0.1,2,s036,3,4.250000000000002,0.0,0.0,14.000000000000002,56,44,44,0,6,0,0.88,14.65234375,50,3,0,0,3,3751,256,16,1,1,29.3125,0,
mm,mm,full,fidelity,False,True,16,iid,0.1,2,s036,4,0.0,0.0,0.0,4.5,56,47,47,0,6,0,0.94,13.6484375,51,2,0,0,2,3494,256,16,1,1,60.375,0,
mm,mm,full,fidelity,False,True,16,iid,0.1,2,s036,5,0.0,0.0,0.0,5.0,56,50,50,0,6,0,1.0,14.0234375,51,1,0,0,0,3590,256,16,1,1,40.75,0,
mm,mm,full,fidelity,False,True,16,iid,0.1,2,s036,6,1.0,0.0,0.0,11.5,56,48,48,0,6,0,0.96,13.7265625,50,0,0,0,2,3514,256,16,1,1,68.0,0,
mm,mm,full,fidelity,False,True,16,iid,0.1,2,s036,7,0.0,0.0,0.0,7.000000000000001,56,49,49,0,6,0,0.98,12.5546875,50,0,0,0,1,3214,256,16,1,1,51.25,0,
mm,mm,full,fidelity,False,True,16,iid,0.1,2,s036,8,4.250000000000002,0.0,2.0,6.0,56,37,37,0,6,0,0.74,13.09765625,50,5,0,0,8,3353,256,16,1,1,55.8125,0,76.0
static,static,none,fidelity,False,True,16,iid,0.1,0,s037,2,30.25,9.347826086956523,2.0,85.5,56,0,0,0,6,0,0.0,36.0,0,0,0,0,0,9216,256,50,0,50,81.5,0,
static,static,none,fidelity,False,True,16,iid,0.1,0,s037,3,22.25,19.945652173913043,2.0,83.5,56,0,0,0,6,0,0.0,36.0,0,0,0,0,0,9216,256,50,0,50,137.5,0,
static,static,none,fidelity,False,True,16,iid,0.1,0,s037,4,29.500000000000004,23.20652173913043,2.0,89.5,56,0,0,0,6,0,0.0,36.0,0,0,0,0,0,9216,256,50,0,50,193.5,0,
static,static,none,fidelity,False,True,16,iid,0.1,0,s037,5,41.0,37.22826086956522,6.0,83.5,56,0,0,0,6,0,0.0,36.0,0,0,0,0,0,9216,256,50,0,50,249.5,0,
static,static,none,fidelity,False,True,16,iid,0.1,0,s037,6,43.99999999999999,45.16304347826087,4.0,83.0,56,0,0,0,6,0,0.0,36.0,0,0,0,0,0,9216,256,50,0,50,305.5,0,
static,static,none,fidelity,False,True,16,iid,0.1,0,s037,7,47.0,39.72826086956521,6.0,85.5,56,0,0,0,6,0,0.0,36.0,0,0,0,0,0,9216,256,50,0,50,361.5,0,
static,static,none,fidelity,False,True,16,iid,0.1,0,s037,8,64.0,69.94565217391305,36.0,82.5,56,0,0,0,6,0,0.0,36.0,0,0,0,0,0,9216,256,50,0,50,417.5,0,72.0
static,static,none,fidelity,False,True,16,iid,0.1,1,s037,2,31.499999999999996,17.445652173913043,4.0,81.0,56,0,0,0,6,0,0.0,37.0,0,0,0,0,0,9472,256,50,0,50,81.5,0,
static,static,none,fidelity,False,True,16,iid,0.1,1,s037,3,24.25,17.445652173913043,2.0,78.5,56,0,0,0,6,0,0.0,37.0,0,0,0,0,0,9472,256,50,0,50,137.5,0,
static,static,none,fidelity,False,True,16,iid,0.1,1,s037,4,25.75,17.282608695652176,2.0,85.0,56,0,0,0,6,0,0.0,37.0,0,0,0,0,0,9472,256,50,0,50,193.5,0,
static,static,none,fidelity,False,True,16,iid,0.1,1,s037,5,43.99999999999999,40.65217391304348,10.0,84.0,56,0,0,0,6,0,0.0,37.0,0,0,0,0,0,9472,256,50,0,50,249.5,0,
static,static,none,fidelity,False,True,16,iid,0.1,1,s037,6,45.49999999999999,42.98913043478261,6.0,83.5,56,0,0,0,6,0,0.0,37.0,0,0,0,0,0,9472,256,50,0,50,305.5,0,
static,static,none,fidelity,False,True,16,iid,0.1,1,s037,7,42.25,37.22826086956522,16.0,83.0,56,0,0,0,6,0,0.0,37.0,0,0,0,0,0,9472,256,50,0,50,361.5,0,
static,static,none,fidelity,False,True,16,iid,0.1,1,s037,8,69.5,71.95652173913044,40.0,81.0,56,0,0,0,6,0,0.0,37.0,0,0,0,0,0,9472,256,50,0,50,417.5,0,98.0
static,static,none,fidelity,False,True,16,iid,0.1,2,s037,2,26.5,9.510869565217387,2.0,89.5,56,0,0,0,6,0,0.0,36.0,0,0,0,0,0,9216,256,50,0,50,81.5,0,
static,static,none,fidelity,False,True,16,iid,0.1,2,s037,3,25.75,17.445652173913043,2.0,84.5,56,0,0,0,6,0,0.0,36.0,0,0,0,0,0,9216,256,50,0,50,137.5,0,
static,static,none,fidelity,False,True,16,iid,0.1,2,s037,4,27.750000000000004,19.945652173913043,2.0,88.0,56,0,0,0,6,0,0.0,36.0,0,0,0,0,0,9216,256,50,0,50,193.5,0,
static,static,none,fidelity,False,True,16,iid,0.1,2,s037,5,37.5,41.90217391304347,6.0,86.0,56,0,0,0,6,0,0.0,36.0,0,0,0,0,0,9216,256,50,0,50,249.5,0,
static,static,none,fidelity,False,True,16,iid,0.1,2,s037,6,43.49999999999999,40.81521739130435,6.0,87.5,56,0,0,0,6,0,0.0,36.0,0,0,0,0,0,9216,256,50,0,50,305.5,0,
static,static,none,fidelity,False,True,16,iid,0.1,2,s037,7,42.75,33.80434782608695,4.0,86.0,56,0,0,0,6,0,0.0,36.0,0,0,0,0,0,9216,256,50,0,50,361.5,0,
static,static,none,fidelity,False,True,16,iid,0.1,2,s037,8,62.74999999999999,71.95652173913044,36.0,84.0,56,0,0,0,6,0,0.0,36.0,0,0,0,0,0,9216,256,50,0,50,417.5,0,88.0
naive,naive,none,fidelity,False,True,16,iid,0.1,0,s037,2,24.25,15.108695652173914,0.0,97.0,56,56,50,6,6,0,1.0,55.51171875,0,0,0,0,0,14211,256,106,0,50,52.971698113207545,6,
naive,naive,none,fidelity,False,True,16,iid,0.1,0,s037,3,23.75,19.78260869565217,0.0,100.0,56,56,50,6,6,0,1.0,83.0703125,0,0,0,0,0,21266,256,162,0,50,80.80864197530865,12,
naive,naive,none,fidelity,False,True,16,iid,0.1,0,s037,4,21.75,15.108695652173914,0.0,100.0,56,56,50,6,6,0,1.0,107.29296875,0,0,0,0,0,27467,256,218,0,50,108.72935779816514,18,
naive,naive,none,fidelity,False,True,16,iid,0.1,0,s037,5,28.75,26.79347826086957,0.0,100.0,56,56,50,6,6,0,1.0,122.84765625,0,0,0,0,0,31449,256,274,0,50,136.6824817518248,24,
naive,naive,none,fidelity,False,True,16,iid,0.1,0,s037,6,23.0,11.684782608695654,0.0,100.0,56,56,50,6,6,0,1.0,145.6484375,0,0,0,0,0,37286,256,330,0,50,164.65151515151516,30,
naive,naive,none,fidelity,False,True,16,iid,0.1,0,s037,7,30.25,30.217391304347828,0.0,100.0,56,56,50,6,6,0,1.0,167.21484375,0,0,0,0,0,42807,256,386,0,50,192.62953367875647,36,
naive,naive,none,fidelity,False,True,16,iid,0.1,0,s037,8,28.25,24.293478260869566,0.0,100.0,56,56,50,6,6,0,1.0,190.0234375,0,0,0,0,0,48646,256,442,0,50,220.6131221719457,42,100.0
naive,naive,none,fidelity,False,True,16,iid,0.1,1,s037,2,27.0,13.858695652173914,0.0,97.5,56,56,50,6,6,0,1.0,55.171875,0,0,0,0,0,14124,256,106,0,50,52.971698113207545,6,
naive,naive,none,fidelity,False,True,16,iid,0.1,1,s037,3,21.25,18.695652173913043,0.0,100.0,56,56,50,6,6,0,1.0,84.07421875,0,0,0,0,0,21523,256,162,0,50,80.80864197530865,12,
naive,naive,none,fidelity,False,True,16,iid,0.1,1,s037,4,16.75,8.097826086956525,0.0,100.0,56,56,50,6,6,0,1.0,103.95703125,0,0,0,0,0,26613,256,218,0,50,108.72935779816514,18,
naive,naive,none,fidelity,False,True,16,iid,0.1,1,s037,5,28.75,21.03260869565217,0.0,100.0,56,56,50,6,6,0,1.0,126.0390625,0,0,0,0,0,32266,256,274,0,50,136.6824817518248,24,
naive,naive,none,fidelity,False,True,16,iid,0.1,1,s037,6,30.25,11.847826086956523,0.0,100.0,56,56,50,6,6,0,1.0,148.3515625,0,0,0,0,0,37978,256,330,0,50,164.65151515151516,30,
naive,naive,none,fidelity,False,True,16,iid,0.1,1,s037,7,31.75,22.28260869565217,0.0,100.0,56,56,50,6,6,0,1.0,167.81640625,0,0,0,0,0,42961,256,386,0,50,192.62953367875647,36,
naive,naive,none,fidelity,False,True,16,iid,0.1,1,s037,8,29.25,24.456521739130437,0.0,100.0,56,56,50,6,6,0,1.0,189.65625,0,0,0,0,0,48552,256,442,0,50,220.6131221719457,42,100.0
naive,naive,none,fidelity,False,True,16,iid,0.1,2,s037,2,26.0,13.858695652173914,0.0,99.5,56,56,50,6,6,0,1.0,54.7890625,0,0,0,0,0,14026,256,106,0,50,52.971698113207545,6,
naive,naive,none,fidelity,False,True,16,iid,0.1,2,s037,3,22.75,19.78260869565217,0.0,100.0,56,56,50,6,6,0,1.0,84.765625,0,0,0,0,0,21700,256,162,0,50,80.80864197530865,12,
naive,naive,none,fidelity,False,True,16,iid,0.1,2,s037,4,23.25,11.684782608695654,0.0,100.0,56,56,50,6,6,0,1.0,108.08203125,0,0,0,0,0,27669,256,218,0,50,108.72935779816514,18,
naive,naive,none,fidelity,False,True,16,iid,0.1,2,s037,5,28.25,23.04347826086957,0.0,100.0,56,56,50,6,6,0,1.0,128.03125,0,0,0,0,0,32776,256,274,0,50,136.6824817518248,24,
naive,naive,none,fidelity,False,True,16,iid,0.1,2,s037,6,27.750000000000004,10.597826086956523,0.0,100.0,56,56,50,6,6,0,1.0,151.58203125,0,0,0,0,0,38805,256,330,0,50,164.65151515151516,30,
naive,naive,none,fidelity,False,True,16,iid,0.1,2,s037,7,30.75,27.717391304347828,0.0,100.0,56,56,50,6,6,0,1.0,170.52734375,0,0,0,0,0,43655,256,386,0,50,192.62953367875647,36,
naive,naive,none,fidelity,False,True,16,iid,0.1,2,s037,8,31.25,25.543478260869566,0.0,100.0,56,56,50,6,6,0,1.0,192.75,0,0,0,0,0,49344,256,442,0,50,220.6131221719457,42,100.0
window,window,none,fidelity,False,True,16,iid,0.1,0,s037,2,21.0,13.858695652173914,8.0,56.49999999999999,56,50,46,4,6,0,0.92,13.94921875,0,0,0,0,0,3571,256,16,0,0,8.375,2,
window,window,none,fidelity,False,True,16,iid,0.1,0,s037,3,21.75,5.597826086956524,12.0,46.0,56,45,44,1,6,0,0.88,12.9140625,0,0,0,0,0,3306,256,16,0,0,12.375,0,
window,window,none,fidelity,False,True,16,iid,0.1,0,s037,4,18.250000000000004,4.67391304347826,4.0,57.49999999999999,56,52,48,4,6,0,0.96,12.46484375,0,0,0,0,0,3191,256,16,0,0,7.5,3,
window,window,none,fidelity,False,True,16,iid,0.1,0,s037,5,29.75,20.869565217391305,10.0,68.0,56,50,45,5,6,0,0.9,13.890625,0,0,0,0,0,3556,256,16,0,0,9.1875,0,
window,window,none,fidelity,False,True,16,iid,0.1,0,s037,6,26.25,8.097826086956525,12.0,57.49999999999999,56,46,44,2,6,0,0.88,11.76171875,0,0,0,0,0,3011,256,16,0,0,10.0625,1,
window,window,none,fidelity,False,True,16,iid,0.1,0,s037,7,33.75,24.456521739130437,8.0,80.5,56,50,46,4,6,0,0.92,13.640625,0,0,0,0,0,3492,256,16,0,0,10.0625,1,
window,window,none,fidelity,False,True,16,iid,0.1,0,s037,8,20.0,8.097826086956525,10.0,56.99999999999999,56,48,45,3,6,0,0.9,11.32421875,0,0,0,0,0,2899,256,16,0,0,8.8125,2,88.0
window,window,none,fidelity,False,True,16,iid,0.1,1,s037,2,25.5,18.695652173913043,4.0,67.0,56,52,48,4,6,0,0.96,14.3046875,0,0,0,0,0,3662,256,16,0,0,8.5,3,
window,window,none,fidelity,False,True,16,iid,0.1,1,s037,3,23.75,8.097826086956525,12.0,54.50000000000001,56,46,44,2,6,0,0.88,12.98046875,0,0,0,0,0,3323,256,16,0,0,10.9375,0,
window,window,none,fidelity,False,True,16,iid,0.1,1,s037,4,16.250000000000004,8.097826086956525,4.0,53.5,56,52,48,4,6,0,0.96,11.98828125,0,0,0,0,0,3069,256,16,0,0,7.5,3,
window,window,none,fidelity,False,True,16,iid,0.1,1,s037,5,32.25,16.195652173913043,10.0,71.0,56,48,45,3,6,0,0.9,13.63671875,0,0,0,0,0,3491,256,16,0,0,10.0,0,
window,window,none,fidelity,False,True,16,iid,0.1,1,s037,6,25.75,7.01086956521739,10.0,64.5,56,48,45,3,6,0,0.9,11.5703125,0,0,0,0,0,2962,256,16,0,0,8.25,2,
window,window,none,fidelity,False,True,16,iid,0.1,1,s037,7,27.250000000000004,19.78260869565217,8.0,76.5,56,51,46,5,6,0,0.92,13.73046875,0,0,0,0,0,3515,256,16,0,0,8.75,3,
window,window,none,fidelity,False,True,16,iid,0.1,1,s037,8,17.750000000000004,8.097826086956525,6.0,59.5,56,51,47,4,6,0,0.94,11.734375,0,0,0,0,0,3004,256,16,0,0,8.875,2,36.0
window,window,none,fidelity,False,True,16,iid,0.1,2,s037,2,24.0,10.434782608695654,4.0,54.0,56,50,48,2,6,0,0.96,13.90234375,0,0,0,0,0,3559,256,16,0,0,9.625,1,
window,window,none,fidelity,False,True,16,iid,0.1,2,s037,3,25.75,9.347826086956523,12.0,50.0,56,47,44,3,6,0,0.88,13.29296875,0,0,0,0,0,3403,256,16,0,0,9.4375,0,
window,window,none,fidelity,False,True,16,iid,0.1,2,s037,4,18.750000000000004,8.097826086956525,4.0,51.5,56,52,48,4,6,0,0.96,12.51953125,0,0,0,0,0,3205,256,16,0,0,7.5,0,
window,window,none,fidelity,False,True,16,iid,0.1,2,s037,5,31.500000000000007,23.20652173913043,22.0,62.5,56,43,39,4,6,0,0.78,12.7578125,0,0,0,0,0,3266,256,16,0,0,9.0625,3,
window,window,none,fidelity,False,True,16,iid,0.1,2,s037,6,24.25,9.347826086956523,12.0,63.5,56,47,44,3,6,0,0.88,11.4921875,0,0,0,0,0,2942,256,16,0,0,9.4375,2,
window,window,none,fidelity,False,True,16,iid,0.1,2,s037,7,32.0,22.1195652173913,10.0,73.5,56,49,45,4,6,0,0.9,13.53515625,0,0,0,0,0,3465,256,16,0,0,8.9375,2,
window,window,none,fidelity,False,True,16,iid,0.1,2,s037,8,24.75,6.847826086956524,10.0,59.0,56,48,45,3,6,0,0.9,11.75,0,0,0,0,0,3008,256,16,0,0,9.3125,2,100.0
aeqkad,window,full,fidelity,False,True,16,iid,0.1,0,s037,2,19.5,10.434782608695654,6.0,51.5,56,39,39,0,6,0,0.78,13.58203125,52,13,0,0,0,3477,256,16,0,0,10.9375,0,
aeqkad,window,full,fidelity,False,True,16,iid,0.1,0,s037,3,22.0,5.597826086956524,16.0,37.5,56,38,38,0,6,0,0.76,12.109375,43,5,0,0,0,3100,256,16,0,0,13.625,0,
aeqkad,window,full,fidelity,False,True,16,iid,0.1,0,s037,4,23.5,4.67391304347826,4.0,50.0,56,42,41,1,6,0,0.82,11.21484375,50,8,0,0,0,2871,256,16,0,0,10.0625,0,
aeqkad,window,full,fidelity,False,True,16,iid,0.1,0,s037,5,27.500000000000004,19.78260869565217,18.0,59.0,56,40,39,1,6,0,0.78,11.66796875,44,4,0,0,0,2987,256,16,0,0,9.875,0,
aeqkad,window,full,fidelity,False,True,16,iid,0.1,0,s037,6,24.25,8.097826086956525,12.0,53.0,56,40,38,2,6,0,0.76,10.74609375,46,6,0,0,0,2751,256,16,0,0,11.5625,1,
aeqkad,window,full,fidelity,False,True,16,iid,0.1,0,s037,7,36.5,25.543478260869566,14.000000000000002,67.5,56,33,33,0,6,0,0.66,11.08984375,46,12,0,0,1,2839,256,16,0,0,15.8125,0,
aeqkad,window,full,fidelity,False,True,16,iid,0.1,0,s037,8,19.5,9.184782608695654,12.0,53.0,56,42,41,1,6,0,0.82,10.86328125,47,5,0,0,0,2781,256,16,0,0,12.25,1,88.0
aeqkad,window,full,fidelity,False,True,16,iid,0.1,1,s037,2,23.5,15.108695652173914,6.0,60.0,56,41,41,0,6,0,0.82,13.5390625,51,9,2,0,1,3466,256,16,0,0,11.6875,0,
aeqkad,window,full,fidelity,False,True,16,iid,0.1,1,s037,3,23.75,5.597826086956524,16.0,43.5,56,38,38,0,6,0,0.76,12.5390625,43,5,0,0,0,3210,256,16,0,0,12.0625,0,
aeqkad,window,full,fidelity,False,True,16,iid,0.1,1,s037,4,19.5,4.67391304347826,4.0,48.5,56,46,43,3,6,0,0.86,11.06640625,52,6,1,0,0,2833,256,16,0,0,8.25,2,
aeqkad,window,full,fidelity,False,True,16,iid,0.1,1,s037,5,30.25,19.6195652173913,18.0,64.5,56,39,39,0,6,0,0.78,12.421875,44,5,1,0,0,3180,256,16,0,0,10.5625,0,
aeqkad,window,full,fidelity,False,True,16,iid,0.1,1,s037,6,24.0,7.01086956521739,12.0,55.50000000000001,56,41,40,1,6,0,0.8,10.71484375,47,6,5,0,0,2743,256,16,0,0,10.5625,0,
aeqkad,window,full,fidelity,False,True,16,iid,0.1,1,s037,7,33.75,23.20652173913043,14.000000000000002,65.0,56,36,34,2,6,0,0.68,11.86328125,47,11,0,0,0,3037,256,16,0,0,13.8125,2,
aeqkad,window,full,fidelity,False,True,16,iid,0.1,1,s037,8,19.75,12.771739130434783,8.0,55.00000000000001,56,42,41,1,6,0,0.82,10.98046875,50,8,0,0,0,2811,256,16,0,0,12.25,1,22.0
aeqkad,window,full,fidelity,False,True,16,iid,0.1,2,s037,2,21.5,10.434782608695654,4.0,50.5,56,39,39,0,6,0,0.78,13.4765625,51,12,0,0,0,3450,256,16,0,0,12.0,0,
aeqkad,window,full,fidelity,False,True,16,iid,0.1,2,s037,3,19.5,5.597826086956524,16.0,42.5,56,40,39,1,6,0,0.78,12.5078125,44,4,0,0,0,3202,256,16,0,0,10.0625,0,
aeqkad,window,full,fidelity,False,True,16,iid,0.1,2,s037,4,22.0,4.67391304347826,6.0,47.5,56,45,42,3,6,0,0.84,12.03515625,52,7,0,0,0,3081,256,16,0,0,8.5625,0,
aeqkad,window,full,fidelity,False,True,16,iid,0.1,2,s037,5,30.000000000000004,24.456521739130437,24.0,57.99999999999999,56,40,36,4,6,0,0.72,11.73046875,42,2,0,0,0,3003,256,16,0,0,9.0625,3,
aeqkad,window,full,fidelity,False,True,16,iid,0.1,2,s037,6,25.5,14.021739130434783,12.0,57.49999999999999,56,39,39,0,6,0,0.78,10.6171875,47,7,0,0,1,2718,256,16,0,0,13.25,0,
aeqkad,window,full,fidelity,False,True,16,iid,0.1,2,s037,7,36.25,23.20652173913043,18.0,62.5,56,33,33,0,6,0,0.66,10.84765625,42,9,0,0,0,2777,256,16,0,0,15.5625,0,
aeqkad,window,full,fidelity,False,True,16,iid,0.1,2,s037,8,19.75,9.184782608695654,12.0,52.0,56,41,41,0,6,0,0.82,11.01171875,46,5,0,0,0,2819,256,16,0,0,13.125,0,96.0
mm,mm,full,fidelity,False,True,16,iid,0.1,0,s037,2,30.999999999999996,18.695652173913043,12.0,71.0,56,28,27,1,6,0,0.54,16.0,50,21,0,0,1,4096,256,16,1,16,81.25,0,
mm,mm,full,fidelity,False,True,16,iid,0.1,0,s037,3,24.5,13.695652173913045,10.0,69.5,56,37,36,1,6,0,0.72,15.9765625,49,10,0,0,2,4090,256,16,1,10,83.9375,0,
mm,mm,full,fidelity,False,True,16,iid,0.1,0,s037,4,18.000000000000004,9.347826086956523,2.0,71.0,56,47,46,1,6,0,0.92,15.0859375,52,5,0,0,0,3862,256,16,1,1,37.4375,1,
mm,mm,full,fidelity,False,True,16,iid,0.1,0,s037,5,30.000000000000004,11.684782608695654,12.0,64.0,56,37,36,1,6,0,0.72,15.90234375,48,11,0,0,0,4071,256,16,1,1,67.8125,0,
mm,mm,full,fidelity,False,True,16,iid,0.1,0,s037,6,25.0,7.01086956521739,2.0,76.5,56,44,42,2,6,0,0.84,15.65625,52,8,0,0,0,4008,256,16,1,1,57.8125,1,
mm,mm,full,fidelity,False,True,16,iid,0.1,0,s037,7,34.25,25.706521739130437,4.0,84.0,56,39,38,1,6,0,0.76,15.921875,54,14,0,0,1,4076,256,16,1,1,74.0,1,
mm,mm,full,fidelity,False,True,16,iid,0.1,0,s037,8,18.25,9.347826086956523,2.0,84.0,56,48,46,2,6,0,0.92,16.0,55,6,0,0,1,4096,256,16,1,1,73.5,2,92.0
mm,mm,full,fidelity,False,True,16,iid,0.1,1,s037,2,32.0,19.6195652173913,8.0,78.0,56,29,29,0,6,0,0.58,16.0,52,20,1,0,3,4096,256,16,1,16,81.25,0,
mm,mm,full,fidelity,False,True,16,iid,0.1,1,s037,3,25.75,13.695652173913045,8.0,67.5,56,38,36,2,6,0,0.72,15.703125,50,9,0,0,3,4020,256,16,1,8,68.8125,0,
mm,mm,full,fidelity,False,True,16,iid,0.1,1,s037,4,18.000000000000004,10.434782608695654,2.0,69.0,56,49,46,3,6,0,0.92,15.3984375,53,4,3,0,0,3942,256,16,1,1,40.8125,2,
mm,mm,full,fidelity,False,True,16,iid,0.1,1,s037,5,28.000000000000004,22.1195652173913,6.0,81.5,56,42,40,2,6,0,0.8,16.0,53,11,10,0,0,4096,256,16,1,1,60.375,4,
mm,mm,full,fidelity,False,True,16,iid,0.1,1,s037,6,27.500000000000004,21.03260869565217,2.0,82.5,56,48,45,3,6,0,0.9,15.75390625,54,5,0,0,1,4033,256,16,1,1,52.0,1,
mm,mm,full,fidelity,False,True,16,iid,0.1,1,s037,7,35.5,27.8804347826087,2.0,85.5,56,44,41,3,6,0,0.82,16.0,53,8,4,0,1,4096,256,16,1,1,50.25,2,
mm,mm,full,fidelity,False,True,16,iid,0.1,1,s037,8,26.0,11.684782608695654,2.0,88.5,56,50,47,3,6,0,0.94,16.0,55,2,7,0,3,4096,256,16,1,1,64.75,3,98.0
mm,mm,full,fidelity,False,True,16,iid,0.1,2,s037,2,24.75,14.021739130434783,10.0,66.0,56,26,26,0,6,0,0.52,16.0,48,21,0,0,1,4096,256,16,1,16,81.25,0,
mm,mm,full,fidelity,False,True,16,iid,0.1,2,s037,3,24.0,18.695652173913043,8.0,64.0,56,32,31,1,6,0,0.62,16.0,48,14,0,0,2,4096,256,16,1,11,88.75,0,
mm,mm,full,fidelity,False,True,16,iid,0.1,2,s037,4,26.25,15.108695652173914,2.0,72.0,56,44,41,3,6,0,0.82,14.86328125,55,11,0,0,0,3805,256,16,1,1,37.25,1,
mm,mm,full,fidelity,False,True,16,iid,0.1,2,s037,5,33.25,18.695652173913043,14.000000000000002,67.0,56,40,38,2,6,0,0.76,15.9453125,48,8,0,0,0,4082,256,16,1,1,64.75,1,
mm,mm,full,fidelity,False,True,16,iid,0.1,2,s037,6,26.25,11.521739130434783,4.0,75.0,56,44,43,1,6,0,0.86,15.5625,51,7,0,0,0,3984,256,16,1,1,47.3125,1,
mm,mm,full,fidelity,False,True,16,iid,0.1,2,s037,7,33.5,21.956521739130437,8.0,82.5,56,38,36,2,6,0,0.72,15.953125,50,11,0,0,1,4084,256,16,1,1,67.1875,2,
mm,mm,full,fidelity,False,True,16,iid,0.1,2,s037,8,26.25,20.869565217391305,6.0,79.5,56,45,44,1,6,0,0.88,16.0,50,4,0,0,1,4096,256,16,1,1,67.8125,2,100.0
static,static,none,fidelity,False,True,16,iid,0.1,0,s038,2,21.75,11.847826086956523,4.0,76.0,56,0,0,0,6,0,0.0,36.0,0,0,0,0,0,9216,256,50,0,50,81.5,0,
static,static,none,fidelity,False,True,16,iid,0.1,0,s038,3,23.25,21.956521739130437,0.0,75.5,56,0,0,0,6,0,0.0,36.0,0,0,0,0,0,9216,256,50,0,50,137.5,0,
static,static,none,fidelity,False,True,16,iid,0.1,0,s038,4,32.49999999999999,27.8804347826087,0.0,74.5,56,0,0,0,6,0,0.0,36.0,0,0,0,0,0,9216,256,50,0,50,193.5,0,
static,static,none,fidelity,False,True,16,iid,0.1,0,s038,5,32.0,28.967391304347828,2.0,74.5,56,0,0,0,6,0,0.0,36.0,0,0,0,0,0,9216,256,50,0,50,249.5,0,
static,static,none,fidelity,False,True,16,iid,0.1,0,s038,6,23.75,16.358695652173914,2.0,75.5,56,0,0,0,6,0,0.0,36.0,0,0,0,0,0,9216,256,50,0,50,305.5,0,
static,static,none,fidelity,False,True,16,iid,0.1,0,s038,7,18.75,12.771739130434783,2.0,69.0,56,0,0,0,6,0,0.0,36.0,0,0,0,0,0,9216,256,50,0,50,361.5,0,
static,static,none,fidelity,False,True,16,iid,0.1,0,s038,8,23.75,25.706521739130437,0.0,73.5,56,0,0,0,6,0,0.0,36.0,0,0,0,0,0,9216,256,50,0,50,417.5,0,92.0
static,static,none,fidelity,False,True,16,iid,0.1,1,s038,2,23.75,18.53260869565217,4.0,77.5,56,0,0,0,6,0,0.0,35.0,0,0,0,0,0,8960,256,50,0,50,81.5,0,
static,static,none,fidelity,False,True,16,iid,0.1,1,s038,3,22.5,17.608695652173914,0.0,79.0,56,0,0,0,6,0,0.0,35.0,0,0,0,0,0,8960,256,50,0,50,137.5,0,
static,static,none,fidelity,False,True,16,iid,0.1,1,s038,4,31.499999999999996,31.467391304347824,0.0,78.5,56,0,0,0,6,0,0.0,35.0,0,0,0,0,0,8960,256,50,0,50,193.5,0,
static,static,none,fidelity,False,True,16,iid,0.1,1,s038,5,31.499999999999996,27.8804347826087,0.0,76.0,56,0,0,0,6,0,0.0,35.0,0,0,0,0,0,8960,256,50,0,50,249.5,0,
static,static,none,fidelity,False,True,16,iid,0.1,1,s038,6,21.5,15.108695652173914,2.0,81.0,56,0,0,0,6,0,0.0,35.0,0,0,0,0,0,8960,256,50,0,50,305.5,0,
static,static,none,fidelity,False,True,16,iid,0.1,1,s038,7,18.500000000000004,17.282608695652176,0.0,74.5,56,0,0,0,6,0,0.0,35.0,0,0,0,0,0,8960,256,50,0,50,361.5,0,
static,static,none,fidelity,False,True,16,iid,0.1,1,s038,8,27.500000000000004,24.456521739130437,0.0,77.0,56,0,0,0,6,0,0.0,35.0,0,0,0,0,0,8960,256,50,0,50,417.5,0,100.0
static,static,none,fidelity,False,True,16,iid,0.1,2,s038,2,20.25,18.53260869565217,4.0,76.0,56,0,0,0,6,0,0.0,36.0,0,0,0,0,0,9216,256,50,0,50,81.5,0,
static,static,none,fidelity,False,True,16,iid,0.1,2,s038,3,22.0,19.6195652173913,0.0,81.5,56,0,0,0,6,0,0.0,36.0,0,0,0,0,0,9216,256,50,0,50,137.5,0,
static,static,none,fidelity,False,True,16,iid,0.1,2,s038,4,28.500000000000004,29.130434782608692,0.0,75.5,56,0,0,0,6,0,0.0,36.0,0,0,0,0,0,9216,256,50,0,50,193.5,0,
static,static,none,fidelity,False,True,16,iid,0.1,2,s038,5,30.999999999999996,22.1195652173913,0.0,76.5,56,0,0,0,6,0,0.0,36.0,0,0,0,0,0,9216,256,50,0,50,249.5,0,
static,static,none,fidelity,False,True,16,iid,0.1,2,s038,6,22.25,17.445652173913043,2.0,76.0,56,0,0,0,6,0,0.0,36.0,0,0,0,0,0,9216,256,50,0,50,305.5,0,
static,static,none,fidelity,False,True,16,iid,0.1,2,s038,7,17.750000000000004,7.33695652173913,0.0,75.5,56,0,0,0,6,0,0.0,36.0,0,0,0,0,0,9216,256,50,0,50,361.5,0,
static,static,none,fidelity,False,True,16,iid,0.1,2,s038,8,28.000000000000004,24.456521739130437,0.0,80.0,56,0,0,0,6,0,0.0,36.0,0,0,0,0,0,9216,256,50,0,50,417.5,0,26.0
naive,naive,none,fidelity,False,True,16,iid,0.1,0,s038,2,27.500000000000004,15.108695652173914,2.0,88.5,56,55,49,6,6,0,0.98,47.78515625,0,0,0,0,0,12233,256,105,0,50,53.06666666666667,6,
naive,naive,none,fidelity,False,True,16,iid,0.1,0,s038,3,22.75,17.445652173913043,0.0,98.0,56,56,50,6,6,0,1.0,72.52734375,0,0,0,0,0,18567,256,161,0,50,80.69565217391305,12,
naive,naive,none,fidelity,False,True,16,iid,0.1,0,s038,4,25.75,25.543478260869566,0.0,99.5,56,56,50,6,6,0,1.0,88.0703125,0,0,0,0,0,22546,256,217,0,50,108.51612903225806,18,
naive,naive,none,fidelity,False,True,16,iid,0.1,0,s038,5,21.75,9.184782608695654,0.0,100.0,56,56,50,6,6,0,1.0,103.1015625,0,0,0,0,0,26394,256,273,0,50,136.4102564102564,24,
naive,naive,none,fidelity,False,True,16,iid,0.1,0,s038,6,16.250000000000004,12.771739130434783,0.0,100.0,56,56,50,6,6,0,1.0,113.171875,0,0,0,0,0,28972,256,329,0,50,164.3404255319149,30,
naive,naive,none,fidelity,False,True,16,iid,0.1,0,s038,7,21.75,15.108695652173914,0.0,100.0,56,56,50,6,6,0,1.0,124.84375,0,0,0,0,0,31960,256,385,0,50,192.29090909090908,36,
naive,naive,none,fidelity,False,True,16,iid,0.1,0,s038,8,20.75,12.771739130434783,0.0,100.0,56,56,50,6,6,0,1.0,135.1015625,0,0,0,0,0,34586,256,441,0,50,220.25396825396825,42,100.0
naive,naive,none,fidelity,False,True,16,iid,0.1,1,s038,2,28.500000000000004,15.108695652173914,2.0,88.5,56,55,49,6,6,0,0.98,47.05859375,0,0,0,0,0,12047,256,105,0,50,53.04761904761905,6,
naive,naive,none,fidelity,False,True,16,iid,0.1,1,s038,3,22.75,16.195652173913043,0.0,100.0,56,56,50,6,6,0,1.0,69.81640625,0,0,0,0,0,17873,256,161,0,50,80.6832298136646,12,
naive,naive,none,fidelity,False,True,16,iid,0.1,1,s038,4,25.5,25.380434782608692,0.0,100.0,56,56,50,6,6,0,1.0,86.30859375,0,0,0,0,0,22095,256,217,0,50,108.50691244239631,18,
naive,naive,none,fidelity,False,True,16,iid,0.1,1,s038,5,16.250000000000004,13.858695652173914,0.0,100.0,56,56,50,6,6,0,1.0,103.96484375,0,0,0,0,0,26615,256,273,0,50,136.4029304029304,24,
naive,naive,none,fidelity,False,True,16,iid,0.1,1,s038,6,19.75,15.108695652173914,0.0,100.0,56,56,50,6,6,0,1.0,113.7109375,0,0,0,0,0,29110,256,329,0,50,164.33434650455928,30,
naive,naive,none,fidelity,False,True,16,iid,0.1,1,s038,7,24.25,18.695652173913043,0.0,100.0,56,56,50,6,6,0,1.0,124.375,0,0,0,0,0,31840,256,385,0,50,192.28571428571428,36,
naive,naive,none,fidelity,False,True,16,iid,0.1,1,s038,8,20.0,16.358695652173914,0.0,100.0,56,56,50,6,6,0,1.0,133.98828125,0,0,0,0,0,34301,256,441,0,50,220.249433106576,42,100.0
naive,naive,none,fidelity,False,True,16,iid,0.1,2,s038,2,28.000000000000004,18.695652173913043,2.0,91.0,56,55,49,6,6,0,0.98,47.42578125,0,0,0,0,0,12141,256,105,0,50,53.05714285714286,6,
naive,naive,none,fidelity,False,True,16,iid,0.1,2,s038,3,20.5,13.858695652173914,0.0,99.0,56,56,50,6,6,0,1.0,72.91796875,0,0,0,0,0,18667,256,161,0,50,80.68944099378882,12,
naive,naive,none,fidelity,False,True,16,iid,0.1,2,s038,4,23.75,18.53260869565217,0.0,100.0,56,56,50,6,6,0,1.0,89.65625,0,0,0,0,0,22952,256,217,0,50,108.5115207373272,18,
naive,naive,none,fidelity,False,True,16,iid,0.1,2,s038,5,21.25,12.771739130434783,0.0,100.0,56,56,50,6,6,0,1.0,108.2890625,0,0,0,0,0,27722,256,273,0,50,136.4065934065934,24,
naive,naive,none,fidelity,False,True,16,iid,0.1,2,s038,6,20.5,14.021739130434783,0.0,100.0,56,56,50,6,6,0,1.0,120.23046875,0,0,0,0,0,30779,256,329,0,50,164.33738601823708,30,
naive,naive,none,fidelity,False,True,16,iid,0.1,2,s038,7,24.25,20.869565217391305,0.0,100.0,56,56,50,6,6,0,1.0,127.8046875,0,0,0,0,0,32718,256,385,0,50,192.2883116883117,36,
naive,naive,none,fidelity,False,True,16,iid,0.1,2,s038,8,23.25,12.771739130434783,0.0,100.0,56,56,50,6,6,0,1.0,137.6953125,0,0,0,0,0,35250,256,441,0,50,220.2517006802721,42,100.0
window,window,none,fidelity,False,True,16,iid,0.1,0,s038,2,28.25,12.771739130434783,12.0,62.5,56,49,44,5,6,0,0.88,13.96875,0,0,0,0,0,3576,256,16,0,0,8.1875,2,
window,window,none,fidelity,False,True,16,iid,0.1,0,s038,3,20.5,10.434782608695654,6.0,59.5,56,50,47,3,6,0,0.94,12.45703125,0,0,0,0,0,3189,256,16,0,0,8.5625,1,
window,window,none,fidelity,False,True,16,iid,0.1,0,s038,4,25.5,10.434782608695654,8.0,57.99999999999999,56,51,46,5,6,0,0.92,10.4140625,0,0,0,0,0,2666,256,16,0,0,7.5,2,
window,window,none,fidelity,False,True,16,iid,0.1,0,s038,5,20.5,12.771739130434783,6.0,67.5,56,51,47,4,6,0,0.94,10.75,0,0,0,0,0,2752,256,16,0,0,7.5625,2,
window,window,none,fidelity,False,True,16,iid,0.1,0,s038,6,17.750000000000004,7.01086956521739,2.0,56.49999999999999,56,54,49,5,6,0,0.98,9.9609375,0,0,0,0,0,2550,256,16,0,0,7.5,0,
window,window,none,fidelity,False,True,16,iid,0.1,0,s038,7,20.5,7.934782608695653,8.0,54.0,56,47,46,1,6,0,0.92,10.61328125,0,0,0,0,0,2717,256,16,0,0,10.0,0,
window,window,none,fidelity,False,True,16,iid,0.1,0,s038,8,18.250000000000004,17.445652173913043,4.0,64.0,56,52,48,4,6,0,0.96,9.82421875,0,0,0,0,0,2515,256,16,0,0,7.5,2,68.0
window,window,none,fidelity,False,True,16,iid,0.1,1,s038,2,31.499999999999996,17.445652173913043,8.0,71.5,56,50,46,4,6,0,0.92,13.91015625,0,0,0,0,0,3561,256,16,0,0,8.6875,3,
window,window,none,fidelity,False,True,16,iid,0.1,1,s038,3,18.750000000000004,16.032608695652172,4.0,66.5,56,51,48,3,6,0,0.96,12.16015625,0,0,0,0,0,3113,256,16,0,0,7.5,3,
window,window,none,fidelity,False,True,16,iid,0.1,1,s038,4,24.25,4.67391304347826,8.0,69.5,56,50,46,4,6,0,0.92,10.91796875,0,0,0,0,0,2795,256,16,0,0,7.5,1,
window,window,none,fidelity,False,True,16,iid,0.1,1,s038,5,22.25,10.434782608695654,6.0,66.0,56,51,47,4,6,0,0.94,10.515625,0,0,0,0,0,2692,256,16,0,0,7.5625,1,
window,window,none,fidelity,False,True,16,iid,0.1,1,s038,6,20.5,6.847826086956524,2.0,61.0,56,52,49,3,6,0,0.98,9.38671875,0,0,0,0,0,2403,256,16,0,0,7.5,1,
window,window,none,fidelity,False,True,16,iid,0.1,1,s038,7,21.0,11.684782608695654,6.0,61.5,56,49,47,2,6,0,0.94,11.08984375,0,0,0,0,0,2839,256,16,0,0,8.75,0,
window,window,none,fidelity,False,True,16,iid,0.1,1,s038,8,17.750000000000004,12.771739130434783,4.0,62.5,56,54,48,6,6,0,0.96,10.13671875,0,0,0,0,0,2595,256,16,0,0,7.5,4,98.0
window,window,none,fidelity,False,True,16,iid,0.1,2,s038,2,30.75,19.78260869565217,12.0,56.00000000000001,56,46,44,2,6,0,0.88,13.109375,0,0,0,0,0,3356,256,16,0,0,9.875,2,
window,window,none,fidelity,False,True,16,iid,0.1,2,s038,3,15.500000000000004,4.67391304347826,4.0,52.0,56,50,48,2,6,0,0.96,12.04296875,0,0,0,0,0,3083,256,16,0,0,8.0625,1,
window,window,none,fidelity,False,True,16,iid,0.1,2,s038,4,21.75,7.01086956521739,8.0,50.5,56,47,46,1,6,0,0.92,10.1171875,0,0,0,0,0,2590,256,16,0,0,8.375,0,
window,window,none,fidelity,False,True,16,iid,0.1,2,s038,5,21.5,12.771739130434783,6.0,52.0,56,50,47,3,6,0,0.94,10.59375,0,0,0,0,0,2712,256,16,0,0,7.5625,1,
window,window,none,fidelity,False,True,16,iid,0.1,2,s038,6,18.750000000000004,10.434782608695654,2.0,53.5,56,54,49,5,6,0,0.98,9.50390625,0,0,0,0,0,2433,256,16,0,0,7.5,1,
window,window,none,fidelity,False,True,16,iid,0.1,2,s038,7,21.0,15.108695652173914,6.0,59.0,56,51,47,4,6,0,0.94,11.16015625,0,0,0,0,0,2857,256,16,0,0,9.5625,0,
window,window,none,fidelity,False,True,16,iid,0.1,2,s038,8,15.750000000000004,8.097826086956525,4.0,59.0,56,51,48,3,6,0,0.96,9.61328125,0,0,0,0,0,2461,256,16,0,0,7.875,3,90.0
aeqkad,window,full,fidelity,False,True,16,iid,0.1,0,s038,2,27.0,15.108695652173914,12.0,57.49999999999999,56,39,37,2,6,0,0.74,12.98828125,49,10,0,0,0,3325,256,16,0,0,10.5625,1,
aeqkad,window,full,fidelity,False,True,16,iid,0.1,0,s038,3,18.250000000000004,10.434782608695654,4.0,55.00000000000001,56,46,45,1,6,0,0.9,11.765625,51,5,0,0,0,3012,256,16,0,0,9.375,0,
aeqkad,window,full,fidelity,False,True,16,iid,0.1,0,s038,4,22.25,7.17391304347826,10.0,52.0,56,44,41,3,6,0,0.82,9.4765625,49,5,0,0,0,2426,256,16,0,0,8.3125,2,
aeqkad,window,full,fidelity,False,True,16,iid,0.1,0,s038,5,17.5,9.510869565217387,6.0,59.5,56,47,46,1,6,0,0.92,9.984375,50,3,0,0,0,2556,256,16,0,0,8.625,0,
aeqkad,window,full,fidelity,False,True,16,iid,0.1,0,s038,6,15.750000000000004,7.01086956521739,2.0,56.00000000000001,56,53,48,5,6,0,0.96,9.68359375,54,1,0,0,0,2479,256,16,0,0,7.5,0,
aeqkad,window,full,fidelity,False,True,16,iid,0.1,0,s038,7,22.25,9.184782608695654,6.0,56.00000000000001,56,44,43,1,6,0,0.86,10.1328125,48,4,0,0,0,2594,256,16,0,0,11.0625,0,
aeqkad,window,full,fidelity,False,True,16,iid,0.1,0,s038,8,19.25,17.445652173913043,8.0,60.0,56,47,44,3,6,0,0.88,8.640625,50,3,0,0,0,2212,256,16,0,0,7.5,2,68.0
aeqkad,window,full,fidelity,False,True,16,iid,0.1,1,s038,2,29.500000000000004,12.771739130434783,12.0,63.0,56,41,39,2,6,0,0.78,12.859375,47,6,26,0,0,3292,256,16,0,0,9.5625,2,
aeqkad,window,full,fidelity,False,True,16,iid,0.1,1,s038,3,22.75,14.945652173913045,4.0,61.5,56,45,44,1,6,0,0.88,11.3984375,50,5,24,0,0,2918,256,16,0,0,9.875,1,
aeqkad,window,full,fidelity,False,True,16,iid,0.1,1,s038,4,22.0,8.097826086956525,8.0,63.0,56,47,44,3,6,0,0.88,9.51171875,49,2,29,0,0,2435,256,16,0,0,8.375,2,
aeqkad,window,full,fidelity,False,True,16,iid,0.1,1,s038,5,21.75,10.434782608695654,6.0,68.5,56,50,47,3,6,0,0.94,10.54296875,52,2,25,0,0,2699,256,16,0,0,8.375,0,
aeqkad,window,full,fidelity,False,True,16,iid,0.1,1,s038,6,19.5,6.847826086956524,2.0,59.0,56,51,48,3,6,0,0.96,9.328125,53,2,27,0,0,2388,256,16,0,0,7.5,1,
aeqkad,window,full,fidelity,False,True,16,iid,0.1,1,s038,7,24.5,11.684782608695654,6.0,55.00000000000001,56,44,43,1,6,0,0.86,10.51171875,50,6,24,0,0,2691,256,16,0,0,9.8125,0,
aeqkad,window,full,fidelity,False,True,16,iid,0.1,1,s038,8,19.75,12.934782608695656,2.0,60.0,56,50,45,5,6,0,0.9,9.01953125,54,4,26,0,0,2309,256,16,0,0,7.5,4,98.0
aeqkad,window,full,fidelity,False,True,16,iid,0.1,2,s038,2,25.25,21.956521739130437,12.0,54.0,56,39,37,2,6,0,0.74,12.703125,46,7,0,0,0,3252,256,16,0,0,11.6875,2,
aeqkad,window,full,fidelity,False,True,16,iid,0.1,2,s038,3,16.250000000000004,4.67391304347826,6.0,48.0,56,44,43,1,6,0,0.86,11.109375,49,5,0,0,0,2844,256,16,0,0,9.3125,0,
aeqkad,window,full,fidelity,False,True,16,iid,0.1,2,s038,4,22.75,9.184782608695654,10.0,50.5,56,41,41,0,6,0,0.82,9.0078125,46,5,0,0,0,2306,256,16,0,0,9.25,0,
aeqkad,window,full,fidelity,False,True,16,iid,0.1,2,s038,5,21.5,12.771739130434783,6.0,51.5,56,47,46,1,6,0,0.92,10.08984375,49,2,0,0,0,2583,256,16,0,0,8.1875,1,
aeqkad,window,full,fidelity,False,True,16,iid,0.1,2,s038,6,18.250000000000004,11.521739130434783,2.0,50.5,56,51,47,4,6,0,0.94,9.00390625,53,2,0,0,0,2305,256,16,0,0,8.1875,1,
aeqkad,window,full,fidelity,False,True,16,iid,0.1,2,s038,7,23.75,15.108695652173914,6.0,54.0,56,45,43,2,6,0,0.86,10.48046875,51,6,0,0,0,2683,256,16,0,0,10.625,0,
aeqkad,window,full,fidelity,False,True,16,iid,0.1,2,s038,8,19.75,10.434782608695654,6.0,56.99999999999999,56,45,44,1,6,0,0.88,8.40625,50,5,0,0,0,2152,256,16,0,0,9.375,1,16.0
mm,mm,full,fidelity,False,True,16,iid,0.1,0,s038,2,24.25,18.53260869565217,6.0,76.5,56,40,40,0,6,0,0.8,16.0,52,12,0,0,0,4096,256,16,1,16,85.125,0,
mm,mm,full,fidelity,False,True,16,iid,0.1,0,s038,3,25.75,18.695652173913043,2.0,67.5,56,46,44,2,6,0,0.88,15.109375,53,7,0,0,0,3868,256,16,1,1,23.75,0,
mm,mm,full,fidelity,False,True,16,iid,0.1,0,s038,4,25.5,19.78260869565217,6.0,68.5,56,49,44,5,6,0,0.88,15.0859375,52,2,0,0,1,3862,256,16,1,1,50.8125,1,
mm,mm,full,fidelity,False,True,16,iid,0.1,0,s038,5,21.0,15.108695652173914,4.0,72.0,56,48,47,1,6,0,0.94,15.296875,51,3,0,0,0,3916,256,16,1,1,51.375,1,
mm,mm,full,fidelity,False,True,16,iid,0.1,0,s038,6,20.25,15.108695652173914,2.0,69.0,56,52,47,5,6,0,0.94,15.00390625,54,2,0,0,0,3841,256,16,1,1,61.125,4,
mm,mm,full,fidelity,False,True,16,iid,0.1,0,s038,7,26.0,16.195652173913043,6.0,75.0,56,45,44,1,6,0,0.88,15.5390625,49,4,0,0,0,3978,256,16,1,1,65.0625,3,
mm,mm,full,fidelity,False,True,16,iid,0.1,0,s038,8,22.0,16.195652173913043,2.0,77.5,56,51,47,4,6,0,0.94,15.3515625,55,4,0,0,0,3930,256,16,1,1,60.9375,3,82.0
mm,mm,full,fidelity,False,True,16,iid,0.1,1,s038,2,25.25,18.53260869565217,4.0,76.0,56,43,42,1,6,0,0.84,16.0,54,11,32,0,0,4096,256,16,1,15,80.5625,0,
mm,mm,full,fidelity,False,True,16,iid,0.1,1,s038,3,20.0,15.108695652173914,0.0,79.5,56,50,49,1,6,0,0.98,15.68359375,55,5,31,0,0,4015,256,16,1,1,27.9375,0,
mm,mm,full,fidelity,False,True,16,iid,0.1,1,s038,4,27.250000000000004,16.195652173913043,2.0,75.0,56,50,47,3,6,0,0.94,15.99609375,53,3,37,0,0,4095,256,16,1,1,50.8125,2,
mm,mm,full,fidelity,False,True,16,iid,0.1,1,s038,5,21.75,15.108695652173914,0.0,82.0,56,51,47,4,6,0,0.94,15.5703125,55,4,43,0,0,3986,256,16,1,1,39.625,3,
mm,mm,full,fidelity,False,True,16,iid,0.1,1,s038,6,20.0,12.771739130434783,2.0,73.5,56,52,49,3,6,0,0.98,15.09765625,52,0,45,0,0,3865,256,16,1,1,59.3125,4,
mm,mm,full,fidelity,False,True,16,iid,0.1,1,s038,7,22.5,12.771739130434783,4.0,84.5,56,48,45,3,6,0,0.9,15.75,53,5,37,0,0,4032,256,16,1,1,55.0625,5,
mm,mm,full,fidelity,False,True,16,iid,0.1,1,s038,8,23.5,15.108695652173914,0.0,87.5,56,54,49,5,6,0,0.98,15.89453125,56,2,44,0,0,4069,256,16,1,1,57.6875,4,100.0
mm,mm,full,fidelity,False,True,16,iid,0.1,2,s038,2,27.500000000000004,19.78260869565217,6.0,62.0,56,37,36,1,6,0,0.72,16.0,53,16,0,0,0,4096,256,16,1,16,85.5625,0,
mm,mm,full,fidelity,False,True,16,iid,0.1,2,s038,3,25.75,24.456521739130437,2.0,69.5,56,41,39,2,6,0,0.78,15.37890625,53,12,0,0,0,3937,256,16,1,4,40.0625,2,
mm,mm,full,fidelity,False,True,16,iid,0.1,2,s038,4,23.5,18.695652173913043,8.0,64.5,56,43,43,0,6,0,0.86,14.51953125,49,6,0,0,0,3717,256,16,1,1,46.5625,2,
mm,mm,full,fidelity,False,True,16,iid,0.1,2,s038,5,20.75,8.097826086956525,2.0,69.0,56,48,47,1,6,0,0.94,15.87109375,53,5,0,0,0,4063,256,16,1,1,50.6875,0,
mm,mm,full,fidelity,False,True,16,iid,0.1,2,s038,6,19.75,15.108695652173914,2.0,67.0,56,53,48,5,6,0,0.96,15.44921875,54,1,0,0,0,3955,256,16,1,1,60.9375,3,
mm,mm,full,fidelity,False,True,16,iid,0.1,2,s038,7,28.500000000000004,18.53260869565217,6.0,73.5,56,47,43,4,6,0,0.86,15.97265625,53,6,0,0,0,4089,256,16,1,1,71.1875,6,
mm,mm,full,fidelity,False,True,16,iid,0.1,2,s038,8,19.75,14.021739130434783,2.0,77.0,56,50,48,2,6,0,0.96,15.65234375,54,4,0,0,0,4007,256,16,1,1,56.0,2,80.0
static,static,none,fidelity,False,True,16,iid,0.1,0,s039,2,14.500000000000002,2.33695652173913,12.0,34.5,56,0,0,0,6,0,0.0,41.0,0,0,0,0,0,10496,256,50,0,50,81.5,0,
static,static,none,fidelity,False,True,16,iid,0.1,0,s039,3,13.750000000000002,0.0,10.0,33.5,56,0,0,0,6,0,0.0,41.0,0,0,0,0,0,10496,256,50,0,50,137.5,0,
static,static,none,fidelity,False,True,16,iid,0.1,0,s039,4,18.250000000000004,3.423913043478259,14.000000000000002,37.0,56,0,0,0,6,0,0.0,41.0,0,0,0,0,0,10496,256,50,0,50,193.5,0,
static,static,none,fidelity,False,True,16,iid,0.1,0,s039,5,11.5,0.0,8.0,33.5,56,0,0,0,6,0,0.0,41.0,0,0,0,0,0,10496,256,50,0,50,249.5,0,
static,static,none,fidelity,False,True,16,iid,0.1,0,s039,6,15.0,2.33695652173913,8.0,29.5,56,0,0,0,6,0,0.0,41.0,0,0,0,0,0,10496,256,50,0,50,305.5,0,
static,static,none,fidelity,False,True,16,iid,0.1,0,s039,7,9.75,3.423913043478259,12.0,34.0,56,0,0,0,6,0,0.0,41.0,0,0,0,0,0,10496,256,50,0,50,361.5,0,
static,static,none,fidelity,False,True,16,iid,0.1,0,s039,8,18.250000000000004,4.67391304347826,14.000000000000002,33.0,56,0,0,0,6,0,0.0,41.0,0,0,0,0,0,10496,256,50,0,50,417.5,0,24.0
static,static,none,fidelity,False,True,16,iid,0.1,1,s039,2,18.75,0.0,14.000000000000002,33.0,56,0,0,0,6,0,0.0,40.0,0,0,0,0,0,10240,256,50,0,50,81.5,0,
static,static,none,fidelity,False,True,16,iid,0.1,1,s039,3,13.750000000000002,0.0,10.0,31.5,56,0,0,0,6,0,0.0,40.0,0,0,0,0,0,10240,256,50,0,50,137.5,0,
static,static,none,fidelity,False,True,16,iid,0.1,1,s039,4,14.500000000000002,3.423913043478259,14.000000000000002,36.0,56,0,0,0,6,0,0.0,40.0,0,0,0,0,0,10240,256,50,0,50,193.5,0,
static,static,none,fidelity,False,True,16,iid,0.1,1,s039,5,11.249999999999998,3.423913043478259,8.0,36.0,56,0,0,0,6,0,0.0,40.0,0,0,0,0,0,10240,256,50,0,50,249.5,0,
static,static,none,fidelity,False,True,16,iid,0.1,1,s039,6,7.249999999999999,0.0,8.0,34.5,56,0,0,0,6,0,0.0,40.0,0,0,0,0,0,10240,256,50,0,50,305.5,0,
static,static,none,fidelity,False,True,16,iid,0.1,1,s039,7,9.75,1.25,12.0,28.000000000000004,56,0,0,0,6,0,0.0,40.0,0,0,0,0,0,10240,256,50,0,50,361.5,0,
static,static,none,fidelity,False,True,16,iid,0.1,1,s039,8,20.0,4.67391304347826,14.000000000000002,35.5,56,0,0,0,6,0,0.0,40.0,0,0,0,0,0,10240,256,50,0,50,417.5,0,24.0
static,static,none,fidelity,False,True,16,iid,0.1,2,s039,2,14.250000000000002,0.0,6.0,45.5,56,0,0,0,6,0,0.0,42.0,0,0,0,0,0,10752,256,50,0,50,81.5,0,
static,static,none,fidelity,False,True,16,iid,0.1,2,s039,3,12.25,0.0,10.0,40.0,56,0,0,0,6,0,0.0,42.0,0,0,0,0,0,10752,256,50,0,50,137.5,0,
static,static,none,fidelity,False,True,16,iid,0.1,2,s039,4,16.250000000000004,1.25,10.0,44.5,56,0,0,0,6,0,0.0,42.0,0,0,0,0,0,10752,256,50,0,50,193.5,0,
static,static,none,fidelity,False,True,16,iid,0.1,2,s039,5,12.5,0.0,6.0,44.0,56,0,0,0,6,0,0.0,42.0,0,0,0,0,0,10752,256,50,0,50,249.5,0,
static,static,none,fidelity,False,True,16,iid,0.1,2,s039,6,7.75,0.0,8.0,52.0,56,0,0,0,6,0,0.0,42.0,0,0,0,0,0,10752,256,50,0,50,305.5,0,
static,static,none,fidelity,False,True,16,iid,0.1,2,s039,7,10.0,5.760869565217389,12.0,51.0,56,0,0,0,6,0,0.0,42.0,0,0,0,0,0,10752,256,50,0,50,361.5,0,
static,static,none,fidelity,False,True,16,iid,0.1,2,s039,8,17.000000000000004,3.58695652173913,14.000000000000002,46.0,56,0,0,0,6,0,0.0,42.0,0,0,0,0,0,10752,256,50,0,50,417.5,0,10.0
naive,naive,none,fidelity,False,True,16,iid,0.1,0,s039,2,16.75,0.0,6.0,42.0,56,48,47,1,6,0,0.94,52.92578125,0,0,0,0,0,13549,256,98,0,50,54.642857142857146,1,
naive,naive,none,fidelity,False,True,16,iid,0.1,0,s039,3,17.0,0.0,6.0,69.0,56,51,47,4,6,0,0.94,69.81640625,0,0,0,0,0,17873,256,149,0,50,82.00671140939598,5,
naive,naive,none,fidelity,False,True,16,iid,0.1,0,s039,4,17.750000000000004,3.423913043478259,0.0,80.5,56,56,50,6,6,0,1.0,91.21875,0,0,0,0,0,23352,256,205,0,50,107.81951219512194,11,
naive,naive,none,fidelity,False,True,16,iid,0.1,0,s039,5,12.75,2.33695652173913,0.0,97.5,56,56,50,6,6,0,1.0,111.3125,0,0,0,0,0,28496,256,261,0,50,134.57088122605364,17,
naive,naive,none,fidelity,False,True,16,iid,0.1,0,s039,6,7.75,0.0,0.0,99.5,56,56,50,6,6,0,1.0,132.25390625,0,0,0,0,0,33857,256,317,0,50,161.76340694006308,23,
naive,naive,none,fidelity,False,True,16,iid,0.1,0,s039,7,7.499999999999998,7.01086956521739,0.0,100.0,56,56,50,6,6,0,1.0,142.56640625,0,0,0,0,0,36497,256,373,0,50,189.19839142091152,29,
naive,naive,none,fidelity,False,True,16,iid,0.1,0,s039,8,14.750000000000002,7.01086956521739,0.0,100.0,56,56,50,6,6,0,1.0,163.53515625,0,0,0,0,0,41865,256,429,0,50,216.78088578088577,35,100.0
naive,naive,none,fidelity,False,True,16,iid,0.1,1,s039,2,13.750000000000002,0.0,6.0,38.5,56,48,47,1,6,0,0.94,52.953125,0,0,0,0,0,13556,256,98,0,50,54.05102040816327,1,
naive,naive,none,fidelity,False,True,16,iid,0.1,1,s039,3,15.75,0.0,8.0,68.5,56,51,46,5,6,0,0.92,70.2421875,0,0,0,0,0,17982,256,149,0,50,81.51677852348993,6,
naive,naive,none,fidelity,False,True,16,iid,0.1,1,s039,4,12.250000000000002,2.33695652173913,0.0,85.5,56,56,50,6,6,0,1.0,93.30078125,0,0,0,0,0,23885,256,205,0,50,107.46341463414636,12,
naive,naive,none,fidelity,False,True,16,iid,0.1,1,s039,5,12.75,2.33695652173913,0.0,95.0,56,55,50,5,6,0,1.0,113.27734375,0,0,0,0,0,28999,256,260,0,50,134.7076923076923,17,
naive,naive,none,fidelity,False,True,16,iid,0.1,1,s039,6,9.25,0.0,0.0,99.0,56,56,50,6,6,0,1.0,129.65625,0,0,0,0,0,33192,256,316,0,50,161.78481012658227,23,
naive,naive,none,fidelity,False,True,16,iid,0.1,1,s039,7,9.25,2.33695652173913,0.0,100.0,56,56,50,6,6,0,1.0,142.671875,0,0,0,0,0,36524,256,372,0,50,189.13978494623652,29,
naive,naive,none,fidelity,False,True,16,iid,0.1,1,s039,8,16.500000000000004,2.33695652173913,0.0,100.0,56,56,50,6,6,0,1.0,161.625,0,0,0,0,0,41376,256,428,0,50,216.6635514018692,35,100.0
naive,naive,none,fidelity,False,True,16,iid,0.1,2,s039,2,15.750000000000004,0.0,4.0,63.0,56,52,48,4,6,0,0.96,54.1015625,0,0,0,0,0,13850,256,102,0,50,53.34313725490196,4,
naive,naive,none,fidelity,False,True,16,iid,0.1,2,s039,3,16.000000000000004,0.0,4.0,86.5,56,54,48,6,6,0,0.96,76.3515625,0,0,0,0,0,19546,256,156,0,50,80.92948717948718,10,
naive,naive,none,fidelity,False,True,16,iid,0.1,2,s039,4,17.5,1.25,0.0,98.0,56,56,50,6,6,0,1.0,98.6640625,0,0,0,0,0,25258,256,212,0,50,108.02358490566036,16,
naive,naive,none,fidelity,False,True,16,iid,0.1,2,s039,5,9.749999999999998,0.0,0.0,99.5,56,56,50,6,6,0,1.0,121.03125,0,0,0,0,0,30984,256,268,0,50,135.4962686567164,22,
naive,naive,none,fidelity,False,True,16,iid,0.1,2,s039,6,9.25,0.0,0.0,100.0,56,56,50,6,6,0,1.0,138.59765625,0,0,0,0,0,35481,256,324,0,50,163.15123456790124,28,
naive,naive,none,fidelity,False,True,16,iid,0.1,2,s039,7,9.0,6.847826086956524,0.0,100.0,56,56,50,6,6,0,1.0,151.296875,0,0,0,0,0,38732,256,380,0,50,190.9078947368421,34,
naive,naive,none,fidelity,False,True,16,iid,0.1,2,s039,8,17.750000000000004,8.097826086956525,0.0,100.0,56,56,50,6,6,0,1.0,166.16796875,0,0,0,0,0,42539,256,436,0,50,218.72706422018348,40,100.0
window,window,none,fidelity,False,True,16,iid,0.1,0,s039,2,18.000000000000004,7.01086956521739,14.000000000000002,22.5,56,45,43,2,6,0,0.86,15.2109375,0,0,0,0,0,3894,256,16,0,0,9.125,1,
window,window,none,fidelity,False,True,16,iid,0.1,0,s039,3,20.5,0.0,20.0,8.5,56,41,40,1,6,0,0.8,12.33984375,0,0,0,0,0,3159,256,16,0,0,11.0,1,
window,window,none,fidelity,False,True,16,iid,0.1,0,s039,4,15.000000000000002,0.0,18.0,14.000000000000002,56,41,41,0,6,0,0.82,12.0390625,0,0,0,0,0,3082,256,16,0,0,10.875,0,
window,window,none,fidelity,False,True,16,iid,0.1,0,s039,5,11.249999999999998,2.33695652173913,8.0,14.499999999999998,56,47,46,1,6,0,0.92,13.03125,0,0,0,0,0,3336,256,16,0,0,8.9375,1,
window,window,none,fidelity,False,True,16,iid,0.1,0,s039,6,12.0,0.0,12.0,11.0,56,44,44,0,6,0,0.88,10.7265625,0,0,0,0,0,2746,256,16,0,0,7.9375,0,
window,window,none,fidelity,False,True,16,iid,0.1,0,s039,7,14.750000000000002,0.0,14.000000000000002,10.5,56,44,43,1,6,0,0.86,11.35546875,0,0,0,0,0,2907,256,16,0,0,9.375,1,
window,window,none,fidelity,False,True,16,iid,0.1,0,s039,8,15.750000000000004,2.33695652173913,18.0,15.5,56,42,41,1,6,0,0.82,13.12890625,0,0,0,0,0,3361,256,16,0,0,10.4375,0,16.0
window,window,none,fidelity,False,True,16,iid,0.1,1,s039,2,13.750000000000002,0.0,14.000000000000002,16.0,56,44,43,1,6,0,0.86,15.16015625,0,0,0,0,0,3881,256,16,0,0,7.875,1,
window,window,none,fidelity,False,True,16,iid,0.1,1,s039,3,22.25,0.0,20.0,11.5,56,41,40,1,6,0,0.8,11.9453125,0,0,0,0,0,3058,256,16,0,0,10.6875,1,
window,window,none,fidelity,False,True,16,iid,0.1,1,s039,4,13.750000000000002,2.33695652173913,18.0,11.5,56,41,41,0,6,0,0.82,12.07421875,0,0,0,0,0,3091,256,16,0,0,8.25,0,
window,window,none,fidelity,False,True,16,iid,0.1,1,s039,5,15.250000000000002,1.0869565217391297,14.000000000000002,16.0,56,44,43,1,6,0,0.86,12.65625,0,0,0,0,0,3240,256,16,0,0,9.75,1,
window,window,none,fidelity,False,True,16,iid,0.1,1,s039,6,11.5,0.0,12.0,7.000000000000001,56,44,44,0,6,0,0.88,10.609375,0,0,0,0,0,2716,256,16,0,0,7.625,0,
window,window,none,fidelity,False,True,16,iid,0.1,1,s039,7,15.250000000000002,0.0,14.000000000000002,6.0,56,43,43,0,6,0,0.86,11.5546875,0,0,0,0,0,2958,256,16,0,0,8.5,0,
window,window,none,fidelity,False,True,16,iid,0.1,1,s039,8,18.500000000000004,2.33695652173913,20.0,11.0,56,40,40,0,6,0,0.8,12.5546875,0,0,0,0,0,3214,256,16,0,0,10.0,0,10.0
window,window,none,fidelity,False,True,16,iid,0.1,2,s039,2,18.000000000000004,4.67391304347826,12.0,26.0,56,47,44,3,6,0,0.88,15.25,0,0,0,0,0,3904,256,16,0,0,7.9375,1,
window,window,none,fidelity,False,True,16,iid,0.1,2,s039,3,20.75,0.0,20.0,15.5,56,40,40,0,6,0,0.8,11.88671875,0,0,0,0,0,3043,256,16,0,0,10.8125,0,
window,window,none,fidelity,False,True,16,iid,0.1,2,s039,4,13.0,2.33695652173913,16.0,17.5,56,43,42,1,6,0,0.84,12.359375,0,0,0,0,0,3164,256,16,0,0,9.5625,0,
window,window,none,fidelity,False,True,16,iid,0.1,2,s039,5,9.499999999999998,0.0,8.0,13.5,56,48,46,2,6,0,0.92,13.0078125,0,0,0,0,0,3330,256,16,0,0,8.625,1,
window,window,none,fidelity,False,True,16,iid,0.1,2,s039,6,12.5,0.0,10.0,14.499999999999998,56,45,45,0,6,0,0.9,11.0,0,0,0,0,0,2816,256,16,0,0,8.375,0,
window,window,none,fidelity,False,True,16,iid,0.1,2,s039,7,15.75,0.0,14.000000000000002,13.0,56,43,43,0,6,0,0.86,11.49609375,0,0,0,0,0,2943,256,16,0,0,7.8125,0,
window,window,none,fidelity,False,True,16,iid,0.1,2,s039,8,18.000000000000004,2.33695652173913,18.0,17.0,56,42,41,1,6,0,0.82,13.05078125,0,0,0,0,0,3341,256,16,0,0,10.4375,0,0.0
aeqkad,window,full,fidelity,False,True,16,iid,0.1,0,s039,2,14.250000000000002,5.923913043478259,14.000000000000002,21.0,56,36,36,0,6,0,0.72,14.7890625,43,7,0,0,0,3786,256,16,0,0,10.8125,0,
aeqkad,window,full,fidelity,False,True,16,iid,0.1,0,s039,3,19.5,0.0,20.0,7.000000000000001,56,38,37,1,6,0,0.74,11.62890625,42,4,0,0,0,2977,256,16,0,0,11.0,1,
aeqkad,window,full,fidelity,False,True,16,iid,0.1,0,s039,4,15.000000000000002,0.0,16.0,14.000000000000002,56,31,31,0,6,0,0.62,10.87890625,42,11,0,0,0,2785,256,16,0,0,15.25,0,
aeqkad,window,full,fidelity,False,True,16,iid,0.1,0,s039,5,11.75,2.33695652173913,12.0,12.0,56,38,38,0,6,0,0.76,11.796875,44,6,0,0,0,3020,256,16,0,0,11.9375,0,
aeqkad,window,full,fidelity,False,True,16,iid,0.1,0,s039,6,12.75,0.0,12.0,10.5,56,41,41,0,6,0,0.82,9.9140625,44,3,0,0,0,2538,256,16,0,0,8.1875,0,
aeqkad,window,full,fidelity,False,True,16,iid,0.1,0,s039,7,11.75,0.0,14.000000000000002,10.0,56,40,39,1,6,0,0.78,11.359375,44,4,0,0,0,2908,256,16,0,0,10.5,1,
aeqkad,window,full,fidelity,False,True,16,iid,0.1,0,s039,8,20.0,2.33695652173913,24.0,12.5,56,34,34,0,6,0,0.68,12.12890625,39,5,0,0,0,3105,256,16,0,0,13.0,0,16.0
aeqkad,window,full,fidelity,False,True,16,iid,0.1,1,s039,2,13.25,0.0,16.0,15.5,56,37,37,0,6,0,0.74,14.98046875,43,6,0,0,0,3835,256,16,0,0,9.3125,0,
aeqkad,window,full,fidelity,False,True,16,iid,0.1,1,s039,3,21.25,0.0,20.0,8.5,56,37,37,0,6,0,0.74,10.87890625,41,4,0,0,0,2785,256,16,0,0,11.8125,0,
aeqkad,window,full,fidelity,False,True,16,iid,0.1,1,s039,4,14.500000000000002,2.33695652173913,22.0,9.0,56,36,36,0,6,0,0.72,11.3203125,39,3,0,0,0,2898,256,16,0,0,9.1875,0,
aeqkad,window,full,fidelity,False,True,16,iid,0.1,1,s039,5,14.000000000000002,1.0869565217391297,12.0,16.0,56,39,38,1,6,0,0.76,12.3359375,45,6,0,0,0,3158,256,16,0,0,10.25,1,
aeqkad,window,full,fidelity,False,True,16,iid,0.1,1,s039,6,9.25,0.0,12.0,5.5,56,41,41,0,6,0,0.82,10.19140625,44,3,0,0,0,2609,256,16,0,0,8.125,0,
aeqkad,window,full,fidelity,False,True,16,iid,0.1,1,s039,7,10.25,0.0,16.0,6.0,56,39,39,0,6,0,0.78,10.90625,42,3,0,0,0,2792,256,16,0,0,9.625,0,
aeqkad,window,full,fidelity,False,True,16,iid,0.1,1,s039,8,22.25,4.67391304347826,24.0,9.5,56,34,34,0,6,0,0.68,11.75,38,4,0,0,0,3008,256,16,0,0,12.6875,0,12.0
aeqkad,window,full,fidelity,False,True,16,iid,0.1,2,s039,2,13.750000000000002,0.0,12.0,23.0,56,39,38,1,6,0,0.76,15.0078125,47,8,0,0,0,3842,256,16,0,0,9.125,0,
aeqkad,window,full,fidelity,False,True,16,iid,0.1,2,s039,3,18.250000000000004,0.0,20.0,13.5,56,37,37,0,6,0,0.74,11.46875,40,3,0,0,0,2936,256,16,0,0,10.8125,0,
aeqkad,window,full,fidelity,False,True,16,iid,0.1,2,s039,4,11.250000000000002,0.0,16.0,12.5,56,36,36,0,6,0,0.72,11.3359375,43,7,0,0,0,2902,256,16,0,0,10.4375,0,
aeqkad,window,full,fidelity,False,True,16,iid,0.1,2,s039,5,10.249999999999998,0.0,8.0,13.0,56,41,40,1,6,0,0.8,12.234375,48,7,0,0,0,3132,256,16,0,0,11.0,0,
aeqkad,window,full,fidelity,False,True,16,iid,0.1,2,s039,6,11.5,0.0,12.0,12.0,56,42,42,0,6,0,0.84,10.08203125,44,2,0,0,0,2581,256,16,0,0,8.375,0,
aeqkad,window,full,fidelity,False,True,16,iid,0.1,2,s039,7,9.000000000000002,0.0,14.000000000000002,9.5,56,40,40,0,6,0,0.8,11.078125,43,3,0,0,0,2836,256,16,0,0,9.1875,0,
aeqkad,window,full,fidelity,False,True,16,iid,0.1,2,s039,8,18.0,4.67391304347826,24.0,12.0,56,34,34,0,6,0,0.68,11.94921875,39,5,0,0,0,3059,256,16,0,0,13.125,0,2.0
mm,mm,full,fidelity,False,True,16,iid,0.1,0,s039,2,16.250000000000004,2.5,6.0,34.0,56,34,34,0,6,0,0.68,16.0,47,13,0,0,0,4096,256,16,1,16,88.875,0,
mm,mm,full,fidelity,False,True,16,iid,0.1,0,s039,3,15.250000000000002,0.0,12.0,27.0,56,41,40,1,6,0,0.8,15.578125,47,6,0,0,0,3988,256,16,1,3,37.5,1,
mm,mm,full,fidelity,False,True,16,iid,0.1,0,s039,4,18.250000000000004,0.0,14.000000000000002,25.0,56,35,35,0,6,0,0.7,15.13671875,43,8,0,0,0,3875,256,16,1,1,58.625,1,
mm,mm,full,fidelity,False,True,16,iid,0.1,0,s039,5,11.5,2.33695652173913,6.0,21.5,56,42,42,0,6,0,0.84,15.8515625,49,7,0,0,0,4058,256,16,1,1,60.125,0,
mm,mm,full,fidelity,False,True,16,iid,0.1,0,s039,6,14.250000000000002,0.0,10.0,19.5,56,42,42,0,6,0,0.84,14.703125,45,3,0,0,0,3764,256,16,1,1,59.375,0,
mm,mm,full,fidelity,False,True,16,iid,0.1,0,s039,7,9.5,0.0,14.000000000000002,18.0,56,43,42,1,6,0,0.84,15.09765625,45,2,0,0,0,3865,256,16,1,1,52.0625,1,
mm,mm,full,fidelity,False,True,16,iid,0.1,0,s039,8,26.5,2.33695652173913,20.0,17.5,56,33,33,0,6,0,0.66,15.1171875,41,8,0,0,0,3870,256,16,1,1,66.5625,1,20.0
mm,mm,full,fidelity,False,True,16,iid,0.1,1,s039,2,15.750000000000004,0.0,12.0,25.0,56,36,36,0,6,0,0.72,16.0,45,9,0,0,0,4096,256,16,1,16,89.8125,0,
mm,mm,full,fidelity,False,True,16,iid,0.1,1,s039,3,11.75,0.0,12.0,16.5,56,40,40,0,6,0,0.8,15.078125,45,5,0,0,0,3860,256,16,1,2,30.125,0,
mm,mm,full,fidelity,False,True,16,iid,0.1,1,s039,4,18.250000000000004,1.25,20.0,16.5,56,36,35,1,6,0,0.7,15.15625,42,6,0,0,0,3880,256,16,1,1,45.0,1,
mm,mm,full,fidelity,False,True,16,iid,0.1,1,s039,5,9.25,1.0869565217391297,8.0,20.0,56,41,40,1,6,0,0.8,15.94921875,47,6,0,0,0,4083,256,16,1,1,60.875,2,
mm,mm,full,fidelity,False,True,16,iid,0.1,1,s039,6,13.5,0.0,10.0,15.5,56,44,44,0,6,0,0.88,16.0,45,1,0,0,0,4096,256,16,1,1,57.4375,1,
mm,mm,full,fidelity,False,True,16,iid,0.1,1,s039,7,12.0,0.0,12.0,12.5,56,43,43,0,6,0,0.86,15.51171875,45,2,0,0,0,3971,256,16,1,1,54.375,0,
mm,mm,full,fidelity,False,True,16,iid,0.1,1,s039,8,14.000000000000002,6.847826086956524,14.000000000000002,12.0,56,37,37,0,6,0,0.74,15.953125,43,6,0,0,0,4084,256,16,1,1,74.9375,0,18.0
mm,mm,full,fidelity,False,True,16,iid,0.1,2,s039,2,15.750000000000004,0.0,6.0,47.0,56,35,35,0,6,0,0.7,16.0,51,16,0,0,0,4096,256,16,1,16,90.25,0,
mm,mm,full,fidelity,False,True,16,iid,0.1,2,s039,3,12.25,0.0,12.0,32.5,56,40,40,0,6,0,0.8,15.40234375,46,6,0,0,0,3943,256,16,1,2,29.75,0,
mm,mm,full,fidelity,False,True,16,iid,0.1,2,s039,4,13.5,2.33695652173913,14.000000000000002,19.0,56,38,38,0,6,0,0.76,15.68359375,44,6,0,0,0,4015,256,16,1,1,51.375,0,
mm,mm,full,fidelity,False,True,16,iid,0.1,2,s039,5,12.75,0.0,4.0,21.0,56,43,42,1,6,0,0.84,15.9765625,51,8,0,0,0,4090,256,16,1,1,60.25,0,
mm,mm,full,fidelity,False,True,16,iid,0.1,2,s039,6,15.0,0.0,10.0,23.5,56,43,43,0,6,0,0.86,15.25390625,45,2,0,0,0,3905,256,16,1,1,59.875,0,
mm,mm,full,fidelity,False,True,16,iid,0.1,2,s039,7,8.75,0.0,14.000000000000002,23.0,56,41,41,0,6,0,0.82,14.65234375,43,2,0,0,0,3751,256,16,1,1,59.8125,0,
mm,mm,full,fidelity,False,True,16,iid,0.1,2,s039,8,23.25,2.33695652173913,22.0,19.5,56,33,33,0,6,0,0.66,14.4765625,40,7,0,0,0,3706,256,16,1,1,63.125,0,2.0
static,static,none,fidelity,False,True,16,iid,0.1,0,s040,2,48.0,46.57608695652174,6.0,89.5,56,0,0,0,6,0,0.0,34.0,0,0,0,0,0,8704,256,50,0,50,81.5,0,
static,static,none,fidelity,False,True,16,iid,0.1,0,s040,3,31.25,15.108695652173914,8.0,92.0,56,0,0,0,6,0,0.0,34.0,0,0,0,0,0,8704,256,50,0,50,137.5,0,
static,static,none,fidelity,False,True,16,iid,0.1,0,s040,4,34.5,26.79347826086957,2.0,95.5,56,0,0,0,6,0,0.0,34.0,0,0,0,0,0,8704,256,50,0,50,193.5,0,
static,static,none,fidelity,False,True,16,iid,0.1,0,s040,5,26.5,5.760869565217389,6.0,92.5,56,0,0,0,6,0,0.0,34.0,0,0,0,0,0,8704,256,50,0,50,249.5,0,
static,static,none,fidelity,False,True,16,iid,0.1,0,s040,6,26.25,12.771739130434783,6.0,94.5,56,0,0,0,6,0,0.0,34.0,0,0,0,0,0,8704,256,50,0,50,305.5,0,
static,static,none,fidelity,False,True,16,iid,0.1,0,s040,7,19.0,9.347826086956523,4.0,94.5,56,0,0,0,6,0,0.0,34.0,0,0,0,0,0,8704,256,50,0,50,361.5,0,
static,static,none,fidelity,False,True,16,iid,0.1,0,s040,8,24.5,15.108695652173914,2.0,94.5,56,0,0,0,6,0,0.0,34.0,0,0,0,0,0,8704,256,50,0,50,417.5,0,98.0
static,static,none,fidelity,False,True,16,iid,0.1,1,s040,2,48.5,45.326086956521735,4.0,95.5,56,0,0,0,6,0,0.0,33.0,0,0,0,0,0,8448,256,50,0,50,81.5,0,
static,static,none,fidelity,False,True,16,iid,0.1,1,s040,3,32.25,12.771739130434783,6.0,94.0,56,0,0,0,6,0,0.0,33.0,0,0,0,0,0,8448,256,50,0,50,137.5,0,
static,static,none,fidelity,False,True,16,iid,0.1,1,s040,4,34.0,22.1195652173913,0.0,97.0,56,0,0,0,6,0,0.0,33.0,0,0,0,0,0,8448,256,50,0,50,193.5,0,
static,static,none,fidelity,False,True,16,iid,0.1,1,s040,5,23.75,5.760869565217389,6.0,97.5,56,0,0,0,6,0,0.0,33.0,0,0,0,0,0,8448,256,50,0,50,249.5,0,
static,static,none,fidelity,False,True,16,iid,0.1,1,s040,6,27.25,14.021739130434783,6.0,95.5,56,0,0,0,6,0,0.0,33.0,0,0,0,0,0,8448,256,50,0,50,305.5,0,
static,static,none,fidelity,False,True,16,iid,0.1,1,s040,7,20.25,10.434782608695654,2.0,98.0,56,0,0,0,6,0,0.0,33.0,0,0,0,0,0,8448,256,50,0,50,361.5,0,
static,static,none,fidelity,False,True,16,iid,0.1,1,s040,8,29.500000000000004,8.097826086956525,2.0,98.0,56,0,0,0,6,0,0.0,33.0,0,0,0,0,0,8448,256,50,0,50,417.5,0,100.0
static,static,none,fidelity,False,True,16,iid,0.1,2,s040,2,48.5,45.326086956521735,6.0,93.5,56,0,0,0,6,0,0.0,33.0,0,0,0,0,0,8448,256,50,0,50,81.5,0,
static,static,none,fidelity,False,True,16,iid,0.1,2,s040,3,30.75,13.858695652173914,8.0,93.0,56,0,0,0,6,0,0.0,33.0,0,0,0,0,0,8448,256,50,0,50,137.5,0,
static,static,none,fidelity,False,True,16,iid,0.1,2,s040,4,31.25,19.945652173913043,2.0,96.5,56,0,0,0,6,0,0.0,33.0,0,0,0,0,0,8448,256,50,0,50,193.5,0,
static,static,none,fidelity,False,True,16,iid,0.1,2,s040,5,26.25,5.760869565217389,8.0,93.0,56,0,0,0,6,0,0.0,33.0,0,0,0,0,0,8448,256,50,0,50,249.5,0,
static,static,none,fidelity,False,True,16,iid,0.1,2,s040,6,22.0,12.771739130434783,10.0,94.0,56,0,0,0,6,0,0.0,33.0,0,0,0,0,0,8448,256,50,0,50,305.5,0,
static,static,none,fidelity,False,True,16,iid,0.1,2,s040,7,21.5,10.434782608695654,6.0,95.5,56,0,0,0,6,0,0.0,33.0,0,0,0,0,0,8448,256,50,0,50,361.5,0,
static,static,none,fidelity,False,True,16,iid,0.1,2,s040,8,23.75,9.184782608695654,4.0,93.5,56,0,0,0,6,0,0.0,33.0,0,0,0,0,0,8448,256,50,0,50,417.5,0,100.0
naive,naive,none,fidelity,False,True,16,iid,0.1,0,s040,2,35.25,23.20652173913043,2.0,97.5,56,54,49,5,6,0,0.98,52.44140625,0,0,0,0,0,13425,256,104,0,50,53.15384615384615,5,
naive,naive,none,fidelity,False,True,16,iid,0.1,0,s040,3,38.0,30.380434782608702,0.0,100.0,56,56,50,6,6,0,1.0,87.86328125,0,0,0,0,0,22493,256,160,0,50,80.575,11,
naive,naive,none,fidelity,False,True,16,iid,0.1,0,s040,4,33.75,21.03260869565217,0.0,100.0,56,56,50,6,6,0,1.0,116.8515625,0,0,0,0,0,29914,256,216,0,50,108.29629629629628,17,
naive,naive,none,fidelity,False,True,16,iid,0.1,0,s040,5,40.75,31.467391304347824,0.0,100.0,56,56,50,6,6,0,1.0,141.12890625,0,0,0,0,0,36129,256,272,0,50,136.13235294117646,23,
naive,naive,none,fidelity,False,True,16,iid,0.1,0,s040,6,34.25,34.891304347826086,0.0,100.0,56,56,50,6,6,0,1.0,166.484375,0,0,0,0,0,42620,256,328,0,50,164.02439024390245,29,
naive,naive,none,fidelity,False,True,16,iid,0.1,0,s040,7,37.75,27.8804347826087,0.0,100.0,56,56,50,6,6,0,1.0,184.5234375,0,0,0,0,0,47238,256,384,0,50,191.94791666666663,35,
naive,naive,none,fidelity,False,True,16,iid,0.1,0,s040,8,34.5,32.55434782608696,0.0,100.0,56,56,50,6,6,0,1.0,198.59375,0,0,0,0,0,50840,256,440,0,50,219.8909090909091,41,100.0
naive,naive,none,fidelity,False,True,16,iid,0.1,1,s040,2,30.25,23.20652173913043,2.0,98.5,56,55,49,6,6,0,0.98,55.24609375,0,0,0,0,0,14143,256,105,0,50,53.10476190476191,6,
naive,naive,none,fidelity,False,True,16,iid,0.1,1,s040,3,39.75,34.891304347826086,0.0,100.0,56,56,50,6,6,0,1.0,88.1328125,0,0,0,0,0,22562,256,161,0,50,80.72049689440993,12,
naive,naive,none,fidelity,False,True,16,iid,0.1,1,s040,4,34.25,17.445652173913043,0.0,100.0,56,56,50,6,6,0,1.0,115.69140625,0,0,0,0,0,29617,256,217,0,50,108.53456221198157,18,
naive,naive,none,fidelity,False,True,16,iid,0.1,1,s040,5,45.74999999999999,32.391304347826086,0.0,100.0,56,56,50,6,6,0,1.0,139.87109375,0,0,0,0,0,35807,256,273,0,50,136.42490842490844,24,
naive,naive,none,fidelity,False,True,16,iid,0.1,1,s040,6,38.75,30.380434782608702,0.0,100.0,56,56,50,6,6,0,1.0,164.94921875,0,0,0,0,0,42227,256,329,0,50,164.35258358662614,30,
naive,naive,none,fidelity,False,True,16,iid,0.1,1,s040,7,39.5,27.8804347826087,0.0,100.0,56,56,50,6,6,0,1.0,181.515625,0,0,0,0,0,46468,256,385,0,50,192.3012987012987,36,
naive,naive,none,fidelity,False,True,16,iid,0.1,1,s040,8,34.25,27.8804347826087,0.0,100.0,56,56,50,6,6,0,1.0,197.94921875,0,0,0,0,0,50675,256,441,0,50,220.26303854875283,42,100.0
naive,naive,none,fidelity,False,True,16,iid,0.1,2,s040,2,37.25,34.891304347826086,2.0,96.5,56,54,49,5,6,0,0.98,53.01171875,0,0,0,0,0,13571,256,104,0,50,53.125,5,
naive,naive,none,fidelity,False,True,16,iid,0.1,2,s040,3,38.5,34.891304347826086,0.0,100.0,56,56,50,6,6,0,1.0,86.08984375,0,0,0,0,0,22039,256,160,0,50,80.55625,11,
naive,naive,none,fidelity,False,True,16,iid,0.1,2,s040,4,38.0,32.22826086956522,0.0,100.0,56,56,50,6,6,0,1.0,114.61328125,0,0,0,0,0,29341,256,216,0,50,108.2824074074074,17,
naive,naive,none,fidelity,False,True,16,iid,0.1,2,s040,5,42.75,35.97826086956522,0.0,100.0,56,56,50,6,6,0,1.0,142.09765625,0,0,0,0,0,36377,256,272,0,50,136.12132352941177,23,
naive,naive,none,fidelity,False,True,16,iid,0.1,2,s040,6,40.25,37.22826086956522,0.0,100.0,56,56,50,6,6,0,1.0,169.375,0,0,0,0,0,43360,256,328,0,50,164.015243902439,29,
naive,naive,none,fidelity,False,True,16,iid,0.1,2,s040,7,43.75,33.80434782608695,0.0,100.0,56,56,50,6,6,0,1.0,182.53515625,0,0,0,0,0,46729,256,384,0,50,191.94010416666663,35,
naive,naive,none,fidelity,False,True,16,iid,0.1,2,s040,8,33.25,29.130434782608692,0.0,100.0,56,56,50,6,6,0,1.0,197.6953125,0,0,0,0,0,50610,256,440,0,50,219.8840909090909,41,100.0
window,window,none,fidelity,False,True,16,iid,0.1,0,s040,2,22.25,10.434782608695654,6.0,61.0,56,52,47,5,6,0,0.94,13.921875,0,0,0,0,0,3564,256,16,0,0,9.0625,0,
window,window,none,fidelity,False,True,16,iid,0.1,0,s040,3,46.25,36.141304347826086,34.0,75.0,56,36,33,3,6,0,0.66,14.1484375,0,0,0,0,0,3622,256,16,0,0,9.125,2,
window,window,none,fidelity,False,True,16,iid,0.1,0,s040,4,38.0,24.456521739130437,8.0,87.5,56,52,46,6,6,0,0.92,14.53515625,0,0,0,0,0,3721,256,16,0,0,7.5,1,
window,window,none,fidelity,False,True,16,iid,0.1,0,s040,5,38.5,30.217391304347828,14.000000000000002,88.0,56,49,43,6,6,0,0.86,14.88671875,0,0,0,0,0,3811,256,16,0,0,8.0625,0,
window,window,none,fidelity,False,True,16,iid,0.1,0,s040,6,28.000000000000004,14.021739130434783,6.0,72.0,56,50,47,3,6,0,0.94,13.7890625,0,0,0,0,0,3530,256,16,0,0,7.5,1,
window,window,none,fidelity,False,True,16,iid,0.1,0,s040,7,27.500000000000004,15.108695652173914,8.0,85.5,56,51,46,5,6,0,0.92,13.04296875,0,0,0,0,0,3339,256,16,0,0,7.5,2,
window,window,none,fidelity,False,True,16,iid,0.1,0,s040,8,35.25,17.445652173913043,16.0,86.5,56,48,42,6,6,0,0.84,13.23828125,0,0,0,0,0,3389,256,16,0,0,8.6875,3,94.0
window,window,none,fidelity,False,True,16,iid,0.1,1,s040,2,17.750000000000004,2.33695652173913,6.0,54.50000000000001,56,48,47,1,6,0,0.94,13.86328125,0,0,0,0,0,3549,256,16,0,0,9.5625,0,
window,window,none,fidelity,False,True,16,iid,0.1,1,s040,3,46.25,32.55434782608696,26.0,78.0,56,43,37,6,6,0,0.74,14.40234375,0,0,0,0,0,3687,256,16,0,0,8.9375,2,
window,window,none,fidelity,False,True,16,iid,0.1,1,s040,4,36.0,22.1195652173913,8.0,89.5,56,52,46,6,6,0,0.92,14.53515625,0,0,0,0,0,3721,256,16,0,0,7.5,1,
window,window,none,fidelity,False,True,16,iid,0.1,1,s040,5,36.0,22.1195652173913,14.000000000000002,82.0,56,47,43,4,6,0,0.86,14.640625,0,0,0,0,0,3748,256,16,0,0,8.8125,0,
window,window,none,fidelity,False,True,16,iid,0.1,1,s040,6,34.0,21.03260869565217,10.0,76.0,56,49,45,4,6,0,0.9,13.60546875,0,0,0,0,0,3483,256,16,0,0,8.375,2,
window,window,none,fidelity,False,True,16,iid,0.1,1,s040,7,29.000000000000004,20.869565217391305,12.0,88.5,56,50,44,6,6,0,0.88,13.30859375,0,0,0,0,0,3407,256,16,0,0,7.75,0,
window,window,none,fidelity,False,True,16,iid,0.1,1,s040,8,29.25,16.358695652173914,24.0,74.0,56,41,38,3,6,0,0.76,12.1640625,0,0,0,0,0,3114,256,16,0,0,11.6875,1,78.0
window,window,none,fidelity,False,True,16,iid,0.1,2,s040,2,27.500000000000004,19.78260869565217,12.0,74.5,56,49,44,5,6,0,0.88,13.9296875,0,0,0,0,0,3566,256,16,0,0,8.8125,1,
window,window,none,fidelity,False,True,16,iid,0.1,2,s040,3,41.5,30.217391304347828,24.0,79.0,56,43,38,5,6,0,0.76,14.0390625,0,0,0,0,0,3594,256,16,0,0,9.125,2,
window,window,none,fidelity,False,True,16,iid,0.1,2,s040,4,36.0,27.8804347826087,10.0,84.5,56,48,45,3,6,0,0.9,14.63671875,0,0,0,0,0,3747,256,16,0,0,9.0,2,
window,window,none,fidelity,False,True,16,iid,0.1,2,s040,5,29.75,16.195652173913043,12.0,82.5,56,49,44,5,6,0,0.88,14.390625,0,0,0,0,0,3684,256,16,0,0,8.4375,3,
window,window,none,fidelity,False,True,16,iid,0.1,2,s040,6,33.24999999999999,19.78260869565217,16.0,74.5,56,46,42,4,6,0,0.84,13.8203125,0,0,0,0,0,3538,256,16,0,0,7.6875,0,
window,window,none,fidelity,False,True,16,iid,0.1,2,s040,7,25.5,11.684782608695654,10.0,82.5,56,49,45,4,6,0,0.9,13.0234375,0,0,0,0,0,3334,256,16,0,0,7.625,1,
window,window,none,fidelity,False,True,16,iid,0.1,2,s040,8,35.25,16.195652173913043,22.0,77.0,56,45,39,6,6,0,0.78,13.39453125,0,0,0,0,0,3429,256,16,0,0,11.1875,1,18.0
aeqkad,window,full,fidelity,False,True,16,iid,0.1,0,s040,2,20.25,8.260869565217389,12.0,52.0,56,36,36,0,6,0,0.72,13.671875,48,12,0,0,0,3500,256,16,0,0,11.3125,0,
aeqkad,window,full,fidelity,False,True,16,iid,0.1,0,s040,3,54.0,41.90217391304347,72.0,42.5,56,9,8,1,6,0,0.16,10.21875,16,7,0,0,0,2616,256,16,0,0,30.375,1,
aeqkad,window,full,fidelity,False,True,16,iid,0.1,0,s040,4,42.25,25.543478260869566,26.0,74.5,56,32,30,2,6,0,0.6,12.1796875,42,10,0,0,0,3118,256,16,0,0,9.125,1,
aeqkad,window,full,fidelity,False,True,16,iid,0.1,0,s040,5,36.25,22.1195652173913,16.0,73.0,56,27,27,0,6,0,0.54,12.26171875,47,20,0,0,0,3139,256,16,0,0,14.0625,0,
aeqkad,window,full,fidelity,False,True,16,iid,0.1,0,s040,6,26.0,17.445652173913043,20.0,68.5,56,31,30,1,6,0,0.6,11.234375,44,13,0,0,0,2876,256,16,0,0,10.375,0,
aeqkad,window,full,fidelity,False,True,16,iid,0.1,0,s040,7,27.500000000000004,12.771739130434783,12.0,69.5,56,39,37,2,6,0,0.74,11.26171875,49,10,0,0,0,2883,256,16,0,0,10.5,1,
aeqkad,window,full,fidelity,False,True,16,iid,0.1,0,s040,8,35.75,10.434782608695654,22.0,62.0,56,33,32,1,6,0,0.64,11.56640625,43,10,0,0,0,2961,256,16,0,0,13.3125,1,90.0
aeqkad,window,full,fidelity,False,True,16,iid,0.1,1,s040,2,18.250000000000004,2.33695652173913,12.0,50.0,56,40,40,0,6,0,0.8,13.421875,45,5,0,0,0,3436,256,16,0,0,10.5,0,
aeqkad,window,full,fidelity,False,True,16,iid,0.1,1,s040,3,52.25,51.08695652173913,52.0,57.49999999999999,56,19,16,3,6,0,0.32,12.66015625,28,9,0,0,0,3241,256,16,0,0,10.8125,2,
aeqkad,window,full,fidelity,False,True,16,iid,0.1,1,s040,4,35.75,20.869565217391305,14.000000000000002,80.0,56,36,33,3,6,0,0.66,12.91796875,48,12,0,0,0,3307,256,16,0,0,8.875,1,
aeqkad,window,full,fidelity,False,True,16,iid,0.1,1,s040,5,34.75,23.20652173913043,14.000000000000002,75.5,56,35,33,2,6,0,0.66,13.1171875,47,12,0,0,0,3358,256,16,0,0,10.25,0,
aeqkad,window,full,fidelity,False,True,16,iid,0.1,1,s040,6,32.25,23.20652173913043,18.0,76.0,56,38,34,4,6,0,0.68,12.546875,45,7,0,0,0,3212,256,16,0,0,9.6875,2,
aeqkad,window,full,fidelity,False,True,16,iid,0.1,1,s040,7,26.25,15.108695652173914,10.0,72.0,56,38,37,1,6,0,0.74,11.68359375,50,12,0,0,0,2991,256,16,0,0,9.25,0,
aeqkad,window,full,fidelity,False,True,16,iid,0.1,1,s040,8,34.25,9.184782608695654,24.0,63.0,56,33,32,1,6,0,0.64,11.59765625,41,8,0,0,0,2969,256,16,0,0,15.0625,1,78.0
aeqkad,window,full,fidelity,False,True,16,iid,0.1,2,s040,2,22.25,8.260869565217389,12.0,77.0,56,38,36,2,6,0,0.72,13.66796875,49,11,0,0,0,3499,256,16,0,0,10.1875,1,
aeqkad,window,full,fidelity,False,True,16,iid,0.1,2,s040,3,54.25,54.673913043478265,46.0,70.0,56,21,16,5,6,0,0.32,11.91015625,32,11,0,0,0,3049,256,16,0,0,11.0,2,
aeqkad,window,full,fidelity,False,True,16,iid,0.1,2,s040,4,40.0,32.55434782608696,20.0,81.0,56,34,32,2,6,0,0.64,12.7421875,43,9,0,0,0,3262,256,16,0,0,9.875,1,
aeqkad,window,full,fidelity,False,True,16,iid,0.1,2,s040,5,37.5,19.78260869565217,16.0,75.5,56,29,27,2,6,0,0.54,12.453125,46,17,0,0,0,3188,256,16,0,0,17.25,0,
aeqkad,window,full,fidelity,False,True,16,iid,0.1,2,s040,6,27.0,12.934782608695656,24.0,56.00000000000001,56,32,32,0,6,0,0.64,11.265625,42,10,0,0,0,2884,256,16,0,0,9.8125,0,
aeqkad,window,full,fidelity,False,True,16,iid,0.1,2,s040,7,28.500000000000004,12.771739130434783,12.0,69.0,56,37,37,0,6,0,0.74,11.16015625,48,11,0,0,0,2857,256,16,0,0,10.375,0,
aeqkad,window,full,fidelity,False,True,16,iid,0.1,2,s040,8,34.5,10.434782608695654,28.000000000000004,56.00000000000001,56,32,32,0,6,0,0.64,11.3515625,40,8,0,0,0,2906,256,16,0,0,12.0625,0,68.0
mm,mm,full,fidelity,False,True,16,iid,0.1,0,s040,2,39.75,32.55434782608696,4.0,89.0,56,13,12,1,6,0,0.24,16.0,53,40,0,0,0,4096,256,16,1,16,86.375,0,
mm,mm,full,fidelity,False,True,16,iid,0.1,0,s040,3,28.25,11.684782608695654,8.0,93.5,56,27,27,0,6,0,0.54,16.0,52,25,0,0,0,4096,256,16,1,16,142.375,0,
mm,mm,full,fidelity,False,True,16,iid,0.1,0,s040,4,27.750000000000004,19.78260869565217,0.0,91.5,56,30,30,0,6,0,0.6,15.875,56,26,0,0,0,4064,256,16,1,6,74.4375,0,
mm,mm,full,fidelity,False,True,16,iid,0.1,0,s040,5,27.500000000000004,12.771739130434783,8.0,86.0,56,31,31,0,6,0,0.62,15.71875,52,21,0,0,0,4024,256,16,1,1,52.375,0,
mm,mm,full,fidelity,False,True,16,iid,0.1,0,s040,6,20.0,7.01086956521739,8.0,91.0,56,40,39,1,6,0,0.78,16.0,51,11,0,0,0,4096,256,16,1,1,78.0,1,
mm,mm,full,fidelity,False,True,16,iid,0.1,0,s040,7,22.0,10.434782608695654,4.0,92.0,56,42,40,2,6,0,0.8,15.97265625,53,11,0,0,0,4089,256,16,1,1,69.8125,1,
mm,mm,full,fidelity,False,True,16,iid,0.1,0,s040,8,29.5,13.858695652173914,16.0,87.5,56,36,34,2,6,0,0.68,15.703125,48,12,0,0,0,4020,256,16,1,1,60.875,1,92.0
mm,mm,full,fidelity,False,True,16,iid,0.1,1,s040,2,38.75,38.47826086956522,6.0,94.0,56,20,20,0,6,0,0.4,16.0,53,33,0,0,0,4096,256,16,1,16,85.8125,0,
mm,mm,full,fidelity,False,True,16,iid,0.1,1,s040,3,28.25,8.260869565217389,10.0,90.5,56,32,31,1,6,0,0.62,16.0,51,19,0,0,0,4096,256,16,1,14,121.9375,0,
mm,mm,full,fidelity,False,True,16,iid,0.1,1,s040,4,33.75,19.78260869565217,2.0,93.0,56,45,42,3,6,0,0.84,16.0,54,9,0,0,0,4096,256,16,1,1,36.6875,2,
mm,mm,full,fidelity,False,True,16,iid,0.1,1,s040,5,42.25,39.56521739130434,12.0,97.0,56,35,32,3,6,0,0.64,15.87109375,48,13,0,0,0,4063,256,16,1,1,69.5,2,
mm,mm,full,fidelity,False,True,16,iid,0.1,1,s040,6,38.5,27.8804347826087,4.0,92.5,56,42,37,5,6,0,0.74,15.828125,54,12,0,0,0,4052,256,16,1,1,63.0625,1,
mm,mm,full,fidelity,False,True,16,iid,0.1,1,s040,7,29.000000000000004,16.195652173913043,2.0,94.5,56,42,41,1,6,0,0.82,15.66015625,55,13,0,0,0,4009,256,16,1,1,53.625,2,
mm,mm,full,fidelity,False,True,16,iid,0.1,1,s040,8,28.75,21.03260869565217,14.000000000000002,91.5,56,38,36,2,6,0,0.72,15.8984375,49,11,0,0,0,4070,256,16,1,1,78.25,2,92.0
mm,mm,full,fidelity,False,True,16,iid,0.1,2,s040,2,40.5,34.891304347826086,6.0,91.5,56,13,12,1,6,0,0.24,16.0,52,39,0,0,0,4096,256,16,1,16,86.375,0,
mm,mm,full,fidelity,False,True,16,iid,0.1,2,s040,3,30.25,15.108695652173914,12.0,88.5,56,29,29,0,6,0,0.58,16.0,50,21,0,0,0,4096,256,16,1,16,142.375,0,
mm,mm,full,fidelity,False,True,16,iid,0.1,2,s040,4,25.5,14.021739130434783,2.0,89.0,56,31,31,0,6,0,0.62,15.90234375,52,21,0,0,0,4071,256,16,1,6,75.6875,0,
mm,mm,full,fidelity,False,True,16,iid,0.1,2,s040,5,28.500000000000004,10.434782608695654,8.0,81.5,56,36,36,0,6,0,0.72,15.8671875,50,14,0,0,0,4062,256,16,1,1,54.75,0,
mm,mm,full,fidelity,False,True,16,iid,0.1,2,s040,6,22.5,8.097826086956525,4.0,89.0,56,39,39,0,6,0,0.78,16.0,53,14,0,0,0,4096,256,16,1,1,70.9375,0,
mm,mm,full,fidelity,False,True,16,iid,0.1,2,s040,7,22.75,10.434782608695654,4.0,89.0,56,42,41,1,6,0,0.82,16.0,52,10,0,0,0,4096,256,16,1,1,65.8125,1,
mm,mm,full,fidelity,False,True,16,iid,0.1,2,s040,8,35.25,30.217391304347828,10.0,91.0,56,40,36,4,6,0,0.72,15.953125,51,11,0,0,0,4084,256,16,1,1,72.6875,2,98.0
static,static,none,fidelity,False,True,16,iid,0.1,0,s041,2,36.25,25.543478260869566,10.0,71.0,56,0,0,0,6,0,0.0,41.0,0,0,0,0,0,10496,256,50,0,50,81.5,0,
static,static,none,fidelity,False,True,16,iid,0.1,0,s041,3,47.5,52.33695652173913,18.0,65.5,56,0,0,0,6,0,0.0,41.0,0,0,0,0,0,10496,256,50,0,50,137.5,0,
static,static,none,fidelity,False,True,16,iid,0.1,0,s041,4,28.750000000000004,24.456521739130437,8.0,62.0,56,0,0,0,6,0,0.0,41.0,0,0,0,0,0,10496,256,50,0,50,193.5,0,
static,static,none,fidelity,False,True,16,iid,0.1,0,s041,5,40.25,41.73913043478261,10.0,70.0,56,0,0,0,6,0,0.0,41.0,0,0,0,0,0,10496,256,50,0,50,249.5,0,
static,static,none,fidelity,False,True,16,iid,0.1,0,s041,6,42.00000000000001,41.73913043478261,16.0,69.0,56,0,0,0,6,0,0.0,41.0,0,0,0,0,0,10496,256,50,0,50,305.5,0,
static,static,none,fidelity,False,True,16,iid,0.1,0,s041,7,32.25,24.456521739130437,12.0,64.0,56,0,0,0,6,0,0.0,41.0,0,0,0,0,0,10496,256,50,0,50,361.5,0,
static,static,none,fidelity,False,True,16,iid,0.1,0,s041,8,43.99999999999999,45.326086956521735,12.0,62.5,56,0,0,0,6,0,0.0,41.0,0,0,0,0,0,10496,256,50,0,50,417.5,0,50.0
static,static,none,fidelity,False,True,16,iid,0.1,1,s041,2,32.75,20.869565217391305,12.0,58.5,56,0,0,0,6,0,0.0,41.0,0,0,0,0,0,10496,256,50,0,50,81.5,0,
static,static,none,fidelity,False,True,16,iid,0.1,1,s041,3,42.00000000000001,42.82608695652174,24.0,56.99999999999999,56,0,0,0,6,0,0.0,41.0,0,0,0,0,0,10496,256,50,0,50,137.5,0,
static,static,none,fidelity,False,True,16,iid,0.1,1,s041,4,30.25,26.6304347826087,8.0,57.49999999999999,56,0,0,0,6,0,0.0,41.0,0,0,0,0,0,10496,256,50,0,50,193.5,0,
static,static,none,fidelity,False,True,16,iid,0.1,1,s041,5,40.0,36.141304347826086,16.0,61.5,56,0,0,0,6,0,0.0,41.0,0,0,0,0,0,10496,256,50,0,50,249.5,0,
static,static,none,fidelity,False,True,16,iid,0.1,1,s041,6,42.75,46.41304347826088,16.0,63.0,56,0,0,0,6,0,0.0,41.0,0,0,0,0,0,10496,256,50,0,50,305.5,0,
static,static,none,fidelity,False,True,16,iid,0.1,1,s041,7,32.0,26.79347826086957,14.000000000000002,59.5,56,0,0,0,6,0,0.0,41.0,0,0,0,0,0,10496,256,50,0,50,361.5,0,
static,static,none,fidelity,False,True,16,iid,0.1,1,s041,8,40.25,48.75,16.0,59.5,56,0,0,0,6,0,0.0,41.0,0,0,0,0,0,10496,256,50,0,50,417.5,0,16.0
static,static,none,fidelity,False,True,16,iid,0.1,2,s041,2,37.0,24.456521739130437,12.0,65.5,56,0,0,0,6,0,0.0,41.0,0,0,0,0,0,10496,256,50,0,50,81.5,0,
static,static,none,fidelity,False,True,16,iid,0.1,2,s041,3,44.49999999999999,47.66304347826087,22.0,62.0,56,0,0,0,6,0,0.0,41.0,0,0,0,0,0,10496,256,50,0,50,137.5,0,
static,static,none,fidelity,False,True,16,iid,0.1,2,s041,4,31.499999999999996,23.20652173913043,8.0,62.0,56,0,0,0,6,0,0.0,41.0,0,0,0,0,0,10496,256,50,0,50,193.5,0,
static,static,none,fidelity,False,True,16,iid,0.1,2,s041,5,37.75,35.05434782608695,12.0,67.0,56,0,0,0,6,0,0.0,41.0,0,0,0,0,0,10496,256,50,0,50,249.5,0,
static,static,none,fidelity,False,True,16,iid,0.1,2,s041,6,42.25,48.91304347826087,16.0,67.5,56,0,0,0,6,0,0.0,41.0,0,0,0,0,0,10496,256,50,0,50,305.5,0,
static,static,none,fidelity,False,True,16,iid,0.1,2,s041,7,32.25,24.456521739130437,8.0,65.0,56,0,0,0,6,0,0.0,41.0,0,0,0,0,0,10496,256,50,0,50,361.5,0,
static,static,none,fidelity,False,True,16,iid,0.1,2,s041,8,42.00000000000001,41.90217391304347,14.000000000000002,64.0,56,0,0,0,6,0,0.0,41.0,0,0,0,0,0,10496,256,50,0,50,417.5,0,14.000000000000002
naive,naive,none,fidelity,False,True,16,iid,0.1,0,s041,2,34.0,30.217391304347828,4.0,93.5,56,54,48,6,6,0,0.96,62.4609375,0,0,0,0,0,15990,256,104,0,50,53.06730769230769,6,
naive,naive,none,fidelity,False,True,16,iid,0.1,0,s041,3,29.500000000000004,25.543478260869566,0.0,99.5,56,56,50,6,6,0,1.0,95.67578125,0,0,0,0,0,24493,256,160,0,50,80.51875,12,
naive,naive,none,fidelity,False,True,16,iid,0.1,0,s041,4,26.25,15.108695652173914,0.0,100.0,56,56,50,6,6,0,1.0,119.0,0,0,0,0,0,30464,256,216,0,50,108.25462962962963,18,
naive,naive,none,fidelity,False,True,16,iid,0.1,0,s041,5,33.5,19.78260869565217,0.0,100.0,56,56,50,6,6,0,1.0,142.0390625,0,0,0,0,0,36362,256,272,0,50,136.09926470588235,24,
naive,naive,none,fidelity,False,True,16,iid,0.1,0,s041,6,32.75,28.20652173913043,0.0,100.0,56,56,50,6,6,0,1.0,153.8828125,0,0,0,0,0,39394,256,328,0,50,163.9969512195122,30,
naive,naive,none,fidelity,False,True,16,iid,0.1,0,s041,7,24.5,17.445652173913043,0.0,100.0,56,56,50,6,6,0,1.0,170.52734375,0,0,0,0,0,43655,256,384,0,50,191.92447916666663,36,
naive,naive,none,fidelity,False,True,16,iid,0.1,0,s041,8,32.0,29.130434782608692,0.0,100.0,56,56,50,6,6,0,1.0,195.0625,0,0,0,0,0,49936,256,440,0,50,219.87045454545452,42,100.0
naive,naive,none,fidelity,False,True,16,iid,0.1,1,s041,2,27.500000000000004,22.1195652173913,4.0,75.5,56,53,48,5,6,0,0.96,62.140625,0,0,0,0,0,15908,256,103,0,50,53.398058252427184,5,
naive,naive,none,fidelity,False,True,16,iid,0.1,1,s041,3,25.0,19.78260869565217,2.0,96.0,56,54,49,5,6,0,0.98,93.5859375,0,0,0,0,0,23958,256,157,0,50,81.08917197452229,10,
naive,naive,none,fidelity,False,True,16,iid,0.1,1,s041,4,28.75,17.445652173913043,0.0,98.5,56,56,50,6,6,0,1.0,119.2109375,0,0,0,0,0,30518,256,213,0,50,108.27699530516432,16,
naive,naive,none,fidelity,False,True,16,iid,0.1,1,s041,5,34.25,25.543478260869566,0.0,100.0,56,56,50,6,6,0,1.0,137.5078125,0,0,0,0,0,35202,256,269,0,50,135.80297397769516,22,
naive,naive,none,fidelity,False,True,16,iid,0.1,1,s041,6,34.0,32.55434782608696,0.0,100.0,56,56,50,6,6,0,1.0,155.0546875,0,0,0,0,0,39694,256,325,0,50,163.4923076923077,28,
naive,naive,none,fidelity,False,True,16,iid,0.1,1,s041,7,23.75,21.03260869565217,0.0,100.0,56,56,50,6,6,0,1.0,173.0859375,0,0,0,0,0,44310,256,381,0,50,191.2729658792651,34,
naive,naive,none,fidelity,False,True,16,iid,0.1,1,s041,8,31.75,27.8804347826087,0.0,100.0,56,56,50,6,6,0,1.0,196.265625,0,0,0,0,0,50244,256,437,0,50,219.10983981693363,40,100.0
naive,naive,none,fidelity,False,True,16,iid,0.1,2,s041,2,35.0,29.130434782608692,4.0,85.5,56,53,48,5,6,0,0.96,61.625,0,0,0,0,0,15776,256,103,0,50,53.067961165048544,5,
naive,naive,none,fidelity,False,True,16,iid,0.1,2,s041,3,25.75,18.695652173913043,2.0,95.5,56,55,49,6,6,0,0.98,94.03125,0,0,0,0,0,24072,256,158,0,50,80.61392405063292,11,
naive,naive,none,fidelity,False,True,16,iid,0.1,2,s041,4,22.5,12.771739130434783,0.0,98.5,56,56,50,6,6,0,1.0,114.87109375,0,0,0,0,0,29407,256,214,0,50,108.0607476635514,17,
naive,naive,none,fidelity,False,True,16,iid,0.1,2,s041,5,28.500000000000004,14.021739130434783,0.0,100.0,56,56,50,6,6,0,1.0,139.578125,0,0,0,0,0,35732,256,270,0,50,135.73703703703703,23,
naive,naive,none,fidelity,False,True,16,iid,0.1,2,s041,6,29.25,26.79347826086957,0.0,99.5,56,56,50,6,6,0,1.0,159.19921875,0,0,0,0,0,40755,256,326,0,50,163.5245398773006,29,
naive,naive,none,fidelity,False,True,16,iid,0.1,2,s041,7,27.750000000000004,19.78260869565217,0.0,99.5,56,56,50,6,6,0,1.0,176.09765625,0,0,0,0,0,45081,256,382,0,50,191.37434554973825,35,
naive,naive,none,fidelity,False,True,16,iid,0.1,2,s041,8,28.000000000000004,20.869565217391305,0.0,100.0,56,56,50,6,6,0,1.0,197.66015625,0,0,0,0,0,50601,256,438,0,50,219.2625570776256,41,100.0
window,window,none,fidelity,False,True,16,iid,0.1,0,s041,2,34.25,23.20652173913043,22.0,57.99999999999999,56,43,39,4,6,0,0.78,15.46875,0,0,0,0,0,3960,256,16,0,0,9.5625,1,
window,window,none,fidelity,False,True,16,iid,0.1,0,s041,3,15.500000000000004,1.25,6.0,23.5,56,48,47,1,6,0,0.94,14.2109375,0,0,0,0,0,3638,256,16,0,0,8.4375,0,
window,window,none,fidelity,False,True,16,iid,0.1,0,s041,4,21.5,2.33695652173913,22.0,16.0,56,40,39,1,6,0,0.78,13.71875,0,0,0,0,0,3512,256,16,0,0,11.375,0,
window,window,none,fidelity,False,True,16,iid,0.1,0,s041,5,24.25,7.01086956521739,14.000000000000002,40.0,56,44,43,1,6,0,0.86,12.671875,0,0,0,0,0,3244,256,16,0,0,12.0,0,
window,window,none,fidelity,False,True,16,iid,0.1,0,s041,6,22.5,3.58695652173913,20.0,41.0,56,43,40,3,6,0,0.8,13.35546875,0,0,0,0,0,3419,256,16,0,0,11.0625,1,
window,window,none,fidelity,False,True,16,iid,0.1,0,s041,7,20.0,7.01086956521739,10.0,49.0,56,46,45,1,6,0,0.9,11.67578125,0,0,0,0,0,2989,256,16,0,0,8.75,0,
window,window,none,fidelity,False,True,16,iid,0.1,0,s041,8,20.5,6.847826086956524,22.0,14.000000000000002,56,39,39,0,6,0,0.78,12.921875,0,0,0,0,0,3308,256,16,0,0,9.25,0,10.0
window,window,none,fidelity,False,True,16,iid,0.1,1,s041,2,23.25,9.347826086956523,16.0,42.0,56,44,42,2,6,0,0.84,15.52734375,0,0,0,0,0,3975,256,16,0,0,10.9375,1,
window,window,none,fidelity,False,True,16,iid,0.1,1,s041,3,12.5,0.0,6.0,24.0,56,48,47,1,6,0,0.94,14.2421875,0,0,0,0,0,3646,256,16,0,0,8.5,0,
window,window,none,fidelity,False,True,16,iid,0.1,1,s041,4,20.25,3.423913043478259,18.0,32.5,56,43,41,2,6,0,0.82,13.6796875,0,0,0,0,0,3502,256,16,0,0,10.5625,1,
window,window,none,fidelity,False,True,16,iid,0.1,1,s041,5,14.250000000000002,0.0,8.0,32.0,56,49,46,3,6,0,0.92,13.1875,0,0,0,0,0,3376,256,16,0,0,9.125,0,
window,window,none,fidelity,False,True,16,iid,0.1,1,s041,6,22.25,2.33695652173913,18.0,36.5,56,44,41,3,6,0,0.82,13.52734375,0,0,0,0,0,3463,256,16,0,0,11.75,0,
window,window,none,fidelity,False,True,16,iid,0.1,1,s041,7,21.5,10.597826086956523,10.0,66.0,56,48,45,3,6,0,0.9,12.47265625,0,0,0,0,0,3193,256,16,0,0,9.4375,2,
window,window,none,fidelity,False,True,16,iid,0.1,1,s041,8,21.5,8.097826086956525,4.0,37.5,56,51,48,3,6,0,0.96,13.8125,0,0,0,0,0,3536,256,16,0,0,8.625,0,0.0
window,window,none,fidelity,False,True,16,iid,0.1,2,s041,2,32.0,25.543478260869566,22.0,53.0,56,43,39,4,6,0,0.78,15.4140625,0,0,0,0,0,3946,256,16,0,0,9.1875,1,
window,window,none,fidelity,False,True,16,iid,0.1,2,s041,3,17.750000000000004,1.25,6.0,27.500000000000004,56,49,47,2,6,0,0.94,14.21484375,0,0,0,0,0,3639,256,16,0,0,8.8125,0,
window,window,none,fidelity,False,True,16,iid,0.1,2,s041,4,28.500000000000004,7.01086956521739,22.0,37.5,56,42,39,3,6,0,0.78,13.80078125,0,0,0,0,0,3533,256,16,0,0,11.0625,0,
window,window,none,fidelity,False,True,16,iid,0.1,2,s041,5,18.250000000000004,2.33695652173913,16.0,22.5,56,44,42,2,6,0,0.84,12.6328125,0,0,0,0,0,3234,256,16,0,0,10.9375,0,
window,window,none,fidelity,False,True,16,iid,0.1,2,s041,6,24.75,1.25,20.0,28.000000000000004,56,40,40,0,6,0,0.8,13.0234375,0,0,0,0,0,3334,256,16,0,0,12.6875,0,
window,window,none,fidelity,False,True,16,iid,0.1,2,s041,7,24.25,17.282608695652176,12.0,52.0,56,47,44,3,6,0,0.88,11.9375,0,0,0,0,0,3056,256,16,0,0,9.875,0,
window,window,none,fidelity,False,True,16,iid,0.1,2,s041,8,23.0,5.760869565217389,20.0,14.000000000000002,56,40,40,0,6,0,0.8,13.14453125,0,0,0,0,0,3365,256,16,0,0,8.9375,0,2.0
aeqkad,window,full,fidelity,False,True,16,iid,0.1,0,s041,2,23.75,12.771739130434783,16.0,39.5,56,33,32,1,6,0,0.64,15.40625,46,13,0,0,0,3944,256,16,0,0,9.8125,0,
aeqkad,window,full,fidelity,False,True,16,iid,0.1,0,s041,3,16.000000000000004,1.25,12.0,21.0,56,37,37,0,6,0,0.74,12.9296875,46,9,0,0,0,3310,256,16,0,0,11.0,0,
aeqkad,window,full,fidelity,False,True,16,iid,0.1,0,s041,4,19.25,1.0869565217391297,22.0,8.5,56,35,35,0,6,0,0.7,12.4375,39,4,0,0,0,3184,256,16,0,0,11.375,0,
aeqkad,window,full,fidelity,False,True,16,iid,0.1,0,s041,5,17.750000000000004,2.33695652173913,18.0,25.5,56,34,34,0,6,0,0.68,11.3359375,41,7,0,0,0,2902,256,16,0,0,13.625,0,
aeqkad,window,full,fidelity,False,True,16,iid,0.1,0,s041,6,25.75,4.83695652173913,20.0,43.0,56,36,34,2,6,0,0.68,12.578125,43,7,0,0,0,3220,256,16,0,0,13.6875,0,
aeqkad,window,full,fidelity,False,True,16,iid,0.1,0,s041,7,24.5,8.097826086956525,14.000000000000002,32.5,56,40,39,1,6,0,0.78,11.84375,44,4,0,0,0,3032,256,16,0,0,9.375,0,
aeqkad,window,full,fidelity,False,True,16,iid,0.1,0,s041,8,20.75,6.847826086956524,24.0,13.5,56,34,34,0,6,0,0.68,12.2578125,38,4,0,0,0,3138,256,16,0,0,10.4375,0,6.0
aeqkad,window,full,fidelity,False,True,16,iid,0.1,1,s041,2,21.0,10.434782608695654,12.0,30.5,56,32,32,0,6,0,0.64,15.2890625,47,14,0,0,1,3914,256,16,0,0,11.8125,0,
aeqkad,window,full,fidelity,False,True,16,iid,0.1,1,s041,3,12.25,0.0,12.0,21.0,56,37,37,0,6,0,0.74,12.84765625,46,9,0,0,0,3289,256,16,0,0,10.625,0,
aeqkad,window,full,fidelity,False,True,16,iid,0.1,1,s041,4,20.0,2.33695652173913,20.0,19.5,56,36,35,1,6,0,0.7,12.5078125,42,6,0,0,0,3202,256,16,0,0,10.5625,1,
aeqkad,window,full,fidelity,False,True,16,iid,0.1,1,s041,5,20.25,0.0,14.000000000000002,31.5,56,36,35,1,6,0,0.7,11.27734375,46,10,0,0,0,2887,256,16,0,0,13.0,0,
aeqkad,window,full,fidelity,False,True,16,iid,0.1,1,s041,6,20.75,1.0869565217391297,18.0,32.5,56,36,35,1,6,0,0.7,12.4453125,44,8,0,0,0,3186,256,16,0,0,14.3125,0,
aeqkad,window,full,fidelity,False,True,16,iid,0.1,1,s041,7,22.0,5.760869565217389,12.0,34.5,56,39,39,0,6,0,0.78,11.53515625,45,6,0,0,0,2953,256,16,0,0,10.3125,0,
aeqkad,window,full,fidelity,False,True,16,iid,0.1,1,s041,8,23.75,10.434782608695654,24.0,32.5,56,35,34,1,6,0,0.68,12.59375,41,6,0,0,0,3224,256,16,0,0,10.5,0,0.0
aeqkad,window,full,fidelity,False,True,16,iid,0.1,2,s041,2,37.75,31.304347826086957,22.0,53.0,56,35,31,4,6,0,0.62,15.60546875,44,9,4,0,0,3995,256,16,0,0,9.625,0,
aeqkad,window,full,fidelity,False,True,16,iid,0.1,2,s041,3,19.5,1.25,12.0,21.5,56,38,37,1,6,0,0.74,12.77734375,46,8,2,0,0,3271,256,16,0,0,11.25,0,
aeqkad,window,full,fidelity,False,True,16,iid,0.1,2,s041,4,18.5,2.33695652173913,22.0,16.0,56,35,35,0,6,0,0.7,12.26171875,39,4,2,0,0,3139,256,16,0,0,11.0625,0,
aeqkad,window,full,fidelity,False,True,16,iid,0.1,2,s041,5,15.250000000000002,2.33695652173913,18.0,19.5,56,35,34,1,6,0,0.68,11.62890625,44,9,11,0,0,2977,256,16,0,0,12.4375,0,
aeqkad,window,full,fidelity,False,True,16,iid,0.1,2,s041,6,23.5,2.33695652173913,20.0,30.5,56,37,37,0,6,0,0.74,12.20703125,41,4,5,0,0,3125,256,16,0,0,13.1875,0,
aeqkad,window,full,fidelity,False,True,16,iid,0.1,2,s041,7,22.0,7.01086956521739,14.000000000000002,30.5,56,39,39,0,6,0,0.78,11.8125,45,6,8,0,0,3024,256,16,0,0,9.875,0,
aeqkad,window,full,fidelity,False,True,16,iid,0.1,2,s041,8,23.0,11.684782608695654,24.0,15.0,56,35,35,0,6,0,0.7,12.3984375,38,3,4,0,0,3174,256,16,0,0,8.9375,0,2.0
mm,mm,full,fidelity,False,True,16,iid,0.1,0,s041,2,36.25,22.1195652173913,12.0,56.99999999999999,56,28,26,2,6,0,0.52,16.0,49,21,0,0,0,4096,256,16,1,15,82.3125,0,
mm,mm,full,fidelity,False,True,16,iid,0.1,0,s041,3,38.0,39.56521739130434,22.0,57.99999999999999,56,24,22,2,6,0,0.44,16.0,44,20,0,0,0,4096,256,16,1,13,118.25,0,
mm,mm,full,fidelity,False,True,16,iid,0.1,0,s041,4,30.000000000000004,12.771739130434783,10.0,70.0,56,40,37,3,6,0,0.74,16.0,51,10,0,0,1,4096,256,16,1,1,44.125,2,
mm,mm,full,fidelity,False,True,16,iid,0.1,0,s041,5,36.25,22.1195652173913,10.0,85.5,56,41,40,1,6,0,0.8,16.0,50,6,0,0,3,4096,256,16,1,1,62.0625,2,
mm,mm,full,fidelity,False,True,16,iid,0.1,0,s041,6,28.25,7.01086956521739,20.0,71.5,56,40,38,2,6,0,0.76,15.609375,45,4,0,0,1,3996,256,16,1,1,54.5625,0,
mm,mm,full,fidelity,False,True,16,iid,0.1,0,s041,7,16.75,3.58695652173913,8.0,49.0,56,44,43,1,6,0,0.86,15.6484375,47,3,0,0,0,4006,256,16,1,1,70.3125,1,
mm,mm,full,fidelity,False,True,16,iid,0.1,0,s041,8,20.25,9.347826086956523,20.0,43.5,56,39,39,0,6,0,0.78,15.99609375,44,2,0,0,3,4095,256,16,1,1,60.0,1,57.99999999999999
mm,mm,full,fidelity,False,True,16,iid,0.1,1,s041,2,30.000000000000004,19.78260869565217,8.0,61.0,56,26,26,0,6,0,0.52,16.0,50,24,0,0,0,4096,256,16,1,16,84.75,0,
mm,mm,full,fidelity,False,True,16,iid,0.1,1,s041,3,31.499999999999996,31.467391304347824,8.0,64.5,56,23,22,1,6,0,0.44,16.0,50,27,0,0,0,4096,256,16,1,16,140.75,0,
mm,mm,full,fidelity,False,True,16,iid,0.1,1,s041,4,16.500000000000004,7.01086956521739,6.0,45.5,56,35,34,1,6,0,0.68,15.67578125,51,15,0,0,1,4013,256,16,1,1,27.4375,1,
mm,mm,full,fidelity,False,True,16,iid,0.1,1,s041,5,16.000000000000004,2.5,6.0,41.0,56,41,39,2,6,0,0.78,15.6015625,52,11,0,0,0,3994,256,16,1,1,49.4375,2,
mm,mm,full,fidelity,False,True,16,iid,0.1,1,s041,6,21.75,3.75,18.0,41.5,56,41,39,2,6,0,0.78,16.0,45,4,0,0,0,4096,256,16,1,1,57.0,2,
mm,mm,full,fidelity,False,True,16,iid,0.1,1,s041,7,14.000000000000002,2.5,6.0,51.0,56,46,46,0,6,0,0.92,15.65625,48,2,0,0,0,4008,256,16,1,1,62.0,0,
mm,mm,full,fidelity,False,True,16,iid,0.1,1,s041,8,30.5,8.097826086956525,14.000000000000002,59.0,56,39,37,2,6,0,0.74,15.97265625,47,7,0,0,1,4089,256,16,1,1,69.75,2,57.99999999999999
mm,mm,full,fidelity,False,True,16,iid,0.1,2,s041,2,34.25,22.1195652173913,14.000000000000002,59.5,56,36,32,4,6,0,0.64,16.0,48,12,9,0,0,4096,256,16,1,15,80.375,0,
mm,mm,full,fidelity,False,True,16,iid,0.1,2,s041,3,23.5,7.01086956521739,8.0,45.0,56,41,38,3,6,0,0.76,15.94921875,50,9,20,0,0,4083,256,16,1,5,53.375,1,
mm,mm,full,fidelity,False,True,16,iid,0.1,2,s041,4,25.25,9.347826086956523,10.0,52.0,56,43,39,4,6,0,0.78,15.9453125,50,7,23,0,0,4082,256,16,1,1,49.125,4,
mm,mm,full,fidelity,False,True,16,iid,0.1,2,s041,5,16.500000000000004,4.67391304347826,6.0,38.5,56,47,45,2,6,0,0.9,16.0,51,4,24,0,0,4096,256,16,1,1,54.0,1,
mm,mm,full,fidelity,False,True,16,iid,0.1,2,s041,6,23.75,3.75,18.0,42.0,56,39,39,0,6,0,0.78,16.0,41,2,20,0,0,4096,256,16,1,1,69.0625,0,
mm,mm,full,fidelity,False,True,16,iid,0.1,2,s041,7,16.000000000000004,11.521739130434783,6.0,42.0,56,42,42,0,6,0,0.84,15.94921875,47,5,13,0,0,4083,256,16,1,1,58.0,0,
mm,mm,full,fidelity,False,True,16,iid,0.1,2,s041,8,22.75,7.01086956521739,14.000000000000002,32.5,56,41,40,1,6,0,0.8,16.0,44,3,22,0,0,4096,256,16,1,1,58.4375,1,6.0
static,static,none,fidelity,False,True,16,iid,0.1,0,s042,2,9.0,0.0,10.0,10.5,56,0,0,0,6,0,0.0,41.0,0,0,0,0,0,10496,256,50,0,50,81.5,0,
static,static,none,fidelity,False,True,16,iid,0.1,0,s042,3,16.250000000000004,7.01086956521739,18.0,16.5,56,0,0,0,6,0,0.0,41.0,0,0,0,0,0,10496,256,50,0,50,137.5,0,
static,static,none,fidelity,False,True,16,iid,0.1,0,s042,4,4.250000000000002,0.0,2.0,16.0,56,0,0,0,6,0,0.0,41.0,0,0,0,0,0,10496,256,50,0,50,193.5,0,
static,static,none,fidelity,False,True,16,iid,0.1,0,s042,5,4.500000000000003,0.0,4.0,15.0,56,0,0,0,6,0,0.0,41.0,0,0,0,0,0,10496,256,50,0,50,249.5,0,
static,static,none,fidelity,False,True,16,iid,0.1,0,s042,6,6.999999999999998,1.25,2.0,14.499999999999998,56,0,0,0,6,0,0.0,41.0,0,0,0,0,0,10496,256,50,0,50,305.5,0,
static,static,none,fidelity,False,True,16,iid,0.1,0,s042,7,7.999999999999999,0.0,0.0,13.5,56,0,0,0,6,0,0.0,41.0,0,0,0,0,0,10496,256,50,0,50,361.5,0,
static,static,none,fidelity,False,True,16,iid,0.1,0,s042,8,8.999999999999998,0.0,4.0,12.5,56,0,0,0,6,0,0.0,41.0,0,0,0,0,0,10496,256,50,0,50,417.5,0,4.0
static,static,none,fidelity,False,True,16,iid,0.1,1,s042,2,11.5,0.0,8.0,21.5,56,0,0,0,6,0,0.0,41.0,0,0,0,0,0,10496,256,50,0,50,81.5,0,
static,static,none,fidelity,False,True,16,iid,0.1,1,s042,3,11.5,7.01086956521739,10.0,17.0,56,0,0,0,6,0,0.0,41.0,0,0,0,0,0,10496,256,50,0,50,137.5,0,
static,static,none,fidelity,False,True,16,iid,0.1,1,s042,4,3.5000000000000018,0.0,2.0,22.0,56,0,0,0,6,0,0.0,41.0,0,0,0,0,0,10496,256,50,0,50,193.5,0,
static,static,none,fidelity,False,True,16,iid,0.1,1,s042,5,4.000000000000003,0.0,4.0,17.0,56,0,0,0,6,0,0.0,41.0,0,0,0,0,0,10496,256,50,0,50,249.5,0,
static,static,none,fidelity,False,True,16,iid,0.1,1,s042,6,6.000000000000003,1.25,2.0,23.5,56,0,0,0,6,0,0.0,41.0,0,0,0,0,0,10496,256,50,0,50,305.5,0,
static,static,none,fidelity,False,True,16,iid,0.1,1,s042,7,6.500000000000003,1.25,0.0,22.0,56,0,0,0,6,0,0.0,41.0,0,0,0,0,0,10496,256,50,0,50,361.5,0,
static,static,none,fidelity,False,True,16,iid,0.1,1,s042,8,6.499999999999997,0.0,4.0,20.0,56,0,0,0,6,0,0.0,41.0,0,0,0,0,0,10496,256,50,0,50,417.5,0,2.0
static,static,none,fidelity,False,True,16,iid,0.1,2,s042,2,8.249999999999998,0.0,8.0,13.0,56,0,0,0,6,0,0.0,38.0,0,0,0,0,0,9728,256,50,0,50,81.5,0,
static,static,none,fidelity,False,True,16,iid,0.1,2,s042,3,14.250000000000002,4.510869565217389,8.0,15.0,56,0,0,0,6,0,0.0,38.0,0,0,0,0,0,9728,256,50,0,50,137.5,0,
static,static,none,fidelity,False,True,16,iid,0.1,2,s042,4,6.000000000000003,0.0,2.0,16.0,56,0,0,0,6,0,0.0,38.0,0,0,0,0,0,9728,256,50,0,50,193.5,0,
static,static,none,fidelity,False,True,16,iid,0.1,2,s042,5,4.250000000000003,0.0,4.0,17.0,56,0,0,0,6,0,0.0,38.0,0,0,0,0,0,9728,256,50,0,50,249.5,0,
static,static,none,fidelity,False,True,16,iid,0.1,2,s042,6,8.75,1.25,2.0,18.0,56,0,0,0,6,0,0.0,38.0,0,0,0,0,0,9728,256,50,0,50,305.5,0,
static,static,none,fidelity,False,True,16,iid,0.1,2,s042,7,7.499999999999998,0.0,0.0,19.0,56,0,0,0,6,0,0.0,38.0,0,0,0,0,0,9728,256,50,0,50,361.5,0,
static,static,none,fidelity,False,True,16,iid,0.1,2,s042,8,7.749999999999998,0.0,4.0,12.5,56,0,0,0,6,0,0.0,38.0,0,0,0,0,0,9728,256,50,0,50,417.5,0,22.0
naive,naive,none,fidelity,False,True,16,iid,0.1,0,s042,2,9.999999999999998,0.0,6.0,20.5,56,50,47,3,6,0,0.94,52.93359375,0,0,0,0,0,13551,256,100,0,50,54.12,3,
naive,naive,none,fidelity,False,True,16,iid,0.1,0,s042,3,14.000000000000002,4.67391304347826,2.0,63.5,56,52,49,3,6,0,0.98,80.953125,0,0,0,0,0,20724,256,152,0,50,82.0592105263158,6,
naive,naive,none,fidelity,False,True,16,iid,0.1,0,s042,4,7.749999999999998,0.0,2.0,84.5,56,55,49,6,6,0,0.98,101.63671875,0,0,0,0,0,26019,256,207,0,50,108.81642512077296,12,
naive,naive,none,fidelity,False,True,16,iid,0.1,0,s042,5,5.000000000000003,0.0,0.0,96.5,56,56,50,6,6,0,1.0,118.5546875,0,0,0,0,0,30350,256,263,0,50,135.57794676806083,18,
naive,naive,none,fidelity,False,True,16,iid,0.1,0,s042,6,5.500000000000003,0.0,0.0,97.5,56,56,50,6,6,0,1.0,134.4140625,0,0,0,0,0,34410,256,319,0,50,162.7742946708464,24,
naive,naive,none,fidelity,False,True,16,iid,0.1,0,s042,7,8.249999999999998,0.0,0.0,99.5,56,56,50,6,6,0,1.0,152.4296875,0,0,0,0,0,39022,256,375,0,50,190.21066666666667,30,
naive,naive,none,fidelity,False,True,16,iid,0.1,0,s042,8,6.500000000000003,0.0,0.0,100.0,56,56,50,6,6,0,1.0,166.80078125,0,0,0,0,0,42701,256,431,0,50,217.7935034802784,36,100.0
naive,naive,none,fidelity,False,True,16,iid,0.1,1,s042,2,4.499999999999997,0.0,2.0,42.0,56,52,49,3,6,0,0.98,53.94921875,0,0,0,0,0,13811,256,102,0,50,53.3921568627451,3,
naive,naive,none,fidelity,False,True,16,iid,0.1,1,s042,3,12.25,2.33695652173913,2.0,70.0,56,54,49,5,6,0,0.98,84.01953125,0,0,0,0,0,21509,256,156,0,50,80.91025641025641,8,
naive,naive,none,fidelity,False,True,16,iid,0.1,1,s042,4,4.500000000000002,0.0,0.0,92.0,56,56,50,6,6,0,1.0,105.51171875,0,0,0,0,0,27011,256,212,0,50,108.00943396226415,14,
naive,naive,none,fidelity,False,True,16,iid,0.1,1,s042,5,3.500000000000002,0.0,0.0,97.0,56,55,50,5,6,0,1.0,125.640625,0,0,0,0,0,32164,256,267,0,50,135.8876404494382,19,
naive,naive,none,fidelity,False,True,16,iid,0.1,1,s042,6,4.750000000000003,0.0,0.0,100.0,56,56,50,6,6,0,1.0,143.58984375,0,0,0,0,0,36759,256,323,0,50,163.38699690402476,25,
naive,naive,none,fidelity,False,True,16,iid,0.1,1,s042,7,8.249999999999998,1.25,0.0,100.0,56,56,50,6,6,0,1.0,154.3125,0,0,0,0,0,39504,256,379,0,50,191.03430079155672,31,
naive,naive,none,fidelity,False,True,16,iid,0.1,1,s042,8,2.000000000000001,0.0,0.0,100.0,56,56,50,6,6,0,1.0,169.6484375,0,0,0,0,0,43430,256,435,0,50,218.77241379310345,37,100.0
naive,naive,none,fidelity,False,True,16,iid,0.1,2,s042,2,6.250000000000003,0.0,4.0,18.5,56,49,48,1,6,0,0.96,53.00390625,0,0,0,0,0,13569,256,99,0,50,54.87878787878788,1,
naive,naive,none,fidelity,False,True,16,iid,0.1,2,s042,3,12.0,2.33695652173913,4.0,49.0,56,52,48,4,6,0,0.96,79.2421875,0,0,0,0,0,20286,256,151,0,50,81.71523178807946,5,
naive,naive,none,fidelity,False,True,16,iid,0.1,2,s042,4,4.000000000000002,0.0,0.0,76.0,56,56,50,6,6,0,1.0,98.46875,0,0,0,0,0,25208,256,207,0,50,107.89855072463769,11,
naive,naive,none,fidelity,False,True,16,iid,0.1,2,s042,5,4.750000000000003,0.0,0.0,90.0,56,55,50,5,6,0,1.0,119.28515625,0,0,0,0,0,30537,256,262,0,50,135.2290076335878,16,
naive,naive,none,fidelity,False,True,16,iid,0.1,2,s042,6,6.000000000000003,0.0,0.0,97.5,56,56,50,6,6,0,1.0,137.4375,0,0,0,0,0,35184,256,318,0,50,162.39622641509433,22,
naive,naive,none,fidelity,False,True,16,iid,0.1,2,s042,7,7.999999999999999,5.760869565217389,0.0,99.5,56,56,50,6,6,0,1.0,152.15625,0,0,0,0,0,38952,256,374,0,50,189.81283422459893,28,
naive,naive,none,fidelity,False,True,16,iid,0.1,2,s042,8,4.000000000000002,0.0,0.0,100.0,56,56,50,6,6,0,1.0,160.57421875,0,0,0,0,0,41107,256,430,0,50,217.3813953488372,34,100.0
window,window,none,fidelity,False,True,16,iid,0.1,0,s042,2,5.250000000000003,0.0,6.0,5.0,56,47,47,0,6,0,0.94,13.09765625,0,0,0,0,0,3353,256,16,0,0,9.1875,0,
window,window,none,fidelity,False,True,16,iid,0.1,0,s042,3,8.5,0.0,18.0,3.5000000000000004,56,42,41,1,6,0,0.82,13.66796875,0,0,0,0,0,3499,256,16,0,0,9.4375,1,
window,window,none,fidelity,False,True,16,iid,0.1,0,s042,4,3.7500000000000018,0.0,4.0,3.5000000000000004,56,48,48,0,6,0,0.96,12.11328125,0,0,0,0,0,3101,256,16,0,0,9.875,0,
window,window,none,fidelity,False,True,16,iid,0.1,0,s042,5,4.000000000000003,0.0,6.0,4.0,56,47,47,0,6,0,0.94,10.58203125,0,0,0,0,0,2709,256,16,0,0,8.3125,0,
window,window,none,fidelity,False,True,16,iid,0.1,0,s042,6,4.000000000000003,0.0,6.0,3.5000000000000004,56,48,47,1,6,0,0.94,11.07421875,0,0,0,0,0,2835,256,16,0,0,9.875,0,
window,window,none,fidelity,False,True,16,iid,0.1,0,s042,7,5.750000000000003,0.0,4.0,5.5,56,48,48,0,6,0,0.96,13.12109375,0,0,0,0,0,3359,256,16,0,0,8.25,0,
window,window,none,fidelity,False,True,16,iid,0.1,0,s042,8,4.250000000000002,0.0,2.0,4.5,56,49,49,0,6,0,0.98,11.73828125,0,0,0,0,0,3005,256,16,0,0,8.1875,0,18.0
window,window,none,fidelity,False,True,16,iid,0.1,1,s042,2,7.499999999999998,0.0,6.0,10.0,56,47,47,0,6,0,0.94,13.3203125,0,0,0,0,0,3410,256,16,0,0,7.875,0,
window,window,none,fidelity,False,True,16,iid,0.1,1,s042,3,6.999999999999998,0.0,10.0,6.0,56,46,45,1,6,0,0.9,13.7578125,0,0,0,0,0,3522,256,16,0,0,7.6875,0,
window,window,none,fidelity,False,True,16,iid,0.1,1,s042,4,3.7500000000000018,0.0,2.0,3.5000000000000004,56,49,49,0,6,0,0.98,12.1484375,0,0,0,0,0,3110,256,16,0,0,8.5,0,
window,window,none,fidelity,False,True,16,iid,0.1,1,s042,5,3.500000000000002,0.0,6.0,3.0,56,47,47,0,6,0,0.94,10.65234375,0,0,0,0,0,2727,256,16,0,0,9.3125,0,
window,window,none,fidelity,False,True,16,iid,0.1,1,s042,6,5.000000000000003,0.0,6.0,5.0,56,47,47,0,6,0,0.94,11.09765625,0,0,0,0,0,2841,256,16,0,0,8.5625,0,
window,window,none,fidelity,False,True,16,iid,0.1,1,s042,7,4.250000000000002,0.0,2.0,8.0,56,50,49,1,6,0,0.98,13.375,0,0,0,0,0,3424,256,16,0,0,9.25,1,
window,window,none,fidelity,False,True,16,iid,0.1,1,s042,8,2.500000000000001,0.0,2.0,7.000000000000001,56,49,49,0,6,0,0.98,11.421875,0,0,0,0,0,2924,256,16,0,0,9.0625,0,0.0
window,window,none,fidelity,False,True,16,iid,0.1,2,s042,2,5.000000000000003,0.0,6.0,4.0,56,47,47,0,6,0,0.94,13.04296875,0,0,0,0,0,3339,256,16,0,0,8.3125,0,
window,window,none,fidelity,False,True,16,iid,0.1,2,s042,3,12.75,0.0,16.0,5.0,56,42,42,0,6,0,0.84,13.71484375,0,0,0,0,0,3511,256,16,0,0,8.875,0,
window,window,none,fidelity,False,True,16,iid,0.1,2,s042,4,3.7500000000000018,0.0,2.0,4.5,56,50,49,1,6,0,0.98,12.16015625,0,0,0,0,0,3113,256,16,0,0,10.6875,0,
window,window,none,fidelity,False,True,16,iid,0.1,2,s042,5,4.000000000000003,0.0,6.0,5.0,56,47,47,0,6,0,0.94,10.83203125,0,0,0,0,0,2773,256,16,0,0,9.1875,0,
window,window,none,fidelity,False,True,16,iid,0.1,2,s042,6,5.250000000000003,0.0,8.0,3.5000000000000004,56,46,46,0,6,0,0.92,10.64453125,0,0,0,0,0,2725,256,16,0,0,9.0,0,
window,window,none,fidelity,False,True,16,iid,0.1,2,s042,7,6.000000000000003,0.0,4.0,7.000000000000001,56,48,48,0,6,0,0.96,13.09765625,0,0,0,0,0,3353,256,16,0,0,8.375,0,
window,window,none,fidelity,False,True,16,iid,0.1,2,s042,8,2.000000000000001,0.0,2.0,4.0,56,49,49,0,6,0,0.98,11.62890625,0,0,0,0,0,2977,256,16,0,0,9.4375,0,18.0
aeqkad,window,full,fidelity,False,True,16,iid,0.1,0,s042,2,4.750000000000003,0.0,8.0,3.0,56,40,40,0,6,0,0.8,12.7734375,46,6,0,0,0,3270,256,16,0,0,11.25,0,
aeqkad,window,full,fidelity,False,True,16,iid,0.1,0,s042,3,8.249999999999998,0.0,26.0,3.0,56,33,33,0,6,0,0.66,12.25,38,5,0,0,0,3136,256,16,0,0,9.5,0,
aeqkad,window,full,fidelity,False,True,16,iid,0.1,0,s042,4,2.500000000000001,0.0,2.0,3.0,56,40,40,0,6,0,0.8,11.37109375,49,9,0,0,0,2911,256,16,0,0,10.3125,0,
aeqkad,window,full,fidelity,False,True,16,iid,0.1,0,s042,5,5.500000000000003,1.25,14.000000000000002,3.0,56,38,38,0,6,0,0.76,9.70703125,43,5,0,0,0,2485,256,16,0,0,10.0,0,
aeqkad,window,full,fidelity,False,True,16,iid,0.1,0,s042,6,5.250000000000003,0.0,8.0,3.5000000000000004,56,44,44,0,6,0,0.88,10.21875,47,3,0,0,0,2616,256,16,0,0,11.5,0,
aeqkad,window,full,fidelity,False,True,16,iid,0.1,0,s042,7,10.0,0.0,12.0,3.0,56,37,37,0,6,0,0.74,11.44921875,44,7,0,0,0,2931,256,16,0,0,8.25,0,
aeqkad,window,full,fidelity,False,True,16,iid,0.1,0,s042,8,2.000000000000001,0.0,2.0,2.0,56,45,45,0,6,0,0.9,11.62890625,49,4,0,0,0,2977,256,16,0,0,9.25,0,14.000000000000002
aeqkad,window,full,fidelity,False,True,16,iid,0.1,1,s042,2,7.749999999999998,0.0,8.0,7.000000000000001,56,40,40,0,6,0,0.8,12.92578125,46,6,0,0,0,3309,256,16,0,0,9.9375,0,
aeqkad,window,full,fidelity,False,True,16,iid,0.1,1,s042,3,11.5,0.0,24.0,5.5,56,32,32,0,6,0,0.64,11.9453125,39,7,0,0,0,3058,256,16,0,0,8.1875,0,
aeqkad,window,full,fidelity,False,True,16,iid,0.1,1,s042,4,2.000000000000001,0.0,2.0,3.0,56,38,38,0,6,0,0.76,10.84375,49,11,0,0,0,2776,256,16,0,0,9.875,0,
aeqkad,window,full,fidelity,False,True,16,iid,0.1,1,s042,5,4.500000000000003,0.0,12.0,2.0,56,38,38,0,6,0,0.76,9.33984375,44,6,0,0,0,2391,256,16,0,0,11.125,0,
aeqkad,window,full,fidelity,False,True,16,iid,0.1,1,s042,6,5.749999999999998,0.0,8.0,4.0,56,42,42,0,6,0,0.84,10.0703125,46,4,0,0,0,2578,256,16,0,0,10.1875,0,
aeqkad,window,full,fidelity,False,True,16,iid,0.1,1,s042,7,7.499999999999998,0.0,10.0,5.5,56,34,34,0,6,0,0.68,11.10546875,45,11,0,0,0,2843,256,16,0,0,10.5625,0,
aeqkad,window,full,fidelity,False,True,16,iid,0.1,1,s042,8,1.7500000000000009,0.0,2.0,3.0,56,43,43,0,6,0,0.86,10.90625,49,6,0,0,0,2792,256,16,0,0,10.1875,0,0.0
aeqkad,window,full,fidelity,False,True,16,iid,0.1,2,s042,2,4.500000000000003,0.0,6.0,3.0,56,44,44,0,6,0,0.88,12.81640625,47,3,0,0,0,3281,256,16,0,0,9.875,0,
aeqkad,window,full,fidelity,False,True,16,iid,0.1,2,s042,3,12.5,0.0,24.0,4.0,56,33,33,0,6,0,0.66,12.1015625,38,5,0,0,0,3098,256,16,0,0,9.3125,0,
aeqkad,window,full,fidelity,False,True,16,iid,0.1,2,s042,4,2.500000000000001,0.0,2.0,4.0,56,45,44,1,6,0,0.88,12.03515625,50,5,0,0,0,3081,256,16,0,0,11.1875,0,
aeqkad,window,full,fidelity,False,True,16,iid,0.1,2,s042,5,8.249999999999998,0.0,8.0,4.5,56,43,43,0,6,0,0.86,10.5390625,46,3,0,0,0,2698,256,16,0,0,10.6875,0,
aeqkad,window,full,fidelity,False,True,16,iid,0.1,2,s042,6,5.250000000000003,0.0,8.0,3.5000000000000004,56,44,44,0,6,0,0.88,10.52734375,46,2,0,0,0,2695,256,16,0,0,10.5625,0,
aeqkad,window,full,fidelity,False,True,16,iid,0.1,2,s042,7,8.5,0.0,12.0,5.0,56,39,39,0,6,0,0.78,11.5390625,45,6,0,0,0,2954,256,16,0,0,8.375,0,
aeqkad,window,full,fidelity,False,True,16,iid,0.1,2,s042,8,1.7500000000000009,0.0,2.0,3.0,56,45,45,0,6,0,0.9,11.40625,49,4,0,0,0,2920,256,16,0,0,10.625,0,8.0
mm,mm,full,fidelity,False,True,16,iid,0.1,0,s042,2,11.75,0.0,14.000000000000002,9.5,56,29,29,0,6,0,0.58,16.0,44,15,0,0,0,4096,256,16,1,16,89.8125,0,
mm,mm,full,fidelity,False,True,16,iid,0.1,0,s042,3,20.75,7.01086956521739,26.0,12.5,56,11,11,0,6,0,0.22,16.0,38,27,0,0,0,4096,256,16,1,16,145.8125,0,
mm,mm,full,fidelity,False,True,16,iid,0.1,0,s042,4,7.999999999999999,0.0,6.0,8.5,56,34,34,0,6,0,0.68,15.6796875,47,13,0,0,0,4014,256,16,1,4,60.6875,0,
mm,mm,full,fidelity,False,True,16,iid,0.1,0,s042,5,4.000000000000003,0.0,6.0,3.0,56,46,46,0,6,0,0.92,14.640625,47,1,0,0,0,3748,256,16,1,1,60.125,0,
mm,mm,full,fidelity,False,True,16,iid,0.1,0,s042,6,7.499999999999998,3.423913043478259,6.0,8.0,56,47,46,1,6,0,0.92,15.203125,48,1,0,0,0,3892,256,16,1,1,60.3125,1,
mm,mm,full,fidelity,False,True,16,iid,0.1,0,s042,7,2.750000000000001,0.0,2.0,6.5,56,41,41,0,6,0,0.82,15.10546875,49,8,0,0,0,3867,256,16,1,1,58.3125,1,
mm,mm,full,fidelity,False,True,16,iid,0.1,0,s042,8,4.000000000000002,0.0,2.0,7.000000000000001,56,46,46,0,6,0,0.92,15.92578125,49,3,0,0,0,4077,256,16,1,1,67.625,0,10.0
mm,mm,full,fidelity,False,True,16,iid,0.1,1,s042,2,13.25,0.0,10.0,24.0,56,27,27,0,6,0,0.54,16.0,45,18,0,0,0,4096,256,16,1,16,88.75,0,
mm,mm,full,fidelity,False,True,16,iid,0.1,1,s042,3,16.500000000000004,7.01086956521739,18.0,15.5,56,3,3,0,6,0,0.06,16.0,43,40,0,0,0,4096,256,16,1,16,144.75,0,
mm,mm,full,fidelity,False,True,16,iid,0.1,1,s042,4,12.25,7.01086956521739,10.0,22.5,56,18,18,0,6,0,0.36,16.0,47,29,0,0,0,4096,256,16,1,16,200.75,0,
mm,mm,full,fidelity,False,True,16,iid,0.1,1,s042,5,5.000000000000003,0.0,6.0,8.5,56,40,40,0,6,0,0.8,14.32421875,47,7,0,0,0,3667,256,16,1,1,36.25,0,
mm,mm,full,fidelity,False,True,16,iid,0.1,1,s042,6,9.499999999999996,0.0,8.0,7.5,56,45,45,0,6,0,0.9,14.84765625,46,1,0,0,0,3801,256,16,1,1,68.0625,0,
mm,mm,full,fidelity,False,True,16,iid,0.1,1,s042,7,4.000000000000002,1.25,4.0,8.5,56,42,42,0,6,0,0.84,15.94921875,49,7,0,0,0,4083,256,16,1,1,66.375,0,
mm,mm,full,fidelity,False,True,16,iid,0.1,1,s042,8,1.7500000000000009,0.0,2.0,11.0,56,45,45,0,6,0,0.9,15.12109375,50,5,0,0,0,3871,256,16,1,1,64.5625,0,0.0
mm,mm,full,fidelity,False,True,16,iid,0.1,2,s042,2,11.75,2.33695652173913,12.0,12.5,56,32,32,0,6,0,0.64,16.0,45,13,0,0,0,4096,256,16,1,16,90.125,0,
mm,mm,full,fidelity,False,True,16,iid,0.1,2,s042,3,18.500000000000004,7.01086956521739,18.0,14.499999999999998,56,15,15,0,6,0,0.3,16.0,43,28,0,0,0,4096,256,16,1,16,146.125,0,
mm,mm,full,fidelity,False,True,16,iid,0.1,2,s042,4,3.7500000000000018,0.0,2.0,10.0,56,46,45,1,6,0,0.9,15.90234375,50,4,0,0,0,4071,256,16,1,1,37.4375,1,
mm,mm,full,fidelity,False,True,16,iid,0.1,2,s042,5,6.000000000000003,0.0,6.0,9.0,56,45,45,0,6,0,0.9,15.37890625,47,2,0,0,0,3937,256,16,1,1,76.625,1,
mm,mm,full,fidelity,False,True,16,iid,0.1,2,s042,6,4.500000000000003,0.0,6.0,6.5,56,46,46,0,6,0,0.92,14.58203125,47,1,0,0,0,3733,256,16,1,1,55.375,0,
mm,mm,full,fidelity,False,True,16,iid,0.1,2,s042,7,8.749999999999998,0.0,6.0,11.0,56,44,44,0,6,0,0.88,14.72265625,49,5,0,0,0,3769,256,16,1,1,65.125,0,
mm,mm,full,fidelity,False,True,16,iid,0.1,2,s042,8,4.000000000000002,0.0,2.0,6.0,56,47,46,1,6,0,0.92,14.80859375,50,3,0,0,0,3791,256,16,1,1,59.125,0,16.0
static,static,none,fidelity,False,True,16,iid,0.1,0,s043,2,16.0,2.1739130434782594,0.0,77.5,56,0,0,0,6,0,0.0,41.0,0,0,0,0,0,10496,256,50,0,50,81.5,0,
static,static,none,fidelity,False,True,16,iid,0.1,0,s043,3,42.25,17.282608695652176,22.0,75.0,56,0,0,0,6,0,0.0,41.0,0,0,0,0,0,10496,256,50,0,50,137.5,0,
static,static,none,fidelity,False,True,16,iid,0.1,0,s043,4,43.0,22.1195652173913,32.0,73.5,56,0,0,0,6,0,0.0,41.0,0,0,0,0,0,10496,256,50,0,50,193.5,0,
static,static,none,fidelity,False,True,16,iid,0.1,0,s043,5,39.75,25.706521739130437,20.0,77.0,56,0,0,0,6,0,0.0,41.0,0,0,0,0,0,10496,256,50,0,50,249.5,0,
static,static,none,fidelity,False,True,16,iid,0.1,0,s043,6,35.0,17.445652173913043,18.0,78.0,56,0,0,0,6,0,0.0,41.0,0,0,0,0,0,10496,256,50,0,50,305.5,0,
static,static,none,fidelity,False,True,16,iid,0.1,0,s043,7,25.0,8.097826086956525,6.0,75.5,56,0,0,0,6,0,0.0,41.0,0,0,0,0,0,10496,256,50,0,50,361.5,0,
static,static,none,fidelity,False,True,16,iid,0.1,0,s043,8,26.5,8.260869565217389,8.0,72.0,56,0,0,0,6,0,0.0,41.0,0,0,0,0,0,10496,256,50,0,50,417.5,0,90.0
static,static,none,fidelity,False,True,16,iid,0.1,1,s043,2,13.0,5.760869565217389,6.0,40.5,56,0,0,0,6,0,0.0,43.0,0,0,0,0,0,11008,256,50,0,50,81.5,0,
static,static,none,fidelity,False,True,16,iid,0.1,1,s043,3,38.5,15.108695652173914,36.0,42.0,56,0,0,0,6,0,0.0,43.0,0,0,0,0,0,11008,256,50,0,50,137.5,0,
static,static,none,fidelity,False,True,16,iid,0.1,1,s043,4,46.25,25.543478260869566,48.0,45.0,56,0,0,0,6,0,0.0,43.0,0,0,0,0,0,11008,256,50,0,50,193.5,0,
static,static,none,fidelity,False,True,16,iid,0.1,1,s043,5,40.0,25.543478260869566,34.0,44.0,56,0,0,0,6,0,0.0,43.0,0,0,0,0,0,11008,256,50,0,50,249.5,0,
static,static,none,fidelity,False,True,16,iid,0.1,1,s043,6,39.24999999999999,22.28260869565217,34.0,45.0,56,0,0,0,6,0,0.0,43.0,0,0,0,0,0,11008,256,50,0,50,305.5,0,
static,static,none,fidelity,False,True,16,iid,0.1,1,s043,7,25.75,2.33695652173913,14.000000000000002,39.0,56,0,0,0,6,0,0.0,43.0,0,0,0,0,0,11008,256,50,0,50,361.5,0,
static,static,none,fidelity,False,True,16,iid,0.1,1,s043,8,25.75,7.01086956521739,18.0,43.0,56,0,0,0,6,0,0.0,43.0,0,0,0,0,0,11008,256,50,0,50,417.5,0,38.0
static,static,none,fidelity,False,True,16,iid,0.1,2,s043,2,14.750000000000002,4.67391304347826,6.0,45.5,56,0,0,0,6,0,0.0,44.0,0,0,0,0,0,11264,256,50,0,50,81.5,0,
static,static,none,fidelity,False,True,16,iid,0.1,2,s043,3,39.75,22.1195652173913,36.0,44.5,56,0,0,0,6,0,0.0,44.0,0,0,0,0,0,11264,256,50,0,50,137.5,0,
static,static,none,fidelity,False,True,16,iid,0.1,2,s043,4,46.25,16.032608695652172,50.0,39.5,56,0,0,0,6,0,0.0,44.0,0,0,0,0,0,11264,256,50,0,50,193.5,0,
static,static,none,fidelity,False,True,16,iid,0.1,2,s043,5,42.00000000000001,25.543478260869566,34.0,47.0,56,0,0,0,6,0,0.0,44.0,0,0,0,0,0,11264,256,50,0,50,249.5,0,
static,static,none,fidelity,False,True,16,iid,0.1,2,s043,6,29.500000000000004,21.03260869565217,30.0,44.0,56,0,0,0,6,0,0.0,44.0,0,0,0,0,0,11264,256,50,0,50,305.5,0,
static,static,none,fidelity,False,True,16,iid,0.1,2,s043,7,24.25,8.097826086956525,20.0,45.5,56,0,0,0,6,0,0.0,44.0,0,0,0,0,0,11264,256,50,0,50,361.5,0,
static,static,none,fidelity,False,True,16,iid,0.1,2,s043,8,25.5,4.67391304347826,20.0,46.5,56,0,0,0,6,0,0.0,44.0,0,0,0,0,0,11264,256,50,0,50,417.5,0,36.0
naive,naive,none,fidelity,False,True,16,iid,0.1,0,s043,2,18.250000000000004,5.923913043478259,0.0,97.5,56,56,50,6,6,0,1.0,60.46875,0,0,0,0,0,15480,256,106,0,50,52.971698113207545,6,
naive,naive,none,fidelity,False,True,16,iid,0.1,0,s043,3,30.000000000000004,18.53260869565217,0.0,100.0,56,56,50,6,6,0,1.0,99.08203125,0,0,0,0,0,25365,256,162,0,50,80.80864197530865,12,
naive,naive,none,fidelity,False,True,16,iid,0.1,0,s043,4,16.250000000000004,8.097826086956525,0.0,100.0,56,56,50,6,6,0,1.0,139.953125,0,0,0,0,0,35828,256,218,0,50,108.72935779816514,18,
naive,naive,none,fidelity,False,True,16,iid,0.1,0,s043,5,21.5,3.423913043478259,0.0,100.0,56,56,50,6,6,0,1.0,171.05859375,0,0,0,0,0,43791,256,274,0,50,136.6824817518248,24,
naive,naive,none,fidelity,False,True,16,iid,0.1,0,s043,6,17.5,10.434782608695654,0.0,100.0,56,56,50,6,6,0,1.0,194.0859375,0,0,0,0,0,49686,256,330,0,50,164.65151515151516,30,
naive,naive,none,fidelity,False,True,16,iid,0.1,0,s043,7,15.750000000000004,7.01086956521739,0.0,100.0,56,56,50,6,6,0,1.0,215.44140625,0,0,0,0,0,55153,256,386,0,50,192.62953367875647,36,
naive,naive,none,fidelity,False,True,16,iid,0.1,0,s043,8,16.250000000000004,4.67391304347826,0.0,100.0,56,56,50,6,6,0,1.0,233.4921875,0,0,0,0,0,59774,256,442,0,50,220.6131221719457,42,100.0
naive,naive,none,fidelity,False,True,16,iid,0.1,1,s043,2,15.750000000000004,4.67391304347826,2.0,79.5,56,52,49,3,6,0,0.98,58.8984375,0,0,0,0,0,15078,256,102,0,50,53.81372549019608,3,
naive,naive,none,fidelity,False,True,16,iid,0.1,1,s043,3,27.0,5.923913043478259,0.0,99.5,56,56,50,6,6,0,1.0,96.29296875,0,0,0,0,0,24651,256,158,0,50,80.63924050632912,9,
naive,naive,none,fidelity,False,True,16,iid,0.1,1,s043,4,15.750000000000004,2.5,0.0,100.0,56,56,50,6,6,0,1.0,134.55078125,0,0,0,0,0,34445,256,214,0,50,108.07943925233644,15,
naive,naive,none,fidelity,False,True,16,iid,0.1,1,s043,5,19.5,4.67391304347826,0.0,100.0,56,56,50,6,6,0,1.0,166.265625,0,0,0,0,0,42564,256,270,0,50,135.75185185185185,21,
naive,naive,none,fidelity,False,True,16,iid,0.1,1,s043,6,12.0,4.67391304347826,0.0,100.0,56,56,50,6,6,0,1.0,193.59375,0,0,0,0,0,49560,256,326,0,50,163.53680981595093,27,
naive,naive,none,fidelity,False,True,16,iid,0.1,1,s043,7,14.500000000000002,5.923913043478259,0.0,100.0,56,56,50,6,6,0,1.0,214.3046875,0,0,0,0,0,54862,256,382,0,50,191.3848167539267,33,
naive,naive,none,fidelity,False,True,16,iid,0.1,1,s043,8,13.5,1.25,0.0,100.0,56,56,50,6,6,0,1.0,231.96484375,0,0,0,0,0,59383,256,438,0,50,219.2716894977169,39,100.0
naive,naive,none,fidelity,False,True,16,iid,0.1,2,s043,2,18.000000000000004,4.67391304347826,2.0,75.5,56,52,49,3,6,0,0.98,58.3984375,0,0,0,0,0,14950,256,102,0,50,53.05882352941177,3,
naive,naive,none,fidelity,False,True,16,iid,0.1,2,s043,3,25.75,10.434782608695654,0.0,98.5,56,56,50,6,6,0,1.0,95.2421875,0,0,0,0,0,24382,256,158,0,50,80.15189873417721,9,
naive,naive,none,fidelity,False,True,16,iid,0.1,2,s043,4,21.000000000000004,4.67391304347826,0.0,100.0,56,56,50,6,6,0,1.0,134.90234375,0,0,0,0,0,34535,256,214,0,50,107.7196261682243,15,
naive,naive,none,fidelity,False,True,16,iid,0.1,2,s043,5,22.0,4.67391304347826,0.0,100.0,56,56,50,6,6,0,1.0,164.9296875,0,0,0,0,0,42222,256,270,0,50,135.46666666666667,21,
naive,naive,none,fidelity,False,True,16,iid,0.1,2,s043,6,15.750000000000004,7.01086956521739,0.0,100.0,56,56,50,6,6,0,1.0,190.47265625,0,0,0,0,0,48761,256,326,0,50,163.30061349693253,27,
naive,naive,none,fidelity,False,True,16,iid,0.1,2,s043,7,14.000000000000002,3.423913043478259,0.0,100.0,56,56,50,6,6,0,1.0,209.01171875,0,0,0,0,0,53507,256,382,0,50,191.1832460732984,33,
naive,naive,none,fidelity,False,True,16,iid,0.1,2,s043,8,12.25,1.25,0.0,100.0,56,56,50,6,6,0,1.0,230.80859375,0,0,0,0,0,59087,256,438,0,50,219.0958904109589,39,100.0
window,window,none,fidelity,False,True,16,iid,0.1,0,s043,2,21.5,3.58695652173913,6.0,55.50000000000001,56,51,47,4,6,0,0.94,14.2578125,0,0,0,0,0,3650,256,16,0,0,8.75,2,
window,window,none,fidelity,False,True,16,iid,0.1,0,s043,3,28.000000000000004,7.33695652173913,12.0,81.0,56,50,44,6,6,0,0.88,15.65625,0,0,0,0,0,4008,256,16,0,0,8.5625,2,
window,window,none,fidelity,False,True,16,iid,0.1,0,s043,4,15.500000000000004,1.25,4.0,68.0,56,54,48,6,6,0,0.96,14.65234375,0,0,0,0,0,3751,256,16,0,0,7.5625,1,
window,window,none,fidelity,False,True,16,iid,0.1,0,s043,5,19.25,4.67391304347826,6.0,63.5,56,51,47,4,6,0,0.94,14.515625,0,0,0,0,0,3716,256,16,0,0,8.1875,1,
window,window,none,fidelity,False,True,16,iid,0.1,0,s043,6,9.749999999999998,2.33695652173913,6.0,48.0,56,48,47,1,6,0,0.94,13.73828125,0,0,0,0,0,3517,256,16,0,0,11.375,0,
window,window,none,fidelity,False,True,16,iid,0.1,0,s043,7,12.5,0.0,8.0,47.0,56,50,46,4,6,0,0.92,13.65625,0,0,0,0,0,3496,256,16,0,0,7.5625,1,
window,window,none,fidelity,False,True,16,iid,0.1,0,s043,8,18.000000000000004,2.33695652173913,14.000000000000002,54.50000000000001,56,48,43,5,6,0,0.86,14.1640625,0,0,0,0,0,3626,256,16,0,0,8.9375,2,80.0
window,window,none,fidelity,False,True,16,iid,0.1,1,s043,2,20.25,4.67391304347826,18.0,23.5,56,43,41,2,6,0,0.82,13.72265625,0,0,0,0,0,3513,256,16,0,0,10.875,1,
window,window,none,fidelity,False,True,16,iid,0.1,1,s043,3,25.75,2.33695652173913,28.000000000000004,23.5,56,36,36,0,6,0,0.72,14.6953125,0,0,0,0,0,3762,256,16,0,0,11.25,0,
window,window,none,fidelity,False,True,16,iid,0.1,1,s043,4,15.000000000000002,0.0,10.0,23.5,56,47,45,2,6,0,0.9,13.79296875,0,0,0,0,0,3531,256,16,0,0,11.125,1,
window,window,none,fidelity,False,True,16,iid,0.1,1,s043,5,21.75,4.67391304347826,18.0,28.5,56,42,41,1,6,0,0.82,13.8515625,0,0,0,0,0,3546,256,16,0,0,11.4375,0,
window,window,none,fidelity,False,True,16,iid,0.1,1,s043,6,5.750000000000003,1.25,6.0,16.0,56,49,47,2,6,0,0.94,13.49609375,0,0,0,0,0,3455,256,16,0,0,9.1875,1,
window,window,none,fidelity,False,True,16,iid,0.1,1,s043,7,16.75,2.33695652173913,12.0,25.0,56,47,44,3,6,0,0.88,13.35546875,0,0,0,0,0,3419,256,16,0,0,7.75,0,
window,window,none,fidelity,False,True,16,iid,0.1,1,s043,8,15.250000000000002,0.0,16.0,30.0,56,43,42,1,6,0,0.84,13.58203125,0,0,0,0,0,3477,256,16,0,0,9.3125,0,72.0
window,window,none,fidelity,False,True,16,iid,0.1,2,s043,2,20.0,10.434782608695654,12.0,34.0,56,46,44,2,6,0,0.88,13.91796875,0,0,0,0,0,3563,256,16,0,0,11.0625,0,
window,window,none,fidelity,False,True,16,iid,0.1,2,s043,3,28.25,8.097826086956525,20.0,54.0,56,44,40,4,6,0,0.8,15.13671875,0,0,0,0,0,3875,256,16,0,0,9.5625,1,
window,window,none,fidelity,False,True,16,iid,0.1,2,s043,4,10.249999999999998,0.0,8.0,39.0,56,49,46,3,6,0,0.92,14.28125,0,0,0,0,0,3656,256,16,0,0,8.6875,1,
window,window,none,fidelity,False,True,16,iid,0.1,2,s043,5,18.25,4.67391304347826,10.0,42.0,56,45,45,0,6,0,0.9,14.00390625,0,0,0,0,0,3585,256,16,0,0,8.5,0,
window,window,none,fidelity,False,True,16,iid,0.1,2,s043,6,9.749999999999998,1.25,6.0,32.0,56,48,47,1,6,0,0.94,13.91796875,0,0,0,0,0,3563,256,16,0,0,9.5625,0,
window,window,none,fidelity,False,True,16,iid,0.1,2,s043,7,13.0,0.0,12.0,33.5,56,47,44,3,6,0,0.88,13.38671875,0,0,0,0,0,3427,256,16,0,0,7.5,2,
window,window,none,fidelity,False,True,16,iid,0.1,2,s043,8,21.5,2.33695652173913,14.000000000000002,42.0,56,46,43,3,6,0,0.86,14.08984375,0,0,0,0,0,3607,256,16,0,0,11.1875,1,42.0
aeqkad,window,full,fidelity,False,True,16,iid,0.1,0,s043,2,14.250000000000002,3.423913043478259,10.0,44.0,56,37,37,0,6,0,0.74,13.6484375,47,10,0,0,0,3494,256,16,0,0,14.0,0,
aeqkad,window,full,fidelity,False,True,16,iid,0.1,0,s043,3,37.0,12.771739130434783,38.0,38.0,56,16,16,0,6,0,0.32,12.54296875,34,16,0,0,2,3211,256,16,0,0,22.1875,0,
aeqkad,window,full,fidelity,False,True,16,iid,0.1,0,s043,4,26.5,9.510869565217387,20.0,33.0,56,36,35,1,6,0,0.7,12.66796875,43,7,2,0,0,3243,256,16,0,0,9.375,0,
aeqkad,window,full,fidelity,False,True,16,iid,0.1,0,s043,5,17.750000000000004,7.01086956521739,12.0,55.50000000000001,56,37,37,0,6,0,0.74,13.234375,47,10,1,0,0,3388,256,16,0,0,9.875,0,
aeqkad,window,full,fidelity,False,True,16,iid,0.1,0,s043,6,9.499999999999998,1.25,4.0,34.5,56,42,42,0,6,0,0.84,12.7265625,49,7,3,0,0,3258,256,16,0,0,11.375,0,
aeqkad,window,full,fidelity,False,True,16,iid,0.1,0,s043,7,14.250000000000002,0.0,10.0,33.5,56,39,39,0,6,0,0.78,12.28515625,47,7,2,0,1,3145,256,16,0,0,10.0625,0,
aeqkad,window,full,fidelity,False,True,16,iid,0.1,0,s043,8,17.750000000000004,0.0,14.000000000000002,43.0,56,39,38,1,6,0,0.76,13.1171875,48,9,1,0,0,3358,256,16,0,0,11.4375,1,66.0
aeqkad,window,full,fidelity,False,True,16,iid,0.1,1,s043,2,19.5,4.67391304347826,16.0,21.5,56,35,34,1,6,0,0.68,13.51171875,44,9,0,0,0,3459,256,16,0,0,13.875,1,
aeqkad,window,full,fidelity,False,True,16,iid,0.1,1,s043,3,36.5,8.097826086956525,46.0,15.5,56,18,18,0,6,0,0.36,13.046875,27,8,0,0,1,3340,256,16,0,0,18.375,0,
aeqkad,window,full,fidelity,False,True,16,iid,0.1,1,s043,4,24.0,7.01086956521739,32.0,13.5,56,33,33,0,6,0,0.66,11.5078125,35,2,0,0,0,2946,256,16,0,0,12.125,0,
aeqkad,window,full,fidelity,False,True,16,iid,0.1,1,s043,5,24.25,4.67391304347826,26.0,17.5,56,30,30,0,6,0,0.6,12.1484375,37,7,0,0,0,3110,256,16,0,0,11.4375,0,
aeqkad,window,full,fidelity,False,True,16,iid,0.1,1,s043,6,5.750000000000003,1.25,6.0,9.0,56,39,39,0,6,0,0.78,12.6796875,48,9,0,0,0,3246,256,16,0,0,10.8125,0,
aeqkad,window,full,fidelity,False,True,16,iid,0.1,1,s043,7,13.5,0.0,16.0,11.5,56,37,37,0,6,0,0.74,12.30859375,42,5,0,0,0,3151,256,16,0,0,10.625,0,
aeqkad,window,full,fidelity,False,True,16,iid,0.1,1,s043,8,16.250000000000004,1.25,16.0,18.5,56,33,33,0,6,0,0.66,12.23828125,43,10,0,0,0,3133,256,16,0,0,11.0,0,57.99999999999999
aeqkad,window,full,fidelity,False,True,16,iid,0.1,2,s043,2,15.750000000000004,4.67391304347826,10.0,27.500000000000004,56,35,35,0,6,0,0.7,13.6484375,46,11,0,0,0,3494,256,16,0,0,13.9375,0,
aeqkad,window,full,fidelity,False,True,16,iid,0.1,2,s043,3,35.25,9.347826086956523,46.0,20.0,56,11,11,0,6,0,0.22,12.515625,27,14,0,0,2,3204,256,16,0,0,38.25,0,
aeqkad,window,full,fidelity,False,True,16,iid,0.1,2,s043,4,26.75,5.760869565217389,30.0,18.0,56,31,31,0,6,0,0.62,12.26953125,38,7,0,0,0,3141,256,16,0,0,11.0625,0,
aeqkad,window,full,fidelity,False,True,16,iid,0.1,2,s043,5,24.25,4.67391304347826,20.0,29.5,56,32,32,0,6,0,0.64,12.37890625,40,8,0,0,0,3169,256,16,0,0,9.875,0,
aeqkad,window,full,fidelity,False,True,16,iid,0.1,2,s043,6,7.749999999999998,2.33695652173913,6.0,18.5,56,39,39,0,6,0,0.78,12.76953125,48,9,0,0,0,3269,256,16,0,0,10.5,0,
aeqkad,window,full,fidelity,False,True,16,iid,0.1,2,s043,7,13.5,0.0,14.000000000000002,19.0,56,37,37,0,6,0,0.74,12.28515625,44,7,0,0,0,3145,256,16,0,0,12.3125,0,
aeqkad,window,full,fidelity,False,True,16,iid,0.1,2,s043,8,17.0,0.0,14.000000000000002,27.500000000000004,56,33,33,0,6,0,0.66,12.21875,45,11,0,0,1,3128,256,16,0,0,13.75,0,38.0
mm,mm,full,fidelity,False,True,16,iid,0.1,0,s043,2,13.0,3.423913043478259,0.0,78.5,56,37,36,1,6,0,0.72,16.0,53,16,1,0,0,4096,256,16,1,14,81.75,0,
mm,mm,full,fidelity,False,True,16,iid,0.1,0,s043,3,40.5,22.1195652173913,18.0,81.5,56,18,18,0,6,0,0.36,16.0,47,28,0,0,1,4096,256,16,1,11,104.25,0,
mm,mm,full,fidelity,False,True,16,iid,0.1,0,s043,4,28.500000000000004,3.260869565217389,6.0,73.5,56,34,33,1,6,0,0.66,15.70703125,53,19,7,0,0,4021,256,16,1,1,35.875,1,
mm,mm,full,fidelity,False,True,16,iid,0.1,0,s043,5,22.25,9.347826086956523,6.0,78.5,56,38,37,1,6,0,0.74,15.87109375,51,13,8,0,0,4063,256,16,1,1,62.75,2,
mm,mm,full,fidelity,False,True,16,iid,0.1,0,s043,6,15.750000000000004,4.67391304347826,2.0,80.5,56,43,43,0,6,0,0.86,16.0,54,9,5,0,2,4096,256,16,1,1,62.25,1,
mm,mm,full,fidelity,False,True,16,iid,0.1,0,s043,7,14.500000000000002,0.0,8.0,83.5,56,43,42,1,6,0,0.84,16.0,52,9,6,0,0,4096,256,16,1,1,63.0625,1,
mm,mm,full,fidelity,False,True,16,iid,0.1,0,s043,8,15.750000000000004,1.25,6.0,74.5,56,42,41,1,6,0,0.82,16.0,52,8,6,0,2,4096,256,16,1,1,61.0625,2,88.0
mm,mm,full,fidelity,False,True,16,iid,0.1,1,s043,2,16.250000000000004,4.67391304347826,10.0,39.0,56,31,30,1,6,0,0.6,16.0,47,16,0,0,0,4096,256,16,1,16,88.4375,0,
mm,mm,full,fidelity,False,True,16,iid,0.1,1,s043,3,39.75,15.108695652173914,40.0,36.0,56,8,8,0,6,0,0.16,16.0,32,24,0,0,0,4096,256,16,1,16,144.4375,0,
mm,mm,full,fidelity,False,True,16,iid,0.1,1,s043,4,48.5,19.78260869565217,48.0,39.5,56,9,9,0,6,0,0.18,16.0,29,20,0,0,0,4096,256,16,1,16,200.4375,0,
mm,mm,full,fidelity,False,True,16,iid,0.1,1,s043,5,31.000000000000007,17.445652173913043,26.0,37.0,56,14,14,0,6,0,0.28,15.80078125,40,26,0,0,0,4045,256,16,1,9,141.3125,0,
mm,mm,full,fidelity,False,True,16,iid,0.1,1,s043,6,10.0,2.33695652173913,6.0,22.0,56,38,38,0,6,0,0.76,15.47265625,50,12,0,0,0,3961,256,16,1,1,53.8125,0,
mm,mm,full,fidelity,False,True,16,iid,0.1,1,s043,7,12.25,0.0,10.0,26.5,56,37,37,0,6,0,0.74,15.0,48,10,0,0,1,3840,256,16,1,1,98.3125,0,
mm,mm,full,fidelity,False,True,16,iid,0.1,1,s043,8,15.750000000000004,0.0,14.000000000000002,32.5,56,37,37,0,6,0,0.74,15.625,45,8,0,0,0,4000,256,16,1,1,53.875,0,64.0
mm,mm,full,fidelity,False,True,16,iid,0.1,2,s043,2,16.000000000000004,4.67391304347826,2.0,63.0,56,30,30,0,6,0,0.6,16.0,52,22,0,0,0,4096,256,16,1,15,82.4375,0,
mm,mm,full,fidelity,False,True,16,iid,0.1,2,s043,3,38.25,18.53260869565217,28.000000000000004,62.0,56,10,10,0,6,0,0.2,16.0,40,30,0,0,0,4096,256,16,1,15,138.4375,0,
mm,mm,full,fidelity,False,True,16,iid,0.1,2,s043,4,47.25,17.445652173913043,36.0,60.5,56,12,12,0,6,0,0.24,16.0,36,24,0,0,0,4096,256,16,1,14,180.875,0,
mm,mm,full,fidelity,False,True,16,iid,0.1,2,s043,5,26.0,19.945652173913043,16.0,57.99999999999999,56,27,27,0,6,0,0.54,15.39453125,45,18,0,0,0,3941,256,16,1,2,51.5,0,
mm,mm,full,fidelity,False,True,16,iid,0.1,2,s043,6,11.249999999999998,2.33695652173913,6.0,48.5,56,41,41,0,6,0,0.82,15.97265625,50,9,0,0,0,4089,256,16,1,1,52.0,0,
mm,mm,full,fidelity,False,True,16,iid,0.1,2,s043,7,14.000000000000002,3.423913043478259,10.0,52.5,56,38,38,0,6,0,0.76,16.0,48,9,0,0,1,4096,256,16,1,1,84.125,0,
mm,mm,full,fidelity,False,True,16,iid,0.1,2,s043,8,11.75,0.0,8.0,49.5,56,38,38,0,6,0,0.76,15.828125,50,12,0,0,0,4052,256,16,1,1,58.1875,0,62.0
static,static,none,fidelity,False,True,16,iid,0.1,0,s044,2,10.0,5.760869565217389,0.0,94.5,56,0,0,0,6,0,0.0,31.0,0,0,0,0,0,7936,256,50,0,50,81.5,0,
static,static,none,fidelity,False,True,16,iid,0.1,0,s044,3,5.750000000000003,0.0,0.0,93.5,56,0,0,0,6,0,0.0,31.0,0,0,0,0,0,7936,256,50,0,50,137.5,0,
static,static,none,fidelity,False,True,16,iid,0.1,0,s044,4,7.749999999999998,5.760869565217389,0.0,92.0,56,0,0,0,6,0,0.0,31.0,0,0,0,0,0,7936,256,50,0,50,193.5,0,
static,static,none,fidelity,False,True,16,iid,0.1,0,s044,5,12.0,8.097826086956525,0.0,93.5,56,0,0,0,6,0,0.0,31.0,0,0,0,0,0,7936,256,50,0,50,249.5,0,
static,static,none,fidelity,False,True,16,iid,0.1,0,s044,6,14.000000000000002,10.434782608695654,0.0,90.5,56,0,0,0,6,0,0.0,31.0,0,0,0,0,0,7936,256,50,0,50,305.5,0,
static,static,none,fidelity,False,True,16,iid,0.1,0,s044,7,16.000000000000004,11.521739130434783,0.0,96.0,56,0,0,0,6,0,0.0,31.0,0,0,0,0,0,7936,256,50,0,50,361.5,0,
static,static,none,fidelity,False,True,16,iid,0.1,0,s044,8,12.75,10.434782608695654,0.0,95.0,56,0,0,0,6,0,0.0,31.0,0,0,0,0,0,7936,256,50,0,50,417.5,0,88.0
static,static,none,fidelity,False,True,16,iid,0.1,1,s044,2,11.249999999999998,2.5,0.0,90.5,56,0,0,0,6,0,0.0,32.0,0,0,0,0,0,8192,256,50,0,50,81.5,0,
static,static,none,fidelity,False,True,16,iid,0.1,1,s044,3,6.000000000000003,0.0,0.0,92.0,56,0,0,0,6,0,0.0,32.0,0,0,0,0,0,8192,256,50,0,50,137.5,0,
static,static,none,fidelity,False,True,16,iid,0.1,1,s044,4,9.749999999999998,4.67391304347826,0.0,91.5,56,0,0,0,6,0,0.0,32.0,0,0,0,0,0,8192,256,50,0,50,193.5,0,
static,static,none,fidelity,False,True,16,iid,0.1,1,s044,5,10.0,4.83695652173913,2.0,92.0,56,0,0,0,6,0,0.0,32.0,0,0,0,0,0,8192,256,50,0,50,249.5,0,
static,static,none,fidelity,False,True,16,iid,0.1,1,s044,6,14.500000000000002,12.771739130434783,0.0,94.0,56,0,0,0,6,0,0.0,32.0,0,0,0,0,0,8192,256,50,0,50,305.5,0,
static,static,none,fidelity,False,True,16,iid,0.1,1,s044,7,14.500000000000002,6.08695652173913,0.0,93.5,56,0,0,0,6,0,0.0,32.0,0,0,0,0,0,8192,256,50,0,50,361.5,0,
static,static,none,fidelity,False,True,16,iid,0.1,1,s044,8,12.0,3.75,0.0,90.5,56,0,0,0,6,0,0.0,32.0,0,0,0,0,0,8192,256,50,0,50,417.5,0,82.0
static,static,none,fidelity,False,True,16,iid,0.1,2,s044,2,9.749999999999998,2.5,0.0,98.0,56,0,0,0,6,0,0.0,32.0,0,0,0,0,0,8192,256,50,0,50,81.5,0,
static,static,none,fidelity,False,True,16,iid,0.1,2,s044,3,5.500000000000003,1.25,0.0,95.0,56,0,0,0,6,0,0.0,32.0,0,0,0,0,0,8192,256,50,0,50,137.5,0,
static,static,none,fidelity,False,True,16,iid,0.1,2,s044,4,11.0,7.01086956521739,0.0,97.0,56,0,0,0,6,0,0.0,32.0,0,0,0,0,0,8192,256,50,0,50,193.5,0,
static,static,none,fidelity,False,True,16,iid,0.1,2,s044,5,8.999999999999998,3.58695652173913,0.0,96.5,56,0,0,0,6,0,0.0,32.0,0,0,0,0,0,8192,256,50,0,50,249.5,0,
static,static,none,fidelity,False,True,16,iid,0.1,2,s044,6,12.25,8.097826086956525,0.0,98.5,56,0,0,0,6,0,0.0,32.0,0,0,0,0,0,8192,256,50,0,50,305.5,0,
static,static,none,fidelity,False,True,16,iid,0.1,2,s044,7,16.000000000000004,12.771739130434783,0.0,96.5,56,0,0,0,6,0,0.0,32.0,0,0,0,0,0,8192,256,50,0,50,361.5,0,
static,static,none,fidelity,False,True,16,iid,0.1,2,s044,8,13.750000000000002,5.0,0.0,98.0,56,0,0,0,6,0,0.0,32.0,0,0,0,0,0,8192,256,50,0,50,417.5,0,98.0
naive,naive,none,fidelity,False,True,16,iid,0.1,0,s044,2,10.999999999999998,1.25,0.0,98.5,56,56,50,6,6,0,1.0,44.3203125,0,0,0,0,0,11346,256,106,0,50,52.971698113207545,6,
naive,naive,none,fidelity,False,True,16,iid,0.1,0,s044,3,6.250000000000003,1.25,0.0,100.0,56,56,50,6,6,0,1.0,67.90625,0,0,0,0,0,17384,256,162,0,50,80.80864197530865,12,
naive,naive,none,fidelity,False,True,16,iid,0.1,0,s044,4,7.499999999999998,6.847826086956524,0.0,100.0,56,56,50,6,6,0,1.0,82.23046875,0,0,0,0,0,21051,256,218,0,50,108.72935779816514,18,
naive,naive,none,fidelity,False,True,16,iid,0.1,0,s044,5,13.5,4.67391304347826,0.0,100.0,56,56,50,6,6,0,1.0,93.23046875,0,0,0,0,0,23867,256,274,0,50,136.6824817518248,24,
naive,naive,none,fidelity,False,True,16,iid,0.1,0,s044,6,9.749999999999998,1.25,0.0,100.0,56,56,50,6,6,0,1.0,108.91015625,0,0,0,0,0,27881,256,330,0,50,164.65151515151516,30,
naive,naive,none,fidelity,False,True,16,iid,0.1,0,s044,7,15.750000000000004,11.684782608695654,0.0,100.0,56,56,50,6,6,0,1.0,119.4609375,0,0,0,0,0,30582,256,386,0,50,192.62953367875647,36,
naive,naive,none,fidelity,False,True,16,iid,0.1,0,s044,8,14.000000000000002,4.67391304347826,0.0,100.0,56,56,50,6,6,0,1.0,128.60546875,0,0,0,0,0,32923,256,442,0,50,220.6131221719457,42,100.0
naive,naive,none,fidelity,False,True,16,iid,0.1,1,s044,2,13.5,2.5,0.0,98.5,56,56,50,6,6,0,1.0,44.10546875,0,0,0,0,0,11291,256,106,0,50,52.971698113207545,6,
naive,naive,none,fidelity,False,True,16,iid,0.1,1,s044,3,8.749999999999998,2.33695652173913,0.0,100.0,56,56,50,6,6,0,1.0,69.640625,0,0,0,0,0,17828,256,162,0,50,80.80864197530865,12,
naive,naive,none,fidelity,False,True,16,iid,0.1,1,s044,4,9.0,5.760869565217389,0.0,100.0,56,56,50,6,6,0,1.0,80.8203125,0,0,0,0,0,20690,256,218,0,50,108.72935779816514,18,
naive,naive,none,fidelity,False,True,16,iid,0.1,1,s044,5,12.0,3.75,0.0,100.0,56,56,50,6,6,0,1.0,91.7578125,0,0,0,0,0,23490,256,274,0,50,136.6824817518248,24,
naive,naive,none,fidelity,False,True,16,iid,0.1,1,s044,6,10.499999999999998,4.67391304347826,0.0,100.0,56,56,50,6,6,0,1.0,104.1796875,0,0,0,0,0,26670,256,330,0,50,164.65151515151516,30,
naive,naive,none,fidelity,False,True,16,iid,0.1,1,s044,7,18.750000000000004,10.434782608695654,0.0,100.0,56,56,50,6,6,0,1.0,117.18359375,0,0,0,0,0,29999,256,386,0,50,192.62953367875647,36,
naive,naive,none,fidelity,False,True,16,iid,0.1,1,s044,8,13.750000000000002,8.097826086956525,0.0,100.0,56,56,50,6,6,0,1.0,129.140625,0,0,0,0,0,33060,256,442,0,50,220.6131221719457,42,100.0
naive,naive,none,fidelity,False,True,16,iid,0.1,2,s044,2,12.0,2.5,0.0,98.5,56,56,50,6,6,0,1.0,43.671875,0,0,0,0,0,11180,256,106,0,50,52.971698113207545,6,
naive,naive,none,fidelity,False,True,16,iid,0.1,2,s044,3,7.249999999999998,1.25,0.0,100.0,56,56,50,6,6,0,1.0,68.0390625,0,0,0,0,0,17418,256,162,0,50,80.80864197530865,12,
naive,naive,none,fidelity,False,True,16,iid,0.1,2,s044,4,11.5,6.847826086956524,0.0,100.0,56,56,50,6,6,0,1.0,80.9375,0,0,0,0,0,20720,256,218,0,50,108.72935779816514,18,
naive,naive,none,fidelity,False,True,16,iid,0.1,2,s044,5,10.749999999999998,2.5,0.0,100.0,56,56,50,6,6,0,1.0,91.76953125,0,0,0,0,0,23493,256,274,0,50,136.6824817518248,24,
naive,naive,none,fidelity,False,True,16,iid,0.1,2,s044,6,9.25,9.184782608695654,0.0,100.0,56,56,50,6,6,0,1.0,104.234375,0,0,0,0,0,26684,256,330,0,50,164.65151515151516,30,
naive,naive,none,fidelity,False,True,16,iid,0.1,2,s044,7,15.750000000000004,10.434782608695654,0.0,100.0,56,56,50,6,6,0,1.0,112.41796875,0,0,0,0,0,28779,256,386,0,50,192.62953367875647,36,
naive,naive,none,fidelity,False,True,16,iid,0.1,2,s044,8,16.500000000000004,11.521739130434783,0.0,100.0,56,56,50,6,6,0,1.0,125.6171875,0,0,0,0,0,32158,256,442,0,50,220.6131221719457,42,100.0
window,window,none,fidelity,False,True,16,iid,0.1,0,s044,2,14.000000000000002,7.01086956521739,6.0,59.5,56,49,47,2,6,0,0.94,12.47265625,0,0,0,0,0,3193,256,16,0,0,9.125,0,
window,window,none,fidelity,False,True,16,iid,0.1,0,s044,3,7.999999999999999,7.01086956521739,0.0,48.5,56,55,50,5,6,0,1.0,12.0703125,0,0,0,0,0,3090,256,16,0,0,8.3125,0,
window,window,none,fidelity,False,True,16,iid,0.1,0,s044,4,7.999999999999999,0.0,0.0,34.5,56,51,50,1,6,0,1.0,10.21484375,0,0,0,0,0,2615,256,16,0,0,8.5,0,
window,window,none,fidelity,False,True,16,iid,0.1,0,s044,5,10.0,3.75,2.0,41.0,56,52,49,3,6,0,0.98,10.515625,0,0,0,0,0,2692,256,16,0,0,8.6875,2,
window,window,none,fidelity,False,True,16,iid,0.1,0,s044,6,10.249999999999998,1.25,4.0,47.5,56,51,48,3,6,0,0.96,10.63671875,0,0,0,0,0,2723,256,16,0,0,7.5625,0,
window,window,none,fidelity,False,True,16,iid,0.1,0,s044,7,12.0,8.097826086956525,2.0,38.5,56,52,49,3,6,0,0.98,11.796875,0,0,0,0,0,3020,256,16,0,0,7.5,0,
window,window,none,fidelity,False,True,16,iid,0.1,0,s044,8,8.249999999999998,2.33695652173913,2.0,30.0,56,51,49,2,6,0,0.98,10.12109375,0,0,0,0,0,2591,256,16,0,0,8.0625,0,4.0
window,window,none,fidelity,False,True,16,iid,0.1,1,s044,2,10.749999999999998,5.760869565217389,6.0,47.0,56,50,47,3,6,0,0.94,12.41796875,0,0,0,0,0,3179,256,16,0,0,8.6875,2,
window,window,none,fidelity,False,True,16,iid,0.1,1,s044,3,7.749999999999998,1.25,0.0,38.0,56,54,50,4,6,0,1.0,12.44921875,0,0,0,0,0,3187,256,16,0,0,7.8125,0,
window,window,none,fidelity,False,True,16,iid,0.1,1,s044,4,7.999999999999999,4.67391304347826,0.0,30.5,56,53,50,3,6,0,1.0,10.7890625,0,0,0,0,0,2762,256,16,0,0,7.5,1,
window,window,none,fidelity,False,True,16,iid,0.1,1,s044,5,12.0,6.847826086956524,2.0,45.5,56,55,49,6,6,0,0.98,11.08984375,0,0,0,0,0,2839,256,16,0,0,8.0625,3,
window,window,none,fidelity,False,True,16,iid,0.1,1,s044,6,10.0,2.5,4.0,31.5,56,49,48,1,6,0,0.96,10.53515625,0,0,0,0,0,2697,256,16,0,0,9.8125,1,
window,window,none,fidelity,False,True,16,iid,0.1,1,s044,7,10.0,4.83695652173913,2.0,30.0,56,50,49,1,6,0,0.98,11.6875,0,0,0,0,0,2992,256,16,0,0,9.0625,0,
window,window,none,fidelity,False,True,16,iid,0.1,1,s044,8,9.499999999999998,1.25,2.0,23.5,56,50,49,1,6,0,0.98,10.00390625,0,0,0,0,0,2561,256,16,0,0,7.5,0,2.0
window,window,none,fidelity,False,True,16,iid,0.1,2,s044,2,13.5,6.847826086956524,6.0,55.50000000000001,56,52,47,5,6,0,0.94,12.5390625,0,0,0,0,0,3210,256,16,0,0,8.0,3,
window,window,none,fidelity,False,True,16,iid,0.1,2,s044,3,8.5,2.33695652173913,0.0,37.0,56,51,50,1,6,0,1.0,11.64453125,0,0,0,0,0,2981,256,16,0,0,7.75,1,
window,window,none,fidelity,False,True,16,iid,0.1,2,s044,4,9.25,1.25,0.0,31.5,56,52,50,2,6,0,1.0,10.00390625,0,0,0,0,0,2561,256,16,0,0,7.875,1,
window,window,none,fidelity,False,True,16,iid,0.1,2,s044,5,13.25,4.67391304347826,2.0,39.5,56,52,49,3,6,0,0.98,10.7734375,0,0,0,0,0,2758,256,16,0,0,9.5,0,
window,window,none,fidelity,False,True,16,iid,0.1,2,s044,6,9.499999999999998,2.5,4.0,29.0,56,50,48,2,6,0,0.96,10.14453125,0,0,0,0,0,2597,256,16,0,0,7.5,1,
window,window,none,fidelity,False,True,16,iid,0.1,2,s044,7,9.25,4.67391304347826,2.0,41.5,56,50,49,1,6,0,0.98,11.5546875,0,0,0,0,0,2958,256,16,0,0,7.6875,0,
window,window,none,fidelity,False,True,16,iid,0.1,2,s044,8,6.000000000000003,4.67391304347826,2.0,36.0,56,49,49,0,6,0,0.98,9.7890625,0,0,0,0,0,2506,256,16,0,0,8.25,0,18.0
aeqkad,window,full,fidelity,False,True,16,iid,0.1,0,s044,2,16.500000000000004,3.75,8.0,37.0,56,34,34,0,6,0,0.68,10.2578125,48,14,0,0,0,2626,256,16,0,0,17.6875,0,
aeqkad,window,full,fidelity,False,True,16,iid,0.1,0,s044,3,5.000000000000002,2.33695652173913,0.0,21.5,56,43,43,0,6,0,0.86,9.7109375,54,11,0,0,0,2486,256,16,0,0,8.625,0,
aeqkad,window,full,fidelity,False,True,16,iid,0.1,0,s044,4,7.749999999999998,1.0869565217391297,0.0,27.0,56,42,42,0,6,0,0.84,9.1796875,51,9,0,0,0,2350,256,16,0,0,8.625,0,
aeqkad,window,full,fidelity,False,True,16,iid,0.1,0,s044,5,14.000000000000002,3.75,2.0,34.5,56,43,41,2,6,0,0.82,9.01953125,51,8,0,0,0,2309,256,16,0,0,10.0,1,
aeqkad,window,full,fidelity,False,True,16,iid,0.1,0,s044,6,10.0,6.847826086956524,6.0,31.0,56,42,42,0,6,0,0.84,9.39453125,49,7,0,0,0,2405,256,16,0,0,9.8125,0,
aeqkad,window,full,fidelity,False,True,16,iid,0.1,0,s044,7,14.500000000000002,10.434782608695654,2.0,33.0,56,39,37,2,6,0,0.74,9.890625,52,13,0,0,0,2532,256,16,0,0,8.25,0,
aeqkad,window,full,fidelity,False,True,16,iid,0.1,0,s044,8,9.499999999999998,0.0,2.0,25.0,56,40,40,0,6,0,0.8,8.65234375,51,11,0,0,0,2215,256,16,0,0,9.8125,0,4.0
aeqkad,window,full,fidelity,False,True,16,iid,0.1,1,s044,2,14.500000000000002,3.58695652173913,10.0,27.500000000000004,56,34,34,0,6,0,0.68,10.609375,47,13,0,0,0,2716,256,16,0,0,14.875,0,
aeqkad,window,full,fidelity,False,True,16,iid,0.1,1,s044,3,5.750000000000003,1.25,0.0,24.0,56,47,47,0,6,0,0.94,10.7109375,52,5,0,0,0,2742,256,16,0,0,8.125,0,
aeqkad,window,full,fidelity,False,True,16,iid,0.1,1,s044,4,10.249999999999998,2.33695652173913,0.0,23.0,56,43,43,0,6,0,0.86,9.44921875,51,8,0,0,0,2419,256,16,0,0,8.4375,0,
aeqkad,window,full,fidelity,False,True,16,iid,0.1,1,s044,5,12.0,2.5,4.0,23.0,56,41,41,0,6,0,0.82,8.52734375,51,10,0,0,0,2183,256,16,0,0,10.125,0,
aeqkad,window,full,fidelity,False,True,16,iid,0.1,1,s044,6,13.25,3.58695652173913,6.0,26.0,56,43,43,0,6,0,0.86,9.29296875,48,5,0,0,0,2379,256,16,0,0,11.125,0,
aeqkad,window,full,fidelity,False,True,16,iid,0.1,1,s044,7,11.5,8.097826086956525,4.0,28.000000000000004,56,40,39,1,6,0,0.78,10.0546875,49,9,0,0,0,2574,256,16,0,0,9.8125,0,
aeqkad,window,full,fidelity,False,True,16,iid,0.1,1,s044,8,10.0,2.33695652173913,2.0,22.5,56,43,43,0,6,0,0.86,8.859375,50,7,0,0,0,2268,256,16,0,0,7.6875,0,2.0
aeqkad,window,full,fidelity,False,True,16,iid,0.1,2,s044,2,15.750000000000004,8.097826086956525,8.0,40.5,56,30,30,0,6,0,0.6,9.9609375,48,18,0,0,0,2550,256,16,0,0,18.25,0,
aeqkad,window,full,fidelity,False,True,16,iid,0.1,2,s044,3,4.500000000000002,1.25,0.0,24.0,56,43,43,0,6,0,0.86,9.97265625,51,8,0,0,0,2553,256,16,0,0,8.75,0,
aeqkad,window,full,fidelity,False,True,16,iid,0.1,2,s044,4,10.249999999999998,2.33695652173913,0.0,24.5,56,39,38,1,6,0,0.76,9.24609375,52,13,0,0,0,2367,256,16,0,0,11.375,1,
aeqkad,window,full,fidelity,False,True,16,iid,0.1,2,s044,5,12.25,5.760869565217389,2.0,25.5,56,40,39,1,6,0,0.78,8.33984375,53,13,0,0,0,2135,256,16,0,0,10.6875,0,
aeqkad,window,full,fidelity,False,True,16,iid,0.1,2,s044,6,11.75,2.5,6.0,25.0,56,42,41,1,6,0,0.82,9.3515625,49,7,0,0,0,2394,256,16,0,0,11.1875,0,
aeqkad,window,full,fidelity,False,True,16,iid,0.1,2,s044,7,13.25,7.01086956521739,2.0,32.5,56,37,37,0,6,0,0.74,9.56640625,50,13,0,0,0,2449,256,16,0,0,8.5625,0,
aeqkad,window,full,fidelity,False,True,16,iid,0.1,2,s044,8,6.000000000000003,6.847826086956524,2.0,28.000000000000004,56,39,39,0,6,0,0.78,8.515625,49,10,0,0,0,2180,256,16,0,0,10.0625,0,6.0
mm,mm,full,fidelity,False,True,16,iid,0.1,0,s044,2,12.75,2.33695652173913,0.0,93.0,56,37,37,0,6,0,0.74,16.0,55,17,0,0,1,4096,256,16,1,16,84.8125,0,
mm,mm,full,fidelity,False,True,16,iid,0.1,0,s044,3,5.750000000000003,2.33695652173913,0.0,69.0,56,48,48,0,6,0,0.96,14.9296875,55,7,0,0,0,3822,256,16,1,1,22.3125,0,
mm,mm,full,fidelity,False,True,16,iid,0.1,0,s044,4,7.500000000000003,4.67391304347826,0.0,34.5,56,41,41,0,6,0,0.82,13.2109375,50,9,0,0,0,3382,256,16,1,1,56.4375,0,
mm,mm,full,fidelity,False,True,16,iid,0.1,0,s044,5,11.75,10.271739130434783,2.0,42.0,56,43,42,1,6,0,0.84,14.80078125,52,9,0,0,0,3789,256,16,1,1,60.8125,1,
mm,mm,full,fidelity,False,True,16,iid,0.1,0,s044,6,9.0,4.67391304347826,2.0,44.0,56,46,45,1,6,0,0.9,13.6015625,52,6,0,0,0,3482,256,16,1,1,53.8125,1,
mm,mm,full,fidelity,False,True,16,iid,0.1,0,s044,7,14.000000000000002,10.434782608695654,2.0,37.0,56,44,42,2,6,0,0.84,12.94921875,52,8,0,0,0,3315,256,16,1,1,51.6875,2,
mm,mm,full,fidelity,False,True,16,iid,0.1,0,s044,8,13.750000000000002,2.5,2.0,40.5,56,39,39,0,6,0,0.78,15.0,51,12,0,0,0,3840,256,16,1,1,87.875,2,38.0
mm,mm,full,fidelity,False,True,16,iid,0.1,1,s044,2,12.0,2.5,2.0,84.5,56,36,36,0,6,0,0.72,16.0,55,19,0,0,0,4096,256,16,1,16,85.25,0,
mm,mm,full,fidelity,False,True,16,iid,0.1,1,s044,3,4.250000000000002,0.0,0.0,65.5,56,49,49,0,6,0,0.98,15.2578125,53,4,0,0,0,3906,256,16,1,1,20.4375,0,
mm,mm,full,fidelity,False,True,16,iid,0.1,1,s044,4,10.249999999999998,3.58695652173913,0.0,31.0,56,42,42,0,6,0,0.84,12.94140625,50,7,0,0,1,3313,256,16,1,1,59.5625,0,
mm,mm,full,fidelity,False,True,16,iid,0.1,1,s044,5,10.0,4.67391304347826,2.0,33.5,56,43,43,0,6,0,0.86,14.37109375,52,9,0,0,0,3679,256,16,1,1,55.25,0,
mm,mm,full,fidelity,False,True,16,iid,0.1,1,s044,6,11.75,5.923913043478259,0.0,33.5,56,46,45,1,6,0,0.9,13.13671875,52,6,0,0,0,3363,256,16,1,1,54.875,1,
mm,mm,full,fidelity,False,True,16,iid,0.1,1,s044,7,13.750000000000002,10.434782608695654,2.0,36.0,56,45,44,1,6,0,0.88,14.46875,50,5,0,0,0,3704,256,16,1,1,54.125,1,
mm,mm,full,fidelity,False,True,16,iid,0.1,1,s044,8,9.749999999999998,2.5,2.0,36.5,56,47,46,1,6,0,0.92,15.14453125,50,3,0,0,0,3877,256,16,1,1,76.5625,1,50.0
mm,mm,full,fidelity,False,True,16,iid,0.1,2,s044,2,12.25,2.5,0.0,95.0,56,31,31,0,6,0,0.62,16.0,55,23,0,0,1,4096,256,16,1,16,85.25,0,
mm,mm,full,fidelity,False,True,16,iid,0.1,2,s044,3,7.499999999999998,1.25,0.0,81.5,56,41,41,0,6,0,0.82,15.40234375,54,13,0,0,0,3943,256,16,1,7,61.75,0,
mm,mm,full,fidelity,False,True,16,iid,0.1,2,s044,4,10.0,8.097826086956525,0.0,39.0,56,43,42,1,6,0,0.84,12.90625,53,10,0,0,0,3304,256,16,1,1,54.4375,0,
mm,mm,full,fidelity,False,True,16,iid,0.1,2,s044,5,9.749999999999998,2.5,2.0,44.0,56,43,41,2,6,0,0.82,14.32421875,53,10,0,0,0,3667,256,16,1,1,55.25,0,
mm,mm,full,fidelity,False,True,16,iid,0.1,2,s044,6,9.749999999999998,9.184782608695654,0.0,32.5,56,45,44,1,6,0,0.88,12.765625,52,7,0,0,0,3268,256,16,1,1,48.875,0,
mm,mm,full,fidelity,False,True,16,iid,0.1,2,s044,7,11.5,7.01086956521739,2.0,39.5,56,43,43,0,6,0,0.86,14.9765625,51,8,0,0,0,3834,256,16,1,1,70.5,0,
mm,mm,full,fidelity,False,True,16,iid,0.1,2,s044,8,11.75,3.75,2.0,41.0,56,41,41,0,6,0,0.82,14.92578125,49,8,0,0,0,3821,256,16,1,1,68.3125,0,28.000000000000004
static,static,none,fidelity,False,True,16,iid,0.1,0,s046,2,38.75,44.07608695652174,0.0,96.5,56,0,0,0,6,0,0.0,44.0,0,0,0,0,0,11264,256,50,0,50,81.5,0,
static,static,none,fidelity,False,True,16,iid,0.1,0,s046,3,29.000000000000004,12.010869565217387,0.0,97.5,56,0,0,0,6,0,0.0,44.0,0,0,0,0,0,11264,256,50,0,50,137.5,0,
static,static,none,fidelity,False,True,16,iid,0.1,0,s046,4,23.5,20.869565217391305,0.0,98.0,56,0,0,0,6,0,0.0,44.0,0,0,0,0,0,11264,256,50,0,50,193.5,0,
static,static,none,fidelity,False,True,16,iid,0.1,0,s046,5,30.25,16.195652173913043,0.0,99.0,56,0,0,0,6,0,0.0,44.0,0,0,0,0,0,11264,256,50,0,50,249.5,0,
static,static,none,fidelity,False,True,16,iid,0.1,0,s046,6,38.0,31.304347826086957,0.0,98.5,56,0,0,0,6,0,0.0,44.0,0,0,0,0,0,11264,256,50,0,50,305.5,0,
static,static,none,fidelity,False,True,16,iid,0.1,0,s046,7,23.25,16.195652173913043,0.0,99.0,56,0,0,0,6,0,0.0,44.0,0,0,0,0,0,11264,256,50,0,50,361.5,0,
static,static,none,fidelity,False,True,16,iid,0.1,0,s046,8,31.499999999999996,22.1195652173913,0.0,97.0,56,0,0,0,6,0,0.0,44.0,0,0,0,0,0,11264,256,50,0,50,417.5,0,100.0
static,static,none,fidelity,False,True,16,iid,0.1,1,s046,2,36.0,32.55434782608696,0.0,95.5,56,0,0,0,6,0,0.0,44.0,0,0,0,0,0,11264,256,50,0,50,81.5,0,
static,static,none,fidelity,False,True,16,iid,0.1,1,s046,3,26.0,13.097826086956523,0.0,95.0,56,0,0,0,6,0,0.0,44.0,0,0,0,0,0,11264,256,50,0,50,137.5,0,
static,static,none,fidelity,False,True,16,iid,0.1,1,s046,4,26.5,19.78260869565217,0.0,96.5,56,0,0,0,6,0,0.0,44.0,0,0,0,0,0,11264,256,50,0,50,193.5,0,
static,static,none,fidelity,False,True,16,iid,0.1,1,s046,5,27.500000000000004,17.445652173913043,0.0,98.0,56,0,0,0,6,0,0.0,44.0,0,0,0,0,0,11264,256,50,0,50,249.5,0,
static,static,none,fidelity,False,True,16,iid,0.1,1,s046,6,33.25,25.543478260869566,0.0,96.0,56,0,0,0,6,0,0.0,44.0,0,0,0,0,0,11264,256,50,0,50,305.5,0,
static,static,none,fidelity,False,True,16,iid,0.1,1,s046,7,22.5,9.347826086956523,0.0,99.5,56,0,0,0,6,0,0.0,44.0,0,0,0,0,0,11264,256,50,0,50,361.5,0,
static,static,none,fidelity,False,True,16,iid,0.1,1,s046,8,30.999999999999996,22.1195652173913,0.0,95.0,56,0,0,0,6,0,0.0,44.0,0,0,0,0,0,11264,256,50,0,50,417.5,0,100.0
static,static,none,fidelity,False,True,16,iid,0.1,2,s046,2,37.75,38.31521739130434,0.0,98.0,56,0,0,0,6,0,0.0,44.0,0,0,0,0,0,11264,256,50,0,50,81.5,0,
static,static,none,fidelity,False,True,16,iid,0.1,2,s046,3,27.250000000000004,12.934782608695656,0.0,99.0,56,0,0,0,6,0,0.0,44.0,0,0,0,0,0,11264,256,50,0,50,137.5,0,
static,static,none,fidelity,False,True,16,iid,0.1,2,s046,4,26.25,17.445652173913043,0.0,98.5,56,0,0,0,6,0,0.0,44.0,0,0,0,0,0,11264,256,50,0,50,193.5,0,
static,static,none,fidelity,False,True,16,iid,0.1,2,s046,5,26.75,16.195652173913043,0.0,99.0,56,0,0,0,6,0,0.0,44.0,0,0,0,0,0,11264,256,50,0,50,249.5,0,
static,static,none,fidelity,False,True,16,iid,0.1,2,s046,6,27.750000000000004,22.1195652173913,0.0,97.5,56,0,0,0,6,0,0.0,44.0,0,0,0,0,0,11264,256,50,0,50,305.5,0,
static,static,none,fidelity,False,True,16,iid,0.1,2,s046,7,23.25,15.108695652173914,0.0,99.5,56,0,0,0,6,0,0.0,44.0,0,0,0,0,0,11264,256,50,0,50,361.5,0,
static,static,none,fidelity,False,True,16,iid,0.1,2,s046,8,28.000000000000004,24.456521739130437,0.0,98.0,56,0,0,0,6,0,0.0,44.0,0,0,0,0,0,11264,256,50,0,50,417.5,0,98.0
naive,naive,none,fidelity,False,True,16,iid,0.1,0,s046,2,35.75,32.71739130434783,0.0,98.0,56,56,50,6,6,0,1.0,54.953125,0,0,0,0,0,14068,256,106,0,50,52.971698113207545,6,
naive,naive,none,fidelity,False,True,16,iid,0.1,0,s046,3,29.500000000000004,17.608695652173914,0.0,99.5,56,56,50,6,6,0,1.0,67.33203125,0,0,0,0,0,17237,256,162,0,50,80.80864197530865,12,
naive,naive,none,fidelity,False,True,16,iid,0.1,0,s046,4,31.499999999999996,19.78260869565217,0.0,99.5,56,56,50,6,6,0,1.0,74.765625,0,0,0,0,0,19140,256,218,0,50,108.72935779816514,18,
naive,naive,none,fidelity,False,True,16,iid,0.1,0,s046,5,23.25,10.597826086956523,0.0,99.5,56,56,50,6,6,0,1.0,81.9140625,0,0,0,0,0,20970,256,274,0,50,136.6824817518248,24,
naive,naive,none,fidelity,False,True,16,iid,0.1,0,s046,6,26.5,19.78260869565217,0.0,99.5,56,56,50,6,6,0,1.0,85.90625,0,0,0,0,0,21992,256,330,0,50,164.65151515151516,30,
naive,naive,none,fidelity,False,True,16,iid,0.1,0,s046,7,24.0,16.358695652173914,0.0,100.0,56,56,50,6,6,0,1.0,89.29296875,0,0,0,0,0,22859,256,386,0,50,192.62953367875647,36,
naive,naive,none,fidelity,False,True,16,iid,0.1,0,s046,8,30.000000000000004,29.130434782608692,0.0,99.0,56,56,50,6,6,0,1.0,93.10546875,0,0,0,0,0,23835,256,442,0,50,220.6131221719457,42,100.0
naive,naive,none,fidelity,False,True,16,iid,0.1,1,s046,2,30.999999999999996,34.56521739130435,0.0,97.0,56,56,50,6,6,0,1.0,54.3515625,0,0,0,0,0,13914,256,106,0,50,52.971698113207545,6,
naive,naive,none,fidelity,False,True,16,iid,0.1,1,s046,3,26.75,15.108695652173914,0.0,96.5,56,56,50,6,6,0,1.0,66.3671875,0,0,0,0,0,16990,256,162,0,50,80.80864197530865,12,
naive,naive,none,fidelity,False,True,16,iid,0.1,1,s046,4,25.25,17.445652173913043,0.0,99.0,56,56,50,6,6,0,1.0,75.7265625,0,0,0,0,0,19386,256,218,0,50,108.72935779816514,18,
naive,naive,none,fidelity,False,True,16,iid,0.1,1,s046,5,26.0,17.445652173913043,0.0,99.5,56,56,50,6,6,0,1.0,79.79296875,0,0,0,0,0,20427,256,274,0,50,136.6824817518248,24,
naive,naive,none,fidelity,False,True,16,iid,0.1,1,s046,6,25.25,21.03260869565217,0.0,100.0,56,56,50,6,6,0,1.0,86.90234375,0,0,0,0,0,22247,256,330,0,50,164.65151515151516,30,
naive,naive,none,fidelity,False,True,16,iid,0.1,1,s046,7,18.000000000000004,7.01086956521739,0.0,100.0,56,56,50,6,6,0,1.0,87.02734375,0,0,0,0,0,22279,256,386,0,50,192.62953367875647,36,
naive,naive,none,fidelity,False,True,16,iid,0.1,1,s046,8,27.750000000000004,21.03260869565217,0.0,99.0,56,56,50,6,6,0,1.0,89.03125,0,0,0,0,0,22792,256,442,0,50,220.6131221719457,42,100.0
naive,naive,none,fidelity,False,True,16,iid,0.1,2,s046,2,32.99999999999999,26.79347826086957,0.0,98.5,56,56,50,6,6,0,1.0,55.04296875,0,0,0,0,0,14091,256,106,0,50,52.971698113207545,6,
naive,naive,none,fidelity,False,True,16,iid,0.1,2,s046,3,23.75,10.434782608695654,0.0,100.0,56,56,50,6,6,0,1.0,67.296875,0,0,0,0,0,17228,256,162,0,50,80.80864197530865,12,
naive,naive,none,fidelity,False,True,16,iid,0.1,2,s046,4,28.000000000000004,22.1195652173913,0.0,100.0,56,56,50,6,6,0,1.0,79.47265625,0,0,0,0,0,20345,256,218,0,50,108.72935779816514,18,
naive,naive,none,fidelity,False,True,16,iid,0.1,2,s046,5,24.75,20.869565217391305,0.0,100.0,56,56,50,6,6,0,1.0,83.66796875,0,0,0,0,0,21419,256,274,0,50,136.6824817518248,24,
naive,naive,none,fidelity,False,True,16,iid,0.1,2,s046,6,28.500000000000004,18.695652173913043,0.0,99.5,56,56,50,6,6,0,1.0,92.6640625,0,0,0,0,0,23722,256,330,0,50,164.65151515151516,30,
naive,naive,none,fidelity,False,True,16,iid,0.1,2,s046,7,20.0,16.032608695652172,0.0,100.0,56,56,50,6,6,0,1.0,96.6875,0,0,0,0,0,24752,256,386,0,50,192.62953367875647,36,
naive,naive,none,fidelity,False,True,16,iid,0.1,2,s046,8,24.0,23.20652173913043,0.0,100.0,56,56,50,6,6,0,1.0,99.16015625,0,0,0,0,0,25385,256,442,0,50,220.6131221719457,42,100.0
window,window,none,fidelity,False,True,16,iid,0.1,0,s046,2,21.25,18.53260869565217,2.0,78.0,56,53,49,4,6,0,0.98,12.21484375,0,0,0,0,0,3127,256,16,0,0,8.5,3,
window,window,none,fidelity,False,True,16,iid,0.1,0,s046,3,29.25,20.869565217391305,2.0,83.0,56,54,49,5,6,0,0.98,10.0390625,0,0,0,0,0,2570,256,16,0,0,7.6875,1,
window,window,none,fidelity,False,True,16,iid,0.1,0,s046,4,28.000000000000004,19.78260869565217,0.0,91.5,56,56,50,6,6,0,1.0,10.49609375,0,0,0,0,0,2687,256,16,0,0,7.5,1,
window,window,none,fidelity,False,True,16,iid,0.1,0,s046,5,28.250000000000004,15.108695652173914,2.0,90.0,56,54,49,5,6,0,0.98,9.30078125,0,0,0,0,0,2381,256,16,0,0,7.75,2,
window,window,none,fidelity,False,True,16,iid,0.1,0,s046,6,23.5,21.956521739130437,0.0,85.0,56,56,50,6,6,0,1.0,8.8671875,0,0,0,0,0,2270,256,16,0,0,7.5,2,
window,window,none,fidelity,False,True,16,iid,0.1,0,s046,7,19.5,10.434782608695654,0.0,89.5,56,56,50,6,6,0,1.0,8.80078125,0,0,0,0,0,2253,256,16,0,0,7.5,0,
window,window,none,fidelity,False,True,16,iid,0.1,0,s046,8,23.75,15.108695652173914,2.0,83.0,56,54,49,5,6,0,0.98,8.59375,0,0,0,0,0,2200,256,16,0,0,7.5,2,100.0
window,window,none,fidelity,False,True,16,iid,0.1,1,s046,2,18.000000000000004,7.17391304347826,2.0,84.0,56,53,49,4,6,0,0.98,12.2890625,0,0,0,0,0,3146,256,16,0,0,7.5,3,
window,window,none,fidelity,False,True,16,iid,0.1,1,s046,3,18.000000000000004,12.771739130434783,0.0,90.5,56,55,50,5,6,0,1.0,9.94140625,0,0,0,0,0,2545,256,16,0,0,7.5,2,
window,window,none,fidelity,False,True,16,iid,0.1,1,s046,4,24.5,15.108695652173914,0.0,91.5,56,56,50,6,6,0,1.0,10.43359375,0,0,0,0,0,2671,256,16,0,0,7.5,1,
window,window,none,fidelity,False,True,16,iid,0.1,1,s046,5,28.25,20.70652173913043,0.0,93.0,56,56,50,6,6,0,1.0,9.2578125,0,0,0,0,0,2370,256,16,0,0,7.5,2,
window,window,none,fidelity,False,True,16,iid,0.1,1,s046,6,19.75,15.108695652173914,0.0,91.5,56,56,50,6,6,0,1.0,9.41015625,0,0,0,0,0,2409,256,16,0,0,7.5,1,
window,window,none,fidelity,False,True,16,iid,0.1,1,s046,7,17.750000000000004,9.184782608695654,0.0,89.0,56,55,50,5,6,0,1.0,8.2421875,0,0,0,0,0,2110,256,16,0,0,7.5,0,
window,window,none,fidelity,False,True,16,iid,0.1,1,s046,8,20.0,10.597826086956523,2.0,95.5,56,55,49,6,6,0,0.98,8.75390625,0,0,0,0,0,2241,256,16,0,0,7.5,3,100.0
window,window,none,fidelity,False,True,16,iid,0.1,2,s046,2,20.0,8.260869565217389,2.0,72.0,56,53,49,4,6,0,0.98,12.16015625,0,0,0,0,0,3113,256,16,0,0,7.875,3,
window,window,none,fidelity,False,True,16,iid,0.1,2,s046,3,24.0,20.70652173913043,0.0,88.0,56,54,50,4,6,0,1.0,10.7109375,0,0,0,0,0,2742,256,16,0,0,7.75,2,
window,window,none,fidelity,False,True,16,iid,0.1,2,s046,4,27.0,15.108695652173914,0.0,90.0,56,56,50,6,6,0,1.0,10.63671875,0,0,0,0,0,2723,256,16,0,0,7.5,0,
window,window,none,fidelity,False,True,16,iid,0.1,2,s046,5,26.25,11.684782608695654,0.0,88.0,56,54,50,4,6,0,1.0,9.296875,0,0,0,0,0,2380,256,16,0,0,8.8125,0,
window,window,none,fidelity,False,True,16,iid,0.1,2,s046,6,21.75,15.108695652173914,0.0,85.0,56,53,50,3,6,0,1.0,8.40234375,0,0,0,0,0,2151,256,16,0,0,7.5,0,
window,window,none,fidelity,False,True,16,iid,0.1,2,s046,7,16.500000000000004,3.423913043478259,0.0,89.0,56,56,50,6,6,0,1.0,8.22265625,0,0,0,0,0,2105,256,16,0,0,7.5,3,
window,window,none,fidelity,False,True,16,iid,0.1,2,s046,8,25.25,16.358695652173914,0.0,92.5,56,56,50,6,6,0,1.0,9.14453125,0,0,0,0,0,2341,256,16,0,0,7.5,0,92.0
aeqkad,window,full,fidelity,False,True,16,iid,0.1,0,s046,2,19.5,17.445652173913043,2.0,69.0,56,52,49,3,6,0,0.98,12.1015625,53,1,45,0,0,3098,256,16,0,0,8.5,3,
aeqkad,window,full,fidelity,False,True,16,iid,0.1,0,s046,3,28.500000000000004,19.78260869565217,0.0,84.0,56,49,46,3,6,0,0.92,9.0546875,55,3,45,0,3,2318,256,16,0,0,8.875,0,
aeqkad,window,full,fidelity,False,True,16,iid,0.1,0,s046,4,29.500000000000004,20.869565217391305,0.0,86.5,56,43,40,3,6,0,0.8,8.953125,56,0,45,0,13,2292,256,16,0,0,9.8125,1,
aeqkad,window,full,fidelity,False,True,16,iid,0.1,0,s046,5,26.25,15.108695652173914,2.0,87.5,56,46,45,1,6,0,0.9,7.9296875,55,4,44,0,5,2030,256,16,0,0,10.5,0,
aeqkad,window,full,fidelity,False,True,16,iid,0.1,0,s046,6,21.75,10.434782608695654,0.0,76.5,56,45,45,0,6,0,0.9,6.87890625,55,2,46,0,8,1761,256,16,0,0,8.4375,0,
aeqkad,window,full,fidelity,False,True,16,iid,0.1,0,s046,7,52.0,47.66304347826087,16.0,74.5,56,9,8,1,6,0,0.16,6.328125,47,7,24,0,31,1620,256,16,0,0,31.5625,1,
aeqkad,window,full,fidelity,False,True,16,iid,0.1,0,s046,8,27.250000000000004,20.869565217391305,4.0,81.5,56,38,36,2,6,0,0.72,6.3671875,54,3,34,0,13,1630,256,16,0,0,9.0625,1,100.0
aeqkad,window,full,fidelity,False,True,16,iid,0.1,1,s046,2,15.750000000000004,12.608695652173912,2.0,83.5,56,51,49,2,6,0,0.98,12.171875,54,1,41,0,2,3116,256,16,0,0,7.625,2,
aeqkad,window,full,fidelity,False,True,16,iid,0.1,1,s046,3,17.500000000000004,10.434782608695654,0.0,89.5,56,50,46,4,6,0,0.92,8.71484375,54,3,43,0,1,2231,256,16,0,0,9.375,1,
aeqkad,window,full,fidelity,False,True,16,iid,0.1,1,s046,4,28.25,17.445652173913043,0.0,88.0,56,45,41,4,6,0,0.82,9.1015625,56,2,42,0,9,2330,256,16,0,0,9.0,1,
aeqkad,window,full,fidelity,False,True,16,iid,0.1,1,s046,5,26.75,19.78260869565217,0.0,91.0,56,51,47,4,6,0,0.94,8.640625,55,1,45,0,3,2212,256,16,0,0,9.5625,0,
aeqkad,window,full,fidelity,False,True,16,iid,0.1,1,s046,6,21.5,10.434782608695654,0.0,87.0,56,48,46,2,6,0,0.92,7.27734375,56,2,45,0,6,1863,256,16,0,0,7.8125,0,
aeqkad,window,full,fidelity,False,True,16,iid,0.1,1,s046,7,48.5,53.75,8.0,81.0,56,6,6,0,6,0,0.12,6.6328125,51,15,12,0,30,1698,256,16,0,0,40.875,0,
aeqkad,window,full,fidelity,False,True,16,iid,0.1,1,s046,8,29.75,18.53260869565217,4.0,89.5,56,36,35,1,6,0,0.7,6.234375,54,2,27,0,16,1596,256,16,0,0,9.9375,0,100.0
aeqkad,window,full,fidelity,False,True,16,iid,0.1,2,s046,2,23.25,10.434782608695654,2.0,73.0,56,46,45,1,6,0,0.9,11.5625,53,4,44,0,3,2960,256,16,0,0,10.4375,1,
aeqkad,window,full,fidelity,False,True,16,iid,0.1,2,s046,3,21.75,14.021739130434783,4.0,86.0,56,42,41,1,6,0,0.82,7.90234375,52,3,46,0,7,2023,256,16,0,0,10.5,1,
aeqkad,window,full,fidelity,False,True,16,iid,0.1,2,s046,4,28.000000000000004,17.445652173913043,0.0,86.0,56,44,40,4,6,0,0.8,8.8359375,56,2,50,0,10,2262,256,16,0,0,9.875,1,
aeqkad,window,full,fidelity,False,True,16,iid,0.1,2,s046,5,28.500000000000004,17.445652173913043,0.0,85.0,56,43,41,2,6,0,0.82,8.03125,54,2,48,0,9,2056,256,16,0,0,11.6875,0,
aeqkad,window,full,fidelity,False,True,16,iid,0.1,2,s046,6,16.500000000000004,12.771739130434783,2.0,75.5,56,44,43,1,6,0,0.86,6.27734375,52,2,48,0,6,1607,256,16,0,0,7.875,0,
aeqkad,window,full,fidelity,False,True,16,iid,0.1,2,s046,7,55.750000000000014,58.09782608695652,34.0,64.0,56,2,2,0,6,0,0.04,5.19921875,39,12,19,0,25,1331,256,16,0,0,56.25,0,
aeqkad,window,full,fidelity,False,True,16,iid,0.1,2,s046,8,41.0,45.326086956521735,12.0,72.0,56,6,3,3,6,0,0.06,6.015625,49,3,36,0,40,1540,256,16,0,0,72.75,3,96.0
mm,mm,full,fidelity,False,True,16,iid,0.1,0,s046,2,38.0,39.40217391304348,2.0,96.5,56,51,48,3,6,0,0.96,16.0,55,2,51,0,2,4096,256,16,1,15,80.6875,0,
mm,mm,full,fidelity,False,True,16,iid,0.1,0,s046,3,29.500000000000004,16.358695652173914,0.0,93.5,56,49,46,3,6,0,0.92,13.125,56,2,52,0,5,3360,256,16,1,1,27.375,1,
mm,mm,full,fidelity,False,True,16,iid,0.1,0,s046,4,28.000000000000004,25.543478260869566,0.0,95.5,56,43,40,3,6,0,0.8,12.92578125,56,0,53,0,13,3309,256,16,1,1,64.875,2,
mm,mm,full,fidelity,False,True,16,iid,0.1,0,s046,5,26.0,16.358695652173914,2.0,95.5,56,46,45,1,6,0,0.9,13.1796875,55,0,49,0,9,3374,256,16,1,1,45.875,0,
mm,mm,full,fidelity,False,True,16,iid,0.1,0,s046,6,18.250000000000004,16.032608695652172,0.0,95.5,56,45,45,0,6,0,0.9,13.2265625,55,0,52,0,10,3386,256,16,1,1,67.0,0,
mm,mm,full,fidelity,False,True,16,iid,0.1,0,s046,7,36.0,30.217391304347828,0.0,97.5,56,9,8,1,6,0,0.16,10.93359375,56,0,53,0,47,2799,256,16,1,1,90.75,1,
mm,mm,full,fidelity,False,True,16,iid,0.1,0,s046,8,33.25,33.80434782608695,6.0,88.5,56,38,36,2,6,0,0.72,10.65625,53,2,41,0,13,2728,256,16,1,1,92.5,1,100.0
mm,mm,full,fidelity,False,True,16,iid,0.1,1,s046,2,32.0,28.04347826086957,0.0,99.0,56,50,48,2,6,0,0.96,16.0,56,1,50,0,5,4096,256,16,1,16,82.8125,0,
mm,mm,full,fidelity,False,True,16,iid,0.1,1,s046,3,24.25,19.78260869565217,0.0,94.5,56,50,46,4,6,0,0.92,13.64453125,56,2,49,0,4,3493,256,16,1,1,31.125,4,
mm,mm,full,fidelity,False,True,16,iid,0.1,1,s046,4,24.25,17.445652173913043,0.0,92.5,56,45,41,4,6,0,0.82,15.90234375,56,0,52,0,11,4071,256,16,1,1,75.25,2,
mm,mm,full,fidelity,False,True,16,iid,0.1,1,s046,5,28.500000000000004,26.6304347826087,0.0,98.5,56,51,47,4,6,0,0.94,14.1328125,56,1,52,0,4,3618,256,16,1,1,47.875,2,
mm,mm,full,fidelity,False,True,16,iid,0.1,1,s046,6,21.75,17.608695652173914,0.0,97.0,56,48,46,2,6,0,0.92,14.32421875,56,0,53,0,8,3667,256,16,1,1,53.3125,3,
mm,mm,full,fidelity,False,True,16,iid,0.1,1,s046,7,35.75,37.22826086956522,0.0,97.0,56,6,6,0,6,0,0.12,12.52734375,55,1,51,0,48,3207,256,16,1,1,83.5625,3,
mm,mm,full,fidelity,False,True,16,iid,0.1,1,s046,8,34.0,30.217391304347828,4.0,95.0,56,36,35,1,6,0,0.7,10.12890625,54,0,42,0,18,2593,256,16,1,1,98.0625,3,100.0
mm,mm,full,fidelity,False,True,16,iid,0.1,2,s046,2,41.75,47.66304347826087,0.0,95.5,56,47,45,2,6,0,0.9,16.0,55,4,52,0,4,4096,256,16,1,16,82.375,0,
mm,mm,full,fidelity,False,True,16,iid,0.1,2,s046,3,28.75,19.78260869565217,0.0,94.5,56,42,41,1,6,0,0.82,12.8046875,56,5,49,0,9,3278,256,16,1,1,27.1875,1,
mm,mm,full,fidelity,False,True,16,iid,0.1,2,s046,4,30.000000000000004,20.869565217391305,0.0,93.5,56,44,40,4,6,0,0.8,11.76171875,56,1,55,0,11,3011,256,16,1,1,58.625,3,
mm,mm,full,fidelity,False,True,16,iid,0.1,2,s046,5,34.0,30.217391304347828,0.0,94.5,56,43,41,2,6,0,0.82,13.9921875,55,0,51,0,12,3582,256,16,1,1,61.125,2,
mm,mm,full,fidelity,False,True,16,iid,0.1,2,s046,6,23.5,17.445652173913043,0.0,91.5,56,44,43,1,6,0,0.86,12.26171875,55,2,52,0,9,3139,256,16,1,1,59.1875,0,
mm,mm,full,fidelity,False,True,16,iid,0.1,2,s046,7,26.75,19.78260869565217,0.0,96.0,56,2,2,0,6,0,0.04,12.0,56,0,51,0,54,3072,256,16,1,1,115.1875,0,
mm,mm,full,fidelity,False,True,16,iid,0.1,2,s046,8,27.500000000000004,18.695652173913043,2.0,91.0,56,6,3,3,6,0,0.06,11.35546875,55,2,53,0,47,2907,256,16,1,1,121.3125,3,98.0
static,static,none,fidelity,False,True,16,iid,0.1,0,s047,2,19.0,4.67391304347826,0.0,96.0,56,0,0,0,6,0,0.0,39.0,0,0,0,0,0,9984,256,50,0,50,81.5,0,
static,static,none,fidelity,False,True,16,iid,0.1,0,s047,3,19.25,12.608695652173912,0.0,93.5,56,0,0,0,6,0,0.0,39.0,0,0,0,0,0,9984,256,50,0,50,137.5,0,
static,static,none,fidelity,False,True,16,iid,0.1,0,s047,4,15.750000000000004,4.67391304347826,0.0,93.0,56,0,0,0,6,0,0.0,39.0,0,0,0,0,0,9984,256,50,0,50,193.5,0,
static,static,none,fidelity,False,True,16,iid,0.1,0,s047,5,21.0,6.08695652173913,0.0,94.5,56,0,0,0,6,0,0.0,39.0,0,0,0,0,0,9984,256,50,0,50,249.5,0,
static,static,none,fidelity,False,True,16,iid,0.1,0,s047,6,22.25,11.521739130434783,0.0,95.0,56,0,0,0,6,0,0.0,39.0,0,0,0,0,0,9984,256,50,0,50,305.5,0,
static,static,none,fidelity,False,True,16,iid,0.1,0,s047,7,31.499999999999996,30.217391304347828,2.0,94.0,56,0,0,0,6,0,0.0,39.0,0,0,0,0,0,9984,256,50,0,50,361.5,0,
static,static,none,fidelity,False,True,16,iid,0.1,0,s047,8,30.75,19.78260869565217,0.0,92.5,56,0,0,0,6,0,0.0,39.0,0,0,0,0,0,9984,256,50,0,50,417.5,0,94.0
static,static,none,fidelity,False,True,16,iid,0.1,1,s047,2,16.000000000000004,5.760869565217389,0.0,94.5,56,0,0,0,6,0,0.0,40.0,0,0,0,0,0,10240,256,50,0,50,81.5,0,
static,static,none,fidelity,False,True,16,iid,0.1,1,s047,3,20.25,6.847826086956524,0.0,96.5,56,0,0,0,6,0,0.0,40.0,0,0,0,0,0,10240,256,50,0,50,137.5,0,
static,static,none,fidelity,False,True,16,iid,0.1,1,s047,4,18.250000000000004,10.434782608695654,0.0,94.5,56,0,0,0,6,0,0.0,40.0,0,0,0,0,0,10240,256,50,0,50,193.5,0,
static,static,none,fidelity,False,True,16,iid,0.1,1,s047,5,21.75,5.923913043478259,0.0,95.0,56,0,0,0,6,0,0.0,40.0,0,0,0,0,0,10240,256,50,0,50,249.5,0,
static,static,none,fidelity,False,True,16,iid,0.1,1,s047,6,22.0,8.097826086956525,0.0,97.0,56,0,0,0,6,0,0.0,40.0,0,0,0,0,0,10240,256,50,0,50,305.5,0,
static,static,none,fidelity,False,True,16,iid,0.1,1,s047,7,30.75,32.55434782608696,2.0,95.0,56,0,0,0,6,0,0.0,40.0,0,0,0,0,0,10240,256,50,0,50,361.5,0,
static,static,none,fidelity,False,True,16,iid,0.1,1,s047,8,28.500000000000004,19.78260869565217,0.0,96.0,56,0,0,0,6,0,0.0,40.0,0,0,0,0,0,10240,256,50,0,50,417.5,0,100.0
static,static,none,fidelity,False,True,16,iid,0.1,2,s047,2,16.000000000000004,3.423913043478259,2.0,92.5,56,0,0,0,6,0,0.0,38.0,0,0,0,0,0,9728,256,50,0,50,81.5,0,
static,static,none,fidelity,False,True,16,iid,0.1,2,s047,3,18.500000000000004,10.434782608695654,0.0,94.5,56,0,0,0,6,0,0.0,38.0,0,0,0,0,0,9728,256,50,0,50,137.5,0,
static,static,none,fidelity,False,True,16,iid,0.1,2,s047,4,17.500000000000004,8.097826086956525,0.0,93.5,56,0,0,0,6,0,0.0,38.0,0,0,0,0,0,9728,256,50,0,50,193.5,0,
static,static,none,fidelity,False,True,16,iid,0.1,2,s047,5,18.000000000000004,2.5,0.0,95.0,56,0,0,0,6,0,0.0,38.0,0,0,0,0,0,9728,256,50,0,50,249.5,0,
static,static,none,fidelity,False,True,16,iid,0.1,2,s047,6,20.25,11.521739130434783,0.0,94.5,56,0,0,0,6,0,0.0,38.0,0,0,0,0,0,9728,256,50,0,50,305.5,0,
static,static,none,fidelity,False,True,16,iid,0.1,2,s047,7,30.999999999999996,32.55434782608696,2.0,93.0,56,0,0,0,6,0,0.0,38.0,0,0,0,0,0,9728,256,50,0,50,361.5,0,
static,static,none,fidelity,False,True,16,iid,0.1,2,s047,8,28.25,17.445652173913043,0.0,93.5,56,0,0,0,6,0,0.0,38.0,0,0,0,0,0,9728,256,50,0,50,417.5,0,100.0
naive,naive,none,fidelity,False,True,16,iid,0.1,0,s047,2,18.750000000000004,8.097826086956525,0.0,98.0,56,56,50,6,6,0,1.0,51.72265625,0,0,0,0,0,13241,256,106,0,50,52.971698113207545,6,
naive,naive,none,fidelity,False,True,16,iid,0.1,0,s047,3,30.000000000000004,19.78260869565217,0.0,97.5,56,56,50,6,6,0,1.0,73.03515625,0,0,0,0,0,18697,256,162,0,50,80.80864197530865,12,
naive,naive,none,fidelity,False,True,16,iid,0.1,0,s047,4,27.750000000000004,22.1195652173913,0.0,99.5,56,56,50,6,6,0,1.0,87.82421875,0,0,0,0,0,22483,256,218,0,50,108.72935779816514,18,
naive,naive,none,fidelity,False,True,16,iid,0.1,0,s047,5,27.750000000000004,25.543478260869566,0.0,100.0,56,56,50,6,6,0,1.0,99.5234375,0,0,0,0,0,25478,256,274,0,50,136.6824817518248,24,
naive,naive,none,fidelity,False,True,16,iid,0.1,0,s047,6,32.0,22.1195652173913,0.0,100.0,56,56,50,6,6,0,1.0,109.76953125,0,0,0,0,0,28101,256,330,0,50,164.65151515151516,30,
naive,naive,none,fidelity,False,True,16,iid,0.1,0,s047,7,38.75,41.90217391304347,0.0,100.0,56,56,50,6,6,0,1.0,122.89453125,0,0,0,0,0,31461,256,386,0,50,192.62953367875647,36,
naive,naive,none,fidelity,False,True,16,iid,0.1,0,s047,8,39.5,32.55434782608696,0.0,99.5,56,56,50,6,6,0,1.0,142.9921875,0,0,0,0,0,36606,256,442,0,50,220.6131221719457,42,100.0
naive,naive,none,fidelity,False,True,16,iid,0.1,1,s047,2,17.750000000000004,4.67391304347826,0.0,97.0,56,56,50,6,6,0,1.0,50.6015625,0,0,0,0,0,12954,256,106,0,50,52.971698113207545,6,
naive,naive,none,fidelity,False,True,16,iid,0.1,1,s047,3,26.5,15.108695652173914,0.0,98.5,56,56,50,6,6,0,1.0,74.10546875,0,0,0,0,0,18971,256,162,0,50,80.80864197530865,12,
naive,naive,none,fidelity,False,True,16,iid,0.1,1,s047,4,22.75,23.20652173913043,0.0,99.5,56,56,50,6,6,0,1.0,90.80859375,0,0,0,0,0,23247,256,218,0,50,108.72935779816514,18,
naive,naive,none,fidelity,False,True,16,iid,0.1,1,s047,5,23.5,21.03260869565217,0.0,100.0,56,56,50,6,6,0,1.0,107.5234375,0,0,0,0,0,27526,256,274,0,50,136.6824817518248,24,
naive,naive,none,fidelity,False,True,16,iid,0.1,1,s047,6,30.25,25.706521739130437,0.0,100.0,56,56,50,6,6,0,1.0,118.3359375,0,0,0,0,0,30294,256,330,0,50,164.65151515151516,30,
naive,naive,none,fidelity,False,True,16,iid,0.1,1,s047,7,44.99999999999999,48.91304347826087,0.0,100.0,56,56,50,6,6,0,1.0,125.984375,0,0,0,0,0,32252,256,386,0,50,192.62953367875647,36,
naive,naive,none,fidelity,False,True,16,iid,0.1,1,s047,8,44.99999999999999,42.98913043478261,0.0,100.0,56,56,50,6,6,0,1.0,143.8359375,0,0,0,0,0,36822,256,442,0,50,220.6131221719457,42,100.0
naive,naive,none,fidelity,False,True,16,iid,0.1,2,s047,2,22.5,8.097826086956525,0.0,96.0,56,56,50,6,6,0,1.0,50.19921875,0,0,0,0,0,12851,256,106,0,50,52.971698113207545,6,
naive,naive,none,fidelity,False,True,16,iid,0.1,2,s047,3,32.0,24.456521739130437,0.0,98.0,56,56,50,6,6,0,1.0,72.68359375,0,0,0,0,0,18607,256,162,0,50,80.80864197530865,12,
naive,naive,none,fidelity,False,True,16,iid,0.1,2,s047,4,38.0,32.55434782608696,0.0,98.5,56,56,50,6,6,0,1.0,89.2734375,0,0,0,0,0,22854,256,218,0,50,108.72935779816514,18,
naive,naive,none,fidelity,False,True,16,iid,0.1,2,s047,5,29.25,29.89130434782609,0.0,99.5,56,56,50,6,6,0,1.0,100.48046875,0,0,0,0,0,25723,256,274,0,50,136.6824817518248,24,
naive,naive,none,fidelity,False,True,16,iid,0.1,2,s047,6,26.75,20.869565217391305,0.0,100.0,56,56,50,6,6,0,1.0,113.77734375,0,0,0,0,0,29127,256,330,0,50,164.65151515151516,30,
naive,naive,none,fidelity,False,True,16,iid,0.1,2,s047,7,36.75,45.326086956521735,0.0,100.0,56,56,50,6,6,0,1.0,123.51953125,0,0,0,0,0,31621,256,386,0,50,192.62953367875647,36,
naive,naive,none,fidelity,False,True,16,iid,0.1,2,s047,8,39.0,39.56521739130434,0.0,100.0,56,56,50,6,6,0,1.0,139.1640625,0,0,0,0,0,35626,256,442,0,50,220.6131221719457,42,100.0
window,window,none,fidelity,False,True,16,iid,0.1,0,s047,2,20.25,4.67391304347826,4.0,72.0,56,52,48,4,6,0,0.96,12.93359375,0,0,0,0,0,3311,256,16,0,0,8.0,1,
window,window,none,fidelity,False,True,16,iid,0.1,0,s047,3,29.75,25.543478260869566,6.0,73.0,56,53,47,6,6,0,0.94,13.34765625,0,0,0,0,0,3417,256,16,0,0,8.5625,1,
window,window,none,fidelity,False,True,16,iid,0.1,0,s047,4,20.75,12.771739130434783,4.0,66.0,56,52,48,4,6,0,0.96,12.41796875,0,0,0,0,0,3179,256,16,0,0,7.625,0,
window,window,none,fidelity,False,True,16,iid,0.1,0,s047,5,16.250000000000004,4.67391304347826,2.0,70.5,56,54,49,5,6,0,0.98,10.609375,0,0,0,0,0,2716,256,16,0,0,7.5,4,
window,window,none,fidelity,False,True,16,iid,0.1,0,s047,6,29.75,23.20652173913043,2.0,76.5,56,52,49,3,6,0,0.98,10.98046875,0,0,0,0,0,2811,256,16,0,0,8.1875,1,
window,window,none,fidelity,False,True,16,iid,0.1,0,s047,7,36.25,24.456521739130437,6.0,81.0,56,52,47,5,6,0,0.94,13.28515625,0,0,0,0,0,3401,256,16,0,0,7.5,1,
window,window,none,fidelity,False,True,16,iid,0.1,0,s047,8,37.75,39.56521739130434,18.0,77.0,56,43,41,2,6,0,0.82,12.78515625,0,0,0,0,0,3273,256,16,0,0,8.3125,0,78.0
window,window,none,fidelity,False,True,16,iid,0.1,1,s047,2,21.75,5.0,4.0,76.5,56,52,48,4,6,0,0.96,12.796875,0,0,0,0,0,3276,256,16,0,0,8.625,2,
window,window,none,fidelity,False,True,16,iid,0.1,1,s047,3,26.0,10.434782608695654,4.0,81.0,56,54,48,6,6,0,0.96,13.2265625,0,0,0,0,0,3386,256,16,0,0,7.75,1,
window,window,none,fidelity,False,True,16,iid,0.1,1,s047,4,17.250000000000004,7.01086956521739,4.0,78.5,56,52,48,4,6,0,0.96,12.69921875,0,0,0,0,0,3251,256,16,0,0,8.5,1,
window,window,none,fidelity,False,True,16,iid,0.1,1,s047,5,17.750000000000004,8.260869565217389,2.0,71.5,56,52,49,3,6,0,0.98,11.1015625,0,0,0,0,0,2842,256,16,0,0,8.3125,1,
window,window,none,fidelity,False,True,16,iid,0.1,1,s047,6,36.25,25.543478260869566,2.0,83.0,56,55,49,6,6,0,0.98,11.03515625,0,0,0,0,0,2825,256,16,0,0,7.5,0,
window,window,none,fidelity,False,True,16,iid,0.1,1,s047,7,36.5,30.217391304347828,4.0,81.0,56,51,48,3,6,0,0.96,12.73828125,0,0,0,0,0,3261,256,16,0,0,8.375,1,
window,window,none,fidelity,False,True,16,iid,0.1,1,s047,8,38.25,35.97826086956522,14.000000000000002,84.5,56,47,43,4,6,0,0.86,12.4765625,0,0,0,0,0,3194,256,16,0,0,7.875,3,96.0
window,window,none,fidelity,False,True,16,iid,0.1,2,s047,2,27.500000000000004,22.1195652173913,4.0,77.0,56,54,48,6,6,0,0.96,12.80078125,0,0,0,0,0,3277,256,16,0,0,7.8125,2,
window,window,none,fidelity,False,True,16,iid,0.1,2,s047,3,28.25,17.445652173913043,6.0,77.5,56,52,47,5,6,0,0.94,13.24609375,0,0,0,0,0,3391,256,16,0,0,8.1875,1,
window,window,none,fidelity,False,True,16,iid,0.1,2,s047,4,16.000000000000004,8.097826086956525,4.0,79.0,56,54,48,6,6,0,0.96,12.8125,0,0,0,0,0,3280,256,16,0,0,7.5,1,
window,window,none,fidelity,False,True,16,iid,0.1,2,s047,5,17.750000000000004,10.434782608695654,2.0,63.5,56,51,49,2,6,0,0.98,10.64453125,0,0,0,0,0,2725,256,16,0,0,8.5625,1,
window,window,none,fidelity,False,True,16,iid,0.1,2,s047,6,33.5,24.456521739130437,2.0,77.5,56,54,49,5,6,0,0.98,10.88671875,0,0,0,0,0,2787,256,16,0,0,7.5,0,
window,window,none,fidelity,False,True,16,iid,0.1,2,s047,7,40.0,30.217391304347828,10.0,84.0,56,49,45,4,6,0,0.9,12.9609375,0,0,0,0,0,3318,256,16,0,0,8.375,1,
window,window,none,fidelity,False,True,16,iid,0.1,2,s047,8,38.0,30.217391304347828,18.0,81.0,56,46,41,5,6,0,0.82,12.68359375,0,0,0,0,0,3247,256,16,0,0,8.3125,2,98.0
aeqkad,window,full,fidelity,False,True,16,iid,0.1,0,s047,2,18.500000000000004,4.83695652173913,4.0,70.5,56,39,39,0,6,0,0.78,12.17578125,52,11,0,0,2,3117,256,16,0,0,14.1875,0,
aeqkad,window,full,fidelity,False,True,16,iid,0.1,0,s047,3,30.000000000000004,25.543478260869566,12.0,69.0,56,41,37,4,6,0,0.74,12.25390625,50,7,0,0,2,3137,256,16,0,0,9.625,0,
aeqkad,window,full,fidelity,False,True,16,iid,0.1,0,s047,4,18.500000000000004,8.097826086956525,4.0,66.5,56,50,46,4,6,0,0.92,12.3671875,52,2,0,0,0,3166,256,16,0,0,7.625,0,
aeqkad,window,full,fidelity,False,True,16,iid,0.1,0,s047,5,14.000000000000002,3.423913043478259,4.0,69.0,56,44,42,2,6,0,0.84,9.23046875,52,5,0,0,3,2363,256,16,0,0,9.125,1,
aeqkad,window,full,fidelity,False,True,16,iid,0.1,0,s047,6,38.25,26.6304347826087,12.0,66.0,56,32,31,1,6,0,0.62,9.375,47,10,0,0,5,2400,256,16,0,0,10.0,0,
aeqkad,window,full,fidelity,False,True,16,iid,0.1,0,s047,7,39.75,38.47826086956522,8.0,79.0,56,39,36,3,6,0,0.72,12.14453125,51,12,0,0,0,3109,256,16,0,0,9.75,0,
aeqkad,window,full,fidelity,False,True,16,iid,0.1,0,s047,8,43.25,38.31521739130434,18.0,69.5,56,26,25,1,6,0,0.5,10.5625,44,14,0,0,4,2704,256,16,0,0,9.8125,0,76.0
aeqkad,window,full,fidelity,False,True,16,iid,0.1,1,s047,2,27.25,15.108695652173914,4.0,71.0,56,41,39,2,6,0,0.78,12.27734375,51,8,0,0,2,3143,256,16,0,0,15.0625,1,
aeqkad,window,full,fidelity,False,True,16,iid,0.1,1,s047,3,25.75,16.358695652173914,10.0,77.0,56,42,39,3,6,0,0.78,12.21875,51,8,0,0,1,3128,256,16,0,0,8.625,1,
aeqkad,window,full,fidelity,False,True,16,iid,0.1,1,s047,4,18.500000000000004,8.097826086956525,4.0,69.5,56,43,43,0,6,0,0.86,11.86328125,52,5,0,0,4,3037,256,16,0,0,11.6875,0,
aeqkad,window,full,fidelity,False,True,16,iid,0.1,1,s047,5,14.250000000000002,8.260869565217389,4.0,68.5,56,42,41,1,6,0,0.82,9.46875,51,3,0,0,6,2424,256,16,0,0,8.4375,1,
aeqkad,window,full,fidelity,False,True,16,iid,0.1,1,s047,6,38.25,27.8804347826087,8.0,68.5,56,34,32,2,6,0,0.64,9.39453125,49,9,0,0,6,2405,256,16,0,0,8.5,0,
aeqkad,window,full,fidelity,False,True,16,iid,0.1,1,s047,7,38.25,38.15217391304348,6.0,79.0,56,41,38,3,6,0,0.76,11.91796875,51,7,0,0,3,3051,256,16,0,0,9.9375,1,
aeqkad,window,full,fidelity,False,True,16,iid,0.1,1,s047,8,47.5,42.98913043478261,14.000000000000002,74.0,56,26,25,1,6,0,0.5,10.53125,47,16,0,0,5,2696,256,16,0,0,10.625,1,94.0
aeqkad,window,full,fidelity,False,True,16,iid,0.1,2,s047,2,24.75,10.434782608695654,4.0,73.0,56,41,40,1,6,0,0.8,12.484375,54,12,0,0,1,3196,256,16,0,0,12.5625,1,
aeqkad,window,full,fidelity,False,True,16,iid,0.1,2,s047,3,32.0,23.20652173913043,10.0,72.5,56,43,39,4,6,0,0.78,12.67578125,50,7,0,0,0,3245,256,16,0,0,10.0625,0,
aeqkad,window,full,fidelity,False,True,16,iid,0.1,2,s047,4,21.75,8.097826086956525,4.0,72.0,56,47,46,1,6,0,0.92,12.10546875,53,5,0,0,1,3099,256,16,0,0,7.5,1,
aeqkad,window,full,fidelity,False,True,16,iid,0.1,2,s047,5,18.250000000000004,9.347826086956523,4.0,63.0,56,42,42,0,6,0,0.84,9.609375,50,5,0,0,3,2460,256,16,0,0,8.9375,0,
aeqkad,window,full,fidelity,False,True,16,iid,0.1,2,s047,6,36.75,24.293478260869566,10.0,65.5,56,35,32,3,6,0,0.64,9.16015625,50,10,0,0,5,2345,256,16,0,0,7.625,1,
aeqkad,window,full,fidelity,False,True,16,iid,0.1,2,s047,7,38.25,39.56521739130434,8.0,82.5,56,36,35,1,6,0,0.7,12.03125,49,12,0,0,1,3080,256,16,0,0,9.0625,1,
aeqkad,window,full,fidelity,False,True,16,iid,0.1,2,s047,8,46.0,42.98913043478261,20.0,80.5,56,33,30,3,6,0,0.6,12.2265625,45,11,0,0,1,3130,256,16,0,0,9.375,1,96.0
mm,mm,full,fidelity,False,True,16,iid,0.1,0,s047,2,14.000000000000002,5.760869565217389,2.0,90.5,56,42,42,0,6,0,0.84,16.0,53,9,0,0,2,4096,256,16,1,16,79.8125,0,
mm,mm,full,fidelity,False,True,16,iid,0.1,0,s047,3,16.250000000000004,4.67391304347826,2.0,79.5,56,41,40,1,6,0,0.8,15.7578125,55,12,0,0,2,4034,256,16,1,2,28.1875,0,
mm,mm,full,fidelity,False,True,16,iid,0.1,0,s047,4,20.25,8.260869565217389,4.0,81.5,56,51,47,4,6,0,0.94,15.390625,52,1,0,0,0,3940,256,16,1,1,47.0625,3,
mm,mm,full,fidelity,False,True,16,iid,0.1,0,s047,5,21.75,12.771739130434783,2.0,78.5,56,43,41,2,6,0,0.82,15.80078125,54,1,0,0,10,4045,256,16,1,1,66.125,4,
mm,mm,full,fidelity,False,True,16,iid,0.1,0,s047,6,24.75,13.097826086956523,2.0,79.5,56,36,34,2,6,0,0.68,14.38671875,53,3,0,0,14,3683,256,16,1,1,39.3125,1,
mm,mm,full,fidelity,False,True,16,iid,0.1,0,s047,7,40.75,32.55434782608696,8.0,85.0,56,40,37,3,6,0,0.74,15.109375,51,5,0,0,6,3868,256,16,1,1,73.0625,2,
mm,mm,full,fidelity,False,True,16,iid,0.1,0,s047,8,42.25,44.07608695652174,10.0,86.5,56,35,33,2,6,0,0.66,15.4765625,50,6,0,0,9,3962,256,16,1,1,67.0625,2,94.0
mm,mm,full,fidelity,False,True,16,iid,0.1,1,s047,2,16.500000000000004,2.5,2.0,92.0,56,41,40,1,6,0,0.8,16.0,55,8,0,0,6,4096,256,16,1,16,82.5,0,
mm,mm,full,fidelity,False,True,16,iid,0.1,1,s047,3,19.75,10.434782608695654,2.0,87.5,56,44,41,3,6,0,0.82,15.49609375,55,10,0,0,1,3967,256,16,1,1,21.5625,1,
mm,mm,full,fidelity,False,True,16,iid,0.1,1,s047,4,21.75,17.1195652173913,4.0,84.0,56,45,44,1,6,0,0.88,15.078125,52,1,0,0,6,3860,256,16,1,1,57.375,1,
mm,mm,full,fidelity,False,True,16,iid,0.1,1,s047,5,19.75,12.771739130434783,2.0,80.5,56,42,41,1,6,0,0.82,14.5546875,53,2,0,0,9,3726,256,16,1,1,65.875,1,
mm,mm,full,fidelity,False,True,16,iid,0.1,1,s047,6,28.000000000000004,20.869565217391305,0.0,82.5,56,36,34,2,6,0,0.68,14.5,55,4,0,0,15,3712,256,16,1,1,46.875,1,
mm,mm,full,fidelity,False,True,16,iid,0.1,1,s047,7,42.75,33.641304347826086,6.0,88.5,56,41,36,5,6,0,0.72,15.421875,52,7,0,0,4,3948,256,16,1,1,63.5,1,
mm,mm,full,fidelity,False,True,16,iid,0.1,1,s047,8,45.75,43.15217391304348,8.0,89.0,56,38,37,1,6,0,0.74,15.9765625,51,8,0,0,5,4090,256,16,1,1,75.625,1,100.0
mm,mm,full,fidelity,False,True,16,iid,0.1,2,s047,2,16.000000000000004,7.01086956521739,0.0,88.0,56,41,41,0,6,0,0.82,16.0,56,14,0,0,1,4096,256,16,1,16,82.5,0,
mm,mm,full,fidelity,False,True,16,iid,0.1,2,s047,3,26.0,15.108695652173914,2.0,84.0,56,43,40,3,6,0,0.8,15.734375,55,11,0,0,1,4028,256,16,1,2,30.5625,1,
mm,mm,full,fidelity,False,True,16,iid,0.1,2,s047,4,28.25,10.760869565217387,4.0,84.0,56,52,48,4,6,0,0.96,15.49609375,53,0,0,0,1,3967,256,16,1,1,50.9375,2,
mm,mm,full,fidelity,False,True,16,iid,0.1,2,s047,5,20.75,17.282608695652176,2.0,83.5,56,45,44,1,6,0,0.88,15.6484375,52,1,0,0,6,4006,256,16,1,1,49.0625,2,
mm,mm,full,fidelity,False,True,16,iid,0.1,2,s047,6,27.750000000000004,20.869565217391305,2.0,79.0,56,38,34,4,6,0,0.68,15.37890625,55,2,0,0,15,3937,256,16,1,1,54.0625,3,
mm,mm,full,fidelity,False,True,16,iid,0.1,2,s047,7,39.0,32.71739130434783,6.0,87.5,56,38,37,1,6,0,0.74,15.5703125,51,9,0,0,4,3986,256,16,1,1,71.0,1,
mm,mm,full,fidelity,False,True,16,iid,0.1,2,s047,8,38.75,37.22826086956522,6.0,85.5,56,39,36,3,6,0,0.72,15.92578125,52,9,0,0,4,4077,256,16,1,1,71.5625,0,100.0
static,static,none,fidelity,False,True,16,iid,0.1,0,s048,2,14.000000000000002,8.097826086956525,0.0,92.5,56,0,0,0,6,0,0.0,40.0,0,0,0,0,0,10240,256,50,0,50,81.5,0,
static,static,none,fidelity,False,True,16,iid,0.1,0,s048,3,13.750000000000002,10.434782608695654,0.0,94.5,56,0,0,0,6,0,0.0,40.0,0,0,0,0,0,10240,256,50,0,50,137.5,0,
static,static,none,fidelity,False,True,16,iid,0.1,0,s048,4,35.75,33.80434782608695,0.0,94.5,56,0,0,0,6,0,0.0,40.0,0,0,0,0,0,10240,256,50,0,50,193.5,0,
static,static,none,fidelity,False,True,16,iid,0.1,0,s048,5,33.75,25.706521739130437,0.0,95.0,56,0,0,0,6,0,0.0,40.0,0,0,0,0,0,10240,256,50,0,50,249.5,0,
static,static,none,fidelity,False,True,16,iid,0.1,0,s048,6,26.0,25.543478260869566,0.0,93.5,56,0,0,0,6,0,0.0,40.0,0,0,0,0,0,10240,256,50,0,50,305.5,0,
static,static,none,fidelity,False,True,16,iid,0.1,0,s048,7,26.25,20.869565217391305,0.0,95.0,56,0,0,0,6,0,0.0,40.0,0,0,0,0,0,10240,256,50,0,50,361.5,0,
static,static,none,fidelity,False,True,16,iid,0.1,0,s048,8,22.0,15.108695652173914,0.0,92.5,56,0,0,0,6,0,0.0,40.0,0,0,0,0,0,10240,256,50,0,50,417.5,0,100.0
static,static,none,fidelity,False,True,16,iid,0.1,1,s048,2,14.750000000000002,6.847826086956524,0.0,90.5,56,0,0,0,6,0,0.0,40.0,0,0,0,0,0,10240,256,50,0,50,81.5,0,
static,static,none,fidelity,False,True,16,iid,0.1,1,s048,3,19.25,10.597826086956523,0.0,94.0,56,0,0,0,6,0,0.0,40.0,0,0,0,0,0,10240,256,50,0,50,137.5,0,
static,static,none,fidelity,False,True,16,iid,0.1,1,s048,4,42.25,39.56521739130434,0.0,92.5,56,0,0,0,6,0,0.0,40.0,0,0,0,0,0,10240,256,50,0,50,193.5,0,
static,static,none,fidelity,False,True,16,iid,0.1,1,s048,5,34.25,22.1195652173913,0.0,93.5,56,0,0,0,6,0,0.0,40.0,0,0,0,0,0,10240,256,50,0,50,249.5,0,
static,static,none,fidelity,False,True,16,iid,0.1,1,s048,6,26.0,22.1195652173913,0.0,90.5,56,0,0,0,6,0,0.0,40.0,0,0,0,0,0,10240,256,50,0,50,305.5,0,
static,static,none,fidelity,False,True,16,iid,0.1,1,s048,7,29.75,22.1195652173913,0.0,92.5,56,0,0,0,6,0,0.0,40.0,0,0,0,0,0,10240,256,50,0,50,361.5,0,
static,static,none,fidelity,False,True,16,iid,0.1,1,s048,8,20.0,11.684782608695654,0.0,93.5,56,0,0,0,6,0,0.0,40.0,0,0,0,0,0,10240,256,50,0,50,417.5,0,90.0
static,static,none,fidelity,False,True,16,iid,0.1,2,s048,2,17.500000000000004,10.434782608695654,0.0,91.0,56,0,0,0,6,0,0.0,38.0,0,0,0,0,0,9728,256,50,0,50,81.5,0,
static,static,none,fidelity,False,True,16,iid,0.1,2,s048,3,14.500000000000002,6.847826086956524,0.0,92.5,56,0,0,0,6,0,0.0,38.0,0,0,0,0,0,9728,256,50,0,50,137.5,0,
static,static,none,fidelity,False,True,16,iid,0.1,2,s048,4,38.0,39.56521739130434,0.0,92.0,56,0,0,0,6,0,0.0,38.0,0,0,0,0,0,9728,256,50,0,50,193.5,0,
static,static,none,fidelity,False,True,16,iid,0.1,2,s048,5,34.0,23.3695652173913,0.0,93.5,56,0,0,0,6,0,0.0,38.0,0,0,0,0,0,9728,256,50,0,50,249.5,0,
static,static,none,fidelity,False,True,16,iid,0.1,2,s048,6,25.75,25.543478260869566,0.0,92.5,56,0,0,0,6,0,0.0,38.0,0,0,0,0,0,9728,256,50,0,50,305.5,0,
static,static,none,fidelity,False,True,16,iid,0.1,2,s048,7,27.750000000000004,22.1195652173913,0.0,95.5,56,0,0,0,6,0,0.0,38.0,0,0,0,0,0,9728,256,50,0,50,361.5,0,
static,static,none,fidelity,False,True,16,iid,0.1,2,s048,8,18.250000000000004,18.695652173913043,0.0,91.0,56,0,0,0,6,0,0.0,38.0,0,0,0,0,0,9728,256,50,0,50,417.5,0,98.0
naive,naive,none,fidelity,False,True,16,iid,0.1,0,s048,2,14.500000000000002,8.097826086956525,0.0,95.0,56,56,50,6,6,0,1.0,46.91015625,0,0,0,0,0,12009,256,106,0,50,52.971698113207545,6,
naive,naive,none,fidelity,False,True,16,iid,0.1,0,s048,3,15.750000000000004,14.021739130434783,0.0,99.5,56,56,50,6,6,0,1.0,65.10546875,0,0,0,0,0,16667,256,162,0,50,80.80864197530865,12,
naive,naive,none,fidelity,False,True,16,iid,0.1,0,s048,4,28.500000000000004,21.03260869565217,0.0,98.5,56,56,50,6,6,0,1.0,77.703125,0,0,0,0,0,19892,256,218,0,50,108.72935779816514,18,
naive,naive,none,fidelity,False,True,16,iid,0.1,0,s048,5,24.0,23.04347826086957,0.0,100.0,56,56,50,6,6,0,1.0,92.953125,0,0,0,0,0,23796,256,274,0,50,136.6824817518248,24,
naive,naive,none,fidelity,False,True,16,iid,0.1,0,s048,6,15.000000000000002,7.01086956521739,0.0,100.0,56,56,50,6,6,0,1.0,103.94140625,0,0,0,0,0,26609,256,330,0,50,164.65151515151516,30,
naive,naive,none,fidelity,False,True,16,iid,0.1,0,s048,7,20.25,17.445652173913043,0.0,100.0,56,56,50,6,6,0,1.0,111.8203125,0,0,0,0,0,28626,256,386,0,50,192.62953367875647,36,
naive,naive,none,fidelity,False,True,16,iid,0.1,0,s048,8,19.75,4.67391304347826,0.0,99.5,56,56,50,6,6,0,1.0,115.98828125,0,0,0,0,0,29693,256,442,0,50,220.6131221719457,42,100.0
naive,naive,none,fidelity,False,True,16,iid,0.1,1,s048,2,12.0,2.33695652173913,0.0,93.5,56,56,50,6,6,0,1.0,45.96484375,0,0,0,0,0,11767,256,106,0,50,52.971698113207545,6,
naive,naive,none,fidelity,False,True,16,iid,0.1,1,s048,3,18.500000000000004,10.434782608695654,0.0,98.0,56,56,50,6,6,0,1.0,66.19921875,0,0,0,0,0,16947,256,162,0,50,80.80864197530865,12,
naive,naive,none,fidelity,False,True,16,iid,0.1,1,s048,4,30.500000000000004,24.456521739130437,0.0,97.5,56,56,50,6,6,0,1.0,75.328125,0,0,0,0,0,19284,256,218,0,50,108.72935779816514,18,
naive,naive,none,fidelity,False,True,16,iid,0.1,1,s048,5,23.25,23.04347826086957,0.0,100.0,56,56,50,6,6,0,1.0,93.09375,0,0,0,0,0,23832,256,274,0,50,136.6824817518248,24,
naive,naive,none,fidelity,False,True,16,iid,0.1,1,s048,6,20.25,8.097826086956525,0.0,100.0,56,56,50,6,6,0,1.0,102.80859375,0,0,0,0,0,26319,256,330,0,50,164.65151515151516,30,
naive,naive,none,fidelity,False,True,16,iid,0.1,1,s048,7,20.75,19.78260869565217,0.0,100.0,56,56,50,6,6,0,1.0,111.24609375,0,0,0,0,0,28479,256,386,0,50,192.62953367875647,36,
naive,naive,none,fidelity,False,True,16,iid,0.1,1,s048,8,16.250000000000004,4.67391304347826,0.0,100.0,56,56,50,6,6,0,1.0,114.34765625,0,0,0,0,0,29273,256,442,0,50,220.6131221719457,42,100.0
naive,naive,none,fidelity,False,True,16,iid,0.1,2,s048,2,16.000000000000004,9.347826086956523,0.0,96.5,56,56,50,6,6,0,1.0,47.55078125,0,0,0,0,0,12173,256,106,0,50,52.971698113207545,6,
naive,naive,none,fidelity,False,True,16,iid,0.1,2,s048,3,15.750000000000004,8.097826086956525,0.0,99.0,56,56,50,6,6,0,1.0,68.47265625,0,0,0,0,0,17529,256,162,0,50,80.80864197530865,12,
naive,naive,none,fidelity,False,True,16,iid,0.1,2,s048,4,28.000000000000004,19.78260869565217,0.0,100.0,56,56,50,6,6,0,1.0,78.63671875,0,0,0,0,0,20131,256,218,0,50,108.72935779816514,18,
naive,naive,none,fidelity,False,True,16,iid,0.1,2,s048,5,28.000000000000004,15.108695652173914,0.0,100.0,56,56,50,6,6,0,1.0,94.14453125,0,0,0,0,0,24101,256,274,0,50,136.6824817518248,24,
naive,naive,none,fidelity,False,True,16,iid,0.1,2,s048,6,18.500000000000004,7.01086956521739,0.0,100.0,56,56,50,6,6,0,1.0,103.51171875,0,0,0,0,0,26499,256,330,0,50,164.65151515151516,30,
naive,naive,none,fidelity,False,True,16,iid,0.1,2,s048,7,23.5,15.108695652173914,0.0,100.0,56,56,50,6,6,0,1.0,113.09765625,0,0,0,0,0,28953,256,386,0,50,192.62953367875647,36,
naive,naive,none,fidelity,False,True,16,iid,0.1,2,s048,8,17.250000000000004,7.01086956521739,0.0,100.0,56,56,50,6,6,0,1.0,120.734375,0,0,0,0,0,30908,256,442,0,50,220.6131221719457,42,100.0
window,window,none,fidelity,False,True,16,iid,0.1,0,s048,2,11.75,7.01086956521739,0.0,60.0,56,55,50,5,6,0,1.0,12.453125,0,0,0,0,0,3188,256,16,0,0,7.5,1,
window,window,none,fidelity,False,True,16,iid,0.1,0,s048,3,19.75,19.78260869565217,2.0,67.0,56,53,49,4,6,0,0.98,11.0859375,0,0,0,0,0,2838,256,16,0,0,7.5,1,
window,window,none,fidelity,False,True,16,iid,0.1,0,s048,4,18.250000000000004,7.17391304347826,4.0,67.5,56,53,48,5,6,0,0.96,12.41015625,0,0,0,0,0,3177,256,16,0,0,9.625,2,
window,window,none,fidelity,False,True,16,iid,0.1,0,s048,5,18.250000000000004,8.097826086956525,4.0,60.0,56,51,48,3,6,0,0.96,11.2109375,0,0,0,0,0,2870,256,16,0,0,8.375,0,
window,window,none,fidelity,False,True,16,iid,0.1,0,s048,6,11.75,1.25,0.0,64.0,56,53,50,3,6,0,1.0,10.40625,0,0,0,0,0,2664,256,16,0,0,8.4375,1,
window,window,none,fidelity,False,True,16,iid,0.1,0,s048,7,16.000000000000004,8.097826086956525,4.0,70.5,56,53,48,5,6,0,0.96,11.5234375,0,0,0,0,0,2950,256,16,0,0,7.5,1,
window,window,none,fidelity,False,True,16,iid,0.1,0,s048,8,16.250000000000004,10.434782608695654,2.0,57.99999999999999,56,53,49,4,6,0,0.98,9.3046875,0,0,0,0,0,2382,256,16,0,0,8.375,1,90.0
window,window,none,fidelity,False,True,16,iid,0.1,1,s048,2,10.0,4.67391304347826,0.0,67.0,56,55,50,5,6,0,1.0,12.40625,0,0,0,0,0,3176,256,16,0,0,7.5,3,
window,window,none,fidelity,False,True,16,iid,0.1,1,s048,3,18.000000000000004,6.847826086956524,2.0,67.5,56,54,49,5,6,0,0.98,11.34765625,0,0,0,0,0,2905,256,16,0,0,7.5,1,
window,window,none,fidelity,False,True,16,iid,0.1,1,s048,4,20.75,10.434782608695654,4.0,64.5,56,51,48,3,6,0,0.96,11.8515625,0,0,0,0,0,3034,256,16,0,0,10.125,1,
window,window,none,fidelity,False,True,16,iid,0.1,1,s048,5,17.250000000000004,7.01086956521739,4.0,63.0,56,52,48,4,6,0,0.96,10.87109375,0,0,0,0,0,2783,256,16,0,0,7.5,3,
window,window,none,fidelity,False,True,16,iid,0.1,1,s048,6,14.750000000000002,9.184782608695654,0.0,68.5,56,51,50,1,6,0,1.0,10.875,0,0,0,0,0,2784,256,16,0,0,8.6875,0,
window,window,none,fidelity,False,True,16,iid,0.1,1,s048,7,15.250000000000002,4.67391304347826,4.0,69.5,56,52,48,4,6,0,0.96,11.33984375,0,0,0,0,0,2903,256,16,0,0,7.5,1,
window,window,none,fidelity,False,True,16,iid,0.1,1,s048,8,12.25,5.760869565217389,0.0,66.5,56,55,50,5,6,0,1.0,10.11328125,0,0,0,0,0,2589,256,16,0,0,7.5,3,4.0
window,window,none,fidelity,False,True,16,iid,0.1,2,s048,2,15.750000000000004,6.847826086956524,0.0,67.0,56,54,50,4,6,0,1.0,12.515625,0,0,0,0,0,3204,256,16,0,0,7.5,2,
window,window,none,fidelity,False,True,16,iid,0.1,2,s048,3,15.250000000000002,9.347826086956523,2.0,68.0,56,51,49,2,6,0,0.98,10.9765625,0,0,0,0,0,2810,256,16,0,0,7.5,0,
window,window,none,fidelity,False,True,16,iid,0.1,2,s048,4,16.75,10.434782608695654,4.0,76.0,56,52,48,4,6,0,0.96,11.95703125,0,0,0,0,0,3061,256,16,0,0,9.5,0,
window,window,none,fidelity,False,True,16,iid,0.1,2,s048,5,16.500000000000004,1.25,4.0,69.0,56,53,48,5,6,0,0.96,10.921875,0,0,0,0,0,2796,256,16,0,0,7.5,1,
window,window,none,fidelity,False,True,16,iid,0.1,2,s048,6,14.250000000000002,8.097826086956525,0.0,65.5,56,53,50,3,6,0,1.0,10.484375,0,0,0,0,0,2684,256,16,0,0,8.75,2,
window,window,none,fidelity,False,True,16,iid,0.1,2,s048,7,13.5,7.01086956521739,2.0,70.0,56,52,49,3,6,0,0.98,11.37890625,0,0,0,0,0,2913,256,16,0,0,7.625,3,
window,window,none,fidelity,False,True,16,iid,0.1,2,s048,8,16.250000000000004,9.347826086956523,0.0,68.5,56,56,50,6,6,0,1.0,10.70703125,0,0,0,0,0,2741,256,16,0,0,7.5,2,94.0
aeqkad,window,full,fidelity,False,True,16,iid,0.1,0,s048,2,14.000000000000002,8.097826086956525,0.0,55.50000000000001,56,49,47,2,6,0,0.94,11.37890625,55,6,0,0,0,2913,256,16,0,0,7.5,1,
aeqkad,window,full,fidelity,False,True,16,iid,0.1,0,s048,3,19.000000000000004,14.021739130434783,0.0,66.0,56,47,45,2,6,0,0.9,10.27734375,54,7,0,0,0,2631,256,16,0,0,8.125,0,
aeqkad,window,full,fidelity,False,True,16,iid,0.1,0,s048,4,16.000000000000004,10.434782608695654,4.0,60.5,56,46,44,2,6,0,0.88,10.953125,52,5,0,0,1,2804,256,16,0,0,9.625,2,
aeqkad,window,full,fidelity,False,True,16,iid,0.1,0,s048,5,16.750000000000004,8.097826086956525,4.0,56.99999999999999,56,47,45,2,6,0,0.9,10.54296875,51,4,0,0,0,2699,256,16,0,0,9.25,0,
aeqkad,window,full,fidelity,False,True,16,iid,0.1,0,s048,6,13.0,1.25,0.0,62.0,56,51,49,2,6,0,0.98,10.12890625,53,2,0,0,0,2593,256,16,0,0,8.4375,1,
aeqkad,window,full,fidelity,False,True,16,iid,0.1,0,s048,7,13.25,2.33695652173913,4.0,66.0,56,49,47,2,6,0,0.94,11.16796875,52,2,0,0,1,2859,256,16,0,0,7.5625,0,
aeqkad,window,full,fidelity,False,True,16,iid,0.1,0,s048,8,13.750000000000002,7.01086956521739,2.0,55.50000000000001,56,50,48,2,6,0,0.96,9.17578125,53,3,0,0,0,2349,256,16,0,0,9.4375,0,80.0
aeqkad,window,full,fidelity,False,True,16,iid,0.1,1,s048,2,11.75,4.67391304347826,0.0,63.5,56,52,48,4,6,0,0.96,11.890625,55,3,0,0,0,3044,256,16,0,0,8.0,2,
aeqkad,window,full,fidelity,False,True,16,iid,0.1,1,s048,3,17.250000000000004,11.684782608695654,0.0,62.5,56,44,43,1,6,0,0.86,9.7421875,54,10,0,0,0,2494,256,16,0,0,8.375,0,
aeqkad,window,full,fidelity,False,True,16,iid,0.1,1,s048,4,18.250000000000004,10.434782608695654,4.0,64.5,56,43,42,1,6,0,0.84,11.10546875,51,8,0,0,0,2843,256,16,0,0,11.25,0,
aeqkad,window,full,fidelity,False,True,16,iid,0.1,1,s048,5,18.750000000000004,4.67391304347826,4.0,55.50000000000001,56,43,42,1,6,0,0.84,9.84375,52,9,0,0,0,2520,256,16,0,0,10.3125,1,
aeqkad,window,full,fidelity,False,True,16,iid,0.1,1,s048,6,14.000000000000002,7.01086956521739,0.0,60.5,56,49,49,0,6,0,0.98,10.125,51,2,0,0,0,2592,256,16,0,0,8.6875,0,
aeqkad,window,full,fidelity,False,True,16,iid,0.1,1,s048,7,14.000000000000002,2.33695652173913,2.0,67.5,56,48,46,2,6,0,0.92,10.58984375,53,5,0,0,0,2711,256,16,0,0,7.5625,1,
aeqkad,window,full,fidelity,False,True,16,iid,0.1,1,s048,8,10.499999999999998,3.58695652173913,0.0,63.0,56,48,47,1,6,0,0.94,8.80078125,54,5,0,0,1,2253,256,16,0,0,10.25,0,6.0
aeqkad,window,full,fidelity,False,True,16,iid,0.1,2,s048,2,14.250000000000002,8.097826086956525,0.0,63.5,56,50,49,1,6,0,0.98,12.0,53,3,0,0,0,3072,256,16,0,0,8.0625,0,
aeqkad,window,full,fidelity,False,True,16,iid,0.1,2,s048,3,16.75,9.347826086956523,0.0,65.5,56,46,45,1,6,0,0.9,10.00390625,53,7,0,0,0,2561,256,16,0,0,7.5,0,
aeqkad,window,full,fidelity,False,True,16,iid,0.1,2,s048,4,16.250000000000004,5.923913043478259,4.0,72.0,56,46,45,1,6,0,0.9,11.21484375,51,3,0,0,2,2871,256,16,0,0,9.5,0,
aeqkad,window,full,fidelity,False,True,16,iid,0.1,2,s048,5,18.500000000000004,2.33695652173913,4.0,63.0,56,49,45,4,6,0,0.9,10.3828125,53,4,0,0,0,2658,256,16,0,0,8.375,1,
aeqkad,window,full,fidelity,False,True,16,iid,0.1,2,s048,6,12.0,9.347826086956523,0.0,63.5,56,50,49,1,6,0,0.98,10.0859375,54,4,0,0,0,2582,256,16,0,0,8.9375,1,
aeqkad,window,full,fidelity,False,True,16,iid,0.1,2,s048,7,13.25,8.097826086956525,2.0,67.5,56,49,47,2,6,0,0.94,10.91015625,52,2,0,0,1,2793,256,16,0,0,8.25,2,
aeqkad,window,full,fidelity,False,True,16,iid,0.1,2,s048,8,16.250000000000004,10.434782608695654,2.0,64.5,56,51,48,3,6,0,0.96,9.734375,54,3,0,0,0,2492,256,16,0,0,7.5,2,96.0
mm,mm,full,fidelity,False,True,16,iid,0.1,0,s048,2,17.750000000000004,9.347826086956523,0.0,82.5,56,50,47,3,6,0,0.94,16.0,56,6,0,0,0,4096,256,16,1,16,79.75,0,
mm,mm,full,fidelity,False,True,16,iid,0.1,0,s048,3,16.0,15.108695652173914,0.0,78.0,56,49,47,2,6,0,0.94,13.90234375,55,6,0,0,0,3559,256,16,1,1,31.125,1,
mm,mm,full,fidelity,False,True,16,iid,0.1,0,s048,4,24.0,16.195652173913043,2.0,78.0,56,48,45,3,6,0,0.9,15.08203125,54,5,0,0,1,3861,256,16,1,1,43.875,2,
mm,mm,full,fidelity,False,True,16,iid,0.1,0,s048,5,17.250000000000004,17.608695652173914,4.0,74.5,56,47,45,2,6,0,0.9,15.80078125,52,4,0,0,1,4045,256,16,1,1,53.625,1,
mm,mm,full,fidelity,False,True,16,iid,0.1,0,s048,6,9.499999999999998,1.25,0.0,70.5,56,50,49,1,6,0,0.98,14.92578125,53,3,0,0,0,3821,256,16,1,1,56.4375,1,
mm,mm,full,fidelity,False,True,16,iid,0.1,0,s048,7,16.000000000000004,5.923913043478259,0.0,73.5,56,49,47,2,6,0,0.94,14.0234375,56,5,0,0,2,3590,256,16,1,1,53.3125,3,
mm,mm,full,fidelity,False,True,16,iid,0.1,0,s048,8,16.000000000000004,8.097826086956525,0.0,78.5,56,51,49,2,6,0,0.98,13.52734375,54,2,0,0,1,3463,256,16,1,1,60.5625,0,96.0
mm,mm,full,fidelity,False,True,16,iid,0.1,1,s048,2,16.75,6.847826086956524,0.0,90.0,56,49,47,2,6,0,0.94,16.0,56,7,0,0,0,4096,256,16,1,16,82.875,0,
mm,mm,full,fidelity,False,True,16,iid,0.1,1,s048,3,14.000000000000002,7.01086956521739,0.0,82.0,56,47,46,1,6,0,0.92,13.84375,55,8,0,0,0,3544,256,16,1,1,28.75,1,
mm,mm,full,fidelity,False,True,16,iid,0.1,1,s048,4,25.25,21.03260869565217,4.0,76.5,56,45,44,1,6,0,0.88,14.328125,53,7,0,0,1,3668,256,16,1,1,45.25,1,
mm,mm,full,fidelity,False,True,16,iid,0.1,1,s048,5,19.000000000000004,10.434782608695654,4.0,76.0,56,48,46,2,6,0,0.92,15.875,52,4,0,0,0,4064,256,16,1,1,51.6875,2,
mm,mm,full,fidelity,False,True,16,iid,0.1,1,s048,6,14.500000000000002,2.5,0.0,74.5,56,49,49,0,6,0,0.98,14.71484375,56,5,0,0,2,3767,256,16,1,1,59.75,1,
mm,mm,full,fidelity,False,True,16,iid,0.1,1,s048,7,15.500000000000004,3.58695652173913,0.0,76.0,56,49,47,2,6,0,0.94,14.109375,54,4,0,0,1,3612,256,16,1,1,57.6875,2,
mm,mm,full,fidelity,False,True,16,iid,0.1,1,s048,8,12.0,3.423913043478259,0.0,79.0,56,50,49,1,6,0,0.98,14.2421875,55,3,0,0,2,3646,256,16,1,1,66.3125,1,14.000000000000002
mm,mm,full,fidelity,False,True,16,iid,0.1,2,s048,2,18.5,3.58695652173913,0.0,86.5,56,49,48,1,6,0,0.96,16.0,56,7,0,0,0,4096,256,16,1,16,81.875,0,
mm,mm,full,fidelity,False,True,16,iid,0.1,2,s048,3,16.500000000000004,9.347826086956523,0.0,83.5,56,50,48,2,6,0,0.96,15.48046875,55,5,0,0,0,3963,256,16,1,1,29.8125,2,
mm,mm,full,fidelity,False,True,16,iid,0.1,2,s048,4,24.0,18.53260869565217,4.0,80.0,56,47,46,1,6,0,0.92,15.46875,53,4,0,0,2,3960,256,16,1,1,43.75,1,
mm,mm,full,fidelity,False,True,16,iid,0.1,2,s048,5,12.5,3.75,2.0,79.0,56,52,47,5,6,0,0.94,15.92578125,54,2,0,0,0,4077,256,16,1,1,60.5,1,
mm,mm,full,fidelity,False,True,16,iid,0.1,2,s048,6,13.750000000000002,2.5,0.0,81.5,56,51,49,2,6,0,0.98,14.1171875,55,3,0,0,1,3614,256,16,1,1,45.125,3,
mm,mm,full,fidelity,False,True,16,iid,0.1,2,s048,7,17.500000000000004,13.858695652173914,0.0,83.5,56,49,47,2,6,0,0.94,15.04296875,53,3,0,0,1,3851,256,16,1,1,53.6875,2,
mm,mm,full,fidelity,False,True,16,iid,0.1,2,s048,8,16.000000000000004,9.347826086956523,0.0,80.5,56,53,49,4,6,0,0.98,15.09375,56,3,0,0,0,3864,256,16,1,1,59.6875,3,100.0
static,static,none,fidelity,False,True,16,iid,0.1,0,s049,2,5.500000000000003,0.0,4.0,32.5,56,0,0,0,6,0,0.0,43.0,0,0,0,0,0,11008,256,50,0,50,81.5,0,
static,static,none,fidelity,False,True,16,iid,0.1,0,s049,3,7.749999999999998,0.0,4.0,32.0,56,0,0,0,6,0,0.0,43.0,0,0,0,0,0,11008,256,50,0,50,137.5,0,
static,static,none,fidelity,False,True,16,iid,0.1,0,s049,4,15.500000000000004,4.83695652173913,6.0,30.0,56,0,0,0,6,0,0.0,43.0,0,0,0,0,0,11008,256,50,0,50,193.5,0,
static,static,none,fidelity,False,True,16,iid,0.1,0,s049,5,14.000000000000002,2.5,4.0,34.0,56,0,0,0,6,0,0.0,43.0,0,0,0,0,0,11008,256,50,0,50,249.5,0,
static,static,none,fidelity,False,True,16,iid,0.1,0,s049,6,5.500000000000003,1.25,4.0,22.5,56,0,0,0,6,0,0.0,43.0,0,0,0,0,0,11008,256,50,0,50,305.5,0,
static,static,none,fidelity,False,True,16,iid,0.1,0,s049,7,7.999999999999999,1.25,2.0,17.5,56,0,0,0,6,0,0.0,43.0,0,0,0,0,0,11008,256,50,0,50,361.5,0,
static,static,none,fidelity,False,True,16,iid,0.1,0,s049,8,12.25,2.5,4.0,23.0,56,0,0,0,6,0,0.0,43.0,0,0,0,0,0,11008,256,50,0,50,417.5,0,72.0
static,static,none,fidelity,False,True,16,iid,0.1,1,s049,2,6.750000000000004,2.33695652173913,4.0,41.5,56,0,0,0,6,0,0.0,44.0,0,0,0,0,0,11264,256,50,0,50,81.5,0,
static,static,none,fidelity,False,True,16,iid,0.1,1,s049,3,7.749999999999998,0.0,4.0,41.5,56,0,0,0,6,0,0.0,44.0,0,0,0,0,0,11264,256,50,0,50,137.5,0,
static,static,none,fidelity,False,True,16,iid,0.1,1,s049,4,15.750000000000004,8.097826086956525,6.0,35.0,56,0,0,0,6,0,0.0,44.0,0,0,0,0,0,11264,256,50,0,50,193.5,0,
static,static,none,fidelity,False,True,16,iid,0.1,1,s049,5,14.250000000000002,10.271739130434783,4.0,35.5,56,0,0,0,6,0,0.0,44.0,0,0,0,0,0,11264,256,50,0,50,249.5,0,
static,static,none,fidelity,False,True,16,iid,0.1,1,s049,6,7.999999999999999,1.25,2.0,28.000000000000004,56,0,0,0,6,0,0.0,44.0,0,0,0,0,0,11264,256,50,0,50,305.5,0,
static,static,none,fidelity,False,True,16,iid,0.1,1,s049,7,8.249999999999998,1.25,2.0,29.0,56,0,0,0,6,0,0.0,44.0,0,0,0,0,0,11264,256,50,0,50,361.5,0,
static,static,none,fidelity,False,True,16,iid,0.1,1,s049,8,12.0,2.5,2.0,28.5,56,0,0,0,6,0,0.0,44.0,0,0,0,0,0,11264,256,50,0,50,417.5,0,16.0
static,static,none,fidelity,False,True,16,iid,0.1,2,s049,2,4.750000000000002,0.0,4.0,29.5,56,0,0,0,6,0,0.0,43.0,0,0,0,0,0,11008,256,50,0,50,81.5,0,
static,static,none,fidelity,False,True,16,iid,0.1,2,s049,3,7.749999999999998,0.0,4.0,30.0,56,0,0,0,6,0,0.0,43.0,0,0,0,0,0,11008,256,50,0,50,137.5,0,
static,static,none,fidelity,False,True,16,iid,0.1,2,s049,4,15.250000000000002,10.434782608695654,6.0,32.0,56,0,0,0,6,0,0.0,43.0,0,0,0,0,0,11008,256,50,0,50,193.5,0,
static,static,none,fidelity,False,True,16,iid,0.1,2,s049,5,12.25,2.33695652173913,4.0,28.5,56,0,0,0,6,0,0.0,43.0,0,0,0,0,0,11008,256,50,0,50,249.5,0,
static,static,none,fidelity,False,True,16,iid,0.1,2,s049,6,6.250000000000003,2.33695652173913,6.0,24.5,56,0,0,0,6,0,0.0,43.0,0,0,0,0,0,11008,256,50,0,50,305.5,0,
static,static,none,fidelity,False,True,16,iid,0.1,2,s049,7,7.999999999999999,1.25,2.0,21.5,56,0,0,0,6,0,0.0,43.0,0,0,0,0,0,11008,256,50,0,50,361.5,0,
static,static,none,fidelity,False,True,16,iid,0.1,2,s049,8,10.0,4.67391304347826,8.0,19.5,56,0,0,0,6,0,0.0,43.0,0,0,0,0,0,11008,256,50,0,50,417.5,0,16.0
naive,naive,none,fidelity,False,True,16,iid,0.1,0,s049,2,16.250000000000004,11.684782608695654,2.0,55.00000000000001,56,53,49,4,6,0,0.98,51.58984375,0,0,0,0,0,13207,256,103,0,50,53.44660194174757,4,
naive,naive,none,fidelity,False,True,16,iid,0.1,0,s049,3,22.0,14.021739130434783,2.0,84.5,56,52,49,3,6,0,0.98,65.7578125,0,0,0,0,0,16834,256,155,0,50,81.83225806451613,7,
naive,naive,none,fidelity,False,True,16,iid,0.1,0,s049,4,26.25,15.108695652173914,0.0,95.0,56,56,50,6,6,0,1.0,84.26171875,0,0,0,0,0,21571,256,211,0,50,108.54976303317537,13,
naive,naive,none,fidelity,False,True,16,iid,0.1,0,s049,5,23.5,25.543478260869566,0.0,97.5,56,56,50,6,6,0,1.0,93.51953125,0,0,0,0,0,23941,256,267,0,50,135.8052434456929,19,
naive,naive,none,fidelity,False,True,16,iid,0.1,0,s049,6,17.750000000000004,11.684782608695654,0.0,99.0,56,56,50,6,6,0,1.0,102.953125,0,0,0,0,0,26356,256,323,0,50,163.3188854489164,25,
naive,naive,none,fidelity,False,True,16,iid,0.1,0,s049,7,27.0,25.543478260869566,0.0,99.5,56,56,50,6,6,0,1.0,115.01953125,0,0,0,0,0,29445,256,379,0,50,190.97625329815304,31,
naive,naive,none,fidelity,False,True,16,iid,0.1,0,s049,8,18.25,7.01086956521739,0.0,100.0,56,56,50,6,6,0,1.0,121.07421875,0,0,0,0,0,30995,256,435,0,50,218.72183908045977,37,100.0
naive,naive,none,fidelity,False,True,16,iid,0.1,1,s049,2,9.499999999999998,4.67391304347826,2.0,65.5,56,52,49,3,6,0,0.98,52.79296875,0,0,0,0,0,13515,256,102,0,50,53.95098039215687,3,
naive,naive,none,fidelity,False,True,16,iid,0.1,1,s049,3,15.750000000000004,10.434782608695654,2.0,90.5,56,55,49,6,6,0,0.98,68.77734375,0,0,0,0,0,17607,256,157,0,50,81.13375796178345,9,
naive,naive,none,fidelity,False,True,16,iid,0.1,1,s049,4,23.5,11.521739130434783,0.0,94.5,56,56,50,6,6,0,1.0,83.58203125,0,0,0,0,0,21397,256,213,0,50,108.30985915492958,15,
naive,naive,none,fidelity,False,True,16,iid,0.1,1,s049,5,17.25,23.04347826086957,0.0,98.5,56,56,50,6,6,0,1.0,94.62109375,0,0,0,0,0,24223,256,269,0,50,135.82899628252787,21,
naive,naive,none,fidelity,False,True,16,iid,0.1,1,s049,6,9.499999999999998,7.01086956521739,0.0,100.0,56,56,50,6,6,0,1.0,104.17578125,0,0,0,0,0,26669,256,325,0,50,163.51384615384617,27,
naive,naive,none,fidelity,False,True,16,iid,0.1,1,s049,7,20.75,19.78260869565217,0.0,100.0,56,56,50,6,6,0,1.0,114.5,0,0,0,0,0,29312,256,381,0,50,191.2913385826772,33,
naive,naive,none,fidelity,False,True,16,iid,0.1,1,s049,8,19.5,6.847826086956524,0.0,100.0,56,56,50,6,6,0,1.0,118.12890625,0,0,0,0,0,30241,256,437,0,50,219.1258581235698,39,100.0
naive,naive,none,fidelity,False,True,16,iid,0.1,2,s049,2,14.250000000000002,12.771739130434783,2.0,56.99999999999999,56,54,49,5,6,0,0.98,52.7578125,0,0,0,0,0,13506,256,104,0,50,53.55769230769231,5,
naive,naive,none,fidelity,False,True,16,iid,0.1,2,s049,3,26.5,12.771739130434783,2.0,91.5,56,55,49,6,6,0,0.98,70.80859375,0,0,0,0,0,18127,256,159,0,50,81.26415094339623,11,
naive,naive,none,fidelity,False,True,16,iid,0.1,2,s049,4,30.25,16.521739130434785,0.0,98.0,56,56,50,6,6,0,1.0,89.265625,0,0,0,0,0,22852,256,215,0,50,108.67441860465117,17,
naive,naive,none,fidelity,False,True,16,iid,0.1,2,s049,5,23.75,21.956521739130437,0.0,99.5,56,56,50,6,6,0,1.0,98.91015625,0,0,0,0,0,25321,256,271,0,50,136.32841328413284,23,
naive,naive,none,fidelity,False,True,16,iid,0.1,2,s049,6,12.25,7.17391304347826,0.0,98.5,56,56,50,6,6,0,1.0,107.62890625,0,0,0,0,0,27553,256,327,0,50,164.10091743119267,29,
naive,naive,none,fidelity,False,True,16,iid,0.1,2,s049,7,27.500000000000004,24.456521739130437,0.0,100.0,56,56,50,6,6,0,1.0,117.12890625,0,0,0,0,0,29985,256,383,0,50,191.9399477806789,35,
naive,naive,none,fidelity,False,True,16,iid,0.1,2,s049,8,15.750000000000004,4.67391304347826,0.0,99.0,56,56,50,6,6,0,1.0,125.80859375,0,0,0,0,0,32207,256,439,0,50,219.82004555808652,41,100.0
window,window,none,fidelity,False,True,16,iid,0.1,0,s049,2,22.75,20.70652173913043,6.0,47.5,56,51,47,4,6,0,0.94,12.2734375,0,0,0,0,0,3142,256,16,0,0,7.5625,1,
window,window,none,fidelity,False,True,16,iid,0.1,0,s049,3,13.5,3.58695652173913,2.0,53.0,56,51,49,2,6,0,0.98,10.60546875,0,0,0,0,0,2715,256,16,0,0,8.1875,0,
window,window,none,fidelity,False,True,16,iid,0.1,0,s049,4,20.75,10.434782608695654,16.0,62.5,56,46,42,4,6,0,0.84,11.62109375,0,0,0,0,0,2975,256,16,0,0,8.0,0,
window,window,none,fidelity,False,True,16,iid,0.1,0,s049,5,20.0,7.01086956521739,8.0,76.0,56,52,46,6,6,0,0.92,9.5546875,0,0,0,0,0,2446,256,16,0,0,8.4375,1,
window,window,none,fidelity,False,True,16,iid,0.1,0,s049,6,4.499999999999997,0.0,6.0,44.0,56,48,47,1,6,0,0.94,9.13671875,0,0,0,0,0,2339,256,16,0,0,8.3125,1,
window,window,none,fidelity,False,True,16,iid,0.1,0,s049,7,13.5,1.0869565217391297,8.0,56.49999999999999,56,48,46,2,6,0,0.92,8.40625,0,0,0,0,0,2152,256,16,0,0,8.1875,1,
window,window,none,fidelity,False,True,16,iid,0.1,0,s049,8,12.25,4.83695652173913,2.0,61.0,56,54,49,5,6,0,0.98,8.8515625,0,0,0,0,0,2266,256,16,0,0,7.5,2,92.0
window,window,none,fidelity,False,True,16,iid,0.1,1,s049,2,18.000000000000004,7.01086956521739,4.0,70.0,56,52,48,4,6,0,0.96,12.171875,0,0,0,0,0,3116,256,16,0,0,7.5,3,
window,window,none,fidelity,False,True,16,iid,0.1,1,s049,3,9.25,2.33695652173913,2.0,63.0,56,55,49,6,6,0,0.98,10.9453125,0,0,0,0,0,2802,256,16,0,0,7.5,4,
window,window,none,fidelity,False,True,16,iid,0.1,1,s049,4,25.75,15.271739130434783,8.0,84.0,56,52,46,6,6,0,0.92,11.8046875,0,0,0,0,0,3022,256,16,0,0,7.9375,1,
window,window,none,fidelity,False,True,16,iid,0.1,1,s049,5,27.0,11.521739130434783,6.0,83.5,56,53,47,6,6,0,0.94,10.0390625,0,0,0,0,0,2570,256,16,0,0,8.25,1,
window,window,none,fidelity,False,True,16,iid,0.1,1,s049,6,10.499999999999998,0.0,6.0,67.5,56,51,47,4,6,0,0.94,9.546875,0,0,0,0,0,2444,256,16,0,0,8.0625,2,
window,window,none,fidelity,False,True,16,iid,0.1,1,s049,7,17.250000000000004,4.67391304347826,6.0,71.0,56,49,47,2,6,0,0.94,8.6875,0,0,0,0,0,2224,256,16,0,0,8.1875,0,
window,window,none,fidelity,False,True,16,iid,0.1,1,s049,8,12.0,0.0,0.0,74.0,56,54,50,4,6,0,1.0,9.328125,0,0,0,0,0,2388,256,16,0,0,7.5,1,88.0
window,window,none,fidelity,False,True,16,iid,0.1,2,s049,2,18.750000000000004,6.08695652173913,6.0,45.0,56,51,47,4,6,0,0.94,11.84765625,0,0,0,0,0,3033,256,16,0,0,8.0625,2,
window,window,none,fidelity,False,True,16,iid,0.1,2,s049,3,15.000000000000002,14.021739130434783,2.0,64.5,56,54,49,5,6,0,0.98,11.38671875,0,0,0,0,0,2915,256,16,0,0,7.6875,0,
window,window,none,fidelity,False,True,16,iid,0.1,2,s049,4,20.0,10.434782608695654,8.0,62.5,56,48,46,2,6,0,0.92,11.48046875,0,0,0,0,0,2939,256,16,0,0,8.0,0,
window,window,none,fidelity,False,True,16,iid,0.1,2,s049,5,17.75,7.01086956521739,8.0,74.0,56,50,46,4,6,0,0.92,9.1796875,0,0,0,0,0,2350,256,16,0,0,9.0,0,
window,window,none,fidelity,False,True,16,iid,0.1,2,s049,6,9.499999999999998,4.67391304347826,6.0,49.5,56,49,47,2,6,0,0.94,9.42578125,0,0,0,0,0,2413,256,16,0,0,9.6875,1,
window,window,none,fidelity,False,True,16,iid,0.1,2,s049,7,21.75,7.01086956521739,8.0,66.5,56,51,46,5,6,0,0.92,8.8984375,0,0,0,0,0,2278,256,16,0,0,8.1875,1,
window,window,none,fidelity,False,True,16,iid,0.1,2,s049,8,9.499999999999998,0.0,0.0,61.5,56,52,50,2,6,0,1.0,8.7109375,0,0,0,0,0,2230,256,16,0,0,8.125,0,2.0
aeqkad,window,full,fidelity,False,True,16,iid,0.1,0,s049,2,13.5,2.5,6.0,42.5,56,45,44,1,6,0,0.88,10.83984375,51,3,1,0,3,2775,256,16,0,0,8.625,0,
aeqkad,window,full,fidelity,False,True,16,iid,0.1,0,s049,3,7.749999999999998,4.67391304347826,4.0,35.0,56,44,44,0,6,0,0.88,9.34375,48,2,0,0,2,2392,256,16,0,0,9.875,0,
aeqkad,window,full,fidelity,False,True,16,iid,0.1,0,s049,4,22.25,4.67391304347826,16.0,48.0,56,40,40,0,6,0,0.8,10.4609375,45,3,0,0,2,2678,256,16,0,0,8.9375,0,
aeqkad,window,full,fidelity,False,True,16,iid,0.1,0,s049,5,18.000000000000004,4.67391304347826,10.0,61.5,56,43,42,1,6,0,0.84,7.54296875,50,4,1,0,3,1931,256,16,0,0,9.125,0,
aeqkad,window,full,fidelity,False,True,16,iid,0.1,0,s049,6,4.499999999999997,0.0,6.0,39.0,56,45,45,0,6,0,0.9,8.7734375,47,1,0,0,1,2246,256,16,0,0,8.875,0,
aeqkad,window,full,fidelity,False,True,16,iid,0.1,0,s049,7,15.000000000000002,2.33695652173913,8.0,44.5,56,42,42,0,6,0,0.84,7.078125,47,4,0,0,1,1812,256,16,0,0,8.4375,0,
aeqkad,window,full,fidelity,False,True,16,iid,0.1,0,s049,8,6.249999999999998,0.0,2.0,49.0,56,45,45,0,6,0,0.9,7.32421875,53,4,0,0,4,1875,256,16,0,0,9.4375,0,16.0
aeqkad,window,full,fidelity,False,True,16,iid,0.1,1,s049,2,10.499999999999998,1.25,6.0,57.49999999999999,56,46,45,1,6,0,0.9,10.79296875,50,3,0,0,1,2763,256,16,0,0,8.8125,1,
aeqkad,window,full,fidelity,False,True,16,iid,0.1,1,s049,3,7.249999999999998,4.67391304347826,4.0,53.5,56,45,44,1,6,0,0.88,9.4921875,52,5,0,0,2,2430,256,16,0,0,11.25,1,
aeqkad,window,full,fidelity,False,True,16,iid,0.1,1,s049,4,22.0,7.17391304347826,10.0,55.00000000000001,56,40,40,0,6,0,0.8,10.2421875,51,7,0,0,4,2622,256,16,0,0,9.9375,0,
aeqkad,window,full,fidelity,False,True,16,iid,0.1,1,s049,5,16.75,0.0,10.0,63.5,56,41,40,1,6,0,0.8,7.46484375,51,6,0,0,4,1911,256,16,0,0,10.4375,1,
aeqkad,window,full,fidelity,False,True,16,iid,0.1,1,s049,6,10.499999999999998,0.0,6.0,64.0,56,46,45,1,6,0,0.9,8.65625,51,2,0,0,3,2216,256,16,0,0,9.875,0,
aeqkad,window,full,fidelity,False,True,16,iid,0.1,1,s049,7,11.75,0.0,6.0,54.0,56,42,42,0,6,0,0.84,7.44140625,49,5,0,0,2,1905,256,16,0,0,8.1875,0,
aeqkad,window,full,fidelity,False,True,16,iid,0.1,1,s049,8,6.499999999999997,0.0,0.0,56.99999999999999,56,45,45,0,6,0,0.9,7.7890625,53,5,0,0,3,1994,256,16,0,0,8.625,0,86.0
aeqkad,window,full,fidelity,False,True,16,iid,0.1,2,s049,2,12.0,6.847826086956524,6.0,37.0,56,45,45,0,6,0,0.9,10.83984375,51,4,8,0,2,2775,256,16,0,0,10.1875,0,
aeqkad,window,full,fidelity,False,True,16,iid,0.1,2,s049,3,8.249999999999998,1.25,4.0,34.5,56,44,44,0,6,0,0.88,9.26953125,50,4,3,0,2,2373,256,16,0,0,9.3125,0,
aeqkad,window,full,fidelity,False,True,16,iid,0.1,2,s049,4,17.750000000000004,4.67391304347826,14.000000000000002,48.0,56,40,40,0,6,0,0.8,10.26953125,43,2,3,0,1,2629,256,16,0,0,8.9375,0,
aeqkad,window,full,fidelity,False,True,16,iid,0.1,2,s049,5,18.000000000000004,3.423913043478259,10.0,50.5,56,42,42,0,6,0,0.84,7.12890625,48,3,5,0,3,1825,256,16,0,0,9.5,0,
aeqkad,window,full,fidelity,False,True,16,iid,0.1,2,s049,6,4.749999999999998,0.0,6.0,41.5,56,45,45,0,6,0,0.9,8.921875,50,3,1,0,2,2284,256,16,0,0,10.8125,0,
aeqkad,window,full,fidelity,False,True,16,iid,0.1,2,s049,7,15.75,0.0,8.0,48.0,56,42,42,0,6,0,0.84,7.1328125,49,4,7,0,3,1826,256,16,0,0,8.4375,0,
aeqkad,window,full,fidelity,False,True,16,iid,0.1,2,s049,8,5.249999999999997,0.0,0.0,56.49999999999999,56,46,46,0,6,0,0.92,7.94921875,52,3,3,0,3,2035,256,16,0,0,8.1875,0,6.0
mm,mm,full,fidelity,False,True,16,iid,0.1,0,s049,2,14.250000000000002,7.01086956521739,12.0,21.0,56,22,22,0,6,0,0.44,16.0,45,23,1,0,0,4096,256,16,1,16,84.125,0,
mm,mm,full,fidelity,False,True,16,iid,0.1,0,s049,3,25.5,9.347826086956523,26.0,28.000000000000004,56,10,10,0,6,0,0.2,16.0,37,27,0,0,0,4096,256,16,1,16,140.125,0,
mm,mm,full,fidelity,False,True,16,iid,0.1,0,s049,4,30.000000000000004,24.456521739130437,38.0,20.5,56,7,6,1,6,0,0.12,16.0,32,25,0,0,0,4096,256,16,1,16,196.125,0,
mm,mm,full,fidelity,False,True,16,iid,0.1,0,s049,5,31.75,20.869565217391305,54.0,24.5,56,4,4,0,6,0,0.08,16.0,26,22,0,0,0,4096,256,16,1,16,252.125,0,
mm,mm,full,fidelity,False,True,16,iid,0.1,0,s049,6,23.75,15.108695652173914,48.0,16.0,56,6,6,0,6,0,0.12,16.0,27,21,0,0,0,4096,256,16,1,16,308.125,0,
mm,mm,full,fidelity,False,True,16,iid,0.1,0,s049,7,26.5,17.445652173913043,38.0,16.5,56,1,1,0,6,0,0.02,16.0,33,32,0,0,0,4096,256,16,1,16,364.125,0,
mm,mm,full,fidelity,False,True,16,iid,0.1,0,s049,8,23.5,17.282608695652176,4.0,55.50000000000001,56,43,41,2,6,0,0.82,14.359375,53,9,3,0,1,3676,256,16,1,1,47.875,2,96.0
mm,mm,full,fidelity,False,True,16,iid,0.1,1,s049,2,18.250000000000004,11.847826086956523,4.0,49.5,56,22,22,0,6,0,0.44,16.0,52,30,0,0,0,4096,256,16,1,16,83.5625,0,
mm,mm,full,fidelity,False,True,16,iid,0.1,1,s049,3,28.75,17.445652173913043,8.0,49.5,56,8,8,0,6,0,0.16,16.0,49,41,0,0,0,4096,256,16,1,16,139.5625,0,
mm,mm,full,fidelity,False,True,16,iid,0.1,1,s049,4,33.75,31.304347826086957,18.0,46.5,56,6,6,0,6,0,0.12,16.0,44,38,0,0,0,4096,256,16,1,16,195.5625,0,
mm,mm,full,fidelity,False,True,16,iid,0.1,1,s049,5,29.75,25.543478260869566,16.0,46.0,56,2,2,0,6,0,0.04,16.0,44,42,0,0,0,4096,256,16,1,16,251.5625,0,
mm,mm,full,fidelity,False,True,16,iid,0.1,1,s049,6,25.75,28.967391304347828,4.0,45.0,56,6,6,0,6,0,0.12,16.0,50,44,0,0,0,4096,256,16,1,16,307.5625,0,
mm,mm,full,fidelity,False,True,16,iid,0.1,1,s049,7,28.000000000000004,17.608695652173914,10.0,40.0,56,0,0,0,6,0,0.0,16.0,48,47,0,0,1,4096,256,16,1,16,363.5625,0,
mm,mm,full,fidelity,False,True,16,iid,0.1,1,s049,8,36.0,27.8804347826087,16.0,44.0,56,1,1,0,6,0,0.02,16.0,45,44,0,0,0,4096,256,16,1,16,419.5625,0,12.0
mm,mm,full,fidelity,False,True,16,iid,0.1,2,s049,2,12.25,9.184782608695654,8.0,28.000000000000004,56,33,33,0,6,0,0.66,16.0,49,15,7,0,1,4096,256,16,1,16,82.4375,0,
mm,mm,full,fidelity,False,True,16,iid,0.1,2,s049,3,13.750000000000002,2.1739130434782594,2.0,35.0,56,39,39,0,6,0,0.78,15.8203125,52,11,7,0,2,4050,256,16,1,5,45.25,0,
mm,mm,full,fidelity,False,True,16,iid,0.1,2,s049,4,14.500000000000002,2.33695652173913,8.0,57.49999999999999,56,43,43,0,6,0,0.86,13.51953125,47,3,10,0,1,3461,256,16,1,1,46.75,0,
mm,mm,full,fidelity,False,True,16,iid,0.1,2,s049,5,18.000000000000004,8.097826086956525,4.0,70.0,56,42,42,0,6,0,0.84,14.171875,51,2,29,0,7,3628,256,16,1,1,68.0625,0,
mm,mm,full,fidelity,False,True,16,iid,0.1,2,s049,6,5.749999999999998,3.423913043478259,6.0,54.50000000000001,56,45,45,0,6,0,0.9,12.87109375,51,0,22,0,6,3295,256,16,1,1,47.6875,0,
mm,mm,full,fidelity,False,True,16,iid,0.1,2,s049,7,10.249999999999998,0.0,6.0,56.49999999999999,56,42,42,0,6,0,0.84,12.953125,52,4,10,0,6,3316,256,16,1,1,68.125,0,
mm,mm,full,fidelity,False,True,16,iid,0.1,2,s049,8,5.500000000000003,0.0,0.0,66.5,56,46,46,0,6,0,0.92,12.3046875,52,0,6,0,6,3150,256,16,1,1,56.1875,0,6.0
static,static,none,fidelity,False,True,16,iid,0.1,0,s050,2,24.25,8.097826086956525,2.0,81.0,56,0,0,0,6,0,0.0,40.0,0,0,0,0,0,10240,256,50,0,50,81.5,0,
static,static,none,fidelity,False,True,16,iid,0.1,0,s050,3,24.25,10.434782608695654,0.0,82.0,56,0,0,0,6,0,0.0,40.0,0,0,0,0,0,10240,256,50,0,50,137.5,0,
static,static,none,fidelity,False,True,16,iid,0.1,0,s050,4,14.500000000000002,10.434782608695654,2.0,73.5,56,0,0,0,6,0,0.0,40.0,0,0,0,0,0,10240,256,50,0,50,193.5,0,
static,static,none,fidelity,False,True,16,iid,0.1,0,s050,5,20.0,9.184782608695654,0.0,81.5,56,0,0,0,6,0,0.0,40.0,0,0,0,0,0,10240,256,50,0,50,249.5,0,
static,static,none,fidelity,False,True,16,iid,0.1,0,s050,6,16.000000000000004,3.75,0.0,81.5,56,0,0,0,6,0,0.0,40.0,0,0,0,0,0,10240,256,50,0,50,305.5,0,
static,static,none,fidelity,False,True,16,iid,0.1,0,s050,7,23.5,16.032608695652172,2.0,82.5,56,0,0,0,6,0,0.0,40.0,0,0,0,0,0,10240,256,50,0,50,361.5,0,
static,static,none,fidelity,False,True,16,iid,0.1,0,s050,8,24.0,18.53260869565217,2.0,75.5,56,0,0,0,6,0,0.0,40.0,0,0,0,0,0,10240,256,50,0,50,417.5,0,72.0
static,static,none,fidelity,False,True,16,iid,0.1,1,s050,2,23.25,14.945652173913045,2.0,78.0,56,0,0,0,6,0,0.0,40.0,0,0,0,0,0,10240,256,50,0,50,81.5,0,
static,static,none,fidelity,False,True,16,iid,0.1,1,s050,3,26.5,11.684782608695654,0.0,79.0,56,0,0,0,6,0,0.0,40.0,0,0,0,0,0,10240,256,50,0,50,137.5,0,
static,static,none,fidelity,False,True,16,iid,0.1,1,s050,4,13.5,8.097826086956525,2.0,74.0,56,0,0,0,6,0,0.0,40.0,0,0,0,0,0,10240,256,50,0,50,193.5,0,
static,static,none,fidelity,False,True,16,iid,0.1,1,s050,5,14.500000000000002,6.847826086956524,4.0,75.0,56,0,0,0,6,0,0.0,40.0,0,0,0,0,0,10240,256,50,0,50,249.5,0,
static,static,none,fidelity,False,True,16,iid,0.1,1,s050,6,14.000000000000002,1.25,0.0,76.5,56,0,0,0,6,0,0.0,40.0,0,0,0,0,0,10240,256,50,0,50,305.5,0,
static,static,none,fidelity,False,True,16,iid,0.1,1,s050,7,18.500000000000004,13.858695652173914,2.0,78.0,56,0,0,0,6,0,0.0,40.0,0,0,0,0,0,10240,256,50,0,50,361.5,0,
static,static,none,fidelity,False,True,16,iid,0.1,1,s050,8,21.25,17.445652173913043,2.0,72.5,56,0,0,0,6,0,0.0,40.0,0,0,0,0,0,10240,256,50,0,50,417.5,0,98.0
static,static,none,fidelity,False,True,16,iid,0.1,2,s050,2,25.75,10.434782608695654,2.0,76.5,56,0,0,0,6,0,0.0,43.0,0,0,0,0,0,11008,256,50,0,50,81.5,0,
static,static,none,fidelity,False,True,16,iid,0.1,2,s050,3,26.25,16.195652173913043,2.0,73.0,56,0,0,0,6,0,0.0,43.0,0,0,0,0,0,11008,256,50,0,50,137.5,0,
static,static,none,fidelity,False,True,16,iid,0.1,2,s050,4,16.250000000000004,3.58695652173913,2.0,75.5,56,0,0,0,6,0,0.0,43.0,0,0,0,0,0,11008,256,50,0,50,193.5,0,
static,static,none,fidelity,False,True,16,iid,0.1,2,s050,5,16.750000000000004,8.097826086956525,4.0,76.5,56,0,0,0,6,0,0.0,43.0,0,0,0,0,0,11008,256,50,0,50,249.5,0,
static,static,none,fidelity,False,True,16,iid,0.1,2,s050,6,13.25,2.33695652173913,0.0,68.5,56,0,0,0,6,0,0.0,43.0,0,0,0,0,0,11008,256,50,0,50,305.5,0,
static,static,none,fidelity,False,True,16,iid,0.1,2,s050,7,22.0,15.271739130434783,2.0,78.5,56,0,0,0,6,0,0.0,43.0,0,0,0,0,0,11008,256,50,0,50,361.5,0,
static,static,none,fidelity,False,True,16,iid,0.1,2,s050,8,21.75,20.869565217391305,4.0,70.0,56,0,0,0,6,0,0.0,43.0,0,0,0,0,0,11008,256,50,0,50,417.5,0,72.0
naive,naive,none,fidelity,False,True,16,iid,0.1,0,s050,2,18.000000000000004,3.423913043478259,2.0,86.5,56,52,49,3,6,0,0.98,53.94140625,0,0,0,0,0,13809,256,102,0,50,53.64705882352941,3,
naive,naive,none,fidelity,False,True,16,iid,0.1,0,s050,3,26.0,11.684782608695654,0.0,97.0,56,56,50,6,6,0,1.0,79.0390625,0,0,0,0,0,20234,256,158,0,50,80.53164556962025,9,
naive,naive,none,fidelity,False,True,16,iid,0.1,0,s050,4,14.750000000000002,12.771739130434783,0.0,98.0,56,56,50,6,6,0,1.0,100.76171875,0,0,0,0,0,25795,256,214,0,50,108.0,15,
naive,naive,none,fidelity,False,True,16,iid,0.1,0,s050,5,19.75,12.771739130434783,0.0,100.0,56,56,50,6,6,0,1.0,117.4140625,0,0,0,0,0,30058,256,270,0,50,135.6888888888889,21,
naive,naive,none,fidelity,False,True,16,iid,0.1,0,s050,6,20.25,2.5,0.0,100.0,56,56,50,6,6,0,1.0,131.703125,0,0,0,0,0,33716,256,326,0,50,163.48466257668713,27,
naive,naive,none,fidelity,False,True,16,iid,0.1,0,s050,7,22.25,9.347826086956523,0.0,100.0,56,56,50,6,6,0,1.0,146.921875,0,0,0,0,0,37612,256,382,0,50,191.34031413612564,33,
naive,naive,none,fidelity,False,True,16,iid,0.1,0,s050,8,19.5,21.03260869565217,0.0,100.0,56,56,50,6,6,0,1.0,165.6015625,0,0,0,0,0,42394,256,438,0,50,219.2328767123288,39,100.0
naive,naive,none,fidelity,False,True,16,iid,0.1,1,s050,2,23.75,4.67391304347826,2.0,86.0,56,54,49,5,6,0,0.98,56.23046875,0,0,0,0,0,14395,256,104,0,50,53.20192307692308,5,
naive,naive,none,fidelity,False,True,16,iid,0.1,1,s050,3,25.5,15.108695652173914,0.0,98.0,56,56,50,6,6,0,1.0,81.70703125,0,0,0,0,0,20917,256,160,0,50,80.60625,11,
naive,naive,none,fidelity,False,True,16,iid,0.1,1,s050,4,20.25,12.771739130434783,0.0,99.5,56,56,50,6,6,0,1.0,104.10546875,0,0,0,0,0,26651,256,216,0,50,108.31944444444444,17,
naive,naive,none,fidelity,False,True,16,iid,0.1,1,s050,5,19.75,8.097826086956525,0.0,100.0,56,56,50,6,6,0,1.0,120.4609375,0,0,0,0,0,30838,256,272,0,50,136.15073529411765,23,
naive,naive,none,fidelity,False,True,16,iid,0.1,1,s050,6,17.750000000000004,0.0,0.0,99.5,56,56,50,6,6,0,1.0,132.2734375,0,0,0,0,0,33862,256,328,0,50,164.03963414634146,29,
naive,naive,none,fidelity,False,True,16,iid,0.1,1,s050,7,23.75,10.597826086956523,0.0,100.0,56,56,50,6,6,0,1.0,151.12109375,0,0,0,0,0,38687,256,384,0,50,191.9609375,35,
naive,naive,none,fidelity,False,True,16,iid,0.1,1,s050,8,22.25,15.108695652173914,0.0,100.0,56,56,50,6,6,0,1.0,170.109375,0,0,0,0,0,43548,256,440,0,50,219.90227272727276,41,100.0
naive,naive,none,fidelity,False,True,16,iid,0.1,2,s050,2,22.25,7.01086956521739,2.0,87.5,56,55,49,6,6,0,0.98,56.703125,0,0,0,0,0,14516,256,105,0,50,52.95238095238095,6,
naive,naive,none,fidelity,False,True,16,iid,0.1,2,s050,3,30.25,17.445652173913043,0.0,95.0,56,56,50,6,6,0,1.0,82.3359375,0,0,0,0,0,21078,256,161,0,50,80.62111801242236,12,
naive,naive,none,fidelity,False,True,16,iid,0.1,2,s050,4,16.75,6.847826086956524,0.0,99.0,56,56,50,6,6,0,1.0,104.87109375,0,0,0,0,0,26847,256,217,0,50,108.46082949308756,18,
naive,naive,none,fidelity,False,True,16,iid,0.1,2,s050,5,22.5,15.108695652173914,0.0,100.0,56,56,50,6,6,0,1.0,120.46484375,0,0,0,0,0,30839,256,273,0,50,136.36630036630038,24,
naive,naive,none,fidelity,False,True,16,iid,0.1,2,s050,6,14.000000000000002,1.25,0.0,100.0,56,56,50,6,6,0,1.0,139.4375,0,0,0,0,0,35696,256,329,0,50,164.30395136778117,30,
naive,naive,none,fidelity,False,True,16,iid,0.1,2,s050,7,19.75,11.684782608695654,0.0,100.0,56,56,50,6,6,0,1.0,156.73828125,0,0,0,0,0,40125,256,385,0,50,192.25974025974023,36,
naive,naive,none,fidelity,False,True,16,iid,0.1,2,s050,8,20.25,14.021739130434783,0.0,100.0,56,56,50,6,6,0,1.0,172.92578125,0,0,0,0,0,44269,256,441,0,50,220.2267573696145,42,100.0
window,window,none,fidelity,False,True,16,iid,0.1,0,s050,2,20.25,10.434782608695654,4.0,53.0,56,51,48,3,6,0,0.96,13.4921875,0,0,0,0,0,3454,256,16,0,0,8.125,1,
window,window,none,fidelity,False,True,16,iid,0.1,0,s050,3,23.25,14.021739130434783,10.0,59.0,56,48,45,3,6,0,0.9,13.08203125,0,0,0,0,0,3349,256,16,0,0,9.125,1,
window,window,none,fidelity,False,True,16,iid,0.1,0,s050,4,22.25,3.58695652173913,4.0,48.5,56,50,48,2,6,0,0.96,12.88671875,0,0,0,0,0,3299,256,16,0,0,8.0,0,
window,window,none,fidelity,False,True,16,iid,0.1,0,s050,5,25.25,7.01086956521739,10.0,47.5,56,48,45,3,6,0,0.9,12.12109375,0,0,0,0,0,3103,256,16,0,0,9.75,0,
window,window,none,fidelity,False,True,16,iid,0.1,0,s050,6,18.000000000000004,2.5,4.0,59.5,56,51,48,3,6,0,0.96,11.76953125,0,0,0,0,0,3013,256,16,0,0,8.25,1,
window,window,none,fidelity,False,True,16,iid,0.1,0,s050,7,14.000000000000002,5.760869565217389,2.0,54.0,56,52,49,3,6,0,0.98,12.55078125,0,0,0,0,0,3213,256,16,0,0,8.9375,1,
window,window,none,fidelity,False,True,16,iid,0.1,0,s050,8,25.75,8.097826086956525,12.0,62.0,56,46,44,2,6,0,0.88,11.89453125,0,0,0,0,0,3045,256,16,0,0,7.8125,0,36.0
window,window,none,fidelity,False,True,16,iid,0.1,1,s050,2,22.5,9.347826086956523,4.0,55.50000000000001,56,52,48,4,6,0,0.96,13.45703125,0,0,0,0,0,3445,256,16,0,0,7.5,1,
window,window,none,fidelity,False,True,16,iid,0.1,1,s050,3,27.250000000000004,12.771739130434783,10.0,56.00000000000001,56,49,45,4,6,0,0.9,13.62890625,0,0,0,0,0,3489,256,16,0,0,8.6875,2,
window,window,none,fidelity,False,True,16,iid,0.1,1,s050,4,20.5,7.01086956521739,8.0,46.5,56,49,46,3,6,0,0.92,12.734375,0,0,0,0,0,3260,256,16,0,0,7.5625,1,
window,window,none,fidelity,False,True,16,iid,0.1,1,s050,5,25.0,3.58695652173913,8.0,43.5,56,50,46,4,6,0,0.92,12.34375,0,0,0,0,0,3160,256,16,0,0,9.4375,2,
window,window,none,fidelity,False,True,16,iid,0.1,1,s050,6,15.250000000000002,2.33695652173913,4.0,53.0,56,52,48,4,6,0,0.96,11.71875,0,0,0,0,0,3000,256,16,0,0,7.5,2,
window,window,none,fidelity,False,True,16,iid,0.1,1,s050,7,19.5,4.67391304347826,12.0,49.0,56,48,44,4,6,0,0.88,11.74609375,0,0,0,0,0,3007,256,16,0,0,8.5,2,
window,window,none,fidelity,False,True,16,iid,0.1,1,s050,8,27.500000000000004,10.434782608695654,8.0,56.49999999999999,56,51,46,5,6,0,0.92,12.33203125,0,0,0,0,0,3157,256,16,0,0,7.5,3,88.0
window,window,none,fidelity,False,True,16,iid,0.1,2,s050,2,19.75,12.771739130434783,4.0,63.5,56,51,48,3,6,0,0.96,13.56640625,0,0,0,0,0,3473,256,16,0,0,7.5,1,
window,window,none,fidelity,False,True,16,iid,0.1,2,s050,3,24.0,17.445652173913043,10.0,56.99999999999999,56,48,45,3,6,0,0.9,13.4765625,0,0,0,0,0,3450,256,16,0,0,8.8125,0,
window,window,none,fidelity,False,True,16,iid,0.1,2,s050,4,22.0,12.608695652173912,8.0,53.5,56,48,46,2,6,0,0.92,12.50390625,0,0,0,0,0,3201,256,16,0,0,8.1875,0,
window,window,none,fidelity,False,True,16,iid,0.1,2,s050,5,25.0,8.260869565217389,10.0,50.0,56,49,45,4,6,0,0.9,12.29296875,0,0,0,0,0,3147,256,16,0,0,8.8125,1,
window,window,none,fidelity,False,True,16,iid,0.1,2,s050,6,14.750000000000002,1.25,4.0,56.00000000000001,56,50,48,2,6,0,0.96,11.49609375,0,0,0,0,0,2943,256,16,0,0,7.5,1,
window,window,none,fidelity,False,True,16,iid,0.1,2,s050,7,14.250000000000002,7.01086956521739,2.0,58.5,56,53,49,4,6,0,0.98,12.6875,0,0,0,0,0,3248,256,16,0,0,8.5,0,
window,window,none,fidelity,False,True,16,iid,0.1,2,s050,8,28.500000000000004,8.097826086956525,8.0,61.0,56,48,46,2,6,0,0.92,11.328125,0,0,0,0,0,2900,256,16,0,0,8.0,1,57.99999999999999
aeqkad,window,full,fidelity,False,True,16,iid,0.1,0,s050,2,20.75,10.434782608695654,4.0,53.5,56,45,42,3,6,0,0.84,13.01953125,51,6,0,0,0,3333,256,16,0,0,10.0,1,
aeqkad,window,full,fidelity,False,True,16,iid,0.1,0,s050,3,24.5,12.771739130434783,8.0,48.5,56,32,31,1,6,0,0.62,11.49609375,49,14,0,0,3,2943,256,16,0,0,16.75,0,
aeqkad,window,full,fidelity,False,True,16,iid,0.1,0,s050,4,18.0,7.01086956521739,8.0,50.0,56,43,41,2,6,0,0.82,11.90625,48,5,0,0,0,3048,256,16,0,0,9.4375,0,
aeqkad,window,full,fidelity,False,True,16,iid,0.1,0,s050,5,23.5,4.67391304347826,14.000000000000002,42.5,56,40,39,1,6,0,0.78,10.703125,45,5,0,0,0,2740,256,16,0,0,11.375,0,
aeqkad,window,full,fidelity,False,True,16,iid,0.1,0,s050,6,27.750000000000004,5.923913043478259,14.000000000000002,53.0,56,39,37,2,6,0,0.74,10.49609375,46,7,0,0,0,2687,256,16,0,0,14.0,1,
aeqkad,window,full,fidelity,False,True,16,iid,0.1,0,s050,7,21.5,10.434782608695654,10.0,47.0,56,40,39,1,6,0,0.78,9.94921875,48,5,0,0,3,2547,256,16,0,0,8.9375,1,
aeqkad,window,full,fidelity,False,True,16,iid,0.1,0,s050,8,28.25,8.097826086956525,14.000000000000002,61.5,56,39,38,1,6,0,0.76,10.81640625,45,5,0,0,1,2769,256,16,0,0,9.25,0,28.000000000000004
aeqkad,window,full,fidelity,False,True,16,iid,0.1,1,s050,2,19.75,11.684782608695654,4.0,48.5,56,42,42,0,6,0,0.84,12.53515625,50,8,0,0,0,3209,256,16,0,0,10.25,0,
aeqkad,window,full,fidelity,False,True,16,iid,0.1,1,s050,3,30.000000000000004,20.869565217391305,16.0,52.0,56,31,29,2,6,0,0.58,10.46875,46,13,0,0,2,2680,256,16,0,0,16.875,1,
aeqkad,window,full,fidelity,False,True,16,iid,0.1,1,s050,4,18.0,10.434782608695654,12.0,45.5,56,41,40,1,6,0,0.8,11.09765625,46,5,0,0,0,2841,256,16,0,0,9.0625,0,
aeqkad,window,full,fidelity,False,True,16,iid,0.1,1,s050,5,23.75,4.67391304347826,16.0,38.5,56,39,37,2,6,0,0.74,10.546875,46,7,0,0,0,2700,256,16,0,0,12.3125,1,
aeqkad,window,full,fidelity,False,True,16,iid,0.1,1,s050,6,24.75,7.01086956521739,18.0,45.5,56,37,36,1,6,0,0.72,10.28515625,44,7,0,0,0,2633,256,16,0,0,15.8125,1,
aeqkad,window,full,fidelity,False,True,16,iid,0.1,1,s050,7,19.5,5.760869565217389,12.0,47.5,56,38,38,0,6,0,0.76,9.84375,47,6,0,0,3,2520,256,16,0,0,11.75,0,
aeqkad,window,full,fidelity,False,True,16,iid,0.1,1,s050,8,24.25,6.847826086956524,16.0,50.5,56,39,37,2,6,0,0.74,10.453125,47,7,0,0,1,2676,256,16,0,0,10.8125,1,86.0
aeqkad,window,full,fidelity,False,True,16,iid,0.1,2,s050,2,22.25,7.01086956521739,4.0,60.5,56,44,43,1,6,0,0.86,12.76953125,51,7,0,0,0,3269,256,16,0,0,8.6875,0,
aeqkad,window,full,fidelity,False,True,16,iid,0.1,2,s050,3,26.0,17.445652173913043,8.0,47.5,56,34,33,1,6,0,0.66,11.77734375,49,11,0,0,4,3015,256,16,0,0,15.3125,1,
aeqkad,window,full,fidelity,False,True,16,iid,0.1,2,s050,4,23.0,8.097826086956525,10.0,51.5,56,41,40,1,6,0,0.8,11.51953125,48,7,0,0,0,2949,256,16,0,0,9.5625,0,
aeqkad,window,full,fidelity,False,True,16,iid,0.1,2,s050,5,24.25,11.521739130434783,14.000000000000002,42.5,56,39,37,2,6,0,0.74,10.77734375,46,7,0,0,0,2759,256,16,0,0,12.0625,0,
aeqkad,window,full,fidelity,False,True,16,iid,0.1,2,s050,6,25.25,8.097826086956525,18.0,51.0,56,38,37,1,6,0,0.74,10.1796875,43,5,0,0,0,2606,256,16,0,0,12.75,1,
aeqkad,window,full,fidelity,False,True,16,iid,0.1,2,s050,7,15.000000000000002,7.01086956521739,6.0,56.49999999999999,56,43,42,1,6,0,0.84,10.6015625,51,8,1,0,0,2714,256,16,0,0,9.5625,0,
aeqkad,window,full,fidelity,False,True,16,iid,0.1,2,s050,8,24.0,4.67391304347826,14.000000000000002,52.0,56,39,38,1,6,0,0.76,9.95703125,46,6,0,0,1,2549,256,16,0,0,10.5,0,16.0
mm,mm,full,fidelity,False,True,16,iid,0.1,0,s050,2,20.0,5.923913043478259,2.0,74.5,56,46,44,2,6,0,0.88,16.0,52,6,0,0,0,4096,256,16,1,16,78.8125,0,
mm,mm,full,fidelity,False,True,16,iid,0.1,0,s050,3,26.5,9.184782608695654,4.0,70.5,56,36,35,1,6,0,0.7,15.9765625,52,8,0,0,8,4090,256,16,1,2,36.25,1,
mm,mm,full,fidelity,False,True,16,iid,0.1,0,s050,4,19.5,5.923913043478259,4.0,62.0,56,45,43,2,6,0,0.86,15.80078125,52,6,2,0,1,4045,256,16,1,1,58.3125,2,
mm,mm,full,fidelity,False,True,16,iid,0.1,0,s050,5,18.250000000000004,12.608695652173912,6.0,65.5,56,43,42,1,6,0,0.84,15.3671875,53,9,1,0,1,3934,256,16,1,1,55.25,2,
mm,mm,full,fidelity,False,True,16,iid,0.1,0,s050,6,20.0,3.58695652173913,2.0,60.5,56,47,45,2,6,0,0.9,14.7265625,51,4,0,0,0,3770,256,16,1,1,54.0625,1,
mm,mm,full,fidelity,False,True,16,iid,0.1,0,s050,7,21.25,15.108695652173914,2.0,73.0,56,46,45,1,6,0,0.9,16.0,53,6,0,0,1,4096,256,16,1,1,60.8125,1,
mm,mm,full,fidelity,False,True,16,iid,0.1,0,s050,8,20.75,8.097826086956525,4.0,82.5,56,43,42,1,6,0,0.84,15.65234375,52,7,3,0,2,4007,256,16,1,1,54.5,1,50.0
mm,mm,full,fidelity,False,True,16,iid,0.1,1,s050,2,23.75,11.521739130434783,2.0,70.5,56,38,38,0,6,0,0.76,16.0,52,14,0,0,0,4096,256,16,1,16,79.9375,0,
mm,mm,full,fidelity,False,True,16,iid,0.1,1,s050,3,25.5,13.858695652173914,4.0,74.5,56,33,31,2,6,0,0.62,16.0,53,13,0,0,7,4096,256,16,1,8,69.625,1,
mm,mm,full,fidelity,False,True,16,iid,0.1,1,s050,4,20.0,10.434782608695654,4.0,57.99999999999999,56,42,41,1,6,0,0.82,15.35546875,51,9,0,0,0,3931,256,16,1,1,49.375,0,
mm,mm,full,fidelity,False,True,16,iid,0.1,1,s050,5,22.5,3.58695652173913,10.0,57.49999999999999,56,41,39,2,6,0,0.78,15.703125,49,7,0,0,1,4020,256,16,1,1,54.8125,2,
mm,mm,full,fidelity,False,True,16,iid,0.1,1,s050,6,14.500000000000002,5.923913043478259,4.0,56.00000000000001,56,46,44,2,6,0,0.88,15.15234375,52,4,0,0,2,3879,256,16,1,1,57.3125,4,
mm,mm,full,fidelity,False,True,16,iid,0.1,1,s050,7,22.75,19.78260869565217,8.0,64.5,56,40,40,0,6,0,0.8,15.52734375,52,10,0,0,2,3975,256,16,1,1,62.125,2,
mm,mm,full,fidelity,False,True,16,iid,0.1,1,s050,8,25.5,5.760869565217389,14.000000000000002,74.5,56,40,38,2,6,0,0.76,15.30078125,49,5,0,0,4,3917,256,16,1,1,77.25,3,90.0
mm,mm,full,fidelity,False,True,16,iid,0.1,2,s050,2,26.5,14.021739130434783,2.0,79.0,56,45,44,1,6,0,0.88,16.0,53,8,0,0,0,4096,256,16,1,16,82.0625,0,
mm,mm,full,fidelity,False,True,16,iid,0.1,2,s050,3,27.500000000000004,11.684782608695654,6.0,77.5,56,37,35,2,6,0,0.7,15.2578125,51,9,0,0,5,3906,256,16,1,1,29.5,2,
mm,mm,full,fidelity,False,True,16,iid,0.1,2,s050,4,19.0,2.5,4.0,66.0,56,44,43,1,6,0,0.86,15.9765625,53,8,0,0,1,4090,256,16,1,1,62.125,1,
mm,mm,full,fidelity,False,True,16,iid,0.1,2,s050,5,20.0,4.67391304347826,6.0,59.0,56,43,42,1,6,0,0.84,15.3515625,51,7,0,0,1,3930,256,16,1,1,50.125,1,
mm,mm,full,fidelity,False,True,16,iid,0.1,2,s050,6,11.75,1.25,2.0,57.99999999999999,56,46,45,1,6,0,0.9,14.9765625,51,4,0,0,1,3834,256,16,1,1,60.3125,2,
mm,mm,full,fidelity,False,True,16,iid,0.1,2,s050,7,21.75,7.17391304347826,4.0,78.0,56,43,42,1,6,0,0.84,15.20703125,52,9,0,0,0,3893,256,16,1,1,62.375,1,
mm,mm,full,fidelity,False,True,16,iid,0.1,2,s050,8,24.5,8.097826086956525,8.0,67.5,56,41,40,1,6,0,0.8,14.94921875,50,7,5,0,2,3827,256,16,1,1,71.6875,1,82.0
static,static,none,fidelity,False,True,16,iid,0.1,0,s051,2,21.0,10.434782608695654,2.0,81.5,56,0,0,0,6,0,0.0,37.0,0,0,0,0,0,9472,256,50,0,50,81.5,0,
static,static,none,fidelity,False,True,16,iid,0.1,0,s051,3,20.75,9.184782608695654,0.0,87.0,56,0,0,0,6,0,0.0,37.0,0,0,0,0,0,9472,256,50,0,50,137.5,0,
static,static,none,fidelity,False,True,16,iid,0.1,0,s051,4,33.25,24.78260869565217,0.0,89.5,56,0,0,0,6,0,0.0,37.0,0,0,0,0,0,9472,256,50,0,50,193.5,0,
static,static,none,fidelity,False,True,16,iid,0.1,0,s051,5,36.0,39.40217391304348,4.0,90.5,56,0,0,0,6,0,0.0,37.0,0,0,0,0,0,9472,256,50,0,50,249.5,0,
static,static,none,fidelity,False,True,16,iid,0.1,0,s051,6,34.5,30.380434782608702,0.0,90.5,56,0,0,0,6,0,0.0,37.0,0,0,0,0,0,9472,256,50,0,50,305.5,0,
static,static,none,fidelity,False,True,16,iid,0.1,0,s051,7,43.75,39.56521739130434,2.0,89.5,56,0,0,0,6,0,0.0,37.0,0,0,0,0,0,9472,256,50,0,50,361.5,0,
static,static,none,fidelity,False,True,16,iid,0.1,0,s051,8,34.0,29.130434782608692,8.0,93.0,56,0,0,0,6,0,0.0,37.0,0,0,0,0,0,9472,256,50,0,50,417.5,0,78.0
static,static,none,fidelity,False,True,16,iid,0.1,1,s051,2,15.750000000000004,11.684782608695654,2.0,85.5,56,0,0,0,6,0,0.0,36.0,0,0,0,0,0,9216,256,50,0,50,81.5,0,
static,static,none,fidelity,False,True,16,iid,0.1,1,s051,3,22.25,8.260869565217389,0.0,85.5,56,0,0,0,6,0,0.0,36.0,0,0,0,0,0,9216,256,50,0,50,137.5,0,
static,static,none,fidelity,False,True,16,iid,0.1,1,s051,4,32.49999999999999,35.97826086956522,0.0,86.0,56,0,0,0,6,0,0.0,36.0,0,0,0,0,0,9216,256,50,0,50,193.5,0,
static,static,none,fidelity,False,True,16,iid,0.1,1,s051,5,39.75,41.57608695652174,2.0,90.0,56,0,0,0,6,0,0.0,36.0,0,0,0,0,0,9216,256,50,0,50,249.5,0,
static,static,none,fidelity,False,True,16,iid,0.1,1,s051,6,35.75,37.22826086956522,0.0,93.5,56,0,0,0,6,0,0.0,36.0,0,0,0,0,0,9216,256,50,0,50,305.5,0,
static,static,none,fidelity,False,True,16,iid,0.1,1,s051,7,41.75,40.65217391304348,4.0,88.0,56,0,0,0,6,0,0.0,36.0,0,0,0,0,0,9216,256,50,0,50,361.5,0,
static,static,none,fidelity,False,True,16,iid,0.1,1,s051,8,38.0,37.22826086956522,8.0,93.0,56,0,0,0,6,0,0.0,36.0,0,0,0,0,0,9216,256,50,0,50,417.5,0,86.0
static,static,none,fidelity,False,True,16,iid,0.1,2,s051,2,20.0,10.434782608695654,4.0,84.0,56,0,0,0,6,0,0.0,38.0,0,0,0,0,0,9728,256,50,0,50,81.5,0,
static,static,none,fidelity,False,True,16,iid,0.1,2,s051,3,16.75,7.01086956521739,2.0,82.0,56,0,0,0,6,0,0.0,38.0,0,0,0,0,0,9728,256,50,0,50,137.5,0,
static,static,none,fidelity,False,True,16,iid,0.1,2,s051,4,32.99999999999999,34.56521739130435,0.0,89.5,56,0,0,0,6,0,0.0,38.0,0,0,0,0,0,9728,256,50,0,50,193.5,0,
static,static,none,fidelity,False,True,16,iid,0.1,2,s051,5,36.75,38.31521739130434,2.0,93.5,56,0,0,0,6,0,0.0,38.0,0,0,0,0,0,9728,256,50,0,50,249.5,0,
static,static,none,fidelity,False,True,16,iid,0.1,2,s051,6,36.75,41.57608695652174,0.0,92.5,56,0,0,0,6,0,0.0,38.0,0,0,0,0,0,9728,256,50,0,50,305.5,0,
static,static,none,fidelity,False,True,16,iid,0.1,2,s051,7,39.0,39.56521739130434,2.0,87.5,56,0,0,0,6,0,0.0,38.0,0,0,0,0,0,9728,256,50,0,50,361.5,0,
static,static,none,fidelity,False,True,16,iid,0.1,2,s051,8,39.25,41.41304347826087,8.0,92.0,56,0,0,0,6,0,0.0,38.0,0,0,0,0,0,9728,256,50,0,50,417.5,0,88.0
naive,naive,none,fidelity,False,True,16,iid,0.1,0,s051,2,20.25,8.097826086956525,0.0,95.5,56,56,50,6,6,0,1.0,56.8125,0,0,0,0,0,14544,256,106,0,50,52.971698113207545,6,
naive,naive,none,fidelity,False,True,16,iid,0.1,0,s051,3,19.5,4.67391304347826,0.0,100.0,56,56,50,6,6,0,1.0,87.86328125,0,0,0,0,0,22493,256,162,0,50,80.80864197530865,12,
naive,naive,none,fidelity,False,True,16,iid,0.1,0,s051,4,25.5,19.78260869565217,0.0,100.0,56,56,50,6,6,0,1.0,114.75390625,0,0,0,0,0,29377,256,218,0,50,108.72935779816514,18,
naive,naive,none,fidelity,False,True,16,iid,0.1,0,s051,5,28.25,18.695652173913043,0.0,100.0,56,56,50,6,6,0,1.0,140.82421875,0,0,0,0,0,36051,256,274,0,50,136.6824817518248,24,
naive,naive,none,fidelity,False,True,16,iid,0.1,0,s051,6,22.0,17.445652173913043,0.0,100.0,56,56,50,6,6,0,1.0,164.79296875,0,0,0,0,0,42187,256,330,0,50,164.65151515151516,30,
naive,naive,none,fidelity,False,True,16,iid,0.1,0,s051,7,27.250000000000004,24.293478260869566,0.0,100.0,56,56,50,6,6,0,1.0,189.42578125,0,0,0,0,0,48493,256,386,0,50,192.62953367875647,36,
naive,naive,none,fidelity,False,True,16,iid,0.1,0,s051,8,20.0,10.597826086956523,0.0,100.0,56,56,50,6,6,0,1.0,213.91796875,0,0,0,0,0,54763,256,442,0,50,220.6131221719457,42,100.0
naive,naive,none,fidelity,False,True,16,iid,0.1,1,s051,2,16.000000000000004,7.01086956521739,0.0,97.5,56,55,50,5,6,0,1.0,56.1484375,0,0,0,0,0,14374,256,105,0,50,53.13333333333333,5,
naive,naive,none,fidelity,False,True,16,iid,0.1,1,s051,3,21.0,8.097826086956525,0.0,99.5,56,56,50,6,6,0,1.0,85.73828125,0,0,0,0,0,21949,256,161,0,50,80.73913043478261,11,
naive,naive,none,fidelity,False,True,16,iid,0.1,1,s051,4,23.25,19.78260869565217,0.0,100.0,56,56,50,6,6,0,1.0,115.921875,0,0,0,0,0,29676,256,217,0,50,108.5483870967742,17,
naive,naive,none,fidelity,False,True,16,iid,0.1,1,s051,5,32.49999999999999,18.695652173913043,0.0,100.0,56,56,50,6,6,0,1.0,142.32421875,0,0,0,0,0,36435,256,273,0,50,136.43589743589743,23,
naive,naive,none,fidelity,False,True,16,iid,0.1,1,s051,6,22.0,10.434782608695654,0.0,100.0,56,56,50,6,6,0,1.0,172.28515625,0,0,0,0,0,44105,256,329,0,50,164.36170212765958,29,
naive,naive,none,fidelity,False,True,16,iid,0.1,1,s051,7,31.75,19.6195652173913,0.0,100.0,56,56,50,6,6,0,1.0,191.33203125,0,0,0,0,0,48981,256,385,0,50,192.3090909090909,35,
naive,naive,none,fidelity,False,True,16,iid,0.1,1,s051,8,23.5,18.53260869565217,0.0,100.0,56,56,50,6,6,0,1.0,214.42578125,0,0,0,0,0,54893,256,441,0,50,220.2698412698413,41,100.0
naive,naive,none,fidelity,False,True,16,iid,0.1,2,s051,2,19.75,10.597826086956523,2.0,93.0,56,55,49,6,6,0,0.98,56.5703125,0,0,0,0,0,14482,256,105,0,50,53.03809523809524,6,
naive,naive,none,fidelity,False,True,16,iid,0.1,2,s051,3,17.500000000000004,4.67391304347826,0.0,100.0,56,56,50,6,6,0,1.0,89.28125,0,0,0,0,0,22856,256,161,0,50,80.67701863354037,12,
naive,naive,none,fidelity,False,True,16,iid,0.1,2,s051,4,24.25,15.271739130434783,0.0,100.0,56,56,50,6,6,0,1.0,118.953125,0,0,0,0,0,30452,256,217,0,50,108.50230414746544,18,
naive,naive,none,fidelity,False,True,16,iid,0.1,2,s051,5,30.000000000000004,22.1195652173913,0.0,100.0,56,56,50,6,6,0,1.0,143.94921875,0,0,0,0,0,36851,256,273,0,50,136.3992673992674,24,
naive,naive,none,fidelity,False,True,16,iid,0.1,2,s051,6,26.25,17.445652173913043,0.0,100.0,56,56,50,6,6,0,1.0,169.73046875,0,0,0,0,0,43451,256,329,0,50,164.33130699088147,30,
naive,naive,none,fidelity,False,True,16,iid,0.1,2,s051,7,30.000000000000004,22.1195652173913,0.0,100.0,56,56,50,6,6,0,1.0,191.3203125,0,0,0,0,0,48978,256,385,0,50,192.2831168831169,36,
naive,naive,none,fidelity,False,True,16,iid,0.1,2,s051,8,26.0,19.6195652173913,0.0,100.0,56,56,50,6,6,0,1.0,216.828125,0,0,0,0,0,55508,256,441,0,50,220.24716553287985,42,100.0
window,window,none,fidelity,False,True,16,iid,0.1,0,s051,2,22.0,7.01086956521739,6.0,56.49999999999999,56,52,47,5,6,0,0.94,15.27734375,0,0,0,0,0,3911,256,16,0,0,9.9375,0,
window,window,none,fidelity,False,True,16,iid,0.1,0,s051,3,17.500000000000004,9.184782608695654,10.0,55.00000000000001,56,49,45,4,6,0,0.9,14.609375,0,0,0,0,0,3740,256,16,0,0,8.4375,1,
window,window,none,fidelity,False,True,16,iid,0.1,0,s051,4,16.750000000000004,7.01086956521739,8.0,49.5,56,48,46,2,6,0,0.92,13.48828125,0,0,0,0,0,3453,256,16,0,0,8.4375,2,
window,window,none,fidelity,False,True,16,iid,0.1,0,s051,5,24.25,15.108695652173914,8.0,70.5,56,51,46,5,6,0,0.92,15.26953125,0,0,0,0,0,3909,256,16,0,0,7.5,2,
window,window,none,fidelity,False,True,16,iid,0.1,0,s051,6,19.5,9.347826086956523,8.0,55.50000000000001,56,50,46,4,6,0,0.92,13.98828125,0,0,0,0,0,3581,256,16,0,0,8.8125,1,
window,window,none,fidelity,False,True,16,iid,0.1,0,s051,7,27.500000000000004,14.945652173913045,0.0,66.5,56,54,50,4,6,0,1.0,15.1328125,0,0,0,0,0,3874,256,16,0,0,8.4375,1,
window,window,none,fidelity,False,True,16,iid,0.1,0,s051,8,15.750000000000004,1.0869565217391297,4.0,51.5,56,50,48,2,6,0,0.96,12.859375,0,0,0,0,0,3292,256,16,0,0,8.375,0,20.0
window,window,none,fidelity,False,True,16,iid,0.1,1,s051,2,17.500000000000004,7.01086956521739,8.0,59.5,56,48,46,2,6,0,0.92,14.88671875,0,0,0,0,0,3811,256,16,0,0,10.25,1,
window,window,none,fidelity,False,True,16,iid,0.1,1,s051,3,20.0,10.434782608695654,14.000000000000002,52.5,56,48,43,5,6,0,0.86,14.0,0,0,0,0,0,3584,256,16,0,0,7.5,3,
window,window,none,fidelity,False,True,16,iid,0.1,1,s051,4,16.000000000000004,3.58695652173913,8.0,39.5,56,48,46,2,6,0,0.92,13.7578125,0,0,0,0,0,3522,256,16,0,0,7.8125,1,
window,window,none,fidelity,False,True,16,iid,0.1,1,s051,5,21.75,10.434782608695654,12.0,56.99999999999999,56,46,44,2,6,0,0.88,14.90625,0,0,0,0,0,3816,256,16,0,0,8.625,1,
window,window,none,fidelity,False,True,16,iid,0.1,1,s051,6,16.250000000000004,8.097826086956525,6.0,48.0,56,50,47,3,6,0,0.94,14.27734375,0,0,0,0,0,3655,256,16,0,0,8.4375,0,
window,window,none,fidelity,False,True,16,iid,0.1,1,s051,7,21.25,5.923913043478259,8.0,56.99999999999999,56,49,46,3,6,0,0.92,14.65234375,0,0,0,0,0,3751,256,16,0,0,9.0625,0,
window,window,none,fidelity,False,True,16,iid,0.1,1,s051,8,17.750000000000004,10.434782608695654,6.0,46.5,56,50,47,3,6,0,0.94,12.65625,0,0,0,0,0,3240,256,16,0,0,8.125,1,36.0
window,window,none,fidelity,False,True,16,iid,0.1,2,s051,2,20.75,19.6195652173913,8.0,55.50000000000001,56,48,46,2,6,0,0.92,15.0859375,0,0,0,0,0,3862,256,16,0,0,9.75,1,
window,window,none,fidelity,False,True,16,iid,0.1,2,s051,3,19.75,9.184782608695654,12.0,47.5,56,47,44,3,6,0,0.88,14.5078125,0,0,0,0,0,3714,256,16,0,0,7.5,1,
window,window,none,fidelity,False,True,16,iid,0.1,2,s051,4,20.25,7.01086956521739,8.0,44.5,56,49,46,3,6,0,0.92,13.7109375,0,0,0,0,0,3510,256,16,0,0,7.5,1,
window,window,none,fidelity,False,True,16,iid,0.1,2,s051,5,26.0,14.021739130434783,8.0,63.0,56,51,46,5,6,0,0.92,14.98828125,0,0,0,0,0,3837,256,16,0,0,7.6875,3,
window,window,none,fidelity,False,True,16,iid,0.1,2,s051,6,15.250000000000002,3.75,8.0,48.5,56,48,46,2,6,0,0.92,13.95703125,0,0,0,0,0,3573,256,16,0,0,8.6875,0,
window,window,none,fidelity,False,True,16,iid,0.1,2,s051,7,21.5,9.510869565217387,8.0,55.00000000000001,56,51,46,5,6,0,0.92,14.625,0,0,0,0,0,3744,256,16,0,0,8.25,2,
window,window,none,fidelity,False,True,16,iid,0.1,2,s051,8,18.250000000000004,9.347826086956523,8.0,43.5,56,48,46,2,6,0,0.92,12.10546875,0,0,0,0,0,3099,256,16,0,0,9.3125,1,22.0
aeqkad,window,full,fidelity,False,True,16,iid,0.1,0,s051,2,21.5,10.434782608695654,8.0,51.0,56,35,34,1,6,0,0.68,14.23828125,50,15,0,0,0,3645,256,16,0,0,11.5625,0,
aeqkad,window,full,fidelity,False,True,16,iid,0.1,0,s051,3,20.0,9.347826086956523,10.0,48.5,56,42,40,2,6,0,0.8,13.39453125,49,7,0,0,0,3429,256,16,0,0,8.4375,1,
aeqkad,window,full,fidelity,False,True,16,iid,0.1,0,s051,4,16.500000000000004,7.01086956521739,10.0,38.5,56,39,39,0,6,0,0.78,12.2890625,46,7,0,0,0,3146,256,16,0,0,11.125,0,
aeqkad,window,full,fidelity,False,True,16,iid,0.1,0,s051,5,28.750000000000004,25.543478260869566,22.0,55.50000000000001,56,31,30,1,6,0,0.6,13.0625,43,12,0,0,0,3344,256,16,0,0,9.9375,1,
aeqkad,window,full,fidelity,False,True,16,iid,0.1,0,s051,6,26.5,8.260869565217389,12.0,50.5,56,39,37,2,6,0,0.74,13.60546875,48,9,0,0,0,3483,256,16,0,0,13.0,0,
aeqkad,window,full,fidelity,False,True,16,iid,0.1,0,s051,7,26.25,14.021739130434783,8.0,56.49999999999999,56,38,37,1,6,0,0.74,13.7578125,49,11,0,0,0,3522,256,16,0,0,14.6875,0,
aeqkad,window,full,fidelity,False,True,16,iid,0.1,0,s051,8,22.0,14.021739130434783,14.000000000000002,41.0,56,35,35,0,6,0,0.7,11.05078125,44,9,0,0,0,2829,256,16,0,0,10.0,0,16.0
aeqkad,window,full,fidelity,False,True,16,iid,0.1,1,s051,2,21.75,4.67391304347826,10.0,51.5,56,41,39,2,6,0,0.78,14.83203125,47,6,8,0,0,3797,256,16,0,0,11.5625,1,
aeqkad,window,full,fidelity,False,True,16,iid,0.1,1,s051,3,20.25,12.771739130434783,14.000000000000002,44.0,56,42,40,2,6,0,0.8,13.46875,45,3,9,0,0,3448,256,16,0,0,9.25,1,
aeqkad,window,full,fidelity,False,True,16,iid,0.1,1,s051,4,16.000000000000004,4.67391304347826,10.0,32.5,56,39,38,1,6,0,0.76,12.93359375,48,8,10,0,1,3311,256,16,0,0,11.375,0,
aeqkad,window,full,fidelity,False,True,16,iid,0.1,1,s051,5,30.25,17.445652173913043,16.0,58.5,56,35,35,0,6,0,0.7,13.83984375,44,9,11,0,0,3543,256,16,0,0,10.0625,0,
aeqkad,window,full,fidelity,False,True,16,iid,0.1,1,s051,6,22.0,7.01086956521739,10.0,45.0,56,40,38,2,6,0,0.76,13.47265625,48,8,6,0,0,3449,256,16,0,0,10.9375,0,
aeqkad,window,full,fidelity,False,True,16,iid,0.1,1,s051,7,24.0,12.771739130434783,10.0,53.5,56,38,38,0,6,0,0.76,13.8359375,47,9,6,0,0,3542,256,16,0,0,13.8125,0,
aeqkad,window,full,fidelity,False,True,16,iid,0.1,1,s051,8,26.5,17.445652173913043,20.0,44.5,56,36,35,1,6,0,0.7,11.2890625,43,4,5,0,3,2890,256,16,0,0,9.4375,0,18.0
aeqkad,window,full,fidelity,False,True,16,iid,0.1,2,s051,2,21.25,9.347826086956523,10.0,51.0,56,37,37,0,6,0,0.74,14.36328125,46,9,1,0,0,3677,256,16,0,0,12.625,0,
aeqkad,window,full,fidelity,False,True,16,iid,0.1,2,s051,3,20.0,2.5,14.000000000000002,45.5,56,44,41,3,6,0,0.82,13.9453125,46,2,2,0,0,3570,256,16,0,0,7.5,1,
aeqkad,window,full,fidelity,False,True,16,iid,0.1,2,s051,4,17.750000000000004,5.923913043478259,10.0,35.5,56,38,38,0,6,0,0.76,12.76953125,49,10,3,0,1,3269,256,16,0,0,10.875,0,
aeqkad,window,full,fidelity,False,True,16,iid,0.1,2,s051,5,30.999999999999996,20.869565217391305,24.0,57.49999999999999,56,31,30,1,6,0,0.6,12.9609375,42,11,1,0,0,3318,256,16,0,0,10.8125,1,
aeqkad,window,full,fidelity,False,True,16,iid,0.1,2,s051,6,27.500000000000004,9.510869565217387,14.000000000000002,48.5,56,37,37,0,6,0,0.74,13.34765625,45,7,0,0,1,3417,256,16,0,0,11.5,0,
aeqkad,window,full,fidelity,False,True,16,iid,0.1,2,s051,7,22.25,10.434782608695654,10.0,49.0,56,40,38,2,6,0,0.76,13.84765625,50,9,0,0,1,3545,256,16,0,0,13.6875,1,
aeqkad,window,full,fidelity,False,True,16,iid,0.1,2,s051,8,23.75,15.108695652173914,14.000000000000002,45.0,56,38,37,1,6,0,0.74,11.01171875,44,6,2,0,0,2819,256,16,0,0,12.0,0,20.0
mm,mm,full,fidelity,False,True,16,iid,0.1,0,s051,2,24.75,27.55434782608696,0.0,81.0,56,33,32,1,6,0,0.64,16.0,56,23,0,0,0,4096,256,16,1,16,90.0625,0,
mm,mm,full,fidelity,False,True,16,iid,0.1,0,s051,3,24.25,17.445652173913043,0.0,78.5,56,39,36,3,6,0,0.72,15.94921875,55,16,0,0,0,4083,256,16,1,4,39.4375,1,
mm,mm,full,fidelity,False,True,16,iid,0.1,0,s051,4,20.0,9.347826086956523,4.0,72.5,56,45,44,1,6,0,0.88,16.0,51,5,0,0,1,4096,256,16,1,1,45.8125,1,
mm,mm,full,fidelity,False,True,16,iid,0.1,0,s051,5,30.500000000000004,25.543478260869566,8.0,80.5,56,38,37,1,6,0,0.74,16.0,50,12,1,0,0,4096,256,16,1,1,62.125,1,
mm,mm,full,fidelity,False,True,16,iid,0.1,0,s051,6,21.5,18.206521739130437,0.0,77.5,56,50,47,3,6,0,0.94,16.0,56,6,0,0,0,4096,256,16,1,1,63.25,2,
mm,mm,full,fidelity,False,True,16,iid,0.1,0,s051,7,24.25,10.434782608695654,0.0,80.0,56,45,45,0,6,0,0.9,16.0,55,10,0,0,0,4096,256,16,1,1,61.125,1,
mm,mm,full,fidelity,False,True,16,iid,0.1,0,s051,8,18.500000000000004,4.67391304347826,0.0,80.5,56,44,44,0,6,0,0.88,16.0,51,6,0,0,1,4096,256,16,1,1,84.875,0,74.0
mm,mm,full,fidelity,False,True,16,iid,0.1,1,s051,2,22.0,15.108695652173914,2.0,72.0,56,40,38,2,6,0,0.76,16.0,53,12,5,0,1,4096,256,16,1,15,85.4375,0,
mm,mm,full,fidelity,False,True,16,iid,0.1,1,s051,3,21.5,12.771739130434783,6.0,67.5,56,42,40,2,6,0,0.8,16.0,51,9,12,0,0,4096,256,16,1,1,29.75,1,
mm,mm,full,fidelity,False,True,16,iid,0.1,1,s051,4,25.5,12.771739130434783,4.0,62.5,56,42,42,0,6,0,0.84,16.0,53,9,16,0,2,4096,256,16,1,1,56.125,1,
mm,mm,full,fidelity,False,True,16,iid,0.1,1,s051,5,32.25,23.20652173913043,6.0,75.0,56,41,41,0,6,0,0.82,16.0,51,10,17,0,0,4096,256,16,1,1,56.375,0,
mm,mm,full,fidelity,False,True,16,iid,0.1,1,s051,6,22.75,15.108695652173914,0.0,74.0,56,49,47,2,6,0,0.94,15.953125,54,4,27,0,1,4084,256,16,1,1,59.8125,0,
mm,mm,full,fidelity,False,True,16,iid,0.1,1,s051,7,27.500000000000004,12.934782608695656,0.0,76.5,56,51,48,3,6,0,0.96,16.0,54,3,18,0,0,4096,256,16,1,1,53.3125,1,
mm,mm,full,fidelity,False,True,16,iid,0.1,1,s051,8,18.250000000000004,13.695652173913045,2.0,80.5,56,47,47,0,6,0,0.94,15.828125,55,6,25,0,2,4052,256,16,1,1,61.8125,0,62.0
mm,mm,full,fidelity,False,True,16,iid,0.1,2,s051,2,26.25,12.934782608695656,2.0,77.5,56,37,36,1,6,0,0.72,16.0,53,15,1,0,1,4096,256,16,1,15,85.5625,0,
mm,mm,full,fidelity,False,True,16,iid,0.1,2,s051,3,22.25,5.760869565217389,6.0,66.0,56,41,39,2,6,0,0.78,16.0,52,11,4,0,0,4096,256,16,1,2,27.25,1,
mm,mm,full,fidelity,False,True,16,iid,0.1,2,s051,4,24.0,11.684782608695654,6.0,68.5,56,41,40,1,6,0,0.8,16.0,51,9,4,0,1,4096,256,16,1,1,57.9375,2,
mm,mm,full,fidelity,False,True,16,iid,0.1,2,s051,5,28.500000000000004,24.456521739130437,6.0,73.0,56,40,38,2,6,0,0.76,16.0,51,11,7,0,0,4096,256,16,1,1,58.8125,1,
mm,mm,full,fidelity,False,True,16,iid,0.1,2,s051,6,23.75,21.793478260869566,0.0,76.5,56,46,45,1,6,0,0.9,16.0,54,7,3,0,1,4096,256,16,1,1,63.5,1,
mm,mm,full,fidelity,False,True,16,iid,0.1,2,s051,7,21.25,8.260869565217389,2.0,68.5,56,46,44,2,6,0,0.88,16.0,54,7,11,0,1,4096,256,16,1,1,53.8125,2,
mm,mm,full,fidelity,False,True,16,iid,0.1,2,s051,8,22.0,7.01086956521739,2.0,73.5,56,45,44,1,6,0,0.88,16.0,54,7,17,0,2,4096,256,16,1,1,79.3125,2,56.00000000000001
static,static,none,fidelity,False,True,16,iid,0.1,0,s052,2,8.749999999999998,0.0,0.0,71.5,56,0,0,0,6,0,0.0,41.0,0,0,0,0,0,10496,256,50,0,50,81.5,0,
static,static,none,fidelity,False,True,16,iid,0.1,0,s052,3,11.75,0.0,0.0,67.5,56,0,0,0,6,0,0.0,41.0,0,0,0,0,0,10496,256,50,0,50,137.5,0,
static,static,none,fidelity,False,True,16,iid,0.1,0,s052,4,3.7500000000000018,0.0,0.0,67.5,56,0,0,0,6,0,0.0,41.0,0,0,0,0,0,10496,256,50,0,50,193.5,0,
static,static,none,fidelity,False,True,16,iid,0.1,0,s052,5,3.7500000000000018,0.0,0.0,73.5,56,0,0,0,6,0,0.0,41.0,0,0,0,0,0,10496,256,50,0,50,249.5,0,
static,static,none,fidelity,False,True,16,iid,0.1,0,s052,6,3.2500000000000027,0.0,0.0,65.0,56,0,0,0,6,0,0.0,41.0,0,0,0,0,0,10496,256,50,0,50,305.5,0,
static,static,none,fidelity,False,True,16,iid,0.1,0,s052,7,2.250000000000001,0.0,0.0,69.5,56,0,0,0,6,0,0.0,41.0,0,0,0,0,0,10496,256,50,0,50,361.5,0,
static,static,none,fidelity,False,True,16,iid,0.1,0,s052,8,18.000000000000004,11.521739130434783,0.0,80.0,56,0,0,0,6,0,0.0,41.0,0,0,0,0,0,10496,256,50,0,50,417.5,0,100.0
static,static,none,fidelity,False,True,16,iid,0.1,1,s052,2,8.499999999999998,0.0,0.0,83.0,56,0,0,0,6,0,0.0,42.0,0,0,0,0,0,10752,256,50,0,50,81.5,0,
static,static,none,fidelity,False,True,16,iid,0.1,1,s052,3,10.749999999999998,0.0,0.0,79.5,56,0,0,0,6,0,0.0,42.0,0,0,0,0,0,10752,256,50,0,50,137.5,0,
static,static,none,fidelity,False,True,16,iid,0.1,1,s052,4,2.500000000000001,0.0,0.0,79.5,56,0,0,0,6,0,0.0,42.0,0,0,0,0,0,10752,256,50,0,50,193.5,0,
static,static,none,fidelity,False,True,16,iid,0.1,1,s052,5,4.250000000000002,0.0,0.0,80.0,56,0,0,0,6,0,0.0,42.0,0,0,0,0,0,10752,256,50,0,50,249.5,0,
static,static,none,fidelity,False,True,16,iid,0.1,1,s052,6,3.500000000000002,0.0,0.0,79.5,56,0,0,0,6,0,0.0,42.0,0,0,0,0,0,10752,256,50,0,50,305.5,0,
static,static,none,fidelity,False,True,16,iid,0.1,1,s052,7,2.500000000000001,0.0,0.0,78.5,56,0,0,0,6,0,0.0,42.0,0,0,0,0,0,10752,256,50,0,50,361.5,0,
static,static,none,fidelity,False,True,16,iid,0.1,1,s052,8,14.000000000000002,10.434782608695654,0.0,84.0,56,0,0,0,6,0,0.0,42.0,0,0,0,0,0,10752,256,50,0,50,417.5,0,84.0
static,static,none,fidelity,False,True,16,iid,0.1,2,s052,2,7.999999999999999,0.0,0.0,68.5,56,0,0,0,6,0,0.0,40.0,0,0,0,0,0,10240,256,50,0,50,81.5,0,
static,static,none,fidelity,False,True,16,iid,0.1,2,s052,3,10.749999999999998,0.0,0.0,65.0,56,0,0,0,6,0,0.0,40.0,0,0,0,0,0,10240,256,50,0,50,137.5,0,
static,static,none,fidelity,False,True,16,iid,0.1,2,s052,4,2.500000000000001,0.0,0.0,63.5,56,0,0,0,6,0,0.0,40.0,0,0,0,0,0,10240,256,50,0,50,193.5,0,
static,static,none,fidelity,False,True,16,iid,0.1,2,s052,5,4.000000000000002,0.0,0.0,57.49999999999999,56,0,0,0,6,0,0.0,40.0,0,0,0,0,0,10240,256,50,0,50,249.5,0,
static,static,none,fidelity,False,True,16,iid,0.1,2,s052,6,3.500000000000002,0.0,0.0,65.0,56,0,0,0,6,0,0.0,40.0,0,0,0,0,0,10240,256,50,0,50,305.5,0,
static,static,none,fidelity,False,True,16,iid,0.1,2,s052,7,2.000000000000001,0.0,0.0,68.5,56,0,0,0,6,0,0.0,40.0,0,0,0,0,0,10240,256,50,0,50,361.5,0,
static,static,none,fidelity,False,True,16,iid,0.1,2,s052,8,15.500000000000004,3.58695652173913,0.0,71.0,56,0,0,0,6,0,0.0,40.0,0,0,0,0,0,10240,256,50,0,50,417.5,0,90.0
naive,naive,none,fidelity,False,True,16,iid,0.1,0,s052,2,10.0,0.0,0.0,84.5,56,56,50,6,6,0,1.0,52.1171875,0,0,0,0,0,13342,256,106,0,50,52.971698113207545,6,
naive,naive,none,fidelity,False,True,16,iid,0.1,0,s052,3,10.249999999999998,0.0,0.0,98.0,56,56,50,6,6,0,1.0,72.890625,0,0,0,0,0,18660,256,162,0,50,80.80864197530865,12,
naive,naive,none,fidelity,False,True,16,iid,0.1,0,s052,4,7.749999999999998,0.0,0.0,100.0,56,56,50,6,6,0,1.0,91.89453125,0,0,0,0,0,23525,256,218,0,50,108.72935779816514,18,
naive,naive,none,fidelity,False,True,16,iid,0.1,0,s052,5,6.249999999999998,0.0,0.0,100.0,56,56,50,6,6,0,1.0,101.96484375,0,0,0,0,0,26103,256,274,0,50,136.6824817518248,24,
naive,naive,none,fidelity,False,True,16,iid,0.1,0,s052,6,11.5,10.434782608695654,0.0,100.0,56,56,50,6,6,0,1.0,114.234375,0,0,0,0,0,29244,256,330,0,50,164.65151515151516,30,
naive,naive,none,fidelity,False,True,16,iid,0.1,0,s052,7,11.0,2.33695652173913,0.0,100.0,56,56,50,6,6,0,1.0,122.6875,0,0,0,0,0,31408,256,386,0,50,192.62953367875647,36,
naive,naive,none,fidelity,False,True,16,iid,0.1,0,s052,8,19.75,7.01086956521739,0.0,100.0,56,56,50,6,6,0,1.0,135.28125,0,0,0,0,0,34632,256,442,0,50,220.6131221719457,42,100.0
naive,naive,none,fidelity,False,True,16,iid,0.1,1,s052,2,10.499999999999998,0.0,0.0,91.5,56,56,50,6,6,0,1.0,53.625,0,0,0,0,0,13728,256,106,0,50,52.971698113207545,6,
naive,naive,none,fidelity,False,True,16,iid,0.1,1,s052,3,13.25,0.0,0.0,98.0,56,56,50,6,6,0,1.0,78.12890625,0,0,0,0,0,20001,256,162,0,50,80.80864197530865,12,
naive,naive,none,fidelity,False,True,16,iid,0.1,1,s052,4,4.250000000000002,0.0,0.0,100.0,56,56,50,6,6,0,1.0,95.09375,0,0,0,0,0,24344,256,218,0,50,108.72935779816514,18,
naive,naive,none,fidelity,False,True,16,iid,0.1,1,s052,5,8.249999999999998,0.0,0.0,100.0,56,56,50,6,6,0,1.0,105.546875,0,0,0,0,0,27020,256,274,0,50,136.6824817518248,24,
naive,naive,none,fidelity,False,True,16,iid,0.1,1,s052,6,9.25,8.097826086956525,0.0,100.0,56,56,50,6,6,0,1.0,115.31640625,0,0,0,0,0,29521,256,330,0,50,164.65151515151516,30,
naive,naive,none,fidelity,False,True,16,iid,0.1,1,s052,7,13.25,0.0,0.0,100.0,56,56,50,6,6,0,1.0,123.47265625,0,0,0,0,0,31609,256,386,0,50,192.62953367875647,36,
naive,naive,none,fidelity,False,True,16,iid,0.1,1,s052,8,16.250000000000004,4.83695652173913,0.0,100.0,56,56,50,6,6,0,1.0,136.7265625,0,0,0,0,0,35002,256,442,0,50,220.6131221719457,42,100.0
naive,naive,none,fidelity,False,True,16,iid,0.1,2,s052,2,7.499999999999998,0.0,0.0,80.5,56,54,50,4,6,0,1.0,50.47265625,0,0,0,0,0,12921,256,104,0,50,53.25961538461539,4,
naive,naive,none,fidelity,False,True,16,iid,0.1,2,s052,3,9.749999999999998,0.0,0.0,93.0,56,56,50,6,6,0,1.0,73.48828125,0,0,0,0,0,18813,256,160,0,50,80.64375,10,
naive,naive,none,fidelity,False,True,16,iid,0.1,2,s052,4,6.000000000000003,0.0,0.0,99.0,56,56,50,6,6,0,1.0,90.6328125,0,0,0,0,0,23202,256,216,0,50,108.34722222222224,16,
naive,naive,none,fidelity,False,True,16,iid,0.1,2,s052,5,7.499999999999998,0.0,0.0,100.0,56,56,50,6,6,0,1.0,103.25390625,0,0,0,0,0,26433,256,272,0,50,136.17279411764707,22,
naive,naive,none,fidelity,False,True,16,iid,0.1,2,s052,6,10.0,4.67391304347826,0.0,99.5,56,56,50,6,6,0,1.0,112.83203125,0,0,0,0,0,28885,256,328,0,50,164.0579268292683,28,
naive,naive,none,fidelity,False,True,16,iid,0.1,2,s052,7,10.0,0.0,0.0,100.0,56,56,50,6,6,0,1.0,120.94921875,0,0,0,0,0,30963,256,384,0,50,191.9765625,34,
naive,naive,none,fidelity,False,True,16,iid,0.1,2,s052,8,15.500000000000004,5.923913043478259,0.0,100.0,56,56,50,6,6,0,1.0,133.1953125,0,0,0,0,0,34098,256,440,0,50,219.91590909090908,40,100.0
window,window,none,fidelity,False,True,16,iid,0.1,0,s052,2,7.999999999999999,0.0,4.0,37.0,56,51,48,3,6,0,0.96,12.87109375,0,0,0,0,0,3295,256,16,0,0,9.4375,0,
window,window,none,fidelity,False,True,16,iid,0.1,0,s052,3,9.749999999999998,0.0,8.0,20.5,56,48,46,2,6,0,0.92,11.44921875,0,0,0,0,0,2931,256,16,0,0,8.625,1,
window,window,none,fidelity,False,True,16,iid,0.1,0,s052,4,4.000000000000002,0.0,2.0,14.000000000000002,56,50,49,1,6,0,0.98,9.578125,0,0,0,0,0,2452,256,16,0,0,8.4375,0,
window,window,none,fidelity,False,True,16,iid,0.1,0,s052,5,6.250000000000003,0.0,2.0,13.5,56,50,49,1,6,0,0.98,8.5390625,0,0,0,0,0,2186,256,16,0,0,8.6875,0,
window,window,none,fidelity,False,True,16,iid,0.1,0,s052,6,5.499999999999998,0.0,6.0,16.5,56,48,47,1,6,0,0.94,9.20703125,0,0,0,0,0,2357,256,16,0,0,8.125,0,
window,window,none,fidelity,False,True,16,iid,0.1,0,s052,7,2.5000000000000018,0.0,2.0,17.5,56,49,49,0,6,0,0.98,9.80078125,0,0,0,0,0,2509,256,16,0,0,8.5,0,
window,window,none,fidelity,False,True,16,iid,0.1,0,s052,8,6.250000000000003,0.0,6.0,8.5,56,47,47,0,6,0,0.94,8.6328125,0,0,0,0,0,2210,256,16,0,0,9.25,0,90.0
window,window,none,fidelity,False,True,16,iid,0.1,1,s052,2,7.500000000000003,0.0,4.0,18.5,56,49,48,1,6,0,0.96,12.4453125,0,0,0,0,0,3186,256,16,0,0,9.5625,1,
window,window,none,fidelity,False,True,16,iid,0.1,1,s052,3,9.749999999999998,0.0,4.0,19.0,56,49,48,1,6,0,0.96,11.92578125,0,0,0,0,0,3053,256,16,0,0,8.4375,0,
window,window,none,fidelity,False,True,16,iid,0.1,1,s052,4,6.750000000000004,0.0,2.0,15.0,56,51,49,2,6,0,0.98,9.28125,0,0,0,0,0,2376,256,16,0,0,7.5,1,
window,window,none,fidelity,False,True,16,iid,0.1,1,s052,5,6.250000000000003,0.0,0.0,23.5,56,51,50,1,6,0,1.0,8.88671875,0,0,0,0,0,2275,256,16,0,0,8.0,0,
window,window,none,fidelity,False,True,16,iid,0.1,1,s052,6,6.249999999999998,2.33695652173913,6.0,21.0,56,49,47,2,6,0,0.94,9.30078125,0,0,0,0,0,2381,256,16,0,0,8.3125,1,
window,window,none,fidelity,False,True,16,iid,0.1,1,s052,7,8.249999999999998,0.0,2.0,28.5,56,52,49,3,6,0,0.98,10.453125,0,0,0,0,0,2676,256,16,0,0,8.875,0,
window,window,none,fidelity,False,True,16,iid,0.1,1,s052,8,7.499999999999998,0.0,6.0,9.5,56,47,47,0,6,0,0.94,8.890625,0,0,0,0,0,2276,256,16,0,0,8.3125,0,10.0
window,window,none,fidelity,False,True,16,iid,0.1,2,s052,2,6.499999999999997,0.0,4.0,29.5,56,50,48,2,6,0,0.96,12.45703125,0,0,0,0,0,3189,256,16,0,0,9.5,1,
window,window,none,fidelity,False,True,16,iid,0.1,2,s052,3,11.75,0.0,4.0,31.5,56,50,48,2,6,0,0.96,12.015625,0,0,0,0,0,3076,256,16,0,0,9.125,1,
window,window,none,fidelity,False,True,16,iid,0.1,2,s052,4,4.500000000000002,0.0,2.0,10.0,56,50,49,1,6,0,0.98,9.55859375,0,0,0,0,0,2447,256,16,0,0,7.9375,0,
window,window,none,fidelity,False,True,16,iid,0.1,2,s052,5,5.250000000000003,0.0,2.0,20.0,56,51,49,2,6,0,0.98,8.79296875,0,0,0,0,0,2251,256,16,0,0,7.6875,0,
window,window,none,fidelity,False,True,16,iid,0.1,2,s052,6,10.249999999999998,0.0,6.0,15.5,56,50,47,3,6,0,0.94,9.83984375,0,0,0,0,0,2519,256,16,0,0,7.875,1,
window,window,none,fidelity,False,True,16,iid,0.1,2,s052,7,3.5000000000000018,0.0,2.0,22.0,56,49,49,0,6,0,0.98,9.9921875,0,0,0,0,0,2558,256,16,0,0,8.6875,0,
window,window,none,fidelity,False,True,16,iid,0.1,2,s052,8,5.750000000000003,0.0,4.0,5.5,56,48,48,0,6,0,0.96,8.81640625,0,0,0,0,0,2257,256,16,0,0,8.125,0,60.0
aeqkad,window,full,fidelity,False,True,16,iid,0.1,0,s052,2,8.749999999999998,0.0,6.0,22.5,56,41,41,0,6,0,0.82,12.171875,48,7,0,0,0,3116,256,16,0,0,11.8125,0,
aeqkad,window,full,fidelity,False,True,16,iid,0.1,0,s052,3,11.249999999999998,0.0,12.0,14.499999999999998,56,39,39,0,6,0,0.78,9.390625,45,4,0,0,2,2404,256,16,0,0,11.75,0,
aeqkad,window,full,fidelity,False,True,16,iid,0.1,0,s052,4,4.250000000000002,0.0,2.0,8.0,56,47,47,0,6,0,0.94,8.54296875,50,3,0,0,0,2187,256,16,0,0,9.0625,0,
aeqkad,window,full,fidelity,False,True,16,iid,0.1,0,s052,5,4.250000000000002,0.0,0.0,14.000000000000002,56,46,46,0,6,0,0.92,7.625,50,4,0,0,0,1952,256,16,0,0,10.5625,0,
aeqkad,window,full,fidelity,False,True,16,iid,0.1,0,s052,6,10.0,0.0,6.0,11.5,56,44,44,0,6,0,0.88,7.7734375,47,3,0,0,0,1990,256,16,0,0,8.125,0,
aeqkad,window,full,fidelity,False,True,16,iid,0.1,0,s052,7,5.750000000000002,0.0,2.0,14.499999999999998,56,48,48,0,6,0,0.96,9.484375,49,1,0,0,0,2428,256,16,0,0,8.5,0,
aeqkad,window,full,fidelity,False,True,16,iid,0.1,0,s052,8,5.250000000000003,0.0,6.0,8.5,56,46,46,0,6,0,0.92,8.76953125,47,1,0,0,0,2245,256,16,0,0,9.75,0,76.0
aeqkad,window,full,fidelity,False,True,16,iid,0.1,1,s052,2,7.749999999999998,0.0,6.0,17.0,56,42,42,0,6,0,0.84,11.9921875,47,5,0,0,0,3070,256,16,0,0,13.0625,0,
aeqkad,window,full,fidelity,False,True,16,iid,0.1,1,s052,3,11.5,0.0,14.000000000000002,10.0,56,39,39,0,6,0,0.78,9.6875,44,5,0,0,0,2480,256,16,0,0,10.8125,0,
aeqkad,window,full,fidelity,False,True,16,iid,0.1,1,s052,4,5.750000000000003,0.0,2.0,11.0,56,47,46,1,6,0,0.92,8.859375,50,3,0,0,0,2268,256,16,0,0,9.625,0,
aeqkad,window,full,fidelity,False,True,16,iid,0.1,1,s052,5,4.250000000000002,0.0,2.0,9.5,56,45,45,0,6,0,0.9,7.62109375,49,4,0,0,0,1951,256,16,0,0,11.0,0,
aeqkad,window,full,fidelity,False,True,16,iid,0.1,1,s052,6,9.749999999999998,0.0,8.0,10.5,56,44,44,0,6,0,0.88,7.7109375,47,3,0,0,0,1974,256,16,0,0,9.125,0,
aeqkad,window,full,fidelity,False,True,16,iid,0.1,1,s052,7,2.2500000000000018,0.0,4.0,8.0,56,47,47,0,6,0,0.94,8.96875,48,1,0,0,0,2296,256,16,0,0,8.875,0,
aeqkad,window,full,fidelity,False,True,16,iid,0.1,1,s052,8,7.749999999999998,0.0,6.0,9.5,56,46,46,0,6,0,0.92,8.671875,47,1,0,0,0,2220,256,16,0,0,8.8125,0,10.0
aeqkad,window,full,fidelity,False,True,16,iid,0.1,2,s052,2,8.249999999999998,0.0,6.0,29.0,56,42,42,0,6,0,0.84,12.08203125,48,6,0,0,0,3093,256,16,0,0,12.9375,0,
aeqkad,window,full,fidelity,False,True,16,iid,0.1,2,s052,3,11.75,0.0,10.0,11.5,56,39,39,0,6,0,0.78,9.4765625,46,6,0,0,1,2426,256,16,0,0,11.4375,0,
aeqkad,window,full,fidelity,False,True,16,iid,0.1,2,s052,4,4.000000000000002,0.0,2.0,6.0,56,47,47,0,6,0,0.94,8.5546875,50,3,0,0,0,2190,256,16,0,0,8.5625,0,
aeqkad,window,full,fidelity,False,True,16,iid,0.1,2,s052,5,6.750000000000004,0.0,0.0,14.000000000000002,56,46,46,0,6,0,0.92,7.99609375,50,4,0,0,0,2047,256,16,0,0,9.5,0,
aeqkad,window,full,fidelity,False,True,16,iid,0.1,2,s052,6,6.000000000000003,0.0,6.0,7.000000000000001,56,44,44,0,6,0,0.88,8.01953125,48,4,0,0,0,2053,256,16,0,0,8.625,0,
aeqkad,window,full,fidelity,False,True,16,iid,0.1,2,s052,7,4.250000000000002,0.0,2.0,12.5,56,48,48,0,6,0,0.96,9.46875,49,1,0,0,0,2424,256,16,0,0,8.6875,0,
aeqkad,window,full,fidelity,False,True,16,iid,0.1,2,s052,8,5.750000000000003,0.0,6.0,6.5,56,46,46,0,6,0,0.92,8.28515625,47,1,0,0,0,2121,256,16,0,0,9.625,0,52.0
mm,mm,full,fidelity,False,True,16,iid,0.1,0,s052,2,7.999999999999999,0.0,0.0,65.0,56,42,42,0,6,0,0.84,16.0,55,12,0,0,1,4096,256,16,1,16,87.5625,0,
mm,mm,full,fidelity,False,True,16,iid,0.1,0,s052,3,9.25,0.0,4.0,43.0,56,40,40,0,6,0,0.8,13.8359375,52,10,0,0,2,3542,256,16,1,2,32.5,0,
mm,mm,full,fidelity,False,True,16,iid,0.1,0,s052,4,2.250000000000001,0.0,2.0,31.0,56,49,49,0,6,0,0.98,14.65625,51,2,0,0,0,3752,256,16,1,1,56.0625,0,
mm,mm,full,fidelity,False,True,16,iid,0.1,0,s052,5,4.500000000000002,0.0,0.0,42.0,56,46,46,0,6,0,0.92,14.16015625,52,4,0,0,2,3625,256,16,1,1,50.8125,0,
mm,mm,full,fidelity,False,True,16,iid,0.1,0,s052,6,5.000000000000003,0.0,4.0,30.0,56,45,45,0,6,0,0.9,13.8515625,50,4,0,0,1,3546,256,16,1,1,56.0625,0,
mm,mm,full,fidelity,False,True,16,iid,0.1,0,s052,7,2.2500000000000018,0.0,2.0,26.5,56,48,48,0,6,0,0.96,12.88671875,49,1,0,0,0,3299,256,16,1,1,56.75,0,
mm,mm,full,fidelity,False,True,16,iid,0.1,0,s052,8,4.000000000000003,0.0,4.0,28.5,56,47,47,0,6,0,0.94,15.25390625,48,1,0,0,0,3905,256,16,1,1,61.375,0,94.0
mm,mm,full,fidelity,False,True,16,iid,0.1,1,s052,2,5.250000000000003,0.0,0.0,62.0,56,42,42,0,6,0,0.84,16.0,55,13,0,0,0,4096,256,16,1,16,85.0625,0,
mm,mm,full,fidelity,False,True,16,iid,0.1,1,s052,3,8.5,0.0,4.0,47.5,56,41,41,0,6,0,0.82,15.0,52,11,0,0,0,3840,256,16,1,2,29.125,0,
mm,mm,full,fidelity,False,True,16,iid,0.1,1,s052,4,1.7500000000000009,0.0,2.0,31.5,56,50,49,1,6,0,0.98,14.4453125,51,1,0,0,0,3698,256,16,1,1,49.5625,1,
mm,mm,full,fidelity,False,True,16,iid,0.1,1,s052,5,7.749999999999998,0.0,0.0,39.0,56,46,46,0,6,0,0.92,15.03515625,52,4,0,0,2,3849,256,16,1,1,61.8125,0,
mm,mm,full,fidelity,False,True,16,iid,0.1,1,s052,6,3.9999999999999982,0.0,6.0,23.0,56,45,45,0,6,0,0.9,13.02734375,49,2,0,0,2,3335,256,16,1,1,50.8125,0,
mm,mm,full,fidelity,False,True,16,iid,0.1,1,s052,7,4.000000000000002,0.0,2.0,18.0,56,47,47,0,6,0,0.94,13.2734375,49,2,0,0,0,3398,256,16,1,1,57.0625,0,
mm,mm,full,fidelity,False,True,16,iid,0.1,1,s052,8,4.000000000000003,0.0,4.0,23.0,56,47,47,0,6,0,0.94,14.93359375,50,3,0,0,0,3823,256,16,1,1,66.375,0,20.0
mm,mm,full,fidelity,False,True,16,iid,0.1,2,s052,2,7.499999999999998,0.0,0.0,71.5,56,43,43,0,6,0,0.86,16.0,54,10,0,0,1,4096,256,16,1,15,84.0,0,
mm,mm,full,fidelity,False,True,16,iid,0.1,2,s052,3,9.25,0.0,4.0,40.0,56,40,40,0,6,0,0.8,14.984375,49,8,0,0,1,3836,256,16,1,2,37.625,0,
mm,mm,full,fidelity,False,True,16,iid,0.1,2,s052,4,3.2500000000000013,0.0,2.0,34.0,56,48,48,0,6,0,0.96,14.68359375,52,3,0,0,1,3759,256,16,1,1,50.125,0,
mm,mm,full,fidelity,False,True,16,iid,0.1,2,s052,5,4.250000000000002,0.0,0.0,36.0,56,46,46,0,6,0,0.92,14.5078125,53,4,0,0,3,3714,256,16,1,1,61.875,0,
mm,mm,full,fidelity,False,True,16,iid,0.1,2,s052,6,6.000000000000003,0.0,4.0,28.5,56,45,45,0,6,0,0.9,13.4921875,51,4,0,0,2,3454,256,16,1,1,48.875,0,
mm,mm,full,fidelity,False,True,16,iid,0.1,2,s052,7,3.0000000000000018,0.0,2.0,25.0,56,48,48,0,6,0,0.96,14.27734375,49,1,0,0,0,3655,256,16,1,1,57.8125,0,
mm,mm,full,fidelity,False,True,16,iid,0.1,2,s052,8,4.250000000000003,0.0,4.0,23.0,56,47,47,0,6,0,0.94,15.21484375,50,2,0,0,1,3895,256,16,1,1,63.0625,0,28.000000000000004
static,static,none,fidelity,False,True,16,iid,0.1,0,s053,2,15.250000000000002,1.25,6.0,44.0,56,0,0,0,6,0,0.0,47.0,0,0,0,0,0,12032,256,50,0,50,81.5,0,
static,static,none,fidelity,False,True,16,iid,0.1,0,s053,3,17.0,3.423913043478259,4.0,50.0,56,0,0,0,6,0,0.0,47.0,0,0,0,0,0,12032,256,50,0,50,137.5,0,
static,static,none,fidelity,False,True,16,iid,0.1,0,s053,4,20.25,12.771739130434783,10.0,53.5,56,0,0,0,6,0,0.0,47.0,0,0,0,0,0,12032,256,50,0,50,193.5,0,
static,static,none,fidelity,False,True,16,iid,0.1,0,s053,5,20.25,7.01086956521739,2.0,53.0,56,0,0,0,6,0,0.0,47.0,0,0,0,0,0,12032,256,50,0,50,249.5,0,
static,static,none,fidelity,False,True,16,iid,0.1,0,s053,6,22.25,26.6304347826087,8.0,55.50000000000001,56,0,0,0,6,0,0.0,47.0,0,0,0,0,0,12032,256,50,0,50,305.5,0,
static,static,none,fidelity,False,True,16,iid,0.1,0,s053,7,20.0,11.521739130434783,2.0,61.0,56,0,0,0,6,0,0.0,47.0,0,0,0,0,0,12032,256,50,0,50,361.5,0,
static,static,none,fidelity,False,True,16,iid,0.1,0,s053,8,19.75,12.771739130434783,10.0,51.0,56,0,0,0,6,0,0.0,47.0,0,0,0,0,0,12032,256,50,0,50,417.5,0,64.0
static,static,none,fidelity,False,True,16,iid,0.1,1,s053,2,14.250000000000002,2.33695652173913,8.0,31.5,56,0,0,0,6,0,0.0,48.0,0,0,0,0,0,12288,256,50,0,50,81.5,0,
static,static,none,fidelity,False,True,16,iid,0.1,1,s053,3,14.250000000000002,1.25,4.0,36.0,56,0,0,0,6,0,0.0,48.0,0,0,0,0,0,12288,256,50,0,50,137.5,0,
static,static,none,fidelity,False,True,16,iid,0.1,1,s053,4,21.75,8.42391304347826,12.0,37.5,56,0,0,0,6,0,0.0,48.0,0,0,0,0,0,12288,256,50,0,50,193.5,0,
static,static,none,fidelity,False,True,16,iid,0.1,1,s053,5,22.25,17.445652173913043,4.0,44.0,56,0,0,0,6,0,0.0,48.0,0,0,0,0,0,12288,256,50,0,50,249.5,0,
static,static,none,fidelity,False,True,16,iid,0.1,1,s053,6,23.75,23.20652173913043,8.0,42.0,56,0,0,0,6,0,0.0,48.0,0,0,0,0,0,12288,256,50,0,50,305.5,0,
static,static,none,fidelity,False,True,16,iid,0.1,1,s053,7,22.0,10.271739130434783,2.0,44.5,56,0,0,0,6,0,0.0,48.0,0,0,0,0,0,12288,256,50,0,50,361.5,0,
static,static,none,fidelity,False,True,16,iid,0.1,1,s053,8,19.75,11.684782608695654,10.0,43.0,56,0,0,0,6,0,0.0,48.0,0,0,0,0,0,12288,256,50,0,50,417.5,0,54.0
static,static,none,fidelity,False,True,16,iid,0.1,2,s053,2,15.750000000000004,4.67391304347826,6.0,35.5,56,0,0,0,6,0,0.0,47.0,0,0,0,0,0,12032,256,50,0,50,81.5,0,
static,static,none,fidelity,False,True,16,iid,0.1,2,s053,3,16.000000000000004,2.5,4.0,37.5,56,0,0,0,6,0,0.0,47.0,0,0,0,0,0,12032,256,50,0,50,137.5,0,
static,static,none,fidelity,False,True,16,iid,0.1,2,s053,4,21.75,15.108695652173914,12.0,35.5,56,0,0,0,6,0,0.0,47.0,0,0,0,0,0,12032,256,50,0,50,193.5,0,
static,static,none,fidelity,False,True,16,iid,0.1,2,s053,5,22.0,13.858695652173914,4.0,41.0,56,0,0,0,6,0,0.0,47.0,0,0,0,0,0,12032,256,50,0,50,249.5,0,
static,static,none,fidelity,False,True,16,iid,0.1,2,s053,6,21.75,26.6304347826087,8.0,45.5,56,0,0,0,6,0,0.0,47.0,0,0,0,0,0,12032,256,50,0,50,305.5,0,
static,static,none,fidelity,False,True,16,iid,0.1,2,s053,7,19.25,6.25,2.0,48.0,56,0,0,0,6,0,0.0,47.0,0,0,0,0,0,12032,256,50,0,50,361.5,0,
static,static,none,fidelity,False,True,16,iid,0.1,2,s053,8,21.75,11.684782608695654,10.0,46.5,56,0,0,0,6,0,0.0,47.0,0,0,0,0,0,12032,256,50,0,50,417.5,0,4.0
naive,naive,none,fidelity,False,True,16,iid,0.1,0,s053,2,19.25,4.67391304347826,6.0,65.0,56,53,47,6,6,0,0.94,63.09375,0,0,0,0,0,16152,256,103,0,50,53.71844660194175,6,
naive,naive,none,fidelity,False,True,16,iid,0.1,0,s053,3,16.000000000000004,1.25,4.0,80.0,56,53,48,5,6,0,0.96,89.99609375,0,0,0,0,0,23039,256,156,0,50,81.66025641025641,11,
naive,naive,none,fidelity,False,True,16,iid,0.1,0,s053,4,14.500000000000002,2.1739130434782594,2.0,86.0,56,54,49,5,6,0,0.98,111.59375,0,0,0,0,0,28568,256,210,0,50,109.4095238095238,16,
naive,naive,none,fidelity,False,True,16,iid,0.1,0,s053,5,14.250000000000002,4.67391304347826,0.0,92.0,56,56,50,6,6,0,1.0,130.71484375,0,0,0,0,0,33463,256,266,0,50,136.37593984962405,22,
naive,naive,none,fidelity,False,True,16,iid,0.1,0,s053,6,17.750000000000004,11.847826086956523,0.0,99.0,56,56,50,6,6,0,1.0,151.08984375,0,0,0,0,0,38679,256,322,0,50,163.70186335403727,28,
naive,naive,none,fidelity,False,True,16,iid,0.1,0,s053,7,20.25,10.271739130434783,0.0,99.0,56,56,50,6,6,0,1.0,169.06640625,0,0,0,0,0,43281,256,378,0,50,191.2275132275132,34,
naive,naive,none,fidelity,False,True,16,iid,0.1,0,s053,8,18.750000000000004,16.195652173913043,0.0,100.0,56,56,50,6,6,0,1.0,189.42578125,0,0,0,0,0,48493,256,434,0,50,218.8755760368664,40,100.0
naive,naive,none,fidelity,False,True,16,iid,0.1,1,s053,2,14.250000000000002,4.67391304347826,6.0,43.0,56,50,47,3,6,0,0.94,62.515625,0,0,0,0,0,16004,256,100,0,50,54.45,3,
naive,naive,none,fidelity,False,True,16,iid,0.1,1,s053,3,14.250000000000002,1.25,4.0,62.0,56,49,48,1,6,0,0.96,87.8984375,0,0,0,0,0,22502,256,149,0,50,83.15436241610739,4,
naive,naive,none,fidelity,False,True,16,iid,0.1,1,s053,4,15.750000000000004,5.760869565217389,6.0,64.0,56,52,47,5,6,0,0.94,104.44921875,0,0,0,0,0,26739,256,201,0,50,110.25373134328358,9,
naive,naive,none,fidelity,False,True,16,iid,0.1,1,s053,5,16.000000000000004,7.01086956521739,2.0,76.5,56,54,49,5,6,0,0.98,122.73046875,0,0,0,0,0,31419,256,255,0,50,136.7529411764706,14,
naive,naive,none,fidelity,False,True,16,iid,0.1,1,s053,6,16.500000000000004,9.347826086956523,0.0,84.0,56,55,50,5,6,0,1.0,142.50390625,0,0,0,0,0,36481,256,310,0,50,163.3709677419355,19,
naive,naive,none,fidelity,False,True,16,iid,0.1,1,s053,7,22.5,4.83695652173913,0.0,91.0,56,55,50,5,6,0,1.0,161.72265625,0,0,0,0,0,41401,256,365,0,50,190.42465753424656,24,
naive,naive,none,fidelity,False,True,16,iid,0.1,1,s053,8,15.500000000000004,10.597826086956523,2.0,94.5,56,55,49,6,6,0,0.98,180.5703125,0,0,0,0,0,46226,256,420,0,50,217.7547619047619,30,100.0
naive,naive,none,fidelity,False,True,16,iid,0.1,2,s053,2,16.000000000000004,8.097826086956525,6.0,45.5,56,50,47,3,6,0,0.94,62.27734375,0,0,0,0,0,15943,256,100,0,50,54.42,3,
naive,naive,none,fidelity,False,True,16,iid,0.1,2,s053,3,13.5,2.5,4.0,57.49999999999999,56,51,48,3,6,0,0.96,89.24609375,0,0,0,0,0,22847,256,151,0,50,82.18543046357615,6,
naive,naive,none,fidelity,False,True,16,iid,0.1,2,s053,4,16.500000000000004,3.423913043478259,4.0,69.5,56,52,48,4,6,0,0.96,108.07421875,0,0,0,0,0,27667,256,203,0,50,109.8177339901478,10,
naive,naive,none,fidelity,False,True,16,iid,0.1,2,s053,5,14.750000000000002,4.67391304347826,0.0,85.0,56,55,50,5,6,0,1.0,122.8359375,0,0,0,0,0,31446,256,258,0,50,136.3217054263566,15,
naive,naive,none,fidelity,False,True,16,iid,0.1,2,s053,6,15.750000000000004,16.195652173913043,0.0,87.5,56,56,50,6,6,0,1.0,140.56640625,0,0,0,0,0,35985,256,314,0,50,162.92675159235668,21,
naive,naive,none,fidelity,False,True,16,iid,0.1,2,s053,7,19.75,14.021739130434783,0.0,96.0,56,56,50,6,6,0,1.0,162.47265625,0,0,0,0,0,41593,256,370,0,50,189.95405405405404,27,
naive,naive,none,fidelity,False,True,16,iid,0.1,2,s053,8,15.750000000000004,18.695652173913043,0.0,98.0,56,56,50,6,6,0,1.0,182.6015625,0,0,0,0,0,46746,256,426,0,50,217.23708920187792,33,100.0
window,window,none,fidelity,False,True,16,iid,0.1,0,s053,2,16.000000000000004,4.67391304347826,12.0,39.0,56,48,44,4,6,0,0.88,15.50390625,0,0,0,0,0,3969,256,16,0,0,9.0,1,
window,window,none,fidelity,False,True,16,iid,0.1,0,s053,3,16.000000000000004,0.0,18.0,14.499999999999998,56,42,41,1,6,0,0.82,13.671875,0,0,0,0,0,3500,256,16,0,0,10.0625,1,
window,window,none,fidelity,False,True,16,iid,0.1,0,s053,4,12.0,0.0,6.0,14.000000000000002,56,48,47,1,6,0,0.94,13.8125,0,0,0,0,0,3536,256,16,0,0,10.6875,0,
window,window,none,fidelity,False,True,16,iid,0.1,0,s053,5,9.499999999999998,1.25,4.0,21.5,56,48,48,0,6,0,0.96,14.26171875,0,0,0,0,0,3651,256,16,0,0,8.0625,0,
window,window,none,fidelity,False,True,16,iid,0.1,0,s053,6,14.250000000000002,0.0,4.0,31.5,56,51,48,3,6,0,0.96,14.20703125,0,0,0,0,0,3637,256,16,0,0,7.5,0,
window,window,none,fidelity,False,True,16,iid,0.1,0,s053,7,14.000000000000002,8.260869565217389,6.0,27.0,56,50,47,3,6,0,0.94,14.66796875,0,0,0,0,0,3755,256,16,0,0,7.75,1,
window,window,none,fidelity,False,True,16,iid,0.1,0,s053,8,16.250000000000004,2.33695652173913,8.0,26.0,56,47,46,1,6,0,0.92,14.5234375,0,0,0,0,0,3718,256,16,0,0,8.375,0,8.0
window,window,none,fidelity,False,True,16,iid,0.1,1,s053,2,15.500000000000004,3.58695652173913,12.0,34.5,56,46,44,2,6,0,0.88,15.546875,0,0,0,0,0,3980,256,16,0,0,10.0625,0,
window,window,none,fidelity,False,True,16,iid,0.1,1,s053,3,18.750000000000004,0.0,18.0,18.0,56,42,41,1,6,0,0.82,13.6953125,0,0,0,0,0,3506,256,16,0,0,9.3125,0,
window,window,none,fidelity,False,True,16,iid,0.1,1,s053,4,12.25,0.0,6.0,16.0,56,48,47,1,6,0,0.94,13.71484375,0,0,0,0,0,3511,256,16,0,0,10.1875,0,
window,window,none,fidelity,False,True,16,iid,0.1,1,s053,5,9.499999999999998,1.25,2.0,17.5,56,51,49,2,6,0,0.98,14.48828125,0,0,0,0,0,3709,256,16,0,0,7.5,0,
window,window,none,fidelity,False,True,16,iid,0.1,1,s053,6,10.249999999999998,2.33695652173913,6.0,20.5,56,49,47,2,6,0,0.94,13.73828125,0,0,0,0,0,3517,256,16,0,0,8.5,0,
window,window,none,fidelity,False,True,16,iid,0.1,1,s053,7,14.500000000000002,3.423913043478259,8.0,26.0,56,49,46,3,6,0,0.92,14.46484375,0,0,0,0,0,3703,256,16,0,0,8.5,1,
window,window,none,fidelity,False,True,16,iid,0.1,1,s053,8,18.25,9.184782608695654,8.0,26.5,56,47,46,1,6,0,0.92,14.65625,0,0,0,0,0,3752,256,16,0,0,8.375,1,20.0
window,window,none,fidelity,False,True,16,iid,0.1,2,s053,2,18.500000000000004,2.33695652173913,10.0,40.5,56,47,45,2,6,0,0.9,15.67578125,0,0,0,0,0,4013,256,16,0,0,9.125,2,
window,window,none,fidelity,False,True,16,iid,0.1,2,s053,3,18.000000000000004,0.0,14.000000000000002,21.0,56,44,43,1,6,0,0.86,14.0078125,0,0,0,0,0,3586,256,16,0,0,10.75,0,
window,window,none,fidelity,False,True,16,iid,0.1,2,s053,4,10.749999999999998,0.0,6.0,14.000000000000002,56,47,47,0,6,0,0.94,13.7109375,0,0,0,0,0,3510,256,16,0,0,9.9375,0,
window,window,none,fidelity,False,True,16,iid,0.1,2,s053,5,9.499999999999998,0.0,4.0,19.0,56,50,48,2,6,0,0.96,14.18359375,0,0,0,0,0,3631,256,16,0,0,7.5,1,
window,window,none,fidelity,False,True,16,iid,0.1,2,s053,6,13.5,1.0869565217391297,6.0,29.5,56,48,47,1,6,0,0.94,14.0,0,0,0,0,0,3584,256,16,0,0,8.875,0,
window,window,none,fidelity,False,True,16,iid,0.1,2,s053,7,14.250000000000002,7.01086956521739,6.0,34.5,56,49,47,2,6,0,0.94,14.59375,0,0,0,0,0,3736,256,16,0,0,7.5,0,
window,window,none,fidelity,False,True,16,iid,0.1,2,s053,8,14.250000000000002,4.83695652173913,8.0,28.000000000000004,56,49,46,3,6,0,0.92,14.66015625,0,0,0,0,0,3753,256,16,0,0,9.3125,0,0.0
aeqkad,window,full,fidelity,False,True,16,iid,0.1,0,s053,2,19.5,5.760869565217389,8.0,33.0,56,42,39,3,6,0,0.78,15.44921875,50,7,20,0,1,3955,256,16,0,0,9.0,1,
aeqkad,window,full,fidelity,False,True,16,iid,0.1,0,s053,3,12.75,0.0,14.000000000000002,12.5,56,37,37,0,6,0,0.74,12.9140625,44,7,18,0,0,3306,256,16,0,0,10.25,0,
aeqkad,window,full,fidelity,False,True,16,iid,0.1,0,s053,4,9.499999999999998,0.0,6.0,10.0,56,42,41,1,6,0,0.82,13.5,48,6,22,0,0,3456,256,16,0,0,12.3125,0,
aeqkad,window,full,fidelity,False,True,16,iid,0.1,0,s053,5,9.749999999999998,1.25,4.0,17.0,56,45,45,0,6,0,0.9,13.65234375,48,3,27,0,0,3495,256,16,0,0,8.4375,0,
aeqkad,window,full,fidelity,False,True,16,iid,0.1,0,s053,6,13.5,2.33695652173913,10.0,24.0,56,40,39,1,6,0,0.78,13.546875,47,7,20,0,0,3468,256,16,0,0,8.0625,0,
aeqkad,window,full,fidelity,False,True,16,iid,0.1,0,s053,7,11.75,8.260869565217389,6.0,21.0,56,45,43,2,6,0,0.86,14.23046875,50,4,20,0,1,3643,256,16,0,0,8.75,1,
aeqkad,window,full,fidelity,False,True,16,iid,0.1,0,s053,8,18.250000000000004,1.25,14.000000000000002,22.5,56,39,39,0,6,0,0.78,13.87109375,44,5,22,0,0,3551,256,16,0,0,9.3125,0,12.0
aeqkad,window,full,fidelity,False,True,16,iid,0.1,1,s053,2,14.000000000000002,4.67391304347826,10.0,30.5,56,41,40,1,6,0,0.8,15.5,47,6,27,0,0,3968,256,16,0,0,10.5,0,
aeqkad,window,full,fidelity,False,True,16,iid,0.1,1,s053,3,19.75,0.0,18.0,14.000000000000002,56,36,36,0,6,0,0.72,12.82421875,42,5,29,0,1,3283,256,16,0,0,10.25,0,
aeqkad,window,full,fidelity,False,True,16,iid,0.1,1,s053,4,10.249999999999998,0.0,6.0,13.5,56,42,41,1,6,0,0.82,13.5390625,48,6,29,0,0,3466,256,16,0,0,11.6875,0,
aeqkad,window,full,fidelity,False,True,16,iid,0.1,1,s053,5,6.500000000000003,1.25,2.0,15.5,56,46,45,1,6,0,0.9,14.03515625,51,5,33,0,0,3593,256,16,0,0,7.875,0,
aeqkad,window,full,fidelity,False,True,16,iid,0.1,1,s053,6,16.250000000000004,3.423913043478259,8.0,18.5,56,40,39,1,6,0,0.78,12.94140625,48,7,32,0,1,3313,256,16,0,0,9.0625,0,
aeqkad,window,full,fidelity,False,True,16,iid,0.1,1,s053,7,11.5,3.423913043478259,8.0,21.5,56,45,43,2,6,0,0.86,13.98828125,49,4,31,0,0,3581,256,16,0,0,9.0,0,
aeqkad,window,full,fidelity,False,True,16,iid,0.1,1,s053,8,16.000000000000004,1.25,12.0,20.0,56,39,39,0,6,0,0.78,13.95703125,44,5,26,0,0,3573,256,16,0,0,9.75,0,20.0
aeqkad,window,full,fidelity,False,True,16,iid,0.1,2,s053,2,16.500000000000004,2.33695652173913,8.0,34.0,56,42,41,1,6,0,0.82,15.49609375,48,6,28,0,0,3967,256,16,0,0,9.75,1,
aeqkad,window,full,fidelity,False,True,16,iid,0.1,2,s053,3,16.500000000000004,1.25,18.0,16.5,56,38,37,1,6,0,0.74,13.2734375,43,4,27,0,1,3398,256,16,0,0,12.0625,0,
aeqkad,window,full,fidelity,False,True,16,iid,0.1,2,s053,4,9.749999999999998,0.0,6.0,12.0,56,41,41,0,6,0,0.82,13.42578125,47,6,29,0,0,3437,256,16,0,0,11.625,0,
aeqkad,window,full,fidelity,False,True,16,iid,0.1,2,s053,5,7.999999999999999,0.0,4.0,16.5,56,47,46,1,6,0,0.92,14.04296875,50,3,32,0,0,3595,256,16,0,0,7.8125,1,
aeqkad,window,full,fidelity,False,True,16,iid,0.1,2,s053,6,16.500000000000004,5.923913043478259,8.0,28.000000000000004,56,39,39,0,6,0,0.78,13.87890625,47,8,29,0,0,3553,256,16,0,0,9.5625,0,
aeqkad,window,full,fidelity,False,True,16,iid,0.1,2,s053,7,13.5,7.01086956521739,6.0,25.5,56,43,43,0,6,0,0.86,13.9765625,49,6,26,0,0,3578,256,16,0,0,7.875,0,
aeqkad,window,full,fidelity,False,True,16,iid,0.1,2,s053,8,16.250000000000004,2.5,14.000000000000002,19.5,56,39,39,0,6,0,0.78,13.9375,45,5,26,0,1,3568,256,16,0,0,10.375,0,0.0
mm,mm,full,fidelity,False,True,16,iid,0.1,0,s053,2,17.25,8.097826086956525,6.0,52.5,56,44,43,1,6,0,0.86,16.0,53,8,29,0,1,4096,256,16,1,16,82.6875,0,
mm,mm,full,fidelity,False,True,16,iid,0.1,0,s053,3,16.250000000000004,2.5,8.0,44.0,56,45,44,1,6,0,0.88,15.875,49,4,31,0,0,4064,256,16,1,1,24.125,0,
mm,mm,full,fidelity,False,True,16,iid,0.1,0,s053,4,19.5,3.423913043478259,10.0,41.5,56,42,40,2,6,0,0.8,16.0,48,5,28,0,1,4096,256,16,1,1,67.3125,2,
mm,mm,full,fidelity,False,True,16,iid,0.1,0,s053,5,13.25,5.760869565217389,2.0,44.5,56,48,47,1,6,0,0.94,15.8984375,52,3,36,0,1,4070,256,16,1,1,49.6875,1,
mm,mm,full,fidelity,False,True,16,iid,0.1,0,s053,6,15.750000000000004,2.1739130434782594,4.0,43.5,56,47,45,2,6,0,0.9,15.9765625,51,4,35,0,0,4090,256,16,1,1,55.125,0,
mm,mm,full,fidelity,False,True,16,iid,0.1,0,s053,7,15.000000000000002,2.5,4.0,43.5,56,45,43,2,6,0,0.86,16.0,51,5,29,0,1,4096,256,16,1,1,63.4375,1,
mm,mm,full,fidelity,False,True,16,iid,0.1,0,s053,8,11.5,3.423913043478259,8.0,37.5,56,45,45,0,6,0,0.9,16.0,47,1,35,0,1,4096,256,16,1,1,69.125,1,56.00000000000001
mm,mm,full,fidelity,False,True,16,iid,0.1,1,s053,2,20.25,5.760869565217389,6.0,48.5,56,40,39,1,6,0,0.78,16.0,51,11,36,0,0,4096,256,16,1,16,83.125,0,
mm,mm,full,fidelity,False,True,16,iid,0.1,1,s053,3,18.250000000000004,3.423913043478259,10.0,44.5,56,41,41,0,6,0,0.82,15.80078125,47,5,36,0,1,4045,256,16,1,2,27.125,0,
mm,mm,full,fidelity,False,True,16,iid,0.1,1,s053,4,16.500000000000004,4.67391304347826,6.0,34.5,56,43,42,1,6,0,0.84,16.0,48,5,34,0,0,4096,256,16,1,1,60.375,0,
mm,mm,full,fidelity,False,True,16,iid,0.1,1,s053,5,14.750000000000002,2.33695652173913,0.0,40.5,56,49,47,2,6,0,0.94,15.87890625,53,4,42,0,0,4065,256,16,1,1,38.25,1,
mm,mm,full,fidelity,False,True,16,iid,0.1,1,s053,6,11.5,5.760869565217389,4.0,43.0,56,45,44,1,6,0,0.88,15.9921875,52,7,42,0,0,4094,256,16,1,1,50.75,0,
mm,mm,full,fidelity,False,True,16,iid,0.1,1,s053,7,15.500000000000004,8.260869565217389,4.0,39.5,56,45,42,3,6,0,0.84,16.0,51,6,39,0,0,4096,256,16,1,1,62.9375,2,
mm,mm,full,fidelity,False,True,16,iid,0.1,1,s053,8,13.750000000000002,5.923913043478259,6.0,43.5,56,45,44,1,6,0,0.88,15.90234375,48,3,41,0,0,4071,256,16,1,1,60.875,2,28.000000000000004
mm,mm,full,fidelity,False,True,16,iid,0.1,2,s053,2,20.0,11.684782608695654,6.0,62.5,56,43,42,1,6,0,0.84,16.0,50,7,35,0,0,4096,256,16,1,16,83.5625,0,
mm,mm,full,fidelity,False,True,16,iid,0.1,2,s053,3,14.250000000000002,2.33695652173913,8.0,40.5,56,44,43,1,6,0,0.86,15.828125,49,3,32,0,2,4052,256,16,1,1,22.75,0,
mm,mm,full,fidelity,False,True,16,iid,0.1,2,s053,4,15.500000000000004,2.33695652173913,6.0,38.5,56,43,42,1,6,0,0.84,16.0,49,6,35,0,0,4096,256,16,1,1,56.625,1,
mm,mm,full,fidelity,False,True,16,iid,0.1,2,s053,5,11.75,2.33695652173913,0.0,42.5,56,50,49,1,6,0,0.98,16.0,53,3,42,0,0,4096,256,16,1,1,38.0,1,
mm,mm,full,fidelity,False,True,16,iid,0.1,2,s053,6,14.000000000000002,2.33695652173913,2.0,38.0,56,45,45,0,6,0,0.9,16.0,51,6,38,0,0,4096,256,16,1,1,49.0625,0,
mm,mm,full,fidelity,False,True,16,iid,0.1,2,s053,7,15.500000000000004,10.434782608695654,6.0,47.5,56,45,45,0,6,0,0.9,16.0,50,4,41,0,1,4096,256,16,1,1,58.9375,0,
mm,mm,full,fidelity,False,True,16,iid,0.1,2,s053,8,15.000000000000002,7.01086956521739,12.0,44.5,56,42,42,0,6,0,0.84,16.0,47,4,37,0,1,4096,256,16,1,1,58.1875,0,6.0
static,static,none,fidelity,False,True,16,iid,0.1,0,s054,2,14.000000000000002,8.097826086956525,2.0,82.5,56,0,0,0,6,0,0.0,29.0,0,0,0,0,0,7424,256,50,0,50,81.5,0,
static,static,none,fidelity,False,True,16,iid,0.1,0,s054,3,18.500000000000004,1.25,0.0,85.5,56,0,0,0,6,0,0.0,29.0,0,0,0,0,0,7424,256,50,0,50,137.5,0,
static,static,none,fidelity,False,True,16,iid,0.1,0,s054,4,31.499999999999996,21.03260869565217,2.0,90.5,56,0,0,0,6,0,0.0,29.0,0,0,0,0,0,7424,256,50,0,50,193.5,0,
static,static,none,fidelity,False,True,16,iid,0.1,0,s054,5,38.25,35.97826086956522,2.0,90.0,56,0,0,0,6,0,0.0,29.0,0,0,0,0,0,7424,256,50,0,50,249.5,0,
static,static,none,fidelity,False,True,16,iid,0.1,0,s054,6,24.75,25.543478260869566,4.0,88.5,56,0,0,0,6,0,0.0,29.0,0,0,0,0,0,7424,256,50,0,50,305.5,0,
static,static,none,fidelity,False,True,16,iid,0.1,0,s054,7,46.25,39.56521739130434,0.0,89.0,56,0,0,0,6,0,0.0,29.0,0,0,0,0,0,7424,256,50,0,50,361.5,0,
static,static,none,fidelity,False,True,16,iid,0.1,0,s054,8,54.25,65.10869565217392,2.0,88.5,56,0,0,0,6,0,0.0,29.0,0,0,0,0,0,7424,256,50,0,50,417.5,0,36.0
static,static,none,fidelity,False,True,16,iid,0.1,1,s054,2,15.750000000000004,4.67391304347826,2.0,83.0,56,0,0,0,6,0,0.0,30.0,0,0,0,0,0,7680,256,50,0,50,81.5,0,
static,static,none,fidelity,False,True,16,iid,0.1,1,s054,3,19.000000000000004,0.0,0.0,83.0,56,0,0,0,6,0,0.0,30.0,0,0,0,0,0,7680,256,50,0,50,137.5,0,
static,static,none,fidelity,False,True,16,iid,0.1,1,s054,4,31.25,19.78260869565217,2.0,82.5,56,0,0,0,6,0,0.0,30.0,0,0,0,0,0,7680,256,50,0,50,193.5,0,
static,static,none,fidelity,False,True,16,iid,0.1,1,s054,5,38.25,30.217391304347828,2.0,89.0,56,0,0,0,6,0,0.0,30.0,0,0,0,0,0,7680,256,50,0,50,249.5,0,
static,static,none,fidelity,False,True,16,iid,0.1,1,s054,6,26.25,19.78260869565217,6.0,84.0,56,0,0,0,6,0,0.0,30.0,0,0,0,0,0,7680,256,50,0,50,305.5,0,
static,static,none,fidelity,False,True,16,iid,0.1,1,s054,7,47.5,39.56521739130434,0.0,88.5,56,0,0,0,6,0,0.0,30.0,0,0,0,0,0,7680,256,50,0,50,361.5,0,
static,static,none,fidelity,False,True,16,iid,0.1,1,s054,8,51.5,57.01086956521739,4.0,88.5,56,0,0,0,6,0,0.0,30.0,0,0,0,0,0,7680,256,50,0,50,417.5,0,92.0
static,static,none,fidelity,False,True,16,iid,0.1,2,s054,2,13.5,3.58695652173913,2.0,89.0,56,0,0,0,6,0,0.0,29.0,0,0,0,0,0,7424,256,50,0,50,81.5,0,
static,static,none,fidelity,False,True,16,iid,0.1,2,s054,3,16.000000000000004,2.33695652173913,0.0,90.5,56,0,0,0,6,0,0.0,29.0,0,0,0,0,0,7424,256,50,0,50,137.5,0,
static,static,none,fidelity,False,True,16,iid,0.1,2,s054,4,32.49999999999999,24.456521739130437,0.0,89.5,56,0,0,0,6,0,0.0,29.0,0,0,0,0,0,7424,256,50,0,50,193.5,0,
static,static,none,fidelity,False,True,16,iid,0.1,2,s054,5,42.25,37.22826086956522,2.0,91.5,56,0,0,0,6,0,0.0,29.0,0,0,0,0,0,7424,256,50,0,50,249.5,0,
static,static,none,fidelity,False,True,16,iid,0.1,2,s054,6,26.0,16.195652173913043,4.0,92.5,56,0,0,0,6,0,0.0,29.0,0,0,0,0,0,7424,256,50,0,50,305.5,0,
static,static,none,fidelity,False,True,16,iid,0.1,2,s054,7,46.0,44.07608695652174,0.0,91.0,56,0,0,0,6,0,0.0,29.0,0,0,0,0,0,7424,256,50,0,50,361.5,0,
static,static,none,fidelity,False,True,16,iid,0.1,2,s054,8,54.0,55.92391304347826,2.0,89.0,56,0,0,0,6,0,0.0,29.0,0,0,0,0,0,7424,256,50,0,50,417.5,0,100.0
naive,naive,none,fidelity,False,True,16,iid,0.1,0,s054,2,13.0,4.67391304347826,2.0,86.0,56,54,49,5,6,0,0.98,36.375,0,0,0,0,0,9312,256,104,0,50,53.58653846153846,5,
naive,naive,none,fidelity,False,True,16,iid,0.1,0,s054,3,16.500000000000004,2.5,0.0,94.5,56,56,50,6,6,0,1.0,52.6875,0,0,0,0,0,13488,256,160,0,50,80.85625,11,
naive,naive,none,fidelity,False,True,16,iid,0.1,0,s054,4,27.500000000000004,27.8804347826087,0.0,98.5,56,56,50,6,6,0,1.0,72.5234375,0,0,0,0,0,18566,256,216,0,50,108.50462962962963,17,
naive,naive,none,fidelity,False,True,16,iid,0.1,0,s054,5,21.5,15.108695652173914,0.0,100.0,56,56,50,6,6,0,1.0,88.2109375,0,0,0,0,0,22582,256,272,0,50,136.29779411764707,23,
naive,naive,none,fidelity,False,True,16,iid,0.1,0,s054,6,19.75,10.434782608695654,0.0,100.0,56,56,50,6,6,0,1.0,102.65625,0,0,0,0,0,26280,256,328,0,50,164.16158536585365,29,
naive,naive,none,fidelity,False,True,16,iid,0.1,0,s054,7,24.0,21.956521739130437,0.0,99.0,56,56,50,6,6,0,1.0,115.23828125,0,0,0,0,0,29501,256,384,0,50,192.06510416666663,35,
naive,naive,none,fidelity,False,True,16,iid,0.1,0,s054,8,20.25,15.108695652173914,0.0,100.0,56,56,50,6,6,0,1.0,121.84765625,0,0,0,0,0,31193,256,440,0,50,219.99318181818185,41,100.0
naive,naive,none,fidelity,False,True,16,iid,0.1,1,s054,2,13.750000000000002,1.25,2.0,88.0,56,53,49,4,6,0,0.98,38.6484375,0,0,0,0,0,9894,256,103,0,50,54.02912621359224,4,
naive,naive,none,fidelity,False,True,16,iid,0.1,1,s054,3,16.250000000000004,4.67391304347826,0.0,95.5,56,56,50,6,6,0,1.0,50.3125,0,0,0,0,0,12880,256,159,0,50,80.9622641509434,10,
naive,naive,none,fidelity,False,True,16,iid,0.1,1,s054,4,29.500000000000004,22.1195652173913,0.0,95.0,56,56,50,6,6,0,1.0,72.03515625,0,0,0,0,0,18441,256,215,0,50,108.45116279069768,16,
naive,naive,none,fidelity,False,True,16,iid,0.1,1,s054,5,23.75,11.847826086956523,0.0,99.0,56,56,50,6,6,0,1.0,89.7265625,0,0,0,0,0,22970,256,271,0,50,136.15129151291512,22,
naive,naive,none,fidelity,False,True,16,iid,0.1,1,s054,6,20.5,10.434782608695654,0.0,100.0,56,56,50,6,6,0,1.0,101.3984375,0,0,0,0,0,25958,256,327,0,50,163.954128440367,28,
naive,naive,none,fidelity,False,True,16,iid,0.1,1,s054,7,25.75,19.78260869565217,0.0,100.0,56,56,50,6,6,0,1.0,110.17578125,0,0,0,0,0,28205,256,383,0,50,191.81462140992167,34,
naive,naive,none,fidelity,False,True,16,iid,0.1,1,s054,8,22.5,18.53260869565217,0.0,100.0,56,56,50,6,6,0,1.0,118.328125,0,0,0,0,0,30292,256,439,0,50,219.71070615034168,40,100.0
naive,naive,none,fidelity,False,True,16,iid,0.1,2,s054,2,14.750000000000002,3.58695652173913,2.0,94.0,56,55,49,6,6,0,0.98,37.50390625,0,0,0,0,0,9601,256,105,0,50,53.41904761904762,6,
naive,naive,none,fidelity,False,True,16,iid,0.1,2,s054,3,18.250000000000004,5.923913043478259,0.0,97.5,56,55,50,5,6,0,1.0,51.921875,0,0,0,0,0,13292,256,160,0,50,81.1625,11,
naive,naive,none,fidelity,False,True,16,iid,0.1,2,s054,4,27.750000000000004,18.695652173913043,0.0,99.5,56,56,50,6,6,0,1.0,70.6640625,0,0,0,0,0,18090,256,216,0,50,108.73148148148148,17,
naive,naive,none,fidelity,False,True,16,iid,0.1,2,s054,5,30.000000000000004,17.445652173913043,0.0,100.0,56,56,50,6,6,0,1.0,87.5625,0,0,0,0,0,22416,256,272,0,50,136.47794117647058,23,
naive,naive,none,fidelity,False,True,16,iid,0.1,2,s054,6,19.5,15.108695652173914,0.0,100.0,56,56,50,6,6,0,1.0,99.05078125,0,0,0,0,0,25357,256,328,0,50,164.3109756097561,29,
naive,naive,none,fidelity,False,True,16,iid,0.1,2,s054,7,27.500000000000004,20.869565217391305,0.0,100.0,56,56,50,6,6,0,1.0,113.4140625,0,0,0,0,0,29034,256,384,0,50,192.19270833333331,35,
naive,naive,none,fidelity,False,True,16,iid,0.1,2,s054,8,23.5,17.445652173913043,0.0,100.0,56,56,50,6,6,0,1.0,123.9921875,0,0,0,0,0,31742,256,440,0,50,220.10454545454544,41,100.0
window,window,none,fidelity,False,True,16,iid,0.1,0,s054,2,16.250000000000004,1.25,6.0,52.0,56,48,47,1,6,0,0.94,9.78515625,0,0,0,0,0,2505,256,16,0,0,9.9375,0,
window,window,none,fidelity,False,True,16,iid,0.1,0,s054,3,16.250000000000004,2.5,6.0,48.0,56,50,47,3,6,0,0.94,9.79296875,0,0,0,0,0,2507,256,16,0,0,8.4375,1,
window,window,none,fidelity,False,True,16,iid,0.1,0,s054,4,25.5,16.358695652173914,8.0,68.0,56,49,46,3,6,0,0.92,12.72265625,0,0,0,0,0,3257,256,16,0,0,8.75,0,
window,window,none,fidelity,False,True,16,iid,0.1,0,s054,5,23.25,16.195652173913043,16.0,51.0,56,44,42,2,6,0,0.84,10.33984375,0,0,0,0,0,2647,256,16,0,0,10.375,0,
window,window,none,fidelity,False,True,16,iid,0.1,0,s054,6,24.0,9.347826086956523,14.000000000000002,65.0,56,46,43,3,6,0,0.86,10.21875,0,0,0,0,0,2616,256,16,0,0,9.9375,1,
window,window,none,fidelity,False,True,16,iid,0.1,0,s054,7,14.500000000000002,2.33695652173913,6.0,61.5,56,51,47,4,6,0,0.94,10.19921875,0,0,0,0,0,2611,256,16,0,0,8.125,2,
window,window,none,fidelity,False,True,16,iid,0.1,0,s054,8,12.5,0.0,0.0,45.0,56,53,50,3,6,0,1.0,8.9296875,0,0,0,0,0,2286,256,16,0,0,7.5625,0,52.0
window,window,none,fidelity,False,True,16,iid,0.1,1,s054,2,15.500000000000004,2.33695652173913,6.0,53.0,56,49,47,2,6,0,0.94,10.08203125,0,0,0,0,0,2581,256,16,0,0,8.1875,0,
window,window,none,fidelity,False,True,16,iid,0.1,1,s054,3,14.250000000000002,1.25,6.0,43.0,56,50,47,3,6,0,0.94,9.62890625,0,0,0,0,0,2465,256,16,0,0,8.375,2,
window,window,none,fidelity,False,True,16,iid,0.1,1,s054,4,22.75,11.684782608695654,8.0,58.5,56,50,46,4,6,0,0.92,12.77734375,0,0,0,0,0,3271,256,16,0,0,8.4375,1,
window,window,none,fidelity,False,True,16,iid,0.1,1,s054,5,26.75,12.771739130434783,18.0,51.5,56,41,41,0,6,0,0.82,9.96484375,0,0,0,0,0,2551,256,16,0,0,9.6875,0,
window,window,none,fidelity,False,True,16,iid,0.1,1,s054,6,23.75,14.021739130434783,18.0,54.0,56,43,41,2,6,0,0.82,10.09765625,0,0,0,0,0,2585,256,16,0,0,12.6875,1,
window,window,none,fidelity,False,True,16,iid,0.1,1,s054,7,19.25,4.67391304347826,10.0,59.0,56,50,45,5,6,0,0.9,10.234375,0,0,0,0,0,2620,256,16,0,0,7.5625,2,
window,window,none,fidelity,False,True,16,iid,0.1,1,s054,8,16.0,2.5,0.0,44.5,56,52,50,2,6,0,1.0,8.73828125,0,0,0,0,0,2237,256,16,0,0,7.875,2,30.0
window,window,none,fidelity,False,True,16,iid,0.1,2,s054,2,14.250000000000002,4.67391304347826,2.0,60.5,56,53,49,4,6,0,0.98,10.86328125,0,0,0,0,0,2781,256,16,0,0,9.125,0,
window,window,none,fidelity,False,True,16,iid,0.1,2,s054,3,18.250000000000004,7.01086956521739,4.0,58.5,56,50,48,2,6,0,0.96,9.9765625,0,0,0,0,0,2554,256,16,0,0,8.1875,1,
window,window,none,fidelity,False,True,16,iid,0.1,2,s054,4,22.5,9.347826086956523,8.0,62.0,56,50,46,4,6,0,0.92,12.29296875,0,0,0,0,0,3147,256,16,0,0,8.3125,1,
window,window,none,fidelity,False,True,16,iid,0.1,2,s054,5,29.75,17.445652173913043,14.000000000000002,62.0,56,48,43,5,6,0,0.86,10.6875,0,0,0,0,0,2736,256,16,0,0,9.375,2,
window,window,none,fidelity,False,True,16,iid,0.1,2,s054,6,23.0,10.434782608695654,14.000000000000002,71.0,56,45,43,2,6,0,0.86,10.39453125,0,0,0,0,0,2661,256,16,0,0,11.75,0,
window,window,none,fidelity,False,True,16,iid,0.1,2,s054,7,14.250000000000002,1.0869565217391297,8.0,60.5,56,49,46,3,6,0,0.92,10.8046875,0,0,0,0,0,2766,256,16,0,0,7.5625,2,
window,window,none,fidelity,False,True,16,iid,0.1,2,s054,8,12.75,7.01086956521739,0.0,55.00000000000001,56,53,50,3,6,0,1.0,8.8046875,0,0,0,0,0,2254,256,16,0,0,8.3125,2,46.0
aeqkad,window,full,fidelity,False,True,16,iid,0.1,0,s054,2,12.0,0.0,6.0,49.5,56,47,47,0,6,0,0.94,9.578125,48,1,11,0,0,2452,256,16,0,0,9.9375,0,
aeqkad,window,full,fidelity,False,True,16,iid,0.1,0,s054,3,14.750000000000002,2.5,6.0,45.0,56,46,44,2,6,0,0.88,9.140625,50,4,3,0,0,2340,256,16,0,0,9.4375,0,
aeqkad,window,full,fidelity,False,True,16,iid,0.1,0,s054,4,26.5,15.108695652173914,8.0,67.5,56,46,44,2,6,0,0.88,11.91796875,49,3,10,0,0,3051,256,16,0,0,8.75,0,
aeqkad,window,full,fidelity,False,True,16,iid,0.1,0,s054,5,27.500000000000004,17.445652173913043,18.0,42.0,56,39,38,1,6,0,0.76,9.796875,43,4,0,0,0,2508,256,16,0,0,12.25,0,
aeqkad,window,full,fidelity,False,True,16,iid,0.1,0,s054,6,34.25,21.956521739130437,20.0,56.99999999999999,56,34,34,0,6,0,0.68,10.03515625,41,7,3,0,0,2569,256,16,0,0,11.0625,0,
aeqkad,window,full,fidelity,False,True,16,iid,0.1,0,s054,7,17.0,11.521739130434783,12.0,56.49999999999999,56,43,41,2,6,0,0.82,9.57421875,48,5,6,0,0,2451,256,16,0,0,8.375,1,
aeqkad,window,full,fidelity,False,True,16,iid,0.1,0,s054,8,11.5,2.33695652173913,0.0,43.5,56,50,48,2,6,0,0.96,8.65234375,53,3,3,0,0,2215,256,16,0,0,8.3125,0,54.0
aeqkad,window,full,fidelity,False,True,16,iid,0.1,1,s054,2,16.500000000000004,4.67391304347826,6.0,53.5,56,48,47,1,6,0,0.94,9.8203125,49,1,0,0,0,2514,256,16,0,0,8.1875,0,
aeqkad,window,full,fidelity,False,True,16,iid,0.1,1,s054,3,15.250000000000002,1.25,6.0,41.5,56,45,44,1,6,0,0.88,8.91796875,49,4,0,0,0,2283,256,16,0,0,11.0625,0,
aeqkad,window,full,fidelity,False,True,16,iid,0.1,1,s054,4,27.500000000000004,11.684782608695654,8.0,55.00000000000001,56,47,44,3,6,0,0.88,12.0,50,3,0,0,0,3072,256,16,0,0,8.4375,1,
aeqkad,window,full,fidelity,False,True,16,iid,0.1,1,s054,5,26.0,17.608695652173914,18.0,43.0,56,37,37,0,6,0,0.74,9.5703125,41,4,0,0,0,2450,256,16,0,0,11.5,0,
aeqkad,window,full,fidelity,False,True,16,iid,0.1,1,s054,6,36.25,23.04347826086957,20.0,50.0,56,33,32,1,6,0,0.64,9.91015625,41,8,0,0,0,2537,256,16,0,0,12.6875,1,
aeqkad,window,full,fidelity,False,True,16,iid,0.1,1,s054,7,23.0,17.445652173913043,18.0,59.0,56,41,39,2,6,0,0.78,10.19921875,46,5,0,0,0,2611,256,16,0,0,8.875,0,
aeqkad,window,full,fidelity,False,True,16,iid,0.1,1,s054,8,15.000000000000002,6.847826086956524,0.0,43.0,56,50,48,2,6,0,0.96,8.078125,52,2,0,0,0,2068,256,16,0,0,8.25,2,30.0
aeqkad,window,full,fidelity,False,True,16,iid,0.1,2,s054,2,13.5,2.33695652173913,4.0,58.5,56,48,47,1,6,0,0.94,9.61328125,52,4,13,0,0,2461,256,16,0,0,9.125,0,
aeqkad,window,full,fidelity,False,True,16,iid,0.1,2,s054,3,19.25,4.67391304347826,4.0,53.0,56,45,44,1,6,0,0.88,8.953125,50,5,5,0,0,2292,256,16,0,0,9.75,0,
aeqkad,window,full,fidelity,False,True,16,iid,0.1,2,s054,4,20.5,8.260869565217389,8.0,61.5,56,48,45,3,6,0,0.9,11.5859375,50,2,12,0,0,2966,256,16,0,0,8.3125,1,
aeqkad,window,full,fidelity,False,True,16,iid,0.1,2,s054,5,28.000000000000004,17.282608695652176,14.000000000000002,56.00000000000001,56,39,38,1,6,0,0.76,9.99609375,48,9,1,0,0,2559,256,16,0,0,12.25,0,
aeqkad,window,full,fidelity,False,True,16,iid,0.1,2,s054,6,26.0,15.271739130434783,14.000000000000002,61.0,56,41,41,0,6,0,0.82,9.70703125,44,3,4,0,0,2485,256,16,0,0,11.75,0,
aeqkad,window,full,fidelity,False,True,16,iid,0.1,2,s054,7,23.0,9.021739130434783,14.000000000000002,64.0,56,42,41,1,6,0,0.82,10.4375,47,5,3,0,0,2672,256,16,0,0,9.25,0,
aeqkad,window,full,fidelity,False,True,16,iid,0.1,2,s054,8,15.000000000000002,7.01086956521739,0.0,53.0,56,49,48,1,6,0,0.96,8.20703125,53,4,4,0,0,2101,256,16,0,0,9.5625,1,44.0
mm,mm,full,fidelity,False,True,16,iid,0.1,0,s054,2,18.000000000000004,8.097826086956525,2.0,79.5,56,51,49,2,6,0,0.98,16.0,54,3,16,0,0,4096,256,16,1,14,82.75,0,
mm,mm,full,fidelity,False,True,16,iid,0.1,0,s054,3,15.250000000000002,8.097826086956525,2.0,54.0,56,48,45,3,6,0,0.9,12.96484375,53,5,8,0,0,3319,256,16,1,1,35.25,3,
mm,mm,full,fidelity,False,True,16,iid,0.1,0,s054,4,29.75,25.543478260869566,4.0,80.0,56,49,46,3,6,0,0.92,15.7734375,52,3,16,0,0,4038,256,16,1,1,50.3125,3,
mm,mm,full,fidelity,False,True,16,iid,0.1,0,s054,5,21.75,12.771739130434783,2.0,75.5,56,49,46,3,6,0,0.92,15.953125,52,3,5,0,0,4084,256,16,1,1,53.0,3,
mm,mm,full,fidelity,False,True,16,iid,0.1,0,s054,6,20.5,9.184782608695654,6.0,82.0,56,49,46,3,6,0,0.92,15.81640625,51,2,25,0,0,4049,256,16,1,1,62.5,3,
mm,mm,full,fidelity,False,True,16,iid,0.1,0,s054,7,18.750000000000004,3.58695652173913,4.0,86.0,56,52,47,5,6,0,0.94,15.7734375,54,2,26,0,0,4038,256,16,1,1,60.625,5,
mm,mm,full,fidelity,False,True,16,iid,0.1,0,s054,8,14.000000000000002,3.58695652173913,0.0,78.0,56,53,50,3,6,0,1.0,15.171875,56,3,22,0,0,3884,256,16,1,1,53.0625,4,66.0
mm,mm,full,fidelity,False,True,16,iid,0.1,1,s054,2,20.25,8.097826086956525,2.0,78.5,56,50,49,1,6,0,0.98,16.0,51,1,0,0,0,4096,256,16,1,15,89.3125,0,
mm,mm,full,fidelity,False,True,16,iid,0.1,1,s054,3,16.750000000000004,3.58695652173913,2.0,56.00000000000001,56,45,43,2,6,0,0.86,12.9765625,52,7,0,0,0,3322,256,16,1,1,42.4375,2,
mm,mm,full,fidelity,False,True,16,iid,0.1,1,s054,4,32.0,25.706521739130437,4.0,65.0,56,49,45,4,6,0,0.9,15.28515625,52,3,0,0,0,3913,256,16,1,1,47.75,3,
mm,mm,full,fidelity,False,True,16,iid,0.1,1,s054,5,27.500000000000004,17.445652173913043,2.0,80.0,56,47,46,1,6,0,0.92,15.94921875,52,5,0,0,0,4083,256,16,1,1,57.5625,1,
mm,mm,full,fidelity,False,True,16,iid,0.1,1,s054,6,24.25,9.184782608695654,8.0,74.0,56,50,46,4,6,0,0.92,15.65234375,51,1,2,0,0,4007,256,16,1,1,51.4375,4,
mm,mm,full,fidelity,False,True,16,iid,0.1,1,s054,7,19.5,16.195652173913043,6.0,83.0,56,52,47,5,6,0,0.94,15.55078125,53,1,0,0,0,3981,256,16,1,1,62.3125,6,
mm,mm,full,fidelity,False,True,16,iid,0.1,1,s054,8,20.5,16.195652173913043,0.0,73.0,56,53,49,4,6,0,0.98,14.93359375,55,2,0,0,0,3823,256,16,1,1,51.1875,4,48.0
mm,mm,full,fidelity,False,True,16,iid,0.1,2,s054,2,23.75,12.771739130434783,2.0,91.0,56,52,48,4,6,0,0.96,16.0,55,3,6,0,0,4096,256,16,1,12,72.1875,2,
mm,mm,full,fidelity,False,True,16,iid,0.1,2,s054,3,21.75,10.434782608695654,0.0,85.0,56,50,46,4,6,0,0.92,14.8359375,54,4,16,0,0,3798,256,16,1,1,39.4375,6,
mm,mm,full,fidelity,False,True,16,iid,0.1,2,s054,4,32.49999999999999,18.53260869565217,4.0,90.5,56,51,47,4,6,0,0.94,15.96875,54,3,23,0,0,4088,256,16,1,1,49.1875,2,
mm,mm,full,fidelity,False,True,16,iid,0.1,2,s054,5,30.25,24.456521739130437,2.0,86.5,56,52,47,5,6,0,0.94,16.0,55,3,17,0,0,4096,256,16,1,1,51.6875,4,
mm,mm,full,fidelity,False,True,16,iid,0.1,2,s054,6,22.25,4.83695652173913,4.0,89.0,56,50,46,4,6,0,0.92,15.99609375,53,3,22,0,0,4095,256,16,1,1,56.8125,2,
mm,mm,full,fidelity,False,True,16,iid,0.1,2,s054,7,13.750000000000002,7.01086956521739,4.0,88.5,56,50,47,3,6,0,0.94,15.41015625,53,3,18,0,0,3945,256,16,1,1,59.5,4,
mm,mm,full,fidelity,False,True,16,iid,0.1,2,s054,8,22.25,14.021739130434783,0.0,78.5,56,51,49,2,6,0,0.98,14.296875,54,3,10,0,0,3660,256,16,1,1,49.5625,3,88.0
static,static,none,fidelity,False,True,16,iid,0.1,0,s055,2,11.0,1.25,4.0,56.49999999999999,56,0,0,0,6,0,0.0,40.0,0,0,0,0,0,10240,256,50,0,50,81.5,0,
static,static,none,fidelity,False,True,16,iid,0.1,0,s055,3,15.750000000000004,1.0869565217391297,4.0,58.5,56,0,0,0,6,0,0.0,40.0,0,0,0,0,0,10240,256,50,0,50,137.5,0,
static,static,none,fidelity,False,True,16,iid,0.1,0,s055,4,14.500000000000002,8.260869565217389,8.0,62.0,56,0,0,0,6,0,0.0,40.0,0,0,0,0,0,10240,256,50,0,50,193.5,0,
static,static,none,fidelity,False,True,16,iid,0.1,0,s055,5,16.000000000000004,4.67391304347826,2.0,64.5,56,0,0,0,6,0,0.0,40.0,0,0,0,0,0,10240,256,50,0,50,249.5,0,
static,static,none,fidelity,False,True,16,iid,0.1,0,s055,6,17.500000000000004,13.858695652173914,0.0,67.5,56,0,0,0,6,0,0.0,40.0,0,0,0,0,0,10240,256,50,0,50,305.5,0,
static,static,none,fidelity,False,True,16,iid,0.1,0,s055,7,14.500000000000002,2.5,2.0,67.5,56,0,0,0,6,0,0.0,40.0,0,0,0,0,0,10240,256,50,0,50,361.5,0,
static,static,none,fidelity,False,True,16,iid,0.1,0,s055,8,40.0,34.891304347826086,20.0,69.0,56,0,0,0,6,0,0.0,40.0,0,0,0,0,0,10240,256,50,0,50,417.5,0,62.0
static,static,none,fidelity,False,True,16,iid,0.1,1,s055,2,11.75,3.58695652173913,2.0,73.5,56,0,0,0,6,0,0.0,39.0,0,0,0,0,0,9984,256,50,0,50,81.5,0,
static,static,none,fidelity,False,True,16,iid,0.1,1,s055,3,16.500000000000004,2.33695652173913,2.0,77.5,56,0,0,0,6,0,0.0,39.0,0,0,0,0,0,9984,256,50,0,50,137.5,0,
static,static,none,fidelity,False,True,16,iid,0.1,1,s055,4,16.000000000000004,7.01086956521739,8.0,68.5,56,0,0,0,6,0,0.0,39.0,0,0,0,0,0,9984,256,50,0,50,193.5,0,
static,static,none,fidelity,False,True,16,iid,0.1,1,s055,5,13.5,11.521739130434783,0.0,71.0,56,0,0,0,6,0,0.0,39.0,0,0,0,0,0,9984,256,50,0,50,249.5,0,
static,static,none,fidelity,False,True,16,iid,0.1,1,s055,6,15.500000000000004,16.195652173913043,0.0,76.0,56,0,0,0,6,0,0.0,39.0,0,0,0,0,0,9984,256,50,0,50,305.5,0,
static,static,none,fidelity,False,True,16,iid,0.1,1,s055,7,14.000000000000002,5.760869565217389,2.0,73.5,56,0,0,0,6,0,0.0,39.0,0,0,0,0,0,9984,256,50,0,50,361.5,0,
static,static,none,fidelity,False,True,16,iid,0.1,1,s055,8,37.75,17.77173913043478,18.0,73.5,56,0,0,0,6,0,0.0,39.0,0,0,0,0,0,9984,256,50,0,50,417.5,0,94.0
static,static,none,fidelity,False,True,16,iid,0.1,2,s055,2,9.749999999999998,2.33695652173913,4.0,62.0,56,0,0,0,6,0,0.0,38.0,0,0,0,0,0,9728,256,50,0,50,81.5,0,
static,static,none,fidelity,False,True,16,iid,0.1,2,s055,3,13.750000000000002,3.423913043478259,4.0,59.5,56,0,0,0,6,0,0.0,38.0,0,0,0,0,0,9728,256,50,0,50,137.5,0,
static,static,none,fidelity,False,True,16,iid,0.1,2,s055,4,15.750000000000004,4.67391304347826,8.0,60.0,56,0,0,0,6,0,0.0,38.0,0,0,0,0,0,9728,256,50,0,50,193.5,0,
static,static,none,fidelity,False,True,16,iid,0.1,2,s055,5,17.0,10.434782608695654,4.0,60.5,56,0,0,0,6,0,0.0,38.0,0,0,0,0,0,9728,256,50,0,50,249.5,0,
static,static,none,fidelity,False,True,16,iid,0.1,2,s055,6,19.000000000000004,15.108695652173914,0.0,67.5,56,0,0,0,6,0,0.0,38.0,0,0,0,0,0,9728,256,50,0,50,305.5,0,
static,static,none,fidelity,False,True,16,iid,0.1,2,s055,7,14.500000000000002,2.5,2.0,68.0,56,0,0,0,6,0,0.0,38.0,0,0,0,0,0,9728,256,50,0,50,361.5,0,
static,static,none,fidelity,False,True,16,iid,0.1,2,s055,8,37.75,27.8804347826087,18.0,70.0,56,0,0,0,6,0,0.0,38.0,0,0,0,0,0,9728,256,50,0,50,417.5,0,54.0
naive,naive,none,fidelity,False,True,16,iid,0.1,0,s055,2,11.75,2.33695652173913,2.0,71.5,56,53,49,4,6,0,0.98,53.12109375,0,0,0,0,0,13599,256,103,0,50,53.47572815533981,4,
naive,naive,none,fidelity,False,True,16,iid,0.1,0,s055,3,10.499999999999998,0.0,0.0,89.0,56,56,50,6,6,0,1.0,75.25390625,0,0,0,0,0,19265,256,159,0,50,80.60377358490567,10,
naive,naive,none,fidelity,False,True,16,iid,0.1,0,s055,4,18.25,1.25,0.0,94.0,56,55,50,5,6,0,1.0,95.64453125,0,0,0,0,0,24485,256,214,0,50,108.45327102803738,15,
naive,naive,none,fidelity,False,True,16,iid,0.1,0,s055,5,10.249999999999998,0.0,0.0,99.0,56,56,50,6,6,0,1.0,112.4765625,0,0,0,0,0,28794,256,270,0,50,136.04814814814816,21,
naive,naive,none,fidelity,False,True,16,iid,0.1,0,s055,6,11.75,2.33695652173913,0.0,100.0,56,56,50,6,6,0,1.0,130.7890625,0,0,0,0,0,33482,256,326,0,50,163.78220858895705,27,
naive,naive,none,fidelity,False,True,16,iid,0.1,0,s055,7,7.999999999999999,1.25,0.0,100.0,56,56,50,6,6,0,1.0,147.1015625,0,0,0,0,0,37658,256,382,0,50,191.59424083769636,33,
naive,naive,none,fidelity,False,True,16,iid,0.1,0,s055,8,19.5,4.67391304347826,0.0,100.0,56,56,50,6,6,0,1.0,166.91015625,0,0,0,0,0,42729,256,438,0,50,219.4543378995434,39,100.0
naive,naive,none,fidelity,False,True,16,iid,0.1,1,s055,2,14.500000000000002,8.097826086956525,2.0,82.0,56,53,49,4,6,0,0.98,51.63671875,0,0,0,0,0,13219,256,103,0,50,53.737864077669904,4,
naive,naive,none,fidelity,False,True,16,iid,0.1,1,s055,3,14.000000000000002,0.0,0.0,95.5,56,56,50,6,6,0,1.0,75.38671875,0,0,0,0,0,19299,256,159,0,50,80.77358490566037,10,
naive,naive,none,fidelity,False,True,16,iid,0.1,1,s055,4,18.000000000000004,4.67391304347826,0.0,97.0,56,55,50,5,6,0,1.0,97.4765625,0,0,0,0,0,24954,256,214,0,50,108.59345794392524,15,
naive,naive,none,fidelity,False,True,16,iid,0.1,1,s055,5,10.0,2.33695652173913,0.0,99.5,56,56,50,6,6,0,1.0,115.3125,0,0,0,0,0,29520,256,270,0,50,136.15925925925927,21,
naive,naive,none,fidelity,False,True,16,iid,0.1,1,s055,6,8.249999999999998,2.33695652173913,0.0,100.0,56,56,50,6,6,0,1.0,134.8125,0,0,0,0,0,34512,256,326,0,50,163.87423312883436,27,
naive,naive,none,fidelity,False,True,16,iid,0.1,1,s055,7,8.749999999999998,0.0,0.0,100.0,56,56,50,6,6,0,1.0,149.38671875,0,0,0,0,0,38243,256,382,0,50,191.67277486911,33,
naive,naive,none,fidelity,False,True,16,iid,0.1,1,s055,8,15.750000000000004,5.760869565217389,0.0,100.0,56,56,50,6,6,0,1.0,167.71875,0,0,0,0,0,42936,256,438,0,50,219.52283105022832,39,100.0
naive,naive,none,fidelity,False,True,16,iid,0.1,2,s055,2,13.5,1.0869565217391297,4.0,72.5,56,51,48,3,6,0,0.96,51.875,0,0,0,0,0,13280,256,101,0,50,54.21782178217822,3,
naive,naive,none,fidelity,False,True,16,iid,0.1,2,s055,3,12.25,0.0,0.0,84.0,56,56,50,6,6,0,1.0,73.34375,0,0,0,0,0,18776,256,157,0,50,80.71337579617834,9,
naive,naive,none,fidelity,False,True,16,iid,0.1,2,s055,4,16.000000000000004,3.423913043478259,0.0,96.0,56,55,50,5,6,0,1.0,94.83203125,0,0,0,0,0,24277,256,212,0,50,108.41509433962264,14,
naive,naive,none,fidelity,False,True,16,iid,0.1,2,s055,5,11.75,0.0,0.0,99.5,56,56,50,6,6,0,1.0,112.52734375,0,0,0,0,0,28807,256,268,0,50,135.80597014925374,20,
naive,naive,none,fidelity,False,True,16,iid,0.1,2,s055,6,7.749999999999998,3.423913043478259,0.0,100.0,56,56,50,6,6,0,1.0,130.4609375,0,0,0,0,0,33398,256,324,0,50,163.40740740740742,26,
naive,naive,none,fidelity,False,True,16,iid,0.1,2,s055,7,7.999999999999999,1.25,0.0,100.0,56,56,50,6,6,0,1.0,147.03515625,0,0,0,0,0,37641,256,380,0,50,191.1263157894737,32,
naive,naive,none,fidelity,False,True,16,iid,0.1,2,s055,8,19.5,4.67391304347826,0.0,100.0,56,56,50,6,6,0,1.0,165.43359375,0,0,0,0,0,42351,256,436,0,50,218.91743119266056,38,100.0
window,window,none,fidelity,False,True,16,iid,0.1,0,s055,2,10.0,1.25,4.0,31.0,56,50,48,2,6,0,0.96,13.5703125,0,0,0,0,0,3474,256,16,0,0,8.25,0,
window,window,none,fidelity,False,True,16,iid,0.1,0,s055,3,8.249999999999998,4.67391304347826,8.0,18.0,56,48,46,2,6,0,0.92,12.94921875,0,0,0,0,0,3315,256,16,0,0,8.375,1,
window,window,none,fidelity,False,True,16,iid,0.1,0,s055,4,14.000000000000002,1.25,10.0,30.5,56,47,45,2,6,0,0.9,12.8359375,0,0,0,0,0,3286,256,16,0,0,9.9375,0,
window,window,none,fidelity,False,True,16,iid,0.1,0,s055,5,8.249999999999998,0.0,4.0,26.5,56,48,48,0,6,0,0.96,12.08203125,0,0,0,0,0,3093,256,16,0,0,9.0625,0,
window,window,none,fidelity,False,True,16,iid,0.1,0,s055,6,7.499999999999998,0.0,0.0,28.5,56,51,50,1,6,0,1.0,13.00390625,0,0,0,0,0,3329,256,16,0,0,7.5,0,
window,window,none,fidelity,False,True,16,iid,0.1,0,s055,7,7.500000000000003,0.0,4.0,25.0,56,49,48,1,6,0,0.96,11.578125,0,0,0,0,0,2964,256,16,0,0,9.0625,0,
window,window,none,fidelity,False,True,16,iid,0.1,0,s055,8,12.25,0.0,14.000000000000002,21.5,56,45,43,2,6,0,0.86,13.265625,0,0,0,0,0,3396,256,16,0,0,8.5,1,14.000000000000002
window,window,none,fidelity,False,True,16,iid,0.1,1,s055,2,16.500000000000004,2.33695652173913,4.0,39.0,56,51,48,3,6,0,0.96,13.86328125,0,0,0,0,0,3549,256,16,0,0,8.5,1,
window,window,none,fidelity,False,True,16,iid,0.1,1,s055,3,8.75,3.423913043478259,8.0,23.5,56,46,46,0,6,0,0.92,12.5625,0,0,0,0,0,3216,256,16,0,0,8.125,0,
window,window,none,fidelity,False,True,16,iid,0.1,1,s055,4,12.0,0.0,10.0,33.5,56,46,45,1,6,0,0.9,12.7109375,0,0,0,0,0,3254,256,16,0,0,10.0625,1,
window,window,none,fidelity,False,True,16,iid,0.1,1,s055,5,6.749999999999997,0.0,4.0,19.5,56,49,48,1,6,0,0.96,12.40234375,0,0,0,0,0,3175,256,16,0,0,8.0,0,
window,window,none,fidelity,False,True,16,iid,0.1,1,s055,6,8.999999999999998,0.0,0.0,34.0,56,52,50,2,6,0,1.0,12.8515625,0,0,0,0,0,3290,256,16,0,0,7.875,1,
window,window,none,fidelity,False,True,16,iid,0.1,1,s055,7,4.250000000000003,0.0,2.0,28.5,56,53,49,4,6,0,0.98,11.99609375,0,0,0,0,0,3071,256,16,0,0,7.5,0,
window,window,none,fidelity,False,True,16,iid,0.1,1,s055,8,10.249999999999998,0.0,8.0,19.5,56,46,46,0,6,0,0.92,13.62109375,0,0,0,0,0,3487,256,16,0,0,8.625,0,46.0
window,window,none,fidelity,False,True,16,iid,0.1,2,s055,2,12.0,2.33695652173913,4.0,41.0,56,52,48,4,6,0,0.96,13.58984375,0,0,0,0,0,3479,256,16,0,0,8.1875,0,
window,window,none,fidelity,False,True,16,iid,0.1,2,s055,3,7.249999999999998,3.423913043478259,10.0,25.5,56,47,45,2,6,0,0.9,12.953125,0,0,0,0,0,3316,256,16,0,0,7.6875,0,
window,window,none,fidelity,False,True,16,iid,0.1,2,s055,4,10.0,0.0,8.0,31.5,56,47,46,1,6,0,0.92,12.61328125,0,0,0,0,0,3229,256,16,0,0,9.8125,0,
window,window,none,fidelity,False,True,16,iid,0.1,2,s055,5,6.999999999999998,0.0,4.0,25.5,56,48,48,0,6,0,0.96,12.234375,0,0,0,0,0,3132,256,16,0,0,8.25,0,
window,window,none,fidelity,False,True,16,iid,0.1,2,s055,6,8.999999999999998,1.25,0.0,38.0,56,52,50,2,6,0,1.0,12.78125,0,0,0,0,0,3272,256,16,0,0,8.1875,0,
window,window,none,fidelity,False,True,16,iid,0.1,2,s055,7,8.000000000000004,0.0,4.0,31.0,56,51,48,3,6,0,0.96,11.76171875,0,0,0,0,0,3011,256,16,0,0,8.8125,0,
window,window,none,fidelity,False,True,16,iid,0.1,2,s055,8,13.25,0.0,12.0,29.5,56,46,44,2,6,0,0.88,13.15234375,0,0,0,0,0,3367,256,16,0,0,7.6875,0,42.0
aeqkad,window,full,fidelity,False,True,16,iid,0.1,0,s055,2,12.25,2.33695652173913,4.0,29.5,56,42,42,0,6,0,0.84,13.03125,50,8,0,0,0,3336,256,16,0,0,8.25,0,
aeqkad,window,full,fidelity,False,True,16,iid,0.1,0,s055,3,11.5,4.67391304347826,12.0,16.0,56,42,41,1,6,0,0.82,12.15234375,46,4,0,0,0,3111,256,16,0,0,9.0,0,
aeqkad,window,full,fidelity,False,True,16,iid,0.1,0,s055,4,12.5,2.33695652173913,14.000000000000002,24.5,56,36,36,0,6,0,0.72,11.421875,44,7,0,0,1,2924,256,16,0,0,12.25,0,
aeqkad,window,full,fidelity,False,True,16,iid,0.1,0,s055,5,5.250000000000003,0.0,4.0,23.0,56,42,42,0,6,0,0.84,11.4296875,48,6,0,0,0,2926,256,16,0,0,11.875,0,
aeqkad,window,full,fidelity,False,True,16,iid,0.1,0,s055,6,6.250000000000003,0.0,0.0,30.0,56,46,46,0,6,0,0.92,12.2578125,51,5,0,0,0,3138,256,16,0,0,8.375,0,
aeqkad,window,full,fidelity,False,True,16,iid,0.1,0,s055,7,7.2500000000000036,0.0,4.0,22.5,56,47,47,0,6,0,0.94,11.23046875,49,2,0,0,0,2875,256,16,0,0,9.0625,0,
aeqkad,window,full,fidelity,False,True,16,iid,0.1,0,s055,8,15.000000000000002,0.0,14.000000000000002,16.0,56,35,35,0,6,0,0.7,12.03515625,45,10,0,0,0,3081,256,16,0,0,13.25,0,0.0
aeqkad,window,full,fidelity,False,True,16,iid,0.1,1,s055,2,16.250000000000004,3.58695652173913,6.0,37.0,56,42,41,1,6,0,0.82,12.53125,49,7,0,0,0,3208,256,16,0,0,8.8125,0,
aeqkad,window,full,fidelity,False,True,16,iid,0.1,1,s055,3,15.000000000000002,3.423913043478259,12.0,22.0,56,41,41,0,6,0,0.82,12.17578125,44,3,0,0,0,3117,256,16,0,0,8.125,0,
aeqkad,window,full,fidelity,False,True,16,iid,0.1,1,s055,4,12.000000000000002,2.33695652173913,14.000000000000002,30.5,56,36,36,0,6,0,0.72,11.27734375,44,7,0,0,1,2887,256,16,0,0,12.75,0,
aeqkad,window,full,fidelity,False,True,16,iid,0.1,1,s055,5,6.749999999999997,0.0,4.0,18.0,56,45,44,1,6,0,0.88,11.74609375,49,4,0,0,0,3007,256,16,0,0,10.75,0,
aeqkad,window,full,fidelity,False,True,16,iid,0.1,1,s055,6,5.250000000000003,0.0,0.0,28.5,56,47,47,0,6,0,0.94,12.23828125,52,5,0,0,0,3133,256,16,0,0,9.0,0,
aeqkad,window,full,fidelity,False,True,16,iid,0.1,1,s055,7,7.500000000000003,0.0,4.0,26.0,56,47,47,0,6,0,0.94,11.109375,50,3,0,0,0,2844,256,16,0,0,7.875,0,
aeqkad,window,full,fidelity,False,True,16,iid,0.1,1,s055,8,18.000000000000004,0.0,18.0,16.5,56,35,35,0,6,0,0.7,12.30078125,41,6,0,0,0,3149,256,16,0,0,12.875,0,28.000000000000004
aeqkad,window,full,fidelity,False,True,16,iid,0.1,2,s055,2,11.249999999999998,0.0,4.0,39.5,56,43,42,1,6,0,0.84,13.1953125,52,9,0,0,0,3378,256,16,0,0,8.1875,0,
aeqkad,window,full,fidelity,False,True,16,iid,0.1,2,s055,3,7.999999999999999,3.423913043478259,6.0,23.5,56,43,43,0,6,0,0.86,12.2578125,48,5,0,0,0,3138,256,16,0,0,7.6875,0,
aeqkad,window,full,fidelity,False,True,16,iid,0.1,2,s055,4,11.000000000000002,0.0,14.000000000000002,26.0,56,36,36,0,6,0,0.72,11.51171875,44,7,0,0,1,2947,256,16,0,0,12.5,0,
aeqkad,window,full,fidelity,False,True,16,iid,0.1,2,s055,5,8.249999999999998,0.0,4.0,23.0,56,43,43,0,6,0,0.86,11.6953125,48,5,0,0,0,2994,256,16,0,0,10.8125,0,
aeqkad,window,full,fidelity,False,True,16,iid,0.1,2,s055,6,5.250000000000003,0.0,0.0,31.5,56,46,46,0,6,0,0.92,12.15625,52,6,0,0,0,3112,256,16,0,0,9.125,0,
aeqkad,window,full,fidelity,False,True,16,iid,0.1,2,s055,7,7.750000000000003,0.0,4.0,29.0,56,47,47,0,6,0,0.94,11.21875,51,4,0,0,0,2872,256,16,0,0,8.8125,0,
aeqkad,window,full,fidelity,False,True,16,iid,0.1,2,s055,8,18.500000000000004,2.33695652173913,12.0,25.0,56,37,37,0,6,0,0.74,12.29296875,45,8,0,0,0,3147,256,16,0,0,11.5,0,18.0
mm,mm,full,fidelity,False,True,16,iid,0.1,0,s055,2,13.25,3.58695652173913,4.0,58.5,56,40,40,0,6,0,0.8,16.0,52,12,0,0,0,4096,256,16,1,16,86.375,0,
mm,mm,full,fidelity,False,True,16,iid,0.1,0,s055,3,12.0,1.25,0.0,39.5,56,46,44,2,6,0,0.88,15.953125,54,8,0,0,0,4084,256,16,1,1,23.25,2,
mm,mm,full,fidelity,False,True,16,iid,0.1,0,s055,4,16.500000000000004,2.33695652173913,10.0,36.5,56,41,41,0,6,0,0.82,15.9921875,48,6,0,0,1,4094,256,16,1,1,46.5,0,
mm,mm,full,fidelity,False,True,16,iid,0.1,0,s055,5,10.249999999999998,0.0,2.0,41.5,56,43,43,0,6,0,0.86,16.0,51,8,0,0,0,4096,256,16,1,1,63.25,0,
mm,mm,full,fidelity,False,True,16,iid,0.1,0,s055,6,3.7500000000000018,0.0,0.0,38.5,56,49,49,0,6,0,0.98,16.0,53,3,0,0,1,4096,256,16,1,1,45.625,0,
mm,mm,full,fidelity,False,True,16,iid,0.1,0,s055,7,3.750000000000002,0.0,2.0,38.0,56,47,47,0,6,0,0.94,15.953125,50,3,0,0,0,4084,256,16,1,1,63.9375,0,
mm,mm,full,fidelity,False,True,16,iid,0.1,0,s055,8,17.750000000000004,3.423913043478259,12.0,31.5,56,36,36,0,6,0,0.72,15.9296875,47,10,0,0,1,4078,256,16,1,1,56.3125,0,0.0
mm,mm,full,fidelity,False,True,16,iid,0.1,1,s055,2,14.500000000000002,3.423913043478259,4.0,69.0,56,43,41,2,6,0,0.82,16.0,51,8,0,0,0,4096,256,16,1,15,81.5,0,
mm,mm,full,fidelity,False,True,16,iid,0.1,1,s055,3,4.500000000000003,0.0,4.0,46.0,56,47,47,0,6,0,0.94,15.92578125,49,2,0,0,0,4077,256,16,1,1,27.5,0,
mm,mm,full,fidelity,False,True,16,iid,0.1,1,s055,4,17.5,0.0,10.0,43.5,56,43,42,1,6,0,0.84,15.921875,47,3,0,0,1,4076,256,16,1,1,47.5625,1,
mm,mm,full,fidelity,False,True,16,iid,0.1,1,s055,5,12.25,0.0,2.0,38.5,56,45,44,1,6,0,0.88,16.0,53,8,0,0,0,4096,256,16,1,1,40.6875,1,
mm,mm,full,fidelity,False,True,16,iid,0.1,1,s055,6,6.000000000000003,0.0,0.0,43.0,56,48,48,0,6,0,0.96,15.8984375,52,4,0,0,0,4070,256,16,1,1,51.0,0,
mm,mm,full,fidelity,False,True,16,iid,0.1,1,s055,7,4.500000000000003,0.0,2.0,38.5,56,46,46,0,6,0,0.92,15.77734375,54,7,0,0,1,4039,256,16,1,1,61.9375,0,
mm,mm,full,fidelity,False,True,16,iid,0.1,1,s055,8,12.25,0.0,4.0,36.0,56,41,41,0,6,0,0.82,15.703125,48,7,0,0,0,4020,256,16,1,1,49.375,0,50.0
mm,mm,full,fidelity,False,True,16,iid,0.1,2,s055,2,12.75,2.33695652173913,4.0,69.5,56,43,42,1,6,0,0.84,16.0,51,8,0,0,0,4096,256,16,1,16,84.625,0,
mm,mm,full,fidelity,False,True,16,iid,0.1,2,s055,3,9.499999999999998,2.33695652173913,2.0,51.5,56,45,45,0,6,0,0.9,15.48046875,52,7,0,0,0,3963,256,16,1,1,25.1875,0,
mm,mm,full,fidelity,False,True,16,iid,0.1,2,s055,4,9.25,0.0,8.0,40.5,56,41,41,0,6,0,0.82,15.94140625,50,7,0,0,2,4081,256,16,1,1,52.875,0,
mm,mm,full,fidelity,False,True,16,iid,0.1,2,s055,5,11.75,0.0,0.0,41.5,56,44,43,1,6,0,0.86,15.92578125,51,7,0,0,0,4077,256,16,1,1,53.625,0,
mm,mm,full,fidelity,False,True,16,iid,0.1,2,s055,6,4.500000000000002,0.0,2.0,44.0,56,49,49,0,6,0,0.98,15.875,51,2,0,0,0,4064,256,16,1,1,55.25,0,
mm,mm,full,fidelity,False,True,16,iid,0.1,2,s055,7,3.750000000000002,0.0,2.0,47.5,56,47,47,0,6,0,0.94,15.5234375,52,4,0,0,1,3974,256,16,1,1,59.5,0,
mm,mm,full,fidelity,False,True,16,iid,0.1,2,s055,8,13.5,0.0,4.0,44.5,56,41,41,0,6,0,0.82,16.0,52,11,0,0,0,4096,256,16,1,1,63.0625,0,22.0
static,static,none,fidelity,False,True,16,iid,0.1,0,s056,2,30.000000000000004,22.1195652173913,2.0,79.5,56,0,0,0,6,0,0.0,37.0,0,0,0,0,0,9472,256,50,0,50,81.5,0,
static,static,none,fidelity,False,True,16,iid,0.1,0,s056,3,23.5,11.847826086956523,0.0,88.5,56,0,0,0,6,0,0.0,37.0,0,0,0,0,0,9472,256,50,0,50,137.5,0,
static,static,none,fidelity,False,True,16,iid,0.1,0,s056,4,29.25,25.380434782608692,2.0,89.5,56,0,0,0,6,0,0.0,37.0,0,0,0,0,0,9472,256,50,0,50,193.5,0,
static,static,none,fidelity,False,True,16,iid,0.1,0,s056,5,36.0,28.967391304347828,2.0,91.5,56,0,0,0,6,0,0.0,37.0,0,0,0,0,0,9472,256,50,0,50,249.5,0,
static,static,none,fidelity,False,True,16,iid,0.1,0,s056,6,25.5,12.771739130434783,2.0,95.0,56,0,0,0,6,0,0.0,37.0,0,0,0,0,0,9472,256,50,0,50,305.5,0,
static,static,none,fidelity,False,True,16,iid,0.1,0,s056,7,28.25,30.05434782608696,6.0,94.0,56,0,0,0,6,0,0.0,37.0,0,0,0,0,0,9472,256,50,0,50,361.5,0,
static,static,none,fidelity,False,True,16,iid,0.1,0,s056,8,24.0,13.695652173913045,2.0,91.0,56,0,0,0,6,0,0.0,37.0,0,0,0,0,0,9472,256,50,0,50,417.5,0,96.0
static,static,none,fidelity,False,True,16,iid,0.1,1,s056,2,30.500000000000004,25.543478260869566,2.0,87.5,56,0,0,0,6,0,0.0,39.0,0,0,0,0,0,9984,256,50,0,50,81.5,0,
static,static,none,fidelity,False,True,16,iid,0.1,1,s056,3,23.5,15.108695652173914,0.0,86.5,56,0,0,0,6,0,0.0,39.0,0,0,0,0,0,9984,256,50,0,50,137.5,0,
static,static,none,fidelity,False,True,16,iid,0.1,1,s056,4,26.25,20.869565217391305,2.0,91.0,56,0,0,0,6,0,0.0,39.0,0,0,0,0,0,9984,256,50,0,50,193.5,0,
static,static,none,fidelity,False,True,16,iid,0.1,1,s056,5,31.25,19.78260869565217,0.0,94.0,56,0,0,0,6,0,0.0,39.0,0,0,0,0,0,9984,256,50,0,50,249.5,0,
static,static,none,fidelity,False,True,16,iid,0.1,1,s056,6,26.0,12.934782608695656,0.0,95.0,56,0,0,0,6,0,0.0,39.0,0,0,0,0,0,9984,256,50,0,50,305.5,0,
static,static,none,fidelity,False,True,16,iid,0.1,1,s056,7,29.500000000000004,25.706521739130437,4.0,93.5,56,0,0,0,6,0,0.0,39.0,0,0,0,0,0,9984,256,50,0,50,361.5,0,
static,static,none,fidelity,False,True,16,iid,0.1,1,s056,8,23.5,16.195652173913043,0.0,95.5,56,0,0,0,6,0,0.0,39.0,0,0,0,0,0,9984,256,50,0,50,417.5,0,96.0
static,static,none,fidelity,False,True,16,iid,0.1,2,s056,2,31.499999999999996,26.79347826086957,2.0,85.0,56,0,0,0,6,0,0.0,39.0,0,0,0,0,0,9984,256,50,0,50,81.5,0,
static,static,none,fidelity,False,True,16,iid,0.1,2,s056,3,25.5,16.195652173913043,0.0,88.5,56,0,0,0,6,0,0.0,39.0,0,0,0,0,0,9984,256,50,0,50,137.5,0,
static,static,none,fidelity,False,True,16,iid,0.1,2,s056,4,28.000000000000004,27.8804347826087,2.0,90.5,56,0,0,0,6,0,0.0,39.0,0,0,0,0,0,9984,256,50,0,50,193.5,0,
static,static,none,fidelity,False,True,16,iid,0.1,2,s056,5,33.75,27.8804347826087,0.0,93.5,56,0,0,0,6,0,0.0,39.0,0,0,0,0,0,9984,256,50,0,50,249.5,0,
static,static,none,fidelity,False,True,16,iid,0.1,2,s056,6,28.25,24.293478260869566,2.0,93.5,56,0,0,0,6,0,0.0,39.0,0,0,0,0,0,9984,256,50,0,50,305.5,0,
static,static,none,fidelity,False,True,16,iid,0.1,2,s056,7,28.500000000000004,24.619565217391305,4.0,92.0,56,0,0,0,6,0,0.0,39.0,0,0,0,0,0,9984,256,50,0,50,361.5,0,
static,static,none,fidelity,False,True,16,iid,0.1,2,s056,8,24.25,17.445652173913043,2.0,95.0,56,0,0,0,6,0,0.0,39.0,0,0,0,0,0,9984,256,50,0,50,417.5,0,96.0
naive,naive,none,fidelity,False,True,16,iid,0.1,0,s056,2,28.500000000000004,19.78260869565217,2.0,85.0,56,54,49,5,6,0,0.98,52.46484375,0,0,0,0,0,13431,256,104,0,50,53.48076923076923,5,
naive,naive,none,fidelity,False,True,16,iid,0.1,0,s056,3,23.5,12.771739130434783,0.0,93.0,56,56,50,6,6,0,1.0,69.0078125,0,0,0,0,0,17666,256,160,0,50,80.7875,11,
naive,naive,none,fidelity,False,True,16,iid,0.1,0,s056,4,32.0,19.021739130434785,0.0,96.5,56,56,50,6,6,0,1.0,81.4296875,0,0,0,0,0,20846,256,216,0,50,108.45370370370372,17,
naive,naive,none,fidelity,False,True,16,iid,0.1,0,s056,5,34.25,25.543478260869566,0.0,99.5,56,56,50,6,6,0,1.0,92.05078125,0,0,0,0,0,23565,256,272,0,50,136.25735294117646,23,
naive,naive,none,fidelity,False,True,16,iid,0.1,0,s056,6,32.0,15.434782608695654,0.0,98.5,56,56,50,6,6,0,1.0,98.125,0,0,0,0,0,25120,256,328,0,50,164.1280487804878,29,
naive,naive,none,fidelity,False,True,16,iid,0.1,0,s056,7,27.500000000000004,25.543478260869566,0.0,99.0,56,56,50,6,6,0,1.0,105.3984375,0,0,0,0,0,26982,256,384,0,50,192.03645833333331,35,
naive,naive,none,fidelity,False,True,16,iid,0.1,0,s056,8,29.25,15.108695652173914,0.0,99.5,56,56,50,6,6,0,1.0,116.28515625,0,0,0,0,0,29769,256,440,0,50,219.96818181818185,41,100.0
naive,naive,none,fidelity,False,True,16,iid,0.1,1,s056,2,31.75,22.1195652173913,2.0,93.5,56,55,49,6,6,0,0.98,51.94140625,0,0,0,0,0,13297,256,105,0,50,52.97142857142857,6,
naive,naive,none,fidelity,False,True,16,iid,0.1,1,s056,3,25.75,11.684782608695654,0.0,94.5,56,56,50,6,6,0,1.0,71.7421875,0,0,0,0,0,18366,256,161,0,50,80.63354037267081,12,
naive,naive,none,fidelity,False,True,16,iid,0.1,1,s056,4,29.75,31.14130434782609,0.0,100.0,56,56,50,6,6,0,1.0,81.9453125,0,0,0,0,0,20978,256,217,0,50,108.47004608294932,18,
naive,naive,none,fidelity,False,True,16,iid,0.1,1,s056,5,34.5,24.456521739130437,0.0,99.5,56,56,50,6,6,0,1.0,94.85546875,0,0,0,0,0,24283,256,273,0,50,136.37362637362637,24,
naive,naive,none,fidelity,False,True,16,iid,0.1,1,s056,6,30.25,15.434782608695654,0.0,99.5,56,56,50,6,6,0,1.0,103.88671875,0,0,0,0,0,26595,256,329,0,50,164.31003039513678,30,
naive,naive,none,fidelity,False,True,16,iid,0.1,1,s056,7,26.5,20.869565217391305,0.0,100.0,56,56,50,6,6,0,1.0,114.5078125,0,0,0,0,0,29314,256,385,0,50,192.26493506493503,36,
naive,naive,none,fidelity,False,True,16,iid,0.1,1,s056,8,32.25,23.20652173913043,0.0,100.0,56,56,50,6,6,0,1.0,125.38671875,0,0,0,0,0,32099,256,441,0,50,220.2312925170068,42,100.0
naive,naive,none,fidelity,False,True,16,iid,0.1,2,s056,2,31.499999999999996,23.20652173913043,2.0,90.5,56,53,49,4,6,0,0.98,51.35546875,0,0,0,0,0,13147,256,103,0,50,53.0873786407767,4,
naive,naive,none,fidelity,False,True,16,iid,0.1,2,s056,3,23.75,12.934782608695656,0.0,94.5,56,56,50,6,6,0,1.0,71.10546875,0,0,0,0,0,18203,256,159,0,50,80.35220125786164,10,
naive,naive,none,fidelity,False,True,16,iid,0.1,2,s056,4,26.25,27.717391304347828,0.0,98.0,56,55,50,5,6,0,1.0,81.75390625,0,0,0,0,0,20929,256,214,0,50,108.30841121495328,15,
naive,naive,none,fidelity,False,True,16,iid,0.1,2,s056,5,34.5,26.79347826086957,0.0,99.5,56,56,50,6,6,0,1.0,93.75,0,0,0,0,0,24000,256,270,0,50,135.93333333333334,21,
naive,naive,none,fidelity,False,True,16,iid,0.1,2,s056,6,32.25,26.6304347826087,0.0,99.5,56,56,50,6,6,0,1.0,99.81640625,0,0,0,0,0,25553,256,326,0,50,163.68711656441718,27,
naive,naive,none,fidelity,False,True,16,iid,0.1,2,s056,7,28.25,29.130434782608692,0.0,99.5,56,56,50,6,6,0,1.0,110.921875,0,0,0,0,0,28396,256,382,0,50,191.5130890052356,33,
naive,naive,none,fidelity,False,True,16,iid,0.1,2,s056,8,35.75,23.3695652173913,0.0,99.5,56,56,50,6,6,0,1.0,121.4609375,0,0,0,0,0,31094,256,438,0,50,219.3835616438356,39,100.0
window,window,none,fidelity,False,True,16,iid,0.1,0,s056,2,30.75,19.78260869565217,6.0,66.0,56,50,47,3,6,0,0.94,13.57421875,0,0,0,0,0,3475,256,16,0,0,9.0,1,
window,window,none,fidelity,False,True,16,iid,0.1,0,s056,3,28.500000000000004,15.108695652173914,4.0,71.0,56,53,48,5,6,0,0.96,10.85546875,0,0,0,0,0,2779,256,16,0,0,8.5625,4,
window,window,none,fidelity,False,True,16,iid,0.1,0,s056,4,28.000000000000004,12.771739130434783,12.0,68.0,56,50,44,6,6,0,0.88,10.02734375,0,0,0,0,0,2567,256,16,0,0,10.6875,2,
window,window,none,fidelity,False,True,16,iid,0.1,0,s056,5,26.75,10.597826086956523,6.0,68.5,56,52,47,5,6,0,0.94,10.4609375,0,0,0,0,0,2678,256,16,0,0,8.5,0,
window,window,none,fidelity,False,True,16,iid,0.1,0,s056,6,25.0,11.847826086956523,4.0,70.0,56,52,48,4,6,0,0.96,10.26171875,0,0,0,0,0,2627,256,16,0,0,8.1875,1,
window,window,none,fidelity,False,True,16,iid,0.1,0,s056,7,21.5,12.771739130434783,6.0,72.0,56,52,47,5,6,0,0.94,10.0078125,0,0,0,0,0,2562,256,16,0,0,8.375,2,
window,window,none,fidelity,False,True,16,iid,0.1,0,s056,8,19.5,12.771739130434783,2.0,65.5,56,54,49,5,6,0,0.98,9.78125,0,0,0,0,0,2504,256,16,0,0,7.8125,2,84.0
window,window,none,fidelity,False,True,16,iid,0.1,1,s056,2,30.000000000000004,21.03260869565217,6.0,73.0,56,53,47,6,6,0,0.94,13.82421875,0,0,0,0,0,3539,256,16,0,0,7.5,1,
window,window,none,fidelity,False,True,16,iid,0.1,1,s056,3,23.75,9.510869565217387,2.0,73.0,56,54,49,5,6,0,0.98,11.859375,0,0,0,0,0,3036,256,16,0,0,8.0,3,
window,window,none,fidelity,False,True,16,iid,0.1,1,s056,4,23.75,10.434782608695654,10.0,71.0,56,49,45,4,6,0,0.9,10.94921875,0,0,0,0,0,2803,256,16,0,0,10.875,1,
window,window,none,fidelity,False,True,16,iid,0.1,1,s056,5,29.000000000000004,18.695652173913043,6.0,73.5,56,53,47,6,6,0,0.94,10.44921875,0,0,0,0,0,2675,256,16,0,0,8.375,1,
window,window,none,fidelity,False,True,16,iid,0.1,1,s056,6,26.25,14.184782608695654,4.0,69.5,56,52,48,4,6,0,0.96,10.18359375,0,0,0,0,0,2607,256,16,0,0,8.5,1,
window,window,none,fidelity,False,True,16,iid,0.1,1,s056,7,24.25,15.108695652173914,8.0,69.5,56,51,46,5,6,0,0.92,9.94140625,0,0,0,0,0,2545,256,16,0,0,8.4375,3,
window,window,none,fidelity,False,True,16,iid,0.1,1,s056,8,20.0,15.108695652173914,2.0,68.0,56,53,49,4,6,0,0.98,10.02734375,0,0,0,0,0,2567,256,16,0,0,8.125,2,92.0
window,window,none,fidelity,False,True,16,iid,0.1,2,s056,2,26.5,17.445652173913043,6.0,72.0,56,50,47,3,6,0,0.94,13.640625,0,0,0,0,0,3492,256,16,0,0,7.6875,1,
window,window,none,fidelity,False,True,16,iid,0.1,2,s056,3,26.0,16.195652173913043,2.0,65.5,56,54,49,5,6,0,0.98,11.82421875,0,0,0,0,0,3027,256,16,0,0,8.25,2,
window,window,none,fidelity,False,True,16,iid,0.1,2,s056,4,24.75,9.184782608695654,10.0,57.49999999999999,56,47,45,2,6,0,0.9,10.05078125,0,0,0,0,0,2573,256,16,0,0,10.9375,0,
window,window,none,fidelity,False,True,16,iid,0.1,2,s056,5,25.25,8.097826086956525,6.0,70.0,56,51,47,4,6,0,0.94,10.484375,0,0,0,0,0,2684,256,16,0,0,8.5,0,
window,window,none,fidelity,False,True,16,iid,0.1,2,s056,6,26.0,14.021739130434783,4.0,74.5,56,54,48,6,6,0,0.96,10.5625,0,0,0,0,0,2704,256,16,0,0,7.5,4,
window,window,none,fidelity,False,True,16,iid,0.1,2,s056,7,22.0,12.771739130434783,8.0,73.0,56,50,46,4,6,0,0.92,9.7578125,0,0,0,0,0,2498,256,16,0,0,9.0625,1,
window,window,none,fidelity,False,True,16,iid,0.1,2,s056,8,18.75,15.108695652173914,2.0,70.5,56,52,49,3,6,0,0.98,10.0625,0,0,0,0,0,2576,256,16,0,0,7.8125,2,92.0
aeqkad,window,full,fidelity,False,True,16,iid,0.1,0,s056,2,32.0,24.456521739130437,6.0,66.5,56,46,43,3,6,0,0.86,13.0859375,50,4,2,0,0,3350,256,16,0,0,9.5625,1,
aeqkad,window,full,fidelity,False,True,16,iid,0.1,0,s056,3,28.25,15.108695652173914,6.0,68.5,56,48,43,5,6,0,0.86,10.625,52,3,1,0,1,2720,256,16,0,0,9.8125,4,
aeqkad,window,full,fidelity,False,True,16,iid,0.1,0,s056,4,29.500000000000004,15.108695652173914,12.0,65.5,56,48,43,5,6,0,0.86,9.5234375,49,1,4,0,0,2438,256,16,0,0,10.6875,2,
aeqkad,window,full,fidelity,False,True,16,iid,0.1,0,s056,5,30.25,15.108695652173914,6.0,67.0,56,50,46,4,6,0,0.92,9.87109375,51,1,1,0,0,2527,256,16,0,0,8.5,0,
aeqkad,window,full,fidelity,False,True,16,iid,0.1,0,s056,6,27.500000000000004,12.771739130434783,4.0,69.5,56,48,45,3,6,0,0.9,10.375,52,4,1,0,0,2656,256,16,0,0,11.3125,0,
aeqkad,window,full,fidelity,False,True,16,iid,0.1,0,s056,7,26.25,8.097826086956525,6.0,66.0,56,47,45,2,6,0,0.9,9.12109375,52,3,1,0,2,2335,256,16,0,0,8.875,1,
aeqkad,window,full,fidelity,False,True,16,iid,0.1,0,s056,8,19.75,10.434782608695654,2.0,61.0,56,48,45,3,6,0,0.9,9.28125,54,4,0,0,2,2376,256,16,0,0,7.8125,2,84.0
aeqkad,window,full,fidelity,False,True,16,iid,0.1,1,s056,2,34.5,26.79347826086957,6.0,73.0,56,45,42,3,6,0,0.84,13.1953125,53,6,0,0,2,3378,256,16,0,0,8.5,1,
aeqkad,window,full,fidelity,False,True,16,iid,0.1,1,s056,3,25.0,11.684782608695654,2.0,65.0,56,46,43,3,6,0,0.86,10.56640625,54,7,0,0,1,2705,256,16,0,0,11.0625,2,
aeqkad,window,full,fidelity,False,True,16,iid,0.1,1,s056,4,25.75,11.521739130434783,12.0,65.5,56,40,40,0,6,0,0.8,8.5625,47,4,1,0,3,2192,256,16,0,0,12.0625,0,
aeqkad,window,full,fidelity,False,True,16,iid,0.1,1,s056,5,27.500000000000004,18.53260869565217,6.0,68.5,56,44,41,3,6,0,0.82,9.01953125,53,3,0,0,6,2309,256,16,0,0,12.3125,0,
aeqkad,window,full,fidelity,False,True,16,iid,0.1,1,s056,6,28.000000000000004,13.097826086956523,4.0,67.5,56,46,44,2,6,0,0.88,9.296875,52,4,0,0,2,2380,256,16,0,0,10.5,1,
aeqkad,window,full,fidelity,False,True,16,iid,0.1,1,s056,7,22.75,13.858695652173914,6.0,67.0,56,47,45,2,6,0,0.9,8.7265625,52,4,0,0,1,2234,256,16,0,0,9.4375,1,
aeqkad,window,full,fidelity,False,True,16,iid,0.1,1,s056,8,19.75,15.108695652173914,2.0,66.0,56,48,45,3,6,0,0.9,9.078125,53,3,0,0,2,2324,256,16,0,0,8.125,2,92.0
aeqkad,window,full,fidelity,False,True,16,iid,0.1,2,s056,2,28.000000000000004,19.78260869565217,6.0,71.5,56,45,43,2,6,0,0.86,13.34375,50,5,16,0,0,3416,256,16,0,0,8.3125,1,
aeqkad,window,full,fidelity,False,True,16,iid,0.1,2,s056,3,27.0,8.42391304347826,6.0,62.5,56,46,44,2,6,0,0.88,10.31640625,51,3,12,0,2,2641,256,16,0,0,9.5625,0,
aeqkad,window,full,fidelity,False,True,16,iid,0.1,2,s056,4,26.25,12.771739130434783,12.0,57.49999999999999,56,40,40,0,6,0,0.8,8.92578125,46,3,13,0,3,2285,256,16,0,0,13.0625,0,
aeqkad,window,full,fidelity,False,True,16,iid,0.1,2,s056,5,30.75,11.684782608695654,6.0,67.5,56,43,40,3,6,0,0.8,9.19140625,50,3,13,0,4,2353,256,16,0,0,11.125,0,
aeqkad,window,full,fidelity,False,True,16,iid,0.1,2,s056,6,25.5,18.53260869565217,4.0,72.0,56,48,45,3,6,0,0.9,9.296875,54,4,8,0,2,2380,256,16,0,0,9.1875,2,
aeqkad,window,full,fidelity,False,True,16,iid,0.1,2,s056,7,19.75,7.17391304347826,6.0,72.5,56,46,45,1,6,0,0.9,9.109375,51,4,19,0,1,2332,256,16,0,0,10.0,0,
aeqkad,window,full,fidelity,False,True,16,iid,0.1,2,s056,8,18.25,16.358695652173914,2.0,67.5,56,50,47,3,6,0,0.94,9.25390625,52,1,15,0,1,2369,256,16,0,0,7.8125,2,92.0
mm,mm,full,fidelity,False,True,16,iid,0.1,0,s056,2,34.0,22.1195652173913,4.0,76.5,56,47,44,3,6,0,0.88,16.0,53,5,6,0,1,4096,256,16,1,16,86.4375,0,
mm,mm,full,fidelity,False,True,16,iid,0.1,0,s056,3,27.500000000000004,17.445652173913043,4.0,71.5,56,51,46,5,6,0,0.92,13.62890625,53,1,2,0,1,3489,256,16,1,1,28.9375,2,
mm,mm,full,fidelity,False,True,16,iid,0.1,0,s056,4,35.75,30.217391304347828,8.0,77.0,56,48,43,5,6,0,0.86,15.74609375,52,3,5,0,1,4031,256,16,1,1,58.625,5,
mm,mm,full,fidelity,False,True,16,iid,0.1,0,s056,5,32.25,24.456521739130437,4.0,80.0,56,51,47,4,6,0,0.94,15.62890625,53,1,6,0,1,4001,256,16,1,1,38.125,1,
mm,mm,full,fidelity,False,True,16,iid,0.1,0,s056,6,30.000000000000004,14.021739130434783,2.0,78.5,56,51,47,4,6,0,0.94,15.31640625,55,4,12,0,0,3921,256,16,1,1,44.3125,3,
mm,mm,full,fidelity,False,True,16,iid,0.1,0,s056,7,27.500000000000004,27.8804347826087,6.0,82.0,56,48,45,3,6,0,0.9,15.8671875,52,4,19,0,0,4062,256,16,1,1,64.4375,4,
mm,mm,full,fidelity,False,True,16,iid,0.1,0,s056,8,23.5,15.108695652173914,2.0,79.0,56,52,48,4,6,0,0.96,15.171875,54,0,4,0,2,3884,256,16,1,1,53.375,3,88.0
mm,mm,full,fidelity,False,True,16,iid,0.1,1,s056,2,32.99999999999999,17.445652173913043,6.0,83.0,56,48,45,3,6,0,0.9,16.0,53,5,2,0,0,4096,256,16,1,16,87.625,0,
mm,mm,full,fidelity,False,True,16,iid,0.1,1,s056,3,24.0,12.771739130434783,4.0,72.5,56,48,46,2,6,0,0.92,13.6640625,53,4,1,0,1,3498,256,16,1,1,30.875,2,
mm,mm,full,fidelity,False,True,16,iid,0.1,1,s056,4,31.25,22.1195652173913,6.0,74.0,56,42,41,1,6,0,0.82,14.7890625,51,5,4,0,4,3786,256,16,1,1,58.6875,3,
mm,mm,full,fidelity,False,True,16,iid,0.1,1,s056,5,26.0,15.108695652173914,4.0,77.5,56,45,42,3,6,0,0.84,13.4921875,54,1,0,0,8,3454,256,16,1,1,52.5625,3,
mm,mm,full,fidelity,False,True,16,iid,0.1,1,s056,6,30.25,20.70652173913043,4.0,77.0,56,48,45,3,6,0,0.9,13.90625,53,1,1,0,4,3560,256,16,1,1,58.875,3,
mm,mm,full,fidelity,False,True,16,iid,0.1,1,s056,7,31.499999999999996,20.869565217391305,6.0,78.5,56,48,44,4,6,0,0.88,14.57421875,52,2,0,0,2,3731,256,16,1,1,58.0,3,
mm,mm,full,fidelity,False,True,16,iid,0.1,1,s056,8,28.500000000000004,23.20652173913043,2.0,83.0,56,53,48,5,6,0,0.96,15.15234375,54,0,6,0,1,3879,256,16,1,1,62.0625,4,94.0
mm,mm,full,fidelity,False,True,16,iid,0.1,2,s056,2,28.25,18.53260869565217,4.0,81.0,56,47,45,2,6,0,0.9,16.0,52,4,31,0,1,4096,256,16,1,15,80.75,0,
mm,mm,full,fidelity,False,True,16,iid,0.1,2,s056,3,24.5,8.097826086956525,2.0,68.5,56,48,46,2,6,0,0.92,13.84375,54,3,31,0,3,3544,256,16,1,1,30.5625,1,
mm,mm,full,fidelity,False,True,16,iid,0.1,2,s056,4,30.25,22.1195652173913,8.0,70.0,56,40,40,0,6,0,0.8,14.56640625,49,6,20,0,3,3729,256,16,1,1,70.375,1,
mm,mm,full,fidelity,False,True,16,iid,0.1,2,s056,5,23.5,14.021739130434783,4.0,73.0,56,44,41,3,6,0,0.82,14.359375,53,2,34,0,7,3676,256,16,1,1,53.25,0,
mm,mm,full,fidelity,False,True,16,iid,0.1,2,s056,6,30.25,15.108695652173914,4.0,79.0,56,48,45,3,6,0,0.9,13.76171875,54,3,35,0,3,3523,256,16,1,1,51.6875,2,
mm,mm,full,fidelity,False,True,16,iid,0.1,2,s056,7,27.500000000000004,18.53260869565217,6.0,80.5,56,46,44,2,6,0,0.88,14.50390625,52,2,35,0,4,3713,256,16,1,1,58.5625,1,
mm,mm,full,fidelity,False,True,16,iid,0.1,2,s056,8,23.5,15.108695652173914,2.0,81.5,56,51,48,3,6,0,0.96,15.3984375,53,0,40,0,2,3942,256,16,1,1,53.6875,2,92.0
static,static,none,fidelity,False,True,16,iid,0.1,0,s057,2,31.499999999999996,19.78260869565217,10.0,69.0,56,0,0,0,6,0,0.0,39.0,0,0,0,0,0,9984,256,50,0,50,81.5,0,
static,static,none,fidelity,False,True,16,iid,0.1,0,s057,3,17.750000000000004,3.423913043478259,4.0,68.0,56,0,0,0,6,0,0.0,39.0,0,0,0,0,0,9984,256,50,0,50,137.5,0,
static,static,none,fidelity,False,True,16,iid,0.1,0,s057,4,25.75,10.760869565217387,8.0,70.5,56,0,0,0,6,0,0.0,39.0,0,0,0,0,0,9984,256,50,0,50,193.5,0,
static,static,none,fidelity,False,True,16,iid,0.1,0,s057,5,31.75,24.456521739130437,2.0,75.5,56,0,0,0,6,0,0.0,39.0,0,0,0,0,0,9984,256,50,0,50,249.5,0,
static,static,none,fidelity,False,True,16,iid,0.1,0,s057,6,35.75,32.55434782608696,0.0,75.5,56,0,0,0,6,0,0.0,39.0,0,0,0,0,0,9984,256,50,0,50,305.5,0,
static,static,none,fidelity,False,True,16,iid,0.1,0,s057,7,36.0,30.217391304347828,2.0,83.0,56,0,0,0,6,0,0.0,39.0,0,0,0,0,0,9984,256,50,0,50,361.5,0,
static,static,none,fidelity,False,True,16,iid,0.1,0,s057,8,48.0,39.56521739130434,2.0,80.5,56,0,0,0,6,0,0.0,39.0,0,0,0,0,0,9984,256,50,0,50,417.5,0,74.0
static,static,none,fidelity,False,True,16,iid,0.1,1,s057,2,32.0,25.543478260869566,10.0,63.5,56,0,0,0,6,0,0.0,39.0,0,0,0,0,0,9984,256,50,0,50,81.5,0,
static,static,none,fidelity,False,True,16,iid,0.1,1,s057,3,20.75,10.434782608695654,4.0,66.0,56,0,0,0,6,0,0.0,39.0,0,0,0,0,0,9984,256,50,0,50,137.5,0,
static,static,none,fidelity,False,True,16,iid,0.1,1,s057,4,25.5,12.771739130434783,8.0,70.5,56,0,0,0,6,0,0.0,39.0,0,0,0,0,0,9984,256,50,0,50,193.5,0,
static,static,none,fidelity,False,True,16,iid,0.1,1,s057,5,32.0,25.543478260869566,2.0,71.0,56,0,0,0,6,0,0.0,39.0,0,0,0,0,0,9984,256,50,0,50,249.5,0,
static,static,none,fidelity,False,True,16,iid,0.1,1,s057,6,33.75,33.641304347826086,0.0,74.0,56,0,0,0,6,0,0.0,39.0,0,0,0,0,0,9984,256,50,0,50,305.5,0,
static,static,none,fidelity,False,True,16,iid,0.1,1,s057,7,32.25,27.8804347826087,4.0,74.5,56,0,0,0,6,0,0.0,39.0,0,0,0,0,0,9984,256,50,0,50,361.5,0,
static,static,none,fidelity,False,True,16,iid,0.1,1,s057,8,45.75,37.22826086956522,8.0,70.5,56,0,0,0,6,0,0.0,39.0,0,0,0,0,0,9984,256,50,0,50,417.5,0,82.0
static,static,none,fidelity,False,True,16,iid,0.1,2,s057,2,29.75,24.456521739130437,10.0,68.5,56,0,0,0,6,0,0.0,39.0,0,0,0,0,0,9984,256,50,0,50,81.5,0,
static,static,none,fidelity,False,True,16,iid,0.1,2,s057,3,18.750000000000004,3.58695652173913,4.0,72.5,56,0,0,0,6,0,0.0,39.0,0,0,0,0,0,9984,256,50,0,50,137.5,0,
static,static,none,fidelity,False,True,16,iid,0.1,2,s057,4,23.25,14.021739130434783,8.0,77.0,56,0,0,0,6,0,0.0,39.0,0,0,0,0,0,9984,256,50,0,50,193.5,0,
static,static,none,fidelity,False,True,16,iid,0.1,2,s057,5,33.75,26.79347826086957,2.0,75.0,56,0,0,0,6,0,0.0,39.0,0,0,0,0,0,9984,256,50,0,50,249.5,0,
static,static,none,fidelity,False,True,16,iid,0.1,2,s057,6,34.5,27.8804347826087,0.0,77.0,56,0,0,0,6,0,0.0,39.0,0,0,0,0,0,9984,256,50,0,50,305.5,0,
static,static,none,fidelity,False,True,16,iid,0.1,2,s057,7,34.25,27.8804347826087,2.0,82.5,56,0,0,0,6,0,0.0,39.0,0,0,0,0,0,9984,256,50,0,50,361.5,0,
static,static,none,fidelity,False,True,16,iid,0.1,2,s057,8,48.25,38.31521739130434,0.0,80.0,56,0,0,0,6,0,0.0,39.0,0,0,0,0,0,9984,256,50,0,50,417.5,0,74.0
naive,naive,none,fidelity,False,True,16,iid,0.1,0,s057,2,30.999999999999996,23.20652173913043,2.0,76.5,56,55,49,6,6,0,0.98,54.58984375,0,0,0,0,0,13975,256,105,0,50,52.98095238095238,6,
naive,naive,none,fidelity,False,True,16,iid,0.1,0,s057,3,21.5,10.434782608695654,0.0,87.0,56,56,50,6,6,0,1.0,77.27734375,0,0,0,0,0,19783,256,161,0,50,80.63975155279503,12,
naive,naive,none,fidelity,False,True,16,iid,0.1,0,s057,4,26.5,17.445652173913043,2.0,93.0,56,54,49,5,6,0,0.98,97.2421875,0,0,0,0,0,24894,256,215,0,50,109.10232558139536,17,
naive,naive,none,fidelity,False,True,16,iid,0.1,0,s057,5,31.75,19.78260869565217,0.0,96.5,56,56,50,6,6,0,1.0,107.00390625,0,0,0,0,0,27393,256,271,0,50,136.6678966789668,23,
naive,naive,none,fidelity,False,True,16,iid,0.1,0,s057,6,32.0,16.358695652173914,0.0,98.0,56,56,50,6,6,0,1.0,120.92578125,0,0,0,0,0,30957,256,327,0,50,164.3822629969419,29,
naive,naive,none,fidelity,False,True,16,iid,0.1,0,s057,7,25.5,15.108695652173914,0.0,99.5,56,56,50,6,6,0,1.0,133.0390625,0,0,0,0,0,34058,256,383,0,50,192.18015665796344,35,
naive,naive,none,fidelity,False,True,16,iid,0.1,0,s057,8,28.500000000000004,30.217391304347828,0.0,99.5,56,56,50,6,6,0,1.0,147.35546875,0,0,0,0,0,37723,256,439,0,50,220.02961275626424,41,100.0
naive,naive,none,fidelity,False,True,16,iid,0.1,1,s057,2,31.25,18.53260869565217,4.0,67.5,56,52,48,4,6,0,0.96,54.90234375,0,0,0,0,0,14055,256,102,0,50,53.18627450980392,4,
naive,naive,none,fidelity,False,True,16,iid,0.1,1,s057,3,25.75,12.771739130434783,0.0,80.0,56,55,50,5,6,0,1.0,76.7734375,0,0,0,0,0,19654,256,157,0,50,80.47133757961784,9,
naive,naive,none,fidelity,False,True,16,iid,0.1,1,s057,4,25.5,18.53260869565217,4.0,92.0,56,53,48,5,6,0,0.96,96.984375,0,0,0,0,0,24828,256,210,0,50,108.96666666666668,14,
naive,naive,none,fidelity,False,True,16,iid,0.1,1,s057,5,32.75,27.8804347826087,0.0,92.0,56,54,50,4,6,0,1.0,107.703125,0,0,0,0,0,27572,256,264,0,50,136.7348484848485,18,
naive,naive,none,fidelity,False,True,16,iid,0.1,1,s057,6,29.75,23.20652173913043,0.0,93.5,56,55,50,5,6,0,1.0,118.79296875,0,0,0,0,0,30411,256,319,0,50,164.1974921630094,23,
naive,naive,none,fidelity,False,True,16,iid,0.1,1,s057,7,30.000000000000004,19.78260869565217,0.0,97.0,56,56,50,6,6,0,1.0,131.171875,0,0,0,0,0,33580,256,375,0,50,191.4213333333333,29,
naive,naive,none,fidelity,False,True,16,iid,0.1,1,s057,8,28.25,32.55434782608696,0.0,97.5,56,56,50,6,6,0,1.0,142.8359375,0,0,0,0,0,36566,256,431,0,50,218.84686774941997,35,100.0
naive,naive,none,fidelity,False,True,16,iid,0.1,2,s057,2,28.25,19.78260869565217,4.0,76.0,56,53,48,5,6,0,0.96,54.640625,0,0,0,0,0,13988,256,103,0,50,53.320388349514566,5,
naive,naive,none,fidelity,False,True,16,iid,0.1,2,s057,3,29.75,12.771739130434783,0.0,87.0,56,55,50,5,6,0,1.0,76.07421875,0,0,0,0,0,19475,256,158,0,50,80.67088607594937,10,
naive,naive,none,fidelity,False,True,16,iid,0.1,2,s057,4,26.25,15.108695652173914,2.0,94.0,56,55,49,6,6,0,0.98,94.55859375,0,0,0,0,0,24207,256,213,0,50,108.4319248826291,16,
naive,naive,none,fidelity,False,True,16,iid,0.1,2,s057,5,33.24999999999999,22.1195652173913,0.0,97.0,56,56,50,6,6,0,1.0,108.140625,0,0,0,0,0,27684,256,269,0,50,135.92565055762083,22,
naive,naive,none,fidelity,False,True,16,iid,0.1,2,s057,6,29.000000000000004,12.771739130434783,0.0,99.0,56,56,50,6,6,0,1.0,122.85546875,0,0,0,0,0,31451,256,325,0,50,163.59384615384616,28,
naive,naive,none,fidelity,False,True,16,iid,0.1,2,s057,7,28.25,19.78260869565217,0.0,99.5,56,56,50,6,6,0,1.0,138.890625,0,0,0,0,0,35556,256,381,0,50,191.35958005249344,34,
naive,naive,none,fidelity,False,True,16,iid,0.1,2,s057,8,28.000000000000004,24.456521739130437,0.0,100.0,56,56,50,6,6,0,1.0,151.078125,0,0,0,0,0,38676,256,437,0,50,219.1853546910755,40,100.0
window,window,none,fidelity,False,True,16,iid,0.1,0,s057,2,34.5,19.78260869565217,14.000000000000002,64.5,56,48,43,5,6,0,0.86,14.68359375,0,0,0,0,0,3759,256,16,0,0,7.5,2,
window,window,none,fidelity,False,True,16,iid,0.1,0,s057,3,27.250000000000004,10.434782608695654,6.0,60.0,56,50,47,3,6,0,0.94,13.1484375,0,0,0,0,0,3366,256,16,0,0,7.5,2,
window,window,none,fidelity,False,True,16,iid,0.1,0,s057,4,26.75,18.53260869565217,8.0,64.0,56,49,46,3,6,0,0.92,13.78125,0,0,0,0,0,3528,256,16,0,0,7.5,1,
window,window,none,fidelity,False,True,16,iid,0.1,0,s057,5,24.25,10.434782608695654,6.0,67.5,56,53,47,6,6,0,0.94,12.64453125,0,0,0,0,0,3237,256,16,0,0,7.625,1,
window,window,none,fidelity,False,True,16,iid,0.1,0,s057,6,22.75,10.434782608695654,0.0,61.0,56,54,50,4,6,0,1.0,11.97265625,0,0,0,0,0,3065,256,16,0,0,8.125,0,
window,window,none,fidelity,False,True,16,iid,0.1,0,s057,7,20.0,10.434782608695654,6.0,57.99999999999999,56,52,47,5,6,0,0.94,12.1796875,0,0,0,0,0,3118,256,16,0,0,8.5,2,
window,window,none,fidelity,False,True,16,iid,0.1,0,s057,8,20.5,4.83695652173913,8.0,62.5,56,49,46,3,6,0,0.92,12.57421875,0,0,0,0,0,3219,256,16,0,0,7.9375,2,36.0
window,window,none,fidelity,False,True,16,iid,0.1,1,s057,2,33.75,17.445652173913043,12.0,65.0,56,46,44,2,6,0,0.88,14.4140625,0,0,0,0,0,3690,256,16,0,0,7.5,0,
window,window,none,fidelity,False,True,16,iid,0.1,1,s057,3,26.0,18.53260869565217,6.0,59.0,56,51,47,4,6,0,0.94,13.37890625,0,0,0,0,0,3425,256,16,0,0,8.375,1,
window,window,none,fidelity,False,True,16,iid,0.1,1,s057,4,24.25,20.869565217391305,10.0,65.0,56,49,45,4,6,0,0.9,13.5625,0,0,0,0,0,3472,256,16,0,0,9.4375,1,
window,window,none,fidelity,False,True,16,iid,0.1,1,s057,5,22.0,10.434782608695654,8.0,57.99999999999999,56,50,46,4,6,0,0.92,12.66796875,0,0,0,0,0,3243,256,16,0,0,7.625,1,
window,window,none,fidelity,False,True,16,iid,0.1,1,s057,6,17.750000000000004,7.01086956521739,0.0,51.5,56,53,50,3,6,0,1.0,11.76171875,0,0,0,0,0,3011,256,16,0,0,7.75,1,
window,window,none,fidelity,False,True,16,iid,0.1,1,s057,7,22.25,15.108695652173914,10.0,58.5,56,50,45,5,6,0,0.9,12.15625,0,0,0,0,0,3112,256,16,0,0,9.4375,2,
window,window,none,fidelity,False,True,16,iid,0.1,1,s057,8,24.5,16.032608695652172,6.0,52.5,56,51,47,4,6,0,0.94,12.6953125,0,0,0,0,0,3250,256,16,0,0,7.5,2,52.0
window,window,none,fidelity,False,True,16,iid,0.1,2,s057,2,33.75,24.293478260869566,14.000000000000002,59.5,56,48,43,5,6,0,0.86,14.77734375,0,0,0,0,0,3783,256,16,0,0,7.5,2,
window,window,none,fidelity,False,True,16,iid,0.1,2,s057,3,27.25,12.771739130434783,10.0,56.49999999999999,56,47,45,2,6,0,0.9,12.9296875,0,0,0,0,0,3310,256,16,0,0,10.25,1,
window,window,none,fidelity,False,True,16,iid,0.1,2,s057,4,24.5,19.78260869565217,10.0,62.5,56,48,45,3,6,0,0.9,13.30859375,0,0,0,0,0,3407,256,16,0,0,7.75,0,
window,window,none,fidelity,False,True,16,iid,0.1,2,s057,5,19.5,10.597826086956523,8.0,65.5,56,51,46,5,6,0,0.92,12.29296875,0,0,0,0,0,3147,256,16,0,0,7.5625,2,
window,window,none,fidelity,False,True,16,iid,0.1,2,s057,6,16.000000000000004,9.184782608695654,0.0,53.0,56,53,50,3,6,0,1.0,12.046875,0,0,0,0,0,3084,256,16,0,0,8.4375,2,
window,window,none,fidelity,False,True,16,iid,0.1,2,s057,7,22.25,12.608695652173912,6.0,57.99999999999999,56,51,47,4,6,0,0.94,12.06640625,0,0,0,0,0,3089,256,16,0,0,10.625,2,
window,window,none,fidelity,False,True,16,iid,0.1,2,s057,8,22.25,14.021739130434783,6.0,60.5,56,52,47,5,6,0,0.94,12.90625,0,0,0,0,0,3304,256,16,0,0,7.5,1,40.0
aeqkad,window,full,fidelity,False,True,16,iid,0.1,0,s057,2,34.0,20.869565217391305,14.000000000000002,63.5,56,45,41,4,6,0,0.82,14.5859375,48,3,41,0,0,3734,256,16,0,0,8.5,2,
aeqkad,window,full,fidelity,False,True,16,iid,0.1,0,s057,3,24.0,12.771739130434783,10.0,54.50000000000001,56,46,44,2,6,0,0.88,12.6953125,49,2,43,0,1,3250,256,16,0,0,9.125,2,
aeqkad,window,full,fidelity,False,True,16,iid,0.1,0,s057,4,24.0,18.53260869565217,8.0,61.5,56,46,44,2,6,0,0.88,13.30078125,50,4,43,0,0,3405,256,16,0,0,7.5,1,
aeqkad,window,full,fidelity,False,True,16,iid,0.1,0,s057,5,24.25,8.097826086956525,6.0,66.5,56,51,45,6,6,0,0.9,12.6328125,53,2,47,0,0,3234,256,16,0,0,7.625,1,
aeqkad,window,full,fidelity,False,True,16,iid,0.1,0,s057,6,23.5,11.684782608695654,2.0,51.0,56,45,43,2,6,0,0.86,11.15625,53,7,41,0,1,2856,256,16,0,0,10.125,0,
aeqkad,window,full,fidelity,False,True,16,iid,0.1,0,s057,7,23.0,9.347826086956523,6.0,55.50000000000001,56,49,44,5,6,0,0.88,11.73828125,52,3,43,0,0,3005,256,16,0,0,9.625,3,
aeqkad,window,full,fidelity,False,True,16,iid,0.1,0,s057,8,23.5,4.83695652173913,6.0,60.0,56,47,45,2,6,0,0.9,12.71484375,50,3,44,0,0,3255,256,16,0,0,9.1875,1,38.0
aeqkad,window,full,fidelity,False,True,16,iid,0.1,1,s057,2,35.5,18.695652173913043,14.000000000000002,62.0,56,41,39,2,6,0,0.78,14.4453125,45,4,13,0,0,3698,256,16,0,0,9.75,0,
aeqkad,window,full,fidelity,False,True,16,iid,0.1,1,s057,3,28.000000000000004,12.771739130434783,8.0,54.50000000000001,56,45,44,1,6,0,0.88,12.8203125,50,4,18,0,1,3282,256,16,0,0,10.75,0,
aeqkad,window,full,fidelity,False,True,16,iid,0.1,1,s057,4,21.75,18.53260869565217,12.0,63.0,56,44,42,2,6,0,0.84,12.88671875,47,3,21,0,0,3299,256,16,0,0,9.5,0,
aeqkad,window,full,fidelity,False,True,16,iid,0.1,1,s057,5,20.75,10.434782608695654,8.0,55.00000000000001,56,47,44,3,6,0,0.88,12.1953125,50,2,22,0,1,3122,256,16,0,0,7.875,1,
aeqkad,window,full,fidelity,False,True,16,iid,0.1,1,s057,6,21.75,3.75,2.0,43.0,56,42,42,0,6,0,0.84,9.7578125,51,9,23,0,0,2498,256,16,0,0,11.0625,0,
aeqkad,window,full,fidelity,False,True,16,iid,0.1,1,s057,7,23.0,8.097826086956525,8.0,53.0,56,44,42,2,6,0,0.84,11.296875,51,6,16,0,1,2892,256,16,0,0,10.4375,1,
aeqkad,window,full,fidelity,False,True,16,iid,0.1,1,s057,8,24.25,9.510869565217387,10.0,47.0,56,45,41,4,6,0,0.82,11.859375,49,4,11,0,0,3036,256,16,0,0,8.375,2,57.99999999999999
aeqkad,window,full,fidelity,False,True,16,iid,0.1,2,s057,2,31.75,21.956521739130437,14.000000000000002,57.99999999999999,56,44,39,5,6,0,0.78,14.78515625,48,4,31,0,0,3785,256,16,0,0,9.5625,2,
aeqkad,window,full,fidelity,False,True,16,iid,0.1,2,s057,3,26.25,12.771739130434783,8.0,55.00000000000001,56,44,42,2,6,0,0.84,12.64453125,48,2,31,0,2,3237,256,16,0,0,12.0625,1,
aeqkad,window,full,fidelity,False,True,16,iid,0.1,2,s057,4,24.5,19.78260869565217,14.000000000000002,63.5,56,45,42,3,6,0,0.84,13.1953125,46,1,37,0,0,3378,256,16,0,0,7.75,0,
aeqkad,window,full,fidelity,False,True,16,iid,0.1,2,s057,5,21.5,8.260869565217389,8.0,53.5,56,44,42,2,6,0,0.84,11.90234375,51,7,34,0,0,3047,256,16,0,0,9.4375,1,
aeqkad,window,full,fidelity,False,True,16,iid,0.1,2,s057,6,19.75,7.01086956521739,0.0,48.0,56,45,44,1,6,0,0.88,10.96875,53,7,34,0,1,2808,256,16,0,0,10.9375,0,
aeqkad,window,full,fidelity,False,True,16,iid,0.1,2,s057,7,21.0,12.608695652173912,10.0,53.0,56,45,42,3,6,0,0.84,11.15234375,49,3,33,0,1,2855,256,16,0,0,10.625,2,
aeqkad,window,full,fidelity,False,True,16,iid,0.1,2,s057,8,25.25,11.684782608695654,6.0,57.49999999999999,56,46,43,3,6,0,0.86,12.3515625,52,4,23,0,2,3162,256,16,0,0,8.1875,1,40.0
mm,mm,full,fidelity,False,True,16,iid,0.1,0,s057,2,36.25,26.956521739130437,8.0,72.0,56,49,44,5,6,0,0.88,16.0,51,2,49,0,0,4096,256,16,1,15,84.0625,0,
mm,mm,full,fidelity,False,True,16,iid,0.1,0,s057,3,22.25,10.434782608695654,4.0,61.0,56,48,46,2,6,0,0.92,15.94921875,52,3,48,0,1,4083,256,16,1,1,36.375,0,
mm,mm,full,fidelity,False,True,16,iid,0.1,0,s057,4,30.500000000000004,19.78260869565217,4.0,73.0,56,48,45,3,6,0,0.9,16.0,52,3,49,0,1,4096,256,16,1,1,60.6875,1,
mm,mm,full,fidelity,False,True,16,iid,0.1,0,s057,5,29.75,18.53260869565217,6.0,73.5,56,50,44,6,6,0,0.88,15.94921875,53,3,50,0,0,4083,256,16,1,1,45.375,2,
mm,mm,full,fidelity,False,True,16,iid,0.1,0,s057,6,26.0,9.184782608695654,0.0,70.5,56,52,48,4,6,0,0.96,15.87109375,55,2,51,0,1,4063,256,16,1,1,41.75,3,
mm,mm,full,fidelity,False,True,16,iid,0.1,0,s057,7,27.250000000000004,15.108695652173914,2.0,81.0,56,52,47,5,6,0,0.94,15.99609375,54,2,52,0,0,4095,256,16,1,1,60.1875,3,
mm,mm,full,fidelity,False,True,16,iid,0.1,0,s057,8,24.0,15.108695652173914,4.0,69.5,56,51,47,4,6,0,0.94,15.75,52,1,50,0,0,4032,256,16,1,1,45.625,2,70.0
mm,mm,full,fidelity,False,True,16,iid,0.1,1,s057,2,37.5,26.79347826086957,6.0,67.0,56,41,39,2,6,0,0.78,16.0,51,10,20,0,0,4096,256,16,1,14,80.625,0,
mm,mm,full,fidelity,False,True,16,iid,0.1,1,s057,3,29.75,17.445652173913043,6.0,63.0,56,47,44,3,6,0,0.88,15.52734375,52,5,25,0,0,3975,256,16,1,1,24.625,2,
mm,mm,full,fidelity,False,True,16,iid,0.1,1,s057,4,28.000000000000004,24.293478260869566,8.0,69.5,56,46,43,3,6,0,0.86,15.71875,49,3,30,0,0,4024,256,16,1,1,55.8125,2,
mm,mm,full,fidelity,False,True,16,iid,0.1,1,s057,5,32.75,24.456521739130437,6.0,69.5,56,48,45,3,6,0,0.9,15.70703125,51,2,32,0,1,4021,256,16,1,1,46.875,3,
mm,mm,full,fidelity,False,True,16,iid,0.1,1,s057,6,26.5,12.771739130434783,2.0,73.0,56,48,46,2,6,0,0.92,15.99609375,54,5,32,0,1,4095,256,16,1,1,55.6875,2,
mm,mm,full,fidelity,False,True,16,iid,0.1,1,s057,7,30.000000000000004,17.445652173913043,2.0,68.0,56,48,45,3,6,0,0.9,16.0,53,4,30,0,1,4096,256,16,1,1,54.1875,1,
mm,mm,full,fidelity,False,True,16,iid,0.1,1,s057,8,23.5,12.934782608695656,2.0,64.5,56,49,45,4,6,0,0.9,15.8515625,55,6,28,0,0,4058,256,16,1,1,61.125,2,57.99999999999999
mm,mm,full,fidelity,False,True,16,iid,0.1,2,s057,2,31.75,24.456521739130437,8.0,61.5,56,43,39,4,6,0,0.78,16.0,51,8,29,0,0,4096,256,16,1,15,86.875,0,
mm,mm,full,fidelity,False,True,16,iid,0.1,2,s057,3,21.75,11.684782608695654,6.0,60.0,56,46,44,2,6,0,0.88,15.0078125,49,2,34,0,1,3842,256,16,1,1,27.1875,0,
mm,mm,full,fidelity,False,True,16,iid,0.1,2,s057,4,25.5,21.03260869565217,10.0,66.0,56,45,42,3,6,0,0.84,15.72265625,50,4,40,0,1,4025,256,16,1,1,63.9375,2,
mm,mm,full,fidelity,False,True,16,iid,0.1,2,s057,5,33.75,24.619565217391305,4.0,69.0,56,50,46,4,6,0,0.92,15.87109375,54,3,38,0,1,4063,256,16,1,1,42.0625,2,
mm,mm,full,fidelity,False,True,16,iid,0.1,2,s057,6,27.750000000000004,17.282608695652176,0.0,68.5,56,49,47,2,6,0,0.94,16.0,53,3,46,0,1,4096,256,16,1,1,60.8125,2,
mm,mm,full,fidelity,False,True,16,iid,0.1,2,s057,7,28.25,16.195652173913043,2.0,78.0,56,48,45,3,6,0,0.9,15.953125,53,4,41,0,1,4084,256,16,1,1,50.3125,1,
mm,mm,full,fidelity,False,True,16,iid,0.1,2,s057,8,25.75,19.78260869565217,4.0,68.0,56,49,45,4,6,0,0.9,16.0,53,3,42,0,1,4096,256,16,1,1,63.625,4,64.0
