label,memory,gate,kind,noisy,relative,m_max,mode,rate,seed,user,session,eer,eer_k5,frr,far,n_stream,n_updates,gen_admitted,imp_admitted,imp_injected,atk_admitted,upd_rate_gen,mean_sv,g_accepted,g_rej_score,g_margin_binds,g_rej_meanfid,g_rej_drift,g_sv_total,g_decisions,M,anchors_in_P,enroll_in_P,mean_age,imp_in_P,atk_final_accept
static_noisy,static,none,fidelity,True,True,16,iid,0.1,0,s015,2,26.25,17.445652173913043,2.0,97.0,56,0,0,0,6,0,0.0,39.0,0,0,0,0,0,9984,256,50,0,50,81.5,0,
static_noisy,static,none,fidelity,True,True,16,iid,0.1,0,s015,3,25.75,22.1195652173913,0.0,97.0,56,0,0,0,6,0,0.0,39.0,0,0,0,0,0,9984,256,50,0,50,137.5,0,
static_noisy,static,none,fidelity,True,True,16,iid,0.1,0,s015,4,32.49999999999999,13.097826086956523,0.0,98.0,56,0,0,0,6,0,0.0,39.0,0,0,0,0,0,9984,256,50,0,50,193.5,0,
static_noisy,static,none,fidelity,True,True,16,iid,0.1,0,s015,5,36.25,35.97826086956522,0.0,98.5,56,0,0,0,6,0,0.0,39.0,0,0,0,0,0,9984,256,50,0,50,249.5,0,
static_noisy,static,none,fidelity,True,True,16,iid,0.1,0,s015,6,43.49999999999999,31.467391304347824,0.0,97.5,56,0,0,0,6,0,0.0,39.0,0,0,0,0,0,9984,256,50,0,50,305.5,0,
static_noisy,static,none,fidelity,True,True,16,iid,0.1,0,s015,7,44.25,34.891304347826086,0.0,99.0,56,0,0,0,6,0,0.0,39.0,0,0,0,0,0,9984,256,50,0,50,361.5,0,
static_noisy,static,none,fidelity,True,True,16,iid,0.1,0,s015,8,41.75,30.217391304347828,0.0,99.0,56,0,0,0,6,0,0.0,39.0,0,0,0,0,0,9984,256,50,0,50,417.5,0,94.0
static_noisy,static,none,fidelity,True,True,16,iid,0.1,1,s015,2,27.500000000000004,15.108695652173914,2.0,96.5,56,0,0,0,6,0,0.0,39.0,0,0,0,0,0,9984,256,50,0,50,81.5,0,
static_noisy,static,none,fidelity,True,True,16,iid,0.1,1,s015,3,25.75,23.3695652173913,0.0,99.0,56,0,0,0,6,0,0.0,39.0,0,0,0,0,0,9984,256,50,0,50,137.5,0,
static_noisy,static,none,fidelity,True,True,16,iid,0.1,1,s015,4,28.25,15.108695652173914,0.0,100.0,56,0,0,0,6,0,0.0,39.0,0,0,0,0,0,9984,256,50,0,50,193.5,0,
static_noisy,static,none,fidelity,True,True,16,iid,0.1,1,s015,5,36.25,33.80434782608695,0.0,99.5,56,0,0,0,6,0,0.0,39.0,0,0,0,0,0,9984,256,50,0,50,249.5,0,
static_noisy,static,none,fidelity,True,True,16,iid,0.1,1,s015,6,39.5,32.55434782608696,0.0,98.0,56,0,0,0,6,0,0.0,39.0,0,0,0,0,0,9984,256,50,0,50,305.5,0,
static_noisy,static,none,fidelity,True,True,16,iid,0.1,1,s015,7,37.5,28.967391304347828,0.0,99.5,56,0,0,0,6,0,0.0,39.0,0,0,0,0,0,9984,256,50,0,50,361.5,0,
static_noisy,static,none,fidelity,True,True,16,iid,0.1,1,s015,8,43.99999999999999,39.56521739130434,0.0,99.0,56,0,0,0,6,0,0.0,39.0,0,0,0,0,0,9984,256,50,0,50,417.5,0,100.0
static_noisy,static,none,fidelity,True,True,16,iid,0.1,2,s015,2,28.25,22.1195652173913,4.0,95.0,56,0,0,0,6,0,0.0,38.0,0,0,0,0,0,9728,256,50,0,50,81.5,0,
static_noisy,static,none,fidelity,True,True,16,iid,0.1,2,s015,3,24.25,22.1195652173913,0.0,94.5,56,0,0,0,6,0,0.0,38.0,0,0,0,0,0,9728,256,50,0,50,137.5,0,
static_noisy,static,none,fidelity,True,True,16,iid,0.1,2,s015,4,30.000000000000004,20.869565217391305,0.0,97.5,56,0,0,0,6,0,0.0,38.0,0,0,0,0,0,9728,256,50,0,50,193.5,0,
static_noisy,static,none,fidelity,True,True,16,iid,0.1,2,s015,5,35.75,30.380434782608702,0.0,96.0,56,0,0,0,6,0,0.0,38.0,0,0,0,0,0,9728,256,50,0,50,249.5,0,
static_noisy,static,none,fidelity,True,True,16,iid,0.1,2,s015,6,36.25,37.06521739130434,0.0,96.0,56,0,0,0,6,0,0.0,38.0,0,0,0,0,0,9728,256,50,0,50,305.5,0,
static_noisy,static,none,fidelity,True,True,16,iid,0.1,2,s015,7,43.99999999999999,37.22826086956522,0.0,96.0,56,0,0,0,6,0,0.0,38.0,0,0,0,0,0,9728,256,50,0,50,361.5,0,
static_noisy,static,none,fidelity,True,True,16,iid,0.1,2,s015,8,43.99999999999999,39.56521739130434,0.0,97.5,56,0,0,0,6,0,0.0,38.0,0,0,0,0,0,9728,256,50,0,50,417.5,0,96.0
window_noisy,window,none,fidelity,True,True,16,iid,0.1,0,s015,2,30.500000000000004,12.771739130434783,22.0,59.0,56,43,39,4,6,0,0.78,12.0703125,0,0,0,0,0,3090,256,16,0,0,9.125,2,
window_noisy,window,none,fidelity,True,True,16,iid,0.1,0,s015,3,20.5,6.847826086956524,2.0,64.5,56,51,49,2,6,0,0.98,12.5234375,0,0,0,0,0,3206,256,16,0,0,7.5,1,
window_noisy,window,none,fidelity,True,True,16,iid,0.1,0,s015,4,25.0,11.684782608695654,2.0,55.50000000000001,56,49,49,0,6,0,0.98,11.9765625,0,0,0,0,0,3066,256,16,0,0,8.1875,0,
window_noisy,window,none,fidelity,True,True,16,iid,0.1,0,s015,5,32.49999999999999,20.869565217391305,12.0,80.0,56,49,44,5,6,0,0.88,14.16796875,0,0,0,0,0,3627,256,16,0,0,10.6875,1,
window_noisy,window,none,fidelity,True,True,16,iid,0.1,0,s015,6,31.000000000000007,17.445652173913043,12.0,71.5,56,49,44,5,6,0,0.88,12.83984375,0,0,0,0,0,3287,256,16,0,0,8.3125,2,
window_noisy,window,none,fidelity,True,True,16,iid,0.1,0,s015,7,28.500000000000004,10.760869565217387,2.0,76.0,56,52,49,3,6,0,0.98,14.0546875,0,0,0,0,0,3598,256,16,0,0,7.9375,1,
window_noisy,window,none,fidelity,True,True,16,iid,0.1,0,s015,8,25.5,11.521739130434783,8.0,66.0,56,51,46,5,6,0,0.92,12.2890625,0,0,0,0,0,3146,256,16,0,0,7.5,2,40.0
window_noisy,window,none,fidelity,True,True,16,iid,0.1,1,s015,2,31.75,12.771739130434783,20.0,68.0,56,43,40,3,6,0,0.8,12.53125,0,0,0,0,0,3208,256,16,0,0,10.0,0,
window_noisy,window,none,fidelity,True,True,16,iid,0.1,1,s015,3,22.25,9.347826086956523,8.0,59.5,56,48,46,2,6,0,0.92,12.05078125,0,0,0,0,0,3085,256,16,0,0,8.5,0,
window_noisy,window,none,fidelity,True,True,16,iid,0.1,1,s015,4,24.5,9.347826086956523,2.0,65.0,56,53,49,4,6,0,0.98,12.578125,0,0,0,0,0,3220,256,16,0,0,7.5,2,
window_noisy,window,none,fidelity,True,True,16,iid,0.1,1,s015,5,32.25,25.543478260869566,10.0,74.0,56,51,45,6,6,0,0.9,14.25,0,0,0,0,0,3648,256,16,0,0,8.625,3,
window_noisy,window,none,fidelity,True,True,16,iid,0.1,1,s015,6,25.75,14.021739130434783,8.0,67.5,56,51,46,5,6,0,0.92,12.84375,0,0,0,0,0,3288,256,16,0,0,9.25,1,
window_noisy,window,none,fidelity,True,True,16,iid,0.1,1,s015,7,31.499999999999996,13.858695652173914,4.0,77.0,56,53,48,5,6,0,0.96,14.3125,0,0,0,0,0,3664,256,16,0,0,7.5,2,
window_noisy,window,none,fidelity,True,True,16,iid,0.1,1,s015,8,22.5,8.42391304347826,14.000000000000002,66.0,56,48,43,5,6,0,0.86,11.9375,0,0,0,0,0,3056,256,16,0,0,7.875,1,80.0
window_noisy,window,none,fidelity,True,True,16,iid,0.1,2,s015,2,26.75,15.108695652173914,20.0,55.50000000000001,56,44,40,4,6,0,0.8,12.94921875,0,0,0,0,0,3315,256,16,0,0,9.4375,1,
window_noisy,window,none,fidelity,True,True,16,iid,0.1,2,s015,3,20.75,10.434782608695654,8.0,59.0,56,50,46,4,6,0,0.92,12.30859375,0,0,0,0,0,3151,256,16,0,0,7.625,2,
window_noisy,window,none,fidelity,True,True,16,iid,0.1,2,s015,4,22.75,15.271739130434783,4.0,59.0,56,51,48,3,6,0,0.96,12.27734375,0,0,0,0,0,3143,256,16,0,0,7.875,2,
window_noisy,window,none,fidelity,True,True,16,iid,0.1,2,s015,5,35.25,16.195652173913043,12.0,69.5,56,48,44,4,6,0,0.88,13.76171875,0,0,0,0,0,3523,256,16,0,0,10.625,1,
window_noisy,window,none,fidelity,True,True,16,iid,0.1,2,s015,6,30.000000000000004,18.53260869565217,16.0,70.5,56,47,42,5,6,0,0.84,12.58984375,0,0,0,0,0,3223,256,16,0,0,8.4375,2,
window_noisy,window,none,fidelity,True,True,16,iid,0.1,2,s015,7,24.5,12.771739130434783,2.0,69.5,56,55,49,6,6,0,0.98,14.3046875,0,0,0,0,0,3662,256,16,0,0,7.5,4,
window_noisy,window,none,fidelity,True,True,16,iid,0.1,2,s015,8,26.75,13.858695652173914,8.0,68.0,56,50,46,4,6,0,0.92,12.23046875,0,0,0,0,0,3131,256,16,0,0,7.5,3,70.0
aeqkad_noisy,window,full,fidelity,True,True,16,iid,0.1,0,s015,2,28.000000000000004,16.358695652173914,16.0,55.50000000000001,56,36,34,2,6,0,0.68,11.37890625,46,9,14,0,1,2913,256,16,0,0,13.75,1,
aeqkad_noisy,window,full,fidelity,True,True,16,iid,0.1,0,s015,3,21.75,6.847826086956524,8.0,49.0,56,41,41,0,6,0,0.82,10.8359375,46,5,14,0,0,2774,256,16,0,0,9.0625,0,
aeqkad_noisy,window,full,fidelity,True,True,16,iid,0.1,0,s015,4,28.500000000000004,17.608695652173914,8.0,51.5,56,37,37,0,6,0,0.74,10.62890625,47,10,11,0,0,2721,256,16,0,0,17.8125,0,
aeqkad_noisy,window,full,fidelity,True,True,16,iid,0.1,0,s015,5,35.0,24.1304347826087,14.000000000000002,72.5,56,43,40,3,6,0,0.8,13.171875,47,4,13,0,0,3372,256,16,0,0,11.1875,1,
aeqkad_noisy,window,full,fidelity,True,True,16,iid,0.1,0,s015,6,29.25,10.597826086956523,10.0,68.0,56,41,39,2,6,0,0.78,11.90625,50,7,16,0,2,3048,256,16,0,0,10.5625,1,
aeqkad_noisy,window,full,fidelity,True,True,16,iid,0.1,0,s015,7,28.75,10.760869565217387,2.0,72.5,56,48,45,3,6,0,0.9,13.8984375,52,4,17,0,0,3558,256,16,0,0,9.625,1,
aeqkad_noisy,window,full,fidelity,True,True,16,iid,0.1,0,s015,8,26.25,12.771739130434783,18.0,56.49999999999999,56,37,36,1,6,0,0.72,9.796875,46,7,14,0,2,2508,256,16,0,0,14.0,1,16.0
aeqkad_noisy,window,full,fidelity,True,True,16,iid,0.1,1,s015,2,28.000000000000004,17.445652173913043,16.0,61.5,56,35,35,0,6,0,0.7,11.55859375,45,8,3,0,2,2959,256,16,0,0,12.3125,0,
aeqkad_noisy,window,full,fidelity,True,True,16,iid,0.1,1,s015,3,22.25,10.434782608695654,8.0,52.0,56,41,41,0,6,0,0.82,11.05078125,48,7,0,0,0,2829,256,16,0,0,9.5,0,
aeqkad_noisy,window,full,fidelity,True,True,16,iid,0.1,1,s015,4,28.500000000000004,17.608695652173914,6.0,52.0,56,37,36,1,6,0,0.72,10.76953125,51,13,0,0,1,2757,256,16,0,0,15.5,1,
aeqkad_noisy,window,full,fidelity,True,True,16,iid,0.1,1,s015,5,27.500000000000004,20.869565217391305,12.0,66.0,56,42,39,3,6,0,0.78,13.30078125,50,6,0,0,2,3405,256,16,0,0,10.875,2,
aeqkad_noisy,window,full,fidelity,True,True,16,iid,0.1,1,s015,6,29.000000000000004,18.53260869565217,8.0,63.5,56,42,38,4,6,0,0.76,11.74609375,51,8,2,0,1,3007,256,16,0,0,10.75,1,
aeqkad_noisy,window,full,fidelity,True,True,16,iid,0.1,1,s015,7,30.000000000000004,11.684782608695654,4.0,68.0,56,43,42,1,6,0,0.84,13.60546875,52,8,2,0,1,3483,256,16,0,0,10.5,0,
aeqkad_noisy,window,full,fidelity,True,True,16,iid,0.1,1,s015,8,28.000000000000004,8.42391304347826,18.0,54.50000000000001,56,37,36,1,6,0,0.72,9.453125,46,7,2,0,2,2420,256,16,0,0,14.125,0,56.00000000000001
aeqkad_noisy,window,full,fidelity,True,True,16,iid,0.1,2,s015,2,26.25,16.195652173913043,18.0,53.5,56,37,36,1,6,0,0.72,11.7890625,43,4,3,0,2,3018,256,16,0,0,12.75,1,
aeqkad_noisy,window,full,fidelity,True,True,16,iid,0.1,2,s015,3,22.25,6.847826086956524,8.0,52.0,56,43,41,2,6,0,0.82,10.91796875,50,7,0,0,0,2795,256,16,0,0,8.5,2,
aeqkad_noisy,window,full,fidelity,True,True,16,iid,0.1,2,s015,4,28.25,15.108695652173914,8.0,50.5,56,38,37,1,6,0,0.74,10.578125,47,9,1,0,0,2708,256,16,0,0,15.8125,1,
aeqkad_noisy,window,full,fidelity,True,True,16,iid,0.1,2,s015,5,30.25,11.684782608695654,14.000000000000002,56.49999999999999,56,41,39,2,6,0,0.78,12.76171875,47,6,2,0,0,3267,256,16,0,0,12.375,1,
aeqkad_noisy,window,full,fidelity,True,True,16,iid,0.1,2,s015,6,28.000000000000004,19.78260869565217,12.0,63.5,56,40,39,1,6,0,0.78,11.32421875,47,7,4,0,0,2899,256,16,0,0,11.8125,0,
aeqkad_noisy,window,full,fidelity,True,True,16,iid,0.1,2,s015,7,26.5,17.445652173913043,2.0,66.5,56,49,45,4,6,0,0.9,13.80859375,55,6,3,0,0,3535,256,16,0,0,9.375,3,
aeqkad_noisy,window,full,fidelity,True,True,16,iid,0.1,2,s015,8,33.25,10.434782608695654,14.000000000000002,55.50000000000001,56,36,35,1,6,0,0.7,9.640625,46,9,1,0,1,2468,256,16,0,0,16.6875,1,0.0
mm_noisy,mm,full,fidelity,True,True,16,iid,0.1,0,s015,2,23.25,17.445652173913043,2.0,94.5,56,40,37,3,6,0,0.74,16.0,55,9,28,0,6,4096,256,16,1,15,78.875,0,
mm_noisy,mm,full,fidelity,True,True,16,iid,0.1,0,s015,3,32.0,18.53260869565217,2.0,87.5,56,43,43,0,6,0,0.86,15.65234375,53,7,18,0,3,4007,256,16,1,1,25.0,0,
mm_noisy,mm,full,fidelity,True,True,16,iid,0.1,0,s015,4,23.5,14.021739130434783,2.0,69.0,56,39,39,0,6,0,0.78,15.66015625,50,5,17,0,6,4009,256,16,1,1,51.9375,0,
mm_noisy,mm,full,fidelity,True,True,16,iid,0.1,0,s015,5,28.25,21.956521739130437,6.0,81.0,56,45,42,3,6,0,0.84,15.9765625,53,6,20,0,2,4090,256,16,1,1,52.1875,2,
mm_noisy,mm,full,fidelity,True,True,16,iid,0.1,0,s015,6,27.500000000000004,17.445652173913043,4.0,80.5,56,45,42,3,6,0,0.84,15.92578125,53,6,22,0,2,4077,256,16,1,1,63.4375,1,
mm_noisy,mm,full,fidelity,True,True,16,iid,0.1,0,s015,7,27.250000000000004,17.445652173913043,0.0,84.5,56,51,48,3,6,0,0.96,15.99609375,54,2,22,0,1,4095,256,16,1,1,48.75,1,
mm_noisy,mm,full,fidelity,True,True,16,iid,0.1,0,s015,8,25.0,15.108695652173914,0.0,86.0,56,37,36,1,6,0,0.72,16.0,56,8,29,0,11,4096,256,16,1,1,87.9375,1,72.0
mm_noisy,mm,full,fidelity,True,True,16,iid,0.1,1,s015,2,27.500000000000004,14.021739130434783,2.0,96.0,56,34,34,0,6,0,0.68,16.0,54,13,12,0,7,4096,256,16,1,16,82.875,0,
mm_noisy,mm,full,fidelity,True,True,16,iid,0.1,1,s015,3,25.75,21.956521739130437,0.0,91.0,56,39,39,0,6,0,0.78,15.94921875,54,11,2,0,4,4083,256,16,1,6,53.875,0,
mm_noisy,mm,full,fidelity,True,True,16,iid,0.1,1,s015,4,23.5,14.021739130434783,4.0,64.5,56,39,38,1,6,0,0.76,15.08984375,52,5,0,0,8,3863,256,16,1,1,49.125,1,
mm_noisy,mm,full,fidelity,True,True,16,iid,0.1,1,s015,5,26.0,19.78260869565217,6.0,71.0,56,40,38,2,6,0,0.76,15.375,53,9,5,0,4,3936,256,16,1,1,58.875,1,
mm_noisy,mm,full,fidelity,True,True,16,iid,0.1,1,s015,6,28.000000000000004,17.445652173913043,6.0,75.0,56,47,43,4,6,0,0.86,15.9453125,52,3,9,0,2,4082,256,16,1,1,51.8125,2,
mm_noisy,mm,full,fidelity,True,True,16,iid,0.1,1,s015,7,27.750000000000004,12.771739130434783,0.0,75.5,56,46,45,1,6,0,0.9,15.75,54,6,9,0,2,4032,256,16,1,1,54.9375,0,
mm_noisy,mm,full,fidelity,True,True,16,iid,0.1,1,s015,8,29.25,22.1195652173913,2.0,77.5,56,38,37,1,6,0,0.74,15.18359375,54,9,12,0,7,3887,256,16,1,1,58.625,1,57.99999999999999
mm_noisy,mm,full,fidelity,True,True,16,iid,0.1,2,s015,2,31.75,17.445652173913043,2.0,88.5,56,32,32,0,6,0,0.64,16.0,55,15,8,0,8,4096,256,16,1,16,81.0,0,
mm_noisy,mm,full,fidelity,True,True,16,iid,0.1,2,s015,3,27.500000000000004,22.1195652173913,2.0,90.5,56,40,39,1,6,0,0.78,15.953125,54,11,2,0,3,4084,256,16,1,7,60.875,0,
mm_noisy,mm,full,fidelity,True,True,16,iid,0.1,2,s015,4,24.25,10.271739130434783,4.0,62.0,56,37,36,1,6,0,0.72,14.71484375,51,9,0,0,5,3767,256,16,1,1,52.0,0,
mm_noisy,mm,full,fidelity,True,True,16,iid,0.1,2,s015,5,28.25,17.608695652173914,10.0,64.5,56,42,39,3,6,0,0.78,15.94921875,49,6,4,0,1,4083,256,16,1,1,57.625,0,
mm_noisy,mm,full,fidelity,True,True,16,iid,0.1,2,s015,6,27.750000000000004,17.445652173913043,6.0,74.5,56,43,42,1,6,0,0.84,15.8984375,51,8,11,0,0,4070,256,16,1,1,56.6875,1,
mm_noisy,mm,full,fidelity,True,True,16,iid,0.1,2,s015,7,23.5,12.934782608695656,0.0,76.0,56,49,45,4,6,0,0.9,16.0,56,5,7,0,2,4096,256,16,1,1,59.625,2,
mm_noisy,mm,full,fidelity,True,True,16,iid,0.1,2,s015,8,28.500000000000004,18.695652173913043,4.0,80.0,56,38,37,1,6,0,0.74,15.2265625,52,8,11,0,6,3898,256,16,1,1,75.1875,1,72.0
static_noisy,static,none,fidelity,True,True,16,iid,0.1,0,s016,2,5.500000000000003,0.0,4.0,54.0,56,0,0,0,6,0,0.0,46.0,0,0,0,0,0,11776,256,50,0,50,81.5,0,
static_noisy,static,none,fidelity,True,True,16,iid,0.1,0,s016,3,16.500000000000004,9.347826086956523,8.0,56.00000000000001,56,0,0,0,6,0,0.0,46.0,0,0,0,0,0,11776,256,50,0,50,137.5,0,
static_noisy,static,none,fidelity,True,True,16,iid,0.1,0,s016,4,23.75,8.097826086956525,12.0,44.5,56,0,0,0,6,0,0.0,46.0,0,0,0,0,0,11776,256,50,0,50,193.5,0,
static_noisy,static,none,fidelity,True,True,16,iid,0.1,0,s016,5,21.75,8.260869565217389,6.0,52.0,56,0,0,0,6,0,0.0,46.0,0,0,0,0,0,11776,256,50,0,50,249.5,0,
static_noisy,static,none,fidelity,True,True,16,iid,0.1,0,s016,6,15.750000000000004,10.434782608695654,10.0,46.5,56,0,0,0,6,0,0.0,46.0,0,0,0,0,0,11776,256,50,0,50,305.5,0,
static_noisy,static,none,fidelity,True,True,16,iid,0.1,0,s016,7,65.5,45.326086956521735,70.0,50.0,56,0,0,0,6,0,0.0,46.0,0,0,0,0,0,11776,256,50,0,50,361.5,0,
static_noisy,static,none,fidelity,True,True,16,iid,0.1,0,s016,8,49.75,36.141304347826086,48.0,44.0,56,0,0,0,6,0,0.0,46.0,0,0,0,0,0,11776,256,50,0,50,417.5,0,68.0
static_noisy,static,none,fidelity,True,True,16,iid,0.1,1,s016,2,7.999999999999999,0.0,4.0,43.5,56,0,0,0,6,0,0.0,45.0,0,0,0,0,0,11520,256,50,0,50,81.5,0,
static_noisy,static,none,fidelity,True,True,16,iid,0.1,1,s016,3,16.250000000000004,9.184782608695654,12.0,39.0,56,0,0,0,6,0,0.0,45.0,0,0,0,0,0,11520,256,50,0,50,137.5,0,
static_noisy,static,none,fidelity,True,True,16,iid,0.1,1,s016,4,26.0,9.347826086956523,18.0,38.5,56,0,0,0,6,0,0.0,45.0,0,0,0,0,0,11520,256,50,0,50,193.5,0,
static_noisy,static,none,fidelity,True,True,16,iid,0.1,1,s016,5,20.25,4.67391304347826,14.000000000000002,40.0,56,0,0,0,6,0,0.0,45.0,0,0,0,0,0,11520,256,50,0,50,249.5,0,
static_noisy,static,none,fidelity,True,True,16,iid,0.1,1,s016,6,18.000000000000004,10.434782608695654,10.0,30.0,56,0,0,0,6,0,0.0,45.0,0,0,0,0,0,11520,256,50,0,50,305.5,0,
static_noisy,static,none,fidelity,True,True,16,iid,0.1,1,s016,7,63.74999999999999,47.66304347826087,74.0,35.5,56,0,0,0,6,0,0.0,45.0,0,0,0,0,0,11520,256,50,0,50,361.5,0,
static_noisy,static,none,fidelity,True,True,16,iid,0.1,1,s016,8,49.0,39.40217391304348,50.0,33.0,56,0,0,0,6,0,0.0,45.0,0,0,0,0,0,11520,256,50,0,50,417.5,0,4.0
static_noisy,static,none,fidelity,True,True,16,iid,0.1,2,s016,2,5.250000000000003,0.0,4.0,50.5,56,0,0,0,6,0,0.0,45.0,0,0,0,0,0,11520,256,50,0,50,81.5,0,
static_noisy,static,none,fidelity,True,True,16,iid,0.1,2,s016,3,18.000000000000004,3.58695652173913,10.0,51.5,56,0,0,0,6,0,0.0,45.0,0,0,0,0,0,11520,256,50,0,50,137.5,0,
static_noisy,static,none,fidelity,True,True,16,iid,0.1,2,s016,4,24.0,14.945652173913045,16.0,44.5,56,0,0,0,6,0,0.0,45.0,0,0,0,0,0,11520,256,50,0,50,193.5,0,
static_noisy,static,none,fidelity,True,True,16,iid,0.1,2,s016,5,17.500000000000004,9.184782608695654,8.0,44.0,56,0,0,0,6,0,0.0,45.0,0,0,0,0,0,11520,256,50,0,50,249.5,0,
static_noisy,static,none,fidelity,True,True,16,iid,0.1,2,s016,6,15.750000000000004,15.108695652173914,10.0,41.5,56,0,0,0,6,0,0.0,45.0,0,0,0,0,0,11520,256,50,0,50,305.5,0,
static_noisy,static,none,fidelity,True,True,16,iid,0.1,2,s016,7,61.0,52.33695652173913,70.0,42.0,56,0,0,0,6,0,0.0,45.0,0,0,0,0,0,11520,256,50,0,50,361.5,0,
static_noisy,static,none,fidelity,True,True,16,iid,0.1,2,s016,8,44.75,40.48913043478261,48.0,44.0,56,0,0,0,6,0,0.0,45.0,0,0,0,0,0,11520,256,50,0,50,417.5,0,78.0
window_noisy,window,none,fidelity,True,True,16,iid,0.1,0,s016,2,15.750000000000004,4.67391304347826,6.0,47.5,56,52,47,5,6,0,0.94,13.50390625,0,0,0,0,0,3457,256,16,0,0,7.875,0,
window_noisy,window,none,fidelity,True,True,16,iid,0.1,0,s016,3,21.0,14.184782608695654,16.0,43.0,56,45,42,3,6,0,0.84,13.5546875,0,0,0,0,0,3470,256,16,0,0,7.5,0,
window_noisy,window,none,fidelity,True,True,16,iid,0.1,0,s016,4,32.99999999999999,18.53260869565217,20.0,65.0,56,44,40,4,6,0,0.8,15.640625,0,0,0,0,0,4004,256,16,0,0,8.3125,1,
window_noisy,window,none,fidelity,True,True,16,iid,0.1,0,s016,5,19.75,2.33695652173913,12.0,59.0,56,45,44,1,6,0,0.88,14.234375,0,0,0,0,0,3644,256,16,0,0,9.1875,0,
window_noisy,window,none,fidelity,True,True,16,iid,0.1,0,s016,6,29.75,9.184782608695654,12.0,65.0,56,49,44,5,6,0,0.88,13.7890625,0,0,0,0,0,3530,256,16,0,0,8.125,3,
window_noisy,window,none,fidelity,True,True,16,iid,0.1,0,s016,7,23.25,14.021739130434783,8.0,79.5,56,51,46,5,6,0,0.92,12.140625,0,0,0,0,0,3108,256,16,0,0,8.5,2,
window_noisy,window,none,fidelity,True,True,16,iid,0.1,0,s016,8,24.0,8.260869565217389,10.0,62.0,56,50,45,5,6,0,0.9,12.6875,0,0,0,0,0,3248,256,16,0,0,7.875,1,20.0
window_noisy,window,none,fidelity,True,True,16,iid,0.1,1,s016,2,13.750000000000002,1.25,8.0,32.5,56,48,46,2,6,0,0.92,12.8203125,0,0,0,0,0,3282,256,16,0,0,8.875,0,
window_noisy,window,none,fidelity,True,True,16,iid,0.1,1,s016,3,27.750000000000004,10.434782608695654,22.0,41.0,56,40,39,1,6,0,0.78,13.3046875,0,0,0,0,0,3406,256,16,0,0,8.4375,0,
window_noisy,window,none,fidelity,True,True,16,iid,0.1,1,s016,4,31.75,15.108695652173914,28.000000000000004,43.0,56,38,36,2,6,0,0.72,15.3515625,0,0,0,0,0,3930,256,16,0,0,11.75,1,
window_noisy,window,none,fidelity,True,True,16,iid,0.1,1,s016,5,15.500000000000004,7.01086956521739,18.0,37.0,56,43,41,2,6,0,0.82,14.1796875,0,0,0,0,0,3630,256,16,0,0,11.1875,0,
window_noisy,window,none,fidelity,True,True,16,iid,0.1,1,s016,6,19.0,7.01086956521739,12.0,35.0,56,45,44,1,6,0,0.88,13.7578125,0,0,0,0,0,3522,256,16,0,0,7.5,0,
window_noisy,window,none,fidelity,True,True,16,iid,0.1,1,s016,7,43.00000000000001,39.56521739130434,40.0,45.0,56,34,30,4,6,0,0.6,11.3359375,0,0,0,0,0,2902,256,16,0,0,9.0,3,
window_noisy,window,none,fidelity,True,True,16,iid,0.1,1,s016,8,28.500000000000004,19.6195652173913,12.0,56.00000000000001,56,46,44,2,6,0,0.88,12.5859375,0,0,0,0,0,3222,256,16,0,0,9.3125,1,40.0
window_noisy,window,none,fidelity,True,True,16,iid,0.1,2,s016,2,6.499999999999997,0.0,8.0,19.5,56,46,46,0,6,0,0.92,12.51953125,0,0,0,0,0,3205,256,16,0,0,7.875,0,
window_noisy,window,none,fidelity,True,True,16,iid,0.1,2,s016,3,26.0,12.771739130434783,18.0,47.0,56,43,41,2,6,0,0.82,13.53125,0,0,0,0,0,3464,256,16,0,0,7.5,0,
window_noisy,window,none,fidelity,True,True,16,iid,0.1,2,s016,4,34.0,17.445652173913043,24.0,49.5,56,40,38,2,6,0,0.76,15.4921875,0,0,0,0,0,3966,256,16,0,0,9.375,1,
window_noisy,window,none,fidelity,True,True,16,iid,0.1,2,s016,5,22.25,10.434782608695654,16.0,58.5,56,45,42,3,6,0,0.84,14.21875,0,0,0,0,0,3640,256,16,0,0,8.4375,1,
window_noisy,window,none,fidelity,True,True,16,iid,0.1,2,s016,6,23.75,7.01086956521739,12.0,63.5,56,47,44,3,6,0,0.88,13.85546875,0,0,0,0,0,3547,256,16,0,0,7.625,0,
window_noisy,window,none,fidelity,True,True,16,iid,0.1,2,s016,7,41.75,39.56521739130434,40.0,45.5,56,33,30,3,6,0,0.6,11.28125,0,0,0,0,0,2888,256,16,0,0,8.625,2,
window_noisy,window,none,fidelity,True,True,16,iid,0.1,2,s016,8,28.25,15.108695652173914,10.0,65.0,56,49,45,4,6,0,0.9,13.03125,0,0,0,0,0,3336,256,16,0,0,8.8125,0,2.0
aeqkad_noisy,window,full,fidelity,True,True,16,iid,0.1,0,s016,2,10.0,0.0,6.0,30.0,56,42,42,0,6,0,0.84,12.55078125,50,5,47,0,3,3213,256,16,0,0,11.0,0,
aeqkad_noisy,window,full,fidelity,True,True,16,iid,0.1,0,s016,3,27.250000000000004,14.021739130434783,28.000000000000004,28.000000000000004,56,15,15,0,6,0,0.3,11.66796875,38,6,24,0,17,2987,256,16,0,0,19.1875,0,
aeqkad_noisy,window,full,fidelity,True,True,16,iid,0.1,0,s016,4,32.0,12.771739130434783,26.0,38.5,56,25,24,1,6,0,0.48,14.171875,39,10,26,0,4,3628,256,16,0,0,14.4375,1,
aeqkad_noisy,window,full,fidelity,True,True,16,iid,0.1,0,s016,5,21.0,1.25,12.0,49.0,56,39,39,0,6,0,0.78,13.44921875,44,3,39,0,2,3443,256,16,0,0,10.3125,0,
aeqkad_noisy,window,full,fidelity,True,True,16,iid,0.1,0,s016,6,22.25,7.01086956521739,16.0,36.0,56,31,31,0,6,0,0.62,11.2421875,45,6,35,0,8,2878,256,16,0,0,10.3125,0,
aeqkad_noisy,window,full,fidelity,True,True,16,iid,0.1,0,s016,7,64.5,66.35869565217392,88.0,42.0,56,2,2,0,6,0,0.04,9.99609375,7,1,4,0,4,2559,256,16,0,0,61.375,0,
aeqkad_noisy,window,full,fidelity,True,True,16,iid,0.1,0,s016,8,50.24999999999999,45.326086956521735,48.0,46.5,56,11,11,0,6,0,0.22,11.26171875,28,9,16,0,8,2883,256,16,0,0,39.9375,0,16.0
aeqkad_noisy,window,full,fidelity,True,True,16,iid,0.1,1,s016,2,8.75,0.0,8.0,21.5,56,41,41,0,6,0,0.82,12.28125,48,5,14,0,2,3144,256,16,0,0,12.375,0,
aeqkad_noisy,window,full,fidelity,True,True,16,iid,0.1,1,s016,3,26.5,12.771739130434783,34.0,14.499999999999998,56,19,19,0,6,0,0.38,11.21484375,33,11,3,0,3,2871,256,16,0,0,14.875,0,
aeqkad_noisy,window,full,fidelity,True,True,16,iid,0.1,1,s016,4,28.250000000000004,6.847826086956524,34.0,26.0,56,26,25,1,6,0,0.5,14.30859375,35,8,7,0,1,3663,256,16,0,0,17.125,0,
aeqkad_noisy,window,full,fidelity,True,True,16,iid,0.1,1,s016,5,15.500000000000004,0.0,16.0,29.0,56,36,36,0,6,0,0.72,13.18359375,43,7,12,0,0,3375,256,16,0,0,11.1875,0,
aeqkad_noisy,window,full,fidelity,True,True,16,iid,0.1,1,s016,6,24.0,8.097826086956525,16.0,27.500000000000004,56,29,29,0,6,0,0.58,11.421875,43,11,6,0,3,2924,256,16,0,0,9.0,0,
aeqkad_noisy,window,full,fidelity,True,True,16,iid,0.1,1,s016,7,62.0,54.673913043478265,88.0,22.5,56,2,2,0,6,0,0.04,9.39453125,9,6,0,0,1,2405,256,16,0,0,60.4375,0,
aeqkad_noisy,window,full,fidelity,True,True,16,iid,0.1,1,s016,8,60.25,58.26086956521739,70.0,34.0,56,10,10,0,6,0,0.2,10.21875,17,4,3,0,3,2616,256,16,0,0,44.0,0,4.0
aeqkad_noisy,window,full,fidelity,True,True,16,iid,0.1,2,s016,2,12.0,0.0,8.0,18.0,56,41,41,0,6,0,0.82,12.17578125,46,2,25,0,3,3117,256,16,0,0,10.8125,0,
aeqkad_noisy,window,full,fidelity,True,True,16,iid,0.1,2,s016,3,29.75,12.771739130434783,34.0,25.5,56,19,19,0,6,0,0.38,11.59765625,35,12,7,0,4,2969,256,16,0,0,13.625,0,
aeqkad_noisy,window,full,fidelity,True,True,16,iid,0.1,2,s016,4,30.000000000000004,13.858695652173914,30.0,34.0,56,22,22,0,6,0,0.44,14.1171875,36,11,9,0,3,3614,256,16,0,0,19.25,0,
aeqkad_noisy,window,full,fidelity,True,True,16,iid,0.1,2,s016,5,19.5,0.0,14.000000000000002,34.5,56,32,32,0,6,0,0.64,13.0,45,8,15,0,5,3328,256,16,0,0,11.0625,0,
aeqkad_noisy,window,full,fidelity,True,True,16,iid,0.1,2,s016,6,22.0,9.347826086956523,16.0,29.5,56,29,29,0,6,0,0.58,11.42578125,42,10,19,0,3,2925,256,16,0,0,9.25,0,
aeqkad_noisy,window,full,fidelity,True,True,16,iid,0.1,2,s016,7,61.5,51.08695652173913,88.0,22.5,56,2,2,0,6,0,0.04,9.0,7,2,0,0,3,2304,256,16,0,0,60.375,0,
aeqkad_noisy,window,full,fidelity,True,True,16,iid,0.1,2,s016,8,57.00000000000001,58.26086956521739,68.0,40.5,56,9,9,0,6,0,0.18,9.3671875,18,5,4,0,4,2398,256,16,0,0,49.875,0,8.0
mm_noisy,mm,full,fidelity,True,True,16,iid,0.1,0,s016,2,9.499999999999998,0.0,2.0,60.5,56,43,41,2,6,0,0.82,16.0,53,3,52,0,7,4096,256,16,1,16,81.6875,0,
mm_noisy,mm,full,fidelity,True,True,16,iid,0.1,0,s016,3,18.250000000000004,8.097826086956525,0.0,68.5,56,15,15,0,6,0,0.3,16.0,52,9,46,0,28,4096,256,16,1,11,92.3125,0,
mm_noisy,mm,full,fidelity,True,True,16,iid,0.1,0,s016,4,25.75,9.184782608695654,16.0,48.0,56,23,23,0,6,0,0.46,15.8046875,45,13,37,0,9,4046,256,16,1,2,47.5625,0,
mm_noisy,mm,full,fidelity,True,True,16,iid,0.1,0,s016,5,22.75,2.33695652173913,8.0,74.5,56,39,39,0,6,0,0.78,15.96484375,50,6,42,0,5,4087,256,16,1,1,57.9375,0,
mm_noisy,mm,full,fidelity,True,True,16,iid,0.1,0,s016,6,18.250000000000004,4.67391304347826,10.0,72.5,56,33,33,0,6,0,0.66,16.0,51,5,45,0,13,4096,256,16,1,1,98.5,0,
mm_noisy,mm,full,fidelity,True,True,16,iid,0.1,0,s016,7,30.75,15.108695652173914,8.0,75.5,56,2,2,0,6,0,0.04,16.0,50,12,39,0,36,4096,256,16,1,1,141.6875,0,
mm_noisy,mm,full,fidelity,True,True,16,iid,0.1,0,s016,8,24.0,12.771739130434783,6.0,71.0,56,11,11,0,6,0,0.22,15.8046875,52,5,48,0,36,4046,256,16,1,1,118.4375,0,50.0
mm_noisy,mm,full,fidelity,True,True,16,iid,0.1,1,s016,2,9.749999999999998,0.0,6.0,37.5,56,40,40,0,6,0,0.8,16.0,50,5,29,0,5,4096,256,16,1,16,79.5,0,
mm_noisy,mm,full,fidelity,True,True,16,iid,0.1,1,s016,3,22.0,9.347826086956523,18.0,38.0,56,20,20,0,6,0,0.4,16.0,42,7,12,0,15,4096,256,16,1,11,91.625,0,
mm_noisy,mm,full,fidelity,True,True,16,iid,0.1,1,s016,4,25.75,8.260869565217389,26.0,25.5,56,25,24,1,6,0,0.48,15.90625,39,12,8,0,2,4072,256,16,1,1,43.9375,0,
mm_noisy,mm,full,fidelity,True,True,16,iid,0.1,1,s016,5,22.25,2.33695652173913,10.0,45.5,56,36,36,0,6,0,0.72,15.96484375,47,10,13,0,1,4087,256,16,1,1,67.6875,0,
mm_noisy,mm,full,fidelity,True,True,16,iid,0.1,1,s016,6,20.25,4.67391304347826,12.0,47.5,56,32,32,0,6,0,0.64,16.0,47,7,22,0,8,4096,256,16,1,1,87.3125,0,
mm_noisy,mm,full,fidelity,True,True,16,iid,0.1,1,s016,7,28.25,24.293478260869566,14.000000000000002,48.5,56,2,2,0,6,0,0.04,16.0,46,19,1,0,25,4096,256,16,1,1,139.1875,0,
mm_noisy,mm,full,fidelity,True,True,16,iid,0.1,1,s016,8,20.0,7.17391304347826,8.0,50.0,56,12,12,0,6,0,0.24,15.90234375,50,13,8,0,25,4071,256,16,1,1,105.875,0,6.0
mm_noisy,mm,full,fidelity,True,True,16,iid,0.1,2,s016,2,7.499999999999998,0.0,6.0,46.5,56,41,41,0,6,0,0.82,16.0,51,5,36,0,5,4096,256,16,1,16,81.875,0,
mm_noisy,mm,full,fidelity,True,True,16,iid,0.1,2,s016,3,16.500000000000004,8.097826086956525,8.0,51.0,56,20,20,0,6,0,0.4,16.0,51,11,18,0,20,4096,256,16,1,10,83.875,0,
mm_noisy,mm,full,fidelity,True,True,16,iid,0.1,2,s016,4,27.0,8.097826086956525,24.0,39.5,56,25,25,0,6,0,0.5,15.9765625,39,8,16,0,6,4090,256,16,1,1,40.6875,0,
mm_noisy,mm,full,fidelity,True,True,16,iid,0.1,2,s016,5,18.250000000000004,1.0869565217391297,12.0,54.50000000000001,56,38,38,0,6,0,0.76,15.9921875,46,4,30,0,4,4094,256,16,1,1,72.0,0,
mm_noisy,mm,full,fidelity,True,True,16,iid,0.1,2,s016,6,15.000000000000002,4.67391304347826,10.0,60.0,56,34,34,0,6,0,0.68,16.0,50,8,31,0,8,4096,256,16,1,1,90.8125,0,
mm_noisy,mm,full,fidelity,True,True,16,iid,0.1,2,s016,7,42.99999999999999,31.467391304347824,22.0,68.0,56,2,2,0,6,0,0.04,16.0,43,22,2,0,19,4096,256,16,1,1,136.0,0,
mm_noisy,mm,full,fidelity,True,True,16,iid,0.1,2,s016,8,34.25,30.217391304347828,8.0,70.5,56,10,10,0,6,0,0.2,15.8046875,51,20,16,0,21,4046,256,16,1,1,110.9375,0,56.00000000000001
static_noisy,static,none,fidelity,True,True,16,iid,0.1,0,s017,2,8.499999999999998,1.25,2.0,36.0,56,0,0,0,6,0,0.0,40.0,0,0,0,0,0,10240,256,50,0,50,81.5,0,
static_noisy,static,none,fidelity,True,True,16,iid,0.1,0,s017,3,8.249999999999998,0.0,2.0,41.5,56,0,0,0,6,0,0.0,40.0,0,0,0,0,0,10240,256,50,0,50,137.5,0,
static_noisy,static,none,fidelity,True,True,16,iid,0.1,0,s017,4,7.499999999999998,2.33695652173913,4.0,45.5,56,0,0,0,6,0,0.0,40.0,0,0,0,0,0,10240,256,50,0,50,193.5,0,
static_noisy,static,none,fidelity,True,True,16,iid,0.1,0,s017,5,9.499999999999998,1.25,2.0,36.0,56,0,0,0,6,0,0.0,40.0,0,0,0,0,0,10240,256,50,0,50,249.5,0,
static_noisy,static,none,fidelity,True,True,16,iid,0.1,0,s017,6,11.5,4.67391304347826,2.0,43.5,56,0,0,0,6,0,0.0,40.0,0,0,0,0,0,10240,256,50,0,50,305.5,0,
static_noisy,static,none,fidelity,True,True,16,iid,0.1,0,s017,7,6.749999999999997,1.25,2.0,31.5,56,0,0,0,6,0,0.0,40.0,0,0,0,0,0,10240,256,50,0,50,361.5,0,
static_noisy,static,none,fidelity,True,True,16,iid,0.1,0,s017,8,11.249999999999998,1.25,4.0,36.0,56,0,0,0,6,0,0.0,40.0,0,0,0,0,0,10240,256,50,0,50,417.5,0,44.0
static_noisy,static,none,fidelity,True,True,16,iid,0.1,1,s017,2,7.749999999999998,0.0,2.0,22.0,56,0,0,0,6,0,0.0,40.0,0,0,0,0,0,10240,256,50,0,50,81.5,0,
static_noisy,static,none,fidelity,True,True,16,iid,0.1,1,s017,3,7.999999999999999,0.0,2.0,18.0,56,0,0,0,6,0,0.0,40.0,0,0,0,0,0,10240,256,50,0,50,137.5,0,
static_noisy,static,none,fidelity,True,True,16,iid,0.1,1,s017,4,10.249999999999998,0.0,4.0,26.0,56,0,0,0,6,0,0.0,40.0,0,0,0,0,0,10240,256,50,0,50,193.5,0,
static_noisy,static,none,fidelity,True,True,16,iid,0.1,1,s017,5,8.249999999999998,3.423913043478259,2.0,18.0,56,0,0,0,6,0,0.0,40.0,0,0,0,0,0,10240,256,50,0,50,249.5,0,
static_noisy,static,none,fidelity,True,True,16,iid,0.1,1,s017,6,9.499999999999998,1.25,6.0,19.0,56,0,0,0,6,0,0.0,40.0,0,0,0,0,0,10240,256,50,0,50,305.5,0,
static_noisy,static,none,fidelity,True,True,16,iid,0.1,1,s017,7,8.5,1.25,4.0,21.0,56,0,0,0,6,0,0.0,40.0,0,0,0,0,0,10240,256,50,0,50,361.5,0,
static_noisy,static,none,fidelity,True,True,16,iid,0.1,1,s017,8,8.5,0.0,8.0,22.0,56,0,0,0,6,0,0.0,40.0,0,0,0,0,0,10240,256,50,0,50,417.5,0,14.000000000000002
static_noisy,static,none,fidelity,True,True,16,iid,0.1,2,s017,2,10.0,0.0,2.0,19.0,56,0,0,0,6,0,0.0,40.0,0,0,0,0,0,10240,256,50,0,50,81.5,0,
static_noisy,static,none,fidelity,True,True,16,iid,0.1,2,s017,3,6.000000000000003,0.0,2.0,17.5,56,0,0,0,6,0,0.0,40.0,0,0,0,0,0,10240,256,50,0,50,137.5,0,
static_noisy,static,none,fidelity,True,True,16,iid,0.1,2,s017,4,7.999999999999999,0.0,4.0,19.0,56,0,0,0,6,0,0.0,40.0,0,0,0,0,0,10240,256,50,0,50,193.5,0,
static_noisy,static,none,fidelity,True,True,16,iid,0.1,2,s017,5,9.25,4.67391304347826,2.0,20.0,56,0,0,0,6,0,0.0,40.0,0,0,0,0,0,10240,256,50,0,50,249.5,0,
static_noisy,static,none,fidelity,True,True,16,iid,0.1,2,s017,6,12.0,2.5,8.0,18.5,56,0,0,0,6,0,0.0,40.0,0,0,0,0,0,10240,256,50,0,50,305.5,0,
static_noisy,static,none,fidelity,True,True,16,iid,0.1,2,s017,7,10.749999999999998,1.25,8.0,18.0,56,0,0,0,6,0,0.0,40.0,0,0,0,0,0,10240,256,50,0,50,361.5,0,
static_noisy,static,none,fidelity,True,True,16,iid,0.1,2,s017,8,9.0,1.25,6.0,20.5,56,0,0,0,6,0,0.0,40.0,0,0,0,0,0,10240,256,50,0,50,417.5,0,10.0
window_noisy,window,none,fidelity,True,True,16,iid,0.1,0,s017,2,7.249999999999998,0.0,4.0,30.0,56,50,48,2,6,0,0.96,14.72265625,0,0,0,0,0,3769,256,16,0,0,8.1875,0,
window_noisy,window,none,fidelity,True,True,16,iid,0.1,0,s017,3,9.749999999999998,0.0,10.0,13.0,56,46,45,1,6,0,0.9,13.35546875,0,0,0,0,0,3419,256,16,0,0,8.1875,1,
window_noisy,window,none,fidelity,True,True,16,iid,0.1,0,s017,4,16.75,0.0,14.000000000000002,14.499999999999998,56,44,43,1,6,0,0.86,11.64453125,0,0,0,0,0,2981,256,16,0,0,11.0,0,
window_noisy,window,none,fidelity,True,True,16,iid,0.1,0,s017,5,11.5,1.25,10.0,13.0,56,47,45,2,6,0,0.9,11.9296875,0,0,0,0,0,3054,256,16,0,0,8.6875,1,
window_noisy,window,none,fidelity,True,True,16,iid,0.1,0,s017,6,14.500000000000002,0.0,14.000000000000002,13.0,56,44,43,1,6,0,0.86,12.04296875,0,0,0,0,0,3083,256,16,0,0,9.75,0,
window_noisy,window,none,fidelity,True,True,16,iid,0.1,0,s017,7,9.25,2.33695652173913,10.0,14.000000000000002,56,46,45,1,6,0,0.9,11.88671875,0,0,0,0,0,3043,256,16,0,0,9.125,0,
window_noisy,window,none,fidelity,True,True,16,iid,0.1,0,s017,8,7.749999999999998,0.0,8.0,15.0,56,48,46,2,6,0,0.92,11.94921875,0,0,0,0,0,3059,256,16,0,0,8.5,2,8.0
window_noisy,window,none,fidelity,True,True,16,iid,0.1,1,s017,2,7.499999999999998,0.0,8.0,12.5,56,46,46,0,6,0,0.92,14.40234375,0,0,0,0,0,3687,256,16,0,0,8.5625,0,
window_noisy,window,none,fidelity,True,True,16,iid,0.1,1,s017,3,7.999999999999999,0.0,12.0,5.5,56,44,44,0,6,0,0.88,13.125,0,0,0,0,0,3360,256,16,0,0,11.3125,0,
window_noisy,window,none,fidelity,True,True,16,iid,0.1,1,s017,4,16.000000000000004,0.0,18.0,6.0,56,43,41,2,6,0,0.82,11.5078125,0,0,0,0,0,2946,256,16,0,0,9.8125,0,
window_noisy,window,none,fidelity,True,True,16,iid,0.1,1,s017,5,8.249999999999998,0.0,12.0,5.0,56,44,44,0,6,0,0.88,11.75,0,0,0,0,0,3008,256,16,0,0,10.8125,0,
window_noisy,window,none,fidelity,True,True,16,iid,0.1,1,s017,6,11.75,1.25,14.000000000000002,7.000000000000001,56,44,43,1,6,0,0.86,12.56640625,0,0,0,0,0,3217,256,16,0,0,8.3125,0,
window_noisy,window,none,fidelity,True,True,16,iid,0.1,1,s017,7,7.499999999999998,0.0,10.0,8.5,56,45,45,0,6,0,0.9,11.82421875,0,0,0,0,0,3027,256,16,0,0,9.9375,0,
window_noisy,window,none,fidelity,True,True,16,iid,0.1,1,s017,8,6.499999999999997,0.0,8.0,6.5,56,46,46,0,6,0,0.92,12.01171875,0,0,0,0,0,3075,256,16,0,0,7.9375,0,0.0
window_noisy,window,none,fidelity,True,True,16,iid,0.1,2,s017,2,13.0,0.0,18.0,6.5,56,42,41,1,6,0,0.82,13.90234375,0,0,0,0,0,3559,256,16,0,0,7.9375,0,
window_noisy,window,none,fidelity,True,True,16,iid,0.1,2,s017,3,9.749999999999998,0.0,12.0,7.000000000000001,56,45,44,1,6,0,0.88,13.26953125,0,0,0,0,0,3397,256,16,0,0,10.25,0,
window_noisy,window,none,fidelity,True,True,16,iid,0.1,2,s017,4,12.000000000000002,0.0,18.0,4.5,56,41,41,0,6,0,0.82,11.26171875,0,0,0,0,0,2883,256,16,0,0,10.125,0,
window_noisy,window,none,fidelity,True,True,16,iid,0.1,2,s017,5,10.0,1.25,16.0,6.5,56,42,42,0,6,0,0.84,11.52734375,0,0,0,0,0,2951,256,16,0,0,9.625,0,
window_noisy,window,none,fidelity,True,True,16,iid,0.1,2,s017,6,10.0,1.25,14.000000000000002,6.5,56,44,43,1,6,0,0.86,12.0546875,0,0,0,0,0,3086,256,16,0,0,8.1875,1,
window_noisy,window,none,fidelity,True,True,16,iid,0.1,2,s017,7,9.0,0.0,10.0,8.0,56,45,45,0,6,0,0.9,12.02734375,0,0,0,0,0,3079,256,16,0,0,9.9375,0,
window_noisy,window,none,fidelity,True,True,16,iid,0.1,2,s017,8,6.999999999999998,0.0,8.0,6.5,56,46,46,0,6,0,0.92,11.8359375,0,0,0,0,0,3030,256,16,0,0,10.0,0,0.0
aeqkad_noisy,window,full,fidelity,True,True,16,iid,0.1,0,s017,2,14.250000000000002,0.0,14.000000000000002,24.5,56,32,32,0,6,0,0.64,13.61328125,44,11,0,0,1,3485,256,16,0,0,13.75,0,
aeqkad_noisy,window,full,fidelity,True,True,16,iid,0.1,0,s017,3,9.749999999999998,0.0,10.0,10.0,56,40,40,0,6,0,0.8,12.76953125,46,5,0,0,1,3269,256,16,0,0,11.625,0,
aeqkad_noisy,window,full,fidelity,True,True,16,iid,0.1,0,s017,4,18.75,3.58695652173913,22.0,7.000000000000001,56,34,34,0,6,0,0.68,9.75390625,39,4,0,0,1,2497,256,16,0,0,11.6875,0,
aeqkad_noisy,window,full,fidelity,True,True,16,iid,0.1,0,s017,5,7.999999999999999,1.25,8.0,10.0,56,42,41,1,6,0,0.82,11.3671875,47,4,0,0,1,2910,256,16,0,0,9.6875,1,
aeqkad_noisy,window,full,fidelity,True,True,16,iid,0.1,0,s017,6,14.500000000000002,2.33695652173913,14.000000000000002,13.0,56,38,38,0,6,0,0.76,11.26953125,44,6,0,0,0,2885,256,16,0,0,11.25,0,
aeqkad_noisy,window,full,fidelity,True,True,16,iid,0.1,0,s017,7,9.749999999999998,1.25,10.0,10.5,56,42,42,0,6,0,0.84,11.42578125,46,4,0,0,0,2925,256,16,0,0,9.125,0,
aeqkad_noisy,window,full,fidelity,True,True,16,iid,0.1,0,s017,8,8.5,0.0,10.0,10.5,56,42,42,0,6,0,0.84,11.3359375,46,4,0,0,0,2902,256,16,0,0,11.5625,0,2.0
aeqkad_noisy,window,full,fidelity,True,True,16,iid,0.1,1,s017,2,11.250000000000002,0.0,14.000000000000002,11.0,56,33,33,0,6,0,0.66,13.6171875,43,9,0,0,1,3486,256,16,0,0,14.3125,0,
aeqkad_noisy,window,full,fidelity,True,True,16,iid,0.1,1,s017,3,7.999999999999999,0.0,12.0,5.0,56,41,41,0,6,0,0.82,12.79296875,44,3,0,0,0,3275,256,16,0,0,12.6875,0,
aeqkad_noisy,window,full,fidelity,True,True,16,iid,0.1,1,s017,4,24.25,2.33695652173913,24.0,5.0,56,34,34,0,6,0,0.68,9.70703125,40,5,0,0,1,2485,256,16,0,0,10.375,0,
aeqkad_noisy,window,full,fidelity,True,True,16,iid,0.1,1,s017,5,11.249999999999998,0.0,12.0,3.5000000000000004,56,41,41,0,6,0,0.82,11.2421875,44,2,0,0,1,2878,256,16,0,0,10.8125,0,
aeqkad_noisy,window,full,fidelity,True,True,16,iid,0.1,1,s017,6,16.0,1.25,14.000000000000002,3.5000000000000004,56,37,37,0,6,0,0.74,11.3828125,44,7,0,0,0,2914,256,16,0,0,9.875,0,
aeqkad_noisy,window,full,fidelity,True,True,16,iid,0.1,1,s017,7,10.249999999999998,1.25,12.0,8.5,56,42,42,0,6,0,0.84,11.4765625,44,2,0,0,0,2938,256,16,0,0,9.9375,0,
aeqkad_noisy,window,full,fidelity,True,True,16,iid,0.1,1,s017,8,6.749999999999997,0.0,8.0,6.0,56,45,45,0,6,0,0.9,11.8046875,46,1,0,0,0,3022,256,16,0,0,7.9375,0,0.0
aeqkad_noisy,window,full,fidelity,True,True,16,iid,0.1,2,s017,2,10.750000000000002,0.0,16.0,6.0,56,33,33,0,6,0,0.66,14.21875,43,9,0,0,1,3640,256,16,0,0,12.6875,0,
aeqkad_noisy,window,full,fidelity,True,True,16,iid,0.1,2,s017,3,9.749999999999998,0.0,12.0,7.5,56,41,41,0,6,0,0.82,12.89453125,45,4,0,0,0,3301,256,16,0,0,11.625,0,
aeqkad_noisy,window,full,fidelity,True,True,16,iid,0.1,2,s017,4,21.75,2.33695652173913,26.0,4.0,56,34,34,0,6,0,0.68,9.671875,37,2,0,0,1,2476,256,16,0,0,10.9375,0,
aeqkad_noisy,window,full,fidelity,True,True,16,iid,0.1,2,s017,5,10.0,1.25,16.0,5.5,56,41,41,0,6,0,0.82,11.4609375,42,0,0,0,1,2934,256,16,0,0,9.625,0,
aeqkad_noisy,window,full,fidelity,True,True,16,iid,0.1,2,s017,6,18.0,1.25,14.000000000000002,6.5,56,38,37,1,6,0,0.74,11.3828125,44,6,0,0,0,2914,256,16,0,0,9.625,1,
aeqkad_noisy,window,full,fidelity,True,True,16,iid,0.1,2,s017,7,11.5,1.25,12.0,6.5,56,42,42,0,6,0,0.84,11.5078125,44,2,0,0,0,2946,256,16,0,0,9.9375,0,
aeqkad_noisy,window,full,fidelity,True,True,16,iid,0.1,2,s017,8,6.749999999999997,0.0,8.0,5.5,56,45,45,0,6,0,0.9,11.63671875,46,1,0,0,0,2979,256,16,0,0,10.0,0,0.0
mm_noisy,mm,full,fidelity,True,True,16,iid,0.1,0,s017,2,7.749999999999998,1.25,2.0,65.0,56,34,34,0,6,0,0.68,16.0,54,18,0,0,2,4096,256,16,1,16,84.375,0,
mm_noisy,mm,full,fidelity,True,True,16,iid,0.1,0,s017,3,7.999999999999999,1.0869565217391297,4.0,47.0,56,40,39,1,6,0,0.78,15.60546875,51,11,0,0,0,3995,256,16,1,5,44.8125,1,
mm_noisy,mm,full,fidelity,True,True,16,iid,0.1,0,s017,4,17.750000000000004,1.25,16.0,12.5,56,35,35,0,6,0,0.7,14.265625,42,3,0,0,4,3652,256,16,1,1,40.75,1,
mm_noisy,mm,full,fidelity,True,True,16,iid,0.1,0,s017,5,9.749999999999998,1.25,8.0,11.5,56,42,41,1,6,0,0.82,15.7890625,47,4,0,0,1,4042,256,16,1,1,58.6875,2,
mm_noisy,mm,full,fidelity,True,True,16,iid,0.1,0,s017,6,10.5,2.33695652173913,12.0,14.000000000000002,56,37,37,0,6,0,0.74,14.20703125,46,9,0,0,0,3637,256,16,1,1,57.625,1,
mm_noisy,mm,full,fidelity,True,True,16,iid,0.1,0,s017,7,7.249999999999998,1.25,10.0,22.5,56,44,44,0,6,0,0.88,15.84375,47,3,0,0,0,4056,256,16,1,1,57.6875,0,
mm_noisy,mm,full,fidelity,True,True,16,iid,0.1,0,s017,8,7.249999999999998,0.0,8.0,25.0,56,44,44,0,6,0,0.88,15.99609375,49,5,0,0,0,4095,256,16,1,1,64.9375,0,10.0
mm_noisy,mm,full,fidelity,True,True,16,iid,0.1,1,s017,2,6.999999999999998,0.0,2.0,35.0,56,31,31,0,6,0,0.62,16.0,50,19,0,0,0,4096,256,16,1,16,84.8125,0,
mm_noisy,mm,full,fidelity,True,True,16,iid,0.1,1,s017,3,7.499999999999998,0.0,2.0,26.5,56,38,38,0,6,0,0.76,15.703125,50,12,0,0,0,4020,256,16,1,6,52.125,0,
mm_noisy,mm,full,fidelity,True,True,16,iid,0.1,1,s017,4,17.5,0.0,16.0,10.5,56,35,35,0,6,0,0.7,14.2734375,44,5,0,0,4,3654,256,16,1,1,35.6875,0,
mm_noisy,mm,full,fidelity,True,True,16,iid,0.1,1,s017,5,8.499999999999998,2.33695652173913,14.000000000000002,5.5,56,41,41,0,6,0,0.82,14.55078125,43,1,0,0,1,3725,256,16,1,1,56.6875,0,
mm_noisy,mm,full,fidelity,True,True,16,iid,0.1,1,s017,6,12.75,0.0,12.0,13.0,56,39,39,0,6,0,0.78,14.65234375,45,6,0,0,0,3751,256,16,1,1,56.3125,0,
mm_noisy,mm,full,fidelity,True,True,16,iid,0.1,1,s017,7,8.5,1.25,10.0,15.5,56,44,44,0,6,0,0.88,15.0546875,46,2,1,0,0,3854,256,16,1,1,72.0625,0,
mm_noisy,mm,full,fidelity,True,True,16,iid,0.1,1,s017,8,5.499999999999998,0.0,8.0,11.5,56,45,45,0,6,0,0.9,15.6953125,47,2,1,0,0,4018,256,16,1,1,55.6875,0,0.0
mm_noisy,mm,full,fidelity,True,True,16,iid,0.1,2,s017,2,8.5,0.0,2.0,20.5,56,37,37,0,6,0,0.74,16.0,50,12,1,0,1,4096,256,16,1,15,79.5625,0,
mm_noisy,mm,full,fidelity,True,True,16,iid,0.1,2,s017,3,5.999999999999998,0.0,8.0,12.0,56,41,41,0,6,0,0.82,15.66015625,47,6,3,0,0,4009,256,16,1,4,43.5625,0,
mm_noisy,mm,full,fidelity,True,True,16,iid,0.1,2,s017,4,18.5,0.0,18.0,7.5,56,35,35,0,6,0,0.7,14.05859375,41,2,0,0,4,3599,256,16,1,1,49.1875,0,
mm_noisy,mm,full,fidelity,True,True,16,iid,0.1,2,s017,5,9.749999999999998,2.33695652173913,14.000000000000002,6.5,56,41,41,0,6,0,0.82,14.875,43,0,0,0,2,3808,256,16,1,1,60.75,0,
mm_noisy,mm,full,fidelity,True,True,16,iid,0.1,2,s017,6,7.499999999999998,1.25,10.0,7.000000000000001,56,39,39,0,6,0,0.78,15.3046875,45,6,0,0,0,3918,256,16,1,1,50.625,0,
mm_noisy,mm,full,fidelity,True,True,16,iid,0.1,2,s017,7,7.999999999999999,0.0,10.0,10.5,56,44,44,0,6,0,0.88,15.1796875,45,1,5,0,0,3886,256,16,1,1,67.9375,0,
mm_noisy,mm,full,fidelity,True,True,16,iid,0.1,2,s017,8,7.249999999999998,0.0,8.0,11.5,56,45,45,0,6,0,0.9,15.10546875,46,1,5,0,0,3867,256,16,1,1,55.5,0,2.0
static_noisy,static,none,fidelity,True,True,16,iid,0.1,0,s018,2,26.25,22.1195652173913,2.0,79.0,56,0,0,0,6,0,0.0,41.0,0,0,0,0,0,10496,256,50,0,50,81.5,0,
static_noisy,static,none,fidelity,True,True,16,iid,0.1,0,s018,3,32.25,24.456521739130437,4.0,77.5,56,0,0,0,6,0,0.0,41.0,0,0,0,0,0,10496,256,50,0,50,137.5,0,
static_noisy,static,none,fidelity,True,True,16,iid,0.1,0,s018,4,31.75,29.130434782608692,6.0,82.0,56,0,0,0,6,0,0.0,41.0,0,0,0,0,0,10496,256,50,0,50,193.5,0,
static_noisy,static,none,fidelity,True,True,16,iid,0.1,0,s018,5,28.25,18.53260869565217,0.0,81.0,56,0,0,0,6,0,0.0,41.0,0,0,0,0,0,10496,256,50,0,50,249.5,0,
static_noisy,static,none,fidelity,True,True,16,iid,0.1,0,s018,6,30.000000000000004,19.78260869565217,4.0,83.0,56,0,0,0,6,0,0.0,41.0,0,0,0,0,0,10496,256,50,0,50,305.5,0,
static_noisy,static,none,fidelity,True,True,16,iid,0.1,0,s018,7,35.75,32.55434782608696,8.0,87.0,56,0,0,0,6,0,0.0,41.0,0,0,0,0,0,10496,256,50,0,50,361.5,0,
static_noisy,static,none,fidelity,True,True,16,iid,0.1,0,s018,8,40.5,28.04347826086957,8.0,85.5,56,0,0,0,6,0,0.0,41.0,0,0,0,0,0,10496,256,50,0,50,417.5,0,100.0
static_noisy,static,none,fidelity,True,True,16,iid,0.1,1,s018,2,28.000000000000004,22.1195652173913,2.0,82.0,56,0,0,0,6,0,0.0,38.0,0,0,0,0,0,9728,256,50,0,50,81.5,0,
static_noisy,static,none,fidelity,True,True,16,iid,0.1,1,s018,3,27.750000000000004,18.53260869565217,4.0,81.0,56,0,0,0,6,0,0.0,38.0,0,0,0,0,0,9728,256,50,0,50,137.5,0,
static_noisy,static,none,fidelity,True,True,16,iid,0.1,1,s018,4,35.0,33.80434782608695,6.0,81.0,56,0,0,0,6,0,0.0,38.0,0,0,0,0,0,9728,256,50,0,50,193.5,0,
static_noisy,static,none,fidelity,True,True,16,iid,0.1,1,s018,5,26.0,18.369565217391305,0.0,87.5,56,0,0,0,6,0,0.0,38.0,0,0,0,0,0,9728,256,50,0,50,249.5,0,
static_noisy,static,none,fidelity,True,True,16,iid,0.1,1,s018,6,30.999999999999996,26.79347826086957,4.0,85.5,56,0,0,0,6,0,0.0,38.0,0,0,0,0,0,9728,256,50,0,50,305.5,0,
static_noisy,static,none,fidelity,True,True,16,iid,0.1,1,s018,7,36.0,31.304347826086957,6.0,85.5,56,0,0,0,6,0,0.0,38.0,0,0,0,0,0,9728,256,50,0,50,361.5,0,
static_noisy,static,none,fidelity,True,True,16,iid,0.1,1,s018,8,43.49999999999999,38.47826086956522,6.0,88.0,56,0,0,0,6,0,0.0,38.0,0,0,0,0,0,9728,256,50,0,50,417.5,0,90.0
static_noisy,static,none,fidelity,True,True,16,iid,0.1,2,s018,2,25.25,20.869565217391305,2.0,76.5,56,0,0,0,6,0,0.0,38.0,0,0,0,0,0,9728,256,50,0,50,81.5,0,
static_noisy,static,none,fidelity,True,True,16,iid,0.1,2,s018,3,31.25,17.445652173913043,2.0,80.5,56,0,0,0,6,0,0.0,38.0,0,0,0,0,0,9728,256,50,0,50,137.5,0,
static_noisy,static,none,fidelity,True,True,16,iid,0.1,2,s018,4,33.75,30.217391304347828,6.0,82.0,56,0,0,0,6,0,0.0,38.0,0,0,0,0,0,9728,256,50,0,50,193.5,0,
static_noisy,static,none,fidelity,True,True,16,iid,0.1,2,s018,5,26.5,13.858695652173914,0.0,85.5,56,0,0,0,6,0,0.0,38.0,0,0,0,0,0,9728,256,50,0,50,249.5,0,
static_noisy,static,none,fidelity,True,True,16,iid,0.1,2,s018,6,35.25,32.55434782608696,2.0,80.0,56,0,0,0,6,0,0.0,38.0,0,0,0,0,0,9728,256,50,0,50,305.5,0,
static_noisy,static,none,fidelity,True,True,16,iid,0.1,2,s018,7,38.5,32.55434782608696,6.0,90.0,56,0,0,0,6,0,0.0,38.0,0,0,0,0,0,9728,256,50,0,50,361.5,0,
static_noisy,static,none,fidelity,True,True,16,iid,0.1,2,s018,8,42.25,32.55434782608696,6.0,88.0,56,0,0,0,6,0,0.0,38.0,0,0,0,0,0,9728,256,50,0,50,417.5,0,92.0
window_noisy,window,none,fidelity,True,True,16,iid,0.1,0,s018,2,24.75,11.521739130434783,6.0,54.0,56,50,47,3,6,0,0.94,13.1796875,0,0,0,0,0,3374,256,16,0,0,8.4375,1,
window_noisy,window,none,fidelity,True,True,16,iid,0.1,0,s018,3,28.000000000000004,14.021739130434783,14.000000000000002,54.50000000000001,56,48,43,5,6,0,0.86,12.265625,0,0,0,0,0,3140,256,16,0,0,9.0,1,
window_noisy,window,none,fidelity,True,True,16,iid,0.1,0,s018,4,28.000000000000004,19.78260869565217,10.0,64.0,56,48,45,3,6,0,0.9,13.8359375,0,0,0,0,0,3542,256,16,0,0,8.1875,1,
window_noisy,window,none,fidelity,True,True,16,iid,0.1,0,s018,5,25.5,10.434782608695654,4.0,58.5,56,52,48,4,6,0,0.96,12.21875,0,0,0,0,0,3128,256,16,0,0,7.9375,2,
window_noisy,window,none,fidelity,True,True,16,iid,0.1,0,s018,6,27.0,17.445652173913043,14.000000000000002,58.5,56,45,43,2,6,0,0.86,11.54296875,0,0,0,0,0,2955,256,16,0,0,10.125,0,
window_noisy,window,none,fidelity,True,True,16,iid,0.1,0,s018,7,30.75,22.1195652173913,14.000000000000002,70.0,56,46,43,3,6,0,0.86,13.16015625,0,0,0,0,0,3369,256,16,0,0,9.1875,0,
window_noisy,window,none,fidelity,True,True,16,iid,0.1,0,s018,8,26.25,11.521739130434783,8.0,62.5,56,48,46,2,6,0,0.92,12.46484375,0,0,0,0,0,3191,256,16,0,0,8.125,1,76.0
window_noisy,window,none,fidelity,True,True,16,iid,0.1,1,s018,2,30.500000000000004,18.53260869565217,8.0,57.99999999999999,56,52,46,6,6,0,0.92,13.609375,0,0,0,0,0,3484,256,16,0,0,8.5625,1,
window_noisy,window,none,fidelity,True,True,16,iid,0.1,1,s018,3,30.000000000000004,14.021739130434783,16.0,53.5,56,43,42,1,6,0,0.84,11.63671875,0,0,0,0,0,2979,256,16,0,0,8.5,0,
window_noisy,window,none,fidelity,True,True,16,iid,0.1,1,s018,4,27.500000000000004,17.445652173913043,12.0,57.49999999999999,56,48,44,4,6,0,0.88,13.75,0,0,0,0,0,3520,256,16,0,0,8.375,2,
window_noisy,window,none,fidelity,True,True,16,iid,0.1,1,s018,5,21.25,4.83695652173913,6.0,52.0,56,50,47,3,6,0,0.94,12.08984375,0,0,0,0,0,3095,256,16,0,0,7.5,1,
window_noisy,window,none,fidelity,True,True,16,iid,0.1,1,s018,6,29.25,24.456521739130437,14.000000000000002,67.5,56,47,43,4,6,0,0.86,12.203125,0,0,0,0,0,3124,256,16,0,0,8.625,1,
window_noisy,window,none,fidelity,True,True,16,iid,0.1,1,s018,7,30.75,21.03260869565217,14.000000000000002,64.5,56,49,43,6,6,0,0.86,13.31640625,0,0,0,0,0,3409,256,16,0,0,8.3125,1,
window_noisy,window,none,fidelity,True,True,16,iid,0.1,1,s018,8,31.75,24.456521739130437,18.0,65.5,56,44,41,3,6,0,0.82,11.73046875,0,0,0,0,0,3003,256,16,0,0,9.1875,1,62.0
window_noisy,window,none,fidelity,True,True,16,iid,0.1,2,s018,2,25.5,12.771739130434783,6.0,56.49999999999999,56,51,47,4,6,0,0.94,13.390625,0,0,0,0,0,3428,256,16,0,0,8.25,1,
window_noisy,window,none,fidelity,True,True,16,iid,0.1,2,s018,3,28.000000000000004,17.445652173913043,14.000000000000002,56.99999999999999,56,48,43,5,6,0,0.86,12.20703125,0,0,0,0,0,3125,256,16,0,0,8.0,1,
window_noisy,window,none,fidelity,True,True,16,iid,0.1,2,s018,4,24.25,18.53260869565217,10.0,62.0,56,50,45,5,6,0,0.9,14.296875,0,0,0,0,0,3660,256,16,0,0,8.0,1,
window_noisy,window,none,fidelity,True,True,16,iid,0.1,2,s018,5,25.5,10.434782608695654,4.0,55.00000000000001,56,51,48,3,6,0,0.96,12.37890625,0,0,0,0,0,3169,256,16,0,0,7.5,1,
window_noisy,window,none,fidelity,True,True,16,iid,0.1,2,s018,6,30.25,16.684782608695652,10.0,66.0,56,50,45,5,6,0,0.9,12.04296875,0,0,0,0,0,3083,256,16,0,0,7.8125,3,
window_noisy,window,none,fidelity,True,True,16,iid,0.1,2,s018,7,31.75,19.78260869565217,14.000000000000002,65.5,56,48,43,5,6,0,0.86,13.25,0,0,0,0,0,3392,256,16,0,0,8.75,2,
window_noisy,window,none,fidelity,True,True,16,iid,0.1,2,s018,8,36.0,27.8804347826087,10.0,75.5,56,49,45,4,6,0,0.9,13.0625,0,0,0,0,0,3344,256,16,0,0,8.375,0,92.0
aeqkad_noisy,window,full,fidelity,True,True,16,iid,0.1,0,s018,2,23.0,10.434782608695654,8.0,49.5,56,43,43,0,6,0,0.86,13.01171875,49,6,27,0,0,3331,256,16,0,0,9.4375,0,
aeqkad_noisy,window,full,fidelity,True,True,16,iid,0.1,0,s018,3,25.25,16.195652173913043,12.0,52.5,56,42,39,3,6,0,0.78,10.96484375,49,7,27,0,0,2807,256,16,0,0,9.0,1,
aeqkad_noisy,window,full,fidelity,True,True,16,iid,0.1,0,s018,4,28.000000000000004,14.021739130434783,10.0,62.0,56,42,41,1,6,0,0.82,13.51953125,48,6,24,0,0,3461,256,16,0,0,11.125,0,
aeqkad_noisy,window,full,fidelity,True,True,16,iid,0.1,0,s018,5,22.5,4.83695652173913,8.0,45.5,56,43,40,3,6,0,0.8,11.09765625,50,7,32,0,0,2841,256,16,0,0,10.125,1,
aeqkad_noisy,window,full,fidelity,True,True,16,iid,0.1,0,s018,6,29.75,19.6195652173913,20.0,50.0,56,37,37,0,6,0,0.74,10.16015625,43,6,28,0,0,2601,256,16,0,0,12.0625,0,
aeqkad_noisy,window,full,fidelity,True,True,16,iid,0.1,0,s018,7,29.75,22.1195652173913,16.0,69.0,56,42,39,3,6,0,0.78,11.81640625,45,3,27,0,0,3025,256,16,0,0,10.25,0,
aeqkad_noisy,window,full,fidelity,True,True,16,iid,0.1,0,s018,8,29.500000000000004,15.108695652173914,10.0,61.5,56,43,41,2,6,0,0.82,12.00390625,47,4,28,0,0,3073,256,16,0,0,10.875,1,76.0
aeqkad_noisy,window,full,fidelity,True,True,16,iid,0.1,1,s018,2,30.000000000000004,19.78260869565217,10.0,56.99999999999999,56,46,42,4,6,0,0.84,12.8984375,50,4,20,0,0,3302,256,16,0,0,9.125,0,
aeqkad_noisy,window,full,fidelity,True,True,16,iid,0.1,1,s018,3,25.0,17.445652173913043,16.0,49.0,56,39,39,0,6,0,0.78,10.6328125,42,3,23,0,0,2722,256,16,0,0,8.5,0,
aeqkad_noisy,window,full,fidelity,True,True,16,iid,0.1,1,s018,4,31.75,17.445652173913043,18.0,52.5,56,35,35,0,6,0,0.7,12.5,44,9,16,0,0,3200,256,16,0,0,12.5,0,
aeqkad_noisy,window,full,fidelity,True,True,16,iid,0.1,1,s018,5,23.5,7.01086956521739,8.0,45.0,56,41,39,2,6,0,0.78,10.65234375,49,8,19,0,0,2727,256,16,0,0,9.625,1,
aeqkad_noisy,window,full,fidelity,True,True,16,iid,0.1,1,s018,6,28.000000000000004,21.956521739130437,20.0,50.5,56,37,36,1,6,0,0.72,10.421875,42,5,16,0,0,2668,256,16,0,0,11.4375,1,
aeqkad_noisy,window,full,fidelity,True,True,16,iid,0.1,1,s018,7,37.75,22.1195652173913,20.0,60.5,56,41,37,4,6,0,0.74,11.81640625,46,5,20,0,0,3025,256,16,0,0,10.4375,0,
aeqkad_noisy,window,full,fidelity,True,True,16,iid,0.1,1,s018,8,32.75,26.79347826086957,22.0,63.5,56,38,36,2,6,0,0.72,11.015625,42,3,19,0,1,2820,256,16,0,0,12.75,1,66.0
aeqkad_noisy,window,full,fidelity,True,True,16,iid,0.1,2,s018,2,25.5,12.771739130434783,6.0,53.5,56,46,43,3,6,0,0.86,12.734375,51,5,13,0,0,3260,256,16,0,0,8.5,1,
aeqkad_noisy,window,full,fidelity,True,True,16,iid,0.1,2,s018,3,25.5,16.195652173913043,12.0,55.50000000000001,56,44,40,4,6,0,0.8,11.73046875,49,5,14,0,0,3003,256,16,0,0,9.0625,0,
aeqkad_noisy,window,full,fidelity,True,True,16,iid,0.1,2,s018,4,31.75,25.543478260869566,10.0,64.5,56,41,37,4,6,0,0.74,13.2734375,50,9,8,0,0,3398,256,16,0,0,9.75,1,
aeqkad_noisy,window,full,fidelity,True,True,16,iid,0.1,2,s018,5,20.0,9.184782608695654,8.0,49.5,56,42,42,0,6,0,0.84,11.26171875,48,6,6,0,0,2883,256,16,0,0,9.9375,0,
aeqkad_noisy,window,full,fidelity,True,True,16,iid,0.1,2,s018,6,28.500000000000004,24.293478260869566,18.0,59.5,56,42,37,5,6,0,0.74,10.859375,46,4,13,0,0,2780,256,16,0,0,9.875,3,
aeqkad_noisy,window,full,fidelity,True,True,16,iid,0.1,2,s018,7,33.75,23.20652173913043,16.0,63.5,56,40,38,2,6,0,0.76,11.2265625,46,6,9,0,0,2874,256,16,0,0,8.5,1,
aeqkad_noisy,window,full,fidelity,True,True,16,iid,0.1,2,s018,8,31.25,30.380434782608702,18.0,68.0,56,38,36,2,6,0,0.72,11.4375,45,7,13,0,0,2928,256,16,0,0,12.875,0,90.0
mm_noisy,mm,full,fidelity,True,True,16,iid,0.1,0,s018,2,30.25,24.456521739130437,4.0,73.5,56,46,45,1,6,0,0.9,16.0,53,7,42,0,0,4096,256,16,1,16,86.375,0,
mm_noisy,mm,full,fidelity,True,True,16,iid,0.1,0,s018,3,35.0,20.869565217391305,12.0,67.0,56,45,41,4,6,0,0.82,14.9375,49,4,34,0,0,3824,256,16,1,1,26.125,3,
mm_noisy,mm,full,fidelity,True,True,16,iid,0.1,0,s018,4,29.000000000000004,24.456521739130437,12.0,69.5,56,43,41,2,6,0,0.82,15.765625,47,4,33,0,0,4036,256,16,1,1,54.25,1,
mm_noisy,mm,full,fidelity,True,True,16,iid,0.1,0,s018,5,24.75,5.923913043478259,0.0,68.0,56,49,46,3,6,0,0.92,16.0,55,5,42,0,1,4096,256,16,1,1,70.6875,2,
mm_noisy,mm,full,fidelity,True,True,16,iid,0.1,0,s018,6,25.25,16.358695652173914,10.0,64.0,56,44,44,0,6,0,0.88,15.62890625,48,1,38,0,3,4001,256,16,1,1,53.4375,1,
mm_noisy,mm,full,fidelity,True,True,16,iid,0.1,0,s018,7,21.0,17.445652173913043,12.0,75.0,56,45,42,3,6,0,0.84,15.99609375,48,3,38,0,0,4095,256,16,1,1,55.625,1,
mm_noisy,mm,full,fidelity,True,True,16,iid,0.1,0,s018,8,28.000000000000004,10.597826086956523,10.0,70.5,56,42,41,1,6,0,0.82,16.0,49,5,36,0,2,4096,256,16,1,1,73.8125,2,92.0
mm_noisy,mm,full,fidelity,True,True,16,iid,0.1,1,s018,2,32.99999999999999,30.217391304347828,4.0,67.0,56,46,41,5,6,0,0.82,16.0,54,8,28,0,0,4096,256,16,1,16,88.3125,0,
mm_noisy,mm,full,fidelity,True,True,16,iid,0.1,1,s018,3,34.0,22.28260869565217,12.0,68.0,56,44,41,3,6,0,0.82,15.42578125,49,5,26,0,0,3949,256,16,1,1,29.9375,3,
mm_noisy,mm,full,fidelity,True,True,16,iid,0.1,1,s018,4,32.25,27.8804347826087,10.0,68.5,56,42,40,2,6,0,0.8,16.0,50,8,27,0,0,4096,256,16,1,1,60.25,4,
mm_noisy,mm,full,fidelity,True,True,16,iid,0.1,1,s018,5,27.500000000000004,14.021739130434783,2.0,70.0,56,50,45,5,6,0,0.9,16.0,55,4,30,0,1,4096,256,16,1,1,56.375,3,
mm_noisy,mm,full,fidelity,True,True,16,iid,0.1,1,s018,6,25.25,15.108695652173914,12.0,73.5,56,42,41,1,6,0,0.82,15.7109375,48,4,33,0,2,4022,256,16,1,1,58.1875,2,
mm_noisy,mm,full,fidelity,True,True,16,iid,0.1,1,s018,7,28.000000000000004,22.1195652173913,14.000000000000002,73.0,56,48,42,6,6,0,0.84,15.75390625,49,1,29,0,0,4033,256,16,1,1,50.875,5,
mm_noisy,mm,full,fidelity,True,True,16,iid,0.1,1,s018,8,30.000000000000004,23.20652173913043,10.0,77.0,56,46,44,2,6,0,0.88,15.97265625,48,1,37,0,1,4089,256,16,1,1,70.8125,3,82.0
mm_noisy,mm,full,fidelity,True,True,16,iid,0.1,2,s018,2,27.750000000000004,25.380434782608692,2.0,72.0,56,44,41,3,6,0,0.82,16.0,53,9,16,0,0,4096,256,16,1,16,87.75,0,
mm_noisy,mm,full,fidelity,True,True,16,iid,0.1,2,s018,3,30.75,21.03260869565217,10.0,72.5,56,46,41,5,6,0,0.82,15.53515625,50,4,21,0,0,3977,256,16,1,1,29.625,4,
mm_noisy,mm,full,fidelity,True,True,16,iid,0.1,2,s018,4,32.25,27.8804347826087,8.0,73.5,56,42,39,3,6,0,0.78,15.87109375,52,10,13,0,0,4063,256,16,1,1,53.25,3,
mm_noisy,mm,full,fidelity,True,True,16,iid,0.1,2,s018,5,24.0,12.771739130434783,2.0,75.0,56,48,46,2,6,0,0.92,16.0,53,4,21,0,1,4096,256,16,1,1,59.25,3,
mm_noisy,mm,full,fidelity,True,True,16,iid,0.1,2,s018,6,29.000000000000004,22.1195652173913,10.0,75.5,56,47,42,5,6,0,0.84,15.94921875,50,2,26,0,1,4083,256,16,1,1,63.0,2,
mm_noisy,mm,full,fidelity,True,True,16,iid,0.1,2,s018,7,28.500000000000004,21.03260869565217,12.0,72.0,56,45,42,3,6,0,0.84,15.9765625,48,3,17,0,0,4090,256,16,1,1,51.0625,2,
mm_noisy,mm,full,fidelity,True,True,16,iid,0.1,2,s018,8,30.25,18.53260869565217,10.0,81.5,56,43,41,2,6,0,0.82,15.16015625,50,7,27,0,0,3881,256,16,1,1,78.1875,3,94.0
static_noisy,static,none,fidelity,True,True,16,iid,0.1,0,s019,2,9.749999999999998,0.0,4.0,53.0,56,0,0,0,6,0,0.0,38.0,0,0,0,0,0,9728,256,50,0,50,81.5,0,
static_noisy,static,none,fidelity,True,True,16,iid,0.1,0,s019,3,9.499999999999998,1.0869565217391297,2.0,51.5,56,0,0,0,6,0,0.0,38.0,0,0,0,0,0,9728,256,50,0,50,137.5,0,
static_noisy,static,none,fidelity,True,True,16,iid,0.1,0,s019,4,10.249999999999998,4.67391304347826,0.0,49.0,56,0,0,0,6,0,0.0,38.0,0,0,0,0,0,9728,256,50,0,50,193.5,0,
static_noisy,static,none,fidelity,True,True,16,iid,0.1,0,s019,5,14.250000000000002,4.67391304347826,2.0,50.5,56,0,0,0,6,0,0.0,38.0,0,0,0,0,0,9728,256,50,0,50,249.5,0,
static_noisy,static,none,fidelity,True,True,16,iid,0.1,0,s019,6,11.75,2.5,2.0,48.5,56,0,0,0,6,0,0.0,38.0,0,0,0,0,0,9728,256,50,0,50,305.5,0,
static_noisy,static,none,fidelity,True,True,16,iid,0.1,0,s019,7,11.75,2.33695652173913,2.0,47.5,56,0,0,0,6,0,0.0,38.0,0,0,0,0,0,9728,256,50,0,50,361.5,0,
static_noisy,static,none,fidelity,True,True,16,iid,0.1,0,s019,8,12.25,10.434782608695654,0.0,48.0,56,0,0,0,6,0,0.0,38.0,0,0,0,0,0,9728,256,50,0,50,417.5,0,40.0
static_noisy,static,none,fidelity,True,True,16,iid,0.1,1,s019,2,7.999999999999999,0.0,6.0,44.0,56,0,0,0,6,0,0.0,35.0,0,0,0,0,0,8960,256,50,0,50,81.5,0,
static_noisy,static,none,fidelity,True,True,16,iid,0.1,1,s019,3,6.999999999999998,2.33695652173913,2.0,47.5,56,0,0,0,6,0,0.0,35.0,0,0,0,0,0,8960,256,50,0,50,137.5,0,
static_noisy,static,none,fidelity,True,True,16,iid,0.1,1,s019,4,12.25,2.33695652173913,2.0,44.0,56,0,0,0,6,0,0.0,35.0,0,0,0,0,0,8960,256,50,0,50,193.5,0,
static_noisy,static,none,fidelity,True,True,16,iid,0.1,1,s019,5,11.5,8.097826086956525,0.0,46.5,56,0,0,0,6,0,0.0,35.0,0,0,0,0,0,8960,256,50,0,50,249.5,0,
static_noisy,static,none,fidelity,True,True,16,iid,0.1,1,s019,6,11.75,5.760869565217389,4.0,46.5,56,0,0,0,6,0,0.0,35.0,0,0,0,0,0,8960,256,50,0,50,305.5,0,
static_noisy,static,none,fidelity,True,True,16,iid,0.1,1,s019,7,12.0,2.33695652173913,4.0,42.5,56,0,0,0,6,0,0.0,35.0,0,0,0,0,0,8960,256,50,0,50,361.5,0,
static_noisy,static,none,fidelity,True,True,16,iid,0.1,1,s019,8,10.249999999999998,4.67391304347826,2.0,40.5,56,0,0,0,6,0,0.0,35.0,0,0,0,0,0,8960,256,50,0,50,417.5,0,8.0
static_noisy,static,none,fidelity,True,True,16,iid,0.1,2,s019,2,8.249999999999998,0.0,6.0,44.0,56,0,0,0,6,0,0.0,38.0,0,0,0,0,0,9728,256,50,0,50,81.5,0,
static_noisy,static,none,fidelity,True,True,16,iid,0.1,2,s019,3,9.499999999999998,1.0869565217391297,2.0,41.5,56,0,0,0,6,0,0.0,38.0,0,0,0,0,0,9728,256,50,0,50,137.5,0,
static_noisy,static,none,fidelity,True,True,16,iid,0.1,2,s019,4,14.250000000000002,8.097826086956525,2.0,40.0,56,0,0,0,6,0,0.0,38.0,0,0,0,0,0,9728,256,50,0,50,193.5,0,
static_noisy,static,none,fidelity,True,True,16,iid,0.1,2,s019,5,9.749999999999998,2.33695652173913,2.0,39.5,56,0,0,0,6,0,0.0,38.0,0,0,0,0,0,9728,256,50,0,50,249.5,0,
static_noisy,static,none,fidelity,True,True,16,iid,0.1,2,s019,6,9.749999999999998,5.760869565217389,6.0,37.0,56,0,0,0,6,0,0.0,38.0,0,0,0,0,0,9728,256,50,0,50,305.5,0,
static_noisy,static,none,fidelity,True,True,16,iid,0.1,2,s019,7,12.25,5.760869565217389,4.0,33.0,56,0,0,0,6,0,0.0,38.0,0,0,0,0,0,9728,256,50,0,50,361.5,0,
static_noisy,static,none,fidelity,True,True,16,iid,0.1,2,s019,8,9.749999999999998,3.423913043478259,2.0,38.0,56,0,0,0,6,0,0.0,38.0,0,0,0,0,0,9728,256,50,0,50,417.5,0,28.000000000000004
window_noisy,window,none,fidelity,True,True,16,iid,0.1,0,s019,2,14.000000000000002,2.33695652173913,12.0,22.5,56,46,44,2,6,0,0.88,13.9921875,0,0,0,0,0,3582,256,16,0,0,9.0625,1,
window_noisy,window,none,fidelity,True,True,16,iid,0.1,0,s019,3,13.750000000000002,2.33695652173913,12.0,22.5,56,47,44,3,6,0,0.88,10.97265625,0,0,0,0,0,2809,256,16,0,0,9.5,2,
window_noisy,window,none,fidelity,True,True,16,iid,0.1,0,s019,4,20.0,3.423913043478259,16.0,30.0,56,43,42,1,6,0,0.84,11.6484375,0,0,0,0,0,2982,256,16,0,0,11.0,0,
window_noisy,window,none,fidelity,True,True,16,iid,0.1,0,s019,5,14.250000000000002,0.0,6.0,35.0,56,49,47,2,6,0,0.94,11.04296875,0,0,0,0,0,2827,256,16,0,0,8.375,1,
window_noisy,window,none,fidelity,True,True,16,iid,0.1,0,s019,6,12.25,5.760869565217389,10.0,23.0,56,45,45,0,6,0,0.9,9.67578125,0,0,0,0,0,2477,256,16,0,0,10.5625,0,
window_noisy,window,none,fidelity,True,True,16,iid,0.1,0,s019,7,16.25,2.33695652173913,14.000000000000002,16.5,56,44,43,1,6,0,0.86,9.609375,0,0,0,0,0,2460,256,16,0,0,10.5,1,
window_noisy,window,none,fidelity,True,True,16,iid,0.1,0,s019,8,6.249999999999998,0.0,10.0,18.5,56,47,45,2,6,0,0.9,9.5078125,0,0,0,0,0,2434,256,16,0,0,10.25,0,0.0
window_noisy,window,none,fidelity,True,True,16,iid,0.1,1,s019,2,10.75,3.423913043478259,10.0,20.0,56,45,45,0,6,0,0.9,14.06640625,0,0,0,0,0,3601,256,16,0,0,9.5625,0,
window_noisy,window,none,fidelity,True,True,16,iid,0.1,1,s019,3,11.5,4.67391304347826,12.0,15.0,56,44,44,0,6,0,0.88,10.3515625,0,0,0,0,0,2650,256,16,0,0,11.6875,0,
window_noisy,window,none,fidelity,True,True,16,iid,0.1,1,s019,4,17.750000000000004,4.67391304347826,16.0,30.0,56,42,42,0,6,0,0.84,10.703125,0,0,0,0,0,2740,256,16,0,0,9.5625,0,
window_noisy,window,none,fidelity,True,True,16,iid,0.1,1,s019,5,11.249999999999998,1.25,6.0,33.5,56,49,47,2,6,0,0.94,10.98828125,0,0,0,0,0,2813,256,16,0,0,7.8125,0,
window_noisy,window,none,fidelity,True,True,16,iid,0.1,1,s019,6,9.25,2.33695652173913,10.0,22.0,56,45,45,0,6,0,0.9,9.60546875,0,0,0,0,0,2459,256,16,0,0,8.375,0,
window_noisy,window,none,fidelity,True,True,16,iid,0.1,1,s019,7,14.250000000000002,1.0869565217391297,14.000000000000002,19.0,56,44,43,1,6,0,0.86,9.48828125,0,0,0,0,0,2429,256,16,0,0,11.0,1,
window_noisy,window,none,fidelity,True,True,16,iid,0.1,1,s019,8,6.999999999999999,0.0,10.0,22.5,56,49,45,4,6,0,0.9,9.703125,0,0,0,0,0,2484,256,16,0,0,10.0,1,6.0
window_noisy,window,none,fidelity,True,True,16,iid,0.1,2,s019,2,13.750000000000002,2.33695652173913,10.0,23.0,56,46,45,1,6,0,0.9,13.984375,0,0,0,0,0,3580,256,16,0,0,8.75,0,
window_noisy,window,none,fidelity,True,True,16,iid,0.1,2,s019,3,12.25,4.67391304347826,12.0,17.0,56,45,44,1,6,0,0.88,10.2578125,0,0,0,0,0,2626,256,16,0,0,9.375,0,
window_noisy,window,none,fidelity,True,True,16,iid,0.1,2,s019,4,19.75,2.33695652173913,16.0,23.5,56,43,42,1,6,0,0.84,11.0078125,0,0,0,0,0,2818,256,16,0,0,11.8125,1,
window_noisy,window,none,fidelity,True,True,16,iid,0.1,2,s019,5,13.750000000000002,0.0,6.0,29.0,56,49,47,2,6,0,0.94,10.9609375,0,0,0,0,0,2806,256,16,0,0,9.5625,1,
window_noisy,window,none,fidelity,True,True,16,iid,0.1,2,s019,6,10.0,0.0,10.0,22.5,56,46,45,1,6,0,0.9,9.8515625,0,0,0,0,0,2522,256,16,0,0,9.875,0,
window_noisy,window,none,fidelity,True,True,16,iid,0.1,2,s019,7,12.5,1.0869565217391297,14.000000000000002,15.5,56,44,43,1,6,0,0.86,9.4609375,0,0,0,0,0,2422,256,16,0,0,11.125,0,
window_noisy,window,none,fidelity,True,True,16,iid,0.1,2,s019,8,13.5,0.0,10.0,13.0,56,45,45,0,6,0,0.9,8.97265625,0,0,0,0,0,2297,256,16,0,0,11.0625,0,0.0
aeqkad_noisy,window,full,fidelity,True,True,16,iid,0.1,0,s019,2,14.250000000000002,3.423913043478259,12.0,22.5,56,40,39,1,6,0,0.78,13.51953125,46,6,0,0,0,3461,256,16,0,0,9.75,1,
aeqkad_noisy,window,full,fidelity,True,True,16,iid,0.1,0,s019,3,16.75,1.0869565217391297,14.000000000000002,17.5,56,42,42,0,6,0,0.84,10.09375,46,4,0,0,0,2584,256,16,0,0,11.25,0,
aeqkad_noisy,window,full,fidelity,True,True,16,iid,0.1,0,s019,4,19.5,3.423913043478259,16.0,20.5,56,36,36,0,6,0,0.72,10.10546875,43,7,0,0,0,2587,256,16,0,0,13.125,0,
aeqkad_noisy,window,full,fidelity,True,True,16,iid,0.1,0,s019,5,14.000000000000002,2.33695652173913,6.0,33.0,56,47,45,2,6,0,0.9,10.8125,49,2,0,0,0,2768,256,16,0,0,8.5625,2,
aeqkad_noisy,window,full,fidelity,True,True,16,iid,0.1,0,s019,6,13.750000000000002,5.760869565217389,8.0,23.0,56,42,42,0,6,0,0.84,8.8984375,46,4,0,0,0,2278,256,16,0,0,10.5625,0,
aeqkad_noisy,window,full,fidelity,True,True,16,iid,0.1,0,s019,7,11.250000000000002,2.33695652173913,14.000000000000002,15.5,56,42,41,1,6,0,0.82,9.44140625,44,2,0,0,0,2417,256,16,0,0,12.0625,1,
aeqkad_noisy,window,full,fidelity,True,True,16,iid,0.1,0,s019,8,12.0,0.0,10.0,13.0,56,45,45,0,6,0,0.9,8.6328125,47,2,0,0,0,2210,256,16,0,0,10.25,0,0.0
aeqkad_noisy,window,full,fidelity,True,True,16,iid,0.1,1,s019,2,15.000000000000002,1.25,10.0,20.0,56,38,38,0,6,0,0.76,13.4921875,45,7,0,0,0,3454,256,16,0,0,10.25,0,
aeqkad_noisy,window,full,fidelity,True,True,16,iid,0.1,1,s019,3,11.75,2.33695652173913,12.0,13.5,56,41,41,0,6,0,0.82,9.70703125,44,3,0,0,0,2485,256,16,0,0,11.6875,0,
aeqkad_noisy,window,full,fidelity,True,True,16,iid,0.1,1,s019,4,21.25,4.67391304347826,18.0,25.0,56,32,32,0,6,0,0.64,9.5078125,42,10,0,0,0,2434,256,16,0,0,14.3125,0,
aeqkad_noisy,window,full,fidelity,True,True,16,iid,0.1,1,s019,5,14.250000000000002,5.760869565217389,10.0,27.500000000000004,56,39,38,1,6,0,0.76,9.765625,46,7,0,0,0,2500,256,16,0,0,8.0625,0,
aeqkad_noisy,window,full,fidelity,True,True,16,iid,0.1,1,s019,6,9.25,2.33695652173913,8.0,18.0,56,41,41,0,6,0,0.82,9.19140625,46,5,0,0,0,2353,256,16,0,0,9.25,0,
aeqkad_noisy,window,full,fidelity,True,True,16,iid,0.1,1,s019,7,13.750000000000002,2.33695652173913,14.000000000000002,17.5,56,41,41,0,6,0,0.82,9.390625,44,3,0,0,0,2404,256,16,0,0,14.0,0,
aeqkad_noisy,window,full,fidelity,True,True,16,iid,0.1,1,s019,8,11.249999999999998,0.0,10.0,12.0,56,45,45,0,6,0,0.9,8.984375,47,2,0,0,0,2300,256,16,0,0,11.0,0,6.0
aeqkad_noisy,window,full,fidelity,True,True,16,iid,0.1,2,s019,2,16.0,0.0,12.0,21.5,56,37,37,0,6,0,0.74,13.26953125,45,8,0,0,0,3397,256,16,0,0,9.5625,0,
aeqkad_noisy,window,full,fidelity,True,True,16,iid,0.1,2,s019,3,16.25,4.67391304347826,14.000000000000002,16.0,56,42,42,0,6,0,0.84,10.265625,44,2,0,0,0,2628,256,16,0,0,9.375,0,
aeqkad_noisy,window,full,fidelity,True,True,16,iid,0.1,2,s019,4,18.250000000000004,3.423913043478259,18.0,20.0,56,32,32,0,6,0,0.64,9.9296875,41,9,0,0,0,2542,256,16,0,0,17.75,0,
aeqkad_noisy,window,full,fidelity,True,True,16,iid,0.1,2,s019,5,16.000000000000004,7.01086956521739,12.0,20.5,56,39,38,1,6,0,0.76,9.92578125,46,7,0,0,0,2541,256,16,0,0,10.4375,0,
aeqkad_noisy,window,full,fidelity,True,True,16,iid,0.1,2,s019,6,10.0,0.0,8.0,21.0,56,42,41,1,6,0,0.82,8.9375,47,5,0,0,0,2288,256,16,0,0,10.8125,0,
aeqkad_noisy,window,full,fidelity,True,True,16,iid,0.1,2,s019,7,15.000000000000002,1.0869565217391297,14.000000000000002,12.5,56,41,41,0,6,0,0.82,9.3671875,43,2,0,0,0,2398,256,16,0,0,12.75,0,
aeqkad_noisy,window,full,fidelity,True,True,16,iid,0.1,2,s019,8,11.75,0.0,10.0,11.0,56,45,45,0,6,0,0.9,8.6484375,46,1,0,0,0,2214,256,16,0,0,11.0625,0,0.0
mm_noisy,mm,full,fidelity,True,True,16,iid,0.1,0,s019,2,16.500000000000004,2.33695652173913,8.0,35.0,56,40,38,2,6,0,0.76,16.0,48,7,0,0,1,4096,256,16,1,16,89.3125,0,
mm_noisy,mm,full,fidelity,True,True,16,iid,0.1,0,s019,3,10.249999999999998,2.33695652173913,6.0,27.0,56,38,38,0,6,0,0.76,14.54296875,49,11,0,0,0,3723,256,16,1,4,41.4375,0,
mm_noisy,mm,full,fidelity,True,True,16,iid,0.1,0,s019,4,14.500000000000002,2.33695652173913,10.0,20.0,56,36,36,0,6,0,0.72,13.75,45,9,0,0,0,3520,256,16,1,1,46.5625,0,
mm_noisy,mm,full,fidelity,True,True,16,iid,0.1,0,s019,5,8.249999999999998,3.423913043478259,4.0,35.0,56,47,47,0,6,0,0.94,15.10546875,49,2,0,0,0,3867,256,16,1,1,67.6875,0,
mm_noisy,mm,full,fidelity,True,True,16,iid,0.1,0,s019,6,10.499999999999998,2.33695652173913,6.0,35.0,56,46,46,0,6,0,0.92,15.57421875,47,1,0,0,0,3987,256,16,1,1,49.3125,0,
mm_noisy,mm,full,fidelity,True,True,16,iid,0.1,0,s019,7,12.25,2.33695652173913,10.0,37.5,56,45,44,1,6,0,0.88,15.41015625,46,0,0,0,1,3945,256,16,1,1,55.25,1,
mm_noisy,mm,full,fidelity,True,True,16,iid,0.1,0,s019,8,9.749999999999998,0.0,4.0,33.5,56,46,46,0,6,0,0.92,15.08984375,50,4,0,0,0,3863,256,16,1,1,70.125,1,38.0
mm_noisy,mm,full,fidelity,True,True,16,iid,0.1,1,s019,2,10.75,1.0869565217391297,8.0,29.0,56,38,38,0,6,0,0.76,16.0,46,8,0,0,0,4096,256,16,1,16,88.75,0,
mm_noisy,mm,full,fidelity,True,True,16,iid,0.1,1,s019,3,7.999999999999999,2.33695652173913,6.0,24.0,56,37,37,0,6,0,0.74,14.26953125,47,10,0,0,0,3653,256,16,1,4,39.4375,0,
mm_noisy,mm,full,fidelity,True,True,16,iid,0.1,1,s019,4,15.750000000000004,4.67391304347826,14.000000000000002,31.5,56,36,36,0,6,0,0.72,13.60546875,43,7,0,0,0,3483,256,16,1,1,40.75,0,
mm_noisy,mm,full,fidelity,True,True,16,iid,0.1,1,s019,5,7.749999999999998,3.423913043478259,4.0,42.0,56,48,47,1,6,0,0.94,15.84375,51,3,0,0,0,4056,256,16,1,1,57.125,0,
mm_noisy,mm,full,fidelity,True,True,16,iid,0.1,1,s019,6,7.499999999999998,5.760869565217389,8.0,37.0,56,46,46,0,6,0,0.92,15.4140625,46,0,0,0,0,3946,256,16,1,1,47.75,0,
mm_noisy,mm,full,fidelity,True,True,16,iid,0.1,1,s019,7,13.5,1.0869565217391297,6.0,41.5,56,42,42,0,6,0,0.84,14.8046875,48,5,0,0,1,3790,256,16,1,1,62.125,0,
mm_noisy,mm,full,fidelity,True,True,16,iid,0.1,1,s019,8,9.749999999999998,0.0,2.0,35.0,56,46,45,1,6,0,0.9,14.875,53,6,0,0,1,3808,256,16,1,1,66.5,1,6.0
mm_noisy,mm,full,fidelity,True,True,16,iid,0.1,2,s019,2,11.75,1.0869565217391297,8.0,30.5,56,36,36,0,6,0,0.72,16.0,47,11,0,0,0,4096,256,16,1,16,89.3125,0,
mm_noisy,mm,full,fidelity,True,True,16,iid,0.1,2,s019,3,11.5,2.33695652173913,6.0,29.5,56,35,35,0,6,0,0.7,14.95703125,47,12,0,0,0,3829,256,16,1,4,38.0,0,
mm_noisy,mm,full,fidelity,True,True,16,iid,0.1,2,s019,4,15.750000000000004,3.423913043478259,14.000000000000002,21.5,56,35,35,0,6,0,0.7,13.7421875,43,8,0,0,0,3518,256,16,1,1,40.6875,0,
mm_noisy,mm,full,fidelity,True,True,16,iid,0.1,2,s019,5,7.249999999999998,0.0,6.0,35.0,56,47,46,1,6,0,0.92,15.375,49,2,0,0,0,3936,256,16,1,1,65.375,1,
mm_noisy,mm,full,fidelity,True,True,16,iid,0.1,2,s019,6,7.499999999999998,3.423913043478259,8.0,30.5,56,46,46,0,6,0,0.92,15.62890625,48,2,0,0,0,4001,256,16,1,1,60.5625,1,
mm_noisy,mm,full,fidelity,True,True,16,iid,0.1,2,s019,7,11.75,2.33695652173913,8.0,30.0,56,42,42,0,6,0,0.84,14.91796875,46,3,0,0,1,3819,256,16,1,1,57.4375,0,
mm_noisy,mm,full,fidelity,True,True,16,iid,0.1,2,s019,8,7.999999999999999,0.0,2.0,28.000000000000004,56,45,45,0,6,0,0.9,14.578125,50,5,0,0,0,3732,256,16,1,1,66.8125,0,6.0
static_noisy,static,none,fidelity,True,True,16,iid,0.1,0,s020,2,40.75,32.55434782608696,28.000000000000004,51.5,56,0,0,0,6,0,0.0,38.0,0,0,0,0,0,9728,256,50,0,50,81.5,0,
static_noisy,static,none,fidelity,True,True,16,iid,0.1,0,s020,3,57.75,50.0,62.0,55.00000000000001,56,0,0,0,6,0,0.0,38.0,0,0,0,0,0,9728,256,50,0,50,137.5,0,
static_noisy,static,none,fidelity,True,True,16,iid,0.1,0,s020,4,30.000000000000004,17.445652173913043,20.0,61.5,56,0,0,0,6,0,0.0,38.0,0,0,0,0,0,9728,256,50,0,50,193.5,0,
static_noisy,static,none,fidelity,True,True,16,iid,0.1,0,s020,5,27.500000000000004,17.445652173913043,12.0,65.5,56,0,0,0,6,0,0.0,38.0,0,0,0,0,0,9728,256,50,0,50,249.5,0,
static_noisy,static,none,fidelity,True,True,16,iid,0.1,0,s020,6,27.750000000000004,22.1195652173913,22.0,63.0,56,0,0,0,6,0,0.0,38.0,0,0,0,0,0,9728,256,50,0,50,305.5,0,
static_noisy,static,none,fidelity,True,True,16,iid,0.1,0,s020,7,15.750000000000004,8.097826086956525,6.0,64.0,56,0,0,0,6,0,0.0,38.0,0,0,0,0,0,9728,256,50,0,50,361.5,0,
static_noisy,static,none,fidelity,True,True,16,iid,0.1,0,s020,8,50.75000000000001,50.0,40.0,58.5,56,0,0,0,6,0,0.0,38.0,0,0,0,0,0,9728,256,50,0,50,417.5,0,76.0
static_noisy,static,none,fidelity,True,True,16,iid,0.1,1,s020,2,42.00000000000001,33.641304347826086,36.0,49.5,56,0,0,0,6,0,0.0,39.0,0,0,0,0,0,9984,256,50,0,50,81.5,0,
static_noisy,static,none,fidelity,True,True,16,iid,0.1,1,s020,3,55.00000000000001,50.0,62.0,48.0,56,0,0,0,6,0,0.0,39.0,0,0,0,0,0,9984,256,50,0,50,137.5,0,
static_noisy,static,none,fidelity,True,True,16,iid,0.1,1,s020,4,34.0,24.293478260869566,20.0,59.5,56,0,0,0,6,0,0.0,39.0,0,0,0,0,0,9984,256,50,0,50,193.5,0,
static_noisy,static,none,fidelity,True,True,16,iid,0.1,1,s020,5,29.75,24.456521739130437,14.000000000000002,54.50000000000001,56,0,0,0,6,0,0.0,39.0,0,0,0,0,0,9984,256,50,0,50,249.5,0,
static_noisy,static,none,fidelity,True,True,16,iid,0.1,1,s020,6,30.500000000000004,23.20652173913043,22.0,65.0,56,0,0,0,6,0,0.0,39.0,0,0,0,0,0,9984,256,50,0,50,305.5,0,
static_noisy,static,none,fidelity,True,True,16,iid,0.1,1,s020,7,14.500000000000002,4.67391304347826,6.0,60.5,56,0,0,0,6,0,0.0,39.0,0,0,0,0,0,9984,256,50,0,50,361.5,0,
static_noisy,static,none,fidelity,True,True,16,iid,0.1,1,s020,8,52.5,53.423913043478265,42.0,61.0,56,0,0,0,6,0,0.0,39.0,0,0,0,0,0,9984,256,50,0,50,417.5,0,46.0
static_noisy,static,none,fidelity,True,True,16,iid,0.1,2,s020,2,42.25,30.217391304347828,38.0,44.0,56,0,0,0,6,0,0.0,39.0,0,0,0,0,0,9984,256,50,0,50,81.5,0,
static_noisy,static,none,fidelity,True,True,16,iid,0.1,2,s020,3,53.75000000000001,47.5,62.0,43.5,56,0,0,0,6,0,0.0,39.0,0,0,0,0,0,9984,256,50,0,50,137.5,0,
static_noisy,static,none,fidelity,True,True,16,iid,0.1,2,s020,4,33.75,25.543478260869566,22.0,54.0,56,0,0,0,6,0,0.0,39.0,0,0,0,0,0,9984,256,50,0,50,193.5,0,
static_noisy,static,none,fidelity,True,True,16,iid,0.1,2,s020,5,27.250000000000004,23.04347826086957,14.000000000000002,53.0,56,0,0,0,6,0,0.0,39.0,0,0,0,0,0,9984,256,50,0,50,249.5,0,
static_noisy,static,none,fidelity,True,True,16,iid,0.1,2,s020,6,28.500000000000004,22.1195652173913,22.0,55.00000000000001,56,0,0,0,6,0,0.0,39.0,0,0,0,0,0,9984,256,50,0,50,305.5,0,
static_noisy,static,none,fidelity,True,True,16,iid,0.1,2,s020,7,17.250000000000004,10.434782608695654,6.0,55.50000000000001,56,0,0,0,6,0,0.0,39.0,0,0,0,0,0,9984,256,50,0,50,361.5,0,
static_noisy,static,none,fidelity,True,True,16,iid,0.1,2,s020,8,49.75,48.75,50.0,49.5,56,0,0,0,6,0,0.0,39.0,0,0,0,0,0,9984,256,50,0,50,417.5,0,72.0
window_noisy,window,none,fidelity,True,True,16,iid,0.1,0,s020,2,39.25,30.217391304347828,44.0,27.500000000000004,56,29,28,1,6,0,0.56,14.88671875,0,0,0,0,0,3811,256,16,0,0,11.8125,0,
window_noisy,window,none,fidelity,True,True,16,iid,0.1,0,s020,3,51.0,42.98913043478261,66.0,30.0,56,20,17,3,6,0,0.34,15.20703125,0,0,0,0,0,3893,256,16,0,0,31.3125,3,
window_noisy,window,none,fidelity,True,True,16,iid,0.1,0,s020,4,29.75,22.1195652173913,32.0,28.000000000000004,56,37,34,3,6,0,0.68,14.125,0,0,0,0,0,3616,256,16,0,0,12.875,2,
window_noisy,window,none,fidelity,True,True,16,iid,0.1,0,s020,5,28.500000000000004,23.3695652173913,24.0,37.0,56,38,38,0,6,0,0.76,14.02734375,0,0,0,0,0,3591,256,16,0,0,8.9375,0,
window_noisy,window,none,fidelity,True,True,16,iid,0.1,0,s020,6,36.0,23.04347826086957,36.0,38.0,56,33,32,1,6,0,0.64,14.359375,0,0,0,0,0,3676,256,16,0,0,10.6875,0,
window_noisy,window,none,fidelity,True,True,16,iid,0.1,0,s020,7,14.000000000000002,4.67391304347826,12.0,31.5,56,45,44,1,6,0,0.88,12.99609375,0,0,0,0,0,3327,256,16,0,0,8.875,0,
window_noisy,window,none,fidelity,True,True,16,iid,0.1,0,s020,8,30.500000000000004,16.195652173913043,36.0,14.000000000000002,56,32,32,0,6,0,0.64,14.5078125,0,0,0,0,0,3714,256,16,0,0,8.4375,0,10.0
window_noisy,window,none,fidelity,True,True,16,iid,0.1,1,s020,2,39.25,33.80434782608695,40.0,39.5,56,32,30,2,6,0,0.6,15.1640625,0,0,0,0,0,3882,256,16,0,0,8.875,0,
window_noisy,window,none,fidelity,True,True,16,iid,0.1,1,s020,3,49.75,40.81521739130435,66.0,25.5,56,17,17,0,6,0,0.34,15.03125,0,0,0,0,0,3848,256,16,0,0,34.3125,0,
window_noisy,window,none,fidelity,True,True,16,iid,0.1,1,s020,4,30.75,24.456521739130437,32.0,36.0,56,37,34,3,6,0,0.68,14.57421875,0,0,0,0,0,3731,256,16,0,0,13.375,2,
window_noisy,window,none,fidelity,True,True,16,iid,0.1,1,s020,5,25.5,16.358695652173914,22.0,30.0,56,42,39,3,6,0,0.78,13.73046875,0,0,0,0,0,3515,256,16,0,0,9.0625,1,
window_noisy,window,none,fidelity,True,True,16,iid,0.1,1,s020,6,36.0,20.869565217391305,34.0,38.0,56,36,33,3,6,0,0.66,14.8125,0,0,0,0,0,3792,256,16,0,0,11.0,2,
window_noisy,window,none,fidelity,True,True,16,iid,0.1,1,s020,7,12.75,3.58695652173913,8.0,32.0,56,47,46,1,6,0,0.92,12.92578125,0,0,0,0,0,3309,256,16,0,0,10.3125,1,
window_noisy,window,none,fidelity,True,True,16,iid,0.1,1,s020,8,33.5,22.1195652173913,36.0,26.5,56,34,32,2,6,0,0.64,14.65625,0,0,0,0,0,3752,256,16,0,0,8.125,0,48.0
window_noisy,window,none,fidelity,True,True,16,iid,0.1,2,s020,2,37.0,32.55434782608696,40.0,34.0,56,32,30,2,6,0,0.6,15.18359375,0,0,0,0,0,3887,256,16,0,0,8.625,0,
window_noisy,window,none,fidelity,True,True,16,iid,0.1,2,s020,3,52.0,39.56521739130434,66.0,25.0,56,17,17,0,6,0,0.34,15.33984375,0,0,0,0,0,3927,256,16,0,0,34.875,0,
window_noisy,window,none,fidelity,True,True,16,iid,0.1,2,s020,4,29.25,17.445652173913043,30.0,27.500000000000004,56,37,35,2,6,0,0.7,14.58984375,0,0,0,0,0,3735,256,16,0,0,12.75,0,
window_noisy,window,none,fidelity,True,True,16,iid,0.1,2,s020,5,27.75,19.78260869565217,24.0,37.0,56,40,38,2,6,0,0.76,14.125,0,0,0,0,0,3616,256,16,0,0,10.375,2,
window_noisy,window,none,fidelity,True,True,16,iid,0.1,2,s020,6,37.75,26.79347826086957,36.0,39.5,56,36,32,4,6,0,0.64,14.58984375,0,0,0,0,0,3735,256,16,0,0,9.5,0,
window_noisy,window,none,fidelity,True,True,16,iid,0.1,2,s020,7,16.000000000000004,12.771739130434783,8.0,36.5,56,48,46,2,6,0,0.92,13.09375,0,0,0,0,0,3352,256,16,0,0,9.0625,0,
window_noisy,window,none,fidelity,True,True,16,iid,0.1,2,s020,8,28.25,12.771739130434783,36.0,18.5,56,32,32,0,6,0,0.64,14.50390625,0,0,0,0,0,3713,256,16,0,0,8.6875,0,10.0
aeqkad_noisy,window,full,fidelity,True,True,16,iid,0.1,0,s020,2,36.0,36.30434782608696,48.0,28.5,56,21,21,0,6,0,0.42,14.6875,27,6,8,0,0,3760,256,16,0,0,12.625,0,
aeqkad_noisy,window,full,fidelity,True,True,16,iid,0.1,0,s020,3,47.5,32.55434782608696,72.0,19.0,56,10,9,1,6,0,0.18,13.125,15,5,0,0,0,3360,256,16,0,0,43.625,1,
aeqkad_noisy,window,full,fidelity,True,True,16,iid,0.1,0,s020,4,28.25,19.78260869565217,32.0,19.0,56,29,29,0,6,0,0.58,13.10546875,36,7,8,0,0,3355,256,16,0,0,18.0,0,
aeqkad_noisy,window,full,fidelity,True,True,16,iid,0.1,0,s020,5,27.750000000000004,17.445652173913043,26.0,31.0,56,35,35,0,6,0,0.7,13.7265625,37,2,4,0,0,3514,256,16,0,0,8.9375,0,
aeqkad_noisy,window,full,fidelity,True,True,16,iid,0.1,0,s020,6,47.75,33.80434782608695,62.0,27.500000000000004,56,14,14,0,6,0,0.28,12.81640625,19,5,0,0,0,3281,256,16,0,0,23.4375,0,
aeqkad_noisy,window,full,fidelity,True,True,16,iid,0.1,0,s020,7,14.750000000000002,5.923913043478259,8.0,27.0,56,43,43,0,6,0,0.86,12.84765625,47,4,6,0,0,3289,256,16,0,0,8.875,0,
aeqkad_noisy,window,full,fidelity,True,True,16,iid,0.1,0,s020,8,30.999999999999996,20.869565217391305,36.0,15.0,56,26,26,0,6,0,0.52,14.45703125,32,6,1,0,0,3701,256,16,0,0,10.375,0,8.0
aeqkad_noisy,window,full,fidelity,True,True,16,iid,0.1,1,s020,2,36.75,32.55434782608696,38.0,37.5,56,20,20,0,6,0,0.4,14.859375,35,15,0,0,0,3804,256,16,0,0,14.5,0,
aeqkad_noisy,window,full,fidelity,True,True,16,iid,0.1,1,s020,3,48.0,33.641304347826086,68.0,19.5,56,9,9,0,6,0,0.18,11.7578125,16,7,0,0,0,3010,256,16,0,0,47.3125,0,
aeqkad_noisy,window,full,fidelity,True,True,16,iid,0.1,1,s020,4,33.75,21.03260869565217,32.0,24.0,56,29,29,0,6,0,0.58,13.7578125,37,8,0,0,0,3522,256,16,0,0,16.0,0,
aeqkad_noisy,window,full,fidelity,True,True,16,iid,0.1,1,s020,5,27.0,12.771739130434783,26.0,26.5,56,35,35,0,6,0,0.7,13.65234375,40,5,0,0,0,3495,256,16,0,0,10.25,0,
aeqkad_noisy,window,full,fidelity,True,True,16,iid,0.1,1,s020,6,46.25,32.55434782608696,62.0,23.5,56,13,12,1,6,0,0.24,12.97265625,20,7,0,0,0,3321,256,16,0,0,28.5625,1,
aeqkad_noisy,window,full,fidelity,True,True,16,iid,0.1,1,s020,7,16.75,3.58695652173913,8.0,27.500000000000004,56,41,41,0,6,0,0.82,11.89453125,48,7,0,0,0,3045,256,16,0,0,11.25,0,
aeqkad_noisy,window,full,fidelity,True,True,16,iid,0.1,1,s020,8,42.00000000000001,28.967391304347828,44.0,25.5,56,19,18,1,6,0,0.36,14.01171875,30,11,0,0,0,3587,256,16,0,0,13.875,0,46.0
aeqkad_noisy,window,full,fidelity,True,True,16,iid,0.1,2,s020,2,43.50000000000001,33.80434782608695,44.0,33.5,56,18,17,1,6,0,0.34,14.8359375,30,12,0,0,0,3798,256,16,0,0,13.8125,0,
aeqkad_noisy,window,full,fidelity,True,True,16,iid,0.1,2,s020,3,50.5,30.217391304347828,72.0,15.5,56,8,8,0,6,0,0.16,11.61328125,14,6,0,0,0,2973,256,16,0,0,48.6875,0,
aeqkad_noisy,window,full,fidelity,True,True,16,iid,0.1,2,s020,4,31.499999999999996,18.53260869565217,32.0,25.0,56,30,29,1,6,0,0.58,13.5625,36,6,0,0,0,3472,256,16,0,0,15.3125,0,
aeqkad_noisy,window,full,fidelity,True,True,16,iid,0.1,2,s020,5,35.5,33.641304347826086,40.0,28.000000000000004,56,21,21,0,6,0,0.42,14.17578125,32,11,0,0,0,3629,256,16,0,0,12.625,0,
aeqkad_noisy,window,full,fidelity,True,True,16,iid,0.1,2,s020,6,36.5,31.467391304347824,46.0,27.0,56,15,14,1,6,0,0.28,12.44921875,31,16,0,0,0,3187,256,16,0,0,27.6875,1,
aeqkad_noisy,window,full,fidelity,True,True,16,iid,0.1,2,s020,7,17.750000000000004,7.01086956521739,10.0,33.5,56,42,40,2,6,0,0.8,11.97265625,47,5,0,0,0,3065,256,16,0,0,9.25,0,
aeqkad_noisy,window,full,fidelity,True,True,16,iid,0.1,2,s020,8,40.0,26.79347826086957,44.0,21.5,56,16,16,0,6,0,0.32,13.33984375,28,12,0,0,0,3415,256,16,0,0,18.0,0,6.0
mm_noisy,mm,full,fidelity,True,True,16,iid,0.1,0,s020,2,41.5,27.39130434782609,42.0,42.0,56,20,20,0,6,0,0.4,16.0,31,11,9,0,0,4096,256,16,1,15,78.875,0,
mm_noisy,mm,full,fidelity,True,True,16,iid,0.1,0,s020,3,56.00000000000001,52.33695652173913,62.0,43.5,56,15,13,2,6,0,0.26,16.0,23,8,6,0,0,4096,256,16,1,15,134.875,0,
mm_noisy,mm,full,fidelity,True,True,16,iid,0.1,0,s020,4,30.25,17.445652173913043,28.000000000000004,48.0,56,31,31,0,6,0,0.62,16.0,39,8,17,0,0,4096,256,16,1,7,94.5,0,
mm_noisy,mm,full,fidelity,True,True,16,iid,0.1,0,s020,5,27.500000000000004,12.771739130434783,16.0,47.5,56,36,36,0,6,0,0.72,15.92578125,43,6,6,0,1,4077,256,16,1,1,49.5625,0,
mm_noisy,mm,full,fidelity,True,True,16,iid,0.1,0,s020,6,30.0,24.456521739130437,22.0,52.5,56,35,34,1,6,0,0.68,16.0,41,6,14,0,0,4096,256,16,1,1,86.5,1,
mm_noisy,mm,full,fidelity,True,True,16,iid,0.1,0,s020,7,18.000000000000004,4.83695652173913,4.0,45.0,56,46,43,3,6,0,0.86,15.77734375,51,5,22,0,0,4039,256,16,1,1,59.875,3,
mm_noisy,mm,full,fidelity,True,True,16,iid,0.1,0,s020,8,42.25,32.55434782608696,40.0,40.0,56,27,25,2,6,0,0.5,16.0,32,5,9,0,0,4096,256,16,1,1,70.4375,2,42.0
mm_noisy,mm,full,fidelity,True,True,16,iid,0.1,1,s020,2,41.25,35.97826086956522,38.0,50.0,56,20,20,0,6,0,0.4,16.0,36,16,0,0,0,4096,256,16,1,16,82.375,0,
mm_noisy,mm,full,fidelity,True,True,16,iid,0.1,1,s020,3,56.25,50.0,62.0,51.5,56,12,12,0,6,0,0.24,16.0,20,7,0,0,1,4096,256,16,1,16,138.375,0,
mm_noisy,mm,full,fidelity,True,True,16,iid,0.1,1,s020,4,36.5,22.1195652173913,22.0,57.49999999999999,56,35,33,2,6,0,0.66,16.0,43,8,0,0,0,4096,256,16,1,8,97.3125,1,
mm_noisy,mm,full,fidelity,True,True,16,iid,0.1,1,s020,5,25.75,16.195652173913043,18.0,43.5,56,35,34,1,6,0,0.68,16.0,44,8,0,0,1,4096,256,16,1,1,57.6875,1,
mm_noisy,mm,full,fidelity,True,True,16,iid,0.1,1,s020,6,37.0,24.456521739130437,22.0,57.49999999999999,56,33,32,1,6,0,0.64,16.0,41,8,0,0,0,4096,256,16,1,1,96.6875,1,
mm_noisy,mm,full,fidelity,True,True,16,iid,0.1,1,s020,7,18.750000000000004,10.434782608695654,6.0,56.00000000000001,56,45,44,1,6,0,0.88,15.703125,49,4,0,0,0,4020,256,16,1,1,61.625,1,
mm_noisy,mm,full,fidelity,True,True,16,iid,0.1,1,s020,8,41.25,48.75,42.0,53.0,56,18,16,2,6,0,0.32,16.0,33,15,0,0,0,4096,256,16,1,1,83.4375,2,44.0
mm_noisy,mm,full,fidelity,True,True,16,iid,0.1,2,s020,2,43.99999999999999,31.14130434782609,38.0,46.5,56,16,15,1,6,0,0.3,16.0,33,17,0,0,0,4096,256,16,1,16,84.375,0,
mm_noisy,mm,full,fidelity,True,True,16,iid,0.1,2,s020,3,54.0,53.423913043478265,66.0,46.5,56,7,7,0,6,0,0.14,16.0,18,10,0,0,1,4096,256,16,1,16,140.375,0,
mm_noisy,mm,full,fidelity,True,True,16,iid,0.1,2,s020,4,34.0,19.78260869565217,26.0,54.50000000000001,56,33,31,2,6,0,0.62,16.0,40,7,0,0,0,4096,256,16,1,11,132.5625,1,
mm_noisy,mm,full,fidelity,True,True,16,iid,0.1,2,s020,5,27.500000000000004,17.445652173913043,12.0,48.0,56,35,34,1,6,0,0.68,16.0,46,10,0,0,1,4096,256,16,1,1,49.5625,2,
mm_noisy,mm,full,fidelity,True,True,16,iid,0.1,2,s020,6,31.499999999999996,20.869565217391305,22.0,53.0,56,33,32,1,6,0,0.64,16.0,42,9,0,0,0,4096,256,16,1,1,92.9375,2,
mm_noisy,mm,full,fidelity,True,True,16,iid,0.1,2,s020,7,19.75,12.771739130434783,6.0,51.0,56,46,43,3,6,0,0.86,15.4765625,50,4,0,0,0,3962,256,16,1,1,48.9375,2,
mm_noisy,mm,full,fidelity,True,True,16,iid,0.1,2,s020,8,49.75,54.673913043478265,52.0,49.5,56,14,14,0,6,0,0.28,15.296875,28,14,0,0,0,3916,256,16,1,1,78.6875,1,42.0
static_noisy,static,none,fidelity,True,True,16,iid,0.1,0,s021,2,32.25,27.8804347826087,0.0,91.0,56,0,0,0,6,0,0.0,36.0,0,0,0,0,0,9216,256,50,0,50,81.5,0,
static_noisy,static,none,fidelity,True,True,16,iid,0.1,0,s021,3,30.25,20.869565217391305,4.0,91.0,56,0,0,0,6,0,0.0,36.0,0,0,0,0,0,9216,256,50,0,50,137.5,0,
static_noisy,static,none,fidelity,True,True,16,iid,0.1,0,s021,4,34.0,30.217391304347828,6.0,86.5,56,0,0,0,6,0,0.0,36.0,0,0,0,0,0,9216,256,50,0,50,193.5,0,
static_noisy,static,none,fidelity,True,True,16,iid,0.1,0,s021,5,49.0,36.141304347826086,12.0,85.0,56,0,0,0,6,0,0.0,36.0,0,0,0,0,0,9216,256,50,0,50,249.5,0,
static_noisy,static,none,fidelity,True,True,16,iid,0.1,0,s021,6,49.75,47.66304347826087,18.0,85.5,56,0,0,0,6,0,0.0,36.0,0,0,0,0,0,9216,256,50,0,50,305.5,0,
static_noisy,static,none,fidelity,True,True,16,iid,0.1,0,s021,7,52.0,67.28260869565217,8.0,86.0,56,0,0,0,6,0,0.0,36.0,0,0,0,0,0,9216,256,50,0,50,361.5,0,
static_noisy,static,none,fidelity,True,True,16,iid,0.1,0,s021,8,64.0,71.95652173913044,24.0,86.5,56,0,0,0,6,0,0.0,36.0,0,0,0,0,0,9216,256,50,0,50,417.5,0,80.0
static_noisy,static,none,fidelity,True,True,16,iid,0.1,1,s021,2,31.499999999999996,25.543478260869566,2.0,81.5,56,0,0,0,6,0,0.0,35.0,0,0,0,0,0,8960,256,50,0,50,81.5,0,
static_noisy,static,none,fidelity,True,True,16,iid,0.1,1,s021,3,30.500000000000004,24.293478260869566,4.0,83.5,56,0,0,0,6,0,0.0,35.0,0,0,0,0,0,8960,256,50,0,50,137.5,0,
static_noisy,static,none,fidelity,True,True,16,iid,0.1,1,s021,4,33.5,32.55434782608696,8.0,80.0,56,0,0,0,6,0,0.0,35.0,0,0,0,0,0,8960,256,50,0,50,193.5,0,
static_noisy,static,none,fidelity,True,True,16,iid,0.1,1,s021,5,46.5,29.130434782608692,18.0,80.5,56,0,0,0,6,0,0.0,35.0,0,0,0,0,0,8960,256,50,0,50,249.5,0,
static_noisy,static,none,fidelity,True,True,16,iid,0.1,1,s021,6,52.0,45.326086956521735,26.0,73.5,56,0,0,0,6,0,0.0,35.0,0,0,0,0,0,8960,256,50,0,50,305.5,0,
static_noisy,static,none,fidelity,True,True,16,iid,0.1,1,s021,7,52.25,64.02173913043478,20.0,74.0,56,0,0,0,6,0,0.0,35.0,0,0,0,0,0,8960,256,50,0,50,361.5,0,
static_noisy,static,none,fidelity,True,True,16,iid,0.1,1,s021,8,63.5,83.31521739130434,40.0,79.5,56,0,0,0,6,0,0.0,35.0,0,0,0,0,0,8960,256,50,0,50,417.5,0,92.0
static_noisy,static,none,fidelity,True,True,16,iid,0.1,2,s021,2,35.5,24.456521739130437,0.0,90.5,56,0,0,0,6,0,0.0,37.0,0,0,0,0,0,9472,256,50,0,50,81.5,0,
static_noisy,static,none,fidelity,True,True,16,iid,0.1,2,s021,3,31.000000000000007,27.8804347826087,4.0,93.0,56,0,0,0,6,0,0.0,37.0,0,0,0,0,0,9472,256,50,0,50,137.5,0,
static_noisy,static,none,fidelity,True,True,16,iid,0.1,2,s021,4,32.25,27.8804347826087,2.0,88.5,56,0,0,0,6,0,0.0,37.0,0,0,0,0,0,9472,256,50,0,50,193.5,0,
static_noisy,static,none,fidelity,True,True,16,iid,0.1,2,s021,5,44.25,25.543478260869566,8.0,91.0,56,0,0,0,6,0,0.0,37.0,0,0,0,0,0,9472,256,50,0,50,249.5,0,
static_noisy,static,none,fidelity,True,True,16,iid,0.1,2,s021,6,52.25,45.326086956521735,18.0,92.5,56,0,0,0,6,0,0.0,37.0,0,0,0,0,0,9472,256,50,0,50,305.5,0,
static_noisy,static,none,fidelity,True,True,16,iid,0.1,2,s021,7,51.75000000000001,60.59782608695652,14.000000000000002,90.5,56,0,0,0,6,0,0.0,37.0,0,0,0,0,0,9472,256,50,0,50,361.5,0,
static_noisy,static,none,fidelity,True,True,16,iid,0.1,2,s021,8,60.74999999999999,72.11956521739131,18.0,88.5,56,0,0,0,6,0,0.0,37.0,0,0,0,0,0,9472,256,50,0,50,417.5,0,90.0
window_noisy,window,none,fidelity,True,True,16,iid,0.1,0,s021,2,28.000000000000004,7.01086956521739,16.0,52.5,56,45,42,3,6,0,0.84,14.0078125,0,0,0,0,0,3586,256,16,0,0,8.25,1,
window_noisy,window,none,fidelity,True,True,16,iid,0.1,0,s021,3,22.25,7.01086956521739,14.000000000000002,46.0,56,44,43,1,6,0,0.86,11.734375,0,0,0,0,0,3004,256,16,0,0,8.5,0,
window_noisy,window,none,fidelity,True,True,16,iid,0.1,0,s021,4,12.75,0.0,6.0,56.99999999999999,56,50,47,3,6,0,0.94,12.5234375,0,0,0,0,0,3206,256,16,0,0,8.6875,0,
window_noisy,window,none,fidelity,True,True,16,iid,0.1,0,s021,5,16.000000000000004,1.25,14.000000000000002,43.5,56,44,43,1,6,0,0.86,12.140625,0,0,0,0,0,3108,256,16,0,0,8.375,1,
window_noisy,window,none,fidelity,True,True,16,iid,0.1,0,s021,6,32.0,13.858695652173914,22.0,55.00000000000001,56,42,39,3,6,0,0.78,11.3203125,0,0,0,0,0,2898,256,16,0,0,9.0,0,
window_noisy,window,none,fidelity,True,True,16,iid,0.1,0,s021,7,15.000000000000002,3.58695652173913,6.0,56.00000000000001,56,51,47,4,6,0,0.94,11.75390625,0,0,0,0,0,3009,256,16,0,0,7.5,0,
window_noisy,window,none,fidelity,True,True,16,iid,0.1,0,s021,8,15.500000000000004,1.25,6.0,47.0,56,48,47,1,6,0,0.94,10.8515625,0,0,0,0,0,2778,256,16,0,0,8.3125,0,86.0
window_noisy,window,none,fidelity,True,True,16,iid,0.1,1,s021,2,23.0,7.01086956521739,10.0,50.0,56,46,45,1,6,0,0.9,13.98828125,0,0,0,0,0,3581,256,16,0,0,10.0625,0,
window_noisy,window,none,fidelity,True,True,16,iid,0.1,1,s021,3,20.75,9.347826086956523,14.000000000000002,52.5,56,46,43,3,6,0,0.86,11.953125,0,0,0,0,0,3060,256,16,0,0,9.4375,1,
window_noisy,window,none,fidelity,True,True,16,iid,0.1,1,s021,4,15.250000000000002,0.0,4.0,62.5,56,52,48,4,6,0,0.96,12.55859375,0,0,0,0,0,3215,256,16,0,0,8.125,2,
window_noisy,window,none,fidelity,True,True,16,iid,0.1,1,s021,5,17.500000000000004,4.67391304347826,10.0,55.00000000000001,56,48,45,3,6,0,0.9,12.9453125,0,0,0,0,0,3314,256,16,0,0,8.9375,1,
window_noisy,window,none,fidelity,True,True,16,iid,0.1,1,s021,6,32.99999999999999,17.445652173913043,20.0,63.5,56,45,40,5,6,0,0.8,11.47265625,0,0,0,0,0,2937,256,16,0,0,9.6875,2,
window_noisy,window,none,fidelity,True,True,16,iid,0.1,1,s021,7,15.000000000000002,7.01086956521739,4.0,66.0,56,49,48,1,6,0,0.96,12.25390625,0,0,0,0,0,3137,256,16,0,0,8.5,0,
window_noisy,window,none,fidelity,True,True,16,iid,0.1,1,s021,8,19.25,4.67391304347826,10.0,57.49999999999999,56,49,45,4,6,0,0.9,11.2421875,0,0,0,0,0,2878,256,16,0,0,9.3125,1,76.0
window_noisy,window,none,fidelity,True,True,16,iid,0.1,2,s021,2,22.5,7.01086956521739,8.0,67.5,56,49,46,3,6,0,0.92,14.37890625,0,0,0,0,0,3681,256,16,0,0,7.625,2,
window_noisy,window,none,fidelity,True,True,16,iid,0.1,2,s021,3,20.0,7.01086956521739,12.0,59.5,56,45,44,1,6,0,0.88,12.1015625,0,0,0,0,0,3098,256,16,0,0,9.875,0,
window_noisy,window,none,fidelity,True,True,16,iid,0.1,2,s021,4,16.250000000000004,5.760869565217389,4.0,61.5,56,53,48,5,6,0,0.96,12.63671875,0,0,0,0,0,3235,256,16,0,0,8.3125,2,
window_noisy,window,none,fidelity,True,True,16,iid,0.1,2,s021,5,17.750000000000004,10.434782608695654,10.0,64.5,56,46,45,1,6,0,0.9,12.69140625,0,0,0,0,0,3249,256,16,0,0,8.9375,1,
window_noisy,window,none,fidelity,True,True,16,iid,0.1,2,s021,6,30.000000000000004,12.771739130434783,20.0,71.0,56,44,40,4,6,0,0.8,11.53125,0,0,0,0,0,2952,256,16,0,0,9.875,1,
window_noisy,window,none,fidelity,True,True,16,iid,0.1,2,s021,7,14.250000000000002,10.434782608695654,6.0,67.0,56,52,47,5,6,0,0.94,11.84765625,0,0,0,0,0,3033,256,16,0,0,7.5,0,
window_noisy,window,none,fidelity,True,True,16,iid,0.1,2,s021,8,15.500000000000004,2.33695652173913,6.0,61.0,56,50,47,3,6,0,0.94,11.00390625,0,0,0,0,0,2817,256,16,0,0,9.125,2,54.0
aeqkad_noisy,window,full,fidelity,True,True,16,iid,0.1,0,s021,2,26.0,5.760869565217389,16.0,44.5,56,31,31,0,6,0,0.62,13.26171875,43,12,0,0,0,3395,256,16,0,0,12.125,0,
aeqkad_noisy,window,full,fidelity,True,True,16,iid,0.1,0,s021,3,24.0,11.521739130434783,18.0,38.0,56,33,33,0,6,0,0.66,10.4296875,42,9,0,0,0,2670,256,16,0,0,14.6875,0,
aeqkad_noisy,window,full,fidelity,True,True,16,iid,0.1,0,s021,4,14.250000000000002,0.0,8.0,48.5,56,42,42,0,6,0,0.84,11.01171875,49,7,0,0,0,2819,256,16,0,0,8.6875,0,
aeqkad_noisy,window,full,fidelity,True,True,16,iid,0.1,0,s021,5,15.500000000000004,5.760869565217389,14.000000000000002,41.5,56,42,41,1,6,0,0.82,11.7578125,44,1,0,0,1,3010,256,16,0,0,8.375,1,
aeqkad_noisy,window,full,fidelity,True,True,16,iid,0.1,0,s021,6,32.0,12.771739130434783,26.0,52.0,56,33,32,1,6,0,0.64,10.3515625,40,7,0,0,0,2650,256,16,0,0,11.1875,0,
aeqkad_noisy,window,full,fidelity,True,True,16,iid,0.1,0,s021,7,16.75,2.5,6.0,53.5,56,44,43,1,6,0,0.86,10.98828125,51,7,0,0,0,2813,256,16,0,0,7.5,0,
aeqkad_noisy,window,full,fidelity,True,True,16,iid,0.1,0,s021,8,17.250000000000004,1.25,8.0,46.5,56,41,41,0,6,0,0.82,9.765625,47,6,0,0,0,2500,256,16,0,0,10.3125,0,82.0
aeqkad_noisy,window,full,fidelity,True,True,16,iid,0.1,1,s021,2,23.5,8.097826086956525,14.000000000000002,47.5,56,33,33,0,6,0,0.66,13.453125,44,11,0,0,0,3444,256,16,0,0,11.75,0,
aeqkad_noisy,window,full,fidelity,True,True,16,iid,0.1,1,s021,3,25.75,12.771739130434783,16.0,46.0,56,35,34,1,6,0,0.68,10.94921875,45,10,0,0,0,2803,256,16,0,0,14.875,0,
aeqkad_noisy,window,full,fidelity,True,True,16,iid,0.1,1,s021,4,16.250000000000004,0.0,4.0,52.5,56,43,42,1,6,0,0.84,10.91015625,52,9,0,0,0,2793,256,16,0,0,9.375,1,
aeqkad_noisy,window,full,fidelity,True,True,16,iid,0.1,1,s021,5,19.0,4.67391304347826,12.0,48.5,56,42,42,0,6,0,0.84,12.08203125,46,4,0,0,0,3093,256,16,0,0,9.25,0,
aeqkad_noisy,window,full,fidelity,True,True,16,iid,0.1,1,s021,6,33.75,17.445652173913043,22.0,54.50000000000001,56,33,32,1,6,0,0.64,10.0703125,42,9,0,0,0,2578,256,16,0,0,13.1875,0,
aeqkad_noisy,window,full,fidelity,True,True,16,iid,0.1,1,s021,7,16.250000000000004,4.67391304347826,6.0,57.49999999999999,56,43,43,0,6,0,0.86,10.9453125,47,4,0,0,0,2802,256,16,0,0,8.5,0,
aeqkad_noisy,window,full,fidelity,True,True,16,iid,0.1,1,s021,8,18.250000000000004,4.67391304347826,8.0,56.49999999999999,56,44,41,3,6,0,0.82,10.27734375,50,6,0,0,0,2631,256,16,0,0,10.5,1,76.0
aeqkad_noisy,window,full,fidelity,True,True,16,iid,0.1,2,s021,2,25.75,7.01086956521739,8.0,58.5,56,31,31,0,6,0,0.62,13.265625,48,17,0,0,0,3396,256,16,0,0,12.875,0,
aeqkad_noisy,window,full,fidelity,True,True,16,iid,0.1,2,s021,3,24.25,7.01086956521739,16.0,47.5,56,33,33,0,6,0,0.66,10.4140625,43,10,0,0,0,2666,256,16,0,0,15.6875,0,
aeqkad_noisy,window,full,fidelity,True,True,16,iid,0.1,2,s021,4,16.500000000000004,1.25,4.0,54.50000000000001,56,44,43,1,6,0,0.86,10.8984375,52,8,0,0,0,2790,256,16,0,0,10.0625,0,
aeqkad_noisy,window,full,fidelity,True,True,16,iid,0.1,2,s021,5,15.750000000000004,7.01086956521739,10.0,59.5,56,42,42,0,6,0,0.84,12.13671875,47,5,0,0,0,3107,256,16,0,0,9.5,0,
aeqkad_noisy,window,full,fidelity,True,True,16,iid,0.1,2,s021,6,31.499999999999996,11.521739130434783,22.0,57.49999999999999,56,32,32,0,6,0,0.64,10.08203125,43,11,0,0,0,2581,256,16,0,0,12.875,0,
aeqkad_noisy,window,full,fidelity,True,True,16,iid,0.1,2,s021,7,15.750000000000004,5.923913043478259,6.0,60.5,56,48,43,5,6,0,0.86,11.5234375,52,4,0,0,0,2950,256,16,0,0,7.5,0,
aeqkad_noisy,window,full,fidelity,True,True,16,iid,0.1,2,s021,8,17.250000000000004,7.01086956521739,8.0,54.0,56,42,41,1,6,0,0.82,9.88671875,49,7,0,0,0,2531,256,16,0,0,11.75,1,44.0
mm_noisy,mm,full,fidelity,True,True,16,iid,0.1,0,s021,2,30.000000000000004,30.217391304347828,4.0,69.0,56,9,9,0,6,0,0.18,16.0,54,45,0,0,0,4096,256,16,1,16,85.3125,0,
mm_noisy,mm,full,fidelity,True,True,16,iid,0.1,0,s021,3,34.25,24.293478260869566,10.0,70.5,56,12,12,0,6,0,0.24,16.0,48,36,0,0,0,4096,256,16,1,16,141.3125,0,
mm_noisy,mm,full,fidelity,True,True,16,iid,0.1,0,s021,4,35.5,20.869565217391305,10.0,67.0,56,9,9,0,6,0,0.18,16.0,48,39,0,0,0,4096,256,16,1,16,197.3125,0,
mm_noisy,mm,full,fidelity,True,True,16,iid,0.1,0,s021,5,40.5,32.55434782608696,24.0,59.5,56,7,7,0,6,0,0.14,16.0,43,36,0,0,0,4096,256,16,1,16,253.3125,0,
mm_noisy,mm,full,fidelity,True,True,16,iid,0.1,0,s021,6,50.75000000000001,57.01086956521739,46.0,63.0,56,1,1,0,6,0,0.02,16.0,29,28,0,0,0,4096,256,16,1,16,309.3125,0,
mm_noisy,mm,full,fidelity,True,True,16,iid,0.1,0,s021,7,53.25,60.434782608695656,46.0,65.5,56,1,1,0,6,0,0.02,16.0,31,30,0,0,0,4096,256,16,1,16,365.3125,0,
mm_noisy,mm,full,fidelity,True,True,16,iid,0.1,0,s021,8,62.25000000000001,67.44565217391305,62.0,65.0,56,1,1,0,6,0,0.02,16.0,24,23,0,0,0,4096,256,16,1,16,421.3125,0,40.0
mm_noisy,mm,full,fidelity,True,True,16,iid,0.1,1,s021,2,31.25,20.869565217391305,2.0,76.5,56,12,12,0,6,0,0.24,16.0,52,40,0,0,0,4096,256,16,1,16,83.0,0,
mm_noisy,mm,full,fidelity,True,True,16,iid,0.1,1,s021,3,30.25,22.1195652173913,2.0,81.0,56,21,21,0,6,0,0.42,16.0,54,33,0,0,0,4096,256,16,1,16,139.0,0,
mm_noisy,mm,full,fidelity,True,True,16,iid,0.1,1,s021,4,32.25,22.1195652173913,10.0,79.5,56,12,12,0,6,0,0.24,16.0,51,39,0,0,0,4096,256,16,1,16,195.0,0,
mm_noisy,mm,full,fidelity,True,True,16,iid,0.1,1,s021,5,42.00000000000001,30.217391304347828,14.000000000000002,73.0,56,6,6,0,6,0,0.12,16.0,49,43,0,0,0,4096,256,16,1,15,234.5625,0,
mm_noisy,mm,full,fidelity,True,True,16,iid,0.1,1,s021,6,30.75,23.3695652173913,16.0,68.5,56,29,29,0,6,0,0.58,14.859375,43,14,0,0,0,3804,256,16,1,2,53.1875,0,
mm_noisy,mm,full,fidelity,True,True,16,iid,0.1,1,s021,7,15.500000000000004,9.184782608695654,4.0,74.5,56,45,45,0,6,0,0.9,14.5625,50,4,0,0,1,3728,256,16,1,1,66.875,0,
mm_noisy,mm,full,fidelity,True,True,16,iid,0.1,1,s021,8,18.250000000000004,7.01086956521739,6.0,79.0,56,45,42,3,6,0,0.84,15.625,52,6,0,0,1,4000,256,16,1,1,74.9375,0,90.0
mm_noisy,mm,full,fidelity,True,True,16,iid,0.1,2,s021,2,31.499999999999996,22.1195652173913,0.0,88.5,56,13,13,0,6,0,0.26,16.0,53,40,0,0,0,4096,256,16,1,16,83.0,0,
mm_noisy,mm,full,fidelity,True,True,16,iid,0.1,2,s021,3,29.75,22.1195652173913,6.0,90.0,56,18,18,0,6,0,0.36,16.0,52,34,0,0,0,4096,256,16,1,16,139.0,0,
mm_noisy,mm,full,fidelity,True,True,16,iid,0.1,2,s021,4,33.75,18.53260869565217,4.0,82.0,56,12,11,1,6,0,0.22,16.0,54,42,0,0,0,4096,256,16,1,16,195.0,0,
mm_noisy,mm,full,fidelity,True,True,16,iid,0.1,2,s021,5,44.25,30.217391304347828,10.0,82.0,56,6,6,0,6,0,0.12,16.0,51,45,0,0,0,4096,256,16,1,16,251.0,0,
mm_noisy,mm,full,fidelity,True,True,16,iid,0.1,2,s021,6,54.0,49.836956521739125,24.0,85.5,56,2,1,1,6,0,0.02,16.0,44,42,0,0,0,4096,256,16,1,15,287.875,1,
mm_noisy,mm,full,fidelity,True,True,16,iid,0.1,2,s021,7,33.75,32.55434782608696,2.0,82.5,56,33,31,2,6,0,0.62,15.50390625,54,21,0,0,0,3969,256,16,1,1,38.25,3,
mm_noisy,mm,full,fidelity,True,True,16,iid,0.1,2,s021,8,16.250000000000004,8.260869565217389,6.0,74.5,56,42,41,1,6,0,0.82,14.82421875,51,8,0,0,1,3795,256,16,1,1,76.375,4,78.0
static_noisy,static,none,fidelity,True,True,16,iid,0.1,0,s022,2,13.750000000000002,1.25,0.0,85.5,56,0,0,0,6,0,0.0,41.0,0,0,0,0,0,10496,256,50,0,50,81.5,0,
static_noisy,static,none,fidelity,True,True,16,iid,0.1,0,s022,3,5.750000000000003,0.0,0.0,89.5,56,0,0,0,6,0,0.0,41.0,0,0,0,0,0,10496,256,50,0,50,137.5,0,
static_noisy,static,none,fidelity,True,True,16,iid,0.1,0,s022,4,7.499999999999998,0.0,0.0,84.5,56,0,0,0,6,0,0.0,41.0,0,0,0,0,0,10496,256,50,0,50,193.5,0,
static_noisy,static,none,fidelity,True,True,16,iid,0.1,0,s022,5,13.0,0.0,2.0,87.5,56,0,0,0,6,0,0.0,41.0,0,0,0,0,0,10496,256,50,0,50,249.5,0,
static_noisy,static,none,fidelity,True,True,16,iid,0.1,0,s022,6,1.7500000000000009,0.0,0.0,86.5,56,0,0,0,6,0,0.0,41.0,0,0,0,0,0,10496,256,50,0,50,305.5,0,
static_noisy,static,none,fidelity,True,True,16,iid,0.1,0,s022,7,4.000000000000002,0.0,0.0,87.0,56,0,0,0,6,0,0.0,41.0,0,0,0,0,0,10496,256,50,0,50,361.5,0,
static_noisy,static,none,fidelity,True,True,16,iid,0.1,0,s022,8,6.500000000000003,1.25,0.0,83.0,56,0,0,0,6,0,0.0,41.0,0,0,0,0,0,10496,256,50,0,50,417.5,0,46.0
static_noisy,static,none,fidelity,True,True,16,iid,0.1,1,s022,2,15.750000000000004,1.25,2.0,93.0,56,0,0,0,6,0,0.0,38.0,0,0,0,0,0,9728,256,50,0,50,81.5,0,
static_noisy,static,none,fidelity,True,True,16,iid,0.1,1,s022,3,7.499999999999998,0.0,0.0,89.5,56,0,0,0,6,0,0.0,38.0,0,0,0,0,0,9728,256,50,0,50,137.5,0,
static_noisy,static,none,fidelity,True,True,16,iid,0.1,1,s022,4,5.000000000000003,0.0,0.0,89.5,56,0,0,0,6,0,0.0,38.0,0,0,0,0,0,9728,256,50,0,50,193.5,0,
static_noisy,static,none,fidelity,True,True,16,iid,0.1,1,s022,5,13.0,0.0,0.0,90.0,56,0,0,0,6,0,0.0,38.0,0,0,0,0,0,9728,256,50,0,50,249.5,0,
static_noisy,static,none,fidelity,True,True,16,iid,0.1,1,s022,6,1.0000000000000009,0.0,0.0,89.0,56,0,0,0,6,0,0.0,38.0,0,0,0,0,0,9728,256,50,0,50,305.5,0,
static_noisy,static,none,fidelity,True,True,16,iid,0.1,1,s022,7,6.750000000000004,0.0,0.0,88.0,56,0,0,0,6,0,0.0,38.0,0,0,0,0,0,9728,256,50,0,50,361.5,0,
static_noisy,static,none,fidelity,True,True,16,iid,0.1,1,s022,8,4.500000000000002,0.0,2.0,90.5,56,0,0,0,6,0,0.0,38.0,0,0,0,0,0,9728,256,50,0,50,417.5,0,98.0
static_noisy,static,none,fidelity,True,True,16,iid,0.1,2,s022,2,14.000000000000002,2.33695652173913,0.0,90.0,56,0,0,0,6,0,0.0,38.0,0,0,0,0,0,9728,256,50,0,50,81.5,0,
static_noisy,static,none,fidelity,True,True,16,iid,0.1,2,s022,3,3.7500000000000018,0.0,0.0,93.5,56,0,0,0,6,0,0.0,38.0,0,0,0,0,0,9728,256,50,0,50,137.5,0,
static_noisy,static,none,fidelity,True,True,16,iid,0.1,2,s022,4,6.250000000000003,0.0,2.0,91.5,56,0,0,0,6,0,0.0,38.0,0,0,0,0,0,9728,256,50,0,50,193.5,0,
static_noisy,static,none,fidelity,True,True,16,iid,0.1,2,s022,5,12.0,0.0,0.0,90.0,56,0,0,0,6,0,0.0,38.0,0,0,0,0,0,9728,256,50,0,50,249.5,0,
static_noisy,static,none,fidelity,True,True,16,iid,0.1,2,s022,6,1.5000000000000009,0.0,0.0,90.5,56,0,0,0,6,0,0.0,38.0,0,0,0,0,0,9728,256,50,0,50,305.5,0,
static_noisy,static,none,fidelity,True,True,16,iid,0.1,2,s022,7,6.000000000000003,0.0,0.0,93.0,56,0,0,0,6,0,0.0,38.0,0,0,0,0,0,9728,256,50,0,50,361.5,0,
static_noisy,static,none,fidelity,True,True,16,iid,0.1,2,s022,8,7.249999999999998,0.0,0.0,92.0,56,0,0,0,6,0,0.0,38.0,0,0,0,0,0,9728,256,50,0,50,417.5,0,100.0
window_noisy,window,none,fidelity,True,True,16,iid,0.1,0,s022,2,19.0,2.33695652173913,14.000000000000002,41.5,56,47,43,4,6,0,0.86,13.2265625,0,0,0,0,0,3386,256,16,0,0,10.375,0,
window_noisy,window,none,fidelity,True,True,16,iid,0.1,0,s022,3,7.2500000000000036,0.0,4.0,8.5,56,48,48,0,6,0,0.96,10.8203125,0,0,0,0,0,2770,256,16,0,0,8.125,0,
window_noisy,window,none,fidelity,True,True,16,iid,0.1,0,s022,4,7.999999999999999,3.423913043478259,8.0,18.0,56,48,46,2,6,0,0.92,10.58984375,0,0,0,0,0,2711,256,16,0,0,7.625,1,
window_noisy,window,none,fidelity,True,True,16,iid,0.1,0,s022,5,11.0,1.25,6.0,35.0,56,49,47,2,6,0,0.94,11.66015625,0,0,0,0,0,2985,256,16,0,0,8.4375,0,
window_noisy,window,none,fidelity,True,True,16,iid,0.1,0,s022,6,4.250000000000002,1.25,2.0,13.5,56,51,49,2,6,0,0.98,9.6875,0,0,0,0,0,2480,256,16,0,0,8.75,0,
window_noisy,window,none,fidelity,True,True,16,iid,0.1,0,s022,7,2.000000000000001,0.0,0.0,5.5,56,50,50,0,6,0,1.0,7.3515625,0,0,0,0,0,1882,256,16,0,0,8.5,0,
window_noisy,window,none,fidelity,True,True,16,iid,0.1,0,s022,8,7.749999999999998,0.0,4.0,13.0,56,48,48,0,6,0,0.96,8.30859375,0,0,0,0,0,2127,256,16,0,0,9.0625,0,0.0
window_noisy,window,none,fidelity,True,True,16,iid,0.1,1,s022,2,12.5,0.0,8.0,18.5,56,47,46,1,6,0,0.92,12.52734375,0,0,0,0,0,3207,256,16,0,0,9.8125,1,
window_noisy,window,none,fidelity,True,True,16,iid,0.1,1,s022,3,4.750000000000003,0.0,2.0,18.5,56,49,49,0,6,0,0.98,11.0859375,0,0,0,0,0,2838,256,16,0,0,9.6875,0,
window_noisy,window,none,fidelity,True,True,16,iid,0.1,1,s022,4,9.999999999999998,0.0,6.0,14.499999999999998,56,47,47,0,6,0,0.94,10.55078125,0,0,0,0,0,2701,256,16,0,0,7.625,0,
window_noisy,window,none,fidelity,True,True,16,iid,0.1,1,s022,5,6.749999999999999,0.0,10.0,8.0,56,45,45,0,6,0,0.9,10.96875,0,0,0,0,0,2808,256,16,0,0,9.1875,0,
window_noisy,window,none,fidelity,True,True,16,iid,0.1,1,s022,6,4.500000000000002,0.0,2.0,10.0,56,49,49,0,6,0,0.98,9.60546875,0,0,0,0,0,2459,256,16,0,0,8.5,0,
window_noisy,window,none,fidelity,True,True,16,iid,0.1,1,s022,7,4.500000000000002,0.0,0.0,13.0,56,53,50,3,6,0,1.0,7.5234375,0,0,0,0,0,1926,256,16,0,0,7.5,3,
window_noisy,window,none,fidelity,True,True,16,iid,0.1,1,s022,8,4.749999999999998,0.0,4.0,33.0,56,50,48,2,6,0,0.96,9.26171875,0,0,0,0,0,2371,256,16,0,0,9.625,1,0.0
window_noisy,window,none,fidelity,True,True,16,iid,0.1,2,s022,2,9.749999999999998,0.0,8.0,13.0,56,46,46,0,6,0,0.92,12.5234375,0,0,0,0,0,3206,256,16,0,0,12.1875,0,
window_noisy,window,none,fidelity,True,True,16,iid,0.1,2,s022,3,6.250000000000003,0.0,4.0,7.5,56,48,48,0,6,0,0.96,10.7421875,0,0,0,0,0,2750,256,16,0,0,7.8125,0,
window_noisy,window,none,fidelity,True,True,16,iid,0.1,2,s022,4,9.749999999999998,0.0,8.0,9.5,56,46,46,0,6,0,0.92,10.03515625,0,0,0,0,0,2569,256,16,0,0,8.0625,0,
window_noisy,window,none,fidelity,True,True,16,iid,0.1,2,s022,5,8.75,1.25,10.0,13.5,56,47,45,2,6,0,0.9,11.28515625,0,0,0,0,0,2889,256,16,0,0,7.5625,1,
window_noisy,window,none,fidelity,True,True,16,iid,0.1,2,s022,6,4.000000000000002,0.0,2.0,6.0,56,49,49,0,6,0,0.98,9.234375,0,0,0,0,0,2364,256,16,0,0,8.0625,0,
window_noisy,window,none,fidelity,True,True,16,iid,0.1,2,s022,7,0.0,0.0,0.0,8.5,56,50,50,0,6,0,1.0,7.33203125,0,0,0,0,0,1877,256,16,0,0,8.5,0,
window_noisy,window,none,fidelity,True,True,16,iid,0.1,2,s022,8,5.499999999999998,0.0,4.0,25.0,56,49,48,1,6,0,0.96,8.51171875,0,0,0,0,0,2179,256,16,0,0,9.8125,0,84.0
aeqkad_noisy,window,full,fidelity,True,True,16,iid,0.1,0,s022,2,14.250000000000002,0.0,14.000000000000002,13.5,56,38,38,0,6,0,0.76,11.72265625,44,6,16,0,0,3001,256,16,0,0,10.375,0,
aeqkad_noisy,window,full,fidelity,True,True,16,iid,0.1,0,s022,3,6.250000000000003,0.0,4.0,8.5,56,47,47,0,6,0,0.94,10.5234375,48,1,20,0,0,2694,256,16,0,0,8.125,0,
aeqkad_noisy,window,full,fidelity,True,True,16,iid,0.1,0,s022,4,7.249999999999998,3.423913043478259,8.0,19.0,56,46,45,1,6,0,0.9,10.171875,48,1,24,0,1,2604,256,16,0,0,8.1875,0,
aeqkad_noisy,window,full,fidelity,True,True,16,iid,0.1,0,s022,5,9.25,0.0,10.0,9.0,56,40,40,0,6,0,0.8,10.08984375,45,3,13,0,2,2583,256,16,0,0,9.0625,0,
aeqkad_noisy,window,full,fidelity,True,True,16,iid,0.1,0,s022,6,4.500000000000002,1.25,2.0,14.499999999999998,56,49,47,2,6,0,0.94,9.01171875,51,1,16,0,1,2307,256,16,0,0,8.75,0,
aeqkad_noisy,window,full,fidelity,True,True,16,iid,0.1,0,s022,7,2.000000000000001,0.0,0.0,4.5,56,49,49,0,6,0,0.98,7.3984375,50,0,10,0,1,1894,256,16,0,0,8.5,0,
aeqkad_noisy,window,full,fidelity,True,True,16,iid,0.1,0,s022,8,7.749999999999998,0.0,4.0,13.0,56,46,46,0,6,0,0.92,7.703125,48,2,22,0,0,1972,256,16,0,0,9.0625,0,0.0
aeqkad_noisy,window,full,fidelity,True,True,16,iid,0.1,1,s022,2,8.75,0.0,10.0,19.0,56,40,40,0,6,0,0.8,12.0625,45,5,27,0,0,3088,256,16,0,0,11.0625,0,
aeqkad_noisy,window,full,fidelity,True,True,16,iid,0.1,1,s022,3,7.000000000000004,0.0,4.0,9.0,56,47,47,0,6,0,0.94,10.4921875,48,1,36,0,0,2686,256,16,0,0,9.6875,0,
aeqkad_noisy,window,full,fidelity,True,True,16,iid,0.1,1,s022,4,8.999999999999998,3.423913043478259,6.0,15.0,56,45,45,0,6,0,0.9,10.25,48,2,33,0,1,2624,256,16,0,0,7.625,0,
aeqkad_noisy,window,full,fidelity,True,True,16,iid,0.1,1,s022,5,7.499999999999998,0.0,10.0,7.5,56,40,40,0,6,0,0.8,10.2265625,45,3,25,0,2,2618,256,16,0,0,9.875,0,
aeqkad_noisy,window,full,fidelity,True,True,16,iid,0.1,1,s022,6,5.000000000000002,0.0,2.0,9.0,56,47,47,0,6,0,0.94,8.73828125,49,1,32,0,1,2237,256,16,0,0,8.5,0,
aeqkad_noisy,window,full,fidelity,True,True,16,iid,0.1,1,s022,7,3.5000000000000018,0.0,0.0,7.5,56,49,49,0,6,0,0.98,7.32421875,51,1,27,0,1,1875,256,16,0,0,9.5,0,
aeqkad_noisy,window,full,fidelity,True,True,16,iid,0.1,1,s022,8,6.500000000000003,0.0,4.0,11.5,56,46,46,0,6,0,0.92,8.0546875,49,2,36,0,1,2062,256,16,0,0,10.5,0,0.0
aeqkad_noisy,window,full,fidelity,True,True,16,iid,0.1,2,s022,2,9.749999999999998,0.0,10.0,11.5,56,38,38,0,6,0,0.76,11.5859375,45,7,1,0,0,2966,256,16,0,0,12.1875,0,
aeqkad_noisy,window,full,fidelity,True,True,16,iid,0.1,2,s022,3,5.750000000000003,0.0,2.0,8.0,56,47,47,0,6,0,0.94,10.52734375,49,2,4,0,0,2695,256,16,0,0,7.8125,0,
aeqkad_noisy,window,full,fidelity,True,True,16,iid,0.1,2,s022,4,8.999999999999998,3.423913043478259,8.0,10.0,56,45,45,0,6,0,0.9,10.3203125,46,0,2,0,1,2642,256,16,0,0,8.0625,0,
aeqkad_noisy,window,full,fidelity,True,True,16,iid,0.1,2,s022,5,8.249999999999998,0.0,10.0,9.5,56,40,40,0,6,0,0.8,9.99609375,47,5,0,0,2,2559,256,16,0,0,8.4375,0,
aeqkad_noisy,window,full,fidelity,True,True,16,iid,0.1,2,s022,6,4.250000000000002,0.0,2.0,6.5,56,47,47,0,6,0,0.94,8.99609375,50,3,0,0,0,2303,256,16,0,0,8.0625,0,
aeqkad_noisy,window,full,fidelity,True,True,16,iid,0.1,2,s022,7,0.25,0.0,0.0,8.5,56,49,49,0,6,0,0.98,7.3125,50,0,1,0,1,1872,256,16,0,0,8.5,0,
aeqkad_noisy,window,full,fidelity,True,True,16,iid,0.1,2,s022,8,8.249999999999998,0.0,4.0,14.000000000000002,56,46,46,0,6,0,0.92,7.8515625,49,3,4,0,0,2010,256,16,0,0,9.8125,0,82.0
mm_noisy,mm,full,fidelity,True,True,16,iid,0.1,0,s022,2,17.500000000000004,6.847826086956524,4.0,73.0,56,39,39,0,6,0,0.78,16.0,53,14,17,0,0,4096,256,16,1,16,85.5,0,
mm_noisy,mm,full,fidelity,True,True,16,iid,0.1,0,s022,3,8.75,0.0,0.0,59.0,56,49,47,2,6,0,0.94,15.45703125,53,2,28,0,2,3957,256,16,1,1,23.6875,1,
mm_noisy,mm,full,fidelity,True,True,16,iid,0.1,0,s022,4,9.499999999999998,2.33695652173913,4.0,42.0,56,46,45,1,6,0,0.9,15.6875,50,2,32,0,2,4016,256,16,1,1,59.8125,2,
mm_noisy,mm,full,fidelity,True,True,16,iid,0.1,0,s022,5,12.75,0.0,10.0,32.0,56,42,42,0,6,0,0.84,15.3046875,45,1,28,0,2,3918,256,16,1,1,45.5,1,
mm_noisy,mm,full,fidelity,True,True,16,iid,0.1,0,s022,6,1.5000000000000009,0.0,2.0,8.5,56,48,48,0,6,0,0.96,13.87890625,51,2,26,0,1,3553,256,16,1,1,47.3125,0,
mm_noisy,mm,full,fidelity,True,True,16,iid,0.1,0,s022,7,0.0,0.0,0.0,6.0,56,49,49,0,6,0,0.98,15.484375,51,1,7,0,1,3964,256,16,1,1,61.4375,0,
mm_noisy,mm,full,fidelity,True,True,16,iid,0.1,0,s022,8,4.250000000000002,0.0,2.0,15.0,56,47,47,0,6,0,0.94,12.3671875,50,1,40,0,2,3166,256,16,1,1,60.9375,0,0.0
mm_noisy,mm,full,fidelity,True,True,16,iid,0.1,1,s022,2,15.750000000000004,0.0,2.0,75.5,56,40,40,0,6,0,0.8,16.0,52,12,28,0,0,4096,256,16,1,16,82.125,0,
mm_noisy,mm,full,fidelity,True,True,16,iid,0.1,1,s022,3,2.500000000000001,1.25,0.0,52.5,56,48,48,0,6,0,0.96,15.40234375,52,1,41,0,3,3943,256,16,1,1,24.3125,0,
mm_noisy,mm,full,fidelity,True,True,16,iid,0.1,1,s022,4,8.000000000000004,0.0,4.0,28.000000000000004,56,45,45,0,6,0,0.9,15.71484375,50,3,41,0,2,4023,256,16,1,1,58.0,0,
mm_noisy,mm,full,fidelity,True,True,16,iid,0.1,1,s022,5,6.249999999999998,0.0,10.0,21.5,56,42,42,0,6,0,0.84,15.37890625,45,0,37,0,3,3937,256,16,1,1,52.5,0,
mm_noisy,mm,full,fidelity,True,True,16,iid,0.1,1,s022,6,1.2500000000000009,0.0,2.0,10.0,56,48,48,0,6,0,0.96,13.578125,49,0,42,0,1,3476,256,16,1,1,51.6875,0,
mm_noisy,mm,full,fidelity,True,True,16,iid,0.1,1,s022,7,2.000000000000001,0.0,0.0,11.0,56,49,49,0,6,0,0.98,14.625,52,2,35,0,1,3744,256,16,1,1,58.1875,0,
mm_noisy,mm,full,fidelity,True,True,16,iid,0.1,1,s022,8,3.7500000000000018,0.0,2.0,20.5,56,47,47,0,6,0,0.94,12.81640625,50,1,46,0,2,3281,256,16,1,1,59.75,0,2.0
mm_noisy,mm,full,fidelity,True,True,16,iid,0.1,2,s022,2,14.250000000000002,0.0,0.0,69.5,56,38,38,0,6,0,0.76,16.0,56,18,0,0,0,4096,256,16,1,16,81.4375,0,
mm_noisy,mm,full,fidelity,True,True,16,iid,0.1,2,s022,3,2.000000000000001,0.0,0.0,51.5,56,48,48,0,6,0,0.96,15.41015625,54,4,4,0,2,3945,256,16,1,1,22.4375,0,
mm_noisy,mm,full,fidelity,True,True,16,iid,0.1,2,s022,4,5.500000000000003,0.0,2.0,23.5,56,45,45,0,6,0,0.9,15.68359375,50,3,9,0,2,4015,256,16,1,1,61.0,0,
mm_noisy,mm,full,fidelity,True,True,16,iid,0.1,2,s022,5,6.749999999999999,1.25,10.0,27.500000000000004,56,43,42,1,6,0,0.84,15.38671875,47,1,10,0,3,3939,256,16,1,1,40.8125,1,
mm_noisy,mm,full,fidelity,True,True,16,iid,0.1,2,s022,6,2.500000000000001,0.0,2.0,18.0,56,49,48,1,6,0,0.96,13.66015625,50,0,1,0,1,3497,256,16,1,1,56.875,1,
mm_noisy,mm,full,fidelity,True,True,16,iid,0.1,2,s022,7,0.5,0.0,0.0,14.499999999999998,56,49,49,0,6,0,0.98,14.0234375,52,2,0,0,1,3590,256,16,1,1,48.8125,0,
mm_noisy,mm,full,fidelity,True,True,16,iid,0.1,2,s022,8,5.750000000000003,0.0,2.0,19.5,56,47,47,0,6,0,0.94,13.04296875,51,2,12,0,2,3339,256,16,1,1,63.0625,0,82.0
static_noisy,static,none,fidelity,True,True,16,iid,0.1,0,s024,2,7.499999999999998,1.25,2.0,57.99999999999999,56,0,0,0,6,0,0.0,37.0,0,0,0,0,0,9472,256,50,0,50,81.5,0,
static_noisy,static,none,fidelity,True,True,16,iid,0.1,0,s024,3,10.0,2.33695652173913,4.0,59.5,56,0,0,0,6,0,0.0,37.0,0,0,0,0,0,9472,256,50,0,50,137.5,0,
static_noisy,static,none,fidelity,True,True,16,iid,0.1,0,s024,4,7.249999999999998,0.0,2.0,55.50000000000001,56,0,0,0,6,0,0.0,37.0,0,0,0,0,0,9472,256,50,0,50,193.5,0,
static_noisy,static,none,fidelity,True,True,16,iid,0.1,0,s024,5,10.249999999999998,1.25,4.0,55.00000000000001,56,0,0,0,6,0,0.0,37.0,0,0,0,0,0,9472,256,50,0,50,249.5,0,
static_noisy,static,none,fidelity,True,True,16,iid,0.1,0,s024,6,6.999999999999998,0.0,2.0,63.5,56,0,0,0,6,0,0.0,37.0,0,0,0,0,0,9472,256,50,0,50,305.5,0,
static_noisy,static,none,fidelity,True,True,16,iid,0.1,0,s024,7,12.5,2.33695652173913,2.0,59.5,56,0,0,0,6,0,0.0,37.0,0,0,0,0,0,9472,256,50,0,50,361.5,0,
static_noisy,static,none,fidelity,True,True,16,iid,0.1,0,s024,8,7.999999999999999,1.25,0.0,51.5,56,0,0,0,6,0,0.0,37.0,0,0,0,0,0,9472,256,50,0,50,417.5,0,84.0
static_noisy,static,none,fidelity,True,True,16,iid,0.1,1,s024,2,6.500000000000003,1.25,2.0,16.5,56,0,0,0,6,0,0.0,37.0,0,0,0,0,0,9472,256,50,0,50,81.5,0,
static_noisy,static,none,fidelity,True,True,16,iid,0.1,1,s024,3,10.249999999999998,2.33695652173913,8.0,18.0,56,0,0,0,6,0,0.0,37.0,0,0,0,0,0,9472,256,50,0,50,137.5,0,
static_noisy,static,none,fidelity,True,True,16,iid,0.1,1,s024,4,9.499999999999998,2.33695652173913,6.0,20.5,56,0,0,0,6,0,0.0,37.0,0,0,0,0,0,9472,256,50,0,50,193.5,0,
static_noisy,static,none,fidelity,True,True,16,iid,0.1,1,s024,5,7.999999999999999,1.25,8.0,15.5,56,0,0,0,6,0,0.0,37.0,0,0,0,0,0,9472,256,50,0,50,249.5,0,
static_noisy,static,none,fidelity,True,True,16,iid,0.1,1,s024,6,6.250000000000003,0.0,2.0,18.0,56,0,0,0,6,0,0.0,37.0,0,0,0,0,0,9472,256,50,0,50,305.5,0,
static_noisy,static,none,fidelity,True,True,16,iid,0.1,1,s024,7,12.25,4.67391304347826,6.0,21.0,56,0,0,0,6,0,0.0,37.0,0,0,0,0,0,9472,256,50,0,50,361.5,0,
static_noisy,static,none,fidelity,True,True,16,iid,0.1,1,s024,8,7.499999999999998,1.25,2.0,24.5,56,0,0,0,6,0,0.0,37.0,0,0,0,0,0,9472,256,50,0,50,417.5,0,4.0
static_noisy,static,none,fidelity,True,True,16,iid,0.1,2,s024,2,8.499999999999998,1.25,2.0,76.0,56,0,0,0,6,0,0.0,37.0,0,0,0,0,0,9472,256,50,0,50,81.5,0,
static_noisy,static,none,fidelity,True,True,16,iid,0.1,2,s024,3,9.0,2.33695652173913,4.0,73.0,56,0,0,0,6,0,0.0,37.0,0,0,0,0,0,9472,256,50,0,50,137.5,0,
static_noisy,static,none,fidelity,True,True,16,iid,0.1,2,s024,4,8.249999999999998,1.25,2.0,71.5,56,0,0,0,6,0,0.0,37.0,0,0,0,0,0,9472,256,50,0,50,193.5,0,
static_noisy,static,none,fidelity,True,True,16,iid,0.1,2,s024,5,10.499999999999998,1.25,0.0,74.5,56,0,0,0,6,0,0.0,37.0,0,0,0,0,0,9472,256,50,0,50,249.5,0,
static_noisy,static,none,fidelity,True,True,16,iid,0.1,2,s024,6,8.749999999999998,0.0,2.0,77.5,56,0,0,0,6,0,0.0,37.0,0,0,0,0,0,9472,256,50,0,50,305.5,0,
static_noisy,static,none,fidelity,True,True,16,iid,0.1,2,s024,7,11.5,7.01086956521739,0.0,70.0,56,0,0,0,6,0,0.0,37.0,0,0,0,0,0,9472,256,50,0,50,361.5,0,
static_noisy,static,none,fidelity,True,True,16,iid,0.1,2,s024,8,7.999999999999999,1.25,0.0,74.5,56,0,0,0,6,0,0.0,37.0,0,0,0,0,0,9472,256,50,0,50,417.5,0,76.0
window_noisy,window,none,fidelity,True,True,16,iid,0.1,0,s024,2,12.0,6.847826086956524,6.0,22.0,56,49,47,2,6,0,0.94,11.890625,0,0,0,0,0,3044,256,16,0,0,9.625,0,
window_noisy,window,none,fidelity,True,True,16,iid,0.1,0,s024,3,16.500000000000004,4.67391304347826,12.0,20.5,56,45,44,1,6,0,0.88,12.82421875,0,0,0,0,0,3283,256,16,0,0,8.0,0,
window_noisy,window,none,fidelity,True,True,16,iid,0.1,0,s024,4,11.5,1.25,12.0,13.5,56,46,44,2,6,0,0.88,10.14453125,0,0,0,0,0,2597,256,16,0,0,9.375,1,
window_noisy,window,none,fidelity,True,True,16,iid,0.1,0,s024,5,11.5,0.0,2.0,17.5,56,49,49,0,6,0,0.98,11.6171875,0,0,0,0,0,2974,256,16,0,0,7.875,0,
window_noisy,window,none,fidelity,True,True,16,iid,0.1,0,s024,6,13.750000000000002,0.0,12.0,17.5,56,44,44,0,6,0,0.88,10.25,0,0,0,0,0,2624,256,16,0,0,10.25,0,
window_noisy,window,none,fidelity,True,True,16,iid,0.1,0,s024,7,11.0,2.33695652173913,4.0,22.0,56,50,48,2,6,0,0.96,11.7421875,0,0,0,0,0,3006,256,16,0,0,8.5625,0,
window_noisy,window,none,fidelity,True,True,16,iid,0.1,0,s024,8,9.25,2.33695652173913,2.0,19.5,56,50,49,1,6,0,0.98,11.04296875,0,0,0,0,0,2827,256,16,0,0,8.3125,0,56.00000000000001
window_noisy,window,none,fidelity,True,True,16,iid,0.1,1,s024,2,9.25,4.67391304347826,6.0,8.5,56,49,47,2,6,0,0.94,12.09375,0,0,0,0,0,3096,256,16,0,0,7.5625,0,
window_noisy,window,none,fidelity,True,True,16,iid,0.1,1,s024,3,15.500000000000004,2.5,18.0,15.0,56,42,41,1,6,0,0.82,12.203125,0,0,0,0,0,3124,256,16,0,0,8.375,0,
window_noisy,window,none,fidelity,True,True,16,iid,0.1,1,s024,4,13.5,2.5,14.000000000000002,15.0,56,44,43,1,6,0,0.86,9.99609375,0,0,0,0,0,2559,256,16,0,0,10.3125,0,
window_noisy,window,none,fidelity,True,True,16,iid,0.1,1,s024,5,8.249999999999998,0.0,8.0,9.0,56,47,46,1,6,0,0.92,11.4921875,0,0,0,0,0,2942,256,16,0,0,12.0,0,
window_noisy,window,none,fidelity,True,True,16,iid,0.1,1,s024,6,9.75,1.25,14.000000000000002,7.000000000000001,56,43,43,0,6,0,0.86,10.1171875,0,0,0,0,0,2590,256,16,0,0,10.0,0,
window_noisy,window,none,fidelity,True,True,16,iid,0.1,1,s024,7,12.75,1.0869565217391297,8.0,15.0,56,46,46,0,6,0,0.92,11.03515625,0,0,0,0,0,2825,256,16,0,0,8.3125,0,
window_noisy,window,none,fidelity,True,True,16,iid,0.1,1,s024,8,10.0,2.5,6.0,15.5,56,48,47,1,6,0,0.94,10.640625,0,0,0,0,0,2724,256,16,0,0,8.375,1,0.0
window_noisy,window,none,fidelity,True,True,16,iid,0.1,2,s024,2,11.75,2.33695652173913,4.0,24.0,56,48,48,0,6,0,0.96,12.03125,0,0,0,0,0,3080,256,16,0,0,9.5,0,
window_noisy,window,none,fidelity,True,True,16,iid,0.1,2,s024,3,17.5,2.5,14.000000000000002,22.5,56,44,43,1,6,0,0.86,12.8984375,0,0,0,0,0,3302,256,16,0,0,7.9375,0,
window_noisy,window,none,fidelity,True,True,16,iid,0.1,2,s024,4,11.0,2.5,12.0,12.5,56,45,44,1,6,0,0.88,9.859375,0,0,0,0,0,2524,256,16,0,0,9.875,0,
window_noisy,window,none,fidelity,True,True,16,iid,0.1,2,s024,5,9.499999999999998,3.423913043478259,2.0,17.5,56,50,49,1,6,0,0.98,11.69140625,0,0,0,0,0,2993,256,16,0,0,8.1875,0,
window_noisy,window,none,fidelity,True,True,16,iid,0.1,2,s024,6,13.5,0.0,12.0,11.5,56,45,44,1,6,0,0.88,10.38671875,0,0,0,0,0,2659,256,16,0,0,9.4375,1,
window_noisy,window,none,fidelity,True,True,16,iid,0.1,2,s024,7,13.750000000000002,2.33695652173913,4.0,23.0,56,48,48,0,6,0,0.96,11.484375,0,0,0,0,0,2940,256,16,0,0,9.625,0,
window_noisy,window,none,fidelity,True,True,16,iid,0.1,2,s024,8,9.499999999999998,1.25,2.0,18.5,56,50,49,1,6,0,0.98,10.47265625,0,0,0,0,0,2681,256,16,0,0,9.4375,0,18.0
aeqkad_noisy,window,full,fidelity,True,True,16,iid,0.1,0,s024,2,11.5,4.67391304347826,8.0,21.5,56,41,41,0,6,0,0.82,11.42578125,47,6,13,0,0,2925,256,16,0,0,9.6875,0,
aeqkad_noisy,window,full,fidelity,True,True,16,iid,0.1,0,s024,3,15.750000000000004,2.5,12.0,17.0,56,36,36,0,6,0,0.72,11.3984375,45,8,13,0,1,2918,256,16,0,0,8.625,0,
aeqkad_noisy,window,full,fidelity,True,True,16,iid,0.1,0,s024,4,11.0,2.33695652173913,12.0,12.0,56,41,39,2,6,0,0.78,9.36328125,46,3,23,0,2,2397,256,16,0,0,11.8125,1,
aeqkad_noisy,window,full,fidelity,True,True,16,iid,0.1,0,s024,5,15.000000000000002,1.25,14.000000000000002,14.499999999999998,56,41,41,0,6,0,0.82,9.91796875,43,2,17,0,0,2539,256,16,0,0,10.5625,0,
aeqkad_noisy,window,full,fidelity,True,True,16,iid,0.1,0,s024,6,16.25,0.0,14.000000000000002,12.0,56,39,39,0,6,0,0.78,9.17578125,43,3,23,0,1,2349,256,16,0,0,11.25,0,
aeqkad_noisy,window,full,fidelity,True,True,16,iid,0.1,0,s024,7,11.5,2.33695652173913,4.0,14.000000000000002,56,44,44,0,6,0,0.88,10.7734375,50,6,14,0,0,2758,256,16,0,0,9.125,0,
aeqkad_noisy,window,full,fidelity,True,True,16,iid,0.1,0,s024,8,10.0,1.25,4.0,14.000000000000002,56,41,41,0,6,0,0.82,9.796875,49,8,15,0,0,2508,256,16,0,0,10.4375,0,40.0
aeqkad_noisy,window,full,fidelity,True,True,16,iid,0.1,1,s024,2,7.999999999999999,6.847826086956524,8.0,10.0,56,42,40,2,6,0,0.8,11.62890625,48,6,0,0,0,2977,256,16,0,0,7.625,0,
aeqkad_noisy,window,full,fidelity,True,True,16,iid,0.1,1,s024,3,14.250000000000002,2.5,16.0,11.5,56,38,37,1,6,0,0.74,11.72265625,43,5,0,0,0,3001,256,16,0,0,9.0625,0,
aeqkad_noisy,window,full,fidelity,True,True,16,iid,0.1,1,s024,4,14.000000000000002,2.5,14.000000000000002,13.0,56,39,39,0,6,0,0.78,9.08203125,43,3,0,0,1,2325,256,16,0,0,11.4375,0,
aeqkad_noisy,window,full,fidelity,True,True,16,iid,0.1,1,s024,5,9.749999999999998,2.33695652173913,14.000000000000002,7.000000000000001,56,39,38,1,6,0,0.76,10.203125,44,5,0,0,0,2612,256,16,0,0,13.4375,0,
aeqkad_noisy,window,full,fidelity,True,True,16,iid,0.1,1,s024,6,11.0,1.25,14.000000000000002,6.0,56,39,39,0,6,0,0.78,9.20703125,43,4,0,0,0,2357,256,16,0,0,10.9375,0,
aeqkad_noisy,window,full,fidelity,True,True,16,iid,0.1,1,s024,7,10.499999999999998,2.33695652173913,14.000000000000002,11.0,56,40,40,0,6,0,0.8,10.0234375,43,3,0,0,0,2566,256,16,0,0,10.0625,0,
aeqkad_noisy,window,full,fidelity,True,True,16,iid,0.1,1,s024,8,12.0,5.760869565217389,10.0,15.0,56,39,39,0,6,0,0.78,9.1953125,46,7,0,0,0,2354,256,16,0,0,13.75,0,0.0
aeqkad_noisy,window,full,fidelity,True,True,16,iid,0.1,2,s024,2,13.25,4.67391304347826,6.0,22.5,56,42,42,0,6,0,0.84,11.34765625,47,5,15,0,0,2905,256,16,0,0,9.5625,0,
aeqkad_noisy,window,full,fidelity,True,True,16,iid,0.1,2,s024,3,13.5,2.5,16.0,20.5,56,37,36,1,6,0,0.72,11.56640625,43,5,12,0,1,2961,256,16,0,0,8.5,0,
aeqkad_noisy,window,full,fidelity,True,True,16,iid,0.1,2,s024,4,11.5,2.5,12.0,11.5,56,41,40,1,6,0,0.8,9.20703125,45,3,24,0,1,2357,256,16,0,0,11.0625,0,
aeqkad_noisy,window,full,fidelity,True,True,16,iid,0.1,2,s024,5,13.5,1.25,14.000000000000002,12.5,56,40,40,0,6,0,0.8,10.57421875,45,5,11,0,0,2707,256,16,0,0,10.75,0,
aeqkad_noisy,window,full,fidelity,True,True,16,iid,0.1,2,s024,6,12.25,0.0,14.000000000000002,9.5,56,39,39,0,6,0,0.78,9.4921875,44,4,21,0,1,2430,256,16,0,0,10.8125,0,
aeqkad_noisy,window,full,fidelity,True,True,16,iid,0.1,2,s024,7,11.5,2.33695652173913,4.0,17.5,56,42,42,0,6,0,0.84,10.140625,48,4,12,0,2,2596,256,16,0,0,10.3125,0,
aeqkad_noisy,window,full,fidelity,True,True,16,iid,0.1,2,s024,8,9.749999999999998,1.25,0.0,14.499999999999998,56,42,41,1,6,0,0.82,9.46484375,51,9,14,0,0,2423,256,16,0,0,11.75,0,12.0
mm_noisy,mm,full,fidelity,True,True,16,iid,0.1,0,s024,2,7.999999999999999,1.25,2.0,53.5,56,48,48,0,6,0,0.96,16.0,50,2,37,0,0,4096,256,16,1,16,85.25,0,
mm_noisy,mm,full,fidelity,True,True,16,iid,0.1,0,s024,3,9.749999999999998,7.01086956521739,8.0,42.0,56,39,39,0,6,0,0.78,15.28515625,49,7,24,0,3,3913,256,16,1,1,27.5,0,
mm_noisy,mm,full,fidelity,True,True,16,iid,0.1,0,s024,4,12.0,0.0,10.0,27.500000000000004,56,45,43,2,6,0,0.86,14.91796875,47,1,33,0,1,3819,256,16,1,1,63.75,1,
mm_noisy,mm,full,fidelity,True,True,16,iid,0.1,0,s024,5,10.749999999999998,1.25,0.0,28.5,56,44,44,0,6,0,0.88,14.95703125,51,5,34,0,2,3829,256,16,1,1,51.0625,1,
mm_noisy,mm,full,fidelity,True,True,16,iid,0.1,0,s024,6,14.500000000000002,0.0,10.0,23.0,56,41,41,0,6,0,0.82,14.59765625,46,4,34,0,1,3737,256,16,1,1,56.5625,0,
mm_noisy,mm,full,fidelity,True,True,16,iid,0.1,0,s024,7,13.750000000000002,2.33695652173913,4.0,31.5,56,46,44,2,6,0,0.88,15.43359375,50,4,30,0,0,3951,256,16,1,1,59.375,2,
mm_noisy,mm,full,fidelity,True,True,16,iid,0.1,0,s024,8,12.0,1.25,0.0,37.5,56,43,42,1,6,0,0.84,15.6328125,52,7,29,0,2,4002,256,16,1,1,68.8125,2,92.0
mm_noisy,mm,full,fidelity,True,True,16,iid,0.1,1,s024,2,5.000000000000002,5.760869565217389,4.0,23.0,56,48,46,2,6,0,0.92,16.0,51,3,0,0,0,4096,256,16,1,15,79.8125,0,
mm_noisy,mm,full,fidelity,True,True,16,iid,0.1,1,s024,3,14.250000000000002,5.923913043478259,10.0,21.5,56,31,31,0,6,0,0.62,15.69921875,48,15,0,0,2,4019,256,16,1,4,48.125,0,
mm_noisy,mm,full,fidelity,True,True,16,iid,0.1,1,s024,4,11.5,1.0869565217391297,10.0,15.0,56,39,39,0,6,0,0.78,14.40234375,46,5,0,0,2,3687,256,16,1,1,57.4375,0,
mm_noisy,mm,full,fidelity,True,True,16,iid,0.1,1,s024,5,9.25,2.33695652173913,2.0,15.0,56,45,44,1,6,0,0.88,15.62890625,50,4,0,0,1,4001,256,16,1,1,49.4375,1,
mm_noisy,mm,full,fidelity,True,True,16,iid,0.1,1,s024,6,13.5,1.25,10.0,16.0,56,42,42,0,6,0,0.84,15.25390625,46,4,0,0,0,3905,256,16,1,1,65.625,1,
mm_noisy,mm,full,fidelity,True,True,16,iid,0.1,1,s024,7,11.5,1.25,8.0,18.0,56,42,42,0,6,0,0.84,15.01171875,47,4,0,0,1,3843,256,16,1,1,52.625,0,
mm_noisy,mm,full,fidelity,True,True,16,iid,0.1,1,s024,8,13.5,1.25,6.0,22.5,56,41,41,0,6,0,0.82,14.28125,49,6,1,0,2,3656,256,16,1,1,73.3125,0,2.0
mm_noisy,mm,full,fidelity,True,True,16,iid,0.1,2,s024,2,7.999999999999999,2.33695652173913,2.0,56.99999999999999,56,48,48,0,6,0,0.96,16.0,50,2,34,0,0,4096,256,16,1,15,84.125,0,
mm_noisy,mm,full,fidelity,True,True,16,iid,0.1,2,s024,3,13.750000000000002,3.75,10.0,42.5,56,38,37,1,6,0,0.74,15.85546875,46,5,19,0,3,4059,256,16,1,1,31.9375,1,
mm_noisy,mm,full,fidelity,True,True,16,iid,0.1,2,s024,4,12.0,2.5,6.0,24.5,56,43,42,1,6,0,0.84,15.41796875,48,4,31,0,1,3947,256,16,1,1,67.5,1,
mm_noisy,mm,full,fidelity,True,True,16,iid,0.1,2,s024,5,9.499999999999998,1.25,2.0,21.0,56,44,44,0,6,0,0.88,14.91015625,51,6,31,0,1,3817,256,16,1,1,43.875,0,
mm_noisy,mm,full,fidelity,True,True,16,iid,0.1,2,s024,6,13.5,0.0,10.0,21.0,56,41,41,0,6,0,0.82,15.10546875,47,5,29,0,1,3867,256,16,1,1,60.5,0,
mm_noisy,mm,full,fidelity,True,True,16,iid,0.1,2,s024,7,10.249999999999998,1.0869565217391297,4.0,35.5,56,44,44,0,6,0,0.88,15.4609375,50,5,30,0,1,3958,256,16,1,1,61.9375,0,
mm_noisy,mm,full,fidelity,True,True,16,iid,0.1,2,s024,8,10.249999999999998,5.760869565217389,0.0,35.5,56,44,43,1,6,0,0.86,15.07421875,54,7,34,0,3,3859,256,16,1,1,65.9375,0,26.0
static_noisy,static,none,fidelity,True,True,16,iid,0.1,0,s025,2,10.249999999999998,0.0,4.0,61.0,56,0,0,0,6,0,0.0,39.0,0,0,0,0,0,9984,256,50,0,50,81.5,0,
static_noisy,static,none,fidelity,True,True,16,iid,0.1,0,s025,3,6.749999999999997,0.0,0.0,61.5,56,0,0,0,6,0,0.0,39.0,0,0,0,0,0,9984,256,50,0,50,137.5,0,
static_noisy,static,none,fidelity,True,True,16,iid,0.1,0,s025,4,11.249999999999998,0.0,2.0,60.0,56,0,0,0,6,0,0.0,39.0,0,0,0,0,0,9984,256,50,0,50,193.5,0,
static_noisy,static,none,fidelity,True,True,16,iid,0.1,0,s025,5,9.499999999999998,0.0,0.0,62.0,56,0,0,0,6,0,0.0,39.0,0,0,0,0,0,9984,256,50,0,50,249.5,0,
static_noisy,static,none,fidelity,True,True,16,iid,0.1,0,s025,6,9.499999999999998,0.0,4.0,59.5,56,0,0,0,6,0,0.0,39.0,0,0,0,0,0,9984,256,50,0,50,305.5,0,
static_noisy,static,none,fidelity,True,True,16,iid,0.1,0,s025,7,5.000000000000003,0.0,4.0,65.0,56,0,0,0,6,0,0.0,39.0,0,0,0,0,0,9984,256,50,0,50,361.5,0,
static_noisy,static,none,fidelity,True,True,16,iid,0.1,0,s025,8,14.500000000000002,6.847826086956524,6.0,66.0,56,0,0,0,6,0,0.0,39.0,0,0,0,0,0,9984,256,50,0,50,417.5,0,57.99999999999999
static_noisy,static,none,fidelity,True,True,16,iid,0.1,1,s025,2,10.0,0.0,0.0,69.0,56,0,0,0,6,0,0.0,38.0,0,0,0,0,0,9728,256,50,0,50,81.5,0,
static_noisy,static,none,fidelity,True,True,16,iid,0.1,1,s025,3,7.249999999999998,3.423913043478259,0.0,70.5,56,0,0,0,6,0,0.0,38.0,0,0,0,0,0,9728,256,50,0,50,137.5,0,
static_noisy,static,none,fidelity,True,True,16,iid,0.1,1,s025,4,14.000000000000002,0.0,2.0,69.0,56,0,0,0,6,0,0.0,38.0,0,0,0,0,0,9728,256,50,0,50,193.5,0,
static_noisy,static,none,fidelity,True,True,16,iid,0.1,1,s025,5,6.999999999999998,0.0,0.0,69.0,56,0,0,0,6,0,0.0,38.0,0,0,0,0,0,9728,256,50,0,50,249.5,0,
static_noisy,static,none,fidelity,True,True,16,iid,0.1,1,s025,6,8.5,0.0,4.0,70.0,56,0,0,0,6,0,0.0,38.0,0,0,0,0,0,9728,256,50,0,50,305.5,0,
static_noisy,static,none,fidelity,True,True,16,iid,0.1,1,s025,7,5.750000000000003,0.0,2.0,69.5,56,0,0,0,6,0,0.0,38.0,0,0,0,0,0,9728,256,50,0,50,361.5,0,
static_noisy,static,none,fidelity,True,True,16,iid,0.1,1,s025,8,17.0,6.847826086956524,2.0,73.0,56,0,0,0,6,0,0.0,38.0,0,0,0,0,0,9728,256,50,0,50,417.5,0,100.0
static_noisy,static,none,fidelity,True,True,16,iid,0.1,2,s025,2,11.249999999999998,0.0,4.0,61.5,56,0,0,0,6,0,0.0,39.0,0,0,0,0,0,9984,256,50,0,50,81.5,0,
static_noisy,static,none,fidelity,True,True,16,iid,0.1,2,s025,3,7.249999999999998,0.0,0.0,63.0,56,0,0,0,6,0,0.0,39.0,0,0,0,0,0,9984,256,50,0,50,137.5,0,
static_noisy,static,none,fidelity,True,True,16,iid,0.1,2,s025,4,14.750000000000002,0.0,2.0,60.5,56,0,0,0,6,0,0.0,39.0,0,0,0,0,0,9984,256,50,0,50,193.5,0,
static_noisy,static,none,fidelity,True,True,16,iid,0.1,2,s025,5,10.0,0.0,0.0,59.5,56,0,0,0,6,0,0.0,39.0,0,0,0,0,0,9984,256,50,0,50,249.5,0,
static_noisy,static,none,fidelity,True,True,16,iid,0.1,2,s025,6,9.25,0.0,4.0,55.50000000000001,56,0,0,0,6,0,0.0,39.0,0,0,0,0,0,9984,256,50,0,50,305.5,0,
static_noisy,static,none,fidelity,True,True,16,iid,0.1,2,s025,7,5.000000000000003,1.25,4.0,58.5,56,0,0,0,6,0,0.0,39.0,0,0,0,0,0,9984,256,50,0,50,361.5,0,
static_noisy,static,none,fidelity,True,True,16,iid,0.1,2,s025,8,14.250000000000002,2.33695652173913,6.0,59.0,56,0,0,0,6,0,0.0,39.0,0,0,0,0,0,9984,256,50,0,50,417.5,0,82.0
window_noisy,window,none,fidelity,True,True,16,iid,0.1,0,s025,2,16.250000000000004,0.0,6.0,27.0,56,49,47,2,6,0,0.94,13.859375,0,0,0,0,0,3548,256,16,0,0,8.6875,1,
window_noisy,window,none,fidelity,True,True,16,iid,0.1,0,s025,3,10.249999999999998,2.33695652173913,8.0,18.5,56,48,46,2,6,0,0.92,10.859375,0,0,0,0,0,2780,256,16,0,0,7.5,2,
window_noisy,window,none,fidelity,True,True,16,iid,0.1,0,s025,4,13.5,0.0,16.0,13.5,56,43,42,1,6,0,0.84,10.76171875,0,0,0,0,0,2755,256,16,0,0,9.25,0,
window_noisy,window,none,fidelity,True,True,16,iid,0.1,0,s025,5,13.750000000000002,2.33695652173913,14.000000000000002,24.0,56,48,43,5,6,0,0.86,12.95703125,0,0,0,0,0,3317,256,16,0,0,9.125,1,
window_noisy,window,none,fidelity,True,True,16,iid,0.1,0,s025,6,17.25,1.0869565217391297,12.0,29.0,56,48,44,4,6,0,0.88,10.7109375,0,0,0,0,0,2742,256,16,0,0,8.0625,2,
window_noisy,window,none,fidelity,True,True,16,iid,0.1,0,s025,7,8.75,0.0,8.0,31.0,56,50,46,4,6,0,0.92,10.6171875,0,0,0,0,0,2718,256,16,0,0,8.0625,0,
window_noisy,window,none,fidelity,True,True,16,iid,0.1,0,s025,8,19.25,0.0,18.0,15.0,56,42,41,1,6,0,0.82,8.65625,0,0,0,0,0,2216,256,16,0,0,16.625,0,46.0
window_noisy,window,none,fidelity,True,True,16,iid,0.1,1,s025,2,16.500000000000004,0.0,4.0,30.0,56,49,48,1,6,0,0.96,14.0,0,0,0,0,0,3584,256,16,0,0,8.875,0,
window_noisy,window,none,fidelity,True,True,16,iid,0.1,1,s025,3,9.749999999999998,1.0869565217391297,8.0,21.5,56,46,46,0,6,0,0.92,10.57421875,0,0,0,0,0,2707,256,16,0,0,9.3125,0,
window_noisy,window,none,fidelity,True,True,16,iid,0.1,1,s025,4,15.750000000000004,0.0,12.0,19.0,56,45,44,1,6,0,0.88,10.8828125,0,0,0,0,0,2786,256,16,0,0,8.4375,0,
window_noisy,window,none,fidelity,True,True,16,iid,0.1,1,s025,5,15.750000000000004,0.0,12.0,25.0,56,45,44,1,6,0,0.88,12.67578125,0,0,0,0,0,3245,256,16,0,0,10.0,1,
window_noisy,window,none,fidelity,True,True,16,iid,0.1,1,s025,6,14.500000000000002,1.0869565217391297,10.0,21.5,56,48,45,3,6,0,0.9,10.56640625,0,0,0,0,0,2705,256,16,0,0,8.0625,1,
window_noisy,window,none,fidelity,True,True,16,iid,0.1,1,s025,7,13.5,0.0,10.0,16.5,56,45,45,0,6,0,0.9,9.59375,0,0,0,0,0,2456,256,16,0,0,9.6875,0,
window_noisy,window,none,fidelity,True,True,16,iid,0.1,1,s025,8,19.5,1.25,16.0,22.0,56,45,42,3,6,0,0.84,9.19921875,0,0,0,0,0,2355,256,16,0,0,14.3125,2,2.0
window_noisy,window,none,fidelity,True,True,16,iid,0.1,2,s025,2,15.250000000000002,0.0,10.0,23.5,56,46,45,1,6,0,0.9,13.7421875,0,0,0,0,0,3518,256,16,0,0,8.8125,1,
window_noisy,window,none,fidelity,True,True,16,iid,0.1,2,s025,3,7.999999999999999,2.33695652173913,8.0,14.499999999999998,56,48,46,2,6,0,0.92,10.72265625,0,0,0,0,0,2745,256,16,0,0,7.625,2,
window_noisy,window,none,fidelity,True,True,16,iid,0.1,2,s025,4,16.500000000000004,0.0,16.0,19.0,56,43,42,1,6,0,0.84,10.74609375,0,0,0,0,0,2751,256,16,0,0,9.8125,0,
window_noisy,window,none,fidelity,True,True,16,iid,0.1,2,s025,5,18.000000000000004,0.0,14.000000000000002,22.0,56,44,43,1,6,0,0.86,12.6015625,0,0,0,0,0,3226,256,16,0,0,9.875,0,
window_noisy,window,none,fidelity,True,True,16,iid,0.1,2,s025,6,11.0,2.33695652173913,12.0,16.0,56,44,44,0,6,0,0.88,10.20703125,0,0,0,0,0,2613,256,16,0,0,9.4375,0,
window_noisy,window,none,fidelity,True,True,16,iid,0.1,2,s025,7,9.499999999999998,0.0,8.0,13.0,56,47,46,1,6,0,0.92,9.5,0,0,0,0,0,2432,256,16,0,0,8.875,1,
window_noisy,window,none,fidelity,True,True,16,iid,0.1,2,s025,8,16.250000000000004,0.0,18.0,10.5,56,42,41,1,6,0,0.82,9.1015625,0,0,0,0,0,2330,256,16,0,0,16.6875,1,50.0
aeqkad_noisy,window,full,fidelity,True,True,16,iid,0.1,0,s025,2,16.500000000000004,0.0,8.0,24.0,56,39,39,0,6,0,0.78,12.6484375,48,8,36,0,1,3238,256,16,0,0,11.3125,0,
aeqkad_noisy,window,full,fidelity,True,True,16,iid,0.1,0,s025,3,7.749999999999998,0.0,8.0,16.0,56,43,43,0,6,0,0.86,9.890625,47,4,36,0,0,2532,256,16,0,0,8.4375,0,
aeqkad_noisy,window,full,fidelity,True,True,16,iid,0.1,0,s025,4,14.500000000000002,0.0,16.0,15.0,56,40,39,1,6,0,0.78,9.97265625,43,2,31,0,1,2553,256,16,0,0,10.9375,0,
aeqkad_noisy,window,full,fidelity,True,True,16,iid,0.1,0,s025,5,16.75,0.0,14.000000000000002,17.5,56,40,39,1,6,0,0.78,11.71484375,46,6,32,0,0,2999,256,16,0,0,11.5,0,
aeqkad_noisy,window,full,fidelity,True,True,16,iid,0.1,0,s025,6,11.0,2.33695652173913,12.0,16.5,56,41,41,0,6,0,0.82,9.390625,44,2,36,0,1,2404,256,16,0,0,10.375,0,
aeqkad_noisy,window,full,fidelity,True,True,16,iid,0.1,0,s025,7,9.749999999999998,0.0,10.0,15.0,56,43,43,0,6,0,0.86,8.65234375,45,1,34,0,1,2215,256,16,0,0,8.0625,0,
aeqkad_noisy,window,full,fidelity,True,True,16,iid,0.1,0,s025,8,18.500000000000004,0.0,18.0,15.5,56,41,41,0,6,0,0.82,8.54296875,41,0,36,0,0,2187,256,16,0,0,16.625,0,44.0
aeqkad_noisy,window,full,fidelity,True,True,16,iid,0.1,1,s025,2,15.500000000000004,0.0,8.0,26.5,56,39,39,0,6,0,0.78,13.19140625,48,8,33,0,1,3377,256,16,0,0,11.6875,0,
aeqkad_noisy,window,full,fidelity,True,True,16,iid,0.1,1,s025,3,9.25,1.0869565217391297,8.0,20.0,56,45,45,0,6,0,0.9,10.20703125,46,1,37,0,0,2613,256,16,0,0,9.3125,0,
aeqkad_noisy,window,full,fidelity,True,True,16,iid,0.1,1,s025,4,19.000000000000004,0.0,18.0,16.0,56,37,37,0,6,0,0.74,10.0703125,42,3,29,0,2,2578,256,16,0,0,13.6875,0,
aeqkad_noisy,window,full,fidelity,True,True,16,iid,0.1,1,s025,5,16.000000000000004,0.0,14.000000000000002,25.0,56,39,39,0,6,0,0.78,11.76953125,43,4,30,0,0,3013,256,16,0,0,12.9375,0,
aeqkad_noisy,window,full,fidelity,True,True,16,iid,0.1,1,s025,6,10.5,2.33695652173913,12.0,15.0,56,42,41,1,6,0,0.82,9.22265625,46,2,37,0,2,2361,256,16,0,0,10.1875,0,
aeqkad_noisy,window,full,fidelity,True,True,16,iid,0.1,1,s025,7,8.5,0.0,8.0,13.5,56,43,43,0,6,0,0.86,8.51171875,46,2,34,0,1,2179,256,16,0,0,9.6875,0,
aeqkad_noisy,window,full,fidelity,True,True,16,iid,0.1,1,s025,8,17.750000000000004,1.25,18.0,17.0,56,41,41,0,6,0,0.82,8.34375,43,2,36,0,0,2136,256,16,0,0,16.8125,0,0.0
aeqkad_noisy,window,full,fidelity,True,True,16,iid,0.1,2,s025,2,19.0,0.0,16.0,21.0,56,38,38,0,6,0,0.76,12.85546875,44,6,16,0,0,3291,256,16,0,0,12.25,0,
aeqkad_noisy,window,full,fidelity,True,True,16,iid,0.1,2,s025,3,7.249999999999998,0.0,8.0,10.0,56,43,43,0,6,0,0.86,9.8828125,48,5,13,0,0,2530,256,16,0,0,9.3125,0,
aeqkad_noisy,window,full,fidelity,True,True,16,iid,0.1,2,s025,4,18.500000000000004,0.0,18.0,13.0,56,38,37,1,6,0,0.74,9.8046875,42,3,16,0,1,2510,256,16,0,0,13.375,0,
aeqkad_noisy,window,full,fidelity,True,True,16,iid,0.1,2,s025,5,16.75,0.0,16.0,19.0,56,39,38,1,6,0,0.76,11.5234375,43,3,8,0,1,2950,256,16,0,0,12.375,0,
aeqkad_noisy,window,full,fidelity,True,True,16,iid,0.1,2,s025,6,11.5,2.33695652173913,14.000000000000002,13.5,56,39,39,0,6,0,0.78,8.94140625,43,3,4,0,1,2289,256,16,0,0,10.5,0,
aeqkad_noisy,window,full,fidelity,True,True,16,iid,0.1,2,s025,7,9.0,0.0,10.0,10.0,56,42,42,0,6,0,0.84,8.9765625,46,2,6,0,2,2298,256,16,0,0,9.1875,0,
aeqkad_noisy,window,full,fidelity,True,True,16,iid,0.1,2,s025,8,15.000000000000002,0.0,18.0,11.5,56,42,41,1,6,0,0.82,9.03125,42,0,20,0,0,2312,256,16,0,0,16.6875,1,50.0
mm_noisy,mm,full,fidelity,True,True,16,iid,0.1,0,s025,2,12.75,0.0,2.0,59.0,56,43,42,1,6,0,0.84,16.0,54,8,43,0,3,4096,256,16,1,16,79.0625,0,
mm_noisy,mm,full,fidelity,True,True,16,iid,0.1,0,s025,3,8.5,1.25,0.0,39.0,56,46,45,1,6,0,0.9,15.42578125,53,6,44,0,1,3949,256,16,1,1,29.375,1,
mm_noisy,mm,full,fidelity,True,True,16,iid,0.1,0,s025,4,16.750000000000004,1.25,14.000000000000002,33.5,56,42,40,2,6,0,0.8,14.79296875,46,2,37,0,2,3787,256,16,1,1,53.75,3,
mm_noisy,mm,full,fidelity,True,True,16,iid,0.1,0,s025,5,16.500000000000004,2.33695652173913,8.0,48.5,56,43,42,1,6,0,0.84,16.0,51,5,38,0,3,4096,256,16,1,1,62.1875,3,
mm_noisy,mm,full,fidelity,True,True,16,iid,0.1,0,s025,6,16.250000000000004,1.0869565217391297,8.0,35.5,56,41,41,0,6,0,0.82,15.53515625,48,4,40,0,3,3977,256,16,1,1,64.8125,1,
mm_noisy,mm,full,fidelity,True,True,16,iid,0.1,0,s025,7,4.999999999999998,0.0,6.0,30.5,56,43,43,0,6,0,0.86,13.73828125,47,1,43,0,3,3517,256,16,1,1,51.625,0,
mm_noisy,mm,full,fidelity,True,True,16,iid,0.1,0,s025,8,13.0,2.33695652173913,16.0,19.5,56,41,41,0,6,0,0.82,13.20703125,42,1,38,0,0,3381,256,16,1,1,72.375,0,46.0
mm_noisy,mm,full,fidelity,True,True,16,iid,0.1,1,s025,2,13.5,0.0,2.0,59.5,56,42,42,0,6,0,0.84,16.0,52,6,40,0,4,4096,256,16,1,16,82.875,0,
mm_noisy,mm,full,fidelity,True,True,16,iid,0.1,1,s025,3,9.25,2.33695652173913,0.0,45.5,56,45,45,0,6,0,0.9,14.984375,52,5,41,0,2,3836,256,16,1,1,27.125,0,
mm_noisy,mm,full,fidelity,True,True,16,iid,0.1,1,s025,4,17.750000000000004,0.0,16.0,26.0,56,37,37,0,6,0,0.74,13.71875,44,4,33,0,3,3512,256,16,1,1,55.25,0,
mm_noisy,mm,full,fidelity,True,True,16,iid,0.1,1,s025,5,18.250000000000004,0.0,10.0,33.0,56,40,40,0,6,0,0.8,15.74609375,47,7,34,0,0,4031,256,16,1,1,65.4375,0,
mm_noisy,mm,full,fidelity,True,True,16,iid,0.1,1,s025,6,14.250000000000002,1.0869565217391297,12.0,28.5,56,43,42,1,6,0,0.84,15.625,47,1,41,0,3,4000,256,16,1,1,59.75,1,
mm_noisy,mm,full,fidelity,True,True,16,iid,0.1,1,s025,7,6.000000000000003,0.0,6.0,33.0,56,43,43,0,6,0,0.86,14.8359375,47,0,43,0,4,3798,256,16,1,1,59.625,1,
mm_noisy,mm,full,fidelity,True,True,16,iid,0.1,1,s025,8,18.000000000000004,4.67391304347826,14.000000000000002,28.5,56,41,41,0,6,0,0.82,14.5703125,45,2,38,0,2,3730,256,16,1,1,75.0625,0,0.0
mm_noisy,mm,full,fidelity,True,True,16,iid,0.1,2,s025,2,11.5,0.0,4.0,49.5,56,39,39,0,6,0,0.78,16.0,51,5,26,0,7,4096,256,16,1,16,85.875,0,
mm_noisy,mm,full,fidelity,True,True,16,iid,0.1,2,s025,3,8.249999999999998,0.0,0.0,26.5,56,45,45,0,6,0,0.9,14.7578125,53,7,23,0,1,3778,256,16,1,1,24.0,0,
mm_noisy,mm,full,fidelity,True,True,16,iid,0.1,2,s025,4,18.000000000000004,2.33695652173913,16.0,24.5,56,38,37,1,6,0,0.74,13.515625,44,5,19,0,1,3460,256,16,1,1,57.0625,1,
mm_noisy,mm,full,fidelity,True,True,16,iid,0.1,2,s025,5,15.750000000000004,2.33695652173913,12.0,22.5,56,38,38,0,6,0,0.76,15.1015625,45,5,18,0,2,3866,256,16,1,1,63.4375,1,
mm_noisy,mm,full,fidelity,True,True,16,iid,0.1,2,s025,6,11.5,3.423913043478259,12.0,19.5,56,39,39,0,6,0,0.78,14.69921875,44,1,23,0,4,3763,256,16,1,1,73.6875,0,
mm_noisy,mm,full,fidelity,True,True,16,iid,0.1,2,s025,7,7.249999999999998,0.0,6.0,21.0,56,42,42,0,6,0,0.84,12.97265625,49,3,27,0,4,3321,256,16,1,1,53.875,0,
mm_noisy,mm,full,fidelity,True,True,16,iid,0.1,2,s025,8,11.250000000000002,0.0,14.000000000000002,16.5,56,41,40,1,6,0,0.8,12.484375,44,3,25,0,0,3196,256,16,1,1,73.1875,1,60.0
static_noisy,static,none,fidelity,True,True,16,iid,0.1,0,s026,2,20.25,9.347826086956523,14.000000000000002,47.0,56,0,0,0,6,0,0.0,40.0,0,0,0,0,0,10240,256,50,0,50,81.5,0,
static_noisy,static,none,fidelity,True,True,16,iid,0.1,0,s026,3,27.250000000000004,20.869565217391305,16.0,49.0,56,0,0,0,6,0,0.0,40.0,0,0,0,0,0,10240,256,50,0,50,137.5,0,
static_noisy,static,none,fidelity,True,True,16,iid,0.1,0,s026,4,20.5,8.097826086956525,10.0,46.5,56,0,0,0,6,0,0.0,40.0,0,0,0,0,0,10240,256,50,0,50,193.5,0,
static_noisy,static,none,fidelity,True,True,16,iid,0.1,0,s026,5,21.75,8.097826086956525,8.0,51.5,56,0,0,0,6,0,0.0,40.0,0,0,0,0,0,10240,256,50,0,50,249.5,0,
static_noisy,static,none,fidelity,True,True,16,iid,0.1,0,s026,6,24.0,15.108695652173914,8.0,51.5,56,0,0,0,6,0,0.0,40.0,0,0,0,0,0,10240,256,50,0,50,305.5,0,
static_noisy,static,none,fidelity,True,True,16,iid,0.1,0,s026,7,11.75,1.0869565217391297,4.0,45.5,56,0,0,0,6,0,0.0,40.0,0,0,0,0,0,10240,256,50,0,50,361.5,0,
static_noisy,static,none,fidelity,True,True,16,iid,0.1,0,s026,8,26.0,27.8804347826087,18.0,48.5,56,0,0,0,6,0,0.0,40.0,0,0,0,0,0,10240,256,50,0,50,417.5,0,57.99999999999999
static_noisy,static,none,fidelity,True,True,16,iid,0.1,1,s026,2,19.75,9.347826086956523,10.0,45.0,56,0,0,0,6,0,0.0,40.0,0,0,0,0,0,10240,256,50,0,50,81.5,0,
static_noisy,static,none,fidelity,True,True,16,iid,0.1,1,s026,3,32.25,27.8804347826087,14.000000000000002,46.0,56,0,0,0,6,0,0.0,40.0,0,0,0,0,0,10240,256,50,0,50,137.5,0,
static_noisy,static,none,fidelity,True,True,16,iid,0.1,1,s026,4,21.25,5.923913043478259,10.0,48.5,56,0,0,0,6,0,0.0,40.0,0,0,0,0,0,10240,256,50,0,50,193.5,0,
static_noisy,static,none,fidelity,True,True,16,iid,0.1,1,s026,5,23.0,7.17391304347826,10.0,48.0,56,0,0,0,6,0,0.0,40.0,0,0,0,0,0,10240,256,50,0,50,249.5,0,
static_noisy,static,none,fidelity,True,True,16,iid,0.1,1,s026,6,23.5,12.771739130434783,8.0,54.50000000000001,56,0,0,0,6,0,0.0,40.0,0,0,0,0,0,10240,256,50,0,50,305.5,0,
static_noisy,static,none,fidelity,True,True,16,iid,0.1,1,s026,7,17.5,8.097826086956525,4.0,43.5,56,0,0,0,6,0,0.0,40.0,0,0,0,0,0,10240,256,50,0,50,361.5,0,
static_noisy,static,none,fidelity,True,True,16,iid,0.1,1,s026,8,27.0,25.706521739130437,16.0,46.5,56,0,0,0,6,0,0.0,40.0,0,0,0,0,0,10240,256,50,0,50,417.5,0,24.0
static_noisy,static,none,fidelity,True,True,16,iid,0.1,2,s026,2,21.75,9.347826086956523,12.0,48.0,56,0,0,0,6,0,0.0,40.0,0,0,0,0,0,10240,256,50,0,50,81.5,0,
static_noisy,static,none,fidelity,True,True,16,iid,0.1,2,s026,3,29.000000000000004,22.1195652173913,16.0,46.5,56,0,0,0,6,0,0.0,40.0,0,0,0,0,0,10240,256,50,0,50,137.5,0,
static_noisy,static,none,fidelity,True,True,16,iid,0.1,2,s026,4,24.75,10.434782608695654,8.0,51.5,56,0,0,0,6,0,0.0,40.0,0,0,0,0,0,10240,256,50,0,50,193.5,0,
static_noisy,static,none,fidelity,True,True,16,iid,0.1,2,s026,5,21.75,8.097826086956525,8.0,55.00000000000001,56,0,0,0,6,0,0.0,40.0,0,0,0,0,0,10240,256,50,0,50,249.5,0,
static_noisy,static,none,fidelity,True,True,16,iid,0.1,2,s026,6,22.0,12.771739130434783,8.0,52.5,56,0,0,0,6,0,0.0,40.0,0,0,0,0,0,10240,256,50,0,50,305.5,0,
static_noisy,static,none,fidelity,True,True,16,iid,0.1,2,s026,7,14.750000000000002,4.67391304347826,4.0,54.0,56,0,0,0,6,0,0.0,40.0,0,0,0,0,0,10240,256,50,0,50,361.5,0,
static_noisy,static,none,fidelity,True,True,16,iid,0.1,2,s026,8,27.500000000000004,23.20652173913043,14.000000000000002,53.0,56,0,0,0,6,0,0.0,40.0,0,0,0,0,0,10240,256,50,0,50,417.5,0,70.0
window_noisy,window,none,fidelity,True,True,16,iid,0.1,0,s026,2,20.0,7.01086956521739,20.0,29.5,56,41,40,1,6,0,0.8,14.609375,0,0,0,0,0,3740,256,16,0,0,9.75,0,
window_noisy,window,none,fidelity,True,True,16,iid,0.1,0,s026,3,19.5,8.097826086956525,14.000000000000002,24.5,56,44,43,1,6,0,0.86,13.20703125,0,0,0,0,0,3381,256,16,0,0,11.3125,0,
window_noisy,window,none,fidelity,True,True,16,iid,0.1,0,s026,4,17.250000000000004,4.67391304347826,16.0,24.0,56,44,42,2,6,0,0.84,12.58203125,0,0,0,0,0,3221,256,16,0,0,10.3125,0,
window_noisy,window,none,fidelity,True,True,16,iid,0.1,0,s026,5,21.0,1.25,16.0,29.5,56,43,42,1,6,0,0.84,12.40625,0,0,0,0,0,3176,256,16,0,0,12.875,0,
window_noisy,window,none,fidelity,True,True,16,iid,0.1,0,s026,6,17.250000000000004,11.521739130434783,14.000000000000002,27.500000000000004,56,44,43,1,6,0,0.86,13.44140625,0,0,0,0,0,3441,256,16,0,0,11.0,0,
window_noisy,window,none,fidelity,True,True,16,iid,0.1,0,s026,7,16.75,4.67391304347826,10.0,28.000000000000004,56,46,45,1,6,0,0.9,12.73828125,0,0,0,0,0,3261,256,16,0,0,9.5,0,
window_noisy,window,none,fidelity,True,True,16,iid,0.1,0,s026,8,18.000000000000004,10.434782608695654,18.0,28.000000000000004,56,44,41,3,6,0,0.82,14.40625,0,0,0,0,0,3688,256,16,0,0,7.6875,1,16.0
window_noisy,window,none,fidelity,True,True,16,iid,0.1,1,s026,2,22.0,10.434782608695654,20.0,29.5,56,41,40,1,6,0,0.8,14.92578125,0,0,0,0,0,3821,256,16,0,0,9.6875,0,
window_noisy,window,none,fidelity,True,True,16,iid,0.1,1,s026,3,18.750000000000004,8.097826086956525,16.0,20.5,56,42,42,0,6,0,0.84,13.07421875,0,0,0,0,0,3347,256,16,0,0,12.125,0,
window_noisy,window,none,fidelity,True,True,16,iid,0.1,1,s026,4,20.25,7.01086956521739,18.0,28.5,56,44,41,3,6,0,0.82,11.8203125,0,0,0,0,0,3026,256,16,0,0,9.875,1,
window_noisy,window,none,fidelity,True,True,16,iid,0.1,1,s026,5,20.0,1.25,16.0,29.5,56,45,42,3,6,0,0.84,13.27734375,0,0,0,0,0,3399,256,16,0,0,12.25,1,
window_noisy,window,none,fidelity,True,True,16,iid,0.1,1,s026,6,18.0,4.67391304347826,16.0,34.0,56,45,42,3,6,0,0.84,13.70703125,0,0,0,0,0,3509,256,16,0,0,11.375,1,
window_noisy,window,none,fidelity,True,True,16,iid,0.1,1,s026,7,19.000000000000004,7.01086956521739,14.000000000000002,32.0,56,45,43,2,6,0,0.86,12.93359375,0,0,0,0,0,3311,256,16,0,0,9.4375,0,
window_noisy,window,none,fidelity,True,True,16,iid,0.1,1,s026,8,22.0,12.608695652173912,20.0,28.000000000000004,56,42,40,2,6,0,0.8,14.44140625,0,0,0,0,0,3697,256,16,0,0,7.75,0,8.0
window_noisy,window,none,fidelity,True,True,16,iid,0.1,2,s026,2,20.25,8.097826086956525,18.0,31.0,56,44,41,3,6,0,0.82,14.734375,0,0,0,0,0,3772,256,16,0,0,7.875,2,
window_noisy,window,none,fidelity,True,True,16,iid,0.1,2,s026,3,19.75,8.097826086956525,16.0,23.5,56,43,42,1,6,0,0.84,13.36328125,0,0,0,0,0,3421,256,16,0,0,11.1875,1,
window_noisy,window,none,fidelity,True,True,16,iid,0.1,2,s026,4,16.750000000000004,7.01086956521739,16.0,23.5,56,44,42,2,6,0,0.84,12.6796875,0,0,0,0,0,3246,256,16,0,0,9.1875,0,
window_noisy,window,none,fidelity,True,True,16,iid,0.1,2,s026,5,18.250000000000004,5.760869565217389,16.0,30.5,56,43,42,1,6,0,0.84,12.5078125,0,0,0,0,0,3202,256,16,0,0,11.5625,0,
window_noisy,window,none,fidelity,True,True,16,iid,0.1,2,s026,6,18.750000000000004,8.097826086956525,14.000000000000002,30.5,56,45,43,2,6,0,0.86,13.453125,0,0,0,0,0,3444,256,16,0,0,12.4375,1,
window_noisy,window,none,fidelity,True,True,16,iid,0.1,2,s026,7,18.750000000000004,2.1739130434782594,14.000000000000002,28.5,56,45,43,2,6,0,0.86,12.609375,0,0,0,0,0,3228,256,16,0,0,8.4375,1,
window_noisy,window,none,fidelity,True,True,16,iid,0.1,2,s026,8,19.75,8.097826086956525,18.0,31.0,56,42,41,1,6,0,0.82,14.02734375,0,0,0,0,0,3591,256,16,0,0,10.5625,1,42.0
aeqkad_noisy,window,full,fidelity,True,True,16,iid,0.1,0,s026,2,22.0,7.01086956521739,18.0,31.0,56,32,31,1,6,0,0.62,14.16015625,42,10,15,0,0,3625,256,16,0,0,13.4375,0,
aeqkad_noisy,window,full,fidelity,True,True,16,iid,0.1,0,s026,3,21.25,12.771739130434783,22.0,21.0,56,32,32,0,6,0,0.64,12.859375,40,8,14,0,0,3292,256,16,0,0,11.3125,0,
aeqkad_noisy,window,full,fidelity,True,True,16,iid,0.1,0,s026,4,20.25,4.67391304347826,18.0,20.5,56,35,35,0,6,0,0.7,12.125,42,6,10,0,1,3104,256,16,0,0,12.125,0,
aeqkad_noisy,window,full,fidelity,True,True,16,iid,0.1,0,s026,5,23.5,2.1739130434782594,22.0,24.0,56,34,33,1,6,0,0.66,10.48828125,40,5,10,0,1,2685,256,16,0,0,12.875,0,
aeqkad_noisy,window,full,fidelity,True,True,16,iid,0.1,0,s026,6,20.25,10.434782608695654,16.0,28.000000000000004,56,41,40,1,6,0,0.8,13.66796875,43,2,13,0,0,3499,256,16,0,0,11.0,0,
aeqkad_noisy,window,full,fidelity,True,True,16,iid,0.1,0,s026,7,18.000000000000004,4.67391304347826,14.000000000000002,22.5,56,38,38,0,6,0,0.76,11.9140625,44,6,12,0,0,3050,256,16,0,0,11.25,0,
aeqkad_noisy,window,full,fidelity,True,True,16,iid,0.1,0,s026,8,21.75,12.771739130434783,22.0,22.0,56,31,30,1,6,0,0.6,13.28125,41,10,9,0,0,3400,256,16,0,0,10.625,0,16.0
aeqkad_noisy,window,full,fidelity,True,True,16,iid,0.1,1,s026,2,22.25,10.434782608695654,18.0,30.0,56,36,35,1,6,0,0.7,14.8671875,42,6,30,0,0,3806,256,16,0,0,11.6875,0,
aeqkad_noisy,window,full,fidelity,True,True,16,iid,0.1,1,s026,3,21.75,13.858695652173914,22.0,20.0,56,32,32,0,6,0,0.64,12.57421875,39,6,27,0,1,3219,256,16,0,0,12.125,0,
aeqkad_noisy,window,full,fidelity,True,True,16,iid,0.1,1,s026,4,23.75,10.434782608695654,20.0,27.500000000000004,56,37,36,1,6,0,0.72,11.45703125,42,4,31,0,1,2933,256,16,0,0,11.375,1,
aeqkad_noisy,window,full,fidelity,True,True,16,iid,0.1,1,s026,5,20.5,1.25,16.0,26.5,56,40,38,2,6,0,0.76,11.98828125,45,4,33,0,1,3069,256,16,0,0,12.5,0,
aeqkad_noisy,window,full,fidelity,True,True,16,iid,0.1,1,s026,6,19.5,5.923913043478259,14.000000000000002,32.5,56,42,40,2,6,0,0.8,13.3359375,46,4,34,0,0,3414,256,16,0,0,11.4375,0,
aeqkad_noisy,window,full,fidelity,True,True,16,iid,0.1,1,s026,7,19.75,5.760869565217389,14.000000000000002,28.5,56,40,39,1,6,0,0.78,12.42578125,45,5,31,0,0,3181,256,16,0,0,10.1875,0,
aeqkad_noisy,window,full,fidelity,True,True,16,iid,0.1,1,s026,8,23.25,10.434782608695654,20.0,25.0,56,36,35,1,6,0,0.7,14.0078125,41,4,27,0,1,3586,256,16,0,0,7.75,0,8.0
aeqkad_noisy,window,full,fidelity,True,True,16,iid,0.1,2,s026,2,21.75,8.097826086956525,18.0,30.0,56,32,32,0,6,0,0.64,13.91015625,44,12,16,0,0,3561,256,16,0,0,12.625,0,
aeqkad_noisy,window,full,fidelity,True,True,16,iid,0.1,2,s026,3,21.75,7.01086956521739,22.0,21.5,56,31,31,0,6,0,0.62,12.4140625,40,9,20,0,0,3178,256,16,0,0,12.75,0,
aeqkad_noisy,window,full,fidelity,True,True,16,iid,0.1,2,s026,4,21.5,8.097826086956525,20.0,22.0,56,37,36,1,6,0,0.72,11.96484375,42,5,16,0,0,3063,256,16,0,0,10.5625,0,
aeqkad_noisy,window,full,fidelity,True,True,16,iid,0.1,2,s026,5,22.5,2.1739130434782594,18.0,33.0,56,37,36,1,6,0,0.72,11.6875,42,3,13,0,2,2992,256,16,0,0,11.5,1,
aeqkad_noisy,window,full,fidelity,True,True,16,iid,0.1,2,s026,6,21.5,9.184782608695654,14.000000000000002,29.0,56,41,40,1,6,0,0.8,13.50390625,45,4,19,0,0,3457,256,16,0,0,12.4375,1,
aeqkad_noisy,window,full,fidelity,True,True,16,iid,0.1,2,s026,7,21.5,8.260869565217389,14.000000000000002,25.5,56,39,38,1,6,0,0.76,11.79296875,45,6,21,0,0,3019,256,16,0,0,10.625,0,
aeqkad_noisy,window,full,fidelity,True,True,16,iid,0.1,2,s026,8,24.0,10.434782608695654,22.0,25.5,56,34,33,1,6,0,0.66,12.7890625,40,6,13,0,0,3274,256,16,0,0,11.1875,1,44.0
mm_noisy,mm,full,fidelity,True,True,16,iid,0.1,0,s026,2,19.75,8.097826086956525,12.0,51.0,56,42,40,2,6,0,0.8,16.0,46,4,19,0,0,4096,256,16,1,15,83.875,0,
mm_noisy,mm,full,fidelity,True,True,16,iid,0.1,0,s026,3,22.0,10.434782608695654,16.0,37.5,56,34,34,0,6,0,0.68,15.65234375,44,9,22,0,1,4007,256,16,1,4,46.0625,0,
mm_noisy,mm,full,fidelity,True,True,16,iid,0.1,0,s026,4,18.250000000000004,5.760869565217389,14.000000000000002,33.5,56,41,40,1,6,0,0.8,15.9921875,46,4,17,0,1,4094,256,16,1,1,57.4375,0,
mm_noisy,mm,full,fidelity,True,True,16,iid,0.1,0,s026,5,26.25,7.01086956521739,14.000000000000002,47.5,56,39,38,1,6,0,0.76,15.953125,45,4,27,0,2,4084,256,16,1,1,67.5625,0,
mm_noisy,mm,full,fidelity,True,True,16,iid,0.1,0,s026,6,21.75,3.58695652173913,12.0,43.0,56,41,40,1,6,0,0.8,16.0,46,5,30,0,0,4096,256,16,1,1,55.875,1,
mm_noisy,mm,full,fidelity,True,True,16,iid,0.1,0,s026,7,14.250000000000002,0.0,8.0,40.0,56,42,42,0,6,0,0.84,16.0,47,3,27,0,2,4096,256,16,1,1,75.9375,1,
mm_noisy,mm,full,fidelity,True,True,16,iid,0.1,0,s026,8,20.25,8.260869565217389,16.0,48.0,56,41,40,1,6,0,0.8,16.0,47,5,27,0,1,4096,256,16,1,1,62.5,1,60.0
mm_noisy,mm,full,fidelity,True,True,16,iid,0.1,1,s026,2,22.25,9.347826086956523,12.0,45.0,56,39,38,1,6,0,0.76,16.0,45,4,40,0,2,4096,256,16,1,15,83.8125,0,
mm_noisy,mm,full,fidelity,True,True,16,iid,0.1,1,s026,3,24.25,15.108695652173914,14.000000000000002,35.5,56,36,36,0,6,0,0.72,15.60546875,45,8,34,0,1,3995,256,16,1,4,45.875,0,
mm_noisy,mm,full,fidelity,True,True,16,iid,0.1,1,s026,4,17.250000000000004,7.01086956521739,12.0,45.5,56,41,40,1,6,0,0.8,15.96875,48,2,38,0,5,4088,256,16,1,1,61.75,0,
mm_noisy,mm,full,fidelity,True,True,16,iid,0.1,1,s026,5,22.0,7.01086956521739,14.000000000000002,42.5,56,42,39,3,6,0,0.78,16.0,48,4,39,0,2,4096,256,16,1,1,70.375,0,
mm_noisy,mm,full,fidelity,True,True,16,iid,0.1,1,s026,6,16.250000000000004,7.01086956521739,12.0,42.0,56,46,43,3,6,0,0.86,16.0,47,1,44,0,0,4096,256,16,1,1,65.875,1,
mm_noisy,mm,full,fidelity,True,True,16,iid,0.1,1,s026,7,20.5,1.0869565217391297,6.0,44.0,56,44,43,1,6,0,0.86,16.0,50,4,42,0,2,4096,256,16,1,1,55.9375,0,
mm_noisy,mm,full,fidelity,True,True,16,iid,0.1,1,s026,8,19.5,9.347826086956523,16.0,39.5,56,42,39,3,6,0,0.78,16.0,46,3,41,0,1,4096,256,16,1,1,75.0625,1,18.0
mm_noisy,mm,full,fidelity,True,True,16,iid,0.1,2,s026,2,19.5,5.760869565217389,10.0,46.5,56,39,39,0,6,0,0.78,16.0,48,9,23,0,0,4096,256,16,1,16,88.6875,0,
mm_noisy,mm,full,fidelity,True,True,16,iid,0.1,2,s026,3,22.25,11.684782608695654,16.0,33.0,56,35,35,0,6,0,0.7,15.87109375,46,11,21,0,0,4063,256,16,1,5,53.0,0,
mm_noisy,mm,full,fidelity,True,True,16,iid,0.1,2,s026,4,18.000000000000004,10.434782608695654,14.000000000000002,38.0,56,44,42,2,6,0,0.84,15.96875,46,1,25,0,1,4088,256,16,1,1,61.375,2,
mm_noisy,mm,full,fidelity,True,True,16,iid,0.1,2,s026,5,22.75,4.67391304347826,14.000000000000002,50.5,56,40,39,1,6,0,0.78,15.9765625,45,5,29,0,0,4090,256,16,1,1,55.0,2,
mm_noisy,mm,full,fidelity,True,True,16,iid,0.1,2,s026,6,21.0,4.67391304347826,14.000000000000002,41.0,56,43,41,2,6,0,0.82,16.0,46,2,32,0,1,4096,256,16,1,1,60.25,3,
mm_noisy,mm,full,fidelity,True,True,16,iid,0.1,2,s026,7,14.500000000000002,0.0,6.0,45.5,56,43,42,1,6,0,0.84,16.0,50,5,36,0,2,4096,256,16,1,1,78.1875,2,
mm_noisy,mm,full,fidelity,True,True,16,iid,0.1,2,s026,8,24.0,11.684782608695654,16.0,45.5,56,41,39,2,6,0,0.78,16.0,45,3,26,0,1,4096,256,16,1,1,56.875,2,64.0
static_noisy,static,none,fidelity,True,True,16,iid,0.1,0,s027,2,16.250000000000004,10.434782608695654,4.0,60.0,56,0,0,0,6,0,0.0,39.0,0,0,0,0,0,9984,256,50,0,50,81.5,0,
static_noisy,static,none,fidelity,True,True,16,iid,0.1,0,s027,3,16.500000000000004,5.923913043478259,6.0,59.5,56,0,0,0,6,0,0.0,39.0,0,0,0,0,0,9984,256,50,0,50,137.5,0,
static_noisy,static,none,fidelity,True,True,16,iid,0.1,0,s027,4,8.000000000000004,0.0,4.0,68.0,56,0,0,0,6,0,0.0,39.0,0,0,0,0,0,9984,256,50,0,50,193.5,0,
static_noisy,static,none,fidelity,True,True,16,iid,0.1,0,s027,5,12.5,1.25,4.0,59.5,56,0,0,0,6,0,0.0,39.0,0,0,0,0,0,9984,256,50,0,50,249.5,0,
static_noisy,static,none,fidelity,True,True,16,iid,0.1,0,s027,6,16.250000000000004,2.33695652173913,2.0,65.0,56,0,0,0,6,0,0.0,39.0,0,0,0,0,0,9984,256,50,0,50,305.5,0,
static_noisy,static,none,fidelity,True,True,16,iid,0.1,0,s027,7,15.750000000000004,2.33695652173913,2.0,61.5,56,0,0,0,6,0,0.0,39.0,0,0,0,0,0,9984,256,50,0,50,361.5,0,
static_noisy,static,none,fidelity,True,True,16,iid,0.1,0,s027,8,15.750000000000004,0.0,8.0,67.5,56,0,0,0,6,0,0.0,39.0,0,0,0,0,0,9984,256,50,0,50,417.5,0,8.0
static_noisy,static,none,fidelity,True,True,16,iid,0.1,1,s027,2,16.750000000000004,12.934782608695656,6.0,53.5,56,0,0,0,6,0,0.0,39.0,0,0,0,0,0,9984,256,50,0,50,81.5,0,
static_noisy,static,none,fidelity,True,True,16,iid,0.1,1,s027,3,16.250000000000004,4.67391304347826,6.0,54.50000000000001,56,0,0,0,6,0,0.0,39.0,0,0,0,0,0,9984,256,50,0,50,137.5,0,
static_noisy,static,none,fidelity,True,True,16,iid,0.1,1,s027,4,8.499999999999998,2.33695652173913,4.0,61.5,56,0,0,0,6,0,0.0,39.0,0,0,0,0,0,9984,256,50,0,50,193.5,0,
static_noisy,static,none,fidelity,True,True,16,iid,0.1,1,s027,5,12.25,1.25,4.0,62.0,56,0,0,0,6,0,0.0,39.0,0,0,0,0,0,9984,256,50,0,50,249.5,0,
static_noisy,static,none,fidelity,True,True,16,iid,0.1,1,s027,6,18.250000000000004,8.097826086956525,4.0,57.99999999999999,56,0,0,0,6,0,0.0,39.0,0,0,0,0,0,9984,256,50,0,50,305.5,0,
static_noisy,static,none,fidelity,True,True,16,iid,0.1,1,s027,7,17.25,1.25,2.0,67.5,56,0,0,0,6,0,0.0,39.0,0,0,0,0,0,9984,256,50,0,50,361.5,0,
static_noisy,static,none,fidelity,True,True,16,iid,0.1,1,s027,8,16.75,0.0,8.0,60.5,56,0,0,0,6,0,0.0,39.0,0,0,0,0,0,9984,256,50,0,50,417.5,0,28.000000000000004
static_noisy,static,none,fidelity,True,True,16,iid,0.1,2,s027,2,15.750000000000004,9.347826086956523,4.0,52.0,56,0,0,0,6,0,0.0,40.0,0,0,0,0,0,10240,256,50,0,50,81.5,0,
static_noisy,static,none,fidelity,True,True,16,iid,0.1,2,s027,3,15.000000000000002,5.923913043478259,6.0,52.5,56,0,0,0,6,0,0.0,40.0,0,0,0,0,0,10240,256,50,0,50,137.5,0,
static_noisy,static,none,fidelity,True,True,16,iid,0.1,2,s027,4,7.749999999999998,2.33695652173913,2.0,63.0,56,0,0,0,6,0,0.0,40.0,0,0,0,0,0,10240,256,50,0,50,193.5,0,
static_noisy,static,none,fidelity,True,True,16,iid,0.1,2,s027,5,12.25,0.0,4.0,63.0,56,0,0,0,6,0,0.0,40.0,0,0,0,0,0,10240,256,50,0,50,249.5,0,
static_noisy,static,none,fidelity,True,True,16,iid,0.1,2,s027,6,15.750000000000004,3.58695652173913,4.0,56.99999999999999,56,0,0,0,6,0,0.0,40.0,0,0,0,0,0,10240,256,50,0,50,305.5,0,
static_noisy,static,none,fidelity,True,True,16,iid,0.1,2,s027,7,17.0,2.33695652173913,4.0,59.5,56,0,0,0,6,0,0.0,40.0,0,0,0,0,0,10240,256,50,0,50,361.5,0,
static_noisy,static,none,fidelity,True,True,16,iid,0.1,2,s027,8,17.0,0.0,8.0,59.0,56,0,0,0,6,0,0.0,40.0,0,0,0,0,0,10240,256,50,0,50,417.5,0,62.0
window_noisy,window,none,fidelity,True,True,16,iid,0.1,0,s027,2,16.000000000000004,5.760869565217389,10.0,36.0,56,46,45,1,6,0,0.9,14.13671875,0,0,0,0,0,3619,256,16,0,0,8.0625,0,
window_noisy,window,none,fidelity,True,True,16,iid,0.1,0,s027,3,16.250000000000004,4.67391304347826,14.000000000000002,25.0,56,44,43,1,6,0,0.86,11.8984375,0,0,0,0,0,3046,256,16,0,0,8.0625,1,
window_noisy,window,none,fidelity,True,True,16,iid,0.1,0,s027,4,13.750000000000002,2.1739130434782594,4.0,39.0,56,50,48,2,6,0,0.96,12.015625,0,0,0,0,0,3076,256,16,0,0,9.4375,0,
window_noisy,window,none,fidelity,True,True,16,iid,0.1,0,s027,5,23.0,4.67391304347826,12.0,38.0,56,47,44,3,6,0,0.88,11.05859375,0,0,0,0,0,2831,256,16,0,0,8.875,1,
window_noisy,window,none,fidelity,True,True,16,iid,0.1,0,s027,6,20.25,10.434782608695654,12.0,45.0,56,47,44,3,6,0,0.88,11.09375,0,0,0,0,0,2840,256,16,0,0,9.375,0,
window_noisy,window,none,fidelity,True,True,16,iid,0.1,0,s027,7,14.000000000000002,7.01086956521739,12.0,30.0,56,47,44,3,6,0,0.88,10.98828125,0,0,0,0,0,2813,256,16,0,0,7.75,2,
window_noisy,window,none,fidelity,True,True,16,iid,0.1,0,s027,8,22.5,5.760869565217389,12.0,45.0,56,46,44,2,6,0,0.88,11.71484375,0,0,0,0,0,2999,256,16,0,0,10.4375,0,0.0
window_noisy,window,none,fidelity,True,True,16,iid,0.1,1,s027,2,14.250000000000002,1.25,12.0,24.0,56,44,44,0,6,0,0.88,14.0234375,0,0,0,0,0,3590,256,16,0,0,8.9375,0,
window_noisy,window,none,fidelity,True,True,16,iid,0.1,1,s027,3,16.500000000000004,7.01086956521739,14.000000000000002,23.5,56,45,43,2,6,0,0.86,11.91015625,0,0,0,0,0,3049,256,16,0,0,7.875,1,
window_noisy,window,none,fidelity,True,True,16,iid,0.1,1,s027,4,9.749999999999998,0.0,4.0,28.000000000000004,56,49,48,1,6,0,0.96,11.12890625,0,0,0,0,0,2849,256,16,0,0,8.4375,1,
window_noisy,window,none,fidelity,True,True,16,iid,0.1,1,s027,5,19.75,1.25,14.000000000000002,33.0,56,45,43,2,6,0,0.86,10.58984375,0,0,0,0,0,2711,256,16,0,0,9.5625,0,
window_noisy,window,none,fidelity,True,True,16,iid,0.1,1,s027,6,22.0,12.771739130434783,12.0,39.5,56,46,44,2,6,0,0.88,10.69140625,0,0,0,0,0,2737,256,16,0,0,9.1875,0,
window_noisy,window,none,fidelity,True,True,16,iid,0.1,1,s027,7,14.500000000000002,3.423913043478259,14.000000000000002,30.0,56,46,43,3,6,0,0.86,11.05859375,0,0,0,0,0,2831,256,16,0,0,8.5,2,
window_noisy,window,none,fidelity,True,True,16,iid,0.1,1,s027,8,20.5,9.347826086956523,14.000000000000002,34.0,56,46,43,3,6,0,0.86,11.01171875,0,0,0,0,0,2819,256,16,0,0,9.625,0,6.0
window_noisy,window,none,fidelity,True,True,16,iid,0.1,2,s027,2,19.75,2.5,12.0,29.5,56,45,44,1,6,0,0.88,13.97265625,0,0,0,0,0,3577,256,16,0,0,9.375,0,
window_noisy,window,none,fidelity,True,True,16,iid,0.1,2,s027,3,18.250000000000004,8.260869565217389,16.0,22.0,56,44,42,2,6,0,0.84,12.05078125,0,0,0,0,0,3085,256,16,0,0,8.0,2,
window_noisy,window,none,fidelity,True,True,16,iid,0.1,2,s027,4,11.5,3.423913043478259,4.0,30.0,56,48,48,0,6,0,0.96,11.359375,0,0,0,0,0,2908,256,16,0,0,10.1875,0,
window_noisy,window,none,fidelity,True,True,16,iid,0.1,2,s027,5,19.5,6.847826086956524,16.0,30.0,56,43,42,1,6,0,0.84,10.5,0,0,0,0,0,2688,256,16,0,0,8.375,0,
window_noisy,window,none,fidelity,True,True,16,iid,0.1,2,s027,6,19.0,10.434782608695654,12.0,28.000000000000004,56,45,44,1,6,0,0.88,10.7421875,0,0,0,0,0,2750,256,16,0,0,7.9375,0,
window_noisy,window,none,fidelity,True,True,16,iid,0.1,2,s027,7,17.0,4.67391304347826,12.0,25.5,56,46,44,2,6,0,0.88,11.1875,0,0,0,0,0,2864,256,16,0,0,7.5,0,
window_noisy,window,none,fidelity,True,True,16,iid,0.1,2,s027,8,19.75,3.58695652173913,14.000000000000002,35.0,56,44,43,1,6,0,0.86,11.12890625,0,0,0,0,0,2849,256,16,0,0,9.5,1,28.000000000000004
aeqkad_noisy,window,full,fidelity,True,True,16,iid,0.1,0,s027,2,14.500000000000002,0.0,10.0,29.0,56,39,39,0,6,0,0.78,13.8828125,45,6,0,0,0,3554,256,16,0,0,8.8125,0,
aeqkad_noisy,window,full,fidelity,True,True,16,iid,0.1,0,s027,3,21.5,10.434782608695654,20.0,21.0,56,37,37,0,6,0,0.74,11.05078125,41,4,0,0,0,2829,256,16,0,0,9.0625,0,
aeqkad_noisy,window,full,fidelity,True,True,16,iid,0.1,0,s027,4,11.0,4.67391304347826,4.0,34.0,56,45,44,1,6,0,0.88,11.21875,50,5,0,0,0,2872,256,16,0,0,11.6875,0,
aeqkad_noisy,window,full,fidelity,True,True,16,iid,0.1,0,s027,5,16.250000000000004,1.25,14.000000000000002,27.500000000000004,56,41,40,1,6,0,0.8,10.54296875,45,4,0,0,0,2699,256,16,0,0,9.1875,0,
aeqkad_noisy,window,full,fidelity,True,True,16,iid,0.1,0,s027,6,20.25,6.847826086956524,16.0,31.5,56,34,34,0,6,0,0.68,9.80859375,43,8,0,0,1,2511,256,16,0,0,10.9375,0,
aeqkad_noisy,window,full,fidelity,True,True,16,iid,0.1,0,s027,7,19.25,4.67391304347826,14.000000000000002,24.0,56,43,41,2,6,0,0.82,10.16796875,46,3,0,0,0,2603,256,16,0,0,9.0625,1,
aeqkad_noisy,window,full,fidelity,True,True,16,iid,0.1,0,s027,8,24.5,9.347826086956523,20.0,37.0,56,37,36,1,6,0,0.72,10.76953125,41,3,0,0,1,2757,256,16,0,0,10.4375,0,0.0
aeqkad_noisy,window,full,fidelity,True,True,16,iid,0.1,1,s027,2,13.750000000000002,1.25,12.0,21.0,56,40,40,0,6,0,0.8,14.01171875,44,4,5,0,0,3587,256,16,0,0,9.75,0,
aeqkad_noisy,window,full,fidelity,True,True,16,iid,0.1,1,s027,3,21.75,8.097826086956525,24.0,17.5,56,38,37,1,6,0,0.74,11.16015625,40,2,2,0,0,2857,256,16,0,0,7.875,1,
aeqkad_noisy,window,full,fidelity,True,True,16,iid,0.1,1,s027,4,9.749999999999998,0.0,4.0,28.5,56,46,45,1,6,0,0.9,10.89453125,49,3,5,0,0,2789,256,16,0,0,10.875,1,
aeqkad_noisy,window,full,fidelity,True,True,16,iid,0.1,1,s027,5,15.750000000000004,1.25,14.000000000000002,23.5,56,41,40,1,6,0,0.8,10.10546875,45,4,6,0,0,2587,256,16,0,0,9.5625,0,
aeqkad_noisy,window,full,fidelity,True,True,16,iid,0.1,1,s027,6,21.25,9.347826086956523,16.0,29.0,56,35,34,1,6,0,0.68,9.87109375,45,7,2,0,3,2527,256,16,0,0,10.75,0,
aeqkad_noisy,window,full,fidelity,True,True,16,iid,0.1,1,s027,7,18.75,5.923913043478259,14.000000000000002,22.0,56,43,42,1,6,0,0.84,10.51171875,46,3,8,0,0,2691,256,16,0,0,9.1875,1,
aeqkad_noisy,window,full,fidelity,True,True,16,iid,0.1,1,s027,8,25.25,8.097826086956525,20.0,33.5,56,38,36,2,6,0,0.72,10.7109375,43,4,3,0,1,2742,256,16,0,0,9.625,0,4.0
aeqkad_noisy,window,full,fidelity,True,True,16,iid,0.1,2,s027,2,14.000000000000002,0.0,10.0,21.0,56,40,40,0,6,0,0.8,13.9140625,46,6,10,0,0,3562,256,16,0,0,10.1875,0,
aeqkad_noisy,window,full,fidelity,True,True,16,iid,0.1,2,s027,3,22.75,8.097826086956525,24.0,18.5,56,38,37,1,6,0,0.74,10.99609375,40,2,6,0,0,2815,256,16,0,0,8.875,1,
aeqkad_noisy,window,full,fidelity,True,True,16,iid,0.1,2,s027,4,11.5,4.67391304347826,4.0,26.5,56,45,45,0,6,0,0.9,11.11328125,48,3,9,0,0,2845,256,16,0,0,12.75,0,
aeqkad_noisy,window,full,fidelity,True,True,16,iid,0.1,2,s027,5,15.750000000000004,1.25,14.000000000000002,24.0,56,40,40,0,6,0,0.8,10.10546875,44,4,9,0,0,2587,256,16,0,0,8.375,0,
aeqkad_noisy,window,full,fidelity,True,True,16,iid,0.1,2,s027,6,16.250000000000004,6.847826086956524,16.0,24.0,56,34,34,0,6,0,0.68,9.64453125,42,6,5,0,2,2469,256,16,0,0,9.5,0,
aeqkad_noisy,window,full,fidelity,True,True,16,iid,0.1,2,s027,7,15.750000000000004,3.423913043478259,14.000000000000002,18.0,56,42,42,0,6,0,0.84,10.3125,45,3,9,0,0,2640,256,16,0,0,8.0,0,
aeqkad_noisy,window,full,fidelity,True,True,16,iid,0.1,2,s027,8,24.5,12.771739130434783,18.0,32.5,56,38,37,1,6,0,0.74,10.8125,42,4,6,0,0,2768,256,16,0,0,9.5,1,28.000000000000004
mm_noisy,mm,full,fidelity,True,True,16,iid,0.1,0,s027,2,17.250000000000004,10.434782608695654,4.0,63.0,56,42,41,1,6,0,0.82,16.0,51,9,0,0,0,4096,256,16,1,16,86.5,0,
mm_noisy,mm,full,fidelity,True,True,16,iid,0.1,0,s027,3,23.0,10.434782608695654,6.0,43.0,56,38,38,0,6,0,0.76,14.9609375,50,12,0,0,0,3830,256,16,1,2,25.9375,0,
mm_noisy,mm,full,fidelity,True,True,16,iid,0.1,0,s027,4,9.749999999999998,0.0,4.0,36.5,56,46,45,1,6,0,0.9,15.3359375,50,3,0,0,1,3926,256,16,1,1,62.25,1,
mm_noisy,mm,full,fidelity,True,True,16,iid,0.1,0,s027,5,17.250000000000004,0.0,8.0,40.5,56,39,38,1,6,0,0.76,15.83203125,49,9,0,0,1,4053,256,16,1,1,66.8125,2,
mm_noisy,mm,full,fidelity,True,True,16,iid,0.1,0,s027,6,19.5,4.510869565217389,8.0,41.5,56,34,34,0,6,0,0.68,12.73828125,47,7,0,0,6,3261,256,16,1,1,68.0625,1,
mm_noisy,mm,full,fidelity,True,True,16,iid,0.1,0,s027,7,20.5,8.097826086956525,10.0,44.0,56,43,41,2,6,0,0.82,14.16015625,48,4,0,0,1,3625,256,16,1,1,63.0,2,
mm_noisy,mm,full,fidelity,True,True,16,iid,0.1,0,s027,8,24.0,5.760869565217389,14.000000000000002,51.5,56,42,41,1,6,0,0.82,15.6796875,44,1,0,0,1,4014,256,16,1,1,88.625,2,2.0
mm_noisy,mm,full,fidelity,True,True,16,iid,0.1,1,s027,2,18.250000000000004,12.771739130434783,6.0,52.0,56,41,41,0,6,0,0.82,16.0,50,8,3,0,1,4096,256,16,1,16,86.5625,0,
mm_noisy,mm,full,fidelity,True,True,16,iid,0.1,1,s027,3,15.000000000000002,7.01086956521739,8.0,36.5,56,42,40,2,6,0,0.8,15.1171875,48,6,3,0,0,3870,256,16,1,2,29.8125,0,
mm_noisy,mm,full,fidelity,True,True,16,iid,0.1,1,s027,4,13.25,3.423913043478259,4.0,42.0,56,49,48,1,6,0,0.96,15.68359375,49,0,10,0,0,4015,256,16,1,1,47.875,1,
mm_noisy,mm,full,fidelity,True,True,16,iid,0.1,1,s027,5,19.75,1.25,6.0,48.0,56,46,45,1,6,0,0.9,16.0,51,4,23,0,1,4096,256,16,1,1,49.1875,2,
mm_noisy,mm,full,fidelity,True,True,16,iid,0.1,1,s027,6,17.750000000000004,7.01086956521739,6.0,52.0,56,41,39,2,6,0,0.78,15.8046875,50,2,23,0,7,4046,256,16,1,1,66.9375,3,
mm_noisy,mm,full,fidelity,True,True,16,iid,0.1,1,s027,7,21.25,6.684782608695654,8.0,58.5,56,43,42,1,6,0,0.84,15.34765625,50,4,14,0,3,3929,256,16,1,1,58.5625,3,
mm_noisy,mm,full,fidelity,True,True,16,iid,0.1,1,s027,8,19.5,4.67391304347826,10.0,54.0,56,43,41,2,6,0,0.82,15.25,49,2,25,0,4,3904,256,16,1,1,74.5625,1,26.0
mm_noisy,mm,full,fidelity,True,True,16,iid,0.1,2,s027,2,18.000000000000004,9.184782608695654,4.0,52.0,56,41,41,0,6,0,0.82,16.0,50,9,15,0,0,4096,256,16,1,16,86.5,0,
mm_noisy,mm,full,fidelity,True,True,16,iid,0.1,2,s027,3,23.5,8.097826086956525,14.000000000000002,41.0,56,39,38,1,6,0,0.76,14.98828125,46,7,15,0,0,3837,256,16,1,2,27.4375,1,
mm_noisy,mm,full,fidelity,True,True,16,iid,0.1,2,s027,4,7.999999999999999,2.33695652173913,2.0,44.0,56,46,46,0,6,0,0.92,14.9921875,51,3,31,0,2,3838,256,16,1,1,60.5,0,
mm_noisy,mm,full,fidelity,True,True,16,iid,0.1,2,s027,5,18.500000000000004,2.33695652173913,12.0,48.5,56,44,43,1,6,0,0.86,14.953125,47,3,23,0,0,3828,256,16,1,1,51.25,1,
mm_noisy,mm,full,fidelity,True,True,16,iid,0.1,2,s027,6,22.0,10.434782608695654,8.0,47.5,56,38,38,0,6,0,0.76,14.74609375,47,2,19,0,7,3775,256,16,1,1,61.375,1,
mm_noisy,mm,full,fidelity,True,True,16,iid,0.1,2,s027,7,20.25,5.923913043478259,8.0,48.5,56,44,43,1,6,0,0.86,15.48046875,50,3,19,0,3,3963,256,16,1,1,50.875,1,
mm_noisy,mm,full,fidelity,True,True,16,iid,0.1,2,s027,8,24.5,6.847826086956524,12.0,51.5,56,41,40,1,6,0,0.8,15.56640625,45,3,21,0,1,3985,256,16,1,1,78.75,2,52.0
static_noisy,static,none,fidelity,True,True,16,iid,0.1,0,s028,2,9.499999999999996,2.33695652173913,0.0,92.0,56,0,0,0,6,0,0.0,39.0,0,0,0,0,0,9984,256,50,0,50,81.5,0,
static_noisy,static,none,fidelity,True,True,16,iid,0.1,0,s028,3,12.25,1.25,0.0,92.0,56,0,0,0,6,0,0.0,39.0,0,0,0,0,0,9984,256,50,0,50,137.5,0,
static_noisy,static,none,fidelity,True,True,16,iid,0.1,0,s028,4,14.000000000000002,4.67391304347826,2.0,92.5,56,0,0,0,6,0,0.0,39.0,0,0,0,0,0,9984,256,50,0,50,193.5,0,
static_noisy,static,none,fidelity,True,True,16,iid,0.1,0,s028,5,16.250000000000004,2.5,2.0,93.5,56,0,0,0,6,0,0.0,39.0,0,0,0,0,0,9984,256,50,0,50,249.5,0,
static_noisy,static,none,fidelity,True,True,16,iid,0.1,0,s028,6,17.750000000000004,3.75,0.0,92.5,56,0,0,0,6,0,0.0,39.0,0,0,0,0,0,9984,256,50,0,50,305.5,0,
static_noisy,static,none,fidelity,True,True,16,iid,0.1,0,s028,7,14.500000000000002,3.75,0.0,87.0,56,0,0,0,6,0,0.0,39.0,0,0,0,0,0,9984,256,50,0,50,361.5,0,
static_noisy,static,none,fidelity,True,True,16,iid,0.1,0,s028,8,8.75,2.33695652173913,0.0,89.5,56,0,0,0,6,0,0.0,39.0,0,0,0,0,0,9984,256,50,0,50,417.5,0,98.0
static_noisy,static,none,fidelity,True,True,16,iid,0.1,1,s028,2,6.499999999999997,2.33695652173913,0.0,88.0,56,0,0,0,6,0,0.0,40.0,0,0,0,0,0,10240,256,50,0,50,81.5,0,
static_noisy,static,none,fidelity,True,True,16,iid,0.1,1,s028,3,12.5,2.5,0.0,80.5,56,0,0,0,6,0,0.0,40.0,0,0,0,0,0,10240,256,50,0,50,137.5,0,
static_noisy,static,none,fidelity,True,True,16,iid,0.1,1,s028,4,16.500000000000004,2.33695652173913,2.0,86.5,56,0,0,0,6,0,0.0,40.0,0,0,0,0,0,10240,256,50,0,50,193.5,0,
static_noisy,static,none,fidelity,True,True,16,iid,0.1,1,s028,5,18.500000000000004,10.271739130434783,2.0,85.0,56,0,0,0,6,0,0.0,40.0,0,0,0,0,0,10240,256,50,0,50,249.5,0,
static_noisy,static,none,fidelity,True,True,16,iid,0.1,1,s028,6,20.25,3.75,0.0,87.5,56,0,0,0,6,0,0.0,40.0,0,0,0,0,0,10240,256,50,0,50,305.5,0,
static_noisy,static,none,fidelity,True,True,16,iid,0.1,1,s028,7,16.000000000000004,3.75,0.0,85.0,56,0,0,0,6,0,0.0,40.0,0,0,0,0,0,10240,256,50,0,50,361.5,0,
static_noisy,static,none,fidelity,True,True,16,iid,0.1,1,s028,8,9.75,4.67391304347826,0.0,86.5,56,0,0,0,6,0,0.0,40.0,0,0,0,0,0,10240,256,50,0,50,417.5,0,96.0
static_noisy,static,none,fidelity,True,True,16,iid,0.1,2,s028,2,6.999999999999998,1.0869565217391297,0.0,78.5,56,0,0,0,6,0,0.0,38.0,0,0,0,0,0,9728,256,50,0,50,81.5,0,
static_noisy,static,none,fidelity,True,True,16,iid,0.1,2,s028,3,12.25,5.760869565217389,0.0,70.5,56,0,0,0,6,0,0.0,38.0,0,0,0,0,0,9728,256,50,0,50,137.5,0,
static_noisy,static,none,fidelity,True,True,16,iid,0.1,2,s028,4,12.25,4.67391304347826,4.0,72.5,56,0,0,0,6,0,0.0,38.0,0,0,0,0,0,9728,256,50,0,50,193.5,0,
static_noisy,static,none,fidelity,True,True,16,iid,0.1,2,s028,5,19.25,1.25,4.0,80.5,56,0,0,0,6,0,0.0,38.0,0,0,0,0,0,9728,256,50,0,50,249.5,0,
static_noisy,static,none,fidelity,True,True,16,iid,0.1,2,s028,6,18.750000000000004,7.01086956521739,0.0,78.0,56,0,0,0,6,0,0.0,38.0,0,0,0,0,0,9728,256,50,0,50,305.5,0,
static_noisy,static,none,fidelity,True,True,16,iid,0.1,2,s028,7,13.750000000000002,10.271739130434783,4.0,78.5,56,0,0,0,6,0,0.0,38.0,0,0,0,0,0,9728,256,50,0,50,361.5,0,
static_noisy,static,none,fidelity,True,True,16,iid,0.1,2,s028,8,9.75,0.0,4.0,81.0,56,0,0,0,6,0,0.0,38.0,0,0,0,0,0,9728,256,50,0,50,417.5,0,90.0
window_noisy,window,none,fidelity,True,True,16,iid,0.1,0,s028,2,5.750000000000003,2.33695652173913,2.0,34.0,56,51,49,2,6,0,0.98,12.5625,0,0,0,0,0,3216,256,16,0,0,8.25,2,
window_noisy,window,none,fidelity,True,True,16,iid,0.1,0,s028,3,9.5,0.0,8.0,45.0,56,49,46,3,6,0,0.92,13.14453125,0,0,0,0,0,3365,256,16,0,0,8.25,0,
window_noisy,window,none,fidelity,True,True,16,iid,0.1,0,s028,4,10.750000000000002,0.0,14.000000000000002,29.0,56,46,43,3,6,0,0.86,11.08203125,0,0,0,0,0,2837,256,16,0,0,11.5,1,
window_noisy,window,none,fidelity,True,True,16,iid,0.1,0,s028,5,17.75,1.25,14.000000000000002,43.5,56,45,43,2,6,0,0.86,12.859375,0,0,0,0,0,3292,256,16,0,0,9.8125,0,
window_noisy,window,none,fidelity,True,True,16,iid,0.1,0,s028,6,14.500000000000002,0.0,10.0,37.5,56,48,45,3,6,0,0.9,13.27734375,0,0,0,0,0,3399,256,16,0,0,7.8125,3,
window_noisy,window,none,fidelity,True,True,16,iid,0.1,0,s028,7,19.000000000000004,0.0,10.0,41.5,56,49,45,4,6,0,0.9,12.63671875,0,0,0,0,0,3235,256,16,0,0,9.3125,1,
window_noisy,window,none,fidelity,True,True,16,iid,0.1,0,s028,8,16.500000000000004,2.33695652173913,12.0,50.0,56,47,44,3,6,0,0.88,12.984375,0,0,0,0,0,3324,256,16,0,0,9.125,0,22.0
window_noisy,window,none,fidelity,True,True,16,iid,0.1,1,s028,2,8.5,0.0,6.0,33.0,56,49,47,2,6,0,0.94,13.1640625,0,0,0,0,0,3370,256,16,0,0,9.9375,0,
window_noisy,window,none,fidelity,True,True,16,iid,0.1,1,s028,3,9.0,1.25,8.0,24.0,56,47,46,1,6,0,0.92,12.05078125,0,0,0,0,0,3085,256,16,0,0,9.0625,0,
window_noisy,window,none,fidelity,True,True,16,iid,0.1,1,s028,4,11.000000000000002,0.0,14.000000000000002,18.0,56,44,43,1,6,0,0.86,10.59375,0,0,0,0,0,2712,256,16,0,0,11.4375,0,
window_noisy,window,none,fidelity,True,True,16,iid,0.1,1,s028,5,17.000000000000004,3.423913043478259,14.000000000000002,24.5,56,45,43,2,6,0,0.86,12.328125,0,0,0,0,0,3156,256,16,0,0,9.3125,2,
window_noisy,window,none,fidelity,True,True,16,iid,0.1,1,s028,6,14.250000000000002,2.33695652173913,10.0,35.0,56,49,45,4,6,0,0.9,13.5546875,0,0,0,0,0,3470,256,16,0,0,8.0,2,
window_noisy,window,none,fidelity,True,True,16,iid,0.1,1,s028,7,13.750000000000002,1.25,14.000000000000002,24.5,56,43,43,0,6,0,0.86,11.89453125,0,0,0,0,0,3045,256,16,0,0,10.375,0,
window_noisy,window,none,fidelity,True,True,16,iid,0.1,1,s028,8,11.75,2.33695652173913,12.0,15.5,56,46,44,2,6,0,0.88,12.2109375,0,0,0,0,0,3126,256,16,0,0,10.0625,2,44.0
window_noisy,window,none,fidelity,True,True,16,iid,0.1,2,s028,2,11.0,5.760869565217389,6.0,34.0,56,49,47,2,6,0,0.94,12.921875,0,0,0,0,0,3308,256,16,0,0,9.1875,0,
window_noisy,window,none,fidelity,True,True,16,iid,0.1,2,s028,3,11.75,0.0,10.0,20.0,56,47,45,2,6,0,0.9,12.18359375,0,0,0,0,0,3119,256,16,0,0,8.625,1,
window_noisy,window,none,fidelity,True,True,16,iid,0.1,2,s028,4,16.75,3.423913043478259,16.0,15.0,56,43,42,1,6,0,0.84,10.50390625,0,0,0,0,0,2689,256,16,0,0,12.0,0,
window_noisy,window,none,fidelity,True,True,16,iid,0.1,2,s028,5,17.500000000000004,2.33695652173913,16.0,21.0,56,43,42,1,6,0,0.84,12.48828125,0,0,0,0,0,3197,256,16,0,0,10.375,0,
window_noisy,window,none,fidelity,True,True,16,iid,0.1,2,s028,6,10.25,1.25,14.000000000000002,18.5,56,45,43,2,6,0,0.86,12.9375,0,0,0,0,0,3312,256,16,0,0,8.1875,1,
window_noisy,window,none,fidelity,True,True,16,iid,0.1,2,s028,7,14.500000000000002,0.0,14.000000000000002,15.5,56,43,43,0,6,0,0.86,11.5859375,0,0,0,0,0,2966,256,16,0,0,10.875,0,
window_noisy,window,none,fidelity,True,True,16,iid,0.1,2,s028,8,11.75,0.0,12.0,16.0,56,45,44,1,6,0,0.88,11.875,0,0,0,0,0,3040,256,16,0,0,8.5,1,6.0
aeqkad_noisy,window,full,fidelity,True,True,16,iid,0.1,0,s028,2,5.250000000000003,0.0,2.0,31.5,56,45,45,0,6,0,0.9,12.75390625,50,5,19,0,0,3265,256,16,0,0,12.0625,0,
aeqkad_noisy,window,full,fidelity,True,True,16,iid,0.1,0,s028,3,11.75,4.67391304347826,10.0,15.5,56,37,37,0,6,0,0.74,10.71484375,47,10,5,0,0,2743,256,16,0,0,12.875,0,
aeqkad_noisy,window,full,fidelity,True,True,16,iid,0.1,0,s028,4,10.25,0.0,16.0,18.0,56,41,41,0,6,0,0.82,10.30859375,45,4,7,0,0,2639,256,16,0,0,11.625,0,
aeqkad_noisy,window,full,fidelity,True,True,16,iid,0.1,0,s028,5,15.750000000000004,4.67391304347826,16.0,15.5,56,35,35,0,6,0,0.7,11.66015625,43,8,8,0,0,2985,256,16,0,0,9.8125,0,
aeqkad_noisy,window,full,fidelity,True,True,16,iid,0.1,0,s028,6,20.75,0.0,14.000000000000002,25.5,56,40,40,0,6,0,0.8,12.83203125,43,3,1,0,0,3285,256,16,0,0,11.6875,0,
aeqkad_noisy,window,full,fidelity,True,True,16,iid,0.1,0,s028,7,16.000000000000004,0.0,12.0,22.5,56,40,40,0,6,0,0.8,11.57421875,46,6,6,0,0,2963,256,16,0,0,12.3125,0,
aeqkad_noisy,window,full,fidelity,True,True,16,iid,0.1,0,s028,8,12.75,4.67391304347826,14.000000000000002,17.0,56,37,37,0,6,0,0.74,10.984375,43,5,8,0,1,2812,256,16,0,0,9.8125,0,6.0
aeqkad_noisy,window,full,fidelity,True,True,16,iid,0.1,1,s028,2,9.0,0.0,4.0,30.0,56,42,42,0,6,0,0.84,12.40234375,50,8,1,0,0,3175,256,16,0,0,9.9375,0,
aeqkad_noisy,window,full,fidelity,True,True,16,iid,0.1,1,s028,3,13.0,2.5,14.000000000000002,17.5,56,36,36,0,6,0,0.72,10.765625,44,8,0,0,0,2756,256,16,0,0,14.375,0,
aeqkad_noisy,window,full,fidelity,True,True,16,iid,0.1,1,s028,4,21.750000000000004,0.0,16.0,10.5,56,41,41,0,6,0,0.82,10.4609375,42,1,0,0,0,2678,256,16,0,0,11.4375,0,
aeqkad_noisy,window,full,fidelity,True,True,16,iid,0.1,1,s028,5,19.75,4.67391304347826,18.0,14.499999999999998,56,34,34,0,6,0,0.68,11.44921875,42,8,0,0,0,2931,256,16,0,0,11.25,0,
aeqkad_noisy,window,full,fidelity,True,True,16,iid,0.1,1,s028,6,14.750000000000002,0.0,16.0,24.5,56,41,40,1,6,0,0.8,12.69921875,45,4,0,0,0,3251,256,16,0,0,11.5,0,
aeqkad_noisy,window,full,fidelity,True,True,16,iid,0.1,1,s028,7,12.5,1.25,14.000000000000002,17.5,56,40,40,0,6,0,0.8,11.015625,44,4,0,0,0,2820,256,16,0,0,11.75,0,
aeqkad_noisy,window,full,fidelity,True,True,16,iid,0.1,1,s028,8,12.5,4.67391304347826,14.000000000000002,13.0,56,37,37,0,6,0,0.74,10.91015625,44,7,0,0,0,2793,256,16,0,0,11.8125,0,6.0
aeqkad_noisy,window,full,fidelity,True,True,16,iid,0.1,2,s028,2,7.999999999999999,6.847826086956524,6.0,25.0,56,42,42,0,6,0,0.84,12.3359375,49,7,0,0,0,3158,256,16,0,0,9.1875,0,
aeqkad_noisy,window,full,fidelity,True,True,16,iid,0.1,2,s028,3,14.250000000000002,5.760869565217389,14.000000000000002,14.499999999999998,56,36,35,1,6,0,0.7,10.51171875,46,9,0,0,1,2691,256,16,0,0,14.5,1,
aeqkad_noisy,window,full,fidelity,True,True,16,iid,0.1,2,s028,4,9.500000000000002,3.423913043478259,16.0,11.0,56,41,41,0,6,0,0.82,10.171875,43,2,0,0,0,2604,256,16,0,0,12.0,0,
aeqkad_noisy,window,full,fidelity,True,True,16,iid,0.1,2,s028,5,19.5,3.423913043478259,22.0,12.0,56,34,34,0,6,0,0.68,11.24609375,40,6,0,0,0,2879,256,16,0,0,10.375,0,
aeqkad_noisy,window,full,fidelity,True,True,16,iid,0.1,2,s028,6,13.5,1.25,14.000000000000002,13.0,56,39,39,0,6,0,0.78,12.28125,45,6,0,0,0,3144,256,16,0,0,11.0,0,
aeqkad_noisy,window,full,fidelity,True,True,16,iid,0.1,2,s028,7,12.5,0.0,14.000000000000002,15.5,56,38,38,0,6,0,0.76,11.19921875,43,5,0,0,0,2867,256,16,0,0,12.1875,0,
aeqkad_noisy,window,full,fidelity,True,True,16,iid,0.1,2,s028,8,11.250000000000002,3.423913043478259,16.0,12.0,56,37,36,1,6,0,0.72,10.640625,43,5,0,0,1,2724,256,16,0,0,8.8125,1,6.0
mm_noisy,mm,full,fidelity,True,True,16,iid,0.1,0,s028,2,10.499999999999998,3.423913043478259,0.0,91.0,56,41,41,0,6,0,0.82,16.0,56,14,9,0,1,4096,256,16,1,16,86.6875,0,
mm_noisy,mm,full,fidelity,True,True,16,iid,0.1,0,s028,3,9.25,1.25,0.0,75.0,56,40,40,0,6,0,0.8,15.45703125,55,12,16,0,3,3957,256,16,1,4,44.4375,0,
mm_noisy,mm,full,fidelity,True,True,16,iid,0.1,0,s028,4,21.000000000000004,0.0,12.0,47.0,56,42,42,0,6,0,0.84,15.7734375,47,4,30,0,1,4038,256,16,1,1,61.875,0,
mm_noisy,mm,full,fidelity,True,True,16,iid,0.1,0,s028,5,15.750000000000004,1.25,10.0,40.0,56,36,36,0,6,0,0.72,15.67578125,46,10,14,0,0,4013,256,16,1,1,69.8125,0,
mm_noisy,mm,full,fidelity,True,True,16,iid,0.1,0,s028,6,13.25,3.423913043478259,12.0,47.0,56,39,39,0,6,0,0.78,15.875,46,6,14,0,1,4064,256,16,1,1,49.3125,0,
mm_noisy,mm,full,fidelity,True,True,16,iid,0.1,0,s028,7,16.250000000000004,0.0,6.0,54.50000000000001,56,41,41,0,6,0,0.82,16.0,51,10,24,0,0,4096,256,16,1,1,75.25,0,
mm_noisy,mm,full,fidelity,True,True,16,iid,0.1,0,s028,8,10.500000000000002,1.25,16.0,71.0,56,42,42,0,6,0,0.84,16.0,46,4,31,0,0,4096,256,16,1,1,67.1875,0,70.0
mm_noisy,mm,full,fidelity,True,True,16,iid,0.1,1,s028,2,13.750000000000002,0.0,4.0,88.5,56,38,38,0,6,0,0.76,16.0,53,15,0,0,0,4096,256,16,1,16,88.375,0,
mm_noisy,mm,full,fidelity,True,True,16,iid,0.1,1,s028,3,11.5,2.5,0.0,68.5,56,40,39,1,6,0,0.78,15.50390625,54,11,4,0,3,3969,256,16,1,4,43.4375,1,
mm_noisy,mm,full,fidelity,True,True,16,iid,0.1,1,s028,4,22.000000000000004,0.0,14.000000000000002,31.0,56,42,42,0,6,0,0.84,15.57421875,45,3,1,0,0,3987,256,16,1,1,60.0625,1,
mm_noisy,mm,full,fidelity,True,True,16,iid,0.1,1,s028,5,18.250000000000004,4.67391304347826,12.0,37.5,56,36,36,0,6,0,0.72,15.87890625,47,10,1,0,1,4065,256,16,1,1,70.3125,0,
mm_noisy,mm,full,fidelity,True,True,16,iid,0.1,1,s028,6,11.75,2.33695652173913,12.0,37.5,56,40,39,1,6,0,0.78,15.71484375,47,7,0,0,0,4023,256,16,1,1,40.5625,1,
mm_noisy,mm,full,fidelity,True,True,16,iid,0.1,1,s028,7,12.0,1.25,6.0,33.5,56,41,41,0,6,0,0.82,16.0,50,9,1,0,0,4096,256,16,1,1,91.8125,1,
mm_noisy,mm,full,fidelity,True,True,16,iid,0.1,1,s028,8,12.25,1.25,14.000000000000002,33.5,56,41,40,1,6,0,0.8,15.92578125,46,5,0,0,0,4077,256,16,1,1,55.1875,1,26.0
mm_noisy,mm,full,fidelity,True,True,16,iid,0.1,2,s028,2,14.250000000000002,8.097826086956525,4.0,85.0,56,37,37,0,6,0,0.74,16.0,51,13,0,0,1,4096,256,16,1,16,86.75,0,
mm_noisy,mm,full,fidelity,True,True,16,iid,0.1,2,s028,3,12.75,2.33695652173913,0.0,62.5,56,35,34,1,6,0,0.68,15.51171875,54,18,0,0,1,3971,256,16,1,6,52.8125,1,
mm_noisy,mm,full,fidelity,True,True,16,iid,0.1,2,s028,4,11.000000000000002,2.33695652173913,16.0,19.0,56,41,41,0,6,0,0.82,14.3125,44,3,0,0,0,3664,256,16,1,1,54.8125,1,
mm_noisy,mm,full,fidelity,True,True,16,iid,0.1,2,s028,5,14.250000000000002,1.25,14.000000000000002,24.0,56,36,36,0,6,0,0.72,15.39453125,45,9,0,0,0,3941,256,16,1,1,65.5,0,
mm_noisy,mm,full,fidelity,True,True,16,iid,0.1,2,s028,6,11.5,1.25,14.000000000000002,25.0,56,37,37,0,6,0,0.74,15.515625,46,7,0,0,2,3972,256,16,1,1,52.125,0,
mm_noisy,mm,full,fidelity,True,True,16,iid,0.1,2,s028,7,16.000000000000004,0.0,10.0,30.5,56,41,41,0,6,0,0.82,15.05859375,46,5,0,0,0,3855,256,16,1,1,78.0625,0,
mm_noisy,mm,full,fidelity,True,True,16,iid,0.1,2,s028,8,12.75,0.0,14.000000000000002,25.0,56,40,39,1,6,0,0.78,15.14453125,45,3,0,0,2,3877,256,16,1,1,65.5625,1,16.0
static_noisy,static,none,fidelity,True,True,16,iid,0.1,0,s029,2,14.000000000000002,1.25,0.0,98.0,56,0,0,0,6,0,0.0,40.0,0,0,0,0,0,10240,256,50,0,50,81.5,0,
static_noisy,static,none,fidelity,True,True,16,iid,0.1,0,s029,3,9.499999999999998,3.58695652173913,0.0,96.5,56,0,0,0,6,0,0.0,40.0,0,0,0,0,0,10240,256,50,0,50,137.5,0,
static_noisy,static,none,fidelity,True,True,16,iid,0.1,0,s029,4,14.750000000000002,2.33695652173913,0.0,97.0,56,0,0,0,6,0,0.0,40.0,0,0,0,0,0,10240,256,50,0,50,193.5,0,
static_noisy,static,none,fidelity,True,True,16,iid,0.1,0,s029,5,21.75,7.17391304347826,0.0,95.5,56,0,0,0,6,0,0.0,40.0,0,0,0,0,0,10240,256,50,0,50,249.5,0,
static_noisy,static,none,fidelity,True,True,16,iid,0.1,0,s029,6,20.25,10.434782608695654,0.0,99.0,56,0,0,0,6,0,0.0,40.0,0,0,0,0,0,10240,256,50,0,50,305.5,0,
static_noisy,static,none,fidelity,True,True,16,iid,0.1,0,s029,7,22.25,23.20652173913043,0.0,96.5,56,0,0,0,6,0,0.0,40.0,0,0,0,0,0,10240,256,50,0,50,361.5,0,
static_noisy,static,none,fidelity,True,True,16,iid,0.1,0,s029,8,37.75,31.304347826086957,0.0,97.0,56,0,0,0,6,0,0.0,40.0,0,0,0,0,0,10240,256,50,0,50,417.5,0,100.0
static_noisy,static,none,fidelity,True,True,16,iid,0.1,1,s029,2,14.750000000000002,7.01086956521739,0.0,71.0,56,0,0,0,6,0,0.0,40.0,0,0,0,0,0,10240,256,50,0,50,81.5,0,
static_noisy,static,none,fidelity,True,True,16,iid,0.1,1,s029,3,11.5,8.097826086956525,0.0,76.5,56,0,0,0,6,0,0.0,40.0,0,0,0,0,0,10240,256,50,0,50,137.5,0,
static_noisy,static,none,fidelity,True,True,16,iid,0.1,1,s029,4,13.25,2.33695652173913,2.0,72.5,56,0,0,0,6,0,0.0,40.0,0,0,0,0,0,10240,256,50,0,50,193.5,0,
static_noisy,static,none,fidelity,True,True,16,iid,0.1,1,s029,5,22.0,12.771739130434783,0.0,79.0,56,0,0,0,6,0,0.0,40.0,0,0,0,0,0,10240,256,50,0,50,249.5,0,
static_noisy,static,none,fidelity,True,True,16,iid,0.1,1,s029,6,19.0,10.434782608695654,2.0,76.0,56,0,0,0,6,0,0.0,40.0,0,0,0,0,0,10240,256,50,0,50,305.5,0,
static_noisy,static,none,fidelity,True,True,16,iid,0.1,1,s029,7,24.0,21.956521739130437,0.0,81.0,56,0,0,0,6,0,0.0,40.0,0,0,0,0,0,10240,256,50,0,50,361.5,0,
static_noisy,static,none,fidelity,True,True,16,iid,0.1,1,s029,8,34.5,34.72826086956522,4.0,78.0,56,0,0,0,6,0,0.0,40.0,0,0,0,0,0,10240,256,50,0,50,417.5,0,98.0
static_noisy,static,none,fidelity,True,True,16,iid,0.1,2,s029,2,12.0,1.25,0.0,91.0,56,0,0,0,6,0,0.0,40.0,0,0,0,0,0,10240,256,50,0,50,81.5,0,
static_noisy,static,none,fidelity,True,True,16,iid,0.1,2,s029,3,10.0,3.58695652173913,0.0,87.5,56,0,0,0,6,0,0.0,40.0,0,0,0,0,0,10240,256,50,0,50,137.5,0,
static_noisy,static,none,fidelity,True,True,16,iid,0.1,2,s029,4,14.000000000000002,4.67391304347826,0.0,86.5,56,0,0,0,6,0,0.0,40.0,0,0,0,0,0,10240,256,50,0,50,193.5,0,
static_noisy,static,none,fidelity,True,True,16,iid,0.1,2,s029,5,21.5,12.771739130434783,2.0,93.0,56,0,0,0,6,0,0.0,40.0,0,0,0,0,0,10240,256,50,0,50,249.5,0,
static_noisy,static,none,fidelity,True,True,16,iid,0.1,2,s029,6,21.75,17.282608695652176,0.0,87.0,56,0,0,0,6,0,0.0,40.0,0,0,0,0,0,10240,256,50,0,50,305.5,0,
static_noisy,static,none,fidelity,True,True,16,iid,0.1,2,s029,7,23.75,17.445652173913043,0.0,91.0,56,0,0,0,6,0,0.0,40.0,0,0,0,0,0,10240,256,50,0,50,361.5,0,
static_noisy,static,none,fidelity,True,True,16,iid,0.1,2,s029,8,34.25,26.79347826086957,0.0,89.5,56,0,0,0,6,0,0.0,40.0,0,0,0,0,0,10240,256,50,0,50,417.5,0,100.0
window_noisy,window,none,fidelity,True,True,16,iid,0.1,0,s029,2,13.0,4.67391304347826,0.0,55.00000000000001,56,55,50,5,6,0,1.0,14.02734375,0,0,0,0,0,3591,256,16,0,0,8.375,2,
window_noisy,window,none,fidelity,True,True,16,iid,0.1,0,s029,3,12.25,0.0,4.0,49.5,56,51,48,3,6,0,0.96,13.8671875,0,0,0,0,0,3550,256,16,0,0,8.0625,1,
window_noisy,window,none,fidelity,True,True,16,iid,0.1,0,s029,4,13.25,1.25,2.0,47.0,56,50,49,1,6,0,0.98,12.58984375,0,0,0,0,0,3223,256,16,0,0,8.8125,0,
window_noisy,window,none,fidelity,True,True,16,iid,0.1,0,s029,5,14.250000000000002,2.33695652173913,6.0,47.0,56,52,47,5,6,0,0.94,11.06640625,0,0,0,0,0,2833,256,16,0,0,8.25,1,
window_noisy,window,none,fidelity,True,True,16,iid,0.1,0,s029,6,16.500000000000004,7.01086956521739,10.0,50.0,56,47,45,2,6,0,0.9,12.0703125,0,0,0,0,0,3090,256,16,0,0,7.8125,1,
window_noisy,window,none,fidelity,True,True,16,iid,0.1,0,s029,7,9.75,5.760869565217389,8.0,44.0,56,48,46,2,6,0,0.92,11.86328125,0,0,0,0,0,3037,256,16,0,0,8.1875,1,
window_noisy,window,none,fidelity,True,True,16,iid,0.1,0,s029,8,19.25,9.184782608695654,6.0,60.5,56,50,47,3,6,0,0.94,13.83203125,0,0,0,0,0,3541,256,16,0,0,9.1875,0,42.0
window_noisy,window,none,fidelity,True,True,16,iid,0.1,1,s029,2,14.000000000000002,3.423913043478259,4.0,36.5,56,51,48,3,6,0,0.96,13.54296875,0,0,0,0,0,3467,256,16,0,0,8.0,2,
window_noisy,window,none,fidelity,True,True,16,iid,0.1,1,s029,3,12.5,3.423913043478259,6.0,39.0,56,48,47,1,6,0,0.94,13.796875,0,0,0,0,0,3532,256,16,0,0,10.125,0,
window_noisy,window,none,fidelity,True,True,16,iid,0.1,1,s029,4,12.25,0.0,2.0,33.0,56,50,49,1,6,0,0.98,12.52734375,0,0,0,0,0,3207,256,16,0,0,8.6875,0,
window_noisy,window,none,fidelity,True,True,16,iid,0.1,1,s029,5,16.000000000000004,2.33695652173913,12.0,40.0,56,45,44,1,6,0,0.88,10.109375,0,0,0,0,0,2588,256,16,0,0,10.0,1,
window_noisy,window,none,fidelity,True,True,16,iid,0.1,1,s029,6,16.250000000000004,4.67391304347826,12.0,28.000000000000004,56,44,44,0,6,0,0.88,11.78515625,0,0,0,0,0,3017,256,16,0,0,8.8125,0,
window_noisy,window,none,fidelity,True,True,16,iid,0.1,1,s029,7,11.249999999999998,1.25,10.0,31.5,56,47,45,2,6,0,0.9,11.62109375,0,0,0,0,0,2975,256,16,0,0,10.125,1,
window_noisy,window,none,fidelity,True,True,16,iid,0.1,1,s029,8,19.75,12.771739130434783,12.0,35.0,56,44,44,0,6,0,0.88,13.0546875,0,0,0,0,0,3342,256,16,0,0,10.0,0,54.0
window_noisy,window,none,fidelity,True,True,16,iid,0.1,2,s029,2,13.0,4.67391304347826,0.0,57.49999999999999,56,54,50,4,6,0,1.0,13.84375,0,0,0,0,0,3544,256,16,0,0,7.875,0,
window_noisy,window,none,fidelity,True,True,16,iid,0.1,2,s029,3,11.75,1.25,4.0,46.0,56,51,48,3,6,0,0.96,13.30078125,0,0,0,0,0,3405,256,16,0,0,8.4375,2,
window_noisy,window,none,fidelity,True,True,16,iid,0.1,2,s029,4,13.25,2.33695652173913,2.0,53.0,56,51,49,2,6,0,0.98,12.72265625,0,0,0,0,0,3257,256,16,0,0,8.75,2,
window_noisy,window,none,fidelity,True,True,16,iid,0.1,2,s029,5,16.75,3.423913043478259,12.0,47.0,56,45,44,1,6,0,0.88,9.9140625,0,0,0,0,0,2538,256,16,0,0,11.0,1,
window_noisy,window,none,fidelity,True,True,16,iid,0.1,2,s029,6,20.25,4.67391304347826,10.0,50.0,56,50,45,5,6,0,0.9,12.6328125,0,0,0,0,0,3234,256,16,0,0,7.8125,1,
window_noisy,window,none,fidelity,True,True,16,iid,0.1,2,s029,7,11.75,7.01086956521739,8.0,38.0,56,49,46,3,6,0,0.92,11.93359375,0,0,0,0,0,3055,256,16,0,0,9.625,1,
window_noisy,window,none,fidelity,True,True,16,iid,0.1,2,s029,8,17.250000000000004,10.434782608695654,8.0,50.5,56,50,46,4,6,0,0.92,13.62890625,0,0,0,0,0,3489,256,16,0,0,8.625,1,54.0
aeqkad_noisy,window,full,fidelity,True,True,16,iid,0.1,0,s029,2,14.250000000000002,2.33695652173913,4.0,47.5,56,47,44,3,6,0,0.88,13.5078125,52,5,12,0,0,3458,256,16,0,0,10.0625,1,
aeqkad_noisy,window,full,fidelity,True,True,16,iid,0.1,0,s029,3,11.75,3.423913043478259,6.0,46.0,56,48,46,2,6,0,0.92,13.359375,51,3,13,0,0,3420,256,16,0,0,9.125,1,
aeqkad_noisy,window,full,fidelity,True,True,16,iid,0.1,0,s029,4,13.750000000000002,1.25,2.0,42.0,56,44,44,0,6,0,0.88,11.8671875,50,5,11,0,1,3038,256,16,0,0,11.125,0,
aeqkad_noisy,window,full,fidelity,True,True,16,iid,0.1,0,s029,5,18.500000000000004,2.33695652173913,12.0,37.5,56,41,40,1,6,0,0.8,8.8828125,48,5,14,0,2,2274,256,16,0,0,11.5,0,
aeqkad_noisy,window,full,fidelity,True,True,16,iid,0.1,0,s029,6,17.000000000000004,4.67391304347826,12.0,32.0,56,39,39,0,6,0,0.78,9.99609375,45,5,11,0,1,2559,256,16,0,0,9.875,0,
aeqkad_noisy,window,full,fidelity,True,True,16,iid,0.1,0,s029,7,9.25,5.760869565217389,10.0,37.5,56,45,44,1,6,0,0.88,10.9609375,47,2,8,0,0,2806,256,16,0,0,8.1875,1,
aeqkad_noisy,window,full,fidelity,True,True,16,iid,0.1,0,s029,8,21.0,10.434782608695654,8.0,47.5,56,40,39,1,6,0,0.78,12.71875,49,8,12,0,1,3256,256,16,0,0,10.4375,0,48.0
aeqkad_noisy,window,full,fidelity,True,True,16,iid,0.1,1,s029,2,14.500000000000002,4.67391304347826,8.0,34.0,56,45,44,1,6,0,0.88,13.25390625,49,4,34,0,0,3393,256,16,0,0,9.25,1,
aeqkad_noisy,window,full,fidelity,True,True,16,iid,0.1,1,s029,3,16.500000000000004,1.25,8.0,37.0,56,44,43,1,6,0,0.86,13.3046875,47,3,28,0,0,3406,256,16,0,0,10.125,0,
aeqkad_noisy,window,full,fidelity,True,True,16,iid,0.1,1,s029,4,13.5,0.0,4.0,33.5,56,45,45,0,6,0,0.9,11.85546875,49,2,34,0,2,3035,256,16,0,0,9.6875,0,
aeqkad_noisy,window,full,fidelity,True,True,16,iid,0.1,1,s029,5,19.5,2.33695652173913,14.000000000000002,32.5,56,41,41,0,6,0,0.82,9.46875,44,2,31,0,1,2424,256,16,0,0,12.8125,0,
aeqkad_noisy,window,full,fidelity,True,True,16,iid,0.1,1,s029,6,19.000000000000004,3.423913043478259,16.0,24.5,56,39,39,0,6,0,0.78,10.53125,42,2,30,0,1,2696,256,16,0,0,10.25,0,
aeqkad_noisy,window,full,fidelity,True,True,16,iid,0.1,1,s029,7,12.25,1.25,10.0,31.5,56,45,44,1,6,0,0.88,11.19140625,47,2,27,0,0,2865,256,16,0,0,11.375,0,
aeqkad_noisy,window,full,fidelity,True,True,16,iid,0.1,1,s029,8,19.5,10.434782608695654,12.0,31.5,56,39,39,0,6,0,0.78,11.99609375,44,4,27,0,1,3071,256,16,0,0,11.0,0,50.0
aeqkad_noisy,window,full,fidelity,True,True,16,iid,0.1,2,s029,2,14.500000000000002,1.0869565217391297,0.0,53.5,56,44,44,0,6,0,0.88,12.9453125,54,9,13,0,1,3314,256,16,0,0,9.0,0,
aeqkad_noisy,window,full,fidelity,True,True,16,iid,0.1,2,s029,3,12.75,1.25,6.0,42.5,56,45,45,0,6,0,0.9,12.88671875,50,4,10,0,1,3299,256,16,0,0,11.4375,0,
aeqkad_noisy,window,full,fidelity,True,True,16,iid,0.1,2,s029,4,15.75,2.33695652173913,2.0,43.5,56,44,44,0,6,0,0.88,11.8671875,51,6,7,0,1,3038,256,16,0,0,12.0,0,
aeqkad_noisy,window,full,fidelity,True,True,16,iid,0.1,2,s029,5,16.000000000000004,4.67391304347826,12.0,35.0,56,39,39,0,6,0,0.78,8.89453125,45,4,10,0,2,2277,256,16,0,0,15.5,0,
aeqkad_noisy,window,full,fidelity,True,True,16,iid,0.1,2,s029,6,15.750000000000004,4.67391304347826,14.000000000000002,30.5,56,39,39,0,6,0,0.78,10.4609375,44,3,6,0,2,2678,256,16,0,0,10.25,0,
aeqkad_noisy,window,full,fidelity,True,True,16,iid,0.1,2,s029,7,11.0,4.67391304347826,10.0,29.0,56,45,44,1,6,0,0.88,11.0859375,48,3,7,0,0,2838,256,16,0,0,9.625,1,
aeqkad_noisy,window,full,fidelity,True,True,16,iid,0.1,2,s029,8,19.75,11.684782608695654,12.0,40.0,56,40,40,0,6,0,0.8,12.71484375,48,7,8,0,1,3255,256,16,0,0,10.5,0,42.0
mm_noisy,mm,full,fidelity,True,True,16,iid,0.1,0,s029,2,14.750000000000002,8.097826086956525,0.0,94.0,56,45,43,2,6,0,0.86,16.0,56,9,17,0,2,4096,256,16,1,16,84.25,0,
mm_noisy,mm,full,fidelity,True,True,16,iid,0.1,0,s029,3,12.0,5.923913043478259,2.0,67.0,56,48,46,2,6,0,0.92,15.82421875,54,5,23,0,1,4051,256,16,1,1,31.0625,2,
mm_noisy,mm,full,fidelity,True,True,16,iid,0.1,0,s029,4,12.25,1.25,2.0,65.0,56,45,44,1,6,0,0.88,15.94921875,51,4,21,0,2,4083,256,16,1,1,57.0,2,
mm_noisy,mm,full,fidelity,True,True,16,iid,0.1,0,s029,5,14.500000000000002,7.01086956521739,6.0,63.5,56,47,45,2,6,0,0.9,15.9453125,53,5,19,0,1,4082,256,16,1,1,47.9375,3,
mm_noisy,mm,full,fidelity,True,True,16,iid,0.1,0,s029,6,17.750000000000004,7.01086956521739,8.0,66.0,56,41,41,0,6,0,0.82,15.5078125,50,6,17,0,3,3970,256,16,1,1,60.1875,2,
mm_noisy,mm,full,fidelity,True,True,16,iid,0.1,0,s029,7,15.250000000000002,2.33695652173913,8.0,58.5,56,45,44,1,6,0,0.88,15.21484375,49,3,28,0,1,3895,256,16,1,1,51.875,1,
mm_noisy,mm,full,fidelity,True,True,16,iid,0.1,0,s029,8,18.75,12.771739130434783,4.0,74.5,56,42,40,2,6,0,0.8,15.67578125,53,10,26,0,1,4013,256,16,1,1,64.625,2,76.0
mm_noisy,mm,full,fidelity,True,True,16,iid,0.1,1,s029,2,17.500000000000004,8.097826086956525,0.0,69.0,56,45,44,1,6,0,0.88,16.0,54,6,37,0,3,4096,256,16,1,15,82.625,0,
mm_noisy,mm,full,fidelity,True,True,16,iid,0.1,1,s029,3,8.749999999999998,4.67391304347826,4.0,50.5,56,47,47,0,6,0,0.94,15.8984375,52,5,39,0,0,4070,256,16,1,1,37.25,0,
mm_noisy,mm,full,fidelity,True,True,16,iid,0.1,1,s029,4,14.500000000000002,0.0,2.0,46.0,56,49,48,1,6,0,0.96,15.90234375,50,1,41,0,0,4071,256,16,1,1,57.4375,0,
mm_noisy,mm,full,fidelity,True,True,16,iid,0.1,1,s029,5,15.750000000000004,1.25,6.0,57.99999999999999,56,45,45,0,6,0,0.9,15.9765625,49,2,42,0,2,4090,256,16,1,1,52.875,0,
mm_noisy,mm,full,fidelity,True,True,16,iid,0.1,1,s029,6,15.500000000000004,1.25,12.0,42.0,56,41,41,0,6,0,0.82,15.9921875,45,3,36,0,1,4094,256,16,1,1,66.0625,0,
mm_noisy,mm,full,fidelity,True,True,16,iid,0.1,1,s029,7,13.25,3.58695652173913,10.0,47.5,56,44,43,1,6,0,0.86,15.44140625,47,2,38,0,1,3953,256,16,1,1,55.625,1,
mm_noisy,mm,full,fidelity,True,True,16,iid,0.1,1,s029,8,19.000000000000004,10.434782608695654,14.000000000000002,43.0,56,41,41,0,6,0,0.82,15.6484375,44,2,32,0,1,4006,256,16,1,1,81.75,1,62.0
mm_noisy,mm,full,fidelity,True,True,16,iid,0.1,2,s029,2,15.250000000000002,7.01086956521739,0.0,89.5,56,45,43,2,6,0,0.86,16.0,56,9,22,0,2,4096,256,16,2,15,81.625,1,
mm_noisy,mm,full,fidelity,True,True,16,iid,0.1,2,s029,3,12.25,1.25,0.0,72.0,56,46,46,0,6,0,0.92,15.6875,55,9,23,0,0,4016,256,16,2,2,40.375,1,
mm_noisy,mm,full,fidelity,True,True,16,iid,0.1,2,s029,4,10.75,0.0,2.0,59.5,56,44,44,0,6,0,0.88,16.0,53,6,19,0,3,4096,256,16,2,2,78.625,0,
mm_noisy,mm,full,fidelity,True,True,16,iid,0.1,2,s029,5,14.000000000000002,1.25,8.0,59.0,56,41,40,1,6,0,0.8,14.66015625,48,2,21,0,5,3753,256,16,2,2,64.75,1,
mm_noisy,mm,full,fidelity,True,True,16,iid,0.1,2,s029,6,14.250000000000002,4.67391304347826,10.0,49.0,56,41,41,0,6,0,0.82,14.5234375,47,4,15,0,2,3718,256,16,2,2,65.625,1,
mm_noisy,mm,full,fidelity,True,True,16,iid,0.1,2,s029,7,15.750000000000004,2.5,10.0,45.0,56,43,43,0,6,0,0.86,15.34375,48,4,24,0,1,3928,256,16,2,2,76.5625,0,
mm_noisy,mm,full,fidelity,True,True,16,iid,0.1,2,s029,8,20.25,12.771739130434783,4.0,54.50000000000001,56,42,40,2,6,0,0.8,15.62109375,53,10,18,0,1,3999,256,16,2,2,85.875,1,80.0
static_noisy,static,none,fidelity,True,True,16,iid,0.1,0,s030,2,20.0,7.01086956521739,0.0,83.0,56,0,0,0,6,0,0.0,36.0,0,0,0,0,0,9216,256,50,0,50,81.5,0,
static_noisy,static,none,fidelity,True,True,16,iid,0.1,0,s030,3,44.49999999999999,44.40217391304348,14.000000000000002,86.0,56,0,0,0,6,0,0.0,36.0,0,0,0,0,0,9216,256,50,0,50,137.5,0,
static_noisy,static,none,fidelity,True,True,16,iid,0.1,0,s030,4,25.5,13.858695652173914,2.0,91.0,56,0,0,0,6,0,0.0,36.0,0,0,0,0,0,9216,256,50,0,50,193.5,0,
static_noisy,static,none,fidelity,True,True,16,iid,0.1,0,s030,5,21.75,11.684782608695654,2.0,88.5,56,0,0,0,6,0,0.0,36.0,0,0,0,0,0,9216,256,50,0,50,249.5,0,
static_noisy,static,none,fidelity,True,True,16,iid,0.1,0,s030,6,30.25,16.358695652173914,2.0,89.5,56,0,0,0,6,0,0.0,36.0,0,0,0,0,0,9216,256,50,0,50,305.5,0,
static_noisy,static,none,fidelity,True,True,16,iid,0.1,0,s030,7,42.25,39.56521739130434,14.000000000000002,89.0,56,0,0,0,6,0,0.0,36.0,0,0,0,0,0,9216,256,50,0,50,361.5,0,
static_noisy,static,none,fidelity,True,True,16,iid,0.1,0,s030,8,20.75,12.771739130434783,4.0,86.5,56,0,0,0,6,0,0.0,36.0,0,0,0,0,0,9216,256,50,0,50,417.5,0,72.0
static_noisy,static,none,fidelity,True,True,16,iid,0.1,1,s030,2,20.25,5.923913043478259,0.0,89.0,56,0,0,0,6,0,0.0,35.0,0,0,0,0,0,8960,256,50,0,50,81.5,0,
static_noisy,static,none,fidelity,True,True,16,iid,0.1,1,s030,3,43.99999999999999,38.31521739130434,6.0,90.0,56,0,0,0,6,0,0.0,35.0,0,0,0,0,0,8960,256,50,0,50,137.5,0,
static_noisy,static,none,fidelity,True,True,16,iid,0.1,1,s030,4,24.25,13.858695652173914,2.0,89.0,56,0,0,0,6,0,0.0,35.0,0,0,0,0,0,8960,256,50,0,50,193.5,0,
static_noisy,static,none,fidelity,True,True,16,iid,0.1,1,s030,5,22.0,18.53260869565217,2.0,90.0,56,0,0,0,6,0,0.0,35.0,0,0,0,0,0,8960,256,50,0,50,249.5,0,
static_noisy,static,none,fidelity,True,True,16,iid,0.1,1,s030,6,31.500000000000007,17.445652173913043,2.0,89.5,56,0,0,0,6,0,0.0,35.0,0,0,0,0,0,8960,256,50,0,50,305.5,0,
static_noisy,static,none,fidelity,True,True,16,iid,0.1,1,s030,7,37.5,32.55434782608696,12.0,91.0,56,0,0,0,6,0,0.0,35.0,0,0,0,0,0,8960,256,50,0,50,361.5,0,
static_noisy,static,none,fidelity,True,True,16,iid,0.1,1,s030,8,22.25,15.108695652173914,2.0,88.0,56,0,0,0,6,0,0.0,35.0,0,0,0,0,0,8960,256,50,0,50,417.5,0,96.0
static_noisy,static,none,fidelity,True,True,16,iid,0.1,2,s030,2,20.0,4.67391304347826,0.0,81.5,56,0,0,0,6,0,0.0,35.0,0,0,0,0,0,8960,256,50,0,50,81.5,0,
static_noisy,static,none,fidelity,True,True,16,iid,0.1,2,s030,3,42.50000000000001,38.31521739130434,10.0,86.0,56,0,0,0,6,0,0.0,35.0,0,0,0,0,0,8960,256,50,0,50,137.5,0,
static_noisy,static,none,fidelity,True,True,16,iid,0.1,2,s030,4,22.0,16.358695652173914,2.0,87.0,56,0,0,0,6,0,0.0,35.0,0,0,0,0,0,8960,256,50,0,50,193.5,0,
static_noisy,static,none,fidelity,True,True,16,iid,0.1,2,s030,5,23.5,17.445652173913043,2.0,88.5,56,0,0,0,6,0,0.0,35.0,0,0,0,0,0,8960,256,50,0,50,249.5,0,
static_noisy,static,none,fidelity,True,True,16,iid,0.1,2,s030,6,31.25,17.445652173913043,2.0,88.0,56,0,0,0,6,0,0.0,35.0,0,0,0,0,0,8960,256,50,0,50,305.5,0,
static_noisy,static,none,fidelity,True,True,16,iid,0.1,2,s030,7,41.5,31.304347826086957,12.0,89.5,56,0,0,0,6,0,0.0,35.0,0,0,0,0,0,8960,256,50,0,50,361.5,0,
static_noisy,static,none,fidelity,True,True,16,iid,0.1,2,s030,8,22.25,11.521739130434783,4.0,89.5,56,0,0,0,6,0,0.0,35.0,0,0,0,0,0,8960,256,50,0,50,417.5,0,100.0
window_noisy,window,none,fidelity,True,True,16,iid,0.1,0,s030,2,18.000000000000004,10.434782608695654,4.0,65.0,56,53,48,5,6,0,0.96,12.58984375,0,0,0,0,0,3223,256,16,0,0,7.5,0,
window_noisy,window,none,fidelity,True,True,16,iid,0.1,0,s030,3,17.750000000000004,3.423913043478259,10.0,34.0,56,46,45,1,6,0,0.9,11.54296875,0,0,0,0,0,2955,256,16,0,0,8.4375,0,
window_noisy,window,none,fidelity,True,True,16,iid,0.1,0,s030,4,15.000000000000002,4.67391304347826,8.0,44.0,56,51,46,5,6,0,0.92,10.19140625,0,0,0,0,0,2609,256,16,0,0,8.125,2,
window_noisy,window,none,fidelity,True,True,16,iid,0.1,0,s030,5,20.25,7.01086956521739,6.0,70.5,56,51,47,4,6,0,0.94,9.9921875,0,0,0,0,0,2558,256,16,0,0,9.375,0,
window_noisy,window,none,fidelity,True,True,16,iid,0.1,0,s030,6,14.250000000000002,8.260869565217389,4.0,53.5,56,51,48,3,6,0,0.96,9.83984375,0,0,0,0,0,2519,256,16,0,0,8.5,0,
window_noisy,window,none,fidelity,True,True,16,iid,0.1,0,s030,7,10.750000000000002,2.33695652173913,14.000000000000002,22.0,56,43,43,0,6,0,0.86,7.60546875,0,0,0,0,0,1947,256,16,0,0,8.4375,0,
window_noisy,window,none,fidelity,True,True,16,iid,0.1,0,s030,8,11.5,0.0,4.0,25.5,56,49,48,1,6,0,0.96,8.17578125,0,0,0,0,0,2093,256,16,0,0,9.1875,0,54.0
window_noisy,window,none,fidelity,True,True,16,iid,0.1,1,s030,2,24.0,9.347826086956523,4.0,71.5,56,51,48,3,6,0,0.96,11.9453125,0,0,0,0,0,3058,256,16,0,0,9.1875,1,
window_noisy,window,none,fidelity,True,True,16,iid,0.1,1,s030,3,28.000000000000004,6.847826086956524,8.0,59.0,56,49,46,3,6,0,0.92,11.74609375,0,0,0,0,0,3007,256,16,0,0,8.625,0,
window_noisy,window,none,fidelity,True,True,16,iid,0.1,1,s030,4,14.000000000000002,4.67391304347826,6.0,41.5,56,50,47,3,6,0,0.94,10.17578125,0,0,0,0,0,2605,256,16,0,0,7.5,1,
window_noisy,window,none,fidelity,True,True,16,iid,0.1,1,s030,5,15.750000000000004,4.67391304347826,6.0,71.5,56,51,47,4,6,0,0.94,9.7265625,0,0,0,0,0,2490,256,16,0,0,8.5,1,
window_noisy,window,none,fidelity,True,True,16,iid,0.1,1,s030,6,11.75,0.0,4.0,54.50000000000001,56,49,48,1,6,0,0.96,9.21875,0,0,0,0,0,2360,256,16,0,0,7.625,0,
window_noisy,window,none,fidelity,True,True,16,iid,0.1,1,s030,7,14.500000000000002,5.760869565217389,12.0,37.0,56,46,44,2,6,0,0.88,8.203125,0,0,0,0,0,2100,256,16,0,0,8.0625,0,
window_noisy,window,none,fidelity,True,True,16,iid,0.1,1,s030,8,8.75,0.0,4.0,22.0,56,51,48,3,6,0,0.96,8.29296875,0,0,0,0,0,2123,256,16,0,0,7.5,1,44.0
window_noisy,window,none,fidelity,True,True,16,iid,0.1,2,s030,2,22.0,11.684782608695654,8.0,61.0,56,50,46,4,6,0,0.92,12.42578125,0,0,0,0,0,3181,256,16,0,0,8.75,0,
window_noisy,window,none,fidelity,True,True,16,iid,0.1,2,s030,3,12.25,3.423913043478259,12.0,20.5,56,45,44,1,6,0,0.88,11.3671875,0,0,0,0,0,2910,256,16,0,0,10.1875,1,
window_noisy,window,none,fidelity,True,True,16,iid,0.1,2,s030,4,12.25,8.097826086956525,8.0,36.0,56,50,46,4,6,0,0.92,10.28125,0,0,0,0,0,2632,256,16,0,0,8.25,1,
window_noisy,window,none,fidelity,True,True,16,iid,0.1,2,s030,5,10.749999999999998,1.25,6.0,56.49999999999999,56,50,47,3,6,0,0.94,9.35546875,0,0,0,0,0,2395,256,16,0,0,9.1875,0,
window_noisy,window,none,fidelity,True,True,16,iid,0.1,2,s030,6,11.75,5.760869565217389,6.0,31.0,56,48,47,1,6,0,0.94,8.73828125,0,0,0,0,0,2237,256,16,0,0,8.125,0,
window_noisy,window,none,fidelity,True,True,16,iid,0.1,2,s030,7,18.0,2.33695652173913,14.000000000000002,18.0,56,43,43,0,6,0,0.86,7.44140625,0,0,0,0,0,1905,256,16,0,0,9.9375,0,
window_noisy,window,none,fidelity,True,True,16,iid,0.1,2,s030,8,9.499999999999998,0.0,4.0,17.0,56,49,48,1,6,0,0.96,7.99609375,0,0,0,0,0,2047,256,16,0,0,7.75,1,2.0
aeqkad_noisy,window,full,fidelity,True,True,16,iid,0.1,0,s030,2,21.0,4.67391304347826,2.0,56.49999999999999,56,43,41,2,6,0,0.82,12.12890625,54,11,0,0,0,3105,256,16,0,0,10.0625,0,
aeqkad_noisy,window,full,fidelity,True,True,16,iid,0.1,0,s030,3,28.500000000000004,16.358695652173914,20.0,37.0,56,27,27,0,6,0,0.54,8.65234375,42,15,0,0,0,2215,256,16,0,0,10.5,0,
aeqkad_noisy,window,full,fidelity,True,True,16,iid,0.1,0,s030,4,16.750000000000004,9.347826086956523,10.0,42.5,56,41,39,2,6,0,0.78,9.35546875,50,9,0,0,0,2395,256,16,0,0,10.0625,0,
aeqkad_noisy,window,full,fidelity,True,True,16,iid,0.1,0,s030,5,16.250000000000004,5.760869565217389,6.0,48.5,56,46,45,1,6,0,0.9,8.70703125,50,4,0,0,0,2229,256,16,0,0,9.9375,0,
aeqkad_noisy,window,full,fidelity,True,True,16,iid,0.1,0,s030,6,20.0,8.097826086956525,10.0,52.0,56,45,42,3,6,0,0.84,9.01171875,48,3,0,0,0,2307,256,16,0,0,8.5,0,
aeqkad_noisy,window,full,fidelity,True,True,16,iid,0.1,0,s030,7,10.25,1.0869565217391297,14.000000000000002,21.5,56,42,42,0,6,0,0.84,7.33984375,43,1,0,0,0,1879,256,16,0,0,8.4375,0,
aeqkad_noisy,window,full,fidelity,True,True,16,iid,0.1,0,s030,8,9.25,0.0,4.0,20.5,56,41,41,0,6,0,0.82,7.74609375,49,8,0,0,0,1983,256,16,0,0,12.5,0,54.0
aeqkad_noisy,window,full,fidelity,True,True,16,iid,0.1,1,s030,2,24.75,10.434782608695654,2.0,71.5,56,43,42,1,6,0,0.84,12.02734375,52,9,0,0,0,3079,256,16,0,0,12.75,1,
aeqkad_noisy,window,full,fidelity,True,True,16,iid,0.1,1,s030,3,37.75,20.70652173913043,14.000000000000002,52.5,56,29,27,2,6,0,0.54,8.5234375,46,17,0,0,0,2182,256,16,0,0,10.875,0,
aeqkad_noisy,window,full,fidelity,True,True,16,iid,0.1,1,s030,4,20.25,8.260869565217389,8.0,39.0,56,41,39,2,6,0,0.78,8.61328125,48,7,0,0,0,2205,256,16,0,0,9.1875,0,
aeqkad_noisy,window,full,fidelity,True,True,16,iid,0.1,1,s030,5,12.0,8.097826086956525,6.0,53.0,56,44,44,0,6,0,0.88,8.63671875,50,6,0,0,0,2211,256,16,0,0,10.625,0,
aeqkad_noisy,window,full,fidelity,True,True,16,iid,0.1,1,s030,6,14.250000000000002,3.260869565217389,8.0,42.5,56,42,42,0,6,0,0.84,8.16015625,47,5,0,0,0,2089,256,16,0,0,7.625,0,
aeqkad_noisy,window,full,fidelity,True,True,16,iid,0.1,1,s030,7,18.75,2.33695652173913,14.000000000000002,23.0,56,42,42,0,6,0,0.84,7.4609375,44,2,0,0,0,1910,256,16,0,0,8.1875,0,
aeqkad_noisy,window,full,fidelity,True,True,16,iid,0.1,1,s030,8,10.999999999999998,0.0,4.0,21.0,56,42,42,0,6,0,0.84,7.7890625,51,7,0,0,2,1994,256,16,0,0,10.6875,0,44.0
aeqkad_noisy,window,full,fidelity,True,True,16,iid,0.1,2,s030,2,23.5,11.684782608695654,4.0,57.99999999999999,56,41,39,2,6,0,0.78,12.546875,52,11,0,0,0,3212,256,16,0,0,11.4375,0,
aeqkad_noisy,window,full,fidelity,True,True,16,iid,0.1,2,s030,3,24.5,20.70652173913043,24.0,26.5,56,27,27,0,6,0,0.54,8.609375,38,11,0,0,0,2204,256,16,0,0,12.75,0,
aeqkad_noisy,window,full,fidelity,True,True,16,iid,0.1,2,s030,4,14.500000000000002,4.67391304347826,10.0,33.5,56,45,43,2,6,0,0.86,8.953125,49,4,0,0,0,2292,256,16,0,0,9.0,0,
aeqkad_noisy,window,full,fidelity,True,True,16,iid,0.1,2,s030,5,12.25,4.67391304347826,6.0,51.5,56,45,44,1,6,0,0.88,8.7265625,50,5,0,0,0,2234,256,16,0,0,10.5625,0,
aeqkad_noisy,window,full,fidelity,True,True,16,iid,0.1,2,s030,6,14.000000000000002,4.510869565217389,10.0,35.0,56,42,42,0,6,0,0.84,8.2421875,46,4,0,0,0,2110,256,16,0,0,8.125,0,
aeqkad_noisy,window,full,fidelity,True,True,16,iid,0.1,2,s030,7,15.75,0.0,14.000000000000002,16.0,56,41,41,0,6,0,0.82,7.27734375,43,2,0,0,0,1863,256,16,0,0,10.4375,0,
aeqkad_noisy,window,full,fidelity,True,True,16,iid,0.1,2,s030,8,11.249999999999998,0.0,6.0,15.0,56,39,39,0,6,0,0.78,7.25,47,7,0,0,1,1856,256,16,0,0,10.9375,0,2.0
mm_noisy,mm,full,fidelity,True,True,16,iid,0.1,0,s030,2,18.500000000000004,4.67391304347826,0.0,81.0,56,46,44,2,6,0,0.88,16.0,56,10,0,0,0,4096,256,16,2,16,85.4375,0,
mm_noisy,mm,full,fidelity,True,True,16,iid,0.1,0,s030,3,33.75,23.20652173913043,16.0,78.5,56,30,29,1,6,0,0.58,14.90234375,46,16,0,0,0,3815,256,16,2,5,50.5625,0,
mm_noisy,mm,full,fidelity,True,True,16,iid,0.1,0,s030,4,21.5,10.434782608695654,6.0,63.5,56,45,43,2,6,0,0.86,14.265625,53,8,0,0,0,3652,256,16,2,2,62.625,1,
mm_noisy,mm,full,fidelity,True,True,16,iid,0.1,0,s030,5,13.5,0.0,4.0,74.5,56,47,46,1,6,0,0.92,15.11328125,52,5,0,0,0,3869,256,16,2,2,71.8125,0,
mm_noisy,mm,full,fidelity,True,True,16,iid,0.1,0,s030,6,18.750000000000004,3.75,4.0,84.0,56,50,47,3,6,0,0.94,14.48828125,52,2,0,0,0,3709,256,16,2,2,73.1875,1,
mm_noisy,mm,full,fidelity,True,True,16,iid,0.1,0,s030,7,25.75,18.695652173913043,14.000000000000002,85.0,56,42,41,1,6,0,0.82,14.890625,48,4,0,0,2,3812,256,16,2,2,91.3125,2,
mm_noisy,mm,full,fidelity,True,True,16,iid,0.1,0,s030,8,12.25,2.33695652173913,2.0,71.5,56,49,46,3,6,0,0.92,14.51953125,53,3,0,0,1,3717,256,16,2,2,83.1875,3,98.0
mm_noisy,mm,full,fidelity,True,True,16,iid,0.1,1,s030,2,31.75,25.543478260869566,0.0,89.0,56,37,35,2,6,0,0.7,16.0,53,16,0,0,0,4096,256,16,1,16,84.0,0,
mm_noisy,mm,full,fidelity,True,True,16,iid,0.1,1,s030,3,38.25,25.543478260869566,10.0,88.5,56,30,30,0,6,0,0.6,15.828125,49,19,0,0,0,4052,256,16,1,9,77.6875,0,
mm_noisy,mm,full,fidelity,True,True,16,iid,0.1,1,s030,4,17.500000000000004,7.01086956521739,2.0,45.0,56,41,40,1,6,0,0.8,13.03515625,52,11,0,0,0,3337,256,16,1,1,40.4375,1,
mm_noisy,mm,full,fidelity,True,True,16,iid,0.1,1,s030,5,13.750000000000002,3.58695652173913,4.0,61.0,56,45,45,0,6,0,0.9,13.69921875,53,8,0,0,0,3507,256,16,1,1,71.0625,1,
mm_noisy,mm,full,fidelity,True,True,16,iid,0.1,1,s030,6,15.750000000000004,5.760869565217389,2.0,73.5,56,44,44,0,6,0,0.88,13.296875,52,8,0,0,0,3404,256,16,1,1,59.1875,0,
mm_noisy,mm,full,fidelity,True,True,16,iid,0.1,1,s030,7,18.500000000000004,8.097826086956525,12.0,55.00000000000001,56,44,43,1,6,0,0.86,15.0546875,49,5,0,0,0,3854,256,16,1,1,63.4375,0,
mm_noisy,mm,full,fidelity,True,True,16,iid,0.1,1,s030,8,7.499999999999998,0.0,2.0,43.5,56,48,46,2,6,0,0.92,13.98828125,53,3,0,0,2,3581,256,16,1,1,57.0,1,86.0
mm_noisy,mm,full,fidelity,True,True,16,iid,0.1,2,s030,2,33.75,23.20652173913043,2.0,77.0,56,24,23,1,6,0,0.46,16.0,55,31,0,0,0,4096,256,16,1,16,83.375,0,
mm_noisy,mm,full,fidelity,True,True,16,iid,0.1,2,s030,3,32.75,27.8804347826087,16.0,82.5,56,26,26,0,6,0,0.52,16.0,47,19,0,0,2,4096,256,16,1,16,139.375,0,
mm_noisy,mm,full,fidelity,True,True,16,iid,0.1,2,s030,4,20.25,12.771739130434783,2.0,74.0,56,43,40,3,6,0,0.8,14.5078125,54,11,0,0,0,3714,256,16,1,1,29.875,2,
mm_noisy,mm,full,fidelity,True,True,16,iid,0.1,2,s030,5,16.250000000000004,7.01086956521739,4.0,65.0,56,49,46,3,6,0,0.92,13.5078125,52,3,0,0,0,3458,256,16,1,1,45.375,2,
mm_noisy,mm,full,fidelity,True,True,16,iid,0.1,2,s030,6,18.250000000000004,16.358695652173914,8.0,60.5,56,44,43,1,6,0,0.86,14.0703125,48,4,0,0,0,3602,256,16,1,1,59.5,2,
mm_noisy,mm,full,fidelity,True,True,16,iid,0.1,2,s030,7,15.750000000000004,10.434782608695654,12.0,48.0,56,42,42,0,6,0,0.84,15.40234375,47,5,0,0,0,3943,256,16,1,1,56.875,1,
mm_noisy,mm,full,fidelity,True,True,16,iid,0.1,2,s030,8,7.749999999999998,0.0,2.0,30.5,56,47,46,1,6,0,0.92,13.3359375,52,4,0,0,1,3414,256,16,1,1,49.5,1,2.0
static_noisy,static,none,fidelity,True,True,16,iid,0.1,0,s031,2,46.5,41.90217391304347,18.0,69.0,56,0,0,0,6,0,0.0,41.0,0,0,0,0,0,10496,256,50,0,50,81.5,0,
static_noisy,static,none,fidelity,True,True,16,iid,0.1,0,s031,3,45.75,51.08695652173913,16.0,71.5,56,0,0,0,6,0,0.0,41.0,0,0,0,0,0,10496,256,50,0,50,137.5,0,
static_noisy,static,none,fidelity,True,True,16,iid,0.1,0,s031,4,48.25,54.673913043478265,20.0,75.0,56,0,0,0,6,0,0.0,41.0,0,0,0,0,0,10496,256,50,0,50,193.5,0,
static_noisy,static,none,fidelity,True,True,16,iid,0.1,0,s031,5,33.75,32.55434782608696,12.0,71.0,56,0,0,0,6,0,0.0,41.0,0,0,0,0,0,10496,256,50,0,50,249.5,0,
static_noisy,static,none,fidelity,True,True,16,iid,0.1,0,s031,6,41.5,37.22826086956522,18.0,64.5,56,0,0,0,6,0,0.0,41.0,0,0,0,0,0,10496,256,50,0,50,305.5,0,
static_noisy,static,none,fidelity,True,True,16,iid,0.1,0,s031,7,62.25000000000001,68.53260869565217,54.0,65.5,56,0,0,0,6,0,0.0,41.0,0,0,0,0,0,10496,256,50,0,50,361.5,0,
static_noisy,static,none,fidelity,True,True,16,iid,0.1,0,s031,8,60.0,58.09782608695652,48.0,70.5,56,0,0,0,6,0,0.0,41.0,0,0,0,0,0,10496,256,50,0,50,417.5,0,96.0
static_noisy,static,none,fidelity,True,True,16,iid,0.1,1,s031,2,43.99999999999999,47.5,18.0,76.5,56,0,0,0,6,0,0.0,39.0,0,0,0,0,0,9984,256,50,0,50,81.5,0,
static_noisy,static,none,fidelity,True,True,16,iid,0.1,1,s031,3,51.0,50.0,12.0,83.0,56,0,0,0,6,0,0.0,39.0,0,0,0,0,0,9984,256,50,0,50,137.5,0,
static_noisy,static,none,fidelity,True,True,16,iid,0.1,1,s031,4,47.25,46.73913043478261,20.0,74.5,56,0,0,0,6,0,0.0,39.0,0,0,0,0,0,9984,256,50,0,50,193.5,0,
static_noisy,static,none,fidelity,True,True,16,iid,0.1,1,s031,5,36.25,31.304347826086957,4.0,75.0,56,0,0,0,6,0,0.0,39.0,0,0,0,0,0,9984,256,50,0,50,249.5,0,
static_noisy,static,none,fidelity,True,True,16,iid,0.1,1,s031,6,37.75,39.56521739130434,14.000000000000002,68.5,56,0,0,0,6,0,0.0,39.0,0,0,0,0,0,9984,256,50,0,50,305.5,0,
static_noisy,static,none,fidelity,True,True,16,iid,0.1,1,s031,7,58.5,67.44565217391305,48.0,68.5,56,0,0,0,6,0,0.0,39.0,0,0,0,0,0,9984,256,50,0,50,361.5,0,
static_noisy,static,none,fidelity,True,True,16,iid,0.1,1,s031,8,56.75,54.34782608695652,40.0,67.5,56,0,0,0,6,0,0.0,39.0,0,0,0,0,0,9984,256,50,0,50,417.5,0,84.0
static_noisy,static,none,fidelity,True,True,16,iid,0.1,2,s031,2,45.75,42.98913043478261,12.0,78.0,56,0,0,0,6,0,0.0,41.0,0,0,0,0,0,10496,256,50,0,50,81.5,0,
static_noisy,static,none,fidelity,True,True,16,iid,0.1,2,s031,3,48.75,50.0,10.0,76.0,56,0,0,0,6,0,0.0,41.0,0,0,0,0,0,10496,256,50,0,50,137.5,0,
static_noisy,static,none,fidelity,True,True,16,iid,0.1,2,s031,4,51.5,53.423913043478265,18.0,78.0,56,0,0,0,6,0,0.0,41.0,0,0,0,0,0,10496,256,50,0,50,193.5,0,
static_noisy,static,none,fidelity,True,True,16,iid,0.1,2,s031,5,36.0,33.641304347826086,6.0,81.5,56,0,0,0,6,0,0.0,41.0,0,0,0,0,0,10496,256,50,0,50,249.5,0,
static_noisy,static,none,fidelity,True,True,16,iid,0.1,2,s031,6,40.25,33.80434782608695,16.0,70.0,56,0,0,0,6,0,0.0,41.0,0,0,0,0,0,10496,256,50,0,50,305.5,0,
static_noisy,static,none,fidelity,True,True,16,iid,0.1,2,s031,7,57.00000000000001,62.93478260869565,52.0,70.5,56,0,0,0,6,0,0.0,41.0,0,0,0,0,0,10496,256,50,0,50,361.5,0,
static_noisy,static,none,fidelity,True,True,16,iid,0.1,2,s031,8,59.25,50.32608695652174,32.0,74.0,56,0,0,0,6,0,0.0,41.0,0,0,0,0,0,10496,256,50,0,50,417.5,0,70.0
window_noisy,window,none,fidelity,True,True,16,iid,0.1,0,s031,2,29.75,14.021739130434783,14.000000000000002,70.0,56,48,43,5,6,0,0.86,14.62890625,0,0,0,0,0,3745,256,16,0,0,7.5625,3,
window_noisy,window,none,fidelity,True,True,16,iid,0.1,0,s031,3,26.25,17.445652173913043,14.000000000000002,60.5,56,46,43,3,6,0,0.86,15.1796875,0,0,0,0,0,3886,256,16,0,0,10.5625,0,
window_noisy,window,none,fidelity,True,True,16,iid,0.1,0,s031,4,28.000000000000004,16.358695652173914,4.0,73.0,56,52,48,4,6,0,0.96,15.27734375,0,0,0,0,0,3911,256,16,0,0,9.3125,3,
window_noisy,window,none,fidelity,True,True,16,iid,0.1,0,s031,5,27.500000000000004,7.01086956521739,12.0,56.49999999999999,56,46,44,2,6,0,0.88,13.390625,0,0,0,0,0,3428,256,16,0,0,9.375,1,
window_noisy,window,none,fidelity,True,True,16,iid,0.1,0,s031,6,28.000000000000004,11.684782608695654,8.0,59.5,56,51,46,5,6,0,0.92,13.4609375,0,0,0,0,0,3446,256,16,0,0,9.0,4,
window_noisy,window,none,fidelity,True,True,16,iid,0.1,0,s031,7,30.75,16.358695652173914,6.0,63.5,56,50,47,3,6,0,0.94,13.94140625,0,0,0,0,0,3569,256,16,0,0,8.0,1,
window_noisy,window,none,fidelity,True,True,16,iid,0.1,0,s031,8,21.5,8.260869565217389,8.0,60.0,56,50,46,4,6,0,0.92,14.87890625,0,0,0,0,0,3809,256,16,0,0,9.5625,2,84.0
window_noisy,window,none,fidelity,True,True,16,iid,0.1,1,s031,2,27.0,11.684782608695654,14.000000000000002,57.49999999999999,56,47,43,4,6,0,0.86,14.4453125,0,0,0,0,0,3698,256,16,0,0,7.75,2,
window_noisy,window,none,fidelity,True,True,16,iid,0.1,1,s031,3,26.0,16.358695652173914,14.000000000000002,62.0,56,47,43,4,6,0,0.86,15.3984375,0,0,0,0,0,3942,256,16,0,0,10.1875,2,
window_noisy,window,none,fidelity,True,True,16,iid,0.1,1,s031,4,31.25,18.53260869565217,8.0,65.5,56,50,46,4,6,0,0.92,14.796875,0,0,0,0,0,3788,256,16,0,0,8.5,2,
window_noisy,window,none,fidelity,True,True,16,iid,0.1,1,s031,5,27.500000000000004,11.684782608695654,12.0,55.50000000000001,56,46,44,2,6,0,0.88,13.5078125,0,0,0,0,0,3458,256,16,0,0,9.1875,2,
window_noisy,window,none,fidelity,True,True,16,iid,0.1,1,s031,6,24.25,16.195652173913043,8.0,60.0,56,48,46,2,6,0,0.92,13.21484375,0,0,0,0,0,3383,256,16,0,0,9.5,0,
window_noisy,window,none,fidelity,True,True,16,iid,0.1,1,s031,7,33.5,18.53260869565217,14.000000000000002,67.0,56,47,43,4,6,0,0.86,13.640625,0,0,0,0,0,3492,256,16,0,0,7.8125,1,
window_noisy,window,none,fidelity,True,True,16,iid,0.1,1,s031,8,24.25,11.684782608695654,6.0,63.5,56,52,47,5,6,0,0.94,14.72265625,0,0,0,0,0,3769,256,16,0,0,7.875,3,72.0
window_noisy,window,none,fidelity,True,True,16,iid,0.1,2,s031,2,27.500000000000004,20.70652173913043,6.0,83.5,56,53,47,6,6,0,0.94,15.25,0,0,0,0,0,3904,256,16,0,0,7.6875,2,
window_noisy,window,none,fidelity,True,True,16,iid,0.1,2,s031,3,24.0,18.53260869565217,6.0,79.0,56,53,47,6,6,0,0.94,15.47265625,0,0,0,0,0,3961,256,16,0,0,8.0625,4,
window_noisy,window,none,fidelity,True,True,16,iid,0.1,2,s031,4,30.500000000000004,17.282608695652176,8.0,79.0,56,51,46,5,6,0,0.92,15.12890625,0,0,0,0,0,3873,256,16,0,0,8.5,3,
window_noisy,window,none,fidelity,True,True,16,iid,0.1,2,s031,5,27.0,11.521739130434783,2.0,76.5,56,54,49,5,6,0,0.98,13.9609375,0,0,0,0,0,3574,256,16,0,0,7.875,2,
window_noisy,window,none,fidelity,True,True,16,iid,0.1,2,s031,6,27.500000000000004,12.771739130434783,2.0,73.5,56,54,49,5,6,0,0.98,13.58984375,0,0,0,0,0,3479,256,16,0,0,8.3125,1,
window_noisy,window,none,fidelity,True,True,16,iid,0.1,2,s031,7,32.75,16.195652173913043,6.0,81.5,56,53,47,6,6,0,0.94,14.421875,0,0,0,0,0,3692,256,16,0,0,7.5,1,
window_noisy,window,none,fidelity,True,True,16,iid,0.1,2,s031,8,18.250000000000004,10.434782608695654,4.0,74.5,56,53,48,5,6,0,0.96,14.97265625,0,0,0,0,0,3833,256,16,0,0,7.5,0,96.0
aeqkad_noisy,window,full,fidelity,True,True,16,iid,0.1,0,s031,2,36.25,22.1195652173913,18.0,62.0,56,32,30,2,6,0,0.6,13.4453125,45,13,0,0,0,3442,256,16,0,0,14.375,1,
aeqkad_noisy,window,full,fidelity,True,True,16,iid,0.1,0,s031,3,28.25,19.78260869565217,14.000000000000002,57.49999999999999,56,40,38,2,6,0,0.76,14.63671875,46,6,0,0,0,3747,256,16,0,0,11.375,0,
aeqkad_noisy,window,full,fidelity,True,True,16,iid,0.1,0,s031,4,34.25,16.195652173913043,8.0,57.49999999999999,56,29,28,1,6,0,0.56,13.50390625,50,21,0,0,0,3457,256,16,0,0,16.6875,0,
aeqkad_noisy,window,full,fidelity,True,True,16,iid,0.1,0,s031,5,21.5,4.510869565217389,16.0,51.5,56,34,33,1,6,0,0.66,11.37890625,44,9,0,0,1,2913,256,16,0,0,13.9375,1,
aeqkad_noisy,window,full,fidelity,True,True,16,iid,0.1,0,s031,6,28.000000000000004,15.108695652173914,10.0,55.00000000000001,56,39,36,3,6,0,0.72,11.8125,50,10,0,0,1,3024,256,16,0,0,10.5,3,
aeqkad_noisy,window,full,fidelity,True,True,16,iid,0.1,0,s031,7,28.000000000000004,20.869565217391305,12.0,55.00000000000001,56,35,34,1,6,0,0.68,12.11328125,45,10,0,0,0,3101,256,16,0,0,12.25,1,
aeqkad_noisy,window,full,fidelity,True,True,16,iid,0.1,0,s031,8,24.5,10.434782608695654,12.0,49.5,56,37,36,1,6,0,0.72,13.5,46,9,0,0,0,3456,256,16,0,0,12.875,0,50.0
aeqkad_noisy,window,full,fidelity,True,True,16,iid,0.1,1,s031,2,28.25,15.108695652173914,14.000000000000002,51.5,56,36,35,1,6,0,0.7,13.71875,47,11,1,0,0,3512,256,16,0,0,10.375,0,
aeqkad_noisy,window,full,fidelity,True,True,16,iid,0.1,1,s031,3,27.250000000000004,19.78260869565217,14.000000000000002,56.49999999999999,56,39,37,2,6,0,0.74,14.91015625,47,8,1,0,0,3817,256,16,0,0,12.0,1,
aeqkad_noisy,window,full,fidelity,True,True,16,iid,0.1,1,s031,4,35.5,14.021739130434783,12.0,50.5,56,31,29,2,6,0,0.58,13.1328125,47,16,1,0,0,3362,256,16,0,0,12.9375,2,
aeqkad_noisy,window,full,fidelity,True,True,16,iid,0.1,1,s031,5,26.0,16.358695652173914,16.0,53.0,56,36,36,0,6,0,0.72,11.93359375,43,7,1,0,0,3055,256,16,0,0,14.875,0,
aeqkad_noisy,window,full,fidelity,True,True,16,iid,0.1,1,s031,6,28.500000000000004,17.445652173913043,10.0,56.49999999999999,56,41,40,1,6,0,0.8,12.5859375,47,6,1,0,0,3222,256,16,0,0,10.25,0,
aeqkad_noisy,window,full,fidelity,True,True,16,iid,0.1,1,s031,7,34.25,25.543478260869566,20.0,61.5,56,36,33,3,6,0,0.66,12.19921875,44,8,0,0,0,3123,256,16,0,0,9.3125,1,
aeqkad_noisy,window,full,fidelity,True,True,16,iid,0.1,1,s031,8,25.25,11.684782608695654,10.0,60.0,56,43,40,3,6,0,0.8,14.109375,48,5,0,0,0,3612,256,16,0,0,11.4375,2,60.0
aeqkad_noisy,window,full,fidelity,True,True,16,iid,0.1,2,s031,2,32.49999999999999,25.543478260869566,6.0,80.5,56,32,30,2,6,0,0.6,14.87890625,52,20,0,0,0,3809,256,16,0,0,10.1875,1,
aeqkad_noisy,window,full,fidelity,True,True,16,iid,0.1,2,s031,3,25.75,17.445652173913043,12.0,68.0,56,40,37,3,6,0,0.74,14.98828125,47,7,0,0,0,3837,256,16,0,0,11.4375,2,
aeqkad_noisy,window,full,fidelity,True,True,16,iid,0.1,2,s031,4,32.99999999999999,12.771739130434783,6.0,60.5,56,28,27,1,6,0,0.54,13.203125,51,23,0,0,0,3380,256,16,0,0,16.6875,1,
aeqkad_noisy,window,full,fidelity,True,True,16,iid,0.1,2,s031,5,23.5,8.097826086956525,14.000000000000002,59.0,56,34,34,0,6,0,0.68,11.5234375,44,8,0,0,2,2950,256,16,0,0,14.875,0,
aeqkad_noisy,window,full,fidelity,True,True,16,iid,0.1,2,s031,6,27.750000000000004,29.130434782608692,10.0,59.5,56,35,34,1,6,0,0.68,11.2890625,50,14,0,0,1,2890,256,16,0,0,15.125,1,
aeqkad_noisy,window,full,fidelity,True,True,16,iid,0.1,2,s031,7,28.25,17.445652173913043,14.000000000000002,56.99999999999999,56,33,32,1,6,0,0.64,11.2265625,47,14,0,0,0,2874,256,16,0,0,12.375,0,
aeqkad_noisy,window,full,fidelity,True,True,16,iid,0.1,2,s031,8,24.75,4.67391304347826,10.0,56.00000000000001,56,37,37,0,6,0,0.74,13.7109375,49,12,0,0,0,3510,256,16,0,0,11.5625,0,80.0
mm_noisy,mm,full,fidelity,True,True,16,iid,0.1,0,s031,2,43.99999999999999,41.90217391304347,4.0,80.0,56,13,13,0,6,0,0.26,16.0,53,40,0,0,0,4096,256,16,1,15,81.0625,0,
mm_noisy,mm,full,fidelity,True,True,16,iid,0.1,0,s031,3,43.75,39.56521739130434,0.0,86.5,56,9,9,0,6,0,0.18,16.0,55,45,0,0,1,4096,256,16,1,15,137.0625,0,
mm_noisy,mm,full,fidelity,True,True,16,iid,0.1,0,s031,4,43.99999999999999,46.57608695652174,10.0,81.5,56,14,12,2,6,0,0.24,16.0,50,36,0,0,0,4096,256,16,1,14,182.8125,0,
mm_noisy,mm,full,fidelity,True,True,16,iid,0.1,0,s031,5,21.0,11.684782608695654,4.0,80.5,56,37,36,1,6,0,0.72,16.0,53,12,0,0,4,4096,256,16,1,6,102.4375,1,
mm_noisy,mm,full,fidelity,True,True,16,iid,0.1,0,s031,6,30.25,21.03260869565217,6.0,66.5,56,40,37,3,6,0,0.74,16.0,51,10,0,0,1,4096,256,16,1,1,52.625,1,
mm_noisy,mm,full,fidelity,True,True,16,iid,0.1,0,s031,7,45.75,45.16304347826087,4.0,78.5,56,34,33,1,6,0,0.66,16.0,51,16,0,0,1,4096,256,16,1,1,82.5,1,
mm_noisy,mm,full,fidelity,True,True,16,iid,0.1,0,s031,8,30.000000000000004,17.608695652173914,8.0,82.0,56,44,43,1,6,0,0.86,15.9765625,50,6,0,0,0,4090,256,16,1,1,65.5,0,98.0
mm_noisy,mm,full,fidelity,True,True,16,iid,0.1,1,s031,2,49.25,46.41304347826088,16.0,74.5,56,16,16,0,6,0,0.32,16.0,46,30,0,0,0,4096,256,16,1,15,81.625,0,
mm_noisy,mm,full,fidelity,True,True,16,iid,0.1,1,s031,3,49.0,45.48913043478261,6.0,78.5,56,17,17,0,6,0,0.34,16.0,52,35,0,0,0,4096,256,16,1,14,130.375,0,
mm_noisy,mm,full,fidelity,True,True,16,iid,0.1,1,s031,4,50.0,52.33695652173913,14.000000000000002,75.0,56,8,7,1,6,0,0.14,16.0,48,40,0,0,0,4096,256,16,1,14,186.375,0,
mm_noisy,mm,full,fidelity,True,True,16,iid,0.1,1,s031,5,36.0,25.543478260869566,2.0,77.0,56,23,23,0,6,0,0.46,16.0,52,28,0,0,1,4096,256,16,1,8,135.4375,0,
mm_noisy,mm,full,fidelity,True,True,16,iid,0.1,1,s031,6,29.75,17.445652173913043,6.0,66.5,56,39,38,1,6,0,0.76,15.69921875,50,11,2,0,0,4019,256,16,1,1,59.9375,0,
mm_noisy,mm,full,fidelity,True,True,16,iid,0.1,1,s031,7,47.5,37.22826086956522,2.0,76.5,56,36,32,4,6,0,0.64,16.0,55,19,5,0,0,4096,256,16,1,1,75.1875,1,
mm_noisy,mm,full,fidelity,True,True,16,iid,0.1,1,s031,8,28.75,14.021739130434783,8.0,76.5,56,47,44,3,6,0,0.88,16.0,51,4,1,0,0,4096,256,16,1,1,73.6875,1,80.0
mm_noisy,mm,full,fidelity,True,True,16,iid,0.1,2,s031,2,46.0,52.33695652173913,2.0,94.0,56,6,4,2,6,0,0.08,16.0,55,49,0,0,0,4096,256,16,1,16,85.25,0,
mm_noisy,mm,full,fidelity,True,True,16,iid,0.1,2,s031,3,49.5,51.08695652173913,4.0,92.5,56,5,4,1,6,0,0.08,16.0,54,49,0,0,0,4096,256,16,1,16,141.25,0,
mm_noisy,mm,full,fidelity,True,True,16,iid,0.1,2,s031,4,48.0,55.92391304347826,4.0,92.5,56,3,3,0,6,0,0.06,16.0,53,50,0,0,0,4096,256,16,1,16,197.25,0,
mm_noisy,mm,full,fidelity,True,True,16,iid,0.1,2,s031,5,32.99999999999999,24.456521739130437,0.0,93.5,56,13,13,0,6,0,0.26,16.0,56,43,0,0,0,4096,256,16,1,15,237.6875,0,
mm_noisy,mm,full,fidelity,True,True,16,iid,0.1,2,s031,6,35.75,37.22826086956522,4.0,91.5,56,11,11,0,6,0,0.22,16.0,54,43,0,0,0,4096,256,16,1,15,293.6875,0,
mm_noisy,mm,full,fidelity,True,True,16,iid,0.1,2,s031,7,59.25,57.01086956521739,12.0,97.5,56,3,3,0,6,0,0.06,16.0,49,46,0,0,0,4096,256,16,1,15,349.6875,0,
mm_noisy,mm,full,fidelity,True,True,16,iid,0.1,2,s031,8,56.25,54.673913043478265,8.0,93.5,56,1,1,0,6,0,0.02,16.0,51,50,0,0,0,4096,256,16,1,15,405.6875,0,98.0
static_noisy,static,none,fidelity,True,True,16,iid,0.1,0,s032,2,30.25,7.01086956521739,6.0,92.5,56,0,0,0,6,0,0.0,35.0,0,0,0,0,0,8960,256,50,0,50,81.5,0,
static_noisy,static,none,fidelity,True,True,16,iid,0.1,0,s032,3,28.000000000000004,20.70652173913043,0.0,92.5,56,0,0,0,6,0,0.0,35.0,0,0,0,0,0,8960,256,50,0,50,137.5,0,
static_noisy,static,none,fidelity,True,True,16,iid,0.1,0,s032,4,31.75,20.869565217391305,4.0,92.0,56,0,0,0,6,0,0.0,35.0,0,0,0,0,0,8960,256,50,0,50,193.5,0,
static_noisy,static,none,fidelity,True,True,16,iid,0.1,0,s032,5,30.000000000000004,30.217391304347828,2.0,93.5,56,0,0,0,6,0,0.0,35.0,0,0,0,0,0,8960,256,50,0,50,249.5,0,
static_noisy,static,none,fidelity,True,True,16,iid,0.1,0,s032,6,45.75,42.98913043478261,4.0,93.5,56,0,0,0,6,0,0.0,35.0,0,0,0,0,0,8960,256,50,0,50,305.5,0,
static_noisy,static,none,fidelity,True,True,16,iid,0.1,0,s032,7,58.5,75.3804347826087,20.0,94.5,56,0,0,0,6,0,0.0,35.0,0,0,0,0,0,8960,256,50,0,50,361.5,0,
static_noisy,static,none,fidelity,True,True,16,iid,0.1,0,s032,8,47.5,48.91304347826087,4.0,96.5,56,0,0,0,6,0,0.0,35.0,0,0,0,0,0,8960,256,50,0,50,417.5,0,92.0
static_noisy,static,none,fidelity,True,True,16,iid,0.1,1,s032,2,29.500000000000004,14.945652173913045,8.0,82.0,56,0,0,0,6,0,0.0,35.0,0,0,0,0,0,8960,256,50,0,50,81.5,0,
static_noisy,static,none,fidelity,True,True,16,iid,0.1,1,s032,3,31.499999999999996,16.358695652173914,0.0,86.0,56,0,0,0,6,0,0.0,35.0,0,0,0,0,0,8960,256,50,0,50,137.5,0,
static_noisy,static,none,fidelity,True,True,16,iid,0.1,1,s032,4,31.000000000000007,16.358695652173914,2.0,84.0,56,0,0,0,6,0,0.0,35.0,0,0,0,0,0,8960,256,50,0,50,193.5,0,
static_noisy,static,none,fidelity,True,True,16,iid,0.1,1,s032,5,28.500000000000004,21.03260869565217,6.0,89.5,56,0,0,0,6,0,0.0,35.0,0,0,0,0,0,8960,256,50,0,50,249.5,0,
static_noisy,static,none,fidelity,True,True,16,iid,0.1,1,s032,6,46.0,40.65217391304348,12.0,88.5,56,0,0,0,6,0,0.0,35.0,0,0,0,0,0,8960,256,50,0,50,305.5,0,
static_noisy,static,none,fidelity,True,True,16,iid,0.1,1,s032,7,60.0,60.434782608695656,34.0,85.5,56,0,0,0,6,0,0.0,35.0,0,0,0,0,0,8960,256,50,0,50,361.5,0,
static_noisy,static,none,fidelity,True,True,16,iid,0.1,1,s032,8,46.25,51.24999999999999,6.0,90.5,56,0,0,0,6,0,0.0,35.0,0,0,0,0,0,8960,256,50,0,50,417.5,0,100.0
static_noisy,static,none,fidelity,True,True,16,iid,0.1,2,s032,2,29.75,15.108695652173914,10.0,85.0,56,0,0,0,6,0,0.0,37.0,0,0,0,0,0,9472,256,50,0,50,81.5,0,
static_noisy,static,none,fidelity,True,True,16,iid,0.1,2,s032,3,25.0,9.347826086956523,2.0,83.0,56,0,0,0,6,0,0.0,37.0,0,0,0,0,0,9472,256,50,0,50,137.5,0,
static_noisy,static,none,fidelity,True,True,16,iid,0.1,2,s032,4,29.75,11.684782608695654,4.0,88.5,56,0,0,0,6,0,0.0,37.0,0,0,0,0,0,9472,256,50,0,50,193.5,0,
static_noisy,static,none,fidelity,True,True,16,iid,0.1,2,s032,5,32.0,24.619565217391305,6.0,89.0,56,0,0,0,6,0,0.0,37.0,0,0,0,0,0,9472,256,50,0,50,249.5,0,
static_noisy,static,none,fidelity,True,True,16,iid,0.1,2,s032,6,47.25,40.65217391304348,8.0,85.5,56,0,0,0,6,0,0.0,37.0,0,0,0,0,0,9472,256,50,0,50,305.5,0,
static_noisy,static,none,fidelity,True,True,16,iid,0.1,2,s032,7,59.74999999999999,67.44565217391305,36.0,90.0,56,0,0,0,6,0,0.0,37.0,0,0,0,0,0,9472,256,50,0,50,361.5,0,
static_noisy,static,none,fidelity,True,True,16,iid,0.1,2,s032,8,45.75,52.33695652173913,8.0,89.0,56,0,0,0,6,0,0.0,37.0,0,0,0,0,0,9472,256,50,0,50,417.5,0,92.0
window_noisy,window,none,fidelity,True,True,16,iid,0.1,0,s032,2,29.25,12.771739130434783,12.0,61.0,56,50,44,6,6,0,0.88,14.03515625,0,0,0,0,0,3593,256,16,0,0,8.6875,1,
window_noisy,window,none,fidelity,True,True,16,iid,0.1,0,s032,3,26.75,23.20652173913043,6.0,59.5,56,51,47,4,6,0,0.94,13.7421875,0,0,0,0,0,3518,256,16,0,0,8.125,2,
window_noisy,window,none,fidelity,True,True,16,iid,0.1,0,s032,4,25.0,10.434782608695654,16.0,54.0,56,44,42,2,6,0,0.84,12.11328125,0,0,0,0,0,3101,256,16,0,0,11.125,1,
window_noisy,window,none,fidelity,True,True,16,iid,0.1,0,s032,5,29.25,19.78260869565217,12.0,61.0,56,49,44,5,6,0,0.88,13.73046875,0,0,0,0,0,3515,256,16,0,0,7.75,2,
window_noisy,window,none,fidelity,True,True,16,iid,0.1,0,s032,6,35.75,26.6304347826087,20.0,68.0,56,45,40,5,6,0,0.8,14.7578125,0,0,0,0,0,3778,256,16,0,0,8.375,2,
window_noisy,window,none,fidelity,True,True,16,iid,0.1,0,s032,7,28.000000000000004,17.282608695652176,10.0,69.5,56,49,45,4,6,0,0.9,14.21875,0,0,0,0,0,3640,256,16,0,0,8.5625,1,
window_noisy,window,none,fidelity,True,True,16,iid,0.1,0,s032,8,23.75,12.934782608695656,14.000000000000002,58.5,56,48,43,5,6,0,0.86,13.90234375,0,0,0,0,0,3559,256,16,0,0,10.875,3,24.0
window_noisy,window,none,fidelity,True,True,16,iid,0.1,1,s032,2,31.25,19.78260869565217,16.0,59.0,56,45,42,3,6,0,0.84,13.44140625,0,0,0,0,0,3441,256,16,0,0,8.6875,1,
window_noisy,window,none,fidelity,True,True,16,iid,0.1,1,s032,3,31.499999999999996,28.967391304347828,10.0,52.5,56,49,45,4,6,0,0.9,13.87890625,0,0,0,0,0,3553,256,16,0,0,10.1875,2,
window_noisy,window,none,fidelity,True,True,16,iid,0.1,1,s032,4,21.500000000000004,4.67391304347826,18.0,48.0,56,43,41,2,6,0,0.82,11.6484375,0,0,0,0,0,2982,256,16,0,0,11.5,2,
window_noisy,window,none,fidelity,True,True,16,iid,0.1,1,s032,5,27.0,15.108695652173914,12.0,55.50000000000001,56,47,44,3,6,0,0.88,13.8671875,0,0,0,0,0,3550,256,16,0,0,7.875,1,
window_noisy,window,none,fidelity,True,True,16,iid,0.1,1,s032,6,32.25,19.78260869565217,20.0,56.99999999999999,56,46,40,6,6,0,0.8,14.63671875,0,0,0,0,0,3747,256,16,0,0,8.25,2,
window_noisy,window,none,fidelity,True,True,16,iid,0.1,1,s032,7,27.500000000000004,8.260869565217389,8.0,56.99999999999999,56,51,46,5,6,0,0.92,14.2109375,0,0,0,0,0,3638,256,16,0,0,8.5,1,
window_noisy,window,none,fidelity,True,True,16,iid,0.1,1,s032,8,26.25,18.53260869565217,16.0,53.0,56,44,42,2,6,0,0.84,13.33984375,0,0,0,0,0,3415,256,16,0,0,12.5,0,88.0
window_noisy,window,none,fidelity,True,True,16,iid,0.1,2,s032,2,25.75,16.195652173913043,12.0,60.5,56,47,44,3,6,0,0.88,13.34375,0,0,0,0,0,3416,256,16,0,0,9.125,2,
window_noisy,window,none,fidelity,True,True,16,iid,0.1,2,s032,3,29.000000000000004,10.597826086956523,8.0,56.99999999999999,56,50,46,4,6,0,0.92,13.69140625,0,0,0,0,0,3505,256,16,0,0,8.25,2,
window_noisy,window,none,fidelity,True,True,16,iid,0.1,2,s032,4,28.500000000000004,8.097826086956525,16.0,49.0,56,44,42,2,6,0,0.84,12.046875,0,0,0,0,0,3084,256,16,0,0,12.6875,0,
window_noisy,window,none,fidelity,True,True,16,iid,0.1,2,s032,5,28.000000000000004,14.021739130434783,12.0,61.0,56,48,44,4,6,0,0.88,13.86328125,0,0,0,0,0,3549,256,16,0,0,9.0,2,
window_noisy,window,none,fidelity,True,True,16,iid,0.1,2,s032,6,35.5,27.8804347826087,14.000000000000002,73.5,56,47,43,4,6,0,0.86,14.78515625,0,0,0,0,0,3785,256,16,0,0,8.375,2,
window_noisy,window,none,fidelity,True,True,16,iid,0.1,2,s032,7,31.499999999999996,15.108695652173914,10.0,60.5,56,46,45,1,6,0,0.9,14.30078125,0,0,0,0,0,3661,256,16,0,0,10.375,1,
window_noisy,window,none,fidelity,True,True,16,iid,0.1,2,s032,8,25.0,19.6195652173913,10.0,55.50000000000001,56,47,45,2,6,0,0.9,13.546875,0,0,0,0,0,3468,256,16,0,0,9.25,1,48.0
aeqkad_noisy,window,full,fidelity,True,True,16,iid,0.1,0,s032,2,28.500000000000004,9.347826086956523,12.0,54.50000000000001,56,35,34,1,6,0,0.68,13.1171875,48,13,0,0,0,3358,256,16,0,0,10.75,0,
aeqkad_noisy,window,full,fidelity,True,True,16,iid,0.1,0,s032,3,28.000000000000004,22.1195652173913,14.000000000000002,55.00000000000001,56,39,37,2,6,0,0.74,12.8671875,46,7,0,0,0,3294,256,16,0,0,15.75,1,
aeqkad_noisy,window,full,fidelity,True,True,16,iid,0.1,0,s032,4,31.500000000000007,10.434782608695654,20.0,44.5,56,35,34,1,6,0,0.68,10.140625,42,7,0,0,0,2596,256,16,0,0,14.0,1,
aeqkad_noisy,window,full,fidelity,True,True,16,iid,0.1,0,s032,5,30.25,18.695652173913043,16.0,51.5,56,33,31,2,6,0,0.62,10.94140625,44,11,0,0,0,2801,256,16,0,0,10.4375,1,
aeqkad_noisy,window,full,fidelity,True,True,16,iid,0.1,0,s032,6,34.5,17.445652173913043,28.000000000000004,48.0,56,24,23,1,6,0,0.46,12.88671875,40,16,0,0,0,3299,256,16,0,0,17.125,0,
aeqkad_noisy,window,full,fidelity,True,True,16,iid,0.1,0,s032,7,29.000000000000004,8.260869565217389,10.0,55.50000000000001,56,34,33,1,6,0,0.66,13.3125,48,14,0,0,0,3408,256,16,0,0,17.3125,0,
aeqkad_noisy,window,full,fidelity,True,True,16,iid,0.1,0,s032,8,25.0,19.78260869565217,20.0,47.5,56,33,32,1,6,0,0.64,11.55859375,44,11,0,0,0,2959,256,16,0,0,15.4375,1,14.000000000000002
aeqkad_noisy,window,full,fidelity,True,True,16,iid,0.1,1,s032,2,30.25,20.869565217391305,16.0,56.99999999999999,56,35,34,1,6,0,0.68,12.9453125,46,11,0,0,0,3314,256,16,0,0,11.5625,0,
aeqkad_noisy,window,full,fidelity,True,True,16,iid,0.1,1,s032,3,30.000000000000004,27.8804347826087,16.0,52.5,56,40,38,2,6,0,0.76,12.90234375,46,6,0,0,0,3303,256,16,0,0,12.375,2,
aeqkad_noisy,window,full,fidelity,True,True,16,iid,0.1,1,s032,4,27.500000000000004,9.347826086956523,22.0,43.5,56,36,35,1,6,0,0.7,10.1875,42,6,0,0,0,2608,256,16,0,0,14.875,1,
aeqkad_noisy,window,full,fidelity,True,True,16,iid,0.1,1,s032,5,27.500000000000004,19.6195652173913,18.0,45.5,56,37,35,2,6,0,0.7,10.99609375,44,7,0,0,0,2815,256,16,0,0,9.0,0,
aeqkad_noisy,window,full,fidelity,True,True,16,iid,0.1,1,s032,6,36.75,20.869565217391305,24.0,45.5,56,25,23,2,6,0,0.46,13.3515625,43,18,0,0,0,3418,256,16,0,0,18.0625,0,
aeqkad_noisy,window,full,fidelity,True,True,16,iid,0.1,1,s032,7,25.5,8.42391304347826,14.000000000000002,52.0,56,36,34,2,6,0,0.68,13.5546875,48,12,0,0,0,3470,256,16,0,0,15.5625,2,
aeqkad_noisy,window,full,fidelity,True,True,16,iid,0.1,1,s032,8,28.500000000000004,17.445652173913043,20.0,48.0,56,36,35,1,6,0,0.7,11.83984375,42,6,0,0,0,3031,256,16,0,0,15.9375,0,72.0
aeqkad_noisy,window,full,fidelity,True,True,16,iid,0.1,2,s032,2,28.25,19.78260869565217,16.0,57.49999999999999,56,39,36,3,6,0,0.72,13.05078125,46,7,0,0,0,3341,256,16,0,0,10.1875,2,
aeqkad_noisy,window,full,fidelity,True,True,16,iid,0.1,2,s032,3,26.5,11.847826086956523,10.0,51.5,56,40,38,2,6,0,0.76,13.3515625,48,8,0,0,0,3418,256,16,0,0,14.6875,0,
aeqkad_noisy,window,full,fidelity,True,True,16,iid,0.1,2,s032,4,31.25,7.17391304347826,22.0,44.5,56,33,32,1,6,0,0.64,10.2421875,40,7,0,0,0,2622,256,16,0,0,15.6875,0,
aeqkad_noisy,window,full,fidelity,True,True,16,iid,0.1,2,s032,5,28.25,19.6195652173913,16.0,53.0,56,37,35,2,6,0,0.7,11.171875,45,8,0,0,0,2860,256,16,0,0,8.8125,1,
aeqkad_noisy,window,full,fidelity,True,True,16,iid,0.1,2,s032,6,36.25,23.20652173913043,24.0,50.0,56,25,23,2,6,0,0.46,13.29296875,42,17,0,0,0,3403,256,16,0,0,15.5,2,
aeqkad_noisy,window,full,fidelity,True,True,16,iid,0.1,2,s032,7,32.75,16.195652173913043,10.0,57.49999999999999,56,34,34,0,6,0,0.68,13.3828125,46,12,0,0,0,3426,256,16,0,0,19.875,0,
aeqkad_noisy,window,full,fidelity,True,True,16,iid,0.1,2,s032,8,25.75,21.956521739130437,18.0,49.5,56,37,36,1,6,0,0.72,12.484375,43,6,0,0,0,3196,256,16,0,0,14.4375,1,0.0
mm_noisy,mm,full,fidelity,True,True,16,iid,0.1,0,s032,2,30.500000000000004,6.847826086956524,8.0,92.5,56,37,36,1,6,0,0.72,16.0,52,15,0,0,0,4096,256,16,1,16,84.0,0,
mm_noisy,mm,full,fidelity,True,True,16,iid,0.1,0,s032,3,28.000000000000004,18.53260869565217,2.0,87.0,56,41,39,2,6,0,0.78,15.96875,55,14,0,0,0,4088,256,16,1,4,45.1875,1,
mm_noisy,mm,full,fidelity,True,True,16,iid,0.1,0,s032,4,28.25,8.260869565217389,12.0,72.5,56,37,36,1,6,0,0.72,15.82421875,48,11,0,0,0,4051,256,16,1,1,70.5,0,
mm_noisy,mm,full,fidelity,True,True,16,iid,0.1,0,s032,5,28.25,12.934782608695656,6.0,72.5,56,38,36,2,6,0,0.72,16.0,53,15,0,0,0,4096,256,16,1,1,85.4375,0,
mm_noisy,mm,full,fidelity,True,True,16,iid,0.1,0,s032,6,40.0,16.521739130434785,20.0,70.0,56,27,25,2,6,0,0.5,15.94921875,45,18,0,0,0,4083,256,16,1,1,49.25,1,
mm_noisy,mm,full,fidelity,True,True,16,iid,0.1,0,s032,7,35.75,19.945652173913043,10.0,76.0,56,35,33,2,6,0,0.66,16.0,49,14,0,0,0,4096,256,16,1,1,67.1875,2,
mm_noisy,mm,full,fidelity,True,True,16,iid,0.1,0,s032,8,28.25,18.53260869565217,2.0,78.5,56,42,40,2,6,0,0.8,16.0,54,12,0,0,0,4096,256,16,1,1,72.625,1,78.0
mm_noisy,mm,full,fidelity,True,True,16,iid,0.1,1,s032,2,28.25,12.771739130434783,6.0,84.5,56,38,37,1,6,0,0.74,16.0,52,14,0,0,0,4096,256,16,1,16,83.9375,0,
mm_noisy,mm,full,fidelity,True,True,16,iid,0.1,1,s032,3,30.000000000000004,15.271739130434783,8.0,80.0,56,43,41,2,6,0,0.82,15.9765625,51,8,0,0,0,4090,256,16,1,2,31.5625,1,
mm_noisy,mm,full,fidelity,True,True,16,iid,0.1,1,s032,4,25.75,10.434782608695654,10.0,61.5,56,38,37,1,6,0,0.74,15.91796875,50,12,0,0,0,4075,256,16,1,1,69.875,0,
mm_noisy,mm,full,fidelity,True,True,16,iid,0.1,1,s032,5,25.25,14.021739130434783,8.0,68.0,56,41,39,2,6,0,0.78,15.953125,49,8,0,0,0,4084,256,16,1,1,54.6875,0,
mm_noisy,mm,full,fidelity,True,True,16,iid,0.1,1,s032,6,38.0,27.8804347826087,12.0,61.5,56,33,29,4,6,0,0.58,16.0,49,16,0,0,0,4096,256,16,1,1,56.3125,3,
mm_noisy,mm,full,fidelity,True,True,16,iid,0.1,1,s032,7,33.5,19.78260869565217,8.0,67.0,56,38,35,3,6,0,0.7,16.0,52,14,0,0,0,4096,256,16,1,1,87.75,3,
mm_noisy,mm,full,fidelity,True,True,16,iid,0.1,1,s032,8,26.5,19.78260869565217,4.0,68.5,56,39,38,1,6,0,0.76,15.75,50,11,0,0,0,4032,256,16,1,1,67.1875,0,94.0
mm_noisy,mm,full,fidelity,True,True,16,iid,0.1,2,s032,2,29.000000000000004,10.434782608695654,4.0,91.0,56,43,38,5,6,0,0.76,16.0,54,11,0,0,0,4096,256,16,1,16,84.0,0,
mm_noisy,mm,full,fidelity,True,True,16,iid,0.1,2,s032,3,26.0,16.195652173913043,6.0,74.5,56,39,38,1,6,0,0.76,15.90625,51,12,0,0,0,4072,256,16,1,2,29.875,0,
mm_noisy,mm,full,fidelity,True,True,16,iid,0.1,2,s032,4,26.0,11.684782608695654,8.0,64.0,56,38,37,1,6,0,0.74,15.1953125,49,11,0,0,0,3890,256,16,1,1,67.8125,0,
mm_noisy,mm,full,fidelity,True,True,16,iid,0.1,2,s032,5,28.000000000000004,15.108695652173914,6.0,73.0,56,41,38,3,6,0,0.76,16.0,53,12,0,0,0,4096,256,16,1,1,61.1875,1,
mm_noisy,mm,full,fidelity,True,True,16,iid,0.1,2,s032,6,41.75,22.1195652173913,16.0,74.0,56,28,26,2,6,0,0.52,16.0,47,19,0,0,0,4096,256,16,1,1,59.3125,2,
mm_noisy,mm,full,fidelity,True,True,16,iid,0.1,2,s032,7,42.00000000000001,34.891304347826086,12.0,77.0,56,27,27,0,6,0,0.54,16.0,50,23,0,0,0,4096,256,16,1,1,82.875,1,
mm_noisy,mm,full,fidelity,True,True,16,iid,0.1,2,s032,8,27.500000000000004,19.78260869565217,2.0,70.5,56,43,41,2,6,0,0.82,15.828125,52,9,0,0,0,4052,256,16,1,1,80.625,1,62.0
static_noisy,static,none,fidelity,True,True,16,iid,0.1,0,s033,2,16.500000000000004,3.58695652173913,4.0,64.5,56,0,0,0,6,0,0.0,43.0,0,0,0,0,0,11008,256,50,0,50,81.5,0,
static_noisy,static,none,fidelity,True,True,16,iid,0.1,0,s033,3,18.750000000000004,2.5,0.0,66.5,56,0,0,0,6,0,0.0,43.0,0,0,0,0,0,11008,256,50,0,50,137.5,0,
static_noisy,static,none,fidelity,True,True,16,iid,0.1,0,s033,4,14.750000000000002,2.33695652173913,4.0,60.5,56,0,0,0,6,0,0.0,43.0,0,0,0,0,0,11008,256,50,0,50,193.5,0,
static_noisy,static,none,fidelity,True,True,16,iid,0.1,0,s033,5,10.249999999999998,2.33695652173913,4.0,57.49999999999999,56,0,0,0,6,0,0.0,43.0,0,0,0,0,0,11008,256,50,0,50,249.5,0,
static_noisy,static,none,fidelity,True,True,16,iid,0.1,0,s033,6,11.5,2.33695652173913,0.0,62.0,56,0,0,0,6,0,0.0,43.0,0,0,0,0,0,11008,256,50,0,50,305.5,0,
static_noisy,static,none,fidelity,True,True,16,iid,0.1,0,s033,7,8.499999999999998,1.25,0.0,62.5,56,0,0,0,6,0,0.0,43.0,0,0,0,0,0,11008,256,50,0,50,361.5,0,
static_noisy,static,none,fidelity,True,True,16,iid,0.1,0,s033,8,11.5,1.25,0.0,63.0,56,0,0,0,6,0,0.0,43.0,0,0,0,0,0,11008,256,50,0,50,417.5,0,70.0
static_noisy,static,none,fidelity,True,True,16,iid,0.1,1,s033,2,19.75,10.434782608695654,4.0,68.0,56,0,0,0,6,0,0.0,40.0,0,0,0,0,0,10240,256,50,0,50,81.5,0,
static_noisy,static,none,fidelity,True,True,16,iid,0.1,1,s033,3,19.75,4.67391304347826,2.0,66.5,56,0,0,0,6,0,0.0,40.0,0,0,0,0,0,10240,256,50,0,50,137.5,0,
static_noisy,static,none,fidelity,True,True,16,iid,0.1,1,s033,4,15.000000000000002,3.58695652173913,6.0,62.5,56,0,0,0,6,0,0.0,40.0,0,0,0,0,0,10240,256,50,0,50,193.5,0,
static_noisy,static,none,fidelity,True,True,16,iid,0.1,1,s033,5,10.249999999999998,2.33695652173913,4.0,61.5,56,0,0,0,6,0,0.0,40.0,0,0,0,0,0,10240,256,50,0,50,249.5,0,
static_noisy,static,none,fidelity,True,True,16,iid,0.1,1,s033,6,12.5,2.33695652173913,0.0,63.0,56,0,0,0,6,0,0.0,40.0,0,0,0,0,0,10240,256,50,0,50,305.5,0,
static_noisy,static,none,fidelity,True,True,16,iid,0.1,1,s033,7,7.249999999999998,1.0869565217391297,0.0,63.0,56,0,0,0,6,0,0.0,40.0,0,0,0,0,0,10240,256,50,0,50,361.5,0,
static_noisy,static,none,fidelity,True,True,16,iid,0.1,1,s033,8,12.25,2.5,0.0,57.99999999999999,56,0,0,0,6,0,0.0,40.0,0,0,0,0,0,10240,256,50,0,50,417.5,0,36.0
static_noisy,static,none,fidelity,True,True,16,iid,0.1,2,s033,2,16.250000000000004,8.097826086956525,4.0,64.0,56,0,0,0,6,0,0.0,40.0,0,0,0,0,0,10240,256,50,0,50,81.5,0,
static_noisy,static,none,fidelity,True,True,16,iid,0.1,2,s033,3,20.25,3.75,0.0,62.5,56,0,0,0,6,0,0.0,40.0,0,0,0,0,0,10240,256,50,0,50,137.5,0,
static_noisy,static,none,fidelity,True,True,16,iid,0.1,2,s033,4,13.5,3.58695652173913,4.0,60.5,56,0,0,0,6,0,0.0,40.0,0,0,0,0,0,10240,256,50,0,50,193.5,0,
static_noisy,static,none,fidelity,True,True,16,iid,0.1,2,s033,5,10.249999999999998,2.33695652173913,4.0,60.0,56,0,0,0,6,0,0.0,40.0,0,0,0,0,0,10240,256,50,0,50,249.5,0,
static_noisy,static,none,fidelity,True,True,16,iid,0.1,2,s033,6,12.0,1.25,0.0,64.0,56,0,0,0,6,0,0.0,40.0,0,0,0,0,0,10240,256,50,0,50,305.5,0,
static_noisy,static,none,fidelity,True,True,16,iid,0.1,2,s033,7,6.250000000000003,0.0,0.0,62.5,56,0,0,0,6,0,0.0,40.0,0,0,0,0,0,10240,256,50,0,50,361.5,0,
static_noisy,static,none,fidelity,True,True,16,iid,0.1,2,s033,8,11.0,0.0,0.0,65.5,56,0,0,0,6,0,0.0,40.0,0,0,0,0,0,10240,256,50,0,50,417.5,0,34.0
window_noisy,window,none,fidelity,True,True,16,iid,0.1,0,s033,2,28.500000000000004,20.869565217391305,8.0,72.0,56,51,46,5,6,0,0.92,14.62890625,0,0,0,0,0,3745,256,16,0,0,7.75,2,
window_noisy,window,none,fidelity,True,True,16,iid,0.1,0,s033,3,27.500000000000004,13.858695652173914,8.0,71.0,56,50,46,4,6,0,0.92,12.53515625,0,0,0,0,0,3209,256,16,0,0,7.5,0,
window_noisy,window,none,fidelity,True,True,16,iid,0.1,0,s033,4,18.750000000000004,2.33695652173913,14.000000000000002,44.0,56,43,43,0,6,0,0.86,11.984375,0,0,0,0,0,3068,256,16,0,0,10.5,0,
window_noisy,window,none,fidelity,True,True,16,iid,0.1,0,s033,5,31.25,24.456521739130437,6.0,61.0,56,52,47,5,6,0,0.94,13.6796875,0,0,0,0,0,3502,256,16,0,0,7.5,2,
window_noisy,window,none,fidelity,True,True,16,iid,0.1,0,s033,6,35.25,24.456521739130437,10.0,72.0,56,49,45,4,6,0,0.9,12.48828125,0,0,0,0,0,3197,256,16,0,0,10.375,0,
window_noisy,window,none,fidelity,True,True,16,iid,0.1,0,s033,7,17.750000000000004,8.260869565217389,0.0,53.5,56,53,50,3,6,0,1.0,12.7421875,0,0,0,0,0,3262,256,16,0,0,7.875,1,
window_noisy,window,none,fidelity,True,True,16,iid,0.1,0,s033,8,26.0,12.771739130434783,6.0,56.49999999999999,56,51,47,4,6,0,0.94,12.4140625,0,0,0,0,0,3178,256,16,0,0,8.25,1,54.0
window_noisy,window,none,fidelity,True,True,16,iid,0.1,1,s033,2,30.000000000000004,28.967391304347828,12.0,62.5,56,49,44,5,6,0,0.88,14.70703125,0,0,0,0,0,3765,256,16,0,0,8.9375,1,
window_noisy,window,none,fidelity,True,True,16,iid,0.1,1,s033,3,32.99999999999999,24.1304347826087,12.0,74.5,56,49,44,5,6,0,0.88,12.44140625,0,0,0,0,0,3185,256,16,0,0,7.5,1,
window_noisy,window,none,fidelity,True,True,16,iid,0.1,1,s033,4,27.750000000000004,16.195652173913043,16.0,70.5,56,47,42,5,6,0,0.84,12.640625,0,0,0,0,0,3236,256,16,0,0,8.875,0,
window_noisy,window,none,fidelity,True,True,16,iid,0.1,1,s033,5,11.75,0.0,6.0,31.5,56,48,47,1,6,0,0.94,13.23828125,0,0,0,0,0,3389,256,16,0,0,7.8125,0,
window_noisy,window,none,fidelity,True,True,16,iid,0.1,1,s033,6,35.75,22.1195652173913,12.0,75.0,56,48,44,4,6,0,0.88,12.50390625,0,0,0,0,0,3201,256,16,0,0,11.75,1,
window_noisy,window,none,fidelity,True,True,16,iid,0.1,1,s033,7,10.249999999999998,1.0869565217391297,2.0,38.0,56,49,49,0,6,0,0.98,12.3671875,0,0,0,0,0,3166,256,16,0,0,9.625,0,
window_noisy,window,none,fidelity,True,True,16,iid,0.1,1,s033,8,16.500000000000004,1.25,6.0,28.000000000000004,56,47,47,0,6,0,0.94,11.88671875,0,0,0,0,0,3043,256,16,0,0,8.375,0,0.0
window_noisy,window,none,fidelity,True,True,16,iid,0.1,2,s033,2,31.499999999999996,23.20652173913043,14.000000000000002,57.99999999999999,56,48,43,5,6,0,0.86,14.5546875,0,0,0,0,0,3726,256,16,0,0,8.875,1,
window_noisy,window,none,fidelity,True,True,16,iid,0.1,2,s033,3,36.75,23.20652173913043,12.0,78.0,56,48,44,4,6,0,0.88,11.75390625,0,0,0,0,0,3009,256,16,0,0,8.375,2,
window_noisy,window,none,fidelity,True,True,16,iid,0.1,2,s033,4,32.25,21.03260869565217,16.0,61.0,56,46,42,4,6,0,0.84,12.46875,0,0,0,0,0,3192,256,16,0,0,9.3125,0,
window_noisy,window,none,fidelity,True,True,16,iid,0.1,2,s033,5,20.0,8.260869565217389,6.0,47.5,56,49,47,2,6,0,0.94,13.7734375,0,0,0,0,0,3526,256,16,0,0,7.5,0,
window_noisy,window,none,fidelity,True,True,16,iid,0.1,2,s033,6,32.0,18.53260869565217,14.000000000000002,69.5,56,48,43,5,6,0,0.86,12.4453125,0,0,0,0,0,3186,256,16,0,0,11.5,2,
window_noisy,window,none,fidelity,True,True,16,iid,0.1,2,s033,7,27.750000000000004,15.108695652173914,2.0,60.5,56,54,49,5,6,0,0.98,12.99609375,0,0,0,0,0,3327,256,16,0,0,8.3125,1,
window_noisy,window,none,fidelity,True,True,16,iid,0.1,2,s033,8,13.750000000000002,1.25,6.0,21.0,56,47,47,0,6,0,0.94,11.578125,0,0,0,0,0,2964,256,16,0,0,8.625,0,0.0
aeqkad_noisy,window,full,fidelity,True,True,16,iid,0.1,0,s033,2,24.75,3.75,10.0,55.50000000000001,56,43,41,2,6,0,0.82,13.9921875,49,6,38,0,0,3582,256,16,0,0,9.375,2,
aeqkad_noisy,window,full,fidelity,True,True,16,iid,0.1,0,s033,3,29.000000000000004,11.684782608695654,12.0,76.0,56,47,43,4,6,0,0.86,12.29296875,49,1,44,0,1,3147,256,16,0,0,7.8125,0,
aeqkad_noisy,window,full,fidelity,True,True,16,iid,0.1,0,s033,4,27.0,4.67391304347826,18.0,46.0,56,37,37,0,6,0,0.74,10.78125,42,5,36,0,0,2760,256,16,0,0,13.0625,0,
aeqkad_noisy,window,full,fidelity,True,True,16,iid,0.1,0,s033,5,25.0,15.108695652173914,6.0,47.5,56,46,44,2,6,0,0.88,13.0546875,52,5,39,0,1,3342,256,16,0,0,8.375,1,
aeqkad_noisy,window,full,fidelity,True,True,16,iid,0.1,0,s033,6,31.75,24.456521739130437,12.0,75.0,56,42,39,3,6,0,0.78,12.30859375,47,4,40,0,1,3151,256,16,0,0,14.4375,0,
aeqkad_noisy,window,full,fidelity,True,True,16,iid,0.1,0,s033,7,16.250000000000004,8.260869565217389,2.0,49.5,56,50,48,2,6,0,0.96,11.69921875,52,1,44,0,1,2995,256,16,0,0,8.9375,0,
aeqkad_noisy,window,full,fidelity,True,True,16,iid,0.1,0,s033,8,15.000000000000002,0.0,6.0,33.0,56,46,43,3,6,0,0.86,11.56640625,51,4,41,0,1,2961,256,16,0,0,9.9375,1,52.0
aeqkad_noisy,window,full,fidelity,True,True,16,iid,0.1,1,s033,2,25.5,9.347826086956523,12.0,47.5,56,39,37,2,6,0,0.74,13.71875,49,10,17,0,0,3512,256,16,0,0,10.75,1,
aeqkad_noisy,window,full,fidelity,True,True,16,iid,0.1,1,s033,3,26.0,8.097826086956525,12.0,71.5,56,46,43,3,6,0,0.86,11.984375,49,0,25,0,3,3068,256,16,0,0,7.75,1,
aeqkad_noisy,window,full,fidelity,True,True,16,iid,0.1,1,s033,4,29.500000000000004,17.445652173913043,18.0,61.5,56,38,36,2,6,0,0.72,11.55078125,47,7,19,0,2,2957,256,16,0,0,11.125,0,
aeqkad_noisy,window,full,fidelity,True,True,16,iid,0.1,1,s033,5,10.749999999999998,0.0,6.0,29.5,56,45,44,1,6,0,0.88,12.859375,49,3,25,0,1,3292,256,16,0,0,7.8125,0,
aeqkad_noisy,window,full,fidelity,True,True,16,iid,0.1,1,s033,6,26.0,15.108695652173914,12.0,54.50000000000001,56,38,38,0,6,0,0.76,11.80078125,46,6,20,0,2,3021,256,16,0,0,16.125,0,
aeqkad_noisy,window,full,fidelity,True,True,16,iid,0.1,1,s033,7,13.0,2.33695652173913,2.0,31.5,56,47,47,0,6,0,0.94,11.48828125,50,2,24,0,1,2941,256,16,0,0,10.5,0,
aeqkad_noisy,window,full,fidelity,True,True,16,iid,0.1,1,s033,8,13.5,5.760869565217389,4.0,27.0,56,40,40,0,6,0,0.8,10.984375,48,5,22,0,3,2812,256,16,0,0,11.0,0,0.0
aeqkad_noisy,window,full,fidelity,True,True,16,iid,0.1,2,s033,2,29.75,15.108695652173914,16.0,58.5,56,40,37,3,6,0,0.74,13.89453125,47,7,21,0,0,3557,256,16,0,0,12.3125,1,
aeqkad_noisy,window,full,fidelity,True,True,16,iid,0.1,2,s033,3,30.25,14.945652173913045,10.0,66.0,56,42,41,1,6,0,0.82,11.04296875,48,3,27,0,3,2827,256,16,0,0,10.8125,0,
aeqkad_noisy,window,full,fidelity,True,True,16,iid,0.1,2,s033,4,29.500000000000004,19.78260869565217,20.0,48.0,56,39,36,3,6,0,0.72,10.9296875,44,4,23,0,1,2798,256,16,0,0,11.8125,0,
aeqkad_noisy,window,full,fidelity,True,True,16,iid,0.1,2,s033,5,11.75,3.58695652173913,8.0,27.500000000000004,56,43,42,1,6,0,0.84,13.0546875,48,3,28,0,2,3342,256,16,0,0,7.625,0,
aeqkad_noisy,window,full,fidelity,True,True,16,iid,0.1,2,s033,6,34.25,21.03260869565217,12.0,67.0,56,41,38,3,6,0,0.76,11.63671875,49,6,28,0,2,2979,256,16,0,0,14.125,1,
aeqkad_noisy,window,full,fidelity,True,True,16,iid,0.1,2,s033,7,22.25,9.347826086956523,2.0,48.5,56,50,47,3,6,0,0.94,12.140625,54,2,32,0,2,3108,256,16,0,0,9.4375,1,
aeqkad_noisy,window,full,fidelity,True,True,16,iid,0.1,2,s033,8,11.249999999999998,0.0,4.0,18.0,56,39,39,0,6,0,0.78,11.20703125,48,6,23,0,3,2869,256,16,0,0,11.25,0,0.0
mm_noisy,mm,full,fidelity,True,True,16,iid,0.1,0,s033,2,16.250000000000004,4.67391304347826,4.0,60.0,56,44,43,1,6,0,0.86,16.0,53,8,45,0,1,4096,256,16,1,16,86.4375,0,
mm_noisy,mm,full,fidelity,True,True,16,iid,0.1,0,s033,3,27.750000000000004,14.021739130434783,2.0,68.0,56,48,46,2,6,0,0.92,15.40234375,54,6,45,0,0,3943,256,16,1,1,28.25,1,
mm_noisy,mm,full,fidelity,True,True,16,iid,0.1,0,s033,4,21.5,7.01086956521739,10.0,76.5,56,38,38,0,6,0,0.76,15.671875,49,6,41,0,5,4012,256,16,1,1,65.4375,1,
mm_noisy,mm,full,fidelity,True,True,16,iid,0.1,0,s033,5,43.00000000000001,38.31521739130434,6.0,88.0,56,50,45,5,6,0,0.9,16.0,53,1,48,0,2,4096,256,16,1,1,55.3125,2,
mm_noisy,mm,full,fidelity,True,True,16,iid,0.1,0,s033,6,40.0,42.98913043478261,2.0,95.0,56,49,44,5,6,0,0.88,16.0,55,4,47,0,2,4096,256,16,1,1,58.4375,2,
mm_noisy,mm,full,fidelity,True,True,16,iid,0.1,0,s033,7,26.75,18.53260869565217,2.0,94.5,56,51,46,5,6,0,0.92,15.9765625,55,2,49,0,2,4090,256,16,1,1,55.125,4,
mm_noisy,mm,full,fidelity,True,True,16,iid,0.1,0,s033,8,25.75,14.021739130434783,2.0,90.0,56,45,42,3,6,0,0.84,15.99609375,55,5,46,0,5,4095,256,16,1,1,66.5,4,100.0
mm_noisy,mm,full,fidelity,True,True,16,iid,0.1,1,s033,2,16.500000000000004,4.67391304347826,6.0,54.50000000000001,56,41,40,1,6,0,0.8,16.0,50,9,20,0,0,4096,256,16,1,16,82.9375,0,
mm_noisy,mm,full,fidelity,True,True,16,iid,0.1,1,s033,3,25.75,19.78260869565217,2.0,60.0,56,38,37,1,6,0,0.74,15.953125,53,14,18,0,1,4084,256,16,1,4,37.3125,1,
mm_noisy,mm,full,fidelity,True,True,16,iid,0.1,1,s033,4,30.999999999999996,14.945652173913045,10.0,76.0,56,38,36,2,6,0,0.72,15.26953125,51,7,25,0,6,3909,256,16,1,1,50.0625,2,
mm_noisy,mm,full,fidelity,True,True,16,iid,0.1,1,s033,5,39.75,30.217391304347828,6.0,90.5,56,46,43,3,6,0,0.86,15.94140625,52,4,27,0,2,4081,256,16,1,1,43.125,3,
mm_noisy,mm,full,fidelity,True,True,16,iid,0.1,1,s033,6,43.99999999999999,35.05434782608695,4.0,94.0,56,44,42,2,6,0,0.84,16.0,54,3,29,0,7,4096,256,16,1,1,68.375,2,
mm_noisy,mm,full,fidelity,True,True,16,iid,0.1,1,s033,7,22.0,5.923913043478259,2.0,79.0,56,43,43,0,6,0,0.86,15.87890625,53,8,31,0,2,4065,256,16,1,1,67.4375,0,
mm_noisy,mm,full,fidelity,True,True,16,iid,0.1,1,s033,8,10.0,0.0,4.0,47.5,56,40,40,0,6,0,0.8,15.10546875,50,3,31,0,7,3867,256,16,1,1,76.25,0,10.0
mm_noisy,mm,full,fidelity,True,True,16,iid,0.1,2,s033,2,14.250000000000002,2.33695652173913,6.0,34.0,56,40,39,1,6,0,0.78,16.0,49,9,26,0,0,4096,256,16,1,16,83.3125,0,
mm_noisy,mm,full,fidelity,True,True,16,iid,0.1,2,s033,3,22.0,17.282608695652176,2.0,52.5,56,38,37,1,6,0,0.74,15.828125,54,15,26,0,1,4052,256,16,1,5,45.9375,1,
mm_noisy,mm,full,fidelity,True,True,16,iid,0.1,2,s033,4,39.5,27.8804347826087,20.0,75.0,56,40,36,4,6,0,0.72,15.25390625,44,1,30,0,3,3905,256,16,1,1,54.1875,3,
mm_noisy,mm,full,fidelity,True,True,16,iid,0.1,2,s033,5,37.5,30.217391304347828,6.0,79.5,56,44,41,3,6,0,0.82,16.0,51,3,31,0,4,4096,256,16,1,1,52.0625,3,
mm_noisy,mm,full,fidelity,True,True,16,iid,0.1,2,s033,6,23.5,5.923913043478259,4.0,60.5,56,41,38,3,6,0,0.76,16.0,53,4,39,0,8,4096,256,16,1,1,66.4375,1,
mm_noisy,mm,full,fidelity,True,True,16,iid,0.1,2,s033,7,33.24999999999999,25.543478260869566,2.0,77.0,56,48,44,4,6,0,0.88,15.9765625,54,4,38,0,2,4090,256,16,1,1,72.8125,2,
mm_noisy,mm,full,fidelity,True,True,16,iid,0.1,2,s033,8,23.75,11.847826086956523,2.0,81.5,56,40,40,0,6,0,0.8,15.4609375,54,3,41,0,11,3958,256,16,1,1,76.1875,1,16.0
static_noisy,static,none,fidelity,True,True,16,iid,0.1,0,s034,2,28.000000000000004,12.771739130434783,0.0,94.5,56,0,0,0,6,0,0.0,33.0,0,0,0,0,0,8448,256,50,0,50,81.5,0,
static_noisy,static,none,fidelity,True,True,16,iid,0.1,0,s034,3,22.0,12.771739130434783,2.0,96.5,56,0,0,0,6,0,0.0,33.0,0,0,0,0,0,8448,256,50,0,50,137.5,0,
static_noisy,static,none,fidelity,True,True,16,iid,0.1,0,s034,4,35.75,32.55434782608696,2.0,97.5,56,0,0,0,6,0,0.0,33.0,0,0,0,0,0,8448,256,50,0,50,193.5,0,
static_noisy,static,none,fidelity,True,True,16,iid,0.1,0,s034,5,35.25,30.217391304347828,0.0,96.5,56,0,0,0,6,0,0.0,33.0,0,0,0,0,0,8448,256,50,0,50,249.5,0,
static_noisy,static,none,fidelity,True,True,16,iid,0.1,0,s034,6,30.25,24.619565217391305,0.0,97.0,56,0,0,0,6,0,0.0,33.0,0,0,0,0,0,8448,256,50,0,50,305.5,0,
static_noisy,static,none,fidelity,True,True,16,iid,0.1,0,s034,7,36.25,30.217391304347828,0.0,96.5,56,0,0,0,6,0,0.0,33.0,0,0,0,0,0,8448,256,50,0,50,361.5,0,
static_noisy,static,none,fidelity,True,True,16,iid,0.1,0,s034,8,32.25,28.04347826086957,0.0,95.5,56,0,0,0,6,0,0.0,33.0,0,0,0,0,0,8448,256,50,0,50,417.5,0,100.0
static_noisy,static,none,fidelity,True,True,16,iid,0.1,1,s034,2,26.0,10.434782608695654,0.0,97.5,56,0,0,0,6,0,0.0,31.0,0,0,0,0,0,7936,256,50,0,50,81.5,0,
static_noisy,static,none,fidelity,True,True,16,iid,0.1,1,s034,3,19.75,9.347826086956523,2.0,99.0,56,0,0,0,6,0,0.0,31.0,0,0,0,0,0,7936,256,50,0,50,137.5,0,
static_noisy,static,none,fidelity,True,True,16,iid,0.1,1,s034,4,31.75,34.72826086956522,0.0,98.5,56,0,0,0,6,0,0.0,31.0,0,0,0,0,0,7936,256,50,0,50,193.5,0,
static_noisy,static,none,fidelity,True,True,16,iid,0.1,1,s034,5,35.75,31.304347826086957,0.0,98.5,56,0,0,0,6,0,0.0,31.0,0,0,0,0,0,7936,256,50,0,50,249.5,0,
static_noisy,static,none,fidelity,True,True,16,iid,0.1,1,s034,6,29.75,24.456521739130437,0.0,99.0,56,0,0,0,6,0,0.0,31.0,0,0,0,0,0,7936,256,50,0,50,305.5,0,
static_noisy,static,none,fidelity,True,True,16,iid,0.1,1,s034,7,39.75,30.217391304347828,0.0,99.0,56,0,0,0,6,0,0.0,31.0,0,0,0,0,0,7936,256,50,0,50,361.5,0,
static_noisy,static,none,fidelity,True,True,16,iid,0.1,1,s034,8,34.0,38.15217391304348,0.0,98.5,56,0,0,0,6,0,0.0,31.0,0,0,0,0,0,7936,256,50,0,50,417.5,0,100.0
static_noisy,static,none,fidelity,True,True,16,iid,0.1,2,s034,2,25.0,14.021739130434783,0.0,96.5,56,0,0,0,6,0,0.0,33.0,0,0,0,0,0,8448,256,50,0,50,81.5,0,
static_noisy,static,none,fidelity,True,True,16,iid,0.1,2,s034,3,24.0,12.771739130434783,2.0,97.0,56,0,0,0,6,0,0.0,33.0,0,0,0,0,0,8448,256,50,0,50,137.5,0,
static_noisy,static,none,fidelity,True,True,16,iid,0.1,2,s034,4,33.25,27.8804347826087,2.0,96.0,56,0,0,0,6,0,0.0,33.0,0,0,0,0,0,8448,256,50,0,50,193.5,0,
static_noisy,static,none,fidelity,True,True,16,iid,0.1,2,s034,5,39.75,36.141304347826086,0.0,97.0,56,0,0,0,6,0,0.0,33.0,0,0,0,0,0,8448,256,50,0,50,249.5,0,
static_noisy,static,none,fidelity,True,True,16,iid,0.1,2,s034,6,27.250000000000004,29.130434782608692,0.0,95.0,56,0,0,0,6,0,0.0,33.0,0,0,0,0,0,8448,256,50,0,50,305.5,0,
static_noisy,static,none,fidelity,True,True,16,iid,0.1,2,s034,7,35.25,38.31521739130434,0.0,96.5,56,0,0,0,6,0,0.0,33.0,0,0,0,0,0,8448,256,50,0,50,361.5,0,
static_noisy,static,none,fidelity,True,True,16,iid,0.1,2,s034,8,34.75,34.891304347826086,0.0,97.5,56,0,0,0,6,0,0.0,33.0,0,0,0,0,0,8448,256,50,0,50,417.5,0,98.0
window_noisy,window,none,fidelity,True,True,16,iid,0.1,0,s034,2,19.0,9.347826086956523,0.0,69.0,56,56,50,6,6,0,1.0,11.85546875,0,0,0,0,0,3035,256,16,0,0,7.5,1,
window_noisy,window,none,fidelity,True,True,16,iid,0.1,0,s034,3,18.750000000000004,11.684782608695654,4.0,67.0,56,53,48,5,6,0,0.96,11.60546875,0,0,0,0,0,2971,256,16,0,0,7.5,3,
window_noisy,window,none,fidelity,True,True,16,iid,0.1,0,s034,4,19.5,4.67391304347826,4.0,71.5,56,51,48,3,6,0,0.96,10.0625,0,0,0,0,0,2576,256,16,0,0,7.5,1,
window_noisy,window,none,fidelity,True,True,16,iid,0.1,0,s034,5,32.25,17.445652173913043,8.0,74.5,56,52,46,6,6,0,0.92,11.2421875,0,0,0,0,0,2878,256,16,0,0,9.125,1,
window_noisy,window,none,fidelity,True,True,16,iid,0.1,0,s034,6,20.25,17.445652173913043,4.0,68.0,56,53,48,5,6,0,0.96,10.8046875,0,0,0,0,0,2766,256,16,0,0,8.6875,4,
window_noisy,window,none,fidelity,True,True,16,iid,0.1,0,s034,7,21.75,12.771739130434783,0.0,68.5,56,53,50,3,6,0,1.0,11.44140625,0,0,0,0,0,2929,256,16,0,0,8.375,1,
window_noisy,window,none,fidelity,True,True,16,iid,0.1,0,s034,8,16.250000000000004,6.847826086956524,8.0,62.5,56,50,46,4,6,0,0.92,10.66796875,0,0,0,0,0,2731,256,16,0,0,9.75,1,56.00000000000001
window_noisy,window,none,fidelity,True,True,16,iid,0.1,1,s034,2,19.5,11.521739130434783,0.0,67.0,56,52,50,2,6,0,1.0,11.35546875,0,0,0,0,0,2907,256,16,0,0,8.9375,0,
window_noisy,window,none,fidelity,True,True,16,iid,0.1,1,s034,3,17.750000000000004,5.923913043478259,4.0,62.0,56,51,48,3,6,0,0.96,11.84375,0,0,0,0,0,3032,256,16,0,0,8.0,1,
window_noisy,window,none,fidelity,True,True,16,iid,0.1,1,s034,4,17.750000000000004,9.184782608695654,4.0,64.5,56,50,48,2,6,0,0.96,9.58984375,0,0,0,0,0,2455,256,16,0,0,8.4375,1,
window_noisy,window,none,fidelity,True,True,16,iid,0.1,1,s034,5,24.5,10.434782608695654,8.0,75.5,56,51,46,5,6,0,0.92,11.50390625,0,0,0,0,0,2945,256,16,0,0,9.3125,2,
window_noisy,window,none,fidelity,True,True,16,iid,0.1,1,s034,6,24.5,18.695652173913043,2.0,72.5,56,54,49,5,6,0,0.98,11.453125,0,0,0,0,0,2932,256,16,0,0,8.1875,0,
window_noisy,window,none,fidelity,True,True,16,iid,0.1,1,s034,7,23.5,10.434782608695654,0.0,73.0,56,53,50,3,6,0,1.0,10.96484375,0,0,0,0,0,2807,256,16,0,0,8.4375,1,
window_noisy,window,none,fidelity,True,True,16,iid,0.1,1,s034,8,14.500000000000002,8.097826086956525,6.0,60.5,56,53,47,6,6,0,0.94,10.71484375,0,0,0,0,0,2743,256,16,0,0,9.125,2,86.0
window_noisy,window,none,fidelity,True,True,16,iid,0.1,2,s034,2,20.5,8.097826086956525,0.0,71.0,56,55,50,5,6,0,1.0,11.69140625,0,0,0,0,0,2993,256,16,0,0,7.5,2,
window_noisy,window,none,fidelity,True,True,16,iid,0.1,2,s034,3,23.5,12.771739130434783,4.0,71.5,56,53,48,5,6,0,0.96,12.27734375,0,0,0,0,0,3143,256,16,0,0,8.125,0,
window_noisy,window,none,fidelity,True,True,16,iid,0.1,2,s034,4,17.750000000000004,7.01086956521739,6.0,64.0,56,51,47,4,6,0,0.94,9.53125,0,0,0,0,0,2440,256,16,0,0,7.5,2,
window_noisy,window,none,fidelity,True,True,16,iid,0.1,2,s034,5,28.500000000000004,16.195652173913043,8.0,69.5,56,52,46,6,6,0,0.92,11.40625,0,0,0,0,0,2920,256,16,0,0,9.125,1,
window_noisy,window,none,fidelity,True,True,16,iid,0.1,2,s034,6,22.25,17.445652173913043,4.0,66.0,56,52,48,4,6,0,0.96,10.70703125,0,0,0,0,0,2741,256,16,0,0,8.875,2,
window_noisy,window,none,fidelity,True,True,16,iid,0.1,2,s034,7,22.0,12.771739130434783,0.0,66.5,56,55,50,5,6,0,1.0,11.32421875,0,0,0,0,0,2899,256,16,0,0,7.9375,0,
window_noisy,window,none,fidelity,True,True,16,iid,0.1,2,s034,8,17.750000000000004,9.347826086956523,8.0,56.99999999999999,56,51,46,5,6,0,0.92,10.12890625,0,0,0,0,0,2593,256,16,0,0,9.4375,1,86.0
aeqkad_noisy,window,full,fidelity,True,True,16,iid,0.1,0,s034,2,25.5,10.434782608695654,0.0,67.0,56,43,41,2,6,0,0.82,10.86328125,56,12,0,0,1,2781,256,16,0,0,9.75,1,
aeqkad_noisy,window,full,fidelity,True,True,16,iid,0.1,0,s034,3,18.000000000000004,10.434782608695654,4.0,62.5,56,49,46,3,6,0,0.92,10.796875,53,4,0,0,0,2764,256,16,0,0,8.3125,2,
aeqkad_noisy,window,full,fidelity,True,True,16,iid,0.1,0,s034,4,16.500000000000004,4.67391304347826,4.0,67.0,56,48,46,2,6,0,0.92,9.47265625,51,3,0,0,0,2425,256,16,0,0,8.8125,1,
aeqkad_noisy,window,full,fidelity,True,True,16,iid,0.1,0,s034,5,28.750000000000004,14.021739130434783,12.0,66.5,56,41,38,3,6,0,0.76,9.234375,50,8,0,0,1,2364,256,16,0,0,10.0625,1,
aeqkad_noisy,window,full,fidelity,True,True,16,iid,0.1,0,s034,6,17.250000000000004,14.021739130434783,6.0,62.5,56,45,44,1,6,0,0.88,9.65625,51,6,0,0,0,2472,256,16,0,0,12.0,0,
aeqkad_noisy,window,full,fidelity,True,True,16,iid,0.1,0,s034,7,20.5,9.510869565217387,4.0,63.0,56,42,42,0,6,0,0.84,10.23828125,51,9,0,0,0,2621,256,16,0,0,10.0625,0,
aeqkad_noisy,window,full,fidelity,True,True,16,iid,0.1,0,s034,8,13.5,9.347826086956523,12.0,49.5,56,41,41,0,6,0,0.82,8.6171875,45,1,0,0,3,2206,256,16,0,0,10.5,0,50.0
aeqkad_noisy,window,full,fidelity,True,True,16,iid,0.1,1,s034,2,24.5,10.434782608695654,0.0,66.0,56,45,44,1,6,0,0.88,10.75390625,53,8,0,0,0,2753,256,16,0,0,11.1875,0,
aeqkad_noisy,window,full,fidelity,True,True,16,iid,0.1,1,s034,3,20.5,8.097826086956525,4.0,63.0,56,49,46,3,6,0,0.92,11.3203125,51,2,0,0,0,2898,256,16,0,0,8.0,1,
aeqkad_noisy,window,full,fidelity,True,True,16,iid,0.1,1,s034,4,18.000000000000004,9.184782608695654,4.0,62.0,56,47,46,1,6,0,0.92,9.41015625,50,2,0,0,1,2409,256,16,0,0,10.25,0,
aeqkad_noisy,window,full,fidelity,True,True,16,iid,0.1,1,s034,5,26.5,6.08695652173913,12.0,58.5,56,40,38,2,6,0,0.76,8.82421875,49,9,0,0,0,2259,256,16,0,0,11.4375,1,
aeqkad_noisy,window,full,fidelity,True,True,16,iid,0.1,1,s034,6,20.25,17.445652173913043,2.0,64.5,56,46,44,2,6,0,0.88,9.8515625,52,6,0,0,0,2522,256,16,0,0,9.0,0,
aeqkad_noisy,window,full,fidelity,True,True,16,iid,0.1,1,s034,7,21.75,6.847826086956524,2.0,71.5,56,43,42,1,6,0,0.84,10.25,52,9,0,0,0,2624,256,16,0,0,9.1875,1,
aeqkad_noisy,window,full,fidelity,True,True,16,iid,0.1,1,s034,8,15.250000000000002,8.097826086956525,6.0,59.5,56,46,44,2,6,0,0.88,9.6015625,53,7,0,0,0,2458,256,16,0,0,11.375,0,84.0
aeqkad_noisy,window,full,fidelity,True,True,16,iid,0.1,2,s034,2,24.0,10.434782608695654,0.0,68.0,56,38,36,2,6,0,0.72,10.82421875,56,17,0,0,1,2771,256,16,0,0,12.5625,2,
aeqkad_noisy,window,full,fidelity,True,True,16,iid,0.1,2,s034,3,24.25,12.771739130434783,6.0,66.0,56,42,41,1,6,0,0.82,10.0234375,51,9,0,0,0,2566,256,16,0,0,8.5,0,
aeqkad_noisy,window,full,fidelity,True,True,16,iid,0.1,2,s034,4,16.500000000000004,4.67391304347826,6.0,63.0,56,46,43,3,6,0,0.86,8.7421875,51,5,0,0,0,2238,256,16,0,0,8.625,3,
aeqkad_noisy,window,full,fidelity,True,True,16,iid,0.1,2,s034,5,31.499999999999996,20.869565217391305,14.000000000000002,60.0,56,34,31,3,6,0,0.62,8.87890625,48,14,0,0,0,2273,256,16,0,0,14.5625,1,
aeqkad_noisy,window,full,fidelity,True,True,16,iid,0.1,2,s034,6,20.25,16.358695652173914,6.0,59.0,56,43,41,2,6,0,0.82,9.01171875,51,8,0,0,0,2307,256,16,0,0,10.25,1,
aeqkad_noisy,window,full,fidelity,True,True,16,iid,0.1,2,s034,7,22.0,8.097826086956525,4.0,66.5,56,43,40,3,6,0,0.8,10.19140625,53,9,0,0,1,2609,256,16,0,0,8.6875,0,
aeqkad_noisy,window,full,fidelity,True,True,16,iid,0.1,2,s034,8,15.250000000000002,10.434782608695654,12.0,46.5,56,41,39,2,6,0,0.78,8.125,47,5,0,0,1,2080,256,16,0,0,9.8125,1,86.0
mm_noisy,mm,full,fidelity,True,True,16,iid,0.1,0,s034,2,34.25,32.55434782608696,0.0,95.5,56,39,37,2,6,0,0.74,16.0,56,16,0,0,1,4096,256,16,1,14,78.8125,1,
mm_noisy,mm,full,fidelity,True,True,16,iid,0.1,0,s034,3,28.000000000000004,18.695652173913043,2.0,86.5,56,48,44,4,6,0,0.88,15.234375,55,6,0,0,1,3900,256,16,1,1,23.375,2,
mm_noisy,mm,full,fidelity,True,True,16,iid,0.1,0,s034,4,21.75,8.097826086956525,4.0,74.0,56,48,46,2,6,0,0.92,14.03125,53,5,0,0,0,3592,256,16,1,1,53.6875,2,
mm_noisy,mm,full,fidelity,True,True,16,iid,0.1,0,s034,5,31.499999999999996,33.315217391304344,4.0,79.0,56,42,39,3,6,0,0.78,15.62890625,54,5,0,0,7,4001,256,16,1,1,57.9375,2,
mm_noisy,mm,full,fidelity,True,True,16,iid,0.1,0,s034,6,21.75,22.1195652173913,4.0,75.5,56,46,45,1,6,0,0.9,14.6875,53,6,0,0,1,3760,256,16,1,1,51.625,0,
mm_noisy,mm,full,fidelity,True,True,16,iid,0.1,0,s034,7,22.5,9.347826086956523,2.0,73.0,56,42,42,0,6,0,0.84,13.921875,53,8,0,0,3,3564,256,16,1,1,72.375,0,
mm_noisy,mm,full,fidelity,True,True,16,iid,0.1,0,s034,8,13.750000000000002,8.260869565217389,4.0,71.5,56,42,42,0,6,0,0.84,14.30078125,49,4,0,0,3,3661,256,16,1,1,74.4375,0,90.0
mm_noisy,mm,full,fidelity,True,True,16,iid,0.1,1,s034,2,40.0,32.55434782608696,0.0,97.5,56,43,41,2,6,0,0.82,16.0,56,13,0,0,0,4096,256,16,1,15,79.8125,0,
mm_noisy,mm,full,fidelity,True,True,16,iid,0.1,1,s034,3,24.25,14.021739130434783,4.0,84.5,56,50,47,3,6,0,0.94,15.53125,53,3,0,0,0,3976,256,16,1,1,29.9375,2,
mm_noisy,mm,full,fidelity,True,True,16,iid,0.1,1,s034,4,22.75,8.097826086956525,4.0,73.0,56,47,46,1,6,0,0.92,14.17578125,51,3,0,0,1,3629,256,16,1,1,60.75,1,
mm_noisy,mm,full,fidelity,True,True,16,iid,0.1,1,s034,5,31.25,21.195652173913043,2.0,80.5,56,42,39,3,6,0,0.78,14.62109375,55,8,0,0,5,3743,256,16,1,1,57.75,1,
mm_noisy,mm,full,fidelity,True,True,16,iid,0.1,1,s034,6,23.5,19.78260869565217,2.0,81.0,56,48,45,3,6,0,0.9,15.34375,54,5,0,0,1,3928,256,16,1,1,55.125,3,
mm_noisy,mm,full,fidelity,True,True,16,iid,0.1,1,s034,7,25.5,8.097826086956525,2.0,87.5,56,47,46,1,6,0,0.92,15.26953125,53,4,0,0,2,3909,256,16,1,1,56.75,2,
mm_noisy,mm,full,fidelity,True,True,16,iid,0.1,1,s034,8,19.75,17.445652173913043,2.0,76.0,56,47,44,3,6,0,0.88,15.5234375,54,5,0,0,2,3974,256,16,1,1,63.875,3,88.0
mm_noisy,mm,full,fidelity,True,True,16,iid,0.1,2,s034,2,36.25,28.967391304347828,0.0,95.5,56,22,20,2,6,0,0.4,16.0,56,34,0,0,0,4096,256,16,1,16,82.0625,0,
mm_noisy,mm,full,fidelity,True,True,16,iid,0.1,2,s034,3,40.0,39.56521739130434,2.0,97.0,56,18,16,2,6,0,0.32,16.0,55,37,0,0,0,4096,256,16,1,16,138.0625,0,
mm_noisy,mm,full,fidelity,True,True,16,iid,0.1,2,s034,4,38.5,45.326086956521735,2.0,96.5,56,7,6,1,6,0,0.12,16.0,55,48,0,0,0,4096,256,16,1,16,194.0625,0,
mm_noisy,mm,full,fidelity,True,True,16,iid,0.1,2,s034,5,46.0,61.52173913043478,0.0,94.5,56,8,6,2,6,0,0.12,16.0,56,48,0,0,0,4096,256,16,1,14,219.4375,2,
mm_noisy,mm,full,fidelity,True,True,16,iid,0.1,2,s034,6,27.750000000000004,28.967391304347828,2.0,85.0,56,44,41,3,6,0,0.82,14.9296875,54,10,0,0,0,3822,256,16,1,1,41.0625,4,
mm_noisy,mm,full,fidelity,True,True,16,iid,0.1,2,s034,7,25.25,12.771739130434783,4.0,81.0,56,41,39,2,6,0,0.78,14.94140625,53,11,0,0,1,3825,256,16,1,1,64.625,4,
mm_noisy,mm,full,fidelity,True,True,16,iid,0.1,2,s034,8,21.0,19.78260869565217,6.0,72.5,56,45,42,3,6,0,0.84,15.30078125,53,6,0,0,2,3917,256,16,1,1,66.5,4,92.0
static_noisy,static,none,fidelity,True,True,16,iid,0.1,0,s035,2,26.25,15.108695652173914,2.0,64.0,56,0,0,0,6,0,0.0,40.0,0,0,0,0,0,10240,256,50,0,50,81.5,0,
static_noisy,static,none,fidelity,True,True,16,iid,0.1,0,s035,3,21.5,4.67391304347826,0.0,70.5,56,0,0,0,6,0,0.0,40.0,0,0,0,0,0,10240,256,50,0,50,137.5,0,
static_noisy,static,none,fidelity,True,True,16,iid,0.1,0,s035,4,23.0,7.01086956521739,4.0,67.0,56,0,0,0,6,0,0.0,40.0,0,0,0,0,0,10240,256,50,0,50,193.5,0,
static_noisy,static,none,fidelity,True,True,16,iid,0.1,0,s035,5,25.75,7.01086956521739,4.0,74.5,56,0,0,0,6,0,0.0,40.0,0,0,0,0,0,10240,256,50,0,50,249.5,0,
static_noisy,static,none,fidelity,True,True,16,iid,0.1,0,s035,6,35.75,34.72826086956522,6.0,66.0,56,0,0,0,6,0,0.0,40.0,0,0,0,0,0,10240,256,50,0,50,305.5,0,
static_noisy,static,none,fidelity,True,True,16,iid,0.1,0,s035,7,42.99999999999999,38.47826086956522,6.0,70.0,56,0,0,0,6,0,0.0,40.0,0,0,0,0,0,10240,256,50,0,50,361.5,0,
static_noisy,static,none,fidelity,True,True,16,iid,0.1,0,s035,8,47.75,45.48913043478261,16.0,68.0,56,0,0,0,6,0,0.0,40.0,0,0,0,0,0,10240,256,50,0,50,417.5,0,100.0
static_noisy,static,none,fidelity,True,True,16,iid,0.1,1,s035,2,26.25,16.195652173913043,0.0,85.0,56,0,0,0,6,0,0.0,41.0,0,0,0,0,0,10496,256,50,0,50,81.5,0,
static_noisy,static,none,fidelity,True,True,16,iid,0.1,1,s035,3,21.0,4.67391304347826,0.0,86.5,56,0,0,0,6,0,0.0,41.0,0,0,0,0,0,10496,256,50,0,50,137.5,0,
static_noisy,static,none,fidelity,True,True,16,iid,0.1,1,s035,4,21.5,3.58695652173913,4.0,84.0,56,0,0,0,6,0,0.0,41.0,0,0,0,0,0,10496,256,50,0,50,193.5,0,
static_noisy,static,none,fidelity,True,True,16,iid,0.1,1,s035,5,29.500000000000004,8.097826086956525,0.0,85.5,56,0,0,0,6,0,0.0,41.0,0,0,0,0,0,10496,256,50,0,50,249.5,0,
static_noisy,static,none,fidelity,True,True,16,iid,0.1,1,s035,6,34.25,28.3695652173913,2.0,81.5,56,0,0,0,6,0,0.0,41.0,0,0,0,0,0,10496,256,50,0,50,305.5,0,
static_noisy,static,none,fidelity,True,True,16,iid,0.1,1,s035,7,41.75,54.184782608695656,2.0,83.5,56,0,0,0,6,0,0.0,41.0,0,0,0,0,0,10496,256,50,0,50,361.5,0,
static_noisy,static,none,fidelity,True,True,16,iid,0.1,1,s035,8,48.5,50.92391304347825,2.0,84.0,56,0,0,0,6,0,0.0,41.0,0,0,0,0,0,10496,256,50,0,50,417.5,0,100.0
static_noisy,static,none,fidelity,True,True,16,iid,0.1,2,s035,2,23.25,15.108695652173914,2.0,70.0,56,0,0,0,6,0,0.0,40.0,0,0,0,0,0,10240,256,50,0,50,81.5,0,
static_noisy,static,none,fidelity,True,True,16,iid,0.1,2,s035,3,18.75,4.67391304347826,0.0,78.0,56,0,0,0,6,0,0.0,40.0,0,0,0,0,0,10240,256,50,0,50,137.5,0,
static_noisy,static,none,fidelity,True,True,16,iid,0.1,2,s035,4,22.25,5.760869565217389,4.0,73.0,56,0,0,0,6,0,0.0,40.0,0,0,0,0,0,10240,256,50,0,50,193.5,0,
static_noisy,static,none,fidelity,True,True,16,iid,0.1,2,s035,5,28.000000000000004,11.684782608695654,4.0,80.5,56,0,0,0,6,0,0.0,40.0,0,0,0,0,0,10240,256,50,0,50,249.5,0,
static_noisy,static,none,fidelity,True,True,16,iid,0.1,2,s035,6,38.25,37.06521739130434,2.0,73.0,56,0,0,0,6,0,0.0,40.0,0,0,0,0,0,10240,256,50,0,50,305.5,0,
static_noisy,static,none,fidelity,True,True,16,iid,0.1,2,s035,7,44.25,44.07608695652174,2.0,76.0,56,0,0,0,6,0,0.0,40.0,0,0,0,0,0,10240,256,50,0,50,361.5,0,
static_noisy,static,none,fidelity,True,True,16,iid,0.1,2,s035,8,47.5,40.97826086956522,8.0,73.0,56,0,0,0,6,0,0.0,40.0,0,0,0,0,0,10240,256,50,0,50,417.5,0,96.0
window_noisy,window,none,fidelity,True,True,16,iid,0.1,0,s035,2,29.000000000000004,7.01086956521739,6.0,52.5,56,49,47,2,6,0,0.94,13.91796875,0,0,0,0,0,3563,256,16,0,0,9.3125,2,
window_noisy,window,none,fidelity,True,True,16,iid,0.1,0,s035,3,26.5,4.67391304347826,20.0,38.0,56,41,40,1,6,0,0.8,11.90625,0,0,0,0,0,3048,256,16,0,0,10.3125,1,
window_noisy,window,none,fidelity,True,True,16,iid,0.1,0,s035,4,31.75,16.195652173913043,20.0,56.00000000000001,56,43,40,3,6,0,0.8,11.87109375,0,0,0,0,0,3039,256,16,0,0,10.6875,2,
window_noisy,window,none,fidelity,True,True,16,iid,0.1,0,s035,5,27.750000000000004,4.67391304347826,12.0,54.0,56,47,44,3,6,0,0.88,11.9453125,0,0,0,0,0,3058,256,16,0,0,8.75,2,
window_noisy,window,none,fidelity,True,True,16,iid,0.1,0,s035,6,13.25,3.58695652173913,10.0,41.0,56,48,45,3,6,0,0.9,12.73828125,0,0,0,0,0,3261,256,16,0,0,9.5625,0,
window_noisy,window,none,fidelity,True,True,16,iid,0.1,0,s035,7,21.5,10.597826086956523,8.0,46.5,56,52,46,6,6,0,0.92,12.72265625,0,0,0,0,0,3257,256,16,0,0,8.1875,3,
window_noisy,window,none,fidelity,True,True,16,iid,0.1,0,s035,8,25.75,16.032608695652172,12.0,53.5,56,48,44,4,6,0,0.88,13.0078125,0,0,0,0,0,3330,256,16,0,0,8.125,1,90.0
window_noisy,window,none,fidelity,True,True,16,iid,0.1,1,s035,2,28.25,13.858695652173914,6.0,61.0,56,52,47,5,6,0,0.94,14.05859375,0,0,0,0,0,3599,256,16,0,0,8.6875,1,
window_noisy,window,none,fidelity,True,True,16,iid,0.1,1,s035,3,24.5,7.01086956521739,6.0,60.5,56,52,47,5,6,0,0.94,12.98046875,0,0,0,0,0,3323,256,16,0,0,8.3125,3,
window_noisy,window,none,fidelity,True,True,16,iid,0.1,1,s035,4,22.75,7.01086956521739,12.0,59.0,56,49,44,5,6,0,0.88,12.3984375,0,0,0,0,0,3174,256,16,0,0,8.0,2,
window_noisy,window,none,fidelity,True,True,16,iid,0.1,1,s035,5,33.5,9.347826086956523,8.0,68.0,56,51,46,5,6,0,0.92,12.61328125,0,0,0,0,0,3229,256,16,0,0,8.1875,2,
window_noisy,window,none,fidelity,True,True,16,iid,0.1,1,s035,6,13.5,0.0,6.0,40.0,56,47,47,0,6,0,0.94,12.578125,0,0,0,0,0,3220,256,16,0,0,9.75,0,
window_noisy,window,none,fidelity,True,True,16,iid,0.1,1,s035,7,19.75,8.260869565217389,4.0,57.99999999999999,56,51,48,3,6,0,0.96,12.79296875,0,0,0,0,0,3275,256,16,0,0,7.625,0,
window_noisy,window,none,fidelity,True,True,16,iid,0.1,1,s035,8,22.0,9.347826086956523,12.0,62.5,56,47,44,3,6,0,0.88,13.1640625,0,0,0,0,0,3370,256,16,0,0,9.75,2,98.0
window_noisy,window,none,fidelity,True,True,16,iid,0.1,2,s035,2,24.0,5.760869565217389,6.0,62.5,56,50,47,3,6,0,0.94,13.9140625,0,0,0,0,0,3562,256,16,0,0,9.0625,1,
window_noisy,window,none,fidelity,True,True,16,iid,0.1,2,s035,3,19.75,9.347826086956523,8.0,50.0,56,47,46,1,6,0,0.92,12.59765625,0,0,0,0,0,3225,256,16,0,0,9.75,0,
window_noisy,window,none,fidelity,True,True,16,iid,0.1,2,s035,4,23.25,8.097826086956525,14.000000000000002,62.5,56,45,43,2,6,0,0.86,12.3984375,0,0,0,0,0,3174,256,16,0,0,10.125,0,
window_noisy,window,none,fidelity,True,True,16,iid,0.1,2,s035,5,31.25,7.01086956521739,12.0,65.5,56,49,44,5,6,0,0.88,12.328125,0,0,0,0,0,3156,256,16,0,0,7.9375,1,
window_noisy,window,none,fidelity,True,True,16,iid,0.1,2,s035,6,12.5,2.33695652173913,6.0,53.0,56,51,47,4,6,0,0.94,12.90234375,0,0,0,0,0,3303,256,16,0,0,8.875,0,
window_noisy,window,none,fidelity,True,True,16,iid,0.1,2,s035,7,13.25,3.423913043478259,6.0,54.50000000000001,56,49,47,2,6,0,0.94,12.90625,0,0,0,0,0,3304,256,16,0,0,8.3125,1,
window_noisy,window,none,fidelity,True,True,16,iid,0.1,2,s035,8,25.75,12.608695652173912,10.0,53.0,56,48,45,3,6,0,0.9,13.265625,0,0,0,0,0,3396,256,16,0,0,8.1875,1,74.0
aeqkad_noisy,window,full,fidelity,True,True,16,iid,0.1,0,s035,2,27.500000000000004,10.434782608695654,6.0,53.5,56,41,39,2,6,0,0.78,13.27734375,49,7,12,0,1,3399,256,16,0,0,12.5625,2,
aeqkad_noisy,window,full,fidelity,True,True,16,iid,0.1,0,s035,3,28.25,12.771739130434783,26.0,37.5,56,34,34,0,6,0,0.68,10.77734375,38,4,11,0,0,2759,256,16,0,0,11.1875,0,
aeqkad_noisy,window,full,fidelity,True,True,16,iid,0.1,0,s035,4,29.75,15.108695652173914,24.0,53.5,56,38,36,2,6,0,0.72,11.20703125,41,3,19,0,0,2869,256,16,0,0,11.8125,1,
aeqkad_noisy,window,full,fidelity,True,True,16,iid,0.1,0,s035,5,26.0,4.67391304347826,16.0,48.5,56,39,38,1,6,0,0.76,10.8984375,45,5,18,0,1,2790,256,16,0,0,12.5,1,
aeqkad_noisy,window,full,fidelity,True,True,16,iid,0.1,0,s035,6,12.0,1.25,10.0,27.500000000000004,56,44,43,1,6,0,0.86,11.69921875,47,2,15,0,1,2995,256,16,0,0,9.5625,0,
aeqkad_noisy,window,full,fidelity,True,True,16,iid,0.1,0,s035,7,16.250000000000004,4.67391304347826,8.0,26.0,56,41,40,1,6,0,0.8,11.38671875,49,5,14,0,3,2915,256,16,0,0,9.25,1,
aeqkad_noisy,window,full,fidelity,True,True,16,iid,0.1,0,s035,8,26.0,10.597826086956523,18.0,45.5,56,40,37,3,6,0,0.74,12.26953125,45,4,19,0,1,3141,256,16,0,0,8.9375,0,84.0
aeqkad_noisy,window,full,fidelity,True,True,16,iid,0.1,1,s035,2,30.500000000000004,6.08695652173913,6.0,57.49999999999999,56,37,34,3,6,0,0.68,13.6484375,52,13,2,0,2,3494,256,16,0,0,11.75,1,
aeqkad_noisy,window,full,fidelity,True,True,16,iid,0.1,1,s035,3,29.500000000000004,11.684782608695654,22.0,51.0,56,34,34,0,6,0,0.68,10.3125,43,9,2,0,0,2640,256,16,0,0,10.375,0,
aeqkad_noisy,window,full,fidelity,True,True,16,iid,0.1,1,s035,4,26.25,14.021739130434783,16.0,53.5,56,41,37,4,6,0,0.74,10.89453125,47,5,7,0,1,2789,256,16,0,0,11.75,1,
aeqkad_noisy,window,full,fidelity,True,True,16,iid,0.1,1,s035,5,28.500000000000004,11.521739130434783,14.000000000000002,58.5,56,41,38,3,6,0,0.76,10.84765625,48,5,11,0,2,2777,256,16,0,0,11.125,2,
aeqkad_noisy,window,full,fidelity,True,True,16,iid,0.1,1,s035,6,10.0,0.0,6.0,33.0,56,43,43,0,6,0,0.86,11.57421875,47,4,3,0,0,2963,256,16,0,0,10.5,0,
aeqkad_noisy,window,full,fidelity,True,True,16,iid,0.1,1,s035,7,12.0,2.33695652173913,6.0,33.5,56,40,40,0,6,0,0.8,11.1640625,48,5,3,0,3,2858,256,16,0,0,9.125,0,
aeqkad_noisy,window,full,fidelity,True,True,16,iid,0.1,1,s035,8,22.75,10.434782608695654,16.0,54.0,56,38,36,2,6,0,0.72,11.96875,45,5,4,0,2,3064,256,16,0,0,9.8125,1,98.0
aeqkad_noisy,window,full,fidelity,True,True,16,iid,0.1,2,s035,2,25.5,8.097826086956525,12.0,51.5,56,34,33,1,6,0,0.66,13.16796875,48,13,0,0,1,3371,256,16,0,0,13.375,1,
aeqkad_noisy,window,full,fidelity,True,True,16,iid,0.1,2,s035,3,32.0,16.195652173913043,24.0,48.5,56,31,31,0,6,0,0.62,10.77734375,40,8,0,0,1,2759,256,16,0,0,10.875,0,
aeqkad_noisy,window,full,fidelity,True,True,16,iid,0.1,2,s035,4,27.500000000000004,10.434782608695654,20.0,51.5,56,37,36,1,6,0,0.72,10.62109375,42,5,0,0,0,2719,256,16,0,0,11.125,0,
aeqkad_noisy,window,full,fidelity,True,True,16,iid,0.1,2,s035,5,30.75,5.923913043478259,18.0,54.0,56,36,35,1,6,0,0.7,10.03125,46,9,0,0,1,2568,256,16,0,0,13.125,1,
aeqkad_noisy,window,full,fidelity,True,True,16,iid,0.1,2,s035,6,9.25,5.760869565217389,8.0,32.0,56,42,42,0,6,0,0.84,11.5546875,47,5,0,0,0,2958,256,16,0,0,9.625,0,
aeqkad_noisy,window,full,fidelity,True,True,16,iid,0.1,2,s035,7,13.750000000000002,4.67391304347826,8.0,35.5,56,39,39,0,6,0,0.78,10.97265625,48,7,0,0,2,2809,256,16,0,0,10.5625,0,
aeqkad_noisy,window,full,fidelity,True,True,16,iid,0.1,2,s035,8,18.25,3.58695652173913,18.0,42.0,56,36,36,0,6,0,0.72,11.80078125,42,4,0,0,2,3021,256,16,0,0,9.3125,0,70.0
mm_noisy,mm,full,fidelity,True,True,16,iid,0.1,0,s035,2,27.0,14.021739130434783,6.0,60.5,56,41,39,2,6,0,0.78,16.0,50,7,21,0,2,4096,256,16,1,16,91.0625,0,
mm_noisy,mm,full,fidelity,True,True,16,iid,0.1,0,s035,3,15.000000000000002,1.0869565217391297,4.0,43.5,56,36,36,0,6,0,0.72,14.265625,50,5,33,0,9,3652,256,16,1,3,41.5,0,
mm_noisy,mm,full,fidelity,True,True,16,iid,0.1,0,s035,4,26.0,12.771739130434783,6.0,59.5,56,41,38,3,6,0,0.76,15.43359375,51,9,24,0,1,3951,256,16,1,1,59.25,1,
mm_noisy,mm,full,fidelity,True,True,16,iid,0.1,0,s035,5,27.750000000000004,11.684782608695654,10.0,69.0,56,42,41,1,6,0,0.82,15.70703125,48,2,29,0,4,4021,256,16,1,1,68.875,2,
mm_noisy,mm,full,fidelity,True,True,16,iid,0.1,0,s035,6,17.250000000000004,9.347826086956523,4.0,64.0,56,47,45,2,6,0,0.9,15.5546875,53,5,33,0,1,3982,256,16,1,1,52.5,2,
mm_noisy,mm,full,fidelity,True,True,16,iid,0.1,0,s035,7,17.750000000000004,5.760869565217389,2.0,56.49999999999999,56,41,40,1,6,0,0.8,15.79296875,55,6,32,0,8,4043,256,16,1,1,68.875,1,
mm_noisy,mm,full,fidelity,True,True,16,iid,0.1,0,s035,8,22.0,12.608695652173912,8.0,61.0,56,42,39,3,6,0,0.78,15.8046875,50,5,26,0,3,4046,256,16,1,1,71.625,0,96.0
mm_noisy,mm,full,fidelity,True,True,16,iid,0.1,1,s035,2,27.750000000000004,12.771739130434783,0.0,81.0,56,40,37,3,6,0,0.74,16.0,55,14,4,0,1,4096,256,16,1,16,89.75,0,
mm_noisy,mm,full,fidelity,True,True,16,iid,0.1,1,s035,3,14.250000000000002,3.58695652173913,2.0,64.0,56,38,38,0,6,0,0.76,14.75390625,54,9,19,0,7,3777,256,16,1,3,38.375,0,
mm_noisy,mm,full,fidelity,True,True,16,iid,0.1,1,s035,4,25.75,15.108695652173914,4.0,63.5,56,41,37,4,6,0,0.74,14.82421875,53,7,19,0,5,3795,256,16,1,1,56.1875,3,
mm_noisy,mm,full,fidelity,True,True,16,iid,0.1,1,s035,5,25.25,8.097826086956525,8.0,74.0,56,45,42,3,6,0,0.84,15.17578125,52,4,28,0,3,3885,256,16,1,1,65.8125,4,
mm_noisy,mm,full,fidelity,True,True,16,iid,0.1,1,s035,6,17.750000000000004,13.858695652173914,0.0,67.0,56,45,45,0,6,0,0.9,15.36328125,54,8,21,0,1,3933,256,16,1,1,55.75,1,
mm_noisy,mm,full,fidelity,True,True,16,iid,0.1,1,s035,7,18.250000000000004,4.67391304347826,2.0,66.0,56,40,40,0,6,0,0.8,15.85546875,51,5,21,0,6,4059,256,16,1,1,64.625,0,
mm_noisy,mm,full,fidelity,True,True,16,iid,0.1,1,s035,8,22.25,5.923913043478259,8.0,71.0,56,40,38,2,6,0,0.76,15.87890625,50,5,15,0,5,4065,256,16,1,1,60.6875,2,98.0
mm_noisy,mm,full,fidelity,True,True,16,iid,0.1,2,s035,2,25.0,15.108695652173914,4.0,73.0,56,33,33,0,6,0,0.66,16.0,53,19,0,0,1,4096,256,16,1,16,89.875,0,
mm_noisy,mm,full,fidelity,True,True,16,iid,0.1,2,s035,3,18.000000000000004,1.0869565217391297,4.0,66.0,56,35,35,0,6,0,0.7,15.3828125,50,6,0,0,9,3938,256,16,1,6,56.6875,0,
mm_noisy,mm,full,fidelity,True,True,16,iid,0.1,2,s035,4,22.75,7.01086956521739,12.0,57.49999999999999,56,38,37,1,6,0,0.74,14.796875,46,7,0,0,1,3788,256,16,1,1,48.75,1,
mm_noisy,mm,full,fidelity,True,True,16,iid,0.1,2,s035,5,22.25,7.01086956521739,10.0,63.5,56,40,40,0,6,0,0.8,15.0234375,49,6,0,0,3,3846,256,16,1,1,66.6875,1,
mm_noisy,mm,full,fidelity,True,True,16,iid,0.1,2,s035,6,15.000000000000002,2.33695652173913,4.0,64.5,56,45,45,0,6,0,0.9,15.60546875,51,6,0,0,0,3995,256,16,1,1,48.8125,0,
mm_noisy,mm,full,fidelity,True,True,16,iid,0.1,2,s035,7,13.5,1.25,2.0,65.5,56,41,40,1,6,0,0.8,15.66796875,53,6,0,0,6,4011,256,16,1,1,66.6875,1,
mm_noisy,mm,full,fidelity,True,True,16,iid,0.1,2,s035,8,21.5,12.771739130434783,8.0,63.5,56,38,37,1,6,0,0.74,15.078125,52,11,0,0,3,3860,256,16,1,1,54.5625,2,84.0
static_noisy,static,none,fidelity,True,True,16,iid,0.1,0,s036,2,2.250000000000001,0.0,0.0,75.0,56,0,0,0,6,0,0.0,38.0,0,0,0,0,0,9728,256,50,0,50,81.5,0,
static_noisy,static,none,fidelity,True,True,16,iid,0.1,0,s036,3,1.2500000000000009,0.0,0.0,73.0,56,0,0,0,6,0,0.0,38.0,0,0,0,0,0,9728,256,50,0,50,137.5,0,
static_noisy,static,none,fidelity,True,True,16,iid,0.1,0,s036,4,0.0,0.0,0.0,72.5,56,0,0,0,6,0,0.0,38.0,0,0,0,0,0,9728,256,50,0,50,193.5,0,
static_noisy,static,none,fidelity,True,True,16,iid,0.1,0,s036,5,0.0,0.0,0.0,76.0,56,0,0,0,6,0,0.0,38.0,0,0,0,0,0,9728,256,50,0,50,249.5,0,
static_noisy,static,none,fidelity,True,True,16,iid,0.1,0,s036,6,1.5000000000000009,0.0,0.0,76.0,56,0,0,0,6,0,0.0,38.0,0,0,0,0,0,9728,256,50,0,50,305.5,0,
static_noisy,static,none,fidelity,True,True,16,iid,0.1,0,s036,7,0.0,0.0,0.0,78.5,56,0,0,0,6,0,0.0,38.0,0,0,0,0,0,9728,256,50,0,50,361.5,0,
static_noisy,static,none,fidelity,True,True,16,iid,0.1,0,s036,8,3.2500000000000013,0.0,0.0,72.0,56,0,0,0,6,0,0.0,38.0,0,0,0,0,0,9728,256,50,0,50,417.5,0,74.0
static_noisy,static,none,fidelity,True,True,16,iid,0.1,1,s036,2,2.250000000000001,1.25,0.0,86.5,56,0,0,0,6,0,0.0,39.0,0,0,0,0,0,9984,256,50,0,50,81.5,0,
static_noisy,static,none,fidelity,True,True,16,iid,0.1,1,s036,3,1.2500000000000009,0.0,0.0,86.5,56,0,0,0,6,0,0.0,39.0,0,0,0,0,0,9984,256,50,0,50,137.5,0,
static_noisy,static,none,fidelity,True,True,16,iid,0.1,1,s036,4,0.0,0.0,0.0,85.0,56,0,0,0,6,0,0.0,39.0,0,0,0,0,0,9984,256,50,0,50,193.5,0,
static_noisy,static,none,fidelity,True,True,16,iid,0.1,1,s036,5,0.0,0.0,0.0,88.5,56,0,0,0,6,0,0.0,39.0,0,0,0,0,0,9984,256,50,0,50,249.5,0,
static_noisy,static,none,fidelity,True,True,16,iid,0.1,1,s036,6,1.0000000000000009,0.0,0.0,88.0,56,0,0,0,6,0,0.0,39.0,0,0,0,0,0,9984,256,50,0,50,305.5,0,
static_noisy,static,none,fidelity,True,True,16,iid,0.1,1,s036,7,0.0,0.0,0.0,87.5,56,0,0,0,6,0,0.0,39.0,0,0,0,0,0,9984,256,50,0,50,361.5,0,
static_noisy,static,none,fidelity,True,True,16,iid,0.1,1,s036,8,3.2500000000000013,0.0,0.0,86.0,56,0,0,0,6,0,0.0,39.0,0,0,0,0,0,9984,256,50,0,50,417.5,0,88.0
static_noisy,static,none,fidelity,True,True,16,iid,0.1,2,s036,2,2.000000000000001,0.0,0.0,61.0,56,0,0,0,6,0,0.0,38.0,0,0,0,0,0,9728,256,50,0,50,81.5,0,
static_noisy,static,none,fidelity,True,True,16,iid,0.1,2,s036,3,2.250000000000001,0.0,0.0,56.49999999999999,56,0,0,0,6,0,0.0,38.0,0,0,0,0,0,9728,256,50,0,50,137.5,0,
static_noisy,static,none,fidelity,True,True,16,iid,0.1,2,s036,4,0.0,0.0,0.0,57.49999999999999,56,0,0,0,6,0,0.0,38.0,0,0,0,0,0,9728,256,50,0,50,193.5,0,
static_noisy,static,none,fidelity,True,True,16,iid,0.1,2,s036,5,0.0,0.0,0.0,57.49999999999999,56,0,0,0,6,0,0.0,38.0,0,0,0,0,0,9728,256,50,0,50,249.5,0,
static_noisy,static,none,fidelity,True,True,16,iid,0.1,2,s036,6,1.7500000000000009,0.0,0.0,66.0,56,0,0,0,6,0,0.0,38.0,0,0,0,0,0,9728,256,50,0,50,305.5,0,
static_noisy,static,none,fidelity,True,True,16,iid,0.1,2,s036,7,0.0,0.0,0.0,59.5,56,0,0,0,6,0,0.0,38.0,0,0,0,0,0,9728,256,50,0,50,361.5,0,
static_noisy,static,none,fidelity,True,True,16,iid,0.1,2,s036,8,2.250000000000001,0.0,0.0,52.0,56,0,0,0,6,0,0.0,38.0,0,0,0,0,0,9728,256,50,0,50,417.5,0,64.0
window_noisy,window,none,fidelity,True,True,16,iid,0.1,0,s036,2,2.500000000000001,0.0,0.0,15.0,56,51,50,1,6,0,1.0,10.5390625,0,0,0,0,0,2698,256,16,0,0,7.5,0,
window_noisy,window,none,fidelity,True,True,16,iid,0.1,0,s036,3,6.750000000000004,0.0,6.0,6.5,56,48,47,1,6,0,0.94,10.40234375,0,0,0,0,0,2663,256,16,0,0,9.4375,0,
window_noisy,window,none,fidelity,True,True,16,iid,0.1,0,s036,4,2.250000000000001,0.0,0.0,9.0,56,52,50,2,6,0,1.0,9.65625,0,0,0,0,0,2472,256,16,0,0,7.5,0,
window_noisy,window,none,fidelity,True,True,16,iid,0.1,0,s036,5,1.7500000000000009,0.0,0.0,13.5,56,55,50,5,6,0,1.0,9.4921875,0,0,0,0,0,2430,256,16,0,0,7.5,4,
window_noisy,window,none,fidelity,True,True,16,iid,0.1,0,s036,6,2.500000000000001,0.0,0.0,13.0,56,51,50,1,6,0,1.0,8.50390625,0,0,0,0,0,2177,256,16,0,0,9.1875,0,
window_noisy,window,none,fidelity,True,True,16,iid,0.1,0,s036,7,0.0,0.0,0.0,2.0,56,50,50,0,6,0,1.0,7.2265625,0,0,0,0,0,1850,256,16,0,0,9.0,0,
window_noisy,window,none,fidelity,True,True,16,iid,0.1,0,s036,8,2.250000000000001,0.0,0.0,6.0,56,51,50,1,6,0,1.0,11.51953125,0,0,0,0,0,2949,256,16,0,0,8.625,0,0.0
window_noisy,window,none,fidelity,True,True,16,iid,0.1,1,s036,2,4.750000000000002,0.0,2.0,17.5,56,52,49,3,6,0,0.98,10.5625,0,0,0,0,0,2704,256,16,0,0,8.4375,0,
window_noisy,window,none,fidelity,True,True,16,iid,0.1,1,s036,3,6.250000000000003,0.0,6.0,4.0,56,47,47,0,6,0,0.94,9.6953125,0,0,0,0,0,2482,256,16,0,0,11.0625,0,
window_noisy,window,none,fidelity,True,True,16,iid,0.1,1,s036,4,0.0,0.0,0.0,1.5,56,50,50,0,6,0,1.0,9.0703125,0,0,0,0,0,2322,256,16,0,0,8.0,0,
window_noisy,window,none,fidelity,True,True,16,iid,0.1,1,s036,5,0.0,0.0,0.0,2.5,56,50,50,0,6,0,1.0,9.25390625,0,0,0,0,0,2369,256,16,0,0,7.5,0,
window_noisy,window,none,fidelity,True,True,16,iid,0.1,1,s036,6,0.0,0.0,0.0,1.0,56,50,50,0,6,0,1.0,7.92578125,0,0,0,0,0,2029,256,16,0,0,7.5,0,
window_noisy,window,none,fidelity,True,True,16,iid,0.1,1,s036,7,0.0,0.0,0.0,2.0,56,50,50,0,6,0,1.0,7.62109375,0,0,0,0,0,1951,256,16,0,0,8.5625,0,
window_noisy,window,none,fidelity,True,True,16,iid,0.1,1,s036,8,6.250000000000003,3.423913043478259,0.0,14.000000000000002,56,51,50,1,6,0,1.0,11.68359375,0,0,0,0,0,2991,256,16,0,0,7.5,0,0.0
window_noisy,window,none,fidelity,True,True,16,iid,0.1,2,s036,2,1.7500000000000009,0.0,0.0,18.5,56,52,50,2,6,0,1.0,10.59375,0,0,0,0,0,2712,256,16,0,0,9.375,0,
window_noisy,window,none,fidelity,True,True,16,iid,0.1,2,s036,3,5.750000000000003,0.0,6.0,5.0,56,47,47,0,6,0,0.94,9.55078125,0,0,0,0,0,2445,256,16,0,0,10.5,0,
window_noisy,window,none,fidelity,True,True,16,iid,0.1,2,s036,4,0.0,0.0,0.0,2.0,56,50,50,0,6,0,1.0,9.171875,0,0,0,0,0,2348,256,16,0,0,8.8125,0,
window_noisy,window,none,fidelity,True,True,16,iid,0.1,2,s036,5,0.0,0.0,0.0,5.0,56,50,50,0,6,0,1.0,9.2421875,0,0,0,0,0,2366,256,16,0,0,9.0625,0,
window_noisy,window,none,fidelity,True,True,16,iid,0.1,2,s036,6,1.7500000000000009,0.0,0.0,5.0,56,50,50,0,6,0,1.0,7.94140625,0,0,0,0,0,2033,256,16,0,0,9.3125,0,
window_noisy,window,none,fidelity,True,True,16,iid,0.1,2,s036,7,0.5,0.0,0.0,4.0,56,50,50,0,6,0,1.0,7.79296875,0,0,0,0,0,1995,256,16,0,0,9.0625,0,
window_noisy,window,none,fidelity,True,True,16,iid,0.1,2,s036,8,1.2500000000000009,0.0,0.0,7.000000000000001,56,50,50,0,6,0,1.0,11.5546875,0,0,0,0,0,2958,256,16,0,0,7.5,0,76.0
aeqkad_noisy,window,full,fidelity,True,True,16,iid,0.1,0,s036,2,2.000000000000001,0.0,0.0,16.5,56,47,47,0,6,0,0.94,10.15234375,50,2,0,0,1,2599,256,16,0,0,7.5625,0,
aeqkad_noisy,window,full,fidelity,True,True,16,iid,0.1,0,s036,3,6.000000000000003,0.0,6.0,5.0,56,44,44,0,6,0,0.88,9.25390625,48,3,0,0,1,2369,256,16,0,0,9.8125,0,
aeqkad_noisy,window,full,fidelity,True,True,16,iid,0.1,0,s036,4,0.0,0.0,0.0,3.0,56,47,47,0,6,0,0.94,8.87109375,52,3,0,0,2,2271,256,16,0,0,7.8125,0,
aeqkad_noisy,window,full,fidelity,True,True,16,iid,0.1,0,s036,5,0.0,0.0,0.0,2.0,56,49,49,0,6,0,0.98,9.05859375,51,2,0,0,0,2319,256,16,0,0,10.5,0,
aeqkad_noisy,window,full,fidelity,True,True,16,iid,0.1,0,s036,6,1.7500000000000009,0.0,0.0,7.000000000000001,56,48,48,0,6,0,0.96,7.84375,50,0,0,0,2,2008,256,16,0,0,9.875,0,
aeqkad_noisy,window,full,fidelity,True,True,16,iid,0.1,0,s036,7,0.0,0.0,0.0,2.0,56,46,46,0,6,0,0.92,6.43359375,50,0,0,0,4,1647,256,16,0,0,9.0625,0,
aeqkad_noisy,window,full,fidelity,True,True,16,iid,0.1,0,s036,8,2.000000000000001,0.0,2.0,4.0,56,37,37,0,6,0,0.74,9.671875,49,7,0,0,5,2476,256,16,0,0,8.625,0,0.0
aeqkad_noisy,window,full,fidelity,True,True,16,iid,0.1,1,s036,2,2.500000000000001,0.0,0.0,9.5,56,47,47,0,6,0,0.94,10.25,52,4,13,0,1,2624,256,16,0,0,8.5,0,
aeqkad_noisy,window,full,fidelity,True,True,16,iid,0.1,1,s036,3,5.750000000000003,0.0,6.0,4.0,56,44,44,0,6,0,0.88,9.08984375,47,1,5,0,2,2327,256,16,0,0,11.4375,0,
aeqkad_noisy,window,full,fidelity,True,True,16,iid,0.1,1,s036,4,0.0,0.0,0.0,1.0,56,47,47,0,6,0,0.94,8.74609375,50,1,11,0,2,2239,256,16,0,0,8.3125,0,
aeqkad_noisy,window,full,fidelity,True,True,16,iid,0.1,1,s036,5,0.0,0.0,0.0,2.0,56,50,50,0,6,0,1.0,8.91796875,50,0,6,0,0,2283,256,16,0,0,7.5,0,
aeqkad_noisy,window,full,fidelity,True,True,16,iid,0.1,1,s036,6,0.0,0.0,0.0,1.5,56,48,48,0,6,0,0.96,7.8984375,50,0,10,0,2,2022,256,16,0,0,8.1875,0,
aeqkad_noisy,window,full,fidelity,True,True,16,iid,0.1,1,s036,7,0.0,0.0,0.0,2.0,56,46,46,0,6,0,0.92,7.39453125,50,0,3,0,4,1893,256,16,0,0,8.625,0,
aeqkad_noisy,window,full,fidelity,True,True,16,iid,0.1,1,s036,8,4.750000000000002,4.67391304347826,4.0,7.000000000000001,56,37,37,0,6,0,0.74,10.40234375,49,6,7,0,6,2663,256,16,0,0,7.5,0,0.0
aeqkad_noisy,window,full,fidelity,True,True,16,iid,0.1,2,s036,2,1.7500000000000009,0.0,0.0,12.5,56,47,46,1,6,0,0.92,10.1484375,53,5,0,0,1,2598,256,16,0,0,9.4375,0,
aeqkad_noisy,window,full,fidelity,True,True,16,iid,0.1,2,s036,3,6.750000000000004,0.0,6.0,5.0,56,44,44,0,6,0,0.88,9.00390625,47,1,0,0,2,2305,256,16,0,0,10.8125,0,
aeqkad_noisy,window,full,fidelity,True,True,16,iid,0.1,2,s036,4,0.0,0.0,0.0,2.5,56,46,46,0,6,0,0.92,8.80078125,50,0,0,0,4,2253,256,16,0,0,9.8125,0,
aeqkad_noisy,window,full,fidelity,True,True,16,iid,0.1,2,s036,5,0.0,0.0,0.0,3.5000000000000004,56,49,49,0,6,0,0.98,8.8671875,50,1,0,0,0,2270,256,16,0,0,9.5,0,
aeqkad_noisy,window,full,fidelity,True,True,16,iid,0.1,2,s036,6,0.75,0.0,0.0,4.5,56,46,46,0,6,0,0.92,7.95703125,50,0,0,0,4,2037,256,16,0,0,10.0,0,
aeqkad_noisy,window,full,fidelity,True,True,16,iid,0.1,2,s036,7,0.0,0.0,0.0,1.5,56,46,46,0,6,0,0.92,6.88671875,50,0,0,0,4,1763,256,16,0,0,9.125,0,
aeqkad_noisy,window,full,fidelity,True,True,16,iid,0.1,2,s036,8,4.000000000000002,1.25,4.0,3.0,56,34,34,0,6,0,0.68,10.07421875,48,8,0,0,6,2579,256,16,0,0,7.5,0,76.0
mm_noisy,mm,full,fidelity,True,True,16,iid,0.1,0,s036,2,5.250000000000003,2.33695652173913,0.0,72.0,56,40,40,0,6,0,0.8,16.0,54,14,0,0,0,4096,256,16,1,16,81.375,0,
mm_noisy,mm,full,fidelity,True,True,16,iid,0.1,0,s036,3,2.5000000000000018,0.0,0.0,38.5,56,44,44,0,6,0,0.88,15.21484375,53,6,0,0,3,3895,256,16,1,2,27.125,0,
mm_noisy,mm,full,fidelity,True,True,16,iid,0.1,0,s036,4,0.25,0.0,0.0,7.000000000000001,56,47,47,0,6,0,0.94,12.61328125,52,2,0,0,3,3229,256,16,1,1,52.0625,0,
mm_noisy,mm,full,fidelity,True,True,16,iid,0.1,0,s036,5,0.0,0.0,0.0,6.0,56,50,50,0,6,0,1.0,13.671875,51,1,0,0,0,3500,256,16,1,1,51.4375,0,
mm_noisy,mm,full,fidelity,True,True,16,iid,0.1,0,s036,6,2.250000000000001,0.0,0.0,13.5,56,48,48,0,6,0,0.96,12.8359375,51,1,0,0,2,3286,256,16,1,1,56.0625,0,
mm_noisy,mm,full,fidelity,True,True,16,iid,0.1,0,s036,7,0.25,0.0,0.0,9.0,56,46,46,0,6,0,0.92,12.4296875,51,1,0,0,4,3182,256,16,1,1,55.5,0,
mm_noisy,mm,full,fidelity,True,True,16,iid,0.1,0,s036,8,3.000000000000001,0.0,2.0,7.5,56,37,37,0,6,0,0.74,13.59375,50,6,0,0,7,3480,256,16,1,1,58.875,0,2.0
mm_noisy,mm,full,fidelity,True,True,16,iid,0.1,1,s036,2,4.500000000000002,1.25,0.0,47.0,56,38,38,0,6,0,0.76,16.0,54,15,5,0,1,4096,256,16,1,16,81.25,0,
mm_noisy,mm,full,fidelity,True,True,16,iid,0.1,1,s036,3,2.7500000000000018,0.0,2.0,18.0,56,44,44,0,6,0,0.88,14.84375,49,2,15,0,3,3800,256,16,1,3,35.1875,0,
mm_noisy,mm,full,fidelity,True,True,16,iid,0.1,1,s036,4,0.25,0.0,0.0,2.0,56,47,47,0,6,0,0.94,12.9140625,50,0,5,0,3,3306,256,16,1,1,55.0625,0,
mm_noisy,mm,full,fidelity,True,True,16,iid,0.1,1,s036,5,0.0,0.0,0.0,4.0,56,50,50,0,6,0,1.0,13.5546875,50,0,2,0,0,3470,256,16,1,1,37.1875,0,
mm_noisy,mm,full,fidelity,True,True,16,iid,0.1,1,s036,6,0.0,0.0,0.0,2.5,56,47,47,0,6,0,0.94,11.89453125,50,1,32,0,2,3045,256,16,1,1,66.0625,0,
mm_noisy,mm,full,fidelity,True,True,16,iid,0.1,1,s036,7,0.5,0.0,0.0,5.5,56,46,46,0,6,0,0.92,10.8515625,50,0,39,0,4,2778,256,16,1,1,49.8125,0,
mm_noisy,mm,full,fidelity,True,True,16,iid,0.1,1,s036,8,4.500000000000002,1.25,4.0,6.5,56,37,37,0,6,0,0.74,12.22265625,48,3,8,0,8,3129,256,16,1,1,57.5,0,0.0
mm_noisy,mm,full,fidelity,True,True,16,iid,0.1,2,s036,2,2.500000000000001,0.0,0.0,72.5,56,44,43,1,6,0,0.86,16.0,53,9,0,0,0,4096,256,16,1,15,77.9375,0,
mm_noisy,mm,full,fidelity,True,True,16,iid,0.1,2,s036,3,4.250000000000002,0.0,0.0,28.000000000000004,56,44,44,0,6,0,0.88,14.578125,50,4,0,0,2,3732,256,16,1,1,27.1875,0,
mm_noisy,mm,full,fidelity,True,True,16,iid,0.1,2,s036,4,0.0,0.0,0.0,5.5,56,46,46,0,6,0,0.92,12.82421875,50,1,0,0,3,3283,256,16,1,1,59.4375,0,
mm_noisy,mm,full,fidelity,True,True,16,iid,0.1,2,s036,5,0.0,0.0,0.0,6.5,56,50,50,0,6,0,1.0,14.11328125,53,3,0,0,0,3613,256,16,1,1,52.4375,0,
mm_noisy,mm,full,fidelity,True,True,16,iid,0.1,2,s036,6,2.000000000000001,0.0,0.0,11.5,56,46,46,0,6,0,0.92,13.6875,50,0,0,0,4,3504,256,16,1,1,58.5,0,
mm_noisy,mm,full,fidelity,True,True,16,iid,0.1,2,s036,7,0.0,0.0,0.0,12.0,56,46,46,0,6,0,0.92,11.9140625,50,0,0,0,4,3050,256,16,1,1,60.125,0,
mm_noisy,mm,full,fidelity,True,True,16,iid,0.1,2,s036,8,3.7500000000000018,2.33695652173913,4.0,7.5,56,34,34,0,6,0,0.68,12.26171875,48,5,0,0,9,3139,256,16,1,1,58.3125,0,90.0
static_noisy,static,none,fidelity,True,True,16,iid,0.1,0,s037,2,28.000000000000004,12.771739130434783,6.0,76.5,56,0,0,0,6,0,0.0,35.0,0,0,0,0,0,8960,256,50,0,50,81.5,0,
static_noisy,static,none,fidelity,True,True,16,iid,0.1,0,s037,3,22.25,18.695652173913043,2.0,77.5,56,0,0,0,6,0,0.0,35.0,0,0,0,0,0,8960,256,50,0,50,137.5,0,
static_noisy,static,none,fidelity,True,True,16,iid,0.1,0,s037,4,29.000000000000004,25.543478260869566,2.0,81.0,56,0,0,0,6,0,0.0,35.0,0,0,0,0,0,8960,256,50,0,50,193.5,0,
static_noisy,static,none,fidelity,True,True,16,iid,0.1,0,s037,5,40.0,40.65217391304348,10.0,77.5,56,0,0,0,6,0,0.0,35.0,0,0,0,0,0,8960,256,50,0,50,249.5,0,
static_noisy,static,none,fidelity,True,True,16,iid,0.1,0,s037,6,41.5,41.90217391304347,12.0,75.5,56,0,0,0,6,0,0.0,35.0,0,0,0,0,0,8960,256,50,0,50,305.5,0,
static_noisy,static,none,fidelity,True,True,16,iid,0.1,0,s037,7,44.99999999999999,47.5,24.0,77.0,56,0,0,0,6,0,0.0,35.0,0,0,0,0,0,8960,256,50,0,50,361.5,0,
static_noisy,static,none,fidelity,True,True,16,iid,0.1,0,s037,8,68.25,73.20652173913042,52.0,72.0,56,0,0,0,6,0,0.0,35.0,0,0,0,0,0,8960,256,50,0,50,417.5,0,68.0
static_noisy,static,none,fidelity,True,True,16,iid,0.1,1,s037,2,33.24999999999999,14.021739130434783,4.0,82.0,56,0,0,0,6,0,0.0,37.0,0,0,0,0,0,9472,256,50,0,50,81.5,0,
static_noisy,static,none,fidelity,True,True,16,iid,0.1,1,s037,3,24.25,17.445652173913043,2.0,80.5,56,0,0,0,6,0,0.0,37.0,0,0,0,0,0,9472,256,50,0,50,137.5,0,
static_noisy,static,none,fidelity,True,True,16,iid,0.1,1,s037,4,28.000000000000004,22.1195652173913,2.0,82.0,56,0,0,0,6,0,0.0,37.0,0,0,0,0,0,9472,256,50,0,50,193.5,0,
static_noisy,static,none,fidelity,True,True,16,iid,0.1,1,s037,5,44.25,40.65217391304348,10.0,82.5,56,0,0,0,6,0,0.0,37.0,0,0,0,0,0,9472,256,50,0,50,249.5,0,
static_noisy,static,none,fidelity,True,True,16,iid,0.1,1,s037,6,46.5,41.90217391304347,4.0,84.0,56,0,0,0,6,0,0.0,37.0,0,0,0,0,0,9472,256,50,0,50,305.5,0,
static_noisy,static,none,fidelity,True,True,16,iid,0.1,1,s037,7,42.99999999999999,39.56521739130434,18.0,82.0,56,0,0,0,6,0,0.0,37.0,0,0,0,0,0,9472,256,50,0,50,361.5,0,
static_noisy,static,none,fidelity,True,True,16,iid,0.1,1,s037,8,68.0,69.78260869565217,42.0,82.0,56,0,0,0,6,0,0.0,37.0,0,0,0,0,0,9472,256,50,0,50,417.5,0,98.0
static_noisy,static,none,fidelity,True,True,16,iid,0.1,2,s037,2,27.750000000000004,9.510869565217387,2.0,85.0,56,0,0,0,6,0,0.0,36.0,0,0,0,0,0,9216,256,50,0,50,81.5,0,
static_noisy,static,none,fidelity,True,True,16,iid,0.1,2,s037,3,26.25,14.945652173913045,2.0,82.0,56,0,0,0,6,0,0.0,36.0,0,0,0,0,0,9216,256,50,0,50,137.5,0,
static_noisy,static,none,fidelity,True,True,16,iid,0.1,2,s037,4,28.000000000000004,25.380434782608692,2.0,84.5,56,0,0,0,6,0,0.0,36.0,0,0,0,0,0,9216,256,50,0,50,193.5,0,
static_noisy,static,none,fidelity,True,True,16,iid,0.1,2,s037,5,39.25,37.22826086956522,4.0,84.0,56,0,0,0,6,0,0.0,36.0,0,0,0,0,0,9216,256,50,0,50,249.5,0,
static_noisy,static,none,fidelity,True,True,16,iid,0.1,2,s037,6,43.75,40.81521739130435,6.0,84.5,56,0,0,0,6,0,0.0,36.0,0,0,0,0,0,9216,256,50,0,50,305.5,0,
static_noisy,static,none,fidelity,True,True,16,iid,0.1,2,s037,7,43.99999999999999,33.80434782608695,12.0,82.5,56,0,0,0,6,0,0.0,36.0,0,0,0,0,0,9216,256,50,0,50,361.5,0,
static_noisy,static,none,fidelity,True,True,16,iid,0.1,2,s037,8,64.0,65.43478260869566,40.0,81.0,56,0,0,0,6,0,0.0,36.0,0,0,0,0,0,9216,256,50,0,50,417.5,0,86.0
window_noisy,window,none,fidelity,True,True,16,iid,0.1,0,s037,2,24.75,10.597826086956523,12.0,47.5,56,47,44,3,6,0,0.88,13.796875,0,0,0,0,0,3532,256,16,0,0,8.375,2,
window_noisy,window,none,fidelity,True,True,16,iid,0.1,0,s037,3,22.0,4.347826086956524,16.0,37.5,56,43,42,1,6,0,0.84,12.7890625,0,0,0,0,0,3274,256,16,0,0,12.375,0,
window_noisy,window,none,fidelity,True,True,16,iid,0.1,0,s037,4,18.75,4.67391304347826,6.0,46.0,56,48,47,1,6,0,0.94,12.15234375,0,0,0,0,0,3111,256,16,0,0,8.875,0,
window_noisy,window,none,fidelity,True,True,16,iid,0.1,0,s037,5,30.000000000000004,24.293478260869566,18.0,55.50000000000001,56,46,41,5,6,0,0.82,13.09765625,0,0,0,0,0,3353,256,16,0,0,9.875,0,
window_noisy,window,none,fidelity,True,True,16,iid,0.1,0,s037,6,28.25,9.347826086956523,12.0,52.5,56,46,44,2,6,0,0.88,11.50390625,0,0,0,0,0,2945,256,16,0,0,10.0625,1,
window_noisy,window,none,fidelity,True,True,16,iid,0.1,0,s037,7,30.25,24.456521739130437,10.0,72.5,56,49,45,4,6,0,0.9,13.65625,0,0,0,0,0,3496,256,16,0,0,10.75,1,
window_noisy,window,none,fidelity,True,True,16,iid,0.1,0,s037,8,21.0,6.847826086956524,10.0,49.0,56,47,45,2,6,0,0.9,11.37109375,0,0,0,0,0,2911,256,16,0,0,9.6875,1,84.0
window_noisy,window,none,fidelity,True,True,16,iid,0.1,1,s037,2,23.25,18.695652173913043,8.0,56.99999999999999,56,50,46,4,6,0,0.92,13.8984375,0,0,0,0,0,3558,256,16,0,0,8.5,3,
window_noisy,window,none,fidelity,True,True,16,iid,0.1,1,s037,3,23.25,8.097826086956525,12.0,48.0,56,46,44,2,6,0,0.88,13.109375,0,0,0,0,0,3356,256,16,0,0,10.9375,0,
window_noisy,window,none,fidelity,True,True,16,iid,0.1,1,s037,4,16.000000000000004,8.097826086956525,4.0,42.5,56,52,48,4,6,0,0.96,11.828125,0,0,0,0,0,3028,256,16,0,0,7.5,3,
window_noisy,window,none,fidelity,True,True,16,iid,0.1,1,s037,5,30.500000000000004,22.1195652173913,18.0,65.5,56,44,41,3,6,0,0.82,13.32421875,0,0,0,0,0,3411,256,16,0,0,10.0,0,
window_noisy,window,none,fidelity,True,True,16,iid,0.1,1,s037,6,27.0,8.097826086956525,12.0,58.5,56,47,44,3,6,0,0.88,11.34765625,0,0,0,0,0,2905,256,16,0,0,8.25,2,
window_noisy,window,none,fidelity,True,True,16,iid,0.1,1,s037,7,28.000000000000004,19.78260869565217,14.000000000000002,66.0,56,46,43,3,6,0,0.86,13.22265625,0,0,0,0,0,3385,256,16,0,0,10.6875,2,
window_noisy,window,none,fidelity,True,True,16,iid,0.1,1,s037,8,19.0,10.434782608695654,10.0,54.0,56,48,45,3,6,0,0.9,11.578125,0,0,0,0,0,2964,256,16,0,0,9.8125,1,20.0
window_noisy,window,none,fidelity,True,True,16,iid,0.1,2,s037,2,24.0,9.347826086956523,4.0,53.5,56,49,48,1,6,0,0.96,13.75390625,0,0,0,0,0,3521,256,16,0,0,10.625,0,
window_noisy,window,none,fidelity,True,True,16,iid,0.1,2,s037,3,23.75,8.097826086956525,14.000000000000002,46.5,56,45,43,2,6,0,0.86,13.0390625,0,0,0,0,0,3338,256,16,0,0,9.4375,0,
window_noisy,window,none,fidelity,True,True,16,iid,0.1,2,s037,4,19.5,8.097826086956525,4.0,51.5,56,52,48,4,6,0,0.96,12.61328125,0,0,0,0,0,3229,256,16,0,0,7.5,0,
window_noisy,window,none,fidelity,True,True,16,iid,0.1,2,s037,5,29.75,22.1195652173913,22.0,60.5,56,43,39,4,6,0,0.78,12.5078125,0,0,0,0,0,3202,256,16,0,0,9.0625,3,
window_noisy,window,none,fidelity,True,True,16,iid,0.1,2,s037,6,25.75,9.347826086956523,12.0,61.0,56,47,44,3,6,0,0.88,11.734375,0,0,0,0,0,3004,256,16,0,0,9.4375,2,
window_noisy,window,none,fidelity,True,True,16,iid,0.1,2,s037,7,30.75,20.869565217391305,10.0,72.0,56,49,45,4,6,0,0.9,13.40234375,0,0,0,0,0,3431,256,16,0,0,8.9375,2,
window_noisy,window,none,fidelity,True,True,16,iid,0.1,2,s037,8,24.5,6.847826086956524,10.0,57.99999999999999,56,48,45,3,6,0,0.9,11.75,0,0,0,0,0,3008,256,16,0,0,9.3125,2,100.0
aeqkad_noisy,window,full,fidelity,True,True,16,iid,0.1,0,s037,2,20.25,10.434782608695654,10.0,44.0,56,39,39,0,6,0,0.78,13.51953125,49,10,11,0,0,3461,256,16,0,0,10.9375,0,
aeqkad_noisy,window,full,fidelity,True,True,16,iid,0.1,0,s037,3,23.5,5.597826086956524,22.0,30.5,56,38,38,0,6,0,0.76,12.11328125,40,2,10,0,0,3101,256,16,0,0,13.625,0,
aeqkad_noisy,window,full,fidelity,True,True,16,iid,0.1,0,s037,4,23.5,4.67391304347826,10.0,43.0,56,43,42,1,6,0,0.84,11.21875,46,3,15,0,0,2872,256,16,0,0,9.9375,0,
aeqkad_noisy,window,full,fidelity,True,True,16,iid,0.1,0,s037,5,30.25,16.521739130434785,28.000000000000004,46.0,56,35,34,1,6,0,0.68,10.90625,37,2,9,0,0,2792,256,16,0,0,9.875,0,
aeqkad_noisy,window,full,fidelity,True,True,16,iid,0.1,0,s037,6,25.5,7.01086956521739,14.000000000000002,45.0,56,40,38,2,6,0,0.76,10.82421875,45,5,18,0,0,2771,256,16,0,0,11.5625,1,
aeqkad_noisy,window,full,fidelity,True,True,16,iid,0.1,0,s037,7,34.25,23.20652173913043,16.0,57.49999999999999,56,33,33,0,6,0,0.66,11.09765625,45,11,8,0,1,2841,256,16,0,0,15.8125,0,
aeqkad_noisy,window,full,fidelity,True,True,16,iid,0.1,0,s037,8,18.500000000000004,12.934782608695656,12.0,44.5,56,42,41,1,6,0,0.82,10.6875,46,4,11,0,0,2736,256,16,0,0,12.25,1,84.0
aeqkad_noisy,window,full,fidelity,True,True,16,iid,0.1,1,s037,2,24.0,11.521739130434783,6.0,52.0,56,40,40,0,6,0,0.8,13.3203125,51,11,19,0,0,3410,256,16,0,0,11.8125,0,
aeqkad_noisy,window,full,fidelity,True,True,16,iid,0.1,1,s037,3,24.25,5.597826086956524,20.0,34.0,56,38,38,0,6,0,0.76,12.3515625,41,3,26,0,0,3162,256,16,0,0,12.0625,0,
aeqkad_noisy,window,full,fidelity,True,True,16,iid,0.1,1,s037,4,18.000000000000004,4.67391304347826,4.0,40.0,56,44,42,2,6,0,0.84,11.0,52,8,28,0,0,2816,256,16,0,0,9.4375,1,
aeqkad_noisy,window,full,fidelity,True,True,16,iid,0.1,1,s037,5,29.75,20.869565217391305,20.0,61.0,56,39,39,0,6,0,0.78,12.171875,43,4,19,0,0,3116,256,16,0,0,10.5625,0,
aeqkad_noisy,window,full,fidelity,True,True,16,iid,0.1,1,s037,6,23.75,7.01086956521739,12.0,51.5,56,42,41,1,6,0,0.82,10.92578125,47,5,25,0,0,2797,256,16,0,0,10.5625,0,
aeqkad_noisy,window,full,fidelity,True,True,16,iid,0.1,1,s037,7,34.25,23.20652173913043,16.0,58.5,56,36,34,2,6,0,0.68,11.72265625,45,9,21,0,0,3001,256,16,0,0,13.8125,2,
aeqkad_noisy,window,full,fidelity,True,True,16,iid,0.1,1,s037,8,20.0,11.684782608695654,12.0,49.0,56,43,42,1,6,0,0.84,10.921875,46,3,27,0,0,2796,256,16,0,0,12.25,1,16.0
aeqkad_noisy,window,full,fidelity,True,True,16,iid,0.1,2,s037,2,23.5,12.771739130434783,6.0,49.0,56,41,41,0,6,0,0.82,13.6953125,51,10,24,0,0,3506,256,16,0,0,11.875,0,
aeqkad_noisy,window,full,fidelity,True,True,16,iid,0.1,2,s037,3,20.25,5.597826086956524,16.0,39.5,56,40,39,1,6,0,0.78,12.42578125,43,2,29,0,1,3181,256,16,0,0,10.0625,0,
aeqkad_noisy,window,full,fidelity,True,True,16,iid,0.1,2,s037,4,22.25,2.33695652173913,6.0,44.5,56,46,43,3,6,0,0.86,11.8984375,52,6,30,0,0,3046,256,16,0,0,7.5,0,
aeqkad_noisy,window,full,fidelity,True,True,16,iid,0.1,2,s037,5,30.000000000000004,26.6304347826087,24.0,56.99999999999999,56,40,36,4,6,0,0.72,12.16015625,42,2,22,0,0,3113,256,16,0,0,9.0625,3,
aeqkad_noisy,window,full,fidelity,True,True,16,iid,0.1,2,s037,6,24.25,9.347826086956523,12.0,61.0,56,43,42,1,6,0,0.84,11.23046875,47,4,27,0,0,2875,256,16,0,0,10.5625,1,
aeqkad_noisy,window,full,fidelity,True,True,16,iid,0.1,2,s037,7,33.75,23.20652173913043,16.0,59.5,56,33,33,0,6,0,0.66,11.48046875,43,10,21,0,0,2939,256,16,0,0,15.5625,0,
aeqkad_noisy,window,full,fidelity,True,True,16,iid,0.1,2,s037,8,17.750000000000004,9.184782608695654,12.0,48.0,56,41,41,0,6,0,0.82,10.67578125,45,4,29,0,0,2733,256,16,0,0,13.125,0,96.0
mm_noisy,mm,full,fidelity,True,True,16,iid,0.1,0,s037,2,30.000000000000004,16.195652173913043,8.0,65.0,56,26,26,0,6,0,0.52,16.0,51,21,10,0,4,4096,256,16,1,16,81.25,0,
mm_noisy,mm,full,fidelity,True,True,16,iid,0.1,0,s037,3,23.75,13.695652173913045,10.0,59.5,56,34,34,0,6,0,0.68,15.9765625,49,11,19,0,4,4090,256,16,1,10,83.75,0,
mm_noisy,mm,full,fidelity,True,True,16,iid,0.1,0,s037,4,24.0,11.684782608695654,6.0,60.0,56,43,42,1,6,0,0.84,14.73046875,49,6,26,0,0,3771,256,16,1,1,40.9375,1,
mm_noisy,mm,full,fidelity,True,True,16,iid,0.1,0,s037,5,30.25,15.108695652173914,18.0,59.0,56,39,38,1,6,0,0.76,15.5234375,44,5,19,0,0,3974,256,16,1,1,60.125,0,
mm_noisy,mm,full,fidelity,True,True,16,iid,0.1,0,s037,6,26.25,8.260869565217389,4.0,74.0,56,46,43,3,6,0,0.86,16.0,51,5,26,0,0,4096,256,16,1,1,57.125,1,
mm_noisy,mm,full,fidelity,True,True,16,iid,0.1,0,s037,7,29.500000000000004,30.217391304347828,10.0,79.0,56,41,39,2,6,0,0.78,15.92578125,50,8,24,0,1,4077,256,16,1,1,56.3125,2,
mm_noisy,mm,full,fidelity,True,True,16,iid,0.1,0,s037,8,22.5,16.195652173913043,2.0,77.5,56,46,45,1,6,0,0.9,16.0,53,4,21,0,3,4096,256,16,1,1,68.1875,2,90.0
mm_noisy,mm,full,fidelity,True,True,16,iid,0.1,1,s037,2,30.000000000000004,16.358695652173914,8.0,75.5,56,32,32,0,6,0,0.64,16.0,51,17,16,0,2,4096,256,16,1,15,77.0625,0,
mm_noisy,mm,full,fidelity,True,True,16,iid,0.1,1,s037,3,24.0,18.695652173913043,8.0,63.0,56,39,37,2,6,0,0.74,15.4296875,49,9,25,0,1,3950,256,16,1,8,68.9375,0,
mm_noisy,mm,full,fidelity,True,True,16,iid,0.1,1,s037,4,18.250000000000004,5.923913043478259,4.0,57.49999999999999,56,47,44,3,6,0,0.88,15.37890625,51,4,33,0,0,3937,256,16,1,1,43.0625,2,
mm_noisy,mm,full,fidelity,True,True,16,iid,0.1,1,s037,5,31.500000000000007,22.1195652173913,12.0,80.0,56,42,41,1,6,0,0.82,15.9765625,49,7,35,0,0,4090,256,16,1,1,58.875,3,
mm_noisy,mm,full,fidelity,True,True,16,iid,0.1,1,s037,6,28.000000000000004,10.434782608695654,4.0,79.5,56,45,42,3,6,0,0.84,15.87890625,52,6,38,0,1,4065,256,16,1,1,54.0,0,
mm_noisy,mm,full,fidelity,True,True,16,iid,0.1,1,s037,7,28.25,20.869565217391305,4.0,79.5,56,44,41,3,6,0,0.82,15.82421875,52,7,29,0,1,4051,256,16,1,1,59.875,1,
mm_noisy,mm,full,fidelity,True,True,16,iid,0.1,1,s037,8,26.75,24.456521739130437,0.0,81.0,56,49,46,3,6,0,0.92,16.0,56,5,33,0,2,4096,256,16,1,1,61.625,3,94.0
mm_noisy,mm,full,fidelity,True,True,16,iid,0.1,2,s037,2,30.25,10.760869565217387,6.0,77.5,56,33,33,0,6,0,0.66,16.0,52,19,22,0,0,4096,256,16,1,16,81.125,0,
mm_noisy,mm,full,fidelity,True,True,16,iid,0.1,2,s037,3,22.75,11.195652173913045,6.0,72.5,56,40,39,1,6,0,0.78,15.921875,51,9,32,0,2,4076,256,16,1,8,68.125,1,
mm_noisy,mm,full,fidelity,True,True,16,iid,0.1,2,s037,4,20.0,14.021739130434783,2.0,61.5,56,50,46,4,6,0,0.92,15.42578125,55,5,34,0,0,3949,256,16,1,1,42.1875,3,
mm_noisy,mm,full,fidelity,True,True,16,iid,0.1,2,s037,5,30.500000000000004,20.869565217391305,10.0,73.5,56,43,39,4,6,0,0.78,16.0,50,7,38,0,0,4096,256,16,1,1,59.6875,2,
mm_noisy,mm,full,fidelity,True,True,16,iid,0.1,2,s037,6,27.750000000000004,16.195652173913043,6.0,84.0,56,45,44,1,6,0,0.88,16.0,51,6,38,0,0,4096,256,16,1,1,52.375,2,
mm_noisy,mm,full,fidelity,True,True,16,iid,0.1,2,s037,7,35.25,19.78260869565217,6.0,82.0,56,42,40,2,6,0,0.8,15.9765625,51,9,33,0,0,4090,256,16,1,1,66.8125,1,
mm_noisy,mm,full,fidelity,True,True,16,iid,0.1,2,s037,8,24.0,18.53260869565217,2.0,80.5,56,47,46,1,6,0,0.92,15.99609375,52,3,41,0,2,4095,256,16,1,1,51.9375,1,100.0
static_noisy,static,none,fidelity,True,True,16,iid,0.1,0,s038,2,24.75,11.847826086956523,4.0,84.5,56,0,0,0,6,0,0.0,35.0,0,0,0,0,0,8960,256,50,0,50,81.5,0,
static_noisy,static,none,fidelity,True,True,16,iid,0.1,0,s038,3,23.75,21.956521739130437,0.0,82.0,56,0,0,0,6,0,0.0,35.0,0,0,0,0,0,8960,256,50,0,50,137.5,0,
static_noisy,static,none,fidelity,True,True,16,iid,0.1,0,s038,4,32.99999999999999,26.79347826086957,0.0,80.5,56,0,0,0,6,0,0.0,35.0,0,0,0,0,0,8960,256,50,0,50,193.5,0,
static_noisy,static,none,fidelity,True,True,16,iid,0.1,0,s038,5,32.75,24.456521739130437,2.0,82.0,56,0,0,0,6,0,0.0,35.0,0,0,0,0,0,8960,256,50,0,50,249.5,0,
static_noisy,static,none,fidelity,True,True,16,iid,0.1,0,s038,6,22.25,17.445652173913043,2.0,82.5,56,0,0,0,6,0,0.0,35.0,0,0,0,0,0,8960,256,50,0,50,305.5,0,
static_noisy,static,none,fidelity,True,True,16,iid,0.1,0,s038,7,16.000000000000004,7.17391304347826,0.0,80.0,56,0,0,0,6,0,0.0,35.0,0,0,0,0,0,8960,256,50,0,50,361.5,0,
static_noisy,static,none,fidelity,True,True,16,iid,0.1,0,s038,8,23.5,24.456521739130437,0.0,81.0,56,0,0,0,6,0,0.0,35.0,0,0,0,0,0,8960,256,50,0,50,417.5,0,96.0
static_noisy,static,none,fidelity,True,True,16,iid,0.1,1,s038,2,22.5,17.445652173913043,4.0,74.0,56,0,0,0,6,0,0.0,36.0,0,0,0,0,0,9216,256,50,0,50,81.5,0,
static_noisy,static,none,fidelity,True,True,16,iid,0.1,1,s038,3,24.0,18.695652173913043,0.0,76.0,56,0,0,0,6,0,0.0,36.0,0,0,0,0,0,9216,256,50,0,50,137.5,0,
static_noisy,static,none,fidelity,True,True,16,iid,0.1,1,s038,4,32.25,34.891304347826086,0.0,73.5,56,0,0,0,6,0,0.0,36.0,0,0,0,0,0,9216,256,50,0,50,193.5,0,
static_noisy,static,none,fidelity,True,True,16,iid,0.1,1,s038,5,32.0,26.79347826086957,2.0,72.5,56,0,0,0,6,0,0.0,36.0,0,0,0,0,0,9216,256,50,0,50,249.5,0,
static_noisy,static,none,fidelity,True,True,16,iid,0.1,1,s038,6,21.75,15.108695652173914,2.0,75.0,56,0,0,0,6,0,0.0,36.0,0,0,0,0,0,9216,256,50,0,50,305.5,0,
static_noisy,static,none,fidelity,True,True,16,iid,0.1,1,s038,7,19.75,17.282608695652176,0.0,71.0,56,0,0,0,6,0,0.0,36.0,0,0,0,0,0,9216,256,50,0,50,361.5,0,
static_noisy,static,none,fidelity,True,True,16,iid,0.1,1,s038,8,24.0,25.543478260869566,0.0,72.0,56,0,0,0,6,0,0.0,36.0,0,0,0,0,0,9216,256,50,0,50,417.5,0,98.0
static_noisy,static,none,fidelity,True,True,16,iid,0.1,2,s038,2,24.75,20.869565217391305,0.0,85.0,56,0,0,0,6,0,0.0,34.0,0,0,0,0,0,8704,256,50,0,50,81.5,0,
static_noisy,static,none,fidelity,True,True,16,iid,0.1,2,s038,3,22.0,17.445652173913043,0.0,86.5,56,0,0,0,6,0,0.0,34.0,0,0,0,0,0,8704,256,50,0,50,137.5,0,
static_noisy,static,none,fidelity,True,True,16,iid,0.1,2,s038,4,30.000000000000004,26.956521739130437,0.0,85.5,56,0,0,0,6,0,0.0,34.0,0,0,0,0,0,8704,256,50,0,50,193.5,0,
static_noisy,static,none,fidelity,True,True,16,iid,0.1,2,s038,5,29.75,27.717391304347828,0.0,83.5,56,0,0,0,6,0,0.0,34.0,0,0,0,0,0,8704,256,50,0,50,249.5,0,
static_noisy,static,none,fidelity,True,True,16,iid,0.1,2,s038,6,24.25,17.445652173913043,0.0,86.5,56,0,0,0,6,0,0.0,34.0,0,0,0,0,0,8704,256,50,0,50,305.5,0,
static_noisy,static,none,fidelity,True,True,16,iid,0.1,2,s038,7,17.750000000000004,7.33695652173913,0.0,83.0,56,0,0,0,6,0,0.0,34.0,0,0,0,0,0,8704,256,50,0,50,361.5,0,
static_noisy,static,none,fidelity,True,True,16,iid,0.1,2,s038,8,26.0,25.706521739130437,0.0,87.0,56,0,0,0,6,0,0.0,34.0,0,0,0,0,0,8704,256,50,0,50,417.5,0,48.0
window_noisy,window,none,fidelity,True,True,16,iid,0.1,0,s038,2,29.500000000000004,12.771739130434783,12.0,56.00000000000001,56,49,44,5,6,0,0.88,13.921875,0,0,0,0,0,3564,256,16,0,0,8.1875,2,
window_noisy,window,none,fidelity,True,True,16,iid,0.1,0,s038,3,19.25,9.347826086956523,6.0,55.50000000000001,56,49,47,2,6,0,0.94,12.1328125,0,0,0,0,0,3106,256,16,0,0,9.1875,1,
window_noisy,window,none,fidelity,True,True,16,iid,0.1,0,s038,4,21.5,12.608695652173912,8.0,55.00000000000001,56,50,46,4,6,0,0.92,10.2265625,0,0,0,0,0,2618,256,16,0,0,7.5,2,
window_noisy,window,none,fidelity,True,True,16,iid,0.1,0,s038,5,18.25,13.858695652173914,6.0,60.0,56,49,47,2,6,0,0.94,10.53515625,0,0,0,0,0,2697,256,16,0,0,8.625,0,
window_noisy,window,none,fidelity,True,True,16,iid,0.1,0,s038,6,16.250000000000004,7.01086956521739,2.0,52.5,56,54,49,5,6,0,0.98,9.69921875,0,0,0,0,0,2483,256,16,0,0,7.5,0,
window_noisy,window,none,fidelity,True,True,16,iid,0.1,0,s038,7,22.25,7.934782608695653,10.0,52.5,56,46,45,1,6,0,0.9,10.22265625,0,0,0,0,0,2617,256,16,0,0,10.0,0,
window_noisy,window,none,fidelity,True,True,16,iid,0.1,0,s038,8,19.5,17.445652173913043,8.0,57.49999999999999,56,50,46,4,6,0,0.92,9.41796875,0,0,0,0,0,2411,256,16,0,0,7.5,2,64.0
window_noisy,window,none,fidelity,True,True,16,iid,0.1,1,s038,2,30.000000000000004,17.445652173913043,10.0,62.5,56,48,45,3,6,0,0.9,13.80078125,0,0,0,0,0,3533,256,16,0,0,9.25,2,
window_noisy,window,none,fidelity,True,True,16,iid,0.1,1,s038,3,18.000000000000004,10.434782608695654,4.0,57.99999999999999,56,51,48,3,6,0,0.96,11.92578125,0,0,0,0,0,3053,256,16,0,0,7.5,3,
window_noisy,window,none,fidelity,True,True,16,iid,0.1,1,s038,4,22.75,4.67391304347826,8.0,58.5,56,49,46,3,6,0,0.92,10.73046875,0,0,0,0,0,2747,256,16,0,0,7.5,1,
window_noisy,window,none,fidelity,True,True,16,iid,0.1,1,s038,5,21.5,12.771739130434783,6.0,59.0,56,51,47,4,6,0,0.94,10.65625,0,0,0,0,0,2728,256,16,0,0,7.5625,1,
window_noisy,window,none,fidelity,True,True,16,iid,0.1,1,s038,6,19.75,6.847826086956524,2.0,53.5,56,52,49,3,6,0,0.98,9.59375,0,0,0,0,0,2456,256,16,0,0,7.5,1,
window_noisy,window,none,fidelity,True,True,16,iid,0.1,1,s038,7,21.25,11.684782608695654,8.0,50.0,56,48,46,2,6,0,0.92,10.8828125,0,0,0,0,0,2786,256,16,0,0,8.75,0,
window_noisy,window,none,fidelity,True,True,16,iid,0.1,1,s038,8,19.25,14.021739130434783,8.0,52.5,56,51,46,5,6,0,0.92,9.234375,0,0,0,0,0,2364,256,16,0,0,7.5,4,98.0
window_noisy,window,none,fidelity,True,True,16,iid,0.1,2,s038,2,27.500000000000004,19.78260869565217,14.000000000000002,56.49999999999999,56,45,43,2,6,0,0.86,12.98828125,0,0,0,0,0,3325,256,16,0,0,9.875,2,
window_noisy,window,none,fidelity,True,True,16,iid,0.1,2,s038,3,15.250000000000002,4.83695652173913,6.0,46.5,56,49,47,2,6,0,0.94,11.8984375,0,0,0,0,0,3046,256,16,0,0,8.0625,1,
window_noisy,window,none,fidelity,True,True,16,iid,0.1,2,s038,4,20.5,5.923913043478259,8.0,48.0,56,47,46,1,6,0,0.92,10.19921875,0,0,0,0,0,2611,256,16,0,0,8.375,0,
window_noisy,window,none,fidelity,True,True,16,iid,0.1,2,s038,5,21.75,10.434782608695654,6.0,50.5,56,50,47,3,6,0,0.94,10.5859375,0,0,0,0,0,2710,256,16,0,0,7.5625,1,
window_noisy,window,none,fidelity,True,True,16,iid,0.1,2,s038,6,18.250000000000004,9.347826086956523,2.0,49.5,56,54,49,5,6,0,0.98,9.5234375,0,0,0,0,0,2438,256,16,0,0,7.5,1,
window_noisy,window,none,fidelity,True,True,16,iid,0.1,2,s038,7,21.5,12.771739130434783,8.0,54.50000000000001,56,50,46,4,6,0,0.92,11.12890625,0,0,0,0,0,2849,256,16,0,0,9.5625,0,
window_noisy,window,none,fidelity,True,True,16,iid,0.1,2,s038,8,19.75,8.097826086956525,8.0,56.49999999999999,56,49,46,3,6,0,0.92,8.9921875,0,0,0,0,0,2302,256,16,0,0,7.875,3,86.0
aeqkad_noisy,window,full,fidelity,True,True,16,iid,0.1,0,s038,2,28.25,15.108695652173914,12.0,55.50000000000001,56,40,37,3,6,0,0.74,12.99609375,49,9,28,0,0,3327,256,16,0,0,10.5625,1,
aeqkad_noisy,window,full,fidelity,True,True,16,iid,0.1,0,s038,3,19.5,12.771739130434783,4.0,49.5,56,46,45,1,6,0,0.9,11.734375,50,4,28,0,0,3004,256,16,0,0,9.375,0,
aeqkad_noisy,window,full,fidelity,True,True,16,iid,0.1,0,s038,4,23.75,10.434782608695654,10.0,51.0,56,45,41,4,6,0,0.82,9.6328125,49,4,30,0,0,2466,256,16,0,0,8.3125,2,
aeqkad_noisy,window,full,fidelity,True,True,16,iid,0.1,0,s038,5,18.75,9.510869565217387,6.0,56.00000000000001,56,47,46,1,6,0,0.92,10.05859375,49,2,34,0,0,2575,256,16,0,0,8.625,0,
aeqkad_noisy,window,full,fidelity,True,True,16,iid,0.1,0,s038,6,18.250000000000004,8.097826086956525,2.0,53.5,56,53,48,5,6,0,0.96,9.9765625,54,1,39,0,0,2554,256,16,0,0,7.5,0,
aeqkad_noisy,window,full,fidelity,True,True,16,iid,0.1,0,s038,7,22.0,7.934782608695653,8.0,52.0,56,44,43,1,6,0,0.86,10.11328125,47,3,32,0,0,2589,256,16,0,0,11.0625,0,
aeqkad_noisy,window,full,fidelity,True,True,16,iid,0.1,0,s038,8,18.250000000000004,17.445652173913043,8.0,55.50000000000001,56,48,44,4,6,0,0.88,8.63671875,50,2,33,0,0,2211,256,16,0,0,7.5,2,66.0
aeqkad_noisy,window,full,fidelity,True,True,16,iid,0.1,1,s038,2,28.000000000000004,12.771739130434783,12.0,56.49999999999999,56,41,39,2,6,0,0.78,12.5546875,46,5,7,0,0,3214,256,16,0,0,9.4375,2,
aeqkad_noisy,window,full,fidelity,True,True,16,iid,0.1,1,s038,3,22.0,16.032608695652172,4.0,49.0,56,44,43,1,6,0,0.86,11.21484375,50,6,1,0,0,2871,256,16,0,0,9.875,1,
aeqkad_noisy,window,full,fidelity,True,True,16,iid,0.1,1,s038,4,22.0,9.347826086956523,10.0,51.0,56,43,42,1,6,0,0.84,9.4453125,48,5,3,0,0,2418,256,16,0,0,9.3125,0,
aeqkad_noisy,window,full,fidelity,True,True,16,iid,0.1,1,s038,5,20.75,10.434782608695654,6.0,51.5,56,47,46,1,6,0,0.92,9.80078125,51,4,4,0,0,2509,256,16,0,0,8.375,0,
aeqkad_noisy,window,full,fidelity,True,True,16,iid,0.1,1,s038,6,20.0,8.097826086956525,2.0,52.5,56,51,48,3,6,0,0.96,9.34375,52,1,3,0,0,2392,256,16,0,0,7.5,1,
aeqkad_noisy,window,full,fidelity,True,True,16,iid,0.1,1,s038,7,25.75,13.858695652173914,6.0,45.5,56,43,42,1,6,0,0.84,10.23046875,49,6,2,0,0,2619,256,16,0,0,9.8125,0,
aeqkad_noisy,window,full,fidelity,True,True,16,iid,0.1,1,s038,8,20.75,11.684782608695654,8.0,52.5,56,49,45,4,6,0,0.9,8.8203125,51,2,9,0,0,2258,256,16,0,0,7.625,3,96.0
aeqkad_noisy,window,full,fidelity,True,True,16,iid,0.1,2,s038,2,25.0,19.78260869565217,14.000000000000002,54.50000000000001,56,39,37,2,6,0,0.74,12.35546875,45,6,1,0,0,3163,256,16,0,0,11.6875,2,
aeqkad_noisy,window,full,fidelity,True,True,16,iid,0.1,2,s038,3,19.000000000000004,8.097826086956525,10.0,41.5,56,42,41,1,6,0,0.82,10.69140625,46,4,0,0,0,2737,256,16,0,0,9.4375,0,
aeqkad_noisy,window,full,fidelity,True,True,16,iid,0.1,2,s038,4,22.5,11.684782608695654,10.0,44.5,56,40,40,0,6,0,0.8,8.8203125,46,6,0,0,0,2258,256,16,0,0,9.25,0,
aeqkad_noisy,window,full,fidelity,True,True,16,iid,0.1,2,s038,5,21.5,13.858695652173914,6.0,49.5,56,46,45,1,6,0,0.9,10.19140625,49,3,0,0,0,2609,256,16,0,0,8.1875,1,
aeqkad_noisy,window,full,fidelity,True,True,16,iid,0.1,2,s038,6,18.500000000000004,11.521739130434783,2.0,46.5,56,51,47,4,6,0,0.94,8.78125,53,2,0,0,0,2248,256,16,0,0,8.1875,1,
aeqkad_noisy,window,full,fidelity,True,True,16,iid,0.1,2,s038,7,22.0,15.108695652173914,6.0,50.5,56,45,43,2,6,0,0.86,10.4609375,50,5,0,0,0,2678,256,16,0,0,10.625,0,
aeqkad_noisy,window,full,fidelity,True,True,16,iid,0.1,2,s038,8,19.5,8.097826086956525,8.0,50.5,56,44,43,1,6,0,0.86,8.24609375,49,5,0,0,0,2111,256,16,0,0,9.375,1,16.0
mm_noisy,mm,full,fidelity,True,True,16,iid,0.1,0,s038,2,28.25,17.445652173913043,6.0,69.0,56,43,39,4,6,0,0.78,16.0,51,8,32,0,0,4096,256,16,1,15,80.4375,0,
mm_noisy,mm,full,fidelity,True,True,16,iid,0.1,0,s038,3,18.750000000000004,11.684782608695654,0.0,68.5,56,50,48,2,6,0,0.96,15.5546875,54,4,42,0,0,3982,256,16,1,1,30.375,1,
mm_noisy,mm,full,fidelity,True,True,16,iid,0.1,0,s038,4,23.75,19.78260869565217,4.0,65.5,56,50,45,5,6,0,0.9,15.7265625,53,2,42,0,1,4026,256,16,1,1,50.75,1,
mm_noisy,mm,full,fidelity,True,True,16,iid,0.1,0,s038,5,20.0,16.358695652173914,6.0,69.0,56,48,47,1,6,0,0.94,14.87890625,50,2,46,0,0,3809,256,16,1,1,41.9375,1,
mm_noisy,mm,full,fidelity,True,True,16,iid,0.1,0,s038,6,19.75,16.358695652173914,2.0,65.5,56,53,48,5,6,0,0.96,14.80078125,54,1,45,0,0,3789,256,16,1,1,56.0625,4,
mm_noisy,mm,full,fidelity,True,True,16,iid,0.1,0,s038,7,23.25,17.445652173913043,6.0,73.0,56,46,45,1,6,0,0.9,14.45703125,49,3,41,0,0,3701,256,16,1,1,66.4375,2,
mm_noisy,mm,full,fidelity,True,True,16,iid,0.1,0,s038,8,20.25,16.195652173913043,4.0,74.0,56,51,47,4,6,0,0.94,15.79296875,53,2,46,0,0,4043,256,16,1,1,57.3125,4,78.0
mm_noisy,mm,full,fidelity,True,True,16,iid,0.1,1,s038,2,26.0,14.184782608695654,4.0,74.0,56,41,40,1,6,0,0.8,16.0,54,13,1,0,0,4096,256,16,1,16,85.125,0,
mm_noisy,mm,full,fidelity,True,True,16,iid,0.1,1,s038,3,23.5,22.1195652173913,2.0,66.0,56,45,44,1,6,0,0.88,14.69140625,52,7,5,0,0,3761,256,16,1,1,25.5625,0,
mm_noisy,mm,full,fidelity,True,True,16,iid,0.1,1,s038,4,25.75,19.78260869565217,8.0,66.5,56,44,43,1,6,0,0.86,15.5078125,49,2,3,0,3,3970,256,16,1,1,52.375,1,
mm_noisy,mm,full,fidelity,True,True,16,iid,0.1,1,s038,5,20.0,15.108695652173914,6.0,76.5,56,51,47,4,6,0,0.94,15.65625,51,0,20,0,0,4008,256,16,1,1,48.6875,2,
mm_noisy,mm,full,fidelity,True,True,16,iid,0.1,1,s038,6,18.250000000000004,11.684782608695654,2.0,64.0,56,50,47,3,6,0,0.94,13.859375,52,2,20,0,0,3548,256,16,1,1,61.875,3,
mm_noisy,mm,full,fidelity,True,True,16,iid,0.1,1,s038,7,29.000000000000004,19.78260869565217,6.0,68.0,56,44,43,1,6,0,0.86,14.89453125,51,5,13,0,2,3813,256,16,1,1,68.0625,3,
mm_noisy,mm,full,fidelity,True,True,16,iid,0.1,1,s038,8,23.75,17.445652173913043,2.0,69.0,56,48,44,4,6,0,0.88,14.52734375,55,7,24,0,0,3719,256,16,1,1,65.5,3,100.0
mm_noisy,mm,full,fidelity,True,True,16,iid,0.1,2,s038,2,23.0,23.04347826086957,8.0,72.0,56,41,39,2,6,0,0.78,16.0,52,11,0,0,0,4096,256,16,1,16,85.125,0,
mm_noisy,mm,full,fidelity,True,True,16,iid,0.1,2,s038,3,24.5,22.1195652173913,0.0,72.5,56,45,42,3,6,0,0.84,15.43359375,55,10,0,0,0,3951,256,16,1,1,24.0,3,
mm_noisy,mm,full,fidelity,True,True,16,iid,0.1,2,s038,4,23.75,16.358695652173914,4.0,64.5,56,44,44,0,6,0,0.88,15.8671875,50,6,0,0,0,4062,256,16,1,1,52.625,3,
mm_noisy,mm,full,fidelity,True,True,16,iid,0.1,2,s038,5,18.75,14.782608695652172,4.0,64.5,56,48,47,1,6,0,0.94,15.5546875,52,3,2,0,1,3982,256,16,1,1,52.5,1,
mm_noisy,mm,full,fidelity,True,True,16,iid,0.1,2,s038,6,20.0,17.445652173913043,2.0,64.5,56,52,47,5,6,0,0.94,15.18359375,54,1,0,0,1,3887,256,16,1,1,57.9375,4,
mm_noisy,mm,full,fidelity,True,True,16,iid,0.1,2,s038,7,27.500000000000004,15.434782608695654,6.0,66.5,56,49,45,4,6,0,0.9,15.96875,53,4,2,0,0,4088,256,16,1,1,64.4375,5,
mm_noisy,mm,full,fidelity,True,True,16,iid,0.1,2,s038,8,20.25,14.021739130434783,4.0,68.0,56,47,45,2,6,0,0.9,15.6796875,53,6,0,0,0,4014,256,16,1,1,70.6875,3,74.0
static_noisy,static,none,fidelity,True,True,16,iid,0.1,0,s039,2,16.000000000000004,3.423913043478259,10.0,37.0,56,0,0,0,6,0,0.0,40.0,0,0,0,0,0,10240,256,50,0,50,81.5,0,
static_noisy,static,none,fidelity,True,True,16,iid,0.1,0,s039,3,14.000000000000002,0.0,10.0,38.0,56,0,0,0,6,0,0.0,40.0,0,0,0,0,0,10240,256,50,0,50,137.5,0,
static_noisy,static,none,fidelity,True,True,16,iid,0.1,0,s039,4,15.750000000000004,3.423913043478259,12.0,41.5,56,0,0,0,6,0,0.0,40.0,0,0,0,0,0,10240,256,50,0,50,193.5,0,
static_noisy,static,none,fidelity,True,True,16,iid,0.1,0,s039,5,13.750000000000002,0.0,8.0,35.5,56,0,0,0,6,0,0.0,40.0,0,0,0,0,0,10240,256,50,0,50,249.5,0,
static_noisy,static,none,fidelity,True,True,16,iid,0.1,0,s039,6,15.25,2.33695652173913,8.0,32.0,56,0,0,0,6,0,0.0,40.0,0,0,0,0,0,10240,256,50,0,50,305.5,0,
static_noisy,static,none,fidelity,True,True,16,iid,0.1,0,s039,7,9.75,0.0,12.0,37.0,56,0,0,0,6,0,0.0,40.0,0,0,0,0,0,10240,256,50,0,50,361.5,0,
static_noisy,static,none,fidelity,True,True,16,iid,0.1,0,s039,8,20.25,4.67391304347826,14.000000000000002,39.0,56,0,0,0,6,0,0.0,40.0,0,0,0,0,0,10240,256,50,0,50,417.5,0,30.0
static_noisy,static,none,fidelity,True,True,16,iid,0.1,1,s039,2,13.5,0.0,14.000000000000002,29.5,56,0,0,0,6,0,0.0,40.0,0,0,0,0,0,10240,256,50,0,50,81.5,0,
static_noisy,static,none,fidelity,True,True,16,iid,0.1,1,s039,3,14.250000000000002,0.0,10.0,29.5,56,0,0,0,6,0,0.0,40.0,0,0,0,0,0,10240,256,50,0,50,137.5,0,
static_noisy,static,none,fidelity,True,True,16,iid,0.1,1,s039,4,15.000000000000002,3.423913043478259,14.000000000000002,29.0,56,0,0,0,6,0,0.0,40.0,0,0,0,0,0,10240,256,50,0,50,193.5,0,
static_noisy,static,none,fidelity,True,True,16,iid,0.1,1,s039,5,11.249999999999998,3.423913043478259,8.0,32.0,56,0,0,0,6,0,0.0,40.0,0,0,0,0,0,10240,256,50,0,50,249.5,0,
static_noisy,static,none,fidelity,True,True,16,iid,0.1,1,s039,6,7.249999999999999,0.0,10.0,30.0,56,0,0,0,6,0,0.0,40.0,0,0,0,0,0,10240,256,50,0,50,305.5,0,
static_noisy,static,none,fidelity,True,True,16,iid,0.1,1,s039,7,10.0,3.423913043478259,12.0,24.0,56,0,0,0,6,0,0.0,40.0,0,0,0,0,0,10240,256,50,0,50,361.5,0,
static_noisy,static,none,fidelity,True,True,16,iid,0.1,1,s039,8,21.5,4.67391304347826,16.0,34.0,56,0,0,0,6,0,0.0,40.0,0,0,0,0,0,10240,256,50,0,50,417.5,0,20.0
static_noisy,static,none,fidelity,True,True,16,iid,0.1,2,s039,2,14.500000000000002,0.0,12.0,30.0,56,0,0,0,6,0,0.0,40.0,0,0,0,0,0,10240,256,50,0,50,81.5,0,
static_noisy,static,none,fidelity,True,True,16,iid,0.1,2,s039,3,11.249999999999998,0.0,10.0,26.5,56,0,0,0,6,0,0.0,40.0,0,0,0,0,0,10240,256,50,0,50,137.5,0,
static_noisy,static,none,fidelity,True,True,16,iid,0.1,2,s039,4,18.000000000000004,1.25,14.000000000000002,29.5,56,0,0,0,6,0,0.0,40.0,0,0,0,0,0,10240,256,50,0,50,193.5,0,
static_noisy,static,none,fidelity,True,True,16,iid,0.1,2,s039,5,10.25,0.0,8.0,29.0,56,0,0,0,6,0,0.0,40.0,0,0,0,0,0,10240,256,50,0,50,249.5,0,
static_noisy,static,none,fidelity,True,True,16,iid,0.1,2,s039,6,7.249999999999999,0.0,10.0,30.0,56,0,0,0,6,0,0.0,40.0,0,0,0,0,0,10240,256,50,0,50,305.5,0,
static_noisy,static,none,fidelity,True,True,16,iid,0.1,2,s039,7,9.75,5.760869565217389,12.0,30.5,56,0,0,0,6,0,0.0,40.0,0,0,0,0,0,10240,256,50,0,50,361.5,0,
static_noisy,static,none,fidelity,True,True,16,iid,0.1,2,s039,8,18.000000000000004,3.58695652173913,14.000000000000002,30.0,56,0,0,0,6,0,0.0,40.0,0,0,0,0,0,10240,256,50,0,50,417.5,0,6.0
window_noisy,window,none,fidelity,True,True,16,iid,0.1,0,s039,2,15.500000000000004,3.423913043478259,14.000000000000002,23.5,56,43,43,0,6,0,0.86,15.23828125,0,0,0,0,0,3901,256,16,0,0,9.625,0,
window_noisy,window,none,fidelity,True,True,16,iid,0.1,0,s039,3,20.25,0.0,20.0,7.5,56,41,40,1,6,0,0.8,11.65625,0,0,0,0,0,2984,256,16,0,0,11.0,1,
window_noisy,window,none,fidelity,True,True,16,iid,0.1,0,s039,4,14.500000000000002,0.0,16.0,15.5,56,42,42,0,6,0,0.84,12.234375,0,0,0,0,0,3132,256,16,0,0,10.875,0,
window_noisy,window,none,fidelity,True,True,16,iid,0.1,0,s039,5,12.25,2.33695652173913,8.0,15.0,56,47,46,1,6,0,0.92,12.73828125,0,0,0,0,0,3261,256,16,0,0,8.9375,1,
window_noisy,window,none,fidelity,True,True,16,iid,0.1,0,s039,6,13.0,0.0,12.0,10.0,56,44,44,0,6,0,0.88,10.6953125,0,0,0,0,0,2738,256,16,0,0,7.9375,0,
window_noisy,window,none,fidelity,True,True,16,iid,0.1,0,s039,7,15.000000000000002,0.0,14.000000000000002,10.0,56,44,43,1,6,0,0.86,11.33203125,0,0,0,0,0,2901,256,16,0,0,9.375,1,
window_noisy,window,none,fidelity,True,True,16,iid,0.1,0,s039,8,16.000000000000004,2.33695652173913,18.0,15.0,56,42,41,1,6,0,0.82,13.1484375,0,0,0,0,0,3366,256,16,0,0,10.4375,0,12.0
window_noisy,window,none,fidelity,True,True,16,iid,0.1,1,s039,2,14.250000000000002,2.1739130434782594,14.000000000000002,21.5,56,45,43,2,6,0,0.86,15.0859375,0,0,0,0,0,3862,256,16,0,0,7.875,1,
window_noisy,window,none,fidelity,True,True,16,iid,0.1,1,s039,3,21.25,0.0,20.0,12.5,56,41,40,1,6,0,0.8,11.59375,0,0,0,0,0,2968,256,16,0,0,10.6875,1,
window_noisy,window,none,fidelity,True,True,16,iid,0.1,1,s039,4,13.750000000000002,3.423913043478259,16.0,15.0,56,42,42,0,6,0,0.84,12.3046875,0,0,0,0,0,3150,256,16,0,0,8.25,0,
window_noisy,window,none,fidelity,True,True,16,iid,0.1,1,s039,5,10.499999999999998,1.0869565217391297,8.0,16.5,56,47,46,1,6,0,0.92,13.0859375,0,0,0,0,0,3350,256,16,0,0,9.25,1,
window_noisy,window,none,fidelity,True,True,16,iid,0.1,1,s039,6,13.25,0.0,12.0,7.5,56,44,44,0,6,0,0.88,10.7734375,0,0,0,0,0,2758,256,16,0,0,7.625,0,
window_noisy,window,none,fidelity,True,True,16,iid,0.1,1,s039,7,14.250000000000002,0.0,14.000000000000002,8.5,56,43,43,0,6,0,0.86,11.40234375,0,0,0,0,0,2919,256,16,0,0,8.5,0,
window_noisy,window,none,fidelity,True,True,16,iid,0.1,1,s039,8,17.500000000000004,2.33695652173913,20.0,12.5,56,40,40,0,6,0,0.8,12.62890625,0,0,0,0,0,3233,256,16,0,0,10.0,0,16.0
window_noisy,window,none,fidelity,True,True,16,iid,0.1,2,s039,2,16.250000000000004,3.423913043478259,16.0,11.5,56,44,42,2,6,0,0.84,15.15234375,0,0,0,0,0,3879,256,16,0,0,7.9375,1,
window_noisy,window,none,fidelity,True,True,16,iid,0.1,2,s039,3,18.250000000000004,0.0,20.0,8.5,56,40,40,0,6,0,0.8,12.109375,0,0,0,0,0,3100,256,16,0,0,10.8125,0,
window_noisy,window,none,fidelity,True,True,16,iid,0.1,2,s039,4,13.5,0.0,22.0,6.5,56,39,39,0,6,0,0.78,11.83203125,0,0,0,0,0,3029,256,16,0,0,9.5625,0,
window_noisy,window,none,fidelity,True,True,16,iid,0.1,2,s039,5,9.499999999999998,0.0,14.000000000000002,6.0,56,45,43,2,6,0,0.86,12.69921875,0,0,0,0,0,3251,256,16,0,0,9.5625,1,
window_noisy,window,none,fidelity,True,True,16,iid,0.1,2,s039,6,12.75,0.0,12.0,9.0,56,44,44,0,6,0,0.88,10.4375,0,0,0,0,0,2672,256,16,0,0,8.375,0,
window_noisy,window,none,fidelity,True,True,16,iid,0.1,2,s039,7,14.000000000000002,0.0,14.000000000000002,8.0,56,43,43,0,6,0,0.86,11.48828125,0,0,0,0,0,2941,256,16,0,0,7.8125,0,
window_noisy,window,none,fidelity,True,True,16,iid,0.1,2,s039,8,19.000000000000004,2.33695652173913,22.0,10.5,56,39,39,0,6,0,0.78,12.453125,0,0,0,0,0,3188,256,16,0,0,10.4375,0,0.0
aeqkad_noisy,window,full,fidelity,True,True,16,iid,0.1,0,s039,2,14.750000000000002,5.923913043478259,14.000000000000002,22.5,56,37,37,0,6,0,0.74,14.56640625,43,6,0,0,0,3729,256,16,0,0,10.8125,0,
aeqkad_noisy,window,full,fidelity,True,True,16,iid,0.1,0,s039,3,22.5,0.0,20.0,7.5,56,38,37,1,6,0,0.74,11.48828125,42,4,0,0,0,2941,256,16,0,0,11.0,1,
aeqkad_noisy,window,full,fidelity,True,True,16,iid,0.1,0,s039,4,15.750000000000004,0.0,18.0,12.5,56,31,31,0,6,0,0.62,11.1015625,41,10,0,0,0,2842,256,16,0,0,15.25,0,
aeqkad_noisy,window,full,fidelity,True,True,16,iid,0.1,0,s039,5,11.5,2.33695652173913,12.0,12.5,56,39,39,0,6,0,0.78,11.890625,46,7,0,0,0,3044,256,16,0,0,11.5625,0,
aeqkad_noisy,window,full,fidelity,True,True,16,iid,0.1,0,s039,6,11.75,0.0,12.0,9.0,56,41,41,0,6,0,0.82,9.765625,44,3,0,0,0,2500,256,16,0,0,8.1875,0,
aeqkad_noisy,window,full,fidelity,True,True,16,iid,0.1,0,s039,7,11.75,0.0,16.0,9.5,56,40,39,1,6,0,0.78,11.0390625,43,3,0,0,0,2826,256,16,0,0,10.5,1,
aeqkad_noisy,window,full,fidelity,True,True,16,iid,0.1,0,s039,8,20.0,2.33695652173913,24.0,13.0,56,34,34,0,6,0,0.68,12.03515625,39,5,0,0,0,3081,256,16,0,0,13.0,0,14.000000000000002
aeqkad_noisy,window,full,fidelity,True,True,16,iid,0.1,1,s039,2,15.000000000000002,0.0,14.000000000000002,20.0,56,37,37,0,6,0,0.74,15.05859375,44,7,0,0,0,3855,256,16,0,0,9.3125,0,
aeqkad_noisy,window,full,fidelity,True,True,16,iid,0.1,1,s039,3,21.25,0.0,20.0,11.5,56,37,37,0,6,0,0.74,11.09765625,41,4,0,0,0,2841,256,16,0,0,11.8125,0,
aeqkad_noisy,window,full,fidelity,True,True,16,iid,0.1,1,s039,4,15.000000000000002,2.33695652173913,22.0,11.0,56,33,33,0,6,0,0.66,10.70703125,40,7,0,0,0,2741,256,16,0,0,9.75,0,
aeqkad_noisy,window,full,fidelity,True,True,16,iid,0.1,1,s039,5,12.75,1.0869565217391297,10.0,19.0,56,39,38,1,6,0,0.76,12.1171875,46,7,0,0,0,3102,256,16,0,0,10.25,1,
aeqkad_noisy,window,full,fidelity,True,True,16,iid,0.1,1,s039,6,10.249999999999998,0.0,12.0,6.5,56,41,41,0,6,0,0.82,10.34375,44,3,0,0,0,2648,256,16,0,0,8.125,0,
aeqkad_noisy,window,full,fidelity,True,True,16,iid,0.1,1,s039,7,10.25,0.0,16.0,6.5,56,39,39,0,6,0,0.78,10.734375,42,3,0,0,0,2748,256,16,0,0,9.625,0,
aeqkad_noisy,window,full,fidelity,True,True,16,iid,0.1,1,s039,8,22.25,4.67391304347826,24.0,12.5,56,34,34,0,6,0,0.68,11.625,38,4,0,0,0,2976,256,16,0,0,12.6875,0,14.000000000000002
aeqkad_noisy,window,full,fidelity,True,True,16,iid,0.1,2,s039,2,16.250000000000004,0.0,16.0,10.0,56,39,38,1,6,0,0.76,15.1875,44,5,0,0,0,3888,256,16,0,0,9.125,0,
aeqkad_noisy,window,full,fidelity,True,True,16,iid,0.1,2,s039,3,18.250000000000004,0.0,22.0,7.5,56,38,38,0,6,0,0.76,11.32421875,39,1,0,0,0,2899,256,16,0,0,10.8125,0,
aeqkad_noisy,window,full,fidelity,True,True,16,iid,0.1,2,s039,4,12.000000000000002,0.0,22.0,5.0,56,34,34,0,6,0,0.68,11.19921875,39,5,0,0,0,2867,256,16,0,0,10.875,0,
aeqkad_noisy,window,full,fidelity,True,True,16,iid,0.1,2,s039,5,10.249999999999998,0.0,14.000000000000002,7.000000000000001,56,39,38,1,6,0,0.76,12.05078125,44,5,0,0,0,3085,256,16,0,0,11.625,0,
aeqkad_noisy,window,full,fidelity,True,True,16,iid,0.1,2,s039,6,14.250000000000002,0.0,12.0,7.5,56,41,41,0,6,0,0.82,9.80078125,44,3,0,0,0,2509,256,16,0,0,8.625,0,
aeqkad_noisy,window,full,fidelity,True,True,16,iid,0.1,2,s039,7,10.0,0.0,16.0,5.5,56,39,39,0,6,0,0.78,11.390625,42,3,0,0,0,2916,256,16,0,0,9.1875,0,
aeqkad_noisy,window,full,fidelity,True,True,16,iid,0.1,2,s039,8,23.5,4.67391304347826,24.0,8.5,56,34,34,0,6,0,0.68,12.00390625,38,4,0,0,0,3073,256,16,0,0,13.125,0,0.0
mm_noisy,mm,full,fidelity,True,True,16,iid,0.1,0,s039,2,12.000000000000002,2.5,6.0,40.5,56,34,34,0,6,0,0.68,16.0,47,13,0,0,0,4096,256,16,1,16,89.1875,0,
mm_noisy,mm,full,fidelity,True,True,16,iid,0.1,0,s039,3,13.25,0.0,12.0,32.0,56,38,37,1,6,0,0.74,15.79296875,47,9,0,0,0,4043,256,16,1,6,57.1875,1,
mm_noisy,mm,full,fidelity,True,True,16,iid,0.1,0,s039,4,18.000000000000004,2.33695652173913,14.000000000000002,25.0,56,38,38,0,6,0,0.76,15.546875,43,5,0,0,0,3980,256,16,1,1,50.6875,1,
mm_noisy,mm,full,fidelity,True,True,16,iid,0.1,0,s039,5,11.5,0.0,8.0,18.5,56,40,40,0,6,0,0.8,16.0,47,7,0,0,0,4096,256,16,1,1,79.1875,0,
mm_noisy,mm,full,fidelity,True,True,16,iid,0.1,0,s039,6,13.750000000000002,0.0,12.0,14.000000000000002,56,43,43,0,6,0,0.86,15.0859375,44,1,0,0,0,3862,256,16,1,1,57.4375,0,
mm_noisy,mm,full,fidelity,True,True,16,iid,0.1,0,s039,7,13.0,0.0,14.000000000000002,15.5,56,42,41,1,6,0,0.82,14.46484375,45,3,0,0,0,3703,256,16,1,1,56.3125,1,
mm_noisy,mm,full,fidelity,True,True,16,iid,0.1,0,s039,8,19.5,4.67391304347826,18.0,21.5,56,36,36,0,6,0,0.72,15.74609375,43,7,0,0,0,4031,256,16,1,1,83.4375,1,24.0
mm_noisy,mm,full,fidelity,True,True,16,iid,0.1,1,s039,2,16.500000000000004,0.0,10.0,38.0,56,34,34,0,6,0,0.68,16.0,46,12,0,0,0,4096,256,16,1,15,87.0,0,
mm_noisy,mm,full,fidelity,True,True,16,iid,0.1,1,s039,3,11.75,0.0,12.0,30.0,56,42,41,1,6,0,0.82,15.52734375,45,3,0,0,0,3975,256,16,1,2,35.625,1,
mm_noisy,mm,full,fidelity,True,True,16,iid,0.1,1,s039,4,14.500000000000002,0.0,14.000000000000002,22.0,56,37,37,0,6,0,0.74,15.37109375,45,8,0,0,0,3935,256,16,1,1,50.875,1,
mm_noisy,mm,full,fidelity,True,True,16,iid,0.1,1,s039,5,11.75,2.33695652173913,6.0,21.5,56,42,41,1,6,0,0.82,15.921875,48,6,0,0,0,4076,256,16,1,1,53.375,1,
mm_noisy,mm,full,fidelity,True,True,16,iid,0.1,1,s039,6,9.75,0.0,12.0,19.5,56,42,42,0,6,0,0.84,15.1328125,44,2,0,0,0,3874,256,16,1,1,55.0625,1,
mm_noisy,mm,full,fidelity,True,True,16,iid,0.1,1,s039,7,8.75,0.0,12.0,15.0,56,43,43,0,6,0,0.86,14.53515625,45,2,0,0,0,3721,256,16,1,1,61.5625,0,
mm_noisy,mm,full,fidelity,True,True,16,iid,0.1,1,s039,8,17.5,5.923913043478259,16.0,18.5,56,37,37,0,6,0,0.74,15.546875,42,5,0,0,0,3980,256,16,1,1,74.9375,0,16.0
mm_noisy,mm,full,fidelity,True,True,16,iid,0.1,2,s039,2,16.000000000000004,0.0,14.000000000000002,23.0,56,37,37,0,6,0,0.74,16.0,46,9,0,0,0,4096,256,16,1,15,86.125,0,
mm_noisy,mm,full,fidelity,True,True,16,iid,0.1,2,s039,3,12.25,0.0,12.0,19.0,56,41,41,0,6,0,0.82,15.25390625,44,3,0,0,0,3905,256,16,1,1,30.1875,0,
mm_noisy,mm,full,fidelity,True,True,16,iid,0.1,2,s039,4,12.75,0.0,16.0,11.5,56,37,37,0,6,0,0.74,15.6640625,42,5,0,0,0,4010,256,16,1,1,51.5625,0,
mm_noisy,mm,full,fidelity,True,True,16,iid,0.1,2,s039,5,11.75,0.0,10.0,10.5,56,42,41,1,6,0,0.82,15.53125,47,5,0,0,0,3976,256,16,1,1,70.9375,1,
mm_noisy,mm,full,fidelity,True,True,16,iid,0.1,2,s039,6,15.0,0.0,12.0,14.499999999999998,56,42,42,0,6,0,0.84,15.2734375,44,2,0,0,0,3910,256,16,1,1,51.625,1,
mm_noisy,mm,full,fidelity,True,True,16,iid,0.1,2,s039,7,10.0,0.0,12.0,14.000000000000002,56,43,43,0,6,0,0.86,15.02734375,44,1,0,0,0,3847,256,16,1,1,54.0625,0,
mm_noisy,mm,full,fidelity,True,True,16,iid,0.1,2,s039,8,17.750000000000004,4.67391304347826,18.0,14.000000000000002,56,36,36,0,6,0,0.72,15.16015625,41,5,0,0,0,3881,256,16,1,1,70.5625,0,0.0
static_noisy,static,none,fidelity,True,True,16,iid,0.1,0,s040,2,47.75,42.98913043478261,6.0,92.5,56,0,0,0,6,0,0.0,34.0,0,0,0,0,0,8704,256,50,0,50,81.5,0,
static_noisy,static,none,fidelity,True,True,16,iid,0.1,0,s040,3,30.000000000000004,12.771739130434783,6.0,93.5,56,0,0,0,6,0,0.0,34.0,0,0,0,0,0,8704,256,50,0,50,137.5,0,
static_noisy,static,none,fidelity,True,True,16,iid,0.1,0,s040,4,34.5,28.04347826086957,0.0,96.0,56,0,0,0,6,0,0.0,34.0,0,0,0,0,0,8704,256,50,0,50,193.5,0,
static_noisy,static,none,fidelity,True,True,16,iid,0.1,0,s040,5,23.75,8.097826086956525,6.0,92.5,56,0,0,0,6,0,0.0,34.0,0,0,0,0,0,8704,256,50,0,50,249.5,0,
static_noisy,static,none,fidelity,True,True,16,iid,0.1,0,s040,6,25.0,12.771739130434783,6.0,94.0,56,0,0,0,6,0,0.0,34.0,0,0,0,0,0,8704,256,50,0,50,305.5,0,
static_noisy,static,none,fidelity,True,True,16,iid,0.1,0,s040,7,22.0,9.347826086956523,4.0,95.0,56,0,0,0,6,0,0.0,34.0,0,0,0,0,0,8704,256,50,0,50,361.5,0,
static_noisy,static,none,fidelity,True,True,16,iid,0.1,0,s040,8,27.750000000000004,15.108695652173914,2.0,96.5,56,0,0,0,6,0,0.0,34.0,0,0,0,0,0,8704,256,50,0,50,417.5,0,98.0
static_noisy,static,none,fidelity,True,True,16,iid,0.1,1,s040,2,48.0,41.90217391304347,4.0,98.0,56,0,0,0,6,0,0.0,34.0,0,0,0,0,0,8704,256,50,0,50,81.5,0,
static_noisy,static,none,fidelity,True,True,16,iid,0.1,1,s040,3,29.25,12.771739130434783,2.0,95.0,56,0,0,0,6,0,0.0,34.0,0,0,0,0,0,8704,256,50,0,50,137.5,0,
static_noisy,static,none,fidelity,True,True,16,iid,0.1,1,s040,4,33.5,17.608695652173914,2.0,98.0,56,0,0,0,6,0,0.0,34.0,0,0,0,0,0,8704,256,50,0,50,193.5,0,
static_noisy,static,none,fidelity,True,True,16,iid,0.1,1,s040,5,23.75,5.760869565217389,6.0,99.0,56,0,0,0,6,0,0.0,34.0,0,0,0,0,0,8704,256,50,0,50,249.5,0,
static_noisy,static,none,fidelity,True,True,16,iid,0.1,1,s040,6,27.25,12.771739130434783,4.0,97.0,56,0,0,0,6,0,0.0,34.0,0,0,0,0,0,8704,256,50,0,50,305.5,0,
static_noisy,static,none,fidelity,True,True,16,iid,0.1,1,s040,7,19.0,10.434782608695654,2.0,99.0,56,0,0,0,6,0,0.0,34.0,0,0,0,0,0,8704,256,50,0,50,361.5,0,
static_noisy,static,none,fidelity,True,True,16,iid,0.1,1,s040,8,23.0,7.01086956521739,2.0,98.5,56,0,0,0,6,0,0.0,34.0,0,0,0,0,0,8704,256,50,0,50,417.5,0,100.0
static_noisy,static,none,fidelity,True,True,16,iid,0.1,2,s040,2,51.5,45.326086956521735,4.0,96.5,56,0,0,0,6,0,0.0,33.0,0,0,0,0,0,8448,256,50,0,50,81.5,0,
static_noisy,static,none,fidelity,True,True,16,iid,0.1,2,s040,3,31.25,13.858695652173914,6.0,96.5,56,0,0,0,6,0,0.0,33.0,0,0,0,0,0,8448,256,50,0,50,137.5,0,
static_noisy,static,none,fidelity,True,True,16,iid,0.1,2,s040,4,29.75,25.543478260869566,0.0,98.0,56,0,0,0,6,0,0.0,33.0,0,0,0,0,0,8448,256,50,0,50,193.5,0,
static_noisy,static,none,fidelity,True,True,16,iid,0.1,2,s040,5,25.75,7.01086956521739,6.0,96.0,56,0,0,0,6,0,0.0,33.0,0,0,0,0,0,8448,256,50,0,50,249.5,0,
static_noisy,static,none,fidelity,True,True,16,iid,0.1,2,s040,6,24.25,12.771739130434783,6.0,95.0,56,0,0,0,6,0,0.0,33.0,0,0,0,0,0,8448,256,50,0,50,305.5,0,
static_noisy,static,none,fidelity,True,True,16,iid,0.1,2,s040,7,20.0,10.434782608695654,2.0,97.0,56,0,0,0,6,0,0.0,33.0,0,0,0,0,0,8448,256,50,0,50,361.5,0,
static_noisy,static,none,fidelity,True,True,16,iid,0.1,2,s040,8,28.000000000000004,10.434782608695654,2.0,97.0,56,0,0,0,6,0,0.0,33.0,0,0,0,0,0,8448,256,50,0,50,417.5,0,100.0
window_noisy,window,none,fidelity,True,True,16,iid,0.1,0,s040,2,22.25,10.434782608695654,6.0,56.99999999999999,56,52,47,5,6,0,0.94,13.88671875,0,0,0,0,0,3555,256,16,0,0,9.0625,0,
window_noisy,window,none,fidelity,True,True,16,iid,0.1,0,s040,3,46.0,37.391304347826086,34.0,73.0,56,36,33,3,6,0,0.66,14.0703125,0,0,0,0,0,3602,256,16,0,0,9.125,2,
window_noisy,window,none,fidelity,True,True,16,iid,0.1,0,s040,4,38.75,22.1195652173913,10.0,85.5,56,51,45,6,6,0,0.9,14.6328125,0,0,0,0,0,3746,256,16,0,0,8.375,2,
window_noisy,window,none,fidelity,True,True,16,iid,0.1,0,s040,5,40.0,27.8804347826087,14.000000000000002,86.0,56,49,43,6,6,0,0.86,14.62109375,0,0,0,0,0,3743,256,16,0,0,8.0625,0,
window_noisy,window,none,fidelity,True,True,16,iid,0.1,0,s040,6,26.25,12.771739130434783,16.0,63.0,56,45,42,3,6,0,0.84,13.08984375,0,0,0,0,0,3351,256,16,0,0,8.0625,1,
window_noisy,window,none,fidelity,True,True,16,iid,0.1,0,s040,7,26.25,15.108695652173914,10.0,78.5,56,49,45,4,6,0,0.9,12.62890625,0,0,0,0,0,3233,256,16,0,0,7.5,2,
window_noisy,window,none,fidelity,True,True,16,iid,0.1,0,s040,8,33.25,19.78260869565217,20.0,84.5,56,46,40,6,6,0,0.8,12.7421875,0,0,0,0,0,3262,256,16,0,0,8.6875,3,94.0
window_noisy,window,none,fidelity,True,True,16,iid,0.1,1,s040,2,15.250000000000002,3.423913043478259,6.0,60.0,56,48,47,1,6,0,0.94,13.828125,0,0,0,0,0,3540,256,16,0,0,9.5625,0,
window_noisy,window,none,fidelity,True,True,16,iid,0.1,1,s040,3,46.0,30.217391304347828,22.0,82.5,56,45,39,6,6,0,0.78,14.4609375,0,0,0,0,0,3702,256,16,0,0,7.9375,2,
window_noisy,window,none,fidelity,True,True,16,iid,0.1,1,s040,4,34.75,19.78260869565217,6.0,95.5,56,53,47,6,6,0,0.94,14.38671875,0,0,0,0,0,3683,256,16,0,0,7.5,1,
window_noisy,window,none,fidelity,True,True,16,iid,0.1,1,s040,5,34.75,22.1195652173913,12.0,89.0,56,48,44,4,6,0,0.88,14.48046875,0,0,0,0,0,3707,256,16,0,0,8.8125,0,
window_noisy,window,none,fidelity,True,True,16,iid,0.1,1,s040,6,35.0,22.1195652173913,6.0,85.5,56,52,47,5,6,0,0.94,13.98828125,0,0,0,0,0,3581,256,16,0,0,7.5,2,
window_noisy,window,none,fidelity,True,True,16,iid,0.1,1,s040,7,31.75,14.021739130434783,4.0,94.5,56,53,48,5,6,0,0.96,13.61328125,0,0,0,0,0,3485,256,16,0,0,7.5,0,
window_noisy,window,none,fidelity,True,True,16,iid,0.1,1,s040,8,27.5,10.434782608695654,16.0,81.5,56,45,42,3,6,0,0.84,12.69921875,0,0,0,0,0,3251,256,16,0,0,11.6875,1,84.0
window_noisy,window,none,fidelity,True,True,16,iid,0.1,2,s040,2,26.0,19.78260869565217,12.0,75.0,56,49,44,5,6,0,0.88,13.8828125,0,0,0,0,0,3554,256,16,0,0,8.8125,1,
window_noisy,window,none,fidelity,True,True,16,iid,0.1,2,s040,3,41.75,29.130434782608692,24.0,77.5,56,43,38,5,6,0,0.76,14.05078125,0,0,0,0,0,3597,256,16,0,0,9.125,2,
window_noisy,window,none,fidelity,True,True,16,iid,0.1,2,s040,4,38.25,27.8804347826087,10.0,82.0,56,48,45,3,6,0,0.9,14.58203125,0,0,0,0,0,3733,256,16,0,0,9.0,2,
window_noisy,window,none,fidelity,True,True,16,iid,0.1,2,s040,5,29.75,16.195652173913043,12.0,80.0,56,49,44,5,6,0,0.88,14.4765625,0,0,0,0,0,3706,256,16,0,0,8.4375,3,
window_noisy,window,none,fidelity,True,True,16,iid,0.1,2,s040,6,29.25,18.53260869565217,12.0,77.0,56,49,44,5,6,0,0.88,13.86328125,0,0,0,0,0,3549,256,16,0,0,8.375,0,
window_noisy,window,none,fidelity,True,True,16,iid,0.1,2,s040,7,20.75,5.597826086956524,10.0,77.0,56,47,45,2,6,0,0.9,12.7109375,0,0,0,0,0,3254,256,16,0,0,7.625,1,
window_noisy,window,none,fidelity,True,True,16,iid,0.1,2,s040,8,36.0,19.78260869565217,24.0,77.0,56,44,38,6,6,0,0.76,13.1875,0,0,0,0,0,3376,256,16,0,0,11.1875,1,12.0
aeqkad_noisy,window,full,fidelity,True,True,16,iid,0.1,0,s040,2,17.250000000000004,7.01086956521739,12.0,46.5,56,39,38,1,6,0,0.76,13.6171875,49,10,0,0,0,3486,256,16,0,0,10.3125,0,
aeqkad_noisy,window,full,fidelity,True,True,16,iid,0.1,0,s040,3,56.00000000000001,43.91304347826088,64.0,45.0,56,11,10,1,6,0,0.2,10.9921875,20,8,0,0,1,2814,256,16,0,0,27.0,1,
aeqkad_noisy,window,full,fidelity,True,True,16,iid,0.1,0,s040,4,39.5,24.456521739130437,28.000000000000004,74.0,56,33,31,2,6,0,0.62,12.5390625,41,8,0,0,0,3210,256,16,0,0,9.125,1,
aeqkad_noisy,window,full,fidelity,True,True,16,iid,0.1,0,s040,5,37.75,22.1195652173913,18.0,69.0,56,27,27,0,6,0,0.54,12.515625,46,19,0,0,0,3204,256,16,0,0,14.0625,0,
aeqkad_noisy,window,full,fidelity,True,True,16,iid,0.1,0,s040,6,29.500000000000004,9.184782608695654,24.0,54.0,56,33,32,1,6,0,0.64,11.60546875,41,8,0,0,0,2971,256,16,0,0,10.375,0,
aeqkad_noisy,window,full,fidelity,True,True,16,iid,0.1,0,s040,7,26.5,10.434782608695654,12.0,63.0,56,39,37,2,6,0,0.74,10.91015625,47,8,0,0,0,2793,256,16,0,0,10.5,1,
aeqkad_noisy,window,full,fidelity,True,True,16,iid,0.1,0,s040,8,35.0,10.434782608695654,28.000000000000004,54.0,56,34,32,2,6,0,0.64,11.46875,40,6,0,0,0,2936,256,16,0,0,12.375,2,82.0
aeqkad_noisy,window,full,fidelity,True,True,16,iid,0.1,1,s040,2,15.000000000000002,3.423913043478259,10.0,56.99999999999999,56,41,41,0,6,0,0.82,13.12109375,46,5,0,0,0,3359,256,16,0,0,10.5,0,
aeqkad_noisy,window,full,fidelity,True,True,16,iid,0.1,1,s040,3,54.0,51.08695652173913,50.0,66.5,56,19,16,3,6,0,0.32,12.78125,29,10,0,0,0,3272,256,16,0,0,10.8125,2,
aeqkad_noisy,window,full,fidelity,True,True,16,iid,0.1,1,s040,4,33.25,22.1195652173913,8.0,81.5,56,37,34,3,6,0,0.68,12.8984375,51,14,0,0,0,3302,256,16,0,0,8.875,1,
aeqkad_noisy,window,full,fidelity,True,True,16,iid,0.1,1,s040,5,32.49999999999999,22.1195652173913,12.0,83.0,56,37,35,2,6,0,0.7,13.43359375,48,11,0,0,0,3439,256,16,0,0,10.25,0,
aeqkad_noisy,window,full,fidelity,True,True,16,iid,0.1,1,s040,6,34.5,21.03260869565217,8.0,81.0,56,39,35,4,6,0,0.7,12.9140625,50,11,0,0,0,3306,256,16,0,0,9.6875,2,
aeqkad_noisy,window,full,fidelity,True,True,16,iid,0.1,1,s040,7,26.0,15.108695652173914,8.0,84.0,56,42,41,1,6,0,0.82,11.80078125,52,10,0,0,0,3021,256,16,0,0,7.9375,0,
aeqkad_noisy,window,full,fidelity,True,True,16,iid,0.1,1,s040,8,32.75,15.108695652173914,24.0,77.5,56,35,33,2,6,0,0.66,11.73828125,42,7,0,0,0,3005,256,16,0,0,15.0625,1,78.0
aeqkad_noisy,window,full,fidelity,True,True,16,iid,0.1,2,s040,2,20.75,9.347826086956523,12.0,68.0,56,42,40,2,6,0,0.8,13.7421875,49,7,2,0,0,3518,256,16,0,0,9.5,0,
aeqkad_noisy,window,full,fidelity,True,True,16,iid,0.1,2,s040,3,54.0,51.08695652173913,56.00000000000001,53.0,56,18,16,2,6,0,0.32,12.3515625,26,8,2,0,0,3162,256,16,0,0,11.125,2,
aeqkad_noisy,window,full,fidelity,True,True,16,iid,0.1,2,s040,4,43.00000000000001,34.891304347826086,22.0,82.0,56,36,34,2,6,0,0.68,13.03515625,42,6,5,0,0,3337,256,16,0,0,9.875,1,
aeqkad_noisy,window,full,fidelity,True,True,16,iid,0.1,2,s040,5,32.0,20.869565217391305,12.0,77.0,56,37,35,2,6,0,0.7,13.89453125,48,11,0,0,0,3557,256,16,0,0,12.375,0,
aeqkad_noisy,window,full,fidelity,True,True,16,iid,0.1,2,s040,6,23.75,10.434782608695654,18.0,57.49999999999999,56,36,35,1,6,0,0.7,12.66015625,45,9,3,0,0,3241,256,16,0,0,9.8125,0,
aeqkad_noisy,window,full,fidelity,True,True,16,iid,0.1,2,s040,7,21.75,12.934782608695656,10.0,68.0,56,41,41,0,6,0,0.82,11.6171875,48,7,3,0,0,2974,256,16,0,0,8.9375,0,
aeqkad_noisy,window,full,fidelity,True,True,16,iid,0.1,2,s040,8,30.999999999999996,10.434782608695654,28.000000000000004,52.5,56,33,33,0,6,0,0.66,11.94921875,39,6,2,0,0,3059,256,16,0,0,12.0625,0,68.0
mm_noisy,mm,full,fidelity,True,True,16,iid,0.1,0,s040,2,48.25,57.01086956521739,10.0,90.0,56,9,9,0,6,0,0.18,16.0,51,42,0,0,0,4096,256,16,1,16,85.6875,0,
mm_noisy,mm,full,fidelity,True,True,16,iid,0.1,0,s040,3,30.999999999999996,18.695652173913043,8.0,90.5,56,32,30,2,6,0,0.6,16.0,52,20,0,0,0,4096,256,16,1,16,141.6875,0,
mm_noisy,mm,full,fidelity,True,True,16,iid,0.1,0,s040,4,28.500000000000004,24.456521739130437,2.0,92.0,56,33,33,0,6,0,0.66,15.97265625,55,22,0,0,0,4089,256,16,1,5,65.6875,0,
mm_noisy,mm,full,fidelity,True,True,16,iid,0.1,0,s040,5,31.499999999999996,15.108695652173914,10.0,81.5,56,31,31,0,6,0,0.62,16.0,51,20,0,0,0,4096,256,16,1,1,63.1875,0,
mm_noisy,mm,full,fidelity,True,True,16,iid,0.1,0,s040,6,30.25,13.858695652173914,10.0,88.5,56,40,37,3,6,0,0.74,16.0,50,10,0,0,0,4096,256,16,1,1,72.125,2,
mm_noisy,mm,full,fidelity,True,True,16,iid,0.1,0,s040,7,28.75,16.195652173913043,4.0,94.0,56,47,43,4,6,0,0.86,15.8046875,53,6,0,0,0,4046,256,16,1,1,49.9375,3,
mm_noisy,mm,full,fidelity,True,True,16,iid,0.1,0,s040,8,44.99999999999999,42.82608695652174,18.0,94.5,56,39,34,5,6,0,0.68,16.0,47,8,0,0,0,4096,256,16,1,1,65.0625,3,100.0
mm_noisy,mm,full,fidelity,True,True,16,iid,0.1,1,s040,2,54.25,60.434782608695656,4.0,99.0,56,13,11,2,6,0,0.22,16.0,54,41,0,0,0,4096,256,16,1,15,82.3125,1,
mm_noisy,mm,full,fidelity,True,True,16,iid,0.1,1,s040,3,30.25,15.108695652173914,2.0,96.0,56,35,34,1,6,0,0.68,16.0,55,20,0,0,0,4096,256,16,1,14,131.375,1,
mm_noisy,mm,full,fidelity,True,True,16,iid,0.1,1,s040,4,30.75,20.869565217391305,2.0,95.0,56,41,39,2,6,0,0.78,15.84765625,55,14,0,0,0,4057,256,16,1,1,32.25,1,
mm_noisy,mm,full,fidelity,True,True,16,iid,0.1,1,s040,5,38.75,26.79347826086957,8.0,97.0,56,42,39,3,6,0,0.78,15.94140625,51,9,0,0,0,4081,256,16,1,1,57.875,2,
mm_noisy,mm,full,fidelity,True,True,16,iid,0.1,1,s040,6,37.25,37.22826086956522,2.0,98.5,56,46,42,4,6,0,0.84,16.0,55,9,0,0,0,4096,256,16,1,1,61.125,1,
mm_noisy,mm,full,fidelity,True,True,16,iid,0.1,1,s040,7,32.75,24.456521739130437,2.0,100.0,56,48,44,4,6,0,0.88,16.0,55,7,0,0,0,4096,256,16,1,1,50.5,4,
mm_noisy,mm,full,fidelity,True,True,16,iid,0.1,1,s040,8,34.25,18.53260869565217,6.0,99.5,56,43,38,5,6,0,0.76,16.0,53,10,0,0,0,4096,256,16,1,1,56.9375,3,100.0
mm_noisy,mm,full,fidelity,True,True,16,iid,0.1,2,s040,2,33.5,20.869565217391305,4.0,94.0,56,36,34,2,6,0,0.68,16.0,53,17,2,0,0,4096,256,16,1,15,82.75,0,
mm_noisy,mm,full,fidelity,True,True,16,iid,0.1,2,s040,3,39.5,30.217391304347828,12.0,93.5,56,39,34,5,6,0,0.68,16.0,50,11,9,0,0,4096,256,16,1,4,48.0625,3,
mm_noisy,mm,full,fidelity,True,True,16,iid,0.1,2,s040,4,42.25,32.55434782608696,10.0,92.5,56,41,38,3,6,0,0.76,15.8515625,48,7,3,0,0,4058,256,16,1,1,49.125,2,
mm_noisy,mm,full,fidelity,True,True,16,iid,0.1,2,s040,5,39.5,25.543478260869566,12.0,90.5,56,41,36,5,6,0,0.72,16.0,50,9,8,0,0,4096,256,16,1,1,57.8125,4,
mm_noisy,mm,full,fidelity,True,True,16,iid,0.1,2,s040,6,44.75,39.56521739130434,8.0,92.0,56,44,40,4,6,0,0.8,16.0,52,7,16,0,1,4096,256,16,1,1,48.9375,5,
mm_noisy,mm,full,fidelity,True,True,16,iid,0.1,2,s040,7,47.75,36.141304347826086,6.0,96.0,56,47,44,3,6,0,0.88,15.99609375,52,5,6,0,0,4095,256,16,1,1,65.125,5,
mm_noisy,mm,full,fidelity,True,True,16,iid,0.1,2,s040,8,33.5,27.8804347826087,12.0,89.0,56,42,37,5,6,0,0.74,15.99609375,50,8,8,0,0,4095,256,16,1,1,56.8125,4,96.0
static_noisy,static,none,fidelity,True,True,16,iid,0.1,0,s041,2,33.75,24.456521739130437,10.0,75.0,56,0,0,0,6,0,0.0,40.0,0,0,0,0,0,10240,256,50,0,50,81.5,0,
static_noisy,static,none,fidelity,True,True,16,iid,0.1,0,s041,3,48.0,52.33695652173913,2.0,73.0,56,0,0,0,6,0,0.0,40.0,0,0,0,0,0,10240,256,50,0,50,137.5,0,
static_noisy,static,none,fidelity,True,True,16,iid,0.1,0,s041,4,31.25,27.8804347826087,8.0,72.5,56,0,0,0,6,0,0.0,40.0,0,0,0,0,0,10240,256,50,0,50,193.5,0,
static_noisy,static,none,fidelity,True,True,16,iid,0.1,0,s041,5,35.75,35.05434782608695,8.0,76.5,56,0,0,0,6,0,0.0,40.0,0,0,0,0,0,10240,256,50,0,50,249.5,0,
static_noisy,static,none,fidelity,True,True,16,iid,0.1,0,s041,6,41.75,42.98913043478261,10.0,74.0,56,0,0,0,6,0,0.0,40.0,0,0,0,0,0,10240,256,50,0,50,305.5,0,
static_noisy,static,none,fidelity,True,True,16,iid,0.1,0,s041,7,31.499999999999996,23.20652173913043,6.0,71.0,56,0,0,0,6,0,0.0,40.0,0,0,0,0,0,10240,256,50,0,50,361.5,0,
static_noisy,static,none,fidelity,True,True,16,iid,0.1,0,s041,8,42.25,41.90217391304347,4.0,70.0,56,0,0,0,6,0,0.0,40.0,0,0,0,0,0,10240,256,50,0,50,417.5,0,72.0
static_noisy,static,none,fidelity,True,True,16,iid,0.1,1,s041,2,32.49999999999999,22.1195652173913,8.0,64.5,56,0,0,0,6,0,0.0,42.0,0,0,0,0,0,10752,256,50,0,50,81.5,0,
static_noisy,static,none,fidelity,True,True,16,iid,0.1,1,s041,3,42.25,38.47826086956522,12.0,65.5,56,0,0,0,6,0,0.0,42.0,0,0,0,0,0,10752,256,50,0,50,137.5,0,
static_noisy,static,none,fidelity,True,True,16,iid,0.1,1,s041,4,29.75,26.6304347826087,6.0,65.5,56,0,0,0,6,0,0.0,42.0,0,0,0,0,0,10752,256,50,0,50,193.5,0,
static_noisy,static,none,fidelity,True,True,16,iid,0.1,1,s041,5,40.0,37.22826086956522,8.0,70.0,56,0,0,0,6,0,0.0,42.0,0,0,0,0,0,10752,256,50,0,50,249.5,0,
static_noisy,static,none,fidelity,True,True,16,iid,0.1,1,s041,6,42.25,47.5,6.0,72.0,56,0,0,0,6,0,0.0,42.0,0,0,0,0,0,10752,256,50,0,50,305.5,0,
static_noisy,static,none,fidelity,True,True,16,iid,0.1,1,s041,7,34.5,26.79347826086957,10.0,63.5,56,0,0,0,6,0,0.0,42.0,0,0,0,0,0,10752,256,50,0,50,361.5,0,
static_noisy,static,none,fidelity,True,True,16,iid,0.1,1,s041,8,41.75,50.92391304347825,4.0,70.5,56,0,0,0,6,0,0.0,42.0,0,0,0,0,0,10752,256,50,0,50,417.5,0,32.0
static_noisy,static,none,fidelity,True,True,16,iid,0.1,2,s041,2,35.75,25.543478260869566,8.0,71.5,56,0,0,0,6,0,0.0,42.0,0,0,0,0,0,10752,256,50,0,50,81.5,0,
static_noisy,static,none,fidelity,True,True,16,iid,0.1,2,s041,3,46.0,44.40217391304348,14.000000000000002,64.5,56,0,0,0,6,0,0.0,42.0,0,0,0,0,0,10752,256,50,0,50,137.5,0,
static_noisy,static,none,fidelity,True,True,16,iid,0.1,2,s041,4,31.75,23.20652173913043,6.0,67.0,56,0,0,0,6,0,0.0,42.0,0,0,0,0,0,10752,256,50,0,50,193.5,0,
static_noisy,static,none,fidelity,True,True,16,iid,0.1,2,s041,5,39.0,37.391304347826086,6.0,74.0,56,0,0,0,6,0,0.0,42.0,0,0,0,0,0,10752,256,50,0,50,249.5,0,
static_noisy,static,none,fidelity,True,True,16,iid,0.1,2,s041,6,44.49999999999999,48.75,14.000000000000002,73.0,56,0,0,0,6,0,0.0,42.0,0,0,0,0,0,10752,256,50,0,50,305.5,0,
static_noisy,static,none,fidelity,True,True,16,iid,0.1,2,s041,7,33.75,24.456521739130437,6.0,71.0,56,0,0,0,6,0,0.0,42.0,0,0,0,0,0,10752,256,50,0,50,361.5,0,
static_noisy,static,none,fidelity,True,True,16,iid,0.1,2,s041,8,42.25,39.56521739130434,10.0,69.5,56,0,0,0,6,0,0.0,42.0,0,0,0,0,0,10752,256,50,0,50,417.5,0,20.0
window_noisy,window,none,fidelity,True,True,16,iid,0.1,0,s041,2,32.25,24.456521739130437,18.0,57.49999999999999,56,45,41,4,6,0,0.82,15.625,0,0,0,0,0,4000,256,16,0,0,9.5625,1,
window_noisy,window,none,fidelity,True,True,16,iid,0.1,0,s041,3,16.500000000000004,1.25,6.0,27.0,56,48,47,1,6,0,0.94,14.02734375,0,0,0,0,0,3591,256,16,0,0,8.4375,0,
window_noisy,window,none,fidelity,True,True,16,iid,0.1,0,s041,4,20.0,2.33695652173913,22.0,18.0,56,40,39,1,6,0,0.78,13.58203125,0,0,0,0,0,3477,256,16,0,0,11.375,0,
window_noisy,window,none,fidelity,True,True,16,iid,0.1,0,s041,5,17.750000000000004,0.0,14.000000000000002,27.500000000000004,56,43,43,0,6,0,0.86,12.40234375,0,0,0,0,0,3175,256,16,0,0,12.0,0,
window_noisy,window,none,fidelity,True,True,16,iid,0.1,0,s041,6,23.0,3.58695652173913,20.0,41.0,56,43,40,3,6,0,0.8,13.0390625,0,0,0,0,0,3338,256,16,0,0,11.0625,1,
window_noisy,window,none,fidelity,True,True,16,iid,0.1,0,s041,7,19.25,8.097826086956525,12.0,52.0,56,45,44,1,6,0,0.88,11.61328125,0,0,0,0,0,2973,256,16,0,0,9.375,0,
window_noisy,window,none,fidelity,True,True,16,iid,0.1,0,s041,8,19.75,3.58695652173913,20.0,15.0,56,40,40,0,6,0,0.8,13.09765625,0,0,0,0,0,3353,256,16,0,0,9.25,0,12.0
window_noisy,window,none,fidelity,True,True,16,iid,0.1,1,s041,2,21.5,12.771739130434783,14.000000000000002,44.5,56,45,43,2,6,0,0.86,15.36328125,0,0,0,0,0,3933,256,16,0,0,10.9375,1,
window_noisy,window,none,fidelity,True,True,16,iid,0.1,1,s041,3,10.499999999999998,0.0,6.0,23.5,56,48,47,1,6,0,0.94,14.19140625,0,0,0,0,0,3633,256,16,0,0,8.5,0,
window_noisy,window,none,fidelity,True,True,16,iid,0.1,1,s041,4,21.75,4.67391304347826,18.0,31.5,56,42,41,1,6,0,0.82,13.57421875,0,0,0,0,0,3475,256,16,0,0,10.5625,1,
window_noisy,window,none,fidelity,True,True,16,iid,0.1,1,s041,5,14.000000000000002,0.0,10.0,30.5,56,48,45,3,6,0,0.9,12.96875,0,0,0,0,0,3320,256,16,0,0,9.125,0,
window_noisy,window,none,fidelity,True,True,16,iid,0.1,1,s041,6,23.5,1.0869565217391297,18.0,36.5,56,44,41,3,6,0,0.82,13.43359375,0,0,0,0,0,3439,256,16,0,0,11.75,0,
window_noisy,window,none,fidelity,True,True,16,iid,0.1,1,s041,7,17.250000000000004,7.01086956521739,8.0,53.5,56,48,46,2,6,0,0.92,12.19140625,0,0,0,0,0,3121,256,16,0,0,9.0,1,
window_noisy,window,none,fidelity,True,True,16,iid,0.1,1,s041,8,24.0,8.097826086956525,12.0,47.5,56,47,44,3,6,0,0.88,13.6171875,0,0,0,0,0,3486,256,16,0,0,8.9375,1,50.0
window_noisy,window,none,fidelity,True,True,16,iid,0.1,2,s041,2,31.75,27.8804347826087,18.0,57.99999999999999,56,45,41,4,6,0,0.82,15.65625,0,0,0,0,0,4008,256,16,0,0,9.1875,1,
window_noisy,window,none,fidelity,True,True,16,iid,0.1,2,s041,3,17.750000000000004,1.25,6.0,30.0,56,49,47,2,6,0,0.94,14.1796875,0,0,0,0,0,3630,256,16,0,0,8.8125,0,
window_noisy,window,none,fidelity,True,True,16,iid,0.1,2,s041,4,22.0,10.434782608695654,18.0,51.5,56,45,41,4,6,0,0.82,13.71484375,0,0,0,0,0,3511,256,16,0,0,11.0625,0,
window_noisy,window,none,fidelity,True,True,16,iid,0.1,2,s041,5,14.250000000000002,1.25,14.000000000000002,24.0,56,46,43,3,6,0,0.86,12.8359375,0,0,0,0,0,3286,256,16,0,0,10.9375,0,
window_noisy,window,none,fidelity,True,True,16,iid,0.1,2,s041,6,20.25,3.423913043478259,18.0,31.5,56,41,41,0,6,0,0.82,12.98046875,0,0,0,0,0,3323,256,16,0,0,12.0,0,
window_noisy,window,none,fidelity,True,True,16,iid,0.1,2,s041,7,25.75,16.195652173913043,12.0,55.50000000000001,56,47,44,3,6,0,0.88,11.8828125,0,0,0,0,0,3042,256,16,0,0,9.875,0,
window_noisy,window,none,fidelity,True,True,16,iid,0.1,2,s041,8,22.5,5.760869565217389,20.0,17.0,56,40,40,0,6,0,0.8,13.05078125,0,0,0,0,0,3341,256,16,0,0,8.9375,0,2.0
aeqkad_noisy,window,full,fidelity,True,True,16,iid,0.1,0,s041,2,26.0,11.684782608695654,12.0,40.5,56,34,33,1,6,0,0.66,15.546875,48,14,15,0,0,3980,256,16,0,0,9.8125,0,
aeqkad_noisy,window,full,fidelity,True,True,16,iid,0.1,0,s041,3,18.250000000000004,1.25,12.0,22.5,56,37,37,0,6,0,0.74,13.0546875,46,9,13,0,0,3342,256,16,0,0,11.0,0,
aeqkad_noisy,window,full,fidelity,True,True,16,iid,0.1,0,s041,4,16.500000000000004,1.0869565217391297,20.0,10.0,56,36,36,0,6,0,0.72,12.74609375,41,5,13,0,0,3263,256,16,0,0,11.375,0,
aeqkad_noisy,window,full,fidelity,True,True,16,iid,0.1,0,s041,5,19.75,0.0,16.0,25.0,56,34,34,0,6,0,0.68,11.453125,43,9,21,0,0,2932,256,16,0,0,13.625,0,
aeqkad_noisy,window,full,fidelity,True,True,16,iid,0.1,0,s041,6,26.0,4.83695652173913,18.0,43.0,56,39,37,2,6,0,0.74,12.48828125,44,5,17,0,0,3197,256,16,0,0,12.25,0,
aeqkad_noisy,window,full,fidelity,True,True,16,iid,0.1,0,s041,7,24.5,7.01086956521739,16.0,34.5,56,40,39,1,6,0,0.78,11.78515625,43,3,15,0,0,3017,256,16,0,0,9.375,0,
aeqkad_noisy,window,full,fidelity,True,True,16,iid,0.1,0,s041,8,22.25,6.847826086956524,26.0,12.5,56,34,34,0,6,0,0.68,12.1875,37,3,19,0,0,3120,256,16,0,0,10.4375,0,6.0
aeqkad_noisy,window,full,fidelity,True,True,16,iid,0.1,1,s041,2,23.5,15.108695652173914,14.000000000000002,40.5,56,34,33,1,6,0,0.66,15.359375,46,11,0,0,1,3932,256,16,0,0,11.8125,0,
aeqkad_noisy,window,full,fidelity,True,True,16,iid,0.1,1,s041,3,13.750000000000002,0.0,12.0,18.0,56,37,37,0,6,0,0.74,13.1796875,45,8,0,0,0,3374,256,16,0,0,10.625,0,
aeqkad_noisy,window,full,fidelity,True,True,16,iid,0.1,1,s041,4,21.25,2.33695652173913,20.0,15.0,56,36,35,1,6,0,0.7,12.51171875,41,5,0,0,0,3203,256,16,0,0,10.5625,1,
aeqkad_noisy,window,full,fidelity,True,True,16,iid,0.1,1,s041,5,21.25,0.0,14.000000000000002,29.5,56,36,35,1,6,0,0.7,11.08203125,46,10,1,0,0,2837,256,16,0,0,13.0,0,
aeqkad_noisy,window,full,fidelity,True,True,16,iid,0.1,1,s041,6,21.0,1.0869565217391297,18.0,31.0,56,35,34,1,6,0,0.68,12.3984375,44,9,0,0,0,3174,256,16,0,0,14.3125,0,
aeqkad_noisy,window,full,fidelity,True,True,16,iid,0.1,1,s041,7,21.75,5.760869565217389,14.000000000000002,32.0,56,39,39,0,6,0,0.78,11.5546875,43,4,1,0,0,2958,256,16,0,0,10.3125,0,
aeqkad_noisy,window,full,fidelity,True,True,16,iid,0.1,1,s041,8,24.25,10.434782608695654,24.0,32.0,56,35,34,1,6,0,0.68,12.40625,41,6,0,0,0,3176,256,16,0,0,10.5,0,0.0
aeqkad_noisy,window,full,fidelity,True,True,16,iid,0.1,2,s041,2,34.5,23.3695652173913,14.000000000000002,55.50000000000001,56,34,30,4,6,0,0.6,15.453125,48,14,9,0,0,3956,256,16,0,0,9.625,0,
aeqkad_noisy,window,full,fidelity,True,True,16,iid,0.1,2,s041,3,20.0,2.33695652173913,12.0,22.0,56,38,37,1,6,0,0.74,12.66796875,46,8,6,0,0,3243,256,16,0,0,11.25,0,
aeqkad_noisy,window,full,fidelity,True,True,16,iid,0.1,2,s041,4,18.25,2.33695652173913,20.0,17.5,56,35,35,0,6,0,0.7,12.4453125,41,6,7,0,0,3186,256,16,0,0,11.0625,0,
aeqkad_noisy,window,full,fidelity,True,True,16,iid,0.1,2,s041,5,19.000000000000004,2.33695652173913,16.0,20.0,56,35,34,1,6,0,0.68,11.4765625,45,10,16,0,0,2938,256,16,0,0,12.4375,0,
aeqkad_noisy,window,full,fidelity,True,True,16,iid,0.1,2,s041,6,23.25,2.33695652173913,18.0,30.5,56,35,35,0,6,0,0.7,12.46484375,42,7,9,0,0,3191,256,16,0,0,14.625,0,
aeqkad_noisy,window,full,fidelity,True,True,16,iid,0.1,2,s041,7,21.75,7.01086956521739,14.000000000000002,31.5,56,39,39,0,6,0,0.78,11.64453125,45,6,10,0,0,2981,256,16,0,0,9.875,0,
aeqkad_noisy,window,full,fidelity,True,True,16,iid,0.1,2,s041,8,22.25,11.684782608695654,24.0,15.0,56,34,34,0,6,0,0.68,12.1015625,38,4,12,0,0,3098,256,16,0,0,10.25,0,2.0
mm_noisy,mm,full,fidelity,True,True,16,iid,0.1,0,s041,2,30.999999999999996,20.869565217391305,10.0,63.5,56,31,28,3,6,0,0.56,16.0,50,19,14,0,0,4096,256,16,1,15,85.5625,0,
mm_noisy,mm,full,fidelity,True,True,16,iid,0.1,0,s041,3,36.75,42.98913043478261,16.0,60.0,56,28,27,1,6,0,0.54,16.0,46,18,17,0,0,4096,256,16,1,10,93.3125,0,
mm_noisy,mm,full,fidelity,True,True,16,iid,0.1,0,s041,4,19.75,2.33695652173913,12.0,30.0,56,38,38,0,6,0,0.76,15.60546875,46,7,29,0,1,3995,256,16,1,1,37.875,0,
mm_noisy,mm,full,fidelity,True,True,16,iid,0.1,0,s041,5,16.500000000000004,4.67391304347826,6.0,41.0,56,41,41,0,6,0,0.82,15.9765625,48,7,29,0,0,4090,256,16,1,1,65.0625,0,
mm_noisy,mm,full,fidelity,True,True,16,iid,0.1,0,s041,6,24.75,8.097826086956525,16.0,61.5,56,41,39,2,6,0,0.78,16.0,45,4,29,0,0,4096,256,16,1,1,64.625,1,
mm_noisy,mm,full,fidelity,True,True,16,iid,0.1,0,s041,7,22.25,10.434782608695654,8.0,81.5,56,46,44,2,6,0,0.88,15.69140625,50,3,35,0,1,4017,256,16,1,1,56.875,2,
mm_noisy,mm,full,fidelity,True,True,16,iid,0.1,0,s041,8,30.75,18.53260869565217,18.0,80.5,56,37,37,0,6,0,0.74,15.5703125,47,4,35,0,6,3986,256,16,1,1,75.8125,2,72.0
mm_noisy,mm,full,fidelity,True,True,16,iid,0.1,1,s041,2,35.5,30.217391304347828,12.0,67.0,56,24,23,1,6,0,0.46,16.0,48,24,0,0,0,4096,256,16,1,15,81.125,0,
mm_noisy,mm,full,fidelity,True,True,16,iid,0.1,1,s041,3,44.49999999999999,44.239130434782616,18.0,68.5,56,17,16,1,6,0,0.32,16.0,45,28,0,0,0,4096,256,16,1,15,137.125,0,
mm_noisy,mm,full,fidelity,True,True,16,iid,0.1,1,s041,4,23.75,17.445652173913043,8.0,59.0,56,38,37,1,6,0,0.74,15.9765625,51,11,1,0,2,4090,256,16,1,3,55.6875,0,
mm_noisy,mm,full,fidelity,True,True,16,iid,0.1,1,s041,5,18.250000000000004,1.25,6.0,45.5,56,42,40,2,6,0,0.8,16.0,52,10,8,0,0,4096,256,16,1,1,54.375,2,
mm_noisy,mm,full,fidelity,True,True,16,iid,0.1,1,s041,6,22.0,5.923913043478259,14.000000000000002,49.0,56,41,39,2,6,0,0.78,16.0,46,5,5,0,0,4096,256,16,1,1,62.3125,2,
mm_noisy,mm,full,fidelity,True,True,16,iid,0.1,1,s041,7,20.0,10.434782608695654,6.0,62.5,56,46,45,1,6,0,0.9,15.921875,49,2,5,0,1,4076,256,16,1,1,49.4375,1,
mm_noisy,mm,full,fidelity,True,True,16,iid,0.1,1,s041,8,29.25,19.78260869565217,14.000000000000002,84.0,56,42,39,3,6,0,0.78,16.0,47,4,3,0,1,4096,256,16,1,1,59.0,2,57.99999999999999
mm_noisy,mm,full,fidelity,True,True,16,iid,0.1,2,s041,2,32.49999999999999,19.78260869565217,10.0,61.5,56,32,28,4,6,0,0.56,16.0,50,18,8,0,0,4096,256,16,1,16,87.8125,0,
mm_noisy,mm,full,fidelity,True,True,16,iid,0.1,2,s041,3,37.75,37.22826086956522,8.0,65.5,56,28,24,4,6,0,0.48,16.0,51,23,15,0,0,4096,256,16,1,11,96.5625,1,
mm_noisy,mm,full,fidelity,True,True,16,iid,0.1,2,s041,4,30.25,11.684782608695654,4.0,77.5,56,45,41,4,6,0,0.82,15.9453125,53,8,20,0,0,4082,256,16,1,1,40.8125,4,
mm_noisy,mm,full,fidelity,True,True,16,iid,0.1,2,s041,5,30.75,28.967391304347828,8.0,90.5,56,43,39,4,6,0,0.78,16.0,51,8,20,0,0,4096,256,16,1,1,67.4375,4,
mm_noisy,mm,full,fidelity,True,True,16,iid,0.1,2,s041,6,25.0,12.771739130434783,14.000000000000002,68.5,56,40,39,1,6,0,0.78,16.0,45,5,23,0,0,4096,256,16,1,1,73.1875,1,
mm_noisy,mm,full,fidelity,True,True,16,iid,0.1,2,s041,7,14.500000000000002,3.58695652173913,8.0,51.5,56,44,44,0,6,0,0.88,15.921875,48,4,27,0,0,4076,256,16,1,1,69.25,0,
mm_noisy,mm,full,fidelity,True,True,16,iid,0.1,2,s041,8,18.750000000000004,5.923913043478259,14.000000000000002,36.0,56,38,38,0,6,0,0.76,15.94140625,44,5,21,0,1,4081,256,16,1,1,66.4375,0,22.0
static_noisy,static,none,fidelity,True,True,16,iid,0.1,0,s042,2,10.0,0.0,6.0,23.0,56,0,0,0,6,0,0.0,40.0,0,0,0,0,0,10240,256,50,0,50,81.5,0,
static_noisy,static,none,fidelity,True,True,16,iid,0.1,0,s042,3,15.750000000000004,7.01086956521739,8.0,29.0,56,0,0,0,6,0,0.0,40.0,0,0,0,0,0,10240,256,50,0,50,137.5,0,
static_noisy,static,none,fidelity,True,True,16,iid,0.1,0,s042,4,4.250000000000002,0.0,2.0,28.5,56,0,0,0,6,0,0.0,40.0,0,0,0,0,0,10240,256,50,0,50,193.5,0,
static_noisy,static,none,fidelity,True,True,16,iid,0.1,0,s042,5,4.500000000000003,0.0,4.0,26.5,56,0,0,0,6,0,0.0,40.0,0,0,0,0,0,10240,256,50,0,50,249.5,0,
static_noisy,static,none,fidelity,True,True,16,iid,0.1,0,s042,6,6.000000000000003,1.25,2.0,26.5,56,0,0,0,6,0,0.0,40.0,0,0,0,0,0,10240,256,50,0,50,305.5,0,
static_noisy,static,none,fidelity,True,True,16,iid,0.1,0,s042,7,7.999999999999999,0.0,0.0,29.0,56,0,0,0,6,0,0.0,40.0,0,0,0,0,0,10240,256,50,0,50,361.5,0,
static_noisy,static,none,fidelity,True,True,16,iid,0.1,0,s042,8,8.749999999999998,0.0,4.0,25.0,56,0,0,0,6,0,0.0,40.0,0,0,0,0,0,10240,256,50,0,50,417.5,0,6.0
static_noisy,static,none,fidelity,True,True,16,iid,0.1,1,s042,2,9.25,0.0,6.0,28.5,56,0,0,0,6,0,0.0,40.0,0,0,0,0,0,10240,256,50,0,50,81.5,0,
static_noisy,static,none,fidelity,True,True,16,iid,0.1,1,s042,3,13.25,7.01086956521739,6.0,23.0,56,0,0,0,6,0,0.0,40.0,0,0,0,0,0,10240,256,50,0,50,137.5,0,
static_noisy,static,none,fidelity,True,True,16,iid,0.1,1,s042,4,4.250000000000002,0.0,2.0,27.0,56,0,0,0,6,0,0.0,40.0,0,0,0,0,0,10240,256,50,0,50,193.5,0,
static_noisy,static,none,fidelity,True,True,16,iid,0.1,1,s042,5,4.250000000000003,0.0,4.0,25.0,56,0,0,0,6,0,0.0,40.0,0,0,0,0,0,10240,256,50,0,50,249.5,0,
static_noisy,static,none,fidelity,True,True,16,iid,0.1,1,s042,6,7.249999999999998,1.25,2.0,30.0,56,0,0,0,6,0,0.0,40.0,0,0,0,0,0,10240,256,50,0,50,305.5,0,
static_noisy,static,none,fidelity,True,True,16,iid,0.1,1,s042,7,7.999999999999999,1.25,0.0,32.0,56,0,0,0,6,0,0.0,40.0,0,0,0,0,0,10240,256,50,0,50,361.5,0,
static_noisy,static,none,fidelity,True,True,16,iid,0.1,1,s042,8,6.499999999999997,0.0,2.0,25.5,56,0,0,0,6,0,0.0,40.0,0,0,0,0,0,10240,256,50,0,50,417.5,0,4.0
static_noisy,static,none,fidelity,True,True,16,iid,0.1,2,s042,2,9.499999999999998,0.0,10.0,11.5,56,0,0,0,6,0,0.0,39.0,0,0,0,0,0,9984,256,50,0,50,81.5,0,
static_noisy,static,none,fidelity,True,True,16,iid,0.1,2,s042,3,15.750000000000004,4.510869565217389,18.0,14.000000000000002,56,0,0,0,6,0,0.0,39.0,0,0,0,0,0,9984,256,50,0,50,137.5,0,
static_noisy,static,none,fidelity,True,True,16,iid,0.1,2,s042,4,5.750000000000003,0.0,2.0,13.5,56,0,0,0,6,0,0.0,39.0,0,0,0,0,0,9984,256,50,0,50,193.5,0,
static_noisy,static,none,fidelity,True,True,16,iid,0.1,2,s042,5,4.500000000000003,0.0,6.0,13.0,56,0,0,0,6,0,0.0,39.0,0,0,0,0,0,9984,256,50,0,50,249.5,0,
static_noisy,static,none,fidelity,True,True,16,iid,0.1,2,s042,6,8.75,1.25,2.0,14.499999999999998,56,0,0,0,6,0,0.0,39.0,0,0,0,0,0,9984,256,50,0,50,305.5,0,
static_noisy,static,none,fidelity,True,True,16,iid,0.1,2,s042,7,7.749999999999998,0.0,0.0,18.0,56,0,0,0,6,0,0.0,39.0,0,0,0,0,0,9984,256,50,0,50,361.5,0,
static_noisy,static,none,fidelity,True,True,16,iid,0.1,2,s042,8,9.499999999999996,0.0,8.0,10.5,56,0,0,0,6,0,0.0,39.0,0,0,0,0,0,9984,256,50,0,50,417.5,0,18.0
window_noisy,window,none,fidelity,True,True,16,iid,0.1,0,s042,2,4.750000000000003,0.0,6.0,14.000000000000002,56,49,47,2,6,0,0.94,13.109375,0,0,0,0,0,3356,256,16,0,0,9.1875,0,
window_noisy,window,none,fidelity,True,True,16,iid,0.1,0,s042,3,10.249999999999998,0.0,10.0,9.0,56,46,45,1,6,0,0.9,13.890625,0,0,0,0,0,3556,256,16,0,0,8.875,0,
window_noisy,window,none,fidelity,True,True,16,iid,0.1,0,s042,4,3.7500000000000018,0.0,2.0,8.0,56,49,49,0,6,0,0.98,11.8828125,0,0,0,0,0,3042,256,16,0,0,9.875,0,
window_noisy,window,none,fidelity,True,True,16,iid,0.1,0,s042,5,3.750000000000002,0.0,6.0,7.000000000000001,56,48,47,1,6,0,0.94,10.90234375,0,0,0,0,0,2791,256,16,0,0,8.3125,0,
window_noisy,window,none,fidelity,True,True,16,iid,0.1,0,s042,6,4.000000000000003,0.0,6.0,6.0,56,48,47,1,6,0,0.94,10.875,0,0,0,0,0,2784,256,16,0,0,9.875,0,
window_noisy,window,none,fidelity,True,True,16,iid,0.1,0,s042,7,5.500000000000003,0.0,0.0,10.5,56,50,50,0,6,0,1.0,13.47265625,0,0,0,0,0,3449,256,16,0,0,8.25,0,
window_noisy,window,none,fidelity,True,True,16,iid,0.1,0,s042,8,4.250000000000002,0.0,2.0,9.5,56,49,49,0,6,0,0.98,11.73828125,0,0,0,0,0,3005,256,16,0,0,8.1875,0,32.0
window_noisy,window,none,fidelity,True,True,16,iid,0.1,1,s042,2,6.000000000000003,0.0,6.0,9.0,56,47,47,0,6,0,0.94,13.1484375,0,0,0,0,0,3366,256,16,0,0,7.875,0,
window_noisy,window,none,fidelity,True,True,16,iid,0.1,1,s042,3,12.25,0.0,14.000000000000002,5.0,56,44,43,1,6,0,0.86,13.65625,0,0,0,0,0,3496,256,16,0,0,7.6875,0,
window_noisy,window,none,fidelity,True,True,16,iid,0.1,1,s042,4,3.7500000000000018,0.0,2.0,3.5000000000000004,56,49,49,0,6,0,0.98,12.140625,0,0,0,0,0,3108,256,16,0,0,8.5,0,
window_noisy,window,none,fidelity,True,True,16,iid,0.1,1,s042,5,3.500000000000002,0.0,6.0,2.5,56,47,47,0,6,0,0.94,10.51953125,0,0,0,0,0,2693,256,16,0,0,9.3125,0,
window_noisy,window,none,fidelity,True,True,16,iid,0.1,1,s042,6,5.000000000000003,0.0,6.0,4.0,56,47,47,0,6,0,0.94,11.00390625,0,0,0,0,0,2817,256,16,0,0,8.5625,0,
window_noisy,window,none,fidelity,True,True,16,iid,0.1,1,s042,7,4.500000000000002,0.0,2.0,6.5,56,49,49,0,6,0,0.98,13.15625,0,0,0,0,0,3368,256,16,0,0,10.125,0,
window_noisy,window,none,fidelity,True,True,16,iid,0.1,1,s042,8,2.500000000000001,0.0,2.0,4.5,56,49,49,0,6,0,0.98,11.80078125,0,0,0,0,0,3021,256,16,0,0,9.0625,0,0.0
window_noisy,window,none,fidelity,True,True,16,iid,0.1,2,s042,2,6.500000000000003,0.0,6.0,3.0,56,47,47,0,6,0,0.94,12.9921875,0,0,0,0,0,3326,256,16,0,0,8.3125,0,
window_noisy,window,none,fidelity,True,True,16,iid,0.1,2,s042,3,9.749999999999998,0.0,16.0,5.0,56,42,42,0,6,0,0.84,13.53515625,0,0,0,0,0,3465,256,16,0,0,8.875,0,
window_noisy,window,none,fidelity,True,True,16,iid,0.1,2,s042,4,3.7500000000000018,0.0,2.0,4.0,56,50,49,1,6,0,0.98,12.06640625,0,0,0,0,0,3089,256,16,0,0,10.6875,0,
window_noisy,window,none,fidelity,True,True,16,iid,0.1,2,s042,5,4.000000000000003,0.0,6.0,4.0,56,47,47,0,6,0,0.94,10.7578125,0,0,0,0,0,2754,256,16,0,0,9.1875,0,
window_noisy,window,none,fidelity,True,True,16,iid,0.1,2,s042,6,5.000000000000003,0.0,8.0,3.5000000000000004,56,46,46,0,6,0,0.92,10.73046875,0,0,0,0,0,2747,256,16,0,0,9.0,0,
window_noisy,window,none,fidelity,True,True,16,iid,0.1,2,s042,7,6.750000000000004,0.0,10.0,6.0,56,45,45,0,6,0,0.9,12.47265625,0,0,0,0,0,3193,256,16,0,0,8.375,0,
window_noisy,window,none,fidelity,True,True,16,iid,0.1,2,s042,8,2.500000000000001,0.0,2.0,3.5000000000000004,56,49,49,0,6,0,0.98,11.7734375,0,0,0,0,0,3014,256,16,0,0,9.4375,0,18.0
aeqkad_noisy,window,full,fidelity,True,True,16,iid,0.1,0,s042,2,4.750000000000003,0.0,6.0,7.5,56,40,40,0,6,0,0.8,12.8125,49,9,0,0,0,3280,256,16,0,0,11.25,0,
aeqkad_noisy,window,full,fidelity,True,True,16,iid,0.1,0,s042,3,10.999999999999998,0.0,20.0,4.5,56,33,33,0,6,0,0.66,12.05859375,41,8,0,0,0,3087,256,16,0,0,9.5,0,
aeqkad_noisy,window,full,fidelity,True,True,16,iid,0.1,0,s042,4,2.000000000000001,0.0,2.0,4.0,56,42,42,0,6,0,0.84,11.609375,49,7,0,0,0,2972,256,16,0,0,11.0,0,
aeqkad_noisy,window,full,fidelity,True,True,16,iid,0.1,0,s042,5,5.000000000000003,2.33695652173913,8.0,4.0,56,39,39,0,6,0,0.78,9.359375,47,8,0,0,0,2396,256,16,0,0,9.8125,0,
aeqkad_noisy,window,full,fidelity,True,True,16,iid,0.1,0,s042,6,5.000000000000003,0.0,6.0,6.0,56,44,44,0,6,0,0.88,10.26953125,48,4,0,0,0,2629,256,16,0,0,11.5,0,
aeqkad_noisy,window,full,fidelity,True,True,16,iid,0.1,0,s042,7,10.499999999999998,0.0,10.0,5.5,56,37,37,0,6,0,0.74,10.9921875,45,8,0,0,0,2814,256,16,0,0,8.25,0,
aeqkad_noisy,window,full,fidelity,True,True,16,iid,0.1,0,s042,8,2.000000000000001,0.0,2.0,4.5,56,45,45,0,6,0,0.9,11.51171875,49,4,0,0,0,2947,256,16,0,0,9.25,0,28.000000000000004
aeqkad_noisy,window,full,fidelity,True,True,16,iid,0.1,1,s042,2,5.500000000000003,0.0,6.0,8.0,56,42,42,0,6,0,0.84,12.8515625,47,5,0,0,0,3290,256,16,0,0,9.9375,0,
aeqkad_noisy,window,full,fidelity,True,True,16,iid,0.1,1,s042,3,9.749999999999998,0.0,22.0,4.5,56,33,33,0,6,0,0.66,11.75,40,7,0,0,0,3008,256,16,0,0,8.125,0,
aeqkad_noisy,window,full,fidelity,True,True,16,iid,0.1,1,s042,4,2.250000000000001,0.0,2.0,3.0,56,43,43,0,6,0,0.86,11.578125,49,6,0,0,0,2964,256,16,0,0,8.9375,0,
aeqkad_noisy,window,full,fidelity,True,True,16,iid,0.1,1,s042,5,5.000000000000003,0.0,8.0,2.5,56,43,43,0,6,0,0.86,10.29296875,46,3,0,0,0,2635,256,16,0,0,10.9375,0,
aeqkad_noisy,window,full,fidelity,True,True,16,iid,0.1,1,s042,6,4.750000000000003,0.0,6.0,3.5000000000000004,56,44,44,0,6,0,0.88,10.29296875,47,3,0,0,0,2635,256,16,0,0,10.1875,0,
aeqkad_noisy,window,full,fidelity,True,True,16,iid,0.1,1,s042,7,7.249999999999998,0.0,10.0,4.5,56,37,37,0,6,0,0.74,11.078125,46,9,0,0,0,2836,256,16,0,0,10.125,0,
aeqkad_noisy,window,full,fidelity,True,True,16,iid,0.1,1,s042,8,1.7500000000000009,0.0,2.0,3.5000000000000004,56,45,45,0,6,0,0.9,11.33203125,49,4,0,0,0,2901,256,16,0,0,10.1875,0,0.0
aeqkad_noisy,window,full,fidelity,True,True,16,iid,0.1,2,s042,2,7.2500000000000036,0.0,6.0,3.0,56,44,44,0,6,0,0.88,12.98046875,47,3,7,0,0,3323,256,16,0,0,9.875,0,
aeqkad_noisy,window,full,fidelity,True,True,16,iid,0.1,2,s042,3,8.249999999999998,0.0,26.0,3.5000000000000004,56,33,33,0,6,0,0.66,12.2265625,37,4,2,0,0,3130,256,16,0,0,9.3125,0,
aeqkad_noisy,window,full,fidelity,True,True,16,iid,0.1,2,s042,4,3.7500000000000018,0.0,2.0,4.0,56,47,46,1,6,0,0.92,11.95703125,50,3,10,0,0,3061,256,16,0,0,11.1875,0,
aeqkad_noisy,window,full,fidelity,True,True,16,iid,0.1,2,s042,5,7.999999999999999,0.0,8.0,4.5,56,43,43,0,6,0,0.86,10.2265625,46,3,9,0,0,2618,256,16,0,0,10.6875,0,
aeqkad_noisy,window,full,fidelity,True,True,16,iid,0.1,2,s042,6,5.000000000000003,0.0,8.0,3.5000000000000004,56,44,44,0,6,0,0.88,10.33203125,46,2,7,0,0,2645,256,16,0,0,10.5625,0,
aeqkad_noisy,window,full,fidelity,True,True,16,iid,0.1,2,s042,7,8.5,0.0,14.000000000000002,4.0,56,38,38,0,6,0,0.76,11.28125,44,6,6,0,0,2888,256,16,0,0,8.375,0,
aeqkad_noisy,window,full,fidelity,True,True,16,iid,0.1,2,s042,8,2.500000000000001,0.0,2.0,4.0,56,47,47,0,6,0,0.94,11.28125,49,2,7,0,0,2888,256,16,0,0,10.625,0,4.0
mm_noisy,mm,full,fidelity,True,True,16,iid,0.1,0,s042,2,11.5,0.0,6.0,38.5,56,30,30,0,6,0,0.6,16.0,51,21,0,0,0,4096,256,16,1,16,89.8125,0,
mm_noisy,mm,full,fidelity,True,True,16,iid,0.1,0,s042,3,18.000000000000004,7.01086956521739,8.0,38.0,56,14,14,0,6,0,0.28,16.0,48,34,0,0,0,4096,256,16,1,16,145.8125,0,
mm_noisy,mm,full,fidelity,True,True,16,iid,0.1,0,s042,4,5.750000000000003,0.0,2.0,27.0,56,43,43,0,6,0,0.86,15.28125,51,8,0,0,0,3912,256,16,1,1,33.625,0,
mm_noisy,mm,full,fidelity,True,True,16,iid,0.1,0,s042,5,4.750000000000003,2.33695652173913,6.0,11.0,56,45,45,0,6,0,0.9,15.52734375,48,3,0,0,0,3975,256,16,1,1,73.3125,0,
mm_noisy,mm,full,fidelity,True,True,16,iid,0.1,0,s042,6,4.000000000000003,0.0,6.0,11.0,56,46,46,0,6,0,0.92,14.484375,48,2,0,0,0,3708,256,16,1,1,63.625,0,
mm_noisy,mm,full,fidelity,True,True,16,iid,0.1,0,s042,7,7.499999999999998,0.0,4.0,17.0,56,44,44,0,6,0,0.88,15.5390625,49,5,0,0,0,3978,256,16,1,1,58.5625,0,
mm_noisy,mm,full,fidelity,True,True,16,iid,0.1,0,s042,8,4.500000000000002,0.0,2.0,21.0,56,47,47,0,6,0,0.94,15.3828125,49,2,0,0,0,3938,256,16,1,1,65.4375,0,57.99999999999999
mm_noisy,mm,full,fidelity,True,True,16,iid,0.1,1,s042,2,12.0,0.0,10.0,22.5,56,30,30,0,6,0,0.6,16.0,46,16,0,0,0,4096,256,16,1,16,88.625,0,
mm_noisy,mm,full,fidelity,True,True,16,iid,0.1,1,s042,3,16.250000000000004,7.01086956521739,16.0,18.5,56,12,12,0,6,0,0.24,16.0,44,32,0,0,0,4096,256,16,1,16,144.625,0,
mm_noisy,mm,full,fidelity,True,True,16,iid,0.1,1,s042,4,4.500000000000002,0.0,4.0,10.0,56,38,38,0,6,0,0.76,15.80078125,49,11,0,0,0,4045,256,16,1,3,50.25,0,
mm_noisy,mm,full,fidelity,True,True,16,iid,0.1,1,s042,5,3.500000000000002,0.0,6.0,5.0,56,46,46,0,6,0,0.92,14.8046875,47,1,0,0,0,3790,256,16,1,1,60.0625,0,
mm_noisy,mm,full,fidelity,True,True,16,iid,0.1,1,s042,6,6.250000000000003,0.0,4.0,9.0,56,46,46,0,6,0,0.92,14.93359375,48,2,0,0,0,3823,256,16,1,1,51.6875,0,
mm_noisy,mm,full,fidelity,True,True,16,iid,0.1,1,s042,7,4.000000000000002,1.25,4.0,11.0,56,42,42,0,6,0,0.84,15.22265625,49,7,0,0,0,3897,256,16,1,1,65.1875,0,
mm_noisy,mm,full,fidelity,True,True,16,iid,0.1,1,s042,8,2.5000000000000018,0.0,2.0,9.0,56,47,47,0,6,0,0.94,15.5234375,49,2,0,0,0,3974,256,16,1,1,60.1875,0,0.0
mm_noisy,mm,full,fidelity,True,True,16,iid,0.1,2,s042,2,14.250000000000002,2.33695652173913,14.000000000000002,12.5,56,36,36,0,6,0,0.72,16.0,44,8,5,0,0,4096,256,16,1,15,83.5,0,
mm_noisy,mm,full,fidelity,True,True,16,iid,0.1,2,s042,3,15.750000000000004,7.01086956521739,18.0,13.0,56,24,24,0,6,0,0.48,16.0,43,19,1,0,0,4096,256,16,1,9,81.8125,0,
mm_noisy,mm,full,fidelity,True,True,16,iid,0.1,2,s042,4,2.000000000000001,0.0,2.0,6.0,56,50,49,1,6,0,0.98,15.53125,50,0,20,0,0,3976,256,16,1,1,49.875,1,
mm_noisy,mm,full,fidelity,True,True,16,iid,0.1,2,s042,5,4.250000000000003,0.0,6.0,9.0,56,47,47,0,6,0,0.94,15.75390625,48,1,30,0,0,4033,256,16,1,1,59.5625,0,
mm_noisy,mm,full,fidelity,True,True,16,iid,0.1,2,s042,6,7.749999999999998,0.0,8.0,4.5,56,46,46,0,6,0,0.92,15.390625,46,0,17,0,0,3940,256,16,1,1,58.125,0,
mm_noisy,mm,full,fidelity,True,True,16,iid,0.1,2,s042,7,11.5,1.25,10.0,11.0,56,37,37,0,6,0,0.74,15.8984375,46,9,6,0,0,4070,256,16,1,1,69.8125,0,
mm_noisy,mm,full,fidelity,True,True,16,iid,0.1,2,s042,8,2.000000000000001,0.0,2.0,7.000000000000001,56,48,48,0,6,0,0.96,15.5703125,49,1,20,0,0,3986,256,16,1,1,61.5625,0,26.0
static_noisy,static,none,fidelity,True,True,16,iid,0.1,0,s043,2,13.5,2.1739130434782594,2.0,45.5,56,0,0,0,6,0,0.0,42.0,0,0,0,0,0,10752,256,50,0,50,81.5,0,
static_noisy,static,none,fidelity,True,True,16,iid,0.1,0,s043,3,45.25,23.20652173913043,34.0,51.5,56,0,0,0,6,0,0.0,42.0,0,0,0,0,0,10752,256,50,0,50,137.5,0,
static_noisy,static,none,fidelity,True,True,16,iid,0.1,0,s043,4,48.75,19.78260869565217,48.0,43.0,56,0,0,0,6,0,0.0,42.0,0,0,0,0,0,10752,256,50,0,50,193.5,0,
static_noisy,static,none,fidelity,True,True,16,iid,0.1,0,s043,5,40.0,25.706521739130437,30.0,48.5,56,0,0,0,6,0,0.0,42.0,0,0,0,0,0,10752,256,50,0,50,249.5,0,
static_noisy,static,none,fidelity,True,True,16,iid,0.1,0,s043,6,33.75,18.53260869565217,26.0,45.5,56,0,0,0,6,0,0.0,42.0,0,0,0,0,0,10752,256,50,0,50,305.5,0,
static_noisy,static,none,fidelity,True,True,16,iid,0.1,0,s043,7,20.75,8.097826086956525,12.0,50.5,56,0,0,0,6,0,0.0,42.0,0,0,0,0,0,10752,256,50,0,50,361.5,0,
static_noisy,static,none,fidelity,True,True,16,iid,0.1,0,s043,8,25.75,4.67391304347826,16.0,50.0,56,0,0,0,6,0,0.0,42.0,0,0,0,0,0,10752,256,50,0,50,417.5,0,56.00000000000001
static_noisy,static,none,fidelity,True,True,16,iid,0.1,1,s043,2,13.5,4.67391304347826,2.0,80.0,56,0,0,0,6,0,0.0,42.0,0,0,0,0,0,10752,256,50,0,50,81.5,0,
static_noisy,static,none,fidelity,True,True,16,iid,0.1,1,s043,3,37.5,16.195652173913043,26.0,70.5,56,0,0,0,6,0,0.0,42.0,0,0,0,0,0,10752,256,50,0,50,137.5,0,
static_noisy,static,none,fidelity,True,True,16,iid,0.1,1,s043,4,44.99999999999999,23.3695652173913,30.0,74.0,56,0,0,0,6,0,0.0,42.0,0,0,0,0,0,10752,256,50,0,50,193.5,0,
static_noisy,static,none,fidelity,True,True,16,iid,0.1,1,s043,5,37.5,22.1195652173913,14.000000000000002,76.0,56,0,0,0,6,0,0.0,42.0,0,0,0,0,0,10752,256,50,0,50,249.5,0,
static_noisy,static,none,fidelity,True,True,16,iid,0.1,1,s043,6,34.25,16.032608695652172,18.0,81.0,56,0,0,0,6,0,0.0,42.0,0,0,0,0,0,10752,256,50,0,50,305.5,0,
static_noisy,static,none,fidelity,True,True,16,iid,0.1,1,s043,7,21.75,2.33695652173913,6.0,78.0,56,0,0,0,6,0,0.0,42.0,0,0,0,0,0,10752,256,50,0,50,361.5,0,
static_noisy,static,none,fidelity,True,True,16,iid,0.1,1,s043,8,26.0,7.01086956521739,6.0,77.0,56,0,0,0,6,0,0.0,42.0,0,0,0,0,0,10752,256,50,0,50,417.5,0,78.0
static_noisy,static,none,fidelity,True,True,16,iid,0.1,2,s043,2,16.250000000000004,4.67391304347826,0.0,98.0,56,0,0,0,6,0,0.0,41.0,0,0,0,0,0,10496,256,50,0,50,81.5,0,
static_noisy,static,none,fidelity,True,True,16,iid,0.1,2,s043,3,45.49999999999999,26.79347826086957,8.0,98.5,56,0,0,0,6,0,0.0,41.0,0,0,0,0,0,10496,256,50,0,50,137.5,0,
static_noisy,static,none,fidelity,True,True,16,iid,0.1,2,s043,4,43.99999999999999,16.032608695652172,0.0,98.0,56,0,0,0,6,0,0.0,41.0,0,0,0,0,0,10496,256,50,0,50,193.5,0,
static_noisy,static,none,fidelity,True,True,16,iid,0.1,2,s043,5,38.5,25.543478260869566,4.0,97.0,56,0,0,0,6,0,0.0,41.0,0,0,0,0,0,10496,256,50,0,50,249.5,0,
static_noisy,static,none,fidelity,True,True,16,iid,0.1,2,s043,6,32.0,19.78260869565217,4.0,98.0,56,0,0,0,6,0,0.0,41.0,0,0,0,0,0,10496,256,50,0,50,305.5,0,
static_noisy,static,none,fidelity,True,True,16,iid,0.1,2,s043,7,25.75,9.347826086956523,2.0,99.0,56,0,0,0,6,0,0.0,41.0,0,0,0,0,0,10496,256,50,0,50,361.5,0,
static_noisy,static,none,fidelity,True,True,16,iid,0.1,2,s043,8,27.0,4.67391304347826,2.0,99.0,56,0,0,0,6,0,0.0,41.0,0,0,0,0,0,10496,256,50,0,50,417.5,0,92.0
window_noisy,window,none,fidelity,True,True,16,iid,0.1,0,s043,2,17.500000000000004,1.25,12.0,27.500000000000004,56,48,44,4,6,0,0.88,13.99609375,0,0,0,0,0,3583,256,16,0,0,9.4375,2,
window_noisy,window,none,fidelity,True,True,16,iid,0.1,0,s043,3,28.500000000000004,6.08695652173913,14.000000000000002,59.5,56,47,43,4,6,0,0.86,15.30859375,0,0,0,0,0,3919,256,16,0,0,9.375,2,
window_noisy,window,none,fidelity,True,True,16,iid,0.1,0,s043,4,18.000000000000004,1.25,8.0,47.5,56,51,46,5,6,0,0.92,14.33203125,0,0,0,0,0,3669,256,16,0,0,7.8125,1,
window_noisy,window,none,fidelity,True,True,16,iid,0.1,0,s043,5,22.25,8.097826086956525,14.000000000000002,44.0,56,46,43,3,6,0,0.86,14.09765625,0,0,0,0,0,3609,256,16,0,0,8.625,1,
window_noisy,window,none,fidelity,True,True,16,iid,0.1,0,s043,6,9.749999999999998,2.33695652173913,6.0,32.5,56,48,47,1,6,0,0.94,13.79296875,0,0,0,0,0,3531,256,16,0,0,11.375,0,
window_noisy,window,none,fidelity,True,True,16,iid,0.1,0,s043,7,11.75,0.0,12.0,22.0,56,45,44,1,6,0,0.88,13.1796875,0,0,0,0,0,3374,256,16,0,0,7.625,1,
window_noisy,window,none,fidelity,True,True,16,iid,0.1,0,s043,8,17.250000000000004,2.33695652173913,16.0,39.5,56,46,42,4,6,0,0.84,13.86328125,0,0,0,0,0,3549,256,16,0,0,9.8125,1,50.0
window_noisy,window,none,fidelity,True,True,16,iid,0.1,1,s043,2,20.0,7.01086956521739,12.0,48.0,56,47,44,3,6,0,0.88,13.70703125,0,0,0,0,0,3509,256,16,0,0,10.875,1,
window_noisy,window,none,fidelity,True,True,16,iid,0.1,1,s043,3,27.500000000000004,2.33695652173913,4.0,76.5,56,53,48,5,6,0,0.96,15.4921875,0,0,0,0,0,3966,256,16,0,0,9.0625,1,
window_noisy,window,none,fidelity,True,True,16,iid,0.1,1,s043,4,10.0,0.0,6.0,55.50000000000001,56,50,47,3,6,0,0.94,14.33203125,0,0,0,0,0,3669,256,16,0,0,9.5625,2,
window_noisy,window,none,fidelity,True,True,16,iid,0.1,1,s043,5,22.75,4.67391304347826,2.0,66.0,56,52,49,3,6,0,0.98,14.390625,0,0,0,0,0,3684,256,16,0,0,9.125,1,
window_noisy,window,none,fidelity,True,True,16,iid,0.1,1,s043,6,9.499999999999998,2.33695652173913,4.0,49.0,56,52,48,4,6,0,0.96,14.24609375,0,0,0,0,0,3647,256,16,0,0,8.25,3,
window_noisy,window,none,fidelity,True,True,16,iid,0.1,1,s043,7,13.5,2.33695652173913,12.0,51.5,56,47,44,3,6,0,0.88,13.2734375,0,0,0,0,0,3398,256,16,0,0,7.75,0,
window_noisy,window,none,fidelity,True,True,16,iid,0.1,1,s043,8,17.000000000000004,0.0,12.0,57.99999999999999,56,48,44,4,6,0,0.88,14.234375,0,0,0,0,0,3644,256,16,0,0,9.0,2,90.0
window_noisy,window,none,fidelity,True,True,16,iid,0.1,2,s043,2,18.250000000000004,13.858695652173914,10.0,55.50000000000001,56,48,45,3,6,0,0.9,13.9375,0,0,0,0,0,3568,256,16,0,0,11.0625,0,
window_noisy,window,none,fidelity,True,True,16,iid,0.1,2,s043,3,31.75,4.83695652173913,10.0,81.5,56,50,45,5,6,0,0.9,15.33984375,0,0,0,0,0,3927,256,16,0,0,8.4375,1,
window_noisy,window,none,fidelity,True,True,16,iid,0.1,2,s043,4,11.249999999999998,0.0,6.0,67.5,56,51,47,4,6,0,0.94,14.69140625,0,0,0,0,0,3761,256,16,0,0,8.4375,1,
window_noisy,window,none,fidelity,True,True,16,iid,0.1,2,s043,5,22.5,4.67391304347826,2.0,71.5,56,52,49,3,6,0,0.98,14.37109375,0,0,0,0,0,3679,256,16,0,0,7.625,2,
window_noisy,window,none,fidelity,True,True,16,iid,0.1,2,s043,6,10.249999999999998,3.423913043478259,2.0,62.5,56,52,49,3,6,0,0.98,14.35546875,0,0,0,0,0,3675,256,16,0,0,9.4375,1,
window_noisy,window,none,fidelity,True,True,16,iid,0.1,2,s043,7,20.25,2.33695652173913,10.0,50.5,56,49,45,4,6,0,0.9,13.46484375,0,0,0,0,0,3447,256,16,0,0,7.5,2,
window_noisy,window,none,fidelity,True,True,16,iid,0.1,2,s043,8,16.000000000000004,0.0,10.0,63.0,56,50,45,5,6,0,0.9,14.5078125,0,0,0,0,0,3714,256,16,0,0,9.75,3,54.0
aeqkad_noisy,window,full,fidelity,True,True,16,iid,0.1,0,s043,2,15.250000000000002,3.423913043478259,12.0,30.0,56,35,35,0,6,0,0.7,13.72265625,47,12,0,0,0,3513,256,16,0,0,14.0,0,
aeqkad_noisy,window,full,fidelity,True,True,16,iid,0.1,0,s043,3,37.5,12.771739130434783,48.0,22.0,56,11,11,0,6,0,0.22,12.45703125,28,15,0,0,2,3189,256,16,0,0,38.375,0,
aeqkad_noisy,window,full,fidelity,True,True,16,iid,0.1,0,s043,4,28.25,5.760869565217389,32.0,22.0,56,33,33,0,6,0,0.66,12.44921875,36,3,3,0,0,3187,256,16,0,0,9.375,0,
aeqkad_noisy,window,full,fidelity,True,True,16,iid,0.1,0,s043,5,17.250000000000004,8.097826086956525,16.0,34.0,56,36,36,0,6,0,0.72,13.08203125,44,8,2,0,0,3349,256,16,0,0,9.875,0,
aeqkad_noisy,window,full,fidelity,True,True,16,iid,0.1,0,s043,6,10.749999999999998,1.25,6.0,21.5,56,41,41,0,6,0,0.82,12.6875,48,7,5,0,0,3248,256,16,0,0,12.25,0,
aeqkad_noisy,window,full,fidelity,True,True,16,iid,0.1,0,s043,7,14.000000000000002,0.0,14.000000000000002,14.499999999999998,56,37,37,0,6,0,0.74,12.11328125,44,7,1,0,0,3101,256,16,0,0,11.0625,0,
aeqkad_noisy,window,full,fidelity,True,True,16,iid,0.1,0,s043,8,16.750000000000004,2.33695652173913,16.0,25.0,56,36,35,1,6,0,0.7,12.76953125,45,9,1,0,0,3269,256,16,0,0,11.4375,1,42.0
aeqkad_noisy,window,full,fidelity,True,True,16,iid,0.1,1,s043,2,21.25,4.67391304347826,8.0,44.0,56,36,35,1,6,0,0.7,13.59375,49,13,0,0,0,3480,256,16,0,0,13.875,1,
aeqkad_noisy,window,full,fidelity,True,True,16,iid,0.1,1,s043,3,35.0,10.434782608695654,38.0,30.0,56,17,17,0,6,0,0.34,12.78125,32,13,0,0,2,3272,256,16,0,0,19.8125,0,
aeqkad_noisy,window,full,fidelity,True,True,16,iid,0.1,1,s043,4,20.5,7.01086956521739,22.0,33.5,56,35,35,0,6,0,0.7,12.36328125,40,5,0,0,0,3165,256,16,0,0,12.125,0,
aeqkad_noisy,window,full,fidelity,True,True,16,iid,0.1,1,s043,5,14.000000000000002,2.33695652173913,14.000000000000002,42.5,56,36,36,0,6,0,0.72,13.05859375,45,9,1,0,0,3343,256,16,0,0,11.4375,0,
aeqkad_noisy,window,full,fidelity,True,True,16,iid,0.1,1,s043,6,5.500000000000003,1.25,4.0,25.0,56,42,42,0,6,0,0.84,12.765625,52,10,0,0,0,3268,256,16,0,0,9.6875,0,
aeqkad_noisy,window,full,fidelity,True,True,16,iid,0.1,1,s043,7,12.000000000000002,0.0,12.0,26.0,56,38,38,0,6,0,0.76,12.11328125,47,9,0,0,0,3101,256,16,0,0,9.875,0,
aeqkad_noisy,window,full,fidelity,True,True,16,iid,0.1,1,s043,8,20.5,2.33695652173913,14.000000000000002,34.5,56,36,36,0,6,0,0.72,12.58984375,44,8,0,0,0,3223,256,16,0,0,9.875,0,78.0
aeqkad_noisy,window,full,fidelity,True,True,16,iid,0.1,2,s043,2,18.250000000000004,4.67391304347826,8.0,53.5,56,35,35,0,6,0,0.7,13.50390625,48,13,0,0,0,3457,256,16,0,0,13.9375,0,
aeqkad_noisy,window,full,fidelity,True,True,16,iid,0.1,2,s043,3,35.5,10.434782608695654,38.0,35.0,56,11,11,0,6,0,0.22,12.41015625,32,19,0,0,2,3177,256,16,0,0,38.25,0,
aeqkad_noisy,window,full,fidelity,True,True,16,iid,0.1,2,s043,4,25.5,5.760869565217389,22.0,38.0,56,33,33,0,6,0,0.66,12.33984375,42,9,0,0,0,3159,256,16,0,0,9.25,0,
aeqkad_noisy,window,full,fidelity,True,True,16,iid,0.1,2,s043,5,26.75,4.67391304347826,12.0,45.0,56,30,30,0,6,0,0.6,12.296875,46,16,0,0,0,3148,256,16,0,0,9.875,0,
aeqkad_noisy,window,full,fidelity,True,True,16,iid,0.1,2,s043,6,5.750000000000003,2.33695652173913,4.0,30.0,56,39,39,0,6,0,0.78,12.546875,48,9,0,0,0,3212,256,16,0,0,10.5,0,
aeqkad_noisy,window,full,fidelity,True,True,16,iid,0.1,2,s043,7,16.000000000000004,0.0,10.0,30.5,56,37,37,0,6,0,0.74,12.33203125,47,10,0,0,0,3157,256,16,0,0,12.3125,0,
aeqkad_noisy,window,full,fidelity,True,True,16,iid,0.1,2,s043,8,19.000000000000004,2.33695652173913,14.000000000000002,41.0,56,36,36,0,6,0,0.72,12.40625,45,8,0,0,1,3176,256,16,0,0,12.6875,0,42.0
mm_noisy,mm,full,fidelity,True,True,16,iid,0.1,0,s043,2,17.000000000000004,4.67391304347826,2.0,59.0,56,28,28,0,6,0,0.56,16.0,53,25,0,0,0,4096,256,16,1,15,88.25,0,
mm_noisy,mm,full,fidelity,True,True,16,iid,0.1,0,s043,3,38.75,13.858695652173914,32.0,69.5,56,17,17,0,6,0,0.34,16.0,38,21,0,0,0,4096,256,16,1,14,135.1875,0,
mm_noisy,mm,full,fidelity,True,True,16,iid,0.1,0,s043,4,30.0,4.510869565217389,26.0,46.0,56,33,33,0,6,0,0.66,15.30078125,40,7,6,0,0,3917,256,16,1,2,46.875,0,
mm_noisy,mm,full,fidelity,True,True,16,iid,0.1,0,s043,5,18.000000000000004,4.67391304347826,8.0,56.49999999999999,56,37,37,0,6,0,0.74,15.64453125,48,11,5,0,0,4005,256,16,1,1,53.6875,0,
mm_noisy,mm,full,fidelity,True,True,16,iid,0.1,0,s043,6,11.5,3.423913043478259,2.0,62.5,56,42,42,0,6,0,0.84,16.0,54,11,2,0,1,4096,256,16,1,1,76.25,0,
mm_noisy,mm,full,fidelity,True,True,16,iid,0.1,0,s043,7,13.750000000000002,0.0,8.0,56.00000000000001,56,39,39,0,6,0,0.78,15.48046875,50,11,6,0,0,3963,256,16,1,1,61.9375,0,
mm_noisy,mm,full,fidelity,True,True,16,iid,0.1,0,s043,8,12.25,0.0,6.0,53.5,56,42,41,1,6,0,0.82,15.953125,50,8,7,0,0,4084,256,16,1,1,56.4375,1,78.0
mm_noisy,mm,full,fidelity,True,True,16,iid,0.1,1,s043,2,16.500000000000004,2.5,0.0,88.0,56,31,30,1,6,0,0.6,16.0,55,24,0,0,0,4096,256,16,1,15,88.9375,0,
mm_noisy,mm,full,fidelity,True,True,16,iid,0.1,1,s043,3,46.25,25.706521739130437,18.0,82.5,56,7,7,0,6,0,0.14,16.0,46,39,0,0,0,4096,256,16,1,15,144.9375,0,
mm_noisy,mm,full,fidelity,True,True,16,iid,0.1,1,s043,4,49.5,26.6304347826087,30.0,85.0,56,10,10,0,6,0,0.2,16.0,40,30,0,0,0,4096,256,16,1,15,200.9375,0,
mm_noisy,mm,full,fidelity,True,True,16,iid,0.1,1,s043,5,42.25,34.891304347826086,20.0,82.0,56,12,12,0,6,0,0.24,15.97265625,45,33,0,0,0,4089,256,16,1,7,125.4375,0,
mm_noisy,mm,full,fidelity,True,True,16,iid,0.1,1,s043,6,9.0,2.33695652173913,2.0,66.0,56,40,40,0,6,0,0.8,15.70703125,54,14,0,0,0,4021,256,16,1,1,49.875,0,
mm_noisy,mm,full,fidelity,True,True,16,iid,0.1,1,s043,7,9.0,0.0,4.0,76.0,56,42,42,0,6,0,0.84,16.0,53,10,7,0,1,4096,256,16,1,1,75.625,0,
mm_noisy,mm,full,fidelity,True,True,16,iid,0.1,1,s043,8,12.75,0.0,2.0,69.5,56,40,40,0,6,0,0.8,15.75,54,13,3,0,1,4032,256,16,1,1,56.1875,0,94.0
mm_noisy,mm,full,fidelity,True,True,16,iid,0.1,2,s043,2,18.750000000000004,8.097826086956525,0.0,91.0,56,30,30,0,6,0,0.6,16.0,55,25,0,0,0,4096,256,16,1,15,86.4375,0,
mm_noisy,mm,full,fidelity,True,True,16,iid,0.1,2,s043,3,38.0,17.445652173913043,6.0,91.0,56,11,11,0,6,0,0.22,16.0,53,42,0,0,0,4096,256,16,1,15,142.4375,0,
mm_noisy,mm,full,fidelity,True,True,16,iid,0.1,2,s043,4,43.00000000000001,17.445652173913043,12.0,90.5,56,12,12,0,6,0,0.24,16.0,50,38,0,0,0,4096,256,16,1,12,157.9375,0,
mm_noisy,mm,full,fidelity,True,True,16,iid,0.1,2,s043,5,26.25,16.358695652173914,8.0,79.5,56,27,27,0,6,0,0.54,15.12109375,50,23,0,0,0,3871,256,16,1,1,42.4375,0,
mm_noisy,mm,full,fidelity,True,True,16,iid,0.1,2,s043,6,11.5,2.33695652173913,4.0,72.0,56,39,39,0,6,0,0.78,15.89453125,52,13,0,0,0,4069,256,16,1,1,60.5625,0,
mm_noisy,mm,full,fidelity,True,True,16,iid,0.1,2,s043,7,14.500000000000002,4.67391304347826,2.0,80.0,56,37,37,0,6,0,0.74,15.9765625,55,17,0,0,1,4090,256,16,1,1,82.6875,0,
mm_noisy,mm,full,fidelity,True,True,16,iid,0.1,2,s043,8,17.750000000000004,0.0,6.0,68.0,56,37,37,0,6,0,0.74,15.32421875,50,12,0,0,1,3923,256,16,1,1,50.875,0,48.0
static_noisy,static,none,fidelity,True,True,16,iid,0.1,0,s044,2,10.0,5.760869565217389,0.0,95.0,56,0,0,0,6,0,0.0,32.0,0,0,0,0,0,8192,256,50,0,50,81.5,0,
static_noisy,static,none,fidelity,True,True,16,iid,0.1,0,s044,3,6.000000000000003,0.0,0.0,95.5,56,0,0,0,6,0,0.0,32.0,0,0,0,0,0,8192,256,50,0,50,137.5,0,
static_noisy,static,none,fidelity,True,True,16,iid,0.1,0,s044,4,7.499999999999998,5.760869565217389,0.0,93.5,56,0,0,0,6,0,0.0,32.0,0,0,0,0,0,8192,256,50,0,50,193.5,0,
static_noisy,static,none,fidelity,True,True,16,iid,0.1,0,s044,5,10.249999999999998,8.097826086956525,2.0,92.0,56,0,0,0,6,0,0.0,32.0,0,0,0,0,0,8192,256,50,0,50,249.5,0,
static_noisy,static,none,fidelity,True,True,16,iid,0.1,0,s044,6,13.750000000000002,9.347826086956523,0.0,94.5,56,0,0,0,6,0,0.0,32.0,0,0,0,0,0,8192,256,50,0,50,305.5,0,
static_noisy,static,none,fidelity,True,True,16,iid,0.1,0,s044,7,17.250000000000004,11.521739130434783,0.0,95.5,56,0,0,0,6,0,0.0,32.0,0,0,0,0,0,8192,256,50,0,50,361.5,0,
static_noisy,static,none,fidelity,True,True,16,iid,0.1,0,s044,8,14.750000000000002,11.521739130434783,0.0,94.0,56,0,0,0,6,0,0.0,32.0,0,0,0,0,0,8192,256,50,0,50,417.5,0,92.0
static_noisy,static,none,fidelity,True,True,16,iid,0.1,1,s044,2,12.75,2.5,0.0,81.5,56,0,0,0,6,0,0.0,32.0,0,0,0,0,0,8192,256,50,0,50,81.5,0,
static_noisy,static,none,fidelity,True,True,16,iid,0.1,1,s044,3,6.250000000000003,0.0,0.0,85.5,56,0,0,0,6,0,0.0,32.0,0,0,0,0,0,8192,256,50,0,50,137.5,0,
static_noisy,static,none,fidelity,True,True,16,iid,0.1,1,s044,4,8.499999999999998,5.760869565217389,0.0,84.0,56,0,0,0,6,0,0.0,32.0,0,0,0,0,0,8192,256,50,0,50,193.5,0,
static_noisy,static,none,fidelity,True,True,16,iid,0.1,1,s044,5,11.5,4.83695652173913,2.0,84.5,56,0,0,0,6,0,0.0,32.0,0,0,0,0,0,8192,256,50,0,50,249.5,0,
static_noisy,static,none,fidelity,True,True,16,iid,0.1,1,s044,6,14.500000000000002,12.771739130434783,0.0,82.5,56,0,0,0,6,0,0.0,32.0,0,0,0,0,0,8192,256,50,0,50,305.5,0,
static_noisy,static,none,fidelity,True,True,16,iid,0.1,1,s044,7,16.000000000000004,8.260869565217389,0.0,84.0,56,0,0,0,6,0,0.0,32.0,0,0,0,0,0,8192,256,50,0,50,361.5,0,
static_noisy,static,none,fidelity,True,True,16,iid,0.1,1,s044,8,11.75,3.75,0.0,81.5,56,0,0,0,6,0,0.0,32.0,0,0,0,0,0,8192,256,50,0,50,417.5,0,70.0
static_noisy,static,none,fidelity,True,True,16,iid,0.1,2,s044,2,9.749999999999998,2.5,0.0,94.0,56,0,0,0,6,0,0.0,32.0,0,0,0,0,0,8192,256,50,0,50,81.5,0,
static_noisy,static,none,fidelity,True,True,16,iid,0.1,2,s044,3,6.500000000000003,3.423913043478259,0.0,89.5,56,0,0,0,6,0,0.0,32.0,0,0,0,0,0,8192,256,50,0,50,137.5,0,
static_noisy,static,none,fidelity,True,True,16,iid,0.1,2,s044,4,10.0,7.01086956521739,0.0,90.5,56,0,0,0,6,0,0.0,32.0,0,0,0,0,0,8192,256,50,0,50,193.5,0,
static_noisy,static,none,fidelity,True,True,16,iid,0.1,2,s044,5,11.0,4.67391304347826,2.0,93.0,56,0,0,0,6,0,0.0,32.0,0,0,0,0,0,8192,256,50,0,50,249.5,0,
static_noisy,static,none,fidelity,True,True,16,iid,0.1,2,s044,6,12.0,8.097826086956525,0.0,94.5,56,0,0,0,6,0,0.0,32.0,0,0,0,0,0,8192,256,50,0,50,305.5,0,
static_noisy,static,none,fidelity,True,True,16,iid,0.1,2,s044,7,16.000000000000004,12.771739130434783,0.0,88.5,56,0,0,0,6,0,0.0,32.0,0,0,0,0,0,8192,256,50,0,50,361.5,0,
static_noisy,static,none,fidelity,True,True,16,iid,0.1,2,s044,8,12.5,5.0,0.0,95.0,56,0,0,0,6,0,0.0,32.0,0,0,0,0,0,8192,256,50,0,50,417.5,0,98.0
window_noisy,window,none,fidelity,True,True,16,iid,0.1,0,s044,2,13.750000000000002,8.097826086956525,6.0,54.50000000000001,56,49,47,2,6,0,0.94,12.35546875,0,0,0,0,0,3163,256,16,0,0,9.0,0,
window_noisy,window,none,fidelity,True,True,16,iid,0.1,0,s044,3,6.750000000000004,7.01086956521739,0.0,42.0,56,55,50,5,6,0,1.0,12.328125,0,0,0,0,0,3156,256,16,0,0,8.3125,0,
window_noisy,window,none,fidelity,True,True,16,iid,0.1,0,s044,4,7.749999999999998,0.0,0.0,29.0,56,51,50,1,6,0,1.0,10.4140625,0,0,0,0,0,2666,256,16,0,0,8.5,0,
window_noisy,window,none,fidelity,True,True,16,iid,0.1,0,s044,5,14.250000000000002,3.75,6.0,32.5,56,49,47,2,6,0,0.94,10.0,0,0,0,0,0,2560,256,16,0,0,9.5625,1,
window_noisy,window,none,fidelity,True,True,16,iid,0.1,0,s044,6,10.249999999999998,1.25,4.0,37.5,56,51,48,3,6,0,0.96,10.609375,0,0,0,0,0,2716,256,16,0,0,7.5625,0,
window_noisy,window,none,fidelity,True,True,16,iid,0.1,0,s044,7,10.0,7.01086956521739,2.0,35.0,56,52,49,3,6,0,0.98,11.53515625,0,0,0,0,0,2953,256,16,0,0,7.5,0,
window_noisy,window,none,fidelity,True,True,16,iid,0.1,0,s044,8,7.249999999999998,0.0,2.0,27.0,56,51,49,2,6,0,0.98,10.109375,0,0,0,0,0,2588,256,16,0,0,8.0625,0,4.0
window_noisy,window,none,fidelity,True,True,16,iid,0.1,1,s044,2,10.0,5.760869565217389,6.0,43.0,56,50,47,3,6,0,0.94,12.46484375,0,0,0,0,0,3191,256,16,0,0,8.125,3,
window_noisy,window,none,fidelity,True,True,16,iid,0.1,1,s044,3,8.249999999999998,2.33695652173913,0.0,38.0,56,54,50,4,6,0,1.0,12.125,0,0,0,0,0,3104,256,16,0,0,7.8125,0,
window_noisy,window,none,fidelity,True,True,16,iid,0.1,1,s044,4,8.249999999999998,4.67391304347826,0.0,29.5,56,53,50,3,6,0,1.0,10.49609375,0,0,0,0,0,2687,256,16,0,0,7.5,1,
window_noisy,window,none,fidelity,True,True,16,iid,0.1,1,s044,5,12.25,2.5,6.0,42.0,56,53,47,6,6,0,0.94,10.76171875,0,0,0,0,0,2755,256,16,0,0,8.0625,3,
window_noisy,window,none,fidelity,True,True,16,iid,0.1,1,s044,6,10.0,2.5,4.0,31.0,56,49,48,1,6,0,0.96,10.63671875,0,0,0,0,0,2723,256,16,0,0,9.8125,1,
window_noisy,window,none,fidelity,True,True,16,iid,0.1,1,s044,7,8.749999999999998,5.923913043478259,4.0,28.5,56,49,48,1,6,0,0.96,11.5625,0,0,0,0,0,2960,256,16,0,0,9.0625,0,
window_noisy,window,none,fidelity,True,True,16,iid,0.1,1,s044,8,8.249999999999998,1.25,2.0,23.0,56,50,49,1,6,0,0.98,10.0078125,0,0,0,0,0,2562,256,16,0,0,7.5,0,2.0
window_noisy,window,none,fidelity,True,True,16,iid,0.1,2,s044,2,12.0,2.5,6.0,49.5,56,51,47,4,6,0,0.94,12.51953125,0,0,0,0,0,3205,256,16,0,0,8.0625,2,
window_noisy,window,none,fidelity,True,True,16,iid,0.1,2,s044,3,7.499999999999998,2.33695652173913,0.0,33.5,56,51,50,1,6,0,1.0,11.65625,0,0,0,0,0,2984,256,16,0,0,7.75,1,
window_noisy,window,none,fidelity,True,True,16,iid,0.1,2,s044,4,7.999999999999999,1.25,0.0,26.5,56,52,50,2,6,0,1.0,10.28515625,0,0,0,0,0,2633,256,16,0,0,7.875,1,
window_noisy,window,none,fidelity,True,True,16,iid,0.1,2,s044,5,10.749999999999998,4.67391304347826,2.0,34.5,56,52,49,3,6,0,0.98,10.5234375,0,0,0,0,0,2694,256,16,0,0,9.5,0,
window_noisy,window,none,fidelity,True,True,16,iid,0.1,2,s044,6,7.999999999999999,2.5,4.0,26.0,56,50,48,2,6,0,0.96,10.0859375,0,0,0,0,0,2582,256,16,0,0,7.5,1,
window_noisy,window,none,fidelity,True,True,16,iid,0.1,2,s044,7,8.249999999999998,5.760869565217389,4.0,36.5,56,49,48,1,6,0,0.96,11.484375,0,0,0,0,0,2940,256,16,0,0,7.6875,0,
window_noisy,window,none,fidelity,True,True,16,iid,0.1,2,s044,8,5.000000000000002,4.67391304347826,2.0,27.500000000000004,56,49,49,0,6,0,0.98,9.7421875,0,0,0,0,0,2494,256,16,0,0,8.25,0,4.0
aeqkad_noisy,window,full,fidelity,True,True,16,iid,0.1,0,s044,2,14.500000000000002,3.75,10.0,31.0,56,37,37,0,6,0,0.74,10.7734375,47,10,0,0,0,2758,256,16,0,0,13.75,0,
aeqkad_noisy,window,full,fidelity,True,True,16,iid,0.1,0,s044,3,7.499999999999998,2.33695652173913,0.0,22.0,56,48,48,0,6,0,0.96,10.984375,55,7,0,0,0,2812,256,16,0,0,8.3125,0,
aeqkad_noisy,window,full,fidelity,True,True,16,iid,0.1,0,s044,4,7.499999999999998,2.33695652173913,0.0,22.5,56,43,43,0,6,0,0.86,9.26953125,51,8,0,0,0,2373,256,16,0,0,8.5625,0,
aeqkad_noisy,window,full,fidelity,True,True,16,iid,0.1,0,s044,5,13.750000000000002,3.75,2.0,26.0,56,44,42,2,6,0,0.84,8.87890625,51,7,0,0,0,2273,256,16,0,0,10.0,1,
aeqkad_noisy,window,full,fidelity,True,True,16,iid,0.1,0,s044,6,11.5,2.5,6.0,27.500000000000004,56,44,43,1,6,0,0.86,9.31640625,49,5,0,0,0,2385,256,16,0,0,8.5625,1,
aeqkad_noisy,window,full,fidelity,True,True,16,iid,0.1,0,s044,7,14.000000000000002,10.434782608695654,2.0,30.0,56,41,39,2,6,0,0.78,9.98828125,52,11,0,0,0,2557,256,16,0,0,8.25,0,
aeqkad_noisy,window,full,fidelity,True,True,16,iid,0.1,0,s044,8,7.2500000000000036,0.0,2.0,23.0,56,43,43,0,6,0,0.86,9.046875,51,8,0,0,0,2316,256,16,0,0,8.1875,0,6.0
aeqkad_noisy,window,full,fidelity,True,True,16,iid,0.1,1,s044,2,17.5,8.097826086956525,14.000000000000002,26.5,56,32,32,0,6,0,0.64,9.984375,44,12,0,0,0,2556,256,16,0,0,17.375,0,
aeqkad_noisy,window,full,fidelity,True,True,16,iid,0.1,1,s044,3,6.000000000000003,1.25,0.0,18.0,56,45,45,0,6,0,0.9,10.0859375,51,6,0,0,0,2582,256,16,0,0,8.125,0,
aeqkad_noisy,window,full,fidelity,True,True,16,iid,0.1,1,s044,4,10.749999999999998,2.33695652173913,0.0,18.0,56,43,43,0,6,0,0.86,9.58203125,51,8,0,0,0,2453,256,16,0,0,8.4375,0,
aeqkad_noisy,window,full,fidelity,True,True,16,iid,0.1,1,s044,5,12.25,2.5,4.0,21.0,56,41,41,0,6,0,0.82,8.88671875,51,10,0,0,0,2275,256,16,0,0,10.125,0,
aeqkad_noisy,window,full,fidelity,True,True,16,iid,0.1,1,s044,6,11.249999999999998,3.58695652173913,6.0,23.5,56,42,42,0,6,0,0.84,9.17578125,48,6,0,0,0,2349,256,16,0,0,12.375,0,
aeqkad_noisy,window,full,fidelity,True,True,16,iid,0.1,1,s044,7,13.750000000000002,10.434782608695654,2.0,24.0,56,38,37,1,6,0,0.74,9.86328125,50,12,0,0,0,2525,256,16,0,0,9.8125,0,
aeqkad_noisy,window,full,fidelity,True,True,16,iid,0.1,1,s044,8,7.749999999999998,2.33695652173913,2.0,17.5,56,40,40,0,6,0,0.8,8.58203125,50,10,0,0,0,2197,256,16,0,0,9.3125,0,0.0
aeqkad_noisy,window,full,fidelity,True,True,16,iid,0.1,2,s044,2,16.250000000000004,7.01086956521739,12.0,33.5,56,34,34,0,6,0,0.68,10.33203125,46,12,0,0,0,2645,256,16,0,0,16.5625,0,
aeqkad_noisy,window,full,fidelity,True,True,16,iid,0.1,2,s044,3,6.250000000000003,1.25,0.0,22.0,56,45,45,0,6,0,0.9,9.99609375,50,5,0,0,0,2559,256,16,0,0,8.75,0,
aeqkad_noisy,window,full,fidelity,True,True,16,iid,0.1,2,s044,4,10.0,2.33695652173913,2.0,21.0,56,45,43,2,6,0,0.86,9.3515625,51,6,0,0,0,2394,256,16,0,0,7.875,1,
aeqkad_noisy,window,full,fidelity,True,True,16,iid,0.1,2,s044,5,14.500000000000002,4.67391304347826,2.0,29.5,56,44,41,3,6,0,0.82,9.05078125,53,9,0,0,0,2317,256,16,0,0,10.0,0,
aeqkad_noisy,window,full,fidelity,True,True,16,iid,0.1,2,s044,6,10.249999999999998,2.5,6.0,22.0,56,44,42,2,6,0,0.84,9.3515625,49,5,0,0,0,2394,256,16,0,0,9.3125,1,
aeqkad_noisy,window,full,fidelity,True,True,16,iid,0.1,2,s044,7,13.750000000000002,7.01086956521739,2.0,32.0,56,38,37,1,6,0,0.74,9.82421875,50,12,0,0,0,2515,256,16,0,0,8.5,1,
aeqkad_noisy,window,full,fidelity,True,True,16,iid,0.1,2,s044,8,6.500000000000003,2.5,2.0,21.0,56,42,42,0,6,0,0.84,8.81640625,49,7,0,0,0,2257,256,16,0,0,8.375,0,2.0
mm_noisy,mm,full,fidelity,True,True,16,iid,0.1,0,s044,2,11.249999999999998,2.33695652173913,0.0,94.0,56,39,39,0,6,0,0.78,16.0,56,16,0,0,1,4096,256,16,1,16,85.375,0,
mm_noisy,mm,full,fidelity,True,True,16,iid,0.1,0,s044,3,5.000000000000002,1.25,0.0,65.0,56,50,50,0,6,0,1.0,14.33984375,55,5,0,0,0,3671,256,16,1,1,26.75,0,
mm_noisy,mm,full,fidelity,True,True,16,iid,0.1,0,s044,4,9.749999999999998,2.5,0.0,34.0,56,42,42,0,6,0,0.84,14.4609375,50,7,0,0,1,3702,256,16,1,1,67.625,0,
mm_noisy,mm,full,fidelity,True,True,16,iid,0.1,0,s044,5,11.249999999999998,3.75,2.0,36.5,56,43,42,1,6,0,0.84,14.50390625,51,7,0,0,1,3713,256,16,1,1,48.25,0,
mm_noisy,mm,full,fidelity,True,True,16,iid,0.1,0,s044,6,11.5,1.25,2.0,39.0,56,47,46,1,6,0,0.92,13.97265625,52,5,0,0,0,3577,256,16,1,1,66.8125,1,
mm_noisy,mm,full,fidelity,True,True,16,iid,0.1,0,s044,7,12.5,8.260869565217389,2.0,35.5,56,47,45,2,6,0,0.9,13.8125,52,5,0,0,0,3536,256,16,1,1,47.5625,2,
mm_noisy,mm,full,fidelity,True,True,16,iid,0.1,0,s044,8,15.000000000000002,4.67391304347826,2.0,49.5,56,48,46,2,6,0,0.92,15.43359375,51,3,0,0,0,3951,256,16,1,1,74.0625,3,44.0
mm_noisy,mm,full,fidelity,True,True,16,iid,0.1,1,s044,2,15.500000000000004,2.5,0.0,93.0,56,35,35,0,6,0,0.7,16.0,56,21,0,0,0,4096,256,16,1,16,85.25,0,
mm_noisy,mm,full,fidelity,True,True,16,iid,0.1,1,s044,3,3.250000000000001,0.0,0.0,71.5,56,46,46,0,6,0,0.92,14.9140625,54,8,0,0,0,3818,256,16,1,3,32.0,0,
mm_noisy,mm,full,fidelity,True,True,16,iid,0.1,1,s044,4,10.0,3.58695652173913,0.0,29.5,56,43,43,0,6,0,0.86,13.05859375,51,8,0,0,0,3343,256,16,1,1,46.1875,0,
mm_noisy,mm,full,fidelity,True,True,16,iid,0.1,1,s044,5,12.0,7.01086956521739,2.0,35.0,56,43,43,0,6,0,0.86,15.21875,52,9,0,0,0,3896,256,16,1,1,57.625,0,
mm_noisy,mm,full,fidelity,True,True,16,iid,0.1,1,s044,6,11.75,4.67391304347826,2.0,32.0,56,46,46,0,6,0,0.92,13.89453125,50,4,0,0,0,3557,256,16,1,1,57.5,0,
mm_noisy,mm,full,fidelity,True,True,16,iid,0.1,1,s044,7,13.5,8.260869565217389,2.0,31.0,56,40,39,1,6,0,0.78,14.4140625,50,10,0,0,0,3690,256,16,1,1,57.1875,1,
mm_noisy,mm,full,fidelity,True,True,16,iid,0.1,1,s044,8,10.249999999999998,3.75,2.0,34.0,56,45,44,1,6,0,0.88,14.9609375,50,5,0,0,0,3830,256,16,1,1,76.0,2,38.0
mm_noisy,mm,full,fidelity,True,True,16,iid,0.1,2,s044,2,9.749999999999998,2.5,0.0,93.0,56,37,37,0,6,0,0.74,16.0,55,18,0,0,0,4096,256,16,1,16,84.3125,0,
mm_noisy,mm,full,fidelity,True,True,16,iid,0.1,2,s044,3,4.000000000000002,1.25,0.0,71.0,56,49,49,0,6,0,0.98,14.578125,53,4,0,0,0,3732,256,16,1,1,23.375,0,
mm_noisy,mm,full,fidelity,True,True,16,iid,0.1,2,s044,4,11.5,9.184782608695654,0.0,25.5,56,42,40,2,6,0,0.8,13.52734375,53,11,0,0,0,3463,256,16,1,1,56.625,2,
mm_noisy,mm,full,fidelity,True,True,16,iid,0.1,2,s044,5,10.749999999999998,4.67391304347826,2.0,37.5,56,45,43,2,6,0,0.86,14.5234375,53,8,0,0,0,3718,256,16,1,1,56.875,2,
mm_noisy,mm,full,fidelity,True,True,16,iid,0.1,2,s044,6,10.249999999999998,3.75,2.0,32.0,56,48,46,2,6,0,0.92,13.234375,51,3,0,0,0,3388,256,16,1,1,53.125,1,
mm_noisy,mm,full,fidelity,True,True,16,iid,0.1,2,s044,7,11.5,10.434782608695654,2.0,38.0,56,44,44,0,6,0,0.88,13.66015625,51,7,0,0,0,3497,256,16,1,1,54.125,1,
mm_noisy,mm,full,fidelity,True,True,16,iid,0.1,2,s044,8,12.25,10.434782608695654,2.0,43.5,56,46,46,0,6,0,0.92,14.71875,49,3,0,0,0,3768,256,16,1,1,82.5,0,26.0
static_noisy,static,none,fidelity,True,True,16,iid,0.1,0,s046,2,40.25,45.326086956521735,0.0,96.5,56,0,0,0,6,0,0.0,41.0,0,0,0,0,0,10496,256,50,0,50,81.5,0,
static_noisy,static,none,fidelity,True,True,16,iid,0.1,0,s046,3,31.499999999999996,13.097826086956523,0.0,97.0,56,0,0,0,6,0,0.0,41.0,0,0,0,0,0,10496,256,50,0,50,137.5,0,
static_noisy,static,none,fidelity,True,True,16,iid,0.1,0,s046,4,26.5,17.445652173913043,0.0,98.0,56,0,0,0,6,0,0.0,41.0,0,0,0,0,0,10496,256,50,0,50,193.5,0,
static_noisy,static,none,fidelity,True,True,16,iid,0.1,0,s046,5,28.25,14.945652173913045,0.0,99.0,56,0,0,0,6,0,0.0,41.0,0,0,0,0,0,10496,256,50,0,50,249.5,0,
static_noisy,static,none,fidelity,True,True,16,iid,0.1,0,s046,6,34.0,28.04347826086957,0.0,97.0,56,0,0,0,6,0,0.0,41.0,0,0,0,0,0,10496,256,50,0,50,305.5,0,
static_noisy,static,none,fidelity,True,True,16,iid,0.1,0,s046,7,23.75,15.108695652173914,0.0,98.0,56,0,0,0,6,0,0.0,41.0,0,0,0,0,0,10496,256,50,0,50,361.5,0,
static_noisy,static,none,fidelity,True,True,16,iid,0.1,0,s046,8,29.75,19.945652173913043,0.0,96.0,56,0,0,0,6,0,0.0,41.0,0,0,0,0,0,10496,256,50,0,50,417.5,0,100.0
static_noisy,static,none,fidelity,True,True,16,iid,0.1,1,s046,2,38.0,37.06521739130434,0.0,98.0,56,0,0,0,6,0,0.0,42.0,0,0,0,0,0,10752,256,50,0,50,81.5,0,
static_noisy,static,none,fidelity,True,True,16,iid,0.1,1,s046,3,25.75,20.869565217391305,0.0,97.5,56,0,0,0,6,0,0.0,42.0,0,0,0,0,0,10752,256,50,0,50,137.5,0,
static_noisy,static,none,fidelity,True,True,16,iid,0.1,1,s046,4,24.25,19.78260869565217,0.0,99.0,56,0,0,0,6,0,0.0,42.0,0,0,0,0,0,10752,256,50,0,50,193.5,0,
static_noisy,static,none,fidelity,True,True,16,iid,0.1,1,s046,5,28.25,17.445652173913043,0.0,99.5,56,0,0,0,6,0,0.0,42.0,0,0,0,0,0,10752,256,50,0,50,249.5,0,
static_noisy,static,none,fidelity,True,True,16,iid,0.1,1,s046,6,34.25,24.456521739130437,0.0,99.0,56,0,0,0,6,0,0.0,42.0,0,0,0,0,0,10752,256,50,0,50,305.5,0,
static_noisy,static,none,fidelity,True,True,16,iid,0.1,1,s046,7,22.0,13.695652173913045,0.0,100.0,56,0,0,0,6,0,0.0,42.0,0,0,0,0,0,10752,256,50,0,50,361.5,0,
static_noisy,static,none,fidelity,True,True,16,iid,0.1,1,s046,8,30.25,23.20652173913043,0.0,97.5,56,0,0,0,6,0,0.0,42.0,0,0,0,0,0,10752,256,50,0,50,417.5,0,100.0
static_noisy,static,none,fidelity,True,True,16,iid,0.1,2,s046,2,36.0,40.65217391304348,0.0,96.0,56,0,0,0,6,0,0.0,42.0,0,0,0,0,0,10752,256,50,0,50,81.5,0,
static_noisy,static,none,fidelity,True,True,16,iid,0.1,2,s046,3,26.25,16.195652173913043,0.0,96.5,56,0,0,0,6,0,0.0,42.0,0,0,0,0,0,10752,256,50,0,50,137.5,0,
static_noisy,static,none,fidelity,True,True,16,iid,0.1,2,s046,4,23.75,16.358695652173914,0.0,97.0,56,0,0,0,6,0,0.0,42.0,0,0,0,0,0,10752,256,50,0,50,193.5,0,
static_noisy,static,none,fidelity,True,True,16,iid,0.1,2,s046,5,26.25,16.195652173913043,0.0,98.0,56,0,0,0,6,0,0.0,42.0,0,0,0,0,0,10752,256,50,0,50,249.5,0,
static_noisy,static,none,fidelity,True,True,16,iid,0.1,2,s046,6,28.000000000000004,24.456521739130437,0.0,96.0,56,0,0,0,6,0,0.0,42.0,0,0,0,0,0,10752,256,50,0,50,305.5,0,
static_noisy,static,none,fidelity,True,True,16,iid,0.1,2,s046,7,22.75,15.108695652173914,0.0,99.5,56,0,0,0,6,0,0.0,42.0,0,0,0,0,0,10752,256,50,0,50,361.5,0,
static_noisy,static,none,fidelity,True,True,16,iid,0.1,2,s046,8,28.000000000000004,22.1195652173913,0.0,96.0,56,0,0,0,6,0,0.0,42.0,0,0,0,0,0,10752,256,50,0,50,417.5,0,98.0
window_noisy,window,none,fidelity,True,True,16,iid,0.1,0,s046,2,20.75,15.108695652173914,2.0,83.5,56,53,49,4,6,0,0.98,12.29296875,0,0,0,0,0,3147,256,16,0,0,8.5,3,
window_noisy,window,none,fidelity,True,True,16,iid,0.1,0,s046,3,27.500000000000004,23.20652173913043,0.0,88.0,56,55,50,5,6,0,1.0,10.2265625,0,0,0,0,0,2618,256,16,0,0,7.5,1,
window_noisy,window,none,fidelity,True,True,16,iid,0.1,0,s046,4,27.750000000000004,16.358695652173914,0.0,94.0,56,56,50,6,6,0,1.0,10.33984375,0,0,0,0,0,2647,256,16,0,0,7.5,1,
window_noisy,window,none,fidelity,True,True,16,iid,0.1,0,s046,5,27.500000000000004,12.771739130434783,0.0,94.5,56,56,50,6,6,0,1.0,9.640625,0,0,0,0,0,2468,256,16,0,0,7.5,2,
window_noisy,window,none,fidelity,True,True,16,iid,0.1,0,s046,6,23.5,21.956521739130437,0.0,87.5,56,56,50,6,6,0,1.0,8.96484375,0,0,0,0,0,2295,256,16,0,0,7.5,2,
window_noisy,window,none,fidelity,True,True,16,iid,0.1,0,s046,7,23.25,12.771739130434783,0.0,93.0,56,56,50,6,6,0,1.0,8.90625,0,0,0,0,0,2280,256,16,0,0,7.5,0,
window_noisy,window,none,fidelity,True,True,16,iid,0.1,0,s046,8,22.25,16.358695652173914,2.0,89.5,56,55,49,6,6,0,0.98,8.69140625,0,0,0,0,0,2225,256,16,0,0,7.5,2,100.0
window_noisy,window,none,fidelity,True,True,16,iid,0.1,1,s046,2,17.750000000000004,7.17391304347826,2.0,77.5,56,53,49,4,6,0,0.98,12.29296875,0,0,0,0,0,3147,256,16,0,0,7.5,3,
window_noisy,window,none,fidelity,True,True,16,iid,0.1,1,s046,3,17.5,14.021739130434783,0.0,87.0,56,54,50,4,6,0,1.0,9.9921875,0,0,0,0,0,2558,256,16,0,0,8.25,1,
window_noisy,window,none,fidelity,True,True,16,iid,0.1,1,s046,4,25.5,15.108695652173914,0.0,85.5,56,55,50,5,6,0,1.0,9.7578125,0,0,0,0,0,2498,256,16,0,0,7.5,1,
window_noisy,window,none,fidelity,True,True,16,iid,0.1,1,s046,5,28.000000000000004,14.184782608695654,0.0,90.5,56,56,50,6,6,0,1.0,9.2265625,0,0,0,0,0,2362,256,16,0,0,7.5,2,
window_noisy,window,none,fidelity,True,True,16,iid,0.1,1,s046,6,21.75,11.847826086956523,0.0,82.0,56,55,50,5,6,0,1.0,8.81640625,0,0,0,0,0,2257,256,16,0,0,7.5,1,
window_noisy,window,none,fidelity,True,True,16,iid,0.1,1,s046,7,17.500000000000004,9.184782608695654,0.0,83.0,56,55,50,5,6,0,1.0,8.01171875,0,0,0,0,0,2051,256,16,0,0,7.5,0,
window_noisy,window,none,fidelity,True,True,16,iid,0.1,1,s046,8,18.750000000000004,11.847826086956523,2.0,94.5,56,55,49,6,6,0,0.98,8.8515625,0,0,0,0,0,2266,256,16,0,0,7.5,3,100.0
window_noisy,window,none,fidelity,True,True,16,iid,0.1,2,s046,2,17.750000000000004,5.923913043478259,2.0,66.5,56,50,49,1,6,0,0.98,11.69921875,0,0,0,0,0,2995,256,16,0,0,9.3125,1,
window_noisy,window,none,fidelity,True,True,16,iid,0.1,2,s046,3,26.0,17.282608695652176,2.0,82.0,56,52,49,3,6,0,0.98,9.6875,0,0,0,0,0,2480,256,16,0,0,8.375,1,
window_noisy,window,none,fidelity,True,True,16,iid,0.1,2,s046,4,26.0,14.021739130434783,0.0,86.0,56,56,50,6,6,0,1.0,10.46484375,0,0,0,0,0,2679,256,16,0,0,7.5,0,
window_noisy,window,none,fidelity,True,True,16,iid,0.1,2,s046,5,25.75,15.108695652173914,2.0,83.5,56,53,49,4,6,0,0.98,9.17578125,0,0,0,0,0,2349,256,16,0,0,9.1875,0,
window_noisy,window,none,fidelity,True,True,16,iid,0.1,2,s046,6,24.25,10.597826086956523,0.0,76.5,56,53,50,3,6,0,1.0,8.30078125,0,0,0,0,0,2125,256,16,0,0,7.5,0,
window_noisy,window,none,fidelity,True,True,16,iid,0.1,2,s046,7,18.000000000000004,4.67391304347826,0.0,82.0,56,55,50,5,6,0,1.0,7.97265625,0,0,0,0,0,2041,256,16,0,0,8.0625,2,
window_noisy,window,none,fidelity,True,True,16,iid,0.1,2,s046,8,24.0,15.108695652173914,2.0,89.5,56,54,49,5,6,0,0.98,8.67578125,0,0,0,0,0,2221,256,16,0,0,7.5,0,82.0
aeqkad_noisy,window,full,fidelity,True,True,16,iid,0.1,0,s046,2,25.75,12.771739130434783,2.0,75.5,56,43,42,1,6,0,0.84,11.0,53,7,26,0,3,2816,256,16,0,0,10.0625,1,
aeqkad_noisy,window,full,fidelity,True,True,16,iid,0.1,0,s046,3,28.25,17.608695652173914,0.0,83.5,56,46,43,3,6,0,0.86,8.32421875,55,4,18,0,5,2131,256,16,0,0,8.875,0,
aeqkad_noisy,window,full,fidelity,True,True,16,iid,0.1,0,s046,4,30.000000000000004,22.1195652173913,0.0,91.0,56,43,40,3,6,0,0.8,8.6015625,56,1,22,0,12,2202,256,16,0,0,9.8125,1,
aeqkad_noisy,window,full,fidelity,True,True,16,iid,0.1,0,s046,5,27.750000000000004,14.021739130434783,2.0,88.0,56,42,41,1,6,0,0.82,7.93359375,54,4,20,0,8,2031,256,16,0,0,12.25,0,
aeqkad_noisy,window,full,fidelity,True,True,16,iid,0.1,0,s046,6,20.5,10.434782608695654,4.0,77.5,56,44,44,0,6,0,0.88,6.53515625,53,3,15,0,6,1673,256,16,0,0,8.4375,0,
aeqkad_noisy,window,full,fidelity,True,True,16,iid,0.1,0,s046,7,48.0,45.48913043478261,12.0,77.5,56,6,6,0,6,0,0.12,6.75390625,49,17,2,0,26,1729,256,16,0,0,41.125,0,
aeqkad_noisy,window,full,fidelity,True,True,16,iid,0.1,0,s046,8,31.499999999999996,24.456521739130437,4.0,85.0,56,37,35,2,6,0,0.7,6.71875,54,4,8,0,13,1720,256,16,0,0,9.0625,1,100.0
aeqkad_noisy,window,full,fidelity,True,True,16,iid,0.1,1,s046,2,16.500000000000004,5.760869565217389,2.0,74.0,56,47,46,1,6,0,0.92,11.73046875,53,1,40,0,5,3003,256,16,0,0,8.625,1,
aeqkad_noisy,window,full,fidelity,True,True,16,iid,0.1,1,s046,3,19.75,10.434782608695654,0.0,84.0,56,49,45,4,6,0,0.9,8.30859375,54,4,46,0,1,2127,256,16,0,0,9.375,1,
aeqkad_noisy,window,full,fidelity,True,True,16,iid,0.1,1,s046,4,28.000000000000004,19.78260869565217,0.0,82.5,56,43,40,3,6,0,0.8,9.2109375,56,2,40,0,11,2358,256,16,0,0,10.375,0,
aeqkad_noisy,window,full,fidelity,True,True,16,iid,0.1,1,s046,5,28.000000000000004,19.78260869565217,2.0,87.5,56,50,46,4,6,0,0.92,8.578125,54,0,45,0,4,2196,256,16,0,0,10.8125,0,
aeqkad_noisy,window,full,fidelity,True,True,16,iid,0.1,1,s046,6,19.75,17.282608695652176,2.0,78.5,56,45,44,1,6,0,0.88,6.80859375,54,3,42,0,6,1743,256,16,0,0,7.8125,0,
aeqkad_noisy,window,full,fidelity,True,True,16,iid,0.1,1,s046,7,48.5,52.5,14.000000000000002,72.0,56,6,6,0,6,0,0.12,6.6328125,47,17,13,0,24,1698,256,16,0,0,40.875,0,
aeqkad_noisy,window,full,fidelity,True,True,16,iid,0.1,1,s046,8,28.000000000000004,18.53260869565217,4.0,80.5,56,34,33,1,6,0,0.66,6.13671875,54,4,36,0,16,1571,256,16,0,0,10.4375,0,100.0
aeqkad_noisy,window,full,fidelity,True,True,16,iid,0.1,2,s046,2,22.25,11.521739130434783,2.0,63.0,56,45,44,1,6,0,0.88,11.43359375,50,4,39,0,1,2927,256,16,0,0,10.4375,1,
aeqkad_noisy,window,full,fidelity,True,True,16,iid,0.1,2,s046,3,24.25,10.434782608695654,6.0,80.5,56,41,41,0,6,0,0.82,8.01953125,50,4,42,0,5,2053,256,16,0,0,11.875,0,
aeqkad_noisy,window,full,fidelity,True,True,16,iid,0.1,2,s046,4,27.750000000000004,15.108695652173914,0.0,79.5,56,42,40,2,6,0,0.8,8.61328125,55,3,40,0,10,2205,256,16,0,0,9.875,1,
aeqkad_noisy,window,full,fidelity,True,True,16,iid,0.1,2,s046,5,28.000000000000004,15.108695652173914,2.0,78.5,56,43,41,2,6,0,0.82,7.90234375,53,3,37,0,7,2023,256,16,0,0,11.6875,0,
aeqkad_noisy,window,full,fidelity,True,True,16,iid,0.1,2,s046,6,19.5,14.021739130434783,2.0,68.0,56,44,43,1,6,0,0.86,6.53125,52,4,39,0,4,1672,256,16,0,0,7.875,0,
aeqkad_noisy,window,full,fidelity,True,True,16,iid,0.1,2,s046,7,54.25,58.09782608695652,50.0,60.5,56,2,2,0,6,0,0.04,4.80078125,29,7,9,0,20,1229,256,16,0,0,56.25,0,
aeqkad_noisy,window,full,fidelity,True,True,16,iid,0.1,2,s046,8,41.75,47.66304347826087,14.000000000000002,66.0,56,6,3,3,6,0,0.06,6.5859375,48,8,10,0,34,1686,256,16,0,0,72.75,3,92.0
mm_noisy,mm,full,fidelity,True,True,16,iid,0.1,0,s046,2,54.75000000000001,65.10869565217392,0.0,99.0,56,40,39,1,6,0,0.78,16.0,56,9,14,0,7,4096,256,16,1,16,85.875,0,
mm_noisy,mm,full,fidelity,True,True,16,iid,0.1,0,s046,3,35.5,27.8804347826087,0.0,98.0,56,49,46,3,6,0,0.92,13.69921875,56,2,31,0,5,3507,256,16,1,1,26.75,1,
mm_noisy,mm,full,fidelity,True,True,16,iid,0.1,0,s046,4,28.25,23.3695652173913,0.0,95.5,56,43,40,3,6,0,0.8,11.89453125,56,0,39,0,13,3045,256,16,1,1,70.3125,1,
mm_noisy,mm,full,fidelity,True,True,16,iid,0.1,0,s046,5,25.0,15.108695652173914,0.0,96.5,56,42,41,1,6,0,0.82,13.4140625,56,2,30,0,12,3434,256,16,1,1,46.0,0,
mm_noisy,mm,full,fidelity,True,True,16,iid,0.1,0,s046,6,24.0,10.597826086956523,0.0,95.5,56,44,44,0,6,0,0.88,12.8046875,55,1,17,0,10,3278,256,16,1,1,73.5625,0,
mm_noisy,mm,full,fidelity,True,True,16,iid,0.1,0,s046,7,21.75,23.20652173913043,0.0,98.0,56,6,6,0,6,0,0.12,12.28125,56,1,32,0,49,3144,256,16,1,1,93.625,0,
mm_noisy,mm,full,fidelity,True,True,16,iid,0.1,0,s046,8,35.5,37.22826086956522,4.0,90.0,56,37,35,2,6,0,0.7,10.14453125,54,4,20,0,13,2597,256,16,1,1,93.5,0,100.0
mm_noisy,mm,full,fidelity,True,True,16,iid,0.1,1,s046,2,36.25,32.55434782608696,0.0,99.0,56,48,46,2,6,0,0.92,16.0,56,2,48,0,6,4096,256,16,1,16,87.4375,0,
mm_noisy,mm,full,fidelity,True,True,16,iid,0.1,1,s046,3,26.25,18.53260869565217,0.0,92.0,56,50,46,4,6,0,0.92,13.7578125,55,3,48,0,2,3522,256,16,1,1,31.875,3,
mm_noisy,mm,full,fidelity,True,True,16,iid,0.1,1,s046,4,25.5,19.78260869565217,0.0,92.0,56,43,40,3,6,0,0.8,14.984375,56,0,52,0,13,3836,256,16,1,1,63.625,1,
mm_noisy,mm,full,fidelity,True,True,16,iid,0.1,1,s046,5,28.25,19.78260869565217,0.0,94.0,56,50,46,4,6,0,0.92,13.3359375,56,2,50,0,4,3414,256,16,1,1,44.625,1,
mm_noisy,mm,full,fidelity,True,True,16,iid,0.1,1,s046,6,19.75,16.195652173913043,0.0,95.5,56,45,44,1,6,0,0.88,14.23046875,56,1,49,0,10,3643,256,16,1,1,59.375,0,
mm_noisy,mm,full,fidelity,True,True,16,iid,0.1,1,s046,7,37.5,30.217391304347828,0.0,95.5,56,6,6,0,6,0,0.12,11.90625,55,0,51,0,49,3048,256,16,1,1,94.4375,0,
mm_noisy,mm,full,fidelity,True,True,16,iid,0.1,1,s046,8,35.75,30.217391304347828,6.0,87.5,56,34,33,1,6,0,0.66,10.60546875,52,2,36,0,16,2715,256,16,1,1,97.25,1,100.0
mm_noisy,mm,full,fidelity,True,True,16,iid,0.1,2,s046,2,37.75,38.31521739130434,2.0,96.0,56,47,45,2,6,0,0.9,16.0,54,3,48,0,4,4096,256,16,1,16,86.9375,0,
mm_noisy,mm,full,fidelity,True,True,16,iid,0.1,2,s046,3,24.0,12.771739130434783,0.0,91.0,56,41,41,0,6,0,0.82,12.8515625,53,4,46,0,8,3290,256,16,1,1,28.8125,0,
mm_noisy,mm,full,fidelity,True,True,16,iid,0.1,2,s046,4,27.750000000000004,15.108695652173914,0.0,89.5,56,42,40,2,6,0,0.8,12.0625,55,1,45,0,12,3088,256,16,1,1,60.5625,1,
mm_noisy,mm,full,fidelity,True,True,16,iid,0.1,2,s046,5,28.000000000000004,16.358695652173914,0.0,93.5,56,43,41,2,6,0,0.82,12.3359375,55,2,48,0,10,3158,256,16,1,1,58.4375,1,
mm_noisy,mm,full,fidelity,True,True,16,iid,0.1,2,s046,6,20.25,11.684782608695654,0.0,84.0,56,44,43,1,6,0,0.86,10.97265625,54,1,46,0,9,2809,256,16,1,1,50.9375,0,
mm_noisy,mm,full,fidelity,True,True,16,iid,0.1,2,s046,7,32.99999999999999,28.967391304347828,0.0,85.5,56,2,2,0,6,0,0.04,10.0,56,3,44,0,51,2560,256,16,1,1,97.125,0,
mm_noisy,mm,full,fidelity,True,True,16,iid,0.1,2,s046,8,38.25,34.891304347826086,10.0,76.5,56,6,3,3,6,0,0.06,10.89453125,50,3,26,0,41,2789,256,16,1,1,122.9375,2,92.0
static_noisy,static,none,fidelity,True,True,16,iid,0.1,0,s047,2,19.0,7.01086956521739,0.0,96.5,56,0,0,0,6,0,0.0,40.0,0,0,0,0,0,10240,256,50,0,50,81.5,0,
static_noisy,static,none,fidelity,True,True,16,iid,0.1,0,s047,3,18.000000000000004,11.521739130434783,0.0,96.5,56,0,0,0,6,0,0.0,40.0,0,0,0,0,0,10240,256,50,0,50,137.5,0,
static_noisy,static,none,fidelity,True,True,16,iid,0.1,0,s047,4,13.5,7.01086956521739,0.0,94.5,56,0,0,0,6,0,0.0,40.0,0,0,0,0,0,10240,256,50,0,50,193.5,0,
static_noisy,static,none,fidelity,True,True,16,iid,0.1,0,s047,5,20.0,8.260869565217389,0.0,95.0,56,0,0,0,6,0,0.0,40.0,0,0,0,0,0,10240,256,50,0,50,249.5,0,
static_noisy,static,none,fidelity,True,True,16,iid,0.1,0,s047,6,22.25,12.608695652173912,0.0,96.0,56,0,0,0,6,0,0.0,40.0,0,0,0,0,0,10240,256,50,0,50,305.5,0,
static_noisy,static,none,fidelity,True,True,16,iid,0.1,0,s047,7,31.75,31.467391304347824,0.0,96.5,56,0,0,0,6,0,0.0,40.0,0,0,0,0,0,10240,256,50,0,50,361.5,0,
static_noisy,static,none,fidelity,True,True,16,iid,0.1,0,s047,8,30.000000000000004,18.53260869565217,0.0,94.5,56,0,0,0,6,0,0.0,40.0,0,0,0,0,0,10240,256,50,0,50,417.5,0,100.0
static_noisy,static,none,fidelity,True,True,16,iid,0.1,1,s047,2,14.000000000000002,3.58695652173913,0.0,93.5,56,0,0,0,6,0,0.0,40.0,0,0,0,0,0,10240,256,50,0,50,81.5,0,
static_noisy,static,none,fidelity,True,True,16,iid,0.1,1,s047,3,19.25,11.684782608695654,0.0,96.0,56,0,0,0,6,0,0.0,40.0,0,0,0,0,0,10240,256,50,0,50,137.5,0,
static_noisy,static,none,fidelity,True,True,16,iid,0.1,1,s047,4,19.25,10.434782608695654,0.0,92.5,56,0,0,0,6,0,0.0,40.0,0,0,0,0,0,10240,256,50,0,50,193.5,0,
static_noisy,static,none,fidelity,True,True,16,iid,0.1,1,s047,5,21.5,10.434782608695654,0.0,94.0,56,0,0,0,6,0,0.0,40.0,0,0,0,0,0,10240,256,50,0,50,249.5,0,
static_noisy,static,none,fidelity,True,True,16,iid,0.1,1,s047,6,23.75,10.434782608695654,0.0,95.5,56,0,0,0,6,0,0.0,40.0,0,0,0,0,0,10240,256,50,0,50,305.5,0,
static_noisy,static,none,fidelity,True,True,16,iid,0.1,1,s047,7,35.25,30.217391304347828,2.0,94.5,56,0,0,0,6,0,0.0,40.0,0,0,0,0,0,10240,256,50,0,50,361.5,0,
static_noisy,static,none,fidelity,True,True,16,iid,0.1,1,s047,8,28.25,23.3695652173913,0.0,95.5,56,0,0,0,6,0,0.0,40.0,0,0,0,0,0,10240,256,50,0,50,417.5,0,100.0
static_noisy,static,none,fidelity,True,True,16,iid,0.1,2,s047,2,16.000000000000004,4.67391304347826,2.0,91.0,56,0,0,0,6,0,0.0,37.0,0,0,0,0,0,9472,256,50,0,50,81.5,0,
static_noisy,static,none,fidelity,True,True,16,iid,0.1,2,s047,3,16.250000000000004,8.097826086956525,2.0,93.5,56,0,0,0,6,0,0.0,37.0,0,0,0,0,0,9472,256,50,0,50,137.5,0,
static_noisy,static,none,fidelity,True,True,16,iid,0.1,2,s047,4,15.500000000000004,8.097826086956525,2.0,92.5,56,0,0,0,6,0,0.0,37.0,0,0,0,0,0,9472,256,50,0,50,193.5,0,
static_noisy,static,none,fidelity,True,True,16,iid,0.1,2,s047,5,19.75,3.58695652173913,0.0,93.5,56,0,0,0,6,0,0.0,37.0,0,0,0,0,0,9472,256,50,0,50,249.5,0,
static_noisy,static,none,fidelity,True,True,16,iid,0.1,2,s047,6,22.25,10.434782608695654,0.0,94.0,56,0,0,0,6,0,0.0,37.0,0,0,0,0,0,9472,256,50,0,50,305.5,0,
static_noisy,static,none,fidelity,True,True,16,iid,0.1,2,s047,7,31.75,33.641304347826086,2.0,90.5,56,0,0,0,6,0,0.0,37.0,0,0,0,0,0,9472,256,50,0,50,361.5,0,
static_noisy,static,none,fidelity,True,True,16,iid,0.1,2,s047,8,26.0,18.53260869565217,2.0,93.0,56,0,0,0,6,0,0.0,37.0,0,0,0,0,0,9472,256,50,0,50,417.5,0,100.0
window_noisy,window,none,fidelity,True,True,16,iid,0.1,0,s047,2,18.75,8.097826086956525,4.0,77.0,56,53,48,5,6,0,0.96,13.08984375,0,0,0,0,0,3351,256,16,0,0,8.0,1,
window_noisy,window,none,fidelity,True,True,16,iid,0.1,0,s047,3,28.500000000000004,26.6304347826087,4.0,73.5,56,54,48,6,6,0,0.96,13.65625,0,0,0,0,0,3496,256,16,0,0,7.75,1,
window_noisy,window,none,fidelity,True,True,16,iid,0.1,0,s047,4,20.0,10.434782608695654,4.0,69.5,56,52,48,4,6,0,0.96,12.54296875,0,0,0,0,0,3211,256,16,0,0,7.625,0,
window_noisy,window,none,fidelity,True,True,16,iid,0.1,0,s047,5,15.250000000000002,4.67391304347826,2.0,71.5,56,54,49,5,6,0,0.98,10.4453125,0,0,0,0,0,2674,256,16,0,0,7.5,4,
window_noisy,window,none,fidelity,True,True,16,iid,0.1,0,s047,6,31.75,22.1195652173913,2.0,77.0,56,52,49,3,6,0,0.98,10.94921875,0,0,0,0,0,2803,256,16,0,0,8.1875,1,
window_noisy,window,none,fidelity,True,True,16,iid,0.1,0,s047,7,34.0,24.456521739130437,8.0,80.5,56,52,46,6,6,0,0.92,13.2890625,0,0,0,0,0,3402,256,16,0,0,8.3125,2,
window_noisy,window,none,fidelity,True,True,16,iid,0.1,0,s047,8,38.0,39.56521739130434,16.0,84.0,56,46,42,4,6,0,0.84,12.421875,0,0,0,0,0,3180,256,16,0,0,8.3125,0,84.0
window_noisy,window,none,fidelity,True,True,16,iid,0.1,1,s047,2,21.75,5.0,4.0,74.0,56,52,48,4,6,0,0.96,12.671875,0,0,0,0,0,3244,256,16,0,0,8.625,2,
window_noisy,window,none,fidelity,True,True,16,iid,0.1,1,s047,3,25.5,9.184782608695654,6.0,77.5,56,53,47,6,6,0,0.94,12.9453125,0,0,0,0,0,3314,256,16,0,0,8.625,1,
window_noisy,window,none,fidelity,True,True,16,iid,0.1,1,s047,4,20.0,8.097826086956525,4.0,76.5,56,51,48,3,6,0,0.96,12.28515625,0,0,0,0,0,3145,256,16,0,0,9.5,0,
window_noisy,window,none,fidelity,True,True,16,iid,0.1,1,s047,5,16.000000000000004,7.01086956521739,2.0,65.5,56,52,49,3,6,0,0.98,10.70703125,0,0,0,0,0,2741,256,16,0,0,8.3125,1,
window_noisy,window,none,fidelity,True,True,16,iid,0.1,1,s047,6,38.0,26.6304347826087,2.0,81.5,56,55,49,6,6,0,0.98,11.09375,0,0,0,0,0,2840,256,16,0,0,7.5,0,
window_noisy,window,none,fidelity,True,True,16,iid,0.1,1,s047,7,39.5,34.72826086956522,6.0,79.5,56,50,47,3,6,0,0.94,12.62109375,0,0,0,0,0,3231,256,16,0,0,8.375,1,
window_noisy,window,none,fidelity,True,True,16,iid,0.1,1,s047,8,38.0,37.22826086956522,16.0,80.5,56,46,42,4,6,0,0.84,12.44140625,0,0,0,0,0,3185,256,16,0,0,8.375,3,96.0
window_noisy,window,none,fidelity,True,True,16,iid,0.1,2,s047,2,26.0,21.03260869565217,4.0,75.5,56,54,48,6,6,0,0.96,12.90234375,0,0,0,0,0,3303,256,16,0,0,7.8125,2,
window_noisy,window,none,fidelity,True,True,16,iid,0.1,2,s047,3,28.000000000000004,15.108695652173914,8.0,73.0,56,51,46,5,6,0,0.92,13.1796875,0,0,0,0,0,3374,256,16,0,0,9.0625,1,
window_noisy,window,none,fidelity,True,True,16,iid,0.1,2,s047,4,19.000000000000004,10.434782608695654,4.0,73.5,56,53,48,5,6,0,0.96,12.4765625,0,0,0,0,0,3194,256,16,0,0,7.5,1,
window_noisy,window,none,fidelity,True,True,16,iid,0.1,2,s047,5,19.5,10.434782608695654,2.0,63.0,56,51,49,2,6,0,0.98,10.83203125,0,0,0,0,0,2773,256,16,0,0,8.5625,1,
window_noisy,window,none,fidelity,True,True,16,iid,0.1,2,s047,6,34.5,25.543478260869566,2.0,75.5,56,54,49,5,6,0,0.98,10.5,0,0,0,0,0,2688,256,16,0,0,7.5,0,
window_noisy,window,none,fidelity,True,True,16,iid,0.1,2,s047,7,40.25,30.217391304347828,10.0,83.0,56,49,45,4,6,0,0.9,12.95703125,0,0,0,0,0,3317,256,16,0,0,8.375,1,
window_noisy,window,none,fidelity,True,True,16,iid,0.1,2,s047,8,37.25,30.217391304347828,20.0,78.5,56,45,40,5,6,0,0.8,12.4375,0,0,0,0,0,3184,256,16,0,0,9.125,2,96.0
aeqkad_noisy,window,full,fidelity,True,True,16,iid,0.1,0,s047,2,20.75,4.83695652173913,4.0,71.0,56,39,39,0,6,0,0.78,12.57421875,53,13,0,0,1,3219,256,16,0,0,13.375,0,
aeqkad_noisy,window,full,fidelity,True,True,16,iid,0.1,0,s047,3,32.25,28.967391304347828,8.0,71.5,56,42,37,5,6,0,0.74,12.4921875,52,10,0,0,0,3198,256,16,0,0,9.625,0,
aeqkad_noisy,window,full,fidelity,True,True,16,iid,0.1,0,s047,4,19.75,8.097826086956525,4.0,67.0,56,47,43,4,6,0,0.86,12.21484375,52,5,0,0,0,3127,256,16,0,0,9.5,0,
aeqkad_noisy,window,full,fidelity,True,True,16,iid,0.1,0,s047,5,13.25,4.67391304347826,6.0,65.0,56,44,42,2,6,0,0.84,9.24609375,52,8,0,0,0,2367,256,16,0,0,9.0,1,
aeqkad_noisy,window,full,fidelity,True,True,16,iid,0.1,0,s047,6,38.75,29.130434782608692,4.0,67.5,56,32,31,1,6,0,0.62,9.52734375,51,14,0,0,5,2439,256,16,0,0,10.0,0,
aeqkad_noisy,window,full,fidelity,True,True,16,iid,0.1,0,s047,7,39.5,39.40217391304348,8.0,77.5,56,36,33,3,6,0,0.66,11.12890625,51,14,0,0,1,2849,256,16,0,0,9.8125,0,
aeqkad_noisy,window,full,fidelity,True,True,16,iid,0.1,0,s047,8,42.0,39.56521739130434,16.0,74.0,56,28,27,1,6,0,0.54,11.46484375,45,16,0,0,1,2935,256,16,0,0,9.8125,0,82.0
aeqkad_noisy,window,full,fidelity,True,True,16,iid,0.1,1,s047,2,26.25,15.108695652173914,6.0,70.5,56,42,40,2,6,0,0.8,12.44140625,50,7,0,0,1,3185,256,16,0,0,14.3125,1,
aeqkad_noisy,window,full,fidelity,True,True,16,iid,0.1,1,s047,3,26.0,20.869565217391305,10.0,73.0,56,42,39,3,6,0,0.78,12.2109375,51,9,0,0,0,3126,256,16,0,0,8.625,1,
aeqkad_noisy,window,full,fidelity,True,True,16,iid,0.1,1,s047,4,18.250000000000004,8.097826086956525,4.0,66.0,56,46,46,0,6,0,0.92,11.8515625,51,4,0,0,1,3034,256,16,0,0,9.5,0,
aeqkad_noisy,window,full,fidelity,True,True,16,iid,0.1,1,s047,5,16.250000000000004,7.01086956521739,4.0,66.5,56,46,44,2,6,0,0.88,9.80078125,51,4,0,0,1,2509,256,16,0,0,8.4375,1,
aeqkad_noisy,window,full,fidelity,True,True,16,iid,0.1,1,s047,6,39.5,29.130434782608692,12.0,66.0,56,33,31,2,6,0,0.62,8.9765625,47,9,0,0,5,2298,256,16,0,0,8.6875,1,
aeqkad_noisy,window,full,fidelity,True,True,16,iid,0.1,1,s047,7,42.25,37.22826086956522,8.0,82.0,56,39,35,4,6,0,0.7,11.23828125,50,11,0,0,0,2877,256,16,0,0,9.6875,2,
aeqkad_noisy,window,full,fidelity,True,True,16,iid,0.1,1,s047,8,48.25,42.98913043478261,18.0,76.0,56,29,27,2,6,0,0.54,11.6796875,45,12,0,0,4,2990,256,16,0,0,10.625,1,94.0
aeqkad_noisy,window,full,fidelity,True,True,16,iid,0.1,2,s047,2,24.0,12.608695652173912,4.0,72.0,56,40,39,1,6,0,0.78,12.11328125,54,12,0,0,2,3101,256,16,0,0,13.25,1,
aeqkad_noisy,window,full,fidelity,True,True,16,iid,0.1,2,s047,3,29.75,22.1195652173913,10.0,69.5,56,40,37,3,6,0,0.74,12.5390625,50,8,0,0,2,3210,256,16,0,0,10.0625,0,
aeqkad_noisy,window,full,fidelity,True,True,16,iid,0.1,2,s047,4,20.0,3.75,4.0,68.5,56,44,43,1,6,0,0.86,11.9453125,53,7,0,0,2,3058,256,16,0,0,9.25,1,
aeqkad_noisy,window,full,fidelity,True,True,16,iid,0.1,2,s047,5,15.500000000000004,5.760869565217389,4.0,60.0,56,41,41,0,6,0,0.82,9.27734375,50,5,0,0,4,2375,256,16,0,0,8.9375,0,
aeqkad_noisy,window,full,fidelity,True,True,16,iid,0.1,2,s047,6,35.5,26.79347826086957,16.0,64.0,56,32,31,1,6,0,0.62,9.07421875,47,9,0,0,6,2323,256,16,0,0,8.8125,0,
aeqkad_noisy,window,full,fidelity,True,True,16,iid,0.1,2,s047,7,38.5,37.22826086956522,12.0,80.5,56,36,35,1,6,0,0.7,11.77734375,47,10,0,0,1,3015,256,16,0,0,9.0625,1,
aeqkad_noisy,window,full,fidelity,True,True,16,iid,0.1,2,s047,8,45.25,38.47826086956522,20.0,72.0,56,30,28,2,6,0,0.56,11.71484375,45,13,0,0,2,2999,256,16,0,0,9.375,1,96.0
mm_noisy,mm,full,fidelity,True,True,16,iid,0.1,0,s047,2,16.000000000000004,3.58695652173913,0.0,98.0,56,42,42,0,6,0,0.84,16.0,54,11,0,0,1,4096,256,16,1,16,82.5,0,
mm_noisy,mm,full,fidelity,True,True,16,iid,0.1,0,s047,3,19.0,5.923913043478259,2.0,83.5,56,39,38,1,6,0,0.76,15.5703125,55,15,0,0,1,3986,256,16,1,2,31.1875,0,
mm_noisy,mm,full,fidelity,True,True,16,iid,0.1,0,s047,4,17.000000000000004,9.184782608695654,4.0,81.5,56,51,47,4,6,0,0.94,15.44921875,52,1,0,0,0,3955,256,16,1,1,52.3125,3,
mm_noisy,mm,full,fidelity,True,True,16,iid,0.1,0,s047,5,22.0,9.347826086956523,2.0,79.0,56,48,46,2,6,0,0.92,14.65625,54,3,0,0,3,3752,256,16,1,1,61.5625,4,
mm_noisy,mm,full,fidelity,True,True,16,iid,0.1,0,s047,6,31.499999999999996,24.456521739130437,2.0,79.5,56,35,33,2,6,0,0.66,13.9765625,53,5,0,0,13,3578,256,16,1,1,43.25,2,
mm_noisy,mm,full,fidelity,True,True,16,iid,0.1,0,s047,7,42.50000000000001,38.31521739130434,6.0,85.0,56,39,36,3,6,0,0.72,15.58984375,53,11,0,0,3,3991,256,16,1,1,69.25,2,
mm_noisy,mm,full,fidelity,True,True,16,iid,0.1,0,s047,8,44.25,38.47826086956522,2.0,87.5,56,37,35,2,6,0,0.7,16.0,54,9,0,0,8,4096,256,16,1,1,71.5,3,92.0
mm_noisy,mm,full,fidelity,True,True,16,iid,0.1,1,s047,2,16.250000000000004,4.67391304347826,0.0,89.5,56,44,43,1,6,0,0.86,16.0,55,9,0,0,2,4096,256,16,1,16,82.9375,0,
mm_noisy,mm,full,fidelity,True,True,16,iid,0.1,1,s047,3,19.75,6.847826086956524,2.0,86.0,56,42,39,3,6,0,0.78,15.17578125,55,13,0,0,0,3885,256,16,1,1,23.375,0,
mm_noisy,mm,full,fidelity,True,True,16,iid,0.1,1,s047,4,19.75,7.01086956521739,4.0,83.5,56,48,48,0,6,0,0.96,15.09375,52,2,0,0,2,3864,256,16,1,1,49.3125,0,
mm_noisy,mm,full,fidelity,True,True,16,iid,0.1,1,s047,5,18.000000000000004,7.01086956521739,2.0,78.5,56,44,42,2,6,0,0.84,15.60546875,53,4,0,0,5,3995,256,16,1,1,54.9375,1,
mm_noisy,mm,full,fidelity,True,True,16,iid,0.1,1,s047,6,27.250000000000004,17.445652173913043,2.0,83.5,56,36,34,2,6,0,0.68,14.7890625,55,3,0,0,16,3786,256,16,1,1,43.875,2,
mm_noisy,mm,full,fidelity,True,True,16,iid,0.1,1,s047,7,44.25,45.326086956521735,8.0,85.0,56,41,38,3,6,0,0.76,15.51171875,51,6,0,0,4,3971,256,16,1,1,64.875,3,
mm_noisy,mm,full,fidelity,True,True,16,iid,0.1,1,s047,8,46.75,47.66304347826087,10.0,87.0,56,34,33,1,6,0,0.66,15.953125,49,6,0,0,9,4084,256,16,1,1,82.5,2,98.0
mm_noisy,mm,full,fidelity,True,True,16,iid,0.1,2,s047,2,15.750000000000004,3.58695652173913,2.0,90.0,56,39,39,0,6,0,0.78,16.0,55,10,0,0,6,4096,256,16,1,16,82.5,0,
mm_noisy,mm,full,fidelity,True,True,16,iid,0.1,2,s047,3,18.5,8.097826086956525,2.0,84.5,56,40,38,2,6,0,0.76,15.90625,55,11,0,0,4,4072,256,16,1,4,39.5,0,
mm_noisy,mm,full,fidelity,True,True,16,iid,0.1,2,s047,4,20.25,5.0,4.0,85.0,56,50,48,2,6,0,0.96,15.27734375,53,1,0,0,2,3911,256,16,1,1,50.3125,1,
mm_noisy,mm,full,fidelity,True,True,16,iid,0.1,2,s047,5,17.750000000000004,4.67391304347826,2.0,83.0,56,42,42,0,6,0,0.84,15.83984375,52,3,0,0,7,4055,256,16,1,1,59.1875,1,
mm_noisy,mm,full,fidelity,True,True,16,iid,0.1,2,s047,6,28.000000000000004,21.956521739130437,2.0,80.0,56,34,32,2,6,0,0.64,15.1015625,55,5,0,0,16,3866,256,16,1,1,35.4375,2,
mm_noisy,mm,full,fidelity,True,True,16,iid,0.1,2,s047,7,42.00000000000001,32.55434782608696,6.0,86.0,56,37,36,1,6,0,0.72,14.43359375,51,8,0,0,6,3695,256,16,1,1,71.0,0,
mm_noisy,mm,full,fidelity,True,True,16,iid,0.1,2,s047,8,37.5,37.22826086956522,10.0,83.0,56,36,34,2,6,0,0.68,15.9453125,50,8,0,0,6,4082,256,16,1,1,72.625,1,98.0
static_noisy,static,none,fidelity,True,True,16,iid,0.1,0,s048,2,16.000000000000004,7.01086956521739,0.0,92.5,56,0,0,0,6,0,0.0,40.0,0,0,0,0,0,10240,256,50,0,50,81.5,0,
static_noisy,static,none,fidelity,True,True,16,iid,0.1,0,s048,3,15.250000000000002,9.347826086956523,0.0,95.5,56,0,0,0,6,0,0.0,40.0,0,0,0,0,0,10240,256,50,0,50,137.5,0,
static_noisy,static,none,fidelity,True,True,16,iid,0.1,0,s048,4,35.25,33.80434782608695,0.0,93.5,56,0,0,0,6,0,0.0,40.0,0,0,0,0,0,10240,256,50,0,50,193.5,0,
static_noisy,static,none,fidelity,True,True,16,iid,0.1,0,s048,5,34.0,31.304347826086957,0.0,94.5,56,0,0,0,6,0,0.0,40.0,0,0,0,0,0,10240,256,50,0,50,249.5,0,
static_noisy,static,none,fidelity,True,True,16,iid,0.1,0,s048,6,24.5,22.1195652173913,0.0,93.5,56,0,0,0,6,0,0.0,40.0,0,0,0,0,0,10240,256,50,0,50,305.5,0,
static_noisy,static,none,fidelity,True,True,16,iid,0.1,0,s048,7,26.0,20.869565217391305,0.0,96.0,56,0,0,0,6,0,0.0,40.0,0,0,0,0,0,10240,256,50,0,50,361.5,0,
static_noisy,static,none,fidelity,True,True,16,iid,0.1,0,s048,8,22.0,14.021739130434783,0.0,94.5,56,0,0,0,6,0,0.0,40.0,0,0,0,0,0,10240,256,50,0,50,417.5,0,100.0
static_noisy,static,none,fidelity,True,True,16,iid,0.1,1,s048,2,14.750000000000002,1.25,0.0,90.0,56,0,0,0,6,0,0.0,38.0,0,0,0,0,0,9728,256,50,0,50,81.5,0,
static_noisy,static,none,fidelity,True,True,16,iid,0.1,1,s048,3,19.75,10.434782608695654,0.0,91.0,56,0,0,0,6,0,0.0,38.0,0,0,0,0,0,9728,256,50,0,50,137.5,0,
static_noisy,static,none,fidelity,True,True,16,iid,0.1,1,s048,4,40.75,39.56521739130434,0.0,89.0,56,0,0,0,6,0,0.0,38.0,0,0,0,0,0,9728,256,50,0,50,193.5,0,
static_noisy,static,none,fidelity,True,True,16,iid,0.1,1,s048,5,32.25,24.456521739130437,0.0,92.5,56,0,0,0,6,0,0.0,38.0,0,0,0,0,0,9728,256,50,0,50,249.5,0,
static_noisy,static,none,fidelity,True,True,16,iid,0.1,1,s048,6,26.5,22.1195652173913,0.0,88.0,56,0,0,0,6,0,0.0,38.0,0,0,0,0,0,9728,256,50,0,50,305.5,0,
static_noisy,static,none,fidelity,True,True,16,iid,0.1,1,s048,7,29.500000000000004,19.78260869565217,0.0,90.0,56,0,0,0,6,0,0.0,38.0,0,0,0,0,0,9728,256,50,0,50,361.5,0,
static_noisy,static,none,fidelity,True,True,16,iid,0.1,1,s048,8,20.0,14.021739130434783,0.0,89.0,56,0,0,0,6,0,0.0,38.0,0,0,0,0,0,9728,256,50,0,50,417.5,0,82.0
static_noisy,static,none,fidelity,True,True,16,iid,0.1,2,s048,2,16.000000000000004,9.347826086956523,0.0,92.0,56,0,0,0,6,0,0.0,38.0,0,0,0,0,0,9728,256,50,0,50,81.5,0,
static_noisy,static,none,fidelity,True,True,16,iid,0.1,2,s048,3,16.250000000000004,6.847826086956524,0.0,91.5,56,0,0,0,6,0,0.0,38.0,0,0,0,0,0,9728,256,50,0,50,137.5,0,
static_noisy,static,none,fidelity,True,True,16,iid,0.1,2,s048,4,37.5,39.56521739130434,0.0,92.0,56,0,0,0,6,0,0.0,38.0,0,0,0,0,0,9728,256,50,0,50,193.5,0,
static_noisy,static,none,fidelity,True,True,16,iid,0.1,2,s048,5,36.0,24.456521739130437,0.0,93.0,56,0,0,0,6,0,0.0,38.0,0,0,0,0,0,9728,256,50,0,50,249.5,0,
static_noisy,static,none,fidelity,True,True,16,iid,0.1,2,s048,6,25.75,21.195652173913043,0.0,92.0,56,0,0,0,6,0,0.0,38.0,0,0,0,0,0,9728,256,50,0,50,305.5,0,
static_noisy,static,none,fidelity,True,True,16,iid,0.1,2,s048,7,24.75,20.869565217391305,0.0,95.5,56,0,0,0,6,0,0.0,38.0,0,0,0,0,0,9728,256,50,0,50,361.5,0,
static_noisy,static,none,fidelity,True,True,16,iid,0.1,2,s048,8,20.25,16.195652173913043,0.0,91.5,56,0,0,0,6,0,0.0,38.0,0,0,0,0,0,9728,256,50,0,50,417.5,0,98.0
window_noisy,window,none,fidelity,True,True,16,iid,0.1,0,s048,2,11.5,5.923913043478259,0.0,57.99999999999999,56,53,50,3,6,0,1.0,12.1484375,0,0,0,0,0,3110,256,16,0,0,7.5,1,
window_noisy,window,none,fidelity,True,True,16,iid,0.1,0,s048,3,19.75,17.445652173913043,2.0,65.0,56,53,49,4,6,0,0.98,11.2421875,0,0,0,0,0,2878,256,16,0,0,7.5,1,
window_noisy,window,none,fidelity,True,True,16,iid,0.1,0,s048,4,17.750000000000004,7.17391304347826,4.0,63.5,56,52,48,4,6,0,0.96,12.12109375,0,0,0,0,0,3103,256,16,0,0,9.625,2,
window_noisy,window,none,fidelity,True,True,16,iid,0.1,0,s048,5,19.5,8.097826086956525,4.0,59.5,56,51,48,3,6,0,0.96,11.03515625,0,0,0,0,0,2825,256,16,0,0,8.375,0,
window_noisy,window,none,fidelity,True,True,16,iid,0.1,0,s048,6,13.25,1.25,0.0,60.0,56,53,50,3,6,0,1.0,10.140625,0,0,0,0,0,2596,256,16,0,0,8.4375,1,
window_noisy,window,none,fidelity,True,True,16,iid,0.1,0,s048,7,16.250000000000004,7.01086956521739,4.0,70.5,56,53,48,5,6,0,0.96,11.56640625,0,0,0,0,0,2961,256,16,0,0,7.5,1,
window_noisy,window,none,fidelity,True,True,16,iid,0.1,0,s048,8,18.000000000000004,10.434782608695654,2.0,55.00000000000001,56,53,49,4,6,0,0.98,9.20703125,0,0,0,0,0,2357,256,16,0,0,8.375,1,84.0
window_noisy,window,none,fidelity,True,True,16,iid,0.1,1,s048,2,12.0,5.923913043478259,0.0,64.0,56,55,50,5,6,0,1.0,12.1953125,0,0,0,0,0,3122,256,16,0,0,7.5,3,
window_noisy,window,none,fidelity,True,True,16,iid,0.1,1,s048,3,16.250000000000004,6.847826086956524,2.0,63.0,56,52,49,3,6,0,0.98,11.14453125,0,0,0,0,0,2853,256,16,0,0,8.375,0,
window_noisy,window,none,fidelity,True,True,16,iid,0.1,1,s048,4,20.75,10.434782608695654,4.0,59.5,56,51,48,3,6,0,0.96,11.765625,0,0,0,0,0,3012,256,16,0,0,10.125,1,
window_noisy,window,none,fidelity,True,True,16,iid,0.1,1,s048,5,17.000000000000004,7.01086956521739,4.0,60.0,56,52,48,4,6,0,0.96,10.80078125,0,0,0,0,0,2765,256,16,0,0,7.5,3,
window_noisy,window,none,fidelity,True,True,16,iid,0.1,1,s048,6,14.750000000000002,9.184782608695654,0.0,63.0,56,51,50,1,6,0,1.0,10.73828125,0,0,0,0,0,2749,256,16,0,0,8.6875,0,
window_noisy,window,none,fidelity,True,True,16,iid,0.1,1,s048,7,15.250000000000002,2.33695652173913,4.0,65.5,56,51,48,3,6,0,0.96,11.07421875,0,0,0,0,0,2835,256,16,0,0,7.5,1,
window_noisy,window,none,fidelity,True,True,16,iid,0.1,1,s048,8,11.5,6.847826086956524,0.0,61.5,56,55,50,5,6,0,1.0,10.0703125,0,0,0,0,0,2578,256,16,0,0,7.5,3,4.0
window_noisy,window,none,fidelity,True,True,16,iid,0.1,2,s048,2,13.5,9.347826086956523,0.0,60.0,56,53,50,3,6,0,1.0,12.29296875,0,0,0,0,0,3147,256,16,0,0,7.625,1,
window_noisy,window,none,fidelity,True,True,16,iid,0.1,2,s048,3,16.000000000000004,12.771739130434783,2.0,63.0,56,51,49,2,6,0,0.98,11.0,0,0,0,0,0,2816,256,16,0,0,7.5,0,
window_noisy,window,none,fidelity,True,True,16,iid,0.1,2,s048,4,17.750000000000004,10.434782608695654,4.0,70.0,56,52,48,4,6,0,0.96,11.9921875,0,0,0,0,0,3070,256,16,0,0,9.5,0,
window_noisy,window,none,fidelity,True,True,16,iid,0.1,2,s048,5,18.5,1.25,4.0,63.5,56,53,48,5,6,0,0.96,11.10546875,0,0,0,0,0,2843,256,16,0,0,7.5,1,
window_noisy,window,none,fidelity,True,True,16,iid,0.1,2,s048,6,13.5,8.097826086956525,0.0,57.49999999999999,56,53,50,3,6,0,1.0,10.45703125,0,0,0,0,0,2677,256,16,0,0,8.75,2,
window_noisy,window,none,fidelity,True,True,16,iid,0.1,2,s048,7,13.25,8.097826086956525,4.0,63.5,56,51,48,3,6,0,0.96,10.93359375,0,0,0,0,0,2799,256,16,0,0,7.625,3,
window_noisy,window,none,fidelity,True,True,16,iid,0.1,2,s048,8,16.500000000000004,10.434782608695654,2.0,67.0,56,55,49,6,6,0,0.98,10.6796875,0,0,0,0,0,2734,256,16,0,0,7.5,2,90.0
aeqkad_noisy,window,full,fidelity,True,True,16,iid,0.1,0,s048,2,14.500000000000002,8.097826086956525,0.0,50.0,56,44,42,2,6,0,0.84,11.06640625,54,10,0,0,0,2833,256,16,0,0,8.6875,1,
aeqkad_noisy,window,full,fidelity,True,True,16,iid,0.1,0,s048,3,15.500000000000004,11.521739130434783,2.0,56.00000000000001,56,44,43,1,6,0,0.86,9.87109375,52,8,0,0,0,2527,256,16,0,0,8.125,0,
aeqkad_noisy,window,full,fidelity,True,True,16,iid,0.1,0,s048,4,15.750000000000004,9.184782608695654,4.0,57.49999999999999,56,45,44,1,6,0,0.88,11.14453125,52,7,0,0,0,2853,256,16,0,0,10.625,1,
aeqkad_noisy,window,full,fidelity,True,True,16,iid,0.1,0,s048,5,14.000000000000002,6.847826086956524,6.0,47.5,56,42,42,0,6,0,0.84,9.46484375,50,8,0,0,0,2423,256,16,0,0,9.625,0,
aeqkad_noisy,window,full,fidelity,True,True,16,iid,0.1,0,s048,6,11.75,2.33695652173913,0.0,56.99999999999999,56,51,49,2,6,0,0.98,10.2109375,53,2,0,0,0,2614,256,16,0,0,8.4375,1,
aeqkad_noisy,window,full,fidelity,True,True,16,iid,0.1,0,s048,7,15.750000000000004,7.01086956521739,4.0,65.0,56,49,46,3,6,0,0.92,11.078125,52,3,0,0,0,2836,256,16,0,0,7.75,0,
aeqkad_noisy,window,full,fidelity,True,True,16,iid,0.1,0,s048,8,15.500000000000004,5.760869565217389,2.0,53.5,56,48,47,1,6,0,0.94,8.91015625,53,5,0,0,0,2281,256,16,0,0,9.4375,0,76.0
aeqkad_noisy,window,full,fidelity,True,True,16,iid,0.1,1,s048,2,12.0,5.923913043478259,0.0,60.5,56,53,49,4,6,0,0.98,11.97265625,55,2,0,0,0,3065,256,16,0,0,8.0,2,
aeqkad_noisy,window,full,fidelity,True,True,16,iid,0.1,1,s048,3,19.0,10.434782608695654,2.0,58.5,56,46,44,2,6,0,0.88,10.0078125,52,6,0,0,0,2562,256,16,0,0,8.375,0,
aeqkad_noisy,window,full,fidelity,True,True,16,iid,0.1,1,s048,4,20.5,5.597826086956524,4.0,57.49999999999999,56,46,45,1,6,0,0.9,11.2578125,51,4,0,0,1,2882,256,16,0,0,10.875,0,
aeqkad_noisy,window,full,fidelity,True,True,16,iid,0.1,1,s048,5,17.000000000000004,3.58695652173913,6.0,50.0,56,44,43,1,6,0,0.86,9.5078125,49,5,0,0,0,2434,256,16,0,0,10.3125,1,
aeqkad_noisy,window,full,fidelity,True,True,16,iid,0.1,1,s048,6,13.750000000000002,7.01086956521739,0.0,55.00000000000001,56,49,49,0,6,0,0.98,10.234375,51,2,0,0,0,2620,256,16,0,0,8.6875,0,
aeqkad_noisy,window,full,fidelity,True,True,16,iid,0.1,1,s048,7,14.250000000000002,2.33695652173913,4.0,61.0,56,48,46,2,6,0,0.92,10.7734375,52,3,0,0,1,2758,256,16,0,0,7.5625,1,
aeqkad_noisy,window,full,fidelity,True,True,16,iid,0.1,1,s048,8,12.5,6.847826086956524,0.0,57.49999999999999,56,48,47,1,6,0,0.94,8.6796875,54,4,0,0,2,2222,256,16,0,0,10.25,0,4.0
aeqkad_noisy,window,full,fidelity,True,True,16,iid,0.1,2,s048,2,13.5,8.097826086956525,0.0,53.5,56,47,46,1,6,0,0.92,11.33984375,52,5,0,0,0,2903,256,16,0,0,8.0625,0,
aeqkad_noisy,window,full,fidelity,True,True,16,iid,0.1,2,s048,3,16.000000000000004,10.434782608695654,2.0,58.5,56,44,43,1,6,0,0.86,10.15234375,52,8,0,0,0,2599,256,16,0,0,7.5,0,
aeqkad_noisy,window,full,fidelity,True,True,16,iid,0.1,2,s048,4,16.000000000000004,5.923913043478259,4.0,62.0,56,45,44,1,6,0,0.88,11.2578125,51,5,0,0,1,2882,256,16,0,0,9.5,0,
aeqkad_noisy,window,full,fidelity,True,True,16,iid,0.1,2,s048,5,15.250000000000002,2.33695652173913,6.0,52.0,56,45,42,3,6,0,0.84,9.6484375,52,6,0,0,1,2470,256,16,0,0,9.0,1,
aeqkad_noisy,window,full,fidelity,True,True,16,iid,0.1,2,s048,6,11.5,8.097826086956525,0.0,54.0,56,49,49,0,6,0,0.98,10.0234375,52,3,0,0,0,2566,256,16,0,0,9.5,0,
aeqkad_noisy,window,full,fidelity,True,True,16,iid,0.1,2,s048,7,14.750000000000002,3.58695652173913,4.0,60.5,56,48,46,2,6,0,0.92,11.12109375,51,3,0,0,0,2847,256,16,0,0,8.25,2,
aeqkad_noisy,window,full,fidelity,True,True,16,iid,0.1,2,s048,8,14.000000000000002,7.01086956521739,2.0,60.0,56,48,47,1,6,0,0.94,9.41015625,53,5,0,0,0,2409,256,16,0,0,8.0625,1,90.0
mm_noisy,mm,full,fidelity,True,True,16,iid,0.1,0,s048,2,18.000000000000004,4.83695652173913,0.0,87.0,56,46,43,3,6,0,0.86,16.0,56,10,0,0,0,4096,256,16,1,16,81.625,0,
mm_noisy,mm,full,fidelity,True,True,16,iid,0.1,0,s048,3,20.25,19.78260869565217,0.0,79.0,56,44,43,1,6,0,0.86,14.62109375,55,11,0,0,0,3743,256,16,1,1,25.9375,0,
mm_noisy,mm,full,fidelity,True,True,16,iid,0.1,0,s048,4,22.5,15.108695652173914,4.0,70.0,56,46,44,2,6,0,0.88,13.76953125,53,7,0,0,0,3525,256,16,1,1,44.5,0,
mm_noisy,mm,full,fidelity,True,True,16,iid,0.1,0,s048,5,14.500000000000002,11.521739130434783,4.0,69.5,56,48,46,2,6,0,0.92,14.7109375,52,4,0,0,0,3766,256,16,1,1,53.5625,0,
mm_noisy,mm,full,fidelity,True,True,16,iid,0.1,0,s048,6,9.499999999999998,3.423913043478259,0.0,69.0,56,50,49,1,6,0,0.98,14.4140625,53,3,0,0,0,3690,256,16,1,1,48.3125,1,
mm_noisy,mm,full,fidelity,True,True,16,iid,0.1,0,s048,7,17.250000000000004,8.097826086956525,0.0,72.5,56,50,47,3,6,0,0.94,14.2890625,56,6,0,0,0,3658,256,16,1,1,60.3125,3,
mm_noisy,mm,full,fidelity,True,True,16,iid,0.1,0,s048,8,20.0,4.83695652173913,0.0,75.0,56,52,49,3,6,0,0.98,14.43359375,54,2,0,0,0,3695,256,16,1,1,51.625,1,94.0
mm_noisy,mm,full,fidelity,True,True,16,iid,0.1,1,s048,2,20.5,3.423913043478259,0.0,88.5,56,51,47,4,6,0,0.94,16.0,56,5,0,0,0,4096,256,16,1,16,81.875,0,
mm_noisy,mm,full,fidelity,True,True,16,iid,0.1,1,s048,3,19.5,11.684782608695654,0.0,79.0,56,47,46,1,6,0,0.92,13.96484375,56,9,0,0,0,3575,256,16,1,1,29.4375,1,
mm_noisy,mm,full,fidelity,True,True,16,iid,0.1,1,s048,4,27.25,18.53260869565217,4.0,72.5,56,45,44,1,6,0,0.88,14.015625,52,4,0,0,3,3588,256,16,1,1,43.0625,2,
mm_noisy,mm,full,fidelity,True,True,16,iid,0.1,1,s048,5,19.000000000000004,8.097826086956525,2.0,73.0,56,47,45,2,6,0,0.9,15.54296875,53,5,0,0,1,3979,256,16,1,1,61.6875,1,
mm_noisy,mm,full,fidelity,True,True,16,iid,0.1,1,s048,6,11.5,2.5,0.0,74.5,56,49,49,0,6,0,0.98,15.05859375,54,3,0,0,2,3855,256,16,1,1,56.6875,1,
mm_noisy,mm,full,fidelity,True,True,16,iid,0.1,1,s048,7,14.000000000000002,7.01086956521739,0.0,71.0,56,49,47,2,6,0,0.94,13.75390625,54,4,0,0,1,3521,256,16,1,1,60.375,2,
mm_noisy,mm,full,fidelity,True,True,16,iid,0.1,1,s048,8,14.500000000000002,3.423913043478259,0.0,75.5,56,50,49,1,6,0,0.98,14.375,55,1,0,0,4,3680,256,16,1,1,53.625,2,4.0
mm_noisy,mm,full,fidelity,True,True,16,iid,0.1,2,s048,2,17.750000000000004,8.097826086956525,0.0,90.0,56,47,46,1,6,0,0.92,16.0,55,7,0,0,1,4096,256,16,1,16,80.125,0,
mm_noisy,mm,full,fidelity,True,True,16,iid,0.1,2,s048,3,14.000000000000002,10.434782608695654,0.0,81.0,56,45,45,0,6,0,0.9,13.9453125,54,8,0,0,1,3570,256,16,1,1,25.5,0,
mm_noisy,mm,full,fidelity,True,True,16,iid,0.1,2,s048,4,23.5,17.282608695652176,2.0,74.5,56,45,44,1,6,0,0.88,13.328125,52,6,0,0,1,3412,256,16,1,1,50.0625,0,
mm_noisy,mm,full,fidelity,True,True,16,iid,0.1,2,s048,5,16.75,8.097826086956525,4.0,76.5,56,50,45,5,6,0,0.9,15.703125,53,2,0,0,1,4020,256,16,1,1,50.75,2,
mm_noisy,mm,full,fidelity,True,True,16,iid,0.1,2,s048,6,12.75,2.5,0.0,77.5,56,50,49,1,6,0,0.98,14.703125,56,6,0,0,0,3764,256,16,1,1,53.8125,3,
mm_noisy,mm,full,fidelity,True,True,16,iid,0.1,2,s048,7,17.750000000000004,9.347826086956523,0.0,78.5,56,49,47,2,6,0,0.94,14.18359375,53,3,0,0,1,3631,256,16,1,1,65.1875,1,
mm_noisy,mm,full,fidelity,True,True,16,iid,0.1,2,s048,8,17.500000000000004,4.83695652173913,0.0,74.0,56,53,49,4,6,0,0.98,14.5703125,56,3,0,0,0,3730,256,16,1,1,50.5625,3,100.0
static_noisy,static,none,fidelity,True,True,16,iid,0.1,0,s049,2,8.249999999999998,0.0,4.0,46.0,56,0,0,0,6,0,0.0,43.0,0,0,0,0,0,11008,256,50,0,50,81.5,0,
static_noisy,static,none,fidelity,True,True,16,iid,0.1,0,s049,3,6.999999999999998,0.0,4.0,48.0,56,0,0,0,6,0,0.0,43.0,0,0,0,0,0,11008,256,50,0,50,137.5,0,
static_noisy,static,none,fidelity,True,True,16,iid,0.1,0,s049,4,14.250000000000002,3.75,2.0,44.5,56,0,0,0,6,0,0.0,43.0,0,0,0,0,0,11008,256,50,0,50,193.5,0,
static_noisy,static,none,fidelity,True,True,16,iid,0.1,0,s049,5,16.500000000000004,2.5,0.0,51.0,56,0,0,0,6,0,0.0,43.0,0,0,0,0,0,11008,256,50,0,50,249.5,0,
static_noisy,static,none,fidelity,True,True,16,iid,0.1,0,s049,6,5.500000000000003,1.25,2.0,36.0,56,0,0,0,6,0,0.0,43.0,0,0,0,0,0,11008,256,50,0,50,305.5,0,
static_noisy,static,none,fidelity,True,True,16,iid,0.1,0,s049,7,7.499999999999998,1.25,0.0,33.5,56,0,0,0,6,0,0.0,43.0,0,0,0,0,0,11008,256,50,0,50,361.5,0,
static_noisy,static,none,fidelity,True,True,16,iid,0.1,0,s049,8,10.249999999999998,3.58695652173913,2.0,44.5,56,0,0,0,6,0,0.0,43.0,0,0,0,0,0,11008,256,50,0,50,417.5,0,92.0
static_noisy,static,none,fidelity,True,True,16,iid,0.1,1,s049,2,7.749999999999998,2.33695652173913,4.0,45.5,56,0,0,0,6,0,0.0,43.0,0,0,0,0,0,11008,256,50,0,50,81.5,0,
static_noisy,static,none,fidelity,True,True,16,iid,0.1,1,s049,3,8.249999999999998,0.0,2.0,51.5,56,0,0,0,6,0,0.0,43.0,0,0,0,0,0,11008,256,50,0,50,137.5,0,
static_noisy,static,none,fidelity,True,True,16,iid,0.1,1,s049,4,15.500000000000004,8.097826086956525,6.0,43.0,56,0,0,0,6,0,0.0,43.0,0,0,0,0,0,11008,256,50,0,50,193.5,0,
static_noisy,static,none,fidelity,True,True,16,iid,0.1,1,s049,5,14.250000000000002,3.75,4.0,43.0,56,0,0,0,6,0,0.0,43.0,0,0,0,0,0,11008,256,50,0,50,249.5,0,
static_noisy,static,none,fidelity,True,True,16,iid,0.1,1,s049,6,7.999999999999999,1.25,2.0,35.0,56,0,0,0,6,0,0.0,43.0,0,0,0,0,0,11008,256,50,0,50,305.5,0,
static_noisy,static,none,fidelity,True,True,16,iid,0.1,1,s049,7,8.249999999999998,1.25,2.0,34.0,56,0,0,0,6,0,0.0,43.0,0,0,0,0,0,11008,256,50,0,50,361.5,0,
static_noisy,static,none,fidelity,True,True,16,iid,0.1,1,s049,8,11.5,4.67391304347826,0.0,35.5,56,0,0,0,6,0,0.0,43.0,0,0,0,0,0,11008,256,50,0,50,417.5,0,26.0
static_noisy,static,none,fidelity,True,True,16,iid,0.1,2,s049,2,5.750000000000003,0.0,4.0,37.5,56,0,0,0,6,0,0.0,42.0,0,0,0,0,0,10752,256,50,0,50,81.5,0,
static_noisy,static,none,fidelity,True,True,16,iid,0.1,2,s049,3,6.749999999999997,0.0,4.0,34.0,56,0,0,0,6,0,0.0,42.0,0,0,0,0,0,10752,256,50,0,50,137.5,0,
static_noisy,static,none,fidelity,True,True,16,iid,0.1,2,s049,4,16.000000000000004,10.434782608695654,6.0,36.0,56,0,0,0,6,0,0.0,42.0,0,0,0,0,0,10752,256,50,0,50,193.5,0,
static_noisy,static,none,fidelity,True,True,16,iid,0.1,2,s049,5,12.0,2.33695652173913,4.0,30.0,56,0,0,0,6,0,0.0,42.0,0,0,0,0,0,10752,256,50,0,50,249.5,0,
static_noisy,static,none,fidelity,True,True,16,iid,0.1,2,s049,6,6.250000000000003,3.423913043478259,4.0,32.5,56,0,0,0,6,0,0.0,42.0,0,0,0,0,0,10752,256,50,0,50,305.5,0,
static_noisy,static,none,fidelity,True,True,16,iid,0.1,2,s049,7,7.749999999999998,1.25,2.0,28.000000000000004,56,0,0,0,6,0,0.0,42.0,0,0,0,0,0,10752,256,50,0,50,361.5,0,
static_noisy,static,none,fidelity,True,True,16,iid,0.1,2,s049,8,10.249999999999998,7.01086956521739,2.0,28.000000000000004,56,0,0,0,6,0,0.0,42.0,0,0,0,0,0,10752,256,50,0,50,417.5,0,28.000000000000004
window_noisy,window,none,fidelity,True,True,16,iid,0.1,0,s049,2,20.0,12.934782608695656,6.0,48.0,56,51,47,4,6,0,0.94,12.2734375,0,0,0,0,0,3142,256,16,0,0,7.5625,1,
window_noisy,window,none,fidelity,True,True,16,iid,0.1,0,s049,3,11.75,2.5,4.0,34.5,56,48,48,0,6,0,0.96,10.15234375,0,0,0,0,0,2599,256,16,0,0,8.5625,0,
window_noisy,window,none,fidelity,True,True,16,iid,0.1,0,s049,4,18.75,12.771739130434783,12.0,64.5,56,48,44,4,6,0,0.88,11.10546875,0,0,0,0,0,2843,256,16,0,0,8.0,0,
window_noisy,window,none,fidelity,True,True,16,iid,0.1,0,s049,5,18.5,5.760869565217389,8.0,76.0,56,52,46,6,6,0,0.92,9.62109375,0,0,0,0,0,2463,256,16,0,0,8.4375,1,
window_noisy,window,none,fidelity,True,True,16,iid,0.1,0,s049,6,4.499999999999997,0.0,6.0,42.0,56,48,47,1,6,0,0.94,9.15234375,0,0,0,0,0,2343,256,16,0,0,8.3125,1,
window_noisy,window,none,fidelity,True,True,16,iid,0.1,0,s049,7,14.000000000000002,1.0869565217391297,8.0,56.99999999999999,56,48,46,2,6,0,0.92,7.93359375,0,0,0,0,0,2031,256,16,0,0,8.1875,1,
window_noisy,window,none,fidelity,True,True,16,iid,0.1,0,s049,8,14.000000000000002,3.75,2.0,61.0,56,54,49,5,6,0,0.98,8.87109375,0,0,0,0,0,2271,256,16,0,0,7.5,2,92.0
window_noisy,window,none,fidelity,True,True,16,iid,0.1,1,s049,2,15.750000000000004,7.01086956521739,6.0,47.0,56,50,47,3,6,0,0.94,11.703125,0,0,0,0,0,2996,256,16,0,0,7.625,2,
window_noisy,window,none,fidelity,True,True,16,iid,0.1,1,s049,3,13.25,3.423913043478259,4.0,47.0,56,52,48,4,6,0,0.96,10.5859375,0,0,0,0,0,2710,256,16,0,0,9.25,2,
window_noisy,window,none,fidelity,True,True,16,iid,0.1,1,s049,4,23.75,15.108695652173914,18.0,67.0,56,47,41,6,6,0,0.82,10.59375,0,0,0,0,0,2712,256,16,0,0,7.9375,1,
window_noisy,window,none,fidelity,True,True,16,iid,0.1,1,s049,5,23.5,9.347826086956523,10.0,68.5,56,49,45,4,6,0,0.9,9.33203125,0,0,0,0,0,2389,256,16,0,0,8.3125,1,
window_noisy,window,none,fidelity,True,True,16,iid,0.1,1,s049,6,10.249999999999998,0.0,6.0,52.5,56,50,47,3,6,0,0.94,9.48828125,0,0,0,0,0,2429,256,16,0,0,8.625,1,
window_noisy,window,none,fidelity,True,True,16,iid,0.1,1,s049,7,17.000000000000004,3.423913043478259,8.0,56.00000000000001,56,47,46,1,6,0,0.92,8.30078125,0,0,0,0,0,2125,256,16,0,0,8.1875,0,
window_noisy,window,none,fidelity,True,True,16,iid,0.1,1,s049,8,7.999999999999999,0.0,4.0,56.49999999999999,56,50,48,2,6,0,0.96,8.38671875,0,0,0,0,0,2147,256,16,0,0,7.5,1,66.0
window_noisy,window,none,fidelity,True,True,16,iid,0.1,2,s049,2,18.250000000000004,6.08695652173913,6.0,44.0,56,51,47,4,6,0,0.94,12.06640625,0,0,0,0,0,3089,256,16,0,0,8.0625,2,
window_noisy,window,none,fidelity,True,True,16,iid,0.1,2,s049,3,14.750000000000002,12.771739130434783,4.0,63.0,56,53,48,5,6,0,0.96,11.33203125,0,0,0,0,0,2901,256,16,0,0,8.0625,0,
window_noisy,window,none,fidelity,True,True,16,iid,0.1,2,s049,4,20.25,10.434782608695654,8.0,58.5,56,48,46,2,6,0,0.92,11.12109375,0,0,0,0,0,2847,256,16,0,0,8.0,0,
window_noisy,window,none,fidelity,True,True,16,iid,0.1,2,s049,5,19.25,7.01086956521739,8.0,72.0,56,50,46,4,6,0,0.92,9.1640625,0,0,0,0,0,2346,256,16,0,0,9.0,0,
window_noisy,window,none,fidelity,True,True,16,iid,0.1,2,s049,6,9.749999999999998,2.33695652173913,6.0,48.0,56,50,47,3,6,0,0.94,9.89453125,0,0,0,0,0,2533,256,16,0,0,9.6875,1,
window_noisy,window,none,fidelity,True,True,16,iid,0.1,2,s049,7,21.5,8.097826086956525,8.0,63.0,56,51,46,5,6,0,0.92,8.9296875,0,0,0,0,0,2286,256,16,0,0,8.1875,1,
window_noisy,window,none,fidelity,True,True,16,iid,0.1,2,s049,8,10.249999999999998,0.0,4.0,57.49999999999999,56,50,48,2,6,0,0.96,8.11328125,0,0,0,0,0,2077,256,16,0,0,8.1875,0,6.0
aeqkad_noisy,window,full,fidelity,True,True,16,iid,0.1,0,s049,2,15.000000000000002,2.5,6.0,41.5,56,46,45,1,6,0,0.9,10.703125,51,3,1,0,2,2740,256,16,0,0,7.875,0,
aeqkad_noisy,window,full,fidelity,True,True,16,iid,0.1,0,s049,3,9.499999999999998,4.67391304347826,4.0,33.0,56,45,45,0,6,0,0.9,9.6953125,49,3,0,0,1,2482,256,16,0,0,9.875,0,
aeqkad_noisy,window,full,fidelity,True,True,16,iid,0.1,0,s049,4,17.75,8.097826086956525,14.000000000000002,49.5,56,41,40,1,6,0,0.8,10.37890625,46,5,0,0,0,2657,256,16,0,0,8.9375,0,
aeqkad_noisy,window,full,fidelity,True,True,16,iid,0.1,0,s049,5,20.75,7.01086956521739,10.0,62.5,56,45,43,2,6,0,0.86,8.0390625,50,4,0,0,1,2058,256,16,0,0,8.5625,0,
aeqkad_noisy,window,full,fidelity,True,True,16,iid,0.1,0,s049,6,4.749999999999998,0.0,6.0,36.5,56,45,45,0,6,0,0.9,8.47265625,47,1,0,0,1,2169,256,16,0,0,8.875,0,
aeqkad_noisy,window,full,fidelity,True,True,16,iid,0.1,0,s049,7,15.250000000000002,2.33695652173913,8.0,44.0,56,42,42,0,6,0,0.84,7.03515625,47,4,0,0,1,1801,256,16,0,0,8.4375,0,
aeqkad_noisy,window,full,fidelity,True,True,16,iid,0.1,0,s049,8,6.999999999999998,0.0,0.0,47.0,56,45,45,0,6,0,0.9,7.171875,54,6,0,0,3,1836,256,16,0,0,9.4375,0,16.0
aeqkad_noisy,window,full,fidelity,True,True,16,iid,0.1,1,s049,2,12.5,1.25,8.0,38.5,56,46,45,1,6,0,0.9,10.69140625,49,2,25,0,1,2737,256,16,0,0,8.8125,1,
aeqkad_noisy,window,full,fidelity,True,True,16,iid,0.1,1,s049,3,7.999999999999999,2.33695652173913,6.0,34.5,56,45,44,1,6,0,0.88,9.5703125,50,3,15,0,2,2450,256,16,0,0,11.25,1,
aeqkad_noisy,window,full,fidelity,True,True,16,iid,0.1,1,s049,4,21.5,8.097826086956525,16.0,45.0,56,40,40,0,6,0,0.8,10.12890625,47,3,14,0,4,2593,256,16,0,0,9.9375,0,
aeqkad_noisy,window,full,fidelity,True,True,16,iid,0.1,1,s049,5,18.25,0.0,10.0,47.5,56,42,41,1,6,0,0.82,7.01953125,49,3,13,0,4,1797,256,16,0,0,9.4375,1,
aeqkad_noisy,window,full,fidelity,True,True,16,iid,0.1,1,s049,6,10.0,0.0,6.0,50.0,56,47,45,2,6,0,0.9,8.7109375,50,1,25,0,2,2230,256,16,0,0,9.875,0,
aeqkad_noisy,window,full,fidelity,True,True,16,iid,0.1,1,s049,7,11.75,0.0,8.0,43.0,56,42,42,0,6,0,0.84,7.23046875,47,3,15,0,2,1851,256,16,0,0,8.1875,0,
aeqkad_noisy,window,full,fidelity,True,True,16,iid,0.1,1,s049,8,6.499999999999997,0.0,2.0,38.5,56,45,45,0,6,0,0.9,7.97265625,51,3,13,0,3,2041,256,16,0,0,8.625,0,68.0
aeqkad_noisy,window,full,fidelity,True,True,16,iid,0.1,2,s049,2,10.249999999999998,2.5,8.0,34.0,56,45,45,0,6,0,0.9,11.0625,50,3,18,0,2,2832,256,16,0,0,10.1875,0,
aeqkad_noisy,window,full,fidelity,True,True,16,iid,0.1,2,s049,3,8.499999999999998,1.25,6.0,28.5,56,44,44,0,6,0,0.88,9.40234375,49,3,13,0,2,2407,256,16,0,0,9.3125,0,
aeqkad_noisy,window,full,fidelity,True,True,16,iid,0.1,2,s049,4,18.250000000000004,4.67391304347826,16.0,42.0,56,40,40,0,6,0,0.8,10.1953125,42,1,12,0,1,2610,256,16,0,0,8.9375,0,
aeqkad_noisy,window,full,fidelity,True,True,16,iid,0.1,2,s049,5,17.750000000000004,7.01086956521739,10.0,48.0,56,40,40,0,6,0,0.8,7.08203125,48,4,12,0,4,1813,256,16,0,0,11.3125,0,
aeqkad_noisy,window,full,fidelity,True,True,16,iid,0.1,2,s049,6,6.499999999999997,0.0,6.0,41.0,56,43,43,0,6,0,0.86,7.8125,49,2,11,0,4,2000,256,16,0,0,10.8125,0,
aeqkad_noisy,window,full,fidelity,True,True,16,iid,0.1,2,s049,7,15.250000000000002,0.0,8.0,46.5,56,42,42,0,6,0,0.84,7.3828125,49,4,14,0,3,1890,256,16,0,0,8.4375,0,
aeqkad_noisy,window,full,fidelity,True,True,16,iid,0.1,2,s049,8,6.249999999999998,0.0,2.0,50.5,56,45,45,0,6,0,0.9,7.50390625,51,3,11,0,3,1921,256,16,0,0,8.8125,0,6.0
mm_noisy,mm,full,fidelity,True,True,16,iid,0.1,0,s049,2,14.500000000000002,4.67391304347826,8.0,36.5,56,28,28,0,6,0,0.56,16.0,47,19,0,0,0,4096,256,16,1,16,82.6875,0,
mm_noisy,mm,full,fidelity,True,True,16,iid,0.1,0,s049,3,22.0,8.260869565217389,10.0,39.0,56,12,12,0,6,0,0.24,16.0,45,32,1,0,1,4096,256,16,1,16,138.6875,0,
mm_noisy,mm,full,fidelity,True,True,16,iid,0.1,0,s049,4,32.25,27.717391304347828,28.000000000000004,35.5,56,9,8,1,6,0,0.16,16.0,38,29,0,0,0,4096,256,16,1,16,194.6875,0,
mm_noisy,mm,full,fidelity,True,True,16,iid,0.1,0,s049,5,37.5,34.891304347826086,16.0,54.50000000000001,56,29,28,1,6,0,0.56,15.65625,46,17,0,0,0,4008,256,16,1,4,68.5625,0,
mm_noisy,mm,full,fidelity,True,True,16,iid,0.1,0,s049,6,3.750000000000002,0.0,4.0,55.00000000000001,56,45,45,0,6,0,0.9,13.1953125,49,2,0,0,2,3378,256,16,1,1,65.375,0,
mm_noisy,mm,full,fidelity,True,True,16,iid,0.1,0,s049,7,7.999999999999999,0.0,6.0,56.00000000000001,56,42,42,0,6,0,0.84,13.25390625,48,1,0,0,5,3393,256,16,1,1,57.875,0,
mm_noisy,mm,full,fidelity,True,True,16,iid,0.1,0,s049,8,4.000000000000002,0.0,0.0,63.5,56,47,47,0,6,0,0.94,11.96484375,55,4,0,0,4,3063,256,16,1,1,68.4375,0,92.0
mm_noisy,mm,full,fidelity,True,True,16,iid,0.1,1,s049,2,16.000000000000004,11.521739130434783,8.0,33.5,56,30,30,0,6,0,0.6,16.0,47,16,11,0,1,4096,256,16,1,16,82.6875,0,
mm_noisy,mm,full,fidelity,True,True,16,iid,0.1,1,s049,3,20.0,10.434782608695654,12.0,37.0,56,18,18,0,6,0,0.36,16.0,47,27,5,0,2,4096,256,16,1,16,138.6875,0,
mm_noisy,mm,full,fidelity,True,True,16,iid,0.1,1,s049,4,26.0,24.456521739130437,8.0,52.5,56,26,26,0,6,0,0.52,15.94921875,50,20,14,0,4,4083,256,16,1,4,57.75,0,
mm_noisy,mm,full,fidelity,True,True,16,iid,0.1,1,s049,5,14.250000000000002,5.760869565217389,4.0,82.0,56,42,41,1,6,0,0.82,13.84375,54,3,32,0,9,3544,256,16,1,1,57.875,1,
mm_noisy,mm,full,fidelity,True,True,16,iid,0.1,1,s049,6,15.75,4.67391304347826,6.0,69.0,56,47,45,2,6,0,0.9,13.1796875,51,0,44,0,4,3374,256,16,1,1,46.9375,1,
mm_noisy,mm,full,fidelity,True,True,16,iid,0.1,1,s049,7,16.250000000000004,3.423913043478259,6.0,53.5,56,42,42,0,6,0,0.84,12.9140625,49,3,30,0,4,3306,256,16,1,1,67.125,1,
mm_noisy,mm,full,fidelity,True,True,16,iid,0.1,1,s049,8,6.000000000000003,0.0,0.0,54.0,56,46,46,0,6,0,0.92,11.65234375,53,1,30,0,6,2983,256,16,1,1,57.9375,0,80.0
mm_noisy,mm,full,fidelity,True,True,16,iid,0.1,2,s049,2,11.75,3.58695652173913,8.0,30.5,56,33,33,0,6,0,0.66,16.0,49,16,9,0,0,4096,256,16,1,16,82.4375,0,
mm_noisy,mm,full,fidelity,True,True,16,iid,0.1,2,s049,3,20.25,12.771739130434783,10.0,34.5,56,14,14,0,6,0,0.28,16.0,47,32,5,0,1,4096,256,16,1,16,138.4375,0,
mm_noisy,mm,full,fidelity,True,True,16,iid,0.1,2,s049,4,19.75,16.195652173913043,6.0,56.00000000000001,56,41,41,0,6,0,0.82,15.36328125,48,6,22,0,1,3933,256,16,1,1,30.625,0,
mm_noisy,mm,full,fidelity,True,True,16,iid,0.1,2,s049,5,14.500000000000002,7.01086956521739,4.0,80.5,56,41,41,0,6,0,0.82,14.625,52,2,31,0,9,3744,256,16,1,1,75.25,0,
mm_noisy,mm,full,fidelity,True,True,16,iid,0.1,2,s049,6,7.749999999999998,0.0,6.0,70.5,56,45,45,0,6,0,0.9,14.30859375,51,1,38,0,5,3663,256,16,1,1,56.25,0,
mm_noisy,mm,full,fidelity,True,True,16,iid,0.1,2,s049,7,12.25,0.0,6.0,56.00000000000001,56,42,42,0,6,0,0.84,12.890625,52,4,25,0,6,3300,256,16,1,1,67.6875,0,
mm_noisy,mm,full,fidelity,True,True,16,iid,0.1,2,s049,8,4.000000000000003,0.0,0.0,63.0,56,46,46,0,6,0,0.92,11.796875,52,1,19,0,5,3020,256,16,1,1,55.0625,0,4.0
static_noisy,static,none,fidelity,True,True,16,iid,0.1,0,s050,2,24.25,7.01086956521739,2.0,75.0,56,0,0,0,6,0,0.0,41.0,0,0,0,0,0,10496,256,50,0,50,81.5,0,
static_noisy,static,none,fidelity,True,True,16,iid,0.1,0,s050,3,27.250000000000004,11.684782608695654,2.0,78.5,56,0,0,0,6,0,0.0,41.0,0,0,0,0,0,10496,256,50,0,50,137.5,0,
static_noisy,static,none,fidelity,True,True,16,iid,0.1,0,s050,4,14.500000000000002,10.434782608695654,0.0,67.0,56,0,0,0,6,0,0.0,41.0,0,0,0,0,0,10496,256,50,0,50,193.5,0,
static_noisy,static,none,fidelity,True,True,16,iid,0.1,0,s050,5,20.0,8.097826086956525,4.0,75.5,56,0,0,0,6,0,0.0,41.0,0,0,0,0,0,10496,256,50,0,50,249.5,0,
static_noisy,static,none,fidelity,True,True,16,iid,0.1,0,s050,6,16.250000000000004,9.184782608695654,0.0,74.5,56,0,0,0,6,0,0.0,41.0,0,0,0,0,0,10496,256,50,0,50,305.5,0,
static_noisy,static,none,fidelity,True,True,16,iid,0.1,0,s050,7,20.0,8.42391304347826,2.0,73.5,56,0,0,0,6,0,0.0,41.0,0,0,0,0,0,10496,256,50,0,50,361.5,0,
static_noisy,static,none,fidelity,True,True,16,iid,0.1,0,s050,8,24.0,20.869565217391305,2.0,69.5,56,0,0,0,6,0,0.0,41.0,0,0,0,0,0,10496,256,50,0,50,417.5,0,64.0
static_noisy,static,none,fidelity,True,True,16,iid,0.1,1,s050,2,24.0,10.597826086956523,2.0,77.5,56,0,0,0,6,0,0.0,40.0,0,0,0,0,0,10240,256,50,0,50,81.5,0,
static_noisy,static,none,fidelity,True,True,16,iid,0.1,1,s050,3,26.5,9.184782608695654,0.0,77.0,56,0,0,0,6,0,0.0,40.0,0,0,0,0,0,10240,256,50,0,50,137.5,0,
static_noisy,static,none,fidelity,True,True,16,iid,0.1,1,s050,4,13.750000000000002,9.184782608695654,2.0,73.0,56,0,0,0,6,0,0.0,40.0,0,0,0,0,0,10240,256,50,0,50,193.5,0,
static_noisy,static,none,fidelity,True,True,16,iid,0.1,1,s050,5,14.750000000000002,6.847826086956524,4.0,73.5,56,0,0,0,6,0,0.0,40.0,0,0,0,0,0,10240,256,50,0,50,249.5,0,
static_noisy,static,none,fidelity,True,True,16,iid,0.1,1,s050,6,14.250000000000002,1.25,0.0,76.0,56,0,0,0,6,0,0.0,40.0,0,0,0,0,0,10240,256,50,0,50,305.5,0,
static_noisy,static,none,fidelity,True,True,16,iid,0.1,1,s050,7,19.75,13.858695652173914,2.0,77.0,56,0,0,0,6,0,0.0,40.0,0,0,0,0,0,10240,256,50,0,50,361.5,0,
static_noisy,static,none,fidelity,True,True,16,iid,0.1,1,s050,8,21.5,20.869565217391305,2.0,71.0,56,0,0,0,6,0,0.0,40.0,0,0,0,0,0,10240,256,50,0,50,417.5,0,98.0
static_noisy,static,none,fidelity,True,True,16,iid,0.1,2,s050,2,25.75,10.597826086956523,2.0,82.0,56,0,0,0,6,0,0.0,40.0,0,0,0,0,0,10240,256,50,0,50,81.5,0,
static_noisy,static,none,fidelity,True,True,16,iid,0.1,2,s050,3,27.500000000000004,16.195652173913043,0.0,80.0,56,0,0,0,6,0,0.0,40.0,0,0,0,0,0,10240,256,50,0,50,137.5,0,
static_noisy,static,none,fidelity,True,True,16,iid,0.1,2,s050,4,14.250000000000002,3.58695652173913,2.0,79.0,56,0,0,0,6,0,0.0,40.0,0,0,0,0,0,10240,256,50,0,50,193.5,0,
static_noisy,static,none,fidelity,True,True,16,iid,0.1,2,s050,5,16.500000000000004,7.01086956521739,2.0,81.5,56,0,0,0,6,0,0.0,40.0,0,0,0,0,0,10240,256,50,0,50,249.5,0,
static_noisy,static,none,fidelity,True,True,16,iid,0.1,2,s050,6,13.5,0.0,0.0,75.5,56,0,0,0,6,0,0.0,40.0,0,0,0,0,0,10240,256,50,0,50,305.5,0,
static_noisy,static,none,fidelity,True,True,16,iid,0.1,2,s050,7,21.5,19.6195652173913,2.0,84.5,56,0,0,0,6,0,0.0,40.0,0,0,0,0,0,10240,256,50,0,50,361.5,0,
static_noisy,static,none,fidelity,True,True,16,iid,0.1,2,s050,8,20.25,17.445652173913043,2.0,76.5,56,0,0,0,6,0,0.0,40.0,0,0,0,0,0,10240,256,50,0,50,417.5,0,80.0
window_noisy,window,none,fidelity,True,True,16,iid,0.1,0,s050,2,21.5,5.923913043478259,2.0,50.0,56,52,49,3,6,0,0.98,13.26171875,0,0,0,0,0,3395,256,16,0,0,8.125,1,
window_noisy,window,none,fidelity,True,True,16,iid,0.1,0,s050,3,25.5,10.434782608695654,10.0,53.5,56,47,45,2,6,0,0.9,13.24609375,0,0,0,0,0,3391,256,16,0,0,9.125,1,
window_noisy,window,none,fidelity,True,True,16,iid,0.1,0,s050,4,24.0,4.67391304347826,8.0,41.0,56,48,46,2,6,0,0.92,12.62109375,0,0,0,0,0,3231,256,16,0,0,8.0625,0,
window_noisy,window,none,fidelity,True,True,16,iid,0.1,0,s050,5,25.25,7.01086956521739,12.0,42.0,56,46,44,2,6,0,0.88,12.08203125,0,0,0,0,0,3093,256,16,0,0,10.5,1,
window_noisy,window,none,fidelity,True,True,16,iid,0.1,0,s050,6,18.000000000000004,3.58695652173913,4.0,52.5,56,51,48,3,6,0,0.96,11.515625,0,0,0,0,0,2948,256,16,0,0,8.25,1,
window_noisy,window,none,fidelity,True,True,16,iid,0.1,0,s050,7,16.500000000000004,5.760869565217389,2.0,50.5,56,53,49,4,6,0,0.98,12.703125,0,0,0,0,0,3252,256,16,0,0,8.9375,1,
window_noisy,window,none,fidelity,True,True,16,iid,0.1,0,s050,8,25.75,8.097826086956525,12.0,57.99999999999999,56,46,44,2,6,0,0.88,11.78515625,0,0,0,0,0,3017,256,16,0,0,7.8125,0,34.0
window_noisy,window,none,fidelity,True,True,16,iid,0.1,1,s050,2,24.0,12.771739130434783,2.0,56.99999999999999,56,53,49,4,6,0,0.98,13.55078125,0,0,0,0,0,3469,256,16,0,0,7.5,1,
window_noisy,window,none,fidelity,True,True,16,iid,0.1,1,s050,3,26.0,15.108695652173914,10.0,59.0,56,49,45,4,6,0,0.9,13.2265625,0,0,0,0,0,3386,256,16,0,0,8.6875,2,
window_noisy,window,none,fidelity,True,True,16,iid,0.1,1,s050,4,20.5,12.608695652173912,8.0,47.5,56,49,46,3,6,0,0.92,12.6015625,0,0,0,0,0,3226,256,16,0,0,7.5625,1,
window_noisy,window,none,fidelity,True,True,16,iid,0.1,1,s050,5,24.0,2.5,8.0,46.0,56,50,46,4,6,0,0.92,12.1875,0,0,0,0,0,3120,256,16,0,0,9.4375,2,
window_noisy,window,none,fidelity,True,True,16,iid,0.1,1,s050,6,15.000000000000002,1.0869565217391297,4.0,54.50000000000001,56,52,48,4,6,0,0.96,11.5625,0,0,0,0,0,2960,256,16,0,0,7.5,2,
window_noisy,window,none,fidelity,True,True,16,iid,0.1,1,s050,7,20.0,7.01086956521739,10.0,54.0,56,49,45,4,6,0,0.9,11.90234375,0,0,0,0,0,3047,256,16,0,0,8.5,2,
window_noisy,window,none,fidelity,True,True,16,iid,0.1,1,s050,8,28.500000000000004,10.434782608695654,8.0,56.99999999999999,56,51,46,5,6,0,0.92,12.2109375,0,0,0,0,0,3126,256,16,0,0,7.5,3,88.0
window_noisy,window,none,fidelity,True,True,16,iid,0.1,2,s050,2,20.0,12.771739130434783,4.0,57.99999999999999,56,52,48,4,6,0,0.96,13.5703125,0,0,0,0,0,3474,256,16,0,0,8.25,2,
window_noisy,window,none,fidelity,True,True,16,iid,0.1,2,s050,3,25.0,14.021739130434783,12.0,47.5,56,46,44,2,6,0,0.88,12.92578125,0,0,0,0,0,3309,256,16,0,0,8.8125,0,
window_noisy,window,none,fidelity,True,True,16,iid,0.1,2,s050,4,21.5,11.521739130434783,8.0,51.5,56,48,46,2,6,0,0.92,12.53125,0,0,0,0,0,3208,256,16,0,0,8.1875,0,
window_noisy,window,none,fidelity,True,True,16,iid,0.1,2,s050,5,21.5,8.097826086956525,12.0,40.5,56,46,44,2,6,0,0.88,11.69921875,0,0,0,0,0,2995,256,16,0,0,9.875,0,
window_noisy,window,none,fidelity,True,True,16,iid,0.1,2,s050,6,15.750000000000004,1.25,4.0,51.5,56,50,48,2,6,0,0.96,11.47265625,0,0,0,0,0,2937,256,16,0,0,7.5,1,
window_noisy,window,none,fidelity,True,True,16,iid,0.1,2,s050,7,15.750000000000004,7.01086956521739,2.0,52.5,56,53,49,4,6,0,0.98,12.52734375,0,0,0,0,0,3207,256,16,0,0,8.5,0,
window_noisy,window,none,fidelity,True,True,16,iid,0.1,2,s050,8,31.25,4.67391304347826,12.0,63.5,56,47,44,3,6,0,0.88,11.2109375,0,0,0,0,0,2870,256,16,0,0,8.8125,0,6.0
aeqkad_noisy,window,full,fidelity,True,True,16,iid,0.1,0,s050,2,20.25,9.347826086956523,2.0,48.0,56,45,42,3,6,0,0.84,13.01953125,52,7,9,0,0,3333,256,16,0,0,10.0,1,
aeqkad_noisy,window,full,fidelity,True,True,16,iid,0.1,0,s050,3,25.75,15.108695652173914,14.000000000000002,43.5,56,31,30,1,6,0,0.6,11.20703125,45,11,6,0,3,2869,256,16,0,0,18.4375,0,
aeqkad_noisy,window,full,fidelity,True,True,16,iid,0.1,0,s050,4,18.0,4.67391304347826,12.0,42.0,56,42,40,2,6,0,0.8,11.5390625,46,4,15,0,0,2954,256,16,0,0,9.4375,0,
aeqkad_noisy,window,full,fidelity,True,True,16,iid,0.1,0,s050,5,24.0,7.01086956521739,18.0,36.5,56,38,37,1,6,0,0.74,10.46484375,42,4,3,0,0,2679,256,16,0,0,12.5,0,
aeqkad_noisy,window,full,fidelity,True,True,16,iid,0.1,0,s050,6,27.500000000000004,5.923913043478259,18.0,49.5,56,39,37,2,6,0,0.74,9.96875,44,5,3,0,0,2552,256,16,0,0,14.0,1,
aeqkad_noisy,window,full,fidelity,True,True,16,iid,0.1,0,s050,7,22.0,8.097826086956525,12.0,41.5,56,40,39,1,6,0,0.78,9.90234375,46,3,5,0,3,2535,256,16,0,0,8.9375,1,
aeqkad_noisy,window,full,fidelity,True,True,16,iid,0.1,0,s050,8,28.000000000000004,7.01086956521739,18.0,56.00000000000001,56,39,38,1,6,0,0.76,10.796875,43,3,8,0,1,2764,256,16,0,0,9.25,0,26.0
aeqkad_noisy,window,full,fidelity,True,True,16,iid,0.1,1,s050,2,18.000000000000004,12.771739130434783,2.0,52.0,56,41,41,0,6,0,0.82,12.484375,51,10,0,0,0,3196,256,16,0,0,11.25,0,
aeqkad_noisy,window,full,fidelity,True,True,16,iid,0.1,1,s050,3,29.75,19.78260869565217,14.000000000000002,46.5,56,29,27,2,6,0,0.54,10.76171875,47,17,0,0,1,2755,256,16,0,0,17.5625,1,
aeqkad_noisy,window,full,fidelity,True,True,16,iid,0.1,1,s050,4,17.5,10.434782608695654,10.0,43.0,56,41,40,1,6,0,0.8,11.046875,47,6,0,0,0,2828,256,16,0,0,9.0625,0,
aeqkad_noisy,window,full,fidelity,True,True,16,iid,0.1,1,s050,5,24.0,4.67391304347826,16.0,39.5,56,38,36,2,6,0,0.72,10.2265625,46,7,0,0,1,2618,256,16,0,0,12.3125,1,
aeqkad_noisy,window,full,fidelity,True,True,16,iid,0.1,1,s050,6,24.0,7.01086956521739,20.0,46.5,56,37,36,1,6,0,0.72,10.31640625,43,6,0,0,0,2641,256,16,0,0,15.8125,1,
aeqkad_noisy,window,full,fidelity,True,True,16,iid,0.1,1,s050,7,22.25,8.097826086956525,12.0,40.5,56,33,33,0,6,0,0.66,9.6796875,47,10,0,0,4,2478,256,16,0,0,12.75,0,
aeqkad_noisy,window,full,fidelity,True,True,16,iid,0.1,1,s050,8,24.0,10.434782608695654,16.0,47.5,56,39,37,2,6,0,0.74,10.3125,46,6,0,0,1,2640,256,16,0,0,10.8125,1,86.0
aeqkad_noisy,window,full,fidelity,True,True,16,iid,0.1,2,s050,2,22.5,10.434782608695654,2.0,56.00000000000001,56,42,41,1,6,0,0.82,12.5390625,53,11,0,0,0,3210,256,16,0,0,9.8125,0,
aeqkad_noisy,window,full,fidelity,True,True,16,iid,0.1,2,s050,3,32.49999999999999,20.869565217391305,12.0,48.5,56,31,29,2,6,0,0.58,11.6953125,47,14,0,0,2,2994,256,16,0,0,17.5,2,
aeqkad_noisy,window,full,fidelity,True,True,16,iid,0.1,2,s050,4,23.25,7.01086956521739,16.0,46.0,56,41,40,1,6,0,0.8,11.453125,44,3,3,0,0,2932,256,16,0,0,9.5625,0,
aeqkad_noisy,window,full,fidelity,True,True,16,iid,0.1,2,s050,5,24.0,8.097826086956525,16.0,36.5,56,39,37,2,6,0,0.74,10.8984375,44,5,0,0,0,2790,256,16,0,0,12.0625,0,
aeqkad_noisy,window,full,fidelity,True,True,16,iid,0.1,2,s050,6,25.25,8.097826086956525,16.0,45.5,56,37,36,1,6,0,0.72,10.12109375,44,7,0,0,0,2591,256,16,0,0,12.75,1,
aeqkad_noisy,window,full,fidelity,True,True,16,iid,0.1,2,s050,7,18.500000000000004,8.097826086956525,10.0,48.5,56,43,42,1,6,0,0.84,10.734375,49,6,2,0,0,2748,256,16,0,0,9.5625,0,
aeqkad_noisy,window,full,fidelity,True,True,16,iid,0.1,2,s050,8,24.75,5.760869565217389,20.0,48.0,56,39,38,1,6,0,0.76,9.8203125,42,3,1,0,0,2514,256,16,0,0,10.5,0,8.0
mm_noisy,mm,full,fidelity,True,True,16,iid,0.1,0,s050,2,23.5,15.108695652173914,0.0,73.0,56,43,41,2,6,0,0.82,16.0,53,10,9,0,0,4096,256,16,1,16,80.6875,0,
mm_noisy,mm,full,fidelity,True,True,16,iid,0.1,0,s050,3,24.0,9.184782608695654,4.0,70.5,56,35,34,1,6,0,0.68,15.421875,52,12,7,0,5,3948,256,16,1,6,58.8125,0,
mm_noisy,mm,full,fidelity,True,True,16,iid,0.1,0,s050,4,17.25,10.434782608695654,4.0,55.00000000000001,56,44,43,1,6,0,0.86,15.2578125,52,7,9,0,1,3906,256,16,1,1,49.8125,1,
mm_noisy,mm,full,fidelity,True,True,16,iid,0.1,0,s050,5,20.5,9.347826086956523,6.0,56.49999999999999,56,43,42,1,6,0,0.84,15.90234375,51,8,24,0,0,4071,256,16,1,1,67.9375,2,
mm_noisy,mm,full,fidelity,True,True,16,iid,0.1,0,s050,6,17.000000000000004,5.923913043478259,2.0,59.5,56,47,45,2,6,0,0.9,15.03515625,51,2,11,0,2,3849,256,16,1,1,48.0625,2,
mm_noisy,mm,full,fidelity,True,True,16,iid,0.1,0,s050,7,14.500000000000002,8.097826086956525,4.0,71.0,56,48,47,1,6,0,0.94,15.56640625,52,4,21,0,0,3985,256,16,1,1,59.375,1,
mm_noisy,mm,full,fidelity,True,True,16,iid,0.1,0,s050,8,19.25,10.434782608695654,6.0,76.5,56,42,41,1,6,0,0.82,15.08984375,49,5,20,0,2,3863,256,16,1,1,61.6875,1,30.0
mm_noisy,mm,full,fidelity,True,True,16,iid,0.1,1,s050,2,24.5,12.771739130434783,0.0,85.0,56,41,41,0,6,0,0.82,16.0,54,13,0,0,0,4096,256,16,1,16,80.125,0,
mm_noisy,mm,full,fidelity,True,True,16,iid,0.1,1,s050,3,25.25,12.771739130434783,4.0,79.0,56,33,31,2,6,0,0.62,16.0,53,14,0,0,6,4096,256,16,1,6,58.875,2,
mm_noisy,mm,full,fidelity,True,True,16,iid,0.1,1,s050,4,20.25,14.945652173913045,6.0,57.99999999999999,56,44,43,1,6,0,0.86,15.265625,51,7,0,0,0,3908,256,16,1,1,51.0,1,
mm_noisy,mm,full,fidelity,True,True,16,iid,0.1,1,s050,5,20.5,4.67391304347826,6.0,55.00000000000001,56,43,41,2,6,0,0.82,15.87890625,50,7,0,0,0,4065,256,16,1,1,66.875,2,
mm_noisy,mm,full,fidelity,True,True,16,iid,0.1,1,s050,6,14.250000000000002,1.25,2.0,60.0,56,40,39,1,6,0,0.78,16.0,53,5,0,0,8,4096,256,16,1,1,64.5625,3,
mm_noisy,mm,full,fidelity,True,True,16,iid,0.1,1,s050,7,21.5,12.771739130434783,6.0,65.5,56,37,37,0,6,0,0.74,15.4375,53,11,0,0,5,3952,256,16,1,1,65.1875,2,
mm_noisy,mm,full,fidelity,True,True,16,iid,0.1,1,s050,8,25.5,8.260869565217389,14.000000000000002,67.0,56,40,38,2,6,0,0.76,14.2421875,48,4,0,0,4,3646,256,16,1,1,60.0625,1,90.0
mm_noisy,mm,full,fidelity,True,True,16,iid,0.1,2,s050,2,25.75,18.53260869565217,0.0,76.5,56,43,42,1,6,0,0.84,16.0,56,13,0,0,0,4096,256,16,1,15,77.9375,0,
mm_noisy,mm,full,fidelity,True,True,16,iid,0.1,2,s050,3,25.0,12.771739130434783,6.0,73.5,56,40,38,2,6,0,0.76,15.953125,51,8,1,0,3,4084,256,16,1,2,36.5,2,
mm_noisy,mm,full,fidelity,True,True,16,iid,0.1,2,s050,4,18.000000000000004,3.58695652173913,4.0,66.5,56,44,43,1,6,0,0.86,16.0,53,8,4,0,1,4096,256,16,1,1,64.4375,1,
mm_noisy,mm,full,fidelity,True,True,16,iid,0.1,2,s050,5,18.250000000000004,11.684782608695654,8.0,59.0,56,44,42,2,6,0,0.84,15.41015625,51,7,1,0,0,3945,256,16,1,1,52.125,2,
mm_noisy,mm,full,fidelity,True,True,16,iid,0.1,2,s050,6,15.500000000000004,5.760869565217389,4.0,54.50000000000001,56,44,44,0,6,0,0.88,14.375,50,6,1,0,0,3680,256,16,1,1,52.375,1,
mm_noisy,mm,full,fidelity,True,True,16,iid,0.1,2,s050,7,19.5,4.67391304347826,2.0,70.5,56,49,48,1,6,0,0.96,15.80078125,53,4,6,0,0,4045,256,16,1,1,46.5,0,
mm_noisy,mm,full,fidelity,True,True,16,iid,0.1,2,s050,8,21.5,3.58695652173913,6.0,66.5,56,42,41,1,6,0,0.82,15.7265625,52,8,2,0,2,4026,256,16,1,1,67.0,1,86.0
static_noisy,static,none,fidelity,True,True,16,iid,0.1,0,s051,2,20.5,8.097826086956525,4.0,78.5,56,0,0,0,6,0,0.0,36.0,0,0,0,0,0,9216,256,50,0,50,81.5,0,
static_noisy,static,none,fidelity,True,True,16,iid,0.1,0,s051,3,22.0,9.184782608695654,0.0,85.0,56,0,0,0,6,0,0.0,36.0,0,0,0,0,0,9216,256,50,0,50,137.5,0,
static_noisy,static,none,fidelity,True,True,16,iid,0.1,0,s051,4,32.25,31.304347826086957,0.0,87.0,56,0,0,0,6,0,0.0,36.0,0,0,0,0,0,9216,256,50,0,50,193.5,0,
static_noisy,static,none,fidelity,True,True,16,iid,0.1,0,s051,5,34.0,38.47826086956522,2.0,89.5,56,0,0,0,6,0,0.0,36.0,0,0,0,0,0,9216,256,50,0,50,249.5,0,
static_noisy,static,none,fidelity,True,True,16,iid,0.1,0,s051,6,34.25,31.467391304347824,2.0,87.5,56,0,0,0,6,0,0.0,36.0,0,0,0,0,0,9216,256,50,0,50,305.5,0,
static_noisy,static,none,fidelity,True,True,16,iid,0.1,0,s051,7,41.75,37.22826086956522,2.0,89.5,56,0,0,0,6,0,0.0,36.0,0,0,0,0,0,9216,256,50,0,50,361.5,0,
static_noisy,static,none,fidelity,True,True,16,iid,0.1,0,s051,8,36.75,27.8804347826087,8.0,91.5,56,0,0,0,6,0,0.0,36.0,0,0,0,0,0,9216,256,50,0,50,417.5,0,80.0
static_noisy,static,none,fidelity,True,True,16,iid,0.1,1,s051,2,16.500000000000004,8.260869565217389,0.0,90.0,56,0,0,0,6,0,0.0,38.0,0,0,0,0,0,9728,256,50,0,50,81.5,0,
static_noisy,static,none,fidelity,True,True,16,iid,0.1,1,s051,3,22.0,12.608695652173912,0.0,91.5,56,0,0,0,6,0,0.0,38.0,0,0,0,0,0,9728,256,50,0,50,137.5,0,
static_noisy,static,none,fidelity,True,True,16,iid,0.1,1,s051,4,35.0,35.97826086956522,0.0,87.0,56,0,0,0,6,0,0.0,38.0,0,0,0,0,0,9728,256,50,0,50,193.5,0,
static_noisy,static,none,fidelity,True,True,16,iid,0.1,1,s051,5,36.25,35.05434782608695,2.0,95.0,56,0,0,0,6,0,0.0,38.0,0,0,0,0,0,9728,256,50,0,50,249.5,0,
static_noisy,static,none,fidelity,True,True,16,iid,0.1,1,s051,6,38.0,41.57608695652174,0.0,95.0,56,0,0,0,6,0,0.0,38.0,0,0,0,0,0,9728,256,50,0,50,305.5,0,
static_noisy,static,none,fidelity,True,True,16,iid,0.1,1,s051,7,40.75,41.73913043478261,2.0,88.0,56,0,0,0,6,0,0.0,38.0,0,0,0,0,0,9728,256,50,0,50,361.5,0,
static_noisy,static,none,fidelity,True,True,16,iid,0.1,1,s051,8,35.5,35.05434782608695,6.0,94.0,56,0,0,0,6,0,0.0,38.0,0,0,0,0,0,9728,256,50,0,50,417.5,0,88.0
static_noisy,static,none,fidelity,True,True,16,iid,0.1,2,s051,2,19.000000000000004,12.771739130434783,2.0,86.0,56,0,0,0,6,0,0.0,35.0,0,0,0,0,0,8960,256,50,0,50,81.5,0,
static_noisy,static,none,fidelity,True,True,16,iid,0.1,2,s051,3,20.0,3.423913043478259,2.0,85.0,56,0,0,0,6,0,0.0,35.0,0,0,0,0,0,8960,256,50,0,50,137.5,0,
static_noisy,static,none,fidelity,True,True,16,iid,0.1,2,s051,4,31.75,23.695652173913043,0.0,89.5,56,0,0,0,6,0,0.0,35.0,0,0,0,0,0,8960,256,50,0,50,193.5,0,
static_noisy,static,none,fidelity,True,True,16,iid,0.1,2,s051,5,35.75,35.97826086956522,4.0,92.0,56,0,0,0,6,0,0.0,35.0,0,0,0,0,0,8960,256,50,0,50,249.5,0,
static_noisy,static,none,fidelity,True,True,16,iid,0.1,2,s051,6,36.25,41.57608695652174,0.0,93.0,56,0,0,0,6,0,0.0,35.0,0,0,0,0,0,8960,256,50,0,50,305.5,0,
static_noisy,static,none,fidelity,True,True,16,iid,0.1,2,s051,7,39.25,39.56521739130434,0.0,87.0,56,0,0,0,6,0,0.0,35.0,0,0,0,0,0,8960,256,50,0,50,361.5,0,
static_noisy,static,none,fidelity,True,True,16,iid,0.1,2,s051,8,37.0,27.28260869565217,4.0,90.5,56,0,0,0,6,0,0.0,35.0,0,0,0,0,0,8960,256,50,0,50,417.5,0,86.0
window_noisy,window,none,fidelity,True,True,16,iid,0.1,0,s051,2,20.25,8.097826086956525,8.0,43.5,56,49,46,3,6,0,0.92,15.06640625,0,0,0,0,0,3857,256,16,0,0,10.1875,0,
window_noisy,window,none,fidelity,True,True,16,iid,0.1,0,s051,3,19.5,7.01086956521739,14.000000000000002,42.5,56,47,43,4,6,0,0.86,14.34375,0,0,0,0,0,3672,256,16,0,0,8.4375,1,
window_noisy,window,none,fidelity,True,True,16,iid,0.1,0,s051,4,18.750000000000004,8.097826086956525,12.0,32.0,56,45,44,1,6,0,0.88,13.31640625,0,0,0,0,0,3409,256,16,0,0,9.5625,1,
window_noisy,window,none,fidelity,True,True,16,iid,0.1,0,s051,5,28.500000000000004,19.78260869565217,14.000000000000002,51.5,56,47,43,4,6,0,0.86,14.66015625,0,0,0,0,0,3753,256,16,0,0,7.8125,2,
window_noisy,window,none,fidelity,True,True,16,iid,0.1,0,s051,6,18.500000000000004,12.771739130434783,10.0,41.5,56,49,45,4,6,0,0.9,14.23046875,0,0,0,0,0,3643,256,16,0,0,9.6875,1,
window_noisy,window,none,fidelity,True,True,16,iid,0.1,0,s051,7,24.5,8.097826086956525,8.0,52.5,56,48,46,2,6,0,0.92,14.82421875,0,0,0,0,0,3795,256,16,0,0,9.75,0,
window_noisy,window,none,fidelity,True,True,16,iid,0.1,0,s051,8,13.750000000000002,1.0869565217391297,10.0,25.5,56,45,45,0,6,0,0.9,12.15234375,0,0,0,0,0,3111,256,16,0,0,8.375,0,8.0
window_noisy,window,none,fidelity,True,True,16,iid,0.1,1,s051,2,17.750000000000004,4.67391304347826,8.0,65.0,56,48,46,2,6,0,0.92,14.890625,0,0,0,0,0,3812,256,16,0,0,10.25,1,
window_noisy,window,none,fidelity,True,True,16,iid,0.1,1,s051,3,20.25,13.858695652173914,12.0,59.5,56,50,44,6,6,0,0.88,14.35546875,0,0,0,0,0,3675,256,16,0,0,7.5,3,
window_noisy,window,none,fidelity,True,True,16,iid,0.1,1,s051,4,16.000000000000004,2.5,8.0,55.50000000000001,56,49,46,3,6,0,0.92,14.078125,0,0,0,0,0,3604,256,16,0,0,7.8125,1,
window_noisy,window,none,fidelity,True,True,16,iid,0.1,1,s051,5,24.75,8.260869565217389,10.0,71.0,56,49,45,4,6,0,0.9,15.015625,0,0,0,0,0,3844,256,16,0,0,8.625,1,
window_noisy,window,none,fidelity,True,True,16,iid,0.1,1,s051,6,16.000000000000004,7.01086956521739,6.0,54.50000000000001,56,51,47,4,6,0,0.94,14.11328125,0,0,0,0,0,3613,256,16,0,0,8.4375,0,
window_noisy,window,none,fidelity,True,True,16,iid,0.1,1,s051,7,22.25,5.923913043478259,6.0,65.5,56,51,47,4,6,0,0.94,14.7734375,0,0,0,0,0,3782,256,16,0,0,8.1875,0,
window_noisy,window,none,fidelity,True,True,16,iid,0.1,1,s051,8,19.000000000000004,10.434782608695654,8.0,54.50000000000001,56,49,46,3,6,0,0.92,12.3515625,0,0,0,0,0,3162,256,16,0,0,8.125,1,46.0
window_noisy,window,none,fidelity,True,True,16,iid,0.1,2,s051,2,21.75,16.358695652173914,8.0,55.50000000000001,56,48,46,2,6,0,0.92,15.05859375,0,0,0,0,0,3855,256,16,0,0,9.75,1,
window_noisy,window,none,fidelity,True,True,16,iid,0.1,2,s051,3,18.750000000000004,7.01086956521739,10.0,47.0,56,48,45,3,6,0,0.9,14.58984375,0,0,0,0,0,3735,256,16,0,0,7.5,1,
window_noisy,window,none,fidelity,True,True,16,iid,0.1,2,s051,4,20.0,4.67391304347826,10.0,46.0,56,48,45,3,6,0,0.9,13.58203125,0,0,0,0,0,3477,256,16,0,0,8.375,1,
window_noisy,window,none,fidelity,True,True,16,iid,0.1,2,s051,5,27.500000000000004,11.684782608695654,12.0,64.0,56,49,44,5,6,0,0.88,14.69140625,0,0,0,0,0,3761,256,16,0,0,7.6875,3,
window_noisy,window,none,fidelity,True,True,16,iid,0.1,2,s051,6,15.750000000000004,3.75,8.0,46.5,56,48,46,2,6,0,0.92,14.0,0,0,0,0,0,3584,256,16,0,0,8.6875,0,
window_noisy,window,none,fidelity,True,True,16,iid,0.1,2,s051,7,20.75,9.510869565217387,8.0,59.5,56,51,46,5,6,0,0.92,14.78515625,0,0,0,0,0,3785,256,16,0,0,8.25,2,
window_noisy,window,none,fidelity,True,True,16,iid,0.1,2,s051,8,18.000000000000004,9.347826086956523,8.0,43.0,56,48,46,2,6,0,0.92,12.265625,0,0,0,0,0,3140,256,16,0,0,9.3125,1,22.0
aeqkad_noisy,window,full,fidelity,True,True,16,iid,0.1,0,s051,2,23.25,8.097826086956525,10.0,39.5,56,40,39,1,6,0,0.78,14.70703125,47,7,29,0,0,3765,256,16,0,0,11.5625,0,
aeqkad_noisy,window,full,fidelity,True,True,16,iid,0.1,0,s051,3,20.25,9.347826086956523,14.000000000000002,38.5,56,41,39,2,6,0,0.78,13.27734375,47,5,24,0,1,3399,256,16,0,0,8.4375,1,
aeqkad_noisy,window,full,fidelity,True,True,16,iid,0.1,0,s051,4,18.000000000000004,8.097826086956525,14.000000000000002,24.5,56,38,38,0,6,0,0.76,12.64453125,44,5,23,0,1,3237,256,16,0,0,12.5,0,
aeqkad_noisy,window,full,fidelity,True,True,16,iid,0.1,0,s051,5,30.75,26.79347826086957,24.0,44.0,56,31,30,1,6,0,0.6,13.08984375,41,10,16,0,0,3351,256,16,0,0,9.9375,1,
aeqkad_noisy,window,full,fidelity,True,True,16,iid,0.1,0,s051,6,25.25,12.771739130434783,16.0,34.0,56,37,34,3,6,0,0.68,13.23828125,46,9,17,0,0,3389,256,16,0,0,14.0625,1,
aeqkad_noisy,window,full,fidelity,True,True,16,iid,0.1,0,s051,7,25.0,10.434782608695654,12.0,45.0,56,38,38,0,6,0,0.76,13.6640625,46,8,24,0,0,3498,256,16,0,0,14.6875,0,
aeqkad_noisy,window,full,fidelity,True,True,16,iid,0.1,0,s051,8,22.25,11.521739130434783,22.0,24.5,56,34,34,0,6,0,0.68,10.83203125,39,4,26,0,1,2773,256,16,0,0,10.0,0,6.0
aeqkad_noisy,window,full,fidelity,True,True,16,iid,0.1,1,s051,2,19.75,4.67391304347826,8.0,60.0,56,40,39,1,6,0,0.78,14.76953125,48,8,0,0,0,3781,256,16,0,0,12.125,0,
aeqkad_noisy,window,full,fidelity,True,True,16,iid,0.1,1,s051,3,19.5,10.434782608695654,10.0,50.5,56,41,39,2,6,0,0.78,13.1484375,47,6,0,0,0,3366,256,16,0,0,9.25,1,
aeqkad_noisy,window,full,fidelity,True,True,16,iid,0.1,1,s051,4,15.750000000000004,7.01086956521739,10.0,36.5,56,37,37,0,6,0,0.74,12.98828125,48,10,0,0,1,3325,256,16,0,0,11.375,0,
aeqkad_noisy,window,full,fidelity,True,True,16,iid,0.1,1,s051,5,34.25,24.456521739130437,24.0,56.99999999999999,56,25,25,0,6,0,0.5,12.7578125,40,15,0,0,0,3266,256,16,0,0,14.125,0,
aeqkad_noisy,window,full,fidelity,True,True,16,iid,0.1,1,s051,6,23.5,10.434782608695654,8.0,47.0,56,34,32,2,6,0,0.64,13.79296875,49,15,0,0,0,3531,256,16,0,0,13.0625,0,
aeqkad_noisy,window,full,fidelity,True,True,16,iid,0.1,1,s051,7,25.75,12.771739130434783,10.0,56.99999999999999,56,36,36,0,6,0,0.72,13.734375,46,10,0,0,0,3516,256,16,0,0,13.8125,0,
aeqkad_noisy,window,full,fidelity,True,True,16,iid,0.1,1,s051,8,24.25,16.358695652173914,18.0,47.5,56,34,33,1,6,0,0.66,11.390625,44,8,0,0,2,2916,256,16,0,0,10.1875,0,28.000000000000004
aeqkad_noisy,window,full,fidelity,True,True,16,iid,0.1,2,s051,2,23.75,12.771739130434783,10.0,51.0,56,39,39,0,6,0,0.78,14.56640625,48,9,27,0,0,3729,256,16,0,0,12.625,0,
aeqkad_noisy,window,full,fidelity,True,True,16,iid,0.1,2,s051,3,19.75,3.58695652173913,14.000000000000002,47.0,56,44,41,3,6,0,0.82,13.796875,46,2,27,0,0,3532,256,16,0,0,7.5,1,
aeqkad_noisy,window,full,fidelity,True,True,16,iid,0.1,2,s051,4,16.000000000000004,3.423913043478259,10.0,32.5,56,38,38,0,6,0,0.76,12.98046875,50,11,27,0,1,3323,256,16,0,0,10.875,0,
aeqkad_noisy,window,full,fidelity,True,True,16,iid,0.1,2,s051,5,33.75,17.445652173913043,18.0,56.99999999999999,56,35,33,2,6,0,0.66,13.57421875,46,11,19,0,0,3475,256,16,0,0,8.6875,2,
aeqkad_noisy,window,full,fidelity,True,True,16,iid,0.1,2,s051,6,24.0,9.510869565217387,14.000000000000002,47.0,56,37,37,0,6,0,0.74,13.4140625,45,7,21,0,1,3434,256,16,0,0,11.5,0,
aeqkad_noisy,window,full,fidelity,True,True,16,iid,0.1,2,s051,7,24.0,10.434782608695654,10.0,46.5,56,39,37,2,6,0,0.74,13.74609375,49,9,24,0,1,3519,256,16,0,0,13.6875,1,
aeqkad_noisy,window,full,fidelity,True,True,16,iid,0.1,2,s051,8,15.250000000000002,11.521739130434783,14.000000000000002,37.0,56,42,42,0,6,0,0.84,11.4453125,45,3,31,0,0,2930,256,16,0,0,10.4375,0,16.0
mm_noisy,mm,full,fidelity,True,True,16,iid,0.1,0,s051,2,23.75,22.1195652173913,2.0,62.5,56,36,35,1,6,0,0.7,16.0,54,16,20,0,2,4096,256,16,1,16,90.0625,0,
mm_noisy,mm,full,fidelity,True,True,16,iid,0.1,0,s051,3,23.5,15.108695652173914,8.0,61.0,56,41,38,3,6,0,0.76,15.953125,51,10,29,0,0,4084,256,16,1,2,27.625,1,
mm_noisy,mm,full,fidelity,True,True,16,iid,0.1,0,s051,4,17.750000000000004,14.945652173913045,6.0,52.0,56,45,44,1,6,0,0.88,16.0,49,4,27,0,0,4096,256,16,1,1,52.75,1,
mm_noisy,mm,full,fidelity,True,True,16,iid,0.1,0,s051,5,28.500000000000004,25.706521739130437,10.0,63.5,56,37,36,1,6,0,0.72,16.0,48,11,21,0,0,4096,256,16,1,1,72.0,1,
mm_noisy,mm,full,fidelity,True,True,16,iid,0.1,0,s051,6,21.25,11.684782608695654,2.0,61.5,56,49,45,4,6,0,0.9,16.0,54,5,38,0,0,4096,256,16,1,1,61.5625,2,
mm_noisy,mm,full,fidelity,True,True,16,iid,0.1,0,s051,7,21.75,8.260869565217389,6.0,65.5,56,45,44,1,6,0,0.88,15.94921875,50,3,36,0,2,4083,256,16,1,1,57.625,2,
mm_noisy,mm,full,fidelity,True,True,16,iid,0.1,0,s051,8,27.0,14.021739130434783,4.0,62.0,56,40,40,0,6,0,0.8,16.0,50,10,31,0,0,4096,256,16,1,1,73.5625,0,48.0
mm_noisy,mm,full,fidelity,True,True,16,iid,0.1,1,s051,2,23.75,19.78260869565217,2.0,91.0,56,35,34,1,6,0,0.68,16.0,54,18,0,0,1,4096,256,16,1,15,85.4375,0,
mm_noisy,mm,full,fidelity,True,True,16,iid,0.1,1,s051,3,24.5,11.684782608695654,0.0,87.5,56,40,38,2,6,0,0.76,15.8984375,55,15,0,0,0,4070,256,16,1,3,33.875,1,
mm_noisy,mm,full,fidelity,True,True,16,iid,0.1,1,s051,4,22.25,11.684782608695654,4.0,73.0,56,41,41,0,6,0,0.82,16.0,54,13,0,0,0,4096,256,16,1,1,57.1875,1,
mm_noisy,mm,full,fidelity,True,True,16,iid,0.1,1,s051,5,31.75,22.1195652173913,6.0,85.0,56,37,37,0,6,0,0.74,16.0,51,14,1,0,0,4096,256,16,1,1,50.5,0,
mm_noisy,mm,full,fidelity,True,True,16,iid,0.1,1,s051,6,19.5,2.33695652173913,0.0,81.0,56,47,45,2,6,0,0.9,15.9765625,55,8,2,0,0,4090,256,16,1,1,57.3125,1,
mm_noisy,mm,full,fidelity,True,True,16,iid,0.1,1,s051,7,27.0,13.858695652173914,4.0,81.5,56,42,41,1,6,0,0.82,15.97265625,53,10,0,0,1,4089,256,16,1,1,55.8125,0,
mm_noisy,mm,full,fidelity,True,True,16,iid,0.1,1,s051,8,20.0,9.347826086956523,2.0,80.5,56,44,43,1,6,0,0.86,15.9765625,55,9,0,0,2,4090,256,16,1,1,64.75,0,70.0
mm_noisy,mm,full,fidelity,True,True,16,iid,0.1,2,s051,2,23.75,14.021739130434783,0.0,84.5,56,40,39,1,6,0,0.78,16.0,55,14,25,0,1,4096,256,16,1,14,81.3125,0,
mm_noisy,mm,full,fidelity,True,True,16,iid,0.1,2,s051,3,17.500000000000004,8.097826086956525,2.0,71.0,56,43,41,2,6,0,0.82,16.0,54,11,30,0,0,4096,256,16,1,1,28.6875,1,
mm_noisy,mm,full,fidelity,True,True,16,iid,0.1,2,s051,4,19.75,9.184782608695654,6.0,66.0,56,44,43,1,6,0,0.86,16.0,52,7,30,0,1,4096,256,16,1,1,53.9375,2,
mm_noisy,mm,full,fidelity,True,True,16,iid,0.1,2,s051,5,35.75,22.1195652173913,4.0,76.5,56,42,38,4,6,0,0.76,16.0,54,12,22,0,0,4096,256,16,1,1,59.5,2,
mm_noisy,mm,full,fidelity,True,True,16,iid,0.1,2,s051,6,18.750000000000004,12.608695652173912,0.0,74.0,56,48,47,1,6,0,0.94,16.0,54,5,43,0,1,4096,256,16,1,1,60.75,1,
mm_noisy,mm,full,fidelity,True,True,16,iid,0.1,2,s051,7,26.25,18.53260869565217,4.0,74.0,56,48,45,3,6,0,0.9,16.0,54,6,34,0,0,4096,256,16,1,1,48.375,2,
mm_noisy,mm,full,fidelity,True,True,16,iid,0.1,2,s051,8,19.5,11.684782608695654,4.0,81.0,56,45,44,1,6,0,0.88,16.0,52,6,40,0,1,4096,256,16,1,1,80.1875,2,64.0
static_noisy,static,none,fidelity,True,True,16,iid,0.1,0,s052,2,6.500000000000003,0.0,0.0,74.5,56,0,0,0,6,0,0.0,43.0,0,0,0,0,0,11008,256,50,0,50,81.5,0,
static_noisy,static,none,fidelity,True,True,16,iid,0.1,0,s052,3,9.749999999999998,0.0,2.0,73.0,56,0,0,0,6,0,0.0,43.0,0,0,0,0,0,11008,256,50,0,50,137.5,0,
static_noisy,static,none,fidelity,True,True,16,iid,0.1,0,s052,4,3.7500000000000018,0.0,0.0,71.0,56,0,0,0,6,0,0.0,43.0,0,0,0,0,0,11008,256,50,0,50,193.5,0,
static_noisy,static,none,fidelity,True,True,16,iid,0.1,0,s052,5,4.250000000000002,0.0,0.0,75.5,56,0,0,0,6,0,0.0,43.0,0,0,0,0,0,11008,256,50,0,50,249.5,0,
static_noisy,static,none,fidelity,True,True,16,iid,0.1,0,s052,6,3.2500000000000027,0.0,0.0,70.5,56,0,0,0,6,0,0.0,43.0,0,0,0,0,0,11008,256,50,0,50,305.5,0,
static_noisy,static,none,fidelity,True,True,16,iid,0.1,0,s052,7,1.7500000000000009,0.0,0.0,74.0,56,0,0,0,6,0,0.0,43.0,0,0,0,0,0,11008,256,50,0,50,361.5,0,
static_noisy,static,none,fidelity,True,True,16,iid,0.1,0,s052,8,16.250000000000004,11.521739130434783,0.0,81.0,56,0,0,0,6,0,0.0,43.0,0,0,0,0,0,11008,256,50,0,50,417.5,0,100.0
static_noisy,static,none,fidelity,True,True,16,iid,0.1,1,s052,2,7.749999999999998,0.0,2.0,57.99999999999999,56,0,0,0,6,0,0.0,42.0,0,0,0,0,0,10752,256,50,0,50,81.5,0,
static_noisy,static,none,fidelity,True,True,16,iid,0.1,1,s052,3,9.499999999999998,0.0,0.0,60.0,56,0,0,0,6,0,0.0,42.0,0,0,0,0,0,10752,256,50,0,50,137.5,0,
static_noisy,static,none,fidelity,True,True,16,iid,0.1,1,s052,4,3.7500000000000018,0.0,0.0,57.49999999999999,56,0,0,0,6,0,0.0,42.0,0,0,0,0,0,10752,256,50,0,50,193.5,0,
static_noisy,static,none,fidelity,True,True,16,iid,0.1,1,s052,5,4.000000000000002,0.0,0.0,60.5,56,0,0,0,6,0,0.0,42.0,0,0,0,0,0,10752,256,50,0,50,249.5,0,
static_noisy,static,none,fidelity,True,True,16,iid,0.1,1,s052,6,3.500000000000002,0.0,0.0,64.0,56,0,0,0,6,0,0.0,42.0,0,0,0,0,0,10752,256,50,0,50,305.5,0,
static_noisy,static,none,fidelity,True,True,16,iid,0.1,1,s052,7,2.500000000000001,0.0,0.0,57.49999999999999,56,0,0,0,6,0,0.0,42.0,0,0,0,0,0,10752,256,50,0,50,361.5,0,
static_noisy,static,none,fidelity,True,True,16,iid,0.1,1,s052,8,14.750000000000002,10.434782608695654,0.0,64.0,56,0,0,0,6,0,0.0,42.0,0,0,0,0,0,10752,256,50,0,50,417.5,0,54.0
static_noisy,static,none,fidelity,True,True,16,iid,0.1,2,s052,2,6.000000000000003,0.0,0.0,64.0,56,0,0,0,6,0,0.0,40.0,0,0,0,0,0,10240,256,50,0,50,81.5,0,
static_noisy,static,none,fidelity,True,True,16,iid,0.1,2,s052,3,10.0,0.0,0.0,62.0,56,0,0,0,6,0,0.0,40.0,0,0,0,0,0,10240,256,50,0,50,137.5,0,
static_noisy,static,none,fidelity,True,True,16,iid,0.1,2,s052,4,3.7500000000000018,0.0,0.0,59.5,56,0,0,0,6,0,0.0,40.0,0,0,0,0,0,10240,256,50,0,50,193.5,0,
static_noisy,static,none,fidelity,True,True,16,iid,0.1,2,s052,5,3.7500000000000018,0.0,0.0,55.00000000000001,56,0,0,0,6,0,0.0,40.0,0,0,0,0,0,10240,256,50,0,50,249.5,0,
static_noisy,static,none,fidelity,True,True,16,iid,0.1,2,s052,6,3.500000000000002,0.0,0.0,61.5,56,0,0,0,6,0,0.0,40.0,0,0,0,0,0,10240,256,50,0,50,305.5,0,
static_noisy,static,none,fidelity,True,True,16,iid,0.1,2,s052,7,2.250000000000001,0.0,0.0,59.0,56,0,0,0,6,0,0.0,40.0,0,0,0,0,0,10240,256,50,0,50,361.5,0,
static_noisy,static,none,fidelity,True,True,16,iid,0.1,2,s052,8,14.250000000000002,3.58695652173913,0.0,62.0,56,0,0,0,6,0,0.0,40.0,0,0,0,0,0,10240,256,50,0,50,417.5,0,86.0
window_noisy,window,none,fidelity,True,True,16,iid,0.1,0,s052,2,6.250000000000003,0.0,4.0,29.5,56,49,48,1,6,0,0.96,12.60546875,0,0,0,0,0,3227,256,16,0,0,9.4375,0,
window_noisy,window,none,fidelity,True,True,16,iid,0.1,0,s052,3,10.0,0.0,4.0,18.5,56,49,48,1,6,0,0.96,11.58984375,0,0,0,0,0,2967,256,16,0,0,8.625,1,
window_noisy,window,none,fidelity,True,True,16,iid,0.1,0,s052,4,4.500000000000002,0.0,2.0,13.0,56,50,49,1,6,0,0.98,9.19140625,0,0,0,0,0,2353,256,16,0,0,8.4375,0,
window_noisy,window,none,fidelity,True,True,16,iid,0.1,0,s052,5,6.500000000000003,0.0,2.0,12.5,56,50,49,1,6,0,0.98,8.6640625,0,0,0,0,0,2218,256,16,0,0,8.6875,0,
window_noisy,window,none,fidelity,True,True,16,iid,0.1,0,s052,6,10.999999999999998,0.0,8.0,13.0,56,47,46,1,6,0,0.92,9.07421875,0,0,0,0,0,2323,256,16,0,0,8.125,0,
window_noisy,window,none,fidelity,True,True,16,iid,0.1,0,s052,7,2.5000000000000018,0.0,2.0,14.000000000000002,56,49,49,0,6,0,0.98,9.75,0,0,0,0,0,2496,256,16,0,0,8.5,0,
window_noisy,window,none,fidelity,True,True,16,iid,0.1,0,s052,8,5.500000000000003,0.0,6.0,5.5,56,47,47,0,6,0,0.94,8.65625,0,0,0,0,0,2216,256,16,0,0,9.25,0,82.0
window_noisy,window,none,fidelity,True,True,16,iid,0.1,1,s052,2,6.750000000000004,0.0,4.0,10.0,56,48,48,0,6,0,0.96,12.35546875,0,0,0,0,0,3163,256,16,0,0,10.625,0,
window_noisy,window,none,fidelity,True,True,16,iid,0.1,1,s052,3,11.5,0.0,12.0,11.0,56,45,44,1,6,0,0.88,11.33984375,0,0,0,0,0,2903,256,16,0,0,9.25,0,
window_noisy,window,none,fidelity,True,True,16,iid,0.1,1,s052,4,6.000000000000003,0.0,4.0,9.0,56,49,48,1,6,0,0.96,9.03515625,0,0,0,0,0,2313,256,16,0,0,8.625,0,
window_noisy,window,none,fidelity,True,True,16,iid,0.1,1,s052,5,5.750000000000003,0.0,2.0,8.0,56,49,49,0,6,0,0.98,7.9921875,0,0,0,0,0,2046,256,16,0,0,8.1875,0,
window_noisy,window,none,fidelity,True,True,16,iid,0.1,1,s052,6,5.999999999999998,2.33695652173913,8.0,10.5,56,47,46,1,6,0,0.92,9.14453125,0,0,0,0,0,2341,256,16,0,0,9.125,0,
window_noisy,window,none,fidelity,True,True,16,iid,0.1,1,s052,7,5.000000000000002,0.0,4.0,6.0,56,48,48,0,6,0,0.96,9.48828125,0,0,0,0,0,2429,256,16,0,0,8.875,0,
window_noisy,window,none,fidelity,True,True,16,iid,0.1,1,s052,8,7.499999999999998,0.0,8.0,7.000000000000001,56,46,46,0,6,0,0.92,8.546875,0,0,0,0,0,2188,256,16,0,0,8.8125,0,6.0
window_noisy,window,none,fidelity,True,True,16,iid,0.1,2,s052,2,5.500000000000003,0.0,4.0,21.5,56,48,48,0,6,0,0.96,12.41015625,0,0,0,0,0,3177,256,16,0,0,10.4375,0,
window_noisy,window,none,fidelity,True,True,16,iid,0.1,2,s052,3,12.25,0.0,10.0,17.5,56,46,45,1,6,0,0.9,11.375,0,0,0,0,0,2912,256,16,0,0,10.125,0,
window_noisy,window,none,fidelity,True,True,16,iid,0.1,2,s052,4,4.500000000000002,0.0,4.0,5.0,56,48,48,0,6,0,0.96,8.94921875,0,0,0,0,0,2291,256,16,0,0,8.5625,0,
window_noisy,window,none,fidelity,True,True,16,iid,0.1,2,s052,5,6.250000000000003,0.0,2.0,10.0,56,49,49,0,6,0,0.98,8.24609375,0,0,0,0,0,2111,256,16,0,0,7.6875,0,
window_noisy,window,none,fidelity,True,True,16,iid,0.1,2,s052,6,10.999999999999998,0.0,8.0,7.5,56,49,46,3,6,0,0.92,9.51171875,0,0,0,0,0,2435,256,16,0,0,7.875,1,
window_noisy,window,none,fidelity,True,True,16,iid,0.1,2,s052,7,3.5000000000000018,0.0,2.0,10.5,56,49,49,0,6,0,0.98,9.82421875,0,0,0,0,0,2515,256,16,0,0,8.6875,0,
window_noisy,window,none,fidelity,True,True,16,iid,0.1,2,s052,8,4.750000000000003,0.0,8.0,3.5000000000000004,56,46,46,0,6,0,0.92,8.51953125,0,0,0,0,0,2181,256,16,0,0,9.625,0,36.0
aeqkad_noisy,window,full,fidelity,True,True,16,iid,0.1,0,s052,2,8.749999999999998,0.0,6.0,24.5,56,42,42,0,6,0,0.84,12.01171875,48,6,0,0,0,3075,256,16,0,0,11.8125,0,
aeqkad_noisy,window,full,fidelity,True,True,16,iid,0.1,0,s052,3,12.75,0.0,14.000000000000002,11.5,56,39,39,0,6,0,0.78,9.67578125,44,4,0,0,1,2477,256,16,0,0,12.1875,0,
aeqkad_noisy,window,full,fidelity,True,True,16,iid,0.1,0,s052,4,3.7500000000000018,0.0,2.0,6.5,56,46,46,0,6,0,0.92,8.77734375,50,4,0,0,0,2247,256,16,0,0,10.1875,0,
aeqkad_noisy,window,full,fidelity,True,True,16,iid,0.1,0,s052,5,4.500000000000002,0.0,2.0,9.0,56,45,45,0,6,0,0.9,7.62890625,49,4,0,0,0,1953,256,16,0,0,11.5,0,
aeqkad_noisy,window,full,fidelity,True,True,16,iid,0.1,0,s052,6,7.999999999999999,0.0,10.0,7.5,56,44,44,0,6,0,0.88,7.66796875,45,1,0,0,0,1963,256,16,0,0,8.125,0,
aeqkad_noisy,window,full,fidelity,True,True,16,iid,0.1,0,s052,7,2.2500000000000018,0.0,4.0,10.5,56,47,47,0,6,0,0.94,9.14453125,48,1,0,0,0,2341,256,16,0,0,8.5,0,
aeqkad_noisy,window,full,fidelity,True,True,16,iid,0.1,0,s052,8,5.750000000000003,0.0,6.0,6.0,56,46,46,0,6,0,0.92,8.68359375,47,1,0,0,0,2223,256,16,0,0,9.75,0,76.0
aeqkad_noisy,window,full,fidelity,True,True,16,iid,0.1,1,s052,2,8.249999999999998,0.0,6.0,8.5,56,41,41,0,6,0,0.82,11.9140625,47,6,0,0,0,3050,256,16,0,0,13.0625,0,
aeqkad_noisy,window,full,fidelity,True,True,16,iid,0.1,1,s052,3,11.0,0.0,14.000000000000002,7.000000000000001,56,38,38,0,6,0,0.76,9.59765625,44,5,0,0,1,2457,256,16,0,0,11.0625,0,
aeqkad_noisy,window,full,fidelity,True,True,16,iid,0.1,1,s052,4,4.250000000000002,0.0,4.0,7.000000000000001,56,47,46,1,6,0,0.92,8.75,49,2,0,0,0,2240,256,16,0,0,9.625,0,
aeqkad_noisy,window,full,fidelity,True,True,16,iid,0.1,1,s052,5,4.000000000000002,0.0,4.0,6.0,56,45,45,0,6,0,0.9,7.75,48,3,0,0,0,1984,256,16,0,0,11.0,0,
aeqkad_noisy,window,full,fidelity,True,True,16,iid,0.1,1,s052,6,10.499999999999998,0.0,10.0,5.5,56,44,44,0,6,0,0.88,7.75,46,2,0,0,0,1984,256,16,0,0,9.125,0,
aeqkad_noisy,window,full,fidelity,True,True,16,iid,0.1,1,s052,7,2.0000000000000018,0.0,4.0,5.5,56,47,47,0,6,0,0.94,8.94921875,48,1,0,0,0,2291,256,16,0,0,8.875,0,
aeqkad_noisy,window,full,fidelity,True,True,16,iid,0.1,1,s052,8,7.999999999999999,0.0,8.0,6.0,56,46,46,0,6,0,0.92,8.65234375,46,0,0,0,0,2215,256,16,0,0,8.8125,0,4.0
aeqkad_noisy,window,full,fidelity,True,True,16,iid,0.1,2,s052,2,9.749999999999998,0.0,6.0,21.0,56,42,42,0,6,0,0.84,11.91015625,48,6,27,0,0,3049,256,16,0,0,12.9375,0,
aeqkad_noisy,window,full,fidelity,True,True,16,iid,0.1,2,s052,3,12.25,0.0,16.0,10.5,56,39,39,0,6,0,0.78,9.3359375,42,2,12,0,1,2390,256,16,0,0,11.4375,0,
aeqkad_noisy,window,full,fidelity,True,True,16,iid,0.1,2,s052,4,4.000000000000002,0.0,4.0,4.0,56,47,47,0,6,0,0.94,8.53125,48,1,23,0,0,2184,256,16,0,0,8.5625,0,
aeqkad_noisy,window,full,fidelity,True,True,16,iid,0.1,2,s052,5,7.000000000000004,0.0,2.0,10.0,56,46,46,0,6,0,0.92,7.85546875,49,3,27,0,0,2011,256,16,0,0,9.5,0,
aeqkad_noisy,window,full,fidelity,True,True,16,iid,0.1,2,s052,6,7.749999999999998,0.0,10.0,4.5,56,44,44,0,6,0,0.88,8.05078125,46,2,23,0,0,2061,256,16,0,0,8.625,0,
aeqkad_noisy,window,full,fidelity,True,True,16,iid,0.1,2,s052,7,4.500000000000002,0.0,2.0,6.0,56,48,48,0,6,0,0.96,9.38671875,49,1,22,0,0,2403,256,16,0,0,8.6875,0,
aeqkad_noisy,window,full,fidelity,True,True,16,iid,0.1,2,s052,8,4.750000000000003,0.0,6.0,3.5000000000000004,56,46,46,0,6,0,0.92,8.53125,47,1,26,0,0,2184,256,16,0,0,9.625,0,36.0
mm_noisy,mm,full,fidelity,True,True,16,iid,0.1,0,s052,2,8.749999999999998,0.0,0.0,74.5,56,43,43,0,6,0,0.86,16.0,56,13,0,0,0,4096,256,16,1,16,85.0625,0,
mm_noisy,mm,full,fidelity,True,True,16,iid,0.1,0,s052,3,11.249999999999998,0.0,2.0,42.5,56,41,41,0,6,0,0.82,15.4296875,53,11,0,0,1,3950,256,16,1,2,32.8125,0,
mm_noisy,mm,full,fidelity,True,True,16,iid,0.1,0,s052,4,2.250000000000001,0.0,2.0,29.0,56,49,49,0,6,0,0.98,15.21484375,51,2,0,0,0,3895,256,16,1,1,55.125,0,
mm_noisy,mm,full,fidelity,True,True,16,iid,0.1,0,s052,5,6.250000000000003,0.0,0.0,44.0,56,46,46,0,6,0,0.92,13.83203125,53,5,0,0,2,3541,256,16,1,1,53.25,0,
mm_noisy,mm,full,fidelity,True,True,16,iid,0.1,0,s052,6,6.250000000000003,0.0,4.0,29.5,56,45,45,0,6,0,0.9,13.33203125,50,4,0,0,1,3413,256,16,1,1,54.6875,0,
mm_noisy,mm,full,fidelity,True,True,16,iid,0.1,0,s052,7,2.2500000000000018,0.0,2.0,21.5,56,48,48,0,6,0,0.96,13.84765625,49,1,0,0,0,3545,256,16,1,1,50.25,0,
mm_noisy,mm,full,fidelity,True,True,16,iid,0.1,0,s052,8,4.750000000000003,0.0,2.0,24.0,56,47,47,0,6,0,0.94,15.2890625,49,2,0,0,0,3914,256,16,1,1,60.5625,0,94.0
mm_noisy,mm,full,fidelity,True,True,16,iid,0.1,1,s052,2,7.749999999999998,0.0,2.0,54.50000000000001,56,40,40,0,6,0,0.8,16.0,53,13,0,0,0,4096,256,16,1,16,84.0625,0,
mm_noisy,mm,full,fidelity,True,True,16,iid,0.1,1,s052,3,11.75,0.0,4.0,37.0,56,40,40,0,6,0,0.8,15.1328125,50,9,0,0,1,3874,256,16,1,3,35.1875,0,
mm_noisy,mm,full,fidelity,True,True,16,iid,0.1,1,s052,4,1.5000000000000009,0.0,2.0,21.5,56,49,48,1,6,0,0.96,14.61328125,51,1,0,0,1,3741,256,16,1,1,44.75,0,
mm_noisy,mm,full,fidelity,True,True,16,iid,0.1,1,s052,5,4.500000000000002,0.0,0.0,31.5,56,46,46,0,6,0,0.92,15.296875,52,4,0,0,2,3916,256,16,1,1,60.125,0,
mm_noisy,mm,full,fidelity,True,True,16,iid,0.1,1,s052,6,8.249999999999998,0.0,6.0,23.5,56,45,45,0,6,0,0.9,13.83984375,48,1,0,0,2,3543,256,16,1,1,48.0625,0,
mm_noisy,mm,full,fidelity,True,True,16,iid,0.1,1,s052,7,4.000000000000002,0.0,2.0,13.0,56,47,47,0,6,0,0.94,13.828125,49,2,0,0,0,3540,256,16,1,1,63.0625,0,
mm_noisy,mm,full,fidelity,True,True,16,iid,0.1,1,s052,8,8.249999999999998,0.0,6.0,14.499999999999998,56,45,45,0,6,0,0.9,13.73046875,48,3,0,0,0,3515,256,16,1,1,50.0,0,8.0
mm_noisy,mm,full,fidelity,True,True,16,iid,0.1,2,s052,2,10.249999999999998,0.0,2.0,68.5,56,42,42,0,6,0,0.84,16.0,53,8,34,0,3,4096,256,16,1,15,83.6875,0,
mm_noisy,mm,full,fidelity,True,True,16,iid,0.1,2,s052,3,12.0,0.0,4.0,35.5,56,40,40,0,6,0,0.8,14.24609375,50,8,32,0,2,3647,256,16,1,2,34.8125,0,
mm_noisy,mm,full,fidelity,True,True,16,iid,0.1,2,s052,4,4.500000000000002,0.0,2.0,24.5,56,48,48,0,6,0,0.96,14.94140625,50,1,30,0,1,3825,256,16,1,1,58.0625,0,
mm_noisy,mm,full,fidelity,True,True,16,iid,0.1,2,s052,5,3.7500000000000018,0.0,0.0,17.5,56,46,46,0,6,0,0.92,13.79296875,52,4,41,0,2,3531,256,16,1,1,54.25,0,
mm_noisy,mm,full,fidelity,True,True,16,iid,0.1,2,s052,6,4.000000000000003,0.0,6.0,12.5,56,45,45,0,6,0,0.9,11.859375,48,1,41,0,2,3036,256,16,1,1,57.75,0,
mm_noisy,mm,full,fidelity,True,True,16,iid,0.1,2,s052,7,2.7500000000000018,0.0,2.0,15.5,56,48,48,0,6,0,0.96,12.96875,49,1,36,0,0,3320,256,16,1,1,55.3125,0,
mm_noisy,mm,full,fidelity,True,True,16,iid,0.1,2,s052,8,7.000000000000004,0.0,2.0,14.499999999999998,56,47,47,0,6,0,0.94,14.6640625,51,3,24,0,1,3754,256,16,1,1,54.5625,0,50.0
static_noisy,static,none,fidelity,True,True,16,iid,0.1,0,s053,2,14.250000000000002,2.33695652173913,6.0,37.0,56,0,0,0,6,0,0.0,46.0,0,0,0,0,0,11776,256,50,0,50,81.5,0,
static_noisy,static,none,fidelity,True,True,16,iid,0.1,0,s053,3,16.75,1.25,4.0,36.0,56,0,0,0,6,0,0.0,46.0,0,0,0,0,0,11776,256,50,0,50,137.5,0,
static_noisy,static,none,fidelity,True,True,16,iid,0.1,0,s053,4,20.0,11.684782608695654,10.0,41.5,56,0,0,0,6,0,0.0,46.0,0,0,0,0,0,11776,256,50,0,50,193.5,0,
static_noisy,static,none,fidelity,True,True,16,iid,0.1,0,s053,5,20.0,7.01086956521739,2.0,46.0,56,0,0,0,6,0,0.0,46.0,0,0,0,0,0,11776,256,50,0,50,249.5,0,
static_noisy,static,none,fidelity,True,True,16,iid,0.1,0,s053,6,21.25,21.03260869565217,8.0,50.5,56,0,0,0,6,0,0.0,46.0,0,0,0,0,0,11776,256,50,0,50,305.5,0,
static_noisy,static,none,fidelity,True,True,16,iid,0.1,0,s053,7,19.5,12.608695652173912,2.0,51.5,56,0,0,0,6,0,0.0,46.0,0,0,0,0,0,11776,256,50,0,50,361.5,0,
static_noisy,static,none,fidelity,True,True,16,iid,0.1,0,s053,8,19.5,11.684782608695654,10.0,45.0,56,0,0,0,6,0,0.0,46.0,0,0,0,0,0,11776,256,50,0,50,417.5,0,54.0
static_noisy,static,none,fidelity,True,True,16,iid,0.1,1,s053,2,15.500000000000004,3.423913043478259,6.0,35.5,56,0,0,0,6,0,0.0,47.0,0,0,0,0,0,12032,256,50,0,50,81.5,0,
static_noisy,static,none,fidelity,True,True,16,iid,0.1,1,s053,3,15.750000000000004,1.25,4.0,38.5,56,0,0,0,6,0,0.0,47.0,0,0,0,0,0,12032,256,50,0,50,137.5,0,
static_noisy,static,none,fidelity,True,True,16,iid,0.1,1,s053,4,22.25,8.42391304347826,12.0,41.5,56,0,0,0,6,0,0.0,47.0,0,0,0,0,0,12032,256,50,0,50,193.5,0,
static_noisy,static,none,fidelity,True,True,16,iid,0.1,1,s053,5,23.0,18.53260869565217,6.0,48.0,56,0,0,0,6,0,0.0,47.0,0,0,0,0,0,12032,256,50,0,50,249.5,0,
static_noisy,static,none,fidelity,True,True,16,iid,0.1,1,s053,6,22.0,22.1195652173913,8.0,49.0,56,0,0,0,6,0,0.0,47.0,0,0,0,0,0,12032,256,50,0,50,305.5,0,
static_noisy,static,none,fidelity,True,True,16,iid,0.1,1,s053,7,21.5,10.271739130434783,2.0,47.0,56,0,0,0,6,0,0.0,47.0,0,0,0,0,0,12032,256,50,0,50,361.5,0,
static_noisy,static,none,fidelity,True,True,16,iid,0.1,1,s053,8,20.0,12.771739130434783,10.0,43.5,56,0,0,0,6,0,0.0,47.0,0,0,0,0,0,12032,256,50,0,50,417.5,0,56.00000000000001
static_noisy,static,none,fidelity,True,True,16,iid,0.1,2,s053,2,13.5,1.0869565217391297,6.0,37.5,56,0,0,0,6,0,0.0,47.0,0,0,0,0,0,12032,256,50,0,50,81.5,0,
static_noisy,static,none,fidelity,True,True,16,iid,0.1,2,s053,3,17.750000000000004,2.5,4.0,39.0,56,0,0,0,6,0,0.0,47.0,0,0,0,0,0,12032,256,50,0,50,137.5,0,
static_noisy,static,none,fidelity,True,True,16,iid,0.1,2,s053,4,21.5,15.108695652173914,12.0,37.0,56,0,0,0,6,0,0.0,47.0,0,0,0,0,0,12032,256,50,0,50,193.5,0,
static_noisy,static,none,fidelity,True,True,16,iid,0.1,2,s053,5,21.75,9.347826086956523,4.0,45.0,56,0,0,0,6,0,0.0,47.0,0,0,0,0,0,12032,256,50,0,50,249.5,0,
static_noisy,static,none,fidelity,True,True,16,iid,0.1,2,s053,6,21.5,26.6304347826087,8.0,50.0,56,0,0,0,6,0,0.0,47.0,0,0,0,0,0,12032,256,50,0,50,305.5,0,
static_noisy,static,none,fidelity,True,True,16,iid,0.1,2,s053,7,20.25,6.25,2.0,51.5,56,0,0,0,6,0,0.0,47.0,0,0,0,0,0,12032,256,50,0,50,361.5,0,
static_noisy,static,none,fidelity,True,True,16,iid,0.1,2,s053,8,21.75,11.684782608695654,10.0,49.5,56,0,0,0,6,0,0.0,47.0,0,0,0,0,0,12032,256,50,0,50,417.5,0,4.0
window_noisy,window,none,fidelity,True,True,16,iid,0.1,0,s053,2,18.250000000000004,4.67391304347826,12.0,39.0,56,49,44,5,6,0,0.88,15.67578125,0,0,0,0,0,4013,256,16,0,0,9.0,1,
window_noisy,window,none,fidelity,True,True,16,iid,0.1,0,s053,3,16.500000000000004,0.0,14.000000000000002,18.5,56,45,43,2,6,0,0.86,14.15625,0,0,0,0,0,3624,256,16,0,0,10.0625,1,
window_noisy,window,none,fidelity,True,True,16,iid,0.1,0,s053,4,11.249999999999998,0.0,8.0,12.5,56,47,46,1,6,0,0.92,13.69921875,0,0,0,0,0,3507,256,16,0,0,10.6875,0,
window_noisy,window,none,fidelity,True,True,16,iid,0.1,0,s053,5,8.499999999999998,3.423913043478259,2.0,20.0,56,49,49,0,6,0,0.98,14.2890625,0,0,0,0,0,3658,256,16,0,0,8.0625,0,
window_noisy,window,none,fidelity,True,True,16,iid,0.1,0,s053,6,14.000000000000002,2.33695652173913,4.0,31.0,56,51,48,3,6,0,0.96,14.29296875,0,0,0,0,0,3659,256,16,0,0,7.5,0,
window_noisy,window,none,fidelity,True,True,16,iid,0.1,0,s053,7,10.75,8.260869565217389,6.0,26.0,56,50,47,3,6,0,0.94,14.6015625,0,0,0,0,0,3738,256,16,0,0,7.75,1,
window_noisy,window,none,fidelity,True,True,16,iid,0.1,0,s053,8,16.000000000000004,1.0869565217391297,10.0,25.0,56,46,45,1,6,0,0.9,14.28515625,0,0,0,0,0,3657,256,16,0,0,8.375,0,12.0
window_noisy,window,none,fidelity,True,True,16,iid,0.1,1,s053,2,14.000000000000002,4.67391304347826,12.0,31.0,56,46,44,2,6,0,0.88,15.65234375,0,0,0,0,0,4007,256,16,0,0,10.0625,0,
window_noisy,window,none,fidelity,True,True,16,iid,0.1,1,s053,3,17.250000000000004,0.0,20.0,15.0,56,41,40,1,6,0,0.8,13.47265625,0,0,0,0,0,3449,256,16,0,0,9.375,0,
window_noisy,window,none,fidelity,True,True,16,iid,0.1,1,s053,4,10.749999999999998,0.0,10.0,14.499999999999998,56,46,45,1,6,0,0.9,13.546875,0,0,0,0,0,3468,256,16,0,0,10.1875,0,
window_noisy,window,none,fidelity,True,True,16,iid,0.1,1,s053,5,9.25,1.25,4.0,18.0,56,50,48,2,6,0,0.96,14.48046875,0,0,0,0,0,3707,256,16,0,0,7.5,0,
window_noisy,window,none,fidelity,True,True,16,iid,0.1,1,s053,6,9.749999999999998,1.0869565217391297,8.0,16.5,56,48,46,2,6,0,0.92,13.59765625,0,0,0,0,0,3481,256,16,0,0,9.0625,0,
window_noisy,window,none,fidelity,True,True,16,iid,0.1,1,s053,7,13.5,3.423913043478259,8.0,22.0,56,49,46,3,6,0,0.92,14.30859375,0,0,0,0,0,3663,256,16,0,0,8.5,1,
window_noisy,window,none,fidelity,True,True,16,iid,0.1,1,s053,8,16.000000000000004,5.923913043478259,12.0,22.5,56,45,44,1,6,0,0.88,14.4609375,0,0,0,0,0,3702,256,16,0,0,8.375,1,16.0
window_noisy,window,none,fidelity,True,True,16,iid,0.1,2,s053,2,16.250000000000004,2.33695652173913,10.0,32.0,56,47,45,2,6,0,0.9,15.65234375,0,0,0,0,0,4007,256,16,0,0,9.125,2,
window_noisy,window,none,fidelity,True,True,16,iid,0.1,2,s053,3,17.750000000000004,0.0,22.0,15.0,56,40,39,1,6,0,0.78,13.4453125,0,0,0,0,0,3442,256,16,0,0,10.75,0,
window_noisy,window,none,fidelity,True,True,16,iid,0.1,2,s053,4,9.749999999999998,0.0,12.0,9.0,56,44,44,0,6,0,0.88,13.51171875,0,0,0,0,0,3459,256,16,0,0,10.3125,0,
window_noisy,window,none,fidelity,True,True,16,iid,0.1,2,s053,5,10.0,0.0,4.0,14.499999999999998,56,49,48,1,6,0,0.96,14.1640625,0,0,0,0,0,3626,256,16,0,0,7.5,1,
window_noisy,window,none,fidelity,True,True,16,iid,0.1,2,s053,6,13.25,1.0869565217391297,8.0,22.5,56,47,46,1,6,0,0.92,14.11328125,0,0,0,0,0,3613,256,16,0,0,9.5625,0,
window_noisy,window,none,fidelity,True,True,16,iid,0.1,2,s053,7,13.5,7.01086956521739,8.0,24.5,56,47,46,1,6,0,0.92,14.2578125,0,0,0,0,0,3650,256,16,0,0,7.5,0,
window_noisy,window,none,fidelity,True,True,16,iid,0.1,2,s053,8,14.750000000000002,5.923913043478259,12.0,21.5,56,47,44,3,6,0,0.88,14.43359375,0,0,0,0,0,3695,256,16,0,0,9.3125,0,0.0
aeqkad_noisy,window,full,fidelity,True,True,16,iid,0.1,0,s053,2,14.500000000000002,2.33695652173913,12.0,29.0,56,40,39,1,6,0,0.78,15.55078125,47,6,31,0,1,3981,256,16,0,0,9.375,1,
aeqkad_noisy,window,full,fidelity,True,True,16,iid,0.1,0,s053,3,15.500000000000004,0.0,14.000000000000002,7.000000000000001,56,35,35,0,6,0,0.7,12.55859375,44,7,33,0,2,3215,256,16,0,0,11.625,0,
aeqkad_noisy,window,full,fidelity,True,True,16,iid,0.1,0,s053,4,7.2500000000000036,0.0,6.0,10.5,56,42,41,1,6,0,0.82,13.3359375,48,6,33,0,0,3414,256,16,0,0,12.3125,0,
aeqkad_noisy,window,full,fidelity,True,True,16,iid,0.1,0,s053,5,8.249999999999998,2.33695652173913,4.0,17.0,56,45,45,0,6,0,0.9,13.38671875,48,3,35,0,0,3427,256,16,0,0,8.0625,0,
aeqkad_noisy,window,full,fidelity,True,True,16,iid,0.1,0,s053,6,13.750000000000002,3.423913043478259,12.0,17.0,56,40,40,0,6,0,0.8,13.45703125,46,5,33,0,1,3445,256,16,0,0,8.0625,0,
aeqkad_noisy,window,full,fidelity,True,True,16,iid,0.1,0,s053,7,11.75,8.260869565217389,6.0,22.0,56,45,43,2,6,0,0.86,13.9296875,50,4,34,0,1,3566,256,16,0,0,8.75,1,
aeqkad_noisy,window,full,fidelity,True,True,16,iid,0.1,0,s053,8,18.000000000000004,1.25,12.0,21.5,56,39,39,0,6,0,0.78,13.96875,45,6,29,0,0,3576,256,16,0,0,9.3125,0,10.0
aeqkad_noisy,window,full,fidelity,True,True,16,iid,0.1,1,s053,2,14.000000000000002,4.67391304347826,10.0,28.000000000000004,56,41,40,1,6,0,0.8,15.55078125,47,6,20,0,0,3981,256,16,0,0,10.5,0,
aeqkad_noisy,window,full,fidelity,True,True,16,iid,0.1,1,s053,3,15.750000000000004,0.0,22.0,10.5,56,33,33,0,6,0,0.66,12.05859375,40,6,19,0,1,3087,256,16,0,0,11.875,0,
aeqkad_noisy,window,full,fidelity,True,True,16,iid,0.1,1,s053,4,10.0,0.0,10.0,11.5,56,42,41,1,6,0,0.82,13.33203125,46,4,24,0,0,3413,256,16,0,0,11.6875,0,
aeqkad_noisy,window,full,fidelity,True,True,16,iid,0.1,1,s053,5,8.749999999999998,3.423913043478259,4.0,12.0,56,42,41,1,6,0,0.82,13.69921875,50,8,27,0,0,3507,256,16,0,0,8.9375,0,
aeqkad_noisy,window,full,fidelity,True,True,16,iid,0.1,1,s053,6,15.500000000000004,4.67391304347826,16.0,12.5,56,39,38,1,6,0,0.76,12.7890625,44,5,26,0,0,3274,256,16,0,0,9.0625,0,
aeqkad_noisy,window,full,fidelity,True,True,16,iid,0.1,1,s053,7,10.249999999999998,5.760869565217389,6.0,16.5,56,43,42,1,6,0,0.84,13.87890625,49,6,20,0,0,3553,256,16,0,0,10.0625,0,
aeqkad_noisy,window,full,fidelity,True,True,16,iid,0.1,1,s053,8,14.000000000000002,1.25,14.000000000000002,17.5,56,39,39,0,6,0,0.78,14.03125,43,4,22,0,0,3592,256,16,0,0,9.75,0,14.000000000000002
aeqkad_noisy,window,full,fidelity,True,True,16,iid,0.1,2,s053,2,14.250000000000002,0.0,12.0,28.5,56,41,41,0,6,0,0.82,15.3515625,46,5,46,0,0,3930,256,16,0,0,9.8125,0,
aeqkad_noisy,window,full,fidelity,True,True,16,iid,0.1,2,s053,3,17.750000000000004,0.0,22.0,14.000000000000002,56,39,38,1,6,0,0.76,12.88671875,40,1,38,0,0,3299,256,16,0,0,10.75,0,
aeqkad_noisy,window,full,fidelity,True,True,16,iid,0.1,2,s053,4,9.499999999999998,0.0,14.000000000000002,8.5,56,41,41,0,6,0,0.82,13.51171875,43,2,41,0,0,3459,256,16,0,0,11.625,0,
aeqkad_noisy,window,full,fidelity,True,True,16,iid,0.1,2,s053,5,9.499999999999998,0.0,4.0,13.0,56,45,44,1,6,0,0.88,13.484375,49,4,48,0,0,3452,256,16,0,0,7.8125,1,
aeqkad_noisy,window,full,fidelity,True,True,16,iid,0.1,2,s053,6,16.000000000000004,5.923913043478259,10.0,22.0,56,39,39,0,6,0,0.78,13.484375,46,7,44,0,0,3452,256,16,0,0,9.5625,0,
aeqkad_noisy,window,full,fidelity,True,True,16,iid,0.1,2,s053,7,13.5,7.01086956521739,6.0,20.0,56,42,42,0,6,0,0.84,13.78515625,47,5,43,0,0,3529,256,16,0,0,8.875,0,
aeqkad_noisy,window,full,fidelity,True,True,16,iid,0.1,2,s053,8,14.750000000000002,7.01086956521739,12.0,18.0,56,41,41,0,6,0,0.82,14.05078125,45,3,43,0,1,3597,256,16,0,0,9.3125,0,0.0
mm_noisy,mm,full,fidelity,True,True,16,iid,0.1,0,s053,2,18.750000000000004,3.75,4.0,61.0,56,45,43,2,6,0,0.86,16.0,54,8,43,0,1,4096,256,16,1,16,85.1875,0,
mm_noisy,mm,full,fidelity,True,True,16,iid,0.1,0,s053,3,15.750000000000004,2.5,8.0,41.0,56,42,41,1,6,0,0.82,15.69921875,48,4,39,0,2,4019,256,16,1,1,22.9375,0,
mm_noisy,mm,full,fidelity,True,True,16,iid,0.1,0,s053,4,12.5,0.0,6.0,36.5,56,44,43,1,6,0,0.86,16.0,50,6,39,0,0,4096,256,16,1,1,63.1875,1,
mm_noisy,mm,full,fidelity,True,True,16,iid,0.1,0,s053,5,9.749999999999998,2.5,2.0,39.0,56,47,47,0,6,0,0.94,15.9765625,51,2,47,0,2,4090,256,16,1,1,46.6875,1,
mm_noisy,mm,full,fidelity,True,True,16,iid,0.1,0,s053,6,11.75,4.67391304347826,6.0,42.5,56,45,45,0,6,0,0.9,16.0,50,2,42,0,3,4096,256,16,1,1,56.125,0,
mm_noisy,mm,full,fidelity,True,True,16,iid,0.1,0,s053,7,12.25,2.5,6.0,47.0,56,46,44,2,6,0,0.88,16.0,51,2,47,0,3,4096,256,16,1,1,69.25,1,
mm_noisy,mm,full,fidelity,True,True,16,iid,0.1,0,s053,8,11.249999999999998,5.923913043478259,8.0,39.5,56,43,43,0,6,0,0.86,15.97265625,48,4,40,0,1,4089,256,16,1,1,67.3125,0,48.0
mm_noisy,mm,full,fidelity,True,True,16,iid,0.1,1,s053,2,18.000000000000004,5.760869565217389,8.0,54.50000000000001,56,41,40,1,6,0,0.8,16.0,50,9,30,0,0,4096,256,16,1,16,82.3125,0,
mm_noisy,mm,full,fidelity,True,True,16,iid,0.1,1,s053,3,16.000000000000004,1.0869565217391297,10.0,42.0,56,41,41,0,6,0,0.82,15.72265625,47,5,26,0,1,4025,256,16,1,2,26.6875,0,
mm_noisy,mm,full,fidelity,True,True,16,iid,0.1,1,s053,4,12.5,2.33695652173913,8.0,33.5,56,44,43,1,6,0,0.86,16.0,47,3,34,0,0,4096,256,16,1,1,51.5625,1,
mm_noisy,mm,full,fidelity,True,True,16,iid,0.1,1,s053,5,14.000000000000002,8.260869565217389,2.0,40.0,56,48,46,2,6,0,0.92,16.0,52,4,38,0,0,4096,256,16,1,1,52.375,1,
mm_noisy,mm,full,fidelity,True,True,16,iid,0.1,1,s053,6,15.750000000000004,10.434782608695654,4.0,28.5,56,41,40,1,6,0,0.8,15.92578125,50,9,34,0,0,4077,256,16,1,1,61.375,1,
mm_noisy,mm,full,fidelity,True,True,16,iid,0.1,1,s053,7,13.0,2.5,6.0,33.0,56,45,43,2,6,0,0.86,16.0,50,5,31,0,0,4096,256,16,1,1,53.125,1,
mm_noisy,mm,full,fidelity,True,True,16,iid,0.1,1,s053,8,13.5,7.01086956521739,8.0,38.0,56,44,43,1,6,0,0.86,16.0,47,3,30,0,0,4096,256,16,1,1,64.125,1,36.0
mm_noisy,mm,full,fidelity,True,True,16,iid,0.1,2,s053,2,19.5,7.01086956521739,6.0,51.0,56,42,41,1,6,0,0.82,16.0,49,7,49,0,0,4096,256,16,1,16,85.1875,0,
mm_noisy,mm,full,fidelity,True,True,16,iid,0.1,2,s053,3,15.750000000000004,3.423913043478259,10.0,30.5,56,42,42,0,6,0,0.84,15.453125,46,4,46,0,0,3956,256,16,1,1,21.5,0,
mm_noisy,mm,full,fidelity,True,True,16,iid,0.1,2,s053,4,9.0,0.0,6.0,26.0,56,45,45,0,6,0,0.9,16.0,47,2,47,0,0,4096,256,16,1,1,56.9375,0,
mm_noisy,mm,full,fidelity,True,True,16,iid,0.1,2,s053,5,9.749999999999998,1.25,4.0,30.5,56,49,48,1,6,0,0.96,15.921875,51,2,50,0,0,4076,256,16,1,1,44.0,1,
mm_noisy,mm,full,fidelity,True,True,16,iid,0.1,2,s053,6,11.75,5.760869565217389,4.0,33.5,56,45,45,0,6,0,0.9,16.0,49,3,47,0,1,4096,256,16,1,1,44.5,0,
mm_noisy,mm,full,fidelity,True,True,16,iid,0.1,2,s053,7,14.500000000000002,5.760869565217389,6.0,42.0,56,45,45,0,6,0,0.9,16.0,49,3,49,0,1,4096,256,16,1,1,67.25,0,
mm_noisy,mm,full,fidelity,True,True,16,iid,0.1,2,s053,8,14.250000000000002,5.923913043478259,10.0,40.0,56,46,44,2,6,0,0.88,16.0,47,1,47,0,0,4096,256,16,1,1,64.75,2,4.0
static_noisy,static,none,fidelity,True,True,16,iid,0.1,0,s054,2,13.5,9.184782608695654,2.0,81.0,56,0,0,0,6,0,0.0,29.0,0,0,0,0,0,7424,256,50,0,50,81.5,0,
static_noisy,static,none,fidelity,True,True,16,iid,0.1,0,s054,3,18.500000000000004,1.25,0.0,84.5,56,0,0,0,6,0,0.0,29.0,0,0,0,0,0,7424,256,50,0,50,137.5,0,
static_noisy,static,none,fidelity,True,True,16,iid,0.1,0,s054,4,32.49999999999999,19.945652173913043,2.0,89.0,56,0,0,0,6,0,0.0,29.0,0,0,0,0,0,7424,256,50,0,50,193.5,0,
static_noisy,static,none,fidelity,True,True,16,iid,0.1,0,s054,5,40.5,30.217391304347828,2.0,89.5,56,0,0,0,6,0,0.0,29.0,0,0,0,0,0,7424,256,50,0,50,249.5,0,
static_noisy,static,none,fidelity,True,True,16,iid,0.1,0,s054,6,26.0,23.20652173913043,4.0,90.0,56,0,0,0,6,0,0.0,29.0,0,0,0,0,0,7424,256,50,0,50,305.5,0,
static_noisy,static,none,fidelity,True,True,16,iid,0.1,0,s054,7,46.0,37.391304347826086,0.0,87.5,56,0,0,0,6,0,0.0,29.0,0,0,0,0,0,7424,256,50,0,50,361.5,0,
static_noisy,static,none,fidelity,True,True,16,iid,0.1,0,s054,8,56.00000000000001,66.19565217391305,4.0,89.0,56,0,0,0,6,0,0.0,29.0,0,0,0,0,0,7424,256,50,0,50,417.5,0,20.0
static_noisy,static,none,fidelity,True,True,16,iid,0.1,1,s054,2,14.250000000000002,3.58695652173913,2.0,85.5,56,0,0,0,6,0,0.0,29.0,0,0,0,0,0,7424,256,50,0,50,81.5,0,
static_noisy,static,none,fidelity,True,True,16,iid,0.1,1,s054,3,19.25,0.0,0.0,85.0,56,0,0,0,6,0,0.0,29.0,0,0,0,0,0,7424,256,50,0,50,137.5,0,
static_noisy,static,none,fidelity,True,True,16,iid,0.1,1,s054,4,28.25,17.445652173913043,2.0,82.0,56,0,0,0,6,0,0.0,29.0,0,0,0,0,0,7424,256,50,0,50,193.5,0,
static_noisy,static,none,fidelity,True,True,16,iid,0.1,1,s054,5,38.5,31.467391304347824,2.0,90.5,56,0,0,0,6,0,0.0,29.0,0,0,0,0,0,7424,256,50,0,50,249.5,0,
static_noisy,static,none,fidelity,True,True,16,iid,0.1,1,s054,6,25.0,19.78260869565217,4.0,86.0,56,0,0,0,6,0,0.0,29.0,0,0,0,0,0,7424,256,50,0,50,305.5,0,
static_noisy,static,none,fidelity,True,True,16,iid,0.1,1,s054,7,43.75,39.56521739130434,0.0,89.5,56,0,0,0,6,0,0.0,29.0,0,0,0,0,0,7424,256,50,0,50,361.5,0,
static_noisy,static,none,fidelity,True,True,16,iid,0.1,1,s054,8,53.0,59.34782608695652,4.0,89.0,56,0,0,0,6,0,0.0,29.0,0,0,0,0,0,7424,256,50,0,50,417.5,0,92.0
static_noisy,static,none,fidelity,True,True,16,iid,0.1,2,s054,2,13.5,3.58695652173913,2.0,88.0,56,0,0,0,6,0,0.0,28.0,0,0,0,0,0,7168,256,50,0,50,81.5,0,
static_noisy,static,none,fidelity,True,True,16,iid,0.1,2,s054,3,17.750000000000004,1.0869565217391297,0.0,88.5,56,0,0,0,6,0,0.0,28.0,0,0,0,0,0,7168,256,50,0,50,137.5,0,
static_noisy,static,none,fidelity,True,True,16,iid,0.1,2,s054,4,31.75,24.456521739130437,2.0,86.5,56,0,0,0,6,0,0.0,28.0,0,0,0,0,0,7168,256,50,0,50,193.5,0,
static_noisy,static,none,fidelity,True,True,16,iid,0.1,2,s054,5,42.00000000000001,36.141304347826086,2.0,89.5,56,0,0,0,6,0,0.0,28.0,0,0,0,0,0,7168,256,50,0,50,249.5,0,
static_noisy,static,none,fidelity,True,True,16,iid,0.1,2,s054,6,27.500000000000004,20.869565217391305,4.0,90.0,56,0,0,0,6,0,0.0,28.0,0,0,0,0,0,7168,256,50,0,50,305.5,0,
static_noisy,static,none,fidelity,True,True,16,iid,0.1,2,s054,7,46.0,41.90217391304347,0.0,90.5,56,0,0,0,6,0,0.0,28.0,0,0,0,0,0,7168,256,50,0,50,361.5,0,
static_noisy,static,none,fidelity,True,True,16,iid,0.1,2,s054,8,54.50000000000001,55.92391304347826,2.0,88.5,56,0,0,0,6,0,0.0,28.0,0,0,0,0,0,7168,256,50,0,50,417.5,0,98.0
window_noisy,window,none,fidelity,True,True,16,iid,0.1,0,s054,2,17.0,1.25,6.0,54.50000000000001,56,48,47,1,6,0,0.94,9.4140625,0,0,0,0,0,2410,256,16,0,0,9.9375,0,
window_noisy,window,none,fidelity,True,True,16,iid,0.1,0,s054,3,16.500000000000004,2.5,6.0,50.0,56,50,47,3,6,0,0.94,9.61328125,0,0,0,0,0,2461,256,16,0,0,8.375,0,
window_noisy,window,none,fidelity,True,True,16,iid,0.1,0,s054,4,25.75,17.445652173913043,8.0,68.5,56,49,46,3,6,0,0.92,12.8671875,0,0,0,0,0,3294,256,16,0,0,8.75,0,
window_noisy,window,none,fidelity,True,True,16,iid,0.1,0,s054,5,22.75,16.195652173913043,16.0,51.0,56,44,42,2,6,0,0.84,10.59375,0,0,0,0,0,2712,256,16,0,0,10.375,0,
window_noisy,window,none,fidelity,True,True,16,iid,0.1,0,s054,6,20.5,7.01086956521739,12.0,64.0,56,46,44,2,6,0,0.88,10.05078125,0,0,0,0,0,2573,256,16,0,0,11.0625,0,
window_noisy,window,none,fidelity,True,True,16,iid,0.1,0,s054,7,15.500000000000004,4.67391304347826,10.0,57.99999999999999,56,49,45,4,6,0,0.9,10.35546875,0,0,0,0,0,2651,256,16,0,0,8.125,2,
window_noisy,window,none,fidelity,True,True,16,iid,0.1,0,s054,8,12.25,0.0,0.0,47.0,56,53,50,3,6,0,1.0,9.015625,0,0,0,0,0,2308,256,16,0,0,7.5625,0,54.0
window_noisy,window,none,fidelity,True,True,16,iid,0.1,1,s054,2,14.250000000000002,4.67391304347826,6.0,56.99999999999999,56,49,47,2,6,0,0.94,10.05859375,0,0,0,0,0,2575,256,16,0,0,8.1875,0,
window_noisy,window,none,fidelity,True,True,16,iid,0.1,1,s054,3,14.000000000000002,1.25,6.0,44.0,56,50,47,3,6,0,0.94,9.67578125,0,0,0,0,0,2477,256,16,0,0,8.375,2,
window_noisy,window,none,fidelity,True,True,16,iid,0.1,1,s054,4,25.25,11.684782608695654,8.0,59.5,56,52,46,6,6,0,0.92,12.75390625,0,0,0,0,0,3265,256,16,0,0,8.4375,1,
window_noisy,window,none,fidelity,True,True,16,iid,0.1,1,s054,5,25.5,12.771739130434783,18.0,53.0,56,41,41,0,6,0,0.82,10.00390625,0,0,0,0,0,2561,256,16,0,0,9.6875,0,
window_noisy,window,none,fidelity,True,True,16,iid,0.1,1,s054,6,20.25,9.347826086956523,12.0,51.0,56,46,44,2,6,0,0.88,9.97265625,0,0,0,0,0,2553,256,16,0,0,12.6875,1,
window_noisy,window,none,fidelity,True,True,16,iid,0.1,1,s054,7,20.25,4.67391304347826,10.0,62.5,56,50,45,5,6,0,0.9,10.48828125,0,0,0,0,0,2685,256,16,0,0,7.5625,2,
window_noisy,window,none,fidelity,True,True,16,iid,0.1,1,s054,8,14.500000000000002,2.5,0.0,45.5,56,53,50,3,6,0,1.0,8.6796875,0,0,0,0,0,2222,256,16,0,0,7.5,3,42.0
window_noisy,window,none,fidelity,True,True,16,iid,0.1,2,s054,2,16.250000000000004,4.67391304347826,6.0,47.0,56,51,47,4,6,0,0.94,10.26953125,0,0,0,0,0,2629,256,16,0,0,9.125,0,
window_noisy,window,none,fidelity,True,True,16,iid,0.1,2,s054,3,18.500000000000004,7.01086956521739,6.0,45.5,56,49,47,2,6,0,0.94,9.703125,0,0,0,0,0,2484,256,16,0,0,8.1875,1,
window_noisy,window,none,fidelity,True,True,16,iid,0.1,2,s054,4,21.5,8.097826086956525,8.0,53.0,56,50,46,4,6,0,0.92,12.0546875,0,0,0,0,0,3086,256,16,0,0,8.3125,1,
window_noisy,window,none,fidelity,True,True,16,iid,0.1,2,s054,5,29.25,19.78260869565217,18.0,51.5,56,43,41,2,6,0,0.82,10.21875,0,0,0,0,0,2616,256,16,0,0,10.1875,0,
window_noisy,window,none,fidelity,True,True,16,iid,0.1,2,s054,6,24.25,15.271739130434783,18.0,60.0,56,43,41,2,6,0,0.82,10.19140625,0,0,0,0,0,2609,256,16,0,0,11.75,0,
window_noisy,window,none,fidelity,True,True,16,iid,0.1,2,s054,7,26.25,10.271739130434783,18.0,54.0,56,43,41,2,6,0,0.82,10.3125,0,0,0,0,0,2640,256,16,0,0,8.25,1,
window_noisy,window,none,fidelity,True,True,16,iid,0.1,2,s054,8,12.5,7.01086956521739,0.0,48.0,56,52,50,2,6,0,1.0,8.72265625,0,0,0,0,0,2233,256,16,0,0,8.3125,2,32.0
aeqkad_noisy,window,full,fidelity,True,True,16,iid,0.1,0,s054,2,14.000000000000002,0.0,6.0,49.5,56,47,47,0,6,0,0.94,9.2578125,48,1,0,0,0,2370,256,16,0,0,9.9375,0,
aeqkad_noisy,window,full,fidelity,True,True,16,iid,0.1,0,s054,3,14.500000000000002,1.0869565217391297,6.0,43.5,56,45,43,2,6,0,0.86,9.12890625,50,5,0,0,0,2337,256,16,0,0,10.3125,0,
aeqkad_noisy,window,full,fidelity,True,True,16,iid,0.1,0,s054,4,28.500000000000004,15.108695652173914,10.0,63.5,56,44,42,2,6,0,0.84,11.7578125,48,4,0,0,0,3010,256,16,0,0,8.75,0,
aeqkad_noisy,window,full,fidelity,True,True,16,iid,0.1,0,s054,5,32.0,28.967391304347828,26.0,37.5,56,27,26,1,6,0,0.52,9.43359375,39,12,0,0,0,2415,256,16,0,0,12.25,0,
aeqkad_noisy,window,full,fidelity,True,True,16,iid,0.1,0,s054,6,39.75,31.304347826086957,22.0,54.0,56,26,26,0,6,0,0.52,9.5,41,15,0,0,0,2432,256,16,0,0,11.0625,0,
aeqkad_noisy,window,full,fidelity,True,True,16,iid,0.1,0,s054,7,42.25,32.065217391304344,22.0,57.99999999999999,56,31,28,3,6,0,0.56,10.82421875,44,13,0,0,0,2771,256,16,0,0,8.375,1,
aeqkad_noisy,window,full,fidelity,True,True,16,iid,0.1,0,s054,8,11.75,2.33695652173913,0.0,39.0,56,48,47,1,6,0,0.94,8.32421875,53,5,0,0,0,2131,256,16,0,0,8.3125,0,52.0
aeqkad_noisy,window,full,fidelity,True,True,16,iid,0.1,1,s054,2,14.500000000000002,2.33695652173913,6.0,56.49999999999999,56,48,47,1,6,0,0.94,9.78515625,49,1,39,0,0,2505,256,16,0,0,8.1875,0,
aeqkad_noisy,window,full,fidelity,True,True,16,iid,0.1,1,s054,3,15.250000000000002,2.33695652173913,6.0,42.0,56,46,44,2,6,0,0.88,9.1171875,50,4,30,0,0,2334,256,16,0,0,10.375,1,
aeqkad_noisy,window,full,fidelity,True,True,16,iid,0.1,1,s054,4,28.500000000000004,11.684782608695654,8.0,56.49999999999999,56,47,44,3,6,0,0.88,11.96875,50,3,26,0,0,3064,256,16,0,0,8.4375,1,
aeqkad_noisy,window,full,fidelity,True,True,16,iid,0.1,1,s054,5,26.0,15.108695652173914,18.0,44.0,56,38,38,0,6,0,0.76,10.1171875,41,3,20,0,0,2590,256,16,0,0,11.5,0,
aeqkad_noisy,window,full,fidelity,True,True,16,iid,0.1,1,s054,6,22.25,14.021739130434783,18.0,51.0,56,43,41,2,6,0,0.82,9.86328125,43,0,24,0,0,2525,256,16,0,0,12.6875,1,
aeqkad_noisy,window,full,fidelity,True,True,16,iid,0.1,1,s054,7,23.0,19.78260869565217,16.0,60.5,56,41,39,2,6,0,0.78,10.30078125,47,6,26,0,0,2637,256,16,0,0,8.875,0,
aeqkad_noisy,window,full,fidelity,True,True,16,iid,0.1,1,s054,8,12.25,2.5,0.0,44.5,56,50,48,2,6,0,0.96,8.26953125,52,2,31,0,0,2117,256,16,0,0,8.25,2,30.0
aeqkad_noisy,window,full,fidelity,True,True,16,iid,0.1,2,s054,2,14.250000000000002,4.67391304347826,6.0,46.5,56,48,47,1,6,0,0.94,9.3984375,50,2,8,0,0,2406,256,16,0,0,9.125,0,
aeqkad_noisy,window,full,fidelity,True,True,16,iid,0.1,2,s054,3,19.75,8.260869565217389,6.0,44.0,56,45,44,1,6,0,0.88,9.4296875,49,4,2,0,0,2414,256,16,0,0,9.75,0,
aeqkad_noisy,window,full,fidelity,True,True,16,iid,0.1,2,s054,4,26.5,13.858695652173914,8.0,49.0,56,46,43,3,6,0,0.86,11.125,50,4,6,0,0,2848,256,16,0,0,8.3125,1,
aeqkad_noisy,window,full,fidelity,True,True,16,iid,0.1,2,s054,5,39.75,31.467391304347824,26.0,50.0,56,27,26,1,6,0,0.52,10.34765625,40,13,1,0,0,2649,256,16,0,0,12.25,0,
aeqkad_noisy,window,full,fidelity,True,True,16,iid,0.1,2,s054,6,33.25,24.293478260869566,24.0,49.5,56,32,32,0,6,0,0.64,10.1015625,39,7,1,0,0,2586,256,16,0,0,11.75,0,
aeqkad_noisy,window,full,fidelity,True,True,16,iid,0.1,2,s054,7,38.25,42.06521739130434,32.0,52.5,56,29,28,1,6,0,0.56,10.4375,37,8,0,0,0,2672,256,16,0,0,9.25,0,
aeqkad_noisy,window,full,fidelity,True,True,16,iid,0.1,2,s054,8,15.000000000000002,7.01086956521739,0.0,44.0,56,48,47,1,6,0,0.94,8.18359375,51,3,0,0,0,2095,256,16,0,0,9.5625,1,30.0
mm_noisy,mm,full,fidelity,True,True,16,iid,0.1,0,s054,2,18.250000000000004,5.0,2.0,88.0,56,50,48,2,6,0,0.96,16.0,54,4,0,0,0,4096,256,16,1,16,93.125,0,
mm_noisy,mm,full,fidelity,True,True,16,iid,0.1,0,s054,3,14.500000000000002,7.01086956521739,2.0,54.0,56,48,45,3,6,0,0.9,13.18359375,53,5,0,0,0,3375,256,16,1,1,33.5,3,
mm_noisy,mm,full,fidelity,True,True,16,iid,0.1,0,s054,4,29.000000000000004,25.543478260869566,4.0,78.0,56,46,43,3,6,0,0.86,15.5078125,52,6,0,0,0,3970,256,16,1,1,49.5,3,
mm_noisy,mm,full,fidelity,True,True,16,iid,0.1,0,s054,5,20.5,8.097826086956525,2.0,78.5,56,49,46,3,6,0,0.92,15.703125,53,4,0,0,0,4020,256,16,1,1,58.0,3,
mm_noisy,mm,full,fidelity,True,True,16,iid,0.1,0,s054,6,24.0,7.01086956521739,6.0,82.0,56,47,46,1,6,0,0.92,15.59765625,51,4,0,0,0,3993,256,16,1,1,57.6875,1,
mm_noisy,mm,full,fidelity,True,True,16,iid,0.1,0,s054,7,22.25,11.521739130434783,4.0,88.5,56,51,47,4,6,0,0.94,15.35546875,54,3,0,0,0,3931,256,16,1,1,60.8125,2,
mm_noisy,mm,full,fidelity,True,True,16,iid,0.1,0,s054,8,15.000000000000002,6.847826086956524,0.0,75.5,56,51,49,2,6,0,0.98,14.703125,55,4,0,0,0,3764,256,16,1,1,58.4375,3,57.99999999999999
mm_noisy,mm,full,fidelity,True,True,16,iid,0.1,1,s054,2,19.5,8.260869565217389,2.0,89.5,56,49,48,1,6,0,0.96,16.0,53,4,41,0,0,4096,256,16,1,16,93.125,0,
mm_noisy,mm,full,fidelity,True,True,16,iid,0.1,1,s054,3,15.750000000000004,4.510869565217389,2.0,61.0,56,48,46,2,6,0,0.92,13.03515625,52,4,38,0,0,3337,256,16,1,1,37.5,2,
mm_noisy,mm,full,fidelity,True,True,16,iid,0.1,1,s054,4,28.75,24.293478260869566,4.0,71.5,56,50,46,4,6,0,0.92,15.64453125,52,2,33,0,0,4005,256,16,1,1,52.25,2,
mm_noisy,mm,full,fidelity,True,True,16,iid,0.1,1,s054,5,22.0,10.434782608695654,2.0,80.0,56,48,47,1,6,0,0.94,15.90234375,51,3,34,0,0,4071,256,16,1,1,55.25,0,
mm_noisy,mm,full,fidelity,True,True,16,iid,0.1,1,s054,6,17.75,2.5,8.0,77.0,56,50,46,4,6,0,0.92,15.87890625,51,1,37,0,0,4065,256,16,1,1,58.8125,3,
mm_noisy,mm,full,fidelity,True,True,16,iid,0.1,1,s054,7,19.5,10.597826086956523,4.0,85.0,56,52,47,5,6,0,0.94,15.90234375,54,2,46,0,0,4071,256,16,1,1,64.9375,6,
mm_noisy,mm,full,fidelity,True,True,16,iid,0.1,1,s054,8,20.25,12.771739130434783,0.0,81.5,56,54,50,4,6,0,1.0,14.5546875,55,1,47,0,0,3726,256,16,1,1,46.0,3,54.0
mm_noisy,mm,full,fidelity,True,True,16,iid,0.1,2,s054,2,22.25,10.434782608695654,2.0,81.5,56,52,48,4,6,0,0.96,16.0,54,2,4,0,0,4096,256,16,1,12,72.1875,2,
mm_noisy,mm,full,fidelity,True,True,16,iid,0.1,2,s054,3,19.25,12.771739130434783,2.0,74.0,56,48,44,4,6,0,0.88,14.4921875,53,5,12,0,0,3710,256,16,1,1,41.9375,5,
mm_noisy,mm,full,fidelity,True,True,16,iid,0.1,2,s054,4,36.0,27.8804347826087,4.0,74.0,56,46,43,3,6,0,0.86,15.83984375,52,6,11,0,0,4055,256,16,1,1,51.125,1,
mm_noisy,mm,full,fidelity,True,True,16,iid,0.1,2,s054,5,25.5,15.108695652173914,2.0,79.5,56,49,46,3,6,0,0.92,15.73046875,55,6,15,0,0,4027,256,16,1,1,53.75,2,
mm_noisy,mm,full,fidelity,True,True,16,iid,0.1,2,s054,6,18.500000000000004,12.771739130434783,6.0,78.5,56,49,45,4,6,0,0.9,15.875,51,2,4,0,0,4064,256,16,1,1,55.125,3,
mm_noisy,mm,full,fidelity,True,True,16,iid,0.1,2,s054,7,16.75,4.67391304347826,4.0,84.5,56,51,47,4,6,0,0.94,15.734375,54,3,11,0,0,4028,256,16,1,1,69.75,4,
mm_noisy,mm,full,fidelity,True,True,16,iid,0.1,2,s054,8,19.25,13.858695652173914,0.0,69.5,56,49,48,1,6,0,0.96,14.15234375,53,4,4,0,0,3623,256,16,1,1,57.0625,2,88.0
static_noisy,static,none,fidelity,True,True,16,iid,0.1,0,s055,2,11.249999999999998,2.33695652173913,2.0,82.0,56,0,0,0,6,0,0.0,39.0,0,0,0,0,0,9984,256,50,0,50,81.5,0,
static_noisy,static,none,fidelity,True,True,16,iid,0.1,0,s055,3,14.500000000000002,4.67391304347826,2.0,82.0,56,0,0,0,6,0,0.0,39.0,0,0,0,0,0,9984,256,50,0,50,137.5,0,
static_noisy,static,none,fidelity,True,True,16,iid,0.1,0,s055,4,13.750000000000002,7.01086956521739,6.0,82.0,56,0,0,0,6,0,0.0,39.0,0,0,0,0,0,9984,256,50,0,50,193.5,0,
static_noisy,static,none,fidelity,True,True,16,iid,0.1,0,s055,5,15.000000000000002,9.184782608695654,0.0,84.5,56,0,0,0,6,0,0.0,39.0,0,0,0,0,0,9984,256,50,0,50,249.5,0,
static_noisy,static,none,fidelity,True,True,16,iid,0.1,0,s055,6,18.000000000000004,8.260869565217389,0.0,87.0,56,0,0,0,6,0,0.0,39.0,0,0,0,0,0,9984,256,50,0,50,305.5,0,
static_noisy,static,none,fidelity,True,True,16,iid,0.1,0,s055,7,14.250000000000002,2.5,2.0,85.0,56,0,0,0,6,0,0.0,39.0,0,0,0,0,0,9984,256,50,0,50,361.5,0,
static_noisy,static,none,fidelity,True,True,16,iid,0.1,0,s055,8,37.5,36.141304347826086,8.0,91.0,56,0,0,0,6,0,0.0,39.0,0,0,0,0,0,9984,256,50,0,50,417.5,0,90.0
static_noisy,static,none,fidelity,True,True,16,iid,0.1,1,s055,2,11.249999999999998,4.67391304347826,4.0,68.5,56,0,0,0,6,0,0.0,40.0,0,0,0,0,0,10240,256,50,0,50,81.5,0,
static_noisy,static,none,fidelity,True,True,16,iid,0.1,1,s055,3,15.750000000000004,3.423913043478259,2.0,67.5,56,0,0,0,6,0,0.0,40.0,0,0,0,0,0,10240,256,50,0,50,137.5,0,
static_noisy,static,none,fidelity,True,True,16,iid,0.1,1,s055,4,15.750000000000004,7.01086956521739,8.0,63.0,56,0,0,0,6,0,0.0,40.0,0,0,0,0,0,10240,256,50,0,50,193.5,0,
static_noisy,static,none,fidelity,True,True,16,iid,0.1,1,s055,5,14.000000000000002,13.695652173913045,0.0,67.0,56,0,0,0,6,0,0.0,40.0,0,0,0,0,0,10240,256,50,0,50,249.5,0,
static_noisy,static,none,fidelity,True,True,16,iid,0.1,1,s055,6,15.750000000000004,14.021739130434783,0.0,71.0,56,0,0,0,6,0,0.0,40.0,0,0,0,0,0,10240,256,50,0,50,305.5,0,
static_noisy,static,none,fidelity,True,True,16,iid,0.1,1,s055,7,14.500000000000002,3.58695652173913,2.0,70.5,56,0,0,0,6,0,0.0,40.0,0,0,0,0,0,10240,256,50,0,50,361.5,0,
static_noisy,static,none,fidelity,True,True,16,iid,0.1,1,s055,8,37.5,19.945652173913043,20.0,65.5,56,0,0,0,6,0,0.0,40.0,0,0,0,0,0,10240,256,50,0,50,417.5,0,92.0
static_noisy,static,none,fidelity,True,True,16,iid,0.1,2,s055,2,11.75,2.33695652173913,2.0,73.0,56,0,0,0,6,0,0.0,39.0,0,0,0,0,0,9984,256,50,0,50,81.5,0,
static_noisy,static,none,fidelity,True,True,16,iid,0.1,2,s055,3,15.000000000000002,3.423913043478259,2.0,69.0,56,0,0,0,6,0,0.0,39.0,0,0,0,0,0,9984,256,50,0,50,137.5,0,
static_noisy,static,none,fidelity,True,True,16,iid,0.1,2,s055,4,14.500000000000002,5.760869565217389,8.0,75.5,56,0,0,0,6,0,0.0,39.0,0,0,0,0,0,9984,256,50,0,50,193.5,0,
static_noisy,static,none,fidelity,True,True,16,iid,0.1,2,s055,5,16.500000000000004,7.01086956521739,0.0,73.0,56,0,0,0,6,0,0.0,39.0,0,0,0,0,0,9984,256,50,0,50,249.5,0,
static_noisy,static,none,fidelity,True,True,16,iid,0.1,2,s055,6,18.750000000000004,14.021739130434783,0.0,79.0,56,0,0,0,6,0,0.0,39.0,0,0,0,0,0,9984,256,50,0,50,305.5,0,
static_noisy,static,none,fidelity,True,True,16,iid,0.1,2,s055,7,14.250000000000002,3.58695652173913,2.0,76.5,56,0,0,0,6,0,0.0,39.0,0,0,0,0,0,9984,256,50,0,50,361.5,0,
static_noisy,static,none,fidelity,True,True,16,iid,0.1,2,s055,8,38.0,27.8804347826087,14.000000000000002,77.0,56,0,0,0,6,0,0.0,39.0,0,0,0,0,0,9984,256,50,0,50,417.5,0,62.0
window_noisy,window,none,fidelity,True,True,16,iid,0.1,0,s055,2,10.499999999999998,3.423913043478259,4.0,32.5,56,50,48,2,6,0,0.96,13.390625,0,0,0,0,0,3428,256,16,0,0,8.25,0,
window_noisy,window,none,fidelity,True,True,16,iid,0.1,0,s055,3,8.249999999999998,5.923913043478259,10.0,18.5,56,47,45,2,6,0,0.9,12.7578125,0,0,0,0,0,3266,256,16,0,0,8.375,1,
window_noisy,window,none,fidelity,True,True,16,iid,0.1,0,s055,4,13.750000000000002,1.25,10.0,29.5,56,47,45,2,6,0,0.9,12.75,0,0,0,0,0,3264,256,16,0,0,9.9375,0,
window_noisy,window,none,fidelity,True,True,16,iid,0.1,0,s055,5,6.749999999999997,0.0,4.0,27.0,56,48,48,0,6,0,0.96,11.99609375,0,0,0,0,0,3071,256,16,0,0,9.0625,0,
window_noisy,window,none,fidelity,True,True,16,iid,0.1,0,s055,6,7.499999999999998,2.33695652173913,0.0,28.000000000000004,56,50,50,0,6,0,1.0,12.78125,0,0,0,0,0,3272,256,16,0,0,7.5,0,
window_noisy,window,none,fidelity,True,True,16,iid,0.1,0,s055,7,7.500000000000003,0.0,4.0,24.0,56,49,48,1,6,0,0.96,11.63671875,0,0,0,0,0,2979,256,16,0,0,9.0625,0,
window_noisy,window,none,fidelity,True,True,16,iid,0.1,0,s055,8,14.000000000000002,0.0,14.000000000000002,19.0,56,44,43,1,6,0,0.86,13.13671875,0,0,0,0,0,3363,256,16,0,0,8.8125,1,14.000000000000002
window_noisy,window,none,fidelity,True,True,16,iid,0.1,1,s055,2,16.000000000000004,2.33695652173913,4.0,39.5,56,51,48,3,6,0,0.96,13.61328125,0,0,0,0,0,3485,256,16,0,0,8.5,1,
window_noisy,window,none,fidelity,True,True,16,iid,0.1,1,s055,3,8.5,4.67391304347826,8.0,25.0,56,47,46,1,6,0,0.92,12.8984375,0,0,0,0,0,3302,256,16,0,0,8.125,0,
window_noisy,window,none,fidelity,True,True,16,iid,0.1,1,s055,4,12.25,0.0,10.0,32.5,56,46,45,1,6,0,0.9,12.6015625,0,0,0,0,0,3226,256,16,0,0,10.0625,1,
window_noisy,window,none,fidelity,True,True,16,iid,0.1,1,s055,5,7.999999999999999,2.33695652173913,2.0,19.5,56,51,49,2,6,0,0.98,12.55859375,0,0,0,0,0,3215,256,16,0,0,8.0,0,
window_noisy,window,none,fidelity,True,True,16,iid,0.1,1,s055,6,7.999999999999999,0.0,0.0,33.0,56,52,50,2,6,0,1.0,12.9765625,0,0,0,0,0,3322,256,16,0,0,7.875,1,
window_noisy,window,none,fidelity,True,True,16,iid,0.1,1,s055,7,3.750000000000002,0.0,4.0,25.0,56,51,48,3,6,0,0.96,11.96484375,0,0,0,0,0,3063,256,16,0,0,7.875,0,
window_noisy,window,none,fidelity,True,True,16,iid,0.1,1,s055,8,14.500000000000002,0.0,12.0,18.5,56,44,44,0,6,0,0.88,13.18359375,0,0,0,0,0,3375,256,16,0,0,8.625,0,42.0
window_noisy,window,none,fidelity,True,True,16,iid,0.1,2,s055,2,11.75,2.33695652173913,4.0,37.0,56,52,48,4,6,0,0.96,13.4296875,0,0,0,0,0,3438,256,16,0,0,8.1875,0,
window_noisy,window,none,fidelity,True,True,16,iid,0.1,2,s055,3,7.499999999999998,3.423913043478259,10.0,19.0,56,46,45,1,6,0,0.9,12.80859375,0,0,0,0,0,3279,256,16,0,0,7.6875,0,
window_noisy,window,none,fidelity,True,True,16,iid,0.1,2,s055,4,9.749999999999998,0.0,10.0,23.0,56,46,45,1,6,0,0.9,12.48046875,0,0,0,0,0,3195,256,16,0,0,10.3125,0,
window_noisy,window,none,fidelity,True,True,16,iid,0.1,2,s055,5,7.499999999999998,0.0,4.0,19.0,56,48,48,0,6,0,0.96,12.28125,0,0,0,0,0,3144,256,16,0,0,8.25,0,
window_noisy,window,none,fidelity,True,True,16,iid,0.1,2,s055,6,6.749999999999997,1.25,0.0,31.0,56,52,50,2,6,0,1.0,13.00390625,0,0,0,0,0,3329,256,16,0,0,8.1875,0,
window_noisy,window,none,fidelity,True,True,16,iid,0.1,2,s055,7,8.250000000000002,0.0,4.0,21.5,56,50,48,2,6,0,0.96,11.4453125,0,0,0,0,0,2930,256,16,0,0,8.8125,0,
window_noisy,window,none,fidelity,True,True,16,iid,0.1,2,s055,8,13.0,0.0,14.000000000000002,19.5,56,43,43,0,6,0,0.86,12.703125,0,0,0,0,0,3252,256,16,0,0,7.6875,0,28.000000000000004
aeqkad_noisy,window,full,fidelity,True,True,16,iid,0.1,0,s055,2,12.0,2.33695652173913,4.0,31.5,56,43,43,0,6,0,0.86,13.0,51,7,19,0,1,3328,256,16,0,0,8.25,0,
aeqkad_noisy,window,full,fidelity,True,True,16,iid,0.1,0,s055,3,12.249999999999998,4.67391304347826,8.0,17.0,56,46,45,1,6,0,0.9,12.61328125,48,2,14,0,0,3229,256,16,0,0,9.0,0,
aeqkad_noisy,window,full,fidelity,True,True,16,iid,0.1,0,s055,4,11.75,2.33695652173913,14.000000000000002,25.5,56,38,38,0,6,0,0.76,12.234375,44,5,14,0,1,3132,256,16,0,0,12.25,0,
aeqkad_noisy,window,full,fidelity,True,True,16,iid,0.1,0,s055,5,5.750000000000003,0.0,4.0,23.0,56,44,44,0,6,0,0.88,11.4921875,48,4,12,0,0,2942,256,16,0,0,11.6875,0,
aeqkad_noisy,window,full,fidelity,True,True,16,iid,0.1,0,s055,6,6.000000000000003,0.0,0.0,27.0,56,47,47,0,6,0,0.94,12.42578125,50,3,19,0,0,3181,256,16,0,0,8.375,0,
aeqkad_noisy,window,full,fidelity,True,True,16,iid,0.1,0,s055,7,7.000000000000004,0.0,4.0,19.5,56,47,47,0,6,0,0.94,11.13671875,49,2,17,0,0,2851,256,16,0,0,9.0625,0,
aeqkad_noisy,window,full,fidelity,True,True,16,iid,0.1,0,s055,8,14.250000000000002,0.0,16.0,14.000000000000002,56,37,37,0,6,0,0.74,12.4921875,44,6,11,0,1,3198,256,16,0,0,13.25,0,0.0
aeqkad_noisy,window,full,fidelity,True,True,16,iid,0.1,1,s055,2,15.750000000000004,2.5,4.0,35.0,56,41,41,0,6,0,0.82,12.5859375,50,9,0,0,0,3222,256,16,0,0,8.8125,0,
aeqkad_noisy,window,full,fidelity,True,True,16,iid,0.1,1,s055,3,16.000000000000004,0.0,10.0,20.0,56,39,39,0,6,0,0.78,11.6328125,45,6,0,0,0,2978,256,16,0,0,8.125,0,
aeqkad_noisy,window,full,fidelity,True,True,16,iid,0.1,1,s055,4,11.75,2.33695652173913,14.000000000000002,26.5,56,36,36,0,6,0,0.72,11.4921875,44,7,0,0,1,2942,256,16,0,0,12.75,0,
aeqkad_noisy,window,full,fidelity,True,True,16,iid,0.1,1,s055,5,10.0,0.0,6.0,15.5,56,42,41,1,6,0,0.82,11.3359375,48,6,0,0,0,2902,256,16,0,0,12.5,0,
aeqkad_noisy,window,full,fidelity,True,True,16,iid,0.1,1,s055,6,6.250000000000003,0.0,0.0,25.0,56,46,46,0,6,0,0.92,12.06640625,52,6,0,0,0,3089,256,16,0,0,9.0,0,
aeqkad_noisy,window,full,fidelity,True,True,16,iid,0.1,1,s055,7,7.500000000000003,0.0,4.0,25.5,56,47,47,0,6,0,0.94,11.3828125,49,2,0,0,0,2914,256,16,0,0,7.875,0,
aeqkad_noisy,window,full,fidelity,True,True,16,iid,0.1,1,s055,8,18.250000000000004,2.33695652173913,20.0,16.5,56,35,35,0,6,0,0.7,11.99609375,40,5,0,0,0,3071,256,16,0,0,12.875,0,24.0
aeqkad_noisy,window,full,fidelity,True,True,16,iid,0.1,2,s055,2,12.0,2.33695652173913,4.0,32.0,56,45,43,2,6,0,0.86,13.2890625,51,6,37,0,0,3402,256,16,0,0,8.1875,0,
aeqkad_noisy,window,full,fidelity,True,True,16,iid,0.1,2,s055,3,6.999999999999999,3.423913043478259,10.0,18.0,56,45,45,0,6,0,0.9,12.6953125,46,1,28,0,0,3250,256,16,0,0,7.6875,0,
aeqkad_noisy,window,full,fidelity,True,True,16,iid,0.1,2,s055,4,12.25,0.0,14.000000000000002,19.5,56,38,38,0,6,0,0.76,11.71484375,44,4,29,0,2,2999,256,16,0,0,12.5,0,
aeqkad_noisy,window,full,fidelity,True,True,16,iid,0.1,2,s055,5,7.249999999999998,0.0,6.0,18.5,56,45,45,0,6,0,0.9,11.65234375,47,2,34,0,0,2983,256,16,0,0,10.25,0,
aeqkad_noisy,window,full,fidelity,True,True,16,iid,0.1,2,s055,6,5.250000000000003,0.0,0.0,24.0,56,47,47,0,6,0,0.94,12.671875,52,5,34,0,0,3244,256,16,0,0,9.125,0,
aeqkad_noisy,window,full,fidelity,True,True,16,iid,0.1,2,s055,7,3.2500000000000027,0.0,4.0,20.5,56,47,47,0,6,0,0.94,11.14453125,50,3,37,0,0,2853,256,16,0,0,8.8125,0,
aeqkad_noisy,window,full,fidelity,True,True,16,iid,0.1,2,s055,8,16.250000000000004,1.0869565217391297,16.0,16.5,56,37,37,0,6,0,0.74,12.35546875,42,5,20,0,0,3163,256,16,0,0,11.5,0,12.0
mm_noisy,mm,full,fidelity,True,True,16,iid,0.1,0,s055,2,14.500000000000002,7.01086956521739,4.0,67.0,56,44,44,0,6,0,0.88,16.0,53,9,25,0,0,4096,256,16,1,16,85.25,0,
mm_noisy,mm,full,fidelity,True,True,16,iid,0.1,0,s055,3,10.0,1.25,4.0,39.5,56,47,46,1,6,0,0.92,15.87890625,52,5,27,0,0,4065,256,16,1,1,24.875,1,
mm_noisy,mm,full,fidelity,True,True,16,iid,0.1,0,s055,4,16.250000000000004,0.0,10.0,39.5,56,43,42,1,6,0,0.84,15.7734375,48,3,29,0,2,4038,256,16,1,1,55.5,1,
mm_noisy,mm,full,fidelity,True,True,16,iid,0.1,0,s055,5,14.500000000000002,0.0,2.0,47.0,56,45,45,0,6,0,0.9,15.97265625,51,6,37,0,0,4089,256,16,1,1,50.0,1,
mm_noisy,mm,full,fidelity,True,True,16,iid,0.1,0,s055,6,6.000000000000003,0.0,0.0,44.5,56,49,49,0,6,0,0.98,15.94921875,53,4,31,0,0,4083,256,16,1,1,46.6875,0,
mm_noisy,mm,full,fidelity,True,True,16,iid,0.1,0,s055,7,4.000000000000003,0.0,2.0,34.0,56,47,47,0,6,0,0.94,15.5078125,50,2,42,0,1,3970,256,16,1,1,55.75,0,
mm_noisy,mm,full,fidelity,True,True,16,iid,0.1,0,s055,8,22.25,5.923913043478259,14.000000000000002,30.0,56,35,35,0,6,0,0.7,15.3671875,45,9,17,0,1,3934,256,16,1,1,60.25,0,0.0
mm_noisy,mm,full,fidelity,True,True,16,iid,0.1,1,s055,2,12.25,3.58695652173913,4.0,71.5,56,39,38,1,6,0,0.76,16.0,51,12,0,0,0,4096,256,16,1,15,80.8125,0,
mm_noisy,mm,full,fidelity,True,True,16,iid,0.1,1,s055,3,7.249999999999998,0.0,0.0,55.00000000000001,56,45,45,0,6,0,0.9,15.94921875,52,6,0,0,1,4083,256,16,1,1,25.0,0,
mm_noisy,mm,full,fidelity,True,True,16,iid,0.1,1,s055,4,10.75,0.0,10.0,43.5,56,42,41,1,6,0,0.82,15.9453125,46,3,0,0,1,4082,256,16,1,1,47.1875,1,
mm_noisy,mm,full,fidelity,True,True,16,iid,0.1,1,s055,5,10.75,0.0,4.0,42.5,56,44,43,1,6,0,0.86,16.0,54,9,0,0,1,4096,256,16,1,1,70.0625,1,
mm_noisy,mm,full,fidelity,True,True,16,iid,0.1,1,s055,6,2.250000000000001,0.0,0.0,44.0,56,49,49,0,6,0,0.98,15.82421875,53,4,0,0,0,4051,256,16,1,1,44.625,0,
mm_noisy,mm,full,fidelity,True,True,16,iid,0.1,1,s055,7,3.750000000000002,0.0,2.0,38.0,56,46,46,0,6,0,0.92,16.0,54,7,0,0,1,4096,256,16,1,1,68.875,0,
mm_noisy,mm,full,fidelity,True,True,16,iid,0.1,1,s055,8,22.0,2.1739130434782594,12.0,29.0,56,35,35,0,6,0,0.7,15.94921875,44,9,0,0,0,4083,256,16,1,1,58.5,0,32.0
mm_noisy,mm,full,fidelity,True,True,16,iid,0.1,2,s055,2,12.25,2.33695652173913,4.0,65.0,56,47,45,2,6,0,0.9,16.0,52,5,43,0,0,4096,256,16,1,16,86.0,0,
mm_noisy,mm,full,fidelity,True,True,16,iid,0.1,2,s055,3,6.999999999999998,5.923913043478259,4.0,39.0,56,47,47,0,6,0,0.94,15.6015625,50,2,39,0,1,3994,256,16,1,1,25.625,0,
mm_noisy,mm,full,fidelity,True,True,16,iid,0.1,2,s055,4,14.500000000000002,0.0,6.0,37.0,56,42,42,0,6,0,0.84,16.0,51,7,37,0,2,4096,256,16,1,1,61.4375,0,
mm_noisy,mm,full,fidelity,True,True,16,iid,0.1,2,s055,5,11.75,0.0,2.0,36.5,56,48,47,1,6,0,0.94,16.0,50,2,38,0,0,4096,256,16,1,1,52.8125,1,
mm_noisy,mm,full,fidelity,True,True,16,iid,0.1,2,s055,6,6.250000000000003,0.0,0.0,39.5,56,49,49,0,6,0,0.98,15.703125,53,4,45,0,0,4020,256,16,1,1,43.125,0,
mm_noisy,mm,full,fidelity,True,True,16,iid,0.1,2,s055,7,5.500000000000003,0.0,2.0,41.0,56,47,47,0,6,0,0.94,15.953125,52,3,46,0,2,4084,256,16,1,1,59.875,0,
mm_noisy,mm,full,fidelity,True,True,16,iid,0.1,2,s055,8,14.500000000000002,0.0,4.0,40.5,56,42,42,0,6,0,0.84,15.953125,51,8,35,0,1,4084,256,16,1,1,62.4375,0,16.0
static_noisy,static,none,fidelity,True,True,16,iid,0.1,0,s056,2,32.0,22.1195652173913,2.0,88.0,56,0,0,0,6,0,0.0,38.0,0,0,0,0,0,9728,256,50,0,50,81.5,0,
static_noisy,static,none,fidelity,True,True,16,iid,0.1,0,s056,3,24.25,14.021739130434783,0.0,96.5,56,0,0,0,6,0,0.0,38.0,0,0,0,0,0,9728,256,50,0,50,137.5,0,
static_noisy,static,none,fidelity,True,True,16,iid,0.1,0,s056,4,31.75,28.80434782608696,2.0,95.0,56,0,0,0,6,0,0.0,38.0,0,0,0,0,0,9728,256,50,0,50,193.5,0,
static_noisy,static,none,fidelity,True,True,16,iid,0.1,0,s056,5,36.0,31.467391304347824,0.0,98.0,56,0,0,0,6,0,0.0,38.0,0,0,0,0,0,9728,256,50,0,50,249.5,0,
static_noisy,static,none,fidelity,True,True,16,iid,0.1,0,s056,6,27.75,12.771739130434783,0.0,97.5,56,0,0,0,6,0,0.0,38.0,0,0,0,0,0,9728,256,50,0,50,305.5,0,
static_noisy,static,none,fidelity,True,True,16,iid,0.1,0,s056,7,26.5,27.8804347826087,4.0,96.0,56,0,0,0,6,0,0.0,38.0,0,0,0,0,0,9728,256,50,0,50,361.5,0,
static_noisy,static,none,fidelity,True,True,16,iid,0.1,0,s056,8,24.5,17.445652173913043,0.0,96.5,56,0,0,0,6,0,0.0,38.0,0,0,0,0,0,9728,256,50,0,50,417.5,0,98.0
static_noisy,static,none,fidelity,True,True,16,iid,0.1,1,s056,2,31.75,25.543478260869566,2.0,77.5,56,0,0,0,6,0,0.0,38.0,0,0,0,0,0,9728,256,50,0,50,81.5,0,
static_noisy,static,none,fidelity,True,True,16,iid,0.1,1,s056,3,23.5,12.771739130434783,0.0,78.0,56,0,0,0,6,0,0.0,38.0,0,0,0,0,0,9728,256,50,0,50,137.5,0,
static_noisy,static,none,fidelity,True,True,16,iid,0.1,1,s056,4,28.000000000000004,20.869565217391305,6.0,82.0,56,0,0,0,6,0,0.0,38.0,0,0,0,0,0,9728,256,50,0,50,193.5,0,
static_noisy,static,none,fidelity,True,True,16,iid,0.1,1,s056,5,31.75,25.543478260869566,2.0,88.5,56,0,0,0,6,0,0.0,38.0,0,0,0,0,0,9728,256,50,0,50,249.5,0,
static_noisy,static,none,fidelity,True,True,16,iid,0.1,1,s056,6,26.25,10.760869565217387,2.0,86.5,56,0,0,0,6,0,0.0,38.0,0,0,0,0,0,9728,256,50,0,50,305.5,0,
static_noisy,static,none,fidelity,True,True,16,iid,0.1,1,s056,7,31.499999999999996,27.8804347826087,6.0,87.5,56,0,0,0,6,0,0.0,38.0,0,0,0,0,0,9728,256,50,0,50,361.5,0,
static_noisy,static,none,fidelity,True,True,16,iid,0.1,1,s056,8,24.0,12.771739130434783,2.0,88.0,56,0,0,0,6,0,0.0,38.0,0,0,0,0,0,9728,256,50,0,50,417.5,0,94.0
static_noisy,static,none,fidelity,True,True,16,iid,0.1,2,s056,2,34.0,25.543478260869566,2.0,82.0,56,0,0,0,6,0,0.0,40.0,0,0,0,0,0,10240,256,50,0,50,81.5,0,
static_noisy,static,none,fidelity,True,True,16,iid,0.1,2,s056,3,23.75,16.195652173913043,0.0,84.0,56,0,0,0,6,0,0.0,40.0,0,0,0,0,0,10240,256,50,0,50,137.5,0,
static_noisy,static,none,fidelity,True,True,16,iid,0.1,2,s056,4,30.500000000000004,28.967391304347828,4.0,88.0,56,0,0,0,6,0,0.0,40.0,0,0,0,0,0,10240,256,50,0,50,193.5,0,
static_noisy,static,none,fidelity,True,True,16,iid,0.1,2,s056,5,35.5,25.543478260869566,2.0,90.5,56,0,0,0,6,0,0.0,40.0,0,0,0,0,0,10240,256,50,0,50,249.5,0,
static_noisy,static,none,fidelity,True,True,16,iid,0.1,2,s056,6,25.75,19.78260869565217,2.0,91.5,56,0,0,0,6,0,0.0,40.0,0,0,0,0,0,10240,256,50,0,50,305.5,0,
static_noisy,static,none,fidelity,True,True,16,iid,0.1,2,s056,7,30.000000000000004,25.706521739130437,6.0,90.0,56,0,0,0,6,0,0.0,40.0,0,0,0,0,0,10240,256,50,0,50,361.5,0,
static_noisy,static,none,fidelity,True,True,16,iid,0.1,2,s056,8,23.25,17.445652173913043,2.0,92.5,56,0,0,0,6,0,0.0,40.0,0,0,0,0,0,10240,256,50,0,50,417.5,0,96.0
window_noisy,window,none,fidelity,True,True,16,iid,0.1,0,s056,2,26.75,17.445652173913043,6.0,71.5,56,52,47,5,6,0,0.94,13.55078125,0,0,0,0,0,3469,256,16,0,0,8.4375,2,
window_noisy,window,none,fidelity,True,True,16,iid,0.1,0,s056,3,28.000000000000004,15.108695652173914,2.0,72.5,56,54,49,5,6,0,0.98,11.12890625,0,0,0,0,0,2849,256,16,0,0,8.5625,4,
window_noisy,window,none,fidelity,True,True,16,iid,0.1,0,s056,4,28.000000000000004,16.358695652173914,12.0,69.0,56,50,44,6,6,0,0.88,10.01171875,0,0,0,0,0,2563,256,16,0,0,10.6875,2,
window_noisy,window,none,fidelity,True,True,16,iid,0.1,0,s056,5,26.25,16.032608695652172,6.0,71.5,56,52,47,5,6,0,0.94,10.26953125,0,0,0,0,0,2629,256,16,0,0,8.5,0,
window_noisy,window,none,fidelity,True,True,16,iid,0.1,0,s056,6,25.25,8.586956521739129,4.0,74.0,56,52,48,4,6,0,0.96,10.140625,0,0,0,0,0,2596,256,16,0,0,8.1875,1,
window_noisy,window,none,fidelity,True,True,16,iid,0.1,0,s056,7,22.0,10.434782608695654,6.0,75.0,56,52,47,5,6,0,0.94,10.140625,0,0,0,0,0,2596,256,16,0,0,8.375,2,
window_noisy,window,none,fidelity,True,True,16,iid,0.1,0,s056,8,21.5,14.021739130434783,2.0,69.0,56,54,49,5,6,0,0.98,9.98046875,0,0,0,0,0,2555,256,16,0,0,7.8125,2,86.0
window_noisy,window,none,fidelity,True,True,16,iid,0.1,1,s056,2,33.75,25.543478260869566,12.0,69.5,56,50,44,6,6,0,0.88,13.76171875,0,0,0,0,0,3523,256,16,0,0,8.0,1,
window_noisy,window,none,fidelity,True,True,16,iid,0.1,1,s056,3,23.25,9.510869565217387,4.0,59.0,56,52,48,4,6,0,0.96,11.65625,0,0,0,0,0,2984,256,16,0,0,8.8125,2,
window_noisy,window,none,fidelity,True,True,16,iid,0.1,1,s056,4,26.25,15.108695652173914,12.0,64.0,56,47,44,3,6,0,0.88,10.56640625,0,0,0,0,0,2705,256,16,0,0,10.875,1,
window_noisy,window,none,fidelity,True,True,16,iid,0.1,1,s056,5,27.750000000000004,18.53260869565217,6.0,66.5,56,53,47,6,6,0,0.94,10.19921875,0,0,0,0,0,2611,256,16,0,0,8.375,1,
window_noisy,window,none,fidelity,True,True,16,iid,0.1,1,s056,6,27.500000000000004,26.30434782608696,6.0,63.0,56,50,47,3,6,0,0.94,10.0546875,0,0,0,0,0,2574,256,16,0,0,9.5625,1,
window_noisy,window,none,fidelity,True,True,16,iid,0.1,1,s056,7,22.5,15.108695652173914,8.0,64.0,56,51,46,5,6,0,0.92,9.62109375,0,0,0,0,0,2463,256,16,0,0,8.4375,3,
window_noisy,window,none,fidelity,True,True,16,iid,0.1,1,s056,8,19.5,11.521739130434783,2.0,59.5,56,53,49,4,6,0,0.98,9.62109375,0,0,0,0,0,2463,256,16,0,0,8.125,2,92.0
window_noisy,window,none,fidelity,True,True,16,iid,0.1,2,s056,2,27.500000000000004,19.78260869565217,6.0,70.5,56,50,47,3,6,0,0.94,13.7421875,0,0,0,0,0,3518,256,16,0,0,7.6875,1,
window_noisy,window,none,fidelity,True,True,16,iid,0.1,2,s056,3,26.25,15.108695652173914,4.0,63.0,56,53,48,5,6,0,0.96,11.73828125,0,0,0,0,0,3005,256,16,0,0,8.25,2,
window_noisy,window,none,fidelity,True,True,16,iid,0.1,2,s056,4,24.5,9.184782608695654,10.0,56.99999999999999,56,47,45,2,6,0,0.9,10.11328125,0,0,0,0,0,2589,256,16,0,0,10.9375,0,
window_noisy,window,none,fidelity,True,True,16,iid,0.1,2,s056,5,26.25,12.771739130434783,6.0,66.5,56,50,47,3,6,0,0.94,10.3203125,0,0,0,0,0,2642,256,16,0,0,8.5,0,
window_noisy,window,none,fidelity,True,True,16,iid,0.1,2,s056,6,26.0,17.445652173913043,4.0,72.0,56,54,48,6,6,0,0.96,10.34375,0,0,0,0,0,2648,256,16,0,0,7.5,4,
window_noisy,window,none,fidelity,True,True,16,iid,0.1,2,s056,7,24.0,12.771739130434783,8.0,71.5,56,50,46,4,6,0,0.92,10.03515625,0,0,0,0,0,2569,256,16,0,0,9.0625,1,
window_noisy,window,none,fidelity,True,True,16,iid,0.1,2,s056,8,18.75,18.53260869565217,2.0,69.0,56,52,49,3,6,0,0.98,9.6640625,0,0,0,0,0,2474,256,16,0,0,7.8125,2,90.0
aeqkad_noisy,window,full,fidelity,True,True,16,iid,0.1,0,s056,2,31.000000000000007,19.78260869565217,6.0,69.0,56,46,43,3,6,0,0.86,13.08984375,51,5,0,0,0,3351,256,16,0,0,9.5625,1,
aeqkad_noisy,window,full,fidelity,True,True,16,iid,0.1,0,s056,3,26.0,12.771739130434783,4.0,69.5,56,48,43,5,6,0,0.86,10.5,53,4,0,0,1,2688,256,16,0,0,9.8125,4,
aeqkad_noisy,window,full,fidelity,True,True,16,iid,0.1,0,s056,4,25.0,14.021739130434783,12.0,66.0,56,47,42,5,6,0,0.84,9.546875,49,2,1,0,0,2444,256,16,0,0,11.625,2,
aeqkad_noisy,window,full,fidelity,True,True,16,iid,0.1,0,s056,5,29.500000000000004,19.78260869565217,6.0,71.0,56,44,40,4,6,0,0.8,8.9609375,52,6,0,0,2,2294,256,16,0,0,11.125,0,
aeqkad_noisy,window,full,fidelity,True,True,16,iid,0.1,0,s056,6,26.25,10.597826086956523,4.0,69.5,56,45,44,1,6,0,0.88,9.26953125,52,5,0,0,2,2373,256,16,0,0,11.3125,0,
aeqkad_noisy,window,full,fidelity,True,True,16,iid,0.1,0,s056,7,26.0,8.260869565217389,6.0,68.5,56,45,43,2,6,0,0.86,8.5234375,51,5,0,0,1,2182,256,16,0,0,8.875,1,
aeqkad_noisy,window,full,fidelity,True,True,16,iid,0.1,0,s056,8,19.25,12.771739130434783,2.0,62.5,56,47,44,3,6,0,0.88,8.9765625,54,5,0,0,2,2298,256,16,0,0,8.3125,2,84.0
aeqkad_noisy,window,full,fidelity,True,True,16,iid,0.1,1,s056,2,32.0,25.543478260869566,8.0,64.5,56,42,40,2,6,0,0.8,12.8125,51,8,0,0,1,3280,256,16,0,0,8.5,1,
aeqkad_noisy,window,full,fidelity,True,True,16,iid,0.1,1,s056,3,25.5,9.510869565217387,8.0,56.99999999999999,56,45,43,2,6,0,0.86,10.5546875,51,5,0,0,1,2702,256,16,0,0,11.6875,1,
aeqkad_noisy,window,full,fidelity,True,True,16,iid,0.1,1,s056,4,23.25,15.271739130434783,14.000000000000002,56.00000000000001,56,38,38,0,6,0,0.76,8.28515625,44,4,0,0,2,2121,256,16,0,0,12.0625,0,
aeqkad_noisy,window,full,fidelity,True,True,16,iid,0.1,1,s056,5,30.75,18.53260869565217,6.0,61.5,56,42,39,3,6,0,0.78,8.734375,53,9,0,0,2,2236,256,16,0,0,12.3125,0,
aeqkad_noisy,window,full,fidelity,True,True,16,iid,0.1,1,s056,6,27.500000000000004,12.010869565217387,6.0,60.0,56,44,43,1,6,0,0.86,8.85546875,51,7,0,0,0,2267,256,16,0,0,10.5,1,
aeqkad_noisy,window,full,fidelity,True,True,16,iid,0.1,1,s056,7,25.5,11.847826086956523,6.0,58.5,56,44,43,1,6,0,0.86,8.15234375,52,7,0,0,1,2087,256,16,0,0,9.4375,1,
aeqkad_noisy,window,full,fidelity,True,True,16,iid,0.1,1,s056,8,19.5,10.597826086956523,4.0,56.49999999999999,56,46,43,3,6,0,0.86,9.1796875,52,5,0,0,1,2350,256,16,0,0,9.75,2,92.0
aeqkad_noisy,window,full,fidelity,True,True,16,iid,0.1,2,s056,2,27.250000000000004,19.78260869565217,6.0,71.0,56,45,43,2,6,0,0.86,13.25,50,5,0,0,0,3392,256,16,0,0,8.3125,1,
aeqkad_noisy,window,full,fidelity,True,True,16,iid,0.1,2,s056,3,26.25,8.42391304347826,6.0,60.0,56,44,42,2,6,0,0.84,9.9609375,51,6,0,0,1,2550,256,16,0,0,10.75,0,
aeqkad_noisy,window,full,fidelity,True,True,16,iid,0.1,2,s056,4,26.25,14.021739130434783,12.0,56.49999999999999,56,40,40,0,6,0,0.8,8.77734375,46,3,0,0,3,2247,256,16,0,0,13.0625,0,
aeqkad_noisy,window,full,fidelity,True,True,16,iid,0.1,2,s056,5,32.25,16.358695652173914,6.0,66.5,56,42,39,3,6,0,0.78,9.171875,50,6,0,0,2,2348,256,16,0,0,11.125,0,
aeqkad_noisy,window,full,fidelity,True,True,16,iid,0.1,2,s056,6,25.25,17.445652173913043,4.0,70.0,56,46,43,3,6,0,0.86,9.59765625,54,8,0,0,0,2457,256,16,0,0,11.1875,2,
aeqkad_noisy,window,full,fidelity,True,True,16,iid,0.1,2,s056,7,21.000000000000004,9.347826086956523,6.0,71.0,56,44,43,1,6,0,0.86,8.421875,50,5,0,0,1,2156,256,16,0,0,10.0,0,
aeqkad_noisy,window,full,fidelity,True,True,16,iid,0.1,2,s056,8,21.5,11.684782608695654,2.0,61.0,56,45,43,2,6,0,0.86,8.9375,52,7,0,0,0,2288,256,16,0,0,9.3125,2,90.0
mm_noisy,mm,full,fidelity,True,True,16,iid,0.1,0,s056,2,28.000000000000004,19.78260869565217,4.0,86.0,56,46,43,3,6,0,0.86,16.0,54,8,1,0,0,4096,256,16,1,15,85.5625,1,
mm_noisy,mm,full,fidelity,True,True,16,iid,0.1,0,s056,3,29.500000000000004,15.108695652173914,2.0,78.0,56,50,45,5,6,0,0.9,13.6328125,55,4,1,0,1,3490,256,16,1,1,28.125,4,
mm_noisy,mm,full,fidelity,True,True,16,iid,0.1,0,s056,4,37.25,24.456521739130437,6.0,80.0,56,47,42,5,6,0,0.84,15.0390625,53,5,2,0,1,3850,256,16,1,1,61.875,6,
mm_noisy,mm,full,fidelity,True,True,16,iid,0.1,0,s056,5,28.25,20.869565217391305,6.0,81.0,56,48,44,4,6,0,0.88,14.4609375,52,1,1,0,3,3702,256,16,1,1,47.125,1,
mm_noisy,mm,full,fidelity,True,True,16,iid,0.1,0,s056,6,29.000000000000004,24.1304347826087,2.0,81.5,56,47,45,2,6,0,0.9,14.27734375,54,1,5,0,6,3655,256,16,1,1,55.125,3,
mm_noisy,mm,full,fidelity,True,True,16,iid,0.1,0,s056,7,26.0,15.108695652173914,6.0,88.0,56,51,47,4,6,0,0.94,15.50390625,53,2,3,0,0,3969,256,16,1,1,55.25,5,
mm_noisy,mm,full,fidelity,True,True,16,iid,0.1,0,s056,8,24.25,14.021739130434783,2.0,81.5,56,52,48,4,6,0,0.96,15.125,55,1,0,0,2,3872,256,16,1,1,56.0,3,92.0
mm_noisy,mm,full,fidelity,True,True,16,iid,0.1,1,s056,2,38.25,21.956521739130437,4.0,76.0,56,40,37,3,6,0,0.74,16.0,53,12,0,0,1,4096,256,16,1,16,85.375,0,
mm_noisy,mm,full,fidelity,True,True,16,iid,0.1,1,s056,3,24.25,18.369565217391305,2.0,69.5,56,47,46,1,6,0,0.92,14.19140625,54,5,0,0,2,3633,256,16,1,1,23.25,1,
mm_noisy,mm,full,fidelity,True,True,16,iid,0.1,1,s056,4,23.5,19.78260869565217,12.0,68.0,56,39,39,0,6,0,0.78,13.3984375,49,6,0,0,4,3430,256,16,1,1,62.5,1,
mm_noisy,mm,full,fidelity,True,True,16,iid,0.1,1,s056,5,21.5,12.934782608695656,6.0,71.0,56,45,42,3,6,0,0.84,13.37890625,53,4,0,0,4,3425,256,16,1,1,57.4375,0,
mm_noisy,mm,full,fidelity,True,True,16,iid,0.1,1,s056,6,30.25,19.6195652173913,4.0,70.5,56,47,45,2,6,0,0.9,13.8515625,52,2,0,0,3,3546,256,16,1,1,58.1875,1,
mm_noisy,mm,full,fidelity,True,True,16,iid,0.1,1,s056,7,28.25,18.53260869565217,6.0,71.5,56,49,45,4,6,0,0.9,14.37109375,52,2,0,0,1,3679,256,16,1,1,56.6875,2,
mm_noisy,mm,full,fidelity,True,True,16,iid,0.1,1,s056,8,23.75,16.521739130434785,2.0,74.0,56,49,46,3,6,0,0.92,13.84375,54,2,0,0,3,3544,256,16,1,1,60.6875,2,92.0
mm_noisy,mm,full,fidelity,True,True,16,iid,0.1,2,s056,2,34.25,25.543478260869566,4.0,82.5,56,40,39,1,6,0,0.78,16.0,52,11,0,0,1,4096,256,16,1,16,85.875,0,
mm_noisy,mm,full,fidelity,True,True,16,iid,0.1,2,s056,3,29.000000000000004,15.108695652173914,2.0,69.5,56,49,47,2,6,0,0.94,14.92578125,54,4,0,0,1,3821,256,16,1,1,28.5625,1,
mm_noisy,mm,full,fidelity,True,True,16,iid,0.1,2,s056,4,30.000000000000004,24.456521739130437,10.0,68.0,56,40,40,0,6,0,0.8,15.57421875,48,5,0,0,3,3987,256,16,1,1,67.875,1,
mm_noisy,mm,full,fidelity,True,True,16,iid,0.1,2,s056,5,28.000000000000004,21.956521739130437,6.0,74.5,56,43,40,3,6,0,0.8,15.07421875,52,4,0,0,5,3859,256,16,1,1,52.75,0,
mm_noisy,mm,full,fidelity,True,True,16,iid,0.1,2,s056,6,30.25,16.358695652173914,4.0,76.0,56,47,44,3,6,0,0.88,13.0078125,53,4,0,0,2,3330,256,16,1,1,55.625,0,
mm_noisy,mm,full,fidelity,True,True,16,iid,0.1,2,s056,7,26.0,19.78260869565217,6.0,77.0,56,47,46,1,6,0,0.92,14.078125,52,4,0,0,1,3604,256,16,1,1,69.5,0,
mm_noisy,mm,full,fidelity,True,True,16,iid,0.1,2,s056,8,24.75,18.695652173913043,2.0,76.5,56,50,47,3,6,0,0.94,14.98046875,53,3,0,0,0,3835,256,16,1,1,60.5625,1,92.0
static_noisy,static,none,fidelity,True,True,16,iid,0.1,0,s057,2,31.75,19.78260869565217,6.0,72.0,56,0,0,0,6,0,0.0,39.0,0,0,0,0,0,9984,256,50,0,50,81.5,0,
static_noisy,static,none,fidelity,True,True,16,iid,0.1,0,s057,3,16.500000000000004,2.33695652173913,4.0,69.5,56,0,0,0,6,0,0.0,39.0,0,0,0,0,0,9984,256,50,0,50,137.5,0,
static_noisy,static,none,fidelity,True,True,16,iid,0.1,0,s057,4,25.25,14.021739130434783,8.0,74.0,56,0,0,0,6,0,0.0,39.0,0,0,0,0,0,9984,256,50,0,50,193.5,0,
static_noisy,static,none,fidelity,True,True,16,iid,0.1,0,s057,5,31.499999999999996,22.1195652173913,2.0,78.5,56,0,0,0,6,0,0.0,39.0,0,0,0,0,0,9984,256,50,0,50,249.5,0,
static_noisy,static,none,fidelity,True,True,16,iid,0.1,0,s057,6,34.75,32.55434782608696,0.0,75.5,56,0,0,0,6,0,0.0,39.0,0,0,0,0,0,9984,256,50,0,50,305.5,0,
static_noisy,static,none,fidelity,True,True,16,iid,0.1,0,s057,7,35.5,31.467391304347824,4.0,84.0,56,0,0,0,6,0,0.0,39.0,0,0,0,0,0,9984,256,50,0,50,361.5,0,
static_noisy,static,none,fidelity,True,True,16,iid,0.1,0,s057,8,47.5,41.90217391304347,2.0,81.0,56,0,0,0,6,0,0.0,39.0,0,0,0,0,0,9984,256,50,0,50,417.5,0,74.0
static_noisy,static,none,fidelity,True,True,16,iid,0.1,1,s057,2,31.75,22.1195652173913,10.0,61.5,56,0,0,0,6,0,0.0,39.0,0,0,0,0,0,9984,256,50,0,50,81.5,0,
static_noisy,static,none,fidelity,True,True,16,iid,0.1,1,s057,3,21.75,9.347826086956523,4.0,65.5,56,0,0,0,6,0,0.0,39.0,0,0,0,0,0,9984,256,50,0,50,137.5,0,
static_noisy,static,none,fidelity,True,True,16,iid,0.1,1,s057,4,25.5,10.597826086956523,10.0,71.5,56,0,0,0,6,0,0.0,39.0,0,0,0,0,0,9984,256,50,0,50,193.5,0,
static_noisy,static,none,fidelity,True,True,16,iid,0.1,1,s057,5,30.75,25.543478260869566,2.0,70.0,56,0,0,0,6,0,0.0,39.0,0,0,0,0,0,9984,256,50,0,50,249.5,0,
static_noisy,static,none,fidelity,True,True,16,iid,0.1,1,s057,6,34.25,34.891304347826086,0.0,71.5,56,0,0,0,6,0,0.0,39.0,0,0,0,0,0,9984,256,50,0,50,305.5,0,
static_noisy,static,none,fidelity,True,True,16,iid,0.1,1,s057,7,32.0,33.80434782608695,4.0,73.0,56,0,0,0,6,0,0.0,39.0,0,0,0,0,0,9984,256,50,0,50,361.5,0,
static_noisy,static,none,fidelity,True,True,16,iid,0.1,1,s057,8,44.49999999999999,35.97826086956522,8.0,70.5,56,0,0,0,6,0,0.0,39.0,0,0,0,0,0,9984,256,50,0,50,417.5,0,80.0
static_noisy,static,none,fidelity,True,True,16,iid,0.1,2,s057,2,29.75,22.1195652173913,2.0,76.0,56,0,0,0,6,0,0.0,39.0,0,0,0,0,0,9984,256,50,0,50,81.5,0,
static_noisy,static,none,fidelity,True,True,16,iid,0.1,2,s057,3,16.500000000000004,3.58695652173913,2.0,78.0,56,0,0,0,6,0,0.0,39.0,0,0,0,0,0,9984,256,50,0,50,137.5,0,
static_noisy,static,none,fidelity,True,True,16,iid,0.1,2,s057,4,24.25,17.445652173913043,4.0,80.5,56,0,0,0,6,0,0.0,39.0,0,0,0,0,0,9984,256,50,0,50,193.5,0,
static_noisy,static,none,fidelity,True,True,16,iid,0.1,2,s057,5,35.25,29.130434782608692,2.0,79.5,56,0,0,0,6,0,0.0,39.0,0,0,0,0,0,9984,256,50,0,50,249.5,0,
static_noisy,static,none,fidelity,True,True,16,iid,0.1,2,s057,6,33.75,28.967391304347828,0.0,85.0,56,0,0,0,6,0,0.0,39.0,0,0,0,0,0,9984,256,50,0,50,305.5,0,
static_noisy,static,none,fidelity,True,True,16,iid,0.1,2,s057,7,33.5,26.79347826086957,2.0,86.5,56,0,0,0,6,0,0.0,39.0,0,0,0,0,0,9984,256,50,0,50,361.5,0,
static_noisy,static,none,fidelity,True,True,16,iid,0.1,2,s057,8,50.0,37.22826086956522,0.0,84.5,56,0,0,0,6,0,0.0,39.0,0,0,0,0,0,9984,256,50,0,50,417.5,0,78.0
window_noisy,window,none,fidelity,True,True,16,iid,0.1,0,s057,2,33.5,18.53260869565217,14.000000000000002,62.5,56,48,43,5,6,0,0.86,14.5078125,0,0,0,0,0,3714,256,16,0,0,7.5,2,
window_noisy,window,none,fidelity,True,True,16,iid,0.1,0,s057,3,25.5,10.434782608695654,8.0,58.5,56,49,46,3,6,0,0.92,12.98046875,0,0,0,0,0,3323,256,16,0,0,8.4375,2,
window_noisy,window,none,fidelity,True,True,16,iid,0.1,0,s057,4,25.75,18.53260869565217,10.0,62.0,56,48,45,3,6,0,0.9,13.65625,0,0,0,0,0,3496,256,16,0,0,7.5,1,
window_noisy,window,none,fidelity,True,True,16,iid,0.1,0,s057,5,23.5,9.347826086956523,6.0,65.5,56,53,47,6,6,0,0.94,12.921875,0,0,0,0,0,3308,256,16,0,0,7.625,1,
window_noisy,window,none,fidelity,True,True,16,iid,0.1,0,s057,6,25.5,12.608695652173912,2.0,60.5,56,53,49,4,6,0,0.98,11.828125,0,0,0,0,0,3028,256,16,0,0,8.125,0,
window_noisy,window,none,fidelity,True,True,16,iid,0.1,0,s057,7,20.25,9.347826086956523,10.0,55.00000000000001,56,50,45,5,6,0,0.9,11.640625,0,0,0,0,0,2980,256,16,0,0,9.625,3,
window_noisy,window,none,fidelity,True,True,16,iid,0.1,0,s057,8,21.75,4.83695652173913,8.0,59.5,56,48,46,2,6,0,0.92,12.59765625,0,0,0,0,0,3225,256,16,0,0,8.375,1,38.0
window_noisy,window,none,fidelity,True,True,16,iid,0.1,1,s057,2,33.75,21.956521739130437,16.0,54.50000000000001,56,44,42,2,6,0,0.84,14.39453125,0,0,0,0,0,3685,256,16,0,0,7.5,0,
window_noisy,window,none,fidelity,True,True,16,iid,0.1,1,s057,3,28.25,16.195652173913043,10.0,51.0,56,48,45,3,6,0,0.9,13.03125,0,0,0,0,0,3336,256,16,0,0,9.9375,0,
window_noisy,window,none,fidelity,True,True,16,iid,0.1,1,s057,4,23.25,17.445652173913043,10.0,56.49999999999999,56,48,45,3,6,0,0.9,13.19140625,0,0,0,0,0,3377,256,16,0,0,9.4375,1,
window_noisy,window,none,fidelity,True,True,16,iid,0.1,1,s057,5,23.5,9.347826086956523,10.0,50.5,56,49,45,4,6,0,0.9,12.5859375,0,0,0,0,0,3222,256,16,0,0,7.875,1,
window_noisy,window,none,fidelity,True,True,16,iid,0.1,1,s057,6,19.75,8.097826086956525,10.0,40.0,56,46,45,1,6,0,0.9,10.58203125,0,0,0,0,0,2709,256,16,0,0,8.8125,1,
window_noisy,window,none,fidelity,True,True,16,iid,0.1,1,s057,7,22.75,15.108695652173914,12.0,49.0,56,49,44,5,6,0,0.88,11.98046875,0,0,0,0,0,3067,256,16,0,0,9.4375,2,
window_noisy,window,none,fidelity,True,True,16,iid,0.1,1,s057,8,23.5,16.032608695652172,14.000000000000002,41.5,56,47,43,4,6,0,0.86,11.91015625,0,0,0,0,0,3049,256,16,0,0,8.375,2,50.0
window_noisy,window,none,fidelity,True,True,16,iid,0.1,2,s057,2,35.0,22.1195652173913,14.000000000000002,54.50000000000001,56,48,43,5,6,0,0.86,14.62890625,0,0,0,0,0,3745,256,16,0,0,7.5,2,
window_noisy,window,none,fidelity,True,True,16,iid,0.1,2,s057,3,24.0,11.684782608695654,10.0,53.0,56,47,45,2,6,0,0.9,12.96484375,0,0,0,0,0,3319,256,16,0,0,10.25,1,
window_noisy,window,none,fidelity,True,True,16,iid,0.1,2,s057,4,25.5,19.78260869565217,10.0,60.0,56,48,45,3,6,0,0.9,13.28515625,0,0,0,0,0,3401,256,16,0,0,7.75,0,
window_noisy,window,none,fidelity,True,True,16,iid,0.1,2,s057,5,18.75,8.260869565217389,12.0,56.49999999999999,56,47,44,3,6,0,0.88,12.08984375,0,0,0,0,0,3095,256,16,0,0,9.3125,1,
window_noisy,window,none,fidelity,True,True,16,iid,0.1,2,s057,6,20.25,4.67391304347826,6.0,42.5,56,49,47,2,6,0,0.94,11.1875,0,0,0,0,0,2864,256,16,0,0,8.6875,1,
window_noisy,window,none,fidelity,True,True,16,iid,0.1,2,s057,7,20.25,8.097826086956525,10.0,50.5,56,49,45,4,6,0,0.9,11.80859375,0,0,0,0,0,3023,256,16,0,0,10.625,2,
window_noisy,window,none,fidelity,True,True,16,iid,0.1,2,s057,8,22.25,13.858695652173914,10.0,54.50000000000001,56,50,45,5,6,0,0.9,12.859375,0,0,0,0,0,3292,256,16,0,0,8.1875,1,30.0
aeqkad_noisy,window,full,fidelity,True,True,16,iid,0.1,0,s057,2,36.25,19.78260869565217,14.000000000000002,63.5,56,43,39,4,6,0,0.78,14.5234375,48,5,15,0,0,3718,256,16,0,0,9.4375,2,
aeqkad_noisy,window,full,fidelity,True,True,16,iid,0.1,0,s057,3,21.0,12.771739130434783,8.0,52.5,56,42,41,1,6,0,0.82,12.33203125,50,6,19,0,2,3157,256,16,0,0,12.0625,1,
aeqkad_noisy,window,full,fidelity,True,True,16,iid,0.1,0,s057,4,23.25,17.445652173913043,12.0,58.5,56,43,42,1,6,0,0.84,12.671875,47,4,21,0,0,3244,256,16,0,0,7.5,1,
aeqkad_noisy,window,full,fidelity,True,True,16,iid,0.1,0,s057,5,23.5,4.510869565217389,6.0,54.0,56,45,42,3,6,0,0.84,12.04296875,52,7,21,0,0,3083,256,16,0,0,9.125,0,
aeqkad_noisy,window,full,fidelity,True,True,16,iid,0.1,0,s057,6,22.25,5.923913043478259,4.0,41.5,56,42,41,1,6,0,0.82,9.99609375,50,8,23,0,0,2559,256,16,0,0,10.4375,0,
aeqkad_noisy,window,full,fidelity,True,True,16,iid,0.1,0,s057,7,21.5,7.01086956521739,10.0,49.0,56,45,41,4,6,0,0.82,11.375,50,5,14,0,0,2912,256,16,0,0,10.875,2,
aeqkad_noisy,window,full,fidelity,True,True,16,iid,0.1,0,s057,8,21.75,7.01086956521739,12.0,51.0,56,43,41,2,6,0,0.82,11.671875,47,4,11,0,0,2988,256,16,0,0,9.5625,1,40.0
aeqkad_noisy,window,full,fidelity,True,True,16,iid,0.1,1,s057,2,34.75,19.78260869565217,16.0,52.5,56,39,37,2,6,0,0.74,14.47265625,44,5,43,0,0,3705,256,16,0,0,9.75,0,
aeqkad_noisy,window,full,fidelity,True,True,16,iid,0.1,1,s057,3,28.000000000000004,12.771739130434783,10.0,48.0,56,45,44,1,6,0,0.88,12.734375,47,2,46,0,0,3260,256,16,0,0,10.75,0,
aeqkad_noisy,window,full,fidelity,True,True,16,iid,0.1,1,s057,4,23.5,16.195652173913043,16.0,54.0,56,44,42,2,6,0,0.84,12.88671875,45,1,44,0,0,3299,256,16,0,0,9.5,0,
aeqkad_noisy,window,full,fidelity,True,True,16,iid,0.1,1,s057,5,19.5,8.097826086956525,14.000000000000002,47.0,56,44,42,2,6,0,0.84,11.94921875,47,1,46,0,2,3059,256,16,0,0,8.0,1,
aeqkad_noisy,window,full,fidelity,True,True,16,iid,0.1,1,s057,6,19.25,3.75,10.0,36.0,56,41,41,0,6,0,0.82,9.70703125,46,5,44,0,0,2485,256,16,0,0,11.0625,0,
aeqkad_noisy,window,full,fidelity,True,True,16,iid,0.1,1,s057,7,23.0,8.097826086956525,12.0,36.0,56,43,41,2,6,0,0.82,10.59375,48,4,45,0,1,2712,256,16,0,0,10.125,2,
aeqkad_noisy,window,full,fidelity,True,True,16,iid,0.1,1,s057,8,23.25,10.597826086956523,14.000000000000002,40.5,56,45,41,4,6,0,0.82,11.70703125,47,2,46,0,0,2997,256,16,0,0,8.375,2,46.0
aeqkad_noisy,window,full,fidelity,True,True,16,iid,0.1,2,s057,2,34.0,21.03260869565217,14.000000000000002,54.0,56,41,37,4,6,0,0.74,14.63671875,48,7,44,0,0,3747,256,16,0,0,9.5625,2,
aeqkad_noisy,window,full,fidelity,True,True,16,iid,0.1,2,s057,3,25.25,10.434782608695654,10.0,50.5,56,44,42,2,6,0,0.84,12.54296875,47,1,44,0,2,3211,256,16,0,0,12.0625,1,
aeqkad_noisy,window,full,fidelity,True,True,16,iid,0.1,2,s057,4,25.75,20.869565217391305,16.0,59.5,56,45,42,3,6,0,0.84,13.05078125,45,0,45,0,0,3341,256,16,0,0,7.75,0,
aeqkad_noisy,window,full,fidelity,True,True,16,iid,0.1,2,s057,5,21.75,8.260869565217389,14.000000000000002,49.0,56,44,42,2,6,0,0.84,12.03125,46,2,44,0,0,3080,256,16,0,0,9.4375,1,
aeqkad_noisy,window,full,fidelity,True,True,16,iid,0.1,2,s057,6,18.000000000000004,7.01086956521739,8.0,38.5,56,43,42,1,6,0,0.84,10.0859375,48,4,42,0,1,2582,256,16,0,0,11.375,0,
aeqkad_noisy,window,full,fidelity,True,True,16,iid,0.1,2,s057,7,19.25,14.782608695652172,14.000000000000002,44.0,56,45,42,3,6,0,0.84,11.26953125,47,1,44,0,1,2885,256,16,0,0,10.625,2,
aeqkad_noisy,window,full,fidelity,True,True,16,iid,0.1,2,s057,8,20.75,9.347826086956523,12.0,40.5,56,42,41,1,6,0,0.82,11.73046875,48,4,43,0,2,3003,256,16,0,0,8.5,1,32.0
mm_noisy,mm,full,fidelity,True,True,16,iid,0.1,0,s057,2,34.5,26.6304347826087,4.0,70.0,56,43,38,5,6,0,0.76,16.0,53,10,17,0,0,4096,256,16,1,15,84.3125,0,
mm_noisy,mm,full,fidelity,True,True,16,iid,0.1,0,s057,3,24.75,5.760869565217389,4.0,57.99999999999999,56,45,43,2,6,0,0.86,15.07421875,52,5,24,0,2,3859,256,16,1,1,27.5,2,
mm_noisy,mm,full,fidelity,True,True,16,iid,0.1,0,s057,4,29.500000000000004,19.78260869565217,10.0,66.0,56,45,42,3,6,0,0.84,15.87109375,48,3,27,0,0,4063,256,16,1,1,49.625,4,
mm_noisy,mm,full,fidelity,True,True,16,iid,0.1,0,s057,5,28.25,19.78260869565217,4.0,70.5,56,50,45,5,6,0,0.9,15.8515625,54,4,34,0,0,4058,256,16,1,1,42.5625,3,
mm_noisy,mm,full,fidelity,True,True,16,iid,0.1,0,s057,6,28.000000000000004,15.108695652173914,0.0,68.0,56,47,45,2,6,0,0.9,15.3359375,55,5,32,0,3,3926,256,16,1,1,62.5625,2,
mm_noisy,mm,full,fidelity,True,True,16,iid,0.1,0,s057,7,23.5,6.847826086956524,4.0,69.0,56,49,45,4,6,0,0.9,15.92578125,53,4,31,0,0,4077,256,16,1,1,45.8125,1,
mm_noisy,mm,full,fidelity,True,True,16,iid,0.1,0,s057,8,22.75,12.934782608695656,4.0,66.0,56,47,44,3,6,0,0.88,15.640625,52,5,26,0,0,4004,256,16,1,1,66.5,2,56.00000000000001
mm_noisy,mm,full,fidelity,True,True,16,iid,0.1,1,s057,2,38.0,27.8804347826087,16.0,53.0,56,34,32,2,6,0,0.64,16.0,44,9,44,0,1,4096,256,16,1,16,86.9375,0,
mm_noisy,mm,full,fidelity,True,True,16,iid,0.1,1,s057,3,24.0,16.195652173913043,10.0,53.5,56,41,40,1,6,0,0.8,15.25,48,6,48,0,1,3904,256,16,1,2,26.875,0,
mm_noisy,mm,full,fidelity,True,True,16,iid,0.1,1,s057,4,23.75,17.445652173913043,12.0,56.00000000000001,56,45,42,3,6,0,0.84,15.296875,47,2,47,0,0,3916,256,16,1,1,48.5625,1,
mm_noisy,mm,full,fidelity,True,True,16,iid,0.1,1,s057,5,30.500000000000004,27.717391304347828,8.0,62.0,56,48,46,2,6,0,0.92,15.9765625,50,0,50,0,2,4090,256,16,1,1,47.9375,2,
mm_noisy,mm,full,fidelity,True,True,16,iid,0.1,1,s057,6,27.500000000000004,9.347826086956523,0.0,65.0,56,48,46,2,6,0,0.92,15.921875,53,3,53,0,2,4076,256,16,1,1,47.9375,2,
mm_noisy,mm,full,fidelity,True,True,16,iid,0.1,1,s057,7,25.25,12.771739130434783,10.0,62.0,56,47,44,3,6,0,0.88,15.6796875,50,2,49,0,1,4014,256,16,1,1,51.5625,0,
mm_noisy,mm,full,fidelity,True,True,16,iid,0.1,1,s057,8,23.75,10.760869565217387,6.0,58.5,56,48,44,4,6,0,0.88,15.74609375,52,4,51,0,0,4031,256,16,1,1,60.3125,1,56.00000000000001
mm_noisy,mm,full,fidelity,True,True,16,iid,0.1,2,s057,2,34.25,30.217391304347828,14.000000000000002,53.0,56,35,33,2,6,0,0.66,16.0,48,13,46,0,0,4096,256,16,1,16,84.375,0,
mm_noisy,mm,full,fidelity,True,True,16,iid,0.1,2,s057,3,23.75,11.684782608695654,4.0,56.00000000000001,56,46,44,2,6,0,0.88,14.93359375,50,2,48,0,2,3823,256,16,1,3,33.6875,1,
mm_noisy,mm,full,fidelity,True,True,16,iid,0.1,2,s057,4,26.5,17.445652173913043,16.0,62.5,56,45,42,3,6,0,0.84,15.74609375,47,2,45,0,0,4031,256,16,1,1,45.25,3,
mm_noisy,mm,full,fidelity,True,True,16,iid,0.1,2,s057,5,28.000000000000004,25.543478260869566,8.0,66.0,56,46,43,3,6,0,0.86,15.875,51,4,47,0,1,4064,256,16,1,1,51.4375,1,
mm_noisy,mm,full,fidelity,True,True,16,iid,0.1,2,s057,6,23.75,10.434782608695654,4.0,57.49999999999999,56,48,46,2,6,0,0.92,15.6953125,51,1,48,0,2,4018,256,16,1,1,54.8125,3,
mm_noisy,mm,full,fidelity,True,True,16,iid,0.1,2,s057,7,22.25,12.771739130434783,4.0,67.0,56,49,46,3,6,0,0.92,15.9765625,52,1,51,0,2,4090,256,16,1,1,54.75,2,
mm_noisy,mm,full,fidelity,True,True,16,iid,0.1,2,s057,8,26.5,12.934782608695656,4.0,67.5,56,48,44,4,6,0,0.88,16.0,53,4,48,0,1,4096,256,16,1,1,62.625,5,54.0
