label,memory,gate,kind,noisy,relative,m_max,nu,q_up,reserve,robust,mode,rate,seed,user,session,eer,eer_k5,frr,far,n_stream,n_updates,gen_admitted,imp_admitted,atk_admitted,imp_injected,upd_rate_gen,mean_sv,g_accepted,g_rej_score,g_margin_binds,g_rej_meanfid,g_rej_drift,g_sv_total,g_decisions,M,anchors_in_P,enroll_in_P,imp_in_P,mean_age,atk_final_accept
window_nu0.1,window,none,fidelity,False,True,16,0.1,25,0,False,iid,0.1,0,s015,2,29.75,12.771739130434783,22.0,54.0,56,43,39,4,0,6,0.78,12.34765625,0,0,0,0,0,3161,256,16,0,0,2,9.125,
window_nu0.1,window,none,fidelity,False,True,16,0.1,25,0,False,iid,0.1,0,s015,3,21.749999999999996,6.847826086956524,2.0,61.5,56,51,49,2,0,6,0.98,12.33203125,0,0,0,0,0,3157,256,16,0,0,1,7.5,
window_nu0.1,window,none,fidelity,False,True,16,0.1,25,0,False,iid,0.1,0,s015,4,22.499999999999996,12.771739130434783,4.0,55.00000000000001,56,49,48,1,0,6,0.96,12.375,0,0,0,0,0,3168,256,16,0,0,0,9.3125,
window_nu0.1,window,none,fidelity,False,True,16,0.1,25,0,False,iid,0.1,0,s015,5,36.25,18.695652173913043,12.0,76.0,56,48,44,4,0,6,0.88,14.29296875,0,0,0,0,0,3659,256,16,0,0,1,10.6875,
window_nu0.1,window,none,fidelity,False,True,16,0.1,25,0,False,iid,0.1,0,s015,6,30.25,15.108695652173914,12.0,69.0,56,48,44,4,0,6,0.88,12.640625,0,0,0,0,0,3236,256,16,0,0,1,9.125,
window_nu0.1,window,none,fidelity,False,True,16,0.1,25,0,False,iid,0.1,0,s015,7,27.500000000000004,10.760869565217389,4.0,72.0,56,51,48,3,0,6,0.96,14.05078125,0,0,0,0,0,3597,256,16,0,0,1,7.9375,
window_nu0.1,window,none,fidelity,False,True,16,0.1,25,0,False,iid,0.1,0,s015,8,28.749999999999996,16.358695652173914,10.0,62.0,56,50,45,5,0,6,0.9,12.1484375,0,0,0,0,0,3110,256,16,0,0,2,7.5,30.0
window_nu0.1,window,none,fidelity,False,True,16,0.1,25,0,False,iid,0.1,1,s015,2,30.25,16.358695652173914,20.0,57.99999999999999,56,42,40,2,0,6,0.8,12.62109375,0,0,0,0,0,3231,256,16,0,0,0,9.0,
window_nu0.1,window,none,fidelity,False,True,16,0.1,25,0,False,iid,0.1,1,s015,3,22.249999999999996,9.347826086956525,8.0,60.5,56,49,46,3,0,6,0.92,12.41015625,0,0,0,0,0,3177,256,16,0,0,1,8.375,
window_nu0.1,window,none,fidelity,False,True,16,0.1,25,0,False,iid,0.1,1,s015,4,22.499999999999996,9.347826086956525,2.0,64.5,56,53,49,4,0,6,0.98,12.64453125,0,0,0,0,0,3237,256,16,0,0,2,7.5,
window_nu0.1,window,none,fidelity,False,True,16,0.1,25,0,False,iid,0.1,1,s015,5,34.25,25.543478260869566,10.0,72.0,56,51,45,6,0,6,0.9,14.2734375,0,0,0,0,0,3654,256,16,0,0,3,8.625,
window_nu0.1,window,none,fidelity,False,True,16,0.1,25,0,False,iid,0.1,1,s015,6,31.75,26.79347826086957,12.0,66.0,56,49,44,5,0,6,0.88,12.80859375,0,0,0,0,0,3279,256,16,0,0,1,9.5,
window_nu0.1,window,none,fidelity,False,True,16,0.1,25,0,False,iid,0.1,1,s015,7,31.75,13.858695652173914,4.0,73.5,56,53,48,5,0,6,0.96,14.29296875,0,0,0,0,0,3659,256,16,0,0,2,7.5,
window_nu0.1,window,none,fidelity,False,True,16,0.1,25,0,False,iid,0.1,1,s015,8,21.25,8.42391304347826,10.0,67.0,56,50,45,5,0,6,0.9,12.35546875,0,0,0,0,0,3163,256,16,0,0,1,7.875,78.0
window_nu0.1,window,none,fidelity,False,True,16,0.1,25,0,False,iid,0.1,2,s015,2,26.25,15.108695652173914,16.0,63.0,56,46,42,4,0,6,0.84,12.87109375,0,0,0,0,0,3295,256,16,0,0,1,8.0625,
window_nu0.1,window,none,fidelity,False,True,16,0.1,25,0,False,iid,0.1,2,s015,3,21.999999999999996,10.434782608695654,8.0,66.0,56,51,46,5,0,6,0.92,12.578125,0,0,0,0,0,3220,256,16,0,0,2,7.625,
window_nu0.1,window,none,fidelity,False,True,16,0.1,25,0,False,iid,0.1,2,s015,4,21.499999999999996,16.195652173913043,2.0,65.5,56,53,49,4,0,6,0.98,12.23828125,0,0,0,0,0,3133,256,16,0,0,2,7.5,
window_nu0.1,window,none,fidelity,False,True,16,0.1,25,0,False,iid,0.1,2,s015,5,33.25,16.195652173913043,12.0,72.0,56,48,44,4,0,6,0.88,13.8671875,0,0,0,0,0,3550,256,16,0,0,1,10.625,
window_nu0.1,window,none,fidelity,False,True,16,0.1,25,0,False,iid,0.1,2,s015,6,28.749999999999996,18.532608695652172,10.0,73.0,56,50,45,5,0,6,0.9,12.80859375,0,0,0,0,0,3279,256,16,0,0,2,8.4375,
window_nu0.1,window,none,fidelity,False,True,16,0.1,25,0,False,iid,0.1,2,s015,7,25.5,16.195652173913043,2.0,72.0,56,55,49,6,0,6,0.98,14.3203125,0,0,0,0,0,3666,256,16,0,0,4,7.5,
window_nu0.1,window,none,fidelity,False,True,16,0.1,25,0,False,iid,0.1,2,s015,8,22.499999999999996,13.858695652173914,8.0,71.0,56,50,46,4,0,6,0.92,12.15625,0,0,0,0,0,3112,256,16,0,0,3,7.5,76.0
window_nu0.2,window,none,fidelity,False,True,16,0.2,25,0,False,iid,0.1,0,s015,2,29.75,12.771739130434783,22.0,54.0,56,43,39,4,0,6,0.78,12.34765625,0,0,0,0,0,3161,256,16,0,0,2,9.125,
window_nu0.2,window,none,fidelity,False,True,16,0.2,25,0,False,iid,0.1,0,s015,3,21.749999999999996,6.847826086956524,2.0,61.5,56,51,49,2,0,6,0.98,12.37890625,0,0,0,0,0,3169,256,16,0,0,1,7.5,
window_nu0.2,window,none,fidelity,False,True,16,0.2,25,0,False,iid,0.1,0,s015,4,22.499999999999996,12.771739130434783,4.0,55.00000000000001,56,49,48,1,0,6,0.96,12.40234375,0,0,0,0,0,3175,256,16,0,0,0,9.3125,
window_nu0.2,window,none,fidelity,False,True,16,0.2,25,0,False,iid,0.1,0,s015,5,36.25,18.695652173913043,12.0,76.0,56,48,44,4,0,6,0.88,14.29296875,0,0,0,0,0,3659,256,16,0,0,1,10.6875,
window_nu0.2,window,none,fidelity,False,True,16,0.2,25,0,False,iid,0.1,0,s015,6,30.500000000000004,15.108695652173914,12.0,69.0,56,48,44,4,0,6,0.88,12.640625,0,0,0,0,0,3236,256,16,0,0,1,9.125,
window_nu0.2,window,none,fidelity,False,True,16,0.2,25,0,False,iid,0.1,0,s015,7,27.500000000000004,10.760869565217389,4.0,72.0,56,51,48,3,0,6,0.96,14.12109375,0,0,0,0,0,3615,256,16,0,0,1,7.9375,
window_nu0.2,window,none,fidelity,False,True,16,0.2,25,0,False,iid,0.1,0,s015,8,28.749999999999996,16.358695652173914,10.0,62.0,56,50,45,5,0,6,0.9,12.1484375,0,0,0,0,0,3110,256,16,0,0,2,7.5,30.0
window_nu0.2,window,none,fidelity,False,True,16,0.2,25,0,False,iid,0.1,1,s015,2,30.25,16.358695652173914,20.0,57.99999999999999,56,42,40,2,0,6,0.8,12.64453125,0,0,0,0,0,3237,256,16,0,0,0,9.0,
window_nu0.2,window,none,fidelity,False,True,16,0.2,25,0,False,iid,0.1,1,s015,3,22.249999999999996,9.347826086956525,8.0,60.5,56,49,46,3,0,6,0.92,12.41015625,0,0,0,0,0,3177,256,16,0,0,1,8.375,
window_nu0.2,window,none,fidelity,False,True,16,0.2,25,0,False,iid,0.1,1,s015,4,22.499999999999996,9.347826086956525,2.0,64.5,56,53,49,4,0,6,0.98,12.62109375,0,0,0,0,0,3231,256,16,0,0,2,7.5,
window_nu0.2,window,none,fidelity,False,True,16,0.2,25,0,False,iid,0.1,1,s015,5,34.25,25.543478260869566,10.0,72.0,56,51,45,6,0,6,0.9,14.2734375,0,0,0,0,0,3654,256,16,0,0,3,8.625,
window_nu0.2,window,none,fidelity,False,True,16,0.2,25,0,False,iid,0.1,1,s015,6,31.75,26.79347826086957,12.0,66.0,56,49,44,5,0,6,0.88,12.8046875,0,0,0,0,0,3278,256,16,0,0,1,9.5,
window_nu0.2,window,none,fidelity,False,True,16,0.2,25,0,False,iid,0.1,1,s015,7,31.75,13.858695652173914,4.0,73.5,56,53,48,5,0,6,0.96,14.29296875,0,0,0,0,0,3659,256,16,0,0,2,7.5,
window_nu0.2,window,none,fidelity,False,True,16,0.2,25,0,False,iid,0.1,1,s015,8,26.5,8.42391304347826,10.0,67.0,56,50,45,5,0,6,0.9,12.3515625,0,0,0,0,0,3162,256,16,0,0,1,7.875,78.0
window_nu0.2,window,none,fidelity,False,True,16,0.2,25,0,False,iid,0.1,2,s015,2,26.25,15.108695652173914,16.0,63.0,56,46,42,4,0,6,0.84,12.84765625,0,0,0,0,0,3289,256,16,0,0,1,8.0625,
window_nu0.2,window,none,fidelity,False,True,16,0.2,25,0,False,iid,0.1,2,s015,3,21.999999999999996,10.434782608695654,8.0,66.0,56,51,46,5,0,6,0.92,12.578125,0,0,0,0,0,3220,256,16,0,0,2,7.625,
window_nu0.2,window,none,fidelity,False,True,16,0.2,25,0,False,iid,0.1,2,s015,4,21.499999999999996,16.195652173913043,2.0,65.5,56,53,49,4,0,6,0.98,12.24609375,0,0,0,0,0,3135,256,16,0,0,2,7.5,
window_nu0.2,window,none,fidelity,False,True,16,0.2,25,0,False,iid,0.1,2,s015,5,33.25,16.195652173913043,12.0,72.0,56,48,44,4,0,6,0.88,13.91796875,0,0,0,0,0,3563,256,16,0,0,1,10.625,
window_nu0.2,window,none,fidelity,False,True,16,0.2,25,0,False,iid,0.1,2,s015,6,28.749999999999996,18.532608695652172,10.0,73.0,56,50,45,5,0,6,0.9,12.8359375,0,0,0,0,0,3286,256,16,0,0,2,8.4375,
window_nu0.2,window,none,fidelity,False,True,16,0.2,25,0,False,iid,0.1,2,s015,7,25.5,16.195652173913043,2.0,72.0,56,55,49,6,0,6,0.98,14.34375,0,0,0,0,0,3672,256,16,0,0,4,7.5,
window_nu0.2,window,none,fidelity,False,True,16,0.2,25,0,False,iid,0.1,2,s015,8,22.499999999999996,13.858695652173914,8.0,71.0,56,50,46,4,0,6,0.92,12.1796875,0,0,0,0,0,3118,256,16,0,0,3,7.5,76.0
aeqkad_nu0.1,window,full,fidelity,False,True,16,0.1,25,0,False,iid,0.1,0,s015,2,28.749999999999996,16.358695652173914,16.0,53.0,56,37,35,2,0,6,0.7,11.609375,46,8,0,0,1,2972,256,16,0,0,1,12.0625,
aeqkad_nu0.1,window,full,fidelity,False,True,16,0.1,25,0,False,iid,0.1,0,s015,3,23.5,6.847826086956524,8.0,51.0,56,41,41,0,0,6,0.82,11.06640625,47,6,0,0,0,2833,256,16,0,0,0,9.0625,
aeqkad_nu0.1,window,full,fidelity,False,True,16,0.1,25,0,False,iid,0.1,0,s015,4,28.500000000000004,12.608695652173912,8.0,48.5,56,37,37,0,0,6,0.74,10.59765625,46,8,0,0,1,2713,256,16,0,0,0,17.8125,
aeqkad_nu0.1,window,full,fidelity,False,True,16,0.1,25,0,False,iid,0.1,0,s015,5,35.0,17.445652173913043,14.000000000000002,66.5,56,42,40,2,0,6,0.8,13.18359375,47,4,0,0,1,3375,256,16,0,0,0,11.625,
aeqkad_nu0.1,window,full,fidelity,False,True,16,0.1,25,0,False,iid,0.1,0,s015,6,28.000000000000004,10.434782608695654,10.0,65.5,56,41,39,2,0,6,0.78,11.55078125,49,6,0,0,2,2957,256,16,0,0,1,10.5625,
aeqkad_nu0.1,window,full,fidelity,False,True,16,0.1,25,0,False,iid,0.1,0,s015,7,28.000000000000004,12.934782608695656,2.0,69.5,56,47,44,3,0,6,0.88,13.73046875,52,4,1,0,1,3515,256,16,0,0,1,9.625,
aeqkad_nu0.1,window,full,fidelity,False,True,16,0.1,25,0,False,iid,0.1,0,s015,8,26.0,11.684782608695654,16.0,53.5,56,37,36,1,0,6,0.72,9.2734375,46,7,0,0,2,2374,256,16,0,0,1,14.0,12.0
aeqkad_nu0.1,window,full,fidelity,False,True,16,0.1,25,0,False,iid,0.1,1,s015,2,29.75,15.108695652173914,16.0,59.5,56,37,37,0,0,6,0.74,11.88671875,44,3,14,0,4,3043,256,16,0,0,0,11.4375,
aeqkad_nu0.1,window,full,fidelity,False,True,16,0.1,25,0,False,iid,0.1,1,s015,3,24.0,10.434782608695654,8.0,52.0,56,41,41,0,0,6,0.82,10.90234375,48,6,16,0,1,2791,256,16,0,0,0,9.5,
aeqkad_nu0.1,window,full,fidelity,False,True,16,0.1,25,0,False,iid,0.1,1,s015,4,28.749999999999996,18.858695652173914,8.0,53.5,56,38,37,1,0,6,0.74,10.74609375,50,8,14,0,4,2751,256,16,0,0,1,15.5,
aeqkad_nu0.1,window,full,fidelity,False,True,16,0.1,25,0,False,iid,0.1,1,s015,5,30.000000000000004,15.434782608695654,12.0,65.0,56,41,39,2,0,6,0.78,13.27734375,50,6,18,0,3,3399,256,16,0,0,1,11.6875,
aeqkad_nu0.1,window,full,fidelity,False,True,16,0.1,25,0,False,iid,0.1,1,s015,6,31.500000000000007,20.869565217391305,8.0,62.5,56,42,39,3,0,6,0.78,11.8515625,51,6,20,0,3,3034,256,16,0,0,1,10.5,
aeqkad_nu0.1,window,full,fidelity,False,True,16,0.1,25,0,False,iid,0.1,1,s015,7,27.250000000000004,11.684782608695654,2.0,68.5,56,46,45,1,0,6,0.9,13.8515625,53,5,20,0,2,3546,256,16,0,0,0,10.5,
aeqkad_nu0.1,window,full,fidelity,False,True,16,0.1,25,0,False,iid,0.1,1,s015,8,27.500000000000004,8.42391304347826,20.0,56.00000000000001,56,37,36,1,0,6,0.72,9.67578125,45,6,17,0,2,2477,256,16,0,0,0,14.125,56.00000000000001
aeqkad_nu0.1,window,full,fidelity,False,True,16,0.1,25,0,False,iid,0.1,2,s015,2,24.25,18.532608695652172,18.0,58.5,56,37,36,1,0,6,0.72,11.49609375,43,4,0,0,2,2943,256,16,0,0,1,12.75,
aeqkad_nu0.1,window,full,fidelity,False,True,16,0.1,25,0,False,iid,0.1,2,s015,3,23.5,10.434782608695654,8.0,56.49999999999999,56,43,41,2,0,6,0.82,11.21875,50,6,0,0,1,2872,256,16,0,0,2,8.5,
aeqkad_nu0.1,window,full,fidelity,False,True,16,0.1,25,0,False,iid,0.1,2,s015,4,30.5,15.108695652173914,6.0,56.99999999999999,56,38,37,1,0,6,0.74,10.84375,48,10,0,0,0,2776,256,16,0,0,1,15.8125,
aeqkad_nu0.1,window,full,fidelity,False,True,16,0.1,25,0,False,iid,0.1,2,s015,5,30.75,12.934782608695656,14.000000000000002,61.0,56,42,39,3,0,6,0.78,12.8671875,47,5,0,0,0,3294,256,16,0,0,1,12.375,
aeqkad_nu0.1,window,full,fidelity,False,True,16,0.1,25,0,False,iid,0.1,2,s015,6,28.749999999999996,20.869565217391305,10.0,66.0,56,41,39,2,0,6,0.78,11.50390625,48,7,0,0,0,2945,256,16,0,0,1,10.5,
aeqkad_nu0.1,window,full,fidelity,False,True,16,0.1,25,0,False,iid,0.1,2,s015,7,27.249999999999996,17.445652173913043,2.0,68.5,56,49,45,4,0,6,0.9,13.9453125,55,5,1,0,1,3570,256,16,0,0,3,9.375,
aeqkad_nu0.1,window,full,fidelity,False,True,16,0.1,25,0,False,iid,0.1,2,s015,8,32.5,10.434782608695654,14.000000000000002,58.5,56,36,35,1,0,6,0.7,9.87890625,46,9,0,0,1,2529,256,16,0,0,1,16.6875,2.0
aeqkad_nu0.2,window,full,fidelity,False,True,16,0.2,25,0,False,iid,0.1,0,s015,2,28.749999999999996,16.358695652173914,16.0,53.0,56,37,35,2,0,6,0.7,11.63671875,46,8,0,0,1,2979,256,16,0,0,1,12.0625,
aeqkad_nu0.2,window,full,fidelity,False,True,16,0.2,25,0,False,iid,0.1,0,s015,3,23.5,6.847826086956524,8.0,51.0,56,41,41,0,0,6,0.82,11.06640625,47,6,0,0,0,2833,256,16,0,0,0,9.0625,
aeqkad_nu0.2,window,full,fidelity,False,True,16,0.2,25,0,False,iid,0.1,0,s015,4,28.500000000000004,12.608695652173912,8.0,48.5,56,37,37,0,0,6,0.74,10.578125,46,8,0,0,1,2708,256,16,0,0,0,17.8125,
aeqkad_nu0.2,window,full,fidelity,False,True,16,0.2,25,0,False,iid,0.1,0,s015,5,35.0,17.445652173913043,14.000000000000002,66.5,56,42,40,2,0,6,0.8,13.2109375,47,4,0,0,1,3382,256,16,0,0,0,11.625,
aeqkad_nu0.2,window,full,fidelity,False,True,16,0.2,25,0,False,iid,0.1,0,s015,6,28.000000000000004,10.434782608695654,10.0,65.5,56,41,39,2,0,6,0.78,11.5546875,49,6,0,0,2,2958,256,16,0,0,1,10.5625,
aeqkad_nu0.2,window,full,fidelity,False,True,16,0.2,25,0,False,iid,0.1,0,s015,7,28.000000000000004,12.934782608695656,2.0,69.0,56,47,44,3,0,6,0.88,13.73046875,52,4,1,0,1,3515,256,16,0,0,1,9.625,
aeqkad_nu0.2,window,full,fidelity,False,True,16,0.2,25,0,False,iid,0.1,0,s015,8,26.0,11.684782608695654,16.0,53.5,56,37,36,1,0,6,0.72,9.25390625,46,7,0,0,2,2369,256,16,0,0,1,14.0,12.0
aeqkad_nu0.2,window,full,fidelity,False,True,16,0.2,25,0,False,iid,0.1,1,s015,2,29.75,15.108695652173914,16.0,59.5,56,37,37,0,0,6,0.74,11.88671875,44,3,14,0,4,3043,256,16,0,0,0,11.4375,
aeqkad_nu0.2,window,full,fidelity,False,True,16,0.2,25,0,False,iid,0.1,1,s015,3,24.0,10.434782608695654,8.0,52.0,56,41,41,0,0,6,0.82,10.90234375,48,6,16,0,1,2791,256,16,0,0,0,9.5,
aeqkad_nu0.2,window,full,fidelity,False,True,16,0.2,25,0,False,iid,0.1,1,s015,4,28.749999999999996,18.858695652173914,8.0,53.5,56,38,37,1,0,6,0.74,10.74609375,50,8,14,0,4,2751,256,16,0,0,1,15.5,
aeqkad_nu0.2,window,full,fidelity,False,True,16,0.2,25,0,False,iid,0.1,1,s015,5,30.000000000000004,15.434782608695654,12.0,65.0,56,41,39,2,0,6,0.78,13.28125,50,6,18,0,3,3400,256,16,0,0,1,11.6875,
aeqkad_nu0.2,window,full,fidelity,False,True,16,0.2,25,0,False,iid,0.1,1,s015,6,31.500000000000007,20.869565217391305,8.0,62.5,56,42,39,3,0,6,0.78,11.8515625,51,6,20,0,3,3034,256,16,0,0,1,10.5,
aeqkad_nu0.2,window,full,fidelity,False,True,16,0.2,25,0,False,iid,0.1,1,s015,7,27.250000000000004,11.684782608695654,2.0,68.5,56,46,45,1,0,6,0.9,13.8515625,53,5,20,0,2,3546,256,16,0,0,0,10.5,
aeqkad_nu0.2,window,full,fidelity,False,True,16,0.2,25,0,False,iid,0.1,1,s015,8,27.500000000000004,8.42391304347826,20.0,56.00000000000001,56,37,36,1,0,6,0.72,9.67578125,45,6,17,0,2,2477,256,16,0,0,0,14.125,56.00000000000001
aeqkad_nu0.2,window,full,fidelity,False,True,16,0.2,25,0,False,iid,0.1,2,s015,2,24.25,18.532608695652172,18.0,58.5,56,37,36,1,0,6,0.72,11.6953125,43,4,0,0,2,2994,256,16,0,0,1,12.75,
aeqkad_nu0.2,window,full,fidelity,False,True,16,0.2,25,0,False,iid,0.1,2,s015,3,23.5,10.434782608695654,8.0,56.49999999999999,56,43,41,2,0,6,0.82,11.21875,50,6,0,0,1,2872,256,16,0,0,2,8.5,
aeqkad_nu0.2,window,full,fidelity,False,True,16,0.2,25,0,False,iid,0.1,2,s015,4,30.5,15.108695652173914,6.0,56.99999999999999,56,38,37,1,0,6,0.74,10.84765625,48,10,0,0,0,2777,256,16,0,0,1,15.8125,
aeqkad_nu0.2,window,full,fidelity,False,True,16,0.2,25,0,False,iid,0.1,2,s015,5,30.75,12.934782608695656,14.000000000000002,61.0,56,42,39,3,0,6,0.78,12.8671875,47,5,0,0,0,3294,256,16,0,0,1,12.375,
aeqkad_nu0.2,window,full,fidelity,False,True,16,0.2,25,0,False,iid,0.1,2,s015,6,28.749999999999996,20.869565217391305,10.0,66.0,56,41,39,2,0,6,0.78,11.5,48,7,0,0,0,2944,256,16,0,0,1,10.5,
aeqkad_nu0.2,window,full,fidelity,False,True,16,0.2,25,0,False,iid,0.1,2,s015,7,27.249999999999996,17.445652173913043,2.0,68.5,56,49,45,4,0,6,0.9,13.9453125,55,5,1,0,1,3570,256,16,0,0,3,9.375,
aeqkad_nu0.2,window,full,fidelity,False,True,16,0.2,25,0,False,iid,0.1,2,s015,8,32.5,10.434782608695654,14.000000000000002,58.5,56,36,35,1,0,6,0.7,9.85546875,46,9,0,0,1,2523,256,16,0,0,1,16.6875,2.0
window_nu0.1,window,none,fidelity,False,True,16,0.1,25,0,False,iid,0.1,0,s016,2,14.000000000000002,7.01086956521739,4.0,41.0,56,52,48,4,0,6,0.96,13.27734375,0,0,0,0,0,3399,256,16,0,0,0,7.5,
window_nu0.1,window,none,fidelity,False,True,16,0.1,25,0,False,iid,0.1,0,s016,3,24.0,14.184782608695654,14.000000000000002,40.5,56,46,43,3,0,6,0.86,13.9140625,0,0,0,0,0,3562,256,16,0,0,0,7.5,
window_nu0.1,window,none,fidelity,False,True,16,0.1,25,0,False,iid,0.1,0,s016,4,35.25,17.445652173913043,14.000000000000002,65.0,56,49,43,6,0,6,0.86,15.62109375,0,0,0,0,0,3999,256,16,0,0,1,7.5625,
window_nu0.1,window,none,fidelity,False,True,16,0.1,25,0,False,iid,0.1,0,s016,5,19.499999999999996,1.25,12.0,54.0,56,45,44,1,0,6,0.88,14.25390625,0,0,0,0,0,3649,256,16,0,0,0,8.4375,
window_nu0.1,window,none,fidelity,False,True,16,0.1,25,0,False,iid,0.1,0,s016,6,28.249999999999996,11.684782608695654,10.0,66.5,56,50,45,5,0,6,0.9,14.23828125,0,0,0,0,0,3645,256,16,0,0,3,8.125,
window_nu0.1,window,none,fidelity,False,True,16,0.1,25,0,False,iid,0.1,0,s016,7,22.499999999999996,15.108695652173914,8.0,78.5,56,51,46,5,0,6,0.92,12.01171875,0,0,0,0,0,3075,256,16,0,0,2,8.5,
window_nu0.1,window,none,fidelity,False,True,16,0.1,25,0,False,iid,0.1,0,s016,8,24.75,12.771739130434783,10.0,61.5,56,50,45,5,0,6,0.9,12.58984375,0,0,0,0,0,3223,256,16,0,0,1,7.875,18.0
window_nu0.1,window,none,fidelity,False,True,16,0.1,25,0,False,iid,0.1,1,s016,2,9.749999999999998,0.0,8.0,22.0,56,47,46,1,0,6,0.92,12.6328125,0,0,0,0,0,3234,256,16,0,0,0,8.875,
window_nu0.1,window,none,fidelity,False,True,16,0.1,25,0,False,iid,0.1,1,s016,3,28.500000000000004,15.108695652173914,22.0,46.0,56,41,39,2,0,6,0.78,13.48046875,0,0,0,0,0,3451,256,16,0,0,1,9.25,
window_nu0.1,window,none,fidelity,False,True,16,0.1,25,0,False,iid,0.1,1,s016,4,35.25,14.021739130434785,26.0,47.0,56,39,37,2,0,6,0.74,15.3125,0,0,0,0,0,3920,256,16,0,0,1,11.0625,
window_nu0.1,window,none,fidelity,False,True,16,0.1,25,0,False,iid,0.1,1,s016,5,15.250000000000002,5.760869565217389,16.0,41.5,56,44,42,2,0,6,0.84,14.20703125,0,0,0,0,0,3637,256,16,0,0,0,9.9375,
window_nu0.1,window,none,fidelity,False,True,16,0.1,25,0,False,iid,0.1,1,s016,6,27.250000000000004,17.445652173913043,12.0,56.00000000000001,56,48,44,4,0,6,0.88,13.96875,0,0,0,0,0,3576,256,16,0,0,0,7.5,
window_nu0.1,window,none,fidelity,False,True,16,0.1,25,0,False,iid,0.1,1,s016,7,39.75,41.90217391304347,38.0,50.5,56,35,31,4,0,6,0.62,11.5078125,0,0,0,0,0,2946,256,16,0,0,3,9.0,
window_nu0.1,window,none,fidelity,False,True,16,0.1,25,0,False,iid,0.1,1,s016,8,29.000000000000004,15.108695652173914,12.0,59.5,56,46,44,2,0,6,0.88,12.765625,0,0,0,0,0,3268,256,16,0,0,1,9.3125,42.0
window_nu0.1,window,none,fidelity,False,True,16,0.1,25,0,False,iid,0.1,2,s016,2,10.0,0.0,4.0,37.5,56,49,48,1,0,6,0.96,12.875,0,0,0,0,0,3296,256,16,0,0,0,7.5,
window_nu0.1,window,none,fidelity,False,True,16,0.1,25,0,False,iid,0.1,2,s016,3,27.750000000000004,12.771739130434783,16.0,55.50000000000001,56,45,42,3,0,6,0.84,13.859375,0,0,0,0,0,3548,256,16,0,0,0,7.5,
window_nu0.1,window,none,fidelity,False,True,16,0.1,25,0,False,iid,0.1,2,s016,4,30.0,14.021739130434785,20.0,55.50000000000001,56,43,40,3,0,6,0.8,15.3984375,0,0,0,0,0,3942,256,16,0,0,2,8.5,
window_nu0.1,window,none,fidelity,False,True,16,0.1,25,0,False,iid,0.1,2,s016,5,20.0,7.17391304347826,14.000000000000002,66.5,56,46,43,3,0,6,0.86,14.51171875,0,0,0,0,0,3715,256,16,0,0,1,8.4375,
window_nu0.1,window,none,fidelity,False,True,16,0.1,25,0,False,iid,0.1,2,s016,6,28.000000000000004,6.847826086956524,12.0,73.5,56,47,44,3,0,6,0.88,13.96875,0,0,0,0,0,3576,256,16,0,0,0,7.625,
window_nu0.1,window,none,fidelity,False,True,16,0.1,25,0,False,iid,0.1,2,s016,7,33.5,32.55434782608696,26.0,66.0,56,41,37,4,0,6,0.74,11.42578125,0,0,0,0,0,2925,256,16,0,0,2,8.625,
window_nu0.1,window,none,fidelity,False,True,16,0.1,25,0,False,iid,0.1,2,s016,8,29.75,15.108695652173914,6.0,73.5,56,51,47,4,0,6,0.94,13.30078125,0,0,0,0,0,3405,256,16,0,0,0,7.8125,16.0
window_nu0.2,window,none,fidelity,False,True,16,0.2,25,0,False,iid,0.1,0,s016,2,14.000000000000002,7.01086956521739,4.0,41.0,56,52,48,4,0,6,0.96,13.25,0,0,0,0,0,3392,256,16,0,0,0,7.5,
window_nu0.2,window,none,fidelity,False,True,16,0.2,25,0,False,iid,0.1,0,s016,3,24.0,14.184782608695654,14.000000000000002,40.5,56,46,43,3,0,6,0.86,13.9375,0,0,0,0,0,3568,256,16,0,0,0,7.5,
window_nu0.2,window,none,fidelity,False,True,16,0.2,25,0,False,iid,0.1,0,s016,4,35.25,17.445652173913043,14.000000000000002,65.0,56,49,43,6,0,6,0.86,15.62109375,0,0,0,0,0,3999,256,16,0,0,1,7.5625,
window_nu0.2,window,none,fidelity,False,True,16,0.2,25,0,False,iid,0.1,0,s016,5,19.499999999999996,1.25,12.0,54.0,56,45,44,1,0,6,0.88,14.25390625,0,0,0,0,0,3649,256,16,0,0,0,8.4375,
window_nu0.2,window,none,fidelity,False,True,16,0.2,25,0,False,iid,0.1,0,s016,6,28.249999999999996,11.684782608695654,10.0,66.5,56,50,45,5,0,6,0.9,14.30859375,0,0,0,0,0,3663,256,16,0,0,3,8.125,
window_nu0.2,window,none,fidelity,False,True,16,0.2,25,0,False,iid,0.1,0,s016,7,22.499999999999996,15.108695652173914,8.0,78.5,56,51,46,5,0,6,0.92,12.05859375,0,0,0,0,0,3087,256,16,0,0,2,8.5,
window_nu0.2,window,none,fidelity,False,True,16,0.2,25,0,False,iid,0.1,0,s016,8,24.75,12.771739130434783,10.0,61.5,56,50,45,5,0,6,0.9,12.5390625,0,0,0,0,0,3210,256,16,0,0,1,7.875,18.0
window_nu0.2,window,none,fidelity,False,True,16,0.2,25,0,False,iid,0.1,1,s016,2,9.749999999999998,0.0,8.0,22.0,56,47,46,1,0,6,0.92,12.66015625,0,0,0,0,0,3241,256,16,0,0,0,8.875,
window_nu0.2,window,none,fidelity,False,True,16,0.2,25,0,False,iid,0.1,1,s016,3,28.500000000000004,15.108695652173914,22.0,46.0,56,41,39,2,0,6,0.78,13.48046875,0,0,0,0,0,3451,256,16,0,0,1,9.25,
window_nu0.2,window,none,fidelity,False,True,16,0.2,25,0,False,iid,0.1,1,s016,4,35.25,14.021739130434785,26.0,47.0,56,39,37,2,0,6,0.74,15.3125,0,0,0,0,0,3920,256,16,0,0,1,11.0625,
window_nu0.2,window,none,fidelity,False,True,16,0.2,25,0,False,iid,0.1,1,s016,5,15.250000000000002,5.760869565217389,16.0,41.5,56,44,42,2,0,6,0.84,14.2578125,0,0,0,0,0,3650,256,16,0,0,0,9.9375,
window_nu0.2,window,none,fidelity,False,True,16,0.2,25,0,False,iid,0.1,1,s016,6,27.250000000000004,17.445652173913043,12.0,56.00000000000001,56,48,44,4,0,6,0.88,13.9453125,0,0,0,0,0,3570,256,16,0,0,0,7.5,
window_nu0.2,window,none,fidelity,False,True,16,0.2,25,0,False,iid,0.1,1,s016,7,39.75,41.90217391304347,38.0,50.5,56,35,31,4,0,6,0.62,11.5078125,0,0,0,0,0,2946,256,16,0,0,3,9.0,
window_nu0.2,window,none,fidelity,False,True,16,0.2,25,0,False,iid,0.1,1,s016,8,28.749999999999996,15.108695652173914,12.0,59.5,56,46,44,2,0,6,0.88,12.79296875,0,0,0,0,0,3275,256,16,0,0,1,9.3125,42.0
window_nu0.2,window,none,fidelity,False,True,16,0.2,25,0,False,iid,0.1,2,s016,2,10.0,0.0,4.0,37.5,56,49,48,1,0,6,0.96,12.875,0,0,0,0,0,3296,256,16,0,0,0,7.5,
window_nu0.2,window,none,fidelity,False,True,16,0.2,25,0,False,iid,0.1,2,s016,3,27.750000000000004,12.771739130434783,16.0,55.50000000000001,56,45,42,3,0,6,0.84,13.859375,0,0,0,0,0,3548,256,16,0,0,0,7.5,
window_nu0.2,window,none,fidelity,False,True,16,0.2,25,0,False,iid,0.1,2,s016,4,30.0,14.021739130434785,20.0,55.50000000000001,56,43,40,3,0,6,0.8,15.3984375,0,0,0,0,0,3942,256,16,0,0,2,8.5,
window_nu0.2,window,none,fidelity,False,True,16,0.2,25,0,False,iid,0.1,2,s016,5,20.0,7.17391304347826,14.000000000000002,66.5,56,46,43,3,0,6,0.86,14.55859375,0,0,0,0,0,3727,256,16,0,0,1,8.4375,
window_nu0.2,window,none,fidelity,False,True,16,0.2,25,0,False,iid,0.1,2,s016,6,28.000000000000004,6.847826086956524,12.0,73.5,56,47,44,3,0,6,0.88,13.9921875,0,0,0,0,0,3582,256,16,0,0,0,7.625,
window_nu0.2,window,none,fidelity,False,True,16,0.2,25,0,False,iid,0.1,2,s016,7,33.5,32.55434782608696,26.0,66.0,56,41,37,4,0,6,0.74,11.44921875,0,0,0,0,0,2931,256,16,0,0,2,8.625,
window_nu0.2,window,none,fidelity,False,True,16,0.2,25,0,False,iid,0.1,2,s016,8,29.75,15.108695652173914,6.0,73.5,56,51,47,4,0,6,0.94,13.3046875,0,0,0,0,0,3406,256,16,0,0,0,7.8125,16.0
aeqkad_nu0.1,window,full,fidelity,False,True,16,0.1,25,0,False,iid,0.1,0,s016,2,11.249999999999998,0.0,4.0,27.0,56,42,42,0,0,6,0.84,12.52734375,51,6,14,0,3,3207,256,16,0,0,0,11.0,
aeqkad_nu0.1,window,full,fidelity,False,True,16,0.1,25,0,False,iid,0.1,0,s016,3,28.500000000000004,15.108695652173914,28.000000000000004,29.5,56,15,15,0,0,6,0.3,11.4921875,38,10,2,0,13,2942,256,16,0,0,0,19.1875,
aeqkad_nu0.1,window,full,fidelity,False,True,16,0.1,25,0,False,iid,0.1,0,s016,4,30.000000000000004,11.684782608695654,26.0,38.5,56,23,22,1,0,6,0.44,13.828125,39,13,5,0,3,3540,256,16,0,0,1,17.4375,
aeqkad_nu0.1,window,full,fidelity,False,True,16,0.1,25,0,False,iid,0.1,0,s016,5,17.000000000000004,1.25,12.0,46.0,56,39,39,0,0,6,0.78,13.84765625,46,6,10,0,1,3545,256,16,0,0,0,10.3125,
aeqkad_nu0.1,window,full,fidelity,False,True,16,0.1,25,0,False,iid,0.1,0,s016,6,21.749999999999996,7.01086956521739,14.000000000000002,35.5,56,29,29,0,0,6,0.58,11.48828125,46,10,6,0,7,2941,256,16,0,0,0,11.0625,
aeqkad_nu0.1,window,full,fidelity,False,True,16,0.1,25,0,False,iid,0.1,0,s016,7,62.0,57.01086956521739,88.0,38.0,56,2,2,0,0,6,0.04,9.328125,7,1,0,0,4,2388,256,16,0,0,0,61.9375,
aeqkad_nu0.1,window,full,fidelity,False,True,16,0.1,25,0,False,iid,0.1,0,s016,8,61.5,55.7608695652174,62.0,44.5,56,9,9,0,0,6,0.18,10.140625,21,7,3,0,5,2596,256,16,0,0,0,50.5,16.0
aeqkad_nu0.1,window,full,fidelity,False,True,16,0.1,25,0,False,iid,0.1,1,s016,2,9.0,0.0,8.0,23.5,56,41,41,0,0,6,0.82,12.109375,47,2,27,0,4,3100,256,16,0,0,0,13.125,
aeqkad_nu0.1,window,full,fidelity,False,True,16,0.1,25,0,False,iid,0.1,1,s016,3,27.750000000000004,12.771739130434783,32.0,19.0,56,15,15,0,0,6,0.3,10.6875,34,8,4,0,11,2736,256,16,0,0,0,20.0625,
aeqkad_nu0.1,window,full,fidelity,False,True,16,0.1,25,0,False,iid,0.1,1,s016,4,29.75,13.858695652173914,32.0,28.999999999999996,56,21,21,0,0,6,0.42,13.5625,36,11,12,0,4,3472,256,16,0,0,0,21.125,
aeqkad_nu0.1,window,full,fidelity,False,True,16,0.1,25,0,False,iid,0.1,1,s016,5,21.499999999999996,2.33695652173913,14.000000000000002,34.5,56,33,33,0,0,6,0.66,13.29296875,43,5,20,0,5,3403,256,16,0,0,0,11.625,
aeqkad_nu0.1,window,full,fidelity,False,True,16,0.1,25,0,False,iid,0.1,1,s016,6,22.499999999999996,7.01086956521739,16.0,31.0,56,30,30,0,0,6,0.6,11.359375,44,9,20,0,5,2908,256,16,0,0,0,8.3125,
aeqkad_nu0.1,window,full,fidelity,False,True,16,0.1,25,0,False,iid,0.1,1,s016,7,61.25000000000001,55.92391304347826,88.0,28.499999999999996,56,2,2,0,0,6,0.04,10.60546875,9,4,0,0,3,2715,256,16,0,0,0,60.0,
aeqkad_nu0.1,window,full,fidelity,False,True,16,0.1,25,0,False,iid,0.1,1,s016,8,58.25,57.01086956521739,68.0,40.0,56,9,9,0,0,6,0.18,10.3359375,18,5,4,0,4,2646,256,16,0,0,0,50.6875,6.0
aeqkad_nu0.1,window,full,fidelity,False,True,16,0.1,25,0,False,iid,0.1,2,s016,2,9.749999999999998,0.0,4.0,32.0,56,41,41,0,0,6,0.82,12.1328125,49,5,0,0,3,3106,256,16,0,0,0,10.8125,
aeqkad_nu0.1,window,full,fidelity,False,True,16,0.1,25,0,False,iid,0.1,2,s016,3,30.000000000000004,12.771739130434783,30.0,31.5,56,19,19,0,0,6,0.38,11.21875,38,15,0,0,4,2872,256,16,0,0,0,13.625,
aeqkad_nu0.1,window,full,fidelity,False,True,16,0.1,25,0,False,iid,0.1,2,s016,4,31.25,13.858695652173914,30.0,49.5,56,22,22,0,0,6,0.44,14.30078125,36,12,0,0,2,3661,256,16,0,0,0,19.25,
aeqkad_nu0.1,window,full,fidelity,False,True,16,0.1,25,0,False,iid,0.1,2,s016,5,20.0,0.0,10.0,51.5,56,32,32,0,0,6,0.64,13.2265625,47,11,0,0,4,3386,256,16,0,0,0,11.0625,
aeqkad_nu0.1,window,full,fidelity,False,True,16,0.1,25,0,False,iid,0.1,2,s016,6,22.249999999999996,10.434782608695654,14.000000000000002,44.0,56,29,29,0,0,6,0.58,11.44140625,45,13,0,0,3,2929,256,16,0,0,0,9.25,
aeqkad_nu0.1,window,full,fidelity,False,True,16,0.1,25,0,False,iid,0.1,2,s016,7,58.25,46.25,88.0,32.0,56,2,2,0,0,6,0.04,9.0078125,7,2,0,0,3,2306,256,16,0,0,0,60.375,
aeqkad_nu0.1,window,full,fidelity,False,True,16,0.1,25,0,False,iid,0.1,2,s016,8,56.49999999999999,58.26086956521739,62.0,52.0,56,9,9,0,0,6,0.18,9.29296875,23,10,0,0,4,2379,256,16,0,0,0,49.875,28.000000000000004
aeqkad_nu0.2,window,full,fidelity,False,True,16,0.2,25,0,False,iid,0.1,0,s016,2,10.999999999999998,0.0,4.0,27.0,56,42,42,0,0,6,0.84,12.62890625,51,6,14,0,3,3233,256,16,0,0,0,11.0,
aeqkad_nu0.2,window,full,fidelity,False,True,16,0.2,25,0,False,iid,0.1,0,s016,3,28.500000000000004,15.108695652173914,28.000000000000004,29.5,56,15,15,0,0,6,0.3,11.4921875,38,10,2,0,13,2942,256,16,0,0,0,19.1875,
aeqkad_nu0.2,window,full,fidelity,False,True,16,0.2,25,0,False,iid,0.1,0,s016,4,30.000000000000004,11.684782608695654,26.0,38.5,56,23,22,1,0,6,0.44,13.85546875,39,13,6,0,3,3547,256,16,0,0,1,17.4375,
aeqkad_nu0.2,window,full,fidelity,False,True,16,0.2,25,0,False,iid,0.1,0,s016,5,17.000000000000004,1.25,12.0,46.0,56,39,39,0,0,6,0.78,13.87109375,46,6,10,0,1,3551,256,16,0,0,0,10.3125,
aeqkad_nu0.2,window,full,fidelity,False,True,16,0.2,25,0,False,iid,0.1,0,s016,6,21.749999999999996,7.01086956521739,14.000000000000002,35.5,56,29,29,0,0,6,0.58,11.4609375,46,10,6,0,7,2934,256,16,0,0,0,11.0625,
aeqkad_nu0.2,window,full,fidelity,False,True,16,0.2,25,0,False,iid,0.1,0,s016,7,62.0,57.01086956521739,88.0,37.5,56,2,2,0,0,6,0.04,9.328125,7,1,0,0,4,2388,256,16,0,0,0,61.9375,
aeqkad_nu0.2,window,full,fidelity,False,True,16,0.2,25,0,False,iid,0.1,0,s016,8,61.5,55.7608695652174,62.0,44.5,56,9,9,0,0,6,0.18,10.140625,21,7,3,0,5,2596,256,16,0,0,0,50.5,16.0
aeqkad_nu0.2,window,full,fidelity,False,True,16,0.2,25,0,False,iid,0.1,1,s016,2,9.0,0.0,8.0,23.5,56,41,41,0,0,6,0.82,12.109375,47,2,27,0,4,3100,256,16,0,0,0,13.125,
aeqkad_nu0.2,window,full,fidelity,False,True,16,0.2,25,0,False,iid,0.1,1,s016,3,27.750000000000004,12.771739130434783,32.0,19.0,56,15,15,0,0,6,0.3,10.6875,34,8,4,0,11,2736,256,16,0,0,0,20.0625,
aeqkad_nu0.2,window,full,fidelity,False,True,16,0.2,25,0,False,iid,0.1,1,s016,4,29.75,13.858695652173914,32.0,28.999999999999996,56,21,21,0,0,6,0.42,13.5625,36,11,12,0,4,3472,256,16,0,0,0,21.125,
aeqkad_nu0.2,window,full,fidelity,False,True,16,0.2,25,0,False,iid,0.1,1,s016,5,21.499999999999996,2.33695652173913,14.000000000000002,34.5,56,33,33,0,0,6,0.66,13.29296875,43,5,20,0,5,3403,256,16,0,0,0,11.625,
aeqkad_nu0.2,window,full,fidelity,False,True,16,0.2,25,0,False,iid,0.1,1,s016,6,22.499999999999996,7.01086956521739,16.0,31.5,56,30,30,0,0,6,0.6,11.328125,44,9,20,0,5,2900,256,16,0,0,0,8.3125,
aeqkad_nu0.2,window,full,fidelity,False,True,16,0.2,25,0,False,iid,0.1,1,s016,7,61.25000000000001,55.92391304347826,88.0,28.499999999999996,56,2,2,0,0,6,0.04,10.60546875,9,4,0,0,3,2715,256,16,0,0,0,60.0,
aeqkad_nu0.2,window,full,fidelity,False,True,16,0.2,25,0,False,iid,0.1,1,s016,8,58.25,57.01086956521739,68.0,40.0,56,9,9,0,0,6,0.18,10.3828125,18,5,4,0,4,2658,256,16,0,0,0,50.6875,6.0
aeqkad_nu0.2,window,full,fidelity,False,True,16,0.2,25,0,False,iid,0.1,2,s016,2,9.749999999999998,0.0,4.0,32.0,56,41,41,0,0,6,0.82,12.1328125,49,5,0,0,3,3106,256,16,0,0,0,10.8125,
aeqkad_nu0.2,window,full,fidelity,False,True,16,0.2,25,0,False,iid,0.1,2,s016,3,30.000000000000004,12.771739130434783,30.0,31.5,56,19,19,0,0,6,0.38,11.21875,38,15,0,0,4,2872,256,16,0,0,0,13.625,
aeqkad_nu0.2,window,full,fidelity,False,True,16,0.2,25,0,False,iid,0.1,2,s016,4,31.25,13.858695652173914,30.0,49.5,56,22,22,0,0,6,0.44,14.30078125,36,12,0,0,2,3661,256,16,0,0,0,19.25,
aeqkad_nu0.2,window,full,fidelity,False,True,16,0.2,25,0,False,iid,0.1,2,s016,5,20.249999999999996,0.0,10.0,51.5,56,32,32,0,0,6,0.64,13.27734375,47,11,0,0,4,3399,256,16,0,0,0,11.0625,
aeqkad_nu0.2,window,full,fidelity,False,True,16,0.2,25,0,False,iid,0.1,2,s016,6,22.249999999999996,10.434782608695654,14.000000000000002,44.0,56,29,29,0,0,6,0.58,11.44140625,45,13,0,0,3,2929,256,16,0,0,0,9.25,
aeqkad_nu0.2,window,full,fidelity,False,True,16,0.2,25,0,False,iid,0.1,2,s016,7,58.25,46.25,88.0,32.0,56,2,2,0,0,6,0.04,9.0078125,7,2,0,0,3,2306,256,16,0,0,0,60.375,
aeqkad_nu0.2,window,full,fidelity,False,True,16,0.2,25,0,False,iid,0.1,2,s016,8,56.49999999999999,58.26086956521739,62.0,52.0,56,9,9,0,0,6,0.18,9.29296875,23,10,0,0,4,2379,256,16,0,0,0,49.875,28.000000000000004
window_nu0.1,window,none,fidelity,False,True,16,0.1,25,0,False,iid,0.1,0,s017,2,15.750000000000004,0.0,18.0,11.5,56,42,41,1,0,6,0.82,14.03515625,0,0,0,0,0,3593,256,16,0,0,0,8.625,
window_nu0.1,window,none,fidelity,False,True,16,0.1,25,0,False,iid,0.1,0,s017,3,9.749999999999998,0.0,12.0,8.0,56,45,44,1,0,6,0.88,13.4453125,0,0,0,0,0,3442,256,16,0,0,1,9.0625,
window_nu0.1,window,none,fidelity,False,True,16,0.1,25,0,False,iid,0.1,0,s017,4,14.500000000000002,0.0,18.0,8.0,56,41,41,0,0,6,0.82,11.28125,0,0,0,0,0,2888,256,16,0,0,0,11.0,
window_nu0.1,window,none,fidelity,False,True,16,0.1,25,0,False,iid,0.1,0,s017,5,9.499999999999998,1.25,10.0,6.0,56,46,45,1,0,6,0.9,11.90234375,0,0,0,0,0,3047,256,16,0,0,1,8.6875,
window_nu0.1,window,none,fidelity,False,True,16,0.1,25,0,False,iid,0.1,0,s017,6,12.25,0.0,16.0,9.0,56,43,42,1,0,6,0.84,12.125,0,0,0,0,0,3104,256,16,0,0,0,10.0,
window_nu0.1,window,none,fidelity,False,True,16,0.1,25,0,False,iid,0.1,0,s017,7,9.0,1.25,10.0,10.5,56,46,45,1,0,6,0.9,11.93359375,0,0,0,0,0,3055,256,16,0,0,0,9.125,
window_nu0.1,window,none,fidelity,False,True,16,0.1,25,0,False,iid,0.1,0,s017,8,7.249999999999998,0.0,8.0,10.5,56,46,46,0,0,6,0.92,11.734375,0,0,0,0,0,3004,256,16,0,0,0,10.0,6.0
window_nu0.1,window,none,fidelity,False,True,16,0.1,25,0,False,iid,0.1,1,s017,2,18.25,0.0,16.0,15.5,56,42,42,0,0,6,0.84,13.98828125,0,0,0,0,0,3581,256,16,0,0,0,9.0625,
window_nu0.1,window,none,fidelity,False,True,16,0.1,25,0,False,iid,0.1,1,s017,3,12.75,0.0,12.0,8.0,56,44,44,0,0,6,0.88,13.10546875,0,0,0,0,0,3355,256,16,0,0,0,11.3125,
window_nu0.1,window,none,fidelity,False,True,16,0.1,25,0,False,iid,0.1,1,s017,4,14.500000000000002,0.0,14.000000000000002,8.5,56,45,43,2,0,6,0.86,11.73828125,0,0,0,0,0,3005,256,16,0,0,0,9.8125,
window_nu0.1,window,none,fidelity,False,True,16,0.1,25,0,False,iid,0.1,1,s017,5,7.749999999999998,0.0,12.0,5.5,56,44,44,0,0,6,0.88,11.96484375,0,0,0,0,0,3063,256,16,0,0,0,10.8125,
window_nu0.1,window,none,fidelity,False,True,16,0.1,25,0,False,iid,0.1,1,s017,6,12.25,1.25,14.000000000000002,8.0,56,44,43,1,0,6,0.86,12.15625,0,0,0,0,0,3112,256,16,0,0,0,8.3125,
window_nu0.1,window,none,fidelity,False,True,16,0.1,25,0,False,iid,0.1,1,s017,7,7.999999999999999,0.0,10.0,10.0,56,45,45,0,0,6,0.9,12.1953125,0,0,0,0,0,3122,256,16,0,0,0,9.9375,
window_nu0.1,window,none,fidelity,False,True,16,0.1,25,0,False,iid,0.1,1,s017,8,6.749999999999997,0.0,8.0,7.5,56,46,46,0,0,6,0.92,11.76171875,0,0,0,0,0,3011,256,16,0,0,0,7.9375,0.0
window_nu0.1,window,none,fidelity,False,True,16,0.1,25,0,False,iid,0.1,2,s017,2,18.250000000000004,0.0,18.0,12.5,56,42,41,1,0,6,0.82,13.95703125,0,0,0,0,0,3573,256,16,0,0,0,7.9375,
window_nu0.1,window,none,fidelity,False,True,16,0.1,25,0,False,iid,0.1,2,s017,3,9.749999999999998,0.0,12.0,9.5,56,45,44,1,0,6,0.88,13.29296875,0,0,0,0,0,3403,256,16,0,0,0,10.25,
window_nu0.1,window,none,fidelity,False,True,16,0.1,25,0,False,iid,0.1,2,s017,4,12.75,0.0,18.0,7.000000000000001,56,41,41,0,0,6,0.82,11.0234375,0,0,0,0,0,2822,256,16,0,0,0,10.125,
window_nu0.1,window,none,fidelity,False,True,16,0.1,25,0,False,iid,0.1,2,s017,5,13.25,1.25,12.0,11.0,56,44,44,0,0,6,0.88,11.66015625,0,0,0,0,0,2985,256,16,0,0,0,9.625,
window_nu0.1,window,none,fidelity,False,True,16,0.1,25,0,False,iid,0.1,2,s017,6,16.75,1.25,14.000000000000002,7.000000000000001,56,44,43,1,0,6,0.86,12.21484375,0,0,0,0,0,3127,256,16,0,0,1,8.1875,
window_nu0.1,window,none,fidelity,False,True,16,0.1,25,0,False,iid,0.1,2,s017,7,8.75,0.0,10.0,11.5,56,45,45,0,0,6,0.9,11.7265625,0,0,0,0,0,3002,256,16,0,0,0,9.9375,
window_nu0.1,window,none,fidelity,False,True,16,0.1,25,0,False,iid,0.1,2,s017,8,7.999999999999999,0.0,8.0,13.0,56,46,46,0,0,6,0.92,11.97265625,0,0,0,0,0,3065,256,16,0,0,0,10.0,0.0
window_nu0.2,window,none,fidelity,False,True,16,0.2,25,0,False,iid,0.1,0,s017,2,15.750000000000004,0.0,18.0,11.5,56,42,41,1,0,6,0.82,14.03515625,0,0,0,0,0,3593,256,16,0,0,0,8.625,
window_nu0.2,window,none,fidelity,False,True,16,0.2,25,0,False,iid,0.1,0,s017,3,9.749999999999998,0.0,12.0,8.0,56,45,44,1,0,6,0.88,13.4453125,0,0,0,0,0,3442,256,16,0,0,1,9.0625,
window_nu0.2,window,none,fidelity,False,True,16,0.2,25,0,False,iid,0.1,0,s017,4,14.500000000000002,0.0,18.0,8.0,56,41,41,0,0,6,0.82,11.28125,0,0,0,0,0,2888,256,16,0,0,0,11.0,
window_nu0.2,window,none,fidelity,False,True,16,0.2,25,0,False,iid,0.1,0,s017,5,9.499999999999998,1.25,10.0,6.0,56,46,45,1,0,6,0.9,11.90234375,0,0,0,0,0,3047,256,16,0,0,1,8.6875,
window_nu0.2,window,none,fidelity,False,True,16,0.2,25,0,False,iid,0.1,0,s017,6,12.25,0.0,16.0,9.0,56,43,42,1,0,6,0.84,12.125,0,0,0,0,0,3104,256,16,0,0,0,10.0,
window_nu0.2,window,none,fidelity,False,True,16,0.2,25,0,False,iid,0.1,0,s017,7,9.0,1.25,10.0,10.5,56,46,45,1,0,6,0.9,11.93359375,0,0,0,0,0,3055,256,16,0,0,0,9.125,
window_nu0.2,window,none,fidelity,False,True,16,0.2,25,0,False,iid,0.1,0,s017,8,7.249999999999998,0.0,8.0,10.5,56,46,46,0,0,6,0.92,11.76171875,0,0,0,0,0,3011,256,16,0,0,0,10.0,6.0
window_nu0.2,window,none,fidelity,False,True,16,0.2,25,0,False,iid,0.1,1,s017,2,18.25,0.0,16.0,15.5,56,42,42,0,0,6,0.84,14.0625,0,0,0,0,0,3600,256,16,0,0,0,9.0625,
window_nu0.2,window,none,fidelity,False,True,16,0.2,25,0,False,iid,0.1,1,s017,3,12.75,0.0,12.0,8.0,56,44,44,0,0,6,0.88,13.10546875,0,0,0,0,0,3355,256,16,0,0,0,11.3125,
window_nu0.2,window,none,fidelity,False,True,16,0.2,25,0,False,iid,0.1,1,s017,4,14.500000000000002,0.0,14.000000000000002,8.5,56,45,43,2,0,6,0.86,11.73828125,0,0,0,0,0,3005,256,16,0,0,0,9.8125,
window_nu0.2,window,none,fidelity,False,True,16,0.2,25,0,False,iid,0.1,1,s017,5,7.749999999999998,0.0,12.0,5.5,56,44,44,0,0,6,0.88,11.984375,0,0,0,0,0,3068,256,16,0,0,0,10.8125,
window_nu0.2,window,none,fidelity,False,True,16,0.2,25,0,False,iid,0.1,1,s017,6,12.25,1.25,14.000000000000002,8.0,56,44,43,1,0,6,0.86,12.2265625,0,0,0,0,0,3130,256,16,0,0,0,8.3125,
window_nu0.2,window,none,fidelity,False,True,16,0.2,25,0,False,iid,0.1,1,s017,7,7.999999999999999,0.0,10.0,10.0,56,45,45,0,0,6,0.9,12.14453125,0,0,0,0,0,3109,256,16,0,0,0,9.9375,
window_nu0.2,window,none,fidelity,False,True,16,0.2,25,0,False,iid,0.1,1,s017,8,6.749999999999997,0.0,8.0,7.5,56,46,46,0,0,6,0.92,11.76171875,0,0,0,0,0,3011,256,16,0,0,0,7.9375,0.0
window_nu0.2,window,none,fidelity,False,True,16,0.2,25,0,False,iid,0.1,2,s017,2,18.250000000000004,0.0,18.0,12.5,56,42,41,1,0,6,0.82,13.95703125,0,0,0,0,0,3573,256,16,0,0,0,7.9375,
window_nu0.2,window,none,fidelity,False,True,16,0.2,25,0,False,iid,0.1,2,s017,3,9.749999999999998,0.0,12.0,9.5,56,45,44,1,0,6,0.88,13.29296875,0,0,0,0,0,3403,256,16,0,0,0,10.25,
window_nu0.2,window,none,fidelity,False,True,16,0.2,25,0,False,iid,0.1,2,s017,4,12.75,0.0,18.0,7.000000000000001,56,41,41,0,0,6,0.82,11.0234375,0,0,0,0,0,2822,256,16,0,0,0,10.125,
window_nu0.2,window,none,fidelity,False,True,16,0.2,25,0,False,iid,0.1,2,s017,5,13.25,1.25,12.0,11.0,56,44,44,0,0,6,0.88,11.66015625,0,0,0,0,0,2985,256,16,0,0,0,9.625,
window_nu0.2,window,none,fidelity,False,True,16,0.2,25,0,False,iid,0.1,2,s017,6,16.75,1.25,14.000000000000002,7.000000000000001,56,44,43,1,0,6,0.86,12.21875,0,0,0,0,0,3128,256,16,0,0,1,8.1875,
window_nu0.2,window,none,fidelity,False,True,16,0.2,25,0,False,iid,0.1,2,s017,7,8.75,0.0,10.0,11.5,56,45,45,0,0,6,0.9,11.75,0,0,0,0,0,3008,256,16,0,0,0,9.9375,
window_nu0.2,window,none,fidelity,False,True,16,0.2,25,0,False,iid,0.1,2,s017,8,7.999999999999999,0.0,8.0,13.0,56,46,46,0,0,6,0.92,11.9765625,0,0,0,0,0,3066,256,16,0,0,0,10.0,0.0
aeqkad_nu0.1,window,full,fidelity,False,True,16,0.1,25,0,False,iid,0.1,0,s017,2,12.5,0.0,14.000000000000002,13.5,56,33,33,0,0,6,0.66,13.9140625,44,11,0,0,0,3562,256,16,0,0,0,12.6875,
aeqkad_nu0.1,window,full,fidelity,False,True,16,0.1,25,0,False,iid,0.1,0,s017,3,9.749999999999998,0.0,12.0,9.5,56,41,41,0,0,6,0.82,12.96484375,45,4,0,0,0,3319,256,16,0,0,0,11.625,
aeqkad_nu0.1,window,full,fidelity,False,True,16,0.1,25,0,False,iid,0.1,0,s017,4,24.5,3.58695652173913,24.0,5.5,56,35,35,0,0,6,0.7,9.83984375,38,3,0,0,0,2519,256,16,0,0,0,11.5,
aeqkad_nu0.1,window,full,fidelity,False,True,16,0.1,25,0,False,iid,0.1,0,s017,5,7.999999999999999,1.25,8.0,6.5,56,43,42,1,0,6,0.84,11.53125,47,4,0,0,0,2952,256,16,0,0,1,9.6875,
aeqkad_nu0.1,window,full,fidelity,False,True,16,0.1,25,0,False,iid,0.1,0,s017,6,15.75,2.33695652173913,14.000000000000002,8.5,56,37,37,0,0,6,0.74,11.43359375,44,7,0,0,0,2927,256,16,0,0,0,11.25,
aeqkad_nu0.1,window,full,fidelity,False,True,16,0.1,25,0,False,iid,0.1,0,s017,7,12.0,1.25,12.0,8.5,56,42,42,0,0,6,0.84,11.33203125,45,3,0,0,0,2901,256,16,0,0,0,9.125,
aeqkad_nu0.1,window,full,fidelity,False,True,16,0.1,25,0,False,iid,0.1,0,s017,8,7.249999999999998,0.0,8.0,9.0,56,45,45,0,0,6,0.9,11.6328125,47,2,0,0,0,2978,256,16,0,0,0,10.0,2.0
aeqkad_nu0.1,window,full,fidelity,False,True,16,0.1,25,0,False,iid,0.1,1,s017,2,13.750000000000002,0.0,12.0,14.000000000000002,56,33,33,0,0,6,0.66,13.53515625,44,11,0,0,0,3465,256,16,0,0,0,13.625,
aeqkad_nu0.1,window,full,fidelity,False,True,16,0.1,25,0,False,iid,0.1,1,s017,3,9.0,0.0,12.0,7.5,56,41,41,0,0,6,0.82,12.703125,44,3,0,0,0,3252,256,16,0,0,0,12.6875,
aeqkad_nu0.1,window,full,fidelity,False,True,16,0.1,25,0,False,iid,0.1,1,s017,4,23.25,2.33695652173913,24.0,7.000000000000001,56,34,34,0,0,6,0.68,9.84375,40,6,0,0,0,2520,256,16,0,0,0,10.1875,
aeqkad_nu0.1,window,full,fidelity,False,True,16,0.1,25,0,False,iid,0.1,1,s017,5,6.999999999999998,0.0,10.0,4.5,56,41,41,0,0,6,0.82,11.25390625,45,4,0,0,0,2881,256,16,0,0,0,10.8125,
aeqkad_nu0.1,window,full,fidelity,False,True,16,0.1,25,0,False,iid,0.1,1,s017,6,13.750000000000002,1.25,18.0,4.5,56,36,36,0,0,6,0.72,10.984375,42,6,0,0,0,2812,256,16,0,0,0,9.875,
aeqkad_nu0.1,window,full,fidelity,False,True,16,0.1,25,0,False,iid,0.1,1,s017,7,10.249999999999998,1.25,12.0,10.0,56,42,42,0,0,6,0.84,11.2734375,44,2,0,0,0,2886,256,16,0,0,0,9.9375,
aeqkad_nu0.1,window,full,fidelity,False,True,16,0.1,25,0,False,iid,0.1,1,s017,8,6.749999999999997,0.0,8.0,8.0,56,45,45,0,0,6,0.9,11.68359375,46,1,0,0,0,2991,256,16,0,0,0,7.9375,0.0
aeqkad_nu0.1,window,full,fidelity,False,True,16,0.1,25,0,False,iid,0.1,2,s017,2,10.25,0.0,12.0,12.0,56,34,34,0,0,6,0.68,13.7890625,45,11,0,0,0,3530,256,16,0,0,0,11.0625,
aeqkad_nu0.1,window,full,fidelity,False,True,16,0.1,25,0,False,iid,0.1,2,s017,3,9.749999999999998,0.0,10.0,9.5,56,41,41,0,0,6,0.82,12.5625,46,5,0,0,0,3216,256,16,0,0,0,11.625,
aeqkad_nu0.1,window,full,fidelity,False,True,16,0.1,25,0,False,iid,0.1,2,s017,4,19.249999999999996,3.58695652173913,24.0,5.5,56,35,35,0,0,6,0.7,9.88671875,38,3,0,0,0,2531,256,16,0,0,0,10.625,
aeqkad_nu0.1,window,full,fidelity,False,True,16,0.1,25,0,False,iid,0.1,2,s017,5,10.999999999999998,1.25,10.0,8.5,56,42,42,0,0,6,0.84,11.5625,45,3,0,0,0,2960,256,16,0,0,0,9.625,
aeqkad_nu0.1,window,full,fidelity,False,True,16,0.1,25,0,False,iid,0.1,2,s017,6,15.250000000000002,1.25,14.000000000000002,7.5,56,41,40,1,0,6,0.8,11.54296875,44,3,0,0,0,2955,256,16,0,0,1,9.625,
aeqkad_nu0.1,window,full,fidelity,False,True,16,0.1,25,0,False,iid,0.1,2,s017,7,10.0,1.25,12.0,10.0,56,42,42,0,0,6,0.84,11.4296875,44,2,0,0,0,2926,256,16,0,0,0,9.9375,
aeqkad_nu0.1,window,full,fidelity,False,True,16,0.1,25,0,False,iid,0.1,2,s017,8,6.999999999999998,0.0,8.0,12.5,56,45,45,0,0,6,0.9,11.7109375,46,1,0,0,0,2998,256,16,0,0,0,10.0,0.0
aeqkad_nu0.2,window,full,fidelity,False,True,16,0.2,25,0,False,iid,0.1,0,s017,2,12.5,0.0,14.000000000000002,13.0,56,33,33,0,0,6,0.66,13.86328125,44,11,0,0,0,3549,256,16,0,0,0,12.6875,
aeqkad_nu0.2,window,full,fidelity,False,True,16,0.2,25,0,False,iid,0.1,0,s017,3,9.749999999999998,0.0,12.0,9.5,56,41,41,0,0,6,0.82,12.96484375,45,4,0,0,0,3319,256,16,0,0,0,11.625,
aeqkad_nu0.2,window,full,fidelity,False,True,16,0.2,25,0,False,iid,0.1,0,s017,4,24.5,3.58695652173913,24.0,5.5,56,35,35,0,0,6,0.7,9.81640625,38,3,0,0,0,2513,256,16,0,0,0,11.5,
aeqkad_nu0.2,window,full,fidelity,False,True,16,0.2,25,0,False,iid,0.1,0,s017,5,7.999999999999999,1.25,8.0,6.5,56,43,42,1,0,6,0.84,11.5546875,47,4,0,0,0,2958,256,16,0,0,1,9.6875,
aeqkad_nu0.2,window,full,fidelity,False,True,16,0.2,25,0,False,iid,0.1,0,s017,6,15.75,2.33695652173913,14.000000000000002,8.0,56,37,37,0,0,6,0.74,11.48046875,44,7,0,0,0,2939,256,16,0,0,0,11.25,
aeqkad_nu0.2,window,full,fidelity,False,True,16,0.2,25,0,False,iid,0.1,0,s017,7,12.0,1.25,12.0,8.5,56,42,42,0,0,6,0.84,11.37890625,45,3,0,0,0,2913,256,16,0,0,0,9.125,
aeqkad_nu0.2,window,full,fidelity,False,True,16,0.2,25,0,False,iid,0.1,0,s017,8,7.249999999999998,0.0,8.0,9.0,56,45,45,0,0,6,0.9,11.6796875,47,2,0,0,0,2990,256,16,0,0,0,10.0,2.0
aeqkad_nu0.2,window,full,fidelity,False,True,16,0.2,25,0,False,iid,0.1,1,s017,2,14.000000000000002,0.0,12.0,14.000000000000002,56,33,33,0,0,6,0.66,13.53515625,44,11,0,0,0,3465,256,16,0,0,0,13.625,
aeqkad_nu0.2,window,full,fidelity,False,True,16,0.2,25,0,False,iid,0.1,1,s017,3,9.0,0.0,12.0,7.5,56,41,41,0,0,6,0.82,12.703125,44,3,0,0,0,3252,256,16,0,0,0,12.6875,
aeqkad_nu0.2,window,full,fidelity,False,True,16,0.2,25,0,False,iid,0.1,1,s017,4,23.25,2.33695652173913,24.0,7.000000000000001,56,34,34,0,0,6,0.68,9.84375,40,6,0,0,0,2520,256,16,0,0,0,10.1875,
aeqkad_nu0.2,window,full,fidelity,False,True,16,0.2,25,0,False,iid,0.1,1,s017,5,6.999999999999998,0.0,10.0,4.5,56,41,41,0,0,6,0.82,11.328125,45,4,0,0,0,2900,256,16,0,0,0,10.8125,
aeqkad_nu0.2,window,full,fidelity,False,True,16,0.2,25,0,False,iid,0.1,1,s017,6,13.750000000000002,1.25,18.0,4.5,56,36,36,0,0,6,0.72,11.0078125,42,6,0,0,0,2818,256,16,0,0,0,9.875,
aeqkad_nu0.2,window,full,fidelity,False,True,16,0.2,25,0,False,iid,0.1,1,s017,7,10.249999999999998,1.25,12.0,10.0,56,42,42,0,0,6,0.84,11.27734375,44,2,0,0,0,2887,256,16,0,0,0,9.9375,
aeqkad_nu0.2,window,full,fidelity,False,True,16,0.2,25,0,False,iid,0.1,1,s017,8,6.749999999999997,0.0,8.0,8.0,56,45,45,0,0,6,0.9,11.6875,46,1,0,0,0,2992,256,16,0,0,0,7.9375,0.0
aeqkad_nu0.2,window,full,fidelity,False,True,16,0.2,25,0,False,iid,0.1,2,s017,2,10.25,0.0,12.0,12.0,56,34,34,0,0,6,0.68,13.81640625,45,11,0,0,0,3537,256,16,0,0,0,11.0625,
aeqkad_nu0.2,window,full,fidelity,False,True,16,0.2,25,0,False,iid,0.1,2,s017,3,9.749999999999998,0.0,10.0,9.5,56,41,41,0,0,6,0.82,12.5625,46,5,0,0,0,3216,256,16,0,0,0,11.625,
aeqkad_nu0.2,window,full,fidelity,False,True,16,0.2,25,0,False,iid,0.1,2,s017,4,19.249999999999996,3.58695652173913,24.0,5.5,56,35,35,0,0,6,0.7,9.88671875,38,3,0,0,0,2531,256,16,0,0,0,10.625,
aeqkad_nu0.2,window,full,fidelity,False,True,16,0.2,25,0,False,iid,0.1,2,s017,5,10.999999999999998,1.25,10.0,8.5,56,42,42,0,0,6,0.84,11.5625,45,3,0,0,0,2960,256,16,0,0,0,9.625,
aeqkad_nu0.2,window,full,fidelity,False,True,16,0.2,25,0,False,iid,0.1,2,s017,6,15.250000000000002,1.25,14.000000000000002,7.5,56,41,40,1,0,6,0.8,11.609375,44,3,0,0,0,2972,256,16,0,0,1,9.625,
aeqkad_nu0.2,window,full,fidelity,False,True,16,0.2,25,0,False,iid,0.1,2,s017,7,10.0,1.25,12.0,10.0,56,42,42,0,0,6,0.84,11.4296875,44,2,0,0,0,2926,256,16,0,0,0,9.9375,
aeqkad_nu0.2,window,full,fidelity,False,True,16,0.2,25,0,False,iid,0.1,2,s017,8,6.999999999999998,0.0,8.0,12.5,56,45,45,0,0,6,0.9,11.73828125,46,1,0,0,0,3005,256,16,0,0,0,10.0,0.0
window_nu0.1,window,none,fidelity,False,True,16,0.1,25,0,False,iid,0.1,0,s018,2,24.75,11.521739130434785,6.0,59.0,56,50,47,3,0,6,0.94,13.3359375,0,0,0,0,0,3414,256,16,0,0,1,8.4375,
window_nu0.1,window,none,fidelity,False,True,16,0.1,25,0,False,iid,0.1,0,s018,3,25.75,17.445652173913043,14.000000000000002,59.0,56,48,43,5,0,6,0.86,12.3828125,0,0,0,0,0,3170,256,16,0,0,1,9.0,
window_nu0.1,window,none,fidelity,False,True,16,0.1,25,0,False,iid,0.1,0,s018,4,29.500000000000004,19.782608695652172,10.0,67.0,56,48,45,3,0,6,0.9,13.796875,0,0,0,0,0,3532,256,16,0,0,1,8.1875,
window_nu0.1,window,none,fidelity,False,True,16,0.1,25,0,False,iid,0.1,0,s018,5,25.75,10.434782608695654,4.0,62.0,56,52,48,4,0,6,0.96,12.78125,0,0,0,0,0,3272,256,16,0,0,2,7.9375,
window_nu0.1,window,none,fidelity,False,True,16,0.1,25,0,False,iid,0.1,0,s018,6,26.5,19.782608695652172,10.0,66.0,56,48,45,3,0,6,0.9,12.13671875,0,0,0,0,0,3107,256,16,0,0,1,9.3125,
window_nu0.1,window,none,fidelity,False,True,16,0.1,25,0,False,iid,0.1,0,s018,7,29.75,22.1195652173913,14.000000000000002,76.0,56,46,43,3,0,6,0.86,12.93359375,0,0,0,0,0,3311,256,16,0,0,0,9.1875,
window_nu0.1,window,none,fidelity,False,True,16,0.1,25,0,False,iid,0.1,0,s018,8,24.25,12.771739130434783,8.0,66.0,56,48,46,2,0,6,0.92,12.75,0,0,0,0,0,3264,256,16,0,0,1,8.125,78.0
window_nu0.1,window,none,fidelity,False,True,16,0.1,25,0,False,iid,0.1,1,s018,2,30.500000000000004,22.1195652173913,6.0,65.5,56,53,47,6,0,6,0.94,13.79296875,0,0,0,0,0,3531,256,16,0,0,1,8.3125,
window_nu0.1,window,none,fidelity,False,True,16,0.1,25,0,False,iid,0.1,1,s018,3,29.25,14.021739130434785,14.000000000000002,63.5,56,45,43,2,0,6,0.86,12.33203125,0,0,0,0,0,3157,256,16,0,0,0,8.5,
window_nu0.1,window,none,fidelity,False,True,16,0.1,25,0,False,iid,0.1,1,s018,4,27.750000000000004,16.358695652173914,8.0,64.0,56,50,46,4,0,6,0.92,13.8984375,0,0,0,0,0,3558,256,16,0,0,2,7.5,
window_nu0.1,window,none,fidelity,False,True,16,0.1,25,0,False,iid,0.1,1,s018,5,23.75,12.608695652173912,4.0,66.5,56,52,48,4,0,6,0.96,12.4453125,0,0,0,0,0,3186,256,16,0,0,1,7.5,
window_nu0.1,window,none,fidelity,False,True,16,0.1,25,0,False,iid,0.1,1,s018,6,30.25,24.456521739130434,14.000000000000002,72.0,56,47,43,4,0,6,0.86,12.25390625,0,0,0,0,0,3137,256,16,0,0,1,8.625,
window_nu0.1,window,none,fidelity,False,True,16,0.1,25,0,False,iid,0.1,1,s018,7,32.25,22.1195652173913,14.000000000000002,73.0,56,49,43,6,0,6,0.86,13.1875,0,0,0,0,0,3376,256,16,0,0,1,8.3125,
window_nu0.1,window,none,fidelity,False,True,16,0.1,25,0,False,iid,0.1,1,s018,8,31.499999999999993,22.1195652173913,12.0,73.5,56,48,44,4,0,6,0.88,12.6953125,0,0,0,0,0,3250,256,16,0,0,1,9.0,74.0
window_nu0.1,window,none,fidelity,False,True,16,0.1,25,0,False,iid,0.1,2,s018,2,24.0,12.771739130434783,6.0,58.5,56,51,47,4,0,6,0.94,13.421875,0,0,0,0,0,3436,256,16,0,0,1,8.25,
window_nu0.1,window,none,fidelity,False,True,16,0.1,25,0,False,iid,0.1,2,s018,3,27.750000000000004,16.195652173913043,14.000000000000002,58.5,56,48,43,5,0,6,0.86,12.43359375,0,0,0,0,0,3183,256,16,0,0,1,8.0,
window_nu0.1,window,none,fidelity,False,True,16,0.1,25,0,False,iid,0.1,2,s018,4,25.5,17.445652173913043,10.0,66.0,56,50,45,5,0,6,0.9,14.171875,0,0,0,0,0,3628,256,16,0,0,1,8.0,
window_nu0.1,window,none,fidelity,False,True,16,0.1,25,0,False,iid,0.1,2,s018,5,24.0,10.434782608695654,4.0,55.00000000000001,56,51,48,3,0,6,0.96,12.58203125,0,0,0,0,0,3221,256,16,0,0,1,7.5,
window_nu0.1,window,none,fidelity,False,True,16,0.1,25,0,False,iid,0.1,2,s018,6,27.250000000000004,24.293478260869566,10.0,68.0,56,50,45,5,0,6,0.9,11.765625,0,0,0,0,0,3012,256,16,0,0,3,7.8125,
window_nu0.1,window,none,fidelity,False,True,16,0.1,25,0,False,iid,0.1,2,s018,7,31.499999999999993,22.1195652173913,14.000000000000002,69.5,56,48,43,5,0,6,0.86,12.8984375,0,0,0,0,0,3302,256,16,0,0,2,8.75,
window_nu0.1,window,none,fidelity,False,True,16,0.1,25,0,False,iid,0.1,2,s018,8,35.25,26.6304347826087,10.0,76.0,56,49,45,4,0,6,0.9,13.20703125,0,0,0,0,0,3381,256,16,0,0,0,8.375,90.0
window_nu0.2,window,none,fidelity,False,True,16,0.2,25,0,False,iid,0.1,0,s018,2,24.75,11.521739130434785,6.0,59.0,56,50,47,3,0,6,0.94,13.3359375,0,0,0,0,0,3414,256,16,0,0,1,8.4375,
window_nu0.2,window,none,fidelity,False,True,16,0.2,25,0,False,iid,0.1,0,s018,3,25.75,17.445652173913043,14.000000000000002,59.0,56,48,43,5,0,6,0.86,12.40625,0,0,0,0,0,3176,256,16,0,0,1,9.0,
window_nu0.2,window,none,fidelity,False,True,16,0.2,25,0,False,iid,0.1,0,s018,4,29.500000000000004,19.782608695652172,10.0,67.0,56,48,45,3,0,6,0.9,13.796875,0,0,0,0,0,3532,256,16,0,0,1,8.1875,
window_nu0.2,window,none,fidelity,False,True,16,0.2,25,0,False,iid,0.1,0,s018,5,25.75,10.434782608695654,4.0,62.0,56,52,48,4,0,6,0.96,12.7578125,0,0,0,0,0,3266,256,16,0,0,2,7.9375,
window_nu0.2,window,none,fidelity,False,True,16,0.2,25,0,False,iid,0.1,0,s018,6,26.5,19.782608695652172,10.0,66.0,56,48,45,3,0,6,0.9,12.11328125,0,0,0,0,0,3101,256,16,0,0,1,9.3125,
window_nu0.2,window,none,fidelity,False,True,16,0.2,25,0,False,iid,0.1,0,s018,7,29.75,22.1195652173913,14.000000000000002,76.0,56,46,43,3,0,6,0.86,12.94140625,0,0,0,0,0,3313,256,16,0,0,0,9.1875,
window_nu0.2,window,none,fidelity,False,True,16,0.2,25,0,False,iid,0.1,0,s018,8,25.5,12.771739130434783,8.0,66.0,56,48,46,2,0,6,0.92,12.80078125,0,0,0,0,0,3277,256,16,0,0,1,8.125,78.0
window_nu0.2,window,none,fidelity,False,True,16,0.2,25,0,False,iid,0.1,1,s018,2,30.500000000000004,22.1195652173913,6.0,65.5,56,53,47,6,0,6,0.94,13.81640625,0,0,0,0,0,3537,256,16,0,0,1,8.3125,
window_nu0.2,window,none,fidelity,False,True,16,0.2,25,0,False,iid,0.1,1,s018,3,29.25,14.021739130434785,14.000000000000002,63.5,56,45,43,2,0,6,0.86,12.37890625,0,0,0,0,0,3169,256,16,0,0,0,8.5,
window_nu0.2,window,none,fidelity,False,True,16,0.2,25,0,False,iid,0.1,1,s018,4,27.750000000000004,16.358695652173914,8.0,64.0,56,50,46,4,0,6,0.92,13.875,0,0,0,0,0,3552,256,16,0,0,2,7.5,
window_nu0.2,window,none,fidelity,False,True,16,0.2,25,0,False,iid,0.1,1,s018,5,23.75,12.608695652173912,4.0,66.5,56,52,48,4,0,6,0.96,12.46875,0,0,0,0,0,3192,256,16,0,0,1,7.5,
window_nu0.2,window,none,fidelity,False,True,16,0.2,25,0,False,iid,0.1,1,s018,6,30.25,24.456521739130434,14.000000000000002,72.0,56,47,43,4,0,6,0.86,12.30078125,0,0,0,0,0,3149,256,16,0,0,1,8.625,
window_nu0.2,window,none,fidelity,False,True,16,0.2,25,0,False,iid,0.1,1,s018,7,32.25,22.1195652173913,14.000000000000002,73.0,56,49,43,6,0,6,0.86,13.2109375,0,0,0,0,0,3382,256,16,0,0,1,8.3125,
window_nu0.2,window,none,fidelity,False,True,16,0.2,25,0,False,iid,0.1,1,s018,8,31.499999999999993,22.1195652173913,12.0,73.5,56,48,44,4,0,6,0.88,12.71875,0,0,0,0,0,3256,256,16,0,0,1,9.0,74.0
window_nu0.2,window,none,fidelity,False,True,16,0.2,25,0,False,iid,0.1,2,s018,2,24.0,12.771739130434783,6.0,58.5,56,51,47,4,0,6,0.94,13.421875,0,0,0,0,0,3436,256,16,0,0,1,8.25,
window_nu0.2,window,none,fidelity,False,True,16,0.2,25,0,False,iid,0.1,2,s018,3,27.750000000000004,16.195652173913043,14.000000000000002,58.5,56,48,43,5,0,6,0.86,12.4375,0,0,0,0,0,3184,256,16,0,0,1,8.0,
window_nu0.2,window,none,fidelity,False,True,16,0.2,25,0,False,iid,0.1,2,s018,4,25.5,17.445652173913043,10.0,66.0,56,50,45,5,0,6,0.9,14.1953125,0,0,0,0,0,3634,256,16,0,0,1,8.0,
window_nu0.2,window,none,fidelity,False,True,16,0.2,25,0,False,iid,0.1,2,s018,5,24.0,10.434782608695654,4.0,55.00000000000001,56,51,48,3,0,6,0.96,12.60546875,0,0,0,0,0,3227,256,16,0,0,1,7.5,
window_nu0.2,window,none,fidelity,False,True,16,0.2,25,0,False,iid,0.1,2,s018,6,27.250000000000004,24.293478260869566,10.0,68.0,56,50,45,5,0,6,0.9,11.765625,0,0,0,0,0,3012,256,16,0,0,3,7.8125,
window_nu0.2,window,none,fidelity,False,True,16,0.2,25,0,False,iid,0.1,2,s018,7,31.499999999999993,22.1195652173913,14.000000000000002,69.5,56,48,43,5,0,6,0.86,12.921875,0,0,0,0,0,3308,256,16,0,0,2,8.75,
window_nu0.2,window,none,fidelity,False,True,16,0.2,25,0,False,iid,0.1,2,s018,8,35.25,26.6304347826087,10.0,76.0,56,49,45,4,0,6,0.9,13.20703125,0,0,0,0,0,3381,256,16,0,0,0,8.375,90.0
aeqkad_nu0.1,window,full,fidelity,False,True,16,0.1,25,0,False,iid,0.1,0,s018,2,22.249999999999996,12.771739130434783,6.0,55.50000000000001,56,43,43,0,0,6,0.86,13.0390625,50,7,1,0,0,3338,256,16,0,0,0,9.4375,
aeqkad_nu0.1,window,full,fidelity,False,True,16,0.1,25,0,False,iid,0.1,0,s018,3,25.0,16.195652173913043,12.0,56.99999999999999,56,42,39,3,0,6,0.78,10.94921875,49,7,0,0,0,2803,256,16,0,0,1,9.0,
aeqkad_nu0.1,window,full,fidelity,False,True,16,0.1,25,0,False,iid,0.1,0,s018,4,28.249999999999996,15.108695652173914,8.0,67.0,56,42,41,1,0,6,0.82,13.546875,49,7,0,0,0,3468,256,16,0,0,0,11.125,
aeqkad_nu0.1,window,full,fidelity,False,True,16,0.1,25,0,False,iid,0.1,0,s018,5,23.25,4.83695652173913,8.0,52.5,56,43,40,3,0,6,0.8,11.21875,50,7,0,0,0,2872,256,16,0,0,1,10.125,
aeqkad_nu0.1,window,full,fidelity,False,True,16,0.1,25,0,False,iid,0.1,0,s018,6,29.500000000000004,18.532608695652172,18.0,54.50000000000001,56,37,37,0,0,6,0.74,10.58984375,43,5,0,0,1,2711,256,16,0,0,0,13.125,
aeqkad_nu0.1,window,full,fidelity,False,True,16,0.1,25,0,False,iid,0.1,0,s018,7,34.25,22.1195652173913,18.0,73.0,56,40,37,3,0,6,0.74,11.6875,44,4,0,0,0,2992,256,16,0,0,0,10.25,
aeqkad_nu0.1,window,full,fidelity,False,True,16,0.1,25,0,False,iid,0.1,0,s018,8,27.750000000000004,12.771739130434783,8.0,66.0,56,44,43,1,0,6,0.86,11.8125,48,4,0,0,0,3024,256,16,0,0,0,9.5,66.0
aeqkad_nu0.1,window,full,fidelity,False,True,16,0.1,25,0,False,iid,0.1,1,s018,2,30.25,23.04347826086957,8.0,62.5,56,46,42,4,0,6,0.84,13.34375,52,6,1,0,0,3416,256,16,0,0,0,9.125,
aeqkad_nu0.1,window,full,fidelity,False,True,16,0.1,25,0,False,iid,0.1,1,s018,3,27.500000000000004,15.108695652173914,12.0,57.49999999999999,56,40,40,0,0,6,0.8,10.89453125,45,5,0,0,0,2789,256,16,0,0,0,8.5,
aeqkad_nu0.1,window,full,fidelity,False,True,16,0.1,25,0,False,iid,0.1,1,s018,4,28.249999999999996,18.532608695652172,8.0,65.5,56,43,41,2,0,6,0.82,13.38671875,50,7,0,0,0,3427,256,16,0,0,0,10.4375,
aeqkad_nu0.1,window,full,fidelity,False,True,16,0.1,25,0,False,iid,0.1,1,s018,5,23.5,7.01086956521739,8.0,57.99999999999999,56,43,41,2,0,6,0.82,10.8671875,50,7,0,0,0,2782,256,16,0,0,1,8.6875,
aeqkad_nu0.1,window,full,fidelity,False,True,16,0.1,25,0,False,iid,0.1,1,s018,6,27.750000000000004,20.869565217391305,18.0,57.49999999999999,56,38,37,1,0,6,0.74,10.87109375,43,5,0,0,0,2783,256,16,0,0,1,11.4375,
aeqkad_nu0.1,window,full,fidelity,False,True,16,0.1,25,0,False,iid,0.1,1,s018,7,38.0,25.706521739130434,16.0,67.5,56,41,37,4,0,6,0.74,11.890625,48,7,0,0,0,3044,256,16,0,0,0,10.4375,
aeqkad_nu0.1,window,full,fidelity,False,True,16,0.1,25,0,False,iid,0.1,1,s018,8,35.0,25.543478260869566,18.0,66.0,56,38,36,2,0,6,0.72,11.06640625,44,5,1,0,1,2833,256,16,0,0,1,12.75,74.0
aeqkad_nu0.1,window,full,fidelity,False,True,16,0.1,25,0,False,iid,0.1,2,s018,2,22.499999999999996,11.684782608695654,6.0,56.49999999999999,56,48,45,3,0,6,0.9,12.9921875,51,3,5,0,0,3326,256,16,0,0,1,8.5,
aeqkad_nu0.1,window,full,fidelity,False,True,16,0.1,25,0,False,iid,0.1,2,s018,3,28.249999999999996,16.195652173913043,12.0,59.5,56,44,40,4,0,6,0.8,11.953125,49,5,1,0,0,3060,256,16,0,0,0,9.0625,
aeqkad_nu0.1,window,full,fidelity,False,True,16,0.1,25,0,False,iid,0.1,2,s018,4,28.249999999999996,20.869565217391305,10.0,65.0,56,45,41,4,0,6,0.82,13.71875,50,5,0,0,0,3512,256,16,0,0,1,9.75,
aeqkad_nu0.1,window,full,fidelity,False,True,16,0.1,25,0,False,iid,0.1,2,s018,5,21.499999999999996,8.097826086956525,6.0,51.5,56,43,43,0,0,6,0.86,11.48046875,49,6,1,0,0,2939,256,16,0,0,0,9.9375,
aeqkad_nu0.1,window,full,fidelity,False,True,16,0.1,25,0,False,iid,0.1,2,s018,6,31.500000000000007,23.20652173913043,18.0,62.5,56,43,38,5,0,6,0.76,10.7109375,46,3,2,0,0,2742,256,16,0,0,3,9.0,
aeqkad_nu0.1,window,full,fidelity,False,True,16,0.1,25,0,False,iid,0.1,2,s018,7,30.500000000000004,18.532608695652172,14.000000000000002,67.5,56,41,39,2,0,6,0.78,11.94140625,47,6,0,0,0,3057,256,16,0,0,2,8.9375,
aeqkad_nu0.1,window,full,fidelity,False,True,16,0.1,25,0,False,iid,0.1,2,s018,8,33.5,30.217391304347828,18.0,70.5,56,39,36,3,0,6,0.72,11.62890625,45,6,5,0,0,2977,256,16,0,0,0,12.875,90.0
aeqkad_nu0.2,window,full,fidelity,False,True,16,0.2,25,0,False,iid,0.1,0,s018,2,22.249999999999996,12.771739130434783,6.0,55.50000000000001,56,43,43,0,0,6,0.86,13.0234375,50,7,1,0,0,3334,256,16,0,0,0,9.4375,
aeqkad_nu0.2,window,full,fidelity,False,True,16,0.2,25,0,False,iid,0.1,0,s018,3,25.0,16.195652173913043,12.0,56.99999999999999,56,42,39,3,0,6,0.78,10.94921875,49,7,0,0,0,2803,256,16,0,0,1,9.0,
aeqkad_nu0.2,window,full,fidelity,False,True,16,0.2,25,0,False,iid,0.1,0,s018,4,28.249999999999996,15.108695652173914,8.0,67.0,56,42,41,1,0,6,0.82,13.5703125,49,7,0,0,0,3474,256,16,0,0,0,11.125,
aeqkad_nu0.2,window,full,fidelity,False,True,16,0.2,25,0,False,iid,0.1,0,s018,5,23.25,4.83695652173913,8.0,52.5,56,43,40,3,0,6,0.8,11.21875,50,7,0,0,0,2872,256,16,0,0,1,10.125,
aeqkad_nu0.2,window,full,fidelity,False,True,16,0.2,25,0,False,iid,0.1,0,s018,6,29.500000000000004,18.532608695652172,18.0,54.50000000000001,56,37,37,0,0,6,0.74,10.59375,43,5,0,0,1,2712,256,16,0,0,0,13.125,
aeqkad_nu0.2,window,full,fidelity,False,True,16,0.2,25,0,False,iid,0.1,0,s018,7,34.25,22.1195652173913,18.0,73.0,56,40,37,3,0,6,0.74,11.64453125,44,4,0,0,0,2981,256,16,0,0,0,10.25,
aeqkad_nu0.2,window,full,fidelity,False,True,16,0.2,25,0,False,iid,0.1,0,s018,8,27.750000000000004,12.771739130434783,8.0,66.0,56,44,43,1,0,6,0.86,11.859375,48,4,0,0,0,3036,256,16,0,0,0,9.5,66.0
aeqkad_nu0.2,window,full,fidelity,False,True,16,0.2,25,0,False,iid,0.1,1,s018,2,30.25,23.04347826086957,8.0,62.5,56,46,42,4,0,6,0.84,13.3203125,52,6,1,0,0,3410,256,16,0,0,0,9.125,
aeqkad_nu0.2,window,full,fidelity,False,True,16,0.2,25,0,False,iid,0.1,1,s018,3,27.500000000000004,15.108695652173914,12.0,57.49999999999999,56,40,40,0,0,6,0.8,10.91796875,45,5,0,0,0,2795,256,16,0,0,0,8.5,
aeqkad_nu0.2,window,full,fidelity,False,True,16,0.2,25,0,False,iid,0.1,1,s018,4,28.249999999999996,18.532608695652172,8.0,65.5,56,43,41,2,0,6,0.82,13.38671875,50,7,0,0,0,3427,256,16,0,0,0,10.4375,
aeqkad_nu0.2,window,full,fidelity,False,True,16,0.2,25,0,False,iid,0.1,1,s018,5,23.5,7.01086956521739,8.0,57.99999999999999,56,43,41,2,0,6,0.82,10.83984375,50,7,0,0,0,2775,256,16,0,0,1,8.6875,
aeqkad_nu0.2,window,full,fidelity,False,True,16,0.2,25,0,False,iid,0.1,1,s018,6,27.750000000000004,20.869565217391305,18.0,57.49999999999999,56,38,37,1,0,6,0.74,10.91796875,43,5,0,0,0,2795,256,16,0,0,1,11.4375,
aeqkad_nu0.2,window,full,fidelity,False,True,16,0.2,25,0,False,iid,0.1,1,s018,7,38.0,25.706521739130434,16.0,67.5,56,41,37,4,0,6,0.74,11.9140625,48,7,0,0,0,3050,256,16,0,0,0,10.4375,
aeqkad_nu0.2,window,full,fidelity,False,True,16,0.2,25,0,False,iid,0.1,1,s018,8,35.0,25.543478260869566,18.0,66.0,56,38,36,2,0,6,0.72,10.96875,44,5,1,0,1,2808,256,16,0,0,1,12.75,74.0
aeqkad_nu0.2,window,full,fidelity,False,True,16,0.2,25,0,False,iid,0.1,2,s018,2,22.499999999999996,11.684782608695654,6.0,56.49999999999999,56,48,45,3,0,6,0.9,13.015625,51,3,5,0,0,3332,256,16,0,0,1,8.5,
aeqkad_nu0.2,window,full,fidelity,False,True,16,0.2,25,0,False,iid,0.1,2,s018,3,28.500000000000004,16.195652173913043,12.0,59.5,56,44,40,4,0,6,0.8,11.953125,49,5,1,0,0,3060,256,16,0,0,0,9.0625,
aeqkad_nu0.2,window,full,fidelity,False,True,16,0.2,25,0,False,iid,0.1,2,s018,4,28.249999999999996,20.869565217391305,10.0,65.0,56,45,41,4,0,6,0.82,13.71875,50,5,0,0,0,3512,256,16,0,0,1,9.75,
aeqkad_nu0.2,window,full,fidelity,False,True,16,0.2,25,0,False,iid,0.1,2,s018,5,21.499999999999996,8.097826086956525,6.0,51.5,56,43,43,0,0,6,0.86,11.50390625,49,6,1,0,0,2945,256,16,0,0,0,9.9375,
aeqkad_nu0.2,window,full,fidelity,False,True,16,0.2,25,0,False,iid,0.1,2,s018,6,31.500000000000007,23.20652173913043,18.0,62.5,56,43,38,5,0,6,0.76,10.66015625,46,3,2,0,0,2729,256,16,0,0,3,9.0,
aeqkad_nu0.2,window,full,fidelity,False,True,16,0.2,25,0,False,iid,0.1,2,s018,7,30.500000000000004,18.532608695652172,14.000000000000002,67.5,56,41,39,2,0,6,0.78,11.94140625,47,6,0,0,0,3057,256,16,0,0,2,8.9375,
aeqkad_nu0.2,window,full,fidelity,False,True,16,0.2,25,0,False,iid,0.1,2,s018,8,33.5,30.217391304347828,18.0,70.5,56,39,36,3,0,6,0.72,11.65625,45,6,5,0,0,2984,256,16,0,0,0,12.875,90.0
window_nu0.1,window,none,fidelity,False,True,16,0.1,25,0,False,iid,0.1,0,s019,2,14.250000000000002,2.33695652173913,10.0,23.5,56,47,45,2,0,6,0.9,14.109375,0,0,0,0,0,3612,256,16,0,0,1,9.0625,
window_nu0.1,window,none,fidelity,False,True,16,0.1,25,0,False,iid,0.1,0,s019,3,14.250000000000002,2.33695652173913,12.0,24.0,56,47,44,3,0,6,0.88,10.9296875,0,0,0,0,0,2798,256,16,0,0,2,9.5,
window_nu0.1,window,none,fidelity,False,True,16,0.1,25,0,False,iid,0.1,0,s019,4,20.249999999999996,4.67391304347826,14.000000000000002,31.5,56,44,43,1,0,6,0.86,11.9453125,0,0,0,0,0,3058,256,16,0,0,0,10.625,
window_nu0.1,window,none,fidelity,False,True,16,0.1,25,0,False,iid,0.1,0,s019,5,14.000000000000002,0.0,4.0,36.0,56,50,48,2,0,6,0.96,11.265625,0,0,0,0,0,2884,256,16,0,0,1,8.375,
window_nu0.1,window,none,fidelity,False,True,16,0.1,25,0,False,iid,0.1,0,s019,6,13.5,4.67391304347826,8.0,25.5,56,46,46,0,0,6,0.92,9.96484375,0,0,0,0,0,2551,256,16,0,0,0,9.75,
window_nu0.1,window,none,fidelity,False,True,16,0.1,25,0,False,iid,0.1,0,s019,7,16.25,2.33695652173913,14.000000000000002,18.5,56,44,43,1,0,6,0.86,9.77734375,0,0,0,0,0,2503,256,16,0,0,1,10.5,
window_nu0.1,window,none,fidelity,False,True,16,0.1,25,0,False,iid,0.1,0,s019,8,6.249999999999998,0.0,8.0,20.0,56,48,46,2,0,6,0.92,9.4453125,0,0,0,0,0,2418,256,16,0,0,0,9.125,0.0
window_nu0.1,window,none,fidelity,False,True,16,0.1,25,0,False,iid,0.1,1,s019,2,11.75,2.33695652173913,10.0,27.500000000000004,56,46,45,1,0,6,0.9,14.13671875,0,0,0,0,0,3619,256,16,0,0,0,9.5625,
window_nu0.1,window,none,fidelity,False,True,16,0.1,25,0,False,iid,0.1,1,s019,3,11.249999999999998,2.33695652173913,12.0,19.0,56,44,44,0,0,6,0.88,10.3359375,0,0,0,0,0,2646,256,16,0,0,0,11.6875,
window_nu0.1,window,none,fidelity,False,True,16,0.1,25,0,False,iid,0.1,1,s019,4,21.749999999999996,3.423913043478259,14.000000000000002,41.0,56,45,43,2,0,6,0.86,11.703125,0,0,0,0,0,2996,256,16,0,0,0,9.5625,
window_nu0.1,window,none,fidelity,False,True,16,0.1,25,0,False,iid,0.1,1,s019,5,12.5,2.33695652173913,4.0,39.0,56,50,48,2,0,6,0.96,11.16015625,0,0,0,0,0,2857,256,16,0,0,0,7.8125,
window_nu0.1,window,none,fidelity,False,True,16,0.1,25,0,False,iid,0.1,1,s019,6,9.749999999999998,4.67391304347826,8.0,27.0,56,46,46,0,0,6,0.92,9.75390625,0,0,0,0,0,2497,256,16,0,0,0,7.625,
window_nu0.1,window,none,fidelity,False,True,16,0.1,25,0,False,iid,0.1,1,s019,7,14.250000000000002,2.33695652173913,8.0,26.5,56,47,46,1,0,6,0.92,10.20703125,0,0,0,0,0,2613,256,16,0,0,1,9.5625,
window_nu0.1,window,none,fidelity,False,True,16,0.1,25,0,False,iid,0.1,1,s019,8,6.249999999999998,0.0,6.0,26.0,56,51,47,4,0,6,0.94,9.8984375,0,0,0,0,0,2534,256,16,0,0,1,8.9375,6.0
window_nu0.1,window,none,fidelity,False,True,16,0.1,25,0,False,iid,0.1,2,s019,2,12.25,3.423913043478259,10.0,42.5,56,46,45,1,0,6,0.9,14.015625,0,0,0,0,0,3588,256,16,0,0,0,8.75,
window_nu0.1,window,none,fidelity,False,True,16,0.1,25,0,False,iid,0.1,2,s019,3,15.250000000000002,4.67391304347826,10.0,32.5,56,47,45,2,0,6,0.9,10.82421875,0,0,0,0,0,2771,256,16,0,0,0,9.375,
window_nu0.1,window,none,fidelity,False,True,16,0.1,25,0,False,iid,0.1,2,s019,4,17.250000000000004,3.423913043478259,10.0,44.0,56,47,45,2,0,6,0.9,12.10546875,0,0,0,0,0,3099,256,16,0,0,1,11.8125,
window_nu0.1,window,none,fidelity,False,True,16,0.1,25,0,False,iid,0.1,2,s019,5,13.750000000000002,0.0,4.0,42.5,56,50,48,2,0,6,0.96,11.10546875,0,0,0,0,0,2843,256,16,0,0,1,9.5625,
window_nu0.1,window,none,fidelity,False,True,16,0.1,25,0,False,iid,0.1,2,s019,6,11.5,0.0,6.0,37.5,56,49,47,2,0,6,0.94,10.515625,0,0,0,0,0,2692,256,16,0,0,0,9.125,
window_nu0.1,window,none,fidelity,False,True,16,0.1,25,0,False,iid,0.1,2,s019,7,14.500000000000002,2.33695652173913,6.0,34.0,56,48,47,1,0,6,0.94,10.3046875,0,0,0,0,0,2638,256,16,0,0,0,9.5625,
window_nu0.1,window,none,fidelity,False,True,16,0.1,25,0,False,iid,0.1,2,s019,8,7.749999999999998,0.0,4.0,26.5,56,49,48,1,0,6,0.96,9.49609375,0,0,0,0,0,2431,256,16,0,0,1,8.9375,2.0
window_nu0.2,window,none,fidelity,False,True,16,0.2,25,0,False,iid,0.1,0,s019,2,14.250000000000002,2.33695652173913,10.0,23.5,56,47,45,2,0,6,0.9,14.109375,0,0,0,0,0,3612,256,16,0,0,1,9.0625,
window_nu0.2,window,none,fidelity,False,True,16,0.2,25,0,False,iid,0.1,0,s019,3,14.250000000000002,2.33695652173913,12.0,24.0,56,47,44,3,0,6,0.88,10.9296875,0,0,0,0,0,2798,256,16,0,0,2,9.5,
window_nu0.2,window,none,fidelity,False,True,16,0.2,25,0,False,iid,0.1,0,s019,4,20.249999999999996,4.67391304347826,14.000000000000002,31.5,56,44,43,1,0,6,0.86,11.9453125,0,0,0,0,0,3058,256,16,0,0,0,10.625,
window_nu0.2,window,none,fidelity,False,True,16,0.2,25,0,False,iid,0.1,0,s019,5,14.000000000000002,0.0,4.0,36.0,56,50,48,2,0,6,0.96,11.2421875,0,0,0,0,0,2878,256,16,0,0,1,8.375,
window_nu0.2,window,none,fidelity,False,True,16,0.2,25,0,False,iid,0.1,0,s019,6,13.5,4.67391304347826,8.0,25.5,56,46,46,0,0,6,0.92,9.98828125,0,0,0,0,0,2557,256,16,0,0,0,9.75,
window_nu0.2,window,none,fidelity,False,True,16,0.2,25,0,False,iid,0.1,0,s019,7,16.25,2.33695652173913,14.000000000000002,18.5,56,44,43,1,0,6,0.86,9.8046875,0,0,0,0,0,2510,256,16,0,0,1,10.5,
window_nu0.2,window,none,fidelity,False,True,16,0.2,25,0,False,iid,0.1,0,s019,8,6.249999999999998,0.0,8.0,20.0,56,48,46,2,0,6,0.92,9.46875,0,0,0,0,0,2424,256,16,0,0,0,9.125,0.0
window_nu0.2,window,none,fidelity,False,True,16,0.2,25,0,False,iid,0.1,1,s019,2,11.75,2.33695652173913,10.0,27.500000000000004,56,46,45,1,0,6,0.9,14.13671875,0,0,0,0,0,3619,256,16,0,0,0,9.5625,
window_nu0.2,window,none,fidelity,False,True,16,0.2,25,0,False,iid,0.1,1,s019,3,11.249999999999998,2.33695652173913,12.0,19.0,56,44,44,0,0,6,0.88,10.3359375,0,0,0,0,0,2646,256,16,0,0,0,11.6875,
window_nu0.2,window,none,fidelity,False,True,16,0.2,25,0,False,iid,0.1,1,s019,4,21.749999999999996,3.423913043478259,14.000000000000002,41.0,56,45,43,2,0,6,0.86,11.73046875,0,0,0,0,0,3003,256,16,0,0,0,9.5625,
window_nu0.2,window,none,fidelity,False,True,16,0.2,25,0,False,iid,0.1,1,s019,5,12.5,2.33695652173913,4.0,39.0,56,50,48,2,0,6,0.96,11.16015625,0,0,0,0,0,2857,256,16,0,0,0,7.8125,
window_nu0.2,window,none,fidelity,False,True,16,0.2,25,0,False,iid,0.1,1,s019,6,9.749999999999998,4.67391304347826,8.0,27.0,56,46,46,0,0,6,0.92,9.75390625,0,0,0,0,0,2497,256,16,0,0,0,7.625,
window_nu0.2,window,none,fidelity,False,True,16,0.2,25,0,False,iid,0.1,1,s019,7,14.250000000000002,2.33695652173913,8.0,26.5,56,47,46,1,0,6,0.92,10.1640625,0,0,0,0,0,2602,256,16,0,0,1,9.5625,
window_nu0.2,window,none,fidelity,False,True,16,0.2,25,0,False,iid,0.1,1,s019,8,6.249999999999998,0.0,6.0,26.0,56,51,47,4,0,6,0.94,9.8984375,0,0,0,0,0,2534,256,16,0,0,1,8.9375,6.0
window_nu0.2,window,none,fidelity,False,True,16,0.2,25,0,False,iid,0.1,2,s019,2,12.25,3.423913043478259,10.0,42.5,56,46,45,1,0,6,0.9,14.015625,0,0,0,0,0,3588,256,16,0,0,0,8.75,
window_nu0.2,window,none,fidelity,False,True,16,0.2,25,0,False,iid,0.1,2,s019,3,15.250000000000002,4.67391304347826,10.0,32.5,56,47,45,2,0,6,0.9,10.82421875,0,0,0,0,0,2771,256,16,0,0,0,9.375,
window_nu0.2,window,none,fidelity,False,True,16,0.2,25,0,False,iid,0.1,2,s019,4,17.250000000000004,3.423913043478259,10.0,44.0,56,47,45,2,0,6,0.9,12.10546875,0,0,0,0,0,3099,256,16,0,0,1,11.8125,
window_nu0.2,window,none,fidelity,False,True,16,0.2,25,0,False,iid,0.1,2,s019,5,13.750000000000002,0.0,4.0,42.5,56,50,48,2,0,6,0.96,11.10546875,0,0,0,0,0,2843,256,16,0,0,1,9.5625,
window_nu0.2,window,none,fidelity,False,True,16,0.2,25,0,False,iid,0.1,2,s019,6,11.5,0.0,6.0,37.5,56,49,47,2,0,6,0.94,10.515625,0,0,0,0,0,2692,256,16,0,0,0,9.125,
window_nu0.2,window,none,fidelity,False,True,16,0.2,25,0,False,iid,0.1,2,s019,7,14.500000000000002,2.33695652173913,6.0,34.0,56,48,47,1,0,6,0.94,10.30859375,0,0,0,0,0,2639,256,16,0,0,0,9.5625,
window_nu0.2,window,none,fidelity,False,True,16,0.2,25,0,False,iid,0.1,2,s019,8,7.749999999999998,0.0,4.0,26.5,56,49,48,1,0,6,0.96,9.4765625,0,0,0,0,0,2426,256,16,0,0,1,8.9375,2.0
aeqkad_nu0.1,window,full,fidelity,False,True,16,0.1,25,0,False,iid,0.1,0,s019,2,14.250000000000002,3.423913043478259,12.0,24.5,56,37,37,0,0,6,0.74,13.046875,46,9,0,0,0,3340,256,16,0,0,0,10.8125,
aeqkad_nu0.1,window,full,fidelity,False,True,16,0.1,25,0,False,iid,0.1,0,s019,3,16.75,1.0869565217391297,12.0,20.5,56,41,41,0,0,6,0.82,9.83203125,47,6,0,0,0,2517,256,16,0,0,0,11.25,
aeqkad_nu0.1,window,full,fidelity,False,True,16,0.1,25,0,False,iid,0.1,0,s019,4,16.000000000000004,2.1739130434782594,18.0,21.0,56,32,32,0,0,6,0.64,9.421875,42,10,0,0,0,2412,256,16,0,0,0,15.8125,
aeqkad_nu0.1,window,full,fidelity,False,True,16,0.1,25,0,False,iid,0.1,0,s019,5,17.25,9.347826086956525,10.0,27.500000000000004,56,36,36,0,0,6,0.72,9.6484375,47,11,0,0,0,2470,256,16,0,0,0,10.125,
aeqkad_nu0.1,window,full,fidelity,False,True,16,0.1,25,0,False,iid,0.1,0,s019,6,12.5,2.33695652173913,10.0,22.0,56,39,39,0,0,6,0.78,8.5703125,45,6,0,0,0,2194,256,16,0,0,0,13.125,
aeqkad_nu0.1,window,full,fidelity,False,True,16,0.1,25,0,False,iid,0.1,0,s019,7,11.75,2.33695652173913,14.000000000000002,20.0,56,42,41,1,0,6,0.82,9.17578125,44,2,0,0,0,2349,256,16,0,0,1,12.0625,
aeqkad_nu0.1,window,full,fidelity,False,True,16,0.1,25,0,False,iid,0.1,0,s019,8,11.5,0.0,8.0,13.0,56,45,45,0,0,6,0.9,8.72265625,48,3,0,0,0,2233,256,16,0,0,0,10.25,0.0
aeqkad_nu0.1,window,full,fidelity,False,True,16,0.1,25,0,False,iid,0.1,1,s019,2,14.500000000000002,1.25,10.0,22.0,56,38,38,0,0,6,0.76,13.46875,46,8,0,0,0,3448,256,16,0,0,0,10.25,
aeqkad_nu0.1,window,full,fidelity,False,True,16,0.1,25,0,False,iid,0.1,1,s019,3,12.0,2.33695652173913,10.0,18.0,56,42,42,0,0,6,0.84,10.21875,45,3,0,0,0,2616,256,16,0,0,0,11.6875,
aeqkad_nu0.1,window,full,fidelity,False,True,16,0.1,25,0,False,iid,0.1,1,s019,4,18.5,3.423913043478259,18.0,30.0,56,34,34,0,0,6,0.68,10.0859375,42,8,0,0,0,2582,256,16,0,0,0,11.75,
aeqkad_nu0.1,window,full,fidelity,False,True,16,0.1,25,0,False,iid,0.1,1,s019,5,13.750000000000002,2.5,6.0,36.5,56,43,42,1,0,6,0.84,10.32421875,49,6,0,0,0,2643,256,16,0,0,0,8.0625,
aeqkad_nu0.1,window,full,fidelity,False,True,16,0.1,25,0,False,iid,0.1,1,s019,6,9.25,2.33695652173913,8.0,24.5,56,41,41,0,0,6,0.82,8.98046875,46,5,0,0,0,2299,256,16,0,0,0,9.25,
aeqkad_nu0.1,window,full,fidelity,False,True,16,0.1,25,0,False,iid,0.1,1,s019,7,14.250000000000002,1.0869565217391297,12.0,22.5,56,41,41,0,0,6,0.82,9.38671875,45,4,0,0,0,2403,256,16,0,0,0,14.0,
aeqkad_nu0.1,window,full,fidelity,False,True,16,0.1,25,0,False,iid,0.1,1,s019,8,11.5,0.0,6.0,15.0,56,45,45,0,0,6,0.9,8.9140625,49,4,0,0,0,2282,256,16,0,0,0,11.0,6.0
aeqkad_nu0.1,window,full,fidelity,False,True,16,0.1,25,0,False,iid,0.1,2,s019,2,15.750000000000004,0.0,10.0,38.5,56,35,35,0,0,6,0.7,13.15234375,46,11,0,0,0,3367,256,16,0,0,0,11.5625,
aeqkad_nu0.1,window,full,fidelity,False,True,16,0.1,25,0,False,iid,0.1,2,s019,3,15.75,2.33695652173913,10.0,24.0,56,42,42,0,0,6,0.84,9.91015625,47,5,0,0,0,2537,256,16,0,0,0,9.375,
aeqkad_nu0.1,window,full,fidelity,False,True,16,0.1,25,0,False,iid,0.1,2,s019,4,20.249999999999996,3.423913043478259,16.0,33.5,56,32,32,0,0,6,0.64,9.96875,44,12,0,0,0,2552,256,16,0,0,0,17.75,
aeqkad_nu0.1,window,full,fidelity,False,True,16,0.1,25,0,False,iid,0.1,2,s019,5,14.500000000000002,7.01086956521739,6.0,30.0,56,38,37,1,0,6,0.74,9.75390625,49,11,0,0,0,2497,256,16,0,0,0,10.4375,
aeqkad_nu0.1,window,full,fidelity,False,True,16,0.1,25,0,False,iid,0.1,2,s019,6,10.0,0.0,8.0,32.5,56,42,41,1,0,6,0.82,8.93359375,49,7,0,0,0,2287,256,16,0,0,0,10.8125,
aeqkad_nu0.1,window,full,fidelity,False,True,16,0.1,25,0,False,iid,0.1,2,s019,7,15.75,1.0869565217391297,10.0,27.500000000000004,56,41,41,0,0,6,0.82,9.2421875,46,5,0,0,0,2366,256,16,0,0,0,12.75,
aeqkad_nu0.1,window,full,fidelity,False,True,16,0.1,25,0,False,iid,0.1,2,s019,8,12.0,0.0,4.0,22.5,56,45,45,0,0,6,0.9,8.46875,49,4,0,0,0,2168,256,16,0,0,0,11.0625,4.0
aeqkad_nu0.2,window,full,fidelity,False,True,16,0.2,25,0,False,iid,0.1,0,s019,2,14.250000000000002,3.423913043478259,12.0,24.5,56,37,37,0,0,6,0.74,13.046875,46,9,0,0,0,3340,256,16,0,0,0,10.8125,
aeqkad_nu0.2,window,full,fidelity,False,True,16,0.2,25,0,False,iid,0.1,0,s019,3,16.75,1.0869565217391297,12.0,20.5,56,41,41,0,0,6,0.82,9.83203125,47,6,0,0,0,2517,256,16,0,0,0,11.25,
aeqkad_nu0.2,window,full,fidelity,False,True,16,0.2,25,0,False,iid,0.1,0,s019,4,16.000000000000004,2.1739130434782594,18.0,21.0,56,32,32,0,0,6,0.64,9.4453125,42,10,0,0,0,2418,256,16,0,0,0,15.8125,
aeqkad_nu0.2,window,full,fidelity,False,True,16,0.2,25,0,False,iid,0.1,0,s019,5,17.25,9.347826086956525,10.0,27.500000000000004,56,36,36,0,0,6,0.72,9.671875,47,11,0,0,0,2476,256,16,0,0,0,10.125,
aeqkad_nu0.2,window,full,fidelity,False,True,16,0.2,25,0,False,iid,0.1,0,s019,6,12.5,2.33695652173913,10.0,22.0,56,39,39,0,0,6,0.78,8.5703125,45,6,0,0,0,2194,256,16,0,0,0,13.125,
aeqkad_nu0.2,window,full,fidelity,False,True,16,0.2,25,0,False,iid,0.1,0,s019,7,11.75,2.33695652173913,14.000000000000002,20.0,56,42,41,1,0,6,0.82,9.17578125,44,2,0,0,0,2349,256,16,0,0,1,12.0625,
aeqkad_nu0.2,window,full,fidelity,False,True,16,0.2,25,0,False,iid,0.1,0,s019,8,11.5,0.0,8.0,13.0,56,45,45,0,0,6,0.9,8.72265625,48,3,0,0,0,2233,256,16,0,0,0,10.25,0.0
aeqkad_nu0.2,window,full,fidelity,False,True,16,0.2,25,0,False,iid,0.1,1,s019,2,14.500000000000002,1.25,10.0,22.0,56,38,38,0,0,6,0.76,13.46875,46,8,0,0,0,3448,256,16,0,0,0,10.25,
aeqkad_nu0.2,window,full,fidelity,False,True,16,0.2,25,0,False,iid,0.1,1,s019,3,12.0,2.33695652173913,10.0,18.0,56,42,42,0,0,6,0.84,10.21875,45,3,0,0,0,2616,256,16,0,0,0,11.6875,
aeqkad_nu0.2,window,full,fidelity,False,True,16,0.2,25,0,False,iid,0.1,1,s019,4,18.5,3.423913043478259,18.0,30.0,56,34,34,0,0,6,0.68,10.0859375,42,8,0,0,0,2582,256,16,0,0,0,11.75,
aeqkad_nu0.2,window,full,fidelity,False,True,16,0.2,25,0,False,iid,0.1,1,s019,5,13.750000000000002,2.5,6.0,36.5,56,43,42,1,0,6,0.84,10.32421875,49,6,0,0,0,2643,256,16,0,0,0,8.0625,
aeqkad_nu0.2,window,full,fidelity,False,True,16,0.2,25,0,False,iid,0.1,1,s019,6,9.25,2.33695652173913,8.0,24.5,56,41,41,0,0,6,0.82,9.01171875,46,5,0,0,0,2307,256,16,0,0,0,9.25,
aeqkad_nu0.2,window,full,fidelity,False,True,16,0.2,25,0,False,iid,0.1,1,s019,7,14.250000000000002,1.0869565217391297,12.0,22.5,56,41,41,0,0,6,0.82,9.38671875,45,4,0,0,0,2403,256,16,0,0,0,14.0,
aeqkad_nu0.2,window,full,fidelity,False,True,16,0.2,25,0,False,iid,0.1,1,s019,8,11.5,0.0,6.0,15.0,56,45,45,0,0,6,0.9,8.96484375,49,4,0,0,0,2295,256,16,0,0,0,11.0,6.0
aeqkad_nu0.2,window,full,fidelity,False,True,16,0.2,25,0,False,iid,0.1,2,s019,2,15.750000000000004,0.0,10.0,38.5,56,35,35,0,0,6,0.7,13.15234375,46,11,0,0,0,3367,256,16,0,0,0,11.5625,
aeqkad_nu0.2,window,full,fidelity,False,True,16,0.2,25,0,False,iid,0.1,2,s019,3,15.75,2.33695652173913,10.0,24.0,56,42,42,0,0,6,0.84,9.91015625,47,5,0,0,0,2537,256,16,0,0,0,9.375,
aeqkad_nu0.2,window,full,fidelity,False,True,16,0.2,25,0,False,iid,0.1,2,s019,4,20.249999999999996,3.423913043478259,16.0,33.5,56,32,32,0,0,6,0.64,9.96875,44,12,0,0,0,2552,256,16,0,0,0,17.75,
aeqkad_nu0.2,window,full,fidelity,False,True,16,0.2,25,0,False,iid,0.1,2,s019,5,14.500000000000002,7.01086956521739,6.0,30.0,56,38,37,1,0,6,0.74,9.75390625,49,11,0,0,0,2497,256,16,0,0,0,10.4375,
aeqkad_nu0.2,window,full,fidelity,False,True,16,0.2,25,0,False,iid,0.1,2,s019,6,10.0,0.0,8.0,32.5,56,42,41,1,0,6,0.82,8.93359375,49,7,0,0,0,2287,256,16,0,0,0,10.8125,
aeqkad_nu0.2,window,full,fidelity,False,True,16,0.2,25,0,False,iid,0.1,2,s019,7,15.75,1.0869565217391297,10.0,27.500000000000004,56,41,41,0,0,6,0.82,9.29296875,46,5,0,0,0,2379,256,16,0,0,0,12.75,
aeqkad_nu0.2,window,full,fidelity,False,True,16,0.2,25,0,False,iid,0.1,2,s019,8,12.0,0.0,4.0,22.5,56,45,45,0,0,6,0.9,8.46875,49,4,0,0,0,2168,256,16,0,0,0,11.0625,4.0
window_nu0.1,window,none,fidelity,False,True,16,0.1,25,0,False,iid,0.1,0,s020,2,34.5,27.8804347826087,32.0,37.0,56,35,34,1,0,6,0.68,15.03515625,0,0,0,0,0,3849,256,16,0,0,0,10.375,
window_nu0.1,window,none,fidelity,False,True,16,0.1,25,0,False,iid,0.1,0,s020,3,53.25,44.239130434782616,66.0,38.5,56,20,17,3,0,6,0.34,15.3671875,0,0,0,0,0,3934,256,16,0,0,3,31.3125,
window_nu0.1,window,none,fidelity,False,True,16,0.1,25,0,False,iid,0.1,0,s020,4,30.000000000000004,17.445652173913043,26.0,32.0,56,40,37,3,0,6,0.74,14.78125,0,0,0,0,0,3784,256,16,0,0,2,9.625,
window_nu0.1,window,none,fidelity,False,True,16,0.1,25,0,False,iid,0.1,0,s020,5,28.749999999999996,19.782608695652172,20.0,46.5,56,40,40,0,0,6,0.8,14.07421875,0,0,0,0,0,3603,256,16,0,0,0,7.8125,
window_nu0.1,window,none,fidelity,False,True,16,0.1,25,0,False,iid,0.1,0,s020,6,34.25,22.1195652173913,24.0,44.0,56,39,38,1,0,6,0.76,14.84765625,0,0,0,0,0,3801,256,16,0,0,0,10.6875,
window_nu0.1,window,none,fidelity,False,True,16,0.1,25,0,False,iid,0.1,0,s020,7,15.500000000000004,8.097826086956525,6.0,39.5,56,49,47,2,0,6,0.94,13.28515625,0,0,0,0,0,3401,256,16,0,0,0,8.875,
window_nu0.1,window,none,fidelity,False,True,16,0.1,25,0,False,iid,0.1,0,s020,8,28.500000000000004,11.684782608695654,34.0,19.5,56,33,33,0,0,6,0.66,14.359375,0,0,0,0,0,3676,256,16,0,0,0,8.4375,22.0
window_nu0.1,window,none,fidelity,False,True,16,0.1,25,0,False,iid,0.1,1,s020,2,40.5,33.80434782608695,38.0,43.0,56,34,31,3,0,6,0.62,15.0859375,0,0,0,0,0,3862,256,16,0,0,0,8.875,
window_nu0.1,window,none,fidelity,False,True,16,0.1,25,0,False,iid,0.1,1,s020,3,46.75,38.47826086956522,66.0,29.5,56,18,17,1,0,6,0.34,15.421875,0,0,0,0,0,3948,256,16,0,0,1,34.125,
window_nu0.1,window,none,fidelity,False,True,16,0.1,25,0,False,iid,0.1,1,s020,4,28.749999999999996,22.1195652173913,32.0,39.0,56,37,34,3,0,6,0.68,14.4921875,0,0,0,0,0,3710,256,16,0,0,2,13.375,
window_nu0.1,window,none,fidelity,False,True,16,0.1,25,0,False,iid,0.1,1,s020,5,23.75,15.108695652173914,22.0,31.5,56,42,39,3,0,6,0.78,13.6796875,0,0,0,0,0,3502,256,16,0,0,1,9.0625,
window_nu0.1,window,none,fidelity,False,True,16,0.1,25,0,False,iid,0.1,1,s020,6,30.999999999999993,21.032608695652172,24.0,46.5,56,40,38,2,0,6,0.76,14.84765625,0,0,0,0,0,3801,256,16,0,0,1,11.3125,
window_nu0.1,window,none,fidelity,False,True,16,0.1,25,0,False,iid,0.1,1,s020,7,13.5,3.58695652173913,6.0,37.5,56,49,47,2,0,6,0.94,13.25390625,0,0,0,0,0,3393,256,16,0,0,1,10.3125,
window_nu0.1,window,none,fidelity,False,True,16,0.1,25,0,False,iid,0.1,1,s020,8,34.25,21.032608695652172,34.0,32.0,56,35,33,2,0,6,0.66,14.83984375,0,0,0,0,0,3799,256,16,0,0,0,8.125,52.0
window_nu0.1,window,none,fidelity,False,True,16,0.1,25,0,False,iid,0.1,2,s020,2,38.0,29.130434782608695,44.0,32.5,56,29,28,1,0,6,0.56,15.08203125,0,0,0,0,0,3861,256,16,0,0,0,9.8125,
window_nu0.1,window,none,fidelity,False,True,16,0.1,25,0,False,iid,0.1,2,s020,3,49.75,38.315217391304344,66.0,24.0,56,17,17,0,0,6,0.34,15.15625,0,0,0,0,0,3880,256,16,0,0,0,34.875,
window_nu0.1,window,none,fidelity,False,True,16,0.1,25,0,False,iid,0.1,2,s020,4,27.500000000000004,16.195652173913043,26.0,27.500000000000004,56,39,37,2,0,6,0.74,14.6875,0,0,0,0,0,3760,256,16,0,0,0,11.1875,
window_nu0.1,window,none,fidelity,False,True,16,0.1,25,0,False,iid,0.1,2,s020,5,28.249999999999996,19.6195652173913,24.0,34.0,56,40,38,2,0,6,0.76,14.08203125,0,0,0,0,0,3605,256,16,0,0,2,10.375,
window_nu0.1,window,none,fidelity,False,True,16,0.1,25,0,False,iid,0.1,2,s020,6,37.75,26.79347826086957,36.0,40.5,56,36,32,4,0,6,0.64,14.8125,0,0,0,0,0,3792,256,16,0,0,0,9.5,
window_nu0.1,window,none,fidelity,False,True,16,0.1,25,0,False,iid,0.1,2,s020,7,17.750000000000004,14.021739130434785,12.0,33.0,56,46,44,2,0,6,0.88,12.96875,0,0,0,0,0,3320,256,16,0,0,0,9.0625,
window_nu0.1,window,none,fidelity,False,True,16,0.1,25,0,False,iid,0.1,2,s020,8,27.750000000000004,12.771739130434783,36.0,16.5,56,32,32,0,0,6,0.64,14.3125,0,0,0,0,0,3664,256,16,0,0,0,8.6875,10.0
window_nu0.2,window,none,fidelity,False,True,16,0.2,25,0,False,iid,0.1,0,s020,2,34.5,27.8804347826087,32.0,37.0,56,35,34,1,0,6,0.68,15.0390625,0,0,0,0,0,3850,256,16,0,0,0,10.375,
window_nu0.2,window,none,fidelity,False,True,16,0.2,25,0,False,iid,0.1,0,s020,3,53.25,44.239130434782616,66.0,38.5,56,20,17,3,0,6,0.34,15.3671875,0,0,0,0,0,3934,256,16,0,0,3,31.3125,
window_nu0.2,window,none,fidelity,False,True,16,0.2,25,0,False,iid,0.1,0,s020,4,30.000000000000004,17.445652173913043,26.0,32.0,56,40,37,3,0,6,0.74,14.78125,0,0,0,0,0,3784,256,16,0,0,2,9.625,
window_nu0.2,window,none,fidelity,False,True,16,0.2,25,0,False,iid,0.1,0,s020,5,28.749999999999996,19.782608695652172,20.0,46.5,56,40,40,0,0,6,0.8,14.07421875,0,0,0,0,0,3603,256,16,0,0,0,7.8125,
window_nu0.2,window,none,fidelity,False,True,16,0.2,25,0,False,iid,0.1,0,s020,6,34.0,22.1195652173913,24.0,44.0,56,39,38,1,0,6,0.76,14.84765625,0,0,0,0,0,3801,256,16,0,0,0,10.6875,
window_nu0.2,window,none,fidelity,False,True,16,0.2,25,0,False,iid,0.1,0,s020,7,15.500000000000004,8.097826086956525,6.0,39.5,56,49,47,2,0,6,0.94,13.28515625,0,0,0,0,0,3401,256,16,0,0,0,8.875,
window_nu0.2,window,none,fidelity,False,True,16,0.2,25,0,False,iid,0.1,0,s020,8,29.75,11.684782608695654,34.0,20.0,56,33,33,0,0,6,0.66,14.359375,0,0,0,0,0,3676,256,16,0,0,0,8.4375,22.0
window_nu0.2,window,none,fidelity,False,True,16,0.2,25,0,False,iid,0.1,1,s020,2,41.75,33.80434782608695,38.0,43.0,56,34,31,3,0,6,0.62,15.0859375,0,0,0,0,0,3862,256,16,0,0,0,8.875,
window_nu0.2,window,none,fidelity,False,True,16,0.2,25,0,False,iid,0.1,1,s020,3,46.75,38.47826086956522,66.0,29.5,56,18,17,1,0,6,0.34,15.421875,0,0,0,0,0,3948,256,16,0,0,1,34.125,
window_nu0.2,window,none,fidelity,False,True,16,0.2,25,0,False,iid,0.1,1,s020,4,28.499999999999996,22.1195652173913,32.0,39.0,56,37,34,3,0,6,0.68,14.4921875,0,0,0,0,0,3710,256,16,0,0,2,13.375,
window_nu0.2,window,none,fidelity,False,True,16,0.2,25,0,False,iid,0.1,1,s020,5,23.75,15.108695652173914,22.0,31.5,56,42,39,3,0,6,0.78,13.703125,0,0,0,0,0,3508,256,16,0,0,1,9.0625,
window_nu0.2,window,none,fidelity,False,True,16,0.2,25,0,False,iid,0.1,1,s020,6,30.999999999999993,21.032608695652172,24.0,46.5,56,40,38,2,0,6,0.76,14.97265625,0,0,0,0,0,3833,256,16,0,0,1,11.3125,
window_nu0.2,window,none,fidelity,False,True,16,0.2,25,0,False,iid,0.1,1,s020,7,13.5,3.58695652173913,6.0,37.5,56,49,47,2,0,6,0.94,13.25390625,0,0,0,0,0,3393,256,16,0,0,1,10.3125,
window_nu0.2,window,none,fidelity,False,True,16,0.2,25,0,False,iid,0.1,1,s020,8,34.25,21.032608695652172,34.0,32.0,56,35,33,2,0,6,0.66,14.83984375,0,0,0,0,0,3799,256,16,0,0,0,8.125,52.0
window_nu0.2,window,none,fidelity,False,True,16,0.2,25,0,False,iid,0.1,2,s020,2,36.75,29.130434782608695,44.0,32.5,56,29,28,1,0,6,0.56,15.10546875,0,0,0,0,0,3867,256,16,0,0,0,9.8125,
window_nu0.2,window,none,fidelity,False,True,16,0.2,25,0,False,iid,0.1,2,s020,3,49.75,38.315217391304344,66.0,24.0,56,17,17,0,0,6,0.34,15.15625,0,0,0,0,0,3880,256,16,0,0,0,34.875,
window_nu0.2,window,none,fidelity,False,True,16,0.2,25,0,False,iid,0.1,2,s020,4,27.750000000000004,16.195652173913043,26.0,27.500000000000004,56,39,37,2,0,6,0.74,14.6875,0,0,0,0,0,3760,256,16,0,0,0,11.1875,
window_nu0.2,window,none,fidelity,False,True,16,0.2,25,0,False,iid,0.1,2,s020,5,28.249999999999996,19.6195652173913,24.0,34.0,56,40,38,2,0,6,0.76,14.08203125,0,0,0,0,0,3605,256,16,0,0,2,10.375,
window_nu0.2,window,none,fidelity,False,True,16,0.2,25,0,False,iid,0.1,2,s020,6,37.75,26.79347826086957,36.0,40.5,56,36,32,4,0,6,0.64,14.7890625,0,0,0,0,0,3786,256,16,0,0,0,9.5,
window_nu0.2,window,none,fidelity,False,True,16,0.2,25,0,False,iid,0.1,2,s020,7,17.750000000000004,14.021739130434785,12.0,33.0,56,46,44,2,0,6,0.88,12.96875,0,0,0,0,0,3320,256,16,0,0,0,9.0625,
window_nu0.2,window,none,fidelity,False,True,16,0.2,25,0,False,iid,0.1,2,s020,8,27.750000000000004,12.771739130434783,36.0,16.5,56,32,32,0,0,6,0.64,14.31640625,0,0,0,0,0,3665,256,16,0,0,0,8.6875,10.0
aeqkad_nu0.1,window,full,fidelity,False,True,16,0.1,25,0,False,iid,0.1,0,s020,2,37.75,32.71739130434783,40.0,37.0,56,21,21,0,0,6,0.42,14.54296875,31,10,0,0,0,3723,256,16,0,0,0,12.625,
aeqkad_nu0.1,window,full,fidelity,False,True,16,0.1,25,0,False,iid,0.1,0,s020,3,51.24999999999999,33.80434782608695,68.0,24.0,56,9,8,1,0,6,0.16,12.45703125,17,8,0,0,0,3189,256,16,0,0,1,46.875,
aeqkad_nu0.1,window,full,fidelity,False,True,16,0.1,25,0,False,iid,0.1,0,s020,4,28.500000000000004,22.1195652173913,32.0,24.5,56,29,29,0,0,6,0.58,13.50390625,37,8,0,0,0,3457,256,16,0,0,0,18.0,
aeqkad_nu0.1,window,full,fidelity,False,True,16,0.1,25,0,False,iid,0.1,0,s020,5,25.0,17.445652173913043,26.0,38.0,56,35,35,0,0,6,0.7,13.72265625,37,2,0,0,0,3513,256,16,0,0,0,8.9375,
aeqkad_nu0.1,window,full,fidelity,False,True,16,0.1,25,0,False,iid,0.1,0,s020,6,44.99999999999999,35.97826086956522,54.0,35.5,56,14,14,0,0,6,0.28,12.3984375,23,9,0,0,0,3174,256,16,0,0,0,23.4375,
aeqkad_nu0.1,window,full,fidelity,False,True,16,0.1,25,0,False,iid,0.1,0,s020,7,14.500000000000002,5.923913043478259,6.0,35.5,56,43,43,0,0,6,0.86,12.7265625,49,6,0,0,0,3258,256,16,0,0,0,8.875,
aeqkad_nu0.1,window,full,fidelity,False,True,16,0.1,25,0,False,iid,0.1,0,s020,8,36.0,20.869565217391305,44.0,19.5,56,21,21,0,0,6,0.42,14.19140625,29,8,0,0,0,3633,256,16,0,0,0,13.75,16.0
aeqkad_nu0.1,window,full,fidelity,False,True,16,0.1,25,0,False,iid,0.1,1,s020,2,38.25,29.130434782608695,40.0,38.5,56,19,19,0,0,6,0.38,14.71484375,34,15,0,0,0,3767,256,16,0,0,0,14.4375,
aeqkad_nu0.1,window,full,fidelity,False,True,16,0.1,25,0,False,iid,0.1,1,s020,3,48.0,33.80434782608695,66.0,19.5,56,9,9,0,0,6,0.18,12.1328125,18,9,0,0,0,3106,256,16,0,0,0,47.25,
aeqkad_nu0.1,window,full,fidelity,False,True,16,0.1,25,0,False,iid,0.1,1,s020,4,28.249999999999996,17.445652173913043,30.0,27.0,56,28,28,0,0,6,0.56,13.26171875,37,9,0,0,0,3395,256,16,0,0,0,16.0,
aeqkad_nu0.1,window,full,fidelity,False,True,16,0.1,25,0,False,iid,0.1,1,s020,5,34.5,28.967391304347828,34.0,32.0,56,20,20,0,0,6,0.4,13.8828125,35,15,0,0,0,3554,256,16,0,0,0,11.9375,
aeqkad_nu0.1,window,full,fidelity,False,True,16,0.1,25,0,False,iid,0.1,1,s020,6,37.75,32.71739130434783,40.0,34.0,56,15,14,1,0,6,0.28,12.3984375,32,17,0,0,0,3174,256,16,0,0,1,27.875,
aeqkad_nu0.1,window,full,fidelity,False,True,16,0.1,25,0,False,iid,0.1,1,s020,7,16.500000000000004,3.58695652173913,6.0,30.0,56,38,38,0,0,6,0.76,11.81640625,49,10,0,0,1,3025,256,16,0,0,0,12.75,
aeqkad_nu0.1,window,full,fidelity,False,True,16,0.1,25,0,False,iid,0.1,1,s020,8,38.75,37.22826086956522,50.0,27.500000000000004,56,12,11,1,0,6,0.22,12.1640625,27,14,0,0,1,3114,256,16,0,0,1,24.875,40.0
aeqkad_nu0.1,window,full,fidelity,False,True,16,0.1,25,0,False,iid,0.1,2,s020,2,41.75,32.55434782608696,48.0,34.5,56,17,16,1,0,6,0.32,14.78515625,28,11,0,0,0,3785,256,16,0,0,0,15.8125,
aeqkad_nu0.1,window,full,fidelity,False,True,16,0.1,25,0,False,iid,0.1,2,s020,3,48.0,32.55434782608696,72.0,14.499999999999998,56,8,8,0,0,6,0.16,11.4140625,14,6,0,0,0,2922,256,16,0,0,0,49.4375,
aeqkad_nu0.1,window,full,fidelity,False,True,16,0.1,25,0,False,iid,0.1,2,s020,4,30.500000000000004,25.543478260869566,30.0,23.5,56,28,27,1,0,6,0.54,13.46875,37,9,0,0,0,3448,256,16,0,0,1,15.25,
aeqkad_nu0.1,window,full,fidelity,False,True,16,0.1,25,0,False,iid,0.1,2,s020,5,33.75,32.22826086956522,46.0,23.0,56,18,18,0,0,6,0.36,14.1796875,27,9,0,0,0,3630,256,16,0,0,0,13.3125,
aeqkad_nu0.1,window,full,fidelity,False,True,16,0.1,25,0,False,iid,0.1,2,s020,6,42.25,30.217391304347828,60.0,21.0,56,12,11,1,0,6,0.22,11.9140625,22,10,0,0,0,3050,256,16,0,0,1,34.3125,
aeqkad_nu0.1,window,full,fidelity,False,True,16,0.1,25,0,False,iid,0.1,2,s020,7,21.499999999999996,12.771739130434783,14.000000000000002,30.0,56,35,33,2,0,6,0.66,11.82421875,45,10,0,0,0,3027,256,16,0,0,0,11.8125,
aeqkad_nu0.1,window,full,fidelity,False,True,16,0.1,25,0,False,iid,0.1,2,s020,8,39.25,37.22826086956522,60.0,19.5,56,10,10,0,0,6,0.2,12.46875,20,10,0,0,0,3192,256,16,0,0,0,29.375,36.0
aeqkad_nu0.2,window,full,fidelity,False,True,16,0.2,25,0,False,iid,0.1,0,s020,2,37.75,32.71739130434783,40.0,37.0,56,21,21,0,0,6,0.42,14.5703125,31,10,0,0,0,3730,256,16,0,0,0,12.625,
aeqkad_nu0.2,window,full,fidelity,False,True,16,0.2,25,0,False,iid,0.1,0,s020,3,51.24999999999999,33.80434782608695,68.0,24.0,56,9,8,1,0,6,0.16,12.45703125,17,8,0,0,0,3189,256,16,0,0,1,46.875,
aeqkad_nu0.2,window,full,fidelity,False,True,16,0.2,25,0,False,iid,0.1,0,s020,4,28.500000000000004,22.1195652173913,32.0,24.5,56,29,29,0,0,6,0.58,13.50390625,37,8,0,0,0,3457,256,16,0,0,0,18.0,
aeqkad_nu0.2,window,full,fidelity,False,True,16,0.2,25,0,False,iid,0.1,0,s020,5,25.0,17.445652173913043,26.0,38.0,56,35,35,0,0,6,0.7,13.72265625,37,2,0,0,0,3513,256,16,0,0,0,8.9375,
aeqkad_nu0.2,window,full,fidelity,False,True,16,0.2,25,0,False,iid,0.1,0,s020,6,44.99999999999999,35.97826086956522,54.0,35.5,56,14,14,0,0,6,0.28,12.44921875,23,9,0,0,0,3187,256,16,0,0,0,23.4375,
aeqkad_nu0.2,window,full,fidelity,False,True,16,0.2,25,0,False,iid,0.1,0,s020,7,14.500000000000002,5.923913043478259,6.0,35.5,56,43,43,0,0,6,0.86,12.7265625,49,6,0,0,0,3258,256,16,0,0,0,8.875,
aeqkad_nu0.2,window,full,fidelity,False,True,16,0.2,25,0,False,iid,0.1,0,s020,8,36.0,20.869565217391305,44.0,19.5,56,21,21,0,0,6,0.42,14.19140625,29,8,0,0,0,3633,256,16,0,0,0,13.75,16.0
aeqkad_nu0.2,window,full,fidelity,False,True,16,0.2,25,0,False,iid,0.1,1,s020,2,38.25,29.130434782608695,40.0,38.5,56,19,19,0,0,6,0.38,14.76171875,34,15,0,0,0,3779,256,16,0,0,0,14.4375,
aeqkad_nu0.2,window,full,fidelity,False,True,16,0.2,25,0,False,iid,0.1,1,s020,3,48.0,33.80434782608695,66.0,19.5,56,9,9,0,0,6,0.18,12.1328125,18,9,0,0,0,3106,256,16,0,0,0,47.25,
aeqkad_nu0.2,window,full,fidelity,False,True,16,0.2,25,0,False,iid,0.1,1,s020,4,28.249999999999996,17.445652173913043,30.0,27.0,56,28,28,0,0,6,0.56,13.265625,37,9,0,0,0,3396,256,16,0,0,0,16.0,
aeqkad_nu0.2,window,full,fidelity,False,True,16,0.2,25,0,False,iid,0.1,1,s020,5,34.5,28.967391304347828,34.0,32.0,56,20,20,0,0,6,0.4,14.18359375,35,15,0,0,0,3631,256,16,0,0,0,11.9375,
aeqkad_nu0.2,window,full,fidelity,False,True,16,0.2,25,0,False,iid,0.1,1,s020,6,37.75,32.71739130434783,40.0,34.0,56,15,14,1,0,6,0.28,12.3984375,32,17,0,0,0,3174,256,16,0,0,1,27.875,
aeqkad_nu0.2,window,full,fidelity,False,True,16,0.2,25,0,False,iid,0.1,1,s020,7,16.500000000000004,3.58695652173913,6.0,30.0,56,38,38,0,0,6,0.76,11.79296875,49,10,0,0,1,3019,256,16,0,0,0,12.75,
aeqkad_nu0.2,window,full,fidelity,False,True,16,0.2,25,0,False,iid,0.1,1,s020,8,39.75,37.22826086956522,50.0,27.500000000000004,56,12,11,1,0,6,0.22,12.1640625,27,14,0,0,1,3114,256,16,0,0,1,24.875,40.0
aeqkad_nu0.2,window,full,fidelity,False,True,16,0.2,25,0,False,iid,0.1,2,s020,2,41.75,31.467391304347824,48.0,34.5,56,17,16,1,0,6,0.32,14.78515625,28,11,0,0,0,3785,256,16,0,0,0,15.8125,
aeqkad_nu0.2,window,full,fidelity,False,True,16,0.2,25,0,False,iid,0.1,2,s020,3,48.0,32.55434782608696,72.0,14.499999999999998,56,8,8,0,0,6,0.16,11.4140625,14,6,0,0,0,2922,256,16,0,0,0,49.4375,
aeqkad_nu0.2,window,full,fidelity,False,True,16,0.2,25,0,False,iid,0.1,2,s020,4,30.500000000000004,25.543478260869566,30.0,23.5,56,28,27,1,0,6,0.54,13.46875,37,9,0,0,0,3448,256,16,0,0,1,15.25,
aeqkad_nu0.2,window,full,fidelity,False,True,16,0.2,25,0,False,iid,0.1,2,s020,5,33.75,32.22826086956522,46.0,23.0,56,18,18,0,0,6,0.36,14.1796875,27,9,0,0,0,3630,256,16,0,0,0,13.3125,
aeqkad_nu0.2,window,full,fidelity,False,True,16,0.2,25,0,False,iid,0.1,2,s020,6,42.25,30.217391304347828,60.0,21.0,56,12,11,1,0,6,0.22,11.9140625,22,10,0,0,0,3050,256,16,0,0,1,34.3125,
aeqkad_nu0.2,window,full,fidelity,False,True,16,0.2,25,0,False,iid,0.1,2,s020,7,21.499999999999996,12.771739130434783,14.000000000000002,30.0,56,35,33,2,0,6,0.66,11.82421875,45,10,0,0,0,3027,256,16,0,0,0,11.8125,
aeqkad_nu0.2,window,full,fidelity,False,True,16,0.2,25,0,False,iid,0.1,2,s020,8,39.25,37.22826086956522,60.0,19.5,56,10,10,0,0,6,0.2,12.46875,20,10,0,0,0,3192,256,16,0,0,0,29.375,36.0
window_nu0.1,window,none,fidelity,False,True,16,0.1,25,0,False,iid,0.1,0,s021,2,29.25,4.67391304347826,4.0,76.5,56,52,48,4,0,6,0.96,14.6171875,0,0,0,0,0,3742,256,16,0,0,1,7.5,
window_nu0.1,window,none,fidelity,False,True,16,0.1,25,0,False,iid,0.1,0,s021,3,20.0,7.01086956521739,10.0,66.0,56,48,45,3,0,6,0.9,12.63671875,0,0,0,0,0,3235,256,16,0,0,0,8.5,
window_nu0.1,window,none,fidelity,False,True,16,0.1,25,0,False,iid,0.1,0,s021,4,16.0,0.0,4.0,71.5,56,51,48,3,0,6,0.96,12.59765625,0,0,0,0,0,3225,256,16,0,0,0,7.875,
window_nu0.1,window,none,fidelity,False,True,16,0.1,25,0,False,iid,0.1,0,s021,5,17.750000000000004,4.67391304347826,6.0,72.0,56,51,47,4,0,6,0.94,13.08984375,0,0,0,0,0,3351,256,16,0,0,1,7.75,
window_nu0.1,window,none,fidelity,False,True,16,0.1,25,0,False,iid,0.1,0,s021,6,32.99999999999999,12.771739130434783,16.0,76.5,56,46,42,4,0,6,0.84,12.2265625,0,0,0,0,0,3130,256,16,0,0,0,8.375,
window_nu0.1,window,none,fidelity,False,True,16,0.1,25,0,False,iid,0.1,0,s021,7,15.000000000000002,6.847826086956524,4.0,69.0,56,52,48,4,0,6,0.96,12.1640625,0,0,0,0,0,3114,256,16,0,0,0,7.5,
window_nu0.1,window,none,fidelity,False,True,16,0.1,25,0,False,iid,0.1,0,s021,8,16.000000000000004,2.33695652173913,8.0,62.0,56,48,46,2,0,6,0.92,11.09765625,0,0,0,0,0,2841,256,16,0,0,1,8.5,88.0
window_nu0.1,window,none,fidelity,False,True,16,0.1,25,0,False,iid,0.1,1,s021,2,23.25,8.260869565217389,12.0,50.0,56,46,44,2,0,6,0.88,14.4453125,0,0,0,0,0,3698,256,16,0,0,0,9.6875,
window_nu0.1,window,none,fidelity,False,True,16,0.1,25,0,False,iid,0.1,1,s021,3,22.249999999999996,9.347826086956525,14.000000000000002,52.0,56,46,43,3,0,6,0.86,12.20703125,0,0,0,0,0,3125,256,16,0,0,1,9.4375,
window_nu0.1,window,none,fidelity,False,True,16,0.1,25,0,False,iid,0.1,1,s021,4,15.75,0.0,4.0,64.5,56,52,48,4,0,6,0.96,12.671875,0,0,0,0,0,3244,256,16,0,0,2,8.125,
window_nu0.1,window,none,fidelity,False,True,16,0.1,25,0,False,iid,0.1,1,s021,5,19.749999999999996,8.260869565217389,8.0,58.5,56,50,46,4,0,6,0.92,13.21875,0,0,0,0,0,3384,256,16,0,0,1,8.9375,
window_nu0.1,window,none,fidelity,False,True,16,0.1,25,0,False,iid,0.1,1,s021,6,34.25,20.869565217391305,22.0,63.0,56,44,39,5,0,6,0.78,11.64453125,0,0,0,0,0,2981,256,16,0,0,2,9.6875,
window_nu0.1,window,none,fidelity,False,True,16,0.1,25,0,False,iid,0.1,1,s021,7,15.500000000000004,5.760869565217389,6.0,67.0,56,48,47,1,0,6,0.94,12.32421875,0,0,0,0,0,3155,256,16,0,0,0,8.5,
window_nu0.1,window,none,fidelity,False,True,16,0.1,25,0,False,iid,0.1,1,s021,8,18.250000000000004,7.01086956521739,8.0,59.0,56,50,46,4,0,6,0.92,11.23046875,0,0,0,0,0,2875,256,16,0,0,1,9.3125,74.0
window_nu0.1,window,none,fidelity,False,True,16,0.1,25,0,False,iid,0.1,2,s021,2,25.75,7.01086956521739,6.0,67.5,56,50,47,3,0,6,0.94,14.40625,0,0,0,0,0,3688,256,16,0,0,2,7.625,
window_nu0.1,window,none,fidelity,False,True,16,0.1,25,0,False,iid,0.1,2,s021,3,23.0,5.923913043478259,12.0,60.5,56,45,44,1,0,6,0.88,12.15625,0,0,0,0,0,3112,256,16,0,0,0,9.875,
window_nu0.1,window,none,fidelity,False,True,16,0.1,25,0,False,iid,0.1,2,s021,4,15.750000000000004,4.67391304347826,4.0,60.5,56,53,48,5,0,6,0.96,12.78515625,0,0,0,0,0,3273,256,16,0,0,2,8.3125,
window_nu0.1,window,none,fidelity,False,True,16,0.1,25,0,False,iid,0.1,2,s021,5,18.000000000000004,8.097826086956525,10.0,65.5,56,47,45,2,0,6,0.9,12.9609375,0,0,0,0,0,3318,256,16,0,0,2,7.8125,
window_nu0.1,window,none,fidelity,False,True,16,0.1,25,0,False,iid,0.1,2,s021,6,29.000000000000004,15.108695652173914,20.0,72.0,56,44,40,4,0,6,0.8,11.8125,0,0,0,0,0,3024,256,16,0,0,1,9.875,
window_nu0.1,window,none,fidelity,False,True,16,0.1,25,0,False,iid,0.1,2,s021,7,14.500000000000002,11.521739130434785,4.0,68.5,56,53,48,5,0,6,0.96,12.12109375,0,0,0,0,0,3103,256,16,0,0,0,7.5,
window_nu0.1,window,none,fidelity,False,True,16,0.1,25,0,False,iid,0.1,2,s021,8,16.500000000000004,2.33695652173913,6.0,61.5,56,50,47,3,0,6,0.94,11.19140625,0,0,0,0,0,2865,256,16,0,0,2,9.125,64.0
window_nu0.2,window,none,fidelity,False,True,16,0.2,25,0,False,iid,0.1,0,s021,2,29.25,4.67391304347826,4.0,76.5,56,52,48,4,0,6,0.96,14.6171875,0,0,0,0,0,3742,256,16,0,0,1,7.5,
window_nu0.2,window,none,fidelity,False,True,16,0.2,25,0,False,iid,0.1,0,s021,3,20.0,7.01086956521739,10.0,65.5,56,48,45,3,0,6,0.9,12.64453125,0,0,0,0,0,3237,256,16,0,0,0,8.5,
window_nu0.2,window,none,fidelity,False,True,16,0.2,25,0,False,iid,0.1,0,s021,4,16.0,0.0,4.0,71.5,56,51,48,3,0,6,0.96,12.62109375,0,0,0,0,0,3231,256,16,0,0,0,7.875,
window_nu0.2,window,none,fidelity,False,True,16,0.2,25,0,False,iid,0.1,0,s021,5,17.750000000000004,4.67391304347826,6.0,72.0,56,51,47,4,0,6,0.94,13.08984375,0,0,0,0,0,3351,256,16,0,0,1,7.75,
window_nu0.2,window,none,fidelity,False,True,16,0.2,25,0,False,iid,0.1,0,s021,6,32.99999999999999,12.771739130434783,16.0,76.5,56,46,42,4,0,6,0.84,12.25390625,0,0,0,0,0,3137,256,16,0,0,0,8.375,
window_nu0.2,window,none,fidelity,False,True,16,0.2,25,0,False,iid,0.1,0,s021,7,15.000000000000002,3.58695652173913,4.0,69.0,56,52,48,4,0,6,0.96,12.21484375,0,0,0,0,0,3127,256,16,0,0,0,7.5,
window_nu0.2,window,none,fidelity,False,True,16,0.2,25,0,False,iid,0.1,0,s021,8,16.000000000000004,2.33695652173913,8.0,62.0,56,48,46,2,0,6,0.92,11.09765625,0,0,0,0,0,2841,256,16,0,0,1,8.5,88.0
window_nu0.2,window,none,fidelity,False,True,16,0.2,25,0,False,iid,0.1,1,s021,2,23.25,8.260869565217389,12.0,50.0,56,46,44,2,0,6,0.88,14.4453125,0,0,0,0,0,3698,256,16,0,0,0,9.6875,
window_nu0.2,window,none,fidelity,False,True,16,0.2,25,0,False,iid,0.1,1,s021,3,22.249999999999996,9.347826086956525,14.000000000000002,52.0,56,46,43,3,0,6,0.86,12.1796875,0,0,0,0,0,3118,256,16,0,0,1,9.4375,
window_nu0.2,window,none,fidelity,False,True,16,0.2,25,0,False,iid,0.1,1,s021,4,15.75,0.0,4.0,64.5,56,52,48,4,0,6,0.96,12.71875,0,0,0,0,0,3256,256,16,0,0,2,8.125,
window_nu0.2,window,none,fidelity,False,True,16,0.2,25,0,False,iid,0.1,1,s021,5,19.749999999999996,8.260869565217389,8.0,58.5,56,50,46,4,0,6,0.92,13.21875,0,0,0,0,0,3384,256,16,0,0,1,8.9375,
window_nu0.2,window,none,fidelity,False,True,16,0.2,25,0,False,iid,0.1,1,s021,6,34.25,20.869565217391305,22.0,63.0,56,44,39,5,0,6,0.78,11.71484375,0,0,0,0,0,2999,256,16,0,0,2,9.6875,
window_nu0.2,window,none,fidelity,False,True,16,0.2,25,0,False,iid,0.1,1,s021,7,15.500000000000004,8.260869565217389,6.0,67.0,56,48,47,1,0,6,0.94,12.32421875,0,0,0,0,0,3155,256,16,0,0,0,8.5,
window_nu0.2,window,none,fidelity,False,True,16,0.2,25,0,False,iid,0.1,1,s021,8,18.250000000000004,7.01086956521739,8.0,59.0,56,50,46,4,0,6,0.92,11.23046875,0,0,0,0,0,2875,256,16,0,0,1,9.3125,74.0
window_nu0.2,window,none,fidelity,False,True,16,0.2,25,0,False,iid,0.1,2,s021,2,25.75,7.01086956521739,6.0,67.5,56,50,47,3,0,6,0.94,14.40625,0,0,0,0,0,3688,256,16,0,0,2,7.625,
window_nu0.2,window,none,fidelity,False,True,16,0.2,25,0,False,iid,0.1,2,s021,3,23.0,5.923913043478259,12.0,60.5,56,45,44,1,0,6,0.88,12.13671875,0,0,0,0,0,3107,256,16,0,0,0,9.875,
window_nu0.2,window,none,fidelity,False,True,16,0.2,25,0,False,iid,0.1,2,s021,4,15.750000000000004,4.67391304347826,4.0,60.5,56,53,48,5,0,6,0.96,12.8359375,0,0,0,0,0,3286,256,16,0,0,2,8.3125,
window_nu0.2,window,none,fidelity,False,True,16,0.2,25,0,False,iid,0.1,2,s021,5,18.000000000000004,8.097826086956525,10.0,65.5,56,47,45,2,0,6,0.9,12.9609375,0,0,0,0,0,3318,256,16,0,0,2,7.8125,
window_nu0.2,window,none,fidelity,False,True,16,0.2,25,0,False,iid,0.1,2,s021,6,29.000000000000004,15.108695652173914,20.0,72.0,56,44,40,4,0,6,0.8,11.8125,0,0,0,0,0,3024,256,16,0,0,1,9.875,
window_nu0.2,window,none,fidelity,False,True,16,0.2,25,0,False,iid,0.1,2,s021,7,14.500000000000002,11.521739130434785,4.0,68.5,56,53,48,5,0,6,0.96,12.12109375,0,0,0,0,0,3103,256,16,0,0,0,7.5,
window_nu0.2,window,none,fidelity,False,True,16,0.2,25,0,False,iid,0.1,2,s021,8,16.500000000000004,2.33695652173913,6.0,61.5,56,50,47,3,0,6,0.94,11.09765625,0,0,0,0,0,2841,256,16,0,0,2,9.125,64.0
aeqkad_nu0.1,window,full,fidelity,False,True,16,0.1,25,0,False,iid,0.1,0,s021,2,27.749999999999996,4.67391304347826,6.0,65.5,56,33,33,0,0,6,0.66,13.515625,52,19,0,0,0,3460,256,16,0,0,0,10.5625,
aeqkad_nu0.1,window,full,fidelity,False,True,16,0.1,25,0,False,iid,0.1,0,s021,3,21.999999999999996,8.097826086956525,14.000000000000002,56.00000000000001,56,35,35,0,0,6,0.7,10.8203125,45,10,0,0,0,2770,256,16,0,0,0,14.6875,
aeqkad_nu0.1,window,full,fidelity,False,True,16,0.1,25,0,False,iid,0.1,0,s021,4,14.500000000000002,0.0,4.0,65.0,56,43,43,0,0,6,0.86,11.38671875,51,8,0,0,0,2915,256,16,0,0,0,8.6875,
aeqkad_nu0.1,window,full,fidelity,False,True,16,0.1,25,0,False,iid,0.1,0,s021,5,15.250000000000002,5.760869565217389,8.0,60.0,56,43,42,1,0,6,0.84,11.9296875,48,5,0,0,0,3054,256,16,0,0,1,8.375,
aeqkad_nu0.1,window,full,fidelity,False,True,16,0.1,25,0,False,iid,0.1,0,s021,6,30.000000000000004,12.771739130434783,18.0,66.5,56,33,32,1,0,6,0.64,10.33203125,45,12,0,0,0,2645,256,16,0,0,0,11.1875,
aeqkad_nu0.1,window,full,fidelity,False,True,16,0.1,25,0,False,iid,0.1,0,s021,7,14.250000000000002,2.5,4.0,65.0,56,44,43,1,0,6,0.86,11.109375,52,7,0,0,1,2844,256,16,0,0,0,7.5,
aeqkad_nu0.1,window,full,fidelity,False,True,16,0.1,25,0,False,iid,0.1,0,s021,8,16.750000000000004,2.33695652173913,8.0,54.0,56,41,41,0,0,6,0.82,9.8828125,48,7,0,0,0,2530,256,16,0,0,0,10.3125,86.0
aeqkad_nu0.1,window,full,fidelity,False,True,16,0.1,25,0,False,iid,0.1,1,s021,2,25.75,8.097826086956525,16.0,44.5,56,30,30,0,0,6,0.6,13.421875,43,13,0,0,0,3436,256,16,0,0,0,13.3125,
aeqkad_nu0.1,window,full,fidelity,False,True,16,0.1,25,0,False,iid,0.1,1,s021,3,24.0,8.097826086956525,18.0,47.0,56,35,34,1,0,6,0.68,11.29296875,44,9,0,0,0,2891,256,16,0,0,0,14.875,
aeqkad_nu0.1,window,full,fidelity,False,True,16,0.1,25,0,False,iid,0.1,1,s021,4,15.750000000000004,0.0,4.0,55.50000000000001,56,43,42,1,0,6,0.84,11.3125,52,9,0,0,0,2896,256,16,0,0,1,9.375,
aeqkad_nu0.1,window,full,fidelity,False,True,16,0.1,25,0,False,iid,0.1,1,s021,5,17.750000000000004,4.510869565217389,10.0,52.0,56,39,39,0,0,6,0.78,11.34375,48,9,0,0,0,2904,256,16,0,0,0,9.5625,
aeqkad_nu0.1,window,full,fidelity,False,True,16,0.1,25,0,False,iid,0.1,1,s021,6,34.25,15.108695652173914,26.0,56.49999999999999,56,33,32,1,0,6,0.64,10.00390625,40,7,0,0,0,2561,256,16,0,0,0,13.1875,
aeqkad_nu0.1,window,full,fidelity,False,True,16,0.1,25,0,False,iid,0.1,1,s021,7,16.000000000000004,3.423913043478259,6.0,59.0,56,43,43,0,0,6,0.86,11.3125,47,4,0,0,0,2896,256,16,0,0,0,8.5,
aeqkad_nu0.1,window,full,fidelity,False,True,16,0.1,25,0,False,iid,0.1,1,s021,8,18.250000000000004,3.423913043478259,8.0,59.0,56,44,41,3,0,6,0.82,10.4140625,50,6,0,0,0,2666,256,16,0,0,1,10.5,74.0
aeqkad_nu0.1,window,full,fidelity,False,True,16,0.1,25,0,False,iid,0.1,2,s021,2,26.25,7.01086956521739,12.0,62.5,56,33,33,0,0,6,0.66,13.1953125,47,14,0,0,0,3378,256,16,0,0,0,12.625,
aeqkad_nu0.1,window,full,fidelity,False,True,16,0.1,25,0,False,iid,0.1,2,s021,3,23.25,8.097826086956525,16.0,49.0,56,34,34,0,0,6,0.68,10.45703125,43,9,0,0,0,2677,256,16,0,0,0,15.6875,
aeqkad_nu0.1,window,full,fidelity,False,True,16,0.1,25,0,False,iid,0.1,2,s021,4,16.000000000000004,1.25,4.0,56.99999999999999,56,44,43,1,0,6,0.86,10.828125,53,9,0,0,0,2772,256,16,0,0,0,10.0625,
aeqkad_nu0.1,window,full,fidelity,False,True,16,0.1,25,0,False,iid,0.1,2,s021,5,16.000000000000004,5.760869565217389,10.0,60.5,56,42,42,0,0,6,0.84,12.078125,47,5,0,0,0,3092,256,16,0,0,0,9.5,
aeqkad_nu0.1,window,full,fidelity,False,True,16,0.1,25,0,False,iid,0.1,2,s021,6,33.24999999999999,9.347826086956525,18.0,65.0,56,34,33,1,0,6,0.66,10.12109375,45,11,0,0,0,2591,256,16,0,0,1,12.125,
aeqkad_nu0.1,window,full,fidelity,False,True,16,0.1,25,0,False,iid,0.1,2,s021,7,14.250000000000002,5.923913043478259,4.0,64.0,56,49,44,5,0,6,0.88,11.6796875,53,4,0,0,0,2990,256,16,0,0,0,7.5,
aeqkad_nu0.1,window,full,fidelity,False,True,16,0.1,25,0,False,iid,0.1,2,s021,8,16.000000000000004,7.01086956521739,8.0,57.49999999999999,56,42,41,1,0,6,0.82,10.02734375,49,7,0,0,0,2567,256,16,0,0,1,11.75,52.0
aeqkad_nu0.2,window,full,fidelity,False,True,16,0.2,25,0,False,iid,0.1,0,s021,2,27.749999999999996,4.67391304347826,6.0,65.5,56,33,33,0,0,6,0.66,13.58984375,52,19,0,0,0,3479,256,16,0,0,0,10.5625,
aeqkad_nu0.2,window,full,fidelity,False,True,16,0.2,25,0,False,iid,0.1,0,s021,3,21.999999999999996,8.097826086956525,14.000000000000002,56.00000000000001,56,35,35,0,0,6,0.7,10.84375,45,10,0,0,0,2776,256,16,0,0,0,14.6875,
aeqkad_nu0.2,window,full,fidelity,False,True,16,0.2,25,0,False,iid,0.1,0,s021,4,14.500000000000002,0.0,4.0,65.0,56,43,43,0,0,6,0.86,11.38671875,51,8,0,0,0,2915,256,16,0,0,0,8.6875,
aeqkad_nu0.2,window,full,fidelity,False,True,16,0.2,25,0,False,iid,0.1,0,s021,5,15.250000000000002,5.760869565217389,8.0,60.0,56,43,42,1,0,6,0.84,11.95703125,48,5,0,0,0,3061,256,16,0,0,1,8.375,
aeqkad_nu0.2,window,full,fidelity,False,True,16,0.2,25,0,False,iid,0.1,0,s021,6,30.000000000000004,12.771739130434783,18.0,66.5,56,33,32,1,0,6,0.64,10.33203125,45,12,0,0,0,2645,256,16,0,0,0,11.1875,
aeqkad_nu0.2,window,full,fidelity,False,True,16,0.2,25,0,False,iid,0.1,0,s021,7,14.250000000000002,2.5,4.0,65.0,56,44,43,1,0,6,0.86,11.1796875,52,7,0,0,1,2862,256,16,0,0,0,7.5,
aeqkad_nu0.2,window,full,fidelity,False,True,16,0.2,25,0,False,iid,0.1,0,s021,8,16.750000000000004,2.33695652173913,8.0,54.0,56,41,41,0,0,6,0.82,9.8359375,48,7,0,0,0,2518,256,16,0,0,0,10.3125,86.0
aeqkad_nu0.2,window,full,fidelity,False,True,16,0.2,25,0,False,iid,0.1,1,s021,2,25.75,8.097826086956525,16.0,44.5,56,30,30,0,0,6,0.6,13.421875,43,13,0,0,0,3436,256,16,0,0,0,13.3125,
aeqkad_nu0.2,window,full,fidelity,False,True,16,0.2,25,0,False,iid,0.1,1,s021,3,24.0,8.097826086956525,18.0,47.0,56,35,34,1,0,6,0.68,11.31640625,44,9,0,0,0,2897,256,16,0,0,0,14.875,
aeqkad_nu0.2,window,full,fidelity,False,True,16,0.2,25,0,False,iid,0.1,1,s021,4,15.750000000000004,0.0,4.0,55.50000000000001,56,43,42,1,0,6,0.84,11.33984375,52,9,0,0,0,2903,256,16,0,0,1,9.375,
aeqkad_nu0.2,window,full,fidelity,False,True,16,0.2,25,0,False,iid,0.1,1,s021,5,17.750000000000004,4.510869565217389,10.0,52.0,56,39,39,0,0,6,0.78,11.41796875,48,9,0,0,0,2923,256,16,0,0,0,9.5625,
aeqkad_nu0.2,window,full,fidelity,False,True,16,0.2,25,0,False,iid,0.1,1,s021,6,34.25,15.108695652173914,26.0,56.49999999999999,56,33,32,1,0,6,0.64,10.0,40,7,0,0,0,2560,256,16,0,0,0,13.1875,
aeqkad_nu0.2,window,full,fidelity,False,True,16,0.2,25,0,False,iid,0.1,1,s021,7,16.000000000000004,3.423913043478259,6.0,59.0,56,43,43,0,0,6,0.86,11.31640625,47,4,0,0,0,2897,256,16,0,0,0,8.5,
aeqkad_nu0.2,window,full,fidelity,False,True,16,0.2,25,0,False,iid,0.1,1,s021,8,18.250000000000004,3.423913043478259,8.0,59.0,56,44,41,3,0,6,0.82,10.4140625,50,6,0,0,0,2666,256,16,0,0,1,10.5,74.0
aeqkad_nu0.2,window,full,fidelity,False,True,16,0.2,25,0,False,iid,0.1,2,s021,2,26.25,7.01086956521739,12.0,62.5,56,33,33,0,0,6,0.66,13.24609375,47,14,0,0,0,3391,256,16,0,0,0,12.625,
aeqkad_nu0.2,window,full,fidelity,False,True,16,0.2,25,0,False,iid,0.1,2,s021,3,23.25,8.097826086956525,16.0,49.0,56,34,34,0,0,6,0.68,10.45703125,43,9,0,0,0,2677,256,16,0,0,0,15.6875,
aeqkad_nu0.2,window,full,fidelity,False,True,16,0.2,25,0,False,iid,0.1,2,s021,4,16.000000000000004,1.25,4.0,56.99999999999999,56,44,43,1,0,6,0.86,10.83203125,53,9,0,0,0,2773,256,16,0,0,0,10.0625,
aeqkad_nu0.2,window,full,fidelity,False,True,16,0.2,25,0,False,iid,0.1,2,s021,5,16.000000000000004,5.760869565217389,10.0,60.5,56,42,42,0,0,6,0.84,12.078125,47,5,0,0,0,3092,256,16,0,0,0,9.5,
aeqkad_nu0.2,window,full,fidelity,False,True,16,0.2,25,0,False,iid,0.1,2,s021,6,32.99999999999999,9.347826086956525,18.0,65.0,56,34,33,1,0,6,0.66,10.16796875,45,11,0,0,0,2603,256,16,0,0,1,12.125,
aeqkad_nu0.2,window,full,fidelity,False,True,16,0.2,25,0,False,iid,0.1,2,s021,7,14.250000000000002,5.923913043478259,4.0,64.0,56,49,44,5,0,6,0.88,11.6796875,53,4,0,0,0,2990,256,16,0,0,0,7.5,
aeqkad_nu0.2,window,full,fidelity,False,True,16,0.2,25,0,False,iid,0.1,2,s021,8,16.000000000000004,7.01086956521739,8.0,57.49999999999999,56,42,41,1,0,6,0.82,10.02734375,49,7,0,0,0,2567,256,16,0,0,1,11.75,52.0
window_nu0.1,window,none,fidelity,False,True,16,0.1,25,0,False,iid,0.1,0,s022,2,19.749999999999996,1.0869565217391297,10.0,45.0,56,49,45,4,0,6,0.9,13.1015625,0,0,0,0,0,3354,256,16,0,0,0,10.375,
window_nu0.1,window,none,fidelity,False,True,16,0.1,25,0,False,iid,0.1,0,s022,3,6.500000000000003,0.0,4.0,14.000000000000002,56,48,48,0,0,6,0.96,10.609375,0,0,0,0,0,2716,256,16,0,0,0,8.125,
window_nu0.1,window,none,fidelity,False,True,16,0.1,25,0,False,iid,0.1,0,s022,4,7.749999999999998,3.423913043478259,6.0,23.5,56,49,47,2,0,6,0.94,10.71875,0,0,0,0,0,2744,256,16,0,0,1,7.625,
window_nu0.1,window,none,fidelity,False,True,16,0.1,25,0,False,iid,0.1,0,s022,5,11.0,4.67391304347826,6.0,40.5,56,49,47,2,0,6,0.94,11.69140625,0,0,0,0,0,2993,256,16,0,0,0,8.4375,
window_nu0.1,window,none,fidelity,False,True,16,0.1,25,0,False,iid,0.1,0,s022,6,4.500000000000002,1.25,2.0,15.5,56,51,49,2,0,6,0.98,9.75390625,0,0,0,0,0,2497,256,16,0,0,0,8.75,
window_nu0.1,window,none,fidelity,False,True,16,0.1,25,0,False,iid,0.1,0,s022,7,0.75,0.0,0.0,9.5,56,50,50,0,0,6,1.0,7.359375,0,0,0,0,0,1884,256,16,0,0,0,8.5,
window_nu0.1,window,none,fidelity,False,True,16,0.1,25,0,False,iid,0.1,0,s022,8,8.999999999999998,0.0,2.0,25.0,56,50,49,1,0,6,0.98,8.9375,0,0,0,0,0,2288,256,16,0,0,0,9.0625,0.0
window_nu0.1,window,none,fidelity,False,True,16,0.1,25,0,False,iid,0.1,1,s022,2,12.25,0.0,6.0,36.0,56,49,47,2,0,6,0.94,12.9921875,0,0,0,0,0,3326,256,16,0,0,1,9.6875,
window_nu0.1,window,none,fidelity,False,True,16,0.1,25,0,False,iid,0.1,1,s022,3,5.000000000000003,0.0,0.0,35.0,56,51,50,1,0,6,1.0,11.17578125,0,0,0,0,0,2861,256,16,0,0,1,8.9375,
window_nu0.1,window,none,fidelity,False,True,16,0.1,25,0,False,iid,0.1,1,s022,4,4.749999999999998,0.0,2.0,37.5,56,52,49,3,0,6,0.98,11.45703125,0,0,0,0,0,2933,256,16,0,0,0,7.625,
window_nu0.1,window,none,fidelity,False,True,16,0.1,25,0,False,iid,0.1,1,s022,5,7.499999999999998,0.0,10.0,19.0,56,45,45,0,0,6,0.9,11.1796875,0,0,0,0,0,2862,256,16,0,0,0,9.1875,
window_nu0.1,window,none,fidelity,False,True,16,0.1,25,0,False,iid,0.1,1,s022,6,4.500000000000002,0.0,2.0,16.5,56,49,49,0,0,6,0.98,9.4375,0,0,0,0,0,2416,256,16,0,0,0,8.5,
window_nu0.1,window,none,fidelity,False,True,16,0.1,25,0,False,iid,0.1,1,s022,7,4.500000000000002,0.0,0.0,19.5,56,53,50,3,0,6,1.0,7.8203125,0,0,0,0,0,2002,256,16,0,0,3,7.5,
window_nu0.1,window,none,fidelity,False,True,16,0.1,25,0,False,iid,0.1,1,s022,8,10.499999999999998,0.0,2.0,41.0,56,51,49,2,0,6,0.98,9.06640625,0,0,0,0,0,2321,256,16,0,0,1,9.625,2.0
window_nu0.1,window,none,fidelity,False,True,16,0.1,25,0,False,iid,0.1,2,s022,2,11.5,0.0,8.0,17.5,56,46,46,0,0,6,0.92,12.65234375,0,0,0,0,0,3239,256,16,0,0,0,12.1875,
window_nu0.1,window,none,fidelity,False,True,16,0.1,25,0,False,iid,0.1,2,s022,3,4.500000000000002,0.0,4.0,8.5,56,48,48,0,0,6,0.96,10.4609375,0,0,0,0,0,2678,256,16,0,0,0,7.8125,
window_nu0.1,window,none,fidelity,False,True,16,0.1,25,0,False,iid,0.1,2,s022,4,9.499999999999996,0.0,2.0,14.000000000000002,56,49,49,0,0,6,0.98,10.66796875,0,0,0,0,0,2731,256,16,0,0,0,8.0625,
window_nu0.1,window,none,fidelity,False,True,16,0.1,25,0,False,iid,0.1,2,s022,5,8.249999999999998,1.25,10.0,17.5,56,47,45,2,0,6,0.9,11.3203125,0,0,0,0,0,2898,256,16,0,0,1,7.5625,
window_nu0.1,window,none,fidelity,False,True,16,0.1,25,0,False,iid,0.1,2,s022,6,4.500000000000002,2.33695652173913,2.0,10.5,56,50,49,1,0,6,0.98,10.00390625,0,0,0,0,0,2561,256,16,0,0,0,8.0625,
window_nu0.1,window,none,fidelity,False,True,16,0.1,25,0,False,iid,0.1,2,s022,7,0.0,0.0,0.0,8.5,56,50,50,0,0,6,1.0,7.44921875,0,0,0,0,0,1907,256,16,0,0,0,8.5,
window_nu0.1,window,none,fidelity,False,True,16,0.1,25,0,False,iid,0.1,2,s022,8,5.249999999999997,0.0,4.0,29.5,56,49,48,1,0,6,0.96,8.5703125,0,0,0,0,0,2194,256,16,0,0,0,9.8125,88.0
window_nu0.2,window,none,fidelity,False,True,16,0.2,25,0,False,iid,0.1,0,s022,2,19.749999999999996,1.0869565217391297,10.0,45.0,56,49,45,4,0,6,0.9,13.1015625,0,0,0,0,0,3354,256,16,0,0,0,10.375,
window_nu0.2,window,none,fidelity,False,True,16,0.2,25,0,False,iid,0.1,0,s022,3,6.500000000000003,0.0,4.0,14.000000000000002,56,48,48,0,0,6,0.96,10.609375,0,0,0,0,0,2716,256,16,0,0,0,8.125,
window_nu0.2,window,none,fidelity,False,True,16,0.2,25,0,False,iid,0.1,0,s022,4,7.499999999999998,3.423913043478259,6.0,23.5,56,49,47,2,0,6,0.94,10.74609375,0,0,0,0,0,2751,256,16,0,0,1,7.625,
window_nu0.2,window,none,fidelity,False,True,16,0.2,25,0,False,iid,0.1,0,s022,5,11.0,4.67391304347826,6.0,40.5,56,49,47,2,0,6,0.94,11.76171875,0,0,0,0,0,3011,256,16,0,0,0,8.4375,
window_nu0.2,window,none,fidelity,False,True,16,0.2,25,0,False,iid,0.1,0,s022,6,4.500000000000002,1.25,2.0,15.5,56,51,49,2,0,6,0.98,9.7578125,0,0,0,0,0,2498,256,16,0,0,0,8.75,
window_nu0.2,window,none,fidelity,False,True,16,0.2,25,0,False,iid,0.1,0,s022,7,0.75,0.0,0.0,9.5,56,50,50,0,0,6,1.0,7.359375,0,0,0,0,0,1884,256,16,0,0,0,8.5,
window_nu0.2,window,none,fidelity,False,True,16,0.2,25,0,False,iid,0.1,0,s022,8,8.999999999999998,0.0,2.0,25.0,56,50,49,1,0,6,0.98,8.984375,0,0,0,0,0,2300,256,16,0,0,0,9.0625,0.0
window_nu0.2,window,none,fidelity,False,True,16,0.2,25,0,False,iid,0.1,1,s022,2,12.25,0.0,6.0,36.5,56,49,47,2,0,6,0.94,13.01953125,0,0,0,0,0,3333,256,16,0,0,1,9.6875,
window_nu0.2,window,none,fidelity,False,True,16,0.2,25,0,False,iid,0.1,1,s022,3,5.000000000000003,0.0,0.0,35.0,56,51,50,1,0,6,1.0,11.19921875,0,0,0,0,0,2867,256,16,0,0,1,8.9375,
window_nu0.2,window,none,fidelity,False,True,16,0.2,25,0,False,iid,0.1,1,s022,4,4.749999999999998,0.0,2.0,37.5,56,52,49,3,0,6,0.98,11.4296875,0,0,0,0,0,2926,256,16,0,0,0,7.625,
window_nu0.2,window,none,fidelity,False,True,16,0.2,25,0,False,iid,0.1,1,s022,5,7.499999999999998,0.0,10.0,19.0,56,45,45,0,0,6,0.9,11.1796875,0,0,0,0,0,2862,256,16,0,0,0,9.1875,
window_nu0.2,window,none,fidelity,False,True,16,0.2,25,0,False,iid,0.1,1,s022,6,4.500000000000002,0.0,2.0,16.5,56,49,49,0,0,6,0.98,9.4375,0,0,0,0,0,2416,256,16,0,0,0,8.5,
window_nu0.2,window,none,fidelity,False,True,16,0.2,25,0,False,iid,0.1,1,s022,7,4.500000000000002,0.0,0.0,19.5,56,53,50,3,0,6,1.0,7.890625,0,0,0,0,0,2020,256,16,0,0,3,7.5,
window_nu0.2,window,none,fidelity,False,True,16,0.2,25,0,False,iid,0.1,1,s022,8,10.499999999999998,0.0,2.0,41.0,56,51,49,2,0,6,0.98,9.1171875,0,0,0,0,0,2334,256,16,0,0,1,9.625,2.0
window_nu0.2,window,none,fidelity,False,True,16,0.2,25,0,False,iid,0.1,2,s022,2,11.5,0.0,8.0,17.5,56,46,46,0,0,6,0.92,12.6796875,0,0,0,0,0,3246,256,16,0,0,0,12.1875,
window_nu0.2,window,none,fidelity,False,True,16,0.2,25,0,False,iid,0.1,2,s022,3,4.500000000000002,0.0,4.0,8.5,56,48,48,0,0,6,0.96,10.46484375,0,0,0,0,0,2679,256,16,0,0,0,7.8125,
window_nu0.2,window,none,fidelity,False,True,16,0.2,25,0,False,iid,0.1,2,s022,4,9.499999999999996,0.0,2.0,14.000000000000002,56,49,49,0,0,6,0.98,10.66796875,0,0,0,0,0,2731,256,16,0,0,0,8.0625,
window_nu0.2,window,none,fidelity,False,True,16,0.2,25,0,False,iid,0.1,2,s022,5,8.249999999999998,1.25,10.0,17.5,56,47,45,2,0,6,0.9,11.30078125,0,0,0,0,0,2893,256,16,0,0,1,7.5625,
window_nu0.2,window,none,fidelity,False,True,16,0.2,25,0,False,iid,0.1,2,s022,6,4.500000000000002,2.33695652173913,2.0,10.5,56,50,49,1,0,6,0.98,10.03515625,0,0,0,0,0,2569,256,16,0,0,0,8.0625,
window_nu0.2,window,none,fidelity,False,True,16,0.2,25,0,False,iid,0.1,2,s022,7,0.0,0.0,0.0,8.5,56,50,50,0,0,6,1.0,7.44921875,0,0,0,0,0,1907,256,16,0,0,0,8.5,
window_nu0.2,window,none,fidelity,False,True,16,0.2,25,0,False,iid,0.1,2,s022,8,5.249999999999997,0.0,4.0,29.5,56,49,48,1,0,6,0.96,8.59375,0,0,0,0,0,2200,256,16,0,0,0,9.8125,88.0
aeqkad_nu0.1,window,full,fidelity,False,True,16,0.1,25,0,False,iid,0.1,0,s022,2,10.75,0.0,12.0,17.5,56,38,38,0,0,6,0.76,11.8671875,45,7,6,0,0,3038,256,16,0,0,0,10.375,
aeqkad_nu0.1,window,full,fidelity,False,True,16,0.1,25,0,False,iid,0.1,0,s022,3,6.500000000000003,0.0,2.0,14.499999999999998,56,47,47,0,0,6,0.94,10.48828125,49,2,12,0,0,2685,256,16,0,0,0,8.125,
aeqkad_nu0.1,window,full,fidelity,False,True,16,0.1,25,0,False,iid,0.1,0,s022,4,7.249999999999998,3.423913043478259,8.0,24.5,56,46,45,1,0,6,0.9,10.296875,48,1,15,0,1,2636,256,16,0,0,0,8.1875,
aeqkad_nu0.1,window,full,fidelity,False,True,16,0.1,25,0,False,iid,0.1,0,s022,5,8.75,0.0,10.0,12.0,56,40,40,0,0,6,0.8,10.24609375,45,3,2,0,2,2623,256,16,0,0,0,9.0625,
aeqkad_nu0.1,window,full,fidelity,False,True,16,0.1,25,0,False,iid,0.1,0,s022,6,4.500000000000002,1.25,2.0,15.5,56,49,47,2,0,6,0.94,9.04296875,51,1,1,0,1,2315,256,16,0,0,0,8.75,
aeqkad_nu0.1,window,full,fidelity,False,True,16,0.1,25,0,False,iid,0.1,0,s022,7,2.000000000000001,0.0,0.0,10.5,56,49,49,0,0,6,0.98,7.25,50,0,2,0,1,1856,256,16,0,0,0,8.5,
aeqkad_nu0.1,window,full,fidelity,False,True,16,0.1,25,0,False,iid,0.1,0,s022,8,7.999999999999999,0.0,4.0,15.5,56,46,46,0,0,6,0.92,7.875,49,2,9,0,1,2016,256,16,0,0,0,9.0625,0.0
aeqkad_nu0.1,window,full,fidelity,False,True,16,0.1,25,0,False,iid,0.1,1,s022,2,12.25,0.0,6.0,30.5,56,40,40,0,0,6,0.8,12.08984375,49,9,0,0,0,3095,256,16,0,0,0,11.0625,
aeqkad_nu0.1,window,full,fidelity,False,True,16,0.1,25,0,False,iid,0.1,1,s022,3,7.0000000000000036,0.0,0.0,25.0,56,47,47,0,0,6,0.94,10.625,51,4,2,0,0,2720,256,16,0,0,0,9.6875,
aeqkad_nu0.1,window,full,fidelity,False,True,16,0.1,25,0,False,iid,0.1,1,s022,4,10.499999999999998,3.423913043478259,6.0,27.0,56,45,45,0,0,6,0.9,10.3046875,48,2,0,0,1,2638,256,16,0,0,0,7.625,
aeqkad_nu0.1,window,full,fidelity,False,True,16,0.1,25,0,False,iid,0.1,1,s022,5,6.999999999999999,0.0,10.0,17.0,56,40,40,0,0,6,0.8,10.28125,45,3,0,0,2,2632,256,16,0,0,0,9.875,
aeqkad_nu0.1,window,full,fidelity,False,True,16,0.1,25,0,False,iid,0.1,1,s022,6,4.500000000000002,0.0,2.0,16.5,56,47,47,0,0,6,0.94,8.76171875,49,1,0,0,1,2243,256,16,0,0,0,8.5,
aeqkad_nu0.1,window,full,fidelity,False,True,16,0.1,25,0,False,iid,0.1,1,s022,7,4.500000000000002,0.0,0.0,15.5,56,50,49,1,0,6,0.98,7.5234375,53,2,0,0,1,1926,256,16,0,0,1,9.3125,
aeqkad_nu0.1,window,full,fidelity,False,True,16,0.1,25,0,False,iid,0.1,1,s022,8,6.500000000000003,0.0,2.0,23.0,56,46,46,0,0,6,0.92,8.13671875,50,3,0,0,1,2083,256,16,0,0,0,10.5,2.0
aeqkad_nu0.1,window,full,fidelity,False,True,16,0.1,25,0,False,iid,0.1,2,s022,2,13.0,0.0,8.0,18.0,56,38,38,0,0,6,0.76,11.80859375,46,8,0,0,0,3023,256,16,0,0,0,12.1875,
aeqkad_nu0.1,window,full,fidelity,False,True,16,0.1,25,0,False,iid,0.1,2,s022,3,6.000000000000003,0.0,2.0,10.0,56,47,47,0,0,6,0.94,10.28125,49,2,0,0,0,2632,256,16,0,0,0,7.8125,
aeqkad_nu0.1,window,full,fidelity,False,True,16,0.1,25,0,False,iid,0.1,2,s022,4,9.499999999999996,3.423913043478259,6.0,12.5,56,45,45,0,0,6,0.9,10.05859375,47,1,0,0,1,2575,256,16,0,0,0,8.0625,
aeqkad_nu0.1,window,full,fidelity,False,True,16,0.1,25,0,False,iid,0.1,2,s022,5,7.749999999999998,0.0,10.0,11.0,56,40,40,0,0,6,0.8,10.30859375,47,5,0,0,2,2639,256,16,0,0,0,8.4375,
aeqkad_nu0.1,window,full,fidelity,False,True,16,0.1,25,0,False,iid,0.1,2,s022,6,4.000000000000002,0.0,2.0,10.0,56,47,47,0,0,6,0.94,8.8828125,50,2,0,0,1,2274,256,16,0,0,0,8.0625,
aeqkad_nu0.1,window,full,fidelity,False,True,16,0.1,25,0,False,iid,0.1,2,s022,7,0.25,0.0,0.0,9.0,56,49,49,0,0,6,0.98,7.31640625,50,0,0,0,1,1873,256,16,0,0,0,8.5,
aeqkad_nu0.1,window,full,fidelity,False,True,16,0.1,25,0,False,iid,0.1,2,s022,8,8.499999999999998,0.0,4.0,18.0,56,46,46,0,0,6,0.92,7.921875,49,3,0,0,0,2028,256,16,0,0,0,9.8125,92.0
aeqkad_nu0.2,window,full,fidelity,False,True,16,0.2,25,0,False,iid,0.1,0,s022,2,10.75,0.0,12.0,17.5,56,38,38,0,0,6,0.76,11.87109375,45,7,6,0,0,3039,256,16,0,0,0,10.375,
aeqkad_nu0.2,window,full,fidelity,False,True,16,0.2,25,0,False,iid,0.1,0,s022,3,6.500000000000003,0.0,2.0,14.499999999999998,56,47,47,0,0,6,0.94,10.46875,49,2,12,0,0,2680,256,16,0,0,0,8.125,
aeqkad_nu0.2,window,full,fidelity,False,True,16,0.2,25,0,False,iid,0.1,0,s022,4,7.249999999999998,3.423913043478259,8.0,24.5,56,46,45,1,0,6,0.9,10.34765625,48,1,15,0,1,2649,256,16,0,0,0,8.1875,
aeqkad_nu0.2,window,full,fidelity,False,True,16,0.2,25,0,False,iid,0.1,0,s022,5,8.75,0.0,10.0,12.0,56,40,40,0,0,6,0.8,10.24609375,45,3,2,0,2,2623,256,16,0,0,0,9.0625,
aeqkad_nu0.2,window,full,fidelity,False,True,16,0.2,25,0,False,iid,0.1,0,s022,6,4.500000000000002,1.25,2.0,15.5,56,49,47,2,0,6,0.94,9.1015625,51,1,1,0,1,2330,256,16,0,0,0,8.75,
aeqkad_nu0.2,window,full,fidelity,False,True,16,0.2,25,0,False,iid,0.1,0,s022,7,2.000000000000001,0.0,0.0,10.5,56,49,49,0,0,6,0.98,7.2734375,50,0,2,0,1,1862,256,16,0,0,0,8.5,
aeqkad_nu0.2,window,full,fidelity,False,True,16,0.2,25,0,False,iid,0.1,0,s022,8,7.999999999999999,0.0,4.0,15.5,56,46,46,0,0,6,0.92,7.875,49,2,9,0,1,2016,256,16,0,0,0,9.0625,0.0
aeqkad_nu0.2,window,full,fidelity,False,True,16,0.2,25,0,False,iid,0.1,1,s022,2,12.25,0.0,6.0,31.0,56,40,40,0,0,6,0.8,12.08984375,49,9,0,0,0,3095,256,16,0,0,0,11.0625,
aeqkad_nu0.2,window,full,fidelity,False,True,16,0.2,25,0,False,iid,0.1,1,s022,3,7.0000000000000036,0.0,0.0,25.0,56,47,47,0,0,6,0.94,10.69921875,51,4,1,0,0,2739,256,16,0,0,0,9.6875,
aeqkad_nu0.2,window,full,fidelity,False,True,16,0.2,25,0,False,iid,0.1,1,s022,4,10.499999999999998,3.423913043478259,6.0,27.0,56,45,45,0,0,6,0.9,10.28125,48,2,0,0,1,2632,256,16,0,0,0,7.625,
aeqkad_nu0.2,window,full,fidelity,False,True,16,0.2,25,0,False,iid,0.1,1,s022,5,6.999999999999999,0.0,10.0,17.0,56,40,40,0,0,6,0.8,10.28125,45,3,0,0,2,2632,256,16,0,0,0,9.875,
aeqkad_nu0.2,window,full,fidelity,False,True,16,0.2,25,0,False,iid,0.1,1,s022,6,4.500000000000002,0.0,2.0,16.5,56,47,47,0,0,6,0.94,8.73828125,49,1,0,0,1,2237,256,16,0,0,0,8.5,
aeqkad_nu0.2,window,full,fidelity,False,True,16,0.2,25,0,False,iid,0.1,1,s022,7,4.500000000000002,0.0,0.0,15.5,56,50,49,1,0,6,0.98,7.5703125,53,2,0,0,1,1938,256,16,0,0,1,9.3125,
aeqkad_nu0.2,window,full,fidelity,False,True,16,0.2,25,0,False,iid,0.1,1,s022,8,6.500000000000003,0.0,2.0,23.0,56,46,46,0,0,6,0.92,8.13671875,50,3,0,0,1,2083,256,16,0,0,0,10.5,2.0
aeqkad_nu0.2,window,full,fidelity,False,True,16,0.2,25,0,False,iid,0.1,2,s022,2,13.0,0.0,8.0,18.0,56,38,38,0,0,6,0.76,11.87890625,46,8,0,0,0,3041,256,16,0,0,0,12.1875,
aeqkad_nu0.2,window,full,fidelity,False,True,16,0.2,25,0,False,iid,0.1,2,s022,3,6.000000000000003,0.0,2.0,10.0,56,47,47,0,0,6,0.94,10.3046875,49,2,0,0,0,2638,256,16,0,0,0,7.8125,
aeqkad_nu0.2,window,full,fidelity,False,True,16,0.2,25,0,False,iid,0.1,2,s022,4,9.499999999999996,3.423913043478259,6.0,12.5,56,45,45,0,0,6,0.9,10.05859375,47,1,0,0,1,2575,256,16,0,0,0,8.0625,
aeqkad_nu0.2,window,full,fidelity,False,True,16,0.2,25,0,False,iid,0.1,2,s022,5,7.749999999999998,0.0,10.0,11.0,56,40,40,0,0,6,0.8,10.26171875,47,5,0,0,2,2627,256,16,0,0,0,8.4375,
aeqkad_nu0.2,window,full,fidelity,False,True,16,0.2,25,0,False,iid,0.1,2,s022,6,4.000000000000002,0.0,2.0,10.0,56,47,47,0,0,6,0.94,8.8828125,50,2,0,0,1,2274,256,16,0,0,0,8.0625,
aeqkad_nu0.2,window,full,fidelity,False,True,16,0.2,25,0,False,iid,0.1,2,s022,7,0.25,0.0,0.0,9.0,56,49,49,0,0,6,0.98,7.34375,50,0,0,0,1,1880,256,16,0,0,0,8.5,
aeqkad_nu0.2,window,full,fidelity,False,True,16,0.2,25,0,False,iid,0.1,2,s022,8,8.499999999999998,0.0,4.0,18.0,56,46,46,0,0,6,0.92,7.94921875,49,3,0,0,0,2035,256,16,0,0,0,9.8125,92.0
window_nu0.1,window,none,fidelity,False,True,16,0.1,25,0,False,iid,0.1,0,s024,2,11.5,4.67391304347826,6.0,17.0,56,48,47,1,0,6,0.94,11.921875,0,0,0,0,0,3052,256,16,0,0,0,9.625,
window_nu0.1,window,none,fidelity,False,True,16,0.1,25,0,False,iid,0.1,0,s024,3,15.750000000000004,6.847826086956524,14.000000000000002,16.0,56,44,43,1,0,6,0.86,12.890625,0,0,0,0,0,3300,256,16,0,0,0,8.0,
window_nu0.1,window,none,fidelity,False,True,16,0.1,25,0,False,iid,0.1,0,s024,4,12.0,1.25,12.0,12.5,56,46,44,2,0,6,0.88,9.90625,0,0,0,0,0,2536,256,16,0,0,1,9.375,
window_nu0.1,window,none,fidelity,False,True,16,0.1,25,0,False,iid,0.1,0,s024,5,9.25,0.0,8.0,13.5,56,46,46,0,0,6,0.92,11.61328125,0,0,0,0,0,2973,256,16,0,0,0,9.3125,
window_nu0.1,window,none,fidelity,False,True,16,0.1,25,0,False,iid,0.1,0,s024,6,11.5,0.0,12.0,12.5,56,44,44,0,0,6,0.88,10.03125,0,0,0,0,0,2568,256,16,0,0,0,10.25,
window_nu0.1,window,none,fidelity,False,True,16,0.1,25,0,False,iid,0.1,0,s024,7,11.0,2.33695652173913,8.0,16.5,56,48,46,2,0,6,0.92,11.390625,0,0,0,0,0,2916,256,16,0,0,0,8.5625,
window_nu0.1,window,none,fidelity,False,True,16,0.1,25,0,False,iid,0.1,0,s024,8,9.749999999999998,1.25,6.0,16.5,56,48,47,1,0,6,0.94,10.6875,0,0,0,0,0,2736,256,16,0,0,0,8.375,46.0
window_nu0.1,window,none,fidelity,False,True,16,0.1,25,0,False,iid,0.1,1,s024,2,9.499999999999998,6.847826086956524,4.0,17.5,56,50,48,2,0,6,0.96,12.09765625,0,0,0,0,0,3097,256,16,0,0,0,7.5625,
window_nu0.1,window,none,fidelity,False,True,16,0.1,25,0,False,iid,0.1,1,s024,3,15.750000000000004,2.5,12.0,24.0,56,46,44,2,0,6,0.88,12.9765625,0,0,0,0,0,3322,256,16,0,0,0,8.375,
window_nu0.1,window,none,fidelity,False,True,16,0.1,25,0,False,iid,0.1,1,s024,4,16.500000000000004,2.5,12.0,21.0,56,46,44,2,0,6,0.88,10.203125,0,0,0,0,0,2612,256,16,0,0,0,9.1875,
window_nu0.1,window,none,fidelity,False,True,16,0.1,25,0,False,iid,0.1,1,s024,5,10.0,0.0,2.0,20.5,56,52,49,3,0,6,0.98,11.94140625,0,0,0,0,0,3057,256,16,0,0,1,8.625,
window_nu0.1,window,none,fidelity,False,True,16,0.1,25,0,False,iid,0.1,1,s024,6,9.5,1.25,12.0,15.5,56,44,44,0,0,6,0.88,10.62890625,0,0,0,0,0,2721,256,16,0,0,0,10.0,
window_nu0.1,window,none,fidelity,False,True,16,0.1,25,0,False,iid,0.1,1,s024,7,12.75,1.0869565217391297,4.0,18.5,56,48,48,0,0,6,0.96,11.24609375,0,0,0,0,0,2879,256,16,0,0,0,8.3125,
window_nu0.1,window,none,fidelity,False,True,16,0.1,25,0,False,iid,0.1,1,s024,8,9.749999999999998,2.5,4.0,21.5,56,52,48,4,0,6,0.96,10.90234375,0,0,0,0,0,2791,256,16,0,0,2,8.625,4.0
window_nu0.1,window,none,fidelity,False,True,16,0.1,25,0,False,iid,0.1,2,s024,2,11.5,4.67391304347826,4.0,22.0,56,48,48,0,0,6,0.96,12.13671875,0,0,0,0,0,3107,256,16,0,0,0,9.5,
window_nu0.1,window,none,fidelity,False,True,16,0.1,25,0,False,iid,0.1,2,s024,3,17.750000000000004,2.5,12.0,25.5,56,45,44,1,0,6,0.88,12.91796875,0,0,0,0,0,3307,256,16,0,0,0,7.9375,
window_nu0.1,window,none,fidelity,False,True,16,0.1,25,0,False,iid,0.1,2,s024,4,11.5,2.5,12.0,12.5,56,45,44,1,0,6,0.88,9.9140625,0,0,0,0,0,2538,256,16,0,0,0,9.875,
window_nu0.1,window,none,fidelity,False,True,16,0.1,25,0,False,iid,0.1,2,s024,5,9.499999999999998,3.423913043478259,6.0,19.0,56,49,47,2,0,6,0.94,11.765625,0,0,0,0,0,3012,256,16,0,0,0,9.6875,
window_nu0.1,window,none,fidelity,False,True,16,0.1,25,0,False,iid,0.1,2,s024,6,10.0,2.33695652173913,12.0,11.5,56,45,44,1,0,6,0.88,10.34375,0,0,0,0,0,2648,256,16,0,0,1,9.4375,
window_nu0.1,window,none,fidelity,False,True,16,0.1,25,0,False,iid,0.1,2,s024,7,13.5,2.33695652173913,4.0,24.0,56,48,48,0,0,6,0.96,11.59765625,0,0,0,0,0,2969,256,16,0,0,0,9.625,
window_nu0.1,window,none,fidelity,False,True,16,0.1,25,0,False,iid,0.1,2,s024,8,9.749999999999998,1.25,2.0,19.5,56,50,49,1,0,6,0.98,10.81640625,0,0,0,0,0,2769,256,16,0,0,0,9.4375,24.0
window_nu0.2,window,none,fidelity,False,True,16,0.2,25,0,False,iid,0.1,0,s024,2,11.5,4.67391304347826,6.0,17.0,56,48,47,1,0,6,0.94,11.921875,0,0,0,0,0,3052,256,16,0,0,0,9.625,
window_nu0.2,window,none,fidelity,False,True,16,0.2,25,0,False,iid,0.1,0,s024,3,15.750000000000004,6.847826086956524,14.000000000000002,16.0,56,44,43,1,0,6,0.86,12.91796875,0,0,0,0,0,3307,256,16,0,0,0,8.0,
window_nu0.2,window,none,fidelity,False,True,16,0.2,25,0,False,iid,0.1,0,s024,4,12.0,1.25,12.0,12.5,56,46,44,2,0,6,0.88,9.90625,0,0,0,0,0,2536,256,16,0,0,1,9.375,
window_nu0.2,window,none,fidelity,False,True,16,0.2,25,0,False,iid,0.1,0,s024,5,9.25,0.0,8.0,13.5,56,46,46,0,0,6,0.92,11.58984375,0,0,0,0,0,2967,256,16,0,0,0,9.3125,
window_nu0.2,window,none,fidelity,False,True,16,0.2,25,0,False,iid,0.1,0,s024,6,11.5,0.0,12.0,12.5,56,44,44,0,0,6,0.88,10.03125,0,0,0,0,0,2568,256,16,0,0,0,10.25,
window_nu0.2,window,none,fidelity,False,True,16,0.2,25,0,False,iid,0.1,0,s024,7,11.0,2.33695652173913,8.0,16.5,56,48,46,2,0,6,0.92,11.390625,0,0,0,0,0,2916,256,16,0,0,0,8.5625,
window_nu0.2,window,none,fidelity,False,True,16,0.2,25,0,False,iid,0.1,0,s024,8,9.499999999999998,1.25,6.0,16.5,56,48,47,1,0,6,0.94,10.71484375,0,0,0,0,0,2743,256,16,0,0,0,8.375,46.0
window_nu0.2,window,none,fidelity,False,True,16,0.2,25,0,False,iid,0.1,1,s024,2,9.499999999999998,6.847826086956524,4.0,17.5,56,50,48,2,0,6,0.96,12.09765625,0,0,0,0,0,3097,256,16,0,0,0,7.5625,
window_nu0.2,window,none,fidelity,False,True,16,0.2,25,0,False,iid,0.1,1,s024,3,15.750000000000004,2.5,12.0,24.5,56,46,44,2,0,6,0.88,12.9765625,0,0,0,0,0,3322,256,16,0,0,0,8.375,
window_nu0.2,window,none,fidelity,False,True,16,0.2,25,0,False,iid,0.1,1,s024,4,16.500000000000004,2.5,12.0,21.0,56,46,44,2,0,6,0.88,10.25,0,0,0,0,0,2624,256,16,0,0,0,9.1875,
window_nu0.2,window,none,fidelity,False,True,16,0.2,25,0,False,iid,0.1,1,s024,5,10.0,0.0,2.0,20.5,56,52,49,3,0,6,0.98,11.96484375,0,0,0,0,0,3063,256,16,0,0,1,8.625,
window_nu0.2,window,none,fidelity,False,True,16,0.2,25,0,False,iid,0.1,1,s024,6,9.5,1.25,12.0,15.5,56,44,44,0,0,6,0.88,10.60546875,0,0,0,0,0,2715,256,16,0,0,0,10.0,
window_nu0.2,window,none,fidelity,False,True,16,0.2,25,0,False,iid,0.1,1,s024,7,12.75,1.0869565217391297,4.0,18.5,56,48,48,0,0,6,0.96,11.22265625,0,0,0,0,0,2873,256,16,0,0,0,8.3125,
window_nu0.2,window,none,fidelity,False,True,16,0.2,25,0,False,iid,0.1,1,s024,8,9.749999999999998,2.5,4.0,21.5,56,52,48,4,0,6,0.96,10.92578125,0,0,0,0,0,2797,256,16,0,0,2,8.625,4.0
window_nu0.2,window,none,fidelity,False,True,16,0.2,25,0,False,iid,0.1,2,s024,2,11.5,4.67391304347826,4.0,22.0,56,48,48,0,0,6,0.96,12.13671875,0,0,0,0,0,3107,256,16,0,0,0,9.5,
window_nu0.2,window,none,fidelity,False,True,16,0.2,25,0,False,iid,0.1,2,s024,3,18.000000000000004,2.5,12.0,25.5,56,45,44,1,0,6,0.88,12.91796875,0,0,0,0,0,3307,256,16,0,0,0,7.9375,
window_nu0.2,window,none,fidelity,False,True,16,0.2,25,0,False,iid,0.1,2,s024,4,11.5,2.5,12.0,12.5,56,45,44,1,0,6,0.88,9.98828125,0,0,0,0,0,2557,256,16,0,0,0,9.875,
window_nu0.2,window,none,fidelity,False,True,16,0.2,25,0,False,iid,0.1,2,s024,5,9.499999999999998,3.423913043478259,6.0,18.5,56,49,47,2,0,6,0.94,11.7734375,0,0,0,0,0,3014,256,16,0,0,0,9.6875,
window_nu0.2,window,none,fidelity,False,True,16,0.2,25,0,False,iid,0.1,2,s024,6,10.0,2.33695652173913,12.0,11.5,56,45,44,1,0,6,0.88,10.390625,0,0,0,0,0,2660,256,16,0,0,1,9.4375,
window_nu0.2,window,none,fidelity,False,True,16,0.2,25,0,False,iid,0.1,2,s024,7,13.5,2.33695652173913,4.0,24.0,56,48,48,0,0,6,0.96,11.59765625,0,0,0,0,0,2969,256,16,0,0,0,9.625,
window_nu0.2,window,none,fidelity,False,True,16,0.2,25,0,False,iid,0.1,2,s024,8,9.749999999999998,1.25,2.0,19.5,56,50,49,1,0,6,0.98,10.83984375,0,0,0,0,0,2775,256,16,0,0,0,9.4375,24.0
aeqkad_nu0.1,window,full,fidelity,False,True,16,0.1,25,0,False,iid,0.1,0,s024,2,10.249999999999998,2.5,6.0,16.5,56,41,41,0,0,6,0.82,11.51953125,48,7,0,0,0,2949,256,16,0,0,0,9.6875,
aeqkad_nu0.1,window,full,fidelity,False,True,16,0.1,25,0,False,iid,0.1,0,s024,3,16.500000000000004,6.847826086956524,16.0,15.0,56,36,36,0,0,6,0.72,11.3359375,43,6,0,0,1,2902,256,16,0,0,0,8.625,
aeqkad_nu0.1,window,full,fidelity,False,True,16,0.1,25,0,False,iid,0.1,0,s024,4,11.5,1.25,12.0,11.0,56,40,38,2,0,6,0.76,9.4140625,46,4,0,0,2,2410,256,16,0,0,1,12.1875,
aeqkad_nu0.1,window,full,fidelity,False,True,16,0.1,25,0,False,iid,0.1,0,s024,5,13.750000000000002,1.25,14.000000000000002,12.0,56,39,39,0,0,6,0.78,9.86328125,43,4,0,0,0,2525,256,16,0,0,0,10.5625,
aeqkad_nu0.1,window,full,fidelity,False,True,16,0.1,25,0,False,iid,0.1,0,s024,6,14.000000000000002,0.0,14.000000000000002,10.0,56,39,39,0,0,6,0.78,9.44140625,43,4,0,0,0,2417,256,16,0,0,0,11.25,
aeqkad_nu0.1,window,full,fidelity,False,True,16,0.1,25,0,False,iid,0.1,0,s024,7,10.249999999999998,0.0,6.0,13.0,56,42,42,0,0,6,0.84,10.34375,48,5,0,0,1,2648,256,16,0,0,0,9.125,
aeqkad_nu0.1,window,full,fidelity,False,True,16,0.1,25,0,False,iid,0.1,0,s024,8,9.749999999999998,1.25,6.0,12.0,56,40,40,0,0,6,0.8,9.59765625,48,8,0,0,0,2457,256,16,0,0,0,11.6875,42.0
aeqkad_nu0.1,window,full,fidelity,False,True,16,0.1,25,0,False,iid,0.1,1,s024,2,10.0,4.67391304347826,8.0,14.499999999999998,56,43,41,2,0,6,0.82,11.84375,48,5,0,0,0,3032,256,16,0,0,0,7.625,
aeqkad_nu0.1,window,full,fidelity,False,True,16,0.1,25,0,False,iid,0.1,1,s024,3,14.000000000000002,2.5,12.0,16.0,56,38,37,1,0,6,0.74,11.4375,47,9,0,0,0,2928,256,16,0,0,0,9.0625,
aeqkad_nu0.1,window,full,fidelity,False,True,16,0.1,25,0,False,iid,0.1,1,s024,4,14.250000000000002,2.5,12.0,15.5,56,40,40,0,0,6,0.8,9.36328125,45,5,0,0,0,2397,256,16,0,0,0,10.3125,
aeqkad_nu0.1,window,full,fidelity,False,True,16,0.1,25,0,False,iid,0.1,1,s024,5,10.249999999999998,2.33695652173913,10.0,10.5,56,39,38,1,0,6,0.76,10.671875,46,7,0,0,0,2732,256,16,0,0,0,13.4375,
aeqkad_nu0.1,window,full,fidelity,False,True,16,0.1,25,0,False,iid,0.1,1,s024,6,11.75,1.25,14.000000000000002,9.5,56,39,39,0,0,6,0.78,9.21875,43,4,0,0,0,2360,256,16,0,0,0,10.9375,
aeqkad_nu0.1,window,full,fidelity,False,True,16,0.1,25,0,False,iid,0.1,1,s024,7,10.249999999999998,2.33695652173913,6.0,16.0,56,41,41,0,0,6,0.82,10.359375,47,5,0,0,1,2652,256,16,0,0,0,10.0625,
aeqkad_nu0.1,window,full,fidelity,False,True,16,0.1,25,0,False,iid,0.1,1,s024,8,12.25,5.760869565217389,6.0,18.5,56,39,39,0,0,6,0.78,9.265625,49,10,0,0,0,2372,256,16,0,0,0,13.75,2.0
aeqkad_nu0.1,window,full,fidelity,False,True,16,0.1,25,0,False,iid,0.1,2,s024,2,11.5,4.67391304347826,6.0,22.0,56,42,42,0,0,6,0.84,11.421875,47,5,0,0,0,2924,256,16,0,0,0,9.5625,
aeqkad_nu0.1,window,full,fidelity,False,True,16,0.1,25,0,False,iid,0.1,2,s024,3,13.750000000000002,2.5,12.0,20.5,56,38,37,1,0,6,0.74,11.83984375,45,7,0,0,0,3031,256,16,0,0,0,7.9375,
aeqkad_nu0.1,window,full,fidelity,False,True,16,0.1,25,0,False,iid,0.1,2,s024,4,11.249999999999998,6.847826086956524,12.0,12.5,56,43,42,1,0,6,0.84,9.5546875,45,2,0,0,0,2446,256,16,0,0,0,11.0625,
aeqkad_nu0.1,window,full,fidelity,False,True,16,0.1,25,0,False,iid,0.1,2,s024,5,13.25,1.25,12.0,12.5,56,41,41,0,0,6,0.82,10.46484375,46,5,0,0,0,2679,256,16,0,0,0,10.75,
aeqkad_nu0.1,window,full,fidelity,False,True,16,0.1,25,0,False,iid,0.1,2,s024,6,10.25,2.33695652173913,12.0,11.0,56,42,42,0,0,6,0.84,9.7890625,45,2,4,0,1,2506,256,16,0,0,0,9.8125,
aeqkad_nu0.1,window,full,fidelity,False,True,16,0.1,25,0,False,iid,0.1,2,s024,7,12.0,3.423913043478259,6.0,20.0,56,43,43,0,0,6,0.86,10.9765625,47,4,0,0,0,2810,256,16,0,0,0,10.3125,
aeqkad_nu0.1,window,full,fidelity,False,True,16,0.1,25,0,False,iid,0.1,2,s024,8,8.249999999999998,4.67391304347826,0.0,15.0,56,41,40,1,0,6,0.8,9.296875,51,10,0,0,0,2380,256,16,0,0,0,13.9375,12.0
aeqkad_nu0.2,window,full,fidelity,False,True,16,0.2,25,0,False,iid,0.1,0,s024,2,10.249999999999998,2.5,6.0,16.5,56,41,41,0,0,6,0.82,11.51953125,48,7,0,0,0,2949,256,16,0,0,0,9.6875,
aeqkad_nu0.2,window,full,fidelity,False,True,16,0.2,25,0,False,iid,0.1,0,s024,3,16.500000000000004,6.847826086956524,16.0,15.0,56,36,36,0,0,6,0.72,11.40625,43,6,0,0,1,2920,256,16,0,0,0,8.625,
aeqkad_nu0.2,window,full,fidelity,False,True,16,0.2,25,0,False,iid,0.1,0,s024,4,11.5,1.25,12.0,11.0,56,40,38,2,0,6,0.76,9.4140625,46,4,0,0,2,2410,256,16,0,0,1,12.1875,
aeqkad_nu0.2,window,full,fidelity,False,True,16,0.2,25,0,False,iid,0.1,0,s024,5,13.750000000000002,1.25,14.000000000000002,11.5,56,39,39,0,0,6,0.78,9.83984375,43,4,0,0,0,2519,256,16,0,0,0,10.5625,
aeqkad_nu0.2,window,full,fidelity,False,True,16,0.2,25,0,False,iid,0.1,0,s024,6,14.000000000000002,0.0,14.000000000000002,10.0,56,39,39,0,0,6,0.78,9.44140625,43,4,0,0,0,2417,256,16,0,0,0,11.25,
aeqkad_nu0.2,window,full,fidelity,False,True,16,0.2,25,0,False,iid,0.1,0,s024,7,10.249999999999998,0.0,6.0,13.0,56,42,42,0,0,6,0.84,10.34375,48,5,0,0,1,2648,256,16,0,0,0,9.125,
aeqkad_nu0.2,window,full,fidelity,False,True,16,0.2,25,0,False,iid,0.1,0,s024,8,9.749999999999998,1.25,6.0,12.0,56,40,40,0,0,6,0.8,9.59765625,48,8,0,0,0,2457,256,16,0,0,0,11.6875,42.0
aeqkad_nu0.2,window,full,fidelity,False,True,16,0.2,25,0,False,iid,0.1,1,s024,2,10.0,4.67391304347826,8.0,14.499999999999998,56,43,41,2,0,6,0.82,11.8203125,48,5,0,0,0,3026,256,16,0,0,0,7.625,
aeqkad_nu0.2,window,full,fidelity,False,True,16,0.2,25,0,False,iid,0.1,1,s024,3,14.000000000000002,2.5,12.0,16.0,56,38,37,1,0,6,0.74,11.4375,47,9,0,0,0,2928,256,16,0,0,0,9.0625,
aeqkad_nu0.2,window,full,fidelity,False,True,16,0.2,25,0,False,iid,0.1,1,s024,4,14.250000000000002,2.5,12.0,15.5,56,40,40,0,0,6,0.8,9.38671875,45,5,0,0,0,2403,256,16,0,0,0,10.3125,
aeqkad_nu0.2,window,full,fidelity,False,True,16,0.2,25,0,False,iid,0.1,1,s024,5,10.249999999999998,2.33695652173913,10.0,10.5,56,39,38,1,0,6,0.76,10.671875,46,7,0,0,0,2732,256,16,0,0,0,13.4375,
aeqkad_nu0.2,window,full,fidelity,False,True,16,0.2,25,0,False,iid,0.1,1,s024,6,11.75,1.25,14.000000000000002,9.5,56,39,39,0,0,6,0.78,9.2890625,43,4,0,0,0,2378,256,16,0,0,0,10.9375,
aeqkad_nu0.2,window,full,fidelity,False,True,16,0.2,25,0,False,iid,0.1,1,s024,7,10.249999999999998,2.33695652173913,6.0,16.0,56,41,41,0,0,6,0.82,10.36328125,47,5,0,0,1,2653,256,16,0,0,0,10.0625,
aeqkad_nu0.2,window,full,fidelity,False,True,16,0.2,25,0,False,iid,0.1,1,s024,8,12.25,5.760869565217389,6.0,18.5,56,39,39,0,0,6,0.78,9.265625,49,10,0,0,0,2372,256,16,0,0,0,13.75,2.0
aeqkad_nu0.2,window,full,fidelity,False,True,16,0.2,25,0,False,iid,0.1,2,s024,2,11.5,4.67391304347826,6.0,22.0,56,42,42,0,0,6,0.84,11.421875,47,5,0,0,0,2924,256,16,0,0,0,9.5625,
aeqkad_nu0.2,window,full,fidelity,False,True,16,0.2,25,0,False,iid,0.1,2,s024,3,13.750000000000002,2.5,12.0,20.5,56,38,37,1,0,6,0.74,11.83984375,45,7,0,0,0,3031,256,16,0,0,0,7.9375,
aeqkad_nu0.2,window,full,fidelity,False,True,16,0.2,25,0,False,iid,0.1,2,s024,4,11.249999999999998,6.847826086956524,12.0,12.5,56,43,42,1,0,6,0.84,9.578125,45,2,0,0,0,2452,256,16,0,0,0,11.0625,
aeqkad_nu0.2,window,full,fidelity,False,True,16,0.2,25,0,False,iid,0.1,2,s024,5,13.25,1.25,12.0,12.5,56,41,41,0,0,6,0.82,10.4140625,46,5,0,0,0,2666,256,16,0,0,0,10.75,
aeqkad_nu0.2,window,full,fidelity,False,True,16,0.2,25,0,False,iid,0.1,2,s024,6,10.25,2.33695652173913,12.0,11.0,56,42,42,0,0,6,0.84,9.78515625,45,2,4,0,1,2505,256,16,0,0,0,9.8125,
aeqkad_nu0.2,window,full,fidelity,False,True,16,0.2,25,0,False,iid,0.1,2,s024,7,12.0,3.423913043478259,6.0,20.0,56,43,43,0,0,6,0.86,10.98046875,47,4,0,0,0,2811,256,16,0,0,0,10.3125,
aeqkad_nu0.2,window,full,fidelity,False,True,16,0.2,25,0,False,iid,0.1,2,s024,8,8.249999999999998,4.67391304347826,0.0,15.0,56,41,40,1,0,6,0.8,9.296875,51,10,0,0,0,2380,256,16,0,0,0,13.9375,12.0
window_nu0.1,window,none,fidelity,False,True,16,0.1,25,0,False,iid,0.1,0,s025,2,16.500000000000004,3.423913043478259,10.0,30.5,56,48,45,3,0,6,0.9,13.98828125,0,0,0,0,0,3581,256,16,0,0,1,8.6875,
window_nu0.1,window,none,fidelity,False,True,16,0.1,25,0,False,iid,0.1,0,s025,3,9.749999999999998,2.33695652173913,8.0,22.0,56,48,46,2,0,6,0.92,10.79296875,0,0,0,0,0,2763,256,16,0,0,2,7.5,
window_nu0.1,window,none,fidelity,False,True,16,0.1,25,0,False,iid,0.1,0,s025,4,13.750000000000002,0.0,16.0,18.0,56,43,42,1,0,6,0.84,10.453125,0,0,0,0,0,2676,256,16,0,0,0,9.25,
window_nu0.1,window,none,fidelity,False,True,16,0.1,25,0,False,iid,0.1,0,s025,5,13.750000000000002,2.33695652173913,14.000000000000002,26.5,56,48,43,5,0,6,0.86,12.93359375,0,0,0,0,0,3311,256,16,0,0,1,9.125,
window_nu0.1,window,none,fidelity,False,True,16,0.1,25,0,False,iid,0.1,0,s025,6,16.75,2.33695652173913,10.0,32.5,56,49,45,4,0,6,0.9,10.828125,0,0,0,0,0,2772,256,16,0,0,2,8.0625,
window_nu0.1,window,none,fidelity,False,True,16,0.1,25,0,False,iid,0.1,0,s025,7,9.75,0.0,6.0,35.5,56,51,47,4,0,6,0.94,10.91796875,0,0,0,0,0,2795,256,16,0,0,0,8.0625,
window_nu0.1,window,none,fidelity,False,True,16,0.1,25,0,False,iid,0.1,0,s025,8,19.000000000000004,0.0,18.0,19.0,56,42,41,1,0,6,0.82,8.8125,0,0,0,0,0,2256,256,16,0,0,0,16.625,56.00000000000001
window_nu0.1,window,none,fidelity,False,True,16,0.1,25,0,False,iid,0.1,1,s025,2,12.25,0.0,8.0,33.5,56,48,46,2,0,6,0.92,14.26953125,0,0,0,0,0,3653,256,16,0,0,0,9.5,
window_nu0.1,window,none,fidelity,False,True,16,0.1,25,0,False,iid,0.1,1,s025,3,9.499999999999998,1.0869565217391297,8.0,22.5,56,46,46,0,0,6,0.92,10.21484375,0,0,0,0,0,2615,256,16,0,0,0,9.3125,
window_nu0.1,window,none,fidelity,False,True,16,0.1,25,0,False,iid,0.1,1,s025,4,15.250000000000002,0.0,16.0,20.0,56,43,42,1,0,6,0.84,10.80859375,0,0,0,0,0,2767,256,16,0,0,0,9.875,
window_nu0.1,window,none,fidelity,False,True,16,0.1,25,0,False,iid,0.1,1,s025,5,15.750000000000004,0.0,14.000000000000002,27.0,56,44,43,1,0,6,0.86,12.55078125,0,0,0,0,0,3213,256,16,0,0,1,10.0,
window_nu0.1,window,none,fidelity,False,True,16,0.1,25,0,False,iid,0.1,1,s025,6,13.750000000000002,1.0869565217391297,10.0,23.0,56,48,45,3,0,6,0.9,10.4765625,0,0,0,0,0,2682,256,16,0,0,1,8.0625,
window_nu0.1,window,none,fidelity,False,True,16,0.1,25,0,False,iid,0.1,1,s025,7,13.25,0.0,6.0,19.5,56,47,47,0,0,6,0.94,9.8515625,0,0,0,0,0,2522,256,16,0,0,0,9.6875,
window_nu0.1,window,none,fidelity,False,True,16,0.1,25,0,False,iid,0.1,1,s025,8,20.0,1.25,16.0,25.0,56,45,42,3,0,6,0.84,9.3515625,0,0,0,0,0,2394,256,16,0,0,2,14.3125,2.0
window_nu0.1,window,none,fidelity,False,True,16,0.1,25,0,False,iid,0.1,2,s025,2,14.500000000000002,0.0,10.0,28.499999999999996,56,47,45,2,0,6,0.9,13.74609375,0,0,0,0,0,3519,256,16,0,0,2,8.125,
window_nu0.1,window,none,fidelity,False,True,16,0.1,25,0,False,iid,0.1,2,s025,3,9.499999999999998,2.33695652173913,6.0,25.0,56,50,47,3,0,6,0.94,11.1640625,0,0,0,0,0,2858,256,16,0,0,2,7.625,
window_nu0.1,window,none,fidelity,False,True,16,0.1,25,0,False,iid,0.1,2,s025,4,16.500000000000004,0.0,16.0,22.5,56,43,42,1,0,6,0.84,11.328125,0,0,0,0,0,2900,256,16,0,0,0,9.8125,
window_nu0.1,window,none,fidelity,False,True,16,0.1,25,0,False,iid,0.1,2,s025,5,16.250000000000004,0.0,14.000000000000002,28.999999999999996,56,44,43,1,0,6,0.86,12.796875,0,0,0,0,0,3276,256,16,0,0,0,9.875,
window_nu0.1,window,none,fidelity,False,True,16,0.1,25,0,False,iid,0.1,2,s025,6,12.0,2.33695652173913,12.0,19.0,56,44,44,0,0,6,0.88,10.18359375,0,0,0,0,0,2607,256,16,0,0,0,9.4375,
window_nu0.1,window,none,fidelity,False,True,16,0.1,25,0,False,iid,0.1,2,s025,7,11.75,2.33695652173913,6.0,18.0,56,48,47,1,0,6,0.94,9.74609375,0,0,0,0,0,2495,256,16,0,0,1,8.875,
window_nu0.1,window,none,fidelity,False,True,16,0.1,25,0,False,iid,0.1,2,s025,8,14.750000000000002,0.0,16.0,16.0,56,43,42,1,0,6,0.84,9.0625,0,0,0,0,0,2320,256,16,0,0,1,15.375,60.0
window_nu0.2,window,none,fidelity,False,True,16,0.2,25,0,False,iid,0.1,0,s025,2,16.500000000000004,3.423913043478259,10.0,30.5,56,48,45,3,0,6,0.9,13.98828125,0,0,0,0,0,3581,256,16,0,0,1,8.6875,
window_nu0.2,window,none,fidelity,False,True,16,0.2,25,0,False,iid,0.1,0,s025,3,9.749999999999998,2.33695652173913,8.0,22.0,56,48,46,2,0,6,0.92,10.79296875,0,0,0,0,0,2763,256,16,0,0,2,7.5,
window_nu0.2,window,none,fidelity,False,True,16,0.2,25,0,False,iid,0.1,0,s025,4,13.750000000000002,0.0,16.0,18.0,56,43,42,1,0,6,0.84,10.44921875,0,0,0,0,0,2675,256,16,0,0,0,9.25,
window_nu0.2,window,none,fidelity,False,True,16,0.2,25,0,False,iid,0.1,0,s025,5,13.750000000000002,2.33695652173913,14.000000000000002,26.5,56,48,43,5,0,6,0.86,12.93359375,0,0,0,0,0,3311,256,16,0,0,1,9.125,
window_nu0.2,window,none,fidelity,False,True,16,0.2,25,0,False,iid,0.1,0,s025,6,16.75,2.33695652173913,10.0,32.5,56,49,45,4,0,6,0.9,10.8515625,0,0,0,0,0,2778,256,16,0,0,2,8.0625,
window_nu0.2,window,none,fidelity,False,True,16,0.2,25,0,False,iid,0.1,0,s025,7,9.75,0.0,6.0,35.5,56,51,47,4,0,6,0.94,10.9140625,0,0,0,0,0,2794,256,16,0,0,0,8.0625,
window_nu0.2,window,none,fidelity,False,True,16,0.2,25,0,False,iid,0.1,0,s025,8,19.000000000000004,0.0,18.0,19.0,56,42,41,1,0,6,0.82,8.8359375,0,0,0,0,0,2262,256,16,0,0,0,16.625,56.00000000000001
window_nu0.2,window,none,fidelity,False,True,16,0.2,25,0,False,iid,0.1,1,s025,2,12.25,0.0,8.0,33.5,56,48,46,2,0,6,0.92,14.26953125,0,0,0,0,0,3653,256,16,0,0,0,9.5,
window_nu0.2,window,none,fidelity,False,True,16,0.2,25,0,False,iid,0.1,1,s025,3,9.499999999999998,1.0869565217391297,8.0,22.5,56,46,46,0,0,6,0.92,10.21484375,0,0,0,0,0,2615,256,16,0,0,0,9.3125,
window_nu0.2,window,none,fidelity,False,True,16,0.2,25,0,False,iid,0.1,1,s025,4,15.250000000000002,0.0,16.0,20.0,56,43,42,1,0,6,0.84,10.8515625,0,0,0,0,0,2778,256,16,0,0,0,9.875,
window_nu0.2,window,none,fidelity,False,True,16,0.2,25,0,False,iid,0.1,1,s025,5,15.750000000000004,0.0,14.000000000000002,27.0,56,44,43,1,0,6,0.86,12.55078125,0,0,0,0,0,3213,256,16,0,0,1,10.0,
window_nu0.2,window,none,fidelity,False,True,16,0.2,25,0,False,iid,0.1,1,s025,6,13.750000000000002,1.0869565217391297,10.0,23.0,56,48,45,3,0,6,0.9,10.48046875,0,0,0,0,0,2683,256,16,0,0,1,8.0625,
window_nu0.2,window,none,fidelity,False,True,16,0.2,25,0,False,iid,0.1,1,s025,7,13.25,0.0,6.0,19.5,56,47,47,0,0,6,0.94,9.875,0,0,0,0,0,2528,256,16,0,0,0,9.6875,
window_nu0.2,window,none,fidelity,False,True,16,0.2,25,0,False,iid,0.1,1,s025,8,20.0,1.25,16.0,25.0,56,45,42,3,0,6,0.84,9.3515625,0,0,0,0,0,2394,256,16,0,0,2,14.3125,2.0
window_nu0.2,window,none,fidelity,False,True,16,0.2,25,0,False,iid,0.1,2,s025,2,14.500000000000002,0.0,10.0,28.499999999999996,56,47,45,2,0,6,0.9,13.7734375,0,0,0,0,0,3526,256,16,0,0,2,8.125,
window_nu0.2,window,none,fidelity,False,True,16,0.2,25,0,False,iid,0.1,2,s025,3,9.499999999999998,2.33695652173913,6.0,25.0,56,50,47,3,0,6,0.94,11.1640625,0,0,0,0,0,2858,256,16,0,0,2,7.625,
window_nu0.2,window,none,fidelity,False,True,16,0.2,25,0,False,iid,0.1,2,s025,4,16.500000000000004,0.0,16.0,22.5,56,43,42,1,0,6,0.84,11.375,0,0,0,0,0,2912,256,16,0,0,0,9.8125,
window_nu0.2,window,none,fidelity,False,True,16,0.2,25,0,False,iid,0.1,2,s025,5,16.500000000000004,0.0,14.000000000000002,28.999999999999996,56,44,43,1,0,6,0.86,12.796875,0,0,0,0,0,3276,256,16,0,0,0,9.875,
window_nu0.2,window,none,fidelity,False,True,16,0.2,25,0,False,iid,0.1,2,s025,6,12.0,2.33695652173913,12.0,19.0,56,44,44,0,0,6,0.88,10.18359375,0,0,0,0,0,2607,256,16,0,0,0,9.4375,
window_nu0.2,window,none,fidelity,False,True,16,0.2,25,0,False,iid,0.1,2,s025,7,11.75,2.33695652173913,6.0,18.0,56,48,47,1,0,6,0.94,9.76953125,0,0,0,0,0,2501,256,16,0,0,1,8.875,
window_nu0.2,window,none,fidelity,False,True,16,0.2,25,0,False,iid,0.1,2,s025,8,14.750000000000002,0.0,16.0,16.0,56,43,42,1,0,6,0.84,9.0859375,0,0,0,0,0,2326,256,16,0,0,1,15.375,60.0
aeqkad_nu0.1,window,full,fidelity,False,True,16,0.1,25,0,False,iid,0.1,0,s025,2,16.500000000000004,3.423913043478259,10.0,24.5,56,39,39,0,0,6,0.78,13.01171875,47,8,8,0,0,3331,256,16,0,0,0,11.3125,
aeqkad_nu0.1,window,full,fidelity,False,True,16,0.1,25,0,False,iid,0.1,0,s025,3,10.0,2.33695652173913,8.0,19.0,56,45,44,1,0,6,0.88,10.015625,48,3,10,0,0,2564,256,16,0,0,1,7.75,
aeqkad_nu0.1,window,full,fidelity,False,True,16,0.1,25,0,False,iid,0.1,0,s025,4,15.250000000000002,0.0,16.0,17.5,56,41,40,1,0,6,0.8,10.765625,43,2,7,0,0,2756,256,16,0,0,0,10.9375,
aeqkad_nu0.1,window,full,fidelity,False,True,16,0.1,25,0,False,iid,0.1,0,s025,5,17.0,0.0,14.000000000000002,22.0,56,39,38,1,0,6,0.76,11.65234375,47,8,9,0,0,2983,256,16,0,0,0,11.5,
aeqkad_nu0.1,window,full,fidelity,False,True,16,0.1,25,0,False,iid,0.1,0,s025,6,11.249999999999998,2.33695652173913,12.0,18.0,56,40,40,0,0,6,0.8,9.11328125,45,4,0,0,1,2333,256,16,0,0,0,10.375,
aeqkad_nu0.1,window,full,fidelity,False,True,16,0.1,25,0,False,iid,0.1,0,s025,7,9.749999999999998,0.0,6.0,19.5,56,43,43,0,0,6,0.86,8.5,47,3,2,0,1,2176,256,16,0,0,0,8.0625,
aeqkad_nu0.1,window,full,fidelity,False,True,16,0.1,25,0,False,iid,0.1,0,s025,8,19.000000000000004,0.0,16.0,20.0,56,41,41,0,0,6,0.82,8.4921875,42,1,13,0,0,2174,256,16,0,0,0,16.625,54.0
aeqkad_nu0.1,window,full,fidelity,False,True,16,0.1,25,0,False,iid,0.1,1,s025,2,16.000000000000004,0.0,10.0,27.500000000000004,56,39,39,0,0,6,0.78,12.93359375,47,7,3,0,1,3311,256,16,0,0,0,11.6875,
aeqkad_nu0.1,window,full,fidelity,False,True,16,0.1,25,0,False,iid,0.1,1,s025,3,9.25,2.33695652173913,8.0,20.0,56,43,43,0,0,6,0.86,9.89453125,46,3,0,0,0,2533,256,16,0,0,0,9.75,
aeqkad_nu0.1,window,full,fidelity,False,True,16,0.1,25,0,False,iid,0.1,1,s025,4,18.000000000000004,0.0,16.0,19.0,56,37,37,0,0,6,0.74,9.84765625,43,4,1,0,2,2521,256,16,0,0,0,13.6875,
aeqkad_nu0.1,window,full,fidelity,False,True,16,0.1,25,0,False,iid,0.1,1,s025,5,17.0,0.0,14.000000000000002,24.5,56,39,39,0,0,6,0.78,11.46484375,44,5,1,0,0,2935,256,16,0,0,0,12.9375,
aeqkad_nu0.1,window,full,fidelity,False,True,16,0.1,25,0,False,iid,0.1,1,s025,6,10.75,2.33695652173913,12.0,16.5,56,42,41,1,0,6,0.82,9.3203125,47,3,1,0,2,2386,256,16,0,0,0,10.1875,
aeqkad_nu0.1,window,full,fidelity,False,True,16,0.1,25,0,False,iid,0.1,1,s025,7,9.25,0.0,6.0,16.0,56,42,42,0,0,6,0.84,8.88671875,47,3,1,0,2,2275,256,16,0,0,0,9.6875,
aeqkad_nu0.1,window,full,fidelity,False,True,16,0.1,25,0,False,iid,0.1,1,s025,8,18.250000000000004,1.25,18.0,18.5,56,41,41,0,0,6,0.82,8.55859375,43,2,8,0,0,2191,256,16,0,0,0,16.8125,0.0
aeqkad_nu0.1,window,full,fidelity,False,True,16,0.1,25,0,False,iid,0.1,2,s025,2,14.500000000000002,0.0,12.0,25.0,56,39,39,0,0,6,0.78,12.87890625,46,6,32,0,1,3297,256,16,0,0,0,12.25,
aeqkad_nu0.1,window,full,fidelity,False,True,16,0.1,25,0,False,iid,0.1,2,s025,3,9.499999999999998,2.33695652173913,8.0,18.0,56,45,45,0,0,6,0.9,10.421875,48,2,36,0,1,2668,256,16,0,0,0,8.9375,
aeqkad_nu0.1,window,full,fidelity,False,True,16,0.1,25,0,False,iid,0.1,2,s025,4,15.750000000000004,0.0,18.0,20.5,56,38,37,1,0,6,0.74,9.96875,42,2,26,0,2,2552,256,16,0,0,0,13.375,
aeqkad_nu0.1,window,full,fidelity,False,True,16,0.1,25,0,False,iid,0.1,2,s025,5,16.250000000000004,0.0,14.000000000000002,24.5,56,39,38,1,0,6,0.76,11.78125,44,4,28,0,1,3016,256,16,0,0,0,12.375,
aeqkad_nu0.1,window,full,fidelity,False,True,16,0.1,25,0,False,iid,0.1,2,s025,6,12.000000000000002,2.33695652173913,14.000000000000002,18.0,56,39,39,0,0,6,0.78,8.9140625,43,1,27,0,3,2282,256,16,0,0,0,10.5,
aeqkad_nu0.1,window,full,fidelity,False,True,16,0.1,25,0,False,iid,0.1,2,s025,7,10.999999999999998,0.0,8.0,13.0,56,42,42,0,0,6,0.84,8.7734375,47,3,25,0,2,2246,256,16,0,0,0,9.1875,
aeqkad_nu0.1,window,full,fidelity,False,True,16,0.1,25,0,False,iid,0.1,2,s025,8,18.000000000000004,0.0,18.0,14.499999999999998,56,42,41,1,0,6,0.82,8.75390625,42,0,35,0,0,2241,256,16,0,0,1,16.6875,52.0
aeqkad_nu0.2,window,full,fidelity,False,True,16,0.2,25,0,False,iid,0.1,0,s025,2,16.500000000000004,3.423913043478259,10.0,24.5,56,39,39,0,0,6,0.78,13.015625,47,8,8,0,0,3332,256,16,0,0,0,11.3125,
aeqkad_nu0.2,window,full,fidelity,False,True,16,0.2,25,0,False,iid,0.1,0,s025,3,10.0,2.33695652173913,8.0,19.0,56,45,44,1,0,6,0.88,10.0390625,48,3,10,0,0,2570,256,16,0,0,1,7.75,
aeqkad_nu0.2,window,full,fidelity,False,True,16,0.2,25,0,False,iid,0.1,0,s025,4,15.250000000000002,0.0,16.0,17.5,56,41,40,1,0,6,0.8,10.765625,43,2,7,0,0,2756,256,16,0,0,0,10.9375,
aeqkad_nu0.2,window,full,fidelity,False,True,16,0.2,25,0,False,iid,0.1,0,s025,5,17.0,0.0,14.000000000000002,22.0,56,39,38,1,0,6,0.76,11.65234375,47,8,9,0,0,2983,256,16,0,0,0,11.5,
aeqkad_nu0.2,window,full,fidelity,False,True,16,0.2,25,0,False,iid,0.1,0,s025,6,11.249999999999998,2.33695652173913,12.0,18.0,56,40,40,0,0,6,0.8,9.11328125,45,4,0,0,1,2333,256,16,0,0,0,10.375,
aeqkad_nu0.2,window,full,fidelity,False,True,16,0.2,25,0,False,iid,0.1,0,s025,7,9.749999999999998,0.0,6.0,19.5,56,43,43,0,0,6,0.86,8.5,47,3,2,0,1,2176,256,16,0,0,0,8.0625,
aeqkad_nu0.2,window,full,fidelity,False,True,16,0.2,25,0,False,iid,0.1,0,s025,8,19.000000000000004,0.0,16.0,20.0,56,41,41,0,0,6,0.82,8.68359375,42,1,13,0,0,2223,256,16,0,0,0,16.625,54.0
aeqkad_nu0.2,window,full,fidelity,False,True,16,0.2,25,0,False,iid,0.1,1,s025,2,16.000000000000004,0.0,10.0,27.500000000000004,56,39,39,0,0,6,0.78,12.93359375,47,7,3,0,1,3311,256,16,0,0,0,11.6875,
aeqkad_nu0.2,window,full,fidelity,False,True,16,0.2,25,0,False,iid,0.1,1,s025,3,9.25,2.33695652173913,8.0,20.0,56,43,43,0,0,6,0.86,9.91796875,46,3,0,0,0,2539,256,16,0,0,0,9.75,
aeqkad_nu0.2,window,full,fidelity,False,True,16,0.2,25,0,False,iid,0.1,1,s025,4,18.000000000000004,0.0,16.0,19.0,56,37,37,0,0,6,0.74,9.87109375,43,4,1,0,2,2527,256,16,0,0,0,13.6875,
aeqkad_nu0.2,window,full,fidelity,False,True,16,0.2,25,0,False,iid,0.1,1,s025,5,17.0,0.0,14.000000000000002,24.5,56,39,39,0,0,6,0.78,11.51171875,44,5,1,0,0,2947,256,16,0,0,0,12.9375,
aeqkad_nu0.2,window,full,fidelity,False,True,16,0.2,25,0,False,iid,0.1,1,s025,6,10.75,2.33695652173913,12.0,16.5,56,42,41,1,0,6,0.82,9.3203125,47,3,1,0,2,2386,256,16,0,0,0,10.1875,
aeqkad_nu0.2,window,full,fidelity,False,True,16,0.2,25,0,False,iid,0.1,1,s025,7,9.25,0.0,6.0,16.0,56,42,42,0,0,6,0.84,8.9140625,47,3,1,0,2,2282,256,16,0,0,0,9.6875,
aeqkad_nu0.2,window,full,fidelity,False,True,16,0.2,25,0,False,iid,0.1,1,s025,8,18.250000000000004,1.25,18.0,18.5,56,41,41,0,0,6,0.82,8.55859375,43,2,8,0,0,2191,256,16,0,0,0,16.8125,0.0
aeqkad_nu0.2,window,full,fidelity,False,True,16,0.2,25,0,False,iid,0.1,2,s025,2,14.500000000000002,0.0,12.0,25.0,56,39,39,0,0,6,0.78,12.87890625,46,6,31,0,1,3297,256,16,0,0,0,12.25,
aeqkad_nu0.2,window,full,fidelity,False,True,16,0.2,25,0,False,iid,0.1,2,s025,3,9.499999999999998,2.33695652173913,8.0,18.0,56,45,45,0,0,6,0.9,10.421875,48,2,36,0,1,2668,256,16,0,0,0,8.9375,
aeqkad_nu0.2,window,full,fidelity,False,True,16,0.2,25,0,False,iid,0.1,2,s025,4,15.750000000000004,0.0,18.0,20.5,56,38,37,1,0,6,0.74,10.04296875,42,2,26,0,2,2571,256,16,0,0,0,13.375,
aeqkad_nu0.2,window,full,fidelity,False,True,16,0.2,25,0,False,iid,0.1,2,s025,5,16.250000000000004,0.0,14.000000000000002,24.5,56,39,38,1,0,6,0.76,11.78125,44,4,28,0,1,3016,256,16,0,0,0,12.375,
aeqkad_nu0.2,window,full,fidelity,False,True,16,0.2,25,0,False,iid,0.1,2,s025,6,12.000000000000002,2.33695652173913,14.000000000000002,18.0,56,39,39,0,0,6,0.78,8.9453125,43,1,27,0,3,2290,256,16,0,0,0,10.5,
aeqkad_nu0.2,window,full,fidelity,False,True,16,0.2,25,0,False,iid,0.1,2,s025,7,10.999999999999998,0.0,8.0,13.0,56,42,42,0,0,6,0.84,8.7734375,47,3,25,0,2,2246,256,16,0,0,0,9.1875,
aeqkad_nu0.2,window,full,fidelity,False,True,16,0.2,25,0,False,iid,0.1,2,s025,8,18.000000000000004,0.0,18.0,14.499999999999998,56,42,41,1,0,6,0.82,8.75390625,42,0,35,0,0,2241,256,16,0,0,1,16.6875,52.0
window_nu0.1,window,none,fidelity,False,True,16,0.1,25,0,False,iid,0.1,0,s026,2,21.749999999999996,7.01086956521739,18.0,28.999999999999996,56,42,41,1,0,6,0.82,14.7890625,0,0,0,0,0,3786,256,16,0,0,0,9.75,
window_nu0.1,window,none,fidelity,False,True,16,0.1,25,0,False,iid,0.1,0,s026,3,17.750000000000004,8.097826086956525,14.000000000000002,22.5,56,44,43,1,0,6,0.86,13.34765625,0,0,0,0,0,3417,256,16,0,0,0,11.3125,
window_nu0.1,window,none,fidelity,False,True,16,0.1,25,0,False,iid,0.1,0,s026,4,18.250000000000004,4.67391304347826,16.0,23.0,56,44,42,2,0,6,0.84,12.55859375,0,0,0,0,0,3215,256,16,0,0,0,10.3125,
window_nu0.1,window,none,fidelity,False,True,16,0.1,25,0,False,iid,0.1,0,s026,5,21.749999999999996,1.25,16.0,30.5,56,43,42,1,0,6,0.84,12.3359375,0,0,0,0,0,3158,256,16,0,0,0,12.875,
window_nu0.1,window,none,fidelity,False,True,16,0.1,25,0,False,iid,0.1,0,s026,6,18.000000000000004,11.521739130434785,14.000000000000002,27.500000000000004,56,44,43,1,0,6,0.86,13.23046875,0,0,0,0,0,3387,256,16,0,0,0,11.0,
window_nu0.1,window,none,fidelity,False,True,16,0.1,25,0,False,iid,0.1,0,s026,7,17.0,4.67391304347826,12.0,26.0,56,44,44,0,0,6,0.88,12.2734375,0,0,0,0,0,3142,256,16,0,0,0,9.5,
window_nu0.1,window,none,fidelity,False,True,16,0.1,25,0,False,iid,0.1,0,s026,8,18.250000000000004,10.434782608695654,18.0,27.0,56,44,41,3,0,6,0.82,14.5625,0,0,0,0,0,3728,256,16,0,0,1,7.6875,16.0
window_nu0.1,window,none,fidelity,False,True,16,0.1,25,0,False,iid,0.1,1,s026,2,21.499999999999996,11.684782608695654,18.0,33.5,56,42,41,1,0,6,0.82,14.67578125,0,0,0,0,0,3757,256,16,0,0,0,9.6875,
window_nu0.1,window,none,fidelity,False,True,16,0.1,25,0,False,iid,0.1,1,s026,3,18.250000000000004,8.097826086956525,14.000000000000002,21.0,56,43,43,0,0,6,0.86,13.14453125,0,0,0,0,0,3365,256,16,0,0,0,12.125,
window_nu0.1,window,none,fidelity,False,True,16,0.1,25,0,False,iid,0.1,1,s026,4,17.250000000000004,7.01086956521739,16.0,32.0,56,45,42,3,0,6,0.84,12.1328125,0,0,0,0,0,3106,256,16,0,0,1,9.875,
window_nu0.1,window,none,fidelity,False,True,16,0.1,25,0,False,iid,0.1,1,s026,5,20.0,1.25,16.0,30.5,56,45,42,3,0,6,0.84,13.50390625,0,0,0,0,0,3457,256,16,0,0,1,12.25,
window_nu0.1,window,none,fidelity,False,True,16,0.1,25,0,False,iid,0.1,1,s026,6,17.500000000000004,4.67391304347826,14.000000000000002,36.5,56,46,43,3,0,6,0.86,13.56640625,0,0,0,0,0,3473,256,16,0,0,1,11.375,
window_nu0.1,window,none,fidelity,False,True,16,0.1,25,0,False,iid,0.1,1,s026,7,20.0,3.423913043478259,10.0,33.5,56,47,45,2,0,6,0.9,13.3125,0,0,0,0,0,3408,256,16,0,0,0,9.4375,
window_nu0.1,window,none,fidelity,False,True,16,0.1,25,0,False,iid,0.1,1,s026,8,21.499999999999996,10.434782608695654,20.0,30.0,56,42,40,2,0,6,0.8,14.26953125,0,0,0,0,0,3653,256,16,0,0,0,7.75,8.0
window_nu0.1,window,none,fidelity,False,True,16,0.1,25,0,False,iid,0.1,2,s026,2,20.749999999999996,12.771739130434783,14.000000000000002,33.0,56,46,43,3,0,6,0.86,14.98828125,0,0,0,0,0,3837,256,16,0,0,2,7.6875,
window_nu0.1,window,none,fidelity,False,True,16,0.1,25,0,False,iid,0.1,2,s026,3,18.000000000000004,7.01086956521739,14.000000000000002,25.0,56,45,43,2,0,6,0.86,13.46484375,0,0,0,0,0,3447,256,16,0,0,1,11.1875,
window_nu0.1,window,none,fidelity,False,True,16,0.1,25,0,False,iid,0.1,2,s026,4,20.499999999999996,9.347826086956525,16.0,26.5,56,44,42,2,0,6,0.84,12.640625,0,0,0,0,0,3236,256,16,0,0,0,9.1875,
window_nu0.1,window,none,fidelity,False,True,16,0.1,25,0,False,iid,0.1,2,s026,5,18.250000000000004,5.760869565217389,16.0,32.0,56,43,42,1,0,6,0.84,12.6796875,0,0,0,0,0,3246,256,16,0,0,0,11.5625,
window_nu0.1,window,none,fidelity,False,True,16,0.1,25,0,False,iid,0.1,2,s026,6,16.500000000000004,7.01086956521739,14.000000000000002,34.0,56,45,43,2,0,6,0.86,13.5390625,0,0,0,0,0,3466,256,16,0,0,1,12.4375,
window_nu0.1,window,none,fidelity,False,True,16,0.1,25,0,False,iid,0.1,2,s026,7,20.0,2.1739130434782594,12.0,32.5,56,46,44,2,0,6,0.88,12.78125,0,0,0,0,0,3272,256,16,0,0,1,8.4375,
window_nu0.1,window,none,fidelity,False,True,16,0.1,25,0,False,iid,0.1,2,s026,8,21.249999999999996,4.67391304347826,16.0,34.5,56,43,42,1,0,6,0.84,14.125,0,0,0,0,0,3616,256,16,0,0,1,10.5625,42.0
window_nu0.2,window,none,fidelity,False,True,16,0.2,25,0,False,iid,0.1,0,s026,2,21.749999999999996,7.01086956521739,18.0,28.999999999999996,56,42,41,1,0,6,0.82,14.7890625,0,0,0,0,0,3786,256,16,0,0,0,9.75,
window_nu0.2,window,none,fidelity,False,True,16,0.2,25,0,False,iid,0.1,0,s026,3,17.750000000000004,8.097826086956525,14.000000000000002,22.5,56,44,43,1,0,6,0.86,13.34765625,0,0,0,0,0,3417,256,16,0,0,0,11.3125,
window_nu0.2,window,none,fidelity,False,True,16,0.2,25,0,False,iid,0.1,0,s026,4,18.500000000000004,4.67391304347826,16.0,23.0,56,44,42,2,0,6,0.84,12.58203125,0,0,0,0,0,3221,256,16,0,0,0,10.3125,
window_nu0.2,window,none,fidelity,False,True,16,0.2,25,0,False,iid,0.1,0,s026,5,21.749999999999996,1.25,16.0,30.5,56,43,42,1,0,6,0.84,12.359375,0,0,0,0,0,3164,256,16,0,0,0,12.875,
window_nu0.2,window,none,fidelity,False,True,16,0.2,25,0,False,iid,0.1,0,s026,6,18.000000000000004,11.521739130434785,14.000000000000002,27.500000000000004,56,44,43,1,0,6,0.86,13.25390625,0,0,0,0,0,3393,256,16,0,0,0,11.0,
window_nu0.2,window,none,fidelity,False,True,16,0.2,25,0,False,iid,0.1,0,s026,7,17.0,4.67391304347826,12.0,26.0,56,44,44,0,0,6,0.88,12.2734375,0,0,0,0,0,3142,256,16,0,0,0,9.5,
window_nu0.2,window,none,fidelity,False,True,16,0.2,25,0,False,iid,0.1,0,s026,8,18.250000000000004,10.434782608695654,18.0,27.0,56,44,41,3,0,6,0.82,14.5625,0,0,0,0,0,3728,256,16,0,0,1,7.6875,16.0
window_nu0.2,window,none,fidelity,False,True,16,0.2,25,0,False,iid,0.1,1,s026,2,21.499999999999996,11.684782608695654,18.0,33.5,56,42,41,1,0,6,0.82,14.67578125,0,0,0,0,0,3757,256,16,0,0,0,9.6875,
window_nu0.2,window,none,fidelity,False,True,16,0.2,25,0,False,iid,0.1,1,s026,3,18.250000000000004,8.097826086956525,14.000000000000002,21.0,56,43,43,0,0,6,0.86,13.14453125,0,0,0,0,0,3365,256,16,0,0,0,12.125,
window_nu0.2,window,none,fidelity,False,True,16,0.2,25,0,False,iid,0.1,1,s026,4,17.250000000000004,7.01086956521739,16.0,32.0,56,45,42,3,0,6,0.84,12.15625,0,0,0,0,0,3112,256,16,0,0,1,9.875,
window_nu0.2,window,none,fidelity,False,True,16,0.2,25,0,False,iid,0.1,1,s026,5,20.0,1.25,16.0,30.5,56,45,42,3,0,6,0.84,13.55078125,0,0,0,0,0,3469,256,16,0,0,1,12.25,
window_nu0.2,window,none,fidelity,False,True,16,0.2,25,0,False,iid,0.1,1,s026,6,17.500000000000004,4.67391304347826,14.000000000000002,36.0,56,46,43,3,0,6,0.86,13.58984375,0,0,0,0,0,3479,256,16,0,0,1,11.375,
window_nu0.2,window,none,fidelity,False,True,16,0.2,25,0,False,iid,0.1,1,s026,7,20.0,3.423913043478259,10.0,33.5,56,47,45,2,0,6,0.9,13.31640625,0,0,0,0,0,3409,256,16,0,0,0,9.4375,
window_nu0.2,window,none,fidelity,False,True,16,0.2,25,0,False,iid,0.1,1,s026,8,21.499999999999996,10.434782608695654,20.0,30.0,56,42,40,2,0,6,0.8,14.3125,0,0,0,0,0,3664,256,16,0,0,0,7.75,8.0
window_nu0.2,window,none,fidelity,False,True,16,0.2,25,0,False,iid,0.1,2,s026,2,20.749999999999996,12.771739130434783,14.000000000000002,33.0,56,46,43,3,0,6,0.86,14.98828125,0,0,0,0,0,3837,256,16,0,0,2,7.6875,
window_nu0.2,window,none,fidelity,False,True,16,0.2,25,0,False,iid,0.1,2,s026,3,17.750000000000004,7.01086956521739,14.000000000000002,25.0,56,45,43,2,0,6,0.86,13.4921875,0,0,0,0,0,3454,256,16,0,0,1,11.1875,
window_nu0.2,window,none,fidelity,False,True,16,0.2,25,0,False,iid,0.1,2,s026,4,20.499999999999996,9.347826086956525,16.0,26.5,56,44,42,2,0,6,0.84,12.6171875,0,0,0,0,0,3230,256,16,0,0,0,9.1875,
window_nu0.2,window,none,fidelity,False,True,16,0.2,25,0,False,iid,0.1,2,s026,5,18.250000000000004,5.760869565217389,16.0,32.5,56,43,42,1,0,6,0.84,12.70703125,0,0,0,0,0,3253,256,16,0,0,0,11.5625,
window_nu0.2,window,none,fidelity,False,True,16,0.2,25,0,False,iid,0.1,2,s026,6,16.500000000000004,7.01086956521739,14.000000000000002,34.0,56,45,43,2,0,6,0.86,13.5390625,0,0,0,0,0,3466,256,16,0,0,1,12.4375,
window_nu0.2,window,none,fidelity,False,True,16,0.2,25,0,False,iid,0.1,2,s026,7,20.0,2.1739130434782594,12.0,32.5,56,46,44,2,0,6,0.88,12.78515625,0,0,0,0,0,3273,256,16,0,0,1,8.4375,
window_nu0.2,window,none,fidelity,False,True,16,0.2,25,0,False,iid,0.1,2,s026,8,21.249999999999996,4.67391304347826,16.0,34.5,56,43,42,1,0,6,0.84,14.125,0,0,0,0,0,3616,256,16,0,0,1,10.5625,42.0
aeqkad_nu0.1,window,full,fidelity,False,True,16,0.1,25,0,False,iid,0.1,0,s026,2,21.499999999999996,9.347826086956525,20.0,28.999999999999996,56,35,35,0,0,6,0.7,14.4140625,41,6,6,0,0,3690,256,16,0,0,0,11.875,
aeqkad_nu0.1,window,full,fidelity,False,True,16,0.1,25,0,False,iid,0.1,0,s026,3,22.499999999999996,10.597826086956525,22.0,21.5,56,32,32,0,0,6,0.64,12.74609375,40,8,11,0,0,3263,256,16,0,0,0,11.3125,
aeqkad_nu0.1,window,full,fidelity,False,True,16,0.1,25,0,False,iid,0.1,0,s026,4,20.0,4.67391304347826,22.0,20.0,56,35,35,0,0,6,0.7,11.99609375,40,4,3,0,1,3071,256,16,0,0,0,12.125,
aeqkad_nu0.1,window,full,fidelity,False,True,16,0.1,25,0,False,iid,0.1,0,s026,5,21.749999999999996,2.1739130434782594,22.0,23.5,56,34,33,1,0,6,0.66,11.06640625,40,5,5,0,1,2833,256,16,0,0,0,12.875,
aeqkad_nu0.1,window,full,fidelity,False,True,16,0.1,25,0,False,iid,0.1,0,s026,6,20.499999999999996,11.521739130434785,14.000000000000002,26.0,56,41,40,1,0,6,0.8,13.4921875,44,3,3,0,0,3454,256,16,0,0,0,11.0,
aeqkad_nu0.1,window,full,fidelity,False,True,16,0.1,25,0,False,iid,0.1,0,s026,7,18.250000000000004,4.67391304347826,14.000000000000002,22.0,56,38,38,0,0,6,0.76,12.046875,44,6,2,0,0,3084,256,16,0,0,0,11.25,
aeqkad_nu0.1,window,full,fidelity,False,True,16,0.1,25,0,False,iid,0.1,0,s026,8,21.999999999999996,12.771739130434783,22.0,22.5,56,32,31,1,0,6,0.62,13.265625,41,9,4,0,0,3396,256,16,0,0,0,9.25,18.0
aeqkad_nu0.1,window,full,fidelity,False,True,16,0.1,25,0,False,iid,0.1,1,s026,2,23.25,11.684782608695654,16.0,28.000000000000004,56,32,31,1,0,6,0.62,14.66796875,43,11,0,0,0,3755,256,16,0,0,0,13.1875,
aeqkad_nu0.1,window,full,fidelity,False,True,16,0.1,25,0,False,iid,0.1,1,s026,3,20.0,10.434782608695654,20.0,23.0,56,33,33,0,0,6,0.66,12.64453125,40,7,0,0,0,3237,256,16,0,0,0,12.125,
aeqkad_nu0.1,window,full,fidelity,False,True,16,0.1,25,0,False,iid,0.1,1,s026,4,20.25,11.521739130434785,20.0,31.5,56,38,37,1,0,6,0.74,11.98828125,43,5,0,0,0,3069,256,16,0,0,1,10.9375,
aeqkad_nu0.1,window,full,fidelity,False,True,16,0.1,25,0,False,iid,0.1,1,s026,5,15.000000000000002,3.423913043478259,16.0,25.5,56,36,35,1,0,6,0.7,11.66796875,44,6,0,0,2,2987,256,16,0,0,0,12.5,
aeqkad_nu0.1,window,full,fidelity,False,True,16,0.1,25,0,False,iid,0.1,1,s026,6,19.499999999999996,7.01086956521739,12.0,32.5,56,40,38,2,0,6,0.76,13.28125,47,7,0,0,0,3400,256,16,0,0,0,11.4375,
aeqkad_nu0.1,window,full,fidelity,False,True,16,0.1,25,0,False,iid,0.1,1,s026,7,20.749999999999996,7.01086956521739,12.0,28.000000000000004,56,37,36,1,0,6,0.72,12.08203125,46,9,0,0,0,3093,256,16,0,0,0,12.625,
aeqkad_nu0.1,window,full,fidelity,False,True,16,0.1,25,0,False,iid,0.1,1,s026,8,28.000000000000004,18.695652173913043,28.000000000000004,27.0,56,30,30,0,0,6,0.6,12.703125,37,7,0,0,0,3252,256,16,0,0,0,9.9375,8.0
aeqkad_nu0.1,window,full,fidelity,False,True,16,0.1,25,0,False,iid,0.1,2,s026,2,21.749999999999996,10.434782608695654,16.0,34.0,56,37,37,0,0,6,0.74,14.53515625,45,8,16,0,0,3721,256,16,0,0,0,8.875,
aeqkad_nu0.1,window,full,fidelity,False,True,16,0.1,25,0,False,iid,0.1,2,s026,3,16.250000000000004,4.67391304347826,14.000000000000002,28.000000000000004,56,38,38,0,0,6,0.76,13.25390625,44,4,19,0,2,3393,256,16,0,0,0,12.125,
aeqkad_nu0.1,window,full,fidelity,False,True,16,0.1,25,0,False,iid,0.1,2,s026,4,19.749999999999996,13.858695652173914,20.0,23.5,56,37,36,1,0,6,0.72,12.13671875,42,5,12,0,0,3107,256,16,0,0,0,10.5625,
aeqkad_nu0.1,window,full,fidelity,False,True,16,0.1,25,0,False,iid,0.1,2,s026,5,21.749999999999996,3.423913043478259,18.0,32.0,56,38,38,0,0,6,0.76,11.734375,43,3,13,0,2,3004,256,16,0,0,0,11.5625,
aeqkad_nu0.1,window,full,fidelity,False,True,16,0.1,25,0,False,iid,0.1,2,s026,6,20.0,5.923913043478259,14.000000000000002,33.0,56,42,40,2,0,6,0.8,13.34375,45,3,16,0,0,3416,256,16,0,0,1,12.4375,
aeqkad_nu0.1,window,full,fidelity,False,True,16,0.1,25,0,False,iid,0.1,2,s026,7,19.499999999999996,2.1739130434782594,14.000000000000002,28.000000000000004,56,41,40,1,0,6,0.8,12.23046875,45,4,16,0,0,3131,256,16,0,0,0,9.9375,
aeqkad_nu0.1,window,full,fidelity,False,True,16,0.1,25,0,False,iid,0.1,2,s026,8,21.999999999999996,12.771739130434783,18.0,32.0,56,36,35,1,0,6,0.7,13.44140625,42,6,11,0,0,3441,256,16,0,0,1,10.5625,42.0
aeqkad_nu0.2,window,full,fidelity,False,True,16,0.2,25,0,False,iid,0.1,0,s026,2,21.499999999999996,9.347826086956525,20.0,28.999999999999996,56,35,35,0,0,6,0.7,14.4140625,41,6,6,0,0,3690,256,16,0,0,0,11.875,
aeqkad_nu0.2,window,full,fidelity,False,True,16,0.2,25,0,False,iid,0.1,0,s026,3,22.499999999999996,10.597826086956525,22.0,21.0,56,32,32,0,0,6,0.64,12.74609375,40,8,11,0,0,3263,256,16,0,0,0,11.3125,
aeqkad_nu0.2,window,full,fidelity,False,True,16,0.2,25,0,False,iid,0.1,0,s026,4,20.0,4.67391304347826,22.0,20.0,56,35,35,0,0,6,0.7,11.99609375,40,4,3,0,1,3071,256,16,0,0,0,12.125,
aeqkad_nu0.2,window,full,fidelity,False,True,16,0.2,25,0,False,iid,0.1,0,s026,5,21.749999999999996,2.1739130434782594,22.0,23.5,56,34,33,1,0,6,0.66,11.08984375,40,5,5,0,1,2839,256,16,0,0,0,12.875,
aeqkad_nu0.2,window,full,fidelity,False,True,16,0.2,25,0,False,iid,0.1,0,s026,6,20.499999999999996,11.521739130434785,14.000000000000002,26.0,56,41,40,1,0,6,0.8,13.4921875,44,3,3,0,0,3454,256,16,0,0,0,11.0,
aeqkad_nu0.2,window,full,fidelity,False,True,16,0.2,25,0,False,iid,0.1,0,s026,7,18.250000000000004,4.67391304347826,14.000000000000002,22.0,56,38,38,0,0,6,0.76,12.09765625,44,6,2,0,0,3097,256,16,0,0,0,11.25,
aeqkad_nu0.2,window,full,fidelity,False,True,16,0.2,25,0,False,iid,0.1,0,s026,8,21.999999999999996,12.771739130434783,22.0,22.5,56,32,31,1,0,6,0.62,13.265625,41,9,4,0,0,3396,256,16,0,0,0,9.25,18.0
aeqkad_nu0.2,window,full,fidelity,False,True,16,0.2,25,0,False,iid,0.1,1,s026,2,23.25,11.684782608695654,16.0,28.000000000000004,56,32,31,1,0,6,0.62,14.66796875,43,11,0,0,0,3755,256,16,0,0,0,13.1875,
aeqkad_nu0.2,window,full,fidelity,False,True,16,0.2,25,0,False,iid,0.1,1,s026,3,20.0,10.434782608695654,20.0,22.5,56,33,33,0,0,6,0.66,12.671875,40,7,0,0,0,3244,256,16,0,0,0,12.125,
aeqkad_nu0.2,window,full,fidelity,False,True,16,0.2,25,0,False,iid,0.1,1,s026,4,20.25,11.521739130434785,20.0,31.5,56,38,37,1,0,6,0.74,11.98828125,43,5,0,0,0,3069,256,16,0,0,1,10.9375,
aeqkad_nu0.2,window,full,fidelity,False,True,16,0.2,25,0,False,iid,0.1,1,s026,5,15.000000000000002,3.423913043478259,16.0,25.5,56,36,35,1,0,6,0.7,11.66796875,44,6,0,0,2,2987,256,16,0,0,0,12.5,
aeqkad_nu0.2,window,full,fidelity,False,True,16,0.2,25,0,False,iid,0.1,1,s026,6,19.499999999999996,7.01086956521739,12.0,32.5,56,40,38,2,0,6,0.76,13.28125,47,7,0,0,0,3400,256,16,0,0,0,11.4375,
aeqkad_nu0.2,window,full,fidelity,False,True,16,0.2,25,0,False,iid,0.1,1,s026,7,20.749999999999996,7.01086956521739,12.0,28.000000000000004,56,37,36,1,0,6,0.72,12.08203125,46,9,0,0,0,3093,256,16,0,0,0,12.625,
aeqkad_nu0.2,window,full,fidelity,False,True,16,0.2,25,0,False,iid,0.1,1,s026,8,28.000000000000004,18.695652173913043,28.000000000000004,27.0,56,30,30,0,0,6,0.6,12.703125,37,7,0,0,0,3252,256,16,0,0,0,9.9375,8.0
aeqkad_nu0.2,window,full,fidelity,False,True,16,0.2,25,0,False,iid,0.1,2,s026,2,21.749999999999996,10.434782608695654,16.0,34.0,56,37,37,0,0,6,0.74,14.53515625,45,8,16,0,0,3721,256,16,0,0,0,8.875,
aeqkad_nu0.2,window,full,fidelity,False,True,16,0.2,25,0,False,iid,0.1,2,s026,3,16.000000000000004,4.67391304347826,14.000000000000002,28.000000000000004,56,38,38,0,0,6,0.76,13.27734375,44,4,19,0,2,3399,256,16,0,0,0,12.125,
aeqkad_nu0.2,window,full,fidelity,False,True,16,0.2,25,0,False,iid,0.1,2,s026,4,19.749999999999996,12.771739130434783,20.0,23.5,56,37,36,1,0,6,0.72,12.13671875,42,5,12,0,0,3107,256,16,0,0,0,10.5625,
aeqkad_nu0.2,window,full,fidelity,False,True,16,0.2,25,0,False,iid,0.1,2,s026,5,21.749999999999996,3.423913043478259,18.0,32.0,56,38,38,0,0,6,0.76,11.734375,43,3,13,0,2,3004,256,16,0,0,0,11.5625,
aeqkad_nu0.2,window,full,fidelity,False,True,16,0.2,25,0,False,iid,0.1,2,s026,6,20.0,5.923913043478259,14.000000000000002,33.0,56,42,40,2,0,6,0.8,13.34375,45,3,16,0,0,3416,256,16,0,0,1,12.4375,
aeqkad_nu0.2,window,full,fidelity,False,True,16,0.2,25,0,False,iid,0.1,2,s026,7,19.499999999999996,2.1739130434782594,14.000000000000002,28.000000000000004,56,41,40,1,0,6,0.8,12.23046875,45,4,16,0,0,3131,256,16,0,0,0,9.9375,
aeqkad_nu0.2,window,full,fidelity,False,True,16,0.2,25,0,False,iid,0.1,2,s026,8,21.999999999999996,12.771739130434783,18.0,32.0,56,36,35,1,0,6,0.7,13.44140625,42,6,11,0,0,3441,256,16,0,0,1,10.5625,42.0
window_nu0.1,window,none,fidelity,False,True,16,0.1,25,0,False,iid,0.1,0,s027,2,18.250000000000004,2.33695652173913,12.0,28.499999999999996,56,44,44,0,0,6,0.88,14.078125,0,0,0,0,0,3604,256,16,0,0,0,8.0625,
window_nu0.1,window,none,fidelity,False,True,16,0.1,25,0,False,iid,0.1,0,s027,3,16.500000000000004,7.01086956521739,14.000000000000002,22.5,56,44,43,1,0,6,0.86,12.171875,0,0,0,0,0,3116,256,16,0,0,1,8.0625,
window_nu0.1,window,none,fidelity,False,True,16,0.1,25,0,False,iid,0.1,0,s027,4,14.250000000000002,2.1739130434782594,4.0,38.5,56,50,48,2,0,6,0.96,11.80078125,0,0,0,0,0,3021,256,16,0,0,0,9.4375,
window_nu0.1,window,none,fidelity,False,True,16,0.1,25,0,False,iid,0.1,0,s027,5,17.750000000000004,8.097826086956525,16.0,32.5,56,44,42,2,0,6,0.84,10.9453125,0,0,0,0,0,2802,256,16,0,0,0,9.1875,
window_nu0.1,window,none,fidelity,False,True,16,0.1,25,0,False,iid,0.1,0,s027,6,19.249999999999996,10.434782608695654,12.0,38.5,56,46,44,2,0,6,0.88,10.75,0,0,0,0,0,2752,256,16,0,0,0,9.375,
window_nu0.1,window,none,fidelity,False,True,16,0.1,25,0,False,iid,0.1,0,s027,7,13.5,7.01086956521739,14.000000000000002,28.999999999999996,56,46,43,3,0,6,0.86,10.7578125,0,0,0,0,0,2754,256,16,0,0,2,7.75,
window_nu0.1,window,none,fidelity,False,True,16,0.1,25,0,False,iid,0.1,0,s027,8,22.249999999999996,5.760869565217389,12.0,43.5,56,46,44,2,0,6,0.88,11.58203125,0,0,0,0,0,2965,256,16,0,0,0,10.4375,0.0
window_nu0.1,window,none,fidelity,False,True,16,0.1,25,0,False,iid,0.1,1,s027,2,18.250000000000004,1.25,12.0,36.0,56,46,44,2,0,6,0.88,14.30859375,0,0,0,0,0,3663,256,16,0,0,0,8.9375,
window_nu0.1,window,none,fidelity,False,True,16,0.1,25,0,False,iid,0.1,1,s027,3,15.250000000000002,9.510869565217389,12.0,28.499999999999996,56,46,44,2,0,6,0.88,12.12109375,0,0,0,0,0,3103,256,16,0,0,1,7.875,
window_nu0.1,window,none,fidelity,False,True,16,0.1,25,0,False,iid,0.1,1,s027,4,9.749999999999998,0.0,4.0,33.5,56,49,48,1,0,6,0.96,11.21484375,0,0,0,0,0,2871,256,16,0,0,1,8.4375,
window_nu0.1,window,none,fidelity,False,True,16,0.1,25,0,False,iid,0.1,1,s027,5,18.500000000000004,1.25,14.000000000000002,37.0,56,45,43,2,0,6,0.86,10.671875,0,0,0,0,0,2732,256,16,0,0,0,9.5625,
window_nu0.1,window,none,fidelity,False,True,16,0.1,25,0,False,iid,0.1,1,s027,6,21.999999999999996,12.771739130434783,12.0,43.5,56,46,44,2,0,6,0.88,10.640625,0,0,0,0,0,2724,256,16,0,0,0,9.1875,
window_nu0.1,window,none,fidelity,False,True,16,0.1,25,0,False,iid,0.1,1,s027,7,17.750000000000004,2.33695652173913,12.0,41.5,56,47,44,3,0,6,0.88,11.33984375,0,0,0,0,0,2903,256,16,0,0,2,8.5,
window_nu0.1,window,none,fidelity,False,True,16,0.1,25,0,False,iid,0.1,1,s027,8,19.749999999999996,2.33695652173913,12.0,39.5,56,47,44,3,0,6,0.88,11.58203125,0,0,0,0,0,2965,256,16,0,0,0,9.625,10.0
window_nu0.1,window,none,fidelity,False,True,16,0.1,25,0,False,iid,0.1,2,s027,2,19.25,2.33695652173913,8.0,43.0,56,47,46,1,0,6,0.92,14.12109375,0,0,0,0,0,3615,256,16,0,0,0,9.375,
window_nu0.1,window,none,fidelity,False,True,16,0.1,25,0,False,iid,0.1,2,s027,3,15.750000000000004,7.01086956521739,10.0,35.0,56,47,45,2,0,6,0.9,12.56640625,0,0,0,0,0,3217,256,16,0,0,2,8.0,
window_nu0.1,window,none,fidelity,False,True,16,0.1,25,0,False,iid,0.1,2,s027,4,12.25,2.33695652173913,4.0,39.0,56,49,48,1,0,6,0.96,11.55859375,0,0,0,0,0,2959,256,16,0,0,1,9.125,
window_nu0.1,window,none,fidelity,False,True,16,0.1,25,0,False,iid,0.1,2,s027,5,24.5,4.67391304347826,12.0,49.5,56,46,44,2,0,6,0.88,10.96875,0,0,0,0,0,2808,256,16,0,0,0,8.375,
window_nu0.1,window,none,fidelity,False,True,16,0.1,25,0,False,iid,0.1,2,s027,6,19.25,9.347826086956525,8.0,39.5,56,47,46,1,0,6,0.92,10.98046875,0,0,0,0,0,2811,256,16,0,0,0,7.9375,
window_nu0.1,window,none,fidelity,False,True,16,0.1,25,0,False,iid,0.1,2,s027,7,15.750000000000004,4.67391304347826,4.0,44.0,56,52,48,4,0,6,0.96,12.05078125,0,0,0,0,0,3085,256,16,0,0,0,7.5,
window_nu0.1,window,none,fidelity,False,True,16,0.1,25,0,False,iid,0.1,2,s027,8,19.749999999999996,2.33695652173913,12.0,43.5,56,45,44,1,0,6,0.88,11.34375,0,0,0,0,0,2904,256,16,0,0,1,9.5,40.0
window_nu0.2,window,none,fidelity,False,True,16,0.2,25,0,False,iid,0.1,0,s027,2,18.250000000000004,2.33695652173913,12.0,28.499999999999996,56,44,44,0,0,6,0.88,14.10546875,0,0,0,0,0,3611,256,16,0,0,0,8.0625,
window_nu0.2,window,none,fidelity,False,True,16,0.2,25,0,False,iid,0.1,0,s027,3,16.500000000000004,7.01086956521739,14.000000000000002,22.5,56,44,43,1,0,6,0.86,12.16796875,0,0,0,0,0,3115,256,16,0,0,1,8.0625,
window_nu0.2,window,none,fidelity,False,True,16,0.2,25,0,False,iid,0.1,0,s027,4,14.250000000000002,2.1739130434782594,4.0,38.5,56,50,48,2,0,6,0.96,11.80078125,0,0,0,0,0,3021,256,16,0,0,0,9.4375,
window_nu0.2,window,none,fidelity,False,True,16,0.2,25,0,False,iid,0.1,0,s027,5,17.750000000000004,8.097826086956525,16.0,32.5,56,44,42,2,0,6,0.84,10.96875,0,0,0,0,0,2808,256,16,0,0,0,9.1875,
window_nu0.2,window,none,fidelity,False,True,16,0.2,25,0,False,iid,0.1,0,s027,6,19.249999999999996,10.434782608695654,12.0,38.5,56,46,44,2,0,6,0.88,10.7265625,0,0,0,0,0,2746,256,16,0,0,0,9.375,
window_nu0.2,window,none,fidelity,False,True,16,0.2,25,0,False,iid,0.1,0,s027,7,13.5,7.01086956521739,14.000000000000002,28.999999999999996,56,46,43,3,0,6,0.86,10.76171875,0,0,0,0,0,2755,256,16,0,0,2,7.75,
window_nu0.2,window,none,fidelity,False,True,16,0.2,25,0,False,iid,0.1,0,s027,8,22.249999999999996,5.760869565217389,12.0,43.5,56,46,44,2,0,6,0.88,11.55859375,0,0,0,0,0,2959,256,16,0,0,0,10.4375,0.0
window_nu0.2,window,none,fidelity,False,True,16,0.2,25,0,False,iid,0.1,1,s027,2,18.250000000000004,1.25,12.0,36.0,56,46,44,2,0,6,0.88,14.30859375,0,0,0,0,0,3663,256,16,0,0,0,8.9375,
window_nu0.2,window,none,fidelity,False,True,16,0.2,25,0,False,iid,0.1,1,s027,3,15.250000000000002,9.510869565217389,12.0,28.000000000000004,56,46,44,2,0,6,0.88,12.21875,0,0,0,0,0,3128,256,16,0,0,1,7.875,
window_nu0.2,window,none,fidelity,False,True,16,0.2,25,0,False,iid,0.1,1,s027,4,9.749999999999998,0.0,4.0,33.5,56,49,48,1,0,6,0.96,11.26171875,0,0,0,0,0,2883,256,16,0,0,1,8.4375,
window_nu0.2,window,none,fidelity,False,True,16,0.2,25,0,False,iid,0.1,1,s027,5,18.500000000000004,1.25,14.000000000000002,37.0,56,45,43,2,0,6,0.86,10.671875,0,0,0,0,0,2732,256,16,0,0,0,9.5625,
window_nu0.2,window,none,fidelity,False,True,16,0.2,25,0,False,iid,0.1,1,s027,6,22.249999999999996,12.771739130434783,12.0,43.5,56,46,44,2,0,6,0.88,10.640625,0,0,0,0,0,2724,256,16,0,0,0,9.1875,
window_nu0.2,window,none,fidelity,False,True,16,0.2,25,0,False,iid,0.1,1,s027,7,17.750000000000004,2.33695652173913,12.0,42.0,56,47,44,3,0,6,0.88,11.33984375,0,0,0,0,0,2903,256,16,0,0,2,8.5,
window_nu0.2,window,none,fidelity,False,True,16,0.2,25,0,False,iid,0.1,1,s027,8,19.749999999999996,2.33695652173913,12.0,39.5,56,47,44,3,0,6,0.88,11.6328125,0,0,0,0,0,2978,256,16,0,0,0,9.625,10.0
window_nu0.2,window,none,fidelity,False,True,16,0.2,25,0,False,iid,0.1,2,s027,2,19.25,2.33695652173913,8.0,43.0,56,47,46,1,0,6,0.92,14.12109375,0,0,0,0,0,3615,256,16,0,0,0,9.375,
window_nu0.2,window,none,fidelity,False,True,16,0.2,25,0,False,iid,0.1,2,s027,3,15.750000000000004,7.01086956521739,10.0,35.0,56,47,45,2,0,6,0.9,12.5703125,0,0,0,0,0,3218,256,16,0,0,2,8.0,
window_nu0.2,window,none,fidelity,False,True,16,0.2,25,0,False,iid,0.1,2,s027,4,12.25,2.33695652173913,4.0,39.0,56,49,48,1,0,6,0.96,11.58203125,0,0,0,0,0,2965,256,16,0,0,1,9.125,
window_nu0.2,window,none,fidelity,False,True,16,0.2,25,0,False,iid,0.1,2,s027,5,24.5,4.67391304347826,12.0,49.5,56,46,44,2,0,6,0.88,11.01953125,0,0,0,0,0,2821,256,16,0,0,0,8.375,
window_nu0.2,window,none,fidelity,False,True,16,0.2,25,0,False,iid,0.1,2,s027,6,19.25,9.347826086956525,8.0,39.5,56,47,46,1,0,6,0.92,11.0078125,0,0,0,0,0,2818,256,16,0,0,0,7.9375,
window_nu0.2,window,none,fidelity,False,True,16,0.2,25,0,False,iid,0.1,2,s027,7,15.750000000000004,4.67391304347826,4.0,44.0,56,52,48,4,0,6,0.96,12.05078125,0,0,0,0,0,3085,256,16,0,0,0,7.5,
window_nu0.2,window,none,fidelity,False,True,16,0.2,25,0,False,iid,0.1,2,s027,8,19.749999999999996,2.33695652173913,12.0,43.5,56,45,44,1,0,6,0.88,11.4609375,0,0,0,0,0,2934,256,16,0,0,1,9.5,40.0
aeqkad_nu0.1,window,full,fidelity,False,True,16,0.1,25,0,False,iid,0.1,0,s027,2,16.000000000000004,0.0,12.0,26.5,56,40,40,0,0,6,0.8,14.01953125,44,4,13,0,0,3589,256,16,0,0,0,8.8125,
aeqkad_nu0.1,window,full,fidelity,False,True,16,0.1,25,0,False,iid,0.1,0,s027,3,21.999999999999996,12.771739130434783,22.0,20.0,56,37,37,0,0,6,0.74,10.5546875,40,3,7,0,0,2702,256,16,0,0,0,9.0625,
aeqkad_nu0.1,window,full,fidelity,False,True,16,0.1,25,0,False,iid,0.1,0,s027,4,11.75,4.67391304347826,4.0,36.0,56,46,45,1,0,6,0.9,11.3203125,50,4,10,0,0,2898,256,16,0,0,0,11.6875,
aeqkad_nu0.1,window,full,fidelity,False,True,16,0.1,25,0,False,iid,0.1,0,s027,5,16.000000000000004,1.25,14.000000000000002,29.5,56,42,41,1,0,6,0.82,10.34375,45,2,15,0,1,2648,256,16,0,0,0,9.1875,
aeqkad_nu0.1,window,full,fidelity,False,True,16,0.1,25,0,False,iid,0.1,0,s027,6,20.0,8.097826086956525,16.0,30.5,56,34,34,0,0,6,0.68,9.50390625,43,5,5,0,4,2433,256,16,0,0,0,10.9375,
aeqkad_nu0.1,window,full,fidelity,False,True,16,0.1,25,0,False,iid,0.1,0,s027,7,19.0,7.01086956521739,14.000000000000002,25.5,56,44,42,2,0,6,0.84,10.5625,46,2,16,0,0,2704,256,16,0,0,1,9.0625,
aeqkad_nu0.1,window,full,fidelity,False,True,16,0.1,25,0,False,iid,0.1,0,s027,8,23.25,10.434782608695654,14.000000000000002,39.0,56,42,41,1,0,6,0.82,11.13671875,44,2,10,0,0,2851,256,16,0,0,0,10.4375,0.0
aeqkad_nu0.1,window,full,fidelity,False,True,16,0.1,25,0,False,iid,0.1,1,s027,2,14.250000000000002,1.25,12.0,26.5,56,40,40,0,0,6,0.8,13.96484375,46,6,0,0,0,3575,256,16,0,0,0,9.75,
aeqkad_nu0.1,window,full,fidelity,False,True,16,0.1,25,0,False,iid,0.1,1,s027,3,19.749999999999996,6.847826086956524,20.0,19.5,56,38,37,1,0,6,0.74,11.0859375,42,4,0,0,0,2838,256,16,0,0,1,7.875,
aeqkad_nu0.1,window,full,fidelity,False,True,16,0.1,25,0,False,iid,0.1,1,s027,4,9.499999999999998,0.0,4.0,32.5,56,45,44,1,0,6,0.88,11.4609375,49,4,0,0,0,2934,256,16,0,0,1,10.875,
aeqkad_nu0.1,window,full,fidelity,False,True,16,0.1,25,0,False,iid,0.1,1,s027,5,16.250000000000004,1.25,12.0,29.5,56,41,40,1,0,6,0.8,10.4375,46,5,0,0,0,2672,256,16,0,0,0,9.5625,
aeqkad_nu0.1,window,full,fidelity,False,True,16,0.1,25,0,False,iid,0.1,1,s027,6,22.249999999999996,9.347826086956525,14.000000000000002,34.0,56,35,34,1,0,6,0.68,10.15234375,46,7,0,0,4,2599,256,16,0,0,0,10.75,
aeqkad_nu0.1,window,full,fidelity,False,True,16,0.1,25,0,False,iid,0.1,1,s027,7,17.25,5.923913043478259,12.0,30.5,56,43,42,1,0,6,0.84,10.4140625,47,4,0,0,0,2666,256,16,0,0,1,9.1875,
aeqkad_nu0.1,window,full,fidelity,False,True,16,0.1,25,0,False,iid,0.1,1,s027,8,25.75,8.097826086956525,18.0,36.5,56,39,37,2,0,6,0.74,11.01953125,44,5,0,0,0,2821,256,16,0,0,0,9.625,8.0
aeqkad_nu0.1,window,full,fidelity,False,True,16,0.1,25,0,False,iid,0.1,2,s027,2,14.250000000000002,2.33695652173913,8.0,33.5,56,40,40,0,0,6,0.8,13.890625,47,7,0,0,0,3556,256,16,0,0,0,10.1875,
aeqkad_nu0.1,window,full,fidelity,False,True,16,0.1,25,0,False,iid,0.1,2,s027,3,22.249999999999996,8.097826086956525,20.0,30.5,56,38,37,1,0,6,0.74,10.93359375,42,4,0,0,0,2799,256,16,0,0,1,8.875,
aeqkad_nu0.1,window,full,fidelity,False,True,16,0.1,25,0,False,iid,0.1,2,s027,4,12.0,4.67391304347826,4.0,33.5,56,45,45,0,0,6,0.9,11.40234375,49,4,0,0,0,2919,256,16,0,0,0,12.75,
aeqkad_nu0.1,window,full,fidelity,False,True,16,0.1,25,0,False,iid,0.1,2,s027,5,16.250000000000004,1.25,12.0,38.0,56,40,40,0,0,6,0.8,10.58203125,46,6,0,0,0,2709,256,16,0,0,0,8.375,
aeqkad_nu0.1,window,full,fidelity,False,True,16,0.1,25,0,False,iid,0.1,2,s027,6,16.500000000000004,6.847826086956524,10.0,30.0,56,34,34,0,0,6,0.68,9.78125,45,7,0,0,4,2504,256,16,0,0,0,9.5,
aeqkad_nu0.1,window,full,fidelity,False,True,16,0.1,25,0,False,iid,0.1,2,s027,7,13.750000000000002,3.423913043478259,10.0,29.5,56,42,42,0,0,6,0.84,10.15625,48,6,0,0,0,2600,256,16,0,0,0,8.0,
aeqkad_nu0.1,window,full,fidelity,False,True,16,0.1,25,0,False,iid,0.1,2,s027,8,25.0,12.771739130434783,16.0,40.0,56,38,37,1,0,6,0.74,10.91015625,43,5,0,0,0,2793,256,16,0,0,1,9.5,40.0
aeqkad_nu0.2,window,full,fidelity,False,True,16,0.2,25,0,False,iid,0.1,0,s027,2,16.000000000000004,0.0,12.0,26.5,56,40,40,0,0,6,0.8,14.01953125,44,4,13,0,0,3589,256,16,0,0,0,8.8125,
aeqkad_nu0.2,window,full,fidelity,False,True,16,0.2,25,0,False,iid,0.1,0,s027,3,21.999999999999996,12.771739130434783,22.0,20.0,56,37,37,0,0,6,0.74,10.53125,40,3,7,0,0,2696,256,16,0,0,0,9.0625,
aeqkad_nu0.2,window,full,fidelity,False,True,16,0.2,25,0,False,iid,0.1,0,s027,4,11.75,4.67391304347826,4.0,36.0,56,46,45,1,0,6,0.9,11.34375,50,4,10,0,0,2904,256,16,0,0,0,11.6875,
aeqkad_nu0.2,window,full,fidelity,False,True,16,0.2,25,0,False,iid,0.1,0,s027,5,16.000000000000004,1.25,14.000000000000002,29.5,56,42,41,1,0,6,0.82,10.34375,45,2,14,0,1,2648,256,16,0,0,0,9.1875,
aeqkad_nu0.2,window,full,fidelity,False,True,16,0.2,25,0,False,iid,0.1,0,s027,6,20.0,8.097826086956525,16.0,30.5,56,34,34,0,0,6,0.68,9.48046875,43,5,5,0,4,2427,256,16,0,0,0,10.9375,
aeqkad_nu0.2,window,full,fidelity,False,True,16,0.2,25,0,False,iid,0.1,0,s027,7,19.0,7.01086956521739,14.000000000000002,25.5,56,44,42,2,0,6,0.84,10.5625,46,2,16,0,0,2704,256,16,0,0,1,9.0625,
aeqkad_nu0.2,window,full,fidelity,False,True,16,0.2,25,0,False,iid,0.1,0,s027,8,23.25,10.434782608695654,14.000000000000002,39.0,56,42,41,1,0,6,0.82,11.16015625,44,2,10,0,0,2857,256,16,0,0,0,10.4375,0.0
aeqkad_nu0.2,window,full,fidelity,False,True,16,0.2,25,0,False,iid,0.1,1,s027,2,14.250000000000002,1.25,12.0,26.5,56,40,40,0,0,6,0.8,13.96484375,46,6,0,0,0,3575,256,16,0,0,0,9.75,
aeqkad_nu0.2,window,full,fidelity,False,True,16,0.2,25,0,False,iid,0.1,1,s027,3,19.749999999999996,6.847826086956524,20.0,19.5,56,38,37,1,0,6,0.74,11.109375,42,4,0,0,0,2844,256,16,0,0,1,7.875,
aeqkad_nu0.2,window,full,fidelity,False,True,16,0.2,25,0,False,iid,0.1,1,s027,4,9.499999999999998,0.0,4.0,32.5,56,45,44,1,0,6,0.88,11.46484375,49,4,0,0,0,2935,256,16,0,0,1,10.875,
aeqkad_nu0.2,window,full,fidelity,False,True,16,0.2,25,0,False,iid,0.1,1,s027,5,16.250000000000004,1.25,12.0,29.5,56,41,40,1,0,6,0.8,10.4375,46,5,0,0,0,2672,256,16,0,0,0,9.5625,
aeqkad_nu0.2,window,full,fidelity,False,True,16,0.2,25,0,False,iid,0.1,1,s027,6,22.249999999999996,9.347826086956525,14.000000000000002,34.0,56,35,34,1,0,6,0.68,10.22265625,46,7,0,0,4,2617,256,16,0,0,0,10.75,
aeqkad_nu0.2,window,full,fidelity,False,True,16,0.2,25,0,False,iid,0.1,1,s027,7,17.25,5.923913043478259,12.0,30.5,56,43,42,1,0,6,0.84,10.41015625,47,4,0,0,0,2665,256,16,0,0,1,9.1875,
aeqkad_nu0.2,window,full,fidelity,False,True,16,0.2,25,0,False,iid,0.1,1,s027,8,25.75,8.097826086956525,18.0,36.5,56,39,37,2,0,6,0.74,11.02734375,44,5,0,0,0,2823,256,16,0,0,0,9.625,8.0
aeqkad_nu0.2,window,full,fidelity,False,True,16,0.2,25,0,False,iid,0.1,2,s027,2,14.250000000000002,2.33695652173913,8.0,33.5,56,40,40,0,0,6,0.8,13.9140625,47,7,0,0,0,3562,256,16,0,0,0,10.1875,
aeqkad_nu0.2,window,full,fidelity,False,True,16,0.2,25,0,False,iid,0.1,2,s027,3,22.249999999999996,8.097826086956525,20.0,30.5,56,38,37,1,0,6,0.74,11.11328125,42,4,0,0,0,2845,256,16,0,0,1,8.875,
aeqkad_nu0.2,window,full,fidelity,False,True,16,0.2,25,0,False,iid,0.1,2,s027,4,12.0,4.67391304347826,4.0,33.5,56,45,45,0,0,6,0.9,11.42578125,49,4,0,0,0,2925,256,16,0,0,0,12.75,
aeqkad_nu0.2,window,full,fidelity,False,True,16,0.2,25,0,False,iid,0.1,2,s027,5,16.250000000000004,1.25,12.0,38.0,56,40,40,0,0,6,0.8,10.66015625,46,6,0,0,0,2729,256,16,0,0,0,8.375,
aeqkad_nu0.2,window,full,fidelity,False,True,16,0.2,25,0,False,iid,0.1,2,s027,6,16.500000000000004,6.847826086956524,10.0,30.0,56,34,34,0,0,6,0.68,9.7578125,45,7,0,0,4,2498,256,16,0,0,0,9.5,
aeqkad_nu0.2,window,full,fidelity,False,True,16,0.2,25,0,False,iid,0.1,2,s027,7,13.750000000000002,3.423913043478259,10.0,29.5,56,42,42,0,0,6,0.84,10.15625,48,6,0,0,0,2600,256,16,0,0,0,8.0,
aeqkad_nu0.2,window,full,fidelity,False,True,16,0.2,25,0,False,iid,0.1,2,s027,8,25.0,12.771739130434783,16.0,40.0,56,38,37,1,0,6,0.74,10.95703125,43,5,0,0,0,2805,256,16,0,0,1,9.5,40.0
window_nu0.1,window,none,fidelity,False,True,16,0.1,25,0,False,iid,0.1,0,s028,2,10.749999999999998,2.33695652173913,4.0,24.5,56,48,48,0,0,6,0.96,13.140625,0,0,0,0,0,3364,256,16,0,0,0,11.25,
window_nu0.1,window,none,fidelity,False,True,16,0.1,25,0,False,iid,0.1,0,s028,3,13.25,0.0,6.0,27.500000000000004,56,49,47,2,0,6,0.94,13.09765625,0,0,0,0,0,3353,256,16,0,0,0,8.25,
window_nu0.1,window,none,fidelity,False,True,16,0.1,25,0,False,iid,0.1,0,s028,4,11.000000000000002,0.0,14.000000000000002,26.0,56,45,43,2,0,6,0.86,10.828125,0,0,0,0,0,2772,256,16,0,0,1,11.5,
window_nu0.1,window,none,fidelity,False,True,16,0.1,25,0,False,iid,0.1,0,s028,5,17.000000000000004,1.25,14.000000000000002,28.000000000000004,56,44,43,1,0,6,0.86,12.97265625,0,0,0,0,0,3321,256,16,0,0,0,9.8125,
window_nu0.1,window,none,fidelity,False,True,16,0.1,25,0,False,iid,0.1,0,s028,6,11.75,0.0,14.000000000000002,27.0,56,44,43,1,0,6,0.86,13.171875,0,0,0,0,0,3372,256,16,0,0,1,9.5625,
window_nu0.1,window,none,fidelity,False,True,16,0.1,25,0,False,iid,0.1,0,s028,7,18.000000000000004,0.0,10.0,28.499999999999996,56,47,45,2,0,6,0.9,12.26171875,0,0,0,0,0,3139,256,16,0,0,0,10.125,
window_nu0.1,window,none,fidelity,False,True,16,0.1,25,0,False,iid,0.1,0,s028,8,13.750000000000002,2.33695652173913,12.0,24.5,56,44,44,0,0,6,0.88,12.16796875,0,0,0,0,0,3115,256,16,0,0,0,9.125,14.000000000000002
window_nu0.1,window,none,fidelity,False,True,16,0.1,25,0,False,iid,0.1,1,s028,2,8.75,0.0,2.0,52.0,56,51,49,2,0,6,0.98,13.1875,0,0,0,0,0,3376,256,16,0,0,0,8.0,
window_nu0.1,window,none,fidelity,False,True,16,0.1,25,0,False,iid,0.1,1,s028,3,12.0,1.25,4.0,48.0,56,49,48,1,0,6,0.96,13.00390625,0,0,0,0,0,3329,256,16,0,0,0,9.0625,
window_nu0.1,window,none,fidelity,False,True,16,0.1,25,0,False,iid,0.1,1,s028,4,9.75,0.0,14.000000000000002,30.0,56,45,43,2,0,6,0.86,10.96875,0,0,0,0,0,2808,256,16,0,0,0,11.4375,
window_nu0.1,window,none,fidelity,False,True,16,0.1,25,0,False,iid,0.1,1,s028,5,18.250000000000004,3.423913043478259,8.0,50.0,56,50,46,4,0,6,0.92,12.9140625,0,0,0,0,0,3306,256,16,0,0,2,8.3125,
window_nu0.1,window,none,fidelity,False,True,16,0.1,25,0,False,iid,0.1,1,s028,6,15.000000000000002,0.0,6.0,56.49999999999999,56,51,47,4,0,6,0.94,13.9140625,0,0,0,0,0,3562,256,16,0,0,2,7.625,
window_nu0.1,window,none,fidelity,False,True,16,0.1,25,0,False,iid,0.1,1,s028,7,14.500000000000002,1.25,8.0,48.0,56,48,46,2,0,6,0.92,12.3984375,0,0,0,0,0,3174,256,16,0,0,1,8.4375,
window_nu0.1,window,none,fidelity,False,True,16,0.1,25,0,False,iid,0.1,1,s028,8,11.5,2.33695652173913,12.0,43.5,56,48,44,4,0,6,0.88,12.54296875,0,0,0,0,0,3211,256,16,0,0,3,9.3125,88.0
window_nu0.1,window,none,fidelity,False,True,16,0.1,25,0,False,iid,0.1,2,s028,2,8.499999999999998,5.760869565217389,4.0,39.0,56,50,48,2,0,6,0.96,13.44921875,0,0,0,0,0,3443,256,16,0,0,0,8.4375,
window_nu0.1,window,none,fidelity,False,True,16,0.1,25,0,False,iid,0.1,2,s028,3,13.0,0.0,8.0,30.5,56,49,46,3,0,6,0.92,12.79296875,0,0,0,0,0,3275,256,16,0,0,1,8.1875,
window_nu0.1,window,none,fidelity,False,True,16,0.1,25,0,False,iid,0.1,2,s028,4,14.500000000000002,3.423913043478259,14.000000000000002,19.5,56,45,43,2,0,6,0.86,10.875,0,0,0,0,0,2784,256,16,0,0,0,12.0,
window_nu0.1,window,none,fidelity,False,True,16,0.1,25,0,False,iid,0.1,2,s028,5,17.750000000000004,2.33695652173913,14.000000000000002,27.0,56,45,43,2,0,6,0.86,12.6484375,0,0,0,0,0,3238,256,16,0,0,1,9.625,
window_nu0.1,window,none,fidelity,False,True,16,0.1,25,0,False,iid,0.1,2,s028,6,10.750000000000002,1.25,14.000000000000002,25.5,56,46,43,3,0,6,0.86,13.54296875,0,0,0,0,0,3467,256,16,0,0,1,8.1875,
window_nu0.1,window,none,fidelity,False,True,16,0.1,25,0,False,iid,0.1,2,s028,7,13.750000000000002,0.0,12.0,26.0,56,44,44,0,0,6,0.88,12.2109375,0,0,0,0,0,3126,256,16,0,0,0,10.125,
window_nu0.1,window,none,fidelity,False,True,16,0.1,25,0,False,iid,0.1,2,s028,8,14.500000000000002,0.0,12.0,23.5,56,45,44,1,0,6,0.88,12.2109375,0,0,0,0,0,3126,256,16,0,0,1,8.5,16.0
window_nu0.2,window,none,fidelity,False,True,16,0.2,25,0,False,iid,0.1,0,s028,2,10.749999999999998,2.33695652173913,4.0,24.5,56,48,48,0,0,6,0.96,13.140625,0,0,0,0,0,3364,256,16,0,0,0,11.25,
window_nu0.2,window,none,fidelity,False,True,16,0.2,25,0,False,iid,0.1,0,s028,3,13.25,0.0,6.0,26.5,56,49,47,2,0,6,0.94,13.17578125,0,0,0,0,0,3373,256,16,0,0,0,8.25,
window_nu0.2,window,none,fidelity,False,True,16,0.2,25,0,False,iid,0.1,0,s028,4,11.000000000000002,0.0,14.000000000000002,26.0,56,45,43,2,0,6,0.86,10.828125,0,0,0,0,0,2772,256,16,0,0,1,11.5,
window_nu0.2,window,none,fidelity,False,True,16,0.2,25,0,False,iid,0.1,0,s028,5,17.000000000000004,1.25,14.000000000000002,28.000000000000004,56,44,43,1,0,6,0.86,12.97265625,0,0,0,0,0,3321,256,16,0,0,0,9.8125,
window_nu0.2,window,none,fidelity,False,True,16,0.2,25,0,False,iid,0.1,0,s028,6,11.75,0.0,14.000000000000002,27.0,56,44,43,1,0,6,0.86,13.171875,0,0,0,0,0,3372,256,16,0,0,1,9.5625,
window_nu0.2,window,none,fidelity,False,True,16,0.2,25,0,False,iid,0.1,0,s028,7,18.000000000000004,0.0,10.0,28.499999999999996,56,47,45,2,0,6,0.9,12.26171875,0,0,0,0,0,3139,256,16,0,0,0,10.125,
window_nu0.2,window,none,fidelity,False,True,16,0.2,25,0,False,iid,0.1,0,s028,8,13.750000000000002,2.33695652173913,12.0,24.5,56,44,44,0,0,6,0.88,12.1640625,0,0,0,0,0,3114,256,16,0,0,0,9.125,14.000000000000002
window_nu0.2,window,none,fidelity,False,True,16,0.2,25,0,False,iid,0.1,1,s028,2,8.75,0.0,2.0,52.0,56,51,49,2,0,6,0.98,13.1875,0,0,0,0,0,3376,256,16,0,0,0,8.0,
window_nu0.2,window,none,fidelity,False,True,16,0.2,25,0,False,iid,0.1,1,s028,3,12.0,1.25,4.0,48.0,56,49,48,1,0,6,0.96,13.00390625,0,0,0,0,0,3329,256,16,0,0,0,9.0625,
window_nu0.2,window,none,fidelity,False,True,16,0.2,25,0,False,iid,0.1,1,s028,4,9.75,0.0,14.000000000000002,30.0,56,45,43,2,0,6,0.86,10.97265625,0,0,0,0,0,2809,256,16,0,0,0,11.4375,
window_nu0.2,window,none,fidelity,False,True,16,0.2,25,0,False,iid,0.1,1,s028,5,18.250000000000004,3.423913043478259,8.0,50.0,56,50,46,4,0,6,0.92,12.9921875,0,0,0,0,0,3326,256,16,0,0,2,8.3125,
window_nu0.2,window,none,fidelity,False,True,16,0.2,25,0,False,iid,0.1,1,s028,6,15.000000000000002,0.0,6.0,56.49999999999999,56,51,47,4,0,6,0.94,13.9609375,0,0,0,0,0,3574,256,16,0,0,2,7.625,
window_nu0.2,window,none,fidelity,False,True,16,0.2,25,0,False,iid,0.1,1,s028,7,14.500000000000002,1.25,8.0,48.0,56,48,46,2,0,6,0.92,12.3984375,0,0,0,0,0,3174,256,16,0,0,1,8.4375,
window_nu0.2,window,none,fidelity,False,True,16,0.2,25,0,False,iid,0.1,1,s028,8,11.249999999999998,2.33695652173913,12.0,44.0,56,48,44,4,0,6,0.88,12.54296875,0,0,0,0,0,3211,256,16,0,0,3,9.3125,90.0
window_nu0.2,window,none,fidelity,False,True,16,0.2,25,0,False,iid,0.1,2,s028,2,8.499999999999998,5.760869565217389,4.0,39.0,56,50,48,2,0,6,0.96,13.49609375,0,0,0,0,0,3455,256,16,0,0,0,8.4375,
window_nu0.2,window,none,fidelity,False,True,16,0.2,25,0,False,iid,0.1,2,s028,3,13.0,0.0,8.0,30.5,56,49,46,3,0,6,0.92,12.84375,0,0,0,0,0,3288,256,16,0,0,1,8.1875,
window_nu0.2,window,none,fidelity,False,True,16,0.2,25,0,False,iid,0.1,2,s028,4,14.500000000000002,3.423913043478259,14.000000000000002,19.5,56,45,43,2,0,6,0.86,10.87109375,0,0,0,0,0,2783,256,16,0,0,0,12.0,
window_nu0.2,window,none,fidelity,False,True,16,0.2,25,0,False,iid,0.1,2,s028,5,17.750000000000004,2.33695652173913,14.000000000000002,27.0,56,45,43,2,0,6,0.86,12.64453125,0,0,0,0,0,3237,256,16,0,0,1,9.625,
window_nu0.2,window,none,fidelity,False,True,16,0.2,25,0,False,iid,0.1,2,s028,6,10.750000000000002,1.25,14.000000000000002,25.5,56,46,43,3,0,6,0.86,13.54296875,0,0,0,0,0,3467,256,16,0,0,1,8.1875,
window_nu0.2,window,none,fidelity,False,True,16,0.2,25,0,False,iid,0.1,2,s028,7,13.750000000000002,0.0,12.0,26.0,56,44,44,0,0,6,0.88,12.2109375,0,0,0,0,0,3126,256,16,0,0,0,10.125,
window_nu0.2,window,none,fidelity,False,True,16,0.2,25,0,False,iid,0.1,2,s028,8,14.500000000000002,0.0,12.0,23.5,56,45,44,1,0,6,0.88,12.2109375,0,0,0,0,0,3126,256,16,0,0,1,8.5,16.0
aeqkad_nu0.1,window,full,fidelity,False,True,16,0.1,25,0,False,iid,0.1,0,s028,2,7.249999999999998,0.0,4.0,26.0,56,43,43,0,0,6,0.86,12.59375,48,5,0,0,0,3224,256,16,0,0,0,12.0625,
aeqkad_nu0.1,window,full,fidelity,False,True,16,0.1,25,0,False,iid,0.1,0,s028,3,12.0,4.67391304347826,10.0,16.0,56,36,36,0,0,6,0.72,10.30859375,47,11,0,0,0,2639,256,16,0,0,0,14.4375,
aeqkad_nu0.1,window,full,fidelity,False,True,16,0.1,25,0,False,iid,0.1,0,s028,4,10.25,0.0,16.0,17.5,56,41,41,0,0,6,0.82,10.1796875,44,3,0,0,0,2606,256,16,0,0,0,11.625,
aeqkad_nu0.1,window,full,fidelity,False,True,16,0.1,25,0,False,iid,0.1,0,s028,5,16.500000000000004,4.67391304347826,18.0,15.0,56,34,34,0,0,6,0.68,11.11328125,42,8,0,0,0,2845,256,16,0,0,0,9.8125,
aeqkad_nu0.1,window,full,fidelity,False,True,16,0.1,25,0,False,iid,0.1,0,s028,6,19.75,0.0,14.000000000000002,24.5,56,40,40,0,0,6,0.8,12.9375,43,3,0,0,0,3312,256,16,0,0,0,11.6875,
aeqkad_nu0.1,window,full,fidelity,False,True,16,0.1,25,0,False,iid,0.1,0,s028,7,14.000000000000002,0.0,12.0,19.5,56,40,40,0,0,6,0.8,11.57421875,46,6,0,0,0,2963,256,16,0,0,0,12.3125,
aeqkad_nu0.1,window,full,fidelity,False,True,16,0.1,25,0,False,iid,0.1,0,s028,8,12.75,4.67391304347826,14.000000000000002,16.0,56,36,36,0,0,6,0.72,10.80859375,43,6,0,0,1,2767,256,16,0,0,0,9.8125,4.0
aeqkad_nu0.1,window,full,fidelity,False,True,16,0.1,25,0,False,iid,0.1,1,s028,2,8.249999999999998,0.0,2.0,46.5,56,45,45,0,0,6,0.9,13.12109375,51,6,0,0,0,3359,256,16,0,0,0,9.9375,
aeqkad_nu0.1,window,full,fidelity,False,True,16,0.1,25,0,False,iid,0.1,1,s028,3,13.5,2.5,8.0,35.0,56,39,38,1,0,6,0.76,11.078125,47,7,0,0,1,2836,256,16,0,0,0,12.0,
aeqkad_nu0.1,window,full,fidelity,False,True,16,0.1,25,0,False,iid,0.1,1,s028,4,20.75,0.0,16.0,21.0,56,41,41,0,0,6,0.82,10.2890625,43,2,0,0,0,2634,256,16,0,0,0,11.4375,
aeqkad_nu0.1,window,full,fidelity,False,True,16,0.1,25,0,False,iid,0.1,1,s028,5,16.500000000000004,4.67391304347826,16.0,26.5,56,35,35,0,0,6,0.7,11.25,44,9,0,0,0,2880,256,16,0,0,0,11.25,
aeqkad_nu0.1,window,full,fidelity,False,True,16,0.1,25,0,False,iid,0.1,1,s028,6,14.000000000000002,0.0,12.0,40.0,56,41,40,1,0,6,0.8,12.98046875,48,7,0,0,0,3323,256,16,0,0,0,11.5,
aeqkad_nu0.1,window,full,fidelity,False,True,16,0.1,25,0,False,iid,0.1,1,s028,7,13.0,1.25,12.0,33.0,56,41,41,0,0,6,0.82,11.55859375,46,5,0,0,0,2959,256,16,0,0,0,11.75,
aeqkad_nu0.1,window,full,fidelity,False,True,16,0.1,25,0,False,iid,0.1,1,s028,8,11.75,4.67391304347826,14.000000000000002,21.5,56,37,37,0,0,6,0.74,11.12109375,46,8,0,0,1,2847,256,16,0,0,0,11.8125,26.0
aeqkad_nu0.1,window,full,fidelity,False,True,16,0.1,25,0,False,iid,0.1,2,s028,2,8.249999999999998,6.847826086956524,4.0,32.5,56,44,44,0,0,6,0.88,12.63671875,50,6,0,0,0,3235,256,16,0,0,0,9.1875,
aeqkad_nu0.1,window,full,fidelity,False,True,16,0.1,25,0,False,iid,0.1,2,s028,3,13.25,5.760869565217389,10.0,19.5,56,38,37,1,0,6,0.74,10.71875,48,10,0,0,0,2744,256,16,0,0,1,11.8125,
aeqkad_nu0.1,window,full,fidelity,False,True,16,0.1,25,0,False,iid,0.1,2,s028,4,22.25,3.423913043478259,16.0,14.000000000000002,56,41,41,0,0,6,0.82,10.08203125,44,3,0,0,0,2581,256,16,0,0,0,12.0,
aeqkad_nu0.1,window,full,fidelity,False,True,16,0.1,25,0,False,iid,0.1,2,s028,5,18.250000000000004,3.423913043478259,18.0,15.0,56,34,34,0,0,6,0.68,10.89453125,42,8,0,0,0,2789,256,16,0,0,0,10.375,
aeqkad_nu0.1,window,full,fidelity,False,True,16,0.1,25,0,False,iid,0.1,2,s028,6,19.0,1.25,16.0,22.0,56,40,40,0,0,6,0.8,12.77734375,45,5,0,0,0,3271,256,16,0,0,0,11.0,
aeqkad_nu0.1,window,full,fidelity,False,True,16,0.1,25,0,False,iid,0.1,2,s028,7,13.0,0.0,14.000000000000002,21.5,56,40,40,0,0,6,0.8,11.2578125,43,3,0,0,0,2882,256,16,0,0,0,12.1875,
aeqkad_nu0.1,window,full,fidelity,False,True,16,0.1,25,0,False,iid,0.1,2,s028,8,11.75,3.423913043478259,14.000000000000002,15.5,56,39,38,1,0,6,0.76,10.89453125,44,5,0,0,0,2789,256,16,0,0,1,8.8125,14.000000000000002
aeqkad_nu0.2,window,full,fidelity,False,True,16,0.2,25,0,False,iid,0.1,0,s028,2,7.249999999999998,0.0,4.0,26.0,56,43,43,0,0,6,0.86,12.59375,48,5,0,0,0,3224,256,16,0,0,0,12.0625,
aeqkad_nu0.2,window,full,fidelity,False,True,16,0.2,25,0,False,iid,0.1,0,s028,3,12.0,4.67391304347826,10.0,16.0,56,36,36,0,0,6,0.72,10.359375,47,11,0,0,0,2652,256,16,0,0,0,14.4375,
aeqkad_nu0.2,window,full,fidelity,False,True,16,0.2,25,0,False,iid,0.1,0,s028,4,10.25,0.0,16.0,17.5,56,41,41,0,0,6,0.82,10.15625,44,3,0,0,0,2600,256,16,0,0,0,11.625,
aeqkad_nu0.2,window,full,fidelity,False,True,16,0.2,25,0,False,iid,0.1,0,s028,5,16.500000000000004,4.67391304347826,18.0,15.0,56,34,34,0,0,6,0.68,11.2578125,42,8,0,0,0,2882,256,16,0,0,0,9.8125,
aeqkad_nu0.2,window,full,fidelity,False,True,16,0.2,25,0,False,iid,0.1,0,s028,6,19.75,0.0,14.000000000000002,24.5,56,40,40,0,0,6,0.8,12.88671875,43,3,0,0,0,3299,256,16,0,0,0,11.6875,
aeqkad_nu0.2,window,full,fidelity,False,True,16,0.2,25,0,False,iid,0.1,0,s028,7,14.000000000000002,0.0,12.0,19.5,56,40,40,0,0,6,0.8,11.49609375,46,6,0,0,0,2943,256,16,0,0,0,12.3125,
aeqkad_nu0.2,window,full,fidelity,False,True,16,0.2,25,0,False,iid,0.1,0,s028,8,12.75,4.67391304347826,14.000000000000002,15.5,56,36,36,0,0,6,0.72,10.80859375,43,6,0,0,1,2767,256,16,0,0,0,9.8125,4.0
aeqkad_nu0.2,window,full,fidelity,False,True,16,0.2,25,0,False,iid,0.1,1,s028,2,8.249999999999998,0.0,2.0,46.5,56,45,45,0,0,6,0.9,13.12109375,51,6,0,0,0,3359,256,16,0,0,0,9.9375,
aeqkad_nu0.2,window,full,fidelity,False,True,16,0.2,25,0,False,iid,0.1,1,s028,3,13.5,2.5,8.0,35.0,56,39,38,1,0,6,0.76,11.078125,47,7,0,0,1,2836,256,16,0,0,0,12.0,
aeqkad_nu0.2,window,full,fidelity,False,True,16,0.2,25,0,False,iid,0.1,1,s028,4,20.5,0.0,16.0,21.0,56,41,41,0,0,6,0.82,10.29296875,43,2,0,0,0,2635,256,16,0,0,0,11.4375,
aeqkad_nu0.2,window,full,fidelity,False,True,16,0.2,25,0,False,iid,0.1,1,s028,5,16.500000000000004,4.67391304347826,16.0,26.5,56,35,35,0,0,6,0.7,11.2734375,44,9,0,0,0,2886,256,16,0,0,0,11.25,
aeqkad_nu0.2,window,full,fidelity,False,True,16,0.2,25,0,False,iid,0.1,1,s028,6,14.000000000000002,0.0,12.0,40.0,56,41,40,1,0,6,0.8,12.98046875,48,7,0,0,0,3323,256,16,0,0,0,11.5,
aeqkad_nu0.2,window,full,fidelity,False,True,16,0.2,25,0,False,iid,0.1,1,s028,7,13.0,1.25,12.0,33.0,56,41,41,0,0,6,0.82,11.61328125,46,5,0,0,0,2973,256,16,0,0,0,11.75,
aeqkad_nu0.2,window,full,fidelity,False,True,16,0.2,25,0,False,iid,0.1,1,s028,8,11.75,4.67391304347826,14.000000000000002,21.5,56,37,37,0,0,6,0.74,11.12109375,46,8,0,0,1,2847,256,16,0,0,0,11.8125,26.0
aeqkad_nu0.2,window,full,fidelity,False,True,16,0.2,25,0,False,iid,0.1,2,s028,2,8.249999999999998,6.847826086956524,4.0,32.5,56,44,44,0,0,6,0.88,12.63671875,50,6,0,0,0,3235,256,16,0,0,0,9.1875,
aeqkad_nu0.2,window,full,fidelity,False,True,16,0.2,25,0,False,iid,0.1,2,s028,3,13.25,5.760869565217389,10.0,19.5,56,38,37,1,0,6,0.74,10.71875,48,10,0,0,0,2744,256,16,0,0,1,11.8125,
aeqkad_nu0.2,window,full,fidelity,False,True,16,0.2,25,0,False,iid,0.1,2,s028,4,22.25,3.423913043478259,16.0,14.000000000000002,56,41,41,0,0,6,0.82,10.08203125,44,3,0,0,0,2581,256,16,0,0,0,12.0,
aeqkad_nu0.2,window,full,fidelity,False,True,16,0.2,25,0,False,iid,0.1,2,s028,5,18.250000000000004,3.423913043478259,18.0,15.0,56,34,34,0,0,6,0.68,10.84765625,42,8,0,0,0,2777,256,16,0,0,0,10.375,
aeqkad_nu0.2,window,full,fidelity,False,True,16,0.2,25,0,False,iid,0.1,2,s028,6,19.0,1.25,16.0,22.0,56,40,40,0,0,6,0.8,12.77734375,45,5,0,0,0,3271,256,16,0,0,0,11.0,
aeqkad_nu0.2,window,full,fidelity,False,True,16,0.2,25,0,False,iid,0.1,2,s028,7,13.0,0.0,14.000000000000002,21.5,56,40,40,0,0,6,0.8,11.2578125,43,3,0,0,0,2882,256,16,0,0,0,12.1875,
aeqkad_nu0.2,window,full,fidelity,False,True,16,0.2,25,0,False,iid,0.1,2,s028,8,11.75,3.423913043478259,14.000000000000002,15.5,56,39,38,1,0,6,0.76,10.89453125,44,5,0,0,0,2789,256,16,0,0,1,8.8125,14.000000000000002
window_nu0.1,window,none,fidelity,False,True,16,0.1,25,0,False,iid,0.1,0,s029,2,14.500000000000002,4.67391304347826,0.0,52.0,56,54,50,4,0,6,1.0,13.984375,0,0,0,0,0,3580,256,16,0,0,1,9.125,
window_nu0.1,window,none,fidelity,False,True,16,0.1,25,0,False,iid,0.1,0,s029,3,11.249999999999998,0.0,4.0,47.5,56,51,48,3,0,6,0.96,13.90234375,0,0,0,0,0,3559,256,16,0,0,1,8.0625,
window_nu0.1,window,none,fidelity,False,True,16,0.1,25,0,False,iid,0.1,0,s029,4,12.25,1.25,2.0,45.5,56,50,49,1,0,6,0.98,12.84765625,0,0,0,0,0,3289,256,16,0,0,0,8.8125,
window_nu0.1,window,none,fidelity,False,True,16,0.1,25,0,False,iid,0.1,0,s029,5,15.250000000000002,2.33695652173913,6.0,47.5,56,52,47,5,0,6,0.94,11.17578125,0,0,0,0,0,2861,256,16,0,0,1,8.25,
window_nu0.1,window,none,fidelity,False,True,16,0.1,25,0,False,iid,0.1,0,s029,6,18.750000000000004,4.67391304347826,10.0,49.5,56,48,45,3,0,6,0.9,12.08984375,0,0,0,0,0,3095,256,16,0,0,1,7.8125,
window_nu0.1,window,none,fidelity,False,True,16,0.1,25,0,False,iid,0.1,0,s029,7,9.75,5.760869565217389,8.0,43.5,56,48,46,2,0,6,0.92,11.8515625,0,0,0,0,0,3034,256,16,0,0,1,8.1875,
window_nu0.1,window,none,fidelity,False,True,16,0.1,25,0,False,iid,0.1,0,s029,8,19.499999999999996,9.184782608695654,10.0,57.49999999999999,56,47,45,2,0,6,0.9,13.5078125,0,0,0,0,0,3458,256,16,0,0,0,9.1875,36.0
window_nu0.1,window,none,fidelity,False,True,16,0.1,25,0,False,iid,0.1,1,s029,2,13.5,3.423913043478259,0.0,51.5,56,53,50,3,0,6,1.0,13.83203125,0,0,0,0,0,3541,256,16,0,0,2,8.0,
window_nu0.1,window,none,fidelity,False,True,16,0.1,25,0,False,iid,0.1,1,s029,3,14.500000000000002,3.423913043478259,4.0,54.50000000000001,56,49,48,1,0,6,0.96,13.65234375,0,0,0,0,0,3495,256,16,0,0,0,9.0,
window_nu0.1,window,none,fidelity,False,True,16,0.1,25,0,False,iid,0.1,1,s029,4,13.750000000000002,0.0,2.0,45.5,56,51,49,2,0,6,0.98,12.8828125,0,0,0,0,0,3298,256,16,0,0,0,8.6875,
window_nu0.1,window,none,fidelity,False,True,16,0.1,25,0,False,iid,0.1,1,s029,5,17.0,4.67391304347826,10.0,48.5,56,46,45,1,0,6,0.9,10.12890625,0,0,0,0,0,2593,256,16,0,0,1,9.125,
window_nu0.1,window,none,fidelity,False,True,16,0.1,25,0,False,iid,0.1,1,s029,6,18.000000000000004,4.67391304347826,10.0,39.0,56,46,45,1,0,6,0.9,11.9296875,0,0,0,0,0,3054,256,16,0,0,1,7.8125,
window_nu0.1,window,none,fidelity,False,True,16,0.1,25,0,False,iid,0.1,1,s029,7,13.5,1.25,10.0,41.0,56,47,45,2,0,6,0.9,11.78125,0,0,0,0,0,3016,256,16,0,0,1,10.125,
window_nu0.1,window,none,fidelity,False,True,16,0.1,25,0,False,iid,0.1,1,s029,8,21.499999999999996,10.434782608695654,8.0,53.0,56,48,46,2,0,6,0.92,13.41796875,0,0,0,0,0,3435,256,16,0,0,0,9.8125,60.0
window_nu0.1,window,none,fidelity,False,True,16,0.1,25,0,False,iid,0.1,2,s029,2,13.25,4.67391304347826,0.0,60.0,56,54,50,4,0,6,1.0,13.984375,0,0,0,0,0,3580,256,16,0,0,0,7.875,
window_nu0.1,window,none,fidelity,False,True,16,0.1,25,0,False,iid,0.1,2,s029,3,12.0,1.25,4.0,50.0,56,51,48,3,0,6,0.96,13.62109375,0,0,0,0,0,3487,256,16,0,0,2,8.4375,
window_nu0.1,window,none,fidelity,False,True,16,0.1,25,0,False,iid,0.1,2,s029,4,13.750000000000002,3.423913043478259,2.0,55.00000000000001,56,52,49,3,0,6,0.98,12.7734375,0,0,0,0,0,3270,256,16,0,0,2,8.75,
window_nu0.1,window,none,fidelity,False,True,16,0.1,25,0,False,iid,0.1,2,s029,5,17.0,3.423913043478259,12.0,50.0,56,45,44,1,0,6,0.88,9.94140625,0,0,0,0,0,2545,256,16,0,0,1,11.0,
window_nu0.1,window,none,fidelity,False,True,16,0.1,25,0,False,iid,0.1,2,s029,6,18.000000000000004,4.67391304347826,8.0,57.49999999999999,56,51,46,5,0,6,0.92,12.95703125,0,0,0,0,0,3317,256,16,0,0,1,7.8125,
window_nu0.1,window,none,fidelity,False,True,16,0.1,25,0,False,iid,0.1,2,s029,7,11.0,8.097826086956525,8.0,43.0,56,49,46,3,0,6,0.92,12.14453125,0,0,0,0,0,3109,256,16,0,0,1,9.625,
window_nu0.1,window,none,fidelity,False,True,16,0.1,25,0,False,iid,0.1,2,s029,8,18.749999999999996,11.684782608695654,6.0,55.50000000000001,56,51,47,4,0,6,0.94,13.78515625,0,0,0,0,0,3529,256,16,0,0,1,8.625,57.99999999999999
window_nu0.2,window,none,fidelity,False,True,16,0.2,25,0,False,iid,0.1,0,s029,2,14.500000000000002,4.67391304347826,0.0,52.0,56,54,50,4,0,6,1.0,13.984375,0,0,0,0,0,3580,256,16,0,0,1,9.125,
window_nu0.2,window,none,fidelity,False,True,16,0.2,25,0,False,iid,0.1,0,s029,3,11.249999999999998,0.0,4.0,47.5,56,51,48,3,0,6,0.96,13.92578125,0,0,0,0,0,3565,256,16,0,0,1,8.0625,
window_nu0.2,window,none,fidelity,False,True,16,0.2,25,0,False,iid,0.1,0,s029,4,12.25,1.25,2.0,45.5,56,50,49,1,0,6,0.98,12.87109375,0,0,0,0,0,3295,256,16,0,0,0,8.8125,
window_nu0.2,window,none,fidelity,False,True,16,0.2,25,0,False,iid,0.1,0,s029,5,15.250000000000002,2.33695652173913,6.0,47.5,56,52,47,5,0,6,0.94,11.203125,0,0,0,0,0,2868,256,16,0,0,1,8.25,
window_nu0.2,window,none,fidelity,False,True,16,0.2,25,0,False,iid,0.1,0,s029,6,18.750000000000004,4.67391304347826,10.0,49.5,56,48,45,3,0,6,0.9,12.109375,0,0,0,0,0,3100,256,16,0,0,1,7.8125,
window_nu0.2,window,none,fidelity,False,True,16,0.2,25,0,False,iid,0.1,0,s029,7,9.75,5.760869565217389,8.0,43.5,56,48,46,2,0,6,0.92,11.8515625,0,0,0,0,0,3034,256,16,0,0,1,8.1875,
window_nu0.2,window,none,fidelity,False,True,16,0.2,25,0,False,iid,0.1,0,s029,8,19.499999999999996,9.184782608695654,10.0,57.49999999999999,56,47,45,2,0,6,0.9,13.58203125,0,0,0,0,0,3477,256,16,0,0,0,9.1875,36.0
window_nu0.2,window,none,fidelity,False,True,16,0.2,25,0,False,iid,0.1,1,s029,2,13.5,3.423913043478259,0.0,51.5,56,53,50,3,0,6,1.0,13.8359375,0,0,0,0,0,3542,256,16,0,0,2,8.0,
window_nu0.2,window,none,fidelity,False,True,16,0.2,25,0,False,iid,0.1,1,s029,3,14.500000000000002,3.423913043478259,4.0,54.50000000000001,56,49,48,1,0,6,0.96,13.67578125,0,0,0,0,0,3501,256,16,0,0,0,9.0,
window_nu0.2,window,none,fidelity,False,True,16,0.2,25,0,False,iid,0.1,1,s029,4,13.750000000000002,0.0,2.0,45.5,56,51,49,2,0,6,0.98,12.93359375,0,0,0,0,0,3311,256,16,0,0,0,8.6875,
window_nu0.2,window,none,fidelity,False,True,16,0.2,25,0,False,iid,0.1,1,s029,5,17.0,4.67391304347826,10.0,48.5,56,46,45,1,0,6,0.9,10.13671875,0,0,0,0,0,2595,256,16,0,0,1,9.125,
window_nu0.2,window,none,fidelity,False,True,16,0.2,25,0,False,iid,0.1,1,s029,6,18.000000000000004,4.67391304347826,10.0,39.0,56,46,45,1,0,6,0.9,11.9296875,0,0,0,0,0,3054,256,16,0,0,1,7.8125,
window_nu0.2,window,none,fidelity,False,True,16,0.2,25,0,False,iid,0.1,1,s029,7,13.5,1.25,10.0,41.0,56,47,45,2,0,6,0.9,11.78125,0,0,0,0,0,3016,256,16,0,0,1,10.125,
window_nu0.2,window,none,fidelity,False,True,16,0.2,25,0,False,iid,0.1,1,s029,8,21.499999999999996,10.434782608695654,8.0,53.0,56,48,46,2,0,6,0.92,13.41796875,0,0,0,0,0,3435,256,16,0,0,0,9.8125,60.0
window_nu0.2,window,none,fidelity,False,True,16,0.2,25,0,False,iid,0.1,2,s029,2,13.25,4.67391304347826,0.0,60.0,56,54,50,4,0,6,1.0,13.96484375,0,0,0,0,0,3575,256,16,0,0,0,7.875,
window_nu0.2,window,none,fidelity,False,True,16,0.2,25,0,False,iid,0.1,2,s029,3,12.0,1.25,4.0,50.0,56,51,48,3,0,6,0.96,13.671875,0,0,0,0,0,3500,256,16,0,0,2,8.4375,
window_nu0.2,window,none,fidelity,False,True,16,0.2,25,0,False,iid,0.1,2,s029,4,13.750000000000002,3.423913043478259,2.0,55.00000000000001,56,52,49,3,0,6,0.98,12.796875,0,0,0,0,0,3276,256,16,0,0,2,8.75,
window_nu0.2,window,none,fidelity,False,True,16,0.2,25,0,False,iid,0.1,2,s029,5,17.0,3.423913043478259,12.0,50.0,56,45,44,1,0,6,0.88,9.890625,0,0,0,0,0,2532,256,16,0,0,1,11.0,
window_nu0.2,window,none,fidelity,False,True,16,0.2,25,0,False,iid,0.1,2,s029,6,18.000000000000004,4.67391304347826,8.0,57.49999999999999,56,51,46,5,0,6,0.92,12.953125,0,0,0,0,0,3316,256,16,0,0,1,7.8125,
window_nu0.2,window,none,fidelity,False,True,16,0.2,25,0,False,iid,0.1,2,s029,7,11.0,8.097826086956525,8.0,43.0,56,49,46,3,0,6,0.92,12.14453125,0,0,0,0,0,3109,256,16,0,0,1,9.625,
window_nu0.2,window,none,fidelity,False,True,16,0.2,25,0,False,iid,0.1,2,s029,8,18.749999999999996,11.684782608695654,6.0,55.50000000000001,56,51,47,4,0,6,0.94,13.83203125,0,0,0,0,0,3541,256,16,0,0,1,8.625,57.99999999999999
aeqkad_nu0.1,window,full,fidelity,False,True,16,0.1,25,0,False,iid,0.1,0,s029,2,13.5,2.33695652173913,2.0,46.0,56,46,44,2,0,6,0.88,13.5078125,53,7,0,0,0,3458,256,16,0,0,1,10.0625,
aeqkad_nu0.1,window,full,fidelity,False,True,16,0.1,25,0,False,iid,0.1,0,s029,3,11.75,3.423913043478259,6.0,42.0,56,46,45,1,0,6,0.9,13.390625,51,3,0,0,2,3428,256,16,0,0,0,9.5,
aeqkad_nu0.1,window,full,fidelity,False,True,16,0.1,25,0,False,iid,0.1,0,s029,4,14.250000000000002,1.25,2.0,42.5,56,44,44,0,0,6,0.88,12.0,50,5,0,0,1,3072,256,16,0,0,0,11.125,
aeqkad_nu0.1,window,full,fidelity,False,True,16,0.1,25,0,False,iid,0.1,0,s029,5,18.250000000000004,2.33695652173913,12.0,39.0,56,41,40,1,0,6,0.8,9.16796875,48,5,0,0,2,2347,256,16,0,0,0,11.5,
aeqkad_nu0.1,window,full,fidelity,False,True,16,0.1,25,0,False,iid,0.1,0,s029,6,17.000000000000004,4.67391304347826,12.0,32.5,56,39,39,0,0,6,0.78,10.25,45,5,0,0,1,2624,256,16,0,0,0,9.875,
aeqkad_nu0.1,window,full,fidelity,False,True,16,0.1,25,0,False,iid,0.1,0,s029,7,10.75,5.760869565217389,10.0,35.0,56,44,44,0,0,6,0.88,10.7421875,47,3,0,0,0,2750,256,16,0,0,0,8.5,
aeqkad_nu0.1,window,full,fidelity,False,True,16,0.1,25,0,False,iid,0.1,0,s029,8,20.999999999999996,10.434782608695654,10.0,46.5,56,40,39,1,0,6,0.78,12.8203125,48,7,0,0,1,3282,256,16,0,0,0,10.4375,44.0
aeqkad_nu0.1,window,full,fidelity,False,True,16,0.1,25,0,False,iid,0.1,1,s029,2,14.500000000000002,4.67391304347826,2.0,47.5,56,45,44,1,0,6,0.88,13.07421875,52,7,0,0,0,3347,256,16,0,0,1,9.25,
aeqkad_nu0.1,window,full,fidelity,False,True,16,0.1,25,0,False,iid,0.1,1,s029,3,16.250000000000004,1.25,6.0,51.0,56,44,43,1,0,6,0.86,13.66015625,49,4,0,0,1,3497,256,16,0,0,0,10.125,
aeqkad_nu0.1,window,full,fidelity,False,True,16,0.1,25,0,False,iid,0.1,1,s029,4,13.750000000000002,0.0,2.0,44.0,56,44,44,0,0,6,0.88,11.828125,50,4,0,0,2,3028,256,16,0,0,0,10.875,
aeqkad_nu0.1,window,full,fidelity,False,True,16,0.1,25,0,False,iid,0.1,1,s029,5,18.000000000000004,1.0869565217391297,12.0,38.5,56,39,39,0,0,6,0.78,8.8046875,45,4,0,0,2,2254,256,16,0,0,0,13.6875,
aeqkad_nu0.1,window,full,fidelity,False,True,16,0.1,25,0,False,iid,0.1,1,s029,6,19.5,3.423913043478259,14.000000000000002,30.5,56,39,39,0,0,6,0.78,10.1875,43,3,0,0,1,2608,256,16,0,0,0,10.25,
aeqkad_nu0.1,window,full,fidelity,False,True,16,0.1,25,0,False,iid,0.1,1,s029,7,11.249999999999998,1.25,10.0,39.5,56,45,44,1,0,6,0.88,11.08984375,47,2,0,0,0,2839,256,16,0,0,0,11.375,
aeqkad_nu0.1,window,full,fidelity,False,True,16,0.1,25,0,False,iid,0.1,1,s029,8,17.500000000000004,10.434782608695654,10.0,42.0,56,39,39,0,0,6,0.78,12.5390625,45,5,0,0,1,3210,256,16,0,0,0,11.0,57.99999999999999
aeqkad_nu0.1,window,full,fidelity,False,True,16,0.1,25,0,False,iid,0.1,2,s029,2,12.25,1.0869565217391297,2.0,54.0,56,42,42,0,0,6,0.84,12.94140625,53,11,0,0,0,3313,256,16,0,0,0,9.6875,
aeqkad_nu0.1,window,full,fidelity,False,True,16,0.1,25,0,False,iid,0.1,2,s029,3,14.250000000000002,1.25,4.0,46.0,56,42,42,0,0,6,0.84,12.08984375,51,9,0,0,0,3095,256,16,0,0,0,11.6875,
aeqkad_nu0.1,window,full,fidelity,False,True,16,0.1,25,0,False,iid,0.1,2,s029,4,14.750000000000002,1.0869565217391297,2.0,45.0,56,42,42,0,0,6,0.84,11.9296875,52,9,0,0,1,3054,256,16,0,0,0,12.0,
aeqkad_nu0.1,window,full,fidelity,False,True,16,0.1,25,0,False,iid,0.1,2,s029,5,16.500000000000004,4.67391304347826,12.0,39.0,56,40,40,0,0,6,0.8,8.9453125,45,5,0,0,0,2290,256,16,0,0,0,14.6875,
aeqkad_nu0.1,window,full,fidelity,False,True,16,0.1,25,0,False,iid,0.1,2,s029,6,17.250000000000004,4.67391304347826,12.0,38.0,56,39,39,0,0,6,0.78,10.390625,45,6,0,0,0,2660,256,16,0,0,0,10.25,
aeqkad_nu0.1,window,full,fidelity,False,True,16,0.1,25,0,False,iid,0.1,2,s029,7,11.0,2.5,10.0,34.5,56,45,44,1,0,6,0.88,11.40234375,48,3,0,0,0,2919,256,16,0,0,1,9.625,
aeqkad_nu0.1,window,full,fidelity,False,True,16,0.1,25,0,False,iid,0.1,2,s029,8,18.250000000000004,11.684782608695654,8.0,42.0,56,39,39,0,0,6,0.78,12.69921875,50,10,0,0,1,3251,256,16,0,0,0,10.5,52.0
aeqkad_nu0.2,window,full,fidelity,False,True,16,0.2,25,0,False,iid,0.1,0,s029,2,13.5,2.33695652173913,2.0,46.0,56,46,44,2,0,6,0.88,13.4609375,53,7,0,0,0,3446,256,16,0,0,1,10.0625,
aeqkad_nu0.2,window,full,fidelity,False,True,16,0.2,25,0,False,iid,0.1,0,s029,3,11.75,3.423913043478259,6.0,42.0,56,46,45,1,0,6,0.9,13.390625,51,3,0,0,2,3428,256,16,0,0,0,9.5,
aeqkad_nu0.2,window,full,fidelity,False,True,16,0.2,25,0,False,iid,0.1,0,s029,4,14.250000000000002,1.25,2.0,42.5,56,44,44,0,0,6,0.88,11.9765625,50,5,0,0,1,3066,256,16,0,0,0,11.125,
aeqkad_nu0.2,window,full,fidelity,False,True,16,0.2,25,0,False,iid,0.1,0,s029,5,18.250000000000004,2.33695652173913,12.0,39.0,56,41,40,1,0,6,0.8,9.19140625,48,5,0,0,2,2353,256,16,0,0,0,11.5,
aeqkad_nu0.2,window,full,fidelity,False,True,16,0.2,25,0,False,iid,0.1,0,s029,6,17.000000000000004,4.67391304347826,12.0,32.5,56,39,39,0,0,6,0.78,10.30078125,45,5,0,0,1,2637,256,16,0,0,0,9.875,
aeqkad_nu0.2,window,full,fidelity,False,True,16,0.2,25,0,False,iid,0.1,0,s029,7,10.75,5.760869565217389,10.0,35.0,56,44,44,0,0,6,0.88,10.765625,47,3,0,0,0,2756,256,16,0,0,0,8.5,
aeqkad_nu0.2,window,full,fidelity,False,True,16,0.2,25,0,False,iid,0.1,0,s029,8,20.999999999999996,10.434782608695654,10.0,46.5,56,40,39,1,0,6,0.78,12.84375,48,7,0,0,1,3288,256,16,0,0,0,10.4375,44.0
aeqkad_nu0.2,window,full,fidelity,False,True,16,0.2,25,0,False,iid,0.1,1,s029,2,14.500000000000002,4.67391304347826,2.0,47.5,56,45,44,1,0,6,0.88,13.1484375,52,7,0,0,0,3366,256,16,0,0,1,9.25,
aeqkad_nu0.2,window,full,fidelity,False,True,16,0.2,25,0,False,iid,0.1,1,s029,3,16.250000000000004,1.25,6.0,51.0,56,44,43,1,0,6,0.86,13.66796875,49,4,0,0,1,3499,256,16,0,0,0,10.125,
aeqkad_nu0.2,window,full,fidelity,False,True,16,0.2,25,0,False,iid,0.1,1,s029,4,13.750000000000002,0.0,2.0,44.0,56,44,44,0,0,6,0.88,11.8046875,50,4,0,0,2,3022,256,16,0,0,0,10.875,
aeqkad_nu0.2,window,full,fidelity,False,True,16,0.2,25,0,False,iid,0.1,1,s029,5,18.000000000000004,1.0869565217391297,12.0,38.5,56,39,39,0,0,6,0.78,8.8046875,45,4,0,0,2,2254,256,16,0,0,0,13.6875,
aeqkad_nu0.2,window,full,fidelity,False,True,16,0.2,25,0,False,iid,0.1,1,s029,6,19.25,3.423913043478259,14.000000000000002,30.5,56,39,39,0,0,6,0.78,10.1875,43,3,0,0,1,2608,256,16,0,0,0,10.25,
aeqkad_nu0.2,window,full,fidelity,False,True,16,0.2,25,0,False,iid,0.1,1,s029,7,11.249999999999998,1.25,10.0,39.5,56,45,44,1,0,6,0.88,11.08984375,47,2,0,0,0,2839,256,16,0,0,0,11.375,
aeqkad_nu0.2,window,full,fidelity,False,True,16,0.2,25,0,False,iid,0.1,1,s029,8,17.500000000000004,10.434782608695654,10.0,41.5,56,39,39,0,0,6,0.78,12.5390625,45,5,0,0,1,3210,256,16,0,0,0,11.0,57.99999999999999
aeqkad_nu0.2,window,full,fidelity,False,True,16,0.2,25,0,False,iid,0.1,2,s029,2,12.25,1.0869565217391297,2.0,54.50000000000001,56,42,42,0,0,6,0.84,12.91796875,53,11,0,0,0,3307,256,16,0,0,0,9.6875,
aeqkad_nu0.2,window,full,fidelity,False,True,16,0.2,25,0,False,iid,0.1,2,s029,3,14.250000000000002,1.25,4.0,46.0,56,42,42,0,0,6,0.84,12.11328125,51,9,0,0,0,3101,256,16,0,0,0,11.6875,
aeqkad_nu0.2,window,full,fidelity,False,True,16,0.2,25,0,False,iid,0.1,2,s029,4,14.750000000000002,1.0869565217391297,2.0,45.0,56,42,42,0,0,6,0.84,11.98046875,52,9,0,0,1,3067,256,16,0,0,0,12.0,
aeqkad_nu0.2,window,full,fidelity,False,True,16,0.2,25,0,False,iid,0.1,2,s029,5,16.500000000000004,4.67391304347826,12.0,39.0,56,40,40,0,0,6,0.8,8.9453125,45,5,0,0,0,2290,256,16,0,0,0,14.6875,
aeqkad_nu0.2,window,full,fidelity,False,True,16,0.2,25,0,False,iid,0.1,2,s029,6,17.250000000000004,4.67391304347826,12.0,38.0,56,39,39,0,0,6,0.78,10.390625,45,6,0,0,0,2660,256,16,0,0,0,10.25,
aeqkad_nu0.2,window,full,fidelity,False,True,16,0.2,25,0,False,iid,0.1,2,s029,7,11.0,2.5,10.0,34.5,56,45,44,1,0,6,0.88,11.40234375,48,3,0,0,0,2919,256,16,0,0,1,9.625,
aeqkad_nu0.2,window,full,fidelity,False,True,16,0.2,25,0,False,iid,0.1,2,s029,8,18.250000000000004,11.684782608695654,8.0,42.0,56,39,39,0,0,6,0.78,12.69921875,50,10,0,0,1,3251,256,16,0,0,0,10.5,52.0
window_nu0.1,window,none,fidelity,False,True,16,0.1,25,0,False,iid,0.1,0,s030,2,17.750000000000004,11.521739130434785,4.0,68.0,56,53,48,5,0,6,0.96,12.56640625,0,0,0,0,0,3217,256,16,0,0,0,7.5,
window_nu0.1,window,none,fidelity,False,True,16,0.1,25,0,False,iid,0.1,0,s030,3,16.250000000000004,3.423913043478259,8.0,35.5,56,47,46,1,0,6,0.92,11.765625,0,0,0,0,0,3012,256,16,0,0,0,8.4375,
window_nu0.1,window,none,fidelity,False,True,16,0.1,25,0,False,iid,0.1,0,s030,4,15.000000000000002,4.67391304347826,6.0,48.0,56,52,47,5,0,6,0.94,10.69140625,0,0,0,0,0,2737,256,16,0,0,2,7.5,
window_nu0.1,window,none,fidelity,False,True,16,0.1,25,0,False,iid,0.1,0,s030,5,17.750000000000004,7.01086956521739,6.0,77.0,56,52,47,5,0,6,0.94,9.859375,0,0,0,0,0,2524,256,16,0,0,1,8.5,
window_nu0.1,window,none,fidelity,False,True,16,0.1,25,0,False,iid,0.1,0,s030,6,17.0,8.260869565217389,4.0,57.99999999999999,56,51,48,3,0,6,0.96,9.75,0,0,0,0,0,2496,256,16,0,0,0,8.5,
window_nu0.1,window,none,fidelity,False,True,16,0.1,25,0,False,iid,0.1,0,s030,7,10.0,2.33695652173913,14.000000000000002,24.5,56,43,43,0,0,6,0.86,7.52734375,0,0,0,0,0,1927,256,16,0,0,0,8.4375,
window_nu0.1,window,none,fidelity,False,True,16,0.1,25,0,False,iid,0.1,0,s030,8,11.5,0.0,4.0,27.0,56,49,48,1,0,6,0.96,8.0,0,0,0,0,0,2048,256,16,0,0,0,9.1875,64.0
window_nu0.1,window,none,fidelity,False,True,16,0.1,25,0,False,iid,0.1,1,s030,2,22.249999999999996,10.434782608695654,0.0,72.0,56,53,50,3,0,6,1.0,12.5703125,0,0,0,0,0,3218,256,16,0,0,1,9.1875,
window_nu0.1,window,none,fidelity,False,True,16,0.1,25,0,False,iid,0.1,1,s030,3,28.000000000000004,6.847826086956524,8.0,62.0,56,49,46,3,0,6,0.92,11.87109375,0,0,0,0,0,3039,256,16,0,0,0,8.625,
window_nu0.1,window,none,fidelity,False,True,16,0.1,25,0,False,iid,0.1,1,s030,4,12.75,4.67391304347826,6.0,45.0,56,50,47,3,0,6,0.94,10.30859375,0,0,0,0,0,2639,256,16,0,0,1,7.5,
window_nu0.1,window,none,fidelity,False,True,16,0.1,25,0,False,iid,0.1,1,s030,5,17.500000000000004,4.67391304347826,6.0,76.5,56,51,47,4,0,6,0.94,9.890625,0,0,0,0,0,2532,256,16,0,0,1,8.5,
window_nu0.1,window,none,fidelity,False,True,16,0.1,25,0,False,iid,0.1,1,s030,6,11.75,0.0,4.0,60.0,56,49,48,1,0,6,0.96,9.06640625,0,0,0,0,0,2321,256,16,0,0,0,7.625,
window_nu0.1,window,none,fidelity,False,True,16,0.1,25,0,False,iid,0.1,1,s030,7,14.750000000000002,7.01086956521739,12.0,46.5,56,47,44,3,0,6,0.88,8.2265625,0,0,0,0,0,2106,256,16,0,0,0,8.0625,
window_nu0.1,window,none,fidelity,False,True,16,0.1,25,0,False,iid,0.1,1,s030,8,8.75,0.0,4.0,24.0,56,51,48,3,0,6,0.96,8.12109375,0,0,0,0,0,2079,256,16,0,0,1,7.5,50.0
window_nu0.1,window,none,fidelity,False,True,16,0.1,25,0,False,iid,0.1,2,s030,2,19.499999999999996,7.01086956521739,0.0,72.0,56,55,50,5,0,6,1.0,12.73828125,0,0,0,0,0,3261,256,16,0,0,1,8.3125,
window_nu0.1,window,none,fidelity,False,True,16,0.1,25,0,False,iid,0.1,2,s030,3,14.500000000000002,3.423913043478259,6.0,32.0,56,48,47,1,0,6,0.94,11.65234375,0,0,0,0,0,2983,256,16,0,0,1,9.0625,
window_nu0.1,window,none,fidelity,False,True,16,0.1,25,0,False,iid,0.1,2,s030,4,15.750000000000004,4.67391304347826,6.0,54.0,56,52,47,5,0,6,0.94,10.65625,0,0,0,0,0,2728,256,16,0,0,1,7.5,
window_nu0.1,window,none,fidelity,False,True,16,0.1,25,0,False,iid,0.1,2,s030,5,12.0,1.25,6.0,71.5,56,50,47,3,0,6,0.94,9.5625,0,0,0,0,0,2448,256,16,0,0,0,9.1875,
window_nu0.1,window,none,fidelity,False,True,16,0.1,25,0,False,iid,0.1,2,s030,6,11.75,5.760869565217389,4.0,40.0,56,49,48,1,0,6,0.96,8.765625,0,0,0,0,0,2244,256,16,0,0,0,8.125,
window_nu0.1,window,none,fidelity,False,True,16,0.1,25,0,False,iid,0.1,2,s030,7,18.0,2.33695652173913,12.0,26.5,56,44,44,0,0,6,0.88,7.953125,0,0,0,0,0,2036,256,16,0,0,0,9.75,
window_nu0.1,window,none,fidelity,False,True,16,0.1,25,0,False,iid,0.1,2,s030,8,9.749999999999998,0.0,4.0,26.0,56,50,48,2,0,6,0.96,8.47265625,0,0,0,0,0,2169,256,16,0,0,1,7.75,2.0
window_nu0.2,window,none,fidelity,False,True,16,0.2,25,0,False,iid,0.1,0,s030,2,17.750000000000004,11.521739130434785,4.0,68.0,56,53,48,5,0,6,0.96,12.56640625,0,0,0,0,0,3217,256,16,0,0,0,7.5,
window_nu0.2,window,none,fidelity,False,True,16,0.2,25,0,False,iid,0.1,0,s030,3,16.250000000000004,3.423913043478259,8.0,35.5,56,47,46,1,0,6,0.92,11.7890625,0,0,0,0,0,3018,256,16,0,0,0,8.4375,
window_nu0.2,window,none,fidelity,False,True,16,0.2,25,0,False,iid,0.1,0,s030,4,15.000000000000002,4.67391304347826,6.0,48.0,56,52,47,5,0,6,0.94,10.71484375,0,0,0,0,0,2743,256,16,0,0,2,7.5,
window_nu0.2,window,none,fidelity,False,True,16,0.2,25,0,False,iid,0.1,0,s030,5,17.750000000000004,7.01086956521739,6.0,77.0,56,52,47,5,0,6,0.94,9.8828125,0,0,0,0,0,2530,256,16,0,0,1,8.5,
window_nu0.2,window,none,fidelity,False,True,16,0.2,25,0,False,iid,0.1,0,s030,6,17.0,8.260869565217389,4.0,57.99999999999999,56,51,48,3,0,6,0.96,9.7265625,0,0,0,0,0,2490,256,16,0,0,0,8.5,
window_nu0.2,window,none,fidelity,False,True,16,0.2,25,0,False,iid,0.1,0,s030,7,10.0,2.33695652173913,14.000000000000002,24.5,56,43,43,0,0,6,0.86,7.55078125,0,0,0,0,0,1933,256,16,0,0,0,8.4375,
window_nu0.2,window,none,fidelity,False,True,16,0.2,25,0,False,iid,0.1,0,s030,8,11.5,0.0,4.0,27.0,56,49,48,1,0,6,0.96,7.99609375,0,0,0,0,0,2047,256,16,0,0,0,9.1875,64.0
window_nu0.2,window,none,fidelity,False,True,16,0.2,25,0,False,iid,0.1,1,s030,2,22.249999999999996,10.434782608695654,0.0,72.0,56,53,50,3,0,6,1.0,12.50390625,0,0,0,0,0,3201,256,16,0,0,1,9.1875,
window_nu0.2,window,none,fidelity,False,True,16,0.2,25,0,False,iid,0.1,1,s030,3,29.25,6.847826086956524,8.0,62.0,56,49,46,3,0,6,0.92,11.89453125,0,0,0,0,0,3045,256,16,0,0,0,8.625,
window_nu0.2,window,none,fidelity,False,True,16,0.2,25,0,False,iid,0.1,1,s030,4,12.75,4.67391304347826,6.0,45.0,56,50,47,3,0,6,0.94,10.3359375,0,0,0,0,0,2646,256,16,0,0,1,7.5,
window_nu0.2,window,none,fidelity,False,True,16,0.2,25,0,False,iid,0.1,1,s030,5,17.500000000000004,4.67391304347826,6.0,76.5,56,51,47,4,0,6,0.94,9.890625,0,0,0,0,0,2532,256,16,0,0,1,8.5,
window_nu0.2,window,none,fidelity,False,True,16,0.2,25,0,False,iid,0.1,1,s030,6,11.75,0.0,4.0,60.0,56,49,48,1,0,6,0.96,9.08984375,0,0,0,0,0,2327,256,16,0,0,0,7.625,
window_nu0.2,window,none,fidelity,False,True,16,0.2,25,0,False,iid,0.1,1,s030,7,14.750000000000002,7.01086956521739,12.0,46.5,56,47,44,3,0,6,0.88,8.2734375,0,0,0,0,0,2118,256,16,0,0,0,8.0625,
window_nu0.2,window,none,fidelity,False,True,16,0.2,25,0,False,iid,0.1,1,s030,8,8.75,0.0,4.0,24.0,56,51,48,3,0,6,0.96,8.12890625,0,0,0,0,0,2081,256,16,0,0,1,7.5,50.0
window_nu0.2,window,none,fidelity,False,True,16,0.2,25,0,False,iid,0.1,2,s030,2,19.749999999999996,7.01086956521739,0.0,71.5,56,55,50,5,0,6,1.0,12.73828125,0,0,0,0,0,3261,256,16,0,0,1,8.3125,
window_nu0.2,window,none,fidelity,False,True,16,0.2,25,0,False,iid,0.1,2,s030,3,14.500000000000002,3.423913043478259,6.0,32.0,56,48,47,1,0,6,0.94,11.67578125,0,0,0,0,0,2989,256,16,0,0,1,9.0625,
window_nu0.2,window,none,fidelity,False,True,16,0.2,25,0,False,iid,0.1,2,s030,4,15.750000000000004,4.67391304347826,6.0,54.0,56,52,47,5,0,6,0.94,10.6796875,0,0,0,0,0,2734,256,16,0,0,1,7.5,
window_nu0.2,window,none,fidelity,False,True,16,0.2,25,0,False,iid,0.1,2,s030,5,12.0,1.25,6.0,71.5,56,50,47,3,0,6,0.94,9.5859375,0,0,0,0,0,2454,256,16,0,0,0,9.1875,
window_nu0.2,window,none,fidelity,False,True,16,0.2,25,0,False,iid,0.1,2,s030,6,11.75,5.760869565217389,4.0,40.0,56,49,48,1,0,6,0.96,8.765625,0,0,0,0,0,2244,256,16,0,0,0,8.125,
window_nu0.2,window,none,fidelity,False,True,16,0.2,25,0,False,iid,0.1,2,s030,7,18.0,2.33695652173913,12.0,26.5,56,44,44,0,0,6,0.88,7.94921875,0,0,0,0,0,2035,256,16,0,0,0,9.75,
window_nu0.2,window,none,fidelity,False,True,16,0.2,25,0,False,iid,0.1,2,s030,8,9.749999999999998,0.0,4.0,26.0,56,50,48,2,0,6,0.96,8.47265625,0,0,0,0,0,2169,256,16,0,0,1,7.75,2.0
aeqkad_nu0.1,window,full,fidelity,False,True,16,0.1,25,0,False,iid,0.1,0,s030,2,22.499999999999996,11.684782608695654,4.0,67.0,56,42,40,2,0,6,0.8,12.63671875,53,11,0,0,0,3235,256,16,0,0,0,10.0625,
aeqkad_nu0.1,window,full,fidelity,False,True,16,0.1,25,0,False,iid,0.1,0,s030,3,29.000000000000004,19.782608695652172,18.0,42.5,56,27,27,0,0,6,0.54,8.54296875,44,17,0,0,0,2187,256,16,0,0,0,10.5,
aeqkad_nu0.1,window,full,fidelity,False,True,16,0.1,25,0,False,iid,0.1,0,s030,4,16.750000000000004,5.760869565217389,10.0,45.0,56,42,40,2,0,6,0.8,9.0,50,8,0,0,0,2304,256,16,0,0,0,10.0625,
aeqkad_nu0.1,window,full,fidelity,False,True,16,0.1,25,0,False,iid,0.1,0,s030,5,13.750000000000002,2.5,6.0,59.5,56,45,44,1,0,6,0.88,8.38671875,51,6,0,0,0,2147,256,16,0,0,0,10.625,
aeqkad_nu0.1,window,full,fidelity,False,True,16,0.1,25,0,False,iid,0.1,0,s030,6,20.0,8.097826086956525,6.0,55.50000000000001,56,45,42,3,0,6,0.84,9.15625,50,5,0,0,0,2344,256,16,0,0,0,8.5,
aeqkad_nu0.1,window,full,fidelity,False,True,16,0.1,25,0,False,iid,0.1,0,s030,7,10.25,2.33695652173913,12.0,24.0,56,41,41,0,0,6,0.82,7.5625,45,4,0,0,0,1936,256,16,0,0,0,8.4375,
aeqkad_nu0.1,window,full,fidelity,False,True,16,0.1,25,0,False,iid,0.1,0,s030,8,9.0,0.0,4.0,22.0,56,43,43,0,0,6,0.86,7.53515625,49,5,0,0,1,1929,256,16,0,0,0,11.9375,62.0
aeqkad_nu0.1,window,full,fidelity,False,True,16,0.1,25,0,False,iid,0.1,1,s030,2,22.749999999999996,7.01086956521739,0.0,73.5,56,43,42,1,0,6,0.84,12.140625,53,10,0,0,0,3108,256,16,0,0,1,12.75,
aeqkad_nu0.1,window,full,fidelity,False,True,16,0.1,25,0,False,iid,0.1,1,s030,3,37.75,26.956521739130434,14.000000000000002,56.00000000000001,56,29,27,2,0,6,0.54,8.53515625,46,17,0,0,0,2185,256,16,0,0,0,10.875,
aeqkad_nu0.1,window,full,fidelity,False,True,16,0.1,25,0,False,iid,0.1,1,s030,4,20.0,10.434782608695654,8.0,42.5,56,42,40,2,0,6,0.8,8.71875,49,7,0,0,0,2232,256,16,0,0,0,9.1875,
aeqkad_nu0.1,window,full,fidelity,False,True,16,0.1,25,0,False,iid,0.1,1,s030,5,13.750000000000002,9.184782608695654,6.0,61.0,56,44,44,0,0,6,0.88,8.7890625,51,7,0,0,0,2250,256,16,0,0,0,10.625,
aeqkad_nu0.1,window,full,fidelity,False,True,16,0.1,25,0,False,iid,0.1,1,s030,6,13.750000000000002,3.260869565217389,6.0,47.0,56,43,43,0,0,6,0.86,8.1796875,48,5,0,0,0,2094,256,16,0,0,0,7.625,
aeqkad_nu0.1,window,full,fidelity,False,True,16,0.1,25,0,False,iid,0.1,1,s030,7,18.25,2.33695652173913,12.0,27.500000000000004,56,42,42,0,0,6,0.84,7.44140625,45,3,0,0,0,1905,256,16,0,0,0,8.1875,
aeqkad_nu0.1,window,full,fidelity,False,True,16,0.1,25,0,False,iid,0.1,1,s030,8,8.5,0.0,4.0,22.5,56,43,43,0,0,6,0.86,7.42578125,52,8,0,0,1,1901,256,16,0,0,0,10.6875,46.0
aeqkad_nu0.1,window,full,fidelity,False,True,16,0.1,25,0,False,iid,0.1,2,s030,2,24.0,10.434782608695654,0.0,69.5,56,45,43,2,0,6,0.86,11.76171875,55,10,0,0,0,3011,256,16,0,0,0,11.4375,
aeqkad_nu0.1,window,full,fidelity,False,True,16,0.1,25,0,False,iid,0.1,2,s030,3,20.0,12.771739130434783,10.0,35.0,56,34,34,0,0,6,0.68,9.37109375,46,12,0,0,0,2399,256,16,0,0,0,12.75,
aeqkad_nu0.1,window,full,fidelity,False,True,16,0.1,25,0,False,iid,0.1,2,s030,4,12.25,5.760869565217389,6.0,46.5,56,48,44,4,0,6,0.88,9.59375,52,3,0,0,1,2456,256,16,0,0,1,8.25,
aeqkad_nu0.1,window,full,fidelity,False,True,16,0.1,25,0,False,iid,0.1,2,s030,5,13.750000000000002,2.5,6.0,70.5,56,47,45,2,0,6,0.9,9.01171875,50,3,0,0,0,2307,256,16,0,0,0,10.5625,
aeqkad_nu0.1,window,full,fidelity,False,True,16,0.1,25,0,False,iid,0.1,2,s030,6,16.000000000000004,5.760869565217389,6.0,49.0,56,44,43,1,0,6,0.86,8.03125,49,5,0,0,0,2056,256,16,0,0,0,8.125,
aeqkad_nu0.1,window,full,fidelity,False,True,16,0.1,25,0,False,iid,0.1,2,s030,7,17.5,0.0,12.0,25.5,56,42,42,0,0,6,0.84,7.546875,44,2,0,0,0,1932,256,16,0,0,0,9.9375,
aeqkad_nu0.1,window,full,fidelity,False,True,16,0.1,25,0,False,iid,0.1,2,s030,8,9.0,0.0,4.0,19.5,56,42,42,0,0,6,0.84,7.5078125,50,6,0,0,2,1922,256,16,0,0,0,10.375,2.0
aeqkad_nu0.2,window,full,fidelity,False,True,16,0.2,25,0,False,iid,0.1,0,s030,2,22.499999999999996,11.684782608695654,4.0,67.0,56,42,40,2,0,6,0.8,12.640625,53,11,0,0,0,3236,256,16,0,0,0,10.0625,
aeqkad_nu0.2,window,full,fidelity,False,True,16,0.2,25,0,False,iid,0.1,0,s030,3,29.000000000000004,19.782608695652172,18.0,42.5,56,27,27,0,0,6,0.54,8.51953125,44,17,0,0,0,2181,256,16,0,0,0,10.5,
aeqkad_nu0.2,window,full,fidelity,False,True,16,0.2,25,0,False,iid,0.1,0,s030,4,16.750000000000004,5.760869565217389,10.0,45.0,56,42,40,2,0,6,0.8,9.0,50,8,0,0,0,2304,256,16,0,0,0,10.0625,
aeqkad_nu0.2,window,full,fidelity,False,True,16,0.2,25,0,False,iid,0.1,0,s030,5,13.750000000000002,2.5,6.0,59.5,56,45,44,1,0,6,0.88,8.359375,51,6,0,0,0,2140,256,16,0,0,0,10.625,
aeqkad_nu0.2,window,full,fidelity,False,True,16,0.2,25,0,False,iid,0.1,0,s030,6,20.0,8.097826086956525,6.0,55.50000000000001,56,45,42,3,0,6,0.84,9.1328125,50,5,0,0,0,2338,256,16,0,0,0,8.5,
aeqkad_nu0.2,window,full,fidelity,False,True,16,0.2,25,0,False,iid,0.1,0,s030,7,10.25,2.33695652173913,12.0,24.0,56,41,41,0,0,6,0.82,7.5390625,45,4,0,0,0,1930,256,16,0,0,0,8.4375,
aeqkad_nu0.2,window,full,fidelity,False,True,16,0.2,25,0,False,iid,0.1,0,s030,8,9.0,0.0,4.0,22.0,56,43,43,0,0,6,0.86,7.58203125,49,5,0,0,1,1941,256,16,0,0,0,11.9375,62.0
aeqkad_nu0.2,window,full,fidelity,False,True,16,0.2,25,0,False,iid,0.1,1,s030,2,22.749999999999996,7.01086956521739,0.0,73.5,56,43,42,1,0,6,0.84,12.1875,53,10,0,0,0,3120,256,16,0,0,1,12.75,
aeqkad_nu0.2,window,full,fidelity,False,True,16,0.2,25,0,False,iid,0.1,1,s030,3,37.75,26.956521739130434,14.000000000000002,56.00000000000001,56,29,27,2,0,6,0.54,8.53125,46,17,0,0,0,2184,256,16,0,0,0,10.875,
aeqkad_nu0.2,window,full,fidelity,False,True,16,0.2,25,0,False,iid,0.1,1,s030,4,20.0,10.434782608695654,8.0,42.5,56,42,40,2,0,6,0.8,8.71875,49,7,0,0,0,2232,256,16,0,0,0,9.1875,
aeqkad_nu0.2,window,full,fidelity,False,True,16,0.2,25,0,False,iid,0.1,1,s030,5,13.750000000000002,9.184782608695654,6.0,61.0,56,44,44,0,0,6,0.88,8.79296875,51,7,0,0,0,2251,256,16,0,0,0,10.625,
aeqkad_nu0.2,window,full,fidelity,False,True,16,0.2,25,0,False,iid,0.1,1,s030,6,13.750000000000002,3.260869565217389,6.0,47.0,56,43,43,0,0,6,0.86,8.1796875,48,5,0,0,0,2094,256,16,0,0,0,7.625,
aeqkad_nu0.2,window,full,fidelity,False,True,16,0.2,25,0,False,iid,0.1,1,s030,7,18.25,2.33695652173913,12.0,27.500000000000004,56,42,42,0,0,6,0.84,7.48828125,45,3,0,0,0,1917,256,16,0,0,0,8.1875,
aeqkad_nu0.2,window,full,fidelity,False,True,16,0.2,25,0,False,iid,0.1,1,s030,8,8.5,0.0,4.0,22.5,56,43,43,0,0,6,0.86,7.42578125,52,8,0,0,1,1901,256,16,0,0,0,10.6875,46.0
aeqkad_nu0.2,window,full,fidelity,False,True,16,0.2,25,0,False,iid,0.1,2,s030,2,24.0,10.434782608695654,0.0,69.5,56,45,43,2,0,6,0.86,11.76171875,55,10,0,0,0,3011,256,16,0,0,0,11.4375,
aeqkad_nu0.2,window,full,fidelity,False,True,16,0.2,25,0,False,iid,0.1,2,s030,3,20.0,12.771739130434783,10.0,35.0,56,34,34,0,0,6,0.68,9.37109375,46,12,0,0,0,2399,256,16,0,0,0,12.75,
aeqkad_nu0.2,window,full,fidelity,False,True,16,0.2,25,0,False,iid,0.1,2,s030,4,12.25,5.760869565217389,6.0,46.5,56,48,44,4,0,6,0.88,9.6171875,52,3,0,0,1,2462,256,16,0,0,1,8.25,
aeqkad_nu0.2,window,full,fidelity,False,True,16,0.2,25,0,False,iid,0.1,2,s030,5,13.750000000000002,2.5,6.0,70.5,56,47,45,2,0,6,0.9,9.06640625,50,3,0,0,0,2321,256,16,0,0,0,10.5625,
aeqkad_nu0.2,window,full,fidelity,False,True,16,0.2,25,0,False,iid,0.1,2,s030,6,16.000000000000004,5.760869565217389,6.0,49.0,56,44,43,1,0,6,0.86,8.0546875,49,5,0,0,0,2062,256,16,0,0,0,8.125,
aeqkad_nu0.2,window,full,fidelity,False,True,16,0.2,25,0,False,iid,0.1,2,s030,7,17.5,0.0,12.0,25.5,56,42,42,0,0,6,0.84,7.55078125,44,2,0,0,0,1933,256,16,0,0,0,9.9375,
aeqkad_nu0.2,window,full,fidelity,False,True,16,0.2,25,0,False,iid,0.1,2,s030,8,9.0,0.0,4.0,19.5,56,42,42,0,0,6,0.84,7.53125,50,6,0,0,2,1928,256,16,0,0,0,10.375,2.0
window_nu0.1,window,none,fidelity,False,True,16,0.1,25,0,False,iid,0.1,0,s031,2,31.75,17.445652173913043,14.000000000000002,64.0,56,48,43,5,0,6,0.86,14.70703125,0,0,0,0,0,3765,256,16,0,0,3,7.5625,
window_nu0.1,window,none,fidelity,False,True,16,0.1,25,0,False,iid,0.1,0,s031,3,26.0,17.445652173913043,14.000000000000002,57.49999999999999,56,46,43,3,0,6,0.86,15.15625,0,0,0,0,0,3880,256,16,0,0,0,10.5625,
window_nu0.1,window,none,fidelity,False,True,16,0.1,25,0,False,iid,0.1,0,s031,4,28.500000000000004,16.358695652173914,8.0,67.0,56,50,46,4,0,6,0.92,15.09375,0,0,0,0,0,3864,256,16,0,0,3,9.3125,
window_nu0.1,window,none,fidelity,False,True,16,0.1,25,0,False,iid,0.1,0,s031,5,28.000000000000004,7.01086956521739,10.0,57.49999999999999,56,47,45,2,0,6,0.9,13.46484375,0,0,0,0,0,3447,256,16,0,0,1,9.375,
window_nu0.1,window,none,fidelity,False,True,16,0.1,25,0,False,iid,0.1,0,s031,6,25.75,13.858695652173914,8.0,56.00000000000001,56,50,46,4,0,6,0.92,13.38671875,0,0,0,0,0,3427,256,16,0,0,3,9.375,
window_nu0.1,window,none,fidelity,False,True,16,0.1,25,0,False,iid,0.1,0,s031,7,28.000000000000004,16.358695652173914,6.0,60.5,56,50,47,3,0,6,0.94,13.79296875,0,0,0,0,0,3531,256,16,0,0,1,8.0,
window_nu0.1,window,none,fidelity,False,True,16,0.1,25,0,False,iid,0.1,0,s031,8,21.499999999999996,7.01086956521739,8.0,53.5,56,49,46,3,0,6,0.92,14.73046875,0,0,0,0,0,3771,256,16,0,0,1,9.6875,76.0
window_nu0.1,window,none,fidelity,False,True,16,0.1,25,0,False,iid,0.1,1,s031,2,30.25,10.434782608695654,14.000000000000002,53.5,56,47,43,4,0,6,0.86,14.80078125,0,0,0,0,0,3789,256,16,0,0,2,7.75,
window_nu0.1,window,none,fidelity,False,True,16,0.1,25,0,False,iid,0.1,1,s031,3,28.249999999999996,17.445652173913043,14.000000000000002,61.5,56,47,43,4,0,6,0.86,15.55078125,0,0,0,0,0,3981,256,16,0,0,2,10.1875,
window_nu0.1,window,none,fidelity,False,True,16,0.1,25,0,False,iid,0.1,1,s031,4,31.999999999999996,23.20652173913043,10.0,63.5,56,49,45,4,0,6,0.9,14.8203125,0,0,0,0,0,3794,256,16,0,0,2,8.5,
window_nu0.1,window,none,fidelity,False,True,16,0.1,25,0,False,iid,0.1,1,s031,5,27.500000000000004,18.532608695652172,16.0,55.00000000000001,56,44,42,2,0,6,0.84,13.43359375,0,0,0,0,0,3439,256,16,0,0,2,10.8125,
window_nu0.1,window,none,fidelity,False,True,16,0.1,25,0,False,iid,0.1,1,s031,6,28.000000000000004,17.445652173913043,8.0,58.5,56,48,46,2,0,6,0.92,13.1640625,0,0,0,0,0,3370,256,16,0,0,0,9.5,
window_nu0.1,window,none,fidelity,False,True,16,0.1,25,0,False,iid,0.1,1,s031,7,32.99999999999999,23.3695652173913,14.000000000000002,67.0,56,47,43,4,0,6,0.86,13.7578125,0,0,0,0,0,3522,256,16,0,0,1,7.8125,
window_nu0.1,window,none,fidelity,False,True,16,0.1,25,0,False,iid,0.1,1,s031,8,24.25,11.684782608695654,6.0,62.5,56,52,47,5,0,6,0.94,14.84765625,0,0,0,0,0,3801,256,16,0,0,3,7.875,72.0
window_nu0.1,window,none,fidelity,False,True,16,0.1,25,0,False,iid,0.1,2,s031,2,30.000000000000004,17.445652173913043,12.0,63.5,56,49,44,5,0,6,0.88,15.0703125,0,0,0,0,0,3858,256,16,0,0,2,7.6875,
window_nu0.1,window,none,fidelity,False,True,16,0.1,25,0,False,iid,0.1,2,s031,3,26.0,16.195652173913043,14.000000000000002,64.5,56,46,43,3,0,6,0.86,15.21484375,0,0,0,0,0,3895,256,16,0,0,2,11.4375,
window_nu0.1,window,none,fidelity,False,True,16,0.1,25,0,False,iid,0.1,2,s031,4,30.75,15.108695652173914,12.0,59.0,56,48,44,4,0,6,0.88,15.11328125,0,0,0,0,0,3869,256,16,0,0,3,8.9375,
window_nu0.1,window,none,fidelity,False,True,16,0.1,25,0,False,iid,0.1,2,s031,5,26.25,10.434782608695654,10.0,63.0,56,46,45,1,0,6,0.9,13.58984375,0,0,0,0,0,3479,256,16,0,0,0,10.375,
window_nu0.1,window,none,fidelity,False,True,16,0.1,25,0,False,iid,0.1,2,s031,6,25.5,15.108695652173914,8.0,60.0,56,51,46,5,0,6,0.92,13.7578125,0,0,0,0,0,3522,256,16,0,0,1,9.1875,
window_nu0.1,window,none,fidelity,False,True,16,0.1,25,0,False,iid,0.1,2,s031,7,34.0,19.782608695652172,12.0,64.5,56,50,44,6,0,6,0.88,13.953125,0,0,0,0,0,3572,256,16,0,0,1,7.5,
window_nu0.1,window,none,fidelity,False,True,16,0.1,25,0,False,iid,0.1,2,s031,8,19.749999999999996,10.434782608695654,8.0,59.5,56,51,46,5,0,6,0.92,14.92578125,0,0,0,0,0,3821,256,16,0,0,1,8.875,86.0
window_nu0.2,window,none,fidelity,False,True,16,0.2,25,0,False,iid,0.1,0,s031,2,31.499999999999993,17.445652173913043,14.000000000000002,64.0,56,48,43,5,0,6,0.86,14.70703125,0,0,0,0,0,3765,256,16,0,0,3,7.5625,
window_nu0.2,window,none,fidelity,False,True,16,0.2,25,0,False,iid,0.1,0,s031,3,26.0,17.445652173913043,14.000000000000002,57.49999999999999,56,46,43,3,0,6,0.86,15.15625,0,0,0,0,0,3880,256,16,0,0,0,10.5625,
window_nu0.2,window,none,fidelity,False,True,16,0.2,25,0,False,iid,0.1,0,s031,4,28.500000000000004,16.358695652173914,8.0,68.0,56,50,46,4,0,6,0.92,15.09375,0,0,0,0,0,3864,256,16,0,0,3,9.3125,
window_nu0.2,window,none,fidelity,False,True,16,0.2,25,0,False,iid,0.1,0,s031,5,28.000000000000004,7.01086956521739,10.0,57.49999999999999,56,47,45,2,0,6,0.9,13.4921875,0,0,0,0,0,3454,256,16,0,0,1,9.375,
window_nu0.2,window,none,fidelity,False,True,16,0.2,25,0,False,iid,0.1,0,s031,6,25.75,13.858695652173914,8.0,56.00000000000001,56,50,46,4,0,6,0.92,13.38671875,0,0,0,0,0,3427,256,16,0,0,3,9.375,
window_nu0.2,window,none,fidelity,False,True,16,0.2,25,0,False,iid,0.1,0,s031,7,28.000000000000004,16.358695652173914,6.0,60.5,56,50,47,3,0,6,0.94,13.7890625,0,0,0,0,0,3530,256,16,0,0,1,8.0,
window_nu0.2,window,none,fidelity,False,True,16,0.2,25,0,False,iid,0.1,0,s031,8,21.249999999999996,7.01086956521739,8.0,53.5,56,49,46,3,0,6,0.92,14.78125,0,0,0,0,0,3784,256,16,0,0,1,9.6875,78.0
window_nu0.2,window,none,fidelity,False,True,16,0.2,25,0,False,iid,0.1,1,s031,2,30.25,12.771739130434783,14.000000000000002,53.5,56,47,43,4,0,6,0.86,14.80078125,0,0,0,0,0,3789,256,16,0,0,2,7.75,
window_nu0.2,window,none,fidelity,False,True,16,0.2,25,0,False,iid,0.1,1,s031,3,28.249999999999996,17.445652173913043,14.000000000000002,61.5,56,47,43,4,0,6,0.86,15.52734375,0,0,0,0,0,3975,256,16,0,0,2,10.1875,
window_nu0.2,window,none,fidelity,False,True,16,0.2,25,0,False,iid,0.1,1,s031,4,31.999999999999996,23.20652173913043,10.0,63.5,56,49,45,4,0,6,0.9,14.82421875,0,0,0,0,0,3795,256,16,0,0,2,8.5,
window_nu0.2,window,none,fidelity,False,True,16,0.2,25,0,False,iid,0.1,1,s031,5,27.500000000000004,18.532608695652172,16.0,55.00000000000001,56,44,42,2,0,6,0.84,13.48046875,0,0,0,0,0,3451,256,16,0,0,2,10.8125,
window_nu0.2,window,none,fidelity,False,True,16,0.2,25,0,False,iid,0.1,1,s031,6,29.25,17.445652173913043,8.0,58.5,56,48,46,2,0,6,0.92,13.1640625,0,0,0,0,0,3370,256,16,0,0,0,9.5,
window_nu0.2,window,none,fidelity,False,True,16,0.2,25,0,False,iid,0.1,1,s031,7,32.99999999999999,23.3695652173913,14.000000000000002,67.0,56,47,43,4,0,6,0.86,13.78125,0,0,0,0,0,3528,256,16,0,0,1,7.8125,
window_nu0.2,window,none,fidelity,False,True,16,0.2,25,0,False,iid,0.1,1,s031,8,24.25,11.684782608695654,6.0,62.5,56,52,47,5,0,6,0.94,14.875,0,0,0,0,0,3808,256,16,0,0,3,7.875,72.0
window_nu0.2,window,none,fidelity,False,True,16,0.2,25,0,False,iid,0.1,2,s031,2,29.75,17.445652173913043,12.0,63.5,56,49,44,5,0,6,0.88,15.0703125,0,0,0,0,0,3858,256,16,0,0,2,7.6875,
window_nu0.2,window,none,fidelity,False,True,16,0.2,25,0,False,iid,0.1,2,s031,3,26.0,16.195652173913043,14.000000000000002,64.5,56,46,43,3,0,6,0.86,15.21484375,0,0,0,0,0,3895,256,16,0,0,2,11.4375,
window_nu0.2,window,none,fidelity,False,True,16,0.2,25,0,False,iid,0.1,2,s031,4,30.75,15.108695652173914,12.0,59.0,56,48,44,4,0,6,0.88,15.08984375,0,0,0,0,0,3863,256,16,0,0,3,8.9375,
window_nu0.2,window,none,fidelity,False,True,16,0.2,25,0,False,iid,0.1,2,s031,5,26.25,10.434782608695654,10.0,63.0,56,46,45,1,0,6,0.9,13.66015625,0,0,0,0,0,3497,256,16,0,0,0,10.375,
window_nu0.2,window,none,fidelity,False,True,16,0.2,25,0,False,iid,0.1,2,s031,6,25.5,15.108695652173914,8.0,60.0,56,51,46,5,0,6,0.92,13.7578125,0,0,0,0,0,3522,256,16,0,0,1,9.1875,
window_nu0.2,window,none,fidelity,False,True,16,0.2,25,0,False,iid,0.1,2,s031,7,34.0,19.782608695652172,12.0,64.5,56,50,44,6,0,6,0.88,13.953125,0,0,0,0,0,3572,256,16,0,0,1,7.5,
window_nu0.2,window,none,fidelity,False,True,16,0.2,25,0,False,iid,0.1,2,s031,8,19.749999999999996,10.434782608695654,8.0,59.5,56,51,46,5,0,6,0.92,14.94921875,0,0,0,0,0,3827,256,16,0,0,1,8.875,86.0
aeqkad_nu0.1,window,full,fidelity,False,True,16,0.1,25,0,False,iid,0.1,0,s031,2,34.25,32.391304347826086,14.000000000000002,62.0,56,28,27,1,0,6,0.54,14.609375,48,20,0,0,0,3740,256,16,0,0,1,14.375,
aeqkad_nu0.1,window,full,fidelity,False,True,16,0.1,25,0,False,iid,0.1,0,s031,3,27.750000000000004,18.695652173913043,16.0,56.99999999999999,56,40,38,2,0,6,0.76,14.734375,45,5,0,0,0,3772,256,16,0,0,0,11.375,
aeqkad_nu0.1,window,full,fidelity,False,True,16,0.1,25,0,False,iid,0.1,0,s031,4,37.25,12.771739130434783,12.0,55.00000000000001,56,28,27,1,0,6,0.54,13.6875,48,20,0,0,0,3504,256,16,0,0,0,18.9375,
aeqkad_nu0.1,window,full,fidelity,False,True,16,0.1,25,0,False,iid,0.1,0,s031,5,21.499999999999996,4.510869565217389,16.0,52.0,56,35,34,1,0,6,0.68,11.44921875,44,8,0,0,1,2931,256,16,0,0,1,13.3125,
aeqkad_nu0.1,window,full,fidelity,False,True,16,0.1,25,0,False,iid,0.1,0,s031,6,31.999999999999996,20.869565217391305,14.000000000000002,49.5,56,36,34,2,0,6,0.68,11.8125,47,11,0,0,0,3024,256,16,0,0,2,13.6875,
aeqkad_nu0.1,window,full,fidelity,False,True,16,0.1,25,0,False,iid,0.1,0,s031,7,28.249999999999996,17.445652173913043,12.0,54.0,56,34,33,1,0,6,0.66,11.7265625,45,11,0,0,0,3002,256,16,0,0,1,12.25,
aeqkad_nu0.1,window,full,fidelity,False,True,16,0.1,25,0,False,iid,0.1,0,s031,8,26.0,9.510869565217389,10.0,47.0,56,37,36,1,0,6,0.72,13.59765625,47,10,0,0,0,3481,256,16,0,0,0,12.6875,44.0
aeqkad_nu0.1,window,full,fidelity,False,True,16,0.1,25,0,False,iid,0.1,1,s031,2,28.500000000000004,19.782608695652172,16.0,50.5,56,31,30,1,0,6,0.6,14.1640625,44,13,0,0,0,3626,256,16,0,0,0,14.0,
aeqkad_nu0.1,window,full,fidelity,False,True,16,0.1,25,0,False,iid,0.1,1,s031,3,28.000000000000004,17.445652173913043,14.000000000000002,55.50000000000001,56,36,34,2,0,6,0.68,14.9765625,47,10,0,0,1,3834,256,16,0,0,1,13.625,
aeqkad_nu0.1,window,full,fidelity,False,True,16,0.1,25,0,False,iid,0.1,1,s031,4,35.75,11.847826086956523,14.000000000000002,50.5,56,31,29,2,0,6,0.58,13.23046875,46,15,0,0,0,3387,256,16,0,0,2,12.9375,
aeqkad_nu0.1,window,full,fidelity,False,True,16,0.1,25,0,False,iid,0.1,1,s031,5,24.25,8.260869565217389,16.0,50.0,56,32,32,0,0,6,0.64,11.59375,42,9,0,0,1,2968,256,16,0,0,0,17.375,
aeqkad_nu0.1,window,full,fidelity,False,True,16,0.1,25,0,False,iid,0.1,1,s031,6,30.25,22.1195652173913,14.000000000000002,53.0,56,34,33,1,0,6,0.66,11.63671875,45,10,0,0,1,2979,256,16,0,0,1,14.375,
aeqkad_nu0.1,window,full,fidelity,False,True,16,0.1,25,0,False,iid,0.1,1,s031,7,29.75,19.782608695652172,18.0,53.5,56,31,30,1,0,6,0.6,11.6953125,44,10,0,0,3,2994,256,16,0,0,0,17.9375,
aeqkad_nu0.1,window,full,fidelity,False,True,16,0.1,25,0,False,iid,0.1,1,s031,8,25.75,14.021739130434785,12.0,56.00000000000001,56,39,36,3,0,6,0.72,13.55859375,47,7,0,0,1,3471,256,16,0,0,2,11.875,60.0
aeqkad_nu0.1,window,full,fidelity,False,True,16,0.1,25,0,False,iid,0.1,2,s031,2,30.000000000000004,18.695652173913043,14.000000000000002,60.5,56,36,34,2,0,6,0.68,13.9140625,47,11,0,0,0,3562,256,16,0,0,1,10.1875,
aeqkad_nu0.1,window,full,fidelity,False,True,16,0.1,25,0,False,iid,0.1,2,s031,3,25.75,16.195652173913043,14.000000000000002,62.5,56,43,40,3,0,6,0.8,14.859375,46,3,0,0,0,3804,256,16,0,0,2,11.4375,
aeqkad_nu0.1,window,full,fidelity,False,True,16,0.1,25,0,False,iid,0.1,2,s031,4,33.5,15.108695652173914,12.0,51.5,56,29,28,1,0,6,0.56,13.48046875,48,19,0,0,0,3451,256,16,0,0,1,14.9375,
aeqkad_nu0.1,window,full,fidelity,False,True,16,0.1,25,0,False,iid,0.1,2,s031,5,22.749999999999996,9.347826086956525,14.000000000000002,56.99999999999999,56,38,37,1,0,6,0.74,12.06640625,44,4,0,0,2,3089,256,16,0,0,0,13.5,
aeqkad_nu0.1,window,full,fidelity,False,True,16,0.1,25,0,False,iid,0.1,2,s031,6,26.25,26.79347826086957,12.0,51.5,56,36,34,2,0,6,0.68,11.76953125,49,12,0,0,1,3013,256,16,0,0,1,15.25,
aeqkad_nu0.1,window,full,fidelity,False,True,16,0.1,25,0,False,iid,0.1,2,s031,7,30.000000000000004,17.445652173913043,16.0,54.0,56,34,33,1,0,6,0.66,12.09765625,46,11,0,0,1,3097,256,16,0,0,0,13.0625,
aeqkad_nu0.1,window,full,fidelity,False,True,16,0.1,25,0,False,iid,0.1,2,s031,8,24.75,5.923913043478259,12.0,44.0,56,38,37,1,0,6,0.74,13.71484375,48,9,0,0,1,3511,256,16,0,0,0,11.5625,74.0
aeqkad_nu0.2,window,full,fidelity,False,True,16,0.2,25,0,False,iid,0.1,0,s031,2,34.25,32.391304347826086,14.000000000000002,62.5,56,28,27,1,0,6,0.54,14.609375,48,20,0,0,0,3740,256,16,0,0,1,14.375,
aeqkad_nu0.2,window,full,fidelity,False,True,16,0.2,25,0,False,iid,0.1,0,s031,3,27.750000000000004,18.695652173913043,16.0,56.99999999999999,56,40,38,2,0,6,0.76,14.7578125,45,5,0,0,0,3778,256,16,0,0,0,11.375,
aeqkad_nu0.2,window,full,fidelity,False,True,16,0.2,25,0,False,iid,0.1,0,s031,4,37.25,12.771739130434783,12.0,55.00000000000001,56,28,27,1,0,6,0.54,13.6875,48,20,0,0,0,3504,256,16,0,0,0,18.9375,
aeqkad_nu0.2,window,full,fidelity,False,True,16,0.2,25,0,False,iid,0.1,0,s031,5,21.499999999999996,4.510869565217389,16.0,52.5,56,35,34,1,0,6,0.68,11.3828125,44,8,0,0,1,2914,256,16,0,0,1,13.3125,
aeqkad_nu0.2,window,full,fidelity,False,True,16,0.2,25,0,False,iid,0.1,0,s031,6,31.75,20.869565217391305,14.000000000000002,49.5,56,36,34,2,0,6,0.68,11.8125,47,11,0,0,0,3024,256,16,0,0,2,13.6875,
aeqkad_nu0.2,window,full,fidelity,False,True,16,0.2,25,0,False,iid,0.1,0,s031,7,28.249999999999996,17.445652173913043,12.0,54.0,56,34,33,1,0,6,0.66,11.7265625,45,11,0,0,0,3002,256,16,0,0,1,12.25,
aeqkad_nu0.2,window,full,fidelity,False,True,16,0.2,25,0,False,iid,0.1,0,s031,8,26.0,9.510869565217389,10.0,47.0,56,37,36,1,0,6,0.72,13.62890625,47,10,0,0,0,3489,256,16,0,0,0,12.6875,44.0
aeqkad_nu0.2,window,full,fidelity,False,True,16,0.2,25,0,False,iid,0.1,1,s031,2,28.500000000000004,19.782608695652172,16.0,50.5,56,31,30,1,0,6,0.6,14.1640625,44,13,0,0,0,3626,256,16,0,0,0,14.0,
aeqkad_nu0.2,window,full,fidelity,False,True,16,0.2,25,0,False,iid,0.1,1,s031,3,28.000000000000004,17.445652173913043,14.000000000000002,55.50000000000001,56,36,34,2,0,6,0.68,14.9765625,47,10,0,0,1,3834,256,16,0,0,1,13.625,
aeqkad_nu0.2,window,full,fidelity,False,True,16,0.2,25,0,False,iid,0.1,1,s031,4,35.75,11.847826086956523,14.000000000000002,50.5,56,31,29,2,0,6,0.58,13.2578125,46,15,0,0,0,3394,256,16,0,0,2,12.9375,
aeqkad_nu0.2,window,full,fidelity,False,True,16,0.2,25,0,False,iid,0.1,1,s031,5,24.25,8.260869565217389,16.0,50.0,56,32,32,0,0,6,0.64,11.6171875,42,9,0,0,1,2974,256,16,0,0,0,17.375,
aeqkad_nu0.2,window,full,fidelity,False,True,16,0.2,25,0,False,iid,0.1,1,s031,6,30.25,22.1195652173913,14.000000000000002,53.0,56,34,33,1,0,6,0.66,11.63671875,45,10,0,0,1,2979,256,16,0,0,1,14.375,
aeqkad_nu0.2,window,full,fidelity,False,True,16,0.2,25,0,False,iid,0.1,1,s031,7,29.75,19.782608695652172,18.0,53.5,56,31,30,1,0,6,0.6,11.74609375,44,10,0,0,3,3007,256,16,0,0,0,17.9375,
aeqkad_nu0.2,window,full,fidelity,False,True,16,0.2,25,0,False,iid,0.1,1,s031,8,25.75,14.021739130434785,12.0,56.00000000000001,56,39,36,3,0,6,0.72,13.55859375,47,7,0,0,1,3471,256,16,0,0,2,11.875,60.0
aeqkad_nu0.2,window,full,fidelity,False,True,16,0.2,25,0,False,iid,0.1,2,s031,2,30.000000000000004,18.695652173913043,14.000000000000002,60.5,56,36,34,2,0,6,0.68,13.9375,47,11,0,0,0,3568,256,16,0,0,1,10.1875,
aeqkad_nu0.2,window,full,fidelity,False,True,16,0.2,25,0,False,iid,0.1,2,s031,3,25.75,16.195652173913043,14.000000000000002,62.5,56,43,40,3,0,6,0.8,14.88671875,46,3,0,0,0,3811,256,16,0,0,2,11.4375,
aeqkad_nu0.2,window,full,fidelity,False,True,16,0.2,25,0,False,iid,0.1,2,s031,4,33.75,15.108695652173914,12.0,51.5,56,29,28,1,0,6,0.56,13.45703125,48,19,0,0,0,3445,256,16,0,0,1,14.9375,
aeqkad_nu0.2,window,full,fidelity,False,True,16,0.2,25,0,False,iid,0.1,2,s031,5,22.749999999999996,9.347826086956525,14.000000000000002,56.99999999999999,56,38,37,1,0,6,0.74,12.06640625,44,4,0,0,2,3089,256,16,0,0,0,13.5,
aeqkad_nu0.2,window,full,fidelity,False,True,16,0.2,25,0,False,iid,0.1,2,s031,6,26.25,26.79347826086957,12.0,51.5,56,36,34,2,0,6,0.68,11.765625,49,12,0,0,1,3012,256,16,0,0,1,15.25,
aeqkad_nu0.2,window,full,fidelity,False,True,16,0.2,25,0,False,iid,0.1,2,s031,7,30.000000000000004,17.445652173913043,16.0,54.0,56,34,33,1,0,6,0.66,12.09765625,46,11,0,0,1,3097,256,16,0,0,0,13.0625,
aeqkad_nu0.2,window,full,fidelity,False,True,16,0.2,25,0,False,iid,0.1,2,s031,8,24.75,5.923913043478259,12.0,44.0,56,38,37,1,0,6,0.74,13.7890625,48,9,0,0,1,3530,256,16,0,0,0,11.5625,74.0
window_nu0.1,window,none,fidelity,False,True,16,0.1,25,0,False,iid,0.1,0,s032,2,29.75,9.184782608695654,10.0,65.5,56,51,45,6,0,6,0.9,13.98828125,0,0,0,0,0,3581,256,16,0,0,1,8.0,
window_nu0.1,window,none,fidelity,False,True,16,0.1,25,0,False,iid,0.1,0,s032,3,27.250000000000004,19.782608695652172,4.0,67.0,56,54,48,6,0,6,0.96,14.06640625,0,0,0,0,0,3601,256,16,0,0,2,8.125,
window_nu0.1,window,none,fidelity,False,True,16,0.1,25,0,False,iid,0.1,0,s032,4,23.0,8.097826086956525,14.000000000000002,54.50000000000001,56,45,43,2,0,6,0.86,12.2734375,0,0,0,0,0,3142,256,16,0,0,1,10.5625,
window_nu0.1,window,none,fidelity,False,True,16,0.1,25,0,False,iid,0.1,0,s032,5,30.000000000000004,19.782608695652172,12.0,61.5,56,49,44,5,0,6,0.88,14.06640625,0,0,0,0,0,3601,256,16,0,0,2,7.75,
window_nu0.1,window,none,fidelity,False,True,16,0.1,25,0,False,iid,0.1,0,s032,6,35.75,27.717391304347828,20.0,71.0,56,45,40,5,0,6,0.8,14.73046875,0,0,0,0,0,3771,256,16,0,0,2,8.375,
window_nu0.1,window,none,fidelity,False,True,16,0.1,25,0,False,iid,0.1,0,s032,7,27.750000000000004,16.195652173913043,6.0,66.0,56,50,47,3,0,6,0.94,14.1640625,0,0,0,0,0,3626,256,16,0,0,1,7.5625,
window_nu0.1,window,none,fidelity,False,True,16,0.1,25,0,False,iid,0.1,0,s032,8,23.75,15.108695652173914,14.000000000000002,59.0,56,48,43,5,0,6,0.86,13.83203125,0,0,0,0,0,3541,256,16,0,0,3,10.875,30.0
window_nu0.1,window,none,fidelity,False,True,16,0.1,25,0,False,iid,0.1,1,s032,2,30.500000000000004,17.445652173913043,10.0,65.5,56,49,45,4,0,6,0.9,13.81640625,0,0,0,0,0,3537,256,16,0,0,1,8.0,
window_nu0.1,window,none,fidelity,False,True,16,0.1,25,0,False,iid,0.1,1,s032,3,30.25,27.8804347826087,6.0,62.5,56,51,47,4,0,6,0.94,13.90625,0,0,0,0,0,3560,256,16,0,0,2,8.1875,
window_nu0.1,window,none,fidelity,False,True,16,0.1,25,0,False,iid,0.1,1,s032,4,19.75,4.67391304347826,14.000000000000002,55.50000000000001,56,46,43,3,0,6,0.86,12.62109375,0,0,0,0,0,3231,256,16,0,0,2,11.0625,
window_nu0.1,window,none,fidelity,False,True,16,0.1,25,0,False,iid,0.1,1,s032,5,26.0,14.021739130434785,10.0,61.0,56,48,45,3,0,6,0.9,13.95703125,0,0,0,0,0,3573,256,16,0,0,1,7.75,
window_nu0.1,window,none,fidelity,False,True,16,0.1,25,0,False,iid,0.1,1,s032,6,31.25,18.695652173913043,14.000000000000002,69.0,56,49,43,6,0,6,0.86,15.0390625,0,0,0,0,0,3850,256,16,0,0,2,8.25,
window_nu0.1,window,none,fidelity,False,True,16,0.1,25,0,False,iid,0.1,1,s032,7,27.250000000000004,10.434782608695654,8.0,59.5,56,51,46,5,0,6,0.92,14.2890625,0,0,0,0,0,3658,256,16,0,0,1,8.5,
window_nu0.1,window,none,fidelity,False,True,16,0.1,25,0,False,iid,0.1,1,s032,8,25.5,17.445652173913043,16.0,60.0,56,44,42,2,0,6,0.84,13.3359375,0,0,0,0,0,3414,256,16,0,0,0,12.5,92.0
window_nu0.1,window,none,fidelity,False,True,16,0.1,25,0,False,iid,0.1,2,s032,2,26.0,18.532608695652172,16.0,47.5,56,45,42,3,0,6,0.84,13.2734375,0,0,0,0,0,3398,256,16,0,0,2,9.125,
window_nu0.1,window,none,fidelity,False,True,16,0.1,25,0,False,iid,0.1,2,s032,3,28.749999999999996,10.597826086956525,8.0,49.5,56,50,46,4,0,6,0.92,13.77734375,0,0,0,0,0,3527,256,16,0,0,2,8.25,
window_nu0.1,window,none,fidelity,False,True,16,0.1,25,0,False,iid,0.1,2,s032,4,28.000000000000004,7.01086956521739,16.0,47.0,56,44,42,2,0,6,0.84,11.96484375,0,0,0,0,0,3063,256,16,0,0,0,12.6875,
window_nu0.1,window,none,fidelity,False,True,16,0.1,25,0,False,iid,0.1,2,s032,5,27.250000000000004,16.358695652173914,12.0,56.49999999999999,56,47,44,3,0,6,0.88,13.765625,0,0,0,0,0,3524,256,16,0,0,2,9.0,
window_nu0.1,window,none,fidelity,False,True,16,0.1,25,0,False,iid,0.1,2,s032,6,36.25,32.391304347826086,20.0,61.0,56,44,40,4,0,6,0.8,14.61328125,0,0,0,0,0,3741,256,16,0,0,2,8.375,
window_nu0.1,window,none,fidelity,False,True,16,0.1,25,0,False,iid,0.1,2,s032,7,32.49999999999999,12.771739130434783,10.0,57.49999999999999,56,46,45,1,0,6,0.9,14.2421875,0,0,0,0,0,3646,256,16,0,0,1,10.375,
window_nu0.1,window,none,fidelity,False,True,16,0.1,25,0,False,iid,0.1,2,s032,8,24.5,20.869565217391305,20.0,49.5,56,42,40,2,0,6,0.8,13.63671875,0,0,0,0,0,3491,256,16,0,0,2,13.75,16.0
window_nu0.2,window,none,fidelity,False,True,16,0.2,25,0,False,iid,0.1,0,s032,2,29.75,9.184782608695654,10.0,65.5,56,51,45,6,0,6,0.9,14.01171875,0,0,0,0,0,3587,256,16,0,0,1,8.0,
window_nu0.2,window,none,fidelity,False,True,16,0.2,25,0,False,iid,0.1,0,s032,3,27.250000000000004,19.782608695652172,4.0,67.0,56,54,48,6,0,6,0.96,14.09375,0,0,0,0,0,3608,256,16,0,0,2,8.125,
window_nu0.2,window,none,fidelity,False,True,16,0.2,25,0,False,iid,0.1,0,s032,4,23.0,8.097826086956525,14.000000000000002,54.50000000000001,56,45,43,2,0,6,0.86,12.296875,0,0,0,0,0,3148,256,16,0,0,1,10.5625,
window_nu0.2,window,none,fidelity,False,True,16,0.2,25,0,False,iid,0.1,0,s032,5,30.000000000000004,19.782608695652172,12.0,61.5,56,49,44,5,0,6,0.88,14.05078125,0,0,0,0,0,3597,256,16,0,0,2,7.75,
window_nu0.2,window,none,fidelity,False,True,16,0.2,25,0,False,iid,0.1,0,s032,6,35.75,27.717391304347828,20.0,71.0,56,45,40,5,0,6,0.8,14.73046875,0,0,0,0,0,3771,256,16,0,0,2,8.375,
window_nu0.2,window,none,fidelity,False,True,16,0.2,25,0,False,iid,0.1,0,s032,7,27.750000000000004,16.195652173913043,6.0,66.0,56,50,47,3,0,6,0.94,14.1640625,0,0,0,0,0,3626,256,16,0,0,1,7.5625,
window_nu0.2,window,none,fidelity,False,True,16,0.2,25,0,False,iid,0.1,0,s032,8,23.75,15.108695652173914,14.000000000000002,59.0,56,48,43,5,0,6,0.86,13.83203125,0,0,0,0,0,3541,256,16,0,0,3,10.875,30.0
window_nu0.2,window,none,fidelity,False,True,16,0.2,25,0,False,iid,0.1,1,s032,2,30.500000000000004,17.445652173913043,10.0,65.5,56,49,45,4,0,6,0.9,13.81640625,0,0,0,0,0,3537,256,16,0,0,1,8.0,
window_nu0.2,window,none,fidelity,False,True,16,0.2,25,0,False,iid,0.1,1,s032,3,30.25,27.8804347826087,6.0,62.5,56,51,47,4,0,6,0.94,13.91015625,0,0,0,0,0,3561,256,16,0,0,2,8.1875,
window_nu0.2,window,none,fidelity,False,True,16,0.2,25,0,False,iid,0.1,1,s032,4,19.75,4.67391304347826,14.000000000000002,55.50000000000001,56,46,43,3,0,6,0.86,12.59765625,0,0,0,0,0,3225,256,16,0,0,2,11.0625,
window_nu0.2,window,none,fidelity,False,True,16,0.2,25,0,False,iid,0.1,1,s032,5,26.0,14.021739130434785,10.0,61.0,56,48,45,3,0,6,0.9,14.00390625,0,0,0,0,0,3585,256,16,0,0,1,7.75,
window_nu0.2,window,none,fidelity,False,True,16,0.2,25,0,False,iid,0.1,1,s032,6,31.25,18.695652173913043,14.000000000000002,69.0,56,49,43,6,0,6,0.86,15.0390625,0,0,0,0,0,3850,256,16,0,0,2,8.25,
window_nu0.2,window,none,fidelity,False,True,16,0.2,25,0,False,iid,0.1,1,s032,7,27.250000000000004,10.434782608695654,8.0,59.5,56,51,46,5,0,6,0.92,14.2890625,0,0,0,0,0,3658,256,16,0,0,1,8.5,
window_nu0.2,window,none,fidelity,False,True,16,0.2,25,0,False,iid,0.1,1,s032,8,25.5,17.445652173913043,16.0,60.0,56,44,42,2,0,6,0.84,13.3359375,0,0,0,0,0,3414,256,16,0,0,0,12.5,92.0
window_nu0.2,window,none,fidelity,False,True,16,0.2,25,0,False,iid,0.1,2,s032,2,26.0,18.532608695652172,16.0,47.5,56,45,42,3,0,6,0.84,13.2734375,0,0,0,0,0,3398,256,16,0,0,2,9.125,
window_nu0.2,window,none,fidelity,False,True,16,0.2,25,0,False,iid,0.1,2,s032,3,28.500000000000004,10.597826086956525,8.0,49.5,56,50,46,4,0,6,0.92,13.77734375,0,0,0,0,0,3527,256,16,0,0,2,8.25,
window_nu0.2,window,none,fidelity,False,True,16,0.2,25,0,False,iid,0.1,2,s032,4,28.000000000000004,7.01086956521739,16.0,47.0,56,44,42,2,0,6,0.84,12.015625,0,0,0,0,0,3076,256,16,0,0,0,12.6875,
window_nu0.2,window,none,fidelity,False,True,16,0.2,25,0,False,iid,0.1,2,s032,5,27.250000000000004,16.358695652173914,12.0,56.49999999999999,56,47,44,3,0,6,0.88,13.7890625,0,0,0,0,0,3530,256,16,0,0,2,9.0,
window_nu0.2,window,none,fidelity,False,True,16,0.2,25,0,False,iid,0.1,2,s032,6,36.25,31.304347826086953,20.0,61.0,56,44,40,4,0,6,0.8,14.61328125,0,0,0,0,0,3741,256,16,0,0,2,8.375,
window_nu0.2,window,none,fidelity,False,True,16,0.2,25,0,False,iid,0.1,2,s032,7,32.49999999999999,12.771739130434783,10.0,57.49999999999999,56,46,45,1,0,6,0.9,14.2421875,0,0,0,0,0,3646,256,16,0,0,1,10.375,
window_nu0.2,window,none,fidelity,False,True,16,0.2,25,0,False,iid,0.1,2,s032,8,24.5,20.869565217391305,20.0,49.5,56,42,40,2,0,6,0.8,13.6640625,0,0,0,0,0,3498,256,16,0,0,2,13.75,16.0
aeqkad_nu0.1,window,full,fidelity,False,True,16,0.1,25,0,False,iid,0.1,0,s032,2,29.500000000000004,9.347826086956525,12.0,57.99999999999999,56,36,35,1,0,6,0.7,13.13671875,48,12,0,0,0,3363,256,16,0,0,0,10.6875,
aeqkad_nu0.1,window,full,fidelity,False,True,16,0.1,25,0,False,iid,0.1,0,s032,3,27.250000000000004,22.1195652173913,12.0,59.0,56,39,37,2,0,6,0.74,12.80078125,48,9,0,0,0,3277,256,16,0,0,1,15.75,
aeqkad_nu0.1,window,full,fidelity,False,True,16,0.1,25,0,False,iid,0.1,0,s032,4,30.75,10.434782608695654,20.0,48.0,56,35,34,1,0,6,0.68,10.1328125,42,7,0,0,0,2594,256,16,0,0,1,14.0,
aeqkad_nu0.1,window,full,fidelity,False,True,16,0.1,25,0,False,iid,0.1,0,s032,5,28.000000000000004,22.1195652173913,16.0,57.49999999999999,56,37,35,2,0,6,0.7,11.046875,45,8,0,0,0,2828,256,16,0,0,1,8.75,
aeqkad_nu0.1,window,full,fidelity,False,True,16,0.1,25,0,False,iid,0.1,0,s032,6,37.25,23.04347826086957,24.0,55.00000000000001,56,26,23,3,0,6,0.46,13.26953125,42,16,0,0,0,3397,256,16,0,0,2,13.75,
aeqkad_nu0.1,window,full,fidelity,False,True,16,0.1,25,0,False,iid,0.1,0,s032,7,30.000000000000004,8.42391304347826,10.0,60.5,56,36,35,1,0,6,0.7,13.48046875,49,13,0,0,0,3451,256,16,0,0,0,16.3125,
aeqkad_nu0.1,window,full,fidelity,False,True,16,0.1,25,0,False,iid,0.1,0,s032,8,25.75,19.782608695652172,18.0,50.5,56,34,33,1,0,6,0.66,11.6796875,45,11,0,0,0,2990,256,16,0,0,1,15.0,28.000000000000004
aeqkad_nu0.1,window,full,fidelity,False,True,16,0.1,25,0,False,iid,0.1,1,s032,2,27.250000000000004,17.445652173913043,14.000000000000002,64.0,56,40,38,2,0,6,0.76,13.35546875,47,7,0,0,0,3419,256,16,0,0,1,9.6875,
aeqkad_nu0.1,window,full,fidelity,False,True,16,0.1,25,0,False,iid,0.1,1,s032,3,32.49999999999999,29.130434782608695,10.0,57.99999999999999,56,41,38,3,0,6,0.76,13.28125,49,8,0,0,0,3400,256,16,0,0,2,12.375,
aeqkad_nu0.1,window,full,fidelity,False,True,16,0.1,25,0,False,iid,0.1,1,s032,4,27.250000000000004,7.01086956521739,18.0,47.5,56,37,36,1,0,6,0.72,10.6328125,44,7,0,0,0,2722,256,16,0,0,1,13.625,
aeqkad_nu0.1,window,full,fidelity,False,True,16,0.1,25,0,False,iid,0.1,1,s032,5,24.0,15.108695652173914,12.0,52.5,56,41,39,2,0,6,0.78,12.4375,47,6,0,0,0,3184,256,16,0,0,0,9.0,
aeqkad_nu0.1,window,full,fidelity,False,True,16,0.1,25,0,False,iid,0.1,1,s032,6,34.0,20.869565217391305,18.0,54.0,56,34,30,4,0,6,0.6,13.890625,47,13,0,0,0,3556,256,16,0,0,2,12.6875,
aeqkad_nu0.1,window,full,fidelity,False,True,16,0.1,25,0,False,iid,0.1,1,s032,7,29.75,15.108695652173914,8.0,60.0,56,42,38,4,0,6,0.76,13.55078125,52,10,1,0,0,3469,256,16,0,0,3,12.6875,
aeqkad_nu0.1,window,full,fidelity,False,True,16,0.1,25,0,False,iid,0.1,1,s032,8,28.249999999999996,21.956521739130434,18.0,54.50000000000001,56,38,37,1,0,6,0.74,12.421875,43,5,0,0,0,3180,256,16,0,0,0,15.625,74.0
aeqkad_nu0.1,window,full,fidelity,False,True,16,0.1,25,0,False,iid,0.1,2,s032,2,30.25,15.108695652173914,16.0,51.5,56,36,33,3,0,6,0.66,12.65625,47,11,0,0,0,3240,256,16,0,0,2,11.8125,
aeqkad_nu0.1,window,full,fidelity,False,True,16,0.1,25,0,False,iid,0.1,2,s032,3,28.500000000000004,17.445652173913043,14.000000000000002,47.5,56,36,35,1,0,6,0.7,12.90234375,45,9,0,0,0,3303,256,16,0,0,0,15.75,
aeqkad_nu0.1,window,full,fidelity,False,True,16,0.1,25,0,False,iid,0.1,2,s032,4,31.000000000000007,9.347826086956525,22.0,39.0,56,35,34,1,0,6,0.68,10.60546875,40,5,0,0,0,2715,256,16,0,0,0,15.6875,
aeqkad_nu0.1,window,full,fidelity,False,True,16,0.1,25,0,False,iid,0.1,2,s032,5,30.75,14.021739130434785,16.0,44.5,56,34,32,2,0,6,0.64,10.69921875,45,11,0,0,0,2739,256,16,0,0,1,10.0625,
aeqkad_nu0.1,window,full,fidelity,False,True,16,0.1,25,0,False,iid,0.1,2,s032,6,34.75,25.380434782608695,32.0,41.5,56,24,22,2,0,6,0.44,12.9453125,38,14,0,0,0,3314,256,16,0,0,2,15.5,
aeqkad_nu0.1,window,full,fidelity,False,True,16,0.1,25,0,False,iid,0.1,2,s032,7,30.500000000000004,20.869565217391305,14.000000000000002,54.50000000000001,56,33,33,0,0,6,0.66,13.453125,44,11,0,0,0,3444,256,16,0,0,0,19.875,
aeqkad_nu0.1,window,full,fidelity,False,True,16,0.1,25,0,False,iid,0.1,2,s032,8,30.500000000000004,24.293478260869566,20.0,45.5,56,34,33,1,0,6,0.66,11.87109375,42,8,0,0,0,3039,256,16,0,0,1,15.1875,0.0
aeqkad_nu0.2,window,full,fidelity,False,True,16,0.2,25,0,False,iid,0.1,0,s032,2,29.500000000000004,9.347826086956525,12.0,57.99999999999999,56,36,35,1,0,6,0.7,13.23828125,48,12,0,0,0,3389,256,16,0,0,0,10.6875,
aeqkad_nu0.2,window,full,fidelity,False,True,16,0.2,25,0,False,iid,0.1,0,s032,3,27.250000000000004,22.1195652173913,12.0,59.0,56,39,37,2,0,6,0.74,12.84765625,48,9,0,0,0,3289,256,16,0,0,1,15.75,
aeqkad_nu0.2,window,full,fidelity,False,True,16,0.2,25,0,False,iid,0.1,0,s032,4,30.75,10.434782608695654,20.0,48.0,56,35,34,1,0,6,0.68,10.20703125,42,7,0,0,0,2613,256,16,0,0,1,14.0,
aeqkad_nu0.2,window,full,fidelity,False,True,16,0.2,25,0,False,iid,0.1,0,s032,5,28.000000000000004,22.1195652173913,16.0,57.49999999999999,56,37,35,2,0,6,0.7,11.12109375,45,8,0,0,0,2847,256,16,0,0,1,8.75,
aeqkad_nu0.2,window,full,fidelity,False,True,16,0.2,25,0,False,iid,0.1,0,s032,6,37.25,23.04347826086957,24.0,55.00000000000001,56,26,23,3,0,6,0.46,13.26953125,42,16,0,0,0,3397,256,16,0,0,2,13.75,
aeqkad_nu0.2,window,full,fidelity,False,True,16,0.2,25,0,False,iid,0.1,0,s032,7,30.000000000000004,8.42391304347826,10.0,60.5,56,36,35,1,0,6,0.7,13.48046875,49,13,0,0,0,3451,256,16,0,0,0,16.3125,
aeqkad_nu0.2,window,full,fidelity,False,True,16,0.2,25,0,False,iid,0.1,0,s032,8,25.75,19.782608695652172,18.0,50.5,56,34,33,1,0,6,0.66,11.6796875,45,11,0,0,0,2990,256,16,0,0,1,15.0,28.000000000000004
aeqkad_nu0.2,window,full,fidelity,False,True,16,0.2,25,0,False,iid,0.1,1,s032,2,27.250000000000004,17.445652173913043,14.000000000000002,64.0,56,40,38,2,0,6,0.76,13.35546875,47,7,0,0,0,3419,256,16,0,0,1,9.6875,
aeqkad_nu0.2,window,full,fidelity,False,True,16,0.2,25,0,False,iid,0.1,1,s032,3,32.49999999999999,29.130434782608695,10.0,57.99999999999999,56,41,38,3,0,6,0.76,13.28125,49,8,0,0,0,3400,256,16,0,0,2,12.375,
aeqkad_nu0.2,window,full,fidelity,False,True,16,0.2,25,0,False,iid,0.1,1,s032,4,27.250000000000004,7.01086956521739,18.0,47.5,56,37,36,1,0,6,0.72,10.6328125,44,7,0,0,0,2722,256,16,0,0,1,13.625,
aeqkad_nu0.2,window,full,fidelity,False,True,16,0.2,25,0,False,iid,0.1,1,s032,5,24.0,15.108695652173914,12.0,52.5,56,41,39,2,0,6,0.78,12.41015625,47,6,0,0,0,3177,256,16,0,0,0,9.0,
aeqkad_nu0.2,window,full,fidelity,False,True,16,0.2,25,0,False,iid,0.1,1,s032,6,34.0,20.869565217391305,18.0,54.0,56,34,30,4,0,6,0.6,13.91796875,47,13,0,0,0,3563,256,16,0,0,2,12.6875,
aeqkad_nu0.2,window,full,fidelity,False,True,16,0.2,25,0,False,iid,0.1,1,s032,7,29.75,15.108695652173914,8.0,60.5,56,42,38,4,0,6,0.76,13.62109375,52,10,1,0,0,3487,256,16,0,0,3,12.6875,
aeqkad_nu0.2,window,full,fidelity,False,True,16,0.2,25,0,False,iid,0.1,1,s032,8,28.249999999999996,21.956521739130434,18.0,54.50000000000001,56,38,37,1,0,6,0.74,12.4296875,43,5,0,0,0,3182,256,16,0,0,0,15.625,74.0
aeqkad_nu0.2,window,full,fidelity,False,True,16,0.2,25,0,False,iid,0.1,2,s032,2,30.25,15.108695652173914,16.0,51.5,56,36,33,3,0,6,0.66,12.65625,47,11,0,0,0,3240,256,16,0,0,2,11.8125,
aeqkad_nu0.2,window,full,fidelity,False,True,16,0.2,25,0,False,iid,0.1,2,s032,3,28.500000000000004,17.445652173913043,14.000000000000002,47.5,56,36,35,1,0,6,0.7,12.90234375,45,9,0,0,0,3303,256,16,0,0,0,15.75,
aeqkad_nu0.2,window,full,fidelity,False,True,16,0.2,25,0,False,iid,0.1,2,s032,4,31.000000000000007,9.347826086956525,22.0,39.0,56,35,34,1,0,6,0.68,10.60546875,40,5,0,0,0,2715,256,16,0,0,0,15.6875,
aeqkad_nu0.2,window,full,fidelity,False,True,16,0.2,25,0,False,iid,0.1,2,s032,5,31.000000000000007,14.021739130434785,16.0,44.5,56,34,32,2,0,6,0.64,10.84765625,45,11,0,0,0,2777,256,16,0,0,1,10.0625,
aeqkad_nu0.2,window,full,fidelity,False,True,16,0.2,25,0,False,iid,0.1,2,s032,6,34.75,25.380434782608695,32.0,41.5,56,24,22,2,0,6,0.44,12.9453125,38,14,0,0,0,3314,256,16,0,0,2,15.5,
aeqkad_nu0.2,window,full,fidelity,False,True,16,0.2,25,0,False,iid,0.1,2,s032,7,30.500000000000004,20.869565217391305,14.000000000000002,54.50000000000001,56,33,33,0,0,6,0.66,13.453125,44,11,0,0,0,3444,256,16,0,0,0,19.875,
aeqkad_nu0.2,window,full,fidelity,False,True,16,0.2,25,0,False,iid,0.1,2,s032,8,30.500000000000004,24.293478260869566,20.0,45.5,56,34,33,1,0,6,0.66,11.87109375,42,8,0,0,0,3039,256,16,0,0,1,15.1875,0.0
window_nu0.1,window,none,fidelity,False,True,16,0.1,25,0,False,iid,0.1,0,s033,2,25.75,14.021739130434785,14.000000000000002,51.0,56,47,43,4,0,6,0.86,14.48046875,0,0,0,0,0,3707,256,16,0,0,2,9.375,
window_nu0.1,window,none,fidelity,False,True,16,0.1,25,0,False,iid,0.1,0,s033,3,30.75,15.108695652173914,12.0,74.5,56,49,44,5,0,6,0.88,12.44140625,0,0,0,0,0,3185,256,16,0,0,0,7.5,
window_nu0.1,window,none,fidelity,False,True,16,0.1,25,0,False,iid,0.1,0,s033,4,22.250000000000004,1.0869565217391297,16.0,35.5,56,42,42,0,0,6,0.84,11.390625,0,0,0,0,0,2916,256,16,0,0,0,10.5,
window_nu0.1,window,none,fidelity,False,True,16,0.1,25,0,False,iid,0.1,0,s033,5,12.5,2.5,6.0,26.0,56,49,47,2,0,6,0.94,13.3515625,0,0,0,0,0,3418,256,16,0,0,2,7.5,
window_nu0.1,window,none,fidelity,False,True,16,0.1,25,0,False,iid,0.1,0,s033,6,38.75,23.20652173913043,12.0,70.5,56,48,44,4,0,6,0.88,12.52734375,0,0,0,0,0,3207,256,16,0,0,0,10.6875,
window_nu0.1,window,none,fidelity,False,True,16,0.1,25,0,False,iid,0.1,0,s033,7,16.250000000000004,4.67391304347826,0.0,44.0,56,52,50,2,0,6,1.0,12.6953125,0,0,0,0,0,3250,256,16,0,0,0,8.6875,
window_nu0.1,window,none,fidelity,False,True,16,0.1,25,0,False,iid,0.1,0,s033,8,19.249999999999996,8.097826086956525,6.0,38.5,56,51,47,4,0,6,0.94,12.81640625,0,0,0,0,0,3281,256,16,0,0,1,8.25,40.0
window_nu0.1,window,none,fidelity,False,True,16,0.1,25,0,False,iid,0.1,1,s033,2,29.25,18.858695652173914,12.0,57.99999999999999,56,49,44,5,0,6,0.88,14.44921875,0,0,0,0,0,3699,256,16,0,0,1,8.1875,
window_nu0.1,window,none,fidelity,False,True,16,0.1,25,0,False,iid,0.1,1,s033,3,32.25,17.608695652173914,12.0,75.0,56,49,44,5,0,6,0.88,12.55078125,0,0,0,0,0,3213,256,16,0,0,1,7.5,
window_nu0.1,window,none,fidelity,False,True,16,0.1,25,0,False,iid,0.1,1,s033,4,27.750000000000004,17.445652173913043,16.0,70.0,56,47,42,5,0,6,0.84,12.6171875,0,0,0,0,0,3230,256,16,0,0,0,8.875,
window_nu0.1,window,none,fidelity,False,True,16,0.1,25,0,False,iid,0.1,1,s033,5,12.0,0.0,6.0,31.0,56,48,47,1,0,6,0.94,13.4140625,0,0,0,0,0,3434,256,16,0,0,0,7.8125,
window_nu0.1,window,none,fidelity,False,True,16,0.1,25,0,False,iid,0.1,1,s033,6,36.0,22.1195652173913,12.0,75.5,56,48,44,4,0,6,0.88,12.87109375,0,0,0,0,0,3295,256,16,0,0,1,12.875,
window_nu0.1,window,none,fidelity,False,True,16,0.1,25,0,False,iid,0.1,1,s033,7,9.25,1.0869565217391297,2.0,38.0,56,49,49,0,0,6,0.98,12.0859375,0,0,0,0,0,3094,256,16,0,0,0,9.625,
window_nu0.1,window,none,fidelity,False,True,16,0.1,25,0,False,iid,0.1,1,s033,8,16.250000000000004,1.25,6.0,30.0,56,47,47,0,0,6,0.94,11.88671875,0,0,0,0,0,3043,256,16,0,0,0,8.375,0.0
window_nu0.1,window,none,fidelity,False,True,16,0.1,25,0,False,iid,0.1,2,s033,2,31.75,17.77173913043478,14.000000000000002,59.0,56,48,43,5,0,6,0.86,14.71484375,0,0,0,0,0,3767,256,16,0,0,1,9.0,
window_nu0.1,window,none,fidelity,False,True,16,0.1,25,0,False,iid,0.1,2,s033,3,38.75,23.20652173913043,6.0,76.0,56,52,47,5,0,6,0.94,12.46875,0,0,0,0,0,3192,256,16,0,0,3,7.5,
window_nu0.1,window,none,fidelity,False,True,16,0.1,25,0,False,iid,0.1,2,s033,4,31.75,25.543478260869566,16.0,63.0,56,46,42,4,0,6,0.84,12.3359375,0,0,0,0,0,3158,256,16,0,0,0,9.3125,
window_nu0.1,window,none,fidelity,False,True,16,0.1,25,0,False,iid,0.1,2,s033,5,20.0,11.521739130434785,6.0,48.0,56,49,47,2,0,6,0.94,13.69140625,0,0,0,0,0,3505,256,16,0,0,0,7.5,
window_nu0.1,window,none,fidelity,False,True,16,0.1,25,0,False,iid,0.1,2,s033,6,34.0,18.532608695652172,14.000000000000002,72.5,56,48,43,5,0,6,0.86,12.58203125,0,0,0,0,0,3221,256,16,0,0,2,11.5,
window_nu0.1,window,none,fidelity,False,True,16,0.1,25,0,False,iid,0.1,2,s033,7,29.000000000000004,19.6195652173913,2.0,61.5,56,54,49,5,0,6,0.98,12.94921875,0,0,0,0,0,3315,256,16,0,0,1,8.3125,
window_nu0.1,window,none,fidelity,False,True,16,0.1,25,0,False,iid,0.1,2,s033,8,12.5,1.25,6.0,21.0,56,47,47,0,0,6,0.94,11.9453125,0,0,0,0,0,3058,256,16,0,0,0,8.625,0.0
window_nu0.2,window,none,fidelity,False,True,16,0.2,25,0,False,iid,0.1,0,s033,2,25.75,14.021739130434785,14.000000000000002,50.5,56,47,43,4,0,6,0.86,14.48046875,0,0,0,0,0,3707,256,16,0,0,2,9.375,
window_nu0.2,window,none,fidelity,False,True,16,0.2,25,0,False,iid,0.1,0,s033,3,30.75,16.358695652173914,12.0,74.5,56,49,44,5,0,6,0.88,12.44140625,0,0,0,0,0,3185,256,16,0,0,0,7.5,
window_nu0.2,window,none,fidelity,False,True,16,0.2,25,0,False,iid,0.1,0,s033,4,22.250000000000004,1.0869565217391297,16.0,35.5,56,42,42,0,0,6,0.84,11.39453125,0,0,0,0,0,2917,256,16,0,0,0,10.5,
window_nu0.2,window,none,fidelity,False,True,16,0.2,25,0,False,iid,0.1,0,s033,5,12.5,2.5,6.0,26.0,56,49,47,2,0,6,0.94,13.3515625,0,0,0,0,0,3418,256,16,0,0,2,7.5,
window_nu0.2,window,none,fidelity,False,True,16,0.2,25,0,False,iid,0.1,0,s033,6,38.75,23.20652173913043,12.0,70.5,56,48,44,4,0,6,0.88,12.52734375,0,0,0,0,0,3207,256,16,0,0,0,10.6875,
window_nu0.2,window,none,fidelity,False,True,16,0.2,25,0,False,iid,0.1,0,s033,7,16.250000000000004,4.67391304347826,0.0,44.0,56,52,50,2,0,6,1.0,12.703125,0,0,0,0,0,3252,256,16,0,0,0,8.6875,
window_nu0.2,window,none,fidelity,False,True,16,0.2,25,0,False,iid,0.1,0,s033,8,19.249999999999996,8.097826086956525,6.0,38.5,56,51,47,4,0,6,0.94,12.86328125,0,0,0,0,0,3293,256,16,0,0,1,8.25,40.0
window_nu0.2,window,none,fidelity,False,True,16,0.2,25,0,False,iid,0.1,1,s033,2,29.25,18.858695652173914,12.0,57.99999999999999,56,49,44,5,0,6,0.88,14.47265625,0,0,0,0,0,3705,256,16,0,0,1,8.1875,
window_nu0.2,window,none,fidelity,False,True,16,0.2,25,0,False,iid,0.1,1,s033,3,33.5,17.608695652173914,12.0,75.0,56,49,44,5,0,6,0.88,12.55078125,0,0,0,0,0,3213,256,16,0,0,1,7.5,
window_nu0.2,window,none,fidelity,False,True,16,0.2,25,0,False,iid,0.1,1,s033,4,27.750000000000004,17.445652173913043,16.0,70.0,56,47,42,5,0,6,0.84,12.62109375,0,0,0,0,0,3231,256,16,0,0,0,8.875,
window_nu0.2,window,none,fidelity,False,True,16,0.2,25,0,False,iid,0.1,1,s033,5,11.75,0.0,6.0,31.0,56,48,47,1,0,6,0.94,13.4375,0,0,0,0,0,3440,256,16,0,0,0,7.8125,
window_nu0.2,window,none,fidelity,False,True,16,0.2,25,0,False,iid,0.1,1,s033,6,36.0,22.1195652173913,12.0,75.5,56,48,44,4,0,6,0.88,12.91796875,0,0,0,0,0,3307,256,16,0,0,1,12.875,
window_nu0.2,window,none,fidelity,False,True,16,0.2,25,0,False,iid,0.1,1,s033,7,9.25,1.0869565217391297,2.0,38.0,56,49,49,0,0,6,0.98,12.109375,0,0,0,0,0,3100,256,16,0,0,0,9.625,
window_nu0.2,window,none,fidelity,False,True,16,0.2,25,0,False,iid,0.1,1,s033,8,16.250000000000004,1.25,6.0,30.0,56,47,47,0,0,6,0.94,11.9140625,0,0,0,0,0,3050,256,16,0,0,0,8.375,0.0
window_nu0.2,window,none,fidelity,False,True,16,0.2,25,0,False,iid,0.1,2,s033,2,31.75,17.77173913043478,14.000000000000002,59.0,56,48,43,5,0,6,0.86,14.71875,0,0,0,0,0,3768,256,16,0,0,1,9.0,
window_nu0.2,window,none,fidelity,False,True,16,0.2,25,0,False,iid,0.1,2,s033,3,38.75,24.456521739130434,6.0,76.0,56,52,47,5,0,6,0.94,12.4453125,0,0,0,0,0,3186,256,16,0,0,3,7.5,
window_nu0.2,window,none,fidelity,False,True,16,0.2,25,0,False,iid,0.1,2,s033,4,31.75,25.543478260869566,16.0,63.0,56,46,42,4,0,6,0.84,12.3359375,0,0,0,0,0,3158,256,16,0,0,0,9.3125,
window_nu0.2,window,none,fidelity,False,True,16,0.2,25,0,False,iid,0.1,2,s033,5,20.249999999999996,11.521739130434785,6.0,48.0,56,49,47,2,0,6,0.94,13.69140625,0,0,0,0,0,3505,256,16,0,0,0,7.5,
window_nu0.2,window,none,fidelity,False,True,16,0.2,25,0,False,iid,0.1,2,s033,6,34.0,19.782608695652172,14.000000000000002,72.5,56,48,43,5,0,6,0.86,12.60546875,0,0,0,0,0,3227,256,16,0,0,2,11.5,
window_nu0.2,window,none,fidelity,False,True,16,0.2,25,0,False,iid,0.1,2,s033,7,29.000000000000004,19.6195652173913,2.0,61.5,56,54,49,5,0,6,0.98,12.94921875,0,0,0,0,0,3315,256,16,0,0,1,8.3125,
window_nu0.2,window,none,fidelity,False,True,16,0.2,25,0,False,iid,0.1,2,s033,8,12.5,1.25,6.0,21.0,56,47,47,0,0,6,0.94,11.921875,0,0,0,0,0,3052,256,16,0,0,0,8.625,0.0
aeqkad_nu0.1,window,full,fidelity,False,True,16,0.1,25,0,False,iid,0.1,0,s033,2,23.25,9.184782608695654,16.0,41.0,56,40,39,1,0,6,0.78,13.86328125,45,5,3,0,0,3549,256,16,0,0,1,11.5625,
aeqkad_nu0.1,window,full,fidelity,False,True,16,0.1,25,0,False,iid,0.1,0,s033,3,27.500000000000004,10.597826086956525,12.0,62.5,56,45,42,3,0,6,0.84,12.00390625,49,2,1,0,2,3073,256,16,0,0,0,8.3125,
aeqkad_nu0.1,window,full,fidelity,False,True,16,0.1,25,0,False,iid,0.1,0,s033,4,25.5,4.67391304347826,20.0,33.5,56,36,36,0,0,6,0.72,10.671875,40,2,6,0,2,2732,256,16,0,0,0,13.0625,
aeqkad_nu0.1,window,full,fidelity,False,True,16,0.1,25,0,False,iid,0.1,0,s033,5,9.749999999999998,4.67391304347826,6.0,25.0,56,45,44,1,0,6,0.88,12.98828125,51,5,2,0,1,3325,256,16,0,0,1,8.375,
aeqkad_nu0.1,window,full,fidelity,False,True,16,0.1,25,0,False,iid,0.1,0,s033,6,31.75,26.79347826086957,14.000000000000002,71.5,56,39,36,3,0,6,0.72,11.84375,46,5,1,0,2,3032,256,16,0,0,0,14.8125,
aeqkad_nu0.1,window,full,fidelity,False,True,16,0.1,25,0,False,iid,0.1,0,s033,7,10.249999999999998,5.760869565217389,2.0,30.5,56,47,46,1,0,6,0.92,11.2578125,51,2,6,0,2,2882,256,16,0,0,0,9.5625,
aeqkad_nu0.1,window,full,fidelity,False,True,16,0.1,25,0,False,iid,0.1,0,s033,8,11.249999999999998,2.33695652173913,4.0,20.5,56,39,39,0,0,6,0.78,11.34765625,52,10,0,0,3,2905,256,16,0,0,0,11.0,2.0
aeqkad_nu0.1,window,full,fidelity,False,True,16,0.1,25,0,False,iid,0.1,1,s033,2,21.749999999999996,8.097826086956525,10.0,45.5,56,43,41,2,0,6,0.82,13.83203125,50,7,33,0,0,3541,256,16,0,0,1,9.25,
aeqkad_nu0.1,window,full,fidelity,False,True,16,0.1,25,0,False,iid,0.1,1,s033,3,26.25,9.347826086956525,10.0,69.0,56,46,43,3,0,6,0.86,11.984375,50,1,39,0,3,3068,256,16,0,0,1,7.75,
aeqkad_nu0.1,window,full,fidelity,False,True,16,0.1,25,0,False,iid,0.1,1,s033,4,28.000000000000004,15.108695652173914,18.0,64.0,56,39,37,2,0,6,0.74,11.65234375,46,6,36,0,1,2983,256,16,0,0,0,11.125,
aeqkad_nu0.1,window,full,fidelity,False,True,16,0.1,25,0,False,iid,0.1,1,s033,5,9.0,0.0,6.0,30.5,56,45,44,1,0,6,0.88,12.85546875,49,3,37,0,1,3291,256,16,0,0,0,7.8125,
aeqkad_nu0.1,window,full,fidelity,False,True,16,0.1,25,0,False,iid,0.1,1,s033,6,26.0,15.108695652173914,12.0,54.50000000000001,56,41,41,0,0,6,0.82,11.984375,46,4,32,0,1,3068,256,16,0,0,0,15.9375,
aeqkad_nu0.1,window,full,fidelity,False,True,16,0.1,25,0,False,iid,0.1,1,s033,7,10.0,1.0869565217391297,2.0,33.0,56,47,47,0,0,6,0.94,11.44921875,50,1,43,0,2,2931,256,16,0,0,0,10.5,
aeqkad_nu0.1,window,full,fidelity,False,True,16,0.1,25,0,False,iid,0.1,1,s033,8,13.25,6.847826086956524,4.0,27.0,56,40,40,0,0,6,0.8,11.24609375,48,4,38,0,4,2879,256,16,0,0,0,11.0,0.0
aeqkad_nu0.1,window,full,fidelity,False,True,16,0.1,25,0,False,iid,0.1,2,s033,2,30.75,15.108695652173914,14.000000000000002,59.0,56,40,37,3,0,6,0.74,14.03515625,48,8,2,0,0,3593,256,16,0,0,1,12.3125,
aeqkad_nu0.1,window,full,fidelity,False,True,16,0.1,25,0,False,iid,0.1,2,s033,3,29.75,18.695652173913043,10.0,67.0,56,42,41,1,0,6,0.82,11.00390625,49,4,10,0,3,2817,256,16,0,0,0,10.8125,
aeqkad_nu0.1,window,full,fidelity,False,True,16,0.1,25,0,False,iid,0.1,2,s033,4,28.500000000000004,19.782608695652172,18.0,50.5,56,40,37,3,0,6,0.74,11.51953125,45,5,5,0,0,2949,256,16,0,0,0,11.8125,
aeqkad_nu0.1,window,full,fidelity,False,True,16,0.1,25,0,False,iid,0.1,2,s033,5,10.749999999999998,2.5,6.0,31.0,56,45,44,1,0,6,0.88,12.96484375,49,3,3,0,1,3319,256,16,0,0,0,7.5,
aeqkad_nu0.1,window,full,fidelity,False,True,16,0.1,25,0,False,iid,0.1,2,s033,6,32.25,18.532608695652172,12.0,68.0,56,41,38,3,0,6,0.76,11.76171875,49,6,2,0,2,3011,256,16,0,0,1,14.125,
aeqkad_nu0.1,window,full,fidelity,False,True,16,0.1,25,0,False,iid,0.1,2,s033,7,19.749999999999996,3.58695652173913,2.0,52.5,56,50,47,3,0,6,0.94,12.2890625,54,2,5,0,2,3146,256,16,0,0,1,9.0625,
aeqkad_nu0.1,window,full,fidelity,False,True,16,0.1,25,0,False,iid,0.1,2,s033,8,13.25,1.25,4.0,21.5,56,41,41,0,0,6,0.82,11.0703125,48,5,3,0,2,2834,256,16,0,0,0,11.25,0.0
aeqkad_nu0.2,window,full,fidelity,False,True,16,0.2,25,0,False,iid,0.1,0,s033,2,23.25,9.184782608695654,16.0,41.0,56,40,39,1,0,6,0.78,13.86328125,45,5,3,0,0,3549,256,16,0,0,1,11.5625,
aeqkad_nu0.2,window,full,fidelity,False,True,16,0.2,25,0,False,iid,0.1,0,s033,3,27.500000000000004,11.684782608695654,12.0,62.5,56,45,42,3,0,6,0.84,12.02734375,49,2,1,0,2,3079,256,16,0,0,0,8.3125,
aeqkad_nu0.2,window,full,fidelity,False,True,16,0.2,25,0,False,iid,0.1,0,s033,4,25.5,4.67391304347826,20.0,33.5,56,36,36,0,0,6,0.72,10.6484375,40,2,6,0,2,2726,256,16,0,0,0,13.0625,
aeqkad_nu0.2,window,full,fidelity,False,True,16,0.2,25,0,False,iid,0.1,0,s033,5,9.749999999999998,4.67391304347826,6.0,25.0,56,45,44,1,0,6,0.88,13.01171875,51,5,2,0,1,3331,256,16,0,0,1,8.375,
aeqkad_nu0.2,window,full,fidelity,False,True,16,0.2,25,0,False,iid,0.1,0,s033,6,31.75,26.79347826086957,14.000000000000002,71.5,56,39,36,3,0,6,0.72,11.89453125,46,5,1,0,2,3045,256,16,0,0,0,14.8125,
aeqkad_nu0.2,window,full,fidelity,False,True,16,0.2,25,0,False,iid,0.1,0,s033,7,10.249999999999998,5.760869565217389,2.0,30.5,56,47,46,1,0,6,0.92,11.2578125,51,2,5,0,2,2882,256,16,0,0,0,9.5625,
aeqkad_nu0.2,window,full,fidelity,False,True,16,0.2,25,0,False,iid,0.1,0,s033,8,11.249999999999998,2.33695652173913,4.0,20.5,56,39,39,0,0,6,0.78,11.34765625,52,10,0,0,3,2905,256,16,0,0,0,11.0,2.0
aeqkad_nu0.2,window,full,fidelity,False,True,16,0.2,25,0,False,iid,0.1,1,s033,2,21.749999999999996,8.097826086956525,10.0,45.5,56,43,41,2,0,6,0.82,13.85546875,50,7,33,0,0,3547,256,16,0,0,1,9.25,
aeqkad_nu0.2,window,full,fidelity,False,True,16,0.2,25,0,False,iid,0.1,1,s033,3,26.25,9.347826086956525,10.0,69.0,56,46,43,3,0,6,0.86,12.01171875,50,1,38,0,3,3075,256,16,0,0,1,7.75,
aeqkad_nu0.2,window,full,fidelity,False,True,16,0.2,25,0,False,iid,0.1,1,s033,4,28.000000000000004,15.108695652173914,18.0,64.0,56,39,37,2,0,6,0.74,11.6015625,46,6,36,0,1,2970,256,16,0,0,0,11.125,
aeqkad_nu0.2,window,full,fidelity,False,True,16,0.2,25,0,False,iid,0.1,1,s033,5,9.0,0.0,6.0,30.5,56,45,44,1,0,6,0.88,12.875,49,3,37,0,1,3296,256,16,0,0,0,7.8125,
aeqkad_nu0.2,window,full,fidelity,False,True,16,0.2,25,0,False,iid,0.1,1,s033,6,26.0,15.108695652173914,12.0,54.50000000000001,56,41,41,0,0,6,0.82,11.984375,46,4,32,0,1,3068,256,16,0,0,0,15.9375,
aeqkad_nu0.2,window,full,fidelity,False,True,16,0.2,25,0,False,iid,0.1,1,s033,7,10.0,1.0869565217391297,2.0,33.0,56,47,47,0,0,6,0.94,11.453125,50,1,43,0,2,2932,256,16,0,0,0,10.5,
aeqkad_nu0.2,window,full,fidelity,False,True,16,0.2,25,0,False,iid,0.1,1,s033,8,13.25,6.847826086956524,4.0,27.0,56,40,40,0,0,6,0.8,11.29296875,48,4,38,0,4,2891,256,16,0,0,0,11.0,0.0
aeqkad_nu0.2,window,full,fidelity,False,True,16,0.2,25,0,False,iid,0.1,2,s033,2,30.75,15.108695652173914,14.000000000000002,59.0,56,40,37,3,0,6,0.74,14.0390625,48,8,2,0,0,3594,256,16,0,0,1,12.3125,
aeqkad_nu0.2,window,full,fidelity,False,True,16,0.2,25,0,False,iid,0.1,2,s033,3,29.75,18.695652173913043,10.0,67.0,56,42,41,1,0,6,0.82,11.00390625,49,4,10,0,3,2817,256,16,0,0,0,10.8125,
aeqkad_nu0.2,window,full,fidelity,False,True,16,0.2,25,0,False,iid,0.1,2,s033,4,28.500000000000004,19.782608695652172,18.0,50.5,56,40,37,3,0,6,0.74,11.54296875,45,5,5,0,0,2955,256,16,0,0,0,11.8125,
aeqkad_nu0.2,window,full,fidelity,False,True,16,0.2,25,0,False,iid,0.1,2,s033,5,10.749999999999998,2.5,6.0,31.0,56,45,44,1,0,6,0.88,13.01171875,49,3,3,0,1,3331,256,16,0,0,0,7.5,
aeqkad_nu0.2,window,full,fidelity,False,True,16,0.2,25,0,False,iid,0.1,2,s033,6,32.25,18.532608695652172,12.0,68.0,56,41,38,3,0,6,0.76,11.78515625,49,6,2,0,2,3017,256,16,0,0,1,14.125,
aeqkad_nu0.2,window,full,fidelity,False,True,16,0.2,25,0,False,iid,0.1,2,s033,7,19.749999999999996,3.58695652173913,2.0,52.5,56,50,47,3,0,6,0.94,12.296875,54,2,5,0,2,3148,256,16,0,0,1,9.0625,
aeqkad_nu0.2,window,full,fidelity,False,True,16,0.2,25,0,False,iid,0.1,2,s033,8,13.25,1.25,4.0,21.5,56,41,41,0,0,6,0.82,11.0703125,48,5,3,0,2,2834,256,16,0,0,0,11.25,0.0
window_nu0.1,window,none,fidelity,False,True,16,0.1,25,0,False,iid,0.1,0,s034,2,21.499999999999996,6.847826086956524,0.0,69.0,56,56,50,6,0,6,1.0,11.76953125,0,0,0,0,0,3013,256,16,0,0,1,7.5,
window_nu0.1,window,none,fidelity,False,True,16,0.1,25,0,False,iid,0.1,0,s034,3,19.749999999999996,12.771739130434783,4.0,69.0,56,53,48,5,0,6,0.96,11.84765625,0,0,0,0,0,3033,256,16,0,0,3,7.5,
window_nu0.1,window,none,fidelity,False,True,16,0.1,25,0,False,iid,0.1,0,s034,4,16.75,3.58695652173913,4.0,74.0,56,51,48,3,0,6,0.96,10.18359375,0,0,0,0,0,2607,256,16,0,0,1,7.5,
window_nu0.1,window,none,fidelity,False,True,16,0.1,25,0,False,iid,0.1,0,s034,5,32.49999999999999,16.358695652173914,8.0,78.0,56,52,46,6,0,6,0.92,11.25390625,0,0,0,0,0,2881,256,16,0,0,1,9.125,
window_nu0.1,window,none,fidelity,False,True,16,0.1,25,0,False,iid,0.1,0,s034,6,20.999999999999996,17.445652173913043,2.0,70.0,56,54,49,5,0,6,0.98,10.8046875,0,0,0,0,0,2766,256,16,0,0,4,8.6875,
window_nu0.1,window,none,fidelity,False,True,16,0.1,25,0,False,iid,0.1,0,s034,7,22.249999999999996,12.771739130434783,2.0,71.0,56,52,49,3,0,6,0.98,11.140625,0,0,0,0,0,2852,256,16,0,0,1,8.375,
window_nu0.1,window,none,fidelity,False,True,16,0.1,25,0,False,iid,0.1,0,s034,8,15.250000000000002,6.847826086956524,8.0,65.0,56,50,46,4,0,6,0.92,10.7578125,0,0,0,0,0,2754,256,16,0,0,1,9.75,62.0
window_nu0.1,window,none,fidelity,False,True,16,0.1,25,0,False,iid,0.1,1,s034,2,22.249999999999996,11.521739130434785,0.0,71.0,56,53,50,3,0,6,1.0,11.03125,0,0,0,0,0,2824,256,16,0,0,1,8.25,
window_nu0.1,window,none,fidelity,False,True,16,0.1,25,0,False,iid,0.1,1,s034,3,18.000000000000004,7.01086956521739,4.0,64.5,56,51,48,3,0,6,0.96,12.015625,0,0,0,0,0,3076,256,16,0,0,1,8.0,
window_nu0.1,window,none,fidelity,False,True,16,0.1,25,0,False,iid,0.1,1,s034,4,18.500000000000004,9.184782608695654,4.0,67.0,56,50,48,2,0,6,0.96,9.59375,0,0,0,0,0,2456,256,16,0,0,1,8.4375,
window_nu0.1,window,none,fidelity,False,True,16,0.1,25,0,False,iid,0.1,1,s034,5,26.0,14.945652173913043,6.0,76.5,56,52,47,5,0,6,0.94,11.2421875,0,0,0,0,0,2878,256,16,0,0,2,7.625,
window_nu0.1,window,none,fidelity,False,True,16,0.1,25,0,False,iid,0.1,1,s034,6,24.5,19.782608695652172,2.0,73.5,56,54,49,5,0,6,0.98,11.3203125,0,0,0,0,0,2898,256,16,0,0,0,8.1875,
window_nu0.1,window,none,fidelity,False,True,16,0.1,25,0,False,iid,0.1,1,s034,7,21.749999999999996,9.347826086956525,0.0,75.0,56,53,50,3,0,6,1.0,11.0234375,0,0,0,0,0,2822,256,16,0,0,1,8.4375,
window_nu0.1,window,none,fidelity,False,True,16,0.1,25,0,False,iid,0.1,1,s034,8,15.250000000000002,8.097826086956525,6.0,63.5,56,52,47,5,0,6,0.94,10.421875,0,0,0,0,0,2668,256,16,0,0,2,9.125,86.0
window_nu0.1,window,none,fidelity,False,True,16,0.1,25,0,False,iid,0.1,2,s034,2,21.249999999999996,9.347826086956525,0.0,74.0,56,56,50,6,0,6,1.0,11.77734375,0,0,0,0,0,3015,256,16,0,0,2,7.5,
window_nu0.1,window,none,fidelity,False,True,16,0.1,25,0,False,iid,0.1,2,s034,3,22.249999999999996,13.858695652173914,4.0,77.5,56,53,48,5,0,6,0.96,12.47265625,0,0,0,0,0,3193,256,16,0,0,0,8.125,
window_nu0.1,window,none,fidelity,False,True,16,0.1,25,0,False,iid,0.1,2,s034,4,16.250000000000004,7.01086956521739,4.0,70.5,56,52,48,4,0,6,0.96,9.76953125,0,0,0,0,0,2501,256,16,0,0,2,7.5,
window_nu0.1,window,none,fidelity,False,True,16,0.1,25,0,False,iid,0.1,2,s034,5,30.000000000000004,21.032608695652172,2.0,79.0,56,55,49,6,0,6,0.98,11.671875,0,0,0,0,0,2988,256,16,0,0,1,7.5,
window_nu0.1,window,none,fidelity,False,True,16,0.1,25,0,False,iid,0.1,2,s034,6,19.499999999999996,16.195652173913043,2.0,73.0,56,53,49,4,0,6,0.98,10.9453125,0,0,0,0,0,2802,256,16,0,0,2,8.875,
window_nu0.1,window,none,fidelity,False,True,16,0.1,25,0,False,iid,0.1,2,s034,7,21.999999999999996,12.771739130434783,0.0,74.5,56,55,50,5,0,6,1.0,11.40625,0,0,0,0,0,2920,256,16,0,0,0,7.9375,
window_nu0.1,window,none,fidelity,False,True,16,0.1,25,0,False,iid,0.1,2,s034,8,16.500000000000004,9.347826086956525,6.0,65.0,56,52,47,5,0,6,0.94,10.30078125,0,0,0,0,0,2637,256,16,0,0,1,9.4375,90.0
window_nu0.2,window,none,fidelity,False,True,16,0.2,25,0,False,iid,0.1,0,s034,2,21.499999999999996,6.847826086956524,0.0,69.0,56,56,50,6,0,6,1.0,11.84375,0,0,0,0,0,3032,256,16,0,0,1,7.5,
window_nu0.2,window,none,fidelity,False,True,16,0.2,25,0,False,iid,0.1,0,s034,3,19.749999999999996,12.771739130434783,4.0,69.0,56,53,48,5,0,6,0.96,11.84765625,0,0,0,0,0,3033,256,16,0,0,3,7.5,
window_nu0.2,window,none,fidelity,False,True,16,0.2,25,0,False,iid,0.1,0,s034,4,16.75,3.58695652173913,4.0,74.0,56,51,48,3,0,6,0.96,10.18359375,0,0,0,0,0,2607,256,16,0,0,1,7.5,
window_nu0.2,window,none,fidelity,False,True,16,0.2,25,0,False,iid,0.1,0,s034,5,32.49999999999999,16.358695652173914,8.0,78.0,56,52,46,6,0,6,0.92,11.25390625,0,0,0,0,0,2881,256,16,0,0,1,9.125,
window_nu0.2,window,none,fidelity,False,True,16,0.2,25,0,False,iid,0.1,0,s034,6,20.999999999999996,17.445652173913043,2.0,70.0,56,54,49,5,0,6,0.98,10.8046875,0,0,0,0,0,2766,256,16,0,0,4,8.6875,
window_nu0.2,window,none,fidelity,False,True,16,0.2,25,0,False,iid,0.1,0,s034,7,22.249999999999996,12.771739130434783,2.0,71.0,56,52,49,3,0,6,0.98,11.16796875,0,0,0,0,0,2859,256,16,0,0,1,8.375,
window_nu0.2,window,none,fidelity,False,True,16,0.2,25,0,False,iid,0.1,0,s034,8,15.250000000000002,6.847826086956524,8.0,65.0,56,50,46,4,0,6,0.92,10.8046875,0,0,0,0,0,2766,256,16,0,0,1,9.75,62.0
window_nu0.2,window,none,fidelity,False,True,16,0.2,25,0,False,iid,0.1,1,s034,2,22.249999999999996,11.521739130434785,0.0,71.0,56,53,50,3,0,6,1.0,11.10546875,0,0,0,0,0,2843,256,16,0,0,1,8.25,
window_nu0.2,window,none,fidelity,False,True,16,0.2,25,0,False,iid,0.1,1,s034,3,18.000000000000004,7.01086956521739,4.0,64.5,56,51,48,3,0,6,0.96,12.04296875,0,0,0,0,0,3083,256,16,0,0,1,8.0,
window_nu0.2,window,none,fidelity,False,True,16,0.2,25,0,False,iid,0.1,1,s034,4,18.500000000000004,9.184782608695654,4.0,67.0,56,50,48,2,0,6,0.96,9.6171875,0,0,0,0,0,2462,256,16,0,0,1,8.4375,
window_nu0.2,window,none,fidelity,False,True,16,0.2,25,0,False,iid,0.1,1,s034,5,26.0,14.945652173913043,6.0,76.5,56,52,47,5,0,6,0.94,11.2421875,0,0,0,0,0,2878,256,16,0,0,2,7.625,
window_nu0.2,window,none,fidelity,False,True,16,0.2,25,0,False,iid,0.1,1,s034,6,24.5,19.782608695652172,2.0,73.5,56,54,49,5,0,6,0.98,11.3671875,0,0,0,0,0,2910,256,16,0,0,0,8.1875,
window_nu0.2,window,none,fidelity,False,True,16,0.2,25,0,False,iid,0.1,1,s034,7,21.749999999999996,9.347826086956525,0.0,75.0,56,53,50,3,0,6,1.0,11.05078125,0,0,0,0,0,2829,256,16,0,0,1,8.4375,
window_nu0.2,window,none,fidelity,False,True,16,0.2,25,0,False,iid,0.1,1,s034,8,15.250000000000002,8.097826086956525,6.0,63.5,56,52,47,5,0,6,0.94,10.42578125,0,0,0,0,0,2669,256,16,0,0,2,9.125,86.0
window_nu0.2,window,none,fidelity,False,True,16,0.2,25,0,False,iid,0.1,2,s034,2,21.249999999999996,9.347826086956525,0.0,74.0,56,56,50,6,0,6,1.0,11.80078125,0,0,0,0,0,3021,256,16,0,0,2,7.5,
window_nu0.2,window,none,fidelity,False,True,16,0.2,25,0,False,iid,0.1,2,s034,3,22.249999999999996,13.858695652173914,4.0,77.5,56,53,48,5,0,6,0.96,12.44921875,0,0,0,0,0,3187,256,16,0,0,0,8.125,
window_nu0.2,window,none,fidelity,False,True,16,0.2,25,0,False,iid,0.1,2,s034,4,16.250000000000004,7.01086956521739,4.0,70.5,56,52,48,4,0,6,0.96,9.79296875,0,0,0,0,0,2507,256,16,0,0,2,7.5,
window_nu0.2,window,none,fidelity,False,True,16,0.2,25,0,False,iid,0.1,2,s034,5,29.75,21.032608695652172,2.0,79.0,56,55,49,6,0,6,0.98,11.6953125,0,0,0,0,0,2994,256,16,0,0,1,7.5,
window_nu0.2,window,none,fidelity,False,True,16,0.2,25,0,False,iid,0.1,2,s034,6,19.749999999999996,16.195652173913043,2.0,73.0,56,53,49,4,0,6,0.98,10.96875,0,0,0,0,0,2808,256,16,0,0,2,8.875,
window_nu0.2,window,none,fidelity,False,True,16,0.2,25,0,False,iid,0.1,2,s034,7,21.999999999999996,12.771739130434783,0.0,74.5,56,55,50,5,0,6,1.0,11.4296875,0,0,0,0,0,2926,256,16,0,0,0,7.9375,
window_nu0.2,window,none,fidelity,False,True,16,0.2,25,0,False,iid,0.1,2,s034,8,16.500000000000004,9.347826086956525,6.0,65.0,56,52,47,5,0,6,0.94,10.30078125,0,0,0,0,0,2637,256,16,0,0,1,9.4375,90.0
aeqkad_nu0.1,window,full,fidelity,False,True,16,0.1,25,0,False,iid,0.1,0,s034,2,21.0,10.434782608695654,0.0,69.0,56,45,43,2,0,6,0.86,11.0859375,56,11,0,0,0,2838,256,16,0,0,1,9.625,
aeqkad_nu0.1,window,full,fidelity,False,True,16,0.1,25,0,False,iid,0.1,0,s034,3,18.250000000000004,12.771739130434783,4.0,66.0,56,49,46,3,0,6,0.92,11.390625,53,4,0,0,0,2916,256,16,0,0,2,8.3125,
aeqkad_nu0.1,window,full,fidelity,False,True,16,0.1,25,0,False,iid,0.1,0,s034,4,18.000000000000004,4.67391304347826,4.0,69.0,56,48,46,2,0,6,0.92,9.51953125,51,3,0,0,0,2437,256,16,0,0,1,8.8125,
aeqkad_nu0.1,window,full,fidelity,False,True,16,0.1,25,0,False,iid,0.1,0,s034,5,29.75,15.108695652173914,10.0,67.0,56,41,38,3,0,6,0.76,9.12890625,51,9,0,0,1,2337,256,16,0,0,1,10.0625,
aeqkad_nu0.1,window,full,fidelity,False,True,16,0.1,25,0,False,iid,0.1,0,s034,6,18.250000000000004,15.108695652173914,2.0,65.0,56,46,45,1,0,6,0.9,9.578125,53,7,0,0,0,2452,256,16,0,0,0,12.0,
aeqkad_nu0.1,window,full,fidelity,False,True,16,0.1,25,0,False,iid,0.1,0,s034,7,19.499999999999996,10.597826086956525,4.0,64.5,56,42,42,0,0,6,0.84,9.9609375,51,9,0,0,0,2550,256,16,0,0,0,10.0625,
aeqkad_nu0.1,window,full,fidelity,False,True,16,0.1,25,0,False,iid,0.1,0,s034,8,17.500000000000004,8.097826086956525,10.0,52.0,56,42,42,0,0,6,0.84,8.8515625,46,2,0,0,2,2266,256,16,0,0,0,10.5,57.99999999999999
aeqkad_nu0.1,window,full,fidelity,False,True,16,0.1,25,0,False,iid,0.1,1,s034,2,24.25,4.67391304347826,0.0,67.0,56,38,38,0,0,6,0.76,10.2109375,52,14,0,0,0,2614,256,16,0,0,0,13.375,
aeqkad_nu0.1,window,full,fidelity,False,True,16,0.1,25,0,False,iid,0.1,1,s034,3,19.499999999999996,4.67391304347826,4.0,62.0,56,43,43,0,0,6,0.86,10.1640625,52,9,0,0,0,2602,256,16,0,0,0,8.8125,
aeqkad_nu0.1,window,full,fidelity,False,True,16,0.1,25,0,False,iid,0.1,1,s034,4,18.999999999999996,7.01086956521739,4.0,66.5,56,46,45,1,0,6,0.9,9.26171875,50,4,0,0,0,2371,256,16,0,0,0,10.25,
aeqkad_nu0.1,window,full,fidelity,False,True,16,0.1,25,0,False,iid,0.1,1,s034,5,26.75,7.17391304347826,10.0,55.50000000000001,56,38,36,2,0,6,0.72,8.4921875,49,11,0,0,0,2174,256,16,0,0,1,11.4375,
aeqkad_nu0.1,window,full,fidelity,False,True,16,0.1,25,0,False,iid,0.1,1,s034,6,20.249999999999996,16.358695652173914,2.0,67.5,56,45,43,2,0,6,0.86,9.58984375,52,7,0,0,0,2455,256,16,0,0,0,9.0,
aeqkad_nu0.1,window,full,fidelity,False,True,16,0.1,25,0,False,iid,0.1,1,s034,7,25.5,6.847826086956524,4.0,71.5,56,41,41,0,0,6,0.82,9.80859375,51,10,0,0,0,2511,256,16,0,0,0,9.8125,
aeqkad_nu0.1,window,full,fidelity,False,True,16,0.1,25,0,False,iid,0.1,1,s034,8,17.750000000000004,6.847826086956524,6.0,60.5,56,44,43,1,0,6,0.86,8.9453125,52,8,0,0,0,2290,256,16,0,0,0,11.375,84.0
aeqkad_nu0.1,window,full,fidelity,False,True,16,0.1,25,0,False,iid,0.1,2,s034,2,23.75,10.434782608695654,0.0,74.5,56,44,42,2,0,6,0.84,11.09765625,56,12,0,0,0,2841,256,16,0,0,1,10.25,
aeqkad_nu0.1,window,full,fidelity,False,True,16,0.1,25,0,False,iid,0.1,2,s034,3,25.0,12.771739130434783,4.0,70.0,56,47,46,1,0,6,0.92,11.3984375,52,5,0,0,0,2918,256,16,0,0,0,8.125,
aeqkad_nu0.1,window,full,fidelity,False,True,16,0.1,25,0,False,iid,0.1,2,s034,4,16.250000000000004,5.760869565217389,4.0,69.0,56,49,46,3,0,6,0.92,9.30859375,52,3,0,0,0,2383,256,16,0,0,3,8.4375,
aeqkad_nu0.1,window,full,fidelity,False,True,16,0.1,25,0,False,iid,0.1,2,s034,5,29.500000000000004,20.869565217391305,8.0,70.5,56,42,38,4,0,6,0.76,9.59765625,52,10,0,0,0,2457,256,16,0,0,0,10.6875,
aeqkad_nu0.1,window,full,fidelity,False,True,16,0.1,25,0,False,iid,0.1,2,s034,6,21.499999999999996,19.782608695652172,2.0,71.0,56,47,43,4,0,6,0.86,10.16796875,53,6,0,0,0,2603,256,16,0,0,2,9.75,
aeqkad_nu0.1,window,full,fidelity,False,True,16,0.1,25,0,False,iid,0.1,2,s034,7,21.249999999999996,8.097826086956525,0.0,73.0,56,45,42,3,0,6,0.84,10.875,55,9,0,0,1,2784,256,16,0,0,0,8.6875,
aeqkad_nu0.1,window,full,fidelity,False,True,16,0.1,25,0,False,iid,0.1,2,s034,8,16.000000000000004,8.097826086956525,8.0,56.00000000000001,56,45,42,3,0,6,0.84,9.1875,49,3,0,0,1,2352,256,16,0,0,1,9.8125,90.0
aeqkad_nu0.2,window,full,fidelity,False,True,16,0.2,25,0,False,iid,0.1,0,s034,2,27.0,10.434782608695654,0.0,69.0,56,45,43,2,0,6,0.86,11.0859375,56,11,0,0,0,2838,256,16,0,0,1,9.625,
aeqkad_nu0.2,window,full,fidelity,False,True,16,0.2,25,0,False,iid,0.1,0,s034,3,18.250000000000004,12.771739130434783,4.0,66.0,56,49,46,3,0,6,0.92,11.484375,53,4,0,0,0,2940,256,16,0,0,2,8.3125,
aeqkad_nu0.2,window,full,fidelity,False,True,16,0.2,25,0,False,iid,0.1,0,s034,4,18.250000000000004,4.67391304347826,4.0,69.0,56,48,46,2,0,6,0.92,9.5,51,3,0,0,0,2432,256,16,0,0,1,8.8125,
aeqkad_nu0.2,window,full,fidelity,False,True,16,0.2,25,0,False,iid,0.1,0,s034,5,29.75,15.108695652173914,10.0,67.0,56,41,38,3,0,6,0.76,9.15234375,51,9,0,0,1,2343,256,16,0,0,1,10.0625,
aeqkad_nu0.2,window,full,fidelity,False,True,16,0.2,25,0,False,iid,0.1,0,s034,6,18.250000000000004,15.108695652173914,2.0,65.0,56,46,45,1,0,6,0.9,9.6015625,53,7,0,0,0,2458,256,16,0,0,0,12.0,
aeqkad_nu0.2,window,full,fidelity,False,True,16,0.2,25,0,False,iid,0.1,0,s034,7,19.499999999999996,10.597826086956525,4.0,64.5,56,42,42,0,0,6,0.84,9.9609375,51,9,0,0,0,2550,256,16,0,0,0,10.0625,
aeqkad_nu0.2,window,full,fidelity,False,True,16,0.2,25,0,False,iid,0.1,0,s034,8,17.500000000000004,8.097826086956525,10.0,52.0,56,42,42,0,0,6,0.84,8.8515625,46,2,0,0,2,2266,256,16,0,0,0,10.5,57.99999999999999
aeqkad_nu0.2,window,full,fidelity,False,True,16,0.2,25,0,False,iid,0.1,1,s034,2,24.25,4.67391304347826,0.0,67.0,56,38,38,0,0,6,0.76,10.2109375,52,14,0,0,0,2614,256,16,0,0,0,13.375,
aeqkad_nu0.2,window,full,fidelity,False,True,16,0.2,25,0,False,iid,0.1,1,s034,3,19.499999999999996,4.67391304347826,4.0,62.5,56,43,43,0,0,6,0.86,10.1640625,52,9,0,0,0,2602,256,16,0,0,0,8.8125,
aeqkad_nu0.2,window,full,fidelity,False,True,16,0.2,25,0,False,iid,0.1,1,s034,4,18.999999999999996,7.01086956521739,4.0,66.5,56,46,45,1,0,6,0.9,9.2890625,50,4,0,0,0,2378,256,16,0,0,0,10.25,
aeqkad_nu0.2,window,full,fidelity,False,True,16,0.2,25,0,False,iid,0.1,1,s034,5,26.75,7.17391304347826,10.0,56.00000000000001,56,38,36,2,0,6,0.72,8.4921875,49,11,0,0,0,2174,256,16,0,0,1,11.4375,
aeqkad_nu0.2,window,full,fidelity,False,True,16,0.2,25,0,False,iid,0.1,1,s034,6,20.249999999999996,16.358695652173914,2.0,67.5,56,45,43,2,0,6,0.86,9.58984375,52,7,0,0,0,2455,256,16,0,0,0,9.0,
aeqkad_nu0.2,window,full,fidelity,False,True,16,0.2,25,0,False,iid,0.1,1,s034,7,25.5,6.847826086956524,4.0,71.5,56,41,41,0,0,6,0.82,9.80859375,51,10,0,0,0,2511,256,16,0,0,0,9.8125,
aeqkad_nu0.2,window,full,fidelity,False,True,16,0.2,25,0,False,iid,0.1,1,s034,8,17.750000000000004,6.847826086956524,6.0,60.5,56,44,43,1,0,6,0.86,8.94140625,52,8,0,0,0,2289,256,16,0,0,0,11.375,84.0
aeqkad_nu0.2,window,full,fidelity,False,True,16,0.2,25,0,False,iid,0.1,2,s034,2,23.75,10.434782608695654,0.0,74.5,56,44,42,2,0,6,0.84,11.07421875,56,12,0,0,0,2835,256,16,0,0,1,10.25,
aeqkad_nu0.2,window,full,fidelity,False,True,16,0.2,25,0,False,iid,0.1,2,s034,3,25.0,12.771739130434783,4.0,70.0,56,47,46,1,0,6,0.92,11.3984375,52,5,0,0,0,2918,256,16,0,0,0,8.125,
aeqkad_nu0.2,window,full,fidelity,False,True,16,0.2,25,0,False,iid,0.1,2,s034,4,16.250000000000004,5.760869565217389,4.0,69.0,56,49,46,3,0,6,0.92,9.30859375,52,3,0,0,0,2383,256,16,0,0,3,8.4375,
aeqkad_nu0.2,window,full,fidelity,False,True,16,0.2,25,0,False,iid,0.1,2,s034,5,29.500000000000004,20.869565217391305,8.0,70.5,56,42,38,4,0,6,0.76,9.671875,52,10,0,0,0,2476,256,16,0,0,0,10.6875,
aeqkad_nu0.2,window,full,fidelity,False,True,16,0.2,25,0,False,iid,0.1,2,s034,6,21.499999999999996,19.782608695652172,2.0,71.0,56,47,43,4,0,6,0.86,10.1953125,53,6,0,0,0,2610,256,16,0,0,2,9.75,
aeqkad_nu0.2,window,full,fidelity,False,True,16,0.2,25,0,False,iid,0.1,2,s034,7,21.249999999999996,8.097826086956525,0.0,73.0,56,45,42,3,0,6,0.84,10.875,55,9,0,0,1,2784,256,16,0,0,0,8.6875,
aeqkad_nu0.2,window,full,fidelity,False,True,16,0.2,25,0,False,iid,0.1,2,s034,8,16.000000000000004,8.097826086956525,8.0,56.00000000000001,56,45,42,3,0,6,0.84,9.1640625,49,3,0,0,1,2346,256,16,0,0,1,9.8125,90.0
window_nu0.1,window,none,fidelity,False,True,16,0.1,25,0,False,iid,0.1,0,s035,2,28.500000000000004,7.01086956521739,6.0,48.5,56,49,47,2,0,6,0.94,13.98828125,0,0,0,0,0,3581,256,16,0,0,2,9.3125,
window_nu0.1,window,none,fidelity,False,True,16,0.1,25,0,False,iid,0.1,0,s035,3,27.0,3.58695652173913,22.0,31.0,56,40,39,1,0,6,0.78,11.609375,0,0,0,0,0,2972,256,16,0,0,1,10.3125,
window_nu0.1,window,none,fidelity,False,True,16,0.1,25,0,False,iid,0.1,0,s035,4,30.25,16.195652173913043,22.0,52.0,56,42,39,3,0,6,0.78,12.12109375,0,0,0,0,0,3103,256,16,0,0,2,11.0,
window_nu0.1,window,none,fidelity,False,True,16,0.1,25,0,False,iid,0.1,0,s035,5,28.500000000000004,4.67391304347826,16.0,50.5,56,45,42,3,0,6,0.84,11.7578125,0,0,0,0,0,3010,256,16,0,0,2,8.75,
window_nu0.1,window,none,fidelity,False,True,16,0.1,25,0,False,iid,0.1,0,s035,6,13.750000000000002,3.58695652173913,10.0,37.0,56,48,45,3,0,6,0.9,12.75390625,0,0,0,0,0,3265,256,16,0,0,0,8.875,
window_nu0.1,window,none,fidelity,False,True,16,0.1,25,0,False,iid,0.1,0,s035,7,19.499999999999996,10.597826086956525,8.0,46.5,56,52,46,6,0,6,0.92,12.88671875,0,0,0,0,0,3299,256,16,0,0,3,8.1875,
window_nu0.1,window,none,fidelity,False,True,16,0.1,25,0,False,iid,0.1,0,s035,8,28.249999999999996,10.597826086956525,16.0,48.0,56,46,42,4,0,6,0.84,12.79296875,0,0,0,0,0,3275,256,16,0,0,1,8.125,88.0
window_nu0.1,window,none,fidelity,False,True,16,0.1,25,0,False,iid,0.1,1,s035,2,26.25,10.434782608695654,6.0,47.5,56,51,47,4,0,6,0.94,14.2109375,0,0,0,0,0,3638,256,16,0,0,1,8.6875,
window_nu0.1,window,none,fidelity,False,True,16,0.1,25,0,False,iid,0.1,1,s035,3,25.75,7.01086956521739,22.0,30.0,56,42,39,3,0,6,0.78,12.08203125,0,0,0,0,0,3093,256,16,0,0,2,8.9375,
window_nu0.1,window,none,fidelity,False,True,16,0.1,25,0,False,iid,0.1,1,s035,4,26.0,12.608695652173912,24.0,44.0,56,43,38,5,0,6,0.76,11.27734375,0,0,0,0,0,2887,256,16,0,0,2,9.9375,
window_nu0.1,window,none,fidelity,False,True,16,0.1,25,0,False,iid,0.1,1,s035,5,34.25,12.771739130434783,16.0,55.50000000000001,56,47,42,5,0,6,0.84,12.33984375,0,0,0,0,0,3159,256,16,0,0,2,8.1875,
window_nu0.1,window,none,fidelity,False,True,16,0.1,25,0,False,iid,0.1,1,s035,6,13.25,0.0,10.0,23.5,56,45,45,0,0,6,0.9,12.3671875,0,0,0,0,0,3166,256,16,0,0,0,9.75,
window_nu0.1,window,none,fidelity,False,True,16,0.1,25,0,False,iid,0.1,1,s035,7,18.750000000000004,3.423913043478259,8.0,34.0,56,47,46,1,0,6,0.92,12.28515625,0,0,0,0,0,3145,256,16,0,0,0,8.4375,
window_nu0.1,window,none,fidelity,False,True,16,0.1,25,0,False,iid,0.1,1,s035,8,24.25,12.771739130434783,22.0,44.5,56,41,39,2,0,6,0.78,12.0625,0,0,0,0,0,3088,256,16,0,0,1,9.8125,96.0
window_nu0.1,window,none,fidelity,False,True,16,0.1,25,0,False,iid,0.1,2,s035,2,22.749999999999996,4.67391304347826,6.0,53.0,56,50,47,3,0,6,0.94,14.0703125,0,0,0,0,0,3602,256,16,0,0,1,9.0625,
window_nu0.1,window,none,fidelity,False,True,16,0.1,25,0,False,iid,0.1,2,s035,3,21.999999999999996,9.347826086956525,10.0,36.0,56,46,45,1,0,6,0.9,12.5859375,0,0,0,0,0,3222,256,16,0,0,0,9.75,
window_nu0.1,window,none,fidelity,False,True,16,0.1,25,0,False,iid,0.1,2,s035,4,27.749999999999996,8.097826086956525,18.0,51.0,56,43,41,2,0,6,0.82,12.01953125,0,0,0,0,0,3077,256,16,0,0,0,10.5,
window_nu0.1,window,none,fidelity,False,True,16,0.1,25,0,False,iid,0.1,2,s035,5,32.25,7.01086956521739,16.0,57.99999999999999,56,46,42,4,0,6,0.84,11.9453125,0,0,0,0,0,3058,256,16,0,0,1,9.8125,
window_nu0.1,window,none,fidelity,False,True,16,0.1,25,0,False,iid,0.1,2,s035,6,13.750000000000002,2.33695652173913,10.0,40.0,56,47,45,2,0,6,0.9,12.6171875,0,0,0,0,0,3230,256,16,0,0,0,8.875,
window_nu0.1,window,none,fidelity,False,True,16,0.1,25,0,False,iid,0.1,2,s035,7,14.000000000000002,4.67391304347826,6.0,43.5,56,49,47,2,0,6,0.94,12.69921875,0,0,0,0,0,3251,256,16,0,0,1,8.3125,
window_nu0.1,window,none,fidelity,False,True,16,0.1,25,0,False,iid,0.1,2,s035,8,28.000000000000004,9.347826086956525,14.000000000000002,46.5,56,46,43,3,0,6,0.86,13.0625,0,0,0,0,0,3344,256,16,0,0,1,8.75,57.99999999999999
window_nu0.2,window,none,fidelity,False,True,16,0.2,25,0,False,iid,0.1,0,s035,2,28.500000000000004,7.01086956521739,6.0,48.5,56,49,47,2,0,6,0.94,14.01171875,0,0,0,0,0,3587,256,16,0,0,2,9.3125,
window_nu0.2,window,none,fidelity,False,True,16,0.2,25,0,False,iid,0.1,0,s035,3,27.0,3.58695652173913,22.0,31.0,56,40,39,1,0,6,0.78,11.609375,0,0,0,0,0,2972,256,16,0,0,1,10.3125,
window_nu0.2,window,none,fidelity,False,True,16,0.2,25,0,False,iid,0.1,0,s035,4,30.25,16.195652173913043,22.0,52.0,56,42,39,3,0,6,0.78,12.12109375,0,0,0,0,0,3103,256,16,0,0,2,11.0,
window_nu0.2,window,none,fidelity,False,True,16,0.2,25,0,False,iid,0.1,0,s035,5,28.500000000000004,4.67391304347826,16.0,51.0,56,45,42,3,0,6,0.84,11.828125,0,0,0,0,0,3028,256,16,0,0,2,8.75,
window_nu0.2,window,none,fidelity,False,True,16,0.2,25,0,False,iid,0.1,0,s035,6,13.750000000000002,3.58695652173913,10.0,37.0,56,48,45,3,0,6,0.9,12.7265625,0,0,0,0,0,3258,256,16,0,0,0,8.875,
window_nu0.2,window,none,fidelity,False,True,16,0.2,25,0,False,iid,0.1,0,s035,7,19.499999999999996,10.597826086956525,8.0,46.5,56,52,46,6,0,6,0.92,12.88671875,0,0,0,0,0,3299,256,16,0,0,3,8.1875,
window_nu0.2,window,none,fidelity,False,True,16,0.2,25,0,False,iid,0.1,0,s035,8,28.249999999999996,10.597826086956525,16.0,48.0,56,46,42,4,0,6,0.84,12.765625,0,0,0,0,0,3268,256,16,0,0,1,8.125,88.0
window_nu0.2,window,none,fidelity,False,True,16,0.2,25,0,False,iid,0.1,1,s035,2,26.25,10.434782608695654,6.0,47.5,56,51,47,4,0,6,0.94,14.21484375,0,0,0,0,0,3639,256,16,0,0,1,8.6875,
window_nu0.2,window,none,fidelity,False,True,16,0.2,25,0,False,iid,0.1,1,s035,3,25.75,7.01086956521739,22.0,30.0,56,42,39,3,0,6,0.78,12.08203125,0,0,0,0,0,3093,256,16,0,0,2,8.9375,
window_nu0.2,window,none,fidelity,False,True,16,0.2,25,0,False,iid,0.1,1,s035,4,26.0,12.608695652173912,24.0,44.0,56,43,38,5,0,6,0.76,11.3046875,0,0,0,0,0,2894,256,16,0,0,2,9.9375,
window_nu0.2,window,none,fidelity,False,True,16,0.2,25,0,False,iid,0.1,1,s035,5,34.25,12.771739130434783,16.0,55.50000000000001,56,47,42,5,0,6,0.84,12.36328125,0,0,0,0,0,3165,256,16,0,0,2,8.1875,
window_nu0.2,window,none,fidelity,False,True,16,0.2,25,0,False,iid,0.1,1,s035,6,13.25,0.0,10.0,23.5,56,45,45,0,0,6,0.9,12.3671875,0,0,0,0,0,3166,256,16,0,0,0,9.75,
window_nu0.2,window,none,fidelity,False,True,16,0.2,25,0,False,iid,0.1,1,s035,7,18.750000000000004,3.423913043478259,8.0,34.0,56,47,46,1,0,6,0.92,12.2578125,0,0,0,0,0,3138,256,16,0,0,0,8.4375,
window_nu0.2,window,none,fidelity,False,True,16,0.2,25,0,False,iid,0.1,1,s035,8,24.25,12.771739130434783,22.0,44.5,56,41,39,2,0,6,0.78,12.0625,0,0,0,0,0,3088,256,16,0,0,1,9.8125,96.0
window_nu0.2,window,none,fidelity,False,True,16,0.2,25,0,False,iid,0.1,2,s035,2,22.749999999999996,4.67391304347826,6.0,53.0,56,50,47,3,0,6,0.94,14.06640625,0,0,0,0,0,3601,256,16,0,0,1,9.0625,
window_nu0.2,window,none,fidelity,False,True,16,0.2,25,0,False,iid,0.1,2,s035,3,21.999999999999996,9.347826086956525,10.0,36.0,56,46,45,1,0,6,0.9,12.5390625,0,0,0,0,0,3210,256,16,0,0,0,9.75,
window_nu0.2,window,none,fidelity,False,True,16,0.2,25,0,False,iid,0.1,2,s035,4,27.749999999999996,8.097826086956525,18.0,51.0,56,43,41,2,0,6,0.82,12.046875,0,0,0,0,0,3084,256,16,0,0,0,10.5,
window_nu0.2,window,none,fidelity,False,True,16,0.2,25,0,False,iid,0.1,2,s035,5,32.25,7.01086956521739,16.0,57.99999999999999,56,46,42,4,0,6,0.84,11.9453125,0,0,0,0,0,3058,256,16,0,0,1,9.8125,
window_nu0.2,window,none,fidelity,False,True,16,0.2,25,0,False,iid,0.1,2,s035,6,13.750000000000002,2.33695652173913,10.0,40.0,56,47,45,2,0,6,0.9,12.6171875,0,0,0,0,0,3230,256,16,0,0,0,8.875,
window_nu0.2,window,none,fidelity,False,True,16,0.2,25,0,False,iid,0.1,2,s035,7,14.000000000000002,4.67391304347826,6.0,43.5,56,49,47,2,0,6,0.94,12.74609375,0,0,0,0,0,3263,256,16,0,0,1,8.3125,
window_nu0.2,window,none,fidelity,False,True,16,0.2,25,0,False,iid,0.1,2,s035,8,28.000000000000004,9.347826086956525,14.000000000000002,46.5,56,46,43,3,0,6,0.86,13.08984375,0,0,0,0,0,3351,256,16,0,0,1,8.75,57.99999999999999
aeqkad_nu0.1,window,full,fidelity,False,True,16,0.1,25,0,False,iid,0.1,0,s035,2,29.500000000000004,8.097826086956525,12.0,48.5,56,34,33,1,0,6,0.66,13.0,46,10,0,0,2,3328,256,16,0,0,1,14.125,
aeqkad_nu0.1,window,full,fidelity,False,True,16,0.1,25,0,False,iid,0.1,0,s035,3,28.500000000000004,12.771739130434783,26.0,30.5,56,33,33,0,0,6,0.66,10.09765625,38,4,0,0,1,2585,256,16,0,0,0,11.1875,
aeqkad_nu0.1,window,full,fidelity,False,True,16,0.1,25,0,False,iid,0.1,0,s035,4,26.0,15.108695652173914,24.0,45.5,56,34,33,1,0,6,0.66,10.0234375,41,5,0,0,2,2566,256,16,0,0,1,11.8125,
aeqkad_nu0.1,window,full,fidelity,False,True,16,0.1,25,0,False,iid,0.1,0,s035,5,25.25,7.01086956521739,18.0,40.5,56,35,35,0,0,6,0.7,10.3359375,44,7,0,0,2,2646,256,16,0,0,0,14.5625,
aeqkad_nu0.1,window,full,fidelity,False,True,16,0.1,25,0,False,iid,0.1,0,s035,6,12.5,1.25,10.0,23.5,56,42,41,1,0,6,0.82,11.6953125,47,4,0,0,1,2994,256,16,0,0,0,10.25,
aeqkad_nu0.1,window,full,fidelity,False,True,16,0.1,25,0,False,iid,0.1,0,s035,7,16.000000000000004,2.33695652173913,10.0,19.0,56,38,38,0,0,6,0.76,11.203125,48,9,0,0,1,2868,256,16,0,0,0,10.875,
aeqkad_nu0.1,window,full,fidelity,False,True,16,0.1,25,0,False,iid,0.1,0,s035,8,26.249999999999996,13.695652173913043,22.0,30.0,56,33,32,1,0,6,0.64,11.83203125,42,4,0,0,5,3029,256,16,0,0,0,9.0,82.0
aeqkad_nu0.1,window,full,fidelity,False,True,16,0.1,25,0,False,iid,0.1,1,s035,2,31.75,6.08695652173913,14.000000000000002,46.0,56,37,34,3,0,6,0.68,13.52734375,47,10,0,0,0,3463,256,16,0,0,1,12.375,
aeqkad_nu0.1,window,full,fidelity,False,True,16,0.1,25,0,False,iid,0.1,1,s035,3,28.500000000000004,12.934782608695656,28.000000000000004,35.0,56,32,32,0,0,6,0.64,10.76953125,39,7,0,0,0,2757,256,16,0,0,0,10.375,
aeqkad_nu0.1,window,full,fidelity,False,True,16,0.1,25,0,False,iid,0.1,1,s035,4,25.75,12.771739130434783,24.0,44.0,56,40,37,3,0,6,0.74,10.8828125,43,3,0,0,0,2786,256,16,0,0,0,12.4375,
aeqkad_nu0.1,window,full,fidelity,False,True,16,0.1,25,0,False,iid,0.1,1,s035,5,30.500000000000004,10.434782608695654,18.0,50.0,56,38,35,3,0,6,0.7,10.6640625,46,6,0,0,2,2730,256,16,0,0,2,12.4375,
aeqkad_nu0.1,window,full,fidelity,False,True,16,0.1,25,0,False,iid,0.1,1,s035,6,11.75,0.0,10.0,19.5,56,43,43,0,0,6,0.86,11.65625,45,2,0,0,0,2984,256,16,0,0,0,10.5,
aeqkad_nu0.1,window,full,fidelity,False,True,16,0.1,25,0,False,iid,0.1,1,s035,7,13.750000000000002,1.25,8.0,16.5,56,39,39,0,0,6,0.78,11.43359375,46,5,0,0,2,2927,256,16,0,0,0,9.5,
aeqkad_nu0.1,window,full,fidelity,False,True,16,0.1,25,0,False,iid,0.1,1,s035,8,19.25,4.83695652173913,24.0,36.5,56,36,35,1,0,6,0.7,11.3671875,40,1,0,0,3,2910,256,16,0,0,1,9.8125,96.0
aeqkad_nu0.1,window,full,fidelity,False,True,16,0.1,25,0,False,iid,0.1,2,s035,2,30.25,7.01086956521739,12.0,43.5,56,36,35,1,0,6,0.7,13.140625,46,10,18,0,0,3364,256,16,0,0,1,11.8125,
aeqkad_nu0.1,window,full,fidelity,False,True,16,0.1,25,0,False,iid,0.1,2,s035,3,30.500000000000004,14.021739130434785,26.0,38.5,56,35,34,1,0,6,0.68,10.953125,38,3,17,0,0,2804,256,16,0,0,0,10.875,
aeqkad_nu0.1,window,full,fidelity,False,True,16,0.1,25,0,False,iid,0.1,2,s035,4,25.75,8.097826086956525,22.0,45.5,56,38,37,1,0,6,0.74,11.03515625,41,3,24,0,0,2825,256,16,0,0,0,11.125,
aeqkad_nu0.1,window,full,fidelity,False,True,16,0.1,25,0,False,iid,0.1,2,s035,5,29.75,5.923913043478259,18.0,47.5,56,40,39,1,0,6,0.78,10.46875,44,3,20,0,1,2680,256,16,0,0,1,10.875,
aeqkad_nu0.1,window,full,fidelity,False,True,16,0.1,25,0,False,iid,0.1,2,s035,6,12.25,1.25,10.0,21.0,56,44,44,0,0,6,0.88,11.80859375,45,1,20,0,0,3023,256,16,0,0,0,8.875,
aeqkad_nu0.1,window,full,fidelity,False,True,16,0.1,25,0,False,iid,0.1,2,s035,7,15.000000000000002,4.67391304347826,4.0,35.5,56,42,42,0,0,6,0.84,11.421875,50,8,17,0,0,2924,256,16,0,0,0,9.5,
aeqkad_nu0.1,window,full,fidelity,False,True,16,0.1,25,0,False,iid,0.1,2,s035,8,26.5,2.33695652173913,22.0,35.0,56,37,36,1,0,6,0.72,12.04296875,40,1,17,0,2,3083,256,16,0,0,1,8.75,60.0
aeqkad_nu0.2,window,full,fidelity,False,True,16,0.2,25,0,False,iid,0.1,0,s035,2,29.500000000000004,8.097826086956525,12.0,48.5,56,34,33,1,0,6,0.66,12.92578125,46,10,0,0,2,3309,256,16,0,0,1,14.125,
aeqkad_nu0.2,window,full,fidelity,False,True,16,0.2,25,0,False,iid,0.1,0,s035,3,28.249999999999996,12.771739130434783,26.0,30.5,56,33,33,0,0,6,0.66,10.09765625,38,4,0,0,1,2585,256,16,0,0,0,11.1875,
aeqkad_nu0.2,window,full,fidelity,False,True,16,0.2,25,0,False,iid,0.1,0,s035,4,26.0,15.108695652173914,24.0,45.5,56,34,33,1,0,6,0.66,10.046875,41,5,0,0,2,2572,256,16,0,0,1,11.8125,
aeqkad_nu0.2,window,full,fidelity,False,True,16,0.2,25,0,False,iid,0.1,0,s035,5,25.25,7.01086956521739,18.0,40.5,56,35,35,0,0,6,0.7,10.3359375,44,7,0,0,2,2646,256,16,0,0,0,14.5625,
aeqkad_nu0.2,window,full,fidelity,False,True,16,0.2,25,0,False,iid,0.1,0,s035,6,12.5,1.25,10.0,23.5,56,42,41,1,0,6,0.82,11.6953125,47,4,0,0,1,2994,256,16,0,0,0,10.25,
aeqkad_nu0.2,window,full,fidelity,False,True,16,0.2,25,0,False,iid,0.1,0,s035,7,16.000000000000004,2.33695652173913,10.0,19.0,56,38,38,0,0,6,0.76,11.203125,48,9,0,0,1,2868,256,16,0,0,0,10.875,
aeqkad_nu0.2,window,full,fidelity,False,True,16,0.2,25,0,False,iid,0.1,0,s035,8,26.749999999999996,13.695652173913043,22.0,30.5,56,32,31,1,0,6,0.62,11.78125,42,5,0,0,5,3016,256,16,0,0,1,9.1875,90.0
aeqkad_nu0.2,window,full,fidelity,False,True,16,0.2,25,0,False,iid,0.1,1,s035,2,31.75,6.08695652173913,14.000000000000002,46.0,56,37,34,3,0,6,0.68,13.52734375,47,10,0,0,0,3463,256,16,0,0,1,12.375,
aeqkad_nu0.2,window,full,fidelity,False,True,16,0.2,25,0,False,iid,0.1,1,s035,3,28.500000000000004,12.934782608695656,28.000000000000004,35.0,56,32,32,0,0,6,0.64,10.76953125,39,7,0,0,0,2757,256,16,0,0,0,10.375,
aeqkad_nu0.2,window,full,fidelity,False,True,16,0.2,25,0,False,iid,0.1,1,s035,4,25.75,12.771739130434783,24.0,44.0,56,40,37,3,0,6,0.74,10.8828125,43,3,0,0,0,2786,256,16,0,0,0,12.4375,
aeqkad_nu0.2,window,full,fidelity,False,True,16,0.2,25,0,False,iid,0.1,1,s035,5,30.500000000000004,10.434782608695654,18.0,50.0,56,38,35,3,0,6,0.7,10.7109375,46,6,0,0,2,2742,256,16,0,0,2,12.4375,
aeqkad_nu0.2,window,full,fidelity,False,True,16,0.2,25,0,False,iid,0.1,1,s035,6,11.75,0.0,10.0,19.5,56,43,43,0,0,6,0.86,11.703125,45,2,0,0,0,2996,256,16,0,0,0,10.5,
aeqkad_nu0.2,window,full,fidelity,False,True,16,0.2,25,0,False,iid,0.1,1,s035,7,13.750000000000002,1.25,8.0,16.5,56,39,39,0,0,6,0.78,11.50390625,46,5,0,0,2,2945,256,16,0,0,0,9.5,
aeqkad_nu0.2,window,full,fidelity,False,True,16,0.2,25,0,False,iid,0.1,1,s035,8,19.25,4.83695652173913,24.0,36.5,56,36,35,1,0,6,0.7,11.47265625,40,1,0,0,3,2937,256,16,0,0,1,9.8125,96.0
aeqkad_nu0.2,window,full,fidelity,False,True,16,0.2,25,0,False,iid,0.1,2,s035,2,30.25,7.01086956521739,12.0,43.5,56,36,35,1,0,6,0.7,13.140625,46,10,18,0,0,3364,256,16,0,0,1,11.8125,
aeqkad_nu0.2,window,full,fidelity,False,True,16,0.2,25,0,False,iid,0.1,2,s035,3,30.500000000000004,14.021739130434785,26.0,38.5,56,35,34,1,0,6,0.68,10.953125,38,3,17,0,0,2804,256,16,0,0,0,10.875,
aeqkad_nu0.2,window,full,fidelity,False,True,16,0.2,25,0,False,iid,0.1,2,s035,4,25.75,8.097826086956525,22.0,45.0,56,38,37,1,0,6,0.74,11.125,41,3,24,0,0,2848,256,16,0,0,0,11.125,
aeqkad_nu0.2,window,full,fidelity,False,True,16,0.2,25,0,False,iid,0.1,2,s035,5,29.75,5.923913043478259,18.0,47.5,56,40,39,1,0,6,0.78,10.4921875,44,3,20,0,1,2686,256,16,0,0,1,10.875,
aeqkad_nu0.2,window,full,fidelity,False,True,16,0.2,25,0,False,iid,0.1,2,s035,6,12.25,1.25,10.0,21.0,56,44,44,0,0,6,0.88,11.85546875,45,1,20,0,0,3035,256,16,0,0,0,8.875,
aeqkad_nu0.2,window,full,fidelity,False,True,16,0.2,25,0,False,iid,0.1,2,s035,7,15.000000000000002,4.67391304347826,4.0,35.5,56,42,42,0,0,6,0.84,11.3984375,50,8,19,0,0,2918,256,16,0,0,0,9.5,
aeqkad_nu0.2,window,full,fidelity,False,True,16,0.2,25,0,False,iid,0.1,2,s035,8,26.5,2.33695652173913,22.0,35.0,56,37,36,1,0,6,0.72,12.07421875,40,1,17,0,2,3091,256,16,0,0,1,8.75,60.0
window_nu0.1,window,none,fidelity,False,True,16,0.1,25,0,False,iid,0.1,0,s036,2,2.500000000000001,0.0,0.0,22.0,56,51,50,1,0,6,1.0,10.42578125,0,0,0,0,0,2669,256,16,0,0,0,7.5,
window_nu0.1,window,none,fidelity,False,True,16,0.1,25,0,False,iid,0.1,0,s036,3,7.500000000000003,0.0,2.0,14.000000000000002,56,50,49,1,0,6,0.98,10.15234375,0,0,0,0,0,2599,256,16,0,0,0,8.375,
window_nu0.1,window,none,fidelity,False,True,16,0.1,25,0,False,iid,0.1,0,s036,4,2.250000000000001,0.0,0.0,11.0,56,52,50,2,0,6,1.0,9.640625,0,0,0,0,0,2468,256,16,0,0,0,7.5,
window_nu0.1,window,none,fidelity,False,True,16,0.1,25,0,False,iid,0.1,0,s036,5,1.7500000000000009,0.0,0.0,21.0,56,55,50,5,0,6,1.0,9.77734375,0,0,0,0,0,2503,256,16,0,0,4,7.5,
window_nu0.1,window,none,fidelity,False,True,16,0.1,25,0,False,iid,0.1,0,s036,6,2.500000000000001,0.0,0.0,19.0,56,51,50,1,0,6,1.0,8.85546875,0,0,0,0,0,2267,256,16,0,0,0,9.1875,
window_nu0.1,window,none,fidelity,False,True,16,0.1,25,0,False,iid,0.1,0,s036,7,0.0,0.0,0.0,3.5000000000000004,56,50,50,0,0,6,1.0,7.6796875,0,0,0,0,0,1966,256,16,0,0,0,9.0,
window_nu0.1,window,none,fidelity,False,True,16,0.1,25,0,False,iid,0.1,0,s036,8,2.250000000000001,0.0,0.0,12.5,56,51,50,1,0,6,1.0,11.859375,0,0,0,0,0,3036,256,16,0,0,0,8.625,0.0
window_nu0.1,window,none,fidelity,False,True,16,0.1,25,0,False,iid,0.1,1,s036,2,2.500000000000001,0.0,0.0,22.5,56,52,50,2,0,6,1.0,10.375,0,0,0,0,0,2656,256,16,0,0,0,8.4375,
window_nu0.1,window,none,fidelity,False,True,16,0.1,25,0,False,iid,0.1,1,s036,3,4.500000000000002,0.0,4.0,6.0,56,48,48,0,0,6,0.96,9.80859375,0,0,0,0,0,2511,256,16,0,0,0,10.0,
window_nu0.1,window,none,fidelity,False,True,16,0.1,25,0,False,iid,0.1,1,s036,4,0.0,0.0,0.0,2.5,56,50,50,0,0,6,1.0,9.3125,0,0,0,0,0,2384,256,16,0,0,0,8.0,
window_nu0.1,window,none,fidelity,False,True,16,0.1,25,0,False,iid,0.1,1,s036,5,2.250000000000001,0.0,0.0,12.0,56,52,50,2,0,6,1.0,9.078125,0,0,0,0,0,2324,256,16,0,0,0,7.5,
window_nu0.1,window,none,fidelity,False,True,16,0.1,25,0,False,iid,0.1,1,s036,6,0.0,0.0,0.0,4.0,56,50,50,0,0,6,1.0,8.01953125,0,0,0,0,0,2053,256,16,0,0,0,7.5,
window_nu0.1,window,none,fidelity,False,True,16,0.1,25,0,False,iid,0.1,1,s036,7,0.0,0.0,0.0,4.0,56,50,50,0,0,6,1.0,7.45703125,0,0,0,0,0,1909,256,16,0,0,0,8.5625,
window_nu0.1,window,none,fidelity,False,True,16,0.1,25,0,False,iid,0.1,1,s036,8,5.750000000000003,3.423913043478259,0.0,22.0,56,52,50,2,0,6,1.0,11.46875,0,0,0,0,0,2936,256,16,0,0,0,7.5,2.0
window_nu0.1,window,none,fidelity,False,True,16,0.1,25,0,False,iid,0.1,2,s036,2,2.000000000000001,0.0,2.0,10.5,56,51,49,2,0,6,0.98,10.3125,0,0,0,0,0,2640,256,16,0,0,0,9.375,
window_nu0.1,window,none,fidelity,False,True,16,0.1,25,0,False,iid,0.1,2,s036,3,7.0000000000000036,0.0,6.0,4.0,56,47,47,0,0,6,0.94,9.76953125,0,0,0,0,0,2501,256,16,0,0,0,10.5,
window_nu0.1,window,none,fidelity,False,True,16,0.1,25,0,False,iid,0.1,2,s036,4,0.0,0.0,0.0,1.5,56,50,50,0,0,6,1.0,9.20703125,0,0,0,0,0,2357,256,16,0,0,0,8.8125,
window_nu0.1,window,none,fidelity,False,True,16,0.1,25,0,False,iid,0.1,2,s036,5,0.0,0.0,0.0,4.0,56,50,50,0,0,6,1.0,9.34765625,0,0,0,0,0,2393,256,16,0,0,0,9.0625,
window_nu0.1,window,none,fidelity,False,True,16,0.1,25,0,False,iid,0.1,2,s036,6,1.7500000000000009,0.0,0.0,4.0,56,50,50,0,0,6,1.0,8.2734375,0,0,0,0,0,2118,256,16,0,0,0,9.3125,
window_nu0.1,window,none,fidelity,False,True,16,0.1,25,0,False,iid,0.1,2,s036,7,0.5,0.0,0.0,3.5000000000000004,56,50,50,0,0,6,1.0,7.63671875,0,0,0,0,0,1955,256,16,0,0,0,9.0625,
window_nu0.1,window,none,fidelity,False,True,16,0.1,25,0,False,iid,0.1,2,s036,8,2.250000000000001,0.0,0.0,8.0,56,51,50,1,0,6,1.0,11.27734375,0,0,0,0,0,2887,256,16,0,0,0,7.5,76.0
window_nu0.2,window,none,fidelity,False,True,16,0.2,25,0,False,iid,0.1,0,s036,2,2.500000000000001,0.0,0.0,22.0,56,51,50,1,0,6,1.0,10.42578125,0,0,0,0,0,2669,256,16,0,0,0,7.5,
window_nu0.2,window,none,fidelity,False,True,16,0.2,25,0,False,iid,0.1,0,s036,3,7.500000000000003,0.0,2.0,14.000000000000002,56,50,49,1,0,6,0.98,10.15234375,0,0,0,0,0,2599,256,16,0,0,0,8.375,
window_nu0.2,window,none,fidelity,False,True,16,0.2,25,0,False,iid,0.1,0,s036,4,2.250000000000001,0.0,0.0,11.0,56,52,50,2,0,6,1.0,9.640625,0,0,0,0,0,2468,256,16,0,0,0,7.5,
window_nu0.2,window,none,fidelity,False,True,16,0.2,25,0,False,iid,0.1,0,s036,5,1.7500000000000009,0.0,0.0,21.0,56,55,50,5,0,6,1.0,9.80078125,0,0,0,0,0,2509,256,16,0,0,4,7.5,
window_nu0.2,window,none,fidelity,False,True,16,0.2,25,0,False,iid,0.1,0,s036,6,2.500000000000001,0.0,0.0,19.0,56,51,50,1,0,6,1.0,8.90234375,0,0,0,0,0,2279,256,16,0,0,0,9.1875,
window_nu0.2,window,none,fidelity,False,True,16,0.2,25,0,False,iid,0.1,0,s036,7,0.0,0.0,0.0,3.5000000000000004,56,50,50,0,0,6,1.0,7.6796875,0,0,0,0,0,1966,256,16,0,0,0,9.0,
window_nu0.2,window,none,fidelity,False,True,16,0.2,25,0,False,iid,0.1,0,s036,8,2.250000000000001,0.0,0.0,12.5,56,51,50,1,0,6,1.0,11.87890625,0,0,0,0,0,3041,256,16,0,0,0,8.625,0.0
window_nu0.2,window,none,fidelity,False,True,16,0.2,25,0,False,iid,0.1,1,s036,2,2.500000000000001,0.0,0.0,22.5,56,52,50,2,0,6,1.0,10.37890625,0,0,0,0,0,2657,256,16,0,0,0,8.4375,
window_nu0.2,window,none,fidelity,False,True,16,0.2,25,0,False,iid,0.1,1,s036,3,4.500000000000002,0.0,4.0,6.0,56,48,48,0,0,6,0.96,9.78515625,0,0,0,0,0,2505,256,16,0,0,0,10.0,
window_nu0.2,window,none,fidelity,False,True,16,0.2,25,0,False,iid,0.1,1,s036,4,0.0,0.0,0.0,2.5,56,50,50,0,0,6,1.0,9.3125,0,0,0,0,0,2384,256,16,0,0,0,8.0,
window_nu0.2,window,none,fidelity,False,True,16,0.2,25,0,False,iid,0.1,1,s036,5,2.250000000000001,0.0,0.0,12.0,56,52,50,2,0,6,1.0,9.05859375,0,0,0,0,0,2319,256,16,0,0,0,7.5,
window_nu0.2,window,none,fidelity,False,True,16,0.2,25,0,False,iid,0.1,1,s036,6,0.0,0.0,0.0,4.0,56,50,50,0,0,6,1.0,8.07421875,0,0,0,0,0,2067,256,16,0,0,0,7.5,
window_nu0.2,window,none,fidelity,False,True,16,0.2,25,0,False,iid,0.1,1,s036,7,0.0,0.0,0.0,4.0,56,50,50,0,0,6,1.0,7.45703125,0,0,0,0,0,1909,256,16,0,0,0,8.5625,
window_nu0.2,window,none,fidelity,False,True,16,0.2,25,0,False,iid,0.1,1,s036,8,5.750000000000003,3.423913043478259,0.0,22.0,56,52,50,2,0,6,1.0,11.46875,0,0,0,0,0,2936,256,16,0,0,0,7.5,2.0
window_nu0.2,window,none,fidelity,False,True,16,0.2,25,0,False,iid,0.1,2,s036,2,2.000000000000001,0.0,2.0,10.5,56,51,49,2,0,6,0.98,10.3671875,0,0,0,0,0,2654,256,16,0,0,0,9.375,
window_nu0.2,window,none,fidelity,False,True,16,0.2,25,0,False,iid,0.1,2,s036,3,7.0000000000000036,0.0,6.0,4.0,56,47,47,0,0,6,0.94,9.79296875,0,0,0,0,0,2507,256,16,0,0,0,10.5,
window_nu0.2,window,none,fidelity,False,True,16,0.2,25,0,False,iid,0.1,2,s036,4,0.0,0.0,0.0,1.5,56,50,50,0,0,6,1.0,9.25390625,0,0,0,0,0,2369,256,16,0,0,0,8.8125,
window_nu0.2,window,none,fidelity,False,True,16,0.2,25,0,False,iid,0.1,2,s036,5,0.0,0.0,0.0,4.0,56,50,50,0,0,6,1.0,9.41796875,0,0,0,0,0,2411,256,16,0,0,0,9.0625,
window_nu0.2,window,none,fidelity,False,True,16,0.2,25,0,False,iid,0.1,2,s036,6,1.7500000000000009,0.0,0.0,4.0,56,50,50,0,0,6,1.0,8.26953125,0,0,0,0,0,2117,256,16,0,0,0,9.3125,
window_nu0.2,window,none,fidelity,False,True,16,0.2,25,0,False,iid,0.1,2,s036,7,0.5,0.0,0.0,3.5000000000000004,56,50,50,0,0,6,1.0,7.640625,0,0,0,0,0,1956,256,16,0,0,0,9.0625,
window_nu0.2,window,none,fidelity,False,True,16,0.2,25,0,False,iid,0.1,2,s036,8,2.250000000000001,0.0,0.0,8.0,56,51,50,1,0,6,1.0,11.27734375,0,0,0,0,0,2887,256,16,0,0,0,7.5,76.0
aeqkad_nu0.1,window,full,fidelity,False,True,16,0.1,25,0,False,iid,0.1,0,s036,2,2.250000000000001,0.0,0.0,21.5,56,47,47,0,0,6,0.94,10.1171875,51,3,0,0,1,2590,256,16,0,0,0,7.5625,
aeqkad_nu0.1,window,full,fidelity,False,True,16,0.1,25,0,False,iid,0.1,0,s036,3,6.7500000000000036,0.0,2.0,8.5,56,44,44,0,0,6,0.88,9.44140625,50,4,0,0,2,2417,256,16,0,0,0,9.8125,
aeqkad_nu0.1,window,full,fidelity,False,True,16,0.1,25,0,False,iid,0.1,0,s036,4,0.0,0.0,0.0,4.0,56,47,47,0,0,6,0.94,8.984375,52,1,0,0,4,2300,256,16,0,0,0,7.8125,
aeqkad_nu0.1,window,full,fidelity,False,True,16,0.1,25,0,False,iid,0.1,0,s036,5,0.25,0.0,0.0,7.5,56,50,50,0,0,6,1.0,9.39453125,51,1,0,0,0,2405,256,16,0,0,0,9.9375,
aeqkad_nu0.1,window,full,fidelity,False,True,16,0.1,25,0,False,iid,0.1,0,s036,6,1.7500000000000009,0.0,0.0,10.5,56,48,48,0,0,6,0.96,8.01953125,51,1,0,0,2,2053,256,16,0,0,0,9.875,
aeqkad_nu0.1,window,full,fidelity,False,True,16,0.1,25,0,False,iid,0.1,0,s036,7,0.0,0.0,0.0,3.0,56,46,46,0,0,6,0.92,7.0390625,50,0,0,0,4,1802,256,16,0,0,0,9.0625,
aeqkad_nu0.1,window,full,fidelity,False,True,16,0.1,25,0,False,iid,0.1,0,s036,8,2.500000000000001,0.0,0.0,6.0,56,34,34,0,0,6,0.68,10.375,50,9,0,0,7,2656,256,16,0,0,0,8.625,0.0
aeqkad_nu0.1,window,full,fidelity,False,True,16,0.1,25,0,False,iid,0.1,1,s036,2,2.500000000000001,0.0,0.0,13.5,56,47,47,0,0,6,0.94,10.203125,52,4,0,0,1,2612,256,16,0,0,0,8.5,
aeqkad_nu0.1,window,full,fidelity,False,True,16,0.1,25,0,False,iid,0.1,1,s036,3,4.500000000000002,0.0,4.0,6.0,56,44,44,0,0,6,0.88,9.5625,48,2,0,0,2,2448,256,16,0,0,0,11.4375,
aeqkad_nu0.1,window,full,fidelity,False,True,16,0.1,25,0,False,iid,0.1,1,s036,4,0.0,0.0,0.0,3.0,56,47,47,0,0,6,0.94,8.86328125,50,1,0,0,2,2269,256,16,0,0,0,8.3125,
aeqkad_nu0.1,window,full,fidelity,False,True,16,0.1,25,0,False,iid,0.1,1,s036,5,0.0,0.0,0.0,4.0,56,49,49,0,0,6,0.98,8.8828125,51,2,0,0,0,2274,256,16,0,0,0,7.9375,
aeqkad_nu0.1,window,full,fidelity,False,True,16,0.1,25,0,False,iid,0.1,1,s036,6,0.0,0.0,0.0,6.0,56,48,48,0,0,6,0.96,8.0703125,50,0,0,0,2,2066,256,16,0,0,0,8.1875,
aeqkad_nu0.1,window,full,fidelity,False,True,16,0.1,25,0,False,iid,0.1,1,s036,7,0.0,0.0,0.0,4.5,56,49,49,0,0,6,0.98,7.625,50,0,0,0,1,1952,256,16,0,0,0,8.5625,
aeqkad_nu0.1,window,full,fidelity,False,True,16,0.1,25,0,False,iid,0.1,1,s036,8,6.250000000000003,4.67391304347826,0.0,9.5,56,37,37,0,0,6,0.74,9.703125,51,9,0,0,5,2484,256,16,0,0,0,7.5,0.0
aeqkad_nu0.1,window,full,fidelity,False,True,16,0.1,25,0,False,iid,0.1,2,s036,2,1.7500000000000009,0.0,2.0,8.0,56,47,46,1,0,6,0.92,10.265625,51,3,0,0,1,2628,256,16,0,0,0,9.4375,
aeqkad_nu0.1,window,full,fidelity,False,True,16,0.1,25,0,False,iid,0.1,2,s036,3,6.000000000000003,0.0,6.0,5.0,56,44,44,0,0,6,0.88,9.54296875,47,1,0,0,2,2443,256,16,0,0,0,10.8125,
aeqkad_nu0.1,window,full,fidelity,False,True,16,0.1,25,0,False,iid,0.1,2,s036,4,0.0,0.0,0.0,2.0,56,47,47,0,0,6,0.94,8.796875,50,1,0,0,2,2252,256,16,0,0,0,9.1875,
aeqkad_nu0.1,window,full,fidelity,False,True,16,0.1,25,0,False,iid,0.1,2,s036,5,0.0,0.0,0.0,4.5,56,49,49,0,0,6,0.98,8.97265625,50,1,0,0,0,2297,256,16,0,0,0,9.5,
aeqkad_nu0.1,window,full,fidelity,False,True,16,0.1,25,0,False,iid,0.1,2,s036,6,1.7500000000000009,0.0,0.0,4.5,56,48,48,0,0,6,0.96,7.9921875,50,0,0,0,2,2046,256,16,0,0,0,10.0,
aeqkad_nu0.1,window,full,fidelity,False,True,16,0.1,25,0,False,iid,0.1,2,s036,7,0.0,0.0,0.0,0.5,56,49,49,0,0,6,0.98,7.12890625,50,0,0,0,1,1825,256,16,0,0,0,9.0625,
aeqkad_nu0.1,window,full,fidelity,False,True,16,0.1,25,0,False,iid,0.1,2,s036,8,2.250000000000001,0.0,2.0,3.5000000000000004,56,37,37,0,0,6,0.74,9.953125,49,7,0,0,5,2548,256,16,0,0,0,7.5,76.0
aeqkad_nu0.2,window,full,fidelity,False,True,16,0.2,25,0,False,iid,0.1,0,s036,2,2.250000000000001,0.0,0.0,21.5,56,47,47,0,0,6,0.94,10.19140625,51,3,0,0,1,2609,256,16,0,0,0,7.5625,
aeqkad_nu0.2,window,full,fidelity,False,True,16,0.2,25,0,False,iid,0.1,0,s036,3,6.7500000000000036,0.0,2.0,8.5,56,44,44,0,0,6,0.88,9.48828125,50,4,0,0,2,2429,256,16,0,0,0,9.8125,
aeqkad_nu0.2,window,full,fidelity,False,True,16,0.2,25,0,False,iid,0.1,0,s036,4,0.0,0.0,0.0,4.0,56,47,47,0,0,6,0.94,8.984375,52,1,0,0,4,2300,256,16,0,0,0,7.8125,
aeqkad_nu0.2,window,full,fidelity,False,True,16,0.2,25,0,False,iid,0.1,0,s036,5,0.25,0.0,0.0,7.5,56,50,50,0,0,6,1.0,9.41796875,51,1,0,0,0,2411,256,16,0,0,0,9.9375,
aeqkad_nu0.2,window,full,fidelity,False,True,16,0.2,25,0,False,iid,0.1,0,s036,6,1.7500000000000009,0.0,0.0,10.5,56,48,48,0,0,6,0.96,8.046875,51,1,0,0,2,2060,256,16,0,0,0,9.875,
aeqkad_nu0.2,window,full,fidelity,False,True,16,0.2,25,0,False,iid,0.1,0,s036,7,0.0,0.0,0.0,3.0,56,46,46,0,0,6,0.92,7.0078125,50,0,0,0,4,1794,256,16,0,0,0,9.0625,
aeqkad_nu0.2,window,full,fidelity,False,True,16,0.2,25,0,False,iid,0.1,0,s036,8,2.500000000000001,0.0,0.0,6.0,56,34,34,0,0,6,0.68,10.3515625,50,9,0,0,7,2650,256,16,0,0,0,8.625,0.0
aeqkad_nu0.2,window,full,fidelity,False,True,16,0.2,25,0,False,iid,0.1,1,s036,2,2.500000000000001,0.0,0.0,13.5,56,47,47,0,0,6,0.94,10.2265625,52,4,0,0,1,2618,256,16,0,0,0,8.5,
aeqkad_nu0.2,window,full,fidelity,False,True,16,0.2,25,0,False,iid,0.1,1,s036,3,4.500000000000002,0.0,4.0,6.0,56,44,44,0,0,6,0.88,9.5625,48,2,0,0,2,2448,256,16,0,0,0,11.4375,
aeqkad_nu0.2,window,full,fidelity,False,True,16,0.2,25,0,False,iid,0.1,1,s036,4,0.0,0.0,0.0,3.0,56,47,47,0,0,6,0.94,8.86328125,50,1,0,0,2,2269,256,16,0,0,0,8.3125,
aeqkad_nu0.2,window,full,fidelity,False,True,16,0.2,25,0,False,iid,0.1,1,s036,5,0.0,0.0,0.0,4.0,56,49,49,0,0,6,0.98,8.87890625,51,2,0,0,0,2273,256,16,0,0,0,7.9375,
aeqkad_nu0.2,window,full,fidelity,False,True,16,0.2,25,0,False,iid,0.1,1,s036,6,0.0,0.0,0.0,6.0,56,48,48,0,0,6,0.96,8.0703125,50,0,0,0,2,2066,256,16,0,0,0,8.1875,
aeqkad_nu0.2,window,full,fidelity,False,True,16,0.2,25,0,False,iid,0.1,1,s036,7,0.0,0.0,0.0,4.5,56,49,49,0,0,6,0.98,7.6015625,50,0,0,0,1,1946,256,16,0,0,0,8.5625,
aeqkad_nu0.2,window,full,fidelity,False,True,16,0.2,25,0,False,iid,0.1,1,s036,8,6.250000000000003,4.67391304347826,0.0,9.5,56,37,37,0,0,6,0.74,9.69921875,51,9,0,0,5,2483,256,16,0,0,0,7.5,0.0
aeqkad_nu0.2,window,full,fidelity,False,True,16,0.2,25,0,False,iid,0.1,2,s036,2,1.7500000000000009,0.0,2.0,8.0,56,47,46,1,0,6,0.92,10.29296875,51,3,0,0,1,2635,256,16,0,0,0,9.4375,
aeqkad_nu0.2,window,full,fidelity,False,True,16,0.2,25,0,False,iid,0.1,2,s036,3,6.000000000000003,0.0,6.0,5.0,56,44,44,0,0,6,0.88,9.54296875,47,1,0,0,2,2443,256,16,0,0,0,10.8125,
aeqkad_nu0.2,window,full,fidelity,False,True,16,0.2,25,0,False,iid,0.1,2,s036,4,0.0,0.0,0.0,2.0,56,47,47,0,0,6,0.94,8.796875,50,1,0,0,2,2252,256,16,0,0,0,9.1875,
aeqkad_nu0.2,window,full,fidelity,False,True,16,0.2,25,0,False,iid,0.1,2,s036,5,0.0,0.0,0.0,4.5,56,49,49,0,0,6,0.98,9.11328125,50,1,0,0,0,2333,256,16,0,0,0,9.5,
aeqkad_nu0.2,window,full,fidelity,False,True,16,0.2,25,0,False,iid,0.1,2,s036,6,1.7500000000000009,0.0,0.0,4.5,56,48,48,0,0,6,0.96,8.015625,50,0,0,0,2,2052,256,16,0,0,0,10.0,
aeqkad_nu0.2,window,full,fidelity,False,True,16,0.2,25,0,False,iid,0.1,2,s036,7,0.0,0.0,0.0,0.5,56,49,49,0,0,6,0.98,7.109375,50,0,0,0,1,1820,256,16,0,0,0,9.0625,
aeqkad_nu0.2,window,full,fidelity,False,True,16,0.2,25,0,False,iid,0.1,2,s036,8,2.250000000000001,0.0,2.0,3.5000000000000004,56,37,37,0,0,6,0.74,9.953125,49,7,0,0,5,2548,256,16,0,0,0,7.5,76.0
window_nu0.1,window,none,fidelity,False,True,16,0.1,25,0,False,iid,0.1,0,s037,2,21.0,13.858695652173914,8.0,56.49999999999999,56,50,46,4,0,6,0.92,13.97265625,0,0,0,0,0,3577,256,16,0,0,2,8.375,
window_nu0.1,window,none,fidelity,False,True,16,0.1,25,0,False,iid,0.1,0,s037,3,21.75,5.597826086956524,12.0,46.0,56,45,44,1,0,6,0.88,12.83984375,0,0,0,0,0,3287,256,16,0,0,0,12.375,
window_nu0.1,window,none,fidelity,False,True,16,0.1,25,0,False,iid,0.1,0,s037,4,19.499999999999996,4.67391304347826,4.0,57.49999999999999,56,52,48,4,0,6,0.96,12.49609375,0,0,0,0,0,3199,256,16,0,0,3,7.5,
window_nu0.1,window,none,fidelity,False,True,16,0.1,25,0,False,iid,0.1,0,s037,5,30.000000000000004,20.869565217391305,10.0,68.0,56,50,45,5,0,6,0.9,13.98828125,0,0,0,0,0,3581,256,16,0,0,0,9.1875,
window_nu0.1,window,none,fidelity,False,True,16,0.1,25,0,False,iid,0.1,0,s037,6,26.25,8.097826086956525,12.0,57.49999999999999,56,46,44,2,0,6,0.88,11.765625,0,0,0,0,0,3012,256,16,0,0,1,10.0625,
window_nu0.1,window,none,fidelity,False,True,16,0.1,25,0,False,iid,0.1,0,s037,7,33.75,24.456521739130434,8.0,80.5,56,50,46,4,0,6,0.92,13.6171875,0,0,0,0,0,3486,256,16,0,0,1,10.0625,
window_nu0.1,window,none,fidelity,False,True,16,0.1,25,0,False,iid,0.1,0,s037,8,20.0,8.097826086956525,10.0,56.99999999999999,56,48,45,3,0,6,0.9,11.328125,0,0,0,0,0,2900,256,16,0,0,2,8.8125,88.0
window_nu0.1,window,none,fidelity,False,True,16,0.1,25,0,False,iid,0.1,1,s037,2,25.5,18.695652173913043,4.0,67.0,56,52,48,4,0,6,0.96,14.328125,0,0,0,0,0,3668,256,16,0,0,3,8.5,
window_nu0.1,window,none,fidelity,False,True,16,0.1,25,0,False,iid,0.1,1,s037,3,23.75,8.097826086956525,12.0,54.50000000000001,56,46,44,2,0,6,0.88,13.0078125,0,0,0,0,0,3330,256,16,0,0,0,10.9375,
window_nu0.1,window,none,fidelity,False,True,16,0.1,25,0,False,iid,0.1,1,s037,4,16.250000000000004,8.097826086956525,4.0,54.0,56,52,48,4,0,6,0.96,11.9921875,0,0,0,0,0,3070,256,16,0,0,3,7.5,
window_nu0.1,window,none,fidelity,False,True,16,0.1,25,0,False,iid,0.1,1,s037,5,32.25,16.195652173913043,10.0,71.5,56,48,45,3,0,6,0.9,13.63671875,0,0,0,0,0,3491,256,16,0,0,0,10.0,
window_nu0.1,window,none,fidelity,False,True,16,0.1,25,0,False,iid,0.1,1,s037,6,25.75,7.01086956521739,10.0,64.5,56,48,45,3,0,6,0.9,11.58984375,0,0,0,0,0,2967,256,16,0,0,2,8.25,
window_nu0.1,window,none,fidelity,False,True,16,0.1,25,0,False,iid,0.1,1,s037,7,26.25,18.695652173913043,10.0,73.5,56,49,45,4,0,6,0.9,13.7265625,0,0,0,0,0,3514,256,16,0,0,2,9.75,
window_nu0.1,window,none,fidelity,False,True,16,0.1,25,0,False,iid,0.1,1,s037,8,17.500000000000004,8.097826086956525,6.0,61.5,56,51,47,4,0,6,0.94,11.9765625,0,0,0,0,0,3066,256,16,0,0,2,8.875,38.0
window_nu0.1,window,none,fidelity,False,True,16,0.1,25,0,False,iid,0.1,2,s037,2,24.0,10.434782608695654,4.0,54.0,56,50,48,2,0,6,0.96,13.92578125,0,0,0,0,0,3565,256,16,0,0,1,9.625,
window_nu0.1,window,none,fidelity,False,True,16,0.1,25,0,False,iid,0.1,2,s037,3,25.75,9.347826086956525,12.0,50.0,56,47,44,3,0,6,0.88,13.29296875,0,0,0,0,0,3403,256,16,0,0,0,9.4375,
window_nu0.1,window,none,fidelity,False,True,16,0.1,25,0,False,iid,0.1,2,s037,4,18.750000000000004,8.097826086956525,4.0,51.5,56,52,48,4,0,6,0.96,12.61328125,0,0,0,0,0,3229,256,16,0,0,0,7.5,
window_nu0.1,window,none,fidelity,False,True,16,0.1,25,0,False,iid,0.1,2,s037,5,31.500000000000007,23.20652173913043,22.0,62.5,56,43,39,4,0,6,0.78,12.7734375,0,0,0,0,0,3270,256,16,0,0,3,9.0625,
window_nu0.1,window,none,fidelity,False,True,16,0.1,25,0,False,iid,0.1,2,s037,6,24.25,9.347826086956525,12.0,63.0,56,47,44,3,0,6,0.88,11.4921875,0,0,0,0,0,2942,256,16,0,0,2,9.4375,
window_nu0.1,window,none,fidelity,False,True,16,0.1,25,0,False,iid,0.1,2,s037,7,31.999999999999996,22.1195652173913,10.0,73.5,56,49,45,4,0,6,0.9,13.51171875,0,0,0,0,0,3459,256,16,0,0,2,8.9375,
window_nu0.1,window,none,fidelity,False,True,16,0.1,25,0,False,iid,0.1,2,s037,8,24.749999999999996,6.847826086956524,10.0,59.0,56,48,45,3,0,6,0.9,11.796875,0,0,0,0,0,3020,256,16,0,0,2,9.3125,100.0
window_nu0.2,window,none,fidelity,False,True,16,0.2,25,0,False,iid,0.1,0,s037,2,21.0,13.858695652173914,8.0,56.49999999999999,56,50,46,4,0,6,0.92,13.97265625,0,0,0,0,0,3577,256,16,0,0,2,8.375,
window_nu0.2,window,none,fidelity,False,True,16,0.2,25,0,False,iid,0.1,0,s037,3,21.75,5.597826086956524,12.0,46.0,56,45,44,1,0,6,0.88,12.83984375,0,0,0,0,0,3287,256,16,0,0,0,12.375,
window_nu0.2,window,none,fidelity,False,True,16,0.2,25,0,False,iid,0.1,0,s037,4,19.499999999999996,4.67391304347826,4.0,57.49999999999999,56,52,48,4,0,6,0.96,12.49609375,0,0,0,0,0,3199,256,16,0,0,3,7.5,
window_nu0.2,window,none,fidelity,False,True,16,0.2,25,0,False,iid,0.1,0,s037,5,30.000000000000004,20.869565217391305,10.0,67.5,56,50,45,5,0,6,0.9,13.98828125,0,0,0,0,0,3581,256,16,0,0,0,9.1875,
window_nu0.2,window,none,fidelity,False,True,16,0.2,25,0,False,iid,0.1,0,s037,6,26.25,8.097826086956525,12.0,57.49999999999999,56,46,44,2,0,6,0.88,11.7890625,0,0,0,0,0,3018,256,16,0,0,1,10.0625,
window_nu0.2,window,none,fidelity,False,True,16,0.2,25,0,False,iid,0.1,0,s037,7,33.75,24.456521739130434,8.0,80.5,56,50,46,4,0,6,0.92,13.6484375,0,0,0,0,0,3494,256,16,0,0,1,10.0625,
window_nu0.2,window,none,fidelity,False,True,16,0.2,25,0,False,iid,0.1,0,s037,8,20.0,8.097826086956525,10.0,56.99999999999999,56,48,45,3,0,6,0.9,11.328125,0,0,0,0,0,2900,256,16,0,0,2,8.8125,88.0
window_nu0.2,window,none,fidelity,False,True,16,0.2,25,0,False,iid,0.1,1,s037,2,25.5,18.695652173913043,4.0,67.0,56,52,48,4,0,6,0.96,14.328125,0,0,0,0,0,3668,256,16,0,0,3,8.5,
window_nu0.2,window,none,fidelity,False,True,16,0.2,25,0,False,iid,0.1,1,s037,3,23.75,8.097826086956525,12.0,54.50000000000001,56,46,44,2,0,6,0.88,13.03125,0,0,0,0,0,3336,256,16,0,0,0,10.9375,
window_nu0.2,window,none,fidelity,False,True,16,0.2,25,0,False,iid,0.1,1,s037,4,16.250000000000004,8.097826086956525,4.0,54.0,56,52,48,4,0,6,0.96,11.99609375,0,0,0,0,0,3071,256,16,0,0,3,7.5,
window_nu0.2,window,none,fidelity,False,True,16,0.2,25,0,False,iid,0.1,1,s037,5,32.25,16.195652173913043,10.0,71.5,56,48,45,3,0,6,0.9,13.63671875,0,0,0,0,0,3491,256,16,0,0,0,10.0,
window_nu0.2,window,none,fidelity,False,True,16,0.2,25,0,False,iid,0.1,1,s037,6,25.75,7.01086956521739,10.0,64.5,56,48,45,3,0,6,0.9,11.59375,0,0,0,0,0,2968,256,16,0,0,2,8.25,
window_nu0.2,window,none,fidelity,False,True,16,0.2,25,0,False,iid,0.1,1,s037,7,26.25,18.695652173913043,10.0,73.5,56,49,45,4,0,6,0.9,13.7265625,0,0,0,0,0,3514,256,16,0,0,2,9.75,
window_nu0.2,window,none,fidelity,False,True,16,0.2,25,0,False,iid,0.1,1,s037,8,17.500000000000004,8.097826086956525,6.0,61.5,56,51,47,4,0,6,0.94,11.9765625,0,0,0,0,0,3066,256,16,0,0,2,8.875,38.0
window_nu0.2,window,none,fidelity,False,True,16,0.2,25,0,False,iid,0.1,2,s037,2,24.0,10.434782608695654,4.0,54.0,56,50,48,2,0,6,0.96,13.921875,0,0,0,0,0,3564,256,16,0,0,1,9.625,
window_nu0.2,window,none,fidelity,False,True,16,0.2,25,0,False,iid,0.1,2,s037,3,25.75,9.347826086956525,12.0,50.0,56,47,44,3,0,6,0.88,13.29296875,0,0,0,0,0,3403,256,16,0,0,0,9.4375,
window_nu0.2,window,none,fidelity,False,True,16,0.2,25,0,False,iid,0.1,2,s037,4,18.750000000000004,8.097826086956525,4.0,51.5,56,52,48,4,0,6,0.96,12.66015625,0,0,0,0,0,3241,256,16,0,0,0,7.5,
window_nu0.2,window,none,fidelity,False,True,16,0.2,25,0,False,iid,0.1,2,s037,5,31.500000000000007,23.20652173913043,22.0,62.5,56,43,39,4,0,6,0.78,12.8046875,0,0,0,0,0,3278,256,16,0,0,3,9.0625,
window_nu0.2,window,none,fidelity,False,True,16,0.2,25,0,False,iid,0.1,2,s037,6,24.25,9.347826086956525,12.0,63.0,56,47,44,3,0,6,0.88,11.4921875,0,0,0,0,0,2942,256,16,0,0,2,9.4375,
window_nu0.2,window,none,fidelity,False,True,16,0.2,25,0,False,iid,0.1,2,s037,7,31.999999999999996,22.1195652173913,10.0,73.5,56,49,45,4,0,6,0.9,13.53515625,0,0,0,0,0,3465,256,16,0,0,2,8.9375,
window_nu0.2,window,none,fidelity,False,True,16,0.2,25,0,False,iid,0.1,2,s037,8,24.749999999999996,6.847826086956524,10.0,59.0,56,48,45,3,0,6,0.9,11.7734375,0,0,0,0,0,3014,256,16,0,0,2,9.3125,100.0
aeqkad_nu0.1,window,full,fidelity,False,True,16,0.1,25,0,False,iid,0.1,0,s037,2,19.499999999999996,10.434782608695654,6.0,51.5,56,39,39,0,0,6,0.78,13.58203125,52,13,0,0,0,3477,256,16,0,0,0,10.9375,
aeqkad_nu0.1,window,full,fidelity,False,True,16,0.1,25,0,False,iid,0.1,0,s037,3,21.999999999999996,5.597826086956524,16.0,37.5,56,38,38,0,0,6,0.76,12.11328125,43,5,0,0,0,3101,256,16,0,0,0,13.625,
aeqkad_nu0.1,window,full,fidelity,False,True,16,0.1,25,0,False,iid,0.1,0,s037,4,23.5,4.67391304347826,4.0,50.0,56,42,41,1,0,6,0.82,11.21875,50,8,0,0,0,2872,256,16,0,0,0,10.0625,
aeqkad_nu0.1,window,full,fidelity,False,True,16,0.1,25,0,False,iid,0.1,0,s037,5,27.500000000000004,19.782608695652172,18.0,59.0,56,40,39,1,0,6,0.78,11.74609375,44,4,0,0,0,3007,256,16,0,0,0,9.875,
aeqkad_nu0.1,window,full,fidelity,False,True,16,0.1,25,0,False,iid,0.1,0,s037,6,24.25,8.097826086956525,12.0,53.0,56,40,38,2,0,6,0.76,10.8046875,46,6,0,0,0,2766,256,16,0,0,1,11.5625,
aeqkad_nu0.1,window,full,fidelity,False,True,16,0.1,25,0,False,iid,0.1,0,s037,7,36.5,25.543478260869566,14.000000000000002,67.0,56,33,33,0,0,6,0.66,11.1640625,46,12,0,0,1,2858,256,16,0,0,0,15.8125,
aeqkad_nu0.1,window,full,fidelity,False,True,16,0.1,25,0,False,iid,0.1,0,s037,8,19.499999999999996,9.184782608695654,12.0,53.0,56,42,41,1,0,6,0.82,10.88671875,47,5,0,0,0,2787,256,16,0,0,1,12.25,88.0
aeqkad_nu0.1,window,full,fidelity,False,True,16,0.1,25,0,False,iid,0.1,1,s037,2,23.5,15.108695652173914,6.0,60.0,56,41,41,0,0,6,0.82,13.56640625,51,9,2,0,1,3473,256,16,0,0,0,11.6875,
aeqkad_nu0.1,window,full,fidelity,False,True,16,0.1,25,0,False,iid,0.1,1,s037,3,23.75,5.597826086956524,16.0,43.5,56,38,38,0,0,6,0.76,12.5625,43,5,0,0,0,3216,256,16,0,0,0,12.0625,
aeqkad_nu0.1,window,full,fidelity,False,True,16,0.1,25,0,False,iid,0.1,1,s037,4,18.250000000000004,4.67391304347826,4.0,48.5,56,46,43,3,0,6,0.86,11.16015625,52,6,1,0,0,2857,256,16,0,0,2,8.25,
aeqkad_nu0.1,window,full,fidelity,False,True,16,0.1,25,0,False,iid,0.1,1,s037,5,30.25,19.6195652173913,18.0,64.5,56,39,39,0,0,6,0.78,12.421875,44,5,1,0,0,3180,256,16,0,0,0,10.5625,
aeqkad_nu0.1,window,full,fidelity,False,True,16,0.1,25,0,False,iid,0.1,1,s037,6,24.0,7.01086956521739,12.0,55.50000000000001,56,41,40,1,0,6,0.8,10.7421875,47,6,5,0,0,2750,256,16,0,0,0,10.5625,
aeqkad_nu0.1,window,full,fidelity,False,True,16,0.1,25,0,False,iid,0.1,1,s037,7,33.75,23.20652173913043,14.000000000000002,65.0,56,36,34,2,0,6,0.68,11.890625,47,11,0,0,0,3044,256,16,0,0,2,13.8125,
aeqkad_nu0.1,window,full,fidelity,False,True,16,0.1,25,0,False,iid,0.1,1,s037,8,19.749999999999996,12.771739130434783,8.0,55.00000000000001,56,42,41,1,0,6,0.82,11.03125,50,8,0,0,0,2824,256,16,0,0,1,12.25,22.0
aeqkad_nu0.1,window,full,fidelity,False,True,16,0.1,25,0,False,iid,0.1,2,s037,2,21.499999999999996,10.434782608695654,4.0,50.5,56,39,39,0,0,6,0.78,13.50390625,51,12,0,0,0,3457,256,16,0,0,0,12.0,
aeqkad_nu0.1,window,full,fidelity,False,True,16,0.1,25,0,False,iid,0.1,2,s037,3,19.499999999999996,5.597826086956524,16.0,43.0,56,40,39,1,0,6,0.78,12.55859375,44,4,0,0,0,3215,256,16,0,0,0,10.0625,
aeqkad_nu0.1,window,full,fidelity,False,True,16,0.1,25,0,False,iid,0.1,2,s037,4,21.999999999999996,4.67391304347826,6.0,47.5,56,45,42,3,0,6,0.84,12.10546875,52,7,0,0,0,3099,256,16,0,0,0,8.5625,
aeqkad_nu0.1,window,full,fidelity,False,True,16,0.1,25,0,False,iid,0.1,2,s037,5,30.000000000000004,24.456521739130434,24.0,57.99999999999999,56,40,36,4,0,6,0.72,11.75390625,42,2,0,0,0,3009,256,16,0,0,3,9.0625,
aeqkad_nu0.1,window,full,fidelity,False,True,16,0.1,25,0,False,iid,0.1,2,s037,6,25.5,12.771739130434783,12.0,57.49999999999999,56,39,39,0,0,6,0.78,10.62109375,47,7,0,0,1,2719,256,16,0,0,0,13.25,
aeqkad_nu0.1,window,full,fidelity,False,True,16,0.1,25,0,False,iid,0.1,2,s037,7,36.25,23.20652173913043,18.0,62.5,56,33,33,0,0,6,0.66,10.84765625,42,9,0,0,0,2777,256,16,0,0,0,15.5625,
aeqkad_nu0.1,window,full,fidelity,False,True,16,0.1,25,0,False,iid,0.1,2,s037,8,19.749999999999996,9.184782608695654,12.0,52.0,56,41,41,0,0,6,0.82,11.01171875,46,5,0,0,0,2819,256,16,0,0,0,13.125,96.0
aeqkad_nu0.2,window,full,fidelity,False,True,16,0.2,25,0,False,iid,0.1,0,s037,2,19.499999999999996,10.434782608695654,6.0,51.5,56,39,39,0,0,6,0.78,13.58203125,52,13,0,0,0,3477,256,16,0,0,0,10.9375,
aeqkad_nu0.2,window,full,fidelity,False,True,16,0.2,25,0,False,iid,0.1,0,s037,3,21.999999999999996,5.597826086956524,16.0,37.5,56,38,38,0,0,6,0.76,12.11328125,43,5,0,0,0,3101,256,16,0,0,0,13.625,
aeqkad_nu0.2,window,full,fidelity,False,True,16,0.2,25,0,False,iid,0.1,0,s037,4,23.5,4.67391304347826,4.0,50.0,56,42,41,1,0,6,0.82,11.24609375,50,8,0,0,0,2879,256,16,0,0,0,10.0625,
aeqkad_nu0.2,window,full,fidelity,False,True,16,0.2,25,0,False,iid,0.1,0,s037,5,27.500000000000004,19.782608695652172,18.0,59.0,56,40,39,1,0,6,0.78,11.74609375,44,4,0,0,0,3007,256,16,0,0,0,9.875,
aeqkad_nu0.2,window,full,fidelity,False,True,16,0.2,25,0,False,iid,0.1,0,s037,6,24.25,8.097826086956525,12.0,53.0,56,40,38,2,0,6,0.76,10.80859375,46,6,0,0,0,2767,256,16,0,0,1,11.5625,
aeqkad_nu0.2,window,full,fidelity,False,True,16,0.2,25,0,False,iid,0.1,0,s037,7,36.5,25.543478260869566,14.000000000000002,67.0,56,33,33,0,0,6,0.66,11.1640625,46,12,0,0,1,2858,256,16,0,0,0,15.8125,
aeqkad_nu0.2,window,full,fidelity,False,True,16,0.2,25,0,False,iid,0.1,0,s037,8,19.499999999999996,9.184782608695654,12.0,53.0,56,42,41,1,0,6,0.82,10.93359375,47,5,0,0,0,2799,256,16,0,0,1,12.25,88.0
aeqkad_nu0.2,window,full,fidelity,False,True,16,0.2,25,0,False,iid,0.1,1,s037,2,23.5,15.108695652173914,6.0,60.0,56,41,41,0,0,6,0.82,13.56640625,51,9,2,0,1,3473,256,16,0,0,0,11.6875,
aeqkad_nu0.2,window,full,fidelity,False,True,16,0.2,25,0,False,iid,0.1,1,s037,3,23.75,5.597826086956524,16.0,43.5,56,38,38,0,0,6,0.76,12.5625,43,5,0,0,0,3216,256,16,0,0,0,12.0625,
aeqkad_nu0.2,window,full,fidelity,False,True,16,0.2,25,0,False,iid,0.1,1,s037,4,18.250000000000004,4.67391304347826,4.0,48.5,56,46,43,3,0,6,0.86,11.23046875,52,6,1,0,0,2875,256,16,0,0,2,8.25,
aeqkad_nu0.2,window,full,fidelity,False,True,16,0.2,25,0,False,iid,0.1,1,s037,5,30.25,19.6195652173913,18.0,64.5,56,39,39,0,0,6,0.78,12.44921875,44,5,1,0,0,3187,256,16,0,0,0,10.5625,
aeqkad_nu0.2,window,full,fidelity,False,True,16,0.2,25,0,False,iid,0.1,1,s037,6,24.0,7.01086956521739,12.0,55.50000000000001,56,41,40,1,0,6,0.8,10.7421875,47,6,5,0,0,2750,256,16,0,0,0,10.5625,
aeqkad_nu0.2,window,full,fidelity,False,True,16,0.2,25,0,False,iid,0.1,1,s037,7,33.75,23.20652173913043,14.000000000000002,65.0,56,36,34,2,0,6,0.68,11.9140625,47,11,0,0,0,3050,256,16,0,0,2,13.8125,
aeqkad_nu0.2,window,full,fidelity,False,True,16,0.2,25,0,False,iid,0.1,1,s037,8,19.749999999999996,12.771739130434783,8.0,55.50000000000001,56,42,41,1,0,6,0.82,10.98046875,50,8,0,0,0,2811,256,16,0,0,1,12.25,22.0
aeqkad_nu0.2,window,full,fidelity,False,True,16,0.2,25,0,False,iid,0.1,2,s037,2,21.499999999999996,10.434782608695654,4.0,50.5,56,39,39,0,0,6,0.78,13.5,51,12,0,0,0,3456,256,16,0,0,0,12.0,
aeqkad_nu0.2,window,full,fidelity,False,True,16,0.2,25,0,False,iid,0.1,2,s037,3,19.499999999999996,5.597826086956524,16.0,43.0,56,40,39,1,0,6,0.78,12.60546875,44,4,0,0,0,3227,256,16,0,0,0,10.0625,
aeqkad_nu0.2,window,full,fidelity,False,True,16,0.2,25,0,False,iid,0.1,2,s037,4,21.999999999999996,4.67391304347826,6.0,48.0,56,45,42,3,0,6,0.84,12.109375,52,7,0,0,0,3100,256,16,0,0,0,8.5625,
aeqkad_nu0.2,window,full,fidelity,False,True,16,0.2,25,0,False,iid,0.1,2,s037,5,30.000000000000004,24.456521739130434,24.0,57.99999999999999,56,40,36,4,0,6,0.72,11.73046875,42,2,0,0,0,3003,256,16,0,0,3,9.0625,
aeqkad_nu0.2,window,full,fidelity,False,True,16,0.2,25,0,False,iid,0.1,2,s037,6,25.5,12.771739130434783,12.0,57.49999999999999,56,39,39,0,0,6,0.78,10.64453125,47,7,0,0,1,2725,256,16,0,0,0,13.25,
aeqkad_nu0.2,window,full,fidelity,False,True,16,0.2,25,0,False,iid,0.1,2,s037,7,36.25,23.20652173913043,18.0,62.5,56,33,33,0,0,6,0.66,10.84765625,42,9,0,0,0,2777,256,16,0,0,0,15.5625,
aeqkad_nu0.2,window,full,fidelity,False,True,16,0.2,25,0,False,iid,0.1,2,s037,8,20.0,9.184782608695654,12.0,52.0,56,41,41,0,0,6,0.82,11.01171875,46,5,0,0,0,2819,256,16,0,0,0,13.125,96.0
window_nu0.1,window,none,fidelity,False,True,16,0.1,25,0,False,iid,0.1,0,s038,2,28.249999999999996,12.771739130434783,12.0,62.5,56,49,44,5,0,6,0.88,13.94140625,0,0,0,0,0,3569,256,16,0,0,2,8.1875,
window_nu0.1,window,none,fidelity,False,True,16,0.1,25,0,False,iid,0.1,0,s038,3,20.499999999999996,9.347826086956525,6.0,60.0,56,50,47,3,0,6,0.94,12.484375,0,0,0,0,0,3196,256,16,0,0,1,8.5625,
window_nu0.1,window,none,fidelity,False,True,16,0.1,25,0,False,iid,0.1,0,s038,4,25.5,10.434782608695654,8.0,57.99999999999999,56,51,46,5,0,6,0.92,10.4375,0,0,0,0,0,2672,256,16,0,0,2,7.5,
window_nu0.1,window,none,fidelity,False,True,16,0.1,25,0,False,iid,0.1,0,s038,5,20.5,12.771739130434783,6.0,67.5,56,51,47,4,0,6,0.94,10.75,0,0,0,0,0,2752,256,16,0,0,2,7.5625,
window_nu0.1,window,none,fidelity,False,True,16,0.1,25,0,False,iid,0.1,0,s038,6,17.750000000000004,7.01086956521739,2.0,56.49999999999999,56,54,49,5,0,6,0.98,9.9609375,0,0,0,0,0,2550,256,16,0,0,0,7.5,
window_nu0.1,window,none,fidelity,False,True,16,0.1,25,0,False,iid,0.1,0,s038,7,20.499999999999996,7.934782608695653,8.0,54.0,56,47,46,1,0,6,0.92,10.6328125,0,0,0,0,0,2722,256,16,0,0,0,10.0,
window_nu0.1,window,none,fidelity,False,True,16,0.1,25,0,False,iid,0.1,0,s038,8,18.250000000000004,17.445652173913043,4.0,64.0,56,52,48,4,0,6,0.96,9.82421875,0,0,0,0,0,2515,256,16,0,0,2,7.5,68.0
window_nu0.1,window,none,fidelity,False,True,16,0.1,25,0,False,iid,0.1,1,s038,2,31.499999999999993,17.445652173913043,8.0,71.5,56,50,46,4,0,6,0.92,13.88671875,0,0,0,0,0,3555,256,16,0,0,3,8.6875,
window_nu0.1,window,none,fidelity,False,True,16,0.1,25,0,False,iid,0.1,1,s038,3,18.750000000000004,16.032608695652172,4.0,66.5,56,51,48,3,0,6,0.96,12.1328125,0,0,0,0,0,3106,256,16,0,0,3,7.5,
window_nu0.1,window,none,fidelity,False,True,16,0.1,25,0,False,iid,0.1,1,s038,4,25.5,4.67391304347826,8.0,69.5,56,50,46,4,0,6,0.92,10.91796875,0,0,0,0,0,2795,256,16,0,0,1,7.5,
window_nu0.1,window,none,fidelity,False,True,16,0.1,25,0,False,iid,0.1,1,s038,5,22.249999999999996,10.434782608695654,6.0,66.0,56,51,47,4,0,6,0.94,10.515625,0,0,0,0,0,2692,256,16,0,0,1,7.5625,
window_nu0.1,window,none,fidelity,False,True,16,0.1,25,0,False,iid,0.1,1,s038,6,20.499999999999996,6.847826086956524,2.0,61.0,56,52,49,3,0,6,0.98,9.453125,0,0,0,0,0,2420,256,16,0,0,1,7.5,
window_nu0.1,window,none,fidelity,False,True,16,0.1,25,0,False,iid,0.1,1,s038,7,21.0,11.684782608695654,6.0,61.5,56,49,47,2,0,6,0.94,11.140625,0,0,0,0,0,2852,256,16,0,0,0,8.75,
window_nu0.1,window,none,fidelity,False,True,16,0.1,25,0,False,iid,0.1,1,s038,8,16.75,12.771739130434783,4.0,62.5,56,54,48,6,0,6,0.96,10.0859375,0,0,0,0,0,2582,256,16,0,0,4,7.5,98.0
window_nu0.1,window,none,fidelity,False,True,16,0.1,25,0,False,iid,0.1,2,s038,2,30.75,19.782608695652172,12.0,56.49999999999999,56,46,44,2,0,6,0.88,13.16015625,0,0,0,0,0,3369,256,16,0,0,2,9.875,
window_nu0.1,window,none,fidelity,False,True,16,0.1,25,0,False,iid,0.1,2,s038,3,15.500000000000004,4.67391304347826,4.0,52.0,56,50,48,2,0,6,0.96,12.08984375,0,0,0,0,0,3095,256,16,0,0,1,8.0625,
window_nu0.1,window,none,fidelity,False,True,16,0.1,25,0,False,iid,0.1,2,s038,4,21.749999999999996,7.01086956521739,8.0,50.5,56,47,46,1,0,6,0.92,10.1875,0,0,0,0,0,2608,256,16,0,0,0,8.375,
window_nu0.1,window,none,fidelity,False,True,16,0.1,25,0,False,iid,0.1,2,s038,5,21.499999999999996,12.771739130434783,6.0,52.0,56,50,47,3,0,6,0.94,10.62109375,0,0,0,0,0,2719,256,16,0,0,1,7.5625,
window_nu0.1,window,none,fidelity,False,True,16,0.1,25,0,False,iid,0.1,2,s038,6,18.750000000000004,10.434782608695654,2.0,53.0,56,54,49,5,0,6,0.98,9.5546875,0,0,0,0,0,2446,256,16,0,0,1,7.5,
window_nu0.1,window,none,fidelity,False,True,16,0.1,25,0,False,iid,0.1,2,s038,7,21.0,15.108695652173914,6.0,59.0,56,51,47,4,0,6,0.94,11.20703125,0,0,0,0,0,2869,256,16,0,0,0,9.5625,
window_nu0.1,window,none,fidelity,False,True,16,0.1,25,0,False,iid,0.1,2,s038,8,15.500000000000004,8.097826086956525,4.0,59.0,56,51,48,3,0,6,0.96,9.6640625,0,0,0,0,0,2474,256,16,0,0,3,7.875,90.0
window_nu0.2,window,none,fidelity,False,True,16,0.2,25,0,False,iid,0.1,0,s038,2,28.249999999999996,12.771739130434783,12.0,62.5,56,49,44,5,0,6,0.88,13.94140625,0,0,0,0,0,3569,256,16,0,0,2,8.1875,
window_nu0.2,window,none,fidelity,False,True,16,0.2,25,0,False,iid,0.1,0,s038,3,20.499999999999996,9.347826086956525,6.0,60.0,56,50,47,3,0,6,0.94,12.4609375,0,0,0,0,0,3190,256,16,0,0,1,8.5625,
window_nu0.2,window,none,fidelity,False,True,16,0.2,25,0,False,iid,0.1,0,s038,4,25.5,10.434782608695654,8.0,57.99999999999999,56,51,46,5,0,6,0.92,10.4140625,0,0,0,0,0,2666,256,16,0,0,2,7.5,
window_nu0.2,window,none,fidelity,False,True,16,0.2,25,0,False,iid,0.1,0,s038,5,20.5,12.771739130434783,6.0,67.5,56,51,47,4,0,6,0.94,10.7734375,0,0,0,0,0,2758,256,16,0,0,2,7.5625,
window_nu0.2,window,none,fidelity,False,True,16,0.2,25,0,False,iid,0.1,0,s038,6,17.750000000000004,7.01086956521739,2.0,56.49999999999999,56,54,49,5,0,6,0.98,9.984375,0,0,0,0,0,2556,256,16,0,0,0,7.5,
window_nu0.2,window,none,fidelity,False,True,16,0.2,25,0,False,iid,0.1,0,s038,7,20.499999999999996,7.934782608695653,8.0,54.0,56,47,46,1,0,6,0.92,10.6796875,0,0,0,0,0,2734,256,16,0,0,0,10.0,
window_nu0.2,window,none,fidelity,False,True,16,0.2,25,0,False,iid,0.1,0,s038,8,18.250000000000004,17.445652173913043,4.0,64.0,56,52,48,4,0,6,0.96,9.921875,0,0,0,0,0,2540,256,16,0,0,2,7.5,68.0
window_nu0.2,window,none,fidelity,False,True,16,0.2,25,0,False,iid,0.1,1,s038,2,31.499999999999993,17.445652173913043,8.0,71.5,56,50,46,4,0,6,0.92,13.91015625,0,0,0,0,0,3561,256,16,0,0,3,8.6875,
window_nu0.2,window,none,fidelity,False,True,16,0.2,25,0,False,iid,0.1,1,s038,3,18.750000000000004,16.032608695652172,4.0,66.5,56,51,48,3,0,6,0.96,12.1796875,0,0,0,0,0,3118,256,16,0,0,3,7.5,
window_nu0.2,window,none,fidelity,False,True,16,0.2,25,0,False,iid,0.1,1,s038,4,24.25,4.67391304347826,8.0,69.5,56,50,46,4,0,6,0.92,10.91796875,0,0,0,0,0,2795,256,16,0,0,1,7.5,
window_nu0.2,window,none,fidelity,False,True,16,0.2,25,0,False,iid,0.1,1,s038,5,22.249999999999996,10.434782608695654,6.0,66.0,56,51,47,4,0,6,0.94,10.515625,0,0,0,0,0,2692,256,16,0,0,1,7.5625,
window_nu0.2,window,none,fidelity,False,True,16,0.2,25,0,False,iid,0.1,1,s038,6,20.249999999999996,6.847826086956524,2.0,61.0,56,52,49,3,0,6,0.98,9.50390625,0,0,0,0,0,2433,256,16,0,0,1,7.5,
window_nu0.2,window,none,fidelity,False,True,16,0.2,25,0,False,iid,0.1,1,s038,7,21.0,11.684782608695654,6.0,61.5,56,49,47,2,0,6,0.94,11.14453125,0,0,0,0,0,2853,256,16,0,0,0,8.75,
window_nu0.2,window,none,fidelity,False,True,16,0.2,25,0,False,iid,0.1,1,s038,8,17.750000000000004,12.771739130434783,4.0,62.5,56,54,48,6,0,6,0.96,10.1171875,0,0,0,0,0,2590,256,16,0,0,4,7.5,98.0
window_nu0.2,window,none,fidelity,False,True,16,0.2,25,0,False,iid,0.1,2,s038,2,30.75,19.782608695652172,12.0,56.00000000000001,56,46,44,2,0,6,0.88,13.16015625,0,0,0,0,0,3369,256,16,0,0,2,9.875,
window_nu0.2,window,none,fidelity,False,True,16,0.2,25,0,False,iid,0.1,2,s038,3,15.500000000000004,4.67391304347826,4.0,52.0,56,50,48,2,0,6,0.96,12.08984375,0,0,0,0,0,3095,256,16,0,0,1,8.0625,
window_nu0.2,window,none,fidelity,False,True,16,0.2,25,0,False,iid,0.1,2,s038,4,21.749999999999996,7.01086956521739,8.0,50.5,56,47,46,1,0,6,0.92,10.1875,0,0,0,0,0,2608,256,16,0,0,0,8.375,
window_nu0.2,window,none,fidelity,False,True,16,0.2,25,0,False,iid,0.1,2,s038,5,21.499999999999996,12.771739130434783,6.0,52.0,56,50,47,3,0,6,0.94,10.59765625,0,0,0,0,0,2713,256,16,0,0,1,7.5625,
window_nu0.2,window,none,fidelity,False,True,16,0.2,25,0,False,iid,0.1,2,s038,6,18.750000000000004,10.434782608695654,2.0,53.0,56,54,49,5,0,6,0.98,9.52734375,0,0,0,0,0,2439,256,16,0,0,1,7.5,
window_nu0.2,window,none,fidelity,False,True,16,0.2,25,0,False,iid,0.1,2,s038,7,21.0,15.108695652173914,6.0,59.0,56,51,47,4,0,6,0.94,11.1796875,0,0,0,0,0,2862,256,16,0,0,0,9.5625,
window_nu0.2,window,none,fidelity,False,True,16,0.2,25,0,False,iid,0.1,2,s038,8,15.750000000000004,8.097826086956525,4.0,59.0,56,51,48,3,0,6,0.96,9.70703125,0,0,0,0,0,2485,256,16,0,0,3,7.875,90.0
aeqkad_nu0.1,window,full,fidelity,False,True,16,0.1,25,0,False,iid,0.1,0,s038,2,27.0,15.108695652173914,12.0,57.49999999999999,56,39,37,2,0,6,0.74,12.98828125,49,10,0,0,0,3325,256,16,0,0,1,10.5625,
aeqkad_nu0.1,window,full,fidelity,False,True,16,0.1,25,0,False,iid,0.1,0,s038,3,18.250000000000004,10.434782608695654,4.0,55.00000000000001,56,46,45,1,0,6,0.9,11.78515625,51,5,0,0,0,3017,256,16,0,0,0,9.375,
aeqkad_nu0.1,window,full,fidelity,False,True,16,0.1,25,0,False,iid,0.1,0,s038,4,22.249999999999996,7.17391304347826,10.0,52.0,56,44,41,3,0,6,0.82,9.4765625,49,5,0,0,0,2426,256,16,0,0,2,8.3125,
aeqkad_nu0.1,window,full,fidelity,False,True,16,0.1,25,0,False,iid,0.1,0,s038,5,17.5,9.510869565217389,6.0,59.5,56,47,46,1,0,6,0.92,9.9921875,50,3,0,0,0,2558,256,16,0,0,0,8.625,
aeqkad_nu0.1,window,full,fidelity,False,True,16,0.1,25,0,False,iid,0.1,0,s038,6,15.750000000000004,7.01086956521739,2.0,56.00000000000001,56,53,48,5,0,6,0.96,9.6875,54,1,0,0,0,2480,256,16,0,0,0,7.5,
aeqkad_nu0.1,window,full,fidelity,False,True,16,0.1,25,0,False,iid,0.1,0,s038,7,22.249999999999996,9.184782608695654,6.0,56.00000000000001,56,44,43,1,0,6,0.86,10.1328125,48,4,0,0,0,2594,256,16,0,0,0,11.0625,
aeqkad_nu0.1,window,full,fidelity,False,True,16,0.1,25,0,False,iid,0.1,0,s038,8,18.999999999999996,17.445652173913043,8.0,60.0,56,47,44,3,0,6,0.88,8.7109375,50,3,0,0,0,2230,256,16,0,0,2,7.5,68.0
aeqkad_nu0.1,window,full,fidelity,False,True,16,0.1,25,0,False,iid,0.1,1,s038,2,29.500000000000004,12.771739130434783,12.0,63.0,56,41,39,2,0,6,0.78,12.86328125,47,6,26,0,0,3293,256,16,0,0,2,9.5625,
aeqkad_nu0.1,window,full,fidelity,False,True,16,0.1,25,0,False,iid,0.1,1,s038,3,22.749999999999996,14.945652173913043,4.0,61.5,56,45,44,1,0,6,0.88,11.46875,50,5,24,0,0,2936,256,16,0,0,1,9.875,
aeqkad_nu0.1,window,full,fidelity,False,True,16,0.1,25,0,False,iid,0.1,1,s038,4,21.999999999999996,8.097826086956525,8.0,63.0,56,47,44,3,0,6,0.88,9.58203125,49,2,29,0,0,2453,256,16,0,0,2,8.375,
aeqkad_nu0.1,window,full,fidelity,False,True,16,0.1,25,0,False,iid,0.1,1,s038,5,21.749999999999996,10.434782608695654,6.0,68.5,56,50,47,3,0,6,0.94,10.5703125,52,2,25,0,0,2706,256,16,0,0,0,8.375,
aeqkad_nu0.1,window,full,fidelity,False,True,16,0.1,25,0,False,iid,0.1,1,s038,6,19.499999999999996,6.847826086956524,2.0,59.0,56,51,48,3,0,6,0.96,9.27734375,53,2,27,0,0,2375,256,16,0,0,1,7.5,
aeqkad_nu0.1,window,full,fidelity,False,True,16,0.1,25,0,False,iid,0.1,1,s038,7,24.5,11.684782608695654,6.0,55.00000000000001,56,44,43,1,0,6,0.86,10.515625,50,6,25,0,0,2692,256,16,0,0,0,9.8125,
aeqkad_nu0.1,window,full,fidelity,False,True,16,0.1,25,0,False,iid,0.1,1,s038,8,19.749999999999996,16.195652173913043,2.0,60.0,56,50,45,5,0,6,0.9,9.046875,54,4,26,0,0,2316,256,16,0,0,4,7.5,98.0
aeqkad_nu0.1,window,full,fidelity,False,True,16,0.1,25,0,False,iid,0.1,2,s038,2,25.25,21.956521739130434,12.0,54.0,56,39,37,2,0,6,0.74,12.6796875,46,7,0,0,0,3246,256,16,0,0,2,11.6875,
aeqkad_nu0.1,window,full,fidelity,False,True,16,0.1,25,0,False,iid,0.1,2,s038,3,16.250000000000004,4.67391304347826,6.0,48.5,56,44,43,1,0,6,0.86,11.15625,49,5,0,0,0,2856,256,16,0,0,0,9.3125,
aeqkad_nu0.1,window,full,fidelity,False,True,16,0.1,25,0,False,iid,0.1,2,s038,4,22.749999999999996,9.184782608695654,10.0,51.0,56,41,41,0,0,6,0.82,9.00390625,46,5,0,0,0,2305,256,16,0,0,0,9.25,
aeqkad_nu0.1,window,full,fidelity,False,True,16,0.1,25,0,False,iid,0.1,2,s038,5,21.499999999999996,12.771739130434783,6.0,51.5,56,47,46,1,0,6,0.92,10.08984375,49,2,0,0,0,2583,256,16,0,0,1,8.1875,
aeqkad_nu0.1,window,full,fidelity,False,True,16,0.1,25,0,False,iid,0.1,2,s038,6,18.250000000000004,11.521739130434785,2.0,50.5,56,51,47,4,0,6,0.94,9.0546875,53,2,0,0,0,2318,256,16,0,0,1,8.1875,
aeqkad_nu0.1,window,full,fidelity,False,True,16,0.1,25,0,False,iid,0.1,2,s038,7,23.75,15.108695652173914,6.0,54.0,56,45,43,2,0,6,0.86,10.38671875,51,6,0,0,0,2659,256,16,0,0,0,10.625,
aeqkad_nu0.1,window,full,fidelity,False,True,16,0.1,25,0,False,iid,0.1,2,s038,8,19.749999999999996,10.434782608695654,6.0,56.99999999999999,56,45,44,1,0,6,0.88,8.4296875,50,5,0,0,0,2158,256,16,0,0,1,9.375,16.0
aeqkad_nu0.2,window,full,fidelity,False,True,16,0.2,25,0,False,iid,0.1,0,s038,2,27.0,15.108695652173914,12.0,57.49999999999999,56,39,37,2,0,6,0.74,12.98828125,49,10,0,0,0,3325,256,16,0,0,1,10.5625,
aeqkad_nu0.2,window,full,fidelity,False,True,16,0.2,25,0,False,iid,0.1,0,s038,3,18.250000000000004,10.434782608695654,4.0,55.00000000000001,56,46,45,1,0,6,0.9,11.7890625,51,5,0,0,0,3018,256,16,0,0,0,9.375,
aeqkad_nu0.2,window,full,fidelity,False,True,16,0.2,25,0,False,iid,0.1,0,s038,4,22.249999999999996,7.17391304347826,10.0,52.0,56,44,41,3,0,6,0.82,9.48046875,49,5,0,0,0,2427,256,16,0,0,2,8.3125,
aeqkad_nu0.2,window,full,fidelity,False,True,16,0.2,25,0,False,iid,0.1,0,s038,5,17.5,9.510869565217389,6.0,59.5,56,47,46,1,0,6,0.92,9.9921875,50,3,0,0,0,2558,256,16,0,0,0,8.625,
aeqkad_nu0.2,window,full,fidelity,False,True,16,0.2,25,0,False,iid,0.1,0,s038,6,15.750000000000004,7.01086956521739,2.0,56.00000000000001,56,53,48,5,0,6,0.96,9.734375,54,1,0,0,0,2492,256,16,0,0,0,7.5,
aeqkad_nu0.2,window,full,fidelity,False,True,16,0.2,25,0,False,iid,0.1,0,s038,7,22.249999999999996,9.184782608695654,6.0,56.00000000000001,56,44,43,1,0,6,0.86,10.15625,48,4,0,0,0,2600,256,16,0,0,0,11.0625,
aeqkad_nu0.2,window,full,fidelity,False,True,16,0.2,25,0,False,iid,0.1,0,s038,8,18.999999999999996,17.445652173913043,8.0,60.0,56,47,44,3,0,6,0.88,8.734375,50,3,0,0,0,2236,256,16,0,0,2,7.5,68.0
aeqkad_nu0.2,window,full,fidelity,False,True,16,0.2,25,0,False,iid,0.1,1,s038,2,29.500000000000004,12.771739130434783,12.0,63.0,56,41,39,2,0,6,0.78,12.88671875,47,6,26,0,0,3299,256,16,0,0,2,9.5625,
aeqkad_nu0.2,window,full,fidelity,False,True,16,0.2,25,0,False,iid,0.1,1,s038,3,22.749999999999996,14.945652173913043,4.0,61.5,56,45,44,1,0,6,0.88,11.4765625,50,5,24,0,0,2938,256,16,0,0,1,9.875,
aeqkad_nu0.2,window,full,fidelity,False,True,16,0.2,25,0,False,iid,0.1,1,s038,4,21.999999999999996,8.097826086956525,8.0,63.0,56,47,44,3,0,6,0.88,9.60546875,49,2,29,0,0,2459,256,16,0,0,2,8.375,
aeqkad_nu0.2,window,full,fidelity,False,True,16,0.2,25,0,False,iid,0.1,1,s038,5,21.749999999999996,10.434782608695654,6.0,68.5,56,50,47,3,0,6,0.94,10.5703125,52,2,25,0,0,2706,256,16,0,0,0,8.375,
aeqkad_nu0.2,window,full,fidelity,False,True,16,0.2,25,0,False,iid,0.1,1,s038,6,19.499999999999996,6.847826086956524,2.0,59.0,56,51,48,3,0,6,0.96,9.296875,53,2,28,0,0,2380,256,16,0,0,1,7.5,
aeqkad_nu0.2,window,full,fidelity,False,True,16,0.2,25,0,False,iid,0.1,1,s038,7,24.5,11.684782608695654,6.0,55.00000000000001,56,44,43,1,0,6,0.86,10.51953125,50,6,25,0,0,2693,256,16,0,0,0,9.8125,
aeqkad_nu0.2,window,full,fidelity,False,True,16,0.2,25,0,False,iid,0.1,1,s038,8,19.749999999999996,16.195652173913043,2.0,60.0,56,50,45,5,0,6,0.9,9.0234375,54,4,26,0,0,2310,256,16,0,0,4,7.5,98.0
aeqkad_nu0.2,window,full,fidelity,False,True,16,0.2,25,0,False,iid,0.1,2,s038,2,25.25,21.956521739130434,12.0,54.0,56,39,37,2,0,6,0.74,12.6796875,46,7,0,0,0,3246,256,16,0,0,2,11.6875,
aeqkad_nu0.2,window,full,fidelity,False,True,16,0.2,25,0,False,iid,0.1,2,s038,3,16.250000000000004,4.67391304347826,6.0,48.5,56,44,43,1,0,6,0.86,11.1328125,49,5,0,0,0,2850,256,16,0,0,0,9.3125,
aeqkad_nu0.2,window,full,fidelity,False,True,16,0.2,25,0,False,iid,0.1,2,s038,4,22.749999999999996,9.184782608695654,10.0,50.5,56,41,41,0,0,6,0.82,9.00390625,46,5,0,0,0,2305,256,16,0,0,0,9.25,
aeqkad_nu0.2,window,full,fidelity,False,True,16,0.2,25,0,False,iid,0.1,2,s038,5,21.499999999999996,12.771739130434783,6.0,51.5,56,47,46,1,0,6,0.92,10.08984375,49,2,0,0,0,2583,256,16,0,0,1,8.1875,
aeqkad_nu0.2,window,full,fidelity,False,True,16,0.2,25,0,False,iid,0.1,2,s038,6,18.250000000000004,11.521739130434785,2.0,50.5,56,51,47,4,0,6,0.94,9.08203125,53,2,0,0,0,2325,256,16,0,0,1,8.1875,
aeqkad_nu0.2,window,full,fidelity,False,True,16,0.2,25,0,False,iid,0.1,2,s038,7,23.75,15.108695652173914,6.0,54.0,56,45,43,2,0,6,0.86,10.43359375,51,6,0,0,0,2671,256,16,0,0,0,10.625,
aeqkad_nu0.2,window,full,fidelity,False,True,16,0.2,25,0,False,iid,0.1,2,s038,8,19.749999999999996,10.434782608695654,6.0,56.99999999999999,56,45,44,1,0,6,0.88,8.43359375,50,5,0,0,0,2159,256,16,0,0,1,9.375,16.0
window_nu0.1,window,none,fidelity,False,True,16,0.1,25,0,False,iid,0.1,0,s039,2,18.000000000000004,7.01086956521739,14.000000000000002,22.5,56,45,43,2,0,6,0.86,15.2109375,0,0,0,0,0,3894,256,16,0,0,1,9.125,
window_nu0.1,window,none,fidelity,False,True,16,0.1,25,0,False,iid,0.1,0,s039,3,20.499999999999996,0.0,20.0,8.5,56,41,40,1,0,6,0.8,12.38671875,0,0,0,0,0,3171,256,16,0,0,1,11.0,
window_nu0.1,window,none,fidelity,False,True,16,0.1,25,0,False,iid,0.1,0,s039,4,15.000000000000002,0.0,18.0,14.000000000000002,56,41,41,0,0,6,0.82,11.98828125,0,0,0,0,0,3069,256,16,0,0,0,10.875,
window_nu0.1,window,none,fidelity,False,True,16,0.1,25,0,False,iid,0.1,0,s039,5,11.249999999999998,2.33695652173913,8.0,14.499999999999998,56,47,46,1,0,6,0.92,13.03125,0,0,0,0,0,3336,256,16,0,0,1,8.9375,
window_nu0.1,window,none,fidelity,False,True,16,0.1,25,0,False,iid,0.1,0,s039,6,12.0,0.0,12.0,11.0,56,44,44,0,0,6,0.88,10.77734375,0,0,0,0,0,2759,256,16,0,0,0,7.9375,
window_nu0.1,window,none,fidelity,False,True,16,0.1,25,0,False,iid,0.1,0,s039,7,14.750000000000002,0.0,14.000000000000002,10.5,56,44,43,1,0,6,0.86,11.40625,0,0,0,0,0,2920,256,16,0,0,1,9.375,
window_nu0.1,window,none,fidelity,False,True,16,0.1,25,0,False,iid,0.1,0,s039,8,15.750000000000004,2.33695652173913,18.0,15.0,56,42,41,1,0,6,0.82,13.12890625,0,0,0,0,0,3361,256,16,0,0,0,10.4375,16.0
window_nu0.1,window,none,fidelity,False,True,16,0.1,25,0,False,iid,0.1,1,s039,2,13.750000000000002,0.0,14.000000000000002,16.0,56,44,43,1,0,6,0.86,15.18359375,0,0,0,0,0,3887,256,16,0,0,1,7.875,
window_nu0.1,window,none,fidelity,False,True,16,0.1,25,0,False,iid,0.1,1,s039,3,22.249999999999996,0.0,20.0,11.5,56,41,40,1,0,6,0.8,12.0390625,0,0,0,0,0,3082,256,16,0,0,1,10.6875,
window_nu0.1,window,none,fidelity,False,True,16,0.1,25,0,False,iid,0.1,1,s039,4,13.750000000000002,2.33695652173913,18.0,11.5,56,41,41,0,0,6,0.82,12.078125,0,0,0,0,0,3092,256,16,0,0,0,8.25,
window_nu0.1,window,none,fidelity,False,True,16,0.1,25,0,False,iid,0.1,1,s039,5,15.250000000000002,1.0869565217391297,14.000000000000002,16.0,56,44,43,1,0,6,0.86,12.66015625,0,0,0,0,0,3241,256,16,0,0,1,9.75,
window_nu0.1,window,none,fidelity,False,True,16,0.1,25,0,False,iid,0.1,1,s039,6,11.5,0.0,12.0,7.000000000000001,56,44,44,0,0,6,0.88,10.5859375,0,0,0,0,0,2710,256,16,0,0,0,7.625,
window_nu0.1,window,none,fidelity,False,True,16,0.1,25,0,False,iid,0.1,1,s039,7,15.250000000000002,0.0,14.000000000000002,6.0,56,43,43,0,0,6,0.86,11.55859375,0,0,0,0,0,2959,256,16,0,0,0,8.5,
window_nu0.1,window,none,fidelity,False,True,16,0.1,25,0,False,iid,0.1,1,s039,8,18.500000000000004,2.33695652173913,20.0,11.0,56,40,40,0,0,6,0.8,12.5546875,0,0,0,0,0,3214,256,16,0,0,0,10.0,10.0
window_nu0.1,window,none,fidelity,False,True,16,0.1,25,0,False,iid,0.1,2,s039,2,18.000000000000004,4.67391304347826,12.0,25.5,56,47,44,3,0,6,0.88,15.27734375,0,0,0,0,0,3911,256,16,0,0,1,7.9375,
window_nu0.1,window,none,fidelity,False,True,16,0.1,25,0,False,iid,0.1,2,s039,3,20.749999999999996,0.0,20.0,15.5,56,40,40,0,0,6,0.8,11.94140625,0,0,0,0,0,3057,256,16,0,0,0,10.8125,
window_nu0.1,window,none,fidelity,False,True,16,0.1,25,0,False,iid,0.1,2,s039,4,13.25,2.33695652173913,16.0,17.5,56,43,42,1,0,6,0.84,12.40625,0,0,0,0,0,3176,256,16,0,0,0,9.5625,
window_nu0.1,window,none,fidelity,False,True,16,0.1,25,0,False,iid,0.1,2,s039,5,9.499999999999998,0.0,8.0,13.5,56,48,46,2,0,6,0.92,13.03125,0,0,0,0,0,3336,256,16,0,0,1,8.625,
window_nu0.1,window,none,fidelity,False,True,16,0.1,25,0,False,iid,0.1,2,s039,6,12.5,0.0,10.0,14.499999999999998,56,45,45,0,0,6,0.9,11.00390625,0,0,0,0,0,2817,256,16,0,0,0,8.375,
window_nu0.1,window,none,fidelity,False,True,16,0.1,25,0,False,iid,0.1,2,s039,7,15.75,0.0,14.000000000000002,13.0,56,43,43,0,0,6,0.86,11.57421875,0,0,0,0,0,2963,256,16,0,0,0,7.8125,
window_nu0.1,window,none,fidelity,False,True,16,0.1,25,0,False,iid,0.1,2,s039,8,18.000000000000004,2.33695652173913,18.0,17.0,56,42,41,1,0,6,0.82,13.05078125,0,0,0,0,0,3341,256,16,0,0,0,10.4375,0.0
window_nu0.2,window,none,fidelity,False,True,16,0.2,25,0,False,iid,0.1,0,s039,2,18.000000000000004,7.01086956521739,14.000000000000002,22.5,56,45,43,2,0,6,0.86,15.2109375,0,0,0,0,0,3894,256,16,0,0,1,9.125,
window_nu0.2,window,none,fidelity,False,True,16,0.2,25,0,False,iid,0.1,0,s039,3,20.499999999999996,0.0,20.0,8.5,56,41,40,1,0,6,0.8,12.38671875,0,0,0,0,0,3171,256,16,0,0,1,11.0,
window_nu0.2,window,none,fidelity,False,True,16,0.2,25,0,False,iid,0.1,0,s039,4,15.000000000000002,0.0,18.0,14.000000000000002,56,41,41,0,0,6,0.82,11.98828125,0,0,0,0,0,3069,256,16,0,0,0,10.875,
window_nu0.2,window,none,fidelity,False,True,16,0.2,25,0,False,iid,0.1,0,s039,5,11.249999999999998,2.33695652173913,8.0,14.499999999999998,56,47,46,1,0,6,0.92,13.03125,0,0,0,0,0,3336,256,16,0,0,1,8.9375,
window_nu0.2,window,none,fidelity,False,True,16,0.2,25,0,False,iid,0.1,0,s039,6,12.0,0.0,12.0,11.0,56,44,44,0,0,6,0.88,10.77734375,0,0,0,0,0,2759,256,16,0,0,0,7.9375,
window_nu0.2,window,none,fidelity,False,True,16,0.2,25,0,False,iid,0.1,0,s039,7,14.750000000000002,0.0,14.000000000000002,10.5,56,44,43,1,0,6,0.86,11.40625,0,0,0,0,0,2920,256,16,0,0,1,9.375,
window_nu0.2,window,none,fidelity,False,True,16,0.2,25,0,False,iid,0.1,0,s039,8,15.750000000000004,2.33695652173913,18.0,15.0,56,42,41,1,0,6,0.82,13.12890625,0,0,0,0,0,3361,256,16,0,0,0,10.4375,16.0
window_nu0.2,window,none,fidelity,False,True,16,0.2,25,0,False,iid,0.1,1,s039,2,13.750000000000002,0.0,14.000000000000002,16.0,56,44,43,1,0,6,0.86,15.23046875,0,0,0,0,0,3899,256,16,0,0,1,7.875,
window_nu0.2,window,none,fidelity,False,True,16,0.2,25,0,False,iid,0.1,1,s039,3,22.249999999999996,0.0,20.0,11.5,56,41,40,1,0,6,0.8,12.0390625,0,0,0,0,0,3082,256,16,0,0,1,10.6875,
window_nu0.2,window,none,fidelity,False,True,16,0.2,25,0,False,iid,0.1,1,s039,4,13.750000000000002,2.33695652173913,18.0,11.5,56,41,41,0,0,6,0.82,12.078125,0,0,0,0,0,3092,256,16,0,0,0,8.25,
window_nu0.2,window,none,fidelity,False,True,16,0.2,25,0,False,iid,0.1,1,s039,5,15.250000000000002,1.0869565217391297,14.000000000000002,16.0,56,44,43,1,0,6,0.86,12.66015625,0,0,0,0,0,3241,256,16,0,0,1,9.75,
window_nu0.2,window,none,fidelity,False,True,16,0.2,25,0,False,iid,0.1,1,s039,6,11.5,0.0,12.0,7.000000000000001,56,44,44,0,0,6,0.88,10.5859375,0,0,0,0,0,2710,256,16,0,0,0,7.625,
window_nu0.2,window,none,fidelity,False,True,16,0.2,25,0,False,iid,0.1,1,s039,7,15.250000000000002,0.0,14.000000000000002,6.0,56,43,43,0,0,6,0.86,11.58203125,0,0,0,0,0,2965,256,16,0,0,0,8.5,
window_nu0.2,window,none,fidelity,False,True,16,0.2,25,0,False,iid,0.1,1,s039,8,18.500000000000004,2.33695652173913,20.0,11.0,56,40,40,0,0,6,0.8,12.5546875,0,0,0,0,0,3214,256,16,0,0,0,10.0,10.0
window_nu0.2,window,none,fidelity,False,True,16,0.2,25,0,False,iid,0.1,2,s039,2,18.000000000000004,4.67391304347826,12.0,25.5,56,47,44,3,0,6,0.88,15.28125,0,0,0,0,0,3912,256,16,0,0,1,7.9375,
window_nu0.2,window,none,fidelity,False,True,16,0.2,25,0,False,iid,0.1,2,s039,3,20.749999999999996,0.0,20.0,15.5,56,40,40,0,0,6,0.8,11.9375,0,0,0,0,0,3056,256,16,0,0,0,10.8125,
window_nu0.2,window,none,fidelity,False,True,16,0.2,25,0,False,iid,0.1,2,s039,4,13.0,2.33695652173913,16.0,17.5,56,43,42,1,0,6,0.84,12.43359375,0,0,0,0,0,3183,256,16,0,0,0,9.5625,
window_nu0.2,window,none,fidelity,False,True,16,0.2,25,0,False,iid,0.1,2,s039,5,9.499999999999998,0.0,8.0,13.5,56,48,46,2,0,6,0.92,13.03125,0,0,0,0,0,3336,256,16,0,0,1,8.625,
window_nu0.2,window,none,fidelity,False,True,16,0.2,25,0,False,iid,0.1,2,s039,6,12.5,0.0,10.0,14.499999999999998,56,45,45,0,0,6,0.9,11.02734375,0,0,0,0,0,2823,256,16,0,0,0,8.375,
window_nu0.2,window,none,fidelity,False,True,16,0.2,25,0,False,iid,0.1,2,s039,7,15.75,0.0,14.000000000000002,13.0,56,43,43,0,0,6,0.86,11.57421875,0,0,0,0,0,2963,256,16,0,0,0,7.8125,
window_nu0.2,window,none,fidelity,False,True,16,0.2,25,0,False,iid,0.1,2,s039,8,18.000000000000004,2.33695652173913,18.0,17.0,56,42,41,1,0,6,0.82,13.05078125,0,0,0,0,0,3341,256,16,0,0,0,10.4375,0.0
aeqkad_nu0.1,window,full,fidelity,False,True,16,0.1,25,0,False,iid,0.1,0,s039,2,14.250000000000002,5.923913043478259,14.000000000000002,21.0,56,36,36,0,0,6,0.72,14.7890625,43,7,0,0,0,3786,256,16,0,0,0,10.8125,
aeqkad_nu0.1,window,full,fidelity,False,True,16,0.1,25,0,False,iid,0.1,0,s039,3,19.499999999999996,0.0,20.0,7.000000000000001,56,38,37,1,0,6,0.74,11.578125,42,4,0,0,0,2964,256,16,0,0,1,11.0,
aeqkad_nu0.1,window,full,fidelity,False,True,16,0.1,25,0,False,iid,0.1,0,s039,4,15.000000000000002,0.0,16.0,14.000000000000002,56,31,31,0,0,6,0.62,10.90234375,42,11,0,0,0,2791,256,16,0,0,0,15.25,
aeqkad_nu0.1,window,full,fidelity,False,True,16,0.1,25,0,False,iid,0.1,0,s039,5,11.75,2.33695652173913,12.0,12.0,56,38,38,0,0,6,0.76,11.796875,44,6,0,0,0,3020,256,16,0,0,0,11.9375,
aeqkad_nu0.1,window,full,fidelity,False,True,16,0.1,25,0,False,iid,0.1,0,s039,6,12.75,0.0,12.0,10.5,56,41,41,0,0,6,0.82,9.96484375,44,3,0,0,0,2551,256,16,0,0,0,8.1875,
aeqkad_nu0.1,window,full,fidelity,False,True,16,0.1,25,0,False,iid,0.1,0,s039,7,11.75,0.0,14.000000000000002,10.0,56,40,39,1,0,6,0.78,11.35546875,44,4,0,0,0,2907,256,16,0,0,1,10.5,
aeqkad_nu0.1,window,full,fidelity,False,True,16,0.1,25,0,False,iid,0.1,0,s039,8,20.0,2.33695652173913,24.0,12.5,56,34,34,0,0,6,0.68,12.1328125,39,5,0,0,0,3106,256,16,0,0,0,13.0,16.0
aeqkad_nu0.1,window,full,fidelity,False,True,16,0.1,25,0,False,iid,0.1,1,s039,2,13.25,0.0,16.0,15.5,56,37,37,0,0,6,0.74,15.00390625,43,6,0,0,0,3841,256,16,0,0,0,9.3125,
aeqkad_nu0.1,window,full,fidelity,False,True,16,0.1,25,0,False,iid,0.1,1,s039,3,21.249999999999996,0.0,20.0,8.5,56,37,37,0,0,6,0.74,10.85546875,41,4,0,0,0,2779,256,16,0,0,0,11.8125,
aeqkad_nu0.1,window,full,fidelity,False,True,16,0.1,25,0,False,iid,0.1,1,s039,4,14.750000000000002,2.33695652173913,22.0,9.0,56,36,36,0,0,6,0.72,11.3203125,39,3,0,0,0,2898,256,16,0,0,0,9.1875,
aeqkad_nu0.1,window,full,fidelity,False,True,16,0.1,25,0,False,iid,0.1,1,s039,5,14.000000000000002,1.0869565217391297,12.0,16.0,56,39,38,1,0,6,0.76,12.3125,45,6,0,0,0,3152,256,16,0,0,1,10.25,
aeqkad_nu0.1,window,full,fidelity,False,True,16,0.1,25,0,False,iid,0.1,1,s039,6,9.499999999999998,0.0,12.0,5.5,56,41,41,0,0,6,0.82,10.21875,44,3,0,0,0,2616,256,16,0,0,0,8.125,
aeqkad_nu0.1,window,full,fidelity,False,True,16,0.1,25,0,False,iid,0.1,1,s039,7,10.25,0.0,16.0,6.0,56,39,39,0,0,6,0.78,10.9296875,42,3,0,0,0,2798,256,16,0,0,0,9.625,
aeqkad_nu0.1,window,full,fidelity,False,True,16,0.1,25,0,False,iid,0.1,1,s039,8,22.249999999999996,4.67391304347826,24.0,9.5,56,34,34,0,0,6,0.68,11.7734375,38,4,0,0,0,3014,256,16,0,0,0,12.6875,12.0
aeqkad_nu0.1,window,full,fidelity,False,True,16,0.1,25,0,False,iid,0.1,2,s039,2,13.750000000000002,0.0,12.0,23.0,56,39,38,1,0,6,0.76,15.0078125,47,8,0,0,0,3842,256,16,0,0,0,9.125,
aeqkad_nu0.1,window,full,fidelity,False,True,16,0.1,25,0,False,iid,0.1,2,s039,3,18.250000000000004,0.0,20.0,13.5,56,37,37,0,0,6,0.74,11.515625,40,3,0,0,0,2948,256,16,0,0,0,10.8125,
aeqkad_nu0.1,window,full,fidelity,False,True,16,0.1,25,0,False,iid,0.1,2,s039,4,11.250000000000002,0.0,16.0,12.5,56,36,36,0,0,6,0.72,11.359375,43,7,0,0,0,2908,256,16,0,0,0,10.4375,
aeqkad_nu0.1,window,full,fidelity,False,True,16,0.1,25,0,False,iid,0.1,2,s039,5,10.249999999999998,0.0,8.0,13.0,56,41,40,1,0,6,0.8,12.26171875,48,7,0,0,0,3139,256,16,0,0,0,11.0,
aeqkad_nu0.1,window,full,fidelity,False,True,16,0.1,25,0,False,iid,0.1,2,s039,6,11.5,0.0,12.0,12.0,56,42,42,0,0,6,0.84,10.10546875,44,2,0,0,0,2587,256,16,0,0,0,8.375,
aeqkad_nu0.1,window,full,fidelity,False,True,16,0.1,25,0,False,iid,0.1,2,s039,7,9.000000000000002,0.0,14.000000000000002,9.5,56,40,40,0,0,6,0.8,11.078125,43,3,0,0,0,2836,256,16,0,0,0,9.1875,
aeqkad_nu0.1,window,full,fidelity,False,True,16,0.1,25,0,False,iid,0.1,2,s039,8,18.0,4.67391304347826,24.0,12.0,56,34,34,0,0,6,0.68,12.12890625,39,5,0,0,0,3105,256,16,0,0,0,13.125,2.0
aeqkad_nu0.2,window,full,fidelity,False,True,16,0.2,25,0,False,iid,0.1,0,s039,2,14.250000000000002,5.923913043478259,14.000000000000002,21.0,56,36,36,0,0,6,0.72,14.7890625,43,7,0,0,0,3786,256,16,0,0,0,10.8125,
aeqkad_nu0.2,window,full,fidelity,False,True,16,0.2,25,0,False,iid,0.1,0,s039,3,18.250000000000004,0.0,20.0,7.000000000000001,56,38,37,1,0,6,0.74,11.5625,42,4,0,0,0,2960,256,16,0,0,1,11.0,
aeqkad_nu0.2,window,full,fidelity,False,True,16,0.2,25,0,False,iid,0.1,0,s039,4,15.000000000000002,0.0,16.0,14.000000000000002,56,31,31,0,0,6,0.62,10.92578125,42,11,0,0,0,2797,256,16,0,0,0,15.25,
aeqkad_nu0.2,window,full,fidelity,False,True,16,0.2,25,0,False,iid,0.1,0,s039,5,11.75,2.33695652173913,12.0,11.5,56,38,38,0,0,6,0.76,11.8046875,44,6,0,0,0,3022,256,16,0,0,0,11.9375,
aeqkad_nu0.2,window,full,fidelity,False,True,16,0.2,25,0,False,iid,0.1,0,s039,6,12.75,0.0,12.0,10.5,56,41,41,0,0,6,0.82,9.96484375,44,3,0,0,0,2551,256,16,0,0,0,8.1875,
aeqkad_nu0.2,window,full,fidelity,False,True,16,0.2,25,0,False,iid,0.1,0,s039,7,11.75,0.0,14.000000000000002,10.0,56,40,39,1,0,6,0.78,11.3828125,44,4,0,0,0,2914,256,16,0,0,1,10.5,
aeqkad_nu0.2,window,full,fidelity,False,True,16,0.2,25,0,False,iid,0.1,0,s039,8,20.0,2.33695652173913,24.0,12.5,56,34,34,0,0,6,0.68,12.1796875,39,5,0,0,0,3118,256,16,0,0,0,13.0,16.0
aeqkad_nu0.2,window,full,fidelity,False,True,16,0.2,25,0,False,iid,0.1,1,s039,2,13.25,0.0,16.0,15.5,56,37,37,0,0,6,0.74,15.00390625,43,6,0,0,0,3841,256,16,0,0,0,9.3125,
aeqkad_nu0.2,window,full,fidelity,False,True,16,0.2,25,0,False,iid,0.1,1,s039,3,21.249999999999996,0.0,20.0,8.5,56,37,37,0,0,6,0.74,10.85546875,41,4,0,0,0,2779,256,16,0,0,0,11.8125,
aeqkad_nu0.2,window,full,fidelity,False,True,16,0.2,25,0,False,iid,0.1,1,s039,4,14.500000000000002,2.33695652173913,22.0,9.0,56,36,36,0,0,6,0.72,11.390625,39,3,0,0,0,2916,256,16,0,0,0,9.1875,
aeqkad_nu0.2,window,full,fidelity,False,True,16,0.2,25,0,False,iid,0.1,1,s039,5,14.000000000000002,1.0869565217391297,12.0,16.0,56,39,38,1,0,6,0.76,12.3125,45,6,0,0,0,3152,256,16,0,0,1,10.25,
aeqkad_nu0.2,window,full,fidelity,False,True,16,0.2,25,0,False,iid,0.1,1,s039,6,9.499999999999998,0.0,12.0,5.5,56,41,41,0,0,6,0.82,10.26953125,44,3,0,0,0,2629,256,16,0,0,0,8.125,
aeqkad_nu0.2,window,full,fidelity,False,True,16,0.2,25,0,False,iid,0.1,1,s039,7,10.25,0.0,16.0,6.0,56,39,39,0,0,6,0.78,10.953125,42,3,0,0,0,2804,256,16,0,0,0,9.625,
aeqkad_nu0.2,window,full,fidelity,False,True,16,0.2,25,0,False,iid,0.1,1,s039,8,22.249999999999996,4.67391304347826,24.0,9.5,56,34,34,0,0,6,0.68,11.625,38,4,0,0,0,2976,256,16,0,0,0,12.6875,12.0
aeqkad_nu0.2,window,full,fidelity,False,True,16,0.2,25,0,False,iid,0.1,2,s039,2,13.750000000000002,0.0,12.0,23.0,56,39,38,1,0,6,0.76,15.0078125,47,8,0,0,0,3842,256,16,0,0,0,9.125,
aeqkad_nu0.2,window,full,fidelity,False,True,16,0.2,25,0,False,iid,0.1,2,s039,3,18.250000000000004,0.0,20.0,13.5,56,37,37,0,0,6,0.74,11.51953125,40,3,0,0,0,2949,256,16,0,0,0,10.8125,
aeqkad_nu0.2,window,full,fidelity,False,True,16,0.2,25,0,False,iid,0.1,2,s039,4,11.250000000000002,0.0,16.0,12.5,56,36,36,0,0,6,0.72,11.359375,43,7,0,0,0,2908,256,16,0,0,0,10.4375,
aeqkad_nu0.2,window,full,fidelity,False,True,16,0.2,25,0,False,iid,0.1,2,s039,5,10.249999999999998,0.0,8.0,13.0,56,41,40,1,0,6,0.8,12.28125,48,7,0,0,0,3144,256,16,0,0,0,11.0,
aeqkad_nu0.2,window,full,fidelity,False,True,16,0.2,25,0,False,iid,0.1,2,s039,6,11.5,0.0,12.0,12.0,56,42,42,0,0,6,0.84,10.15234375,44,2,0,0,0,2599,256,16,0,0,0,8.375,
aeqkad_nu0.2,window,full,fidelity,False,True,16,0.2,25,0,False,iid,0.1,2,s039,7,9.000000000000002,0.0,14.000000000000002,9.5,56,40,40,0,0,6,0.8,11.1015625,43,3,0,0,0,2842,256,16,0,0,0,9.1875,
aeqkad_nu0.2,window,full,fidelity,False,True,16,0.2,25,0,False,iid,0.1,2,s039,8,18.0,4.67391304347826,24.0,12.0,56,34,34,0,0,6,0.68,12.078125,39,5,0,0,0,3092,256,16,0,0,0,13.125,2.0
window_nu0.1,window,none,fidelity,False,True,16,0.1,25,0,False,iid,0.1,0,s040,2,22.249999999999996,12.771739130434783,6.0,61.0,56,52,47,5,0,6,0.94,13.9921875,0,0,0,0,0,3582,256,16,0,0,0,9.0625,
window_nu0.1,window,none,fidelity,False,True,16,0.1,25,0,False,iid,0.1,0,s040,3,46.25,36.141304347826086,34.0,75.0,56,36,33,3,0,6,0.66,14.17578125,0,0,0,0,0,3629,256,16,0,0,2,9.125,
window_nu0.1,window,none,fidelity,False,True,16,0.1,25,0,False,iid,0.1,0,s040,4,38.0,24.456521739130434,10.0,87.5,56,51,45,6,0,6,0.9,14.58203125,0,0,0,0,0,3733,256,16,0,0,2,8.375,
window_nu0.1,window,none,fidelity,False,True,16,0.1,25,0,False,iid,0.1,0,s040,5,40.5,24.293478260869566,14.000000000000002,88.0,56,49,43,6,0,6,0.86,14.765625,0,0,0,0,0,3780,256,16,0,0,0,8.0625,
window_nu0.1,window,none,fidelity,False,True,16,0.1,25,0,False,iid,0.1,0,s040,6,27.500000000000004,12.771739130434783,6.0,73.5,56,50,47,3,0,6,0.94,13.921875,0,0,0,0,0,3564,256,16,0,0,1,7.5,
window_nu0.1,window,none,fidelity,False,True,16,0.1,25,0,False,iid,0.1,0,s040,7,27.500000000000004,15.108695652173914,8.0,84.5,56,51,46,5,0,6,0.92,12.90234375,0,0,0,0,0,3303,256,16,0,0,2,7.5,
window_nu0.1,window,none,fidelity,False,True,16,0.1,25,0,False,iid,0.1,0,s040,8,31.999999999999996,17.445652173913043,16.0,86.5,56,48,42,6,0,6,0.84,13.19140625,0,0,0,0,0,3377,256,16,0,0,3,8.6875,94.0
window_nu0.1,window,none,fidelity,False,True,16,0.1,25,0,False,iid,0.1,1,s040,2,17.750000000000004,2.33695652173913,6.0,54.50000000000001,56,48,47,1,0,6,0.94,13.8671875,0,0,0,0,0,3550,256,16,0,0,0,9.5625,
window_nu0.1,window,none,fidelity,False,True,16,0.1,25,0,False,iid,0.1,1,s040,3,46.5,32.55434782608696,26.0,78.5,56,43,37,6,0,6,0.74,14.42578125,0,0,0,0,0,3693,256,16,0,0,2,8.9375,
window_nu0.1,window,none,fidelity,False,True,16,0.1,25,0,False,iid,0.1,1,s040,4,35.75,22.1195652173913,8.0,89.5,56,52,46,6,0,6,0.92,14.5625,0,0,0,0,0,3728,256,16,0,0,1,7.5,
window_nu0.1,window,none,fidelity,False,True,16,0.1,25,0,False,iid,0.1,1,s040,5,36.0,22.1195652173913,14.000000000000002,82.0,56,47,43,4,0,6,0.86,14.609375,0,0,0,0,0,3740,256,16,0,0,0,8.8125,
window_nu0.1,window,none,fidelity,False,True,16,0.1,25,0,False,iid,0.1,1,s040,6,34.0,21.032608695652172,10.0,76.0,56,49,45,4,0,6,0.9,13.62890625,0,0,0,0,0,3489,256,16,0,0,2,8.375,
window_nu0.1,window,none,fidelity,False,True,16,0.1,25,0,False,iid,0.1,1,s040,7,29.000000000000004,20.869565217391305,12.0,88.5,56,50,44,6,0,6,0.88,13.30859375,0,0,0,0,0,3407,256,16,0,0,0,7.75,
window_nu0.1,window,none,fidelity,False,True,16,0.1,25,0,False,iid,0.1,1,s040,8,29.25,16.358695652173914,24.0,73.5,56,41,38,3,0,6,0.76,12.16796875,0,0,0,0,0,3115,256,16,0,0,1,11.6875,78.0
window_nu0.1,window,none,fidelity,False,True,16,0.1,25,0,False,iid,0.1,2,s040,2,27.500000000000004,19.782608695652172,12.0,74.5,56,49,44,5,0,6,0.88,13.90625,0,0,0,0,0,3560,256,16,0,0,1,8.8125,
window_nu0.1,window,none,fidelity,False,True,16,0.1,25,0,False,iid,0.1,2,s040,3,41.75,30.217391304347828,24.0,79.0,56,43,38,5,0,6,0.76,14.0390625,0,0,0,0,0,3594,256,16,0,0,2,9.125,
window_nu0.1,window,none,fidelity,False,True,16,0.1,25,0,False,iid,0.1,2,s040,4,36.0,27.8804347826087,10.0,84.5,56,48,45,3,0,6,0.9,14.66015625,0,0,0,0,0,3753,256,16,0,0,2,9.0,
window_nu0.1,window,none,fidelity,False,True,16,0.1,25,0,False,iid,0.1,2,s040,5,29.75,16.195652173913043,12.0,82.5,56,49,44,5,0,6,0.88,14.44140625,0,0,0,0,0,3697,256,16,0,0,3,8.4375,
window_nu0.1,window,none,fidelity,False,True,16,0.1,25,0,False,iid,0.1,2,s040,6,33.24999999999999,19.782608695652172,16.0,74.5,56,46,42,4,0,6,0.84,13.84375,0,0,0,0,0,3544,256,16,0,0,0,7.6875,
window_nu0.1,window,none,fidelity,False,True,16,0.1,25,0,False,iid,0.1,2,s040,7,25.5,11.684782608695654,10.0,82.5,56,49,45,4,0,6,0.9,13.02734375,0,0,0,0,0,3335,256,16,0,0,1,7.625,
window_nu0.1,window,none,fidelity,False,True,16,0.1,25,0,False,iid,0.1,2,s040,8,35.25,16.195652173913043,22.0,77.0,56,45,39,6,0,6,0.78,13.4453125,0,0,0,0,0,3442,256,16,0,0,1,11.1875,18.0
window_nu0.2,window,none,fidelity,False,True,16,0.2,25,0,False,iid,0.1,0,s040,2,22.249999999999996,12.771739130434783,6.0,61.0,56,52,47,5,0,6,0.94,13.99609375,0,0,0,0,0,3583,256,16,0,0,0,9.0625,
window_nu0.2,window,none,fidelity,False,True,16,0.2,25,0,False,iid,0.1,0,s040,3,46.25,36.141304347826086,34.0,75.0,56,36,33,3,0,6,0.66,14.17578125,0,0,0,0,0,3629,256,16,0,0,2,9.125,
window_nu0.2,window,none,fidelity,False,True,16,0.2,25,0,False,iid,0.1,0,s040,4,38.0,24.456521739130434,8.0,87.5,56,52,46,6,0,6,0.92,14.58203125,0,0,0,0,0,3733,256,16,0,0,1,7.5,
window_nu0.2,window,none,fidelity,False,True,16,0.2,25,0,False,iid,0.1,0,s040,5,41.5,30.217391304347828,14.000000000000002,88.0,56,49,43,6,0,6,0.86,14.921875,0,0,0,0,0,3820,256,16,0,0,0,8.0625,
window_nu0.2,window,none,fidelity,False,True,16,0.2,25,0,False,iid,0.1,0,s040,6,28.000000000000004,14.021739130434785,6.0,72.0,56,50,47,3,0,6,0.94,13.79296875,0,0,0,0,0,3531,256,16,0,0,1,7.5,
window_nu0.2,window,none,fidelity,False,True,16,0.2,25,0,False,iid,0.1,0,s040,7,27.500000000000004,15.108695652173914,8.0,85.5,56,51,46,5,0,6,0.92,13.06640625,0,0,0,0,0,3345,256,16,0,0,2,7.5,
window_nu0.2,window,none,fidelity,False,True,16,0.2,25,0,False,iid,0.1,0,s040,8,35.0,17.445652173913043,16.0,86.5,56,48,42,6,0,6,0.84,13.23828125,0,0,0,0,0,3389,256,16,0,0,3,8.6875,94.0
window_nu0.2,window,none,fidelity,False,True,16,0.2,25,0,False,iid,0.1,1,s040,2,17.750000000000004,2.33695652173913,6.0,55.00000000000001,56,48,47,1,0,6,0.94,13.83984375,0,0,0,0,0,3543,256,16,0,0,0,9.5625,
window_nu0.2,window,none,fidelity,False,True,16,0.2,25,0,False,iid,0.1,1,s040,3,46.5,32.55434782608696,26.0,78.5,56,43,37,6,0,6,0.74,14.42578125,0,0,0,0,0,3693,256,16,0,0,2,8.9375,
window_nu0.2,window,none,fidelity,False,True,16,0.2,25,0,False,iid,0.1,1,s040,4,36.0,22.1195652173913,8.0,89.5,56,52,46,6,0,6,0.92,14.55859375,0,0,0,0,0,3727,256,16,0,0,1,7.5,
window_nu0.2,window,none,fidelity,False,True,16,0.2,25,0,False,iid,0.1,1,s040,5,36.0,22.1195652173913,14.000000000000002,81.5,56,47,43,4,0,6,0.86,14.6328125,0,0,0,0,0,3746,256,16,0,0,0,8.8125,
window_nu0.2,window,none,fidelity,False,True,16,0.2,25,0,False,iid,0.1,1,s040,6,34.0,21.032608695652172,10.0,76.0,56,49,45,4,0,6,0.9,13.65234375,0,0,0,0,0,3495,256,16,0,0,2,8.375,
window_nu0.2,window,none,fidelity,False,True,16,0.2,25,0,False,iid,0.1,1,s040,7,29.000000000000004,20.869565217391305,12.0,88.5,56,50,44,6,0,6,0.88,13.30859375,0,0,0,0,0,3407,256,16,0,0,0,7.75,
window_nu0.2,window,none,fidelity,False,True,16,0.2,25,0,False,iid,0.1,1,s040,8,29.25,16.358695652173914,24.0,74.0,56,41,38,3,0,6,0.76,12.16796875,0,0,0,0,0,3115,256,16,0,0,1,11.6875,78.0
window_nu0.2,window,none,fidelity,False,True,16,0.2,25,0,False,iid,0.1,2,s040,2,27.500000000000004,19.782608695652172,12.0,74.5,56,49,44,5,0,6,0.88,13.90625,0,0,0,0,0,3560,256,16,0,0,1,8.8125,
window_nu0.2,window,none,fidelity,False,True,16,0.2,25,0,False,iid,0.1,2,s040,3,41.75,30.217391304347828,24.0,79.0,56,43,38,5,0,6,0.76,14.0390625,0,0,0,0,0,3594,256,16,0,0,2,9.125,
window_nu0.2,window,none,fidelity,False,True,16,0.2,25,0,False,iid,0.1,2,s040,4,40.0,27.8804347826087,10.0,84.5,56,48,45,3,0,6,0.9,14.66015625,0,0,0,0,0,3753,256,16,0,0,2,9.0,
window_nu0.2,window,none,fidelity,False,True,16,0.2,25,0,False,iid,0.1,2,s040,5,29.75,16.195652173913043,12.0,82.5,56,49,44,5,0,6,0.88,14.4453125,0,0,0,0,0,3698,256,16,0,0,3,8.4375,
window_nu0.2,window,none,fidelity,False,True,16,0.2,25,0,False,iid,0.1,2,s040,6,33.24999999999999,19.782608695652172,16.0,74.5,56,46,42,4,0,6,0.84,13.87109375,0,0,0,0,0,3551,256,16,0,0,0,7.6875,
window_nu0.2,window,none,fidelity,False,True,16,0.2,25,0,False,iid,0.1,2,s040,7,25.5,11.684782608695654,10.0,82.5,56,49,45,4,0,6,0.9,13.0703125,0,0,0,0,0,3346,256,16,0,0,1,7.625,
window_nu0.2,window,none,fidelity,False,True,16,0.2,25,0,False,iid,0.1,2,s040,8,35.25,16.195652173913043,22.0,77.0,56,45,39,6,0,6,0.78,13.46875,0,0,0,0,0,3448,256,16,0,0,1,11.1875,18.0
aeqkad_nu0.1,window,full,fidelity,False,True,16,0.1,25,0,False,iid,0.1,0,s040,2,20.249999999999996,8.260869565217389,12.0,52.0,56,36,36,0,0,6,0.72,13.671875,48,12,0,0,0,3500,256,16,0,0,0,11.3125,
aeqkad_nu0.1,window,full,fidelity,False,True,16,0.1,25,0,False,iid,0.1,0,s040,3,54.0,41.90217391304347,72.0,42.5,56,9,8,1,0,6,0.16,10.21875,16,7,0,0,0,2616,256,16,0,0,1,30.375,
aeqkad_nu0.1,window,full,fidelity,False,True,16,0.1,25,0,False,iid,0.1,0,s040,4,42.00000000000001,25.543478260869566,26.0,74.5,56,32,30,2,0,6,0.6,12.33203125,42,10,0,0,0,3157,256,16,0,0,1,9.125,
aeqkad_nu0.1,window,full,fidelity,False,True,16,0.1,25,0,False,iid,0.1,0,s040,5,36.25,22.1195652173913,16.0,73.0,56,27,27,0,0,6,0.54,12.2421875,47,20,0,0,0,3134,256,16,0,0,0,14.0625,
aeqkad_nu0.1,window,full,fidelity,False,True,16,0.1,25,0,False,iid,0.1,0,s040,6,26.0,17.445652173913043,20.0,68.5,56,31,30,1,0,6,0.6,11.234375,44,13,0,0,0,2876,256,16,0,0,0,10.375,
aeqkad_nu0.1,window,full,fidelity,False,True,16,0.1,25,0,False,iid,0.1,0,s040,7,27.500000000000004,12.771739130434783,12.0,69.5,56,39,37,2,0,6,0.74,11.3125,48,9,0,0,0,2896,256,16,0,0,1,10.5,
aeqkad_nu0.1,window,full,fidelity,False,True,16,0.1,25,0,False,iid,0.1,0,s040,8,35.75,10.434782608695654,22.0,62.0,56,33,32,1,0,6,0.64,11.58984375,43,10,0,0,0,2967,256,16,0,0,1,13.3125,90.0
aeqkad_nu0.1,window,full,fidelity,False,True,16,0.1,25,0,False,iid,0.1,1,s040,2,18.250000000000004,2.33695652173913,12.0,50.0,56,40,40,0,0,6,0.8,13.421875,45,5,0,0,0,3436,256,16,0,0,0,10.5,
aeqkad_nu0.1,window,full,fidelity,False,True,16,0.1,25,0,False,iid,0.1,1,s040,3,52.25,51.08695652173913,52.0,57.49999999999999,56,19,16,3,0,6,0.32,12.66015625,28,9,0,0,0,3241,256,16,0,0,2,10.8125,
aeqkad_nu0.1,window,full,fidelity,False,True,16,0.1,25,0,False,iid,0.1,1,s040,4,35.75,20.869565217391305,14.000000000000002,80.0,56,36,33,3,0,6,0.66,12.94140625,48,12,0,0,0,3313,256,16,0,0,1,8.875,
aeqkad_nu0.1,window,full,fidelity,False,True,16,0.1,25,0,False,iid,0.1,1,s040,5,34.75,23.20652173913043,14.000000000000002,75.5,56,35,33,2,0,6,0.66,13.140625,47,12,0,0,0,3364,256,16,0,0,0,10.25,
aeqkad_nu0.1,window,full,fidelity,False,True,16,0.1,25,0,False,iid,0.1,1,s040,6,32.25,23.20652173913043,18.0,76.0,56,38,34,4,0,6,0.68,12.5703125,45,7,0,0,0,3218,256,16,0,0,2,9.6875,
aeqkad_nu0.1,window,full,fidelity,False,True,16,0.1,25,0,False,iid,0.1,1,s040,7,26.25,15.108695652173914,10.0,72.0,56,38,37,1,0,6,0.74,11.75390625,50,12,0,0,0,3009,256,16,0,0,0,9.25,
aeqkad_nu0.1,window,full,fidelity,False,True,16,0.1,25,0,False,iid,0.1,1,s040,8,34.0,9.184782608695654,24.0,63.0,56,33,32,1,0,6,0.64,11.625,41,8,0,0,0,2976,256,16,0,0,1,15.0625,78.0
aeqkad_nu0.1,window,full,fidelity,False,True,16,0.1,25,0,False,iid,0.1,2,s040,2,22.249999999999996,8.260869565217389,12.0,77.0,56,38,36,2,0,6,0.72,13.64453125,49,11,0,0,0,3493,256,16,0,0,1,10.1875,
aeqkad_nu0.1,window,full,fidelity,False,True,16,0.1,25,0,False,iid,0.1,2,s040,3,54.25,54.673913043478265,46.0,70.0,56,21,16,5,0,6,0.32,11.93359375,32,11,0,0,0,3055,256,16,0,0,2,11.0,
aeqkad_nu0.1,window,full,fidelity,False,True,16,0.1,25,0,False,iid,0.1,2,s040,4,40.0,32.55434782608696,20.0,81.0,56,34,32,2,0,6,0.64,12.79296875,43,9,0,0,0,3275,256,16,0,0,1,9.875,
aeqkad_nu0.1,window,full,fidelity,False,True,16,0.1,25,0,False,iid,0.1,2,s040,5,37.5,19.782608695652172,16.0,75.5,56,29,27,2,0,6,0.54,12.453125,46,17,0,0,0,3188,256,16,0,0,0,17.25,
aeqkad_nu0.1,window,full,fidelity,False,True,16,0.1,25,0,False,iid,0.1,2,s040,6,27.0,12.934782608695656,24.0,56.00000000000001,56,32,32,0,0,6,0.64,11.3125,42,10,0,0,0,2896,256,16,0,0,0,9.8125,
aeqkad_nu0.1,window,full,fidelity,False,True,16,0.1,25,0,False,iid,0.1,2,s040,7,28.249999999999996,12.771739130434783,12.0,69.0,56,37,37,0,0,6,0.74,11.1640625,48,11,0,0,0,2858,256,16,0,0,0,10.375,
aeqkad_nu0.1,window,full,fidelity,False,True,16,0.1,25,0,False,iid,0.1,2,s040,8,34.5,10.434782608695654,28.000000000000004,56.00000000000001,56,32,32,0,0,6,0.64,11.3515625,40,8,0,0,0,2906,256,16,0,0,0,12.0625,68.0
aeqkad_nu0.2,window,full,fidelity,False,True,16,0.2,25,0,False,iid,0.1,0,s040,2,20.249999999999996,8.260869565217389,12.0,52.0,56,36,36,0,0,6,0.72,13.671875,48,12,0,0,0,3500,256,16,0,0,0,11.3125,
aeqkad_nu0.2,window,full,fidelity,False,True,16,0.2,25,0,False,iid,0.1,0,s040,3,54.0,41.90217391304347,72.0,42.5,56,9,8,1,0,6,0.16,10.21875,16,7,0,0,0,2616,256,16,0,0,1,30.375,
aeqkad_nu0.2,window,full,fidelity,False,True,16,0.2,25,0,False,iid,0.1,0,s040,4,42.00000000000001,25.543478260869566,26.0,74.5,56,32,30,2,0,6,0.6,12.37890625,42,10,0,0,0,3169,256,16,0,0,1,9.125,
aeqkad_nu0.2,window,full,fidelity,False,True,16,0.2,25,0,False,iid,0.1,0,s040,5,36.25,22.1195652173913,16.0,73.0,56,27,27,0,0,6,0.54,12.29296875,47,20,0,0,0,3147,256,16,0,0,0,14.0625,
aeqkad_nu0.2,window,full,fidelity,False,True,16,0.2,25,0,False,iid,0.1,0,s040,6,26.0,17.445652173913043,20.0,68.5,56,31,30,1,0,6,0.6,11.234375,44,13,0,0,0,2876,256,16,0,0,0,10.375,
aeqkad_nu0.2,window,full,fidelity,False,True,16,0.2,25,0,False,iid,0.1,0,s040,7,27.500000000000004,12.771739130434783,12.0,69.5,56,39,37,2,0,6,0.74,11.3125,48,9,0,0,0,2896,256,16,0,0,1,10.5,
aeqkad_nu0.2,window,full,fidelity,False,True,16,0.2,25,0,False,iid,0.1,0,s040,8,35.75,10.434782608695654,22.0,61.5,56,33,32,1,0,6,0.64,11.58984375,43,10,0,0,0,2967,256,16,0,0,1,13.3125,90.0
aeqkad_nu0.2,window,full,fidelity,False,True,16,0.2,25,0,False,iid,0.1,1,s040,2,18.250000000000004,2.33695652173913,12.0,50.0,56,40,40,0,0,6,0.8,13.421875,45,5,0,0,0,3436,256,16,0,0,0,10.5,
aeqkad_nu0.2,window,full,fidelity,False,True,16,0.2,25,0,False,iid,0.1,1,s040,3,52.25,51.08695652173913,52.0,57.49999999999999,56,19,16,3,0,6,0.32,12.66015625,28,9,0,0,0,3241,256,16,0,0,2,10.8125,
aeqkad_nu0.2,window,full,fidelity,False,True,16,0.2,25,0,False,iid,0.1,1,s040,4,35.75,20.869565217391305,14.000000000000002,80.0,56,36,33,3,0,6,0.66,12.96484375,48,12,0,0,0,3319,256,16,0,0,1,8.875,
aeqkad_nu0.2,window,full,fidelity,False,True,16,0.2,25,0,False,iid,0.1,1,s040,5,39.75,25.543478260869566,16.0,76.0,56,30,28,2,0,6,0.56,12.890625,46,16,0,0,0,3300,256,16,0,0,0,14.6875,
aeqkad_nu0.2,window,full,fidelity,False,True,16,0.2,25,0,False,iid,0.1,1,s040,6,35.5,23.20652173913043,18.0,76.5,56,37,33,4,0,6,0.66,11.8203125,46,9,0,0,0,3026,256,16,0,0,2,9.6875,
aeqkad_nu0.2,window,full,fidelity,False,True,16,0.2,25,0,False,iid,0.1,1,s040,7,26.0,15.108695652173914,10.0,71.5,56,38,37,1,0,6,0.74,11.6484375,51,13,0,0,0,2982,256,16,0,0,0,9.25,
aeqkad_nu0.2,window,full,fidelity,False,True,16,0.2,25,0,False,iid,0.1,1,s040,8,33.25,14.021739130434785,26.0,75.5,56,34,32,2,0,6,0.64,11.9140625,40,6,0,0,0,3050,256,16,0,0,1,15.0625,78.0
aeqkad_nu0.2,window,full,fidelity,False,True,16,0.2,25,0,False,iid,0.1,2,s040,2,22.249999999999996,8.260869565217389,12.0,77.0,56,38,36,2,0,6,0.72,13.64453125,49,11,0,0,0,3493,256,16,0,0,1,10.1875,
aeqkad_nu0.2,window,full,fidelity,False,True,16,0.2,25,0,False,iid,0.1,2,s040,3,54.25,54.673913043478265,46.0,70.0,56,21,16,5,0,6,0.32,11.93359375,32,11,0,0,0,3055,256,16,0,0,2,11.0,
aeqkad_nu0.2,window,full,fidelity,False,True,16,0.2,25,0,False,iid,0.1,2,s040,4,40.0,32.55434782608696,20.0,81.0,56,34,32,2,0,6,0.64,12.79296875,43,9,0,0,0,3275,256,16,0,0,1,9.875,
aeqkad_nu0.2,window,full,fidelity,False,True,16,0.2,25,0,False,iid,0.1,2,s040,5,37.5,19.782608695652172,16.0,75.5,56,29,27,2,0,6,0.54,12.453125,46,17,0,0,0,3188,256,16,0,0,0,17.25,
aeqkad_nu0.2,window,full,fidelity,False,True,16,0.2,25,0,False,iid,0.1,2,s040,6,27.0,12.934782608695656,24.0,56.00000000000001,56,32,32,0,0,6,0.64,11.2890625,42,10,0,0,0,2890,256,16,0,0,0,9.8125,
aeqkad_nu0.2,window,full,fidelity,False,True,16,0.2,25,0,False,iid,0.1,2,s040,7,28.500000000000004,12.771739130434783,12.0,69.0,56,37,37,0,0,6,0.74,11.1640625,48,11,0,0,0,2858,256,16,0,0,0,10.375,
aeqkad_nu0.2,window,full,fidelity,False,True,16,0.2,25,0,False,iid,0.1,2,s040,8,34.5,10.434782608695654,28.000000000000004,56.00000000000001,56,32,32,0,0,6,0.64,11.375,40,8,0,0,0,2912,256,16,0,0,0,12.0625,68.0
window_nu0.1,window,none,fidelity,False,True,16,0.1,25,0,False,iid,0.1,0,s041,2,34.25,23.20652173913043,22.0,58.5,56,43,39,4,0,6,0.78,15.515625,0,0,0,0,0,3972,256,16,0,0,1,9.5625,
window_nu0.1,window,none,fidelity,False,True,16,0.1,25,0,False,iid,0.1,0,s041,3,15.500000000000004,1.25,6.0,23.5,56,48,47,1,0,6,0.94,14.2109375,0,0,0,0,0,3638,256,16,0,0,0,8.4375,
window_nu0.1,window,none,fidelity,False,True,16,0.1,25,0,False,iid,0.1,0,s041,4,19.749999999999996,2.33695652173913,22.0,16.0,56,40,39,1,0,6,0.78,13.7421875,0,0,0,0,0,3518,256,16,0,0,0,11.375,
window_nu0.1,window,none,fidelity,False,True,16,0.1,25,0,False,iid,0.1,0,s041,5,24.0,7.01086956521739,14.000000000000002,40.0,56,44,43,1,0,6,0.86,12.6953125,0,0,0,0,0,3250,256,16,0,0,0,12.0,
window_nu0.1,window,none,fidelity,False,True,16,0.1,25,0,False,iid,0.1,0,s041,6,22.499999999999996,3.58695652173913,20.0,41.0,56,43,40,3,0,6,0.8,13.37890625,0,0,0,0,0,3425,256,16,0,0,1,11.0625,
window_nu0.1,window,none,fidelity,False,True,16,0.1,25,0,False,iid,0.1,0,s041,7,20.0,7.01086956521739,10.0,49.0,56,46,45,1,0,6,0.9,11.76953125,0,0,0,0,0,3013,256,16,0,0,0,8.75,
window_nu0.1,window,none,fidelity,False,True,16,0.1,25,0,False,iid,0.1,0,s041,8,20.499999999999996,6.847826086956524,22.0,14.000000000000002,56,39,39,0,0,6,0.78,12.9453125,0,0,0,0,0,3314,256,16,0,0,0,9.25,10.0
window_nu0.1,window,none,fidelity,False,True,16,0.1,25,0,False,iid,0.1,1,s041,2,23.25,9.347826086956525,16.0,42.0,56,44,42,2,0,6,0.84,15.55078125,0,0,0,0,0,3981,256,16,0,0,1,10.9375,
window_nu0.1,window,none,fidelity,False,True,16,0.1,25,0,False,iid,0.1,1,s041,3,12.25,0.0,6.0,24.0,56,48,47,1,0,6,0.94,14.24609375,0,0,0,0,0,3647,256,16,0,0,0,8.5,
window_nu0.1,window,none,fidelity,False,True,16,0.1,25,0,False,iid,0.1,1,s041,4,20.249999999999996,3.423913043478259,18.0,32.0,56,43,41,2,0,6,0.82,13.73046875,0,0,0,0,0,3515,256,16,0,0,1,10.5625,
window_nu0.1,window,none,fidelity,False,True,16,0.1,25,0,False,iid,0.1,1,s041,5,14.250000000000002,0.0,8.0,32.0,56,49,46,3,0,6,0.92,13.234375,0,0,0,0,0,3388,256,16,0,0,0,9.125,
window_nu0.1,window,none,fidelity,False,True,16,0.1,25,0,False,iid,0.1,1,s041,6,22.249999999999996,2.33695652173913,18.0,36.5,56,44,41,3,0,6,0.82,13.55859375,0,0,0,0,0,3471,256,16,0,0,0,11.75,
window_nu0.1,window,none,fidelity,False,True,16,0.1,25,0,False,iid,0.1,1,s041,7,21.249999999999996,10.597826086956525,10.0,66.0,56,48,45,3,0,6,0.9,12.47265625,0,0,0,0,0,3193,256,16,0,0,2,9.4375,
window_nu0.1,window,none,fidelity,False,True,16,0.1,25,0,False,iid,0.1,1,s041,8,21.499999999999996,8.097826086956525,4.0,37.5,56,51,48,3,0,6,0.96,13.8125,0,0,0,0,0,3536,256,16,0,0,0,8.625,0.0
window_nu0.1,window,none,fidelity,False,True,16,0.1,25,0,False,iid,0.1,2,s041,2,31.999999999999996,25.543478260869566,22.0,53.0,56,43,39,4,0,6,0.78,15.44140625,0,0,0,0,0,3953,256,16,0,0,1,9.1875,
window_nu0.1,window,none,fidelity,False,True,16,0.1,25,0,False,iid,0.1,2,s041,3,17.750000000000004,1.25,6.0,27.500000000000004,56,49,47,2,0,6,0.94,14.21484375,0,0,0,0,0,3639,256,16,0,0,0,8.8125,
window_nu0.1,window,none,fidelity,False,True,16,0.1,25,0,False,iid,0.1,2,s041,4,28.500000000000004,7.01086956521739,22.0,37.5,56,42,39,3,0,6,0.78,13.8046875,0,0,0,0,0,3534,256,16,0,0,0,11.0625,
window_nu0.1,window,none,fidelity,False,True,16,0.1,25,0,False,iid,0.1,2,s041,5,18.250000000000004,2.33695652173913,16.0,22.5,56,44,42,2,0,6,0.84,12.65625,0,0,0,0,0,3240,256,16,0,0,0,10.9375,
window_nu0.1,window,none,fidelity,False,True,16,0.1,25,0,False,iid,0.1,2,s041,6,24.75,1.25,20.0,28.000000000000004,56,40,40,0,0,6,0.8,13.0546875,0,0,0,0,0,3342,256,16,0,0,0,12.6875,
window_nu0.1,window,none,fidelity,False,True,16,0.1,25,0,False,iid,0.1,2,s041,7,24.25,17.282608695652176,12.0,51.5,56,47,44,3,0,6,0.88,11.9609375,0,0,0,0,0,3062,256,16,0,0,0,9.875,
window_nu0.1,window,none,fidelity,False,True,16,0.1,25,0,False,iid,0.1,2,s041,8,23.0,5.760869565217389,20.0,13.5,56,40,40,0,0,6,0.8,13.14453125,0,0,0,0,0,3365,256,16,0,0,0,8.9375,2.0
window_nu0.2,window,none,fidelity,False,True,16,0.2,25,0,False,iid,0.1,0,s041,2,34.25,23.20652173913043,22.0,57.99999999999999,56,43,39,4,0,6,0.78,15.515625,0,0,0,0,0,3972,256,16,0,0,1,9.5625,
window_nu0.2,window,none,fidelity,False,True,16,0.2,25,0,False,iid,0.1,0,s041,3,15.500000000000004,1.25,6.0,23.5,56,48,47,1,0,6,0.94,14.21484375,0,0,0,0,0,3639,256,16,0,0,0,8.4375,
window_nu0.2,window,none,fidelity,False,True,16,0.2,25,0,False,iid,0.1,0,s041,4,19.749999999999996,2.33695652173913,22.0,16.0,56,40,39,1,0,6,0.78,13.7421875,0,0,0,0,0,3518,256,16,0,0,0,11.375,
window_nu0.2,window,none,fidelity,False,True,16,0.2,25,0,False,iid,0.1,0,s041,5,24.25,7.01086956521739,14.000000000000002,40.0,56,44,43,1,0,6,0.86,12.72265625,0,0,0,0,0,3257,256,16,0,0,0,12.0,
window_nu0.2,window,none,fidelity,False,True,16,0.2,25,0,False,iid,0.1,0,s041,6,22.499999999999996,3.58695652173913,20.0,41.0,56,43,40,3,0,6,0.8,13.42578125,0,0,0,0,0,3437,256,16,0,0,1,11.0625,
window_nu0.2,window,none,fidelity,False,True,16,0.2,25,0,False,iid,0.1,0,s041,7,20.0,7.01086956521739,10.0,49.0,56,46,45,1,0,6,0.9,11.79296875,0,0,0,0,0,3019,256,16,0,0,0,8.75,
window_nu0.2,window,none,fidelity,False,True,16,0.2,25,0,False,iid,0.1,0,s041,8,20.499999999999996,6.847826086956524,22.0,14.000000000000002,56,39,39,0,0,6,0.78,12.9453125,0,0,0,0,0,3314,256,16,0,0,0,9.25,10.0
window_nu0.2,window,none,fidelity,False,True,16,0.2,25,0,False,iid,0.1,1,s041,2,23.25,9.347826086956525,16.0,42.0,56,44,42,2,0,6,0.84,15.57421875,0,0,0,0,0,3987,256,16,0,0,1,10.9375,
window_nu0.2,window,none,fidelity,False,True,16,0.2,25,0,False,iid,0.1,1,s041,3,12.25,0.0,6.0,24.0,56,48,47,1,0,6,0.94,14.26953125,0,0,0,0,0,3653,256,16,0,0,0,8.5,
window_nu0.2,window,none,fidelity,False,True,16,0.2,25,0,False,iid,0.1,1,s041,4,20.249999999999996,3.423913043478259,18.0,32.0,56,43,41,2,0,6,0.82,13.75390625,0,0,0,0,0,3521,256,16,0,0,1,10.5625,
window_nu0.2,window,none,fidelity,False,True,16,0.2,25,0,False,iid,0.1,1,s041,5,14.250000000000002,0.0,8.0,32.0,56,49,46,3,0,6,0.92,13.26171875,0,0,0,0,0,3395,256,16,0,0,0,9.125,
window_nu0.2,window,none,fidelity,False,True,16,0.2,25,0,False,iid,0.1,1,s041,6,22.249999999999996,2.33695652173913,18.0,36.5,56,44,41,3,0,6,0.82,13.55859375,0,0,0,0,0,3471,256,16,0,0,0,11.75,
window_nu0.2,window,none,fidelity,False,True,16,0.2,25,0,False,iid,0.1,1,s041,7,21.249999999999996,10.597826086956525,10.0,66.0,56,48,45,3,0,6,0.9,12.47265625,0,0,0,0,0,3193,256,16,0,0,2,9.4375,
window_nu0.2,window,none,fidelity,False,True,16,0.2,25,0,False,iid,0.1,1,s041,8,21.499999999999996,8.097826086956525,4.0,37.5,56,51,48,3,0,6,0.96,13.859375,0,0,0,0,0,3548,256,16,0,0,0,8.625,0.0
window_nu0.2,window,none,fidelity,False,True,16,0.2,25,0,False,iid,0.1,2,s041,2,31.999999999999996,25.543478260869566,22.0,53.0,56,43,39,4,0,6,0.78,15.44140625,0,0,0,0,0,3953,256,16,0,0,1,9.1875,
window_nu0.2,window,none,fidelity,False,True,16,0.2,25,0,False,iid,0.1,2,s041,3,17.750000000000004,1.25,6.0,27.500000000000004,56,49,47,2,0,6,0.94,14.21484375,0,0,0,0,0,3639,256,16,0,0,0,8.8125,
window_nu0.2,window,none,fidelity,False,True,16,0.2,25,0,False,iid,0.1,2,s041,4,28.500000000000004,7.01086956521739,22.0,37.5,56,42,39,3,0,6,0.78,13.828125,0,0,0,0,0,3540,256,16,0,0,0,11.0625,
window_nu0.2,window,none,fidelity,False,True,16,0.2,25,0,False,iid,0.1,2,s041,5,18.250000000000004,2.33695652173913,16.0,22.5,56,44,42,2,0,6,0.84,12.65625,0,0,0,0,0,3240,256,16,0,0,0,10.9375,
window_nu0.2,window,none,fidelity,False,True,16,0.2,25,0,False,iid,0.1,2,s041,6,24.75,1.25,20.0,28.000000000000004,56,40,40,0,0,6,0.8,13.0546875,0,0,0,0,0,3342,256,16,0,0,0,12.6875,
window_nu0.2,window,none,fidelity,False,True,16,0.2,25,0,False,iid,0.1,2,s041,7,24.25,17.282608695652176,12.0,51.5,56,47,44,3,0,6,0.88,11.94140625,0,0,0,0,0,3057,256,16,0,0,0,9.875,
window_nu0.2,window,none,fidelity,False,True,16,0.2,25,0,False,iid,0.1,2,s041,8,23.0,5.760869565217389,20.0,14.000000000000002,56,40,40,0,0,6,0.8,13.12109375,0,0,0,0,0,3359,256,16,0,0,0,8.9375,2.0
aeqkad_nu0.1,window,full,fidelity,False,True,16,0.1,25,0,False,iid,0.1,0,s041,2,25.5,12.771739130434783,18.0,39.5,56,30,29,1,0,6,0.58,15.42578125,45,15,0,0,0,3949,256,16,0,0,0,9.8125,
aeqkad_nu0.1,window,full,fidelity,False,True,16,0.1,25,0,False,iid,0.1,0,s041,3,16.500000000000004,1.25,12.0,20.5,56,37,37,0,0,6,0.74,13.01953125,46,9,0,0,0,3333,256,16,0,0,0,11.0,
aeqkad_nu0.1,window,full,fidelity,False,True,16,0.1,25,0,False,iid,0.1,0,s041,4,17.000000000000004,1.0869565217391297,22.0,9.0,56,35,35,0,0,6,0.7,12.34375,39,4,0,0,0,3160,256,16,0,0,0,11.375,
aeqkad_nu0.1,window,full,fidelity,False,True,16,0.1,25,0,False,iid,0.1,0,s041,5,17.750000000000004,2.33695652173913,18.0,25.0,56,34,34,0,0,6,0.68,11.42578125,42,8,0,0,0,2925,256,16,0,0,0,13.625,
aeqkad_nu0.1,window,full,fidelity,False,True,16,0.1,25,0,False,iid,0.1,0,s041,6,27.500000000000004,4.83695652173913,20.0,43.0,56,36,34,2,0,6,0.68,12.8203125,43,7,0,0,0,3282,256,16,0,0,0,13.6875,
aeqkad_nu0.1,window,full,fidelity,False,True,16,0.1,25,0,False,iid,0.1,0,s041,7,24.0,9.347826086956525,16.0,34.0,56,40,39,1,0,6,0.78,11.87890625,43,3,0,0,0,3041,256,16,0,0,0,9.375,
aeqkad_nu0.1,window,full,fidelity,False,True,16,0.1,25,0,False,iid,0.1,0,s041,8,20.499999999999996,6.847826086956524,24.0,13.5,56,34,34,0,0,6,0.68,12.27734375,38,4,0,0,0,3143,256,16,0,0,0,10.4375,6.0
aeqkad_nu0.1,window,full,fidelity,False,True,16,0.1,25,0,False,iid,0.1,1,s041,2,19.000000000000004,10.434782608695654,12.0,30.5,56,32,32,0,0,6,0.64,15.2890625,46,13,0,0,1,3914,256,16,0,0,0,11.8125,
aeqkad_nu0.1,window,full,fidelity,False,True,16,0.1,25,0,False,iid,0.1,1,s041,3,12.25,0.0,12.0,21.0,56,37,37,0,0,6,0.74,12.875,46,9,0,0,0,3296,256,16,0,0,0,10.625,
aeqkad_nu0.1,window,full,fidelity,False,True,16,0.1,25,0,False,iid,0.1,1,s041,4,20.0,2.33695652173913,20.0,19.5,56,36,35,1,0,6,0.7,12.53515625,42,6,0,0,0,3209,256,16,0,0,1,10.5625,
aeqkad_nu0.1,window,full,fidelity,False,True,16,0.1,25,0,False,iid,0.1,1,s041,5,20.249999999999996,0.0,14.000000000000002,31.5,56,36,35,1,0,6,0.7,11.30078125,46,10,0,0,0,2893,256,16,0,0,0,13.0,
aeqkad_nu0.1,window,full,fidelity,False,True,16,0.1,25,0,False,iid,0.1,1,s041,6,20.75,1.0869565217391297,18.0,32.5,56,36,35,1,0,6,0.7,12.46484375,44,8,0,0,0,3191,256,16,0,0,0,14.3125,
aeqkad_nu0.1,window,full,fidelity,False,True,16,0.1,25,0,False,iid,0.1,1,s041,7,21.999999999999996,5.760869565217389,12.0,34.5,56,39,39,0,0,6,0.78,11.53515625,45,6,0,0,0,2953,256,16,0,0,0,10.3125,
aeqkad_nu0.1,window,full,fidelity,False,True,16,0.1,25,0,False,iid,0.1,1,s041,8,24.0,10.434782608695654,24.0,32.5,56,35,34,1,0,6,0.68,12.59765625,41,6,0,0,0,3225,256,16,0,0,0,10.5,0.0
aeqkad_nu0.1,window,full,fidelity,False,True,16,0.1,25,0,False,iid,0.1,2,s041,2,37.75,31.304347826086953,22.0,53.0,56,35,31,4,0,6,0.62,15.578125,44,9,4,0,0,3988,256,16,0,0,0,9.625,
aeqkad_nu0.1,window,full,fidelity,False,True,16,0.1,25,0,False,iid,0.1,2,s041,3,19.499999999999996,1.25,12.0,21.5,56,38,37,1,0,6,0.74,12.78515625,46,8,2,0,0,3273,256,16,0,0,0,11.25,
aeqkad_nu0.1,window,full,fidelity,False,True,16,0.1,25,0,False,iid,0.1,2,s041,4,18.5,2.33695652173913,22.0,16.0,56,35,35,0,0,6,0.7,12.26171875,39,4,2,0,0,3139,256,16,0,0,0,11.0625,
aeqkad_nu0.1,window,full,fidelity,False,True,16,0.1,25,0,False,iid,0.1,2,s041,5,15.250000000000002,2.33695652173913,18.0,19.5,56,35,34,1,0,6,0.68,11.65234375,44,9,11,0,0,2983,256,16,0,0,0,12.4375,
aeqkad_nu0.1,window,full,fidelity,False,True,16,0.1,25,0,False,iid,0.1,2,s041,6,23.5,2.33695652173913,20.0,30.5,56,37,37,0,0,6,0.74,12.25390625,41,4,5,0,0,3137,256,16,0,0,0,13.1875,
aeqkad_nu0.1,window,full,fidelity,False,True,16,0.1,25,0,False,iid,0.1,2,s041,7,21.999999999999996,7.01086956521739,14.000000000000002,30.5,56,39,39,0,0,6,0.78,11.9609375,45,6,8,0,0,3062,256,16,0,0,0,9.875,
aeqkad_nu0.1,window,full,fidelity,False,True,16,0.1,25,0,False,iid,0.1,2,s041,8,23.0,11.684782608695654,24.0,14.499999999999998,56,35,35,0,0,6,0.7,12.421875,38,3,4,0,0,3180,256,16,0,0,0,8.9375,2.0
aeqkad_nu0.2,window,full,fidelity,False,True,16,0.2,25,0,False,iid,0.1,0,s041,2,25.5,12.771739130434783,18.0,39.5,56,30,29,1,0,6,0.58,15.453125,45,15,0,0,0,3956,256,16,0,0,0,9.8125,
aeqkad_nu0.2,window,full,fidelity,False,True,16,0.2,25,0,False,iid,0.1,0,s041,3,16.500000000000004,1.25,12.0,20.5,56,37,37,0,0,6,0.74,13.04296875,46,9,0,0,0,3339,256,16,0,0,0,11.0,
aeqkad_nu0.2,window,full,fidelity,False,True,16,0.2,25,0,False,iid,0.1,0,s041,4,17.000000000000004,1.0869565217391297,22.0,9.0,56,35,35,0,0,6,0.7,12.34375,39,4,0,0,0,3160,256,16,0,0,0,11.375,
aeqkad_nu0.2,window,full,fidelity,False,True,16,0.2,25,0,False,iid,0.1,0,s041,5,17.750000000000004,2.33695652173913,18.0,25.0,56,34,34,0,0,6,0.68,11.42578125,42,8,0,0,0,2925,256,16,0,0,0,13.625,
aeqkad_nu0.2,window,full,fidelity,False,True,16,0.2,25,0,False,iid,0.1,0,s041,6,27.500000000000004,4.83695652173913,20.0,43.0,56,36,34,2,0,6,0.68,12.82421875,43,7,0,0,0,3283,256,16,0,0,0,13.6875,
aeqkad_nu0.2,window,full,fidelity,False,True,16,0.2,25,0,False,iid,0.1,0,s041,7,24.0,9.347826086956525,16.0,34.0,56,40,39,1,0,6,0.78,11.90625,43,3,0,0,0,3048,256,16,0,0,0,9.375,
aeqkad_nu0.2,window,full,fidelity,False,True,16,0.2,25,0,False,iid,0.1,0,s041,8,20.499999999999996,6.847826086956524,24.0,13.5,56,34,34,0,0,6,0.68,12.3046875,38,4,0,0,0,3150,256,16,0,0,0,10.4375,6.0
aeqkad_nu0.2,window,full,fidelity,False,True,16,0.2,25,0,False,iid,0.1,1,s041,2,21.0,10.434782608695654,12.0,30.5,56,32,32,0,0,6,0.64,15.2890625,46,13,0,0,1,3914,256,16,0,0,0,11.8125,
aeqkad_nu0.2,window,full,fidelity,False,True,16,0.2,25,0,False,iid,0.1,1,s041,3,12.25,0.0,12.0,21.0,56,37,37,0,0,6,0.74,12.875,46,9,0,0,0,3296,256,16,0,0,0,10.625,
aeqkad_nu0.2,window,full,fidelity,False,True,16,0.2,25,0,False,iid,0.1,1,s041,4,19.749999999999996,2.33695652173913,20.0,19.5,56,36,35,1,0,6,0.7,12.5234375,42,6,0,0,0,3206,256,16,0,0,1,10.5625,
aeqkad_nu0.2,window,full,fidelity,False,True,16,0.2,25,0,False,iid,0.1,1,s041,5,20.249999999999996,0.0,14.000000000000002,31.5,56,36,35,1,0,6,0.7,11.30078125,46,10,0,0,0,2893,256,16,0,0,0,13.0,
aeqkad_nu0.2,window,full,fidelity,False,True,16,0.2,25,0,False,iid,0.1,1,s041,6,20.75,1.0869565217391297,18.0,32.5,56,36,35,1,0,6,0.7,12.48828125,44,8,0,0,0,3197,256,16,0,0,0,14.3125,
aeqkad_nu0.2,window,full,fidelity,False,True,16,0.2,25,0,False,iid,0.1,1,s041,7,21.999999999999996,5.760869565217389,12.0,34.5,56,39,39,0,0,6,0.78,11.58203125,45,6,0,0,0,2965,256,16,0,0,0,10.3125,
aeqkad_nu0.2,window,full,fidelity,False,True,16,0.2,25,0,False,iid,0.1,1,s041,8,24.0,10.434782608695654,24.0,32.5,56,35,34,1,0,6,0.68,12.578125,41,6,0,0,0,3220,256,16,0,0,0,10.5,0.0
aeqkad_nu0.2,window,full,fidelity,False,True,16,0.2,25,0,False,iid,0.1,2,s041,2,37.75,31.304347826086953,22.0,53.0,56,35,31,4,0,6,0.62,15.578125,44,9,4,0,0,3988,256,16,0,0,0,9.625,
aeqkad_nu0.2,window,full,fidelity,False,True,16,0.2,25,0,False,iid,0.1,2,s041,3,19.499999999999996,1.25,12.0,21.5,56,38,37,1,0,6,0.74,12.78515625,46,8,2,0,0,3273,256,16,0,0,0,11.25,
aeqkad_nu0.2,window,full,fidelity,False,True,16,0.2,25,0,False,iid,0.1,2,s041,4,18.5,2.33695652173913,22.0,16.0,56,35,35,0,0,6,0.7,12.31640625,39,4,2,0,0,3153,256,16,0,0,0,11.0625,
aeqkad_nu0.2,window,full,fidelity,False,True,16,0.2,25,0,False,iid,0.1,2,s041,5,15.250000000000002,2.33695652173913,18.0,19.5,56,35,34,1,0,6,0.68,11.65234375,44,9,11,0,0,2983,256,16,0,0,0,12.4375,
aeqkad_nu0.2,window,full,fidelity,False,True,16,0.2,25,0,False,iid,0.1,2,s041,6,23.5,2.33695652173913,20.0,30.5,56,37,37,0,0,6,0.74,12.25390625,41,4,5,0,0,3137,256,16,0,0,0,13.1875,
aeqkad_nu0.2,window,full,fidelity,False,True,16,0.2,25,0,False,iid,0.1,2,s041,7,21.999999999999996,7.01086956521739,14.000000000000002,30.5,56,39,39,0,0,6,0.78,11.9609375,45,6,7,0,0,3062,256,16,0,0,0,9.875,
aeqkad_nu0.2,window,full,fidelity,False,True,16,0.2,25,0,False,iid,0.1,2,s041,8,23.0,11.684782608695654,24.0,15.0,56,35,35,0,0,6,0.7,12.42578125,38,3,4,0,0,3181,256,16,0,0,0,8.9375,2.0
window_nu0.1,window,none,fidelity,False,True,16,0.1,25,0,False,iid,0.1,0,s042,2,5.250000000000003,0.0,6.0,5.0,56,47,47,0,0,6,0.94,13.09765625,0,0,0,0,0,3353,256,16,0,0,0,9.1875,
window_nu0.1,window,none,fidelity,False,True,16,0.1,25,0,False,iid,0.1,0,s042,3,8.5,0.0,18.0,3.5000000000000004,56,42,41,1,0,6,0.82,13.69140625,0,0,0,0,0,3505,256,16,0,0,1,9.4375,
window_nu0.1,window,none,fidelity,False,True,16,0.1,25,0,False,iid,0.1,0,s042,4,3.7500000000000018,0.0,4.0,3.5000000000000004,56,48,48,0,0,6,0.96,12.13671875,0,0,0,0,0,3107,256,16,0,0,0,9.875,
window_nu0.1,window,none,fidelity,False,True,16,0.1,25,0,False,iid,0.1,0,s042,5,4.000000000000003,0.0,6.0,4.0,56,47,47,0,0,6,0.94,10.58203125,0,0,0,0,0,2709,256,16,0,0,0,8.3125,
window_nu0.1,window,none,fidelity,False,True,16,0.1,25,0,False,iid,0.1,0,s042,6,4.000000000000003,0.0,6.0,3.5000000000000004,56,48,47,1,0,6,0.94,11.09375,0,0,0,0,0,2840,256,16,0,0,0,9.875,
window_nu0.1,window,none,fidelity,False,True,16,0.1,25,0,False,iid,0.1,0,s042,7,4.750000000000002,0.0,4.0,5.5,56,48,48,0,0,6,0.96,13.1484375,0,0,0,0,0,3366,256,16,0,0,0,8.25,
window_nu0.1,window,none,fidelity,False,True,16,0.1,25,0,False,iid,0.1,0,s042,8,4.250000000000002,0.0,2.0,4.5,56,49,49,0,0,6,0.98,11.76953125,0,0,0,0,0,3013,256,16,0,0,0,8.1875,18.0
window_nu0.1,window,none,fidelity,False,True,16,0.1,25,0,False,iid,0.1,1,s042,2,7.499999999999998,0.0,6.0,10.0,56,47,47,0,0,6,0.94,13.4375,0,0,0,0,0,3440,256,16,0,0,0,7.875,
window_nu0.1,window,none,fidelity,False,True,16,0.1,25,0,False,iid,0.1,1,s042,3,6.999999999999998,0.0,10.0,6.0,56,46,45,1,0,6,0.9,13.82421875,0,0,0,0,0,3539,256,16,0,0,0,7.6875,
window_nu0.1,window,none,fidelity,False,True,16,0.1,25,0,False,iid,0.1,1,s042,4,3.7500000000000018,0.0,2.0,3.5000000000000004,56,49,49,0,0,6,0.98,12.1484375,0,0,0,0,0,3110,256,16,0,0,0,8.5,
window_nu0.1,window,none,fidelity,False,True,16,0.1,25,0,False,iid,0.1,1,s042,5,3.500000000000002,0.0,6.0,3.0,56,47,47,0,0,6,0.94,10.65234375,0,0,0,0,0,2727,256,16,0,0,0,9.3125,
window_nu0.1,window,none,fidelity,False,True,16,0.1,25,0,False,iid,0.1,1,s042,6,5.000000000000003,0.0,6.0,5.0,56,47,47,0,0,6,0.94,11.15234375,0,0,0,0,0,2855,256,16,0,0,0,8.5625,
window_nu0.1,window,none,fidelity,False,True,16,0.1,25,0,False,iid,0.1,1,s042,7,4.250000000000002,0.0,2.0,8.0,56,50,49,1,0,6,0.98,13.40625,0,0,0,0,0,3432,256,16,0,0,1,9.25,
window_nu0.1,window,none,fidelity,False,True,16,0.1,25,0,False,iid,0.1,1,s042,8,2.500000000000001,0.0,2.0,7.000000000000001,56,49,49,0,0,6,0.98,11.421875,0,0,0,0,0,2924,256,16,0,0,0,9.0625,0.0
window_nu0.1,window,none,fidelity,False,True,16,0.1,25,0,False,iid,0.1,2,s042,2,5.000000000000003,0.0,6.0,4.0,56,47,47,0,0,6,0.94,13.11328125,0,0,0,0,0,3357,256,16,0,0,0,8.3125,
window_nu0.1,window,none,fidelity,False,True,16,0.1,25,0,False,iid,0.1,2,s042,3,12.75,0.0,16.0,5.0,56,42,42,0,0,6,0.84,13.7578125,0,0,0,0,0,3522,256,16,0,0,0,8.875,
window_nu0.1,window,none,fidelity,False,True,16,0.1,25,0,False,iid,0.1,2,s042,4,3.7500000000000018,0.0,2.0,4.5,56,50,49,1,0,6,0.98,12.1640625,0,0,0,0,0,3114,256,16,0,0,0,10.6875,
window_nu0.1,window,none,fidelity,False,True,16,0.1,25,0,False,iid,0.1,2,s042,5,4.000000000000003,0.0,6.0,5.0,56,47,47,0,0,6,0.94,10.90234375,0,0,0,0,0,2791,256,16,0,0,0,9.1875,
window_nu0.1,window,none,fidelity,False,True,16,0.1,25,0,False,iid,0.1,2,s042,6,5.250000000000003,0.0,8.0,3.5000000000000004,56,46,46,0,0,6,0.92,10.64453125,0,0,0,0,0,2725,256,16,0,0,0,9.0,
window_nu0.1,window,none,fidelity,False,True,16,0.1,25,0,False,iid,0.1,2,s042,7,6.000000000000003,0.0,4.0,7.000000000000001,56,48,48,0,0,6,0.96,13.09765625,0,0,0,0,0,3353,256,16,0,0,0,8.375,
window_nu0.1,window,none,fidelity,False,True,16,0.1,25,0,False,iid,0.1,2,s042,8,2.000000000000001,0.0,2.0,4.0,56,49,49,0,0,6,0.98,11.62890625,0,0,0,0,0,2977,256,16,0,0,0,9.4375,18.0
window_nu0.2,window,none,fidelity,False,True,16,0.2,25,0,False,iid,0.1,0,s042,2,5.250000000000003,0.0,6.0,5.0,56,47,47,0,0,6,0.94,13.1484375,0,0,0,0,0,3366,256,16,0,0,0,9.1875,
window_nu0.2,window,none,fidelity,False,True,16,0.2,25,0,False,iid,0.1,0,s042,3,8.5,0.0,18.0,3.5000000000000004,56,42,41,1,0,6,0.82,13.71484375,0,0,0,0,0,3511,256,16,0,0,1,9.4375,
window_nu0.2,window,none,fidelity,False,True,16,0.2,25,0,False,iid,0.1,0,s042,4,3.7500000000000018,0.0,4.0,3.5000000000000004,56,48,48,0,0,6,0.96,12.16015625,0,0,0,0,0,3113,256,16,0,0,0,9.875,
window_nu0.2,window,none,fidelity,False,True,16,0.2,25,0,False,iid,0.1,0,s042,5,4.000000000000003,0.0,6.0,4.0,56,47,47,0,0,6,0.94,10.58203125,0,0,0,0,0,2709,256,16,0,0,0,8.3125,
window_nu0.2,window,none,fidelity,False,True,16,0.2,25,0,False,iid,0.1,0,s042,6,4.000000000000003,0.0,6.0,3.5000000000000004,56,48,47,1,0,6,0.94,11.14453125,0,0,0,0,0,2853,256,16,0,0,0,9.875,
window_nu0.2,window,none,fidelity,False,True,16,0.2,25,0,False,iid,0.1,0,s042,7,5.750000000000003,0.0,4.0,5.5,56,48,48,0,0,6,0.96,13.171875,0,0,0,0,0,3372,256,16,0,0,0,8.25,
window_nu0.2,window,none,fidelity,False,True,16,0.2,25,0,False,iid,0.1,0,s042,8,4.250000000000002,0.0,2.0,4.5,56,49,49,0,0,6,0.98,11.7890625,0,0,0,0,0,3018,256,16,0,0,0,8.1875,18.0
window_nu0.2,window,none,fidelity,False,True,16,0.2,25,0,False,iid,0.1,1,s042,2,7.499999999999998,0.0,6.0,10.0,56,47,47,0,0,6,0.94,13.43359375,0,0,0,0,0,3439,256,16,0,0,0,7.875,
window_nu0.2,window,none,fidelity,False,True,16,0.2,25,0,False,iid,0.1,1,s042,3,6.999999999999998,0.0,10.0,6.0,56,46,45,1,0,6,0.9,13.828125,0,0,0,0,0,3540,256,16,0,0,0,7.6875,
window_nu0.2,window,none,fidelity,False,True,16,0.2,25,0,False,iid,0.1,1,s042,4,3.7500000000000018,0.0,2.0,3.5000000000000004,56,49,49,0,0,6,0.98,12.1484375,0,0,0,0,0,3110,256,16,0,0,0,8.5,
window_nu0.2,window,none,fidelity,False,True,16,0.2,25,0,False,iid,0.1,1,s042,5,3.500000000000002,0.0,6.0,3.0,56,47,47,0,0,6,0.94,10.65234375,0,0,0,0,0,2727,256,16,0,0,0,9.3125,
window_nu0.2,window,none,fidelity,False,True,16,0.2,25,0,False,iid,0.1,1,s042,6,5.000000000000003,0.0,6.0,5.0,56,47,47,0,0,6,0.94,11.1015625,0,0,0,0,0,2842,256,16,0,0,0,8.5625,
window_nu0.2,window,none,fidelity,False,True,16,0.2,25,0,False,iid,0.1,1,s042,7,4.250000000000002,0.0,2.0,8.0,56,50,49,1,0,6,0.98,13.40625,0,0,0,0,0,3432,256,16,0,0,1,9.25,
window_nu0.2,window,none,fidelity,False,True,16,0.2,25,0,False,iid,0.1,1,s042,8,2.500000000000001,0.0,2.0,7.000000000000001,56,49,49,0,0,6,0.98,11.421875,0,0,0,0,0,2924,256,16,0,0,0,9.0625,0.0
window_nu0.2,window,none,fidelity,False,True,16,0.2,25,0,False,iid,0.1,2,s042,2,5.000000000000003,0.0,6.0,4.0,56,47,47,0,0,6,0.94,13.11328125,0,0,0,0,0,3357,256,16,0,0,0,8.3125,
window_nu0.2,window,none,fidelity,False,True,16,0.2,25,0,False,iid,0.1,2,s042,3,12.75,0.0,16.0,5.0,56,42,42,0,0,6,0.84,13.76171875,0,0,0,0,0,3523,256,16,0,0,0,8.875,
window_nu0.2,window,none,fidelity,False,True,16,0.2,25,0,False,iid,0.1,2,s042,4,3.7500000000000018,0.0,2.0,4.5,56,50,49,1,0,6,0.98,12.1640625,0,0,0,0,0,3114,256,16,0,0,0,10.6875,
window_nu0.2,window,none,fidelity,False,True,16,0.2,25,0,False,iid,0.1,2,s042,5,4.000000000000003,0.0,6.0,5.0,56,47,47,0,0,6,0.94,10.92578125,0,0,0,0,0,2797,256,16,0,0,0,9.1875,
window_nu0.2,window,none,fidelity,False,True,16,0.2,25,0,False,iid,0.1,2,s042,6,5.250000000000003,0.0,8.0,3.5000000000000004,56,46,46,0,0,6,0.92,10.64453125,0,0,0,0,0,2725,256,16,0,0,0,9.0,
window_nu0.2,window,none,fidelity,False,True,16,0.2,25,0,False,iid,0.1,2,s042,7,6.000000000000003,0.0,4.0,7.000000000000001,56,48,48,0,0,6,0.96,13.09765625,0,0,0,0,0,3353,256,16,0,0,0,8.375,
window_nu0.2,window,none,fidelity,False,True,16,0.2,25,0,False,iid,0.1,2,s042,8,2.000000000000001,0.0,2.0,4.0,56,49,49,0,0,6,0.98,11.62890625,0,0,0,0,0,2977,256,16,0,0,0,9.4375,18.0
aeqkad_nu0.1,window,full,fidelity,False,True,16,0.1,25,0,False,iid,0.1,0,s042,2,4.750000000000003,0.0,8.0,3.0,56,40,40,0,0,6,0.8,12.77734375,46,6,0,0,0,3271,256,16,0,0,0,11.25,
aeqkad_nu0.1,window,full,fidelity,False,True,16,0.1,25,0,False,iid,0.1,0,s042,3,8.249999999999998,0.0,26.0,3.0,56,33,33,0,0,6,0.66,12.296875,38,5,0,0,0,3148,256,16,0,0,0,9.5,
aeqkad_nu0.1,window,full,fidelity,False,True,16,0.1,25,0,False,iid,0.1,0,s042,4,2.500000000000001,0.0,2.0,3.0,56,40,40,0,0,6,0.8,11.39453125,49,9,0,0,0,2917,256,16,0,0,0,10.3125,
aeqkad_nu0.1,window,full,fidelity,False,True,16,0.1,25,0,False,iid,0.1,0,s042,5,5.500000000000003,1.25,14.000000000000002,3.0,56,38,38,0,0,6,0.76,9.61328125,43,5,0,0,0,2461,256,16,0,0,0,10.0,
aeqkad_nu0.1,window,full,fidelity,False,True,16,0.1,25,0,False,iid,0.1,0,s042,6,5.250000000000003,0.0,8.0,3.5000000000000004,56,44,44,0,0,6,0.88,10.22265625,47,3,0,0,0,2617,256,16,0,0,0,11.5,
aeqkad_nu0.1,window,full,fidelity,False,True,16,0.1,25,0,False,iid,0.1,0,s042,7,10.0,0.0,12.0,3.0,56,37,37,0,0,6,0.74,11.453125,44,7,0,0,0,2932,256,16,0,0,0,8.25,
aeqkad_nu0.1,window,full,fidelity,False,True,16,0.1,25,0,False,iid,0.1,0,s042,8,2.000000000000001,0.0,2.0,2.0,56,45,45,0,0,6,0.9,11.60546875,49,4,0,0,0,2971,256,16,0,0,0,9.25,14.000000000000002
aeqkad_nu0.1,window,full,fidelity,False,True,16,0.1,25,0,False,iid,0.1,1,s042,2,7.499999999999998,0.0,8.0,7.000000000000001,56,40,40,0,0,6,0.8,12.92578125,46,6,0,0,0,3309,256,16,0,0,0,9.9375,
aeqkad_nu0.1,window,full,fidelity,False,True,16,0.1,25,0,False,iid,0.1,1,s042,3,11.5,0.0,24.0,5.5,56,32,32,0,0,6,0.64,11.9453125,39,7,0,0,0,3058,256,16,0,0,0,8.1875,
aeqkad_nu0.1,window,full,fidelity,False,True,16,0.1,25,0,False,iid,0.1,1,s042,4,1.7500000000000009,0.0,2.0,3.0,56,38,38,0,0,6,0.76,10.84375,49,11,0,0,0,2776,256,16,0,0,0,9.875,
aeqkad_nu0.1,window,full,fidelity,False,True,16,0.1,25,0,False,iid,0.1,1,s042,5,4.500000000000003,0.0,12.0,2.0,56,38,38,0,0,6,0.76,9.44140625,44,6,0,0,0,2417,256,16,0,0,0,11.125,
aeqkad_nu0.1,window,full,fidelity,False,True,16,0.1,25,0,False,iid,0.1,1,s042,6,5.749999999999998,0.0,8.0,4.0,56,42,42,0,0,6,0.84,10.09765625,46,4,0,0,0,2585,256,16,0,0,0,10.1875,
aeqkad_nu0.1,window,full,fidelity,False,True,16,0.1,25,0,False,iid,0.1,1,s042,7,7.499999999999998,0.0,10.0,5.5,56,34,34,0,0,6,0.68,11.05859375,45,11,0,0,0,2831,256,16,0,0,0,10.5625,
aeqkad_nu0.1,window,full,fidelity,False,True,16,0.1,25,0,False,iid,0.1,1,s042,8,1.7500000000000009,0.0,2.0,3.0,56,43,43,0,0,6,0.86,10.9765625,49,6,0,0,0,2810,256,16,0,0,0,10.1875,0.0
aeqkad_nu0.1,window,full,fidelity,False,True,16,0.1,25,0,False,iid,0.1,2,s042,2,4.500000000000003,0.0,6.0,3.0,56,44,44,0,0,6,0.88,12.8671875,47,3,0,0,0,3294,256,16,0,0,0,9.875,
aeqkad_nu0.1,window,full,fidelity,False,True,16,0.1,25,0,False,iid,0.1,2,s042,3,12.5,0.0,24.0,4.0,56,33,33,0,0,6,0.66,12.1015625,38,5,0,0,0,3098,256,16,0,0,0,9.3125,
aeqkad_nu0.1,window,full,fidelity,False,True,16,0.1,25,0,False,iid,0.1,2,s042,4,2.500000000000001,0.0,2.0,4.0,56,45,44,1,0,6,0.88,12.01171875,50,5,0,0,0,3075,256,16,0,0,0,11.1875,
aeqkad_nu0.1,window,full,fidelity,False,True,16,0.1,25,0,False,iid,0.1,2,s042,5,8.249999999999998,0.0,8.0,4.5,56,43,43,0,0,6,0.86,10.5390625,46,3,0,0,0,2698,256,16,0,0,0,10.6875,
aeqkad_nu0.1,window,full,fidelity,False,True,16,0.1,25,0,False,iid,0.1,2,s042,6,5.250000000000003,0.0,8.0,3.5000000000000004,56,44,44,0,0,6,0.88,10.52734375,46,2,0,0,0,2695,256,16,0,0,0,10.5625,
aeqkad_nu0.1,window,full,fidelity,False,True,16,0.1,25,0,False,iid,0.1,2,s042,7,8.5,0.0,12.0,5.0,56,39,39,0,0,6,0.78,11.515625,45,6,0,0,0,2948,256,16,0,0,0,8.375,
aeqkad_nu0.1,window,full,fidelity,False,True,16,0.1,25,0,False,iid,0.1,2,s042,8,1.7500000000000009,0.0,2.0,3.0,56,45,45,0,0,6,0.9,11.43359375,49,4,0,0,0,2927,256,16,0,0,0,10.625,8.0
aeqkad_nu0.2,window,full,fidelity,False,True,16,0.2,25,0,False,iid,0.1,0,s042,2,4.750000000000003,0.0,8.0,3.0,56,40,40,0,0,6,0.8,12.77734375,46,6,0,0,0,3271,256,16,0,0,0,11.25,
aeqkad_nu0.2,window,full,fidelity,False,True,16,0.2,25,0,False,iid,0.1,0,s042,3,8.249999999999998,0.0,26.0,3.0,56,33,33,0,0,6,0.66,12.296875,38,5,0,0,0,3148,256,16,0,0,0,9.5,
aeqkad_nu0.2,window,full,fidelity,False,True,16,0.2,25,0,False,iid,0.1,0,s042,4,2.500000000000001,0.0,2.0,3.0,56,40,40,0,0,6,0.8,11.39453125,49,9,0,0,0,2917,256,16,0,0,0,10.3125,
aeqkad_nu0.2,window,full,fidelity,False,True,16,0.2,25,0,False,iid,0.1,0,s042,5,5.500000000000003,1.25,14.000000000000002,3.0,56,38,38,0,0,6,0.76,9.66015625,43,5,0,0,0,2473,256,16,0,0,0,10.0,
aeqkad_nu0.2,window,full,fidelity,False,True,16,0.2,25,0,False,iid,0.1,0,s042,6,5.250000000000003,0.0,8.0,3.5000000000000004,56,44,44,0,0,6,0.88,10.2265625,47,3,0,0,0,2618,256,16,0,0,0,11.5,
aeqkad_nu0.2,window,full,fidelity,False,True,16,0.2,25,0,False,iid,0.1,0,s042,7,10.0,0.0,12.0,3.0,56,37,37,0,0,6,0.74,11.45703125,44,7,0,0,0,2933,256,16,0,0,0,8.25,
aeqkad_nu0.2,window,full,fidelity,False,True,16,0.2,25,0,False,iid,0.1,0,s042,8,2.000000000000001,0.0,2.0,2.0,56,45,45,0,0,6,0.9,11.60546875,49,4,0,0,0,2971,256,16,0,0,0,9.25,14.000000000000002
aeqkad_nu0.2,window,full,fidelity,False,True,16,0.2,25,0,False,iid,0.1,1,s042,2,7.499999999999998,0.0,8.0,7.000000000000001,56,40,40,0,0,6,0.8,12.92578125,46,6,0,0,0,3309,256,16,0,0,0,9.9375,
aeqkad_nu0.2,window,full,fidelity,False,True,16,0.2,25,0,False,iid,0.1,1,s042,3,11.5,0.0,24.0,5.5,56,32,32,0,0,6,0.64,11.99609375,39,7,0,0,0,3071,256,16,0,0,0,8.1875,
aeqkad_nu0.2,window,full,fidelity,False,True,16,0.2,25,0,False,iid,0.1,1,s042,4,2.000000000000001,0.0,2.0,3.0,56,38,38,0,0,6,0.76,10.84375,49,11,0,0,0,2776,256,16,0,0,0,9.875,
aeqkad_nu0.2,window,full,fidelity,False,True,16,0.2,25,0,False,iid,0.1,1,s042,5,4.500000000000003,0.0,12.0,2.0,56,38,38,0,0,6,0.76,9.44140625,44,6,0,0,0,2417,256,16,0,0,0,11.125,
aeqkad_nu0.2,window,full,fidelity,False,True,16,0.2,25,0,False,iid,0.1,1,s042,6,5.749999999999998,0.0,8.0,4.0,56,42,42,0,0,6,0.84,10.12109375,46,4,0,0,0,2591,256,16,0,0,0,10.1875,
aeqkad_nu0.2,window,full,fidelity,False,True,16,0.2,25,0,False,iid,0.1,1,s042,7,7.499999999999998,0.0,10.0,5.5,56,34,34,0,0,6,0.68,11.05859375,45,11,0,0,0,2831,256,16,0,0,0,10.5625,
aeqkad_nu0.2,window,full,fidelity,False,True,16,0.2,25,0,False,iid,0.1,1,s042,8,1.7500000000000009,0.0,2.0,3.0,56,43,43,0,0,6,0.86,10.953125,49,6,0,0,0,2804,256,16,0,0,0,10.1875,0.0
aeqkad_nu0.2,window,full,fidelity,False,True,16,0.2,25,0,False,iid,0.1,2,s042,2,4.500000000000003,0.0,6.0,3.0,56,44,44,0,0,6,0.88,12.8671875,47,3,0,0,0,3294,256,16,0,0,0,9.875,
aeqkad_nu0.2,window,full,fidelity,False,True,16,0.2,25,0,False,iid,0.1,2,s042,3,12.5,0.0,24.0,4.0,56,33,33,0,0,6,0.66,12.1015625,38,5,0,0,0,3098,256,16,0,0,0,9.3125,
aeqkad_nu0.2,window,full,fidelity,False,True,16,0.2,25,0,False,iid,0.1,2,s042,4,2.500000000000001,0.0,2.0,4.0,56,45,44,1,0,6,0.88,12.01171875,50,5,0,0,0,3075,256,16,0,0,0,11.1875,
aeqkad_nu0.2,window,full,fidelity,False,True,16,0.2,25,0,False,iid,0.1,2,s042,5,8.249999999999998,0.0,8.0,4.5,56,43,43,0,0,6,0.86,10.5390625,46,3,0,0,0,2698,256,16,0,0,0,10.6875,
aeqkad_nu0.2,window,full,fidelity,False,True,16,0.2,25,0,False,iid,0.1,2,s042,6,5.250000000000003,0.0,8.0,3.5000000000000004,56,44,44,0,0,6,0.88,10.52734375,46,2,0,0,0,2695,256,16,0,0,0,10.5625,
aeqkad_nu0.2,window,full,fidelity,False,True,16,0.2,25,0,False,iid,0.1,2,s042,7,8.5,0.0,12.0,5.0,56,39,39,0,0,6,0.78,11.5390625,45,6,0,0,0,2954,256,16,0,0,0,8.375,
aeqkad_nu0.2,window,full,fidelity,False,True,16,0.2,25,0,False,iid,0.1,2,s042,8,1.7500000000000009,0.0,2.0,3.0,56,45,45,0,0,6,0.9,11.4140625,49,4,0,0,0,2922,256,16,0,0,0,10.625,8.0
window_nu0.1,window,none,fidelity,False,True,16,0.1,25,0,False,iid,0.1,0,s043,2,19.499999999999996,3.58695652173913,8.0,53.0,56,50,46,4,0,6,0.92,14.1640625,0,0,0,0,0,3626,256,16,0,0,2,9.25,
window_nu0.1,window,none,fidelity,False,True,16,0.1,25,0,False,iid,0.1,0,s043,3,27.250000000000004,7.33695652173913,12.0,78.0,56,50,44,6,0,6,0.88,15.5234375,0,0,0,0,0,3974,256,16,0,0,2,9.375,
window_nu0.1,window,none,fidelity,False,True,16,0.1,25,0,False,iid,0.1,0,s043,4,18.750000000000004,1.25,4.0,63.0,56,54,48,6,0,6,0.96,14.69921875,0,0,0,0,0,3763,256,16,0,0,1,7.5625,
window_nu0.1,window,none,fidelity,False,True,16,0.1,25,0,False,iid,0.1,0,s043,5,20.249999999999996,4.67391304347826,6.0,62.5,56,52,47,5,0,6,0.94,14.46875,0,0,0,0,0,3704,256,16,0,0,2,7.5,
window_nu0.1,window,none,fidelity,False,True,16,0.1,25,0,False,iid,0.1,0,s043,6,10.249999999999998,1.0869565217391297,4.0,50.0,56,49,48,1,0,6,0.96,14.08984375,0,0,0,0,0,3607,256,16,0,0,0,11.375,
window_nu0.1,window,none,fidelity,False,True,16,0.1,25,0,False,iid,0.1,0,s043,7,14.250000000000002,0.0,8.0,48.0,56,50,46,4,0,6,0.92,13.671875,0,0,0,0,0,3500,256,16,0,0,1,7.5625,
window_nu0.1,window,none,fidelity,False,True,16,0.1,25,0,False,iid,0.1,0,s043,8,17.500000000000004,2.33695652173913,12.0,56.00000000000001,56,49,44,5,0,6,0.88,14.29296875,0,0,0,0,0,3659,256,16,0,0,2,8.9375,76.0
window_nu0.1,window,none,fidelity,False,True,16,0.1,25,0,False,iid,0.1,1,s043,2,20.249999999999996,4.67391304347826,18.0,23.5,56,43,41,2,0,6,0.82,13.72265625,0,0,0,0,0,3513,256,16,0,0,1,10.875,
window_nu0.1,window,none,fidelity,False,True,16,0.1,25,0,False,iid,0.1,1,s043,3,25.75,2.33695652173913,28.000000000000004,23.5,56,36,36,0,0,6,0.72,14.69921875,0,0,0,0,0,3763,256,16,0,0,0,11.25,
window_nu0.1,window,none,fidelity,False,True,16,0.1,25,0,False,iid,0.1,1,s043,4,15.250000000000002,0.0,10.0,23.5,56,47,45,2,0,6,0.9,13.83984375,0,0,0,0,0,3543,256,16,0,0,1,11.125,
window_nu0.1,window,none,fidelity,False,True,16,0.1,25,0,False,iid,0.1,1,s043,5,21.749999999999996,4.67391304347826,18.0,28.499999999999996,56,42,41,1,0,6,0.82,13.84765625,0,0,0,0,0,3545,256,16,0,0,0,11.4375,
window_nu0.1,window,none,fidelity,False,True,16,0.1,25,0,False,iid,0.1,1,s043,6,5.750000000000003,1.25,6.0,16.0,56,49,47,2,0,6,0.94,13.51953125,0,0,0,0,0,3461,256,16,0,0,1,9.1875,
window_nu0.1,window,none,fidelity,False,True,16,0.1,25,0,False,iid,0.1,1,s043,7,16.75,2.33695652173913,12.0,25.0,56,47,44,3,0,6,0.88,13.30859375,0,0,0,0,0,3407,256,16,0,0,0,7.75,
window_nu0.1,window,none,fidelity,False,True,16,0.1,25,0,False,iid,0.1,1,s043,8,15.250000000000002,0.0,16.0,30.0,56,43,42,1,0,6,0.84,13.5625,0,0,0,0,0,3472,256,16,0,0,0,9.3125,72.0
window_nu0.1,window,none,fidelity,False,True,16,0.1,25,0,False,iid,0.1,2,s043,2,20.0,10.434782608695654,12.0,34.0,56,46,44,2,0,6,0.88,13.9140625,0,0,0,0,0,3562,256,16,0,0,0,11.0625,
window_nu0.1,window,none,fidelity,False,True,16,0.1,25,0,False,iid,0.1,2,s043,3,28.249999999999996,8.097826086956525,20.0,53.5,56,44,40,4,0,6,0.8,15.16015625,0,0,0,0,0,3881,256,16,0,0,1,9.5625,
window_nu0.1,window,none,fidelity,False,True,16,0.1,25,0,False,iid,0.1,2,s043,4,10.249999999999998,0.0,8.0,39.0,56,49,46,3,0,6,0.92,14.28125,0,0,0,0,0,3656,256,16,0,0,1,8.6875,
window_nu0.1,window,none,fidelity,False,True,16,0.1,25,0,False,iid,0.1,2,s043,5,18.25,4.67391304347826,10.0,41.0,56,45,45,0,0,6,0.9,14.078125,0,0,0,0,0,3604,256,16,0,0,0,8.5,
window_nu0.1,window,none,fidelity,False,True,16,0.1,25,0,False,iid,0.1,2,s043,6,9.749999999999998,1.25,6.0,32.0,56,48,47,1,0,6,0.94,14.0,0,0,0,0,0,3584,256,16,0,0,0,9.5625,
window_nu0.1,window,none,fidelity,False,True,16,0.1,25,0,False,iid,0.1,2,s043,7,13.0,0.0,12.0,33.0,56,47,44,3,0,6,0.88,13.4375,0,0,0,0,0,3440,256,16,0,0,2,7.5,
window_nu0.1,window,none,fidelity,False,True,16,0.1,25,0,False,iid,0.1,2,s043,8,21.499999999999996,2.33695652173913,14.000000000000002,42.0,56,46,43,3,0,6,0.86,14.140625,0,0,0,0,0,3620,256,16,0,0,1,11.1875,42.0
window_nu0.2,window,none,fidelity,False,True,16,0.2,25,0,False,iid,0.1,0,s043,2,19.499999999999996,3.58695652173913,8.0,53.0,56,50,46,4,0,6,0.92,14.1640625,0,0,0,0,0,3626,256,16,0,0,2,9.25,
window_nu0.2,window,none,fidelity,False,True,16,0.2,25,0,False,iid,0.1,0,s043,3,27.250000000000004,7.33695652173913,12.0,78.5,56,50,44,6,0,6,0.88,15.52734375,0,0,0,0,0,3975,256,16,0,0,2,9.375,
window_nu0.2,window,none,fidelity,False,True,16,0.2,25,0,False,iid,0.1,0,s043,4,18.750000000000004,1.25,4.0,63.0,56,54,48,6,0,6,0.96,14.72265625,0,0,0,0,0,3769,256,16,0,0,1,7.5625,
window_nu0.2,window,none,fidelity,False,True,16,0.2,25,0,False,iid,0.1,0,s043,5,20.249999999999996,4.67391304347826,6.0,62.5,56,52,47,5,0,6,0.94,14.4921875,0,0,0,0,0,3710,256,16,0,0,2,7.5,
window_nu0.2,window,none,fidelity,False,True,16,0.2,25,0,False,iid,0.1,0,s043,6,10.249999999999998,2.33695652173913,4.0,50.0,56,49,48,1,0,6,0.96,14.13671875,0,0,0,0,0,3619,256,16,0,0,0,11.375,
window_nu0.2,window,none,fidelity,False,True,16,0.2,25,0,False,iid,0.1,0,s043,7,14.250000000000002,0.0,8.0,48.0,56,50,46,4,0,6,0.92,13.6953125,0,0,0,0,0,3506,256,16,0,0,1,7.5625,
window_nu0.2,window,none,fidelity,False,True,16,0.2,25,0,False,iid,0.1,0,s043,8,17.500000000000004,2.33695652173913,12.0,56.00000000000001,56,49,44,5,0,6,0.88,14.29296875,0,0,0,0,0,3659,256,16,0,0,2,8.9375,76.0
window_nu0.2,window,none,fidelity,False,True,16,0.2,25,0,False,iid,0.1,1,s043,2,20.499999999999996,4.67391304347826,18.0,23.5,56,43,41,2,0,6,0.82,13.72265625,0,0,0,0,0,3513,256,16,0,0,1,10.875,
window_nu0.2,window,none,fidelity,False,True,16,0.2,25,0,False,iid,0.1,1,s043,3,25.75,2.33695652173913,28.000000000000004,23.5,56,36,36,0,0,6,0.72,14.69921875,0,0,0,0,0,3763,256,16,0,0,0,11.25,
window_nu0.2,window,none,fidelity,False,True,16,0.2,25,0,False,iid,0.1,1,s043,4,15.250000000000002,0.0,10.0,23.5,56,47,45,2,0,6,0.9,13.83984375,0,0,0,0,0,3543,256,16,0,0,1,11.125,
window_nu0.2,window,none,fidelity,False,True,16,0.2,25,0,False,iid,0.1,1,s043,5,21.749999999999996,4.67391304347826,18.0,28.499999999999996,56,42,41,1,0,6,0.82,13.84765625,0,0,0,0,0,3545,256,16,0,0,0,11.4375,
window_nu0.2,window,none,fidelity,False,True,16,0.2,25,0,False,iid,0.1,1,s043,6,5.750000000000003,1.25,6.0,15.5,56,49,47,2,0,6,0.94,13.51953125,0,0,0,0,0,3461,256,16,0,0,1,9.1875,
window_nu0.2,window,none,fidelity,False,True,16,0.2,25,0,False,iid,0.1,1,s043,7,16.75,2.33695652173913,12.0,25.0,56,47,44,3,0,6,0.88,13.40625,0,0,0,0,0,3432,256,16,0,0,0,7.75,
window_nu0.2,window,none,fidelity,False,True,16,0.2,25,0,False,iid,0.1,1,s043,8,15.250000000000002,0.0,16.0,30.0,56,43,42,1,0,6,0.84,13.5859375,0,0,0,0,0,3478,256,16,0,0,0,9.3125,72.0
window_nu0.2,window,none,fidelity,False,True,16,0.2,25,0,False,iid,0.1,2,s043,2,20.0,10.434782608695654,12.0,34.0,56,46,44,2,0,6,0.88,13.89453125,0,0,0,0,0,3557,256,16,0,0,0,11.0625,
window_nu0.2,window,none,fidelity,False,True,16,0.2,25,0,False,iid,0.1,2,s043,3,28.249999999999996,8.097826086956525,20.0,53.5,56,44,40,4,0,6,0.8,15.16015625,0,0,0,0,0,3881,256,16,0,0,1,9.5625,
window_nu0.2,window,none,fidelity,False,True,16,0.2,25,0,False,iid,0.1,2,s043,4,10.249999999999998,0.0,8.0,39.0,56,49,46,3,0,6,0.92,14.3046875,0,0,0,0,0,3662,256,16,0,0,1,8.6875,
window_nu0.2,window,none,fidelity,False,True,16,0.2,25,0,False,iid,0.1,2,s043,5,18.25,4.67391304347826,10.0,41.0,56,45,45,0,0,6,0.9,14.03125,0,0,0,0,0,3592,256,16,0,0,0,8.5,
window_nu0.2,window,none,fidelity,False,True,16,0.2,25,0,False,iid,0.1,2,s043,6,9.749999999999998,1.25,6.0,32.0,56,48,47,1,0,6,0.94,13.9921875,0,0,0,0,0,3582,256,16,0,0,0,9.5625,
window_nu0.2,window,none,fidelity,False,True,16,0.2,25,0,False,iid,0.1,2,s043,7,13.0,0.0,12.0,33.0,56,47,44,3,0,6,0.88,13.4140625,0,0,0,0,0,3434,256,16,0,0,2,7.5,
window_nu0.2,window,none,fidelity,False,True,16,0.2,25,0,False,iid,0.1,2,s043,8,21.499999999999996,2.33695652173913,14.000000000000002,42.0,56,46,43,3,0,6,0.86,14.19140625,0,0,0,0,0,3633,256,16,0,0,1,11.1875,42.0
aeqkad_nu0.1,window,full,fidelity,False,True,16,0.1,25,0,False,iid,0.1,0,s043,2,14.250000000000002,3.423913043478259,10.0,43.5,56,37,37,0,0,6,0.74,13.6484375,47,10,0,0,0,3494,256,16,0,0,0,14.0,
aeqkad_nu0.1,window,full,fidelity,False,True,16,0.1,25,0,False,iid,0.1,0,s043,3,37.0,12.771739130434783,38.0,37.5,56,16,16,0,0,6,0.32,12.54296875,34,16,0,0,2,3211,256,16,0,0,0,22.1875,
aeqkad_nu0.1,window,full,fidelity,False,True,16,0.1,25,0,False,iid,0.1,0,s043,4,26.5,9.510869565217389,20.0,33.0,56,36,35,1,0,6,0.7,12.66796875,43,7,2,0,0,3243,256,16,0,0,0,9.375,
aeqkad_nu0.1,window,full,fidelity,False,True,16,0.1,25,0,False,iid,0.1,0,s043,5,17.750000000000004,7.01086956521739,12.0,55.50000000000001,56,37,37,0,0,6,0.74,13.2578125,47,10,1,0,0,3394,256,16,0,0,0,9.875,
aeqkad_nu0.1,window,full,fidelity,False,True,16,0.1,25,0,False,iid,0.1,0,s043,6,9.499999999999998,1.25,4.0,34.5,56,42,42,0,0,6,0.84,12.75390625,49,7,3,0,0,3265,256,16,0,0,0,11.375,
aeqkad_nu0.1,window,full,fidelity,False,True,16,0.1,25,0,False,iid,0.1,0,s043,7,14.250000000000002,0.0,10.0,33.5,56,39,39,0,0,6,0.78,12.30859375,47,7,3,0,1,3151,256,16,0,0,0,10.0625,
aeqkad_nu0.1,window,full,fidelity,False,True,16,0.1,25,0,False,iid,0.1,0,s043,8,17.750000000000004,0.0,14.000000000000002,43.0,56,39,38,1,0,6,0.76,13.1875,48,9,1,0,0,3376,256,16,0,0,1,11.4375,66.0
aeqkad_nu0.1,window,full,fidelity,False,True,16,0.1,25,0,False,iid,0.1,1,s043,2,19.499999999999996,4.67391304347826,16.0,21.5,56,35,34,1,0,6,0.68,13.51171875,44,9,0,0,0,3459,256,16,0,0,1,13.875,
aeqkad_nu0.1,window,full,fidelity,False,True,16,0.1,25,0,False,iid,0.1,1,s043,3,36.25,8.097826086956525,46.0,15.5,56,18,18,0,0,6,0.36,13.046875,27,8,0,0,1,3340,256,16,0,0,0,18.375,
aeqkad_nu0.1,window,full,fidelity,False,True,16,0.1,25,0,False,iid,0.1,1,s043,4,24.0,7.01086956521739,32.0,13.5,56,33,33,0,0,6,0.66,11.55859375,35,2,0,0,0,2959,256,16,0,0,0,12.125,
aeqkad_nu0.1,window,full,fidelity,False,True,16,0.1,25,0,False,iid,0.1,1,s043,5,24.25,4.67391304347826,26.0,17.5,56,30,30,0,0,6,0.6,12.25390625,37,7,0,0,0,3137,256,16,0,0,0,11.4375,
aeqkad_nu0.1,window,full,fidelity,False,True,16,0.1,25,0,False,iid,0.1,1,s043,6,5.750000000000003,1.25,6.0,9.0,56,39,39,0,0,6,0.78,12.6796875,48,9,0,0,0,3246,256,16,0,0,0,10.8125,
aeqkad_nu0.1,window,full,fidelity,False,True,16,0.1,25,0,False,iid,0.1,1,s043,7,13.5,0.0,16.0,11.5,56,37,37,0,0,6,0.74,12.35546875,42,5,0,0,0,3163,256,16,0,0,0,10.625,
aeqkad_nu0.1,window,full,fidelity,False,True,16,0.1,25,0,False,iid,0.1,1,s043,8,16.250000000000004,1.25,16.0,18.5,56,33,33,0,0,6,0.66,12.41015625,43,10,0,0,0,3177,256,16,0,0,0,11.0,57.99999999999999
aeqkad_nu0.1,window,full,fidelity,False,True,16,0.1,25,0,False,iid,0.1,2,s043,2,15.750000000000004,4.67391304347826,10.0,27.500000000000004,56,35,35,0,0,6,0.7,13.6484375,46,11,0,0,0,3494,256,16,0,0,0,13.9375,
aeqkad_nu0.1,window,full,fidelity,False,True,16,0.1,25,0,False,iid,0.1,2,s043,3,35.25,9.347826086956525,48.0,20.0,56,11,11,0,0,6,0.22,12.515625,26,14,0,0,1,3204,256,16,0,0,0,38.25,
aeqkad_nu0.1,window,full,fidelity,False,True,16,0.1,25,0,False,iid,0.1,2,s043,4,26.75,5.760869565217389,30.0,18.0,56,31,31,0,0,6,0.62,12.26953125,38,7,0,0,0,3141,256,16,0,0,0,11.0625,
aeqkad_nu0.1,window,full,fidelity,False,True,16,0.1,25,0,False,iid,0.1,2,s043,5,24.0,4.67391304347826,20.0,28.999999999999996,56,32,32,0,0,6,0.64,12.37890625,40,8,0,0,0,3169,256,16,0,0,0,9.875,
aeqkad_nu0.1,window,full,fidelity,False,True,16,0.1,25,0,False,iid,0.1,2,s043,6,7.749999999999998,2.33695652173913,6.0,18.5,56,39,39,0,0,6,0.78,12.79296875,48,9,0,0,0,3275,256,16,0,0,0,10.5,
aeqkad_nu0.1,window,full,fidelity,False,True,16,0.1,25,0,False,iid,0.1,2,s043,7,13.5,0.0,14.000000000000002,19.0,56,37,37,0,0,6,0.74,12.31640625,44,7,0,0,0,3153,256,16,0,0,0,12.3125,
aeqkad_nu0.1,window,full,fidelity,False,True,16,0.1,25,0,False,iid,0.1,2,s043,8,15.000000000000002,0.0,14.000000000000002,27.500000000000004,56,33,33,0,0,6,0.66,12.2734375,45,11,0,0,1,3142,256,16,0,0,0,13.75,38.0
aeqkad_nu0.2,window,full,fidelity,False,True,16,0.2,25,0,False,iid,0.1,0,s043,2,14.250000000000002,3.423913043478259,10.0,44.0,56,37,37,0,0,6,0.74,13.6484375,47,10,0,0,0,3494,256,16,0,0,0,14.0,
aeqkad_nu0.2,window,full,fidelity,False,True,16,0.2,25,0,False,iid,0.1,0,s043,3,37.0,12.771739130434783,38.0,38.0,56,16,16,0,0,6,0.32,12.54296875,34,16,0,0,2,3211,256,16,0,0,0,22.1875,
aeqkad_nu0.2,window,full,fidelity,False,True,16,0.2,25,0,False,iid,0.1,0,s043,4,26.5,9.510869565217389,20.0,33.0,56,36,35,1,0,6,0.7,12.71875,43,7,2,0,0,3256,256,16,0,0,0,9.375,
aeqkad_nu0.2,window,full,fidelity,False,True,16,0.2,25,0,False,iid,0.1,0,s043,5,17.750000000000004,7.01086956521739,12.0,55.50000000000001,56,37,37,0,0,6,0.74,13.2578125,47,10,1,0,0,3394,256,16,0,0,0,9.875,
aeqkad_nu0.2,window,full,fidelity,False,True,16,0.2,25,0,False,iid,0.1,0,s043,6,9.499999999999998,1.25,4.0,34.5,56,42,42,0,0,6,0.84,12.77734375,49,7,3,0,0,3271,256,16,0,0,0,11.375,
aeqkad_nu0.2,window,full,fidelity,False,True,16,0.2,25,0,False,iid,0.1,0,s043,7,14.250000000000002,0.0,10.0,33.5,56,39,39,0,0,6,0.78,12.30859375,47,7,3,0,1,3151,256,16,0,0,0,10.0625,
aeqkad_nu0.2,window,full,fidelity,False,True,16,0.2,25,0,False,iid,0.1,0,s043,8,17.500000000000004,0.0,14.000000000000002,43.0,56,39,38,1,0,6,0.76,13.19140625,48,9,1,0,0,3377,256,16,0,0,1,11.4375,66.0
aeqkad_nu0.2,window,full,fidelity,False,True,16,0.2,25,0,False,iid,0.1,1,s043,2,19.499999999999996,4.67391304347826,16.0,21.5,56,35,34,1,0,6,0.68,13.51171875,44,9,0,0,0,3459,256,16,0,0,1,13.875,
aeqkad_nu0.2,window,full,fidelity,False,True,16,0.2,25,0,False,iid,0.1,1,s043,3,36.5,8.097826086956525,46.0,15.5,56,18,18,0,0,6,0.36,13.046875,27,8,0,0,1,3340,256,16,0,0,0,18.375,
aeqkad_nu0.2,window,full,fidelity,False,True,16,0.2,25,0,False,iid,0.1,1,s043,4,24.0,7.01086956521739,32.0,13.5,56,33,33,0,0,6,0.66,11.55859375,35,2,0,0,0,2959,256,16,0,0,0,12.125,
aeqkad_nu0.2,window,full,fidelity,False,True,16,0.2,25,0,False,iid,0.1,1,s043,5,24.25,4.67391304347826,26.0,17.0,56,30,30,0,0,6,0.6,12.25390625,37,7,0,0,0,3137,256,16,0,0,0,11.4375,
aeqkad_nu0.2,window,full,fidelity,False,True,16,0.2,25,0,False,iid,0.1,1,s043,6,5.750000000000003,1.25,6.0,9.0,56,39,39,0,0,6,0.78,12.703125,48,9,0,0,0,3252,256,16,0,0,0,10.8125,
aeqkad_nu0.2,window,full,fidelity,False,True,16,0.2,25,0,False,iid,0.1,1,s043,7,13.5,0.0,16.0,11.5,56,37,37,0,0,6,0.74,12.37890625,42,5,0,0,0,3169,256,16,0,0,0,10.625,
aeqkad_nu0.2,window,full,fidelity,False,True,16,0.2,25,0,False,iid,0.1,1,s043,8,16.250000000000004,1.25,16.0,18.5,56,33,33,0,0,6,0.66,12.38671875,43,10,0,0,0,3171,256,16,0,0,0,11.0,57.99999999999999
aeqkad_nu0.2,window,full,fidelity,False,True,16,0.2,25,0,False,iid,0.1,2,s043,2,15.750000000000004,4.67391304347826,10.0,27.500000000000004,56,35,35,0,0,6,0.7,13.6484375,46,11,0,0,0,3494,256,16,0,0,0,13.9375,
aeqkad_nu0.2,window,full,fidelity,False,True,16,0.2,25,0,False,iid,0.1,2,s043,3,35.25,9.347826086956525,48.0,20.0,56,11,11,0,0,6,0.22,12.5390625,26,13,0,0,2,3210,256,16,0,0,0,38.25,
aeqkad_nu0.2,window,full,fidelity,False,True,16,0.2,25,0,False,iid,0.1,2,s043,4,26.75,5.760869565217389,30.0,18.0,56,31,31,0,0,6,0.62,12.44140625,38,7,0,0,0,3185,256,16,0,0,0,11.0625,
aeqkad_nu0.2,window,full,fidelity,False,True,16,0.2,25,0,False,iid,0.1,2,s043,5,24.25,4.67391304347826,20.0,28.999999999999996,56,32,32,0,0,6,0.64,12.37890625,40,8,0,0,0,3169,256,16,0,0,0,9.875,
aeqkad_nu0.2,window,full,fidelity,False,True,16,0.2,25,0,False,iid,0.1,2,s043,6,7.749999999999998,2.33695652173913,6.0,18.5,56,39,39,0,0,6,0.78,12.84375,48,9,0,0,0,3288,256,16,0,0,0,10.5,
aeqkad_nu0.2,window,full,fidelity,False,True,16,0.2,25,0,False,iid,0.1,2,s043,7,13.5,0.0,14.000000000000002,19.0,56,37,37,0,0,6,0.74,12.31640625,44,7,0,0,0,3153,256,16,0,0,0,12.3125,
aeqkad_nu0.2,window,full,fidelity,False,True,16,0.2,25,0,False,iid,0.1,2,s043,8,15.000000000000002,0.0,14.000000000000002,27.500000000000004,56,33,33,0,0,6,0.66,12.26953125,45,11,0,0,1,3141,256,16,0,0,0,13.75,38.0
window_nu0.1,window,none,fidelity,False,True,16,0.1,25,0,False,iid,0.1,0,s044,2,14.000000000000002,7.01086956521739,6.0,59.0,56,49,47,2,0,6,0.94,12.49609375,0,0,0,0,0,3199,256,16,0,0,0,9.125,
window_nu0.1,window,none,fidelity,False,True,16,0.1,25,0,False,iid,0.1,0,s044,3,7.999999999999999,7.01086956521739,0.0,48.5,56,55,50,5,0,6,1.0,12.1171875,0,0,0,0,0,3102,256,16,0,0,0,8.3125,
window_nu0.1,window,none,fidelity,False,True,16,0.1,25,0,False,iid,0.1,0,s044,4,7.999999999999999,0.0,0.0,34.5,56,51,50,1,0,6,1.0,10.2578125,0,0,0,0,0,2626,256,16,0,0,0,8.5,
window_nu0.1,window,none,fidelity,False,True,16,0.1,25,0,False,iid,0.1,0,s044,5,10.0,10.271739130434785,2.0,41.0,56,52,49,3,0,6,0.98,10.5390625,0,0,0,0,0,2698,256,16,0,0,2,8.6875,
window_nu0.1,window,none,fidelity,False,True,16,0.1,25,0,False,iid,0.1,0,s044,6,9.749999999999998,1.25,4.0,47.5,56,51,48,3,0,6,0.96,10.640625,0,0,0,0,0,2724,256,16,0,0,0,7.5625,
window_nu0.1,window,none,fidelity,False,True,16,0.1,25,0,False,iid,0.1,0,s044,7,12.0,8.097826086956525,2.0,38.5,56,52,49,3,0,6,0.98,11.80078125,0,0,0,0,0,3021,256,16,0,0,0,7.5,
window_nu0.1,window,none,fidelity,False,True,16,0.1,25,0,False,iid,0.1,0,s044,8,8.249999999999998,2.33695652173913,2.0,30.0,56,51,49,2,0,6,0.98,10.09765625,0,0,0,0,0,2585,256,16,0,0,0,8.0625,4.0
window_nu0.1,window,none,fidelity,False,True,16,0.1,25,0,False,iid,0.1,1,s044,2,10.749999999999998,5.760869565217389,6.0,47.0,56,50,47,3,0,6,0.94,12.421875,0,0,0,0,0,3180,256,16,0,0,2,8.6875,
window_nu0.1,window,none,fidelity,False,True,16,0.1,25,0,False,iid,0.1,1,s044,3,7.749999999999998,1.25,0.0,38.0,56,54,50,4,0,6,1.0,12.5,0,0,0,0,0,3200,256,16,0,0,0,7.8125,
window_nu0.1,window,none,fidelity,False,True,16,0.1,25,0,False,iid,0.1,1,s044,4,7.999999999999999,4.67391304347826,0.0,30.5,56,53,50,3,0,6,1.0,10.8359375,0,0,0,0,0,2774,256,16,0,0,1,7.5,
window_nu0.1,window,none,fidelity,False,True,16,0.1,25,0,False,iid,0.1,1,s044,5,12.0,6.847826086956524,2.0,45.5,56,55,49,6,0,6,0.98,11.11328125,0,0,0,0,0,2845,256,16,0,0,3,8.0625,
window_nu0.1,window,none,fidelity,False,True,16,0.1,25,0,False,iid,0.1,1,s044,6,10.0,2.5,4.0,31.5,56,49,48,1,0,6,0.96,10.5625,0,0,0,0,0,2704,256,16,0,0,1,9.8125,
window_nu0.1,window,none,fidelity,False,True,16,0.1,25,0,False,iid,0.1,1,s044,7,10.0,4.83695652173913,2.0,30.0,56,50,49,1,0,6,0.98,11.66015625,0,0,0,0,0,2985,256,16,0,0,0,9.0625,
window_nu0.1,window,none,fidelity,False,True,16,0.1,25,0,False,iid,0.1,1,s044,8,9.499999999999998,1.25,2.0,23.5,56,50,49,1,0,6,0.98,9.98828125,0,0,0,0,0,2557,256,16,0,0,0,7.5,2.0
window_nu0.1,window,none,fidelity,False,True,16,0.1,25,0,False,iid,0.1,2,s044,2,13.5,6.847826086956524,6.0,55.50000000000001,56,52,47,5,0,6,0.94,12.5390625,0,0,0,0,0,3210,256,16,0,0,3,8.0,
window_nu0.1,window,none,fidelity,False,True,16,0.1,25,0,False,iid,0.1,2,s044,3,8.5,2.33695652173913,0.0,37.0,56,51,50,1,0,6,1.0,11.71484375,0,0,0,0,0,2999,256,16,0,0,1,7.75,
window_nu0.1,window,none,fidelity,False,True,16,0.1,25,0,False,iid,0.1,2,s044,4,9.25,1.25,0.0,31.5,56,52,50,2,0,6,1.0,10.02734375,0,0,0,0,0,2567,256,16,0,0,1,7.875,
window_nu0.1,window,none,fidelity,False,True,16,0.1,25,0,False,iid,0.1,2,s044,5,13.25,4.67391304347826,2.0,39.5,56,52,49,3,0,6,0.98,10.82421875,0,0,0,0,0,2771,256,16,0,0,0,9.5,
window_nu0.1,window,none,fidelity,False,True,16,0.1,25,0,False,iid,0.1,2,s044,6,9.499999999999998,2.5,4.0,28.999999999999996,56,50,48,2,0,6,0.96,10.1953125,0,0,0,0,0,2610,256,16,0,0,1,7.5,
window_nu0.1,window,none,fidelity,False,True,16,0.1,25,0,False,iid,0.1,2,s044,7,9.25,4.67391304347826,2.0,41.5,56,50,49,1,0,6,0.98,11.55078125,0,0,0,0,0,2957,256,16,0,0,0,7.6875,
window_nu0.1,window,none,fidelity,False,True,16,0.1,25,0,False,iid,0.1,2,s044,8,6.000000000000003,4.67391304347826,2.0,36.0,56,49,49,0,0,6,0.98,9.83984375,0,0,0,0,0,2519,256,16,0,0,0,8.25,18.0
window_nu0.2,window,none,fidelity,False,True,16,0.2,25,0,False,iid,0.1,0,s044,2,14.000000000000002,7.01086956521739,6.0,59.0,56,49,47,2,0,6,0.94,12.5,0,0,0,0,0,3200,256,16,0,0,0,9.125,
window_nu0.2,window,none,fidelity,False,True,16,0.2,25,0,False,iid,0.1,0,s044,3,7.999999999999999,7.01086956521739,0.0,48.5,56,55,50,5,0,6,1.0,12.1171875,0,0,0,0,0,3102,256,16,0,0,0,8.3125,
window_nu0.2,window,none,fidelity,False,True,16,0.2,25,0,False,iid,0.1,0,s044,4,7.999999999999999,0.0,0.0,34.5,56,51,50,1,0,6,1.0,10.33203125,0,0,0,0,0,2645,256,16,0,0,0,8.5,
window_nu0.2,window,none,fidelity,False,True,16,0.2,25,0,False,iid,0.1,0,s044,5,10.0,10.271739130434785,2.0,41.0,56,52,49,3,0,6,0.98,10.5390625,0,0,0,0,0,2698,256,16,0,0,2,8.6875,
window_nu0.2,window,none,fidelity,False,True,16,0.2,25,0,False,iid,0.1,0,s044,6,9.749999999999998,1.25,4.0,47.5,56,51,48,3,0,6,0.96,10.640625,0,0,0,0,0,2724,256,16,0,0,0,7.5625,
window_nu0.2,window,none,fidelity,False,True,16,0.2,25,0,False,iid,0.1,0,s044,7,12.0,7.01086956521739,2.0,38.5,56,52,49,3,0,6,0.98,11.82421875,0,0,0,0,0,3027,256,16,0,0,0,7.5,
window_nu0.2,window,none,fidelity,False,True,16,0.2,25,0,False,iid,0.1,0,s044,8,8.249999999999998,2.33695652173913,2.0,30.0,56,51,49,2,0,6,0.98,10.15234375,0,0,0,0,0,2599,256,16,0,0,0,8.0625,4.0
window_nu0.2,window,none,fidelity,False,True,16,0.2,25,0,False,iid,0.1,1,s044,2,10.749999999999998,5.760869565217389,6.0,47.0,56,50,47,3,0,6,0.94,12.421875,0,0,0,0,0,3180,256,16,0,0,2,8.6875,
window_nu0.2,window,none,fidelity,False,True,16,0.2,25,0,False,iid,0.1,1,s044,3,7.749999999999998,1.25,0.0,38.0,56,54,50,4,0,6,1.0,12.5234375,0,0,0,0,0,3206,256,16,0,0,0,7.8125,
window_nu0.2,window,none,fidelity,False,True,16,0.2,25,0,False,iid,0.1,1,s044,4,7.999999999999999,4.67391304347826,0.0,30.5,56,53,50,3,0,6,1.0,10.86328125,0,0,0,0,0,2781,256,16,0,0,1,7.5,
window_nu0.2,window,none,fidelity,False,True,16,0.2,25,0,False,iid,0.1,1,s044,5,12.0,6.847826086956524,2.0,45.5,56,55,49,6,0,6,0.98,11.13671875,0,0,0,0,0,2851,256,16,0,0,3,8.0625,
window_nu0.2,window,none,fidelity,False,True,16,0.2,25,0,False,iid,0.1,1,s044,6,10.0,2.5,4.0,31.5,56,49,48,1,0,6,0.96,10.5625,0,0,0,0,0,2704,256,16,0,0,1,9.8125,
window_nu0.2,window,none,fidelity,False,True,16,0.2,25,0,False,iid,0.1,1,s044,7,10.0,4.83695652173913,2.0,30.0,56,50,49,1,0,6,0.98,11.640625,0,0,0,0,0,2980,256,16,0,0,0,9.0625,
window_nu0.2,window,none,fidelity,False,True,16,0.2,25,0,False,iid,0.1,1,s044,8,9.499999999999998,1.25,2.0,23.5,56,50,49,1,0,6,0.98,9.98828125,0,0,0,0,0,2557,256,16,0,0,0,7.5,2.0
window_nu0.2,window,none,fidelity,False,True,16,0.2,25,0,False,iid,0.1,2,s044,2,13.5,6.847826086956524,6.0,55.50000000000001,56,52,47,5,0,6,0.94,12.5625,0,0,0,0,0,3216,256,16,0,0,3,8.0,
window_nu0.2,window,none,fidelity,False,True,16,0.2,25,0,False,iid,0.1,2,s044,3,8.5,2.33695652173913,0.0,37.0,56,51,50,1,0,6,1.0,11.71484375,0,0,0,0,0,2999,256,16,0,0,1,7.75,
window_nu0.2,window,none,fidelity,False,True,16,0.2,25,0,False,iid,0.1,2,s044,4,9.25,1.25,0.0,31.5,56,52,50,2,0,6,1.0,10.0078125,0,0,0,0,0,2562,256,16,0,0,1,7.875,
window_nu0.2,window,none,fidelity,False,True,16,0.2,25,0,False,iid,0.1,2,s044,5,13.25,4.67391304347826,2.0,39.5,56,52,49,3,0,6,0.98,10.82421875,0,0,0,0,0,2771,256,16,0,0,0,9.5,
window_nu0.2,window,none,fidelity,False,True,16,0.2,25,0,False,iid,0.1,2,s044,6,9.499999999999998,2.5,4.0,28.999999999999996,56,50,48,2,0,6,0.96,10.171875,0,0,0,0,0,2604,256,16,0,0,1,7.5,
window_nu0.2,window,none,fidelity,False,True,16,0.2,25,0,False,iid,0.1,2,s044,7,9.25,4.67391304347826,2.0,41.5,56,50,49,1,0,6,0.98,11.578125,0,0,0,0,0,2964,256,16,0,0,0,7.6875,
window_nu0.2,window,none,fidelity,False,True,16,0.2,25,0,False,iid,0.1,2,s044,8,6.000000000000003,4.67391304347826,2.0,36.0,56,49,49,0,0,6,0.98,9.81640625,0,0,0,0,0,2513,256,16,0,0,0,8.25,18.0
aeqkad_nu0.1,window,full,fidelity,False,True,16,0.1,25,0,False,iid,0.1,0,s044,2,16.500000000000004,3.75,8.0,37.0,56,34,34,0,0,6,0.68,10.30859375,48,14,0,0,0,2639,256,16,0,0,0,17.6875,
aeqkad_nu0.1,window,full,fidelity,False,True,16,0.1,25,0,False,iid,0.1,0,s044,3,5.000000000000002,2.33695652173913,0.0,22.0,56,43,43,0,0,6,0.86,9.73828125,54,11,0,0,0,2493,256,16,0,0,0,8.625,
aeqkad_nu0.1,window,full,fidelity,False,True,16,0.1,25,0,False,iid,0.1,0,s044,4,7.749999999999998,1.0869565217391297,0.0,27.0,56,42,42,0,0,6,0.84,9.27734375,51,9,0,0,0,2375,256,16,0,0,0,8.625,
aeqkad_nu0.1,window,full,fidelity,False,True,16,0.1,25,0,False,iid,0.1,0,s044,5,14.000000000000002,3.75,2.0,34.5,56,43,41,2,0,6,0.82,9.0,51,8,0,0,0,2304,256,16,0,0,1,10.0,
aeqkad_nu0.1,window,full,fidelity,False,True,16,0.1,25,0,False,iid,0.1,0,s044,6,10.0,6.847826086956524,6.0,31.0,56,42,42,0,0,6,0.84,9.39453125,49,7,0,0,0,2405,256,16,0,0,0,9.8125,
aeqkad_nu0.1,window,full,fidelity,False,True,16,0.1,25,0,False,iid,0.1,0,s044,7,14.500000000000002,10.434782608695654,2.0,33.0,56,39,37,2,0,6,0.74,9.890625,52,13,0,0,0,2532,256,16,0,0,0,8.25,
aeqkad_nu0.1,window,full,fidelity,False,True,16,0.1,25,0,False,iid,0.1,0,s044,8,9.499999999999998,0.0,2.0,25.0,56,40,40,0,0,6,0.8,8.65625,51,11,0,0,0,2216,256,16,0,0,0,9.8125,4.0
aeqkad_nu0.1,window,full,fidelity,False,True,16,0.1,25,0,False,iid,0.1,1,s044,2,14.500000000000002,3.58695652173913,10.0,27.500000000000004,56,34,34,0,0,6,0.68,10.61328125,47,13,0,0,0,2717,256,16,0,0,0,14.875,
aeqkad_nu0.1,window,full,fidelity,False,True,16,0.1,25,0,False,iid,0.1,1,s044,3,5.750000000000003,1.25,0.0,24.0,56,47,47,0,0,6,0.94,10.7109375,52,5,0,0,0,2742,256,16,0,0,0,8.125,
aeqkad_nu0.1,window,full,fidelity,False,True,16,0.1,25,0,False,iid,0.1,1,s044,4,10.249999999999998,2.33695652173913,0.0,22.5,56,43,43,0,0,6,0.86,9.64453125,51,8,0,0,0,2469,256,16,0,0,0,8.4375,
aeqkad_nu0.1,window,full,fidelity,False,True,16,0.1,25,0,False,iid,0.1,1,s044,5,12.0,2.5,4.0,23.0,56,41,41,0,0,6,0.82,8.58203125,51,10,0,0,0,2197,256,16,0,0,0,10.125,
aeqkad_nu0.1,window,full,fidelity,False,True,16,0.1,25,0,False,iid,0.1,1,s044,6,13.25,3.58695652173913,6.0,26.0,56,43,43,0,0,6,0.86,9.26953125,48,5,0,0,0,2373,256,16,0,0,0,11.125,
aeqkad_nu0.1,window,full,fidelity,False,True,16,0.1,25,0,False,iid,0.1,1,s044,7,11.5,8.097826086956525,4.0,28.000000000000004,56,40,39,1,0,6,0.78,10.0546875,49,9,0,0,0,2574,256,16,0,0,0,9.8125,
aeqkad_nu0.1,window,full,fidelity,False,True,16,0.1,25,0,False,iid,0.1,1,s044,8,10.0,2.33695652173913,2.0,22.5,56,43,43,0,0,6,0.86,8.86328125,50,7,0,0,0,2269,256,16,0,0,0,7.6875,2.0
aeqkad_nu0.1,window,full,fidelity,False,True,16,0.1,25,0,False,iid,0.1,2,s044,2,15.750000000000004,8.097826086956525,8.0,40.5,56,30,30,0,0,6,0.6,9.98828125,48,18,0,0,0,2557,256,16,0,0,0,18.25,
aeqkad_nu0.1,window,full,fidelity,False,True,16,0.1,25,0,False,iid,0.1,2,s044,3,4.500000000000002,1.25,0.0,24.0,56,43,43,0,0,6,0.86,10.08984375,51,8,0,0,0,2583,256,16,0,0,0,8.75,
aeqkad_nu0.1,window,full,fidelity,False,True,16,0.1,25,0,False,iid,0.1,2,s044,4,10.249999999999998,2.33695652173913,0.0,24.5,56,39,38,1,0,6,0.76,9.29296875,52,13,0,0,0,2379,256,16,0,0,1,11.375,
aeqkad_nu0.1,window,full,fidelity,False,True,16,0.1,25,0,False,iid,0.1,2,s044,5,12.0,5.760869565217389,2.0,25.5,56,40,39,1,0,6,0.78,8.36328125,53,13,0,0,0,2141,256,16,0,0,0,10.6875,
aeqkad_nu0.1,window,full,fidelity,False,True,16,0.1,25,0,False,iid,0.1,2,s044,6,11.75,2.5,6.0,25.0,56,42,41,1,0,6,0.82,9.37890625,49,7,0,0,0,2401,256,16,0,0,0,11.1875,
aeqkad_nu0.1,window,full,fidelity,False,True,16,0.1,25,0,False,iid,0.1,2,s044,7,13.25,7.01086956521739,2.0,32.5,56,37,37,0,0,6,0.74,9.61328125,50,13,0,0,0,2461,256,16,0,0,0,8.5625,
aeqkad_nu0.1,window,full,fidelity,False,True,16,0.1,25,0,False,iid,0.1,2,s044,8,6.000000000000003,6.847826086956524,2.0,28.000000000000004,56,39,39,0,0,6,0.78,8.4921875,49,10,0,0,0,2174,256,16,0,0,0,10.0625,6.0
aeqkad_nu0.2,window,full,fidelity,False,True,16,0.2,25,0,False,iid,0.1,0,s044,2,16.500000000000004,3.75,8.0,37.0,56,34,34,0,0,6,0.68,10.3125,48,14,0,0,0,2640,256,16,0,0,0,17.6875,
aeqkad_nu0.2,window,full,fidelity,False,True,16,0.2,25,0,False,iid,0.1,0,s044,3,5.000000000000002,2.33695652173913,0.0,21.5,56,43,43,0,0,6,0.86,9.73828125,54,11,0,0,0,2493,256,16,0,0,0,8.625,
aeqkad_nu0.2,window,full,fidelity,False,True,16,0.2,25,0,False,iid,0.1,0,s044,4,7.749999999999998,1.0869565217391297,0.0,27.0,56,42,42,0,0,6,0.84,9.27734375,51,9,0,0,0,2375,256,16,0,0,0,8.625,
aeqkad_nu0.2,window,full,fidelity,False,True,16,0.2,25,0,False,iid,0.1,0,s044,5,14.000000000000002,3.75,2.0,34.5,56,43,41,2,0,6,0.82,9.0,51,8,0,0,0,2304,256,16,0,0,1,10.0,
aeqkad_nu0.2,window,full,fidelity,False,True,16,0.2,25,0,False,iid,0.1,0,s044,6,10.0,6.847826086956524,6.0,31.0,56,42,42,0,0,6,0.84,9.39453125,49,7,0,0,0,2405,256,16,0,0,0,9.8125,
aeqkad_nu0.2,window,full,fidelity,False,True,16,0.2,25,0,False,iid,0.1,0,s044,7,14.500000000000002,10.434782608695654,2.0,33.0,56,39,37,2,0,6,0.74,9.890625,52,13,0,0,0,2532,256,16,0,0,0,8.25,
aeqkad_nu0.2,window,full,fidelity,False,True,16,0.2,25,0,False,iid,0.1,0,s044,8,9.499999999999998,0.0,2.0,25.0,56,40,40,0,0,6,0.8,8.65625,51,11,0,0,0,2216,256,16,0,0,0,9.8125,4.0
aeqkad_nu0.2,window,full,fidelity,False,True,16,0.2,25,0,False,iid,0.1,1,s044,2,14.500000000000002,3.58695652173913,10.0,27.500000000000004,56,34,34,0,0,6,0.68,10.61328125,47,13,0,0,0,2717,256,16,0,0,0,14.875,
aeqkad_nu0.2,window,full,fidelity,False,True,16,0.2,25,0,False,iid,0.1,1,s044,3,5.750000000000003,1.25,0.0,24.0,56,47,47,0,0,6,0.94,10.734375,52,5,0,0,0,2748,256,16,0,0,0,8.125,
aeqkad_nu0.2,window,full,fidelity,False,True,16,0.2,25,0,False,iid,0.1,1,s044,4,10.249999999999998,2.33695652173913,0.0,22.5,56,43,43,0,0,6,0.86,9.69140625,51,8,0,0,0,2481,256,16,0,0,0,8.4375,
aeqkad_nu0.2,window,full,fidelity,False,True,16,0.2,25,0,False,iid,0.1,1,s044,5,12.0,2.5,4.0,23.0,56,41,41,0,0,6,0.82,8.58203125,51,10,0,0,0,2197,256,16,0,0,0,10.125,
aeqkad_nu0.2,window,full,fidelity,False,True,16,0.2,25,0,False,iid,0.1,1,s044,6,13.25,3.58695652173913,6.0,26.0,56,43,43,0,0,6,0.86,9.24609375,48,5,0,0,0,2367,256,16,0,0,0,11.125,
aeqkad_nu0.2,window,full,fidelity,False,True,16,0.2,25,0,False,iid,0.1,1,s044,7,11.5,8.097826086956525,4.0,28.000000000000004,56,40,39,1,0,6,0.78,10.0546875,49,9,0,0,0,2574,256,16,0,0,0,9.8125,
aeqkad_nu0.2,window,full,fidelity,False,True,16,0.2,25,0,False,iid,0.1,1,s044,8,10.0,2.33695652173913,2.0,22.5,56,43,43,0,0,6,0.86,8.8828125,50,7,0,0,0,2274,256,16,0,0,0,7.6875,2.0
aeqkad_nu0.2,window,full,fidelity,False,True,16,0.2,25,0,False,iid,0.1,2,s044,2,15.750000000000004,8.097826086956525,8.0,40.5,56,30,30,0,0,6,0.6,9.98828125,48,18,0,0,0,2557,256,16,0,0,0,18.25,
aeqkad_nu0.2,window,full,fidelity,False,True,16,0.2,25,0,False,iid,0.1,2,s044,3,4.500000000000002,1.25,0.0,24.0,56,43,43,0,0,6,0.86,10.140625,51,8,0,0,0,2596,256,16,0,0,0,8.75,
aeqkad_nu0.2,window,full,fidelity,False,True,16,0.2,25,0,False,iid,0.1,2,s044,4,10.249999999999998,2.33695652173913,0.0,24.5,56,39,38,1,0,6,0.76,9.29296875,52,13,0,0,0,2379,256,16,0,0,1,11.375,
aeqkad_nu0.2,window,full,fidelity,False,True,16,0.2,25,0,False,iid,0.1,2,s044,5,12.0,5.760869565217389,2.0,25.5,56,40,39,1,0,6,0.78,8.38671875,53,13,0,0,0,2147,256,16,0,0,0,10.6875,
aeqkad_nu0.2,window,full,fidelity,False,True,16,0.2,25,0,False,iid,0.1,2,s044,6,11.75,2.5,6.0,25.0,56,42,41,1,0,6,0.82,9.35546875,49,7,0,0,0,2395,256,16,0,0,0,11.1875,
aeqkad_nu0.2,window,full,fidelity,False,True,16,0.2,25,0,False,iid,0.1,2,s044,7,13.25,7.01086956521739,2.0,32.5,56,37,37,0,0,6,0.74,9.76171875,50,13,0,0,0,2499,256,16,0,0,0,8.5625,
aeqkad_nu0.2,window,full,fidelity,False,True,16,0.2,25,0,False,iid,0.1,2,s044,8,6.000000000000003,6.847826086956524,2.0,28.000000000000004,56,39,39,0,0,6,0.78,8.4921875,49,10,0,0,0,2174,256,16,0,0,0,10.0625,6.0
window_nu0.1,window,none,fidelity,False,True,16,0.1,25,0,False,iid,0.1,0,s046,2,21.249999999999996,18.532608695652172,2.0,78.0,56,53,49,4,0,6,0.98,12.21484375,0,0,0,0,0,3127,256,16,0,0,3,8.5,
window_nu0.1,window,none,fidelity,False,True,16,0.1,25,0,False,iid,0.1,0,s046,3,29.25,20.869565217391305,2.0,83.5,56,54,49,5,0,6,0.98,10.0703125,0,0,0,0,0,2578,256,16,0,0,1,7.6875,
window_nu0.1,window,none,fidelity,False,True,16,0.1,25,0,False,iid,0.1,0,s046,4,28.249999999999996,19.782608695652172,0.0,91.5,56,56,50,6,0,6,1.0,10.5625,0,0,0,0,0,2704,256,16,0,0,1,7.5,
window_nu0.1,window,none,fidelity,False,True,16,0.1,25,0,False,iid,0.1,0,s046,5,28.250000000000004,15.108695652173914,2.0,90.0,56,54,49,5,0,6,0.98,9.32421875,0,0,0,0,0,2387,256,16,0,0,2,7.75,
window_nu0.1,window,none,fidelity,False,True,16,0.1,25,0,False,iid,0.1,0,s046,6,23.75,21.956521739130434,0.0,85.0,56,56,50,6,0,6,1.0,8.8671875,0,0,0,0,0,2270,256,16,0,0,2,7.5,
window_nu0.1,window,none,fidelity,False,True,16,0.1,25,0,False,iid,0.1,0,s046,7,19.749999999999996,10.434782608695654,0.0,89.5,56,56,50,6,0,6,1.0,8.8046875,0,0,0,0,0,2254,256,16,0,0,0,7.5,
window_nu0.1,window,none,fidelity,False,True,16,0.1,25,0,False,iid,0.1,0,s046,8,23.75,15.108695652173914,2.0,83.0,56,54,49,5,0,6,0.98,8.5703125,0,0,0,0,0,2194,256,16,0,0,2,7.5,100.0
window_nu0.1,window,none,fidelity,False,True,16,0.1,25,0,False,iid,0.1,1,s046,2,18.000000000000004,7.17391304347826,2.0,84.0,56,53,49,4,0,6,0.98,12.3125,0,0,0,0,0,3152,256,16,0,0,3,7.5,
window_nu0.1,window,none,fidelity,False,True,16,0.1,25,0,False,iid,0.1,1,s046,3,18.000000000000004,12.771739130434783,0.0,90.5,56,55,50,5,0,6,1.0,9.8203125,0,0,0,0,0,2514,256,16,0,0,2,7.5,
window_nu0.1,window,none,fidelity,False,True,16,0.1,25,0,False,iid,0.1,1,s046,4,24.5,15.108695652173914,0.0,91.5,56,56,50,6,0,6,1.0,10.5,0,0,0,0,0,2688,256,16,0,0,1,7.5,
window_nu0.1,window,none,fidelity,False,True,16,0.1,25,0,False,iid,0.1,1,s046,5,27.750000000000004,20.70652173913043,0.0,93.0,56,56,50,6,0,6,1.0,9.2578125,0,0,0,0,0,2370,256,16,0,0,2,7.5,
window_nu0.1,window,none,fidelity,False,True,16,0.1,25,0,False,iid,0.1,1,s046,6,19.749999999999996,15.108695652173914,0.0,91.5,56,56,50,6,0,6,1.0,9.50390625,0,0,0,0,0,2433,256,16,0,0,1,7.5,
window_nu0.1,window,none,fidelity,False,True,16,0.1,25,0,False,iid,0.1,1,s046,7,17.750000000000004,9.184782608695654,0.0,89.0,56,55,50,5,0,6,1.0,8.29296875,0,0,0,0,0,2123,256,16,0,0,0,7.5,
window_nu0.1,window,none,fidelity,False,True,16,0.1,25,0,False,iid,0.1,1,s046,8,20.0,10.597826086956525,2.0,95.5,56,55,49,6,0,6,0.98,8.75390625,0,0,0,0,0,2241,256,16,0,0,3,7.5,100.0
window_nu0.1,window,none,fidelity,False,True,16,0.1,25,0,False,iid,0.1,2,s046,2,20.249999999999996,8.260869565217389,2.0,72.0,56,53,49,4,0,6,0.98,12.19140625,0,0,0,0,0,3121,256,16,0,0,3,7.875,
window_nu0.1,window,none,fidelity,False,True,16,0.1,25,0,False,iid,0.1,2,s046,3,24.0,20.70652173913043,0.0,88.0,56,54,50,4,0,6,1.0,10.71484375,0,0,0,0,0,2743,256,16,0,0,2,7.75,
window_nu0.1,window,none,fidelity,False,True,16,0.1,25,0,False,iid,0.1,2,s046,4,27.0,15.108695652173914,0.0,90.0,56,56,50,6,0,6,1.0,10.64453125,0,0,0,0,0,2725,256,16,0,0,0,7.5,
window_nu0.1,window,none,fidelity,False,True,16,0.1,25,0,False,iid,0.1,2,s046,5,26.25,11.684782608695654,0.0,88.0,56,54,50,4,0,6,1.0,9.30078125,0,0,0,0,0,2381,256,16,0,0,0,8.8125,
window_nu0.1,window,none,fidelity,False,True,16,0.1,25,0,False,iid,0.1,2,s046,6,21.999999999999996,15.108695652173914,0.0,85.0,56,53,50,3,0,6,1.0,8.37890625,0,0,0,0,0,2145,256,16,0,0,0,7.5,
window_nu0.1,window,none,fidelity,False,True,16,0.1,25,0,False,iid,0.1,2,s046,7,16.500000000000004,3.423913043478259,0.0,89.0,56,56,50,6,0,6,1.0,8.2265625,0,0,0,0,0,2106,256,16,0,0,3,7.5,
window_nu0.1,window,none,fidelity,False,True,16,0.1,25,0,False,iid,0.1,2,s046,8,25.25,16.358695652173914,0.0,92.5,56,56,50,6,0,6,1.0,9.16796875,0,0,0,0,0,2347,256,16,0,0,0,7.5,92.0
window_nu0.2,window,none,fidelity,False,True,16,0.2,25,0,False,iid,0.1,0,s046,2,21.499999999999996,18.532608695652172,2.0,78.0,56,53,49,4,0,6,0.98,12.2421875,0,0,0,0,0,3134,256,16,0,0,3,8.5,
window_nu0.2,window,none,fidelity,False,True,16,0.2,25,0,False,iid,0.1,0,s046,3,29.25,20.869565217391305,2.0,83.5,56,54,49,5,0,6,0.98,10.09375,0,0,0,0,0,2584,256,16,0,0,1,7.6875,
window_nu0.2,window,none,fidelity,False,True,16,0.2,25,0,False,iid,0.1,0,s046,4,28.000000000000004,19.782608695652172,0.0,91.5,56,56,50,6,0,6,1.0,10.59765625,0,0,0,0,0,2713,256,16,0,0,1,7.5,
window_nu0.2,window,none,fidelity,False,True,16,0.2,25,0,False,iid,0.1,0,s046,5,28.250000000000004,15.108695652173914,2.0,90.0,56,54,49,5,0,6,0.98,9.34765625,0,0,0,0,0,2393,256,16,0,0,2,7.75,
window_nu0.2,window,none,fidelity,False,True,16,0.2,25,0,False,iid,0.1,0,s046,6,23.5,21.956521739130434,0.0,85.0,56,56,50,6,0,6,1.0,8.9140625,0,0,0,0,0,2282,256,16,0,0,2,7.5,
window_nu0.2,window,none,fidelity,False,True,16,0.2,25,0,False,iid,0.1,0,s046,7,19.499999999999996,10.434782608695654,0.0,89.5,56,56,50,6,0,6,1.0,8.78125,0,0,0,0,0,2248,256,16,0,0,0,7.5,
window_nu0.2,window,none,fidelity,False,True,16,0.2,25,0,False,iid,0.1,0,s046,8,23.75,15.108695652173914,2.0,83.0,56,54,49,5,0,6,0.98,8.59765625,0,0,0,0,0,2201,256,16,0,0,2,7.5,100.0
window_nu0.2,window,none,fidelity,False,True,16,0.2,25,0,False,iid,0.1,1,s046,2,18.000000000000004,7.17391304347826,2.0,84.0,56,53,49,4,0,6,0.98,12.359375,0,0,0,0,0,3164,256,16,0,0,3,7.5,
window_nu0.2,window,none,fidelity,False,True,16,0.2,25,0,False,iid,0.1,1,s046,3,18.000000000000004,12.771739130434783,0.0,90.5,56,55,50,5,0,6,1.0,9.8671875,0,0,0,0,0,2526,256,16,0,0,2,7.5,
window_nu0.2,window,none,fidelity,False,True,16,0.2,25,0,False,iid,0.1,1,s046,4,24.5,15.108695652173914,0.0,91.5,56,56,50,6,0,6,1.0,10.52734375,0,0,0,0,0,2695,256,16,0,0,1,7.5,
window_nu0.2,window,none,fidelity,False,True,16,0.2,25,0,False,iid,0.1,1,s046,5,27.750000000000004,20.70652173913043,0.0,93.0,56,56,50,6,0,6,1.0,9.28125,0,0,0,0,0,2376,256,16,0,0,2,7.5,
window_nu0.2,window,none,fidelity,False,True,16,0.2,25,0,False,iid,0.1,1,s046,6,19.749999999999996,15.108695652173914,0.0,91.5,56,56,50,6,0,6,1.0,9.50390625,0,0,0,0,0,2433,256,16,0,0,1,7.5,
window_nu0.2,window,none,fidelity,False,True,16,0.2,25,0,False,iid,0.1,1,s046,7,17.750000000000004,9.184782608695654,0.0,89.0,56,55,50,5,0,6,1.0,8.34375,0,0,0,0,0,2136,256,16,0,0,0,7.5,
window_nu0.2,window,none,fidelity,False,True,16,0.2,25,0,False,iid,0.1,1,s046,8,20.0,10.597826086956525,2.0,95.5,56,55,49,6,0,6,0.98,8.82421875,0,0,0,0,0,2259,256,16,0,0,3,7.5,100.0
window_nu0.2,window,none,fidelity,False,True,16,0.2,25,0,False,iid,0.1,2,s046,2,20.249999999999996,8.260869565217389,2.0,72.0,56,53,49,4,0,6,0.98,12.19140625,0,0,0,0,0,3121,256,16,0,0,3,7.875,
window_nu0.2,window,none,fidelity,False,True,16,0.2,25,0,False,iid,0.1,2,s046,3,24.0,20.70652173913043,0.0,88.0,56,54,50,4,0,6,1.0,10.71484375,0,0,0,0,0,2743,256,16,0,0,2,7.75,
window_nu0.2,window,none,fidelity,False,True,16,0.2,25,0,False,iid,0.1,2,s046,4,27.0,15.108695652173914,0.0,90.0,56,56,50,6,0,6,1.0,10.64453125,0,0,0,0,0,2725,256,16,0,0,0,7.5,
window_nu0.2,window,none,fidelity,False,True,16,0.2,25,0,False,iid,0.1,2,s046,5,26.25,11.684782608695654,0.0,88.0,56,54,50,4,0,6,1.0,9.30078125,0,0,0,0,0,2381,256,16,0,0,0,8.8125,
window_nu0.2,window,none,fidelity,False,True,16,0.2,25,0,False,iid,0.1,2,s046,6,21.999999999999996,15.108695652173914,0.0,84.5,56,53,50,3,0,6,1.0,8.4296875,0,0,0,0,0,2158,256,16,0,0,0,7.5,
window_nu0.2,window,none,fidelity,False,True,16,0.2,25,0,False,iid,0.1,2,s046,7,16.500000000000004,3.423913043478259,0.0,89.0,56,56,50,6,0,6,1.0,8.25390625,0,0,0,0,0,2113,256,16,0,0,3,7.5,
window_nu0.2,window,none,fidelity,False,True,16,0.2,25,0,False,iid,0.1,2,s046,8,25.25,16.358695652173914,0.0,92.5,56,56,50,6,0,6,1.0,9.16796875,0,0,0,0,0,2347,256,16,0,0,0,7.5,92.0
aeqkad_nu0.1,window,full,fidelity,False,True,16,0.1,25,0,False,iid,0.1,0,s046,2,19.499999999999996,17.445652173913043,2.0,69.5,56,52,49,3,0,6,0.98,12.125,53,1,45,0,0,3104,256,16,0,0,3,8.5,
aeqkad_nu0.1,window,full,fidelity,False,True,16,0.1,25,0,False,iid,0.1,0,s046,3,28.500000000000004,19.782608695652172,0.0,84.0,56,49,46,3,0,6,0.92,9.078125,55,3,45,0,3,2324,256,16,0,0,0,8.875,
aeqkad_nu0.1,window,full,fidelity,False,True,16,0.1,25,0,False,iid,0.1,0,s046,4,29.500000000000004,20.869565217391305,0.0,86.5,56,43,40,3,0,6,0.8,8.953125,56,0,45,0,13,2292,256,16,0,0,1,9.8125,
aeqkad_nu0.1,window,full,fidelity,False,True,16,0.1,25,0,False,iid,0.1,0,s046,5,26.25,15.108695652173914,2.0,87.5,56,46,45,1,0,6,0.9,7.9296875,55,4,44,0,5,2030,256,16,0,0,0,10.5,
aeqkad_nu0.1,window,full,fidelity,False,True,16,0.1,25,0,False,iid,0.1,0,s046,6,21.749999999999996,10.434782608695654,0.0,76.5,56,45,45,0,0,6,0.9,6.87890625,55,2,45,0,8,1761,256,16,0,0,0,8.4375,
aeqkad_nu0.1,window,full,fidelity,False,True,16,0.1,25,0,False,iid,0.1,0,s046,7,52.0,47.66304347826087,16.0,74.5,56,9,8,1,0,6,0.16,6.328125,47,7,23,0,31,1620,256,16,0,0,1,31.5625,
aeqkad_nu0.1,window,full,fidelity,False,True,16,0.1,25,0,False,iid,0.1,0,s046,8,27.250000000000004,20.869565217391305,4.0,81.5,56,38,36,2,0,6,0.72,6.37109375,54,3,34,0,13,1631,256,16,0,0,1,9.0625,100.0
aeqkad_nu0.1,window,full,fidelity,False,True,16,0.1,25,0,False,iid,0.1,1,s046,2,15.750000000000004,11.521739130434785,2.0,83.5,56,51,49,2,0,6,0.98,12.171875,54,1,41,0,2,3116,256,16,0,0,2,7.625,
aeqkad_nu0.1,window,full,fidelity,False,True,16,0.1,25,0,False,iid,0.1,1,s046,3,17.500000000000004,10.434782608695654,0.0,89.5,56,50,46,4,0,6,0.92,8.80859375,54,3,43,0,1,2255,256,16,0,0,1,9.375,
aeqkad_nu0.1,window,full,fidelity,False,True,16,0.1,25,0,False,iid,0.1,1,s046,4,28.249999999999996,17.445652173913043,0.0,88.0,56,45,41,4,0,6,0.82,9.1015625,56,2,42,0,9,2330,256,16,0,0,1,9.0,
aeqkad_nu0.1,window,full,fidelity,False,True,16,0.1,25,0,False,iid,0.1,1,s046,5,26.75,22.1195652173913,0.0,91.0,56,51,47,4,0,6,0.94,8.68359375,55,1,45,0,3,2223,256,16,0,0,0,9.5625,
aeqkad_nu0.1,window,full,fidelity,False,True,16,0.1,25,0,False,iid,0.1,1,s046,6,21.499999999999996,10.434782608695654,0.0,87.0,56,48,46,2,0,6,0.92,7.37109375,56,2,45,0,6,1887,256,16,0,0,0,7.8125,
aeqkad_nu0.1,window,full,fidelity,False,True,16,0.1,25,0,False,iid,0.1,1,s046,7,48.5,53.75,8.0,81.0,56,6,6,0,0,6,0.12,6.6328125,51,15,12,0,30,1698,256,16,0,0,0,40.875,
aeqkad_nu0.1,window,full,fidelity,False,True,16,0.1,25,0,False,iid,0.1,1,s046,8,29.75,18.532608695652172,4.0,89.5,56,36,35,1,0,6,0.7,6.234375,54,2,27,0,16,1596,256,16,0,0,0,9.9375,100.0
aeqkad_nu0.1,window,full,fidelity,False,True,16,0.1,25,0,False,iid,0.1,2,s046,2,23.25,10.434782608695654,2.0,73.0,56,46,45,1,0,6,0.9,11.6640625,53,4,44,0,3,2986,256,16,0,0,1,10.4375,
aeqkad_nu0.1,window,full,fidelity,False,True,16,0.1,25,0,False,iid,0.1,2,s046,3,21.749999999999996,14.021739130434785,4.0,86.0,56,42,41,1,0,6,0.82,7.99609375,52,3,46,0,7,2047,256,16,0,0,1,10.5,
aeqkad_nu0.1,window,full,fidelity,False,True,16,0.1,25,0,False,iid,0.1,2,s046,4,28.000000000000004,17.445652173913043,0.0,86.0,56,44,40,4,0,6,0.8,8.88671875,56,2,50,0,10,2275,256,16,0,0,1,9.875,
aeqkad_nu0.1,window,full,fidelity,False,True,16,0.1,25,0,False,iid,0.1,2,s046,5,28.500000000000004,17.445652173913043,0.0,85.0,56,43,41,2,0,6,0.82,8.03515625,54,2,48,0,9,2057,256,16,0,0,0,11.6875,
aeqkad_nu0.1,window,full,fidelity,False,True,16,0.1,25,0,False,iid,0.1,2,s046,6,16.500000000000004,12.771739130434783,2.0,75.5,56,44,43,1,0,6,0.86,6.27734375,52,2,48,0,6,1607,256,16,0,0,0,7.875,
aeqkad_nu0.1,window,full,fidelity,False,True,16,0.1,25,0,False,iid,0.1,2,s046,7,55.750000000000014,58.097826086956516,34.0,64.0,56,2,2,0,0,6,0.04,5.19921875,39,12,18,0,25,1331,256,16,0,0,0,56.25,
aeqkad_nu0.1,window,full,fidelity,False,True,16,0.1,25,0,False,iid,0.1,2,s046,8,41.25,47.66304347826087,12.0,72.0,56,6,3,3,0,6,0.06,6.015625,49,3,36,0,40,1540,256,16,0,0,3,72.75,96.0
aeqkad_nu0.2,window,full,fidelity,False,True,16,0.2,25,0,False,iid,0.1,0,s046,2,19.749999999999996,17.445652173913043,2.0,69.0,56,52,49,3,0,6,0.98,12.125,53,1,45,0,0,3104,256,16,0,0,3,8.5,
aeqkad_nu0.2,window,full,fidelity,False,True,16,0.2,25,0,False,iid,0.1,0,s046,3,28.500000000000004,19.782608695652172,0.0,84.0,56,49,46,3,0,6,0.92,9.078125,55,3,45,0,3,2324,256,16,0,0,0,8.875,
aeqkad_nu0.2,window,full,fidelity,False,True,16,0.2,25,0,False,iid,0.1,0,s046,4,29.500000000000004,20.869565217391305,0.0,86.5,56,43,40,3,0,6,0.8,8.89453125,56,0,45,0,13,2277,256,16,0,0,1,9.8125,
aeqkad_nu0.2,window,full,fidelity,False,True,16,0.2,25,0,False,iid,0.1,0,s046,5,26.25,15.108695652173914,2.0,87.5,56,46,45,1,0,6,0.9,7.9296875,55,4,44,0,5,2030,256,16,0,0,0,10.5,
aeqkad_nu0.2,window,full,fidelity,False,True,16,0.2,25,0,False,iid,0.1,0,s046,6,21.749999999999996,10.434782608695654,0.0,76.5,56,45,45,0,0,6,0.9,6.9296875,55,2,45,0,8,1774,256,16,0,0,0,8.4375,
aeqkad_nu0.2,window,full,fidelity,False,True,16,0.2,25,0,False,iid,0.1,0,s046,7,51.5,47.66304347826087,18.0,74.5,56,9,8,1,0,6,0.16,6.08203125,46,7,21,0,30,1557,256,16,0,0,1,31.5625,
aeqkad_nu0.2,window,full,fidelity,False,True,16,0.2,25,0,False,iid,0.1,0,s046,8,26.75,20.869565217391305,4.0,81.5,56,38,36,2,0,6,0.72,6.50390625,54,3,34,0,13,1665,256,16,0,0,1,9.0625,100.0
aeqkad_nu0.2,window,full,fidelity,False,True,16,0.2,25,0,False,iid,0.1,1,s046,2,15.750000000000004,11.521739130434785,2.0,83.5,56,51,49,2,0,6,0.98,12.1953125,54,1,41,0,2,3122,256,16,0,0,2,7.625,
aeqkad_nu0.2,window,full,fidelity,False,True,16,0.2,25,0,False,iid,0.1,1,s046,3,17.500000000000004,10.434782608695654,0.0,89.5,56,50,46,4,0,6,0.92,8.7890625,54,3,43,0,1,2250,256,16,0,0,1,9.375,
aeqkad_nu0.2,window,full,fidelity,False,True,16,0.2,25,0,False,iid,0.1,1,s046,4,28.249999999999996,17.445652173913043,0.0,88.0,56,45,41,4,0,6,0.82,9.10546875,56,2,42,0,9,2331,256,16,0,0,1,9.0,
aeqkad_nu0.2,window,full,fidelity,False,True,16,0.2,25,0,False,iid,0.1,1,s046,5,26.75,22.1195652173913,0.0,91.0,56,51,47,4,0,6,0.94,8.6640625,55,1,45,0,3,2218,256,16,0,0,0,9.5625,
aeqkad_nu0.2,window,full,fidelity,False,True,16,0.2,25,0,False,iid,0.1,1,s046,6,21.499999999999996,10.434782608695654,0.0,87.0,56,48,46,2,0,6,0.92,7.375,56,2,44,0,6,1888,256,16,0,0,0,7.8125,
aeqkad_nu0.2,window,full,fidelity,False,True,16,0.2,25,0,False,iid,0.1,1,s046,7,48.5,52.5,10.0,81.0,56,6,6,0,0,6,0.12,6.6328125,49,15,9,0,28,1698,256,16,0,0,0,40.875,
aeqkad_nu0.2,window,full,fidelity,False,True,16,0.2,25,0,False,iid,0.1,1,s046,8,29.75,18.532608695652172,4.0,89.0,56,36,35,1,0,6,0.7,6.3125,54,2,27,0,16,1616,256,16,0,0,0,9.9375,100.0
aeqkad_nu0.2,window,full,fidelity,False,True,16,0.2,25,0,False,iid,0.1,2,s046,2,23.25,10.434782608695654,2.0,73.0,56,46,45,1,0,6,0.9,11.640625,53,4,44,0,3,2980,256,16,0,0,1,10.4375,
aeqkad_nu0.2,window,full,fidelity,False,True,16,0.2,25,0,False,iid,0.1,2,s046,3,21.749999999999996,14.021739130434785,4.0,86.0,56,42,41,1,0,6,0.82,8.07421875,52,3,46,0,7,2067,256,16,0,0,1,10.5,
aeqkad_nu0.2,window,full,fidelity,False,True,16,0.2,25,0,False,iid,0.1,2,s046,4,28.000000000000004,17.445652173913043,0.0,86.0,56,44,40,4,0,6,0.8,8.88671875,56,2,50,0,10,2275,256,16,0,0,1,9.875,
aeqkad_nu0.2,window,full,fidelity,False,True,16,0.2,25,0,False,iid,0.1,2,s046,5,28.500000000000004,17.445652173913043,0.0,85.0,56,43,41,2,0,6,0.82,8.03515625,54,2,48,0,9,2057,256,16,0,0,0,11.6875,
aeqkad_nu0.2,window,full,fidelity,False,True,16,0.2,25,0,False,iid,0.1,2,s046,6,16.500000000000004,9.347826086956525,2.0,75.5,56,44,43,1,0,6,0.86,6.32421875,52,2,48,0,6,1619,256,16,0,0,0,7.875,
aeqkad_nu0.2,window,full,fidelity,False,True,16,0.2,25,0,False,iid,0.1,2,s046,7,54.0,58.097826086956516,36.0,63.5,56,2,2,0,0,6,0.04,5.0,38,11,16,0,25,1280,256,16,0,0,0,56.25,
aeqkad_nu0.2,window,full,fidelity,False,True,16,0.2,25,0,False,iid,0.1,2,s046,8,41.0,45.326086956521735,12.0,72.0,56,6,3,3,0,6,0.06,6.015625,49,3,36,0,40,1540,256,16,0,0,3,72.75,96.0
window_nu0.1,window,none,fidelity,False,True,16,0.1,25,0,False,iid,0.1,0,s047,2,20.249999999999996,4.67391304347826,4.0,72.0,56,52,48,4,0,6,0.96,12.984375,0,0,0,0,0,3324,256,16,0,0,1,8.0,
window_nu0.1,window,none,fidelity,False,True,16,0.1,25,0,False,iid,0.1,0,s047,3,29.75,25.543478260869566,6.0,73.0,56,53,47,6,0,6,0.94,13.3984375,0,0,0,0,0,3430,256,16,0,0,1,8.5625,
window_nu0.1,window,none,fidelity,False,True,16,0.1,25,0,False,iid,0.1,0,s047,4,20.749999999999996,12.771739130434783,4.0,66.0,56,52,48,4,0,6,0.96,12.3984375,0,0,0,0,0,3174,256,16,0,0,0,7.625,
window_nu0.1,window,none,fidelity,False,True,16,0.1,25,0,False,iid,0.1,0,s047,5,16.250000000000004,4.67391304347826,2.0,70.5,56,54,49,5,0,6,0.98,10.66015625,0,0,0,0,0,2729,256,16,0,0,4,7.5,
window_nu0.1,window,none,fidelity,False,True,16,0.1,25,0,False,iid,0.1,0,s047,6,30.000000000000004,23.20652173913043,2.0,76.5,56,52,49,3,0,6,0.98,10.98046875,0,0,0,0,0,2811,256,16,0,0,1,8.1875,
window_nu0.1,window,none,fidelity,False,True,16,0.1,25,0,False,iid,0.1,0,s047,7,36.0,25.543478260869566,6.0,81.0,56,52,47,5,0,6,0.94,13.28515625,0,0,0,0,0,3401,256,16,0,0,1,7.5,
window_nu0.1,window,none,fidelity,False,True,16,0.1,25,0,False,iid,0.1,0,s047,8,37.75,40.65217391304348,18.0,77.0,56,43,41,2,0,6,0.82,12.7421875,0,0,0,0,0,3262,256,16,0,0,0,8.3125,78.0
window_nu0.1,window,none,fidelity,False,True,16,0.1,25,0,False,iid,0.1,1,s047,2,21.749999999999996,5.0,4.0,76.5,56,52,48,4,0,6,0.96,12.796875,0,0,0,0,0,3276,256,16,0,0,2,8.625,
window_nu0.1,window,none,fidelity,False,True,16,0.1,25,0,False,iid,0.1,1,s047,3,26.0,10.434782608695654,4.0,81.0,56,54,48,6,0,6,0.96,13.2265625,0,0,0,0,0,3386,256,16,0,0,1,7.75,
window_nu0.1,window,none,fidelity,False,True,16,0.1,25,0,False,iid,0.1,1,s047,4,17.250000000000004,7.01086956521739,4.0,78.5,56,52,48,4,0,6,0.96,12.69921875,0,0,0,0,0,3251,256,16,0,0,1,8.5,
window_nu0.1,window,none,fidelity,False,True,16,0.1,25,0,False,iid,0.1,1,s047,5,17.750000000000004,8.260869565217389,2.0,71.5,56,52,49,3,0,6,0.98,11.1484375,0,0,0,0,0,2854,256,16,0,0,1,8.3125,
window_nu0.1,window,none,fidelity,False,True,16,0.1,25,0,False,iid,0.1,1,s047,6,36.5,25.543478260869566,2.0,83.0,56,55,49,6,0,6,0.98,11.05859375,0,0,0,0,0,2831,256,16,0,0,0,7.5,
window_nu0.1,window,none,fidelity,False,True,16,0.1,25,0,False,iid,0.1,1,s047,7,36.5,30.217391304347828,4.0,81.0,56,51,48,3,0,6,0.96,12.73828125,0,0,0,0,0,3261,256,16,0,0,1,8.375,
window_nu0.1,window,none,fidelity,False,True,16,0.1,25,0,False,iid,0.1,1,s047,8,38.25,35.97826086956522,14.000000000000002,84.5,56,47,43,4,0,6,0.86,12.4765625,0,0,0,0,0,3194,256,16,0,0,3,7.875,96.0
window_nu0.1,window,none,fidelity,False,True,16,0.1,25,0,False,iid,0.1,2,s047,2,27.500000000000004,22.1195652173913,4.0,77.0,56,54,48,6,0,6,0.96,12.80078125,0,0,0,0,0,3277,256,16,0,0,2,7.8125,
window_nu0.1,window,none,fidelity,False,True,16,0.1,25,0,False,iid,0.1,2,s047,3,28.249999999999996,17.445652173913043,6.0,77.5,56,52,47,5,0,6,0.94,13.24609375,0,0,0,0,0,3391,256,16,0,0,1,8.1875,
window_nu0.1,window,none,fidelity,False,True,16,0.1,25,0,False,iid,0.1,2,s047,4,16.000000000000004,8.097826086956525,4.0,79.0,56,54,48,6,0,6,0.96,12.8828125,0,0,0,0,0,3298,256,16,0,0,1,7.5,
window_nu0.1,window,none,fidelity,False,True,16,0.1,25,0,False,iid,0.1,2,s047,5,17.750000000000004,10.434782608695654,2.0,64.0,56,51,49,2,0,6,0.98,10.59765625,0,0,0,0,0,2713,256,16,0,0,1,8.5625,
window_nu0.1,window,none,fidelity,False,True,16,0.1,25,0,False,iid,0.1,2,s047,6,32.25,24.456521739130434,2.0,77.5,56,54,49,5,0,6,0.98,10.890625,0,0,0,0,0,2788,256,16,0,0,0,7.5,
window_nu0.1,window,none,fidelity,False,True,16,0.1,25,0,False,iid,0.1,2,s047,7,40.0,30.217391304347828,10.0,84.0,56,49,45,4,0,6,0.9,12.98828125,0,0,0,0,0,3325,256,16,0,0,1,8.375,
window_nu0.1,window,none,fidelity,False,True,16,0.1,25,0,False,iid,0.1,2,s047,8,38.0,30.217391304347828,18.0,81.0,56,46,41,5,0,6,0.82,12.68359375,0,0,0,0,0,3247,256,16,0,0,2,8.3125,98.0
window_nu0.2,window,none,fidelity,False,True,16,0.2,25,0,False,iid,0.1,0,s047,2,20.249999999999996,4.67391304347826,4.0,72.0,56,52,48,4,0,6,0.96,12.984375,0,0,0,0,0,3324,256,16,0,0,1,8.0,
window_nu0.2,window,none,fidelity,False,True,16,0.2,25,0,False,iid,0.1,0,s047,3,29.75,25.543478260869566,6.0,73.0,56,53,47,6,0,6,0.94,13.375,0,0,0,0,0,3424,256,16,0,0,1,8.5625,
window_nu0.2,window,none,fidelity,False,True,16,0.2,25,0,False,iid,0.1,0,s047,4,20.749999999999996,12.771739130434783,4.0,66.0,56,52,48,4,0,6,0.96,12.3984375,0,0,0,0,0,3174,256,16,0,0,0,7.625,
window_nu0.2,window,none,fidelity,False,True,16,0.2,25,0,False,iid,0.1,0,s047,5,16.250000000000004,4.67391304347826,2.0,70.5,56,54,49,5,0,6,0.98,10.63671875,0,0,0,0,0,2723,256,16,0,0,4,7.5,
window_nu0.2,window,none,fidelity,False,True,16,0.2,25,0,False,iid,0.1,0,s047,6,30.000000000000004,23.20652173913043,2.0,76.5,56,52,49,3,0,6,0.98,10.98046875,0,0,0,0,0,2811,256,16,0,0,1,8.1875,
window_nu0.2,window,none,fidelity,False,True,16,0.2,25,0,False,iid,0.1,0,s047,7,36.0,24.456521739130434,6.0,81.0,56,52,47,5,0,6,0.94,13.26171875,0,0,0,0,0,3395,256,16,0,0,1,7.5,
window_nu0.2,window,none,fidelity,False,True,16,0.2,25,0,False,iid,0.1,0,s047,8,37.75,40.65217391304348,18.0,77.0,56,43,41,2,0,6,0.82,12.7421875,0,0,0,0,0,3262,256,16,0,0,0,8.3125,78.0
window_nu0.2,window,none,fidelity,False,True,16,0.2,25,0,False,iid,0.1,1,s047,2,21.749999999999996,5.0,4.0,76.5,56,52,48,4,0,6,0.96,12.796875,0,0,0,0,0,3276,256,16,0,0,2,8.625,
window_nu0.2,window,none,fidelity,False,True,16,0.2,25,0,False,iid,0.1,1,s047,3,26.0,10.434782608695654,4.0,81.0,56,54,48,6,0,6,0.96,13.2265625,0,0,0,0,0,3386,256,16,0,0,1,7.75,
window_nu0.2,window,none,fidelity,False,True,16,0.2,25,0,False,iid,0.1,1,s047,4,17.250000000000004,7.01086956521739,4.0,78.5,56,52,48,4,0,6,0.96,12.72265625,0,0,0,0,0,3257,256,16,0,0,1,8.5,
window_nu0.2,window,none,fidelity,False,True,16,0.2,25,0,False,iid,0.1,1,s047,5,17.750000000000004,8.260869565217389,2.0,71.5,56,52,49,3,0,6,0.98,11.1484375,0,0,0,0,0,2854,256,16,0,0,1,8.3125,
window_nu0.2,window,none,fidelity,False,True,16,0.2,25,0,False,iid,0.1,1,s047,6,36.5,25.543478260869566,2.0,83.0,56,55,49,6,0,6,0.98,11.109375,0,0,0,0,0,2844,256,16,0,0,0,7.5,
window_nu0.2,window,none,fidelity,False,True,16,0.2,25,0,False,iid,0.1,1,s047,7,36.5,30.217391304347828,4.0,81.0,56,51,48,3,0,6,0.96,12.73828125,0,0,0,0,0,3261,256,16,0,0,1,8.375,
window_nu0.2,window,none,fidelity,False,True,16,0.2,25,0,False,iid,0.1,1,s047,8,38.25,35.97826086956522,14.000000000000002,84.5,56,47,43,4,0,6,0.86,12.47265625,0,0,0,0,0,3193,256,16,0,0,3,7.875,96.0
window_nu0.2,window,none,fidelity,False,True,16,0.2,25,0,False,iid,0.1,2,s047,2,27.500000000000004,22.1195652173913,4.0,77.0,56,54,48,6,0,6,0.96,12.80078125,0,0,0,0,0,3277,256,16,0,0,2,7.8125,
window_nu0.2,window,none,fidelity,False,True,16,0.2,25,0,False,iid,0.1,2,s047,3,28.249999999999996,17.445652173913043,6.0,76.0,56,52,47,5,0,6,0.94,13.24609375,0,0,0,0,0,3391,256,16,0,0,1,8.1875,
window_nu0.2,window,none,fidelity,False,True,16,0.2,25,0,False,iid,0.1,2,s047,4,16.000000000000004,8.097826086956525,4.0,79.0,56,54,48,6,0,6,0.96,12.8125,0,0,0,0,0,3280,256,16,0,0,1,7.5,
window_nu0.2,window,none,fidelity,False,True,16,0.2,25,0,False,iid,0.1,2,s047,5,17.750000000000004,10.434782608695654,2.0,64.0,56,51,49,2,0,6,0.98,10.6484375,0,0,0,0,0,2726,256,16,0,0,1,8.5625,
window_nu0.2,window,none,fidelity,False,True,16,0.2,25,0,False,iid,0.1,2,s047,6,33.5,25.543478260869566,2.0,77.5,56,54,49,5,0,6,0.98,10.890625,0,0,0,0,0,2788,256,16,0,0,0,7.5,
window_nu0.2,window,none,fidelity,False,True,16,0.2,25,0,False,iid,0.1,2,s047,7,39.75,30.217391304347828,10.0,84.0,56,49,45,4,0,6,0.9,12.98828125,0,0,0,0,0,3325,256,16,0,0,1,8.375,
window_nu0.2,window,none,fidelity,False,True,16,0.2,25,0,False,iid,0.1,2,s047,8,38.0,30.217391304347828,18.0,81.0,56,46,41,5,0,6,0.82,12.68359375,0,0,0,0,0,3247,256,16,0,0,2,8.3125,98.0
aeqkad_nu0.1,window,full,fidelity,False,True,16,0.1,25,0,False,iid,0.1,0,s047,2,18.500000000000004,4.83695652173913,4.0,70.5,56,39,39,0,0,6,0.78,12.171875,52,11,0,0,2,3116,256,16,0,0,0,14.1875,
aeqkad_nu0.1,window,full,fidelity,False,True,16,0.1,25,0,False,iid,0.1,0,s047,3,30.000000000000004,25.543478260869566,12.0,69.0,56,41,37,4,0,6,0.74,12.25390625,50,7,0,0,2,3137,256,16,0,0,0,9.625,
aeqkad_nu0.1,window,full,fidelity,False,True,16,0.1,25,0,False,iid,0.1,0,s047,4,18.500000000000004,10.434782608695654,4.0,66.5,56,50,46,4,0,6,0.92,12.421875,52,2,0,0,0,3180,256,16,0,0,0,7.625,
aeqkad_nu0.1,window,full,fidelity,False,True,16,0.1,25,0,False,iid,0.1,0,s047,5,14.000000000000002,3.423913043478259,4.0,69.0,56,44,42,2,0,6,0.84,9.203125,52,5,0,0,3,2356,256,16,0,0,1,9.125,
aeqkad_nu0.1,window,full,fidelity,False,True,16,0.1,25,0,False,iid,0.1,0,s047,6,40.0,26.6304347826087,12.0,67.5,56,33,32,1,0,6,0.64,9.453125,47,9,0,0,5,2420,256,16,0,0,0,9.8125,
aeqkad_nu0.1,window,full,fidelity,False,True,16,0.1,25,0,False,iid,0.1,0,s047,7,37.75,34.891304347826086,8.0,79.0,56,39,36,3,0,6,0.72,12.1171875,51,11,0,0,1,3102,256,16,0,0,0,9.75,
aeqkad_nu0.1,window,full,fidelity,False,True,16,0.1,25,0,False,iid,0.1,0,s047,8,43.99999999999999,38.315217391304344,18.0,71.0,56,26,25,1,0,6,0.5,10.9609375,44,14,0,0,4,2806,256,16,0,0,0,9.8125,76.0
aeqkad_nu0.1,window,full,fidelity,False,True,16,0.1,25,0,False,iid,0.1,1,s047,2,27.0,15.108695652173914,4.0,71.0,56,41,39,2,0,6,0.78,12.27734375,51,8,0,0,2,3143,256,16,0,0,1,15.0625,
aeqkad_nu0.1,window,full,fidelity,False,True,16,0.1,25,0,False,iid,0.1,1,s047,3,25.75,16.358695652173914,10.0,77.0,56,42,39,3,0,6,0.78,12.2890625,51,8,0,0,1,3146,256,16,0,0,1,8.625,
aeqkad_nu0.1,window,full,fidelity,False,True,16,0.1,25,0,False,iid,0.1,1,s047,4,19.499999999999996,8.097826086956525,4.0,69.5,56,43,43,0,0,6,0.86,11.88671875,52,5,0,0,4,3043,256,16,0,0,0,11.6875,
aeqkad_nu0.1,window,full,fidelity,False,True,16,0.1,25,0,False,iid,0.1,1,s047,5,14.250000000000002,8.260869565217389,4.0,68.5,56,42,41,1,0,6,0.82,9.515625,51,3,0,0,6,2436,256,16,0,0,1,8.4375,
aeqkad_nu0.1,window,full,fidelity,False,True,16,0.1,25,0,False,iid,0.1,1,s047,6,38.25,27.8804347826087,8.0,68.5,56,34,32,2,0,6,0.64,9.39453125,49,9,0,0,6,2405,256,16,0,0,0,8.5,
aeqkad_nu0.1,window,full,fidelity,False,True,16,0.1,25,0,False,iid,0.1,1,s047,7,38.25,38.15217391304348,6.0,79.0,56,41,38,3,0,6,0.76,11.91796875,51,7,0,0,3,3051,256,16,0,0,1,9.9375,
aeqkad_nu0.1,window,full,fidelity,False,True,16,0.1,25,0,False,iid,0.1,1,s047,8,47.5,42.98913043478261,14.000000000000002,74.0,56,26,25,1,0,6,0.5,10.5078125,47,16,0,0,5,2690,256,16,0,0,1,10.625,94.0
aeqkad_nu0.1,window,full,fidelity,False,True,16,0.1,25,0,False,iid,0.1,2,s047,2,24.75,10.434782608695654,4.0,73.0,56,41,40,1,0,6,0.8,12.53125,54,12,0,0,1,3208,256,16,0,0,1,12.5625,
aeqkad_nu0.1,window,full,fidelity,False,True,16,0.1,25,0,False,iid,0.1,2,s047,3,31.999999999999996,24.293478260869566,10.0,72.5,56,43,39,4,0,6,0.78,12.6953125,50,7,0,0,0,3250,256,16,0,0,0,10.0625,
aeqkad_nu0.1,window,full,fidelity,False,True,16,0.1,25,0,False,iid,0.1,2,s047,4,21.499999999999996,8.097826086956525,4.0,72.0,56,47,46,1,0,6,0.92,12.08203125,53,5,0,0,1,3093,256,16,0,0,1,7.5,
aeqkad_nu0.1,window,full,fidelity,False,True,16,0.1,25,0,False,iid,0.1,2,s047,5,18.250000000000004,9.347826086956525,4.0,63.0,56,42,42,0,0,6,0.84,9.66015625,50,5,0,0,3,2473,256,16,0,0,0,8.9375,
aeqkad_nu0.1,window,full,fidelity,False,True,16,0.1,25,0,False,iid,0.1,2,s047,6,36.75,24.293478260869566,10.0,65.5,56,35,32,3,0,6,0.64,9.16015625,50,10,0,0,5,2345,256,16,0,0,1,7.625,
aeqkad_nu0.1,window,full,fidelity,False,True,16,0.1,25,0,False,iid,0.1,2,s047,7,38.25,39.565217391304344,8.0,82.5,56,36,35,1,0,6,0.7,12.0078125,49,12,0,0,1,3074,256,16,0,0,1,9.0625,
aeqkad_nu0.1,window,full,fidelity,False,True,16,0.1,25,0,False,iid,0.1,2,s047,8,46.0,42.98913043478261,20.0,80.5,56,33,30,3,0,6,0.6,12.24609375,45,11,0,0,1,3135,256,16,0,0,1,9.375,96.0
aeqkad_nu0.2,window,full,fidelity,False,True,16,0.2,25,0,False,iid,0.1,0,s047,2,18.500000000000004,4.83695652173913,4.0,70.5,56,39,39,0,0,6,0.78,12.17578125,52,11,0,0,2,3117,256,16,0,0,0,14.1875,
aeqkad_nu0.2,window,full,fidelity,False,True,16,0.2,25,0,False,iid,0.1,0,s047,3,30.000000000000004,25.543478260869566,12.0,69.0,56,41,37,4,0,6,0.74,12.23046875,50,7,0,0,2,3131,256,16,0,0,0,9.625,
aeqkad_nu0.2,window,full,fidelity,False,True,16,0.2,25,0,False,iid,0.1,0,s047,4,18.500000000000004,10.434782608695654,4.0,66.5,56,50,46,4,0,6,0.92,12.421875,52,2,0,0,0,3180,256,16,0,0,0,7.625,
aeqkad_nu0.2,window,full,fidelity,False,True,16,0.2,25,0,False,iid,0.1,0,s047,5,14.000000000000002,3.423913043478259,4.0,69.0,56,44,42,2,0,6,0.84,9.203125,52,5,0,0,3,2356,256,16,0,0,1,9.125,
aeqkad_nu0.2,window,full,fidelity,False,True,16,0.2,25,0,False,iid,0.1,0,s047,6,38.25,26.6304347826087,12.0,66.0,56,32,31,1,0,6,0.62,9.4453125,47,10,0,0,5,2418,256,16,0,0,0,10.0,
aeqkad_nu0.2,window,full,fidelity,False,True,16,0.2,25,0,False,iid,0.1,0,s047,7,39.75,38.47826086956522,8.0,79.0,56,39,36,3,0,6,0.72,12.31640625,51,12,0,0,0,3153,256,16,0,0,0,9.75,
aeqkad_nu0.2,window,full,fidelity,False,True,16,0.2,25,0,False,iid,0.1,0,s047,8,43.25,38.315217391304344,18.0,69.5,56,26,25,1,0,6,0.5,10.7578125,44,14,0,0,4,2754,256,16,0,0,0,9.8125,76.0
aeqkad_nu0.2,window,full,fidelity,False,True,16,0.2,25,0,False,iid,0.1,1,s047,2,26.75,15.108695652173914,4.0,71.0,56,41,39,2,0,6,0.78,12.27734375,51,8,0,0,2,3143,256,16,0,0,1,15.0625,
aeqkad_nu0.2,window,full,fidelity,False,True,16,0.2,25,0,False,iid,0.1,1,s047,3,25.75,16.358695652173914,10.0,77.0,56,42,39,3,0,6,0.78,12.29296875,51,8,0,0,1,3147,256,16,0,0,1,8.625,
aeqkad_nu0.2,window,full,fidelity,False,True,16,0.2,25,0,False,iid,0.1,1,s047,4,19.499999999999996,8.097826086956525,4.0,69.5,56,43,43,0,0,6,0.86,11.91015625,52,5,0,0,4,3049,256,16,0,0,0,11.6875,
aeqkad_nu0.2,window,full,fidelity,False,True,16,0.2,25,0,False,iid,0.1,1,s047,5,14.250000000000002,8.260869565217389,4.0,68.5,56,42,41,1,0,6,0.82,9.515625,51,3,0,0,6,2436,256,16,0,0,1,8.4375,
aeqkad_nu0.2,window,full,fidelity,False,True,16,0.2,25,0,False,iid,0.1,1,s047,6,38.25,27.8804347826087,8.0,68.5,56,34,32,2,0,6,0.64,9.39453125,49,9,0,0,6,2405,256,16,0,0,0,8.5,
aeqkad_nu0.2,window,full,fidelity,False,True,16,0.2,25,0,False,iid,0.1,1,s047,7,38.0,38.15217391304348,6.0,79.0,56,41,38,3,0,6,0.76,11.9921875,51,7,0,0,3,3070,256,16,0,0,1,9.9375,
aeqkad_nu0.2,window,full,fidelity,False,True,16,0.2,25,0,False,iid,0.1,1,s047,8,47.5,42.98913043478261,14.000000000000002,74.0,56,26,25,1,0,6,0.5,10.5078125,47,16,0,0,5,2690,256,16,0,0,1,10.625,94.0
aeqkad_nu0.2,window,full,fidelity,False,True,16,0.2,25,0,False,iid,0.1,2,s047,2,24.75,10.434782608695654,4.0,73.0,56,41,40,1,0,6,0.8,12.53125,54,12,0,0,1,3208,256,16,0,0,1,12.5625,
aeqkad_nu0.2,window,full,fidelity,False,True,16,0.2,25,0,False,iid,0.1,2,s047,3,31.999999999999996,24.293478260869566,10.0,72.5,56,43,39,4,0,6,0.78,12.703125,50,7,0,0,0,3252,256,16,0,0,0,10.0625,
aeqkad_nu0.2,window,full,fidelity,False,True,16,0.2,25,0,False,iid,0.1,2,s047,4,21.499999999999996,8.097826086956525,4.0,72.0,56,47,46,1,0,6,0.92,12.10546875,53,5,0,0,1,3099,256,16,0,0,1,7.5,
aeqkad_nu0.2,window,full,fidelity,False,True,16,0.2,25,0,False,iid,0.1,2,s047,5,18.250000000000004,9.347826086956525,4.0,63.0,56,42,42,0,0,6,0.84,9.6875,50,5,0,0,3,2480,256,16,0,0,0,8.9375,
aeqkad_nu0.2,window,full,fidelity,False,True,16,0.2,25,0,False,iid,0.1,2,s047,6,36.75,24.293478260869566,10.0,65.5,56,35,32,3,0,6,0.64,9.16015625,50,10,0,0,5,2345,256,16,0,0,1,7.625,
aeqkad_nu0.2,window,full,fidelity,False,True,16,0.2,25,0,False,iid,0.1,2,s047,7,38.25,39.565217391304344,8.0,82.5,56,36,35,1,0,6,0.7,12.03125,49,12,0,0,1,3080,256,16,0,0,1,9.0625,
aeqkad_nu0.2,window,full,fidelity,False,True,16,0.2,25,0,False,iid,0.1,2,s047,8,46.0,42.98913043478261,20.0,80.5,56,33,30,3,0,6,0.6,12.1953125,45,11,0,0,1,3122,256,16,0,0,1,9.375,96.0
window_nu0.1,window,none,fidelity,False,True,16,0.1,25,0,False,iid,0.1,0,s048,2,11.75,7.01086956521739,0.0,60.0,56,55,50,5,0,6,1.0,12.48046875,0,0,0,0,0,3195,256,16,0,0,1,7.5,
window_nu0.1,window,none,fidelity,False,True,16,0.1,25,0,False,iid,0.1,0,s048,3,19.749999999999996,20.869565217391305,2.0,67.0,56,53,49,4,0,6,0.98,11.11328125,0,0,0,0,0,2845,256,16,0,0,1,7.5,
window_nu0.1,window,none,fidelity,False,True,16,0.1,25,0,False,iid,0.1,0,s048,4,18.250000000000004,7.17391304347826,4.0,67.0,56,53,48,5,0,6,0.96,12.41015625,0,0,0,0,0,3177,256,16,0,0,2,9.625,
window_nu0.1,window,none,fidelity,False,True,16,0.1,25,0,False,iid,0.1,0,s048,5,18.250000000000004,8.097826086956525,4.0,60.0,56,51,48,3,0,6,0.96,11.20703125,0,0,0,0,0,2869,256,16,0,0,0,8.375,
window_nu0.1,window,none,fidelity,False,True,16,0.1,25,0,False,iid,0.1,0,s048,6,11.75,1.25,0.0,63.5,56,53,50,3,0,6,1.0,10.52734375,0,0,0,0,0,2695,256,16,0,0,1,8.4375,
window_nu0.1,window,none,fidelity,False,True,16,0.1,25,0,False,iid,0.1,0,s048,7,16.000000000000004,8.097826086956525,4.0,70.5,56,53,48,5,0,6,0.96,11.62109375,0,0,0,0,0,2975,256,16,0,0,1,7.5,
window_nu0.1,window,none,fidelity,False,True,16,0.1,25,0,False,iid,0.1,0,s048,8,17.500000000000004,10.434782608695654,2.0,57.99999999999999,56,53,49,4,0,6,0.98,9.3046875,0,0,0,0,0,2382,256,16,0,0,1,8.375,90.0
window_nu0.1,window,none,fidelity,False,True,16,0.1,25,0,False,iid,0.1,1,s048,2,10.0,4.67391304347826,0.0,66.5,56,55,50,5,0,6,1.0,12.40625,0,0,0,0,0,3176,256,16,0,0,3,7.5,
window_nu0.1,window,none,fidelity,False,True,16,0.1,25,0,False,iid,0.1,1,s048,3,18.000000000000004,6.847826086956524,2.0,67.5,56,54,49,5,0,6,0.98,11.32421875,0,0,0,0,0,2899,256,16,0,0,1,7.5,
window_nu0.1,window,none,fidelity,False,True,16,0.1,25,0,False,iid,0.1,1,s048,4,20.749999999999996,10.434782608695654,4.0,64.5,56,51,48,3,0,6,0.96,11.87890625,0,0,0,0,0,3041,256,16,0,0,1,10.125,
window_nu0.1,window,none,fidelity,False,True,16,0.1,25,0,False,iid,0.1,1,s048,5,17.250000000000004,7.01086956521739,4.0,63.0,56,52,48,4,0,6,0.96,10.84375,0,0,0,0,0,2776,256,16,0,0,3,7.5,
window_nu0.1,window,none,fidelity,False,True,16,0.1,25,0,False,iid,0.1,1,s048,6,14.750000000000002,9.184782608695654,0.0,68.5,56,51,50,1,0,6,1.0,10.97265625,0,0,0,0,0,2809,256,16,0,0,0,8.6875,
window_nu0.1,window,none,fidelity,False,True,16,0.1,25,0,False,iid,0.1,1,s048,7,15.250000000000002,4.67391304347826,4.0,69.5,56,52,48,4,0,6,0.96,11.3203125,0,0,0,0,0,2898,256,16,0,0,1,7.5,
window_nu0.1,window,none,fidelity,False,True,16,0.1,25,0,False,iid,0.1,1,s048,8,12.25,5.760869565217389,0.0,66.0,56,55,50,5,0,6,1.0,10.13671875,0,0,0,0,0,2595,256,16,0,0,3,7.5,4.0
window_nu0.1,window,none,fidelity,False,True,16,0.1,25,0,False,iid,0.1,2,s048,2,15.750000000000004,6.847826086956524,0.0,67.0,56,54,50,4,0,6,1.0,12.515625,0,0,0,0,0,3204,256,16,0,0,2,7.5,
window_nu0.1,window,none,fidelity,False,True,16,0.1,25,0,False,iid,0.1,2,s048,3,15.250000000000002,10.434782608695654,2.0,68.0,56,51,49,2,0,6,0.98,10.98046875,0,0,0,0,0,2811,256,16,0,0,0,7.5,
window_nu0.1,window,none,fidelity,False,True,16,0.1,25,0,False,iid,0.1,2,s048,4,16.75,10.434782608695654,4.0,76.0,56,52,48,4,0,6,0.96,12.02734375,0,0,0,0,0,3079,256,16,0,0,0,9.5,
window_nu0.1,window,none,fidelity,False,True,16,0.1,25,0,False,iid,0.1,2,s048,5,16.500000000000004,1.25,4.0,69.0,56,53,48,5,0,6,0.96,10.96875,0,0,0,0,0,2808,256,16,0,0,1,7.5,
window_nu0.1,window,none,fidelity,False,True,16,0.1,25,0,False,iid,0.1,2,s048,6,14.250000000000002,8.097826086956525,0.0,65.5,56,53,50,3,0,6,1.0,10.55859375,0,0,0,0,0,2703,256,16,0,0,2,8.75,
window_nu0.1,window,none,fidelity,False,True,16,0.1,25,0,False,iid,0.1,2,s048,7,13.5,7.01086956521739,2.0,70.0,56,52,49,3,0,6,0.98,11.40234375,0,0,0,0,0,2919,256,16,0,0,3,7.625,
window_nu0.1,window,none,fidelity,False,True,16,0.1,25,0,False,iid,0.1,2,s048,8,16.250000000000004,9.347826086956525,0.0,68.5,56,56,50,6,0,6,1.0,10.73046875,0,0,0,0,0,2747,256,16,0,0,2,7.5,94.0
window_nu0.2,window,none,fidelity,False,True,16,0.2,25,0,False,iid,0.1,0,s048,2,11.75,7.01086956521739,0.0,60.0,56,55,50,5,0,6,1.0,12.50390625,0,0,0,0,0,3201,256,16,0,0,1,7.5,
window_nu0.2,window,none,fidelity,False,True,16,0.2,25,0,False,iid,0.1,0,s048,3,19.749999999999996,20.869565217391305,2.0,67.0,56,53,49,4,0,6,0.98,11.1171875,0,0,0,0,0,2846,256,16,0,0,1,7.5,
window_nu0.2,window,none,fidelity,False,True,16,0.2,25,0,False,iid,0.1,0,s048,4,18.250000000000004,7.17391304347826,4.0,67.0,56,53,48,5,0,6,0.96,12.41015625,0,0,0,0,0,3177,256,16,0,0,2,9.625,
window_nu0.2,window,none,fidelity,False,True,16,0.2,25,0,False,iid,0.1,0,s048,5,18.250000000000004,8.097826086956525,4.0,60.0,56,51,48,3,0,6,0.96,11.203125,0,0,0,0,0,2868,256,16,0,0,0,8.375,
window_nu0.2,window,none,fidelity,False,True,16,0.2,25,0,False,iid,0.1,0,s048,6,11.75,1.25,0.0,63.5,56,53,50,3,0,6,1.0,10.50390625,0,0,0,0,0,2689,256,16,0,0,1,8.4375,
window_nu0.2,window,none,fidelity,False,True,16,0.2,25,0,False,iid,0.1,0,s048,7,16.000000000000004,7.01086956521739,4.0,70.5,56,53,48,5,0,6,0.96,11.59765625,0,0,0,0,0,2969,256,16,0,0,1,7.5,
window_nu0.2,window,none,fidelity,False,True,16,0.2,25,0,False,iid,0.1,0,s048,8,17.500000000000004,10.434782608695654,2.0,57.99999999999999,56,53,49,4,0,6,0.98,9.3515625,0,0,0,0,0,2394,256,16,0,0,1,8.375,90.0
window_nu0.2,window,none,fidelity,False,True,16,0.2,25,0,False,iid,0.1,1,s048,2,10.0,4.67391304347826,0.0,66.5,56,55,50,5,0,6,1.0,12.41015625,0,0,0,0,0,3177,256,16,0,0,3,7.5,
window_nu0.2,window,none,fidelity,False,True,16,0.2,25,0,False,iid,0.1,1,s048,3,18.000000000000004,6.847826086956524,2.0,67.5,56,54,49,5,0,6,0.98,11.37109375,0,0,0,0,0,2911,256,16,0,0,1,7.5,
window_nu0.2,window,none,fidelity,False,True,16,0.2,25,0,False,iid,0.1,1,s048,4,20.749999999999996,10.434782608695654,4.0,64.5,56,51,48,3,0,6,0.96,11.8984375,0,0,0,0,0,3046,256,16,0,0,1,10.125,
window_nu0.2,window,none,fidelity,False,True,16,0.2,25,0,False,iid,0.1,1,s048,5,17.250000000000004,7.01086956521739,4.0,63.0,56,52,48,4,0,6,0.96,10.84375,0,0,0,0,0,2776,256,16,0,0,3,7.5,
window_nu0.2,window,none,fidelity,False,True,16,0.2,25,0,False,iid,0.1,1,s048,6,14.750000000000002,9.184782608695654,0.0,68.5,56,51,50,1,0,6,1.0,11.0,0,0,0,0,0,2816,256,16,0,0,0,8.6875,
window_nu0.2,window,none,fidelity,False,True,16,0.2,25,0,False,iid,0.1,1,s048,7,15.250000000000002,4.67391304347826,4.0,69.5,56,52,48,4,0,6,0.96,11.34765625,0,0,0,0,0,2905,256,16,0,0,1,7.5,
window_nu0.2,window,none,fidelity,False,True,16,0.2,25,0,False,iid,0.1,1,s048,8,12.25,5.760869565217389,0.0,66.0,56,55,50,5,0,6,1.0,10.16015625,0,0,0,0,0,2601,256,16,0,0,3,7.5,4.0
window_nu0.2,window,none,fidelity,False,True,16,0.2,25,0,False,iid,0.1,2,s048,2,15.750000000000004,6.847826086956524,0.0,67.0,56,54,50,4,0,6,1.0,12.5390625,0,0,0,0,0,3210,256,16,0,0,2,7.5,
window_nu0.2,window,none,fidelity,False,True,16,0.2,25,0,False,iid,0.1,2,s048,3,15.250000000000002,10.434782608695654,2.0,68.0,56,51,49,2,0,6,0.98,11.02734375,0,0,0,0,0,2823,256,16,0,0,0,7.5,
window_nu0.2,window,none,fidelity,False,True,16,0.2,25,0,False,iid,0.1,2,s048,4,16.75,10.434782608695654,4.0,76.0,56,52,48,4,0,6,0.96,12.05078125,0,0,0,0,0,3085,256,16,0,0,0,9.5,
window_nu0.2,window,none,fidelity,False,True,16,0.2,25,0,False,iid,0.1,2,s048,5,16.500000000000004,1.25,4.0,69.0,56,53,48,5,0,6,0.96,10.98828125,0,0,0,0,0,2813,256,16,0,0,1,7.5,
window_nu0.2,window,none,fidelity,False,True,16,0.2,25,0,False,iid,0.1,2,s048,6,14.250000000000002,8.097826086956525,0.0,65.5,56,53,50,3,0,6,1.0,10.55859375,0,0,0,0,0,2703,256,16,0,0,2,8.75,
window_nu0.2,window,none,fidelity,False,True,16,0.2,25,0,False,iid,0.1,2,s048,7,13.5,7.01086956521739,2.0,70.0,56,52,49,3,0,6,0.98,11.40234375,0,0,0,0,0,2919,256,16,0,0,3,7.625,
window_nu0.2,window,none,fidelity,False,True,16,0.2,25,0,False,iid,0.1,2,s048,8,16.250000000000004,9.347826086956525,0.0,68.5,56,56,50,6,0,6,1.0,10.75390625,0,0,0,0,0,2753,256,16,0,0,2,7.5,94.0
aeqkad_nu0.1,window,full,fidelity,False,True,16,0.1,25,0,False,iid,0.1,0,s048,2,14.000000000000002,8.097826086956525,0.0,55.50000000000001,56,49,47,2,0,6,0.94,11.4296875,55,6,0,0,0,2926,256,16,0,0,1,7.5,
aeqkad_nu0.1,window,full,fidelity,False,True,16,0.1,25,0,False,iid,0.1,0,s048,3,19.000000000000004,12.934782608695656,0.0,66.0,56,47,45,2,0,6,0.9,10.3046875,54,7,0,0,0,2638,256,16,0,0,0,8.125,
aeqkad_nu0.1,window,full,fidelity,False,True,16,0.1,25,0,False,iid,0.1,0,s048,4,16.000000000000004,10.434782608695654,4.0,60.5,56,46,44,2,0,6,0.88,11.05859375,52,5,0,0,1,2831,256,16,0,0,2,9.625,
aeqkad_nu0.1,window,full,fidelity,False,True,16,0.1,25,0,False,iid,0.1,0,s048,5,16.750000000000004,8.097826086956525,4.0,56.99999999999999,56,47,45,2,0,6,0.9,10.6953125,51,4,0,0,0,2738,256,16,0,0,0,9.25,
aeqkad_nu0.1,window,full,fidelity,False,True,16,0.1,25,0,False,iid,0.1,0,s048,6,13.0,1.25,0.0,62.0,56,51,49,2,0,6,0.98,10.19921875,53,2,0,0,0,2611,256,16,0,0,1,8.4375,
aeqkad_nu0.1,window,full,fidelity,False,True,16,0.1,25,0,False,iid,0.1,0,s048,7,13.25,2.33695652173913,4.0,66.0,56,49,47,2,0,6,0.94,11.19140625,52,2,0,0,1,2865,256,16,0,0,0,7.5625,
aeqkad_nu0.1,window,full,fidelity,False,True,16,0.1,25,0,False,iid,0.1,0,s048,8,13.750000000000002,7.01086956521739,2.0,55.50000000000001,56,50,48,2,0,6,0.96,9.15625,53,3,0,0,0,2344,256,16,0,0,0,9.4375,80.0
aeqkad_nu0.1,window,full,fidelity,False,True,16,0.1,25,0,False,iid,0.1,1,s048,2,11.75,4.67391304347826,0.0,63.0,56,52,48,4,0,6,0.96,11.84375,55,3,0,0,0,3032,256,16,0,0,2,8.0,
aeqkad_nu0.1,window,full,fidelity,False,True,16,0.1,25,0,False,iid,0.1,1,s048,3,17.250000000000004,11.684782608695654,0.0,62.5,56,44,43,1,0,6,0.86,9.7421875,54,10,0,0,0,2494,256,16,0,0,0,8.375,
aeqkad_nu0.1,window,full,fidelity,False,True,16,0.1,25,0,False,iid,0.1,1,s048,4,18.250000000000004,10.434782608695654,4.0,64.5,56,43,42,1,0,6,0.84,11.203125,51,8,0,0,0,2868,256,16,0,0,0,11.25,
aeqkad_nu0.1,window,full,fidelity,False,True,16,0.1,25,0,False,iid,0.1,1,s048,5,18.750000000000004,4.67391304347826,4.0,55.50000000000001,56,43,42,1,0,6,0.84,9.84375,52,9,0,0,0,2520,256,16,0,0,1,10.3125,
aeqkad_nu0.1,window,full,fidelity,False,True,16,0.1,25,0,False,iid,0.1,1,s048,6,14.000000000000002,7.01086956521739,0.0,60.5,56,49,49,0,0,6,0.98,10.15234375,51,2,0,0,0,2599,256,16,0,0,0,8.6875,
aeqkad_nu0.1,window,full,fidelity,False,True,16,0.1,25,0,False,iid,0.1,1,s048,7,14.000000000000002,2.33695652173913,2.0,67.5,56,48,46,2,0,6,0.92,10.703125,53,5,0,0,0,2740,256,16,0,0,1,7.5625,
aeqkad_nu0.1,window,full,fidelity,False,True,16,0.1,25,0,False,iid,0.1,1,s048,8,10.499999999999998,3.58695652173913,0.0,63.0,56,48,47,1,0,6,0.94,8.80078125,54,5,0,0,1,2253,256,16,0,0,0,10.25,6.0
aeqkad_nu0.1,window,full,fidelity,False,True,16,0.1,25,0,False,iid,0.1,2,s048,2,15.000000000000002,8.097826086956525,0.0,64.0,56,50,49,1,0,6,0.98,12.00390625,53,3,0,0,0,3073,256,16,0,0,0,8.0625,
aeqkad_nu0.1,window,full,fidelity,False,True,16,0.1,25,0,False,iid,0.1,2,s048,3,16.75,9.347826086956525,0.0,65.5,56,46,45,1,0,6,0.9,9.984375,53,7,0,0,0,2556,256,16,0,0,0,7.5,
aeqkad_nu0.1,window,full,fidelity,False,True,16,0.1,25,0,False,iid,0.1,2,s048,4,16.250000000000004,5.923913043478259,4.0,72.0,56,46,45,1,0,6,0.9,11.28125,51,3,0,0,2,2888,256,16,0,0,0,9.5,
aeqkad_nu0.1,window,full,fidelity,False,True,16,0.1,25,0,False,iid,0.1,2,s048,5,18.500000000000004,2.33695652173913,4.0,63.0,56,49,45,4,0,6,0.9,10.40625,53,4,0,0,0,2664,256,16,0,0,1,8.375,
aeqkad_nu0.1,window,full,fidelity,False,True,16,0.1,25,0,False,iid,0.1,2,s048,6,12.0,9.347826086956525,0.0,63.5,56,50,49,1,0,6,0.98,10.1640625,54,4,0,0,0,2602,256,16,0,0,1,8.9375,
aeqkad_nu0.1,window,full,fidelity,False,True,16,0.1,25,0,False,iid,0.1,2,s048,7,13.25,8.097826086956525,2.0,67.0,56,49,47,2,0,6,0.94,10.8828125,52,2,0,0,1,2786,256,16,0,0,2,8.25,
aeqkad_nu0.1,window,full,fidelity,False,True,16,0.1,25,0,False,iid,0.1,2,s048,8,16.250000000000004,10.434782608695654,2.0,64.5,56,51,48,3,0,6,0.96,9.78125,54,3,0,0,0,2504,256,16,0,0,2,7.5,96.0
aeqkad_nu0.2,window,full,fidelity,False,True,16,0.2,25,0,False,iid,0.1,0,s048,2,14.000000000000002,8.097826086956525,0.0,55.50000000000001,56,49,47,2,0,6,0.94,11.47265625,55,6,0,0,0,2937,256,16,0,0,1,7.5,
aeqkad_nu0.2,window,full,fidelity,False,True,16,0.2,25,0,False,iid,0.1,0,s048,3,19.000000000000004,12.934782608695656,0.0,66.0,56,47,45,2,0,6,0.9,10.37890625,54,7,0,0,0,2657,256,16,0,0,0,8.125,
aeqkad_nu0.2,window,full,fidelity,False,True,16,0.2,25,0,False,iid,0.1,0,s048,4,16.000000000000004,10.434782608695654,4.0,60.5,56,46,44,2,0,6,0.88,11.0546875,52,5,0,0,1,2830,256,16,0,0,2,9.625,
aeqkad_nu0.2,window,full,fidelity,False,True,16,0.2,25,0,False,iid,0.1,0,s048,5,16.750000000000004,8.097826086956525,4.0,56.99999999999999,56,47,45,2,0,6,0.9,10.71484375,51,4,0,0,0,2743,256,16,0,0,0,9.25,
aeqkad_nu0.2,window,full,fidelity,False,True,16,0.2,25,0,False,iid,0.1,0,s048,6,13.0,1.25,0.0,62.0,56,51,49,2,0,6,0.98,10.25,53,2,0,0,0,2624,256,16,0,0,1,8.4375,
aeqkad_nu0.2,window,full,fidelity,False,True,16,0.2,25,0,False,iid,0.1,0,s048,7,13.25,2.33695652173913,4.0,66.0,56,49,47,2,0,6,0.94,11.21484375,52,2,0,0,1,2871,256,16,0,0,0,7.5625,
aeqkad_nu0.2,window,full,fidelity,False,True,16,0.2,25,0,False,iid,0.1,0,s048,8,13.750000000000002,7.01086956521739,2.0,55.50000000000001,56,50,48,2,0,6,0.96,9.17578125,53,3,0,0,0,2349,256,16,0,0,0,9.4375,80.0
aeqkad_nu0.2,window,full,fidelity,False,True,16,0.2,25,0,False,iid,0.1,1,s048,2,11.75,4.67391304347826,0.0,63.0,56,52,48,4,0,6,0.96,11.84375,55,3,0,0,0,3032,256,16,0,0,2,8.0,
aeqkad_nu0.2,window,full,fidelity,False,True,16,0.2,25,0,False,iid,0.1,1,s048,3,17.250000000000004,11.684782608695654,0.0,62.5,56,44,43,1,0,6,0.86,9.7421875,54,10,0,0,0,2494,256,16,0,0,0,8.375,
aeqkad_nu0.2,window,full,fidelity,False,True,16,0.2,25,0,False,iid,0.1,1,s048,4,18.250000000000004,10.434782608695654,4.0,64.5,56,43,42,1,0,6,0.84,11.18359375,51,8,0,0,0,2863,256,16,0,0,0,11.25,
aeqkad_nu0.2,window,full,fidelity,False,True,16,0.2,25,0,False,iid,0.1,1,s048,5,18.750000000000004,4.67391304347826,4.0,55.50000000000001,56,43,42,1,0,6,0.84,9.84375,52,9,0,0,0,2520,256,16,0,0,1,10.3125,
aeqkad_nu0.2,window,full,fidelity,False,True,16,0.2,25,0,False,iid,0.1,1,s048,6,14.000000000000002,7.01086956521739,0.0,60.5,56,49,49,0,0,6,0.98,10.171875,51,2,0,0,0,2604,256,16,0,0,0,8.6875,
aeqkad_nu0.2,window,full,fidelity,False,True,16,0.2,25,0,False,iid,0.1,1,s048,7,14.000000000000002,2.33695652173913,2.0,67.5,56,48,46,2,0,6,0.92,10.7265625,53,5,0,0,0,2746,256,16,0,0,1,7.5625,
aeqkad_nu0.2,window,full,fidelity,False,True,16,0.2,25,0,False,iid,0.1,1,s048,8,10.499999999999998,3.58695652173913,0.0,63.0,56,48,47,1,0,6,0.94,8.8046875,54,5,0,0,1,2254,256,16,0,0,0,10.25,6.0
aeqkad_nu0.2,window,full,fidelity,False,True,16,0.2,25,0,False,iid,0.1,2,s048,2,15.000000000000002,8.097826086956525,0.0,63.5,56,50,49,1,0,6,0.98,12.00390625,53,3,0,0,0,3073,256,16,0,0,0,8.0625,
aeqkad_nu0.2,window,full,fidelity,False,True,16,0.2,25,0,False,iid,0.1,2,s048,3,16.75,9.347826086956525,0.0,65.5,56,46,45,1,0,6,0.9,10.01171875,53,7,0,0,0,2563,256,16,0,0,0,7.5,
aeqkad_nu0.2,window,full,fidelity,False,True,16,0.2,25,0,False,iid,0.1,2,s048,4,16.250000000000004,5.923913043478259,4.0,72.0,56,46,45,1,0,6,0.9,11.28125,51,3,0,0,2,2888,256,16,0,0,0,9.5,
aeqkad_nu0.2,window,full,fidelity,False,True,16,0.2,25,0,False,iid,0.1,2,s048,5,18.500000000000004,2.33695652173913,4.0,63.0,56,49,45,4,0,6,0.9,10.453125,53,4,0,0,0,2676,256,16,0,0,1,8.375,
aeqkad_nu0.2,window,full,fidelity,False,True,16,0.2,25,0,False,iid,0.1,2,s048,6,12.0,9.347826086956525,0.0,63.5,56,50,49,1,0,6,0.98,10.140625,54,4,0,0,0,2596,256,16,0,0,1,8.9375,
aeqkad_nu0.2,window,full,fidelity,False,True,16,0.2,25,0,False,iid,0.1,2,s048,7,13.25,7.01086956521739,2.0,67.5,56,49,47,2,0,6,0.94,10.9609375,52,2,0,0,1,2806,256,16,0,0,2,8.25,
aeqkad_nu0.2,window,full,fidelity,False,True,16,0.2,25,0,False,iid,0.1,2,s048,8,16.250000000000004,10.434782608695654,2.0,64.5,56,51,48,3,0,6,0.96,9.78515625,54,3,0,0,0,2505,256,16,0,0,2,7.5,96.0
window_nu0.1,window,none,fidelity,False,True,16,0.1,25,0,False,iid,0.1,0,s049,2,22.749999999999996,20.70652173913043,6.0,47.5,56,51,47,4,0,6,0.94,12.32421875,0,0,0,0,0,3155,256,16,0,0,1,7.5625,
window_nu0.1,window,none,fidelity,False,True,16,0.1,25,0,False,iid,0.1,0,s049,3,13.5,3.58695652173913,2.0,53.0,56,51,49,2,0,6,0.98,10.65234375,0,0,0,0,0,2727,256,16,0,0,0,8.1875,
window_nu0.1,window,none,fidelity,False,True,16,0.1,25,0,False,iid,0.1,0,s049,4,20.75,10.434782608695654,16.0,62.5,56,46,42,4,0,6,0.84,11.62109375,0,0,0,0,0,2975,256,16,0,0,0,8.0,
window_nu0.1,window,none,fidelity,False,True,16,0.1,25,0,False,iid,0.1,0,s049,5,19.749999999999996,7.01086956521739,8.0,76.0,56,52,46,6,0,6,0.92,9.55859375,0,0,0,0,0,2447,256,16,0,0,1,8.4375,
window_nu0.1,window,none,fidelity,False,True,16,0.1,25,0,False,iid,0.1,0,s049,6,4.499999999999997,0.0,6.0,44.0,56,48,47,1,0,6,0.94,9.08984375,0,0,0,0,0,2327,256,16,0,0,1,8.3125,
window_nu0.1,window,none,fidelity,False,True,16,0.1,25,0,False,iid,0.1,0,s049,7,13.5,1.0869565217391297,8.0,56.49999999999999,56,48,46,2,0,6,0.92,8.3359375,0,0,0,0,0,2134,256,16,0,0,1,8.1875,
window_nu0.1,window,none,fidelity,False,True,16,0.1,25,0,False,iid,0.1,0,s049,8,12.25,4.83695652173913,2.0,61.0,56,54,49,5,0,6,0.98,8.8515625,0,0,0,0,0,2266,256,16,0,0,2,7.5,92.0
window_nu0.1,window,none,fidelity,False,True,16,0.1,25,0,False,iid,0.1,1,s049,2,18.000000000000004,7.01086956521739,4.0,70.0,56,52,48,4,0,6,0.96,12.1953125,0,0,0,0,0,3122,256,16,0,0,3,7.5,
window_nu0.1,window,none,fidelity,False,True,16,0.1,25,0,False,iid,0.1,1,s049,3,9.25,2.33695652173913,2.0,63.0,56,55,49,6,0,6,0.98,10.94921875,0,0,0,0,0,2803,256,16,0,0,4,7.5,
window_nu0.1,window,none,fidelity,False,True,16,0.1,25,0,False,iid,0.1,1,s049,4,25.75,15.271739130434783,8.0,84.0,56,52,46,6,0,6,0.92,11.87890625,0,0,0,0,0,3041,256,16,0,0,1,7.9375,
window_nu0.1,window,none,fidelity,False,True,16,0.1,25,0,False,iid,0.1,1,s049,5,26.75,11.521739130434785,6.0,83.5,56,53,47,6,0,6,0.94,10.01953125,0,0,0,0,0,2565,256,16,0,0,1,8.25,
window_nu0.1,window,none,fidelity,False,True,16,0.1,25,0,False,iid,0.1,1,s049,6,10.499999999999998,0.0,6.0,67.5,56,51,47,4,0,6,0.94,9.5703125,0,0,0,0,0,2450,256,16,0,0,2,8.0625,
window_nu0.1,window,none,fidelity,False,True,16,0.1,25,0,False,iid,0.1,1,s049,7,17.250000000000004,4.67391304347826,6.0,71.0,56,49,47,2,0,6,0.94,8.8125,0,0,0,0,0,2256,256,16,0,0,0,8.1875,
window_nu0.1,window,none,fidelity,False,True,16,0.1,25,0,False,iid,0.1,1,s049,8,12.0,0.0,0.0,74.0,56,54,50,4,0,6,1.0,9.359375,0,0,0,0,0,2396,256,16,0,0,1,7.5,88.0
window_nu0.1,window,none,fidelity,False,True,16,0.1,25,0,False,iid,0.1,2,s049,2,18.750000000000004,6.08695652173913,6.0,45.0,56,51,47,4,0,6,0.94,11.875,0,0,0,0,0,3040,256,16,0,0,2,8.0625,
window_nu0.1,window,none,fidelity,False,True,16,0.1,25,0,False,iid,0.1,2,s049,3,15.000000000000002,14.021739130434785,2.0,64.5,56,54,49,5,0,6,0.98,11.41015625,0,0,0,0,0,2921,256,16,0,0,0,7.6875,
window_nu0.1,window,none,fidelity,False,True,16,0.1,25,0,False,iid,0.1,2,s049,4,20.0,10.434782608695654,8.0,62.5,56,48,46,2,0,6,0.92,11.5546875,0,0,0,0,0,2958,256,16,0,0,0,8.0,
window_nu0.1,window,none,fidelity,False,True,16,0.1,25,0,False,iid,0.1,2,s049,5,17.75,7.01086956521739,8.0,74.0,56,50,46,4,0,6,0.92,9.1328125,0,0,0,0,0,2338,256,16,0,0,0,9.0,
window_nu0.1,window,none,fidelity,False,True,16,0.1,25,0,False,iid,0.1,2,s049,6,9.499999999999998,4.67391304347826,6.0,49.5,56,49,47,2,0,6,0.94,9.49609375,0,0,0,0,0,2431,256,16,0,0,1,9.6875,
window_nu0.1,window,none,fidelity,False,True,16,0.1,25,0,False,iid,0.1,2,s049,7,21.749999999999996,7.01086956521739,8.0,66.5,56,51,46,5,0,6,0.92,8.875,0,0,0,0,0,2272,256,16,0,0,1,8.1875,
window_nu0.1,window,none,fidelity,False,True,16,0.1,25,0,False,iid,0.1,2,s049,8,9.499999999999998,0.0,0.0,61.5,56,52,50,2,0,6,1.0,8.7109375,0,0,0,0,0,2230,256,16,0,0,0,8.125,2.0
window_nu0.2,window,none,fidelity,False,True,16,0.2,25,0,False,iid,0.1,0,s049,2,22.749999999999996,20.70652173913043,6.0,47.5,56,51,47,4,0,6,0.94,12.30078125,0,0,0,0,0,3149,256,16,0,0,1,7.5625,
window_nu0.2,window,none,fidelity,False,True,16,0.2,25,0,False,iid,0.1,0,s049,3,13.5,3.58695652173913,2.0,53.0,56,51,49,2,0,6,0.98,10.65234375,0,0,0,0,0,2727,256,16,0,0,0,8.1875,
window_nu0.2,window,none,fidelity,False,True,16,0.2,25,0,False,iid,0.1,0,s049,4,20.75,10.434782608695654,16.0,62.5,56,46,42,4,0,6,0.84,11.62109375,0,0,0,0,0,2975,256,16,0,0,0,8.0,
window_nu0.2,window,none,fidelity,False,True,16,0.2,25,0,False,iid,0.1,0,s049,5,19.749999999999996,7.01086956521739,8.0,76.0,56,52,46,6,0,6,0.92,9.5546875,0,0,0,0,0,2446,256,16,0,0,1,8.4375,
window_nu0.2,window,none,fidelity,False,True,16,0.2,25,0,False,iid,0.1,0,s049,6,4.499999999999997,0.0,6.0,44.0,56,48,47,1,0,6,0.94,9.08984375,0,0,0,0,0,2327,256,16,0,0,1,8.3125,
window_nu0.2,window,none,fidelity,False,True,16,0.2,25,0,False,iid,0.1,0,s049,7,13.5,1.0869565217391297,8.0,56.49999999999999,56,48,46,2,0,6,0.92,8.359375,0,0,0,0,0,2140,256,16,0,0,1,8.1875,
window_nu0.2,window,none,fidelity,False,True,16,0.2,25,0,False,iid,0.1,0,s049,8,12.25,4.83695652173913,2.0,61.0,56,54,49,5,0,6,0.98,8.84765625,0,0,0,0,0,2265,256,16,0,0,2,7.5,92.0
window_nu0.2,window,none,fidelity,False,True,16,0.2,25,0,False,iid,0.1,1,s049,2,18.000000000000004,7.01086956521739,4.0,70.0,56,52,48,4,0,6,0.96,12.19921875,0,0,0,0,0,3123,256,16,0,0,3,7.5,
window_nu0.2,window,none,fidelity,False,True,16,0.2,25,0,False,iid,0.1,1,s049,3,9.25,2.33695652173913,2.0,63.0,56,55,49,6,0,6,0.98,10.953125,0,0,0,0,0,2804,256,16,0,0,4,7.5,
window_nu0.2,window,none,fidelity,False,True,16,0.2,25,0,False,iid,0.1,1,s049,4,25.75,15.271739130434783,8.0,84.0,56,52,46,6,0,6,0.92,11.90234375,0,0,0,0,0,3047,256,16,0,0,1,7.9375,
window_nu0.2,window,none,fidelity,False,True,16,0.2,25,0,False,iid,0.1,1,s049,5,26.75,11.521739130434785,6.0,83.5,56,53,47,6,0,6,0.94,10.046875,0,0,0,0,0,2572,256,16,0,0,1,8.25,
window_nu0.2,window,none,fidelity,False,True,16,0.2,25,0,False,iid,0.1,1,s049,6,10.499999999999998,0.0,6.0,67.5,56,51,47,4,0,6,0.94,9.59375,0,0,0,0,0,2456,256,16,0,0,2,8.0625,
window_nu0.2,window,none,fidelity,False,True,16,0.2,25,0,False,iid,0.1,1,s049,7,17.250000000000004,4.67391304347826,6.0,71.0,56,49,47,2,0,6,0.94,8.8125,0,0,0,0,0,2256,256,16,0,0,0,8.1875,
window_nu0.2,window,none,fidelity,False,True,16,0.2,25,0,False,iid,0.1,1,s049,8,12.0,0.0,0.0,74.0,56,54,50,4,0,6,1.0,9.38671875,0,0,0,0,0,2403,256,16,0,0,1,7.5,88.0
window_nu0.2,window,none,fidelity,False,True,16,0.2,25,0,False,iid,0.1,2,s049,2,18.750000000000004,6.08695652173913,6.0,45.0,56,51,47,4,0,6,0.94,11.84765625,0,0,0,0,0,3033,256,16,0,0,2,8.0625,
window_nu0.2,window,none,fidelity,False,True,16,0.2,25,0,False,iid,0.1,2,s049,3,15.000000000000002,14.021739130434785,2.0,64.5,56,54,49,5,0,6,0.98,11.41015625,0,0,0,0,0,2921,256,16,0,0,0,7.6875,
window_nu0.2,window,none,fidelity,False,True,16,0.2,25,0,False,iid,0.1,2,s049,4,20.0,10.434782608695654,8.0,62.5,56,48,46,2,0,6,0.92,11.578125,0,0,0,0,0,2964,256,16,0,0,0,8.0,
window_nu0.2,window,none,fidelity,False,True,16,0.2,25,0,False,iid,0.1,2,s049,5,17.75,7.01086956521739,8.0,74.0,56,50,46,4,0,6,0.92,9.1875,0,0,0,0,0,2352,256,16,0,0,0,9.0,
window_nu0.2,window,none,fidelity,False,True,16,0.2,25,0,False,iid,0.1,2,s049,6,9.499999999999998,4.67391304347826,6.0,49.5,56,49,47,2,0,6,0.94,9.49609375,0,0,0,0,0,2431,256,16,0,0,1,9.6875,
window_nu0.2,window,none,fidelity,False,True,16,0.2,25,0,False,iid,0.1,2,s049,7,21.749999999999996,7.01086956521739,8.0,66.0,56,51,46,5,0,6,0.92,8.87890625,0,0,0,0,0,2273,256,16,0,0,1,8.1875,
window_nu0.2,window,none,fidelity,False,True,16,0.2,25,0,False,iid,0.1,2,s049,8,9.499999999999998,0.0,0.0,61.5,56,52,50,2,0,6,1.0,8.73828125,0,0,0,0,0,2237,256,16,0,0,0,8.125,2.0
aeqkad_nu0.1,window,full,fidelity,False,True,16,0.1,25,0,False,iid,0.1,0,s049,2,13.5,2.5,6.0,42.5,56,45,44,1,0,6,0.88,10.84375,51,3,1,0,3,2776,256,16,0,0,0,8.625,
aeqkad_nu0.1,window,full,fidelity,False,True,16,0.1,25,0,False,iid,0.1,0,s049,3,7.749999999999998,4.67391304347826,4.0,35.0,56,44,44,0,0,6,0.88,9.3046875,48,2,0,0,2,2382,256,16,0,0,0,9.875,
aeqkad_nu0.1,window,full,fidelity,False,True,16,0.1,25,0,False,iid,0.1,0,s049,4,22.249999999999996,4.67391304347826,16.0,48.0,56,40,40,0,0,6,0.8,10.484375,45,3,0,0,2,2684,256,16,0,0,0,8.9375,
aeqkad_nu0.1,window,full,fidelity,False,True,16,0.1,25,0,False,iid,0.1,0,s049,5,18.000000000000004,4.67391304347826,10.0,61.5,56,43,42,1,0,6,0.84,7.59375,50,4,1,0,3,1944,256,16,0,0,0,9.125,
aeqkad_nu0.1,window,full,fidelity,False,True,16,0.1,25,0,False,iid,0.1,0,s049,6,4.499999999999997,0.0,6.0,39.0,56,45,45,0,0,6,0.9,8.8046875,47,1,0,0,1,2254,256,16,0,0,0,8.875,
aeqkad_nu0.1,window,full,fidelity,False,True,16,0.1,25,0,False,iid,0.1,0,s049,7,15.000000000000002,2.33695652173913,8.0,44.5,56,42,42,0,0,6,0.84,7.078125,47,4,0,0,1,1812,256,16,0,0,0,8.4375,
aeqkad_nu0.1,window,full,fidelity,False,True,16,0.1,25,0,False,iid,0.1,0,s049,8,6.249999999999998,0.0,2.0,49.0,56,45,45,0,0,6,0.9,7.32421875,53,4,1,0,4,1875,256,16,0,0,0,9.4375,16.0
aeqkad_nu0.1,window,full,fidelity,False,True,16,0.1,25,0,False,iid,0.1,1,s049,2,10.499999999999998,1.25,6.0,57.49999999999999,56,46,45,1,0,6,0.9,10.83984375,50,3,0,0,1,2775,256,16,0,0,1,8.8125,
aeqkad_nu0.1,window,full,fidelity,False,True,16,0.1,25,0,False,iid,0.1,1,s049,3,7.249999999999998,4.67391304347826,4.0,54.0,56,45,44,1,0,6,0.88,9.640625,52,5,0,0,2,2468,256,16,0,0,1,11.25,
aeqkad_nu0.1,window,full,fidelity,False,True,16,0.1,25,0,False,iid,0.1,1,s049,4,21.999999999999996,7.17391304347826,10.0,55.00000000000001,56,40,40,0,0,6,0.8,10.2421875,51,7,0,0,4,2622,256,16,0,0,0,9.9375,
aeqkad_nu0.1,window,full,fidelity,False,True,16,0.1,25,0,False,iid,0.1,1,s049,5,16.75,0.0,10.0,63.5,56,41,40,1,0,6,0.8,7.48828125,51,6,0,0,4,1917,256,16,0,0,1,10.4375,
aeqkad_nu0.1,window,full,fidelity,False,True,16,0.1,25,0,False,iid,0.1,1,s049,6,10.499999999999998,0.0,6.0,64.0,56,46,45,1,0,6,0.9,8.6328125,51,2,0,0,3,2210,256,16,0,0,0,9.875,
aeqkad_nu0.1,window,full,fidelity,False,True,16,0.1,25,0,False,iid,0.1,1,s049,7,11.75,0.0,6.0,54.0,56,42,42,0,0,6,0.84,7.44140625,49,5,0,0,2,1905,256,16,0,0,0,8.1875,
aeqkad_nu0.1,window,full,fidelity,False,True,16,0.1,25,0,False,iid,0.1,1,s049,8,6.499999999999997,0.0,0.0,56.99999999999999,56,45,45,0,0,6,0.9,7.81640625,53,5,0,0,3,2001,256,16,0,0,0,8.625,86.0
aeqkad_nu0.1,window,full,fidelity,False,True,16,0.1,25,0,False,iid,0.1,2,s049,2,12.0,6.847826086956524,6.0,37.0,56,45,45,0,0,6,0.9,10.83984375,51,4,8,0,2,2775,256,16,0,0,0,10.1875,
aeqkad_nu0.1,window,full,fidelity,False,True,16,0.1,25,0,False,iid,0.1,2,s049,3,8.249999999999998,1.25,4.0,34.5,56,44,44,0,0,6,0.88,9.26953125,50,4,5,0,2,2373,256,16,0,0,0,9.3125,
aeqkad_nu0.1,window,full,fidelity,False,True,16,0.1,25,0,False,iid,0.1,2,s049,4,17.750000000000004,4.67391304347826,14.000000000000002,48.0,56,40,40,0,0,6,0.8,10.26953125,43,2,3,0,1,2629,256,16,0,0,0,8.9375,
aeqkad_nu0.1,window,full,fidelity,False,True,16,0.1,25,0,False,iid,0.1,2,s049,5,18.000000000000004,3.423913043478259,10.0,50.5,56,42,42,0,0,6,0.84,7.15625,48,3,5,0,3,1832,256,16,0,0,0,9.5,
aeqkad_nu0.1,window,full,fidelity,False,True,16,0.1,25,0,False,iid,0.1,2,s049,6,4.749999999999998,0.0,6.0,41.5,56,45,45,0,0,6,0.9,8.921875,50,3,1,0,2,2284,256,16,0,0,0,10.8125,
aeqkad_nu0.1,window,full,fidelity,False,True,16,0.1,25,0,False,iid,0.1,2,s049,7,15.75,0.0,8.0,48.0,56,42,42,0,0,6,0.84,7.203125,49,4,8,0,3,1844,256,16,0,0,0,8.4375,
aeqkad_nu0.1,window,full,fidelity,False,True,16,0.1,25,0,False,iid,0.1,2,s049,8,5.249999999999997,0.0,0.0,56.49999999999999,56,46,46,0,0,6,0.92,7.92578125,52,3,4,0,3,2029,256,16,0,0,0,8.1875,6.0
aeqkad_nu0.2,window,full,fidelity,False,True,16,0.2,25,0,False,iid,0.1,0,s049,2,13.5,2.5,6.0,42.5,56,45,44,1,0,6,0.88,10.84375,51,3,1,0,3,2776,256,16,0,0,0,8.625,
aeqkad_nu0.2,window,full,fidelity,False,True,16,0.2,25,0,False,iid,0.1,0,s049,3,7.749999999999998,4.67391304347826,4.0,35.0,56,44,44,0,0,6,0.88,9.3046875,48,2,0,0,2,2382,256,16,0,0,0,9.875,
aeqkad_nu0.2,window,full,fidelity,False,True,16,0.2,25,0,False,iid,0.1,0,s049,4,22.249999999999996,4.67391304347826,16.0,48.0,56,40,40,0,0,6,0.8,10.484375,45,3,0,0,2,2684,256,16,0,0,0,8.9375,
aeqkad_nu0.2,window,full,fidelity,False,True,16,0.2,25,0,False,iid,0.1,0,s049,5,18.000000000000004,4.67391304347826,10.0,62.0,56,43,42,1,0,6,0.84,7.59375,50,4,1,0,3,1944,256,16,0,0,0,9.125,
aeqkad_nu0.2,window,full,fidelity,False,True,16,0.2,25,0,False,iid,0.1,0,s049,6,4.499999999999997,0.0,6.0,39.0,56,45,45,0,0,6,0.9,8.796875,47,1,0,0,1,2252,256,16,0,0,0,8.875,
aeqkad_nu0.2,window,full,fidelity,False,True,16,0.2,25,0,False,iid,0.1,0,s049,7,15.000000000000002,2.33695652173913,8.0,44.5,56,42,42,0,0,6,0.84,7.1015625,47,4,0,0,1,1818,256,16,0,0,0,8.4375,
aeqkad_nu0.2,window,full,fidelity,False,True,16,0.2,25,0,False,iid,0.1,0,s049,8,6.249999999999998,0.0,2.0,49.0,56,45,45,0,0,6,0.9,7.34765625,53,4,0,0,4,1881,256,16,0,0,0,9.4375,16.0
aeqkad_nu0.2,window,full,fidelity,False,True,16,0.2,25,0,False,iid,0.1,1,s049,2,10.499999999999998,1.25,6.0,57.49999999999999,56,46,45,1,0,6,0.9,10.890625,50,3,0,0,1,2788,256,16,0,0,1,8.8125,
aeqkad_nu0.2,window,full,fidelity,False,True,16,0.2,25,0,False,iid,0.1,1,s049,3,7.249999999999998,4.67391304347826,4.0,53.5,56,45,44,1,0,6,0.88,9.56640625,52,5,0,0,2,2449,256,16,0,0,1,11.25,
aeqkad_nu0.2,window,full,fidelity,False,True,16,0.2,25,0,False,iid,0.1,1,s049,4,21.999999999999996,7.17391304347826,10.0,55.00000000000001,56,40,40,0,0,6,0.8,10.2421875,51,7,0,0,4,2622,256,16,0,0,0,9.9375,
aeqkad_nu0.2,window,full,fidelity,False,True,16,0.2,25,0,False,iid,0.1,1,s049,5,16.75,0.0,10.0,63.5,56,41,40,1,0,6,0.8,7.484375,51,6,0,0,4,1916,256,16,0,0,1,10.4375,
aeqkad_nu0.2,window,full,fidelity,False,True,16,0.2,25,0,False,iid,0.1,1,s049,6,10.499999999999998,0.0,6.0,64.0,56,46,45,1,0,6,0.9,8.6328125,51,2,0,0,3,2210,256,16,0,0,0,9.875,
aeqkad_nu0.2,window,full,fidelity,False,True,16,0.2,25,0,False,iid,0.1,1,s049,7,11.75,0.0,6.0,54.50000000000001,56,42,42,0,0,6,0.84,7.3984375,49,5,0,0,2,1894,256,16,0,0,0,8.1875,
aeqkad_nu0.2,window,full,fidelity,False,True,16,0.2,25,0,False,iid,0.1,1,s049,8,6.499999999999997,0.0,0.0,56.99999999999999,56,45,45,0,0,6,0.9,7.84375,53,5,0,0,3,2008,256,16,0,0,0,8.625,86.0
aeqkad_nu0.2,window,full,fidelity,False,True,16,0.2,25,0,False,iid,0.1,2,s049,2,12.0,6.847826086956524,6.0,37.0,56,45,45,0,0,6,0.9,10.83984375,51,4,8,0,2,2775,256,16,0,0,0,10.1875,
aeqkad_nu0.2,window,full,fidelity,False,True,16,0.2,25,0,False,iid,0.1,2,s049,3,8.249999999999998,1.25,4.0,34.5,56,44,44,0,0,6,0.88,9.26953125,50,4,5,0,2,2373,256,16,0,0,0,9.3125,
aeqkad_nu0.2,window,full,fidelity,False,True,16,0.2,25,0,False,iid,0.1,2,s049,4,17.750000000000004,4.67391304347826,14.000000000000002,48.0,56,40,40,0,0,6,0.8,10.27734375,43,2,3,0,1,2631,256,16,0,0,0,8.9375,
aeqkad_nu0.2,window,full,fidelity,False,True,16,0.2,25,0,False,iid,0.1,2,s049,5,18.000000000000004,3.423913043478259,10.0,50.5,56,42,42,0,0,6,0.84,7.15625,48,3,5,0,3,1832,256,16,0,0,0,9.5,
aeqkad_nu0.2,window,full,fidelity,False,True,16,0.2,25,0,False,iid,0.1,2,s049,6,4.749999999999998,0.0,6.0,41.5,56,45,45,0,0,6,0.9,8.921875,50,3,1,0,2,2284,256,16,0,0,0,10.8125,
aeqkad_nu0.2,window,full,fidelity,False,True,16,0.2,25,0,False,iid,0.1,2,s049,7,15.75,0.0,8.0,48.0,56,42,42,0,0,6,0.84,7.2265625,49,4,7,0,3,1850,256,16,0,0,0,8.4375,
aeqkad_nu0.2,window,full,fidelity,False,True,16,0.2,25,0,False,iid,0.1,2,s049,8,5.249999999999997,0.0,0.0,56.49999999999999,56,46,46,0,0,6,0.92,7.92578125,52,3,3,0,3,2029,256,16,0,0,0,8.1875,6.0
window_nu0.1,window,none,fidelity,False,True,16,0.1,25,0,False,iid,0.1,0,s050,2,20.249999999999996,10.434782608695654,4.0,53.0,56,51,48,3,0,6,0.96,13.4921875,0,0,0,0,0,3454,256,16,0,0,1,8.125,
window_nu0.1,window,none,fidelity,False,True,16,0.1,25,0,False,iid,0.1,0,s050,3,24.0,12.771739130434783,10.0,58.5,56,48,45,3,0,6,0.9,13.109375,0,0,0,0,0,3356,256,16,0,0,1,9.125,
window_nu0.1,window,none,fidelity,False,True,16,0.1,25,0,False,iid,0.1,0,s050,4,22.249999999999996,3.58695652173913,4.0,48.5,56,50,48,2,0,6,0.96,12.9296875,0,0,0,0,0,3310,256,16,0,0,0,8.0,
window_nu0.1,window,none,fidelity,False,True,16,0.1,25,0,False,iid,0.1,0,s050,5,25.25,7.01086956521739,10.0,47.5,56,48,45,3,0,6,0.9,12.140625,0,0,0,0,0,3108,256,16,0,0,0,9.75,
window_nu0.1,window,none,fidelity,False,True,16,0.1,25,0,False,iid,0.1,0,s050,6,18.000000000000004,2.5,4.0,59.5,56,51,48,3,0,6,0.96,11.76953125,0,0,0,0,0,3013,256,16,0,0,1,8.25,
window_nu0.1,window,none,fidelity,False,True,16,0.1,25,0,False,iid,0.1,0,s050,7,14.000000000000002,5.760869565217389,2.0,54.0,56,52,49,3,0,6,0.98,12.5546875,0,0,0,0,0,3214,256,16,0,0,1,8.9375,
window_nu0.1,window,none,fidelity,False,True,16,0.1,25,0,False,iid,0.1,0,s050,8,25.75,8.097826086956525,12.0,62.0,56,46,44,2,0,6,0.88,11.8984375,0,0,0,0,0,3046,256,16,0,0,0,7.8125,36.0
window_nu0.1,window,none,fidelity,False,True,16,0.1,25,0,False,iid,0.1,1,s050,2,22.499999999999996,9.347826086956525,4.0,55.50000000000001,56,52,48,4,0,6,0.96,13.45703125,0,0,0,0,0,3445,256,16,0,0,1,7.5,
window_nu0.1,window,none,fidelity,False,True,16,0.1,25,0,False,iid,0.1,1,s050,3,27.250000000000004,12.771739130434783,10.0,56.00000000000001,56,49,45,4,0,6,0.9,13.62890625,0,0,0,0,0,3489,256,16,0,0,2,8.6875,
window_nu0.1,window,none,fidelity,False,True,16,0.1,25,0,False,iid,0.1,1,s050,4,20.5,7.01086956521739,8.0,46.5,56,49,46,3,0,6,0.92,12.734375,0,0,0,0,0,3260,256,16,0,0,1,7.5625,
window_nu0.1,window,none,fidelity,False,True,16,0.1,25,0,False,iid,0.1,1,s050,5,25.0,3.58695652173913,8.0,43.5,56,50,46,4,0,6,0.92,12.4140625,0,0,0,0,0,3178,256,16,0,0,2,9.4375,
window_nu0.1,window,none,fidelity,False,True,16,0.1,25,0,False,iid,0.1,1,s050,6,15.250000000000002,2.33695652173913,4.0,53.0,56,52,48,4,0,6,0.96,11.7734375,0,0,0,0,0,3014,256,16,0,0,2,7.5,
window_nu0.1,window,none,fidelity,False,True,16,0.1,25,0,False,iid,0.1,1,s050,7,19.499999999999996,4.67391304347826,12.0,49.0,56,48,44,4,0,6,0.88,11.79296875,0,0,0,0,0,3019,256,16,0,0,2,8.5,
window_nu0.1,window,none,fidelity,False,True,16,0.1,25,0,False,iid,0.1,1,s050,8,27.500000000000004,10.434782608695654,8.0,56.49999999999999,56,51,46,5,0,6,0.92,12.35546875,0,0,0,0,0,3163,256,16,0,0,3,7.5,88.0
window_nu0.1,window,none,fidelity,False,True,16,0.1,25,0,False,iid,0.1,2,s050,2,19.749999999999996,12.771739130434783,4.0,63.5,56,51,48,3,0,6,0.96,13.5859375,0,0,0,0,0,3478,256,16,0,0,1,7.5,
window_nu0.1,window,none,fidelity,False,True,16,0.1,25,0,False,iid,0.1,2,s050,3,24.0,17.445652173913043,10.0,56.99999999999999,56,48,45,3,0,6,0.9,13.45703125,0,0,0,0,0,3445,256,16,0,0,0,8.8125,
window_nu0.1,window,none,fidelity,False,True,16,0.1,25,0,False,iid,0.1,2,s050,4,21.999999999999996,12.608695652173912,8.0,53.5,56,48,46,2,0,6,0.92,12.50390625,0,0,0,0,0,3201,256,16,0,0,0,8.1875,
window_nu0.1,window,none,fidelity,False,True,16,0.1,25,0,False,iid,0.1,2,s050,5,25.0,8.260869565217389,10.0,50.5,56,49,45,4,0,6,0.9,12.34375,0,0,0,0,0,3160,256,16,0,0,1,8.8125,
window_nu0.1,window,none,fidelity,False,True,16,0.1,25,0,False,iid,0.1,2,s050,6,14.750000000000002,1.25,4.0,55.50000000000001,56,50,48,2,0,6,0.96,11.50390625,0,0,0,0,0,2945,256,16,0,0,1,7.5,
window_nu0.1,window,none,fidelity,False,True,16,0.1,25,0,False,iid,0.1,2,s050,7,14.250000000000002,8.097826086956525,2.0,58.5,56,53,49,4,0,6,0.98,12.7109375,0,0,0,0,0,3254,256,16,0,0,0,8.5,
window_nu0.1,window,none,fidelity,False,True,16,0.1,25,0,False,iid,0.1,2,s050,8,28.500000000000004,8.097826086956525,8.0,61.0,56,48,46,2,0,6,0.92,11.328125,0,0,0,0,0,2900,256,16,0,0,1,8.0,57.99999999999999
window_nu0.2,window,none,fidelity,False,True,16,0.2,25,0,False,iid,0.1,0,s050,2,20.249999999999996,10.434782608695654,4.0,53.0,56,51,48,3,0,6,0.96,13.515625,0,0,0,0,0,3460,256,16,0,0,1,8.125,
window_nu0.2,window,none,fidelity,False,True,16,0.2,25,0,False,iid,0.1,0,s050,3,24.0,12.771739130434783,10.0,59.0,56,48,45,3,0,6,0.9,13.15625,0,0,0,0,0,3368,256,16,0,0,1,9.125,
window_nu0.2,window,none,fidelity,False,True,16,0.2,25,0,False,iid,0.1,0,s050,4,22.249999999999996,3.58695652173913,4.0,48.5,56,50,48,2,0,6,0.96,12.9375,0,0,0,0,0,3312,256,16,0,0,0,8.0,
window_nu0.2,window,none,fidelity,False,True,16,0.2,25,0,False,iid,0.1,0,s050,5,25.25,7.01086956521739,10.0,47.5,56,48,45,3,0,6,0.9,12.1640625,0,0,0,0,0,3114,256,16,0,0,0,9.75,
window_nu0.2,window,none,fidelity,False,True,16,0.2,25,0,False,iid,0.1,0,s050,6,18.000000000000004,2.5,4.0,59.5,56,51,48,3,0,6,0.96,11.76953125,0,0,0,0,0,3013,256,16,0,0,1,8.25,
window_nu0.2,window,none,fidelity,False,True,16,0.2,25,0,False,iid,0.1,0,s050,7,14.000000000000002,5.760869565217389,2.0,54.0,56,52,49,3,0,6,0.98,12.578125,0,0,0,0,0,3220,256,16,0,0,1,8.9375,
window_nu0.2,window,none,fidelity,False,True,16,0.2,25,0,False,iid,0.1,0,s050,8,25.75,8.097826086956525,12.0,61.5,56,46,44,2,0,6,0.88,11.8984375,0,0,0,0,0,3046,256,16,0,0,0,7.8125,36.0
window_nu0.2,window,none,fidelity,False,True,16,0.2,25,0,False,iid,0.1,1,s050,2,22.499999999999996,9.347826086956525,4.0,55.50000000000001,56,52,48,4,0,6,0.96,13.43359375,0,0,0,0,0,3439,256,16,0,0,1,7.5,
window_nu0.2,window,none,fidelity,False,True,16,0.2,25,0,False,iid,0.1,1,s050,3,27.250000000000004,12.771739130434783,10.0,56.00000000000001,56,49,45,4,0,6,0.9,13.62890625,0,0,0,0,0,3489,256,16,0,0,2,8.6875,
window_nu0.2,window,none,fidelity,False,True,16,0.2,25,0,False,iid,0.1,1,s050,4,20.5,7.01086956521739,8.0,46.5,56,49,46,3,0,6,0.92,12.78515625,0,0,0,0,0,3273,256,16,0,0,1,7.5625,
window_nu0.2,window,none,fidelity,False,True,16,0.2,25,0,False,iid,0.1,1,s050,5,25.0,3.58695652173913,8.0,43.5,56,50,46,4,0,6,0.92,12.4375,0,0,0,0,0,3184,256,16,0,0,2,9.4375,
window_nu0.2,window,none,fidelity,False,True,16,0.2,25,0,False,iid,0.1,1,s050,6,15.250000000000002,2.33695652173913,4.0,53.0,56,52,48,4,0,6,0.96,11.796875,0,0,0,0,0,3020,256,16,0,0,2,7.5,
window_nu0.2,window,none,fidelity,False,True,16,0.2,25,0,False,iid,0.1,1,s050,7,19.499999999999996,4.67391304347826,12.0,49.0,56,48,44,4,0,6,0.88,11.81640625,0,0,0,0,0,3025,256,16,0,0,2,8.5,
window_nu0.2,window,none,fidelity,False,True,16,0.2,25,0,False,iid,0.1,1,s050,8,27.500000000000004,10.434782608695654,8.0,56.49999999999999,56,51,46,5,0,6,0.92,12.35546875,0,0,0,0,0,3163,256,16,0,0,3,7.5,88.0
window_nu0.2,window,none,fidelity,False,True,16,0.2,25,0,False,iid,0.1,2,s050,2,19.749999999999996,12.771739130434783,4.0,63.5,56,51,48,3,0,6,0.96,13.5859375,0,0,0,0,0,3478,256,16,0,0,1,7.5,
window_nu0.2,window,none,fidelity,False,True,16,0.2,25,0,False,iid,0.1,2,s050,3,24.0,17.445652173913043,10.0,56.99999999999999,56,48,45,3,0,6,0.9,13.48046875,0,0,0,0,0,3451,256,16,0,0,0,8.8125,
window_nu0.2,window,none,fidelity,False,True,16,0.2,25,0,False,iid,0.1,2,s050,4,21.999999999999996,12.608695652173912,8.0,53.5,56,48,46,2,0,6,0.92,12.50390625,0,0,0,0,0,3201,256,16,0,0,0,8.1875,
window_nu0.2,window,none,fidelity,False,True,16,0.2,25,0,False,iid,0.1,2,s050,5,25.0,8.260869565217389,10.0,50.5,56,49,45,4,0,6,0.9,12.390625,0,0,0,0,0,3172,256,16,0,0,1,8.8125,
window_nu0.2,window,none,fidelity,False,True,16,0.2,25,0,False,iid,0.1,2,s050,6,14.750000000000002,1.25,4.0,55.50000000000001,56,50,48,2,0,6,0.96,11.50390625,0,0,0,0,0,2945,256,16,0,0,1,7.5,
window_nu0.2,window,none,fidelity,False,True,16,0.2,25,0,False,iid,0.1,2,s050,7,14.250000000000002,7.01086956521739,2.0,58.5,56,53,49,4,0,6,0.98,12.7109375,0,0,0,0,0,3254,256,16,0,0,0,8.5,
window_nu0.2,window,none,fidelity,False,True,16,0.2,25,0,False,iid,0.1,2,s050,8,28.500000000000004,8.097826086956525,8.0,61.0,56,48,46,2,0,6,0.92,11.3515625,0,0,0,0,0,2906,256,16,0,0,1,8.0,57.99999999999999
aeqkad_nu0.1,window,full,fidelity,False,True,16,0.1,25,0,False,iid,0.1,0,s050,2,20.749999999999996,10.434782608695654,4.0,53.5,56,45,42,3,0,6,0.84,13.04296875,51,6,0,0,0,3339,256,16,0,0,1,10.0,
aeqkad_nu0.1,window,full,fidelity,False,True,16,0.1,25,0,False,iid,0.1,0,s050,3,24.5,12.771739130434783,8.0,48.5,56,32,31,1,0,6,0.62,11.49609375,49,14,0,0,3,2943,256,16,0,0,0,16.75,
aeqkad_nu0.1,window,full,fidelity,False,True,16,0.1,25,0,False,iid,0.1,0,s050,4,18.25,7.01086956521739,8.0,50.0,56,43,41,2,0,6,0.82,11.8359375,48,5,0,0,0,3030,256,16,0,0,0,9.4375,
aeqkad_nu0.1,window,full,fidelity,False,True,16,0.1,25,0,False,iid,0.1,0,s050,5,23.5,4.67391304347826,14.000000000000002,42.5,56,40,39,1,0,6,0.78,10.68359375,45,5,0,0,0,2735,256,16,0,0,0,11.375,
aeqkad_nu0.1,window,full,fidelity,False,True,16,0.1,25,0,False,iid,0.1,0,s050,6,27.750000000000004,5.923913043478259,14.000000000000002,53.0,56,39,37,2,0,6,0.74,10.49609375,46,7,0,0,0,2687,256,16,0,0,1,14.0,
aeqkad_nu0.1,window,full,fidelity,False,True,16,0.1,25,0,False,iid,0.1,0,s050,7,21.499999999999996,10.434782608695654,12.0,47.0,56,40,39,1,0,6,0.78,9.94921875,47,4,0,0,3,2547,256,16,0,0,1,8.9375,
aeqkad_nu0.1,window,full,fidelity,False,True,16,0.1,25,0,False,iid,0.1,0,s050,8,28.249999999999996,8.097826086956525,14.000000000000002,61.5,56,39,38,1,0,6,0.76,10.8203125,45,5,0,0,1,2770,256,16,0,0,0,9.25,28.000000000000004
aeqkad_nu0.1,window,full,fidelity,False,True,16,0.1,25,0,False,iid,0.1,1,s050,2,19.749999999999996,11.684782608695654,4.0,48.5,56,42,42,0,0,6,0.84,12.55859375,50,8,0,0,0,3215,256,16,0,0,0,10.25,
aeqkad_nu0.1,window,full,fidelity,False,True,16,0.1,25,0,False,iid,0.1,1,s050,3,30.000000000000004,19.782608695652172,16.0,51.0,56,30,28,2,0,6,0.56,10.9375,46,15,0,0,1,2800,256,16,0,0,1,16.875,
aeqkad_nu0.1,window,full,fidelity,False,True,16,0.1,25,0,False,iid,0.1,1,s050,4,18.0,10.434782608695654,14.000000000000002,45.5,56,41,40,1,0,6,0.8,11.13671875,45,4,0,0,0,2851,256,16,0,0,0,9.0625,
aeqkad_nu0.1,window,full,fidelity,False,True,16,0.1,25,0,False,iid,0.1,1,s050,5,22.249999999999996,4.67391304347826,16.0,41.0,56,39,37,2,0,6,0.74,10.37890625,46,7,0,0,0,2657,256,16,0,0,1,12.3125,
aeqkad_nu0.1,window,full,fidelity,False,True,16,0.1,25,0,False,iid,0.1,1,s050,6,23.75,7.01086956521739,18.0,47.0,56,37,36,1,0,6,0.72,10.1171875,44,7,0,0,0,2590,256,16,0,0,1,15.8125,
aeqkad_nu0.1,window,full,fidelity,False,True,16,0.1,25,0,False,iid,0.1,1,s050,7,20.0,5.760869565217389,12.0,48.5,56,38,38,0,0,6,0.76,10.07421875,47,6,0,0,3,2579,256,16,0,0,0,11.75,
aeqkad_nu0.1,window,full,fidelity,False,True,16,0.1,25,0,False,iid,0.1,1,s050,8,24.0,10.434782608695654,16.0,49.5,56,39,37,2,0,6,0.74,10.1953125,47,7,0,0,1,2610,256,16,0,0,1,10.8125,86.0
aeqkad_nu0.1,window,full,fidelity,False,True,16,0.1,25,0,False,iid,0.1,2,s050,2,22.249999999999996,7.01086956521739,4.0,60.5,56,44,43,1,0,6,0.86,12.796875,51,7,0,0,0,3276,256,16,0,0,0,8.6875,
aeqkad_nu0.1,window,full,fidelity,False,True,16,0.1,25,0,False,iid,0.1,2,s050,3,26.0,17.445652173913043,8.0,47.5,56,34,33,1,0,6,0.66,11.77734375,49,11,0,0,4,3015,256,16,0,0,1,15.3125,
aeqkad_nu0.1,window,full,fidelity,False,True,16,0.1,25,0,False,iid,0.1,2,s050,4,23.0,8.097826086956525,10.0,51.5,56,41,40,1,0,6,0.8,11.5234375,48,7,0,0,0,2950,256,16,0,0,0,9.5625,
aeqkad_nu0.1,window,full,fidelity,False,True,16,0.1,25,0,False,iid,0.1,2,s050,5,24.25,11.521739130434785,14.000000000000002,42.5,56,39,37,2,0,6,0.74,10.75390625,46,7,0,0,0,2753,256,16,0,0,0,12.0625,
aeqkad_nu0.1,window,full,fidelity,False,True,16,0.1,25,0,False,iid,0.1,2,s050,6,25.25,8.097826086956525,18.0,51.0,56,38,37,1,0,6,0.74,10.203125,43,5,0,0,0,2612,256,16,0,0,1,12.75,
aeqkad_nu0.1,window,full,fidelity,False,True,16,0.1,25,0,False,iid,0.1,2,s050,7,15.250000000000002,7.01086956521739,6.0,56.49999999999999,56,43,42,1,0,6,0.84,10.62890625,51,8,1,0,0,2721,256,16,0,0,0,9.5625,
aeqkad_nu0.1,window,full,fidelity,False,True,16,0.1,25,0,False,iid,0.1,2,s050,8,24.0,4.67391304347826,14.000000000000002,52.0,56,39,38,1,0,6,0.76,9.9609375,46,6,0,0,1,2550,256,16,0,0,0,10.5,16.0
aeqkad_nu0.2,window,full,fidelity,False,True,16,0.2,25,0,False,iid,0.1,0,s050,2,20.749999999999996,10.434782608695654,4.0,53.5,56,45,42,3,0,6,0.84,13.0703125,51,6,0,0,0,3346,256,16,0,0,1,10.0,
aeqkad_nu0.2,window,full,fidelity,False,True,16,0.2,25,0,False,iid,0.1,0,s050,3,24.5,12.771739130434783,8.0,48.5,56,32,31,1,0,6,0.62,11.49609375,49,14,0,0,3,2943,256,16,0,0,0,16.75,
aeqkad_nu0.2,window,full,fidelity,False,True,16,0.2,25,0,False,iid,0.1,0,s050,4,18.0,7.01086956521739,8.0,50.0,56,43,41,2,0,6,0.82,11.88671875,48,5,0,0,0,3043,256,16,0,0,0,9.4375,
aeqkad_nu0.2,window,full,fidelity,False,True,16,0.2,25,0,False,iid,0.1,0,s050,5,23.5,4.67391304347826,14.000000000000002,42.5,56,40,39,1,0,6,0.78,10.70703125,45,5,0,0,0,2741,256,16,0,0,0,11.375,
aeqkad_nu0.2,window,full,fidelity,False,True,16,0.2,25,0,False,iid,0.1,0,s050,6,27.750000000000004,5.923913043478259,14.000000000000002,53.0,56,39,37,2,0,6,0.74,10.54296875,46,7,0,0,0,2699,256,16,0,0,1,14.0,
aeqkad_nu0.2,window,full,fidelity,False,True,16,0.2,25,0,False,iid,0.1,0,s050,7,21.499999999999996,10.434782608695654,10.0,47.0,56,40,39,1,0,6,0.78,9.94921875,48,5,0,0,3,2547,256,16,0,0,1,8.9375,
aeqkad_nu0.2,window,full,fidelity,False,True,16,0.2,25,0,False,iid,0.1,0,s050,8,28.249999999999996,8.097826086956525,14.000000000000002,61.5,56,39,38,1,0,6,0.76,10.84375,45,5,0,0,1,2776,256,16,0,0,0,9.25,28.000000000000004
aeqkad_nu0.2,window,full,fidelity,False,True,16,0.2,25,0,False,iid,0.1,1,s050,2,19.499999999999996,11.684782608695654,4.0,48.5,56,42,42,0,0,6,0.84,12.55859375,50,8,0,0,0,3215,256,16,0,0,0,10.25,
aeqkad_nu0.2,window,full,fidelity,False,True,16,0.2,25,0,False,iid,0.1,1,s050,3,30.000000000000004,19.782608695652172,16.0,51.0,56,30,28,2,0,6,0.56,10.9375,46,15,0,0,1,2800,256,16,0,0,1,16.875,
aeqkad_nu0.2,window,full,fidelity,False,True,16,0.2,25,0,False,iid,0.1,1,s050,4,18.0,10.434782608695654,14.000000000000002,45.5,56,41,40,1,0,6,0.8,11.109375,45,4,0,0,0,2844,256,16,0,0,0,9.0625,
aeqkad_nu0.2,window,full,fidelity,False,True,16,0.2,25,0,False,iid,0.1,1,s050,5,22.249999999999996,4.67391304347826,16.0,41.0,56,39,37,2,0,6,0.74,10.37890625,46,7,0,0,0,2657,256,16,0,0,1,12.3125,
aeqkad_nu0.2,window,full,fidelity,False,True,16,0.2,25,0,False,iid,0.1,1,s050,6,23.75,7.01086956521739,18.0,47.0,56,37,36,1,0,6,0.72,10.140625,44,7,0,0,0,2596,256,16,0,0,1,15.8125,
aeqkad_nu0.2,window,full,fidelity,False,True,16,0.2,25,0,False,iid,0.1,1,s050,7,20.0,5.760869565217389,12.0,48.5,56,38,38,0,0,6,0.76,10.12109375,47,6,0,0,3,2591,256,16,0,0,0,11.75,
aeqkad_nu0.2,window,full,fidelity,False,True,16,0.2,25,0,False,iid,0.1,1,s050,8,24.0,10.434782608695654,16.0,49.5,56,39,37,2,0,6,0.74,10.1953125,47,7,0,0,1,2610,256,16,0,0,1,10.8125,86.0
aeqkad_nu0.2,window,full,fidelity,False,True,16,0.2,25,0,False,iid,0.1,2,s050,2,22.249999999999996,7.01086956521739,4.0,60.5,56,44,43,1,0,6,0.86,12.796875,51,7,0,0,0,3276,256,16,0,0,0,8.6875,
aeqkad_nu0.2,window,full,fidelity,False,True,16,0.2,25,0,False,iid,0.1,2,s050,3,26.0,17.445652173913043,8.0,47.5,56,34,33,1,0,6,0.66,11.77734375,49,11,0,0,4,3015,256,16,0,0,1,15.3125,
aeqkad_nu0.2,window,full,fidelity,False,True,16,0.2,25,0,False,iid,0.1,2,s050,4,23.0,8.097826086956525,10.0,51.5,56,41,40,1,0,6,0.8,11.5234375,48,7,0,0,0,2950,256,16,0,0,0,9.5625,
aeqkad_nu0.2,window,full,fidelity,False,True,16,0.2,25,0,False,iid,0.1,2,s050,5,24.25,11.521739130434785,14.000000000000002,42.5,56,39,37,2,0,6,0.74,10.75390625,46,7,0,0,0,2753,256,16,0,0,0,12.0625,
aeqkad_nu0.2,window,full,fidelity,False,True,16,0.2,25,0,False,iid,0.1,2,s050,6,25.25,8.097826086956525,18.0,51.0,56,38,37,1,0,6,0.74,10.1796875,43,5,0,0,0,2606,256,16,0,0,1,12.75,
aeqkad_nu0.2,window,full,fidelity,False,True,16,0.2,25,0,False,iid,0.1,2,s050,7,15.250000000000002,7.01086956521739,6.0,56.49999999999999,56,43,42,1,0,6,0.84,10.66015625,51,8,1,0,0,2729,256,16,0,0,0,9.5625,
aeqkad_nu0.2,window,full,fidelity,False,True,16,0.2,25,0,False,iid,0.1,2,s050,8,24.0,4.67391304347826,14.000000000000002,52.0,56,39,38,1,0,6,0.76,9.9609375,46,6,0,0,1,2550,256,16,0,0,0,10.5,16.0
window_nu0.1,window,none,fidelity,False,True,16,0.1,25,0,False,iid,0.1,0,s051,2,21.999999999999996,7.01086956521739,6.0,56.49999999999999,56,52,47,5,0,6,0.94,15.27734375,0,0,0,0,0,3911,256,16,0,0,0,9.9375,
window_nu0.1,window,none,fidelity,False,True,16,0.1,25,0,False,iid,0.1,0,s051,3,17.500000000000004,9.184782608695654,10.0,54.50000000000001,56,49,45,4,0,6,0.9,14.609375,0,0,0,0,0,3740,256,16,0,0,1,8.4375,
window_nu0.1,window,none,fidelity,False,True,16,0.1,25,0,False,iid,0.1,0,s051,4,16.750000000000004,7.01086956521739,8.0,49.5,56,48,46,2,0,6,0.92,13.46875,0,0,0,0,0,3448,256,16,0,0,2,8.4375,
window_nu0.1,window,none,fidelity,False,True,16,0.1,25,0,False,iid,0.1,0,s051,5,24.25,15.108695652173914,8.0,70.0,56,51,46,5,0,6,0.92,15.26953125,0,0,0,0,0,3909,256,16,0,0,2,7.5,
window_nu0.1,window,none,fidelity,False,True,16,0.1,25,0,False,iid,0.1,0,s051,6,19.499999999999996,9.347826086956525,8.0,55.50000000000001,56,50,46,4,0,6,0.92,14.0625,0,0,0,0,0,3600,256,16,0,0,1,8.8125,
window_nu0.1,window,none,fidelity,False,True,16,0.1,25,0,False,iid,0.1,0,s051,7,26.25,14.945652173913043,0.0,66.5,56,54,50,4,0,6,1.0,15.1328125,0,0,0,0,0,3874,256,16,0,0,1,8.4375,
window_nu0.1,window,none,fidelity,False,True,16,0.1,25,0,False,iid,0.1,0,s051,8,15.750000000000004,1.0869565217391297,4.0,51.5,56,50,48,2,0,6,0.96,12.90625,0,0,0,0,0,3304,256,16,0,0,0,8.375,20.0
window_nu0.1,window,none,fidelity,False,True,16,0.1,25,0,False,iid,0.1,1,s051,2,17.500000000000004,7.01086956521739,8.0,59.0,56,48,46,2,0,6,0.92,14.9140625,0,0,0,0,0,3818,256,16,0,0,1,10.25,
window_nu0.1,window,none,fidelity,False,True,16,0.1,25,0,False,iid,0.1,1,s051,3,20.0,10.434782608695654,14.000000000000002,52.5,56,48,43,5,0,6,0.86,14.05859375,0,0,0,0,0,3599,256,16,0,0,3,7.5,
window_nu0.1,window,none,fidelity,False,True,16,0.1,25,0,False,iid,0.1,1,s051,4,16.250000000000004,3.58695652173913,8.0,39.5,56,48,46,2,0,6,0.92,13.78515625,0,0,0,0,0,3529,256,16,0,0,1,7.8125,
window_nu0.1,window,none,fidelity,False,True,16,0.1,25,0,False,iid,0.1,1,s051,5,22.249999999999996,10.434782608695654,12.0,56.99999999999999,56,46,44,2,0,6,0.88,14.90625,0,0,0,0,0,3816,256,16,0,0,1,8.625,
window_nu0.1,window,none,fidelity,False,True,16,0.1,25,0,False,iid,0.1,1,s051,6,16.250000000000004,8.097826086956525,6.0,48.0,56,50,47,3,0,6,0.94,14.3046875,0,0,0,0,0,3662,256,16,0,0,0,8.4375,
window_nu0.1,window,none,fidelity,False,True,16,0.1,25,0,False,iid,0.1,1,s051,7,21.249999999999996,5.923913043478259,8.0,56.99999999999999,56,49,46,3,0,6,0.92,14.69921875,0,0,0,0,0,3763,256,16,0,0,0,9.0625,
window_nu0.1,window,none,fidelity,False,True,16,0.1,25,0,False,iid,0.1,1,s051,8,18.000000000000004,10.434782608695654,6.0,46.5,56,49,47,2,0,6,0.94,12.3203125,0,0,0,0,0,3154,256,16,0,0,1,8.125,34.0
window_nu0.1,window,none,fidelity,False,True,16,0.1,25,0,False,iid,0.1,2,s051,2,20.75,19.6195652173913,8.0,55.50000000000001,56,48,46,2,0,6,0.92,15.109375,0,0,0,0,0,3868,256,16,0,0,1,9.75,
window_nu0.1,window,none,fidelity,False,True,16,0.1,25,0,False,iid,0.1,2,s051,3,19.749999999999996,8.097826086956525,12.0,47.5,56,47,44,3,0,6,0.88,14.56640625,0,0,0,0,0,3729,256,16,0,0,1,7.5,
window_nu0.1,window,none,fidelity,False,True,16,0.1,25,0,False,iid,0.1,2,s051,4,20.0,7.01086956521739,8.0,44.5,56,49,46,3,0,6,0.92,13.78515625,0,0,0,0,0,3529,256,16,0,0,1,7.5,
window_nu0.1,window,none,fidelity,False,True,16,0.1,25,0,False,iid,0.1,2,s051,5,26.0,14.021739130434785,8.0,63.0,56,51,46,5,0,6,0.92,14.98828125,0,0,0,0,0,3837,256,16,0,0,3,7.6875,
window_nu0.1,window,none,fidelity,False,True,16,0.1,25,0,False,iid,0.1,2,s051,6,15.250000000000002,3.75,8.0,48.5,56,48,46,2,0,6,0.92,13.984375,0,0,0,0,0,3580,256,16,0,0,0,8.6875,
window_nu0.1,window,none,fidelity,False,True,16,0.1,25,0,False,iid,0.1,2,s051,7,21.499999999999996,9.510869565217389,8.0,55.00000000000001,56,51,46,5,0,6,0.92,14.74609375,0,0,0,0,0,3775,256,16,0,0,2,8.25,
window_nu0.1,window,none,fidelity,False,True,16,0.1,25,0,False,iid,0.1,2,s051,8,17.750000000000004,7.01086956521739,8.0,43.5,56,48,46,2,0,6,0.92,12.109375,0,0,0,0,0,3100,256,16,0,0,1,9.3125,22.0
window_nu0.2,window,none,fidelity,False,True,16,0.2,25,0,False,iid,0.1,0,s051,2,21.999999999999996,7.01086956521739,6.0,56.49999999999999,56,52,47,5,0,6,0.94,15.25390625,0,0,0,0,0,3905,256,16,0,0,0,9.9375,
window_nu0.2,window,none,fidelity,False,True,16,0.2,25,0,False,iid,0.1,0,s051,3,17.500000000000004,9.184782608695654,10.0,55.00000000000001,56,49,45,4,0,6,0.9,14.6328125,0,0,0,0,0,3746,256,16,0,0,1,8.4375,
window_nu0.2,window,none,fidelity,False,True,16,0.2,25,0,False,iid,0.1,0,s051,4,16.750000000000004,7.01086956521739,8.0,49.5,56,48,46,2,0,6,0.92,13.44921875,0,0,0,0,0,3443,256,16,0,0,2,8.4375,
window_nu0.2,window,none,fidelity,False,True,16,0.2,25,0,False,iid,0.1,0,s051,5,24.25,15.108695652173914,8.0,70.0,56,51,46,5,0,6,0.92,15.26953125,0,0,0,0,0,3909,256,16,0,0,2,7.5,
window_nu0.2,window,none,fidelity,False,True,16,0.2,25,0,False,iid,0.1,0,s051,6,19.499999999999996,9.347826086956525,8.0,55.50000000000001,56,50,46,4,0,6,0.92,14.109375,0,0,0,0,0,3612,256,16,0,0,1,8.8125,
window_nu0.2,window,none,fidelity,False,True,16,0.2,25,0,False,iid,0.1,0,s051,7,27.500000000000004,14.945652173913043,0.0,66.5,56,54,50,4,0,6,1.0,15.1328125,0,0,0,0,0,3874,256,16,0,0,1,8.4375,
window_nu0.2,window,none,fidelity,False,True,16,0.2,25,0,False,iid,0.1,0,s051,8,15.750000000000004,1.0869565217391297,4.0,51.5,56,50,48,2,0,6,0.96,12.8828125,0,0,0,0,0,3298,256,16,0,0,0,8.375,20.0
window_nu0.2,window,none,fidelity,False,True,16,0.2,25,0,False,iid,0.1,1,s051,2,17.500000000000004,7.01086956521739,8.0,59.0,56,48,46,2,0,6,0.92,14.94140625,0,0,0,0,0,3825,256,16,0,0,1,10.25,
window_nu0.2,window,none,fidelity,False,True,16,0.2,25,0,False,iid,0.1,1,s051,3,20.0,10.434782608695654,14.000000000000002,52.5,56,48,43,5,0,6,0.86,14.03515625,0,0,0,0,0,3593,256,16,0,0,3,7.5,
window_nu0.2,window,none,fidelity,False,True,16,0.2,25,0,False,iid,0.1,1,s051,4,16.250000000000004,3.58695652173913,8.0,39.5,56,48,46,2,0,6,0.92,13.80859375,0,0,0,0,0,3535,256,16,0,0,1,7.8125,
window_nu0.2,window,none,fidelity,False,True,16,0.2,25,0,False,iid,0.1,1,s051,5,21.749999999999996,10.434782608695654,12.0,56.99999999999999,56,46,44,2,0,6,0.88,14.90625,0,0,0,0,0,3816,256,16,0,0,1,8.625,
window_nu0.2,window,none,fidelity,False,True,16,0.2,25,0,False,iid,0.1,1,s051,6,16.250000000000004,8.097826086956525,6.0,48.0,56,50,47,3,0,6,0.94,14.3046875,0,0,0,0,0,3662,256,16,0,0,0,8.4375,
window_nu0.2,window,none,fidelity,False,True,16,0.2,25,0,False,iid,0.1,1,s051,7,21.249999999999996,5.923913043478259,8.0,56.99999999999999,56,49,46,3,0,6,0.92,14.72265625,0,0,0,0,0,3769,256,16,0,0,0,9.0625,
window_nu0.2,window,none,fidelity,False,True,16,0.2,25,0,False,iid,0.1,1,s051,8,17.750000000000004,10.434782608695654,6.0,46.5,56,50,47,3,0,6,0.94,12.65625,0,0,0,0,0,3240,256,16,0,0,1,8.125,36.0
window_nu0.2,window,none,fidelity,False,True,16,0.2,25,0,False,iid,0.1,2,s051,2,20.75,19.6195652173913,8.0,55.50000000000001,56,48,46,2,0,6,0.92,15.109375,0,0,0,0,0,3868,256,16,0,0,1,9.75,
window_nu0.2,window,none,fidelity,False,True,16,0.2,25,0,False,iid,0.1,2,s051,3,19.749999999999996,8.097826086956525,12.0,47.5,56,47,44,3,0,6,0.88,14.6015625,0,0,0,0,0,3738,256,16,0,0,1,7.5,
window_nu0.2,window,none,fidelity,False,True,16,0.2,25,0,False,iid,0.1,2,s051,4,20.0,7.01086956521739,8.0,44.5,56,49,46,3,0,6,0.92,13.734375,0,0,0,0,0,3516,256,16,0,0,1,7.5,
window_nu0.2,window,none,fidelity,False,True,16,0.2,25,0,False,iid,0.1,2,s051,5,26.0,14.021739130434785,8.0,63.0,56,51,46,5,0,6,0.92,15.01171875,0,0,0,0,0,3843,256,16,0,0,3,7.6875,
window_nu0.2,window,none,fidelity,False,True,16,0.2,25,0,False,iid,0.1,2,s051,6,15.250000000000002,3.75,8.0,48.5,56,48,46,2,0,6,0.92,13.9921875,0,0,0,0,0,3582,256,16,0,0,0,8.6875,
window_nu0.2,window,none,fidelity,False,True,16,0.2,25,0,False,iid,0.1,2,s051,7,21.499999999999996,9.510869565217389,8.0,55.00000000000001,56,51,46,5,0,6,0.92,14.74609375,0,0,0,0,0,3775,256,16,0,0,2,8.25,
window_nu0.2,window,none,fidelity,False,True,16,0.2,25,0,False,iid,0.1,2,s051,8,17.750000000000004,7.01086956521739,8.0,43.5,56,48,46,2,0,6,0.92,12.1328125,0,0,0,0,0,3106,256,16,0,0,1,9.3125,22.0
aeqkad_nu0.1,window,full,fidelity,False,True,16,0.1,25,0,False,iid,0.1,0,s051,2,21.249999999999996,10.434782608695654,8.0,51.0,56,35,34,1,0,6,0.68,14.23828125,50,15,0,0,0,3645,256,16,0,0,0,11.5625,
aeqkad_nu0.1,window,full,fidelity,False,True,16,0.1,25,0,False,iid,0.1,0,s051,3,20.0,9.347826086956525,10.0,48.5,56,42,40,2,0,6,0.8,13.46484375,49,7,0,0,0,3447,256,16,0,0,1,8.4375,
aeqkad_nu0.1,window,full,fidelity,False,True,16,0.1,25,0,False,iid,0.1,0,s051,4,16.500000000000004,7.01086956521739,10.0,38.5,56,39,39,0,0,6,0.78,12.41015625,46,7,0,0,0,3177,256,16,0,0,0,11.125,
aeqkad_nu0.1,window,full,fidelity,False,True,16,0.1,25,0,False,iid,0.1,0,s051,5,28.750000000000004,25.543478260869566,22.0,55.50000000000001,56,31,30,1,0,6,0.6,13.0625,43,12,0,0,0,3344,256,16,0,0,1,9.9375,
aeqkad_nu0.1,window,full,fidelity,False,True,16,0.1,25,0,False,iid,0.1,0,s051,6,26.5,8.260869565217389,12.0,50.5,56,39,37,2,0,6,0.74,13.609375,48,9,0,0,0,3484,256,16,0,0,0,13.0,
aeqkad_nu0.1,window,full,fidelity,False,True,16,0.1,25,0,False,iid,0.1,0,s051,7,26.25,14.021739130434785,8.0,56.49999999999999,56,38,37,1,0,6,0.74,13.7578125,49,11,0,0,0,3522,256,16,0,0,0,14.6875,
aeqkad_nu0.1,window,full,fidelity,False,True,16,0.1,25,0,False,iid,0.1,0,s051,8,21.999999999999996,14.021739130434785,14.000000000000002,41.0,56,35,35,0,0,6,0.7,11.12109375,44,9,0,0,0,2847,256,16,0,0,0,10.0,16.0
aeqkad_nu0.1,window,full,fidelity,False,True,16,0.1,25,0,False,iid,0.1,1,s051,2,21.749999999999996,4.67391304347826,10.0,50.5,56,41,39,2,0,6,0.78,14.78515625,47,6,8,0,0,3785,256,16,0,0,1,11.5625,
aeqkad_nu0.1,window,full,fidelity,False,True,16,0.1,25,0,False,iid,0.1,1,s051,3,20.249999999999996,12.771739130434783,14.000000000000002,44.0,56,42,40,2,0,6,0.8,13.46875,45,3,9,0,0,3448,256,16,0,0,1,9.25,
aeqkad_nu0.1,window,full,fidelity,False,True,16,0.1,25,0,False,iid,0.1,1,s051,4,16.000000000000004,4.67391304347826,10.0,33.0,56,39,38,1,0,6,0.76,12.93359375,48,8,10,0,1,3311,256,16,0,0,0,11.375,
aeqkad_nu0.1,window,full,fidelity,False,True,16,0.1,25,0,False,iid,0.1,1,s051,5,30.25,17.445652173913043,16.0,58.5,56,35,35,0,0,6,0.7,13.86328125,44,9,11,0,0,3549,256,16,0,0,0,10.0625,
aeqkad_nu0.1,window,full,fidelity,False,True,16,0.1,25,0,False,iid,0.1,1,s051,6,21.999999999999996,7.01086956521739,10.0,45.0,56,40,38,2,0,6,0.76,13.5234375,48,8,6,0,0,3462,256,16,0,0,0,10.9375,
aeqkad_nu0.1,window,full,fidelity,False,True,16,0.1,25,0,False,iid,0.1,1,s051,7,24.0,12.771739130434783,10.0,53.5,56,38,38,0,0,6,0.76,13.8359375,47,9,6,0,0,3542,256,16,0,0,0,13.8125,
aeqkad_nu0.1,window,full,fidelity,False,True,16,0.1,25,0,False,iid,0.1,1,s051,8,26.5,17.445652173913043,20.0,44.5,56,36,35,1,0,6,0.7,11.2890625,43,4,5,0,3,2890,256,16,0,0,0,9.4375,18.0
aeqkad_nu0.1,window,full,fidelity,False,True,16,0.1,25,0,False,iid,0.1,2,s051,2,21.249999999999996,9.347826086956525,10.0,51.0,56,37,37,0,0,6,0.74,14.36328125,46,9,1,0,0,3677,256,16,0,0,0,12.625,
aeqkad_nu0.1,window,full,fidelity,False,True,16,0.1,25,0,False,iid,0.1,2,s051,3,20.0,2.5,14.000000000000002,45.5,56,44,41,3,0,6,0.82,13.9453125,46,2,2,0,0,3570,256,16,0,0,1,7.5,
aeqkad_nu0.1,window,full,fidelity,False,True,16,0.1,25,0,False,iid,0.1,2,s051,4,17.750000000000004,5.923913043478259,10.0,35.5,56,38,38,0,0,6,0.76,12.79296875,49,10,3,0,1,3275,256,16,0,0,0,10.875,
aeqkad_nu0.1,window,full,fidelity,False,True,16,0.1,25,0,False,iid,0.1,2,s051,5,30.999999999999993,20.869565217391305,24.0,57.49999999999999,56,31,30,1,0,6,0.6,12.9609375,42,11,3,0,0,3318,256,16,0,0,1,10.8125,
aeqkad_nu0.1,window,full,fidelity,False,True,16,0.1,25,0,False,iid,0.1,2,s051,6,27.500000000000004,9.510869565217389,14.000000000000002,48.5,56,37,37,0,0,6,0.74,13.421875,45,7,0,0,1,3436,256,16,0,0,0,11.5,
aeqkad_nu0.1,window,full,fidelity,False,True,16,0.1,25,0,False,iid,0.1,2,s051,7,22.249999999999996,10.434782608695654,10.0,48.5,56,40,38,2,0,6,0.76,13.91796875,50,9,0,0,1,3563,256,16,0,0,1,13.6875,
aeqkad_nu0.1,window,full,fidelity,False,True,16,0.1,25,0,False,iid,0.1,2,s051,8,23.75,15.108695652173914,14.000000000000002,45.0,56,38,37,1,0,6,0.74,11.05859375,44,6,2,0,0,2831,256,16,0,0,0,12.0,20.0
aeqkad_nu0.2,window,full,fidelity,False,True,16,0.2,25,0,False,iid,0.1,0,s051,2,21.499999999999996,10.434782608695654,8.0,51.0,56,35,34,1,0,6,0.68,14.2890625,50,15,0,0,0,3658,256,16,0,0,0,11.5625,
aeqkad_nu0.2,window,full,fidelity,False,True,16,0.2,25,0,False,iid,0.1,0,s051,3,20.0,9.347826086956525,10.0,49.0,56,42,40,2,0,6,0.8,13.46484375,49,7,0,0,0,3447,256,16,0,0,1,8.4375,
aeqkad_nu0.2,window,full,fidelity,False,True,16,0.2,25,0,False,iid,0.1,0,s051,4,16.500000000000004,7.01086956521739,10.0,38.5,56,39,39,0,0,6,0.78,12.390625,46,7,0,0,0,3172,256,16,0,0,0,11.125,
aeqkad_nu0.2,window,full,fidelity,False,True,16,0.2,25,0,False,iid,0.1,0,s051,5,28.750000000000004,25.543478260869566,22.0,55.50000000000001,56,31,30,1,0,6,0.6,13.0625,43,12,0,0,0,3344,256,16,0,0,1,9.9375,
aeqkad_nu0.2,window,full,fidelity,False,True,16,0.2,25,0,False,iid,0.1,0,s051,6,26.5,8.260869565217389,12.0,50.5,56,39,37,2,0,6,0.74,13.609375,48,9,0,0,0,3484,256,16,0,0,0,13.0,
aeqkad_nu0.2,window,full,fidelity,False,True,16,0.2,25,0,False,iid,0.1,0,s051,7,26.25,14.021739130434785,8.0,56.49999999999999,56,38,37,1,0,6,0.74,13.78125,49,11,0,0,0,3528,256,16,0,0,0,14.6875,
aeqkad_nu0.2,window,full,fidelity,False,True,16,0.2,25,0,False,iid,0.1,0,s051,8,21.999999999999996,14.021739130434785,14.000000000000002,41.0,56,35,35,0,0,6,0.7,11.12109375,44,9,0,0,0,2847,256,16,0,0,0,10.0,16.0
aeqkad_nu0.2,window,full,fidelity,False,True,16,0.2,25,0,False,iid,0.1,1,s051,2,21.749999999999996,4.67391304347826,10.0,50.5,56,41,39,2,0,6,0.78,14.83203125,47,6,8,0,0,3797,256,16,0,0,1,11.5625,
aeqkad_nu0.2,window,full,fidelity,False,True,16,0.2,25,0,False,iid,0.1,1,s051,3,20.249999999999996,12.771739130434783,14.000000000000002,44.0,56,42,40,2,0,6,0.8,13.49609375,45,3,9,0,0,3455,256,16,0,0,1,9.25,
aeqkad_nu0.2,window,full,fidelity,False,True,16,0.2,25,0,False,iid,0.1,1,s051,4,16.000000000000004,4.67391304347826,10.0,33.0,56,39,38,1,0,6,0.76,12.93359375,48,8,10,0,1,3311,256,16,0,0,0,11.375,
aeqkad_nu0.2,window,full,fidelity,False,True,16,0.2,25,0,False,iid,0.1,1,s051,5,30.25,17.445652173913043,16.0,58.5,56,35,35,0,0,6,0.7,13.86328125,44,9,11,0,0,3549,256,16,0,0,0,10.0625,
aeqkad_nu0.2,window,full,fidelity,False,True,16,0.2,25,0,False,iid,0.1,1,s051,6,21.999999999999996,7.01086956521739,10.0,45.0,56,40,38,2,0,6,0.76,13.55078125,48,8,6,0,0,3469,256,16,0,0,0,10.9375,
aeqkad_nu0.2,window,full,fidelity,False,True,16,0.2,25,0,False,iid,0.1,1,s051,7,24.0,12.771739130434783,10.0,53.5,56,38,38,0,0,6,0.76,13.8359375,47,9,6,0,0,3542,256,16,0,0,0,13.8125,
aeqkad_nu0.2,window,full,fidelity,False,True,16,0.2,25,0,False,iid,0.1,1,s051,8,26.5,17.445652173913043,20.0,44.5,56,36,35,1,0,6,0.7,11.2890625,43,4,5,0,3,2890,256,16,0,0,0,9.4375,18.0
aeqkad_nu0.2,window,full,fidelity,False,True,16,0.2,25,0,False,iid,0.1,2,s051,2,21.249999999999996,9.347826086956525,10.0,51.0,56,37,37,0,0,6,0.74,14.36328125,46,9,1,0,0,3677,256,16,0,0,0,12.625,
aeqkad_nu0.2,window,full,fidelity,False,True,16,0.2,25,0,False,iid,0.1,2,s051,3,20.0,2.5,14.000000000000002,45.5,56,44,41,3,0,6,0.82,13.9453125,46,2,2,0,0,3570,256,16,0,0,1,7.5,
aeqkad_nu0.2,window,full,fidelity,False,True,16,0.2,25,0,False,iid,0.1,2,s051,4,17.750000000000004,5.923913043478259,10.0,35.5,56,38,38,0,0,6,0.76,12.765625,49,10,3,0,1,3268,256,16,0,0,0,10.875,
aeqkad_nu0.2,window,full,fidelity,False,True,16,0.2,25,0,False,iid,0.1,2,s051,5,30.999999999999993,20.869565217391305,24.0,57.49999999999999,56,31,30,1,0,6,0.6,12.9609375,42,11,3,0,0,3318,256,16,0,0,1,10.8125,
aeqkad_nu0.2,window,full,fidelity,False,True,16,0.2,25,0,False,iid,0.1,2,s051,6,27.500000000000004,9.510869565217389,14.000000000000002,48.5,56,37,37,0,0,6,0.74,13.421875,45,7,0,0,1,3436,256,16,0,0,0,11.5,
aeqkad_nu0.2,window,full,fidelity,False,True,16,0.2,25,0,False,iid,0.1,2,s051,7,22.249999999999996,10.434782608695654,10.0,48.5,56,40,38,2,0,6,0.76,13.91796875,50,9,0,0,1,3563,256,16,0,0,1,13.6875,
aeqkad_nu0.2,window,full,fidelity,False,True,16,0.2,25,0,False,iid,0.1,2,s051,8,23.75,15.108695652173914,14.000000000000002,45.0,56,38,37,1,0,6,0.74,11.01171875,44,6,2,0,0,2819,256,16,0,0,0,12.0,20.0
window_nu0.1,window,none,fidelity,False,True,16,0.1,25,0,False,iid,0.1,0,s052,2,7.999999999999999,0.0,4.0,37.0,56,51,48,3,0,6,0.96,12.87109375,0,0,0,0,0,3295,256,16,0,0,0,9.4375,
window_nu0.1,window,none,fidelity,False,True,16,0.1,25,0,False,iid,0.1,0,s052,3,9.749999999999998,0.0,8.0,20.5,56,48,46,2,0,6,0.92,11.54296875,0,0,0,0,0,2955,256,16,0,0,1,8.625,
window_nu0.1,window,none,fidelity,False,True,16,0.1,25,0,False,iid,0.1,0,s052,4,4.000000000000002,0.0,2.0,14.000000000000002,56,50,49,1,0,6,0.98,9.578125,0,0,0,0,0,2452,256,16,0,0,0,8.4375,
window_nu0.1,window,none,fidelity,False,True,16,0.1,25,0,False,iid,0.1,0,s052,5,6.250000000000003,0.0,2.0,14.000000000000002,56,50,49,1,0,6,0.98,8.5390625,0,0,0,0,0,2186,256,16,0,0,0,8.6875,
window_nu0.1,window,none,fidelity,False,True,16,0.1,25,0,False,iid,0.1,0,s052,6,5.499999999999998,0.0,6.0,16.5,56,48,47,1,0,6,0.94,9.20703125,0,0,0,0,0,2357,256,16,0,0,0,8.125,
window_nu0.1,window,none,fidelity,False,True,16,0.1,25,0,False,iid,0.1,0,s052,7,2.5000000000000018,0.0,2.0,17.5,56,49,49,0,0,6,0.98,9.80078125,0,0,0,0,0,2509,256,16,0,0,0,8.5,
window_nu0.1,window,none,fidelity,False,True,16,0.1,25,0,False,iid,0.1,0,s052,8,6.250000000000003,0.0,6.0,8.5,56,47,47,0,0,6,0.94,8.63671875,0,0,0,0,0,2211,256,16,0,0,0,9.25,90.0
window_nu0.1,window,none,fidelity,False,True,16,0.1,25,0,False,iid,0.1,1,s052,2,7.500000000000003,0.0,4.0,18.5,56,49,48,1,0,6,0.96,12.42578125,0,0,0,0,0,3181,256,16,0,0,1,9.5625,
window_nu0.1,window,none,fidelity,False,True,16,0.1,25,0,False,iid,0.1,1,s052,3,9.749999999999998,0.0,4.0,19.0,56,49,48,1,0,6,0.96,11.90234375,0,0,0,0,0,3047,256,16,0,0,0,8.4375,
window_nu0.1,window,none,fidelity,False,True,16,0.1,25,0,False,iid,0.1,1,s052,4,6.7500000000000036,0.0,2.0,15.0,56,51,49,2,0,6,0.98,9.3515625,0,0,0,0,0,2394,256,16,0,0,1,7.5,
window_nu0.1,window,none,fidelity,False,True,16,0.1,25,0,False,iid,0.1,1,s052,5,6.250000000000003,0.0,0.0,23.5,56,51,50,1,0,6,1.0,8.91015625,0,0,0,0,0,2281,256,16,0,0,0,8.0,
window_nu0.1,window,none,fidelity,False,True,16,0.1,25,0,False,iid,0.1,1,s052,6,6.249999999999998,2.33695652173913,6.0,21.0,56,49,47,2,0,6,0.94,9.37109375,0,0,0,0,0,2399,256,16,0,0,1,8.3125,
window_nu0.1,window,none,fidelity,False,True,16,0.1,25,0,False,iid,0.1,1,s052,7,8.249999999999998,0.0,2.0,28.499999999999996,56,52,49,3,0,6,0.98,10.48046875,0,0,0,0,0,2683,256,16,0,0,0,8.875,
window_nu0.1,window,none,fidelity,False,True,16,0.1,25,0,False,iid,0.1,1,s052,8,7.499999999999998,0.0,6.0,9.5,56,47,47,0,0,6,0.94,8.87109375,0,0,0,0,0,2271,256,16,0,0,0,8.3125,10.0
window_nu0.1,window,none,fidelity,False,True,16,0.1,25,0,False,iid,0.1,2,s052,2,6.499999999999997,0.0,4.0,29.5,56,50,48,2,0,6,0.96,12.484375,0,0,0,0,0,3196,256,16,0,0,1,9.5,
window_nu0.1,window,none,fidelity,False,True,16,0.1,25,0,False,iid,0.1,2,s052,3,11.75,0.0,4.0,31.5,56,50,48,2,0,6,0.96,12.08984375,0,0,0,0,0,3095,256,16,0,0,1,9.125,
window_nu0.1,window,none,fidelity,False,True,16,0.1,25,0,False,iid,0.1,2,s052,4,4.500000000000002,0.0,2.0,10.0,56,50,49,1,0,6,0.98,9.53515625,0,0,0,0,0,2441,256,16,0,0,0,7.9375,
window_nu0.1,window,none,fidelity,False,True,16,0.1,25,0,False,iid,0.1,2,s052,5,5.250000000000003,0.0,2.0,19.5,56,51,49,2,0,6,0.98,8.79296875,0,0,0,0,0,2251,256,16,0,0,0,7.6875,
window_nu0.1,window,none,fidelity,False,True,16,0.1,25,0,False,iid,0.1,2,s052,6,10.249999999999998,0.0,6.0,15.5,56,50,47,3,0,6,0.94,9.83984375,0,0,0,0,0,2519,256,16,0,0,1,7.875,
window_nu0.1,window,none,fidelity,False,True,16,0.1,25,0,False,iid,0.1,2,s052,7,3.5000000000000018,0.0,2.0,22.0,56,49,49,0,0,6,0.98,10.05859375,0,0,0,0,0,2575,256,16,0,0,0,8.6875,
window_nu0.1,window,none,fidelity,False,True,16,0.1,25,0,False,iid,0.1,2,s052,8,5.750000000000003,0.0,4.0,5.5,56,48,48,0,0,6,0.96,8.8203125,0,0,0,0,0,2258,256,16,0,0,0,8.125,60.0
window_nu0.2,window,none,fidelity,False,True,16,0.2,25,0,False,iid,0.1,0,s052,2,7.999999999999999,0.0,4.0,37.0,56,51,48,3,0,6,0.96,12.87109375,0,0,0,0,0,3295,256,16,0,0,0,9.4375,
window_nu0.2,window,none,fidelity,False,True,16,0.2,25,0,False,iid,0.1,0,s052,3,9.749999999999998,0.0,8.0,20.5,56,48,46,2,0,6,0.92,11.54296875,0,0,0,0,0,2955,256,16,0,0,1,8.625,
window_nu0.2,window,none,fidelity,False,True,16,0.2,25,0,False,iid,0.1,0,s052,4,4.000000000000002,0.0,2.0,14.000000000000002,56,50,49,1,0,6,0.98,9.60546875,0,0,0,0,0,2459,256,16,0,0,0,8.4375,
window_nu0.2,window,none,fidelity,False,True,16,0.2,25,0,False,iid,0.1,0,s052,5,6.250000000000003,0.0,2.0,14.000000000000002,56,50,49,1,0,6,0.98,8.58203125,0,0,0,0,0,2197,256,16,0,0,0,8.6875,
window_nu0.2,window,none,fidelity,False,True,16,0.2,25,0,False,iid,0.1,0,s052,6,5.499999999999998,0.0,6.0,16.5,56,48,47,1,0,6,0.94,9.20703125,0,0,0,0,0,2357,256,16,0,0,0,8.125,
window_nu0.2,window,none,fidelity,False,True,16,0.2,25,0,False,iid,0.1,0,s052,7,2.5000000000000018,0.0,2.0,17.5,56,49,49,0,0,6,0.98,9.75390625,0,0,0,0,0,2497,256,16,0,0,0,8.5,
window_nu0.2,window,none,fidelity,False,True,16,0.2,25,0,False,iid,0.1,0,s052,8,6.250000000000003,0.0,6.0,8.5,56,47,47,0,0,6,0.94,8.6328125,0,0,0,0,0,2210,256,16,0,0,0,9.25,90.0
window_nu0.2,window,none,fidelity,False,True,16,0.2,25,0,False,iid,0.1,1,s052,2,7.500000000000003,0.0,4.0,18.5,56,49,48,1,0,6,0.96,12.44921875,0,0,0,0,0,3187,256,16,0,0,1,9.5625,
window_nu0.2,window,none,fidelity,False,True,16,0.2,25,0,False,iid,0.1,1,s052,3,9.749999999999998,0.0,4.0,19.0,56,49,48,1,0,6,0.96,11.90234375,0,0,0,0,0,3047,256,16,0,0,0,8.4375,
window_nu0.2,window,none,fidelity,False,True,16,0.2,25,0,False,iid,0.1,1,s052,4,6.7500000000000036,0.0,2.0,15.0,56,51,49,2,0,6,0.98,9.32421875,0,0,0,0,0,2387,256,16,0,0,1,7.5,
window_nu0.2,window,none,fidelity,False,True,16,0.2,25,0,False,iid,0.1,1,s052,5,6.250000000000003,0.0,0.0,23.5,56,51,50,1,0,6,1.0,8.91015625,0,0,0,0,0,2281,256,16,0,0,0,8.0,
window_nu0.2,window,none,fidelity,False,True,16,0.2,25,0,False,iid,0.1,1,s052,6,6.249999999999998,2.33695652173913,6.0,21.0,56,49,47,2,0,6,0.94,9.375,0,0,0,0,0,2400,256,16,0,0,1,8.3125,
window_nu0.2,window,none,fidelity,False,True,16,0.2,25,0,False,iid,0.1,1,s052,7,8.249999999999998,0.0,2.0,28.499999999999996,56,52,49,3,0,6,0.98,10.55078125,0,0,0,0,0,2701,256,16,0,0,0,8.875,
window_nu0.2,window,none,fidelity,False,True,16,0.2,25,0,False,iid,0.1,1,s052,8,7.499999999999998,0.0,6.0,9.5,56,47,47,0,0,6,0.94,8.8671875,0,0,0,0,0,2270,256,16,0,0,0,8.3125,10.0
window_nu0.2,window,none,fidelity,False,True,16,0.2,25,0,False,iid,0.1,2,s052,2,6.499999999999997,0.0,4.0,29.5,56,50,48,2,0,6,0.96,12.484375,0,0,0,0,0,3196,256,16,0,0,1,9.5,
window_nu0.2,window,none,fidelity,False,True,16,0.2,25,0,False,iid,0.1,2,s052,3,11.75,0.0,4.0,31.5,56,50,48,2,0,6,0.96,12.08984375,0,0,0,0,0,3095,256,16,0,0,1,9.125,
window_nu0.2,window,none,fidelity,False,True,16,0.2,25,0,False,iid,0.1,2,s052,4,4.500000000000002,0.0,2.0,10.0,56,50,49,1,0,6,0.98,9.5546875,0,0,0,0,0,2446,256,16,0,0,0,7.9375,
window_nu0.2,window,none,fidelity,False,True,16,0.2,25,0,False,iid,0.1,2,s052,5,5.250000000000003,0.0,2.0,19.5,56,51,49,2,0,6,0.98,8.79296875,0,0,0,0,0,2251,256,16,0,0,0,7.6875,
window_nu0.2,window,none,fidelity,False,True,16,0.2,25,0,False,iid,0.1,2,s052,6,10.249999999999998,0.0,6.0,15.5,56,50,47,3,0,6,0.94,9.83984375,0,0,0,0,0,2519,256,16,0,0,1,7.875,
window_nu0.2,window,none,fidelity,False,True,16,0.2,25,0,False,iid,0.1,2,s052,7,3.5000000000000018,0.0,2.0,22.0,56,49,49,0,0,6,0.98,10.0625,0,0,0,0,0,2576,256,16,0,0,0,8.6875,
window_nu0.2,window,none,fidelity,False,True,16,0.2,25,0,False,iid,0.1,2,s052,8,5.750000000000003,0.0,4.0,5.5,56,48,48,0,0,6,0.96,8.84375,0,0,0,0,0,2264,256,16,0,0,0,8.125,60.0
aeqkad_nu0.1,window,full,fidelity,False,True,16,0.1,25,0,False,iid,0.1,0,s052,2,8.749999999999998,0.0,6.0,22.5,56,41,41,0,0,6,0.82,12.17578125,48,7,0,0,0,3117,256,16,0,0,0,11.8125,
aeqkad_nu0.1,window,full,fidelity,False,True,16,0.1,25,0,False,iid,0.1,0,s052,3,11.249999999999998,0.0,12.0,14.499999999999998,56,39,39,0,0,6,0.78,9.390625,45,4,0,0,2,2404,256,16,0,0,0,11.75,
aeqkad_nu0.1,window,full,fidelity,False,True,16,0.1,25,0,False,iid,0.1,0,s052,4,4.000000000000002,0.0,2.0,8.0,56,47,47,0,0,6,0.94,8.64453125,50,3,0,0,0,2213,256,16,0,0,0,9.0625,
aeqkad_nu0.1,window,full,fidelity,False,True,16,0.1,25,0,False,iid,0.1,0,s052,5,4.250000000000002,0.0,0.0,14.000000000000002,56,46,46,0,0,6,0.92,7.62890625,50,4,0,0,0,1953,256,16,0,0,0,10.5625,
aeqkad_nu0.1,window,full,fidelity,False,True,16,0.1,25,0,False,iid,0.1,0,s052,6,10.0,0.0,6.0,11.5,56,44,44,0,0,6,0.88,7.79296875,47,3,0,0,0,1995,256,16,0,0,0,8.125,
aeqkad_nu0.1,window,full,fidelity,False,True,16,0.1,25,0,False,iid,0.1,0,s052,7,5.750000000000002,0.0,2.0,14.499999999999998,56,48,48,0,0,6,0.96,9.53515625,49,1,0,0,0,2441,256,16,0,0,0,8.5,
aeqkad_nu0.1,window,full,fidelity,False,True,16,0.1,25,0,False,iid,0.1,0,s052,8,5.250000000000003,0.0,6.0,8.5,56,46,46,0,0,6,0.92,8.81640625,47,1,0,0,0,2257,256,16,0,0,0,9.75,76.0
aeqkad_nu0.1,window,full,fidelity,False,True,16,0.1,25,0,False,iid,0.1,1,s052,2,7.749999999999998,0.0,6.0,17.0,56,42,42,0,0,6,0.84,11.9921875,47,5,0,0,0,3070,256,16,0,0,0,13.0625,
aeqkad_nu0.1,window,full,fidelity,False,True,16,0.1,25,0,False,iid,0.1,1,s052,3,11.5,0.0,14.000000000000002,10.0,56,39,39,0,0,6,0.78,9.640625,44,5,0,0,0,2468,256,16,0,0,0,10.8125,
aeqkad_nu0.1,window,full,fidelity,False,True,16,0.1,25,0,False,iid,0.1,1,s052,4,5.750000000000003,0.0,2.0,11.0,56,47,46,1,0,6,0.92,8.859375,50,3,0,0,0,2268,256,16,0,0,0,9.625,
aeqkad_nu0.1,window,full,fidelity,False,True,16,0.1,25,0,False,iid,0.1,1,s052,5,4.250000000000002,0.0,2.0,9.5,56,45,45,0,0,6,0.9,7.6484375,49,4,0,0,0,1958,256,16,0,0,0,11.0,
aeqkad_nu0.1,window,full,fidelity,False,True,16,0.1,25,0,False,iid,0.1,1,s052,6,9.749999999999998,0.0,8.0,10.5,56,44,44,0,0,6,0.88,7.78125,47,3,0,0,0,1992,256,16,0,0,0,9.125,
aeqkad_nu0.1,window,full,fidelity,False,True,16,0.1,25,0,False,iid,0.1,1,s052,7,2.2500000000000018,0.0,4.0,8.0,56,47,47,0,0,6,0.94,9.07421875,48,1,0,0,0,2323,256,16,0,0,0,8.875,
aeqkad_nu0.1,window,full,fidelity,False,True,16,0.1,25,0,False,iid,0.1,1,s052,8,7.749999999999998,0.0,6.0,9.5,56,46,46,0,0,6,0.92,8.6953125,47,1,0,0,0,2226,256,16,0,0,0,8.8125,10.0
aeqkad_nu0.1,window,full,fidelity,False,True,16,0.1,25,0,False,iid,0.1,2,s052,2,8.249999999999998,0.0,6.0,28.999999999999996,56,42,42,0,0,6,0.84,12.10546875,48,6,0,0,0,3099,256,16,0,0,0,12.9375,
aeqkad_nu0.1,window,full,fidelity,False,True,16,0.1,25,0,False,iid,0.1,2,s052,3,11.75,0.0,10.0,11.5,56,39,39,0,0,6,0.78,9.453125,46,6,0,0,1,2420,256,16,0,0,0,11.4375,
aeqkad_nu0.1,window,full,fidelity,False,True,16,0.1,25,0,False,iid,0.1,2,s052,4,4.000000000000002,0.0,2.0,6.0,56,47,47,0,0,6,0.94,8.55859375,50,3,0,0,0,2191,256,16,0,0,0,8.5625,
aeqkad_nu0.1,window,full,fidelity,False,True,16,0.1,25,0,False,iid,0.1,2,s052,5,6.7500000000000036,0.0,0.0,14.000000000000002,56,46,46,0,0,6,0.92,8.01953125,50,4,0,0,0,2053,256,16,0,0,0,9.5,
aeqkad_nu0.1,window,full,fidelity,False,True,16,0.1,25,0,False,iid,0.1,2,s052,6,6.000000000000003,0.0,6.0,7.000000000000001,56,44,44,0,0,6,0.88,8.04296875,48,4,0,0,0,2059,256,16,0,0,0,8.625,
aeqkad_nu0.1,window,full,fidelity,False,True,16,0.1,25,0,False,iid,0.1,2,s052,7,4.250000000000002,0.0,2.0,12.5,56,48,48,0,0,6,0.96,9.546875,49,1,0,0,0,2444,256,16,0,0,0,8.6875,
aeqkad_nu0.1,window,full,fidelity,False,True,16,0.1,25,0,False,iid,0.1,2,s052,8,5.750000000000003,0.0,6.0,6.5,56,46,46,0,0,6,0.92,8.265625,47,1,0,0,0,2116,256,16,0,0,0,9.625,52.0
aeqkad_nu0.2,window,full,fidelity,False,True,16,0.2,25,0,False,iid,0.1,0,s052,2,8.749999999999998,0.0,6.0,22.5,56,41,41,0,0,6,0.82,12.17578125,48,7,0,0,0,3117,256,16,0,0,0,11.8125,
aeqkad_nu0.2,window,full,fidelity,False,True,16,0.2,25,0,False,iid,0.1,0,s052,3,11.249999999999998,0.0,12.0,14.499999999999998,56,39,39,0,0,6,0.78,9.390625,45,4,0,0,2,2404,256,16,0,0,0,11.75,
aeqkad_nu0.2,window,full,fidelity,False,True,16,0.2,25,0,False,iid,0.1,0,s052,4,4.000000000000002,0.0,2.0,8.0,56,47,47,0,0,6,0.94,8.6484375,50,3,0,0,0,2214,256,16,0,0,0,9.0625,
aeqkad_nu0.2,window,full,fidelity,False,True,16,0.2,25,0,False,iid,0.1,0,s052,5,4.250000000000002,0.0,0.0,14.000000000000002,56,46,46,0,0,6,0.92,7.62890625,50,4,0,0,0,1953,256,16,0,0,0,10.5625,
aeqkad_nu0.2,window,full,fidelity,False,True,16,0.2,25,0,False,iid,0.1,0,s052,6,10.0,0.0,6.0,11.5,56,44,44,0,0,6,0.88,7.81640625,47,3,0,0,0,2001,256,16,0,0,0,8.125,
aeqkad_nu0.2,window,full,fidelity,False,True,16,0.2,25,0,False,iid,0.1,0,s052,7,5.750000000000002,0.0,2.0,14.499999999999998,56,48,48,0,0,6,0.96,9.5625,49,1,0,0,0,2448,256,16,0,0,0,8.5,
aeqkad_nu0.2,window,full,fidelity,False,True,16,0.2,25,0,False,iid,0.1,0,s052,8,5.250000000000003,0.0,6.0,8.5,56,46,46,0,0,6,0.92,8.81640625,47,1,0,0,0,2257,256,16,0,0,0,9.75,76.0
aeqkad_nu0.2,window,full,fidelity,False,True,16,0.2,25,0,False,iid,0.1,1,s052,2,7.749999999999998,0.0,6.0,17.0,56,42,42,0,0,6,0.84,11.9921875,47,5,0,0,0,3070,256,16,0,0,0,13.0625,
aeqkad_nu0.2,window,full,fidelity,False,True,16,0.2,25,0,False,iid,0.1,1,s052,3,11.5,0.0,14.000000000000002,10.0,56,39,39,0,0,6,0.78,9.6640625,44,5,0,0,0,2474,256,16,0,0,0,10.8125,
aeqkad_nu0.2,window,full,fidelity,False,True,16,0.2,25,0,False,iid,0.1,1,s052,4,5.750000000000003,0.0,2.0,11.0,56,47,46,1,0,6,0.92,8.859375,50,3,0,0,0,2268,256,16,0,0,0,9.625,
aeqkad_nu0.2,window,full,fidelity,False,True,16,0.2,25,0,False,iid,0.1,1,s052,5,4.250000000000002,0.0,2.0,9.5,56,45,45,0,0,6,0.9,7.6484375,49,4,0,0,0,1958,256,16,0,0,0,11.0,
aeqkad_nu0.2,window,full,fidelity,False,True,16,0.2,25,0,False,iid,0.1,1,s052,6,9.749999999999998,0.0,8.0,10.5,56,44,44,0,0,6,0.88,7.8046875,47,3,0,0,0,1998,256,16,0,0,0,9.125,
aeqkad_nu0.2,window,full,fidelity,False,True,16,0.2,25,0,False,iid,0.1,1,s052,7,2.2500000000000018,0.0,4.0,8.0,56,47,47,0,0,6,0.94,9.125,48,1,0,0,0,2336,256,16,0,0,0,8.875,
aeqkad_nu0.2,window,full,fidelity,False,True,16,0.2,25,0,False,iid,0.1,1,s052,8,7.749999999999998,0.0,6.0,9.5,56,46,46,0,0,6,0.92,8.69140625,47,1,0,0,0,2225,256,16,0,0,0,8.8125,10.0
aeqkad_nu0.2,window,full,fidelity,False,True,16,0.2,25,0,False,iid,0.1,2,s052,2,8.249999999999998,0.0,6.0,28.999999999999996,56,42,42,0,0,6,0.84,12.08203125,48,6,0,0,0,3093,256,16,0,0,0,12.9375,
aeqkad_nu0.2,window,full,fidelity,False,True,16,0.2,25,0,False,iid,0.1,2,s052,3,11.75,0.0,10.0,11.5,56,39,39,0,0,6,0.78,9.4765625,46,6,0,0,1,2426,256,16,0,0,0,11.4375,
aeqkad_nu0.2,window,full,fidelity,False,True,16,0.2,25,0,False,iid,0.1,2,s052,4,4.000000000000002,0.0,2.0,6.0,56,47,47,0,0,6,0.94,8.58203125,50,3,0,0,0,2197,256,16,0,0,0,8.5625,
aeqkad_nu0.2,window,full,fidelity,False,True,16,0.2,25,0,False,iid,0.1,2,s052,5,6.7500000000000036,0.0,0.0,14.000000000000002,56,46,46,0,0,6,0.92,8.01953125,50,4,0,0,0,2053,256,16,0,0,0,9.5,
aeqkad_nu0.2,window,full,fidelity,False,True,16,0.2,25,0,False,iid,0.1,2,s052,6,6.000000000000003,0.0,6.0,7.000000000000001,56,44,44,0,0,6,0.88,8.04296875,48,4,0,0,0,2059,256,16,0,0,0,8.625,
aeqkad_nu0.2,window,full,fidelity,False,True,16,0.2,25,0,False,iid,0.1,2,s052,7,4.250000000000002,0.0,2.0,12.5,56,48,48,0,0,6,0.96,9.59375,49,1,0,0,0,2456,256,16,0,0,0,8.6875,
aeqkad_nu0.2,window,full,fidelity,False,True,16,0.2,25,0,False,iid,0.1,2,s052,8,5.750000000000003,0.0,6.0,6.5,56,46,46,0,0,6,0.92,8.265625,47,1,0,0,0,2116,256,16,0,0,0,9.625,52.0
window_nu0.1,window,none,fidelity,False,True,16,0.1,25,0,False,iid,0.1,0,s053,2,16.000000000000004,4.67391304347826,12.0,39.0,56,48,44,4,0,6,0.88,15.55078125,0,0,0,0,0,3981,256,16,0,0,1,9.0,
window_nu0.1,window,none,fidelity,False,True,16,0.1,25,0,False,iid,0.1,0,s053,3,16.000000000000004,0.0,18.0,14.499999999999998,56,42,41,1,0,6,0.82,13.76953125,0,0,0,0,0,3525,256,16,0,0,1,10.0625,
window_nu0.1,window,none,fidelity,False,True,16,0.1,25,0,False,iid,0.1,0,s053,4,12.0,0.0,6.0,14.000000000000002,56,48,47,1,0,6,0.94,13.83984375,0,0,0,0,0,3543,256,16,0,0,0,10.6875,
window_nu0.1,window,none,fidelity,False,True,16,0.1,25,0,False,iid,0.1,0,s053,5,9.499999999999998,1.25,4.0,21.5,56,48,48,0,0,6,0.96,14.29296875,0,0,0,0,0,3659,256,16,0,0,0,8.0625,
window_nu0.1,window,none,fidelity,False,True,16,0.1,25,0,False,iid,0.1,0,s053,6,14.250000000000002,0.0,4.0,32.0,56,51,48,3,0,6,0.96,14.23046875,0,0,0,0,0,3643,256,16,0,0,0,7.5,
window_nu0.1,window,none,fidelity,False,True,16,0.1,25,0,False,iid,0.1,0,s053,7,14.000000000000002,8.260869565217389,6.0,27.0,56,50,47,3,0,6,0.94,14.73828125,0,0,0,0,0,3773,256,16,0,0,1,7.75,
window_nu0.1,window,none,fidelity,False,True,16,0.1,25,0,False,iid,0.1,0,s053,8,16.250000000000004,2.33695652173913,8.0,26.0,56,47,46,1,0,6,0.92,14.67578125,0,0,0,0,0,3757,256,16,0,0,0,8.375,8.0
window_nu0.1,window,none,fidelity,False,True,16,0.1,25,0,False,iid,0.1,1,s053,2,15.750000000000004,3.58695652173913,12.0,34.5,56,46,44,2,0,6,0.88,15.546875,0,0,0,0,0,3980,256,16,0,0,0,10.0625,
window_nu0.1,window,none,fidelity,False,True,16,0.1,25,0,False,iid,0.1,1,s053,3,18.750000000000004,0.0,18.0,18.0,56,42,41,1,0,6,0.82,13.671875,0,0,0,0,0,3500,256,16,0,0,0,9.3125,
window_nu0.1,window,none,fidelity,False,True,16,0.1,25,0,False,iid,0.1,1,s053,4,12.25,0.0,6.0,16.0,56,48,47,1,0,6,0.94,13.76953125,0,0,0,0,0,3525,256,16,0,0,0,10.1875,
window_nu0.1,window,none,fidelity,False,True,16,0.1,25,0,False,iid,0.1,1,s053,5,9.499999999999998,1.25,2.0,17.5,56,51,49,2,0,6,0.98,14.4921875,0,0,0,0,0,3710,256,16,0,0,0,7.5,
window_nu0.1,window,none,fidelity,False,True,16,0.1,25,0,False,iid,0.1,1,s053,6,10.249999999999998,2.33695652173913,6.0,20.5,56,49,47,2,0,6,0.94,13.765625,0,0,0,0,0,3524,256,16,0,0,0,8.5,
window_nu0.1,window,none,fidelity,False,True,16,0.1,25,0,False,iid,0.1,1,s053,7,14.750000000000002,3.423913043478259,8.0,26.0,56,49,46,3,0,6,0.92,14.46875,0,0,0,0,0,3704,256,16,0,0,1,8.5,
window_nu0.1,window,none,fidelity,False,True,16,0.1,25,0,False,iid,0.1,1,s053,8,18.25,9.184782608695654,8.0,26.5,56,47,46,1,0,6,0.92,14.66015625,0,0,0,0,0,3753,256,16,0,0,1,8.375,20.0
window_nu0.1,window,none,fidelity,False,True,16,0.1,25,0,False,iid,0.1,2,s053,2,18.500000000000004,2.33695652173913,10.0,40.5,56,47,45,2,0,6,0.9,15.67578125,0,0,0,0,0,4013,256,16,0,0,2,9.125,
window_nu0.1,window,none,fidelity,False,True,16,0.1,25,0,False,iid,0.1,2,s053,3,18.000000000000004,0.0,14.000000000000002,21.0,56,44,43,1,0,6,0.86,14.01171875,0,0,0,0,0,3587,256,16,0,0,0,10.75,
window_nu0.1,window,none,fidelity,False,True,16,0.1,25,0,False,iid,0.1,2,s053,4,11.75,0.0,6.0,14.000000000000002,56,47,47,0,0,6,0.94,13.6875,0,0,0,0,0,3504,256,16,0,0,0,9.9375,
window_nu0.1,window,none,fidelity,False,True,16,0.1,25,0,False,iid,0.1,2,s053,5,9.499999999999998,0.0,4.0,19.5,56,50,48,2,0,6,0.96,14.19140625,0,0,0,0,0,3633,256,16,0,0,1,7.5,
window_nu0.1,window,none,fidelity,False,True,16,0.1,25,0,False,iid,0.1,2,s053,6,13.25,1.0869565217391297,6.0,29.5,56,48,47,1,0,6,0.94,14.07421875,0,0,0,0,0,3603,256,16,0,0,0,8.875,
window_nu0.1,window,none,fidelity,False,True,16,0.1,25,0,False,iid,0.1,2,s053,7,14.250000000000002,7.01086956521739,6.0,34.5,56,49,47,2,0,6,0.94,14.59375,0,0,0,0,0,3736,256,16,0,0,0,7.5,
window_nu0.1,window,none,fidelity,False,True,16,0.1,25,0,False,iid,0.1,2,s053,8,14.250000000000002,4.83695652173913,8.0,27.500000000000004,56,49,46,3,0,6,0.92,14.68359375,0,0,0,0,0,3759,256,16,0,0,0,9.3125,0.0
window_nu0.2,window,none,fidelity,False,True,16,0.2,25,0,False,iid,0.1,0,s053,2,16.000000000000004,4.67391304347826,12.0,39.0,56,48,44,4,0,6,0.88,15.55078125,0,0,0,0,0,3981,256,16,0,0,1,9.0,
window_nu0.2,window,none,fidelity,False,True,16,0.2,25,0,False,iid,0.1,0,s053,3,16.000000000000004,0.0,18.0,14.499999999999998,56,42,41,1,0,6,0.82,13.74609375,0,0,0,0,0,3519,256,16,0,0,1,10.0625,
window_nu0.2,window,none,fidelity,False,True,16,0.2,25,0,False,iid,0.1,0,s053,4,12.0,0.0,6.0,14.000000000000002,56,48,47,1,0,6,0.94,13.86328125,0,0,0,0,0,3549,256,16,0,0,0,10.6875,
window_nu0.2,window,none,fidelity,False,True,16,0.2,25,0,False,iid,0.1,0,s053,5,9.499999999999998,1.25,4.0,21.5,56,48,48,0,0,6,0.96,14.29296875,0,0,0,0,0,3659,256,16,0,0,0,8.0625,
window_nu0.2,window,none,fidelity,False,True,16,0.2,25,0,False,iid,0.1,0,s053,6,14.250000000000002,0.0,4.0,31.5,56,51,48,3,0,6,0.96,14.23046875,0,0,0,0,0,3643,256,16,0,0,0,7.5,
window_nu0.2,window,none,fidelity,False,True,16,0.2,25,0,False,iid,0.1,0,s053,7,14.000000000000002,8.260869565217389,6.0,27.0,56,50,47,3,0,6,0.94,14.71875,0,0,0,0,0,3768,256,16,0,0,1,7.75,
window_nu0.2,window,none,fidelity,False,True,16,0.2,25,0,False,iid,0.1,0,s053,8,16.250000000000004,2.33695652173913,8.0,26.0,56,47,46,1,0,6,0.92,14.72265625,0,0,0,0,0,3769,256,16,0,0,0,8.375,8.0
window_nu0.2,window,none,fidelity,False,True,16,0.2,25,0,False,iid,0.1,1,s053,2,15.750000000000004,3.58695652173913,12.0,34.5,56,46,44,2,0,6,0.88,15.546875,0,0,0,0,0,3980,256,16,0,0,0,10.0625,
window_nu0.2,window,none,fidelity,False,True,16,0.2,25,0,False,iid,0.1,1,s053,3,18.750000000000004,0.0,18.0,18.0,56,42,41,1,0,6,0.82,13.6953125,0,0,0,0,0,3506,256,16,0,0,0,9.3125,
window_nu0.2,window,none,fidelity,False,True,16,0.2,25,0,False,iid,0.1,1,s053,4,11.75,0.0,8.0,16.5,56,47,46,1,0,6,0.92,13.82421875,0,0,0,0,0,3539,256,16,0,0,0,10.1875,
window_nu0.2,window,none,fidelity,False,True,16,0.2,25,0,False,iid,0.1,1,s053,5,7.749999999999998,1.25,4.0,19.5,56,50,48,2,0,6,0.96,14.484375,0,0,0,0,0,3708,256,16,0,0,0,7.5,
window_nu0.2,window,none,fidelity,False,True,16,0.2,25,0,False,iid,0.1,1,s053,6,11.5,2.33695652173913,8.0,20.0,56,48,46,2,0,6,0.92,13.7265625,0,0,0,0,0,3514,256,16,0,0,0,9.0625,
window_nu0.2,window,none,fidelity,False,True,16,0.2,25,0,False,iid,0.1,1,s053,7,13.5,4.67391304347826,8.0,27.500000000000004,56,49,46,3,0,6,0.92,14.23828125,0,0,0,0,0,3645,256,16,0,0,1,8.5,
window_nu0.2,window,none,fidelity,False,True,16,0.2,25,0,False,iid,0.1,1,s053,8,14.250000000000002,9.184782608695654,8.0,27.0,56,47,46,1,0,6,0.92,14.32421875,0,0,0,0,0,3667,256,16,0,0,1,8.375,22.0
window_nu0.2,window,none,fidelity,False,True,16,0.2,25,0,False,iid,0.1,2,s053,2,18.500000000000004,2.33695652173913,10.0,40.5,56,47,45,2,0,6,0.9,15.67578125,0,0,0,0,0,4013,256,16,0,0,2,9.125,
window_nu0.2,window,none,fidelity,False,True,16,0.2,25,0,False,iid,0.1,2,s053,3,18.000000000000004,0.0,14.000000000000002,21.0,56,44,43,1,0,6,0.86,14.05859375,0,0,0,0,0,3599,256,16,0,0,0,10.75,
window_nu0.2,window,none,fidelity,False,True,16,0.2,25,0,False,iid,0.1,2,s053,4,11.75,0.0,6.0,14.000000000000002,56,47,47,0,0,6,0.94,13.73828125,0,0,0,0,0,3517,256,16,0,0,0,9.9375,
window_nu0.2,window,none,fidelity,False,True,16,0.2,25,0,False,iid,0.1,2,s053,5,9.499999999999998,0.0,4.0,19.5,56,50,48,2,0,6,0.96,14.2109375,0,0,0,0,0,3638,256,16,0,0,1,7.5,
window_nu0.2,window,none,fidelity,False,True,16,0.2,25,0,False,iid,0.1,2,s053,6,13.25,1.0869565217391297,6.0,29.5,56,48,47,1,0,6,0.94,14.07421875,0,0,0,0,0,3603,256,16,0,0,0,8.875,
window_nu0.2,window,none,fidelity,False,True,16,0.2,25,0,False,iid,0.1,2,s053,7,14.250000000000002,7.01086956521739,6.0,34.5,56,49,47,2,0,6,0.94,14.59765625,0,0,0,0,0,3737,256,16,0,0,0,7.5,
window_nu0.2,window,none,fidelity,False,True,16,0.2,25,0,False,iid,0.1,2,s053,8,14.250000000000002,4.83695652173913,8.0,27.500000000000004,56,49,46,3,0,6,0.92,14.77734375,0,0,0,0,0,3783,256,16,0,0,0,9.3125,0.0
aeqkad_nu0.1,window,full,fidelity,False,True,16,0.1,25,0,False,iid,0.1,0,s053,2,14.250000000000002,3.423913043478259,10.0,30.5,56,41,40,1,0,6,0.8,15.2109375,49,7,20,0,1,3894,256,16,0,0,1,9.375,
aeqkad_nu0.1,window,full,fidelity,False,True,16,0.1,25,0,False,iid,0.1,0,s053,3,14.500000000000002,0.0,16.0,11.0,56,35,35,0,0,6,0.7,12.4296875,43,8,20,0,0,3182,256,16,0,0,0,11.0625,
aeqkad_nu0.1,window,full,fidelity,False,True,16,0.1,25,0,False,iid,0.1,0,s053,4,9.499999999999998,0.0,8.0,10.0,56,42,41,1,0,6,0.82,13.51171875,47,5,24,0,0,3459,256,16,0,0,0,12.3125,
aeqkad_nu0.1,window,full,fidelity,False,True,16,0.1,25,0,False,iid,0.1,0,s053,5,8.249999999999998,1.25,4.0,17.0,56,45,45,0,0,6,0.9,13.68359375,48,3,27,0,0,3503,256,16,0,0,0,8.4375,
aeqkad_nu0.1,window,full,fidelity,False,True,16,0.1,25,0,False,iid,0.1,0,s053,6,14.250000000000002,2.33695652173913,8.0,24.5,56,40,39,1,0,6,0.78,13.8046875,48,8,22,0,0,3534,256,16,0,0,0,8.0625,
aeqkad_nu0.1,window,full,fidelity,False,True,16,0.1,25,0,False,iid,0.1,0,s053,7,10.249999999999998,8.260869565217389,6.0,22.0,56,45,43,2,0,6,0.86,14.11328125,50,4,20,0,1,3613,256,16,0,0,1,8.75,
aeqkad_nu0.1,window,full,fidelity,False,True,16,0.1,25,0,False,iid,0.1,0,s053,8,16.250000000000004,1.25,14.000000000000002,22.0,56,39,39,0,0,6,0.78,14.0703125,44,4,22,0,1,3602,256,16,0,0,0,9.3125,10.0
aeqkad_nu0.1,window,full,fidelity,False,True,16,0.1,25,0,False,iid,0.1,1,s053,2,14.000000000000002,4.67391304347826,10.0,30.5,56,41,40,1,0,6,0.8,15.546875,47,6,27,0,0,3980,256,16,0,0,0,10.5,
aeqkad_nu0.1,window,full,fidelity,False,True,16,0.1,25,0,False,iid,0.1,1,s053,3,19.75,0.0,18.0,14.000000000000002,56,36,36,0,0,6,0.72,12.8515625,42,5,29,0,1,3290,256,16,0,0,0,10.25,
aeqkad_nu0.1,window,full,fidelity,False,True,16,0.1,25,0,False,iid,0.1,1,s053,4,10.249999999999998,0.0,6.0,13.5,56,42,41,1,0,6,0.82,13.5625,48,6,29,0,0,3472,256,16,0,0,0,11.6875,
aeqkad_nu0.1,window,full,fidelity,False,True,16,0.1,25,0,False,iid,0.1,1,s053,5,6.500000000000003,1.25,2.0,15.5,56,46,45,1,0,6,0.9,14.0390625,51,5,33,0,0,3594,256,16,0,0,0,7.875,
aeqkad_nu0.1,window,full,fidelity,False,True,16,0.1,25,0,False,iid,0.1,1,s053,6,16.250000000000004,3.423913043478259,8.0,18.5,56,40,39,1,0,6,0.78,13.125,48,7,32,0,1,3360,256,16,0,0,0,9.0625,
aeqkad_nu0.1,window,full,fidelity,False,True,16,0.1,25,0,False,iid,0.1,1,s053,7,11.5,3.423913043478259,8.0,21.5,56,45,43,2,0,6,0.86,13.98828125,49,4,31,0,0,3581,256,16,0,0,0,9.0,
aeqkad_nu0.1,window,full,fidelity,False,True,16,0.1,25,0,False,iid,0.1,1,s053,8,16.000000000000004,1.25,12.0,20.0,56,39,39,0,0,6,0.78,13.95703125,44,5,26,0,0,3573,256,16,0,0,0,9.75,20.0
aeqkad_nu0.1,window,full,fidelity,False,True,16,0.1,25,0,False,iid,0.1,2,s053,2,16.500000000000004,2.33695652173913,8.0,34.0,56,42,41,1,0,6,0.82,15.51953125,48,6,28,0,0,3973,256,16,0,0,1,9.75,
aeqkad_nu0.1,window,full,fidelity,False,True,16,0.1,25,0,False,iid,0.1,2,s053,3,16.500000000000004,1.25,18.0,17.0,56,38,37,1,0,6,0.74,13.34375,43,4,27,0,1,3416,256,16,0,0,0,12.0625,
aeqkad_nu0.1,window,full,fidelity,False,True,16,0.1,25,0,False,iid,0.1,2,s053,4,10.0,0.0,6.0,12.0,56,41,41,0,0,6,0.82,13.4296875,47,6,29,0,0,3438,256,16,0,0,0,11.625,
aeqkad_nu0.1,window,full,fidelity,False,True,16,0.1,25,0,False,iid,0.1,2,s053,5,7.999999999999999,0.0,4.0,17.0,56,47,46,1,0,6,0.92,14.09375,50,3,32,0,0,3608,256,16,0,0,1,7.8125,
aeqkad_nu0.1,window,full,fidelity,False,True,16,0.1,25,0,False,iid,0.1,2,s053,6,16.500000000000004,5.923913043478259,8.0,28.999999999999996,56,39,39,0,0,6,0.78,13.87890625,47,8,29,0,0,3553,256,16,0,0,0,9.5625,
aeqkad_nu0.1,window,full,fidelity,False,True,16,0.1,25,0,False,iid,0.1,2,s053,7,13.5,7.01086956521739,6.0,25.5,56,43,43,0,0,6,0.86,13.95703125,49,6,26,0,0,3573,256,16,0,0,0,7.875,
aeqkad_nu0.1,window,full,fidelity,False,True,16,0.1,25,0,False,iid,0.1,2,s053,8,16.250000000000004,2.5,14.000000000000002,20.0,56,39,39,0,0,6,0.78,13.9375,45,5,26,0,1,3568,256,16,0,0,0,10.375,0.0
aeqkad_nu0.2,window,full,fidelity,False,True,16,0.2,25,0,False,iid,0.1,0,s053,2,14.250000000000002,3.423913043478259,10.0,30.5,56,41,40,1,0,6,0.8,15.2109375,49,7,20,0,1,3894,256,16,0,0,1,9.375,
aeqkad_nu0.2,window,full,fidelity,False,True,16,0.2,25,0,False,iid,0.1,0,s053,3,14.500000000000002,0.0,16.0,11.0,56,35,35,0,0,6,0.7,12.4296875,43,8,20,0,0,3182,256,16,0,0,0,11.0625,
aeqkad_nu0.2,window,full,fidelity,False,True,16,0.2,25,0,False,iid,0.1,0,s053,4,9.499999999999998,0.0,6.0,10.0,56,42,41,1,0,6,0.82,13.53515625,48,6,23,0,0,3465,256,16,0,0,0,12.3125,
aeqkad_nu0.2,window,full,fidelity,False,True,16,0.2,25,0,False,iid,0.1,0,s053,5,8.249999999999998,1.25,4.0,17.0,56,45,45,0,0,6,0.9,13.70703125,48,3,27,0,0,3509,256,16,0,0,0,8.4375,
aeqkad_nu0.2,window,full,fidelity,False,True,16,0.2,25,0,False,iid,0.1,0,s053,6,14.250000000000002,2.33695652173913,8.0,24.5,56,40,39,1,0,6,0.78,13.8046875,48,8,22,0,0,3534,256,16,0,0,0,8.0625,
aeqkad_nu0.2,window,full,fidelity,False,True,16,0.2,25,0,False,iid,0.1,0,s053,7,10.0,8.260869565217389,6.0,22.0,56,45,43,2,0,6,0.86,14.11328125,50,4,20,0,1,3613,256,16,0,0,1,8.75,
aeqkad_nu0.2,window,full,fidelity,False,True,16,0.2,25,0,False,iid,0.1,0,s053,8,16.250000000000004,1.25,14.000000000000002,21.5,56,39,39,0,0,6,0.78,14.12109375,44,4,22,0,1,3615,256,16,0,0,0,9.3125,10.0
aeqkad_nu0.2,window,full,fidelity,False,True,16,0.2,25,0,False,iid,0.1,1,s053,2,14.000000000000002,4.67391304347826,10.0,30.5,56,41,40,1,0,6,0.8,15.546875,47,6,27,0,0,3980,256,16,0,0,0,10.5,
aeqkad_nu0.2,window,full,fidelity,False,True,16,0.2,25,0,False,iid,0.1,1,s053,3,19.75,0.0,18.0,14.000000000000002,56,36,36,0,0,6,0.72,12.94921875,42,5,29,0,1,3315,256,16,0,0,0,10.25,
aeqkad_nu0.2,window,full,fidelity,False,True,16,0.2,25,0,False,iid,0.1,1,s053,4,10.249999999999998,0.0,6.0,13.5,56,42,41,1,0,6,0.82,13.58984375,48,6,30,0,0,3479,256,16,0,0,0,11.6875,
aeqkad_nu0.2,window,full,fidelity,False,True,16,0.2,25,0,False,iid,0.1,1,s053,5,6.500000000000003,1.25,2.0,15.5,56,46,45,1,0,6,0.9,14.0390625,51,5,33,0,0,3594,256,16,0,0,0,7.875,
aeqkad_nu0.2,window,full,fidelity,False,True,16,0.2,25,0,False,iid,0.1,1,s053,6,16.250000000000004,3.423913043478259,8.0,18.5,56,40,39,1,0,6,0.78,13.125,48,7,32,0,1,3360,256,16,0,0,0,9.0625,
aeqkad_nu0.2,window,full,fidelity,False,True,16,0.2,25,0,False,iid,0.1,1,s053,7,11.5,3.423913043478259,8.0,21.5,56,45,43,2,0,6,0.86,13.98828125,49,4,31,0,0,3581,256,16,0,0,0,9.0,
aeqkad_nu0.2,window,full,fidelity,False,True,16,0.2,25,0,False,iid,0.1,1,s053,8,16.000000000000004,1.25,12.0,20.0,56,39,39,0,0,6,0.78,13.984375,44,5,26,0,0,3580,256,16,0,0,0,9.75,20.0
aeqkad_nu0.2,window,full,fidelity,False,True,16,0.2,25,0,False,iid,0.1,2,s053,2,16.500000000000004,2.33695652173913,8.0,34.0,56,42,41,1,0,6,0.82,15.54296875,48,6,28,0,0,3979,256,16,0,0,1,9.75,
aeqkad_nu0.2,window,full,fidelity,False,True,16,0.2,25,0,False,iid,0.1,2,s053,3,16.500000000000004,1.25,18.0,17.0,56,38,37,1,0,6,0.74,13.3671875,43,4,27,0,1,3422,256,16,0,0,0,12.0625,
aeqkad_nu0.2,window,full,fidelity,False,True,16,0.2,25,0,False,iid,0.1,2,s053,4,10.0,0.0,6.0,12.0,56,41,41,0,0,6,0.82,13.52734375,47,6,29,0,0,3463,256,16,0,0,0,11.625,
aeqkad_nu0.2,window,full,fidelity,False,True,16,0.2,25,0,False,iid,0.1,2,s053,5,7.999999999999999,0.0,4.0,17.0,56,47,46,1,0,6,0.92,14.09765625,50,3,32,0,0,3609,256,16,0,0,1,7.8125,
aeqkad_nu0.2,window,full,fidelity,False,True,16,0.2,25,0,False,iid,0.1,2,s053,6,16.500000000000004,5.923913043478259,8.0,28.499999999999996,56,39,39,0,0,6,0.78,13.87890625,47,8,29,0,0,3553,256,16,0,0,0,9.5625,
aeqkad_nu0.2,window,full,fidelity,False,True,16,0.2,25,0,False,iid,0.1,2,s053,7,13.5,7.01086956521739,6.0,25.5,56,43,43,0,0,6,0.86,13.9375,49,6,26,0,0,3568,256,16,0,0,0,7.875,
aeqkad_nu0.2,window,full,fidelity,False,True,16,0.2,25,0,False,iid,0.1,2,s053,8,15.750000000000004,2.5,14.000000000000002,19.5,56,39,39,0,0,6,0.78,13.9375,45,5,26,0,1,3568,256,16,0,0,0,10.375,0.0
window_nu0.1,window,none,fidelity,False,True,16,0.1,25,0,False,iid,0.1,0,s054,2,16.250000000000004,1.25,6.0,52.0,56,48,47,1,0,6,0.94,9.80859375,0,0,0,0,0,2511,256,16,0,0,0,9.9375,
window_nu0.1,window,none,fidelity,False,True,16,0.1,25,0,False,iid,0.1,0,s054,3,16.250000000000004,2.5,6.0,48.0,56,50,47,3,0,6,0.94,9.796875,0,0,0,0,0,2508,256,16,0,0,1,8.4375,
window_nu0.1,window,none,fidelity,False,True,16,0.1,25,0,False,iid,0.1,0,s054,4,25.5,16.358695652173914,8.0,68.0,56,49,46,3,0,6,0.92,12.69921875,0,0,0,0,0,3251,256,16,0,0,0,8.75,
window_nu0.1,window,none,fidelity,False,True,16,0.1,25,0,False,iid,0.1,0,s054,5,23.25,16.195652173913043,16.0,50.5,56,44,42,2,0,6,0.84,10.33984375,0,0,0,0,0,2647,256,16,0,0,0,10.375,
window_nu0.1,window,none,fidelity,False,True,16,0.1,25,0,False,iid,0.1,0,s054,6,24.0,9.347826086956525,14.000000000000002,65.0,56,46,43,3,0,6,0.86,10.2890625,0,0,0,0,0,2634,256,16,0,0,1,9.9375,
window_nu0.1,window,none,fidelity,False,True,16,0.1,25,0,False,iid,0.1,0,s054,7,14.500000000000002,2.33695652173913,6.0,61.5,56,51,47,4,0,6,0.94,10.203125,0,0,0,0,0,2612,256,16,0,0,2,8.125,
window_nu0.1,window,none,fidelity,False,True,16,0.1,25,0,False,iid,0.1,0,s054,8,12.5,0.0,0.0,45.0,56,53,50,3,0,6,1.0,8.9765625,0,0,0,0,0,2298,256,16,0,0,0,7.5625,52.0
window_nu0.1,window,none,fidelity,False,True,16,0.1,25,0,False,iid,0.1,1,s054,2,15.500000000000004,2.33695652173913,6.0,52.5,56,49,47,2,0,6,0.94,10.10546875,0,0,0,0,0,2587,256,16,0,0,0,8.1875,
window_nu0.1,window,none,fidelity,False,True,16,0.1,25,0,False,iid,0.1,1,s054,3,14.250000000000002,1.25,6.0,43.0,56,50,47,3,0,6,0.94,9.703125,0,0,0,0,0,2484,256,16,0,0,2,8.375,
window_nu0.1,window,none,fidelity,False,True,16,0.1,25,0,False,iid,0.1,1,s054,4,22.749999999999996,11.684782608695654,8.0,58.5,56,50,46,4,0,6,0.92,12.8125,0,0,0,0,0,3280,256,16,0,0,1,8.4375,
window_nu0.1,window,none,fidelity,False,True,16,0.1,25,0,False,iid,0.1,1,s054,5,26.75,12.771739130434783,18.0,51.5,56,41,41,0,0,6,0.82,9.9140625,0,0,0,0,0,2538,256,16,0,0,0,9.6875,
window_nu0.1,window,none,fidelity,False,True,16,0.1,25,0,False,iid,0.1,1,s054,6,23.75,14.021739130434785,18.0,54.0,56,43,41,2,0,6,0.82,10.09765625,0,0,0,0,0,2585,256,16,0,0,1,12.6875,
window_nu0.1,window,none,fidelity,False,True,16,0.1,25,0,False,iid,0.1,1,s054,7,19.25,4.67391304347826,10.0,59.0,56,50,45,5,0,6,0.9,10.28515625,0,0,0,0,0,2633,256,16,0,0,2,7.5625,
window_nu0.1,window,none,fidelity,False,True,16,0.1,25,0,False,iid,0.1,1,s054,8,16.0,2.5,0.0,44.5,56,52,50,2,0,6,1.0,8.73828125,0,0,0,0,0,2237,256,16,0,0,2,7.875,30.0
window_nu0.1,window,none,fidelity,False,True,16,0.1,25,0,False,iid,0.1,2,s054,2,14.000000000000002,4.67391304347826,2.0,60.5,56,53,49,4,0,6,0.98,10.91015625,0,0,0,0,0,2793,256,16,0,0,0,9.125,
window_nu0.1,window,none,fidelity,False,True,16,0.1,25,0,False,iid,0.1,2,s054,3,18.250000000000004,7.01086956521739,4.0,58.5,56,50,48,2,0,6,0.96,9.9765625,0,0,0,0,0,2554,256,16,0,0,1,8.1875,
window_nu0.1,window,none,fidelity,False,True,16,0.1,25,0,False,iid,0.1,2,s054,4,22.499999999999996,9.347826086956525,8.0,62.0,56,50,46,4,0,6,0.92,12.3671875,0,0,0,0,0,3166,256,16,0,0,1,8.3125,
window_nu0.1,window,none,fidelity,False,True,16,0.1,25,0,False,iid,0.1,2,s054,5,29.75,17.445652173913043,14.000000000000002,62.0,56,48,43,5,0,6,0.86,10.7421875,0,0,0,0,0,2750,256,16,0,0,2,9.375,
window_nu0.1,window,none,fidelity,False,True,16,0.1,25,0,False,iid,0.1,2,s054,6,23.0,10.434782608695654,14.000000000000002,71.0,56,45,43,2,0,6,0.86,10.4453125,0,0,0,0,0,2674,256,16,0,0,0,11.75,
window_nu0.1,window,none,fidelity,False,True,16,0.1,25,0,False,iid,0.1,2,s054,7,14.250000000000002,1.0869565217391297,8.0,60.5,56,49,46,3,0,6,0.92,10.81640625,0,0,0,0,0,2769,256,16,0,0,2,7.5625,
window_nu0.1,window,none,fidelity,False,True,16,0.1,25,0,False,iid,0.1,2,s054,8,12.75,7.01086956521739,0.0,55.00000000000001,56,53,50,3,0,6,1.0,8.8515625,0,0,0,0,0,2266,256,16,0,0,2,8.3125,46.0
window_nu0.2,window,none,fidelity,False,True,16,0.2,25,0,False,iid,0.1,0,s054,2,16.250000000000004,1.25,6.0,52.0,56,48,47,1,0,6,0.94,9.83203125,0,0,0,0,0,2517,256,16,0,0,0,9.9375,
window_nu0.2,window,none,fidelity,False,True,16,0.2,25,0,False,iid,0.1,0,s054,3,16.250000000000004,2.5,6.0,48.0,56,50,47,3,0,6,0.94,9.796875,0,0,0,0,0,2508,256,16,0,0,1,8.4375,
window_nu0.2,window,none,fidelity,False,True,16,0.2,25,0,False,iid,0.1,0,s054,4,25.5,16.358695652173914,8.0,68.0,56,49,46,3,0,6,0.92,12.69921875,0,0,0,0,0,3251,256,16,0,0,0,8.75,
window_nu0.2,window,none,fidelity,False,True,16,0.2,25,0,False,iid,0.1,0,s054,5,23.25,16.195652173913043,16.0,51.0,56,44,42,2,0,6,0.84,10.33984375,0,0,0,0,0,2647,256,16,0,0,0,10.375,
window_nu0.2,window,none,fidelity,False,True,16,0.2,25,0,False,iid,0.1,0,s054,6,24.0,9.347826086956525,14.000000000000002,65.0,56,46,43,3,0,6,0.86,10.2890625,0,0,0,0,0,2634,256,16,0,0,1,9.9375,
window_nu0.2,window,none,fidelity,False,True,16,0.2,25,0,False,iid,0.1,0,s054,7,14.500000000000002,2.33695652173913,6.0,61.5,56,51,47,4,0,6,0.94,10.203125,0,0,0,0,0,2612,256,16,0,0,2,8.125,
window_nu0.2,window,none,fidelity,False,True,16,0.2,25,0,False,iid,0.1,0,s054,8,12.5,0.0,0.0,45.0,56,53,50,3,0,6,1.0,8.9765625,0,0,0,0,0,2298,256,16,0,0,0,7.5625,52.0
window_nu0.2,window,none,fidelity,False,True,16,0.2,25,0,False,iid,0.1,1,s054,2,15.500000000000004,2.33695652173913,6.0,52.5,56,49,47,2,0,6,0.94,10.10546875,0,0,0,0,0,2587,256,16,0,0,0,8.1875,
window_nu0.2,window,none,fidelity,False,True,16,0.2,25,0,False,iid,0.1,1,s054,3,14.250000000000002,1.25,6.0,43.0,56,50,47,3,0,6,0.94,9.73046875,0,0,0,0,0,2491,256,16,0,0,2,8.375,
window_nu0.2,window,none,fidelity,False,True,16,0.2,25,0,False,iid,0.1,1,s054,4,22.749999999999996,11.684782608695654,8.0,58.5,56,50,46,4,0,6,0.92,12.80859375,0,0,0,0,0,3279,256,16,0,0,1,8.4375,
window_nu0.2,window,none,fidelity,False,True,16,0.2,25,0,False,iid,0.1,1,s054,5,26.75,12.771739130434783,18.0,51.5,56,41,41,0,0,6,0.82,9.96484375,0,0,0,0,0,2551,256,16,0,0,0,9.6875,
window_nu0.2,window,none,fidelity,False,True,16,0.2,25,0,False,iid,0.1,1,s054,6,23.75,14.021739130434785,18.0,54.0,56,43,41,2,0,6,0.82,10.1015625,0,0,0,0,0,2586,256,16,0,0,1,12.6875,
window_nu0.2,window,none,fidelity,False,True,16,0.2,25,0,False,iid,0.1,1,s054,7,19.25,4.67391304347826,10.0,59.0,56,50,45,5,0,6,0.9,10.28125,0,0,0,0,0,2632,256,16,0,0,2,7.5625,
window_nu0.2,window,none,fidelity,False,True,16,0.2,25,0,False,iid,0.1,1,s054,8,16.0,2.5,0.0,44.5,56,52,50,2,0,6,1.0,8.71484375,0,0,0,0,0,2231,256,16,0,0,2,7.875,30.0
window_nu0.2,window,none,fidelity,False,True,16,0.2,25,0,False,iid,0.1,2,s054,2,14.000000000000002,4.67391304347826,2.0,60.5,56,53,49,4,0,6,0.98,10.98828125,0,0,0,0,0,2813,256,16,0,0,0,9.125,
window_nu0.2,window,none,fidelity,False,True,16,0.2,25,0,False,iid,0.1,2,s054,3,18.250000000000004,7.01086956521739,4.0,58.5,56,50,48,2,0,6,0.96,9.953125,0,0,0,0,0,2548,256,16,0,0,1,8.1875,
window_nu0.2,window,none,fidelity,False,True,16,0.2,25,0,False,iid,0.1,2,s054,4,22.499999999999996,9.347826086956525,8.0,62.0,56,50,46,4,0,6,0.92,12.3671875,0,0,0,0,0,3166,256,16,0,0,1,8.3125,
window_nu0.2,window,none,fidelity,False,True,16,0.2,25,0,False,iid,0.1,2,s054,5,29.75,17.445652173913043,14.000000000000002,62.0,56,48,43,5,0,6,0.86,10.7109375,0,0,0,0,0,2742,256,16,0,0,2,9.375,
window_nu0.2,window,none,fidelity,False,True,16,0.2,25,0,False,iid,0.1,2,s054,6,23.0,9.347826086956525,14.000000000000002,71.0,56,45,43,2,0,6,0.86,10.4453125,0,0,0,0,0,2674,256,16,0,0,0,11.75,
window_nu0.2,window,none,fidelity,False,True,16,0.2,25,0,False,iid,0.1,2,s054,7,14.250000000000002,1.0869565217391297,8.0,60.5,56,49,46,3,0,6,0.92,10.86328125,0,0,0,0,0,2781,256,16,0,0,2,7.5625,
window_nu0.2,window,none,fidelity,False,True,16,0.2,25,0,False,iid,0.1,2,s054,8,12.75,7.01086956521739,0.0,55.00000000000001,56,53,50,3,0,6,1.0,8.8515625,0,0,0,0,0,2266,256,16,0,0,2,8.3125,46.0
aeqkad_nu0.1,window,full,fidelity,False,True,16,0.1,25,0,False,iid,0.1,0,s054,2,12.0,0.0,6.0,50.0,56,47,47,0,0,6,0.94,9.6015625,48,1,12,0,0,2458,256,16,0,0,0,9.9375,
aeqkad_nu0.1,window,full,fidelity,False,True,16,0.1,25,0,False,iid,0.1,0,s054,3,14.750000000000002,2.5,6.0,45.0,56,46,44,2,0,6,0.88,9.14453125,50,4,3,0,0,2341,256,16,0,0,0,9.4375,
aeqkad_nu0.1,window,full,fidelity,False,True,16,0.1,25,0,False,iid,0.1,0,s054,4,26.5,15.108695652173914,8.0,67.5,56,46,44,2,0,6,0.88,11.89453125,49,3,10,0,0,3045,256,16,0,0,0,8.75,
aeqkad_nu0.1,window,full,fidelity,False,True,16,0.1,25,0,False,iid,0.1,0,s054,5,27.500000000000004,17.445652173913043,18.0,42.0,56,39,38,1,0,6,0.76,9.796875,43,4,1,0,0,2508,256,16,0,0,0,12.25,
aeqkad_nu0.1,window,full,fidelity,False,True,16,0.1,25,0,False,iid,0.1,0,s054,6,34.25,21.956521739130434,20.0,56.99999999999999,56,34,34,0,0,6,0.68,10.03515625,41,7,3,0,0,2569,256,16,0,0,0,11.0625,
aeqkad_nu0.1,window,full,fidelity,False,True,16,0.1,25,0,False,iid,0.1,0,s054,7,17.0,11.521739130434785,12.0,56.49999999999999,56,43,41,2,0,6,0.82,9.625,48,5,6,0,0,2464,256,16,0,0,1,8.375,
aeqkad_nu0.1,window,full,fidelity,False,True,16,0.1,25,0,False,iid,0.1,0,s054,8,11.5,2.33695652173913,0.0,43.5,56,50,48,2,0,6,0.96,8.6796875,53,3,4,0,0,2222,256,16,0,0,0,8.3125,54.0
aeqkad_nu0.1,window,full,fidelity,False,True,16,0.1,25,0,False,iid,0.1,1,s054,2,16.500000000000004,4.67391304347826,6.0,53.0,56,48,47,1,0,6,0.94,9.84375,49,1,0,0,0,2520,256,16,0,0,0,8.1875,
aeqkad_nu0.1,window,full,fidelity,False,True,16,0.1,25,0,False,iid,0.1,1,s054,3,15.250000000000002,1.25,6.0,41.5,56,45,44,1,0,6,0.88,8.96484375,49,4,0,0,0,2295,256,16,0,0,0,11.0625,
aeqkad_nu0.1,window,full,fidelity,False,True,16,0.1,25,0,False,iid,0.1,1,s054,4,27.500000000000004,11.684782608695654,8.0,54.50000000000001,56,47,44,3,0,6,0.88,12.046875,50,3,0,0,0,3084,256,16,0,0,1,8.4375,
aeqkad_nu0.1,window,full,fidelity,False,True,16,0.1,25,0,False,iid,0.1,1,s054,5,26.0,17.608695652173914,18.0,43.0,56,37,37,0,0,6,0.74,9.57421875,41,4,0,0,0,2451,256,16,0,0,0,11.5,
aeqkad_nu0.1,window,full,fidelity,False,True,16,0.1,25,0,False,iid,0.1,1,s054,6,36.25,23.04347826086957,20.0,50.0,56,33,32,1,0,6,0.64,10.140625,41,8,0,0,0,2596,256,16,0,0,1,12.6875,
aeqkad_nu0.1,window,full,fidelity,False,True,16,0.1,25,0,False,iid,0.1,1,s054,7,23.0,17.445652173913043,18.0,59.0,56,41,39,2,0,6,0.78,10.29296875,46,5,0,0,0,2635,256,16,0,0,0,8.875,
aeqkad_nu0.1,window,full,fidelity,False,True,16,0.1,25,0,False,iid,0.1,1,s054,8,15.000000000000002,6.847826086956524,0.0,43.0,56,50,48,2,0,6,0.96,8.10546875,52,2,0,0,0,2075,256,16,0,0,2,8.25,30.0
aeqkad_nu0.1,window,full,fidelity,False,True,16,0.1,25,0,False,iid,0.1,2,s054,2,13.5,2.33695652173913,4.0,58.5,56,48,47,1,0,6,0.94,9.58984375,52,4,13,0,0,2455,256,16,0,0,0,9.125,
aeqkad_nu0.1,window,full,fidelity,False,True,16,0.1,25,0,False,iid,0.1,2,s054,3,19.000000000000004,4.67391304347826,4.0,53.0,56,45,44,1,0,6,0.88,8.9765625,50,5,6,0,0,2298,256,16,0,0,0,9.75,
aeqkad_nu0.1,window,full,fidelity,False,True,16,0.1,25,0,False,iid,0.1,2,s054,4,20.5,8.260869565217389,8.0,61.5,56,48,45,3,0,6,0.9,11.6328125,50,2,13,0,0,2978,256,16,0,0,1,8.3125,
aeqkad_nu0.1,window,full,fidelity,False,True,16,0.1,25,0,False,iid,0.1,2,s054,5,28.249999999999996,17.282608695652176,14.000000000000002,56.00000000000001,56,39,38,1,0,6,0.76,9.99609375,48,9,1,0,0,2559,256,16,0,0,0,12.25,
aeqkad_nu0.1,window,full,fidelity,False,True,16,0.1,25,0,False,iid,0.1,2,s054,6,25.75,15.271739130434783,14.000000000000002,61.0,56,41,41,0,0,6,0.82,9.73828125,44,3,4,0,0,2493,256,16,0,0,0,11.75,
aeqkad_nu0.1,window,full,fidelity,False,True,16,0.1,25,0,False,iid,0.1,2,s054,7,23.0,9.021739130434783,14.000000000000002,64.0,56,42,41,1,0,6,0.82,10.44140625,47,5,3,0,0,2673,256,16,0,0,0,9.25,
aeqkad_nu0.1,window,full,fidelity,False,True,16,0.1,25,0,False,iid,0.1,2,s054,8,15.000000000000002,7.01086956521739,0.0,53.0,56,49,48,1,0,6,0.96,8.20703125,53,4,4,0,0,2101,256,16,0,0,1,9.5625,44.0
aeqkad_nu0.2,window,full,fidelity,False,True,16,0.2,25,0,False,iid,0.1,0,s054,2,12.0,0.0,6.0,49.5,56,47,47,0,0,6,0.94,9.6015625,48,1,13,0,0,2458,256,16,0,0,0,9.9375,
aeqkad_nu0.2,window,full,fidelity,False,True,16,0.2,25,0,False,iid,0.1,0,s054,3,14.750000000000002,2.5,6.0,45.0,56,46,44,2,0,6,0.88,9.14453125,50,4,5,0,0,2341,256,16,0,0,0,9.4375,
aeqkad_nu0.2,window,full,fidelity,False,True,16,0.2,25,0,False,iid,0.1,0,s054,4,26.5,15.108695652173914,8.0,67.5,56,46,44,2,0,6,0.88,11.89453125,49,3,10,0,0,3045,256,16,0,0,0,8.75,
aeqkad_nu0.2,window,full,fidelity,False,True,16,0.2,25,0,False,iid,0.1,0,s054,5,27.500000000000004,17.445652173913043,18.0,42.0,56,39,38,1,0,6,0.76,9.796875,43,4,1,0,0,2508,256,16,0,0,0,12.25,
aeqkad_nu0.2,window,full,fidelity,False,True,16,0.2,25,0,False,iid,0.1,0,s054,6,34.25,21.956521739130434,20.0,56.99999999999999,56,34,34,0,0,6,0.68,10.0390625,41,7,4,0,0,2570,256,16,0,0,0,11.0625,
aeqkad_nu0.2,window,full,fidelity,False,True,16,0.2,25,0,False,iid,0.1,0,s054,7,17.0,11.521739130434785,12.0,56.49999999999999,56,43,41,2,0,6,0.82,9.62890625,48,5,6,0,0,2465,256,16,0,0,1,8.375,
aeqkad_nu0.2,window,full,fidelity,False,True,16,0.2,25,0,False,iid,0.1,0,s054,8,11.5,2.33695652173913,0.0,43.5,56,50,48,2,0,6,0.96,8.671875,53,3,4,0,0,2220,256,16,0,0,0,8.3125,54.0
aeqkad_nu0.2,window,full,fidelity,False,True,16,0.2,25,0,False,iid,0.1,1,s054,2,16.500000000000004,4.67391304347826,6.0,53.0,56,48,47,1,0,6,0.94,9.89453125,49,1,0,0,0,2533,256,16,0,0,0,8.1875,
aeqkad_nu0.2,window,full,fidelity,False,True,16,0.2,25,0,False,iid,0.1,1,s054,3,15.250000000000002,1.25,6.0,41.5,56,45,44,1,0,6,0.88,8.96484375,49,4,0,0,0,2295,256,16,0,0,0,11.0625,
aeqkad_nu0.2,window,full,fidelity,False,True,16,0.2,25,0,False,iid,0.1,1,s054,4,27.500000000000004,11.684782608695654,8.0,54.50000000000001,56,47,44,3,0,6,0.88,12.046875,50,3,0,0,0,3084,256,16,0,0,1,8.4375,
aeqkad_nu0.2,window,full,fidelity,False,True,16,0.2,25,0,False,iid,0.1,1,s054,5,26.0,17.608695652173914,18.0,43.0,56,37,37,0,0,6,0.74,9.59765625,41,4,0,0,0,2457,256,16,0,0,0,11.5,
aeqkad_nu0.2,window,full,fidelity,False,True,16,0.2,25,0,False,iid,0.1,1,s054,6,36.25,23.04347826086957,20.0,50.0,56,33,32,1,0,6,0.64,10.140625,41,8,0,0,0,2596,256,16,0,0,1,12.6875,
aeqkad_nu0.2,window,full,fidelity,False,True,16,0.2,25,0,False,iid,0.1,1,s054,7,23.0,17.445652173913043,18.0,59.0,56,41,39,2,0,6,0.78,10.29296875,46,5,0,0,0,2635,256,16,0,0,0,8.875,
aeqkad_nu0.2,window,full,fidelity,False,True,16,0.2,25,0,False,iid,0.1,1,s054,8,15.000000000000002,6.847826086956524,0.0,43.0,56,50,48,2,0,6,0.96,8.12890625,52,2,0,0,0,2081,256,16,0,0,2,8.25,30.0
aeqkad_nu0.2,window,full,fidelity,False,True,16,0.2,25,0,False,iid,0.1,2,s054,2,13.5,2.33695652173913,4.0,58.5,56,48,47,1,0,6,0.94,9.6640625,52,4,13,0,0,2474,256,16,0,0,0,9.125,
aeqkad_nu0.2,window,full,fidelity,False,True,16,0.2,25,0,False,iid,0.1,2,s054,3,19.000000000000004,4.67391304347826,4.0,53.0,56,45,44,1,0,6,0.88,8.9765625,50,5,6,0,0,2298,256,16,0,0,0,9.75,
aeqkad_nu0.2,window,full,fidelity,False,True,16,0.2,25,0,False,iid,0.1,2,s054,4,20.5,8.260869565217389,8.0,61.5,56,48,45,3,0,6,0.9,11.70703125,50,2,13,0,0,2997,256,16,0,0,1,8.3125,
aeqkad_nu0.2,window,full,fidelity,False,True,16,0.2,25,0,False,iid,0.1,2,s054,5,28.249999999999996,17.282608695652176,14.000000000000002,56.00000000000001,56,39,38,1,0,6,0.76,9.97265625,48,9,1,0,0,2553,256,16,0,0,0,12.25,
aeqkad_nu0.2,window,full,fidelity,False,True,16,0.2,25,0,False,iid,0.1,2,s054,6,26.0,15.271739130434783,14.000000000000002,61.0,56,41,41,0,0,6,0.82,9.86328125,44,3,4,0,0,2525,256,16,0,0,0,11.75,
aeqkad_nu0.2,window,full,fidelity,False,True,16,0.2,25,0,False,iid,0.1,2,s054,7,23.0,9.021739130434783,14.000000000000002,64.0,56,42,41,1,0,6,0.82,10.44140625,47,5,3,0,0,2673,256,16,0,0,0,9.25,
aeqkad_nu0.2,window,full,fidelity,False,True,16,0.2,25,0,False,iid,0.1,2,s054,8,15.000000000000002,7.01086956521739,0.0,53.0,56,49,48,1,0,6,0.96,8.20703125,53,4,4,0,0,2101,256,16,0,0,1,9.5625,44.0
window_nu0.1,window,none,fidelity,False,True,16,0.1,25,0,False,iid,0.1,0,s055,2,10.0,1.25,4.0,31.0,56,50,48,2,0,6,0.96,13.5546875,0,0,0,0,0,3470,256,16,0,0,0,8.25,
window_nu0.1,window,none,fidelity,False,True,16,0.1,25,0,False,iid,0.1,0,s055,3,8.249999999999998,4.67391304347826,8.0,18.0,56,48,46,2,0,6,0.92,12.953125,0,0,0,0,0,3316,256,16,0,0,1,8.375,
window_nu0.1,window,none,fidelity,False,True,16,0.1,25,0,False,iid,0.1,0,s055,4,14.000000000000002,1.25,10.0,30.5,56,47,45,2,0,6,0.9,12.859375,0,0,0,0,0,3292,256,16,0,0,0,9.9375,
window_nu0.1,window,none,fidelity,False,True,16,0.1,25,0,False,iid,0.1,0,s055,5,7.999999999999999,0.0,4.0,26.5,56,48,48,0,0,6,0.96,12.08203125,0,0,0,0,0,3093,256,16,0,0,0,9.0625,
window_nu0.1,window,none,fidelity,False,True,16,0.1,25,0,False,iid,0.1,0,s055,6,7.499999999999998,0.0,0.0,28.499999999999996,56,51,50,1,0,6,1.0,13.0078125,0,0,0,0,0,3330,256,16,0,0,0,7.5,
window_nu0.1,window,none,fidelity,False,True,16,0.1,25,0,False,iid,0.1,0,s055,7,7.500000000000003,0.0,4.0,25.0,56,49,48,1,0,6,0.96,11.5546875,0,0,0,0,0,2958,256,16,0,0,0,9.0625,
window_nu0.1,window,none,fidelity,False,True,16,0.1,25,0,False,iid,0.1,0,s055,8,12.25,0.0,14.000000000000002,21.5,56,45,43,2,0,6,0.86,13.2890625,0,0,0,0,0,3402,256,16,0,0,1,8.5,14.000000000000002
window_nu0.1,window,none,fidelity,False,True,16,0.1,25,0,False,iid,0.1,1,s055,2,16.500000000000004,2.33695652173913,4.0,39.0,56,51,48,3,0,6,0.96,13.86328125,0,0,0,0,0,3549,256,16,0,0,1,8.5,
window_nu0.1,window,none,fidelity,False,True,16,0.1,25,0,False,iid,0.1,1,s055,3,8.75,3.423913043478259,8.0,23.5,56,46,46,0,0,6,0.92,12.58203125,0,0,0,0,0,3221,256,16,0,0,0,8.125,
window_nu0.1,window,none,fidelity,False,True,16,0.1,25,0,False,iid,0.1,1,s055,4,12.0,0.0,10.0,33.5,56,46,45,1,0,6,0.9,12.78515625,0,0,0,0,0,3273,256,16,0,0,1,10.0625,
window_nu0.1,window,none,fidelity,False,True,16,0.1,25,0,False,iid,0.1,1,s055,5,6.749999999999997,0.0,4.0,19.5,56,49,48,1,0,6,0.96,12.40234375,0,0,0,0,0,3175,256,16,0,0,0,8.0,
window_nu0.1,window,none,fidelity,False,True,16,0.1,25,0,False,iid,0.1,1,s055,6,8.999999999999998,0.0,0.0,34.0,56,52,50,2,0,6,1.0,12.92578125,0,0,0,0,0,3309,256,16,0,0,1,7.875,
window_nu0.1,window,none,fidelity,False,True,16,0.1,25,0,False,iid,0.1,1,s055,7,4.250000000000003,0.0,2.0,28.499999999999996,56,53,49,4,0,6,0.98,12.04296875,0,0,0,0,0,3083,256,16,0,0,0,7.5,
window_nu0.1,window,none,fidelity,False,True,16,0.1,25,0,False,iid,0.1,1,s055,8,10.249999999999998,0.0,8.0,19.5,56,46,46,0,0,6,0.92,13.64453125,0,0,0,0,0,3493,256,16,0,0,0,8.625,46.0
window_nu0.1,window,none,fidelity,False,True,16,0.1,25,0,False,iid,0.1,2,s055,2,12.0,2.33695652173913,4.0,41.0,56,52,48,4,0,6,0.96,13.59375,0,0,0,0,0,3480,256,16,0,0,0,8.1875,
window_nu0.1,window,none,fidelity,False,True,16,0.1,25,0,False,iid,0.1,2,s055,3,7.249999999999998,3.423913043478259,10.0,25.5,56,47,45,2,0,6,0.9,13.07421875,0,0,0,0,0,3347,256,16,0,0,0,7.6875,
window_nu0.1,window,none,fidelity,False,True,16,0.1,25,0,False,iid,0.1,2,s055,4,10.0,0.0,8.0,31.5,56,47,46,1,0,6,0.92,12.61328125,0,0,0,0,0,3229,256,16,0,0,0,9.8125,
window_nu0.1,window,none,fidelity,False,True,16,0.1,25,0,False,iid,0.1,2,s055,5,6.999999999999998,0.0,4.0,25.5,56,48,48,0,0,6,0.96,12.234375,0,0,0,0,0,3132,256,16,0,0,0,8.25,
window_nu0.1,window,none,fidelity,False,True,16,0.1,25,0,False,iid,0.1,2,s055,6,8.999999999999998,1.25,0.0,38.0,56,52,50,2,0,6,1.0,12.828125,0,0,0,0,0,3284,256,16,0,0,0,8.1875,
window_nu0.1,window,none,fidelity,False,True,16,0.1,25,0,False,iid,0.1,2,s055,7,8.000000000000004,0.0,4.0,31.0,56,51,48,3,0,6,0.96,11.80859375,0,0,0,0,0,3023,256,16,0,0,0,8.8125,
window_nu0.1,window,none,fidelity,False,True,16,0.1,25,0,False,iid,0.1,2,s055,8,14.500000000000002,0.0,12.0,27.500000000000004,56,44,44,0,0,6,0.88,13.01953125,0,0,0,0,0,3333,256,16,0,0,0,7.6875,40.0
window_nu0.2,window,none,fidelity,False,True,16,0.2,25,0,False,iid,0.1,0,s055,2,10.0,1.25,4.0,31.0,56,50,48,2,0,6,0.96,13.578125,0,0,0,0,0,3476,256,16,0,0,0,8.25,
window_nu0.2,window,none,fidelity,False,True,16,0.2,25,0,False,iid,0.1,0,s055,3,8.249999999999998,4.67391304347826,8.0,18.0,56,48,46,2,0,6,0.92,12.98046875,0,0,0,0,0,3323,256,16,0,0,1,8.375,
window_nu0.2,window,none,fidelity,False,True,16,0.2,25,0,False,iid,0.1,0,s055,4,14.000000000000002,1.25,10.0,30.5,56,47,45,2,0,6,0.9,12.86328125,0,0,0,0,0,3293,256,16,0,0,0,9.9375,
window_nu0.2,window,none,fidelity,False,True,16,0.2,25,0,False,iid,0.1,0,s055,5,7.999999999999999,0.0,4.0,26.5,56,48,48,0,0,6,0.96,12.08203125,0,0,0,0,0,3093,256,16,0,0,0,9.0625,
window_nu0.2,window,none,fidelity,False,True,16,0.2,25,0,False,iid,0.1,0,s055,6,7.499999999999998,0.0,0.0,28.499999999999996,56,51,50,1,0,6,1.0,13.0078125,0,0,0,0,0,3330,256,16,0,0,0,7.5,
window_nu0.2,window,none,fidelity,False,True,16,0.2,25,0,False,iid,0.1,0,s055,7,7.500000000000003,0.0,4.0,25.0,56,49,48,1,0,6,0.96,11.5546875,0,0,0,0,0,2958,256,16,0,0,0,9.0625,
window_nu0.2,window,none,fidelity,False,True,16,0.2,25,0,False,iid,0.1,0,s055,8,12.25,0.0,14.000000000000002,21.5,56,45,43,2,0,6,0.86,13.2890625,0,0,0,0,0,3402,256,16,0,0,1,8.5,14.000000000000002
window_nu0.2,window,none,fidelity,False,True,16,0.2,25,0,False,iid,0.1,1,s055,2,16.500000000000004,2.33695652173913,4.0,39.5,56,51,48,3,0,6,0.96,13.9140625,0,0,0,0,0,3562,256,16,0,0,1,8.5,
window_nu0.2,window,none,fidelity,False,True,16,0.2,25,0,False,iid,0.1,1,s055,3,8.75,3.423913043478259,8.0,23.5,56,46,46,0,0,6,0.92,12.5859375,0,0,0,0,0,3222,256,16,0,0,0,8.125,
window_nu0.2,window,none,fidelity,False,True,16,0.2,25,0,False,iid,0.1,1,s055,4,12.0,0.0,10.0,33.5,56,46,45,1,0,6,0.9,12.78125,0,0,0,0,0,3272,256,16,0,0,1,10.0625,
window_nu0.2,window,none,fidelity,False,True,16,0.2,25,0,False,iid,0.1,1,s055,5,6.749999999999997,0.0,4.0,19.5,56,49,48,1,0,6,0.96,12.40234375,0,0,0,0,0,3175,256,16,0,0,0,8.0,
window_nu0.2,window,none,fidelity,False,True,16,0.2,25,0,False,iid,0.1,1,s055,6,8.999999999999998,0.0,0.0,34.0,56,52,50,2,0,6,1.0,12.92578125,0,0,0,0,0,3309,256,16,0,0,1,7.875,
window_nu0.2,window,none,fidelity,False,True,16,0.2,25,0,False,iid,0.1,1,s055,7,4.250000000000003,0.0,2.0,28.499999999999996,56,53,49,4,0,6,0.98,12.08984375,0,0,0,0,0,3095,256,16,0,0,0,7.5,
window_nu0.2,window,none,fidelity,False,True,16,0.2,25,0,False,iid,0.1,1,s055,8,10.249999999999998,0.0,8.0,19.5,56,46,46,0,0,6,0.92,13.64453125,0,0,0,0,0,3493,256,16,0,0,0,8.625,46.0
window_nu0.2,window,none,fidelity,False,True,16,0.2,25,0,False,iid,0.1,2,s055,2,12.0,2.33695652173913,4.0,41.0,56,52,48,4,0,6,0.96,13.59375,0,0,0,0,0,3480,256,16,0,0,0,8.1875,
window_nu0.2,window,none,fidelity,False,True,16,0.2,25,0,False,iid,0.1,2,s055,3,7.249999999999998,3.423913043478259,10.0,25.5,56,47,45,2,0,6,0.9,13.07421875,0,0,0,0,0,3347,256,16,0,0,0,7.6875,
window_nu0.2,window,none,fidelity,False,True,16,0.2,25,0,False,iid,0.1,2,s055,4,10.0,0.0,8.0,31.5,56,47,46,1,0,6,0.92,12.63671875,0,0,0,0,0,3235,256,16,0,0,0,9.8125,
window_nu0.2,window,none,fidelity,False,True,16,0.2,25,0,False,iid,0.1,2,s055,5,6.999999999999998,0.0,4.0,25.5,56,48,48,0,0,6,0.96,12.234375,0,0,0,0,0,3132,256,16,0,0,0,8.25,
window_nu0.2,window,none,fidelity,False,True,16,0.2,25,0,False,iid,0.1,2,s055,6,8.999999999999998,1.25,0.0,38.0,56,52,50,2,0,6,1.0,12.8515625,0,0,0,0,0,3290,256,16,0,0,0,8.1875,
window_nu0.2,window,none,fidelity,False,True,16,0.2,25,0,False,iid,0.1,2,s055,7,8.000000000000004,0.0,4.0,31.0,56,51,48,3,0,6,0.96,11.8359375,0,0,0,0,0,3030,256,16,0,0,0,8.8125,
window_nu0.2,window,none,fidelity,False,True,16,0.2,25,0,False,iid,0.1,2,s055,8,14.500000000000002,0.0,12.0,27.500000000000004,56,44,44,0,0,6,0.88,13.04296875,0,0,0,0,0,3339,256,16,0,0,0,7.6875,40.0
aeqkad_nu0.1,window,full,fidelity,False,True,16,0.1,25,0,False,iid,0.1,0,s055,2,12.25,2.33695652173913,4.0,29.5,56,42,42,0,0,6,0.84,13.03125,50,8,0,0,0,3336,256,16,0,0,0,8.25,
aeqkad_nu0.1,window,full,fidelity,False,True,16,0.1,25,0,False,iid,0.1,0,s055,3,11.5,4.67391304347826,12.0,16.0,56,42,41,1,0,6,0.82,12.12890625,46,4,0,0,0,3105,256,16,0,0,0,9.0,
aeqkad_nu0.1,window,full,fidelity,False,True,16,0.1,25,0,False,iid,0.1,0,s055,4,12.5,2.33695652173913,14.000000000000002,24.5,56,36,36,0,0,6,0.72,11.421875,44,7,0,0,1,2924,256,16,0,0,0,12.25,
aeqkad_nu0.1,window,full,fidelity,False,True,16,0.1,25,0,False,iid,0.1,0,s055,5,5.250000000000003,0.0,4.0,23.0,56,42,42,0,0,6,0.84,11.4609375,48,6,0,0,0,2934,256,16,0,0,0,11.875,
aeqkad_nu0.1,window,full,fidelity,False,True,16,0.1,25,0,False,iid,0.1,0,s055,6,6.000000000000003,0.0,0.0,30.0,56,46,46,0,0,6,0.92,12.28125,51,5,0,0,0,3144,256,16,0,0,0,8.375,
aeqkad_nu0.1,window,full,fidelity,False,True,16,0.1,25,0,False,iid,0.1,0,s055,7,7.2500000000000036,0.0,4.0,22.5,56,47,47,0,0,6,0.94,11.23046875,49,2,0,0,0,2875,256,16,0,0,0,9.0625,
aeqkad_nu0.1,window,full,fidelity,False,True,16,0.1,25,0,False,iid,0.1,0,s055,8,15.000000000000002,0.0,14.000000000000002,16.0,56,35,35,0,0,6,0.7,12.03515625,45,10,0,0,0,3081,256,16,0,0,0,13.25,0.0
aeqkad_nu0.1,window,full,fidelity,False,True,16,0.1,25,0,False,iid,0.1,1,s055,2,16.250000000000004,3.58695652173913,6.0,37.0,56,42,41,1,0,6,0.82,12.53125,49,7,0,0,0,3208,256,16,0,0,0,8.8125,
aeqkad_nu0.1,window,full,fidelity,False,True,16,0.1,25,0,False,iid,0.1,1,s055,3,15.000000000000002,3.423913043478259,12.0,22.0,56,41,41,0,0,6,0.82,12.29296875,44,3,0,0,0,3147,256,16,0,0,0,8.125,
aeqkad_nu0.1,window,full,fidelity,False,True,16,0.1,25,0,False,iid,0.1,1,s055,4,12.000000000000002,2.33695652173913,14.000000000000002,30.0,56,36,36,0,0,6,0.72,11.32421875,44,7,0,0,1,2899,256,16,0,0,0,12.75,
aeqkad_nu0.1,window,full,fidelity,False,True,16,0.1,25,0,False,iid,0.1,1,s055,5,6.749999999999997,0.0,4.0,18.0,56,45,44,1,0,6,0.88,11.76953125,49,4,0,0,0,3013,256,16,0,0,0,10.75,
aeqkad_nu0.1,window,full,fidelity,False,True,16,0.1,25,0,False,iid,0.1,1,s055,6,5.250000000000003,0.0,0.0,28.499999999999996,56,47,47,0,0,6,0.94,12.23828125,52,5,0,0,0,3133,256,16,0,0,0,9.0,
aeqkad_nu0.1,window,full,fidelity,False,True,16,0.1,25,0,False,iid,0.1,1,s055,7,7.500000000000003,0.0,4.0,26.0,56,47,47,0,0,6,0.94,11.109375,50,3,0,0,0,2844,256,16,0,0,0,7.875,
aeqkad_nu0.1,window,full,fidelity,False,True,16,0.1,25,0,False,iid,0.1,1,s055,8,18.250000000000004,0.0,18.0,16.5,56,35,35,0,0,6,0.7,12.30078125,41,6,0,0,0,3149,256,16,0,0,0,12.875,28.000000000000004
aeqkad_nu0.1,window,full,fidelity,False,True,16,0.1,25,0,False,iid,0.1,2,s055,2,11.249999999999998,0.0,4.0,39.0,56,43,42,1,0,6,0.84,13.1953125,52,9,0,0,0,3378,256,16,0,0,0,8.1875,
aeqkad_nu0.1,window,full,fidelity,False,True,16,0.1,25,0,False,iid,0.1,2,s055,3,7.999999999999999,3.423913043478259,6.0,23.5,56,43,43,0,0,6,0.86,12.28125,48,5,0,0,0,3144,256,16,0,0,0,7.6875,
aeqkad_nu0.1,window,full,fidelity,False,True,16,0.1,25,0,False,iid,0.1,2,s055,4,11.000000000000002,0.0,14.000000000000002,26.0,56,36,36,0,0,6,0.72,11.51171875,44,7,0,0,1,2947,256,16,0,0,0,12.5,
aeqkad_nu0.1,window,full,fidelity,False,True,16,0.1,25,0,False,iid,0.1,2,s055,5,8.249999999999998,0.0,4.0,23.0,56,43,43,0,0,6,0.86,11.79296875,48,5,0,0,0,3019,256,16,0,0,0,10.8125,
aeqkad_nu0.1,window,full,fidelity,False,True,16,0.1,25,0,False,iid,0.1,2,s055,6,5.250000000000003,0.0,0.0,31.5,56,46,46,0,0,6,0.92,12.17578125,52,6,0,0,0,3117,256,16,0,0,0,9.125,
aeqkad_nu0.1,window,full,fidelity,False,True,16,0.1,25,0,False,iid,0.1,2,s055,7,7.750000000000003,0.0,4.0,28.499999999999996,56,47,47,0,0,6,0.94,11.265625,51,4,0,0,0,2884,256,16,0,0,0,8.8125,
aeqkad_nu0.1,window,full,fidelity,False,True,16,0.1,25,0,False,iid,0.1,2,s055,8,18.250000000000004,2.33695652173913,12.0,24.5,56,37,37,0,0,6,0.74,12.3203125,45,8,0,0,0,3154,256,16,0,0,0,11.5,18.0
aeqkad_nu0.2,window,full,fidelity,False,True,16,0.2,25,0,False,iid,0.1,0,s055,2,12.25,2.33695652173913,4.0,29.5,56,42,42,0,0,6,0.84,13.03125,50,8,0,0,0,3336,256,16,0,0,0,8.25,
aeqkad_nu0.2,window,full,fidelity,False,True,16,0.2,25,0,False,iid,0.1,0,s055,3,11.5,4.67391304347826,12.0,16.0,56,42,41,1,0,6,0.82,12.12890625,46,4,0,0,0,3105,256,16,0,0,0,9.0,
aeqkad_nu0.2,window,full,fidelity,False,True,16,0.2,25,0,False,iid,0.1,0,s055,4,12.5,2.33695652173913,14.000000000000002,24.5,56,36,36,0,0,6,0.72,11.421875,44,7,0,0,1,2924,256,16,0,0,0,12.25,
aeqkad_nu0.2,window,full,fidelity,False,True,16,0.2,25,0,False,iid,0.1,0,s055,5,5.250000000000003,0.0,4.0,23.0,56,42,42,0,0,6,0.84,11.4609375,48,6,0,0,0,2934,256,16,0,0,0,11.875,
aeqkad_nu0.2,window,full,fidelity,False,True,16,0.2,25,0,False,iid,0.1,0,s055,6,6.000000000000003,0.0,0.0,30.0,56,46,46,0,0,6,0.92,12.3046875,51,5,0,0,0,3150,256,16,0,0,0,8.375,
aeqkad_nu0.2,window,full,fidelity,False,True,16,0.2,25,0,False,iid,0.1,0,s055,7,7.2500000000000036,0.0,4.0,22.5,56,47,47,0,0,6,0.94,11.25390625,49,2,0,0,0,2881,256,16,0,0,0,9.0625,
aeqkad_nu0.2,window,full,fidelity,False,True,16,0.2,25,0,False,iid,0.1,0,s055,8,15.000000000000002,0.0,14.000000000000002,16.0,56,35,35,0,0,6,0.7,12.03515625,45,10,0,0,0,3081,256,16,0,0,0,13.25,0.0
aeqkad_nu0.2,window,full,fidelity,False,True,16,0.2,25,0,False,iid,0.1,1,s055,2,16.250000000000004,3.58695652173913,6.0,37.0,56,42,41,1,0,6,0.82,12.53125,49,7,0,0,0,3208,256,16,0,0,0,8.8125,
aeqkad_nu0.2,window,full,fidelity,False,True,16,0.2,25,0,False,iid,0.1,1,s055,3,15.000000000000002,3.423913043478259,12.0,22.0,56,41,41,0,0,6,0.82,12.390625,44,3,0,0,0,3172,256,16,0,0,0,8.125,
aeqkad_nu0.2,window,full,fidelity,False,True,16,0.2,25,0,False,iid,0.1,1,s055,4,12.000000000000002,2.33695652173913,14.000000000000002,30.5,56,36,36,0,0,6,0.72,11.3046875,44,7,0,0,1,2894,256,16,0,0,0,12.75,
aeqkad_nu0.2,window,full,fidelity,False,True,16,0.2,25,0,False,iid,0.1,1,s055,5,6.749999999999997,0.0,4.0,18.0,56,45,44,1,0,6,0.88,11.76953125,49,4,0,0,0,3013,256,16,0,0,0,10.75,
aeqkad_nu0.2,window,full,fidelity,False,True,16,0.2,25,0,False,iid,0.1,1,s055,6,5.250000000000003,0.0,0.0,28.499999999999996,56,47,47,0,0,6,0.94,12.26171875,52,5,0,0,0,3139,256,16,0,0,0,9.0,
aeqkad_nu0.2,window,full,fidelity,False,True,16,0.2,25,0,False,iid,0.1,1,s055,7,7.500000000000003,0.0,4.0,26.0,56,47,47,0,0,6,0.94,11.0859375,50,3,0,0,0,2838,256,16,0,0,0,7.875,
aeqkad_nu0.2,window,full,fidelity,False,True,16,0.2,25,0,False,iid,0.1,1,s055,8,18.000000000000004,0.0,18.0,16.5,56,35,35,0,0,6,0.7,12.30078125,41,6,0,0,0,3149,256,16,0,0,0,12.875,28.000000000000004
aeqkad_nu0.2,window,full,fidelity,False,True,16,0.2,25,0,False,iid,0.1,2,s055,2,11.249999999999998,0.0,4.0,39.5,56,43,42,1,0,6,0.84,13.21875,52,9,0,0,0,3384,256,16,0,0,0,8.1875,
aeqkad_nu0.2,window,full,fidelity,False,True,16,0.2,25,0,False,iid,0.1,2,s055,3,7.999999999999999,3.423913043478259,6.0,23.5,56,43,43,0,0,6,0.86,12.2578125,48,5,0,0,0,3138,256,16,0,0,0,7.6875,
aeqkad_nu0.2,window,full,fidelity,False,True,16,0.2,25,0,False,iid,0.1,2,s055,4,11.000000000000002,0.0,14.000000000000002,26.0,56,36,36,0,0,6,0.72,11.51171875,44,7,0,0,1,2947,256,16,0,0,0,12.5,
aeqkad_nu0.2,window,full,fidelity,False,True,16,0.2,25,0,False,iid,0.1,2,s055,5,8.249999999999998,0.0,4.0,23.0,56,43,43,0,0,6,0.86,11.81640625,48,5,0,0,0,3025,256,16,0,0,0,10.8125,
aeqkad_nu0.2,window,full,fidelity,False,True,16,0.2,25,0,False,iid,0.1,2,s055,6,5.250000000000003,0.0,0.0,31.5,56,46,46,0,0,6,0.92,12.203125,52,6,0,0,0,3124,256,16,0,0,0,9.125,
aeqkad_nu0.2,window,full,fidelity,False,True,16,0.2,25,0,False,iid,0.1,2,s055,7,7.750000000000003,0.0,4.0,28.499999999999996,56,47,47,0,0,6,0.94,11.2890625,51,4,0,0,0,2890,256,16,0,0,0,8.8125,
aeqkad_nu0.2,window,full,fidelity,False,True,16,0.2,25,0,False,iid,0.1,2,s055,8,18.250000000000004,2.33695652173913,12.0,25.0,56,37,37,0,0,6,0.74,12.34375,45,8,0,0,0,3160,256,16,0,0,0,11.5,18.0
window_nu0.1,window,none,fidelity,False,True,16,0.1,25,0,False,iid,0.1,0,s056,2,30.75,19.782608695652172,6.0,66.0,56,50,47,3,0,6,0.94,13.59765625,0,0,0,0,0,3481,256,16,0,0,1,9.0,
window_nu0.1,window,none,fidelity,False,True,16,0.1,25,0,False,iid,0.1,0,s056,3,28.500000000000004,15.108695652173914,4.0,71.0,56,53,48,5,0,6,0.96,10.92578125,0,0,0,0,0,2797,256,16,0,0,4,8.5625,
window_nu0.1,window,none,fidelity,False,True,16,0.1,25,0,False,iid,0.1,0,s056,4,28.249999999999996,12.771739130434783,12.0,68.0,56,50,44,6,0,6,0.88,10.05078125,0,0,0,0,0,2573,256,16,0,0,2,10.6875,
window_nu0.1,window,none,fidelity,False,True,16,0.1,25,0,False,iid,0.1,0,s056,5,26.75,10.597826086956525,6.0,68.5,56,52,47,5,0,6,0.94,10.484375,0,0,0,0,0,2684,256,16,0,0,0,8.5,
window_nu0.1,window,none,fidelity,False,True,16,0.1,25,0,False,iid,0.1,0,s056,6,25.0,11.847826086956523,4.0,70.0,56,52,48,4,0,6,0.96,10.328125,0,0,0,0,0,2644,256,16,0,0,1,8.1875,
window_nu0.1,window,none,fidelity,False,True,16,0.1,25,0,False,iid,0.1,0,s056,7,21.499999999999996,11.684782608695654,6.0,72.0,56,52,47,5,0,6,0.94,10.03125,0,0,0,0,0,2568,256,16,0,0,2,8.375,
window_nu0.1,window,none,fidelity,False,True,16,0.1,25,0,False,iid,0.1,0,s056,8,19.749999999999996,12.771739130434783,2.0,65.5,56,54,49,5,0,6,0.98,9.828125,0,0,0,0,0,2516,256,16,0,0,2,7.8125,84.0
window_nu0.1,window,none,fidelity,False,True,16,0.1,25,0,False,iid,0.1,1,s056,2,29.75,21.032608695652172,6.0,73.0,56,53,47,6,0,6,0.94,13.80859375,0,0,0,0,0,3535,256,16,0,0,1,7.5,
window_nu0.1,window,none,fidelity,False,True,16,0.1,25,0,False,iid,0.1,1,s056,3,24.0,9.510869565217389,2.0,73.0,56,54,49,5,0,6,0.98,11.90625,0,0,0,0,0,3048,256,16,0,0,3,8.0,
window_nu0.1,window,none,fidelity,False,True,16,0.1,25,0,False,iid,0.1,1,s056,4,23.75,10.434782608695654,10.0,71.0,56,49,45,4,0,6,0.9,10.99609375,0,0,0,0,0,2815,256,16,0,0,1,10.875,
window_nu0.1,window,none,fidelity,False,True,16,0.1,25,0,False,iid,0.1,1,s056,5,27.0,18.695652173913043,6.0,74.0,56,53,47,6,0,6,0.94,10.40625,0,0,0,0,0,2664,256,16,0,0,1,8.375,
window_nu0.1,window,none,fidelity,False,True,16,0.1,25,0,False,iid,0.1,1,s056,6,26.25,14.184782608695654,4.0,69.5,56,52,48,4,0,6,0.96,10.20703125,0,0,0,0,0,2613,256,16,0,0,1,8.5,
window_nu0.1,window,none,fidelity,False,True,16,0.1,25,0,False,iid,0.1,1,s056,7,24.25,15.108695652173914,8.0,69.5,56,51,46,5,0,6,0.92,9.96484375,0,0,0,0,0,2551,256,16,0,0,3,8.4375,
window_nu0.1,window,none,fidelity,False,True,16,0.1,25,0,False,iid,0.1,1,s056,8,20.0,15.108695652173914,2.0,68.0,56,53,49,4,0,6,0.98,10.02734375,0,0,0,0,0,2567,256,16,0,0,2,8.125,92.0
window_nu0.1,window,none,fidelity,False,True,16,0.1,25,0,False,iid,0.1,2,s056,2,26.5,17.445652173913043,6.0,72.0,56,50,47,3,0,6,0.94,13.71484375,0,0,0,0,0,3511,256,16,0,0,1,7.6875,
window_nu0.1,window,none,fidelity,False,True,16,0.1,25,0,False,iid,0.1,2,s056,3,26.0,16.195652173913043,2.0,65.5,56,54,49,5,0,6,0.98,11.875,0,0,0,0,0,3040,256,16,0,0,2,8.25,
window_nu0.1,window,none,fidelity,False,True,16,0.1,25,0,False,iid,0.1,2,s056,4,24.75,9.184782608695654,10.0,57.49999999999999,56,47,45,2,0,6,0.9,10.08203125,0,0,0,0,0,2581,256,16,0,0,0,10.9375,
window_nu0.1,window,none,fidelity,False,True,16,0.1,25,0,False,iid,0.1,2,s056,5,25.25,8.097826086956525,6.0,70.0,56,51,47,4,0,6,0.94,10.53125,0,0,0,0,0,2696,256,16,0,0,0,8.5,
window_nu0.1,window,none,fidelity,False,True,16,0.1,25,0,False,iid,0.1,2,s056,6,26.0,14.021739130434785,4.0,74.5,56,54,48,6,0,6,0.96,10.58203125,0,0,0,0,0,2709,256,16,0,0,4,7.5,
window_nu0.1,window,none,fidelity,False,True,16,0.1,25,0,False,iid,0.1,2,s056,7,21.999999999999996,12.771739130434783,8.0,73.0,56,50,46,4,0,6,0.92,9.75390625,0,0,0,0,0,2497,256,16,0,0,1,9.0625,
window_nu0.1,window,none,fidelity,False,True,16,0.1,25,0,False,iid,0.1,2,s056,8,18.749999999999996,15.108695652173914,2.0,70.5,56,52,49,3,0,6,0.98,10.0625,0,0,0,0,0,2576,256,16,0,0,2,7.8125,92.0
window_nu0.2,window,none,fidelity,False,True,16,0.2,25,0,False,iid,0.1,0,s056,2,30.75,19.782608695652172,6.0,66.0,56,50,47,3,0,6,0.94,13.59765625,0,0,0,0,0,3481,256,16,0,0,1,9.0,
window_nu0.2,window,none,fidelity,False,True,16,0.2,25,0,False,iid,0.1,0,s056,3,28.500000000000004,15.108695652173914,4.0,71.0,56,53,48,5,0,6,0.96,10.90234375,0,0,0,0,0,2791,256,16,0,0,4,8.5625,
window_nu0.2,window,none,fidelity,False,True,16,0.2,25,0,False,iid,0.1,0,s056,4,28.000000000000004,12.771739130434783,12.0,68.0,56,50,44,6,0,6,0.88,10.05078125,0,0,0,0,0,2573,256,16,0,0,2,10.6875,
window_nu0.2,window,none,fidelity,False,True,16,0.2,25,0,False,iid,0.1,0,s056,5,26.75,10.597826086956525,6.0,68.5,56,52,47,5,0,6,0.94,10.5078125,0,0,0,0,0,2690,256,16,0,0,0,8.5,
window_nu0.2,window,none,fidelity,False,True,16,0.2,25,0,False,iid,0.1,0,s056,6,25.0,11.847826086956523,4.0,70.0,56,52,48,4,0,6,0.96,10.38671875,0,0,0,0,0,2659,256,16,0,0,1,8.1875,
window_nu0.2,window,none,fidelity,False,True,16,0.2,25,0,False,iid,0.1,0,s056,7,21.499999999999996,11.684782608695654,6.0,72.0,56,52,47,5,0,6,0.94,10.0546875,0,0,0,0,0,2574,256,16,0,0,2,8.375,
window_nu0.2,window,none,fidelity,False,True,16,0.2,25,0,False,iid,0.1,0,s056,8,19.499999999999996,12.771739130434783,2.0,65.5,56,54,49,5,0,6,0.98,9.83203125,0,0,0,0,0,2517,256,16,0,0,2,7.8125,84.0
window_nu0.2,window,none,fidelity,False,True,16,0.2,25,0,False,iid,0.1,1,s056,2,29.75,21.032608695652172,6.0,73.0,56,53,47,6,0,6,0.94,13.80859375,0,0,0,0,0,3535,256,16,0,0,1,7.5,
window_nu0.2,window,none,fidelity,False,True,16,0.2,25,0,False,iid,0.1,1,s056,3,23.75,9.510869565217389,2.0,73.0,56,54,49,5,0,6,0.98,11.93359375,0,0,0,0,0,3055,256,16,0,0,3,8.0,
window_nu0.2,window,none,fidelity,False,True,16,0.2,25,0,False,iid,0.1,1,s056,4,23.75,10.434782608695654,10.0,71.0,56,49,45,4,0,6,0.9,11.04296875,0,0,0,0,0,2827,256,16,0,0,1,10.875,
window_nu0.2,window,none,fidelity,False,True,16,0.2,25,0,False,iid,0.1,1,s056,5,27.0,18.695652173913043,6.0,74.0,56,53,47,6,0,6,0.94,10.453125,0,0,0,0,0,2676,256,16,0,0,1,8.375,
window_nu0.2,window,none,fidelity,False,True,16,0.2,25,0,False,iid,0.1,1,s056,6,26.25,14.184782608695654,4.0,69.5,56,52,48,4,0,6,0.96,10.23046875,0,0,0,0,0,2619,256,16,0,0,1,8.5,
window_nu0.2,window,none,fidelity,False,True,16,0.2,25,0,False,iid,0.1,1,s056,7,25.25,15.108695652173914,8.0,69.5,56,51,46,5,0,6,0.92,9.96484375,0,0,0,0,0,2551,256,16,0,0,3,8.4375,
window_nu0.2,window,none,fidelity,False,True,16,0.2,25,0,False,iid,0.1,1,s056,8,20.0,15.108695652173914,2.0,68.0,56,53,49,4,0,6,0.98,10.02734375,0,0,0,0,0,2567,256,16,0,0,2,8.125,92.0
window_nu0.2,window,none,fidelity,False,True,16,0.2,25,0,False,iid,0.1,2,s056,2,26.5,17.445652173913043,6.0,72.0,56,50,47,3,0,6,0.94,13.73828125,0,0,0,0,0,3517,256,16,0,0,1,7.6875,
window_nu0.2,window,none,fidelity,False,True,16,0.2,25,0,False,iid,0.1,2,s056,3,26.0,16.195652173913043,2.0,65.5,56,54,49,5,0,6,0.98,11.875,0,0,0,0,0,3040,256,16,0,0,2,8.25,
window_nu0.2,window,none,fidelity,False,True,16,0.2,25,0,False,iid,0.1,2,s056,4,24.75,9.184782608695654,10.0,57.49999999999999,56,47,45,2,0,6,0.9,10.0859375,0,0,0,0,0,2582,256,16,0,0,0,10.9375,
window_nu0.2,window,none,fidelity,False,True,16,0.2,25,0,False,iid,0.1,2,s056,5,25.25,8.097826086956525,6.0,70.0,56,51,47,4,0,6,0.94,10.53125,0,0,0,0,0,2696,256,16,0,0,0,8.5,
window_nu0.2,window,none,fidelity,False,True,16,0.2,25,0,False,iid,0.1,2,s056,6,26.0,14.021739130434785,4.0,74.5,56,54,48,6,0,6,0.96,10.58203125,0,0,0,0,0,2709,256,16,0,0,4,7.5,
window_nu0.2,window,none,fidelity,False,True,16,0.2,25,0,False,iid,0.1,2,s056,7,21.999999999999996,12.771739130434783,8.0,73.0,56,50,46,4,0,6,0.92,9.7578125,0,0,0,0,0,2498,256,16,0,0,1,9.0625,
window_nu0.2,window,none,fidelity,False,True,16,0.2,25,0,False,iid,0.1,2,s056,8,18.749999999999996,15.108695652173914,2.0,70.5,56,52,49,3,0,6,0.98,10.109375,0,0,0,0,0,2588,256,16,0,0,2,7.8125,92.0
aeqkad_nu0.1,window,full,fidelity,False,True,16,0.1,25,0,False,iid,0.1,0,s056,2,31.999999999999996,24.456521739130434,6.0,66.5,56,46,43,3,0,6,0.86,13.109375,50,4,2,0,0,3356,256,16,0,0,1,9.5625,
aeqkad_nu0.1,window,full,fidelity,False,True,16,0.1,25,0,False,iid,0.1,0,s056,3,28.249999999999996,15.108695652173914,6.0,68.5,56,48,43,5,0,6,0.86,10.6953125,52,3,1,0,1,2738,256,16,0,0,4,9.8125,
aeqkad_nu0.1,window,full,fidelity,False,True,16,0.1,25,0,False,iid,0.1,0,s056,4,29.25,15.108695652173914,12.0,65.5,56,48,43,5,0,6,0.86,9.55078125,49,1,4,0,0,2445,256,16,0,0,2,10.6875,
aeqkad_nu0.1,window,full,fidelity,False,True,16,0.1,25,0,False,iid,0.1,0,s056,5,30.25,15.108695652173914,6.0,67.0,56,50,46,4,0,6,0.92,9.92578125,51,1,1,0,0,2541,256,16,0,0,0,8.5,
aeqkad_nu0.1,window,full,fidelity,False,True,16,0.1,25,0,False,iid,0.1,0,s056,6,27.500000000000004,12.771739130434783,4.0,69.5,56,48,45,3,0,6,0.9,10.3828125,52,4,1,0,0,2658,256,16,0,0,0,11.3125,
aeqkad_nu0.1,window,full,fidelity,False,True,16,0.1,25,0,False,iid,0.1,0,s056,7,26.249999999999996,8.097826086956525,6.0,66.0,56,47,45,2,0,6,0.9,9.09765625,52,3,1,0,2,2329,256,16,0,0,1,8.875,
aeqkad_nu0.1,window,full,fidelity,False,True,16,0.1,25,0,False,iid,0.1,0,s056,8,19.749999999999996,10.434782608695654,2.0,61.0,56,48,45,3,0,6,0.9,9.3046875,54,4,0,0,2,2382,256,16,0,0,2,7.8125,84.0
aeqkad_nu0.1,window,full,fidelity,False,True,16,0.1,25,0,False,iid,0.1,1,s056,2,34.5,26.79347826086957,6.0,73.0,56,45,42,3,0,6,0.84,13.1953125,53,6,0,0,2,3378,256,16,0,0,1,8.5,
aeqkad_nu0.1,window,full,fidelity,False,True,16,0.1,25,0,False,iid,0.1,1,s056,3,25.0,11.684782608695654,2.0,65.0,56,46,43,3,0,6,0.86,10.5390625,54,7,0,0,1,2698,256,16,0,0,2,11.0625,
aeqkad_nu0.1,window,full,fidelity,False,True,16,0.1,25,0,False,iid,0.1,1,s056,4,25.75,11.521739130434785,12.0,65.5,56,40,40,0,0,6,0.8,8.59375,47,4,1,0,3,2200,256,16,0,0,0,12.0625,
aeqkad_nu0.1,window,full,fidelity,False,True,16,0.1,25,0,False,iid,0.1,1,s056,5,27.500000000000004,18.532608695652172,6.0,68.5,56,44,41,3,0,6,0.82,9.0234375,53,3,0,0,6,2310,256,16,0,0,0,12.3125,
aeqkad_nu0.1,window,full,fidelity,False,True,16,0.1,25,0,False,iid,0.1,1,s056,6,28.000000000000004,13.097826086956523,4.0,67.5,56,46,44,2,0,6,0.88,9.3203125,52,4,0,0,2,2386,256,16,0,0,1,10.5,
aeqkad_nu0.1,window,full,fidelity,False,True,16,0.1,25,0,False,iid,0.1,1,s056,7,22.749999999999996,13.858695652173914,6.0,67.0,56,47,45,2,0,6,0.9,8.7265625,52,4,0,0,1,2234,256,16,0,0,1,9.4375,
aeqkad_nu0.1,window,full,fidelity,False,True,16,0.1,25,0,False,iid,0.1,1,s056,8,19.749999999999996,15.108695652173914,2.0,66.0,56,48,45,3,0,6,0.9,9.0859375,53,3,0,0,2,2326,256,16,0,0,2,8.125,92.0
aeqkad_nu0.1,window,full,fidelity,False,True,16,0.1,25,0,False,iid,0.1,2,s056,2,28.000000000000004,19.782608695652172,6.0,71.5,56,45,43,2,0,6,0.86,13.34375,50,5,16,0,0,3416,256,16,0,0,1,8.3125,
aeqkad_nu0.1,window,full,fidelity,False,True,16,0.1,25,0,False,iid,0.1,2,s056,3,27.0,8.42391304347826,6.0,62.5,56,46,44,2,0,6,0.88,10.34375,51,3,12,0,2,2648,256,16,0,0,0,9.5625,
aeqkad_nu0.1,window,full,fidelity,False,True,16,0.1,25,0,False,iid,0.1,2,s056,4,26.25,12.771739130434783,12.0,57.49999999999999,56,40,40,0,0,6,0.8,8.97265625,46,3,13,0,3,2297,256,16,0,0,0,13.0625,
aeqkad_nu0.1,window,full,fidelity,False,True,16,0.1,25,0,False,iid,0.1,2,s056,5,30.75,11.684782608695654,6.0,67.0,56,43,40,3,0,6,0.8,9.23828125,50,3,12,0,4,2365,256,16,0,0,0,11.125,
aeqkad_nu0.1,window,full,fidelity,False,True,16,0.1,25,0,False,iid,0.1,2,s056,6,25.5,18.532608695652172,4.0,72.0,56,48,45,3,0,6,0.9,9.30078125,54,4,8,0,2,2381,256,16,0,0,2,9.1875,
aeqkad_nu0.1,window,full,fidelity,False,True,16,0.1,25,0,False,iid,0.1,2,s056,7,19.75,7.17391304347826,6.0,72.5,56,46,45,1,0,6,0.9,9.1328125,51,4,19,0,1,2338,256,16,0,0,0,10.0,
aeqkad_nu0.1,window,full,fidelity,False,True,16,0.1,25,0,False,iid,0.1,2,s056,8,18.25,16.358695652173914,2.0,67.5,56,50,47,3,0,6,0.94,9.23046875,52,1,16,0,1,2363,256,16,0,0,2,7.8125,92.0
aeqkad_nu0.2,window,full,fidelity,False,True,16,0.2,25,0,False,iid,0.1,0,s056,2,31.999999999999996,24.456521739130434,6.0,66.5,56,46,43,3,0,6,0.86,13.11328125,50,4,2,0,0,3357,256,16,0,0,1,9.5625,
aeqkad_nu0.2,window,full,fidelity,False,True,16,0.2,25,0,False,iid,0.1,0,s056,3,28.249999999999996,15.108695652173914,6.0,68.5,56,48,43,5,0,6,0.86,10.71875,52,3,1,0,1,2744,256,16,0,0,4,9.8125,
aeqkad_nu0.2,window,full,fidelity,False,True,16,0.2,25,0,False,iid,0.1,0,s056,4,29.25,15.108695652173914,12.0,65.5,56,48,43,5,0,6,0.86,9.58203125,49,1,4,0,0,2453,256,16,0,0,2,10.6875,
aeqkad_nu0.2,window,full,fidelity,False,True,16,0.2,25,0,False,iid,0.1,0,s056,5,30.25,15.108695652173914,6.0,67.0,56,50,46,4,0,6,0.92,9.92578125,51,1,1,0,0,2541,256,16,0,0,0,8.5,
aeqkad_nu0.2,window,full,fidelity,False,True,16,0.2,25,0,False,iid,0.1,0,s056,6,27.500000000000004,12.771739130434783,4.0,69.5,56,48,45,3,0,6,0.9,10.3828125,52,4,1,0,0,2658,256,16,0,0,0,11.3125,
aeqkad_nu0.2,window,full,fidelity,False,True,16,0.2,25,0,False,iid,0.1,0,s056,7,26.249999999999996,8.097826086956525,6.0,66.0,56,47,45,2,0,6,0.9,9.12109375,52,3,1,0,2,2335,256,16,0,0,1,8.875,
aeqkad_nu0.2,window,full,fidelity,False,True,16,0.2,25,0,False,iid,0.1,0,s056,8,19.749999999999996,10.434782608695654,2.0,61.0,56,48,45,3,0,6,0.9,9.33203125,54,4,0,0,2,2389,256,16,0,0,2,7.8125,84.0
aeqkad_nu0.2,window,full,fidelity,False,True,16,0.2,25,0,False,iid,0.1,1,s056,2,34.5,26.79347826086957,6.0,73.0,56,45,42,3,0,6,0.84,13.1953125,53,6,0,0,2,3378,256,16,0,0,1,8.5,
aeqkad_nu0.2,window,full,fidelity,False,True,16,0.2,25,0,False,iid,0.1,1,s056,3,25.0,11.684782608695654,2.0,65.0,56,46,43,3,0,6,0.86,10.5625,54,7,0,0,1,2704,256,16,0,0,2,11.0625,
aeqkad_nu0.2,window,full,fidelity,False,True,16,0.2,25,0,False,iid,0.1,1,s056,4,25.75,11.521739130434785,12.0,65.5,56,40,40,0,0,6,0.8,8.58984375,47,4,1,0,3,2199,256,16,0,0,0,12.0625,
aeqkad_nu0.2,window,full,fidelity,False,True,16,0.2,25,0,False,iid,0.1,1,s056,5,27.500000000000004,18.532608695652172,6.0,68.5,56,44,41,3,0,6,0.82,9.0234375,53,3,0,0,6,2310,256,16,0,0,0,12.3125,
aeqkad_nu0.2,window,full,fidelity,False,True,16,0.2,25,0,False,iid,0.1,1,s056,6,28.000000000000004,13.097826086956523,4.0,67.5,56,46,44,2,0,6,0.88,9.3203125,52,4,0,0,2,2386,256,16,0,0,1,10.5,
aeqkad_nu0.2,window,full,fidelity,False,True,16,0.2,25,0,False,iid,0.1,1,s056,7,22.749999999999996,13.858695652173914,6.0,67.0,56,47,45,2,0,6,0.9,8.7734375,52,4,0,0,1,2246,256,16,0,0,1,9.4375,
aeqkad_nu0.2,window,full,fidelity,False,True,16,0.2,25,0,False,iid,0.1,1,s056,8,19.749999999999996,15.108695652173914,2.0,66.0,56,48,45,3,0,6,0.9,9.0859375,53,3,0,0,2,2326,256,16,0,0,2,8.125,92.0
aeqkad_nu0.2,window,full,fidelity,False,True,16,0.2,25,0,False,iid,0.1,2,s056,2,28.000000000000004,19.782608695652172,6.0,71.5,56,45,43,2,0,6,0.86,13.34375,50,5,16,0,0,3416,256,16,0,0,1,8.3125,
aeqkad_nu0.2,window,full,fidelity,False,True,16,0.2,25,0,False,iid,0.1,2,s056,3,27.0,8.42391304347826,6.0,62.5,56,46,44,2,0,6,0.88,10.32421875,51,3,12,0,2,2643,256,16,0,0,0,9.5625,
aeqkad_nu0.2,window,full,fidelity,False,True,16,0.2,25,0,False,iid,0.1,2,s056,4,26.25,12.771739130434783,12.0,57.49999999999999,56,40,40,0,0,6,0.8,8.97265625,46,3,12,0,3,2297,256,16,0,0,0,13.0625,
aeqkad_nu0.2,window,full,fidelity,False,True,16,0.2,25,0,False,iid,0.1,2,s056,5,30.75,11.684782608695654,6.0,67.5,56,43,40,3,0,6,0.8,9.26171875,50,3,12,0,4,2371,256,16,0,0,0,11.125,
aeqkad_nu0.2,window,full,fidelity,False,True,16,0.2,25,0,False,iid,0.1,2,s056,6,25.5,17.445652173913043,4.0,72.0,56,48,45,3,0,6,0.9,9.29296875,54,4,8,0,2,2379,256,16,0,0,2,9.1875,
aeqkad_nu0.2,window,full,fidelity,False,True,16,0.2,25,0,False,iid,0.1,2,s056,7,19.75,7.17391304347826,6.0,72.5,56,46,45,1,0,6,0.9,9.1328125,51,4,19,0,1,2338,256,16,0,0,0,10.0,
aeqkad_nu0.2,window,full,fidelity,False,True,16,0.2,25,0,False,iid,0.1,2,s056,8,18.25,16.358695652173914,2.0,67.5,56,50,47,3,0,6,0.94,9.25390625,52,1,15,0,1,2369,256,16,0,0,2,7.8125,92.0
window_nu0.1,window,none,fidelity,False,True,16,0.1,25,0,False,iid,0.1,0,s057,2,34.5,19.782608695652172,14.000000000000002,64.5,56,48,43,5,0,6,0.86,14.70703125,0,0,0,0,0,3765,256,16,0,0,2,7.5,
window_nu0.1,window,none,fidelity,False,True,16,0.1,25,0,False,iid,0.1,0,s057,3,27.250000000000004,10.434782608695654,6.0,60.0,56,50,47,3,0,6,0.94,13.1953125,0,0,0,0,0,3378,256,16,0,0,2,7.5,
window_nu0.1,window,none,fidelity,False,True,16,0.1,25,0,False,iid,0.1,0,s057,4,26.75,18.532608695652172,8.0,64.0,56,49,46,3,0,6,0.92,13.83203125,0,0,0,0,0,3541,256,16,0,0,1,7.5,
window_nu0.1,window,none,fidelity,False,True,16,0.1,25,0,False,iid,0.1,0,s057,5,24.0,10.434782608695654,6.0,67.5,56,53,47,6,0,6,0.94,12.64453125,0,0,0,0,0,3237,256,16,0,0,1,7.625,
window_nu0.1,window,none,fidelity,False,True,16,0.1,25,0,False,iid,0.1,0,s057,6,22.749999999999996,10.434782608695654,0.0,61.0,56,54,50,4,0,6,1.0,12.06640625,0,0,0,0,0,3089,256,16,0,0,0,8.125,
window_nu0.1,window,none,fidelity,False,True,16,0.1,25,0,False,iid,0.1,0,s057,7,20.0,10.434782608695654,6.0,57.99999999999999,56,52,47,5,0,6,0.94,12.2578125,0,0,0,0,0,3138,256,16,0,0,2,8.5,
window_nu0.1,window,none,fidelity,False,True,16,0.1,25,0,False,iid,0.1,0,s057,8,20.499999999999996,4.83695652173913,8.0,62.5,56,49,46,3,0,6,0.92,12.625,0,0,0,0,0,3232,256,16,0,0,2,7.9375,36.0
window_nu0.1,window,none,fidelity,False,True,16,0.1,25,0,False,iid,0.1,1,s057,2,34.0,17.445652173913043,12.0,65.0,56,46,44,2,0,6,0.88,14.4609375,0,0,0,0,0,3702,256,16,0,0,0,7.5,
window_nu0.1,window,none,fidelity,False,True,16,0.1,25,0,False,iid,0.1,1,s057,3,26.0,18.532608695652172,6.0,59.0,56,51,47,4,0,6,0.94,13.38671875,0,0,0,0,0,3427,256,16,0,0,1,8.375,
window_nu0.1,window,none,fidelity,False,True,16,0.1,25,0,False,iid,0.1,1,s057,4,24.25,20.869565217391305,10.0,65.0,56,49,45,4,0,6,0.9,13.5859375,0,0,0,0,0,3478,256,16,0,0,1,9.4375,
window_nu0.1,window,none,fidelity,False,True,16,0.1,25,0,False,iid,0.1,1,s057,5,21.999999999999996,10.434782608695654,8.0,57.99999999999999,56,50,46,4,0,6,0.92,12.71875,0,0,0,0,0,3256,256,16,0,0,1,7.625,
window_nu0.1,window,none,fidelity,False,True,16,0.1,25,0,False,iid,0.1,1,s057,6,17.750000000000004,7.01086956521739,0.0,51.5,56,53,50,3,0,6,1.0,11.7578125,0,0,0,0,0,3010,256,16,0,0,1,7.75,
window_nu0.1,window,none,fidelity,False,True,16,0.1,25,0,False,iid,0.1,1,s057,7,22.249999999999996,15.108695652173914,10.0,58.5,56,50,45,5,0,6,0.9,12.1875,0,0,0,0,0,3120,256,16,0,0,2,9.4375,
window_nu0.1,window,none,fidelity,False,True,16,0.1,25,0,False,iid,0.1,1,s057,8,24.5,16.032608695652172,6.0,52.5,56,51,47,4,0,6,0.94,12.6953125,0,0,0,0,0,3250,256,16,0,0,2,7.5,52.0
window_nu0.1,window,none,fidelity,False,True,16,0.1,25,0,False,iid,0.1,2,s057,2,33.75,23.20652173913043,14.000000000000002,59.5,56,48,43,5,0,6,0.86,14.77734375,0,0,0,0,0,3783,256,16,0,0,2,7.5,
window_nu0.1,window,none,fidelity,False,True,16,0.1,25,0,False,iid,0.1,2,s057,3,27.249999999999996,12.771739130434783,10.0,56.49999999999999,56,47,45,2,0,6,0.9,12.953125,0,0,0,0,0,3316,256,16,0,0,1,10.25,
window_nu0.1,window,none,fidelity,False,True,16,0.1,25,0,False,iid,0.1,2,s057,4,24.5,19.782608695652172,10.0,62.5,56,48,45,3,0,6,0.9,13.33203125,0,0,0,0,0,3413,256,16,0,0,0,7.75,
window_nu0.1,window,none,fidelity,False,True,16,0.1,25,0,False,iid,0.1,2,s057,5,19.499999999999996,10.597826086956525,8.0,65.5,56,51,46,5,0,6,0.92,12.29296875,0,0,0,0,0,3147,256,16,0,0,2,7.5625,
window_nu0.1,window,none,fidelity,False,True,16,0.1,25,0,False,iid,0.1,2,s057,6,16.000000000000004,9.184782608695654,0.0,53.0,56,53,50,3,0,6,1.0,12.09375,0,0,0,0,0,3096,256,16,0,0,2,8.4375,
window_nu0.1,window,none,fidelity,False,True,16,0.1,25,0,False,iid,0.1,2,s057,7,22.249999999999996,12.608695652173912,6.0,57.99999999999999,56,51,47,4,0,6,0.94,12.234375,0,0,0,0,0,3132,256,16,0,0,2,10.625,
window_nu0.1,window,none,fidelity,False,True,16,0.1,25,0,False,iid,0.1,2,s057,8,22.249999999999996,14.021739130434785,6.0,60.5,56,52,47,5,0,6,0.94,12.98046875,0,0,0,0,0,3323,256,16,0,0,1,7.5,40.0
window_nu0.2,window,none,fidelity,False,True,16,0.2,25,0,False,iid,0.1,0,s057,2,34.5,19.782608695652172,14.000000000000002,64.5,56,48,43,5,0,6,0.86,14.7109375,0,0,0,0,0,3766,256,16,0,0,2,7.5,
window_nu0.2,window,none,fidelity,False,True,16,0.2,25,0,False,iid,0.1,0,s057,3,27.250000000000004,10.434782608695654,6.0,60.0,56,50,47,3,0,6,0.94,13.1953125,0,0,0,0,0,3378,256,16,0,0,2,7.5,
window_nu0.2,window,none,fidelity,False,True,16,0.2,25,0,False,iid,0.1,0,s057,4,26.75,18.532608695652172,8.0,64.0,56,49,46,3,0,6,0.92,13.83203125,0,0,0,0,0,3541,256,16,0,0,1,7.5,
window_nu0.2,window,none,fidelity,False,True,16,0.2,25,0,False,iid,0.1,0,s057,5,24.25,10.434782608695654,6.0,67.5,56,53,47,6,0,6,0.94,12.73828125,0,0,0,0,0,3261,256,16,0,0,1,7.625,
window_nu0.2,window,none,fidelity,False,True,16,0.2,25,0,False,iid,0.1,0,s057,6,22.749999999999996,10.434782608695654,0.0,61.0,56,54,50,4,0,6,1.0,12.06640625,0,0,0,0,0,3089,256,16,0,0,0,8.125,
window_nu0.2,window,none,fidelity,False,True,16,0.2,25,0,False,iid,0.1,0,s057,7,20.0,10.434782608695654,6.0,57.99999999999999,56,52,47,5,0,6,0.94,12.28125,0,0,0,0,0,3144,256,16,0,0,2,8.5,
window_nu0.2,window,none,fidelity,False,True,16,0.2,25,0,False,iid,0.1,0,s057,8,20.499999999999996,4.83695652173913,8.0,62.5,56,49,46,3,0,6,0.92,12.6015625,0,0,0,0,0,3226,256,16,0,0,2,7.9375,36.0
window_nu0.2,window,none,fidelity,False,True,16,0.2,25,0,False,iid,0.1,1,s057,2,34.0,17.445652173913043,12.0,65.0,56,46,44,2,0,6,0.88,14.484375,0,0,0,0,0,3708,256,16,0,0,0,7.5,
window_nu0.2,window,none,fidelity,False,True,16,0.2,25,0,False,iid,0.1,1,s057,3,26.0,18.532608695652172,6.0,59.0,56,51,47,4,0,6,0.94,13.38671875,0,0,0,0,0,3427,256,16,0,0,1,8.375,
window_nu0.2,window,none,fidelity,False,True,16,0.2,25,0,False,iid,0.1,1,s057,4,25.25,20.869565217391305,10.0,65.0,56,49,45,4,0,6,0.9,13.5859375,0,0,0,0,0,3478,256,16,0,0,1,9.4375,
window_nu0.2,window,none,fidelity,False,True,16,0.2,25,0,False,iid,0.1,1,s057,5,21.999999999999996,10.434782608695654,8.0,57.99999999999999,56,50,46,4,0,6,0.92,12.72265625,0,0,0,0,0,3257,256,16,0,0,1,7.625,
window_nu0.2,window,none,fidelity,False,True,16,0.2,25,0,False,iid,0.1,1,s057,6,17.750000000000004,7.01086956521739,0.0,51.5,56,53,50,3,0,6,1.0,11.76171875,0,0,0,0,0,3011,256,16,0,0,1,7.75,
window_nu0.2,window,none,fidelity,False,True,16,0.2,25,0,False,iid,0.1,1,s057,7,22.249999999999996,15.108695652173914,10.0,58.5,56,50,45,5,0,6,0.9,12.21484375,0,0,0,0,0,3127,256,16,0,0,2,9.4375,
window_nu0.2,window,none,fidelity,False,True,16,0.2,25,0,False,iid,0.1,1,s057,8,24.5,16.032608695652172,6.0,52.5,56,51,47,4,0,6,0.94,12.7421875,0,0,0,0,0,3262,256,16,0,0,2,7.5,52.0
window_nu0.2,window,none,fidelity,False,True,16,0.2,25,0,False,iid,0.1,2,s057,2,33.75,24.293478260869566,14.000000000000002,59.5,56,48,43,5,0,6,0.86,14.82421875,0,0,0,0,0,3795,256,16,0,0,2,7.5,
window_nu0.2,window,none,fidelity,False,True,16,0.2,25,0,False,iid,0.1,2,s057,3,27.249999999999996,12.771739130434783,10.0,56.49999999999999,56,47,45,2,0,6,0.9,12.953125,0,0,0,0,0,3316,256,16,0,0,1,10.25,
window_nu0.2,window,none,fidelity,False,True,16,0.2,25,0,False,iid,0.1,2,s057,4,24.5,19.782608695652172,10.0,62.5,56,48,45,3,0,6,0.9,13.35546875,0,0,0,0,0,3419,256,16,0,0,0,7.75,
window_nu0.2,window,none,fidelity,False,True,16,0.2,25,0,False,iid,0.1,2,s057,5,19.499999999999996,10.597826086956525,8.0,65.5,56,51,46,5,0,6,0.92,12.296875,0,0,0,0,0,3148,256,16,0,0,2,7.5625,
window_nu0.2,window,none,fidelity,False,True,16,0.2,25,0,False,iid,0.1,2,s057,6,16.000000000000004,9.184782608695654,0.0,53.0,56,53,50,3,0,6,1.0,12.140625,0,0,0,0,0,3108,256,16,0,0,2,8.4375,
window_nu0.2,window,none,fidelity,False,True,16,0.2,25,0,False,iid,0.1,2,s057,7,22.249999999999996,12.608695652173912,6.0,57.99999999999999,56,51,47,4,0,6,0.94,12.2578125,0,0,0,0,0,3138,256,16,0,0,2,10.625,
window_nu0.2,window,none,fidelity,False,True,16,0.2,25,0,False,iid,0.1,2,s057,8,22.249999999999996,14.021739130434785,6.0,60.5,56,52,47,5,0,6,0.94,13.07421875,0,0,0,0,0,3347,256,16,0,0,1,7.5,40.0
aeqkad_nu0.1,window,full,fidelity,False,True,16,0.1,25,0,False,iid,0.1,0,s057,2,34.0,20.869565217391305,14.000000000000002,64.0,56,45,41,4,0,6,0.82,14.5859375,48,3,41,0,0,3734,256,16,0,0,2,8.5,
aeqkad_nu0.1,window,full,fidelity,False,True,16,0.1,25,0,False,iid,0.1,0,s057,3,24.0,12.771739130434783,10.0,54.50000000000001,56,46,44,2,0,6,0.88,12.67578125,49,2,43,0,1,3245,256,16,0,0,2,9.125,
aeqkad_nu0.1,window,full,fidelity,False,True,16,0.1,25,0,False,iid,0.1,0,s057,4,24.0,18.532608695652172,8.0,61.5,56,46,44,2,0,6,0.88,13.27734375,50,4,43,0,0,3399,256,16,0,0,1,7.5,
aeqkad_nu0.1,window,full,fidelity,False,True,16,0.1,25,0,False,iid,0.1,0,s057,5,24.25,8.097826086956525,6.0,66.5,56,51,45,6,0,6,0.9,12.63671875,53,2,47,0,0,3235,256,16,0,0,1,7.625,
aeqkad_nu0.1,window,full,fidelity,False,True,16,0.1,25,0,False,iid,0.1,0,s057,6,23.5,11.684782608695654,2.0,51.0,56,45,43,2,0,6,0.86,11.16015625,53,7,41,0,1,2857,256,16,0,0,0,10.125,
aeqkad_nu0.1,window,full,fidelity,False,True,16,0.1,25,0,False,iid,0.1,0,s057,7,23.0,9.347826086956525,6.0,55.50000000000001,56,49,44,5,0,6,0.88,11.76171875,52,3,43,0,0,3011,256,16,0,0,3,9.625,
aeqkad_nu0.1,window,full,fidelity,False,True,16,0.1,25,0,False,iid,0.1,0,s057,8,23.5,4.83695652173913,6.0,60.0,56,47,45,2,0,6,0.9,12.76171875,50,3,44,0,0,3267,256,16,0,0,1,9.1875,38.0
aeqkad_nu0.1,window,full,fidelity,False,True,16,0.1,25,0,False,iid,0.1,1,s057,2,35.5,18.695652173913043,14.000000000000002,62.0,56,41,39,2,0,6,0.78,14.4453125,45,4,15,0,0,3698,256,16,0,0,0,9.75,
aeqkad_nu0.1,window,full,fidelity,False,True,16,0.1,25,0,False,iid,0.1,1,s057,3,28.000000000000004,12.771739130434783,8.0,54.50000000000001,56,45,44,1,0,6,0.88,12.8671875,50,4,19,0,1,3294,256,16,0,0,0,10.75,
aeqkad_nu0.1,window,full,fidelity,False,True,16,0.1,25,0,False,iid,0.1,1,s057,4,21.749999999999996,18.532608695652172,12.0,63.0,56,44,42,2,0,6,0.84,12.9609375,47,3,21,0,0,3318,256,16,0,0,0,9.5,
aeqkad_nu0.1,window,full,fidelity,False,True,16,0.1,25,0,False,iid,0.1,1,s057,5,20.75,10.434782608695654,8.0,55.00000000000001,56,47,44,3,0,6,0.88,12.171875,50,2,23,0,1,3116,256,16,0,0,1,7.875,
aeqkad_nu0.1,window,full,fidelity,False,True,16,0.1,25,0,False,iid,0.1,1,s057,6,21.749999999999996,3.75,2.0,43.0,56,42,42,0,0,6,0.84,9.7578125,51,9,23,0,0,2498,256,16,0,0,0,11.0625,
aeqkad_nu0.1,window,full,fidelity,False,True,16,0.1,25,0,False,iid,0.1,1,s057,7,23.0,8.097826086956525,8.0,53.0,56,44,42,2,0,6,0.84,11.39453125,51,6,16,0,1,2917,256,16,0,0,1,10.4375,
aeqkad_nu0.1,window,full,fidelity,False,True,16,0.1,25,0,False,iid,0.1,1,s057,8,24.25,9.510869565217389,10.0,47.0,56,45,41,4,0,6,0.82,11.91015625,49,4,11,0,0,3049,256,16,0,0,2,8.375,57.99999999999999
aeqkad_nu0.1,window,full,fidelity,False,True,16,0.1,25,0,False,iid,0.1,2,s057,2,31.75,21.956521739130434,14.000000000000002,57.99999999999999,56,44,39,5,0,6,0.78,14.78515625,48,4,31,0,0,3785,256,16,0,0,2,9.5625,
aeqkad_nu0.1,window,full,fidelity,False,True,16,0.1,25,0,False,iid,0.1,2,s057,3,26.25,12.771739130434783,8.0,55.00000000000001,56,44,42,2,0,6,0.84,12.64453125,48,2,31,0,2,3237,256,16,0,0,1,12.0625,
aeqkad_nu0.1,window,full,fidelity,False,True,16,0.1,25,0,False,iid,0.1,2,s057,4,24.5,19.782608695652172,14.000000000000002,63.5,56,45,42,3,0,6,0.84,13.1953125,46,1,37,0,0,3378,256,16,0,0,0,7.75,
aeqkad_nu0.1,window,full,fidelity,False,True,16,0.1,25,0,False,iid,0.1,2,s057,5,21.499999999999996,8.260869565217389,8.0,53.5,56,44,42,2,0,6,0.84,11.9765625,51,7,34,0,0,3066,256,16,0,0,1,9.4375,
aeqkad_nu0.1,window,full,fidelity,False,True,16,0.1,25,0,False,iid,0.1,2,s057,6,20.0,7.01086956521739,0.0,48.0,56,45,44,1,0,6,0.88,11.04296875,53,7,34,0,1,2827,256,16,0,0,0,10.9375,
aeqkad_nu0.1,window,full,fidelity,False,True,16,0.1,25,0,False,iid,0.1,2,s057,7,20.999999999999996,12.608695652173912,10.0,53.0,56,45,42,3,0,6,0.84,11.12890625,49,3,33,0,1,2849,256,16,0,0,2,10.625,
aeqkad_nu0.1,window,full,fidelity,False,True,16,0.1,25,0,False,iid,0.1,2,s057,8,25.25,11.684782608695654,6.0,57.49999999999999,56,46,43,3,0,6,0.86,12.359375,52,4,23,0,2,3164,256,16,0,0,1,8.1875,40.0
aeqkad_nu0.2,window,full,fidelity,False,True,16,0.2,25,0,False,iid,0.1,0,s057,2,34.0,20.869565217391305,14.000000000000002,64.0,56,45,41,4,0,6,0.82,14.609375,48,3,41,0,0,3740,256,16,0,0,2,8.5,
aeqkad_nu0.2,window,full,fidelity,False,True,16,0.2,25,0,False,iid,0.1,0,s057,3,24.0,12.771739130434783,10.0,54.50000000000001,56,46,44,2,0,6,0.88,12.69921875,49,2,43,0,1,3251,256,16,0,0,2,9.125,
aeqkad_nu0.2,window,full,fidelity,False,True,16,0.2,25,0,False,iid,0.1,0,s057,4,24.0,18.532608695652172,8.0,61.5,56,46,44,2,0,6,0.88,13.27734375,50,4,43,0,0,3399,256,16,0,0,1,7.5,
aeqkad_nu0.2,window,full,fidelity,False,True,16,0.2,25,0,False,iid,0.1,0,s057,5,24.25,8.097826086956525,6.0,66.5,56,51,45,6,0,6,0.9,12.63671875,53,2,47,0,0,3235,256,16,0,0,1,7.625,
aeqkad_nu0.2,window,full,fidelity,False,True,16,0.2,25,0,False,iid,0.1,0,s057,6,23.5,11.684782608695654,2.0,51.0,56,45,43,2,0,6,0.86,11.1875,53,7,41,0,1,2864,256,16,0,0,0,10.125,
aeqkad_nu0.2,window,full,fidelity,False,True,16,0.2,25,0,False,iid,0.1,0,s057,7,23.0,9.347826086956525,6.0,55.50000000000001,56,49,44,5,0,6,0.88,11.76171875,52,3,43,0,0,3011,256,16,0,0,3,9.625,
aeqkad_nu0.2,window,full,fidelity,False,True,16,0.2,25,0,False,iid,0.1,0,s057,8,23.5,4.83695652173913,6.0,60.0,56,47,45,2,0,6,0.9,12.78515625,50,3,44,0,0,3273,256,16,0,0,1,9.1875,38.0
aeqkad_nu0.2,window,full,fidelity,False,True,16,0.2,25,0,False,iid,0.1,1,s057,2,35.5,18.695652173913043,14.000000000000002,62.0,56,41,39,2,0,6,0.78,14.421875,45,4,13,0,0,3692,256,16,0,0,0,9.75,
aeqkad_nu0.2,window,full,fidelity,False,True,16,0.2,25,0,False,iid,0.1,1,s057,3,28.000000000000004,12.771739130434783,8.0,54.50000000000001,56,45,44,1,0,6,0.88,12.8671875,50,4,19,0,1,3294,256,16,0,0,0,10.75,
aeqkad_nu0.2,window,full,fidelity,False,True,16,0.2,25,0,False,iid,0.1,1,s057,4,21.999999999999996,18.532608695652172,12.0,63.0,56,44,42,2,0,6,0.84,12.9375,47,3,21,0,0,3312,256,16,0,0,0,9.5,
aeqkad_nu0.2,window,full,fidelity,False,True,16,0.2,25,0,False,iid,0.1,1,s057,5,20.75,10.434782608695654,8.0,55.00000000000001,56,47,44,3,0,6,0.88,12.17578125,50,2,22,0,1,3117,256,16,0,0,1,7.875,
aeqkad_nu0.2,window,full,fidelity,False,True,16,0.2,25,0,False,iid,0.1,1,s057,6,21.749999999999996,3.75,2.0,43.0,56,42,42,0,0,6,0.84,9.7578125,51,9,23,0,0,2498,256,16,0,0,0,11.0625,
aeqkad_nu0.2,window,full,fidelity,False,True,16,0.2,25,0,False,iid,0.1,1,s057,7,23.0,8.097826086956525,8.0,53.0,56,44,42,2,0,6,0.84,11.37109375,51,6,16,0,1,2911,256,16,0,0,1,10.4375,
aeqkad_nu0.2,window,full,fidelity,False,True,16,0.2,25,0,False,iid,0.1,1,s057,8,24.25,9.510869565217389,10.0,47.0,56,45,41,4,0,6,0.82,11.91015625,49,4,11,0,0,3049,256,16,0,0,2,8.375,57.99999999999999
aeqkad_nu0.2,window,full,fidelity,False,True,16,0.2,25,0,False,iid,0.1,2,s057,2,31.75,21.956521739130434,14.000000000000002,57.99999999999999,56,44,39,5,0,6,0.78,14.73828125,48,4,31,0,0,3773,256,16,0,0,2,9.5625,
aeqkad_nu0.2,window,full,fidelity,False,True,16,0.2,25,0,False,iid,0.1,2,s057,3,26.0,12.771739130434783,8.0,55.00000000000001,56,44,42,2,0,6,0.84,12.64453125,48,2,31,0,2,3237,256,16,0,0,1,12.0625,
aeqkad_nu0.2,window,full,fidelity,False,True,16,0.2,25,0,False,iid,0.1,2,s057,4,24.5,19.782608695652172,14.000000000000002,63.5,56,45,42,3,0,6,0.84,13.2421875,46,1,37,0,0,3390,256,16,0,0,0,7.75,
aeqkad_nu0.2,window,full,fidelity,False,True,16,0.2,25,0,False,iid,0.1,2,s057,5,21.499999999999996,8.260869565217389,8.0,53.5,56,44,42,2,0,6,0.84,11.97265625,51,7,34,0,0,3065,256,16,0,0,1,9.4375,
aeqkad_nu0.2,window,full,fidelity,False,True,16,0.2,25,0,False,iid,0.1,2,s057,6,20.0,7.01086956521739,0.0,48.0,56,45,44,1,0,6,0.88,11.01953125,53,7,34,0,1,2821,256,16,0,0,0,10.9375,
aeqkad_nu0.2,window,full,fidelity,False,True,16,0.2,25,0,False,iid,0.1,2,s057,7,20.999999999999996,12.608695652173912,10.0,53.0,56,45,42,3,0,6,0.84,11.15234375,49,3,33,0,1,2855,256,16,0,0,2,10.625,
aeqkad_nu0.2,window,full,fidelity,False,True,16,0.2,25,0,False,iid,0.1,2,s057,8,25.25,11.684782608695654,6.0,57.49999999999999,56,46,43,3,0,6,0.86,12.40625,52,4,23,0,2,3176,256,16,0,0,1,8.1875,40.0
