label,memory,gate,kind,noisy,relative,m_max,mode,rate,seed,user,session,eer,eer_k5,frr,far,n_stream,n_updates,gen_admitted,imp_admitted,imp_injected,atk_admitted,upd_rate_gen,mean_sv,g_accepted,g_rej_score,g_margin_binds,g_rej_meanfid,g_rej_drift,g_sv_total,g_decisions,M,anchors_in_P,enroll_in_P,mean_age,imp_in_P,atk_final_accept
window_poison,window,none,fidelity,False,True,16,poison,0.1,0,s015,2,25.25,10.434782608695654,12.0,66.0,66,58,44,5,6,9,0.88,13.590225563909774,0,0,0,0,0,3615,266,16,0,0,7.5,4,
window_poison,window,none,fidelity,False,True,16,poison,0.1,0,s015,3,16.750000000000004,8.097826086956525,2.0,63.5,66,58,49,1,6,8,0.98,13.109022556390975,0,0,0,0,0,3487,266,16,0,0,7.9375,2,
window_poison,window,none,fidelity,False,True,16,poison,0.1,0,s015,4,23.75,16.195652173913043,2.0,61.0,66,58,49,1,6,8,0.98,12.984962406015038,0,0,0,0,0,3454,266,16,0,0,7.875,4,
window_poison,window,none,fidelity,False,True,16,poison,0.1,0,s015,5,35.25,26.6304347826087,10.0,79.0,66,59,45,5,6,9,0.9,14.6390977443609,0,0,0,0,0,3894,266,16,0,0,8.9375,5,
window_poison,window,none,fidelity,False,True,16,poison,0.1,0,s015,6,30.25,24.1304347826087,14.000000000000002,72.5,66,53,43,4,6,6,0.86,13.150375939849624,0,0,0,0,0,3498,266,16,0,0,9.0,4,
window_poison,window,none,fidelity,False,True,16,poison,0.1,0,s015,7,29.75,15.271739130434783,6.0,77.0,66,58,47,3,6,8,0.94,14.522556390977444,0,0,0,0,0,3863,266,16,0,0,7.9375,3,
window_poison,window,none,fidelity,False,True,16,poison,0.1,0,s015,8,23.5,16.195652173913043,6.0,67.0,66,55,47,5,6,3,0.94,12.808270676691729,0,0,0,0,0,3407,266,16,0,0,7.8125,3,48.0
window_poison,window,none,fidelity,False,True,16,poison,0.1,1,s015,2,26.25,10.434782608695654,14.000000000000002,62.5,66,55,43,3,6,9,0.86,13.018796992481205,0,0,0,0,0,3463,266,16,0,0,7.875,2,
window_poison,window,none,fidelity,False,True,16,poison,0.1,1,s015,3,20.5,9.347826086956523,8.0,60.5,66,57,46,2,6,9,0.92,13.233082706766917,0,0,0,0,0,3520,266,16,0,0,8.4375,2,
window_poison,window,none,fidelity,False,True,16,poison,0.1,1,s015,4,23.0,15.108695652173914,2.0,66.5,66,62,49,4,6,9,0.98,12.853383458646617,0,0,0,0,0,3419,266,16,0,0,7.5,2,
window_poison,window,none,fidelity,False,True,16,poison,0.1,1,s015,5,34.0,20.108695652173918,10.0,72.5,66,60,45,6,6,9,0.9,13.699248120300751,0,0,0,0,0,3644,266,16,0,0,8.625,3,
window_poison,window,none,fidelity,False,True,16,poison,0.1,1,s015,6,30.75,17.445652173913043,4.0,74.0,66,62,48,5,6,9,0.96,13.699248120300751,0,0,0,0,0,3644,266,16,0,0,9.3125,4,
window_poison,window,none,fidelity,False,True,16,poison,0.1,1,s015,7,34.25,12.771739130434783,6.0,80.5,66,61,47,5,6,9,0.94,14.586466165413531,0,0,0,0,0,3880,266,16,0,0,7.5,3,
window_poison,window,none,fidelity,False,True,16,poison,0.1,1,s015,8,22.0,15.108695652173914,10.0,68.5,66,60,45,6,6,9,0.9,13.033834586466163,0,0,0,0,0,3467,266,16,0,0,8.0,5,92.0
window_poison,window,none,fidelity,False,True,16,poison,0.1,2,s015,2,28.25,15.108695652173914,12.0,65.0,66,58,44,5,6,9,0.88,13.345864661654137,0,0,0,0,0,3550,266,16,0,0,7.5,3,
window_poison,window,none,fidelity,False,True,16,poison,0.1,2,s015,3,23.5,11.684782608695654,2.0,71.0,66,63,49,5,6,9,0.98,13.18796992481203,0,0,0,0,0,3508,266,16,0,0,7.5,3,
window_poison,window,none,fidelity,False,True,16,poison,0.1,2,s015,4,26.5,18.53260869565217,4.0,70.0,66,62,48,4,6,10,0.96,13.25187969924812,0,0,0,0,0,3525,266,16,0,0,8.4375,3,
window_poison,window,none,fidelity,False,True,16,poison,0.1,2,s015,5,38.5,26.79347826086957,12.0,75.0,66,57,44,4,6,9,0.88,14.165413533834586,0,0,0,0,0,3768,266,16,0,0,9.9375,5,
window_poison,window,none,fidelity,False,True,16,poison,0.1,2,s015,6,32.49999999999999,22.1195652173913,6.0,80.5,66,62,47,5,6,10,0.94,14.022556390977444,0,0,0,0,0,3730,266,16,0,0,8.625,3,
window_poison,window,none,fidelity,False,True,16,poison,0.1,2,s015,7,29.75,18.695652173913043,6.0,78.5,66,63,47,6,6,10,0.94,14.706766917293232,0,0,0,0,0,3912,266,16,0,0,7.5,6,
window_poison,window,none,fidelity,False,True,16,poison,0.1,2,s015,8,28.25,12.771739130434783,8.0,79.0,66,60,46,5,6,9,0.92,12.99624060150376,0,0,0,0,0,3457,266,16,0,0,7.5,3,80.0
aeqkad_poison,window,full,fidelity,False,True,16,poison,0.1,0,s015,2,32.00000000000001,15.108695652173914,14.000000000000002,55.50000000000001,66,42,34,2,6,6,0.68,12.082706766917294,57,13,0,0,2,3214,266,16,0,0,14.0625,2,
aeqkad_poison,window,full,fidelity,False,True,16,poison,0.1,0,s015,3,22.75,6.847826086956524,8.0,51.0,66,48,43,0,6,5,0.86,11.575187969924812,54,5,0,0,1,3079,266,16,0,0,8.8125,2,
aeqkad_poison,window,full,fidelity,False,True,16,poison,0.1,0,s015,4,32.25,14.021739130434783,4.0,56.99999999999999,66,40,35,0,6,5,0.7,10.973684210526317,57,13,0,0,4,2919,266,16,0,0,16.125,4,
aeqkad_poison,window,full,fidelity,False,True,16,poison,0.1,0,s015,5,33.5,17.608695652173914,10.0,71.0,66,48,40,2,6,6,0.8,14.0,59,6,0,0,5,3724,266,16,0,0,14.4375,0,
aeqkad_poison,window,full,fidelity,False,True,16,poison,0.1,0,s015,6,25.25,13.858695652173914,10.0,65.5,66,41,39,2,6,0,0.78,11.593984962406015,54,10,0,0,3,3084,266,16,0,0,13.1875,1,
aeqkad_poison,window,full,fidelity,False,True,16,poison,0.1,0,s015,7,28.000000000000004,11.847826086956523,2.0,71.0,66,48,44,3,6,1,0.88,13.81203007518797,59,6,1,0,5,3674,266,16,0,0,10.5,1,
aeqkad_poison,window,full,fidelity,False,True,16,poison,0.1,0,s015,8,27.500000000000004,11.684782608695654,18.0,55.50000000000001,66,37,36,1,6,0,0.72,9.518796992481205,47,8,0,0,2,2532,266,16,0,0,16.0,1,14.000000000000002
aeqkad_poison,window,full,fidelity,False,True,16,poison,0.1,1,s015,2,29.25,15.108695652173914,16.0,61.0,66,43,37,0,6,6,0.74,12.12406015037594,53,4,17,0,6,3225,266,16,0,0,13.3125,0,
aeqkad_poison,window,full,fidelity,False,True,16,poison,0.1,1,s015,3,19.75,9.347826086956523,10.0,57.49999999999999,66,52,44,0,6,8,0.88,12.451127819548873,56,3,20,0,1,3312,266,16,0,0,9.1875,3,
aeqkad_poison,window,full,fidelity,False,True,16,poison,0.1,1,s015,4,29.75,13.858695652173914,4.0,56.49999999999999,66,45,37,1,6,7,0.74,10.958646616541351,61,12,15,0,4,2915,266,16,0,0,16.0625,3,
aeqkad_poison,window,full,fidelity,False,True,16,poison,0.1,1,s015,5,35.75,22.28260869565217,14.000000000000002,71.5,66,54,40,5,6,9,0.8,13.142857142857142,58,4,17,0,0,3496,266,16,0,0,10.875,2,
aeqkad_poison,window,full,fidelity,False,True,16,poison,0.1,1,s015,6,34.75,14.021739130434783,8.0,69.0,66,49,37,4,6,8,0.74,12.545112781954888,60,10,21,0,1,3337,266,16,0,0,11.125,4,
aeqkad_poison,window,full,fidelity,False,True,16,poison,0.1,1,s015,7,30.000000000000004,16.358695652173914,4.0,75.0,66,53,44,1,6,8,0.88,14.319548872180452,62,7,16,0,2,3809,266,16,0,0,9.6875,2,
aeqkad_poison,window,full,fidelity,False,True,16,poison,0.1,1,s015,8,31.000000000000007,15.108695652173914,12.0,64.0,66,44,39,2,6,3,0.78,11.37593984962406,55,10,20,0,1,3026,266,16,0,0,15.625,1,78.0
aeqkad_poison,window,full,fidelity,False,True,16,poison,0.1,2,s015,2,26.0,17.445652173913043,16.0,58.5,66,41,36,1,6,4,0.72,11.74812030075188,55,10,0,0,4,3125,266,16,0,0,12.9375,2,
aeqkad_poison,window,full,fidelity,False,True,16,poison,0.1,2,s015,3,22.25,8.097826086956525,6.0,58.5,66,51,41,2,6,8,0.82,11.845864661654137,60,9,0,0,0,3151,266,16,0,0,8.1875,4,
aeqkad_poison,window,full,fidelity,False,True,16,poison,0.1,2,s015,4,30.500000000000004,17.445652173913043,4.0,59.5,66,45,36,1,6,8,0.72,11.6390977443609,59,12,0,0,2,3096,266,16,0,0,14.8125,3,
aeqkad_poison,window,full,fidelity,False,True,16,poison,0.1,2,s015,5,32.49999999999999,19.78260869565217,12.0,70.0,66,47,40,4,6,3,0.8,13.43984962406015,56,8,0,0,1,3575,266,16,0,0,14.5625,1,
aeqkad_poison,window,full,fidelity,False,True,16,poison,0.1,2,s015,6,28.500000000000004,14.184782608695654,10.0,65.0,66,40,39,1,6,0,0.78,11.612781954887218,50,10,0,0,0,3089,266,16,0,0,13.125,0,
aeqkad_poison,window,full,fidelity,False,True,16,poison,0.1,2,s015,7,29.25,17.445652173913043,2.0,69.0,66,49,45,4,6,0,0.9,13.93233082706767,61,9,0,0,3,3706,266,16,0,0,11.25,3,
aeqkad_poison,window,full,fidelity,False,True,16,poison,0.1,2,s015,8,32.75,8.097826086956525,16.0,57.99999999999999,66,37,36,1,6,0,0.72,9.857142857142858,47,8,0,0,2,2622,266,16,0,0,17.125,1,10.0
mm_poison,mm,full,fidelity,False,True,16,poison,0.1,0,s015,2,28.000000000000004,13.858695652173914,6.0,87.0,66,49,38,3,6,8,0.76,16.0,62,8,2,0,5,4256,266,16,1,16,91.875,0,
mm_poison,mm,full,fidelity,False,True,16,poison,0.1,0,s015,3,25.75,17.445652173913043,8.0,73.5,66,51,44,0,6,7,0.88,15.823308270676693,59,5,0,0,3,4209,266,16,1,1,35.875,2,
mm_poison,mm,full,fidelity,False,True,16,poison,0.1,0,s015,4,25.5,12.771739130434783,2.0,66.0,66,50,45,0,6,5,0.9,16.0,60,6,0,0,4,4256,266,16,1,1,49.5,2,
mm_poison,mm,full,fidelity,False,True,16,poison,0.1,0,s015,5,31.499999999999996,25.543478260869566,8.0,83.0,66,52,42,4,6,6,0.84,15.977443609022556,61,5,1,0,4,4250,266,16,1,1,69.375,2,
mm_poison,mm,full,fidelity,False,True,16,poison,0.1,0,s015,6,28.500000000000004,12.934782608695656,6.0,75.5,66,42,40,2,6,0,0.8,15.992481203007518,63,11,4,0,10,4254,266,16,1,1,74.5,1,
mm_poison,mm,full,fidelity,False,True,16,poison,0.1,0,s015,7,26.0,12.771739130434783,2.0,75.5,66,48,44,3,6,1,0.88,15.3796992481203,61,8,1,0,5,4091,266,16,1,1,70.875,2,
mm_poison,mm,full,fidelity,False,True,16,poison,0.1,0,s015,8,26.75,20.869565217391305,2.0,77.0,66,38,36,2,6,0,0.72,15.484962406015038,59,11,4,0,10,4119,266,16,1,1,90.125,3,54.0
mm_poison,mm,full,fidelity,False,True,16,poison,0.1,1,s015,2,27.500000000000004,17.445652173913043,2.0,84.0,66,41,35,0,6,6,0.7,16.0,64,14,28,0,9,4256,266,16,1,15,91.3125,0,
mm_poison,mm,full,fidelity,False,True,16,poison,0.1,1,s015,3,28.000000000000004,25.543478260869566,8.0,79.0,66,53,43,1,6,9,0.86,15.823308270676693,59,4,20,0,2,4209,266,16,1,1,32.625,4,
mm_poison,mm,full,fidelity,False,True,16,poison,0.1,1,s015,4,24.25,12.771739130434783,2.0,78.5,66,53,44,1,6,8,0.88,16.0,63,3,34,0,7,4256,266,16,1,1,59.6875,3,
mm_poison,mm,full,fidelity,False,True,16,poison,0.1,1,s015,5,36.25,27.8804347826087,8.0,81.5,66,57,43,5,6,9,0.86,15.951127819548873,61,1,34,0,3,4243,266,16,1,1,51.75,4,
mm_poison,mm,full,fidelity,False,True,16,poison,0.1,1,s015,6,31.499999999999996,25.706521739130437,4.0,80.5,66,56,44,4,6,8,0.88,16.0,62,5,37,0,1,4256,266,16,1,1,62.375,4,
mm_poison,mm,full,fidelity,False,True,16,poison,0.1,1,s015,7,24.5,9.510869565217387,0.0,80.5,66,58,48,2,6,8,0.96,16.0,64,5,33,0,1,4256,266,16,1,1,62.125,2,
mm_poison,mm,full,fidelity,False,True,16,poison,0.1,1,s015,8,30.75,21.03260869565217,0.0,82.0,66,46,41,2,6,3,0.82,16.0,64,11,33,0,7,4256,266,16,1,1,91.625,4,86.0
mm_poison,mm,full,fidelity,False,True,16,poison,0.1,2,s015,2,29.75,19.78260869565217,4.0,87.5,66,44,36,2,6,6,0.72,16.0,64,11,4,0,9,4256,266,16,1,15,85.75,0,
mm_poison,mm,full,fidelity,False,True,16,poison,0.1,2,s015,3,29.000000000000004,19.945652173913043,6.0,81.0,66,53,42,3,6,8,0.84,15.62781954887218,62,7,1,0,2,4157,266,16,1,1,34.4375,4,
mm_poison,mm,full,fidelity,False,True,16,poison,0.1,2,s015,4,23.75,14.021739130434783,2.0,73.5,66,53,45,2,6,6,0.9,16.0,64,5,0,0,6,4256,266,16,1,1,71.3125,4,
mm_poison,mm,full,fidelity,False,True,16,poison,0.1,2,s015,5,34.0,37.22826086956522,8.0,85.0,66,52,42,4,6,6,0.84,16.0,61,6,1,0,3,4256,266,16,1,1,57.9375,4,
mm_poison,mm,full,fidelity,False,True,16,poison,0.1,2,s015,6,27.250000000000004,16.195652173913043,4.0,83.0,66,45,42,2,6,1,0.84,15.954887218045112,62,8,4,0,9,4244,266,16,1,1,67.5625,2,
mm_poison,mm,full,fidelity,False,True,16,poison,0.1,2,s015,7,32.0,24.1304347826087,0.0,86.0,66,50,46,4,6,0,0.92,16.0,66,7,2,0,9,4256,266,16,1,1,65.25,2,
mm_poison,mm,full,fidelity,False,True,16,poison,0.1,2,s015,8,27.250000000000004,27.8804347826087,2.0,85.5,66,38,37,1,6,0,0.74,16.0,62,14,0,0,10,4256,266,16,1,1,91.25,1,74.0
window_poison,window,none,fidelity,False,True,16,poison,0.1,0,s016,2,13.5,3.423913043478259,4.0,36.5,66,61,48,4,6,9,0.96,13.229323308270676,0,0,0,0,0,3519,266,16,0,0,7.5,3,
window_poison,window,none,fidelity,False,True,16,poison,0.1,0,s016,3,32.00000000000001,12.771739130434783,20.0,57.49999999999999,66,53,40,3,6,10,0.8,14.424812030075188,0,0,0,0,0,3837,266,16,0,0,8.375,1,
window_poison,window,none,fidelity,False,True,16,poison,0.1,0,s016,4,41.5,19.6195652173913,24.0,70.0,66,52,38,5,6,9,0.76,15.766917293233083,0,0,0,0,0,4194,266,16,0,0,9.75,3,
window_poison,window,none,fidelity,False,True,16,poison,0.1,0,s016,5,25.75,5.760869565217389,10.0,74.5,66,58,45,3,6,10,0.9,14.759398496240602,0,0,0,0,0,3926,266,16,0,0,8.375,4,
window_poison,window,none,fidelity,False,True,16,poison,0.1,0,s016,6,30.75,15.108695652173914,14.000000000000002,69.0,66,53,43,5,6,5,0.86,14.154135338345863,0,0,0,0,0,3765,266,16,0,0,9.4375,3,
window_poison,window,none,fidelity,False,True,16,poison,0.1,0,s016,7,24.0,15.108695652173914,8.0,82.0,66,57,46,5,6,6,0.92,12.721804511278195,0,0,0,0,0,3384,266,16,0,0,8.375,2,
window_poison,window,none,fidelity,False,True,16,poison,0.1,0,s016,8,24.75,12.771739130434783,10.0,67.5,66,52,45,5,6,2,0.9,12.958646616541351,0,0,0,0,0,3447,266,16,0,0,8.0625,1,18.0
window_poison,window,none,fidelity,False,True,16,poison,0.1,1,s016,2,9.499999999999998,0.0,8.0,22.0,66,54,46,1,6,7,0.92,13.157894736842104,0,0,0,0,0,3500,266,16,0,0,9.0625,1,
window_poison,window,none,fidelity,False,True,16,poison,0.1,1,s016,3,29.25,21.956521739130437,22.0,59.0,66,52,39,3,6,10,0.78,14.0,0,0,0,0,0,3724,266,16,0,0,9.25,4,
window_poison,window,none,fidelity,False,True,16,poison,0.1,1,s016,4,39.75,20.869565217391305,30.0,48.0,66,48,35,3,6,10,0.7,15.093984962406015,0,0,0,0,0,4015,266,16,0,0,11.125,5,
window_poison,window,none,fidelity,False,True,16,poison,0.1,1,s016,5,29.75,19.78260869565217,16.0,71.0,66,58,42,6,6,10,0.84,14.887218045112782,0,0,0,0,0,3960,266,16,0,0,8.0,4,
window_poison,window,none,fidelity,False,True,16,poison,0.1,1,s016,6,30.999999999999996,21.03260869565217,14.000000000000002,71.0,66,58,43,5,6,10,0.86,14.68421052631579,0,0,0,0,0,3906,266,16,0,0,7.5,2,
window_poison,window,none,fidelity,False,True,16,poison,0.1,1,s016,7,19.75,12.771739130434783,8.0,65.0,66,59,46,3,6,10,0.92,11.691729323308271,0,0,0,0,0,3110,266,16,0,0,9.4375,5,
window_poison,window,none,fidelity,False,True,16,poison,0.1,1,s016,8,33.5,30.217391304347828,12.0,69.0,66,59,44,5,6,10,0.88,14.063909774436093,0,0,0,0,0,3741,266,16,0,0,8.0,6,96.0
window_poison,window,none,fidelity,False,True,16,poison,0.1,2,s016,2,10.249999999999998,0.0,4.0,40.0,66,58,48,1,6,9,0.96,13.466165413533837,0,0,0,0,0,3582,266,16,0,0,7.5,1,
window_poison,window,none,fidelity,False,True,16,poison,0.1,2,s016,3,31.75,15.108695652173914,16.0,56.99999999999999,66,54,42,3,6,9,0.84,14.090225563909774,0,0,0,0,0,3748,266,16,0,0,8.0,0,
window_poison,window,none,fidelity,False,True,16,poison,0.1,2,s016,4,34.0,12.771739130434783,22.0,51.0,66,50,39,3,6,8,0.78,15.721804511278195,0,0,0,0,0,4182,266,16,0,0,9.75,4,
window_poison,window,none,fidelity,False,True,16,poison,0.1,2,s016,5,22.0,11.684782608695654,10.0,69.5,66,56,45,4,6,7,0.9,14.68796992481203,0,0,0,0,0,3907,266,16,0,0,8.0625,5,
window_poison,window,none,fidelity,False,True,16,poison,0.1,2,s016,6,21.5,7.01086956521739,10.0,54.50000000000001,66,56,45,1,6,10,0.9,14.75187969924812,0,0,0,0,0,3924,266,16,0,0,7.5,3,
window_poison,window,none,fidelity,False,True,16,poison,0.1,2,s016,7,35.75,32.391304347826086,26.0,67.0,66,51,37,4,6,10,0.74,12.609022556390975,0,0,0,0,0,3354,266,16,0,0,8.3125,4,
window_poison,window,none,fidelity,False,True,16,poison,0.1,2,s016,8,29.75,17.445652173913043,8.0,74.5,66,54,46,5,6,3,0.92,13.522556390977444,0,0,0,0,0,3597,266,16,0,0,8.9375,0,12.0
aeqkad_poison,window,full,fidelity,False,True,16,poison,0.1,0,s016,2,8.999999999999998,0.0,6.0,26.5,66,46,42,0,6,4,0.84,11.981203007518795,57,7,15,0,4,3187,266,16,0,0,12.5,1,
aeqkad_poison,window,full,fidelity,False,True,16,poison,0.1,0,s016,3,31.75,17.445652173913043,28.000000000000004,36.0,66,28,20,0,6,8,0.4,13.176691729323307,47,13,5,0,6,3505,266,16,0,0,14.125,1,
aeqkad_poison,window,full,fidelity,False,True,16,poison,0.1,0,s016,4,32.0,12.771739130434783,30.0,38.5,66,30,25,1,6,4,0.5,15.00375939849624,45,12,8,0,3,3991,266,16,0,0,15.25,3,
aeqkad_poison,window,full,fidelity,False,True,16,poison,0.1,0,s016,5,19.75,2.33695652173913,10.0,50.0,66,43,39,0,6,4,0.78,14.007518796992482,57,10,15,0,4,3726,266,16,0,0,12.75,1,
aeqkad_poison,window,full,fidelity,False,True,16,poison,0.1,0,s016,6,20.5,2.33695652173913,16.0,34.5,66,30,30,0,6,0,0.6,11.552631578947368,48,10,7,0,8,3073,266,16,0,0,14.8125,0,
aeqkad_poison,window,full,fidelity,False,True,16,poison,0.1,0,s016,7,61.74999999999999,57.01086956521739,88.0,36.5,66,2,2,0,6,0,0.04,9.0,11,4,0,0,5,2394,266,16,0,0,74.4375,0,
aeqkad_poison,window,full,fidelity,False,True,16,poison,0.1,0,s016,8,42.75,41.73913043478261,46.0,41.5,66,11,11,0,6,0,0.22,10.345864661654137,30,15,3,0,4,2752,266,16,0,0,46.625,0,12.0
aeqkad_poison,window,full,fidelity,False,True,16,poison,0.1,1,s016,2,9.25,0.0,8.0,22.5,66,46,41,0,6,5,0.82,12.469924812030076,54,4,33,0,4,3317,266,16,0,0,12.5,1,
aeqkad_poison,window,full,fidelity,False,True,16,poison,0.1,1,s016,3,34.25,17.445652173913043,30.0,39.0,66,22,14,0,6,8,0.28,12.24812030075188,46,9,8,0,15,3258,266,16,0,0,17.625,5,
aeqkad_poison,window,full,fidelity,False,True,16,poison,0.1,1,s016,4,39.5,18.695652173913043,34.0,42.5,66,32,22,1,6,9,0.44,13.781954887218046,46,10,18,0,4,3666,266,16,0,0,19.125,4,
aeqkad_poison,window,full,fidelity,False,True,16,poison,0.1,1,s016,5,28.25,10.434782608695654,14.000000000000002,63.5,66,43,34,0,6,9,0.68,14.007518796992482,56,6,22,0,7,3726,266,16,0,0,11.25,1,
aeqkad_poison,window,full,fidelity,False,True,16,poison,0.1,1,s016,6,32.0,9.184782608695654,14.000000000000002,51.0,66,32,29,1,6,2,0.58,12.469924812030076,56,13,25,0,11,3317,266,16,0,0,10.0,0,
aeqkad_poison,window,full,fidelity,False,True,16,poison,0.1,1,s016,7,60.0,52.33695652173913,88.0,24.0,66,2,2,0,6,0,0.04,9.0,9,3,0,0,4,2394,266,16,0,0,71.0,0,
aeqkad_poison,window,full,fidelity,False,True,16,poison,0.1,1,s016,8,60.0,57.01086956521739,68.0,39.5,66,9,9,0,6,0,0.18,9.36842105263158,19,6,4,0,4,2492,266,16,0,0,60.0625,0,6.0
aeqkad_poison,window,full,fidelity,False,True,16,poison,0.1,2,s016,2,9.25,0.0,4.0,32.0,66,49,42,0,6,7,0.84,12.838345864661656,58,5,0,0,4,3415,266,16,0,0,10.25,1,
aeqkad_poison,window,full,fidelity,False,True,16,poison,0.1,2,s016,3,28.500000000000004,9.184782608695654,26.0,40.5,66,27,18,0,6,9,0.36,11.466165413533837,49,13,0,0,9,3050,266,16,0,0,16.1875,1,
aeqkad_poison,window,full,fidelity,False,True,16,poison,0.1,2,s016,4,31.499999999999996,12.771739130434783,30.0,45.5,66,26,23,0,6,3,0.46,14.12781954887218,43,14,0,0,3,3758,266,16,0,0,15.5,3,
aeqkad_poison,window,full,fidelity,False,True,16,poison,0.1,2,s016,5,20.5,1.25,10.0,50.5,66,36,35,0,6,1,0.7,13.484962406015038,53,10,0,0,7,3587,266,16,0,0,15.625,0,
aeqkad_poison,window,full,fidelity,False,True,16,poison,0.1,2,s016,6,22.5,7.01086956521739,14.000000000000002,38.5,66,33,29,0,6,4,0.58,12.022556390977444,54,14,0,0,7,3198,266,16,0,0,9.3125,2,
aeqkad_poison,window,full,fidelity,False,True,16,poison,0.1,2,s016,7,54.50000000000001,48.75,80.0,35.5,66,3,2,0,6,1,0.04,9.992481203007518,20,12,0,0,5,2658,266,16,0,0,65.5625,3,
aeqkad_poison,window,full,fidelity,False,True,16,poison,0.1,2,s016,8,47.5,41.90217391304347,40.0,57.99999999999999,66,14,14,0,6,0,0.28,11.845864661654137,42,24,0,0,4,3151,266,16,0,0,21.6875,1,32.0
mm_poison,mm,full,fidelity,False,True,16,poison,0.1,0,s016,2,17.750000000000004,1.0869565217391297,6.0,51.5,66,36,33,0,6,3,0.66,16.0,61,15,9,0,10,4256,266,16,1,16,89.125,0,
mm_poison,mm,full,fidelity,False,True,16,poison,0.1,0,s016,3,22.0,7.01086956521739,6.0,53.0,66,7,7,0,6,0,0.14,16.0,59,19,5,0,33,4256,266,16,1,16,155.125,0,
mm_poison,mm,full,fidelity,False,True,16,poison,0.1,0,s016,4,25.5,19.6195652173913,14.000000000000002,52.0,66,26,23,1,6,2,0.46,16.0,58,21,7,0,11,4256,266,16,1,9,127.25,1,
mm_poison,mm,full,fidelity,False,True,16,poison,0.1,0,s016,5,18.000000000000004,4.67391304347826,12.0,60.0,66,42,39,0,6,3,0.78,16.0,57,10,20,0,5,4256,266,16,1,1,63.4375,2,
mm_poison,mm,full,fidelity,False,True,16,poison,0.1,0,s016,6,18.250000000000004,4.67391304347826,10.0,57.49999999999999,66,33,33,0,6,0,0.66,16.0,52,7,24,0,12,4256,266,16,1,1,103.375,1,
mm_poison,mm,full,fidelity,False,True,16,poison,0.1,0,s016,7,32.99999999999999,19.78260869565217,14.000000000000002,66.0,66,2,2,0,6,0,0.04,16.0,53,22,2,0,29,4256,266,16,1,1,158.375,1,
mm_poison,mm,full,fidelity,False,True,16,poison,0.1,0,s016,8,24.0,15.108695652173914,8.0,66.5,66,11,11,0,6,0,0.22,16.0,52,10,9,0,31,4256,266,16,1,1,201.5,1,44.0
mm_poison,mm,full,fidelity,False,True,16,poison,0.1,1,s016,2,19.75,3.58695652173913,10.0,37.0,66,44,37,0,6,7,0.74,16.0,58,8,32,0,6,4256,266,16,1,16,90.0625,0,
mm_poison,mm,full,fidelity,False,True,16,poison,0.1,1,s016,3,19.000000000000004,3.58695652173913,14.000000000000002,32.0,66,19,15,0,6,4,0.3,16.0,50,6,26,0,25,4256,266,16,1,10,96.25,2,
mm_poison,mm,full,fidelity,False,True,16,poison,0.1,1,s016,4,31.75,10.597826086956523,18.0,39.5,66,33,23,1,6,9,0.46,15.977443609022556,54,13,24,0,8,4250,266,16,1,1,47.9375,4,
mm_poison,mm,full,fidelity,False,True,16,poison,0.1,1,s016,5,28.000000000000004,10.597826086956523,10.0,66.5,66,43,34,0,6,9,0.68,16.0,58,8,35,0,7,4256,266,16,1,1,90.3125,4,
mm_poison,mm,full,fidelity,False,True,16,poison,0.1,1,s016,6,32.99999999999999,15.271739130434783,12.0,73.0,66,35,32,1,6,2,0.64,15.951127819548873,60,10,37,0,15,4243,266,16,1,1,72.625,4,
mm_poison,mm,full,fidelity,False,True,16,poison,0.1,1,s016,7,20.0,8.097826086956525,8.0,71.0,66,2,2,0,6,0,0.04,15.0,60,5,35,0,53,3990,266,16,1,1,126.9375,4,
mm_poison,mm,full,fidelity,False,True,16,poison,0.1,1,s016,8,23.0,14.021739130434783,6.0,75.5,66,9,9,0,6,0,0.18,15.25187969924812,58,7,35,0,42,4057,266,16,1,1,138.5625,2,8.0
mm_poison,mm,full,fidelity,False,True,16,poison,0.1,2,s016,2,21.25,0.0,6.0,56.99999999999999,66,37,32,0,6,5,0.64,16.0,58,15,0,0,6,4256,266,16,1,15,85.25,0,
mm_poison,mm,full,fidelity,False,True,16,poison,0.1,2,s016,3,22.75,10.434782608695654,6.0,60.5,66,21,16,0,6,5,0.32,16.0,63,23,0,0,19,4256,266,16,1,10,99.75,0,
mm_poison,mm,full,fidelity,False,True,16,poison,0.1,2,s016,4,27.750000000000004,9.184782608695654,12.0,68.0,66,27,24,0,6,3,0.48,15.924812030075188,57,23,0,0,7,4236,266,16,1,1,44.4375,2,
mm_poison,mm,full,fidelity,False,True,16,poison,0.1,2,s016,5,23.5,1.25,8.0,70.0,66,39,37,0,6,2,0.74,16.0,55,11,1,0,5,4256,266,16,1,1,73.375,2,
mm_poison,mm,full,fidelity,False,True,16,poison,0.1,2,s016,6,16.250000000000004,7.01086956521739,10.0,59.0,66,45,38,0,6,7,0.76,16.0,59,9,1,0,5,4256,266,16,1,1,66.75,3,
mm_poison,mm,full,fidelity,False,True,16,poison,0.1,2,s016,7,47.75,37.22826086956522,38.0,59.0,66,4,2,0,6,2,0.04,16.0,47,30,0,0,13,4256,266,16,1,1,114.375,5,
mm_poison,mm,full,fidelity,False,True,16,poison,0.1,2,s016,8,19.25,15.108695652173914,4.0,78.5,66,34,34,0,6,0,0.68,16.0,61,15,0,0,12,4256,266,16,1,1,107.5625,3,70.0
window_poison,window,none,fidelity,False,True,16,poison,0.1,0,s017,2,19.000000000000004,0.0,18.0,13.0,66,51,41,2,6,8,0.82,14.37593984962406,0,0,0,0,0,3824,266,16,0,0,8.5625,3,
window_poison,window,none,fidelity,False,True,16,poison,0.1,0,s017,3,10.0,0.0,12.0,9.0,66,52,44,1,6,7,0.88,13.710526315789474,0,0,0,0,0,3647,266,16,0,0,8.6875,4,
window_poison,window,none,fidelity,False,True,16,poison,0.1,0,s017,4,16.000000000000004,0.0,18.0,10.5,66,51,41,0,6,10,0.82,13.030075187969924,0,0,0,0,0,3466,266,16,0,0,10.875,1,
window_poison,window,none,fidelity,False,True,16,poison,0.1,0,s017,5,10.499999999999998,1.25,10.0,8.0,66,53,45,2,6,6,0.9,12.75563909774436,0,0,0,0,0,3393,266,16,0,0,7.875,3,
window_poison,window,none,fidelity,False,True,16,poison,0.1,0,s017,6,16.250000000000004,3.423913043478259,18.0,12.5,66,46,41,1,6,4,0.82,12.266917293233083,0,0,0,0,0,3263,266,16,0,0,10.8125,0,
window_poison,window,none,fidelity,False,True,16,poison,0.1,0,s017,7,9.499999999999998,1.25,10.0,10.5,66,47,45,1,6,1,0.9,12.3609022556391,0,0,0,0,0,3288,266,16,0,0,11.1875,0,
window_poison,window,none,fidelity,False,True,16,poison,0.1,0,s017,8,7.249999999999998,0.0,8.0,11.0,66,46,46,0,6,0,0.92,11.789473684210526,0,0,0,0,0,3136,266,16,0,0,10.4375,0,4.0
window_poison,window,none,fidelity,False,True,16,poison,0.1,1,s017,2,5.999999999999998,0.0,6.0,16.0,66,56,47,0,6,9,0.94,14.571428571428571,0,0,0,0,0,3876,266,16,0,0,8.625,1,
window_poison,window,none,fidelity,False,True,16,poison,0.1,1,s017,3,9.499999999999998,0.0,12.0,7.5,66,51,44,0,6,7,0.88,13.63157894736842,0,0,0,0,0,3626,266,16,0,0,11.125,4,
window_poison,window,none,fidelity,False,True,16,poison,0.1,1,s017,4,12.75,0.0,14.000000000000002,11.5,66,50,43,2,6,5,0.86,12.699248120300751,0,0,0,0,0,3378,266,16,0,0,9.8125,0,
window_poison,window,none,fidelity,False,True,16,poison,0.1,1,s017,5,11.75,0.0,12.0,8.0,66,54,44,0,6,10,0.88,12.842105263157896,0,0,0,0,0,3416,266,16,0,0,9.9375,4,
window_poison,window,none,fidelity,False,True,16,poison,0.1,1,s017,6,17.25,1.25,14.000000000000002,10.0,66,44,43,1,6,0,0.86,12.428571428571429,0,0,0,0,0,3306,266,16,0,0,11.125,0,
window_poison,window,none,fidelity,False,True,16,poison,0.1,1,s017,7,8.5,0.0,10.0,11.5,66,45,45,0,6,0,0.9,11.736842105263158,0,0,0,0,0,3122,266,16,0,0,12.4375,0,
window_poison,window,none,fidelity,False,True,16,poison,0.1,1,s017,8,6.749999999999997,0.0,8.0,7.000000000000001,66,46,46,0,6,0,0.92,11.8796992481203,0,0,0,0,0,3160,266,16,0,0,9.0,0,0.0
window_poison,window,none,fidelity,False,True,16,poison,0.1,2,s017,2,10.249999999999998,0.0,8.0,14.499999999999998,66,56,46,0,6,10,0.92,14.417293233082706,0,0,0,0,0,3835,266,16,0,0,7.5,4,
window_poison,window,none,fidelity,False,True,16,poison,0.1,2,s017,3,13.25,0.0,12.0,11.0,66,52,44,1,6,7,0.88,13.398496240601505,0,0,0,0,0,3564,266,16,0,0,10.1875,1,
window_poison,window,none,fidelity,False,True,16,poison,0.1,2,s017,4,16.250000000000004,0.0,20.0,10.0,66,46,40,0,6,6,0.8,11.98872180451128,0,0,0,0,0,3189,266,16,0,0,10.625,1,
window_poison,window,none,fidelity,False,True,16,poison,0.1,2,s017,5,14.250000000000002,1.25,14.000000000000002,13.0,66,53,43,0,6,10,0.86,12.74436090225564,0,0,0,0,0,3390,266,16,0,0,8.8125,3,
window_poison,window,none,fidelity,False,True,16,poison,0.1,2,s017,6,19.5,1.25,18.0,13.5,66,49,41,1,6,7,0.82,12.796992481203008,0,0,0,0,0,3404,266,16,0,0,8.6875,4,
window_poison,window,none,fidelity,False,True,16,poison,0.1,2,s017,7,8.75,3.423913043478259,10.0,18.5,66,53,45,1,6,7,0.9,13.033834586466163,0,0,0,0,0,3467,266,16,0,0,11.3125,0,
window_poison,window,none,fidelity,False,True,16,poison,0.1,2,s017,8,6.999999999999998,0.0,8.0,13.5,66,46,46,0,6,0,0.92,11.894736842105264,0,0,0,0,0,3164,266,16,0,0,11.0,0,0.0
aeqkad_poison,window,full,fidelity,False,True,16,poison,0.1,0,s017,2,14.000000000000002,0.0,16.0,12.0,66,44,35,0,6,9,0.7,14.293233082706768,53,9,0,0,0,3802,266,16,0,0,10.375,3,
aeqkad_poison,window,full,fidelity,False,True,16,poison,0.1,0,s017,3,9.749999999999998,0.0,12.0,8.0,66,45,39,0,6,6,0.78,13.176691729323307,52,6,0,0,1,3505,266,16,0,0,12.0,2,
aeqkad_poison,window,full,fidelity,False,True,16,poison,0.1,0,s017,4,21.75,9.347826086956523,22.0,8.5,66,44,35,0,6,9,0.7,11.75563909774436,49,4,0,0,1,3127,266,16,0,0,11.375,2,
aeqkad_poison,window,full,fidelity,False,True,16,poison,0.1,0,s017,5,8.499999999999998,1.25,8.0,6.5,66,44,42,1,6,1,0.84,11.3796992481203,52,8,0,0,0,3027,266,16,0,0,10.1875,2,
aeqkad_poison,window,full,fidelity,False,True,16,poison,0.1,0,s017,6,15.75,0.0,14.000000000000002,8.0,66,39,38,0,6,1,0.76,11.0,47,8,0,0,0,2926,266,16,0,0,12.25,0,
aeqkad_poison,window,full,fidelity,False,True,16,poison,0.1,0,s017,7,10.0,1.25,12.0,8.0,66,42,42,0,6,0,0.84,11.515037593984962,45,3,0,0,0,3063,266,16,0,0,11.1875,0,
aeqkad_poison,window,full,fidelity,False,True,16,poison,0.1,0,s017,8,7.499999999999998,0.0,8.0,9.0,66,45,45,0,6,0,0.9,12.063909774436093,46,1,0,0,0,3209,266,16,0,0,10.4375,0,2.0
aeqkad_poison,window,full,fidelity,False,True,16,poison,0.1,1,s017,2,14.000000000000002,0.0,14.000000000000002,15.5,66,42,35,0,6,7,0.7,13.759398496240602,52,10,0,0,0,3660,266,16,0,0,12.25,1,
aeqkad_poison,window,full,fidelity,False,True,16,poison,0.1,1,s017,3,9.749999999999998,0.0,12.0,7.5,66,43,39,0,6,4,0.78,12.578947368421051,49,5,0,0,1,3346,266,16,0,0,14.0,3,
aeqkad_poison,window,full,fidelity,False,True,16,poison,0.1,1,s017,4,22.75,2.33695652173913,22.0,6.5,66,35,35,0,6,0,0.7,10.5,45,9,0,0,1,2793,266,16,0,0,10.1875,0,
aeqkad_poison,window,full,fidelity,False,True,16,poison,0.1,1,s017,5,6.999999999999998,0.0,10.0,5.5,66,42,42,0,6,0,0.84,11.541353383458649,47,5,0,0,0,3070,266,16,0,0,13.6875,0,
aeqkad_poison,window,full,fidelity,False,True,16,poison,0.1,1,s017,6,14.500000000000002,1.25,18.0,5.0,66,36,36,0,6,0,0.72,10.74812030075188,42,6,0,0,0,2859,266,16,0,0,13.125,0,
aeqkad_poison,window,full,fidelity,False,True,16,poison,0.1,1,s017,7,13.5,1.25,12.0,10.5,66,42,42,0,6,0,0.84,11.24812030075188,44,2,0,0,0,2992,266,16,0,0,12.4375,0,
aeqkad_poison,window,full,fidelity,False,True,16,poison,0.1,1,s017,8,8.249999999999998,0.0,10.0,6.5,66,41,41,0,6,0,0.82,11.026315789473683,45,4,0,0,0,2933,266,16,0,0,11.25,0,0.0
aeqkad_poison,window,full,fidelity,False,True,16,poison,0.1,2,s017,2,13.25,0.0,16.0,11.5,66,43,36,0,6,7,0.72,13.834586466165414,53,10,0,0,0,3680,266,16,0,0,9.375,3,
aeqkad_poison,window,full,fidelity,False,True,16,poison,0.1,2,s017,3,9.25,2.33695652173913,10.0,8.5,66,44,39,0,6,5,0.78,13.240601503759398,52,8,0,0,0,3522,266,16,0,0,11.625,1,
aeqkad_poison,window,full,fidelity,False,True,16,poison,0.1,2,s017,4,19.75,2.33695652173913,22.0,6.0,66,35,35,0,6,0,0.7,10.082706766917294,43,6,0,0,2,2682,266,16,0,0,11.6875,0,
aeqkad_poison,window,full,fidelity,False,True,16,poison,0.1,2,s017,5,10.0,1.25,10.0,8.0,66,42,42,0,6,0,0.84,11.541353383458649,48,6,0,0,0,3070,266,16,0,0,12.1875,0,
aeqkad_poison,window,full,fidelity,False,True,16,poison,0.1,2,s017,6,18.0,1.25,14.000000000000002,7.000000000000001,66,41,40,1,6,0,0.8,11.770676691729324,44,3,0,0,0,3131,266,16,0,0,12.4375,1,
aeqkad_poison,window,full,fidelity,False,True,16,poison,0.1,2,s017,7,7.999999999999999,1.25,10.0,10.0,66,43,43,0,6,0,0.86,11.605263157894736,45,2,0,0,0,3087,266,16,0,0,11.3125,0,
aeqkad_poison,window,full,fidelity,False,True,16,poison,0.1,2,s017,8,6.249999999999998,0.0,8.0,12.0,66,45,45,0,6,0,0.9,11.578947368421051,46,1,0,0,0,3080,266,16,0,0,11.0,0,0.0
mm_poison,mm,full,fidelity,False,True,16,poison,0.1,0,s017,2,4.500000000000002,2.5,2.0,24.0,66,40,31,0,6,9,0.62,16.0,62,20,0,0,2,4256,266,16,1,16,93.3125,0,
mm_poison,mm,full,fidelity,False,True,16,poison,0.1,0,s017,3,10.249999999999998,0.0,8.0,18.5,66,47,40,1,6,6,0.8,15.526315789473683,57,9,0,0,1,4130,266,16,1,1,28.5,4,
mm_poison,mm,full,fidelity,False,True,16,poison,0.1,0,s017,4,17.25,1.25,16.0,11.5,66,42,37,0,6,5,0.74,15.665413533834586,52,4,0,0,6,4167,266,16,1,1,72.6875,5,
mm_poison,mm,full,fidelity,False,True,16,poison,0.1,0,s017,5,9.499999999999998,1.25,10.0,10.0,66,44,42,1,6,1,0.84,15.62781954887218,55,5,0,0,6,4157,266,16,1,1,64.125,4,
mm_poison,mm,full,fidelity,False,True,16,poison,0.1,0,s017,6,10.249999999999998,0.0,10.0,13.5,66,42,41,0,6,1,0.82,15.172932330827068,49,6,0,0,1,4036,266,16,1,1,73.75,2,
mm_poison,mm,full,fidelity,False,True,16,poison,0.1,0,s017,7,10.499999999999998,1.25,8.0,15.0,66,44,44,0,6,0,0.88,15.834586466165414,49,5,0,0,0,4212,266,16,1,1,77.8125,1,
mm_poison,mm,full,fidelity,False,True,16,poison,0.1,0,s017,8,8.749999999999998,0.0,6.0,16.5,66,45,45,0,6,0,0.9,15.906015037593985,49,4,0,0,0,4231,266,16,1,1,68.125,0,6.0
mm_poison,mm,full,fidelity,False,True,16,poison,0.1,1,s017,2,11.75,4.67391304347826,4.0,36.0,66,39,30,0,6,9,0.6,16.0,58,18,0,0,1,4256,266,16,1,16,96.5,0,
mm_poison,mm,full,fidelity,False,True,16,poison,0.1,1,s017,3,9.749999999999998,0.0,8.0,20.0,66,43,39,0,6,4,0.78,14.977443609022556,52,8,0,0,1,3984,266,16,1,2,34.75,1,
mm_poison,mm,full,fidelity,False,True,16,poison,0.1,1,s017,4,16.000000000000004,0.0,18.0,10.5,66,37,37,0,6,0,0.74,14.827067669172932,46,5,0,0,4,3944,266,16,1,1,71.9375,1,
mm_poison,mm,full,fidelity,False,True,16,poison,0.1,1,s017,5,14.500000000000002,2.33695652173913,12.0,7.000000000000001,66,42,42,0,6,0,0.84,14.969924812030076,46,4,0,0,0,3982,266,16,1,1,65.0625,0,
mm_poison,mm,full,fidelity,False,True,16,poison,0.1,1,s017,6,14.000000000000002,1.25,12.0,15.5,66,40,40,0,6,0,0.8,14.165413533834586,45,5,0,0,0,3768,266,16,1,1,52.3125,0,
mm_poison,mm,full,fidelity,False,True,16,poison,0.1,1,s017,7,9.0,0.0,10.0,17.0,66,44,44,0,6,0,0.88,14.99624060150376,46,2,0,0,0,3989,266,16,1,1,84.875,0,
mm_poison,mm,full,fidelity,False,True,16,poison,0.1,1,s017,8,5.500000000000003,0.0,6.0,14.000000000000002,66,44,44,0,6,0,0.88,15.977443609022556,47,3,0,0,0,4250,266,16,1,1,69.0,0,2.0
mm_poison,mm,full,fidelity,False,True,16,poison,0.1,2,s017,2,7.499999999999998,0.0,4.0,27.500000000000004,66,45,35,0,6,10,0.7,16.0,59,13,0,0,1,4256,266,16,1,16,94.0625,0,
mm_poison,mm,full,fidelity,False,True,16,poison,0.1,2,s017,3,7.499999999999998,0.0,6.0,21.0,66,46,42,0,6,4,0.84,15.75563909774436,57,11,0,0,0,4191,266,16,1,1,31.75,3,
mm_poison,mm,full,fidelity,False,True,16,poison,0.1,2,s017,4,19.25,0.0,18.0,17.0,66,39,39,0,6,0,0.78,15.428571428571429,48,2,0,0,7,4104,266,16,1,1,78.3125,3,
mm_poison,mm,full,fidelity,False,True,16,poison,0.1,2,s017,5,10.5,4.67391304347826,12.0,14.000000000000002,66,42,42,0,6,0,0.84,15.281954887218046,52,8,0,0,2,4065,266,16,1,1,82.75,0,
mm_poison,mm,full,fidelity,False,True,16,poison,0.1,2,s017,6,12.25,1.25,10.0,12.5,66,41,40,1,6,0,0.8,14.973684210526317,47,6,0,0,0,3983,266,16,1,1,62.0,1,
mm_poison,mm,full,fidelity,False,True,16,poison,0.1,2,s017,7,9.25,1.25,8.0,19.0,66,44,44,0,6,0,0.88,16.0,46,2,0,0,0,4256,266,16,1,1,82.6875,1,
mm_poison,mm,full,fidelity,False,True,16,poison,0.1,2,s017,8,10.249999999999998,0.0,4.0,18.0,66,45,45,0,6,0,0.9,15.672932330827068,49,4,0,0,0,4169,266,16,1,1,63.875,0,0.0
window_poison,window,none,fidelity,False,True,16,poison,0.1,0,s018,2,23.5,11.521739130434783,6.0,63.0,66,61,47,4,6,10,0.94,13.718045112781954,0,0,0,0,0,3649,266,16,0,0,8.4375,1,
window_poison,window,none,fidelity,False,True,16,poison,0.1,0,s018,3,27.500000000000004,15.108695652173914,12.0,60.5,66,58,44,5,6,9,0.88,12.281954887218046,0,0,0,0,0,3267,266,16,0,0,8.875,4,
window_poison,window,none,fidelity,False,True,16,poison,0.1,0,s018,4,31.499999999999996,22.1195652173913,10.0,71.0,66,58,45,4,6,9,0.9,13.657894736842104,0,0,0,0,0,3633,266,16,0,0,8.5,7,
window_poison,window,none,fidelity,False,True,16,poison,0.1,0,s018,5,22.5,8.260869565217389,6.0,65.0,66,61,47,4,6,10,0.94,12.43984962406015,0,0,0,0,0,3309,266,16,0,0,7.8125,6,
window_poison,window,none,fidelity,False,True,16,poison,0.1,0,s018,6,33.75,19.78260869565217,12.0,62.0,66,56,44,3,6,9,0.88,11.75187969924812,0,0,0,0,0,3126,266,16,0,0,8.625,5,
window_poison,window,none,fidelity,False,True,16,poison,0.1,0,s018,7,30.499999999999996,24.456521739130437,16.0,73.0,66,54,42,3,6,9,0.84,13.105263157894736,0,0,0,0,0,3486,266,16,0,0,10.1875,2,
window_poison,window,none,fidelity,False,True,16,poison,0.1,0,s018,8,32.0,25.543478260869566,12.0,65.0,66,56,44,2,6,10,0.88,12.80451127819549,0,0,0,0,0,3406,266,16,0,0,7.875,3,90.0
window_poison,window,none,fidelity,False,True,16,poison,0.1,1,s018,2,30.500000000000004,15.108695652173914,10.0,62.5,66,60,45,6,6,9,0.9,13.6390977443609,0,0,0,0,0,3628,266,16,0,0,8.8125,6,
window_poison,window,none,fidelity,False,True,16,poison,0.1,1,s018,3,26.0,12.771739130434783,10.0,57.99999999999999,66,54,45,1,6,8,0.9,11.778195488721805,0,0,0,0,0,3133,266,16,0,0,7.8125,1,
window_poison,window,none,fidelity,False,True,16,poison,0.1,1,s018,4,26.5,18.695652173913043,14.000000000000002,64.0,66,57,43,4,6,10,0.86,13.436090225563907,0,0,0,0,0,3574,266,16,0,0,8.3125,5,
window_poison,window,none,fidelity,False,True,16,poison,0.1,1,s018,5,27.500000000000004,10.597826086956523,4.0,70.0,66,63,48,5,6,10,0.96,13.364661654135338,0,0,0,0,0,3555,266,16,0,0,7.5,2,
window_poison,window,none,fidelity,False,True,16,poison,0.1,1,s018,6,34.25,27.8804347826087,10.0,74.0,66,58,45,4,6,9,0.9,13.048872180451127,0,0,0,0,0,3471,266,16,0,0,8.5625,2,
window_poison,window,none,fidelity,False,True,16,poison,0.1,1,s018,7,34.25,27.8804347826087,12.0,74.0,66,60,44,6,6,10,0.88,13.699248120300751,0,0,0,0,0,3644,266,16,0,0,7.9375,5,
window_poison,window,none,fidelity,False,True,16,poison,0.1,1,s018,8,34.25,32.71739130434783,10.0,71.5,66,57,45,4,6,8,0.9,13.541353383458649,0,0,0,0,0,3602,266,16,0,0,9.25,3,92.0
window_poison,window,none,fidelity,False,True,16,poison,0.1,2,s018,2,22.25,10.434782608695654,6.0,56.00000000000001,66,61,47,4,6,10,0.94,13.263157894736842,0,0,0,0,0,3528,266,16,0,0,8.0625,5,
window_poison,window,none,fidelity,False,True,16,poison,0.1,2,s018,3,29.500000000000004,11.684782608695654,12.0,61.5,66,58,44,5,6,9,0.88,12.586466165413531,0,0,0,0,0,3348,266,16,0,0,7.8125,5,
window_poison,window,none,fidelity,False,True,16,poison,0.1,2,s018,4,29.75,17.445652173913043,14.000000000000002,70.0,66,59,43,6,6,10,0.86,13.87218045112782,0,0,0,0,0,3690,266,16,0,0,8.375,4,
window_poison,window,none,fidelity,False,True,16,poison,0.1,2,s018,5,26.25,10.597826086956523,4.0,56.00000000000001,66,60,48,2,6,10,0.96,12.466165413533837,0,0,0,0,0,3316,266,16,0,0,8.375,2,
window_poison,window,none,fidelity,False,True,16,poison,0.1,2,s018,6,32.25,18.695652173913043,14.000000000000002,64.5,66,58,43,5,6,10,0.86,11.319548872180452,0,0,0,0,0,3011,266,16,0,0,9.0,3,
window_poison,window,none,fidelity,False,True,16,poison,0.1,2,s018,7,34.25,29.130434782608692,14.000000000000002,68.0,66,56,43,4,6,9,0.86,13.154135338345863,0,0,0,0,0,3499,266,16,0,0,8.1875,6,
window_poison,window,none,fidelity,False,True,16,poison,0.1,2,s018,8,34.0,32.55434782608696,12.0,78.5,66,58,44,4,6,10,0.88,12.921052631578949,0,0,0,0,0,3437,266,16,0,0,8.4375,2,94.0
aeqkad_poison,window,full,fidelity,False,True,16,poison,0.1,0,s018,2,23.5,12.771739130434783,10.0,55.00000000000001,66,48,41,0,6,7,0.82,12.842105263157896,57,8,0,0,1,3416,266,16,0,0,10.3125,0,
aeqkad_poison,window,full,fidelity,False,True,16,poison,0.1,0,s018,3,27.25,12.771739130434783,12.0,58.5,66,51,40,3,6,8,0.8,11.285714285714286,58,7,0,0,0,3002,266,16,0,0,9.0,3,
aeqkad_poison,window,full,fidelity,False,True,16,poison,0.1,0,s018,4,31.499999999999996,24.456521739130437,8.0,66.5,66,48,38,1,6,9,0.76,12.992481203007518,58,10,0,0,0,3456,266,16,0,0,10.6875,5,
aeqkad_poison,window,full,fidelity,False,True,16,poison,0.1,0,s018,5,26.0,8.097826086956525,6.0,59.5,66,53,42,3,6,8,0.84,11.8609022556391,61,8,0,0,0,3155,266,16,0,0,9.4375,4,
aeqkad_poison,window,full,fidelity,False,True,16,poison,0.1,0,s018,6,31.499999999999996,21.03260869565217,16.0,57.49999999999999,66,48,39,0,6,9,0.78,10.864661654135338,53,4,0,0,1,2890,266,16,0,0,10.8125,4,
aeqkad_poison,window,full,fidelity,False,True,16,poison,0.1,0,s018,7,35.5,23.20652173913043,16.0,71.0,66,49,37,3,6,9,0.74,12.18421052631579,54,5,0,0,0,3241,266,16,0,0,11.375,2,
aeqkad_poison,window,full,fidelity,False,True,16,poison,0.1,0,s018,8,31.499999999999996,28.967391304347828,20.0,59.5,66,46,36,2,6,8,0.72,11.830827067669173,52,6,0,0,0,3147,266,16,0,0,10.75,5,88.0
aeqkad_poison,window,full,fidelity,False,True,16,poison,0.1,1,s018,2,28.000000000000004,19.78260869565217,10.0,61.0,66,53,42,4,6,7,0.84,13.473684210526317,59,6,0,0,0,3584,266,16,0,0,9.0,5,
aeqkad_poison,window,full,fidelity,False,True,16,poison,0.1,1,s018,3,23.5,12.771739130434783,12.0,56.99999999999999,66,49,41,0,6,8,0.82,10.921052631578949,54,5,0,0,0,2905,266,16,0,0,8.4375,2,
aeqkad_poison,window,full,fidelity,False,True,16,poison,0.1,1,s018,4,31.75,22.1195652173913,10.0,64.0,66,47,37,1,6,9,0.74,12.214285714285714,58,11,0,0,0,3249,266,16,0,0,11.0625,2,
aeqkad_poison,window,full,fidelity,False,True,16,poison,0.1,1,s018,5,30.000000000000004,14.021739130434783,6.0,68.5,66,55,41,5,6,9,0.82,12.87218045112782,63,8,0,0,0,3424,266,16,0,0,9.5625,2,
aeqkad_poison,window,full,fidelity,False,True,16,poison,0.1,1,s018,6,33.5,25.543478260869566,16.0,66.5,66,49,38,3,6,8,0.76,12.06015037593985,55,6,0,0,0,3208,266,16,0,0,11.0,3,
aeqkad_poison,window,full,fidelity,False,True,16,poison,0.1,1,s018,7,40.0,29.130434782608692,14.000000000000002,68.0,66,49,35,5,6,9,0.7,12.345864661654137,59,10,0,0,0,3284,266,16,0,0,10.5,4,
aeqkad_poison,window,full,fidelity,False,True,16,poison,0.1,1,s018,8,32.49999999999999,26.79347826086957,16.0,66.0,66,43,36,2,6,5,0.72,12.041353383458649,52,8,0,0,1,3203,266,16,0,0,14.0625,4,84.0
aeqkad_poison,window,full,fidelity,False,True,16,poison,0.1,2,s018,2,23.5,12.771739130434783,8.0,54.50000000000001,66,56,44,3,6,9,0.88,12.808270676691729,60,4,7,0,0,3407,266,16,0,0,8.8125,4,
aeqkad_poison,window,full,fidelity,False,True,16,poison,0.1,2,s018,3,26.0,16.195652173913043,12.0,56.49999999999999,66,51,39,3,6,9,0.78,11.763157894736842,58,7,2,0,0,3129,266,16,0,0,7.8125,5,
aeqkad_poison,window,full,fidelity,False,True,16,poison,0.1,2,s018,4,28.500000000000004,19.78260869565217,12.0,65.5,66,51,39,3,6,9,0.78,13.161654135338344,60,9,1,0,0,3501,266,16,0,0,10.0625,2,
aeqkad_poison,window,full,fidelity,False,True,16,poison,0.1,2,s018,5,22.0,9.347826086956523,6.0,48.5,66,53,43,0,6,10,0.86,11.406015037593985,59,6,0,0,0,3034,266,16,0,0,9.625,3,
aeqkad_poison,window,full,fidelity,False,True,16,poison,0.1,2,s018,6,32.25,19.78260869565217,18.0,60.0,66,53,39,5,6,9,0.78,10.436090225563907,56,3,5,0,0,2776,266,16,0,0,9.0,3,
aeqkad_poison,window,full,fidelity,False,True,16,poison,0.1,2,s018,7,35.75,26.6304347826087,16.0,66.5,66,49,38,2,6,9,0.76,11.936090225563907,55,6,0,0,0,3175,266,16,0,0,8.1875,6,
aeqkad_poison,window,full,fidelity,False,True,16,poison,0.1,2,s018,8,37.0,32.55434782608696,24.0,69.5,66,48,35,3,6,10,0.7,12.015037593984962,52,4,4,0,0,3196,266,16,0,0,12.0,4,90.0
mm_poison,mm,full,fidelity,False,True,16,poison,0.1,0,s018,2,28.25,20.869565217391305,2.0,79.0,66,55,46,1,6,8,0.92,15.93233082706767,65,9,2,0,1,4238,266,16,1,12,67.625,0,
mm_poison,mm,full,fidelity,False,True,16,poison,0.1,0,s018,3,32.25,18.53260869565217,6.0,72.0,66,55,42,5,6,8,0.84,15.706766917293232,61,6,2,0,0,4178,266,16,1,1,41.5625,5,
mm_poison,mm,full,fidelity,False,True,16,poison,0.1,0,s018,4,33.75,30.217391304347828,8.0,77.5,66,54,42,3,6,9,0.84,16.0,59,5,1,0,0,4256,266,16,1,1,45.6875,1,
mm_poison,mm,full,fidelity,False,True,16,poison,0.1,0,s018,5,24.25,13.858695652173914,2.0,79.0,66,61,47,4,6,10,0.94,15.99624060150376,64,2,1,0,1,4255,266,16,1,1,47.75,5,
mm_poison,mm,full,fidelity,False,True,16,poison,0.1,0,s018,6,28.25,19.78260869565217,8.0,82.0,66,56,45,2,6,9,0.9,15.99624060150376,59,2,0,0,1,4255,266,16,1,1,59.4375,3,
mm_poison,mm,full,fidelity,False,True,16,poison,0.1,0,s018,7,30.000000000000004,26.6304347826087,8.0,84.0,66,56,43,4,6,9,0.86,16.0,59,2,0,0,1,4256,266,16,1,1,58.1875,4,
mm_poison,mm,full,fidelity,False,True,16,poison,0.1,0,s018,8,28.25,22.1195652173913,8.0,77.0,66,53,42,2,6,9,0.84,15.800751879699249,59,6,2,0,0,4203,266,16,1,1,70.6875,3,92.0
mm_poison,mm,full,fidelity,False,True,16,poison,0.1,1,s018,2,31.499999999999996,27.8804347826087,2.0,74.5,66,61,47,5,6,9,0.94,16.0,65,3,1,0,1,4256,266,16,1,10,57.3125,2,
mm_poison,mm,full,fidelity,False,True,16,poison,0.1,1,s018,3,30.500000000000004,13.858695652173914,10.0,66.5,66,52,43,0,6,9,0.86,15.342105263157896,58,5,0,0,1,4081,266,16,1,1,42.9375,4,
mm_poison,mm,full,fidelity,False,True,16,poison,0.1,1,s018,4,35.25,26.79347826086957,12.0,79.5,66,51,40,1,6,10,0.8,16.0,59,8,5,0,0,4256,266,16,1,1,61.8125,1,
mm_poison,mm,full,fidelity,False,True,16,poison,0.1,1,s018,5,26.25,8.260869565217389,2.0,75.0,66,59,46,5,6,8,0.92,16.0,65,5,1,0,1,4256,266,16,1,1,60.875,3,
mm_poison,mm,full,fidelity,False,True,16,poison,0.1,1,s018,6,32.25,27.8804347826087,6.0,81.0,66,57,44,4,6,9,0.88,15.951127819548873,63,6,0,0,0,4243,266,16,1,1,54.375,4,
mm_poison,mm,full,fidelity,False,True,16,poison,0.1,1,s018,7,33.75,26.79347826086957,8.0,81.5,66,59,44,5,6,10,0.88,15.947368421052632,62,3,0,0,0,4242,266,16,1,1,49.125,4,
mm_poison,mm,full,fidelity,False,True,16,poison,0.1,1,s018,8,30.500000000000004,24.456521739130437,6.0,84.0,66,49,42,2,6,5,0.84,16.0,61,11,0,0,1,4256,266,16,1,1,82.4375,5,98.0
mm_poison,mm,full,fidelity,False,True,16,poison,0.1,2,s018,2,28.75,16.521739130434785,2.0,73.5,66,60,46,4,6,10,0.92,15.947368421052632,63,3,6,0,0,4242,266,16,1,10,55.5,4,
mm_poison,mm,full,fidelity,False,True,16,poison,0.1,2,s018,3,28.250000000000004,18.53260869565217,8.0,74.5,66,56,41,5,6,10,0.82,15.921052631578949,61,5,17,0,0,4235,266,16,1,1,47.9375,5,
mm_poison,mm,full,fidelity,False,True,16,poison,0.1,2,s018,4,32.99999999999999,18.695652173913043,4.0,78.5,66,57,44,4,6,9,0.88,16.0,64,6,6,0,1,4256,266,16,1,1,34.6875,2,
mm_poison,mm,full,fidelity,False,True,16,poison,0.1,2,s018,5,21.5,7.01086956521739,0.0,65.5,66,57,47,0,6,10,0.94,15.99624060150376,61,3,9,0,1,4255,266,16,1,1,63.3125,2,
mm_poison,mm,full,fidelity,False,True,16,poison,0.1,2,s018,6,25.75,12.934782608695656,10.0,73.5,66,57,43,4,6,10,0.86,15.654135338345863,60,2,15,0,1,4164,266,16,1,1,46.1875,3,
mm_poison,mm,full,fidelity,False,True,16,poison,0.1,2,s018,7,25.5,15.108695652173914,12.0,70.0,66,54,42,3,6,9,0.84,15.785714285714286,58,3,4,0,1,4199,266,16,1,1,63.375,3,
mm_poison,mm,full,fidelity,False,True,16,poison,0.1,2,s018,8,27.0,19.78260869565217,6.0,86.0,66,54,42,2,6,10,0.84,15.954887218045112,61,6,22,0,1,4244,266,16,1,1,69.75,4,90.0
window_poison,window,none,fidelity,False,True,16,poison,0.1,0,s019,2,12.25,2.33695652173913,10.0,25.0,66,57,45,3,6,9,0.9,14.218045112781954,0,0,0,0,0,3782,266,16,0,0,8.4375,4,
window_poison,window,none,fidelity,False,True,16,poison,0.1,0,s019,3,14.250000000000002,4.67391304347826,10.0,24.0,66,55,45,3,6,7,0.9,11.902255639097744,0,0,0,0,0,3166,266,16,0,0,9.4375,4,
window_poison,window,none,fidelity,False,True,16,poison,0.1,0,s019,4,18.250000000000004,4.67391304347826,14.000000000000002,24.5,66,51,43,0,6,8,0.86,12.24812030075188,0,0,0,0,0,3258,266,16,0,0,11.4375,2,
window_poison,window,none,fidelity,False,True,16,poison,0.1,0,s019,5,13.5,0.0,4.0,38.5,66,59,48,3,6,8,0.96,11.526315789473683,0,0,0,0,0,3066,266,16,0,0,8.375,6,
window_poison,window,none,fidelity,False,True,16,poison,0.1,0,s019,6,14.250000000000002,7.01086956521739,10.0,35.0,66,54,45,0,6,9,0.9,10.736842105263158,0,0,0,0,0,2856,266,16,0,0,10.6875,0,
window_poison,window,none,fidelity,False,True,16,poison,0.1,0,s019,7,14.000000000000002,2.33695652173913,12.0,24.0,66,50,44,1,6,5,0.88,10.24436090225564,0,0,0,0,0,2725,266,16,0,0,13.0,1,
window_poison,window,none,fidelity,False,True,16,poison,0.1,0,s019,8,6.249999999999998,0.0,8.0,21.0,66,48,46,2,6,0,0.92,9.421052631578949,0,0,0,0,0,2506,266,16,0,0,11.0,0,0.0
window_poison,window,none,fidelity,False,True,16,poison,0.1,1,s019,2,11.249999999999998,1.25,10.0,22.5,66,57,45,2,6,10,0.9,14.1203007518797,0,0,0,0,0,3756,266,16,0,0,9.5,1,
window_poison,window,none,fidelity,False,True,16,poison,0.1,1,s019,3,10.0,4.67391304347826,12.0,27.0,66,53,44,0,6,9,0.88,11.176691729323307,0,0,0,0,0,2973,266,16,0,0,12.25,1,
window_poison,window,none,fidelity,False,True,16,poison,0.1,1,s019,4,22.25,4.67391304347826,14.000000000000002,40.0,66,55,43,2,6,10,0.86,11.894736842105264,0,0,0,0,0,3164,266,16,0,0,9.375,4,
window_poison,window,none,fidelity,False,True,16,poison,0.1,1,s019,5,12.75,7.01086956521739,8.0,46.5,66,58,46,3,6,9,0.92,11.672932330827068,0,0,0,0,0,3105,266,16,0,0,7.9375,3,
window_poison,window,none,fidelity,False,True,16,poison,0.1,1,s019,6,16.250000000000004,2.33695652173913,8.0,45.5,66,56,46,1,6,9,0.92,11.25187969924812,0,0,0,0,0,2993,266,16,0,0,8.125,3,
window_poison,window,none,fidelity,False,True,16,poison,0.1,1,s019,7,18.500000000000004,1.0869565217391297,6.0,39.5,66,54,47,1,6,6,0.94,11.308270676691729,0,0,0,0,0,3008,266,16,0,0,11.125,1,
window_poison,window,none,fidelity,False,True,16,poison,0.1,1,s019,8,6.749999999999999,0.0,6.0,25.0,66,51,47,4,6,0,0.94,9.917293233082706,0,0,0,0,0,2638,266,16,0,0,12.1875,1,6.0
window_poison,window,none,fidelity,False,True,16,poison,0.1,2,s019,2,10.75,2.33695652173913,8.0,40.5,66,56,46,1,6,9,0.92,14.24812030075188,0,0,0,0,0,3790,266,16,0,0,7.5,3,
window_poison,window,none,fidelity,False,True,16,poison,0.1,2,s019,3,13.750000000000002,2.33695652173913,6.0,43.0,66,59,47,2,6,10,0.94,12.093984962406015,0,0,0,0,0,3217,266,16,0,0,9.1875,6,
window_poison,window,none,fidelity,False,True,16,poison,0.1,2,s019,4,16.750000000000004,1.25,8.0,54.0,66,58,46,4,6,8,0.92,13.43984962406015,0,0,0,0,0,3575,266,16,0,0,8.8125,6,
window_poison,window,none,fidelity,False,True,16,poison,0.1,2,s019,5,12.0,0.0,4.0,48.5,66,56,48,2,6,6,0.96,12.556390977443607,0,0,0,0,0,3340,266,16,0,0,9.25,4,
window_poison,window,none,fidelity,False,True,16,poison,0.1,2,s019,6,12.25,0.0,6.0,45.5,66,55,47,2,6,6,0.94,11.25563909774436,0,0,0,0,0,2994,266,16,0,0,9.5625,2,
window_poison,window,none,fidelity,False,True,16,poison,0.1,2,s019,7,14.000000000000002,2.33695652173913,8.0,37.0,66,52,46,1,6,5,0.92,10.81203007518797,0,0,0,0,0,2876,266,16,0,0,11.9375,0,
window_poison,window,none,fidelity,False,True,16,poison,0.1,2,s019,8,6.999999999999998,0.0,2.0,26.0,66,50,49,1,6,0,0.98,9.462406015037594,0,0,0,0,0,2517,266,16,0,0,10.0,1,2.0
aeqkad_poison,window,full,fidelity,False,True,16,poison,0.1,0,s019,2,13.750000000000002,3.423913043478259,12.0,24.0,66,41,35,0,6,6,0.7,13.018796992481205,55,14,0,0,0,3463,266,16,0,0,13.75,1,
aeqkad_poison,window,full,fidelity,False,True,16,poison,0.1,0,s019,3,10.5,1.0869565217391297,12.0,20.5,66,45,41,0,6,4,0.82,10.105263157894736,54,9,0,0,0,2688,266,16,0,0,12.0625,2,
aeqkad_poison,window,full,fidelity,False,True,16,poison,0.1,0,s019,4,18.250000000000004,2.1739130434782594,16.0,24.5,66,44,36,0,6,8,0.72,10.781954887218046,51,7,0,0,0,2868,266,16,0,0,13.0,3,
aeqkad_poison,window,full,fidelity,False,True,16,poison,0.1,0,s019,5,15.000000000000002,4.67391304347826,8.0,33.5,66,45,40,0,6,5,0.8,10.406015037593985,55,10,0,0,0,2768,266,16,0,0,11.4375,2,
aeqkad_poison,window,full,fidelity,False,True,16,poison,0.1,0,s019,6,14.250000000000002,2.33695652173913,10.0,35.5,66,48,39,0,6,9,0.78,10.1203007518797,54,6,0,0,0,2692,266,16,0,0,13.4375,0,
aeqkad_poison,window,full,fidelity,False,True,16,poison,0.1,0,s019,7,14.000000000000002,2.33695652173913,12.0,19.5,66,42,40,1,6,1,0.8,9.458646616541351,48,6,0,0,0,2516,266,16,0,0,14.6875,1,
aeqkad_poison,window,full,fidelity,False,True,16,poison,0.1,0,s019,8,10.249999999999998,0.0,8.0,13.5,66,45,45,0,6,0,0.9,8.778195488721805,48,3,0,0,0,2335,266,16,0,0,12.375,0,0.0
aeqkad_poison,window,full,fidelity,False,True,16,poison,0.1,1,s019,2,14.000000000000002,1.25,10.0,19.0,66,45,36,0,6,9,0.72,13.090225563909774,57,12,0,0,0,3482,266,16,0,0,11.3125,2,
aeqkad_poison,window,full,fidelity,False,True,16,poison,0.1,1,s019,3,14.500000000000002,4.67391304347826,12.0,24.5,66,49,42,0,6,7,0.84,10.18421052631579,52,3,0,0,0,2709,266,16,0,0,12.25,1,
aeqkad_poison,window,full,fidelity,False,True,16,poison,0.1,1,s019,4,20.25,8.097826086956525,18.0,31.0,66,41,33,0,6,8,0.66,10.338345864661656,52,11,0,0,0,2750,266,16,0,0,13.3125,5,
aeqkad_poison,window,full,fidelity,False,True,16,poison,0.1,1,s019,5,14.000000000000002,5.760869565217389,4.0,40.5,66,52,43,1,6,8,0.86,11.338345864661656,58,6,0,0,0,3016,266,16,0,0,8.1875,2,
aeqkad_poison,window,full,fidelity,False,True,16,poison,0.1,1,s019,6,13.0,2.33695652173913,8.0,32.5,66,43,41,0,6,2,0.82,9.443609022556393,51,8,0,0,0,2512,266,16,0,0,12.0625,0,
aeqkad_poison,window,full,fidelity,False,True,16,poison,0.1,1,s019,7,14.250000000000002,1.0869565217391297,12.0,22.0,66,41,41,0,6,0,0.82,9.259398496240602,46,5,0,0,0,2463,266,16,0,0,15.8125,0,
aeqkad_poison,window,full,fidelity,False,True,16,poison,0.1,1,s019,8,10.999999999999998,0.0,6.0,16.0,66,45,45,0,6,0,0.9,8.703007518796992,49,4,0,0,0,2315,266,16,0,0,15.125,0,6.0
aeqkad_poison,window,full,fidelity,False,True,16,poison,0.1,2,s019,2,17.500000000000004,2.33695652173913,12.0,35.5,66,36,31,0,6,5,0.62,13.654135338345863,53,17,0,0,0,3632,266,16,0,0,14.3125,2,
aeqkad_poison,window,full,fidelity,False,True,16,poison,0.1,2,s019,3,9.5,2.33695652173913,10.0,28.000000000000004,66,45,43,0,6,2,0.86,10.259398496240602,52,7,0,0,0,2729,266,16,0,0,13.4375,0,
aeqkad_poison,window,full,fidelity,False,True,16,poison,0.1,2,s019,4,18.250000000000004,3.423913043478259,18.0,34.5,66,32,32,0,6,0,0.64,9.8796992481203,45,13,0,0,0,2628,266,16,0,0,21.6875,0,
aeqkad_poison,window,full,fidelity,False,True,16,poison,0.1,2,s019,5,16.000000000000004,7.01086956521739,6.0,32.0,66,39,38,1,6,0,0.76,9.819548872180452,53,14,0,0,0,2612,266,16,0,0,12.5,0,
aeqkad_poison,window,full,fidelity,False,True,16,poison,0.1,2,s019,6,10.0,0.0,6.0,32.5,66,42,41,1,6,0,0.82,8.823308270676693,51,9,0,0,0,2347,266,16,0,0,13.0625,0,
aeqkad_poison,window,full,fidelity,False,True,16,poison,0.1,2,s019,7,12.000000000000002,1.0869565217391297,10.0,27.0,66,41,41,0,6,0,0.82,9.526315789473683,46,5,0,0,0,2534,266,16,0,0,15.625,0,
aeqkad_poison,window,full,fidelity,False,True,16,poison,0.1,2,s019,8,5.749999999999999,0.0,4.0,24.0,66,45,45,0,6,0,0.9,8.774436090225564,49,4,0,0,0,2334,266,16,0,0,12.5,0,2.0
mm_poison,mm,full,fidelity,False,True,16,poison,0.1,0,s019,2,12.5,2.33695652173913,8.0,34.0,66,43,33,0,6,10,0.66,16.0,58,15,0,0,0,4256,266,16,1,16,99.25,0,
mm_poison,mm,full,fidelity,False,True,16,poison,0.1,0,s019,3,7.749999999999998,2.33695652173913,6.0,28.5,66,45,42,0,6,3,0.84,14.530075187969924,59,13,0,0,1,3865,266,16,1,1,34.125,1,
mm_poison,mm,full,fidelity,False,True,16,poison,0.1,0,s019,4,15.750000000000004,4.67391304347826,14.000000000000002,18.0,66,38,30,0,6,8,0.6,14.691729323308271,52,14,0,0,0,3908,266,16,1,1,62.8125,2,
mm_poison,mm,full,fidelity,False,True,16,poison,0.1,0,s019,5,10.749999999999998,1.0869565217391297,4.0,33.0,66,50,43,0,6,7,0.86,15.36842105263158,58,8,0,0,0,4088,266,16,1,1,79.25,1,
mm_poison,mm,full,fidelity,False,True,16,poison,0.1,0,s019,6,12.25,2.33695652173913,6.0,42.5,66,52,44,0,6,8,0.88,14.582706766917294,58,6,0,0,0,3879,266,16,1,1,52.5625,1,
mm_poison,mm,full,fidelity,False,True,16,poison,0.1,0,s019,7,10.0,2.33695652173913,8.0,43.5,66,45,43,1,6,1,0.86,15.270676691729324,52,7,0,0,0,4062,266,16,1,1,63.5625,0,
mm_poison,mm,full,fidelity,False,True,16,poison,0.1,0,s019,8,9.499999999999998,0.0,2.0,39.5,66,46,45,1,6,0,0.9,15.417293233082706,56,10,0,0,0,4101,266,16,1,1,79.5,1,42.0
mm_poison,mm,full,fidelity,False,True,16,poison,0.1,1,s019,2,14.000000000000002,1.0869565217391297,6.0,31.0,66,46,36,0,6,10,0.72,16.0,58,12,0,0,0,4256,266,16,1,16,99.25,0,
mm_poison,mm,full,fidelity,False,True,16,poison,0.1,1,s019,3,7.000000000000004,4.67391304347826,6.0,28.5,66,49,44,0,6,5,0.88,14.296992481203008,56,7,0,0,0,3803,266,16,1,1,30.8125,4,
mm_poison,mm,full,fidelity,False,True,16,poison,0.1,1,s019,4,17.750000000000004,2.33695652173913,10.0,32.0,66,48,40,0,6,8,0.8,15.575187969924812,55,7,0,0,0,4143,266,16,1,1,53.625,3,
mm_poison,mm,full,fidelity,False,True,16,poison,0.1,1,s019,5,9.749999999999998,4.67391304347826,2.0,52.5,66,56,47,1,6,8,0.94,15.721804511278195,61,5,0,0,0,4182,266,16,1,1,43.9375,4,
mm_poison,mm,full,fidelity,False,True,16,poison,0.1,1,s019,6,17.000000000000004,9.347826086956523,6.0,55.50000000000001,66,54,45,0,6,9,0.9,16.0,59,5,0,0,0,4256,266,16,1,1,53.375,9,
mm_poison,mm,full,fidelity,False,True,16,poison,0.1,1,s019,7,20.75,7.01086956521739,6.0,67.5,66,51,43,1,6,7,0.86,16.0,59,8,0,0,0,4256,266,16,1,1,59.875,6,
mm_poison,mm,full,fidelity,False,True,16,poison,0.1,1,s019,8,12.25,4.67391304347826,0.0,67.5,66,48,46,0,6,2,0.92,15.99624060150376,62,11,0,0,3,4255,266,16,1,1,74.3125,3,72.0
mm_poison,mm,full,fidelity,False,True,16,poison,0.1,2,s019,2,11.5,5.760869565217389,4.0,53.5,66,44,35,0,6,9,0.7,16.0,59,14,0,0,1,4256,266,16,1,16,99.25,0,
mm_poison,mm,full,fidelity,False,True,16,poison,0.1,2,s019,3,9.25,2.33695652173913,6.0,43.5,66,43,42,0,6,1,0.84,14.11654135338346,58,15,0,0,0,3755,266,16,1,1,35.5,0,
mm_poison,mm,full,fidelity,False,True,16,poison,0.1,2,s019,4,17.750000000000004,1.25,10.0,40.5,66,38,38,0,6,0,0.76,13.710526315789474,49,11,0,0,0,3647,266,16,1,1,72.1875,0,
mm_poison,mm,full,fidelity,False,True,16,poison,0.1,2,s019,5,8.499999999999998,0.0,2.0,53.5,66,49,47,0,6,2,0.94,15.109022556390975,58,9,0,0,0,4019,266,16,1,1,66.6875,1,
mm_poison,mm,full,fidelity,False,True,16,poison,0.1,2,s019,6,10.0,0.0,6.0,51.0,66,47,45,1,6,1,0.9,15.229323308270676,56,9,0,0,0,4051,266,16,1,1,70.0625,2,
mm_poison,mm,full,fidelity,False,True,16,poison,0.1,2,s019,7,18.000000000000004,4.67391304347826,6.0,49.0,66,42,42,0,6,0,0.84,15.090225563909774,53,11,0,0,0,4014,266,16,1,1,73.125,1,
mm_poison,mm,full,fidelity,False,True,16,poison,0.1,2,s019,8,6.499999999999997,0.0,0.0,52.0,66,46,46,0,6,0,0.92,14.56015037593985,53,7,0,0,0,3873,266,16,1,1,79.0625,0,8.0
window_poison,window,none,fidelity,False,True,16,poison,0.1,0,s020,2,39.25,33.80434782608695,38.0,38.0,66,42,31,1,6,10,0.62,15.00375939849624,0,0,0,0,0,3991,266,16,0,0,10.125,2,
window_poison,window,none,fidelity,False,True,16,poison,0.1,0,s020,3,50.5,42.98913043478261,64.0,37.0,66,28,18,3,6,7,0.36,14.99624060150376,0,0,0,0,0,3989,266,16,0,0,27.875,7,
window_poison,window,none,fidelity,False,True,16,poison,0.1,0,s020,4,31.000000000000007,15.108695652173914,26.0,32.0,66,44,37,3,6,4,0.74,14.349624060150376,0,0,0,0,0,3817,266,16,0,0,11.5,3,
window_poison,window,none,fidelity,False,True,16,poison,0.1,0,s020,5,26.0,20.869565217391305,18.0,46.5,66,46,41,0,6,5,0.82,14.24436090225564,0,0,0,0,0,3789,266,16,0,0,8.75,3,
window_poison,window,none,fidelity,False,True,16,poison,0.1,0,s020,6,31.75,19.78260869565217,26.0,42.0,66,47,37,2,6,8,0.74,15.210526315789474,0,0,0,0,0,4046,266,16,0,0,10.9375,2,
window_poison,window,none,fidelity,False,True,16,poison,0.1,0,s020,7,16.000000000000004,8.097826086956525,6.0,39.5,66,59,47,2,6,10,0.94,13.864661654135338,0,0,0,0,0,3688,266,16,0,0,8.8125,2,
window_poison,window,none,fidelity,False,True,16,poison,0.1,0,s020,8,32.25,19.78260869565217,34.0,31.0,66,41,33,1,6,7,0.66,14.977443609022556,0,0,0,0,0,3984,266,16,0,0,8.25,3,68.0
window_poison,window,none,fidelity,False,True,16,poison,0.1,1,s020,2,42.00000000000001,32.55434782608696,40.0,45.0,66,41,30,3,6,8,0.6,15.165413533834586,0,0,0,0,0,4034,266,16,0,0,9.3125,2,
window_poison,window,none,fidelity,False,True,16,poison,0.1,1,s020,3,48.25,39.56521739130434,66.0,27.500000000000004,66,21,17,0,6,4,0.34,14.88345864661654,0,0,0,0,0,3959,266,16,0,0,36.125,3,
window_poison,window,none,fidelity,False,True,16,poison,0.1,1,s020,4,28.000000000000004,20.869565217391305,28.000000000000004,41.0,66,44,36,3,6,5,0.72,14.609022556390975,0,0,0,0,0,3886,266,16,0,0,12.25,4,
window_poison,window,none,fidelity,False,True,16,poison,0.1,1,s020,5,26.75,17.445652173913043,18.0,32.5,66,51,41,2,6,8,0.82,14.345864661654137,0,0,0,0,0,3816,266,16,0,0,9.0,2,
window_poison,window,none,fidelity,False,True,16,poison,0.1,1,s020,6,30.25,18.53260869565217,24.0,45.0,66,49,38,3,6,8,0.76,15.402255639097744,0,0,0,0,0,4097,266,16,0,0,10.0,6,
window_poison,window,none,fidelity,False,True,16,poison,0.1,1,s020,7,13.750000000000002,4.67391304347826,6.0,38.0,66,50,47,2,6,1,0.94,13.225563909774436,0,0,0,0,0,3518,266,16,0,0,11.875,1,
window_poison,window,none,fidelity,False,True,16,poison,0.1,1,s020,8,34.25,22.1195652173913,36.0,33.0,66,40,32,2,6,6,0.64,15.210526315789474,0,0,0,0,0,4046,266,16,0,0,8.875,3,78.0
window_poison,window,none,fidelity,False,True,16,poison,0.1,2,s020,2,38.75,27.717391304347828,44.0,31.5,66,38,28,1,6,9,0.56,14.63157894736842,0,0,0,0,0,3892,266,16,0,0,8.6875,2,
window_poison,window,none,fidelity,False,True,16,poison,0.1,2,s020,3,49.25,42.98913043478261,66.0,25.0,66,19,17,0,6,2,0.34,15.451127819548873,0,0,0,0,0,4110,266,16,0,0,37.3125,1,
window_poison,window,none,fidelity,False,True,16,poison,0.1,2,s020,4,25.0,15.108695652173914,26.0,31.0,66,43,37,2,6,4,0.74,14.74812030075188,0,0,0,0,0,3923,266,16,0,0,10.9375,2,
window_poison,window,none,fidelity,False,True,16,poison,0.1,2,s020,5,28.500000000000004,25.869565217391298,24.0,32.0,66,45,38,2,6,5,0.76,13.984962406015038,0,0,0,0,0,3720,266,16,0,0,10.4375,2,
window_poison,window,none,fidelity,False,True,16,poison,0.1,2,s020,6,34.0,19.78260869565217,28.000000000000004,38.5,66,46,36,1,6,9,0.72,15.12406015037594,0,0,0,0,0,4023,266,16,0,0,9.4375,1,
window_poison,window,none,fidelity,False,True,16,poison,0.1,2,s020,7,15.750000000000004,12.771739130434783,8.0,34.5,66,54,46,2,6,6,0.92,13.364661654135338,0,0,0,0,0,3555,266,16,0,0,10.9375,2,
window_poison,window,none,fidelity,False,True,16,poison,0.1,2,s020,8,32.49999999999999,20.869565217391305,36.0,25.5,66,37,32,0,6,5,0.64,15.13157894736842,0,0,0,0,0,4025,266,16,0,0,8.125,2,62.0
aeqkad_poison,window,full,fidelity,False,True,16,poison,0.1,0,s020,2,36.25,37.391304347826086,38.0,35.0,66,28,19,0,6,9,0.38,14.578947368421051,42,14,0,0,0,3878,266,16,0,0,12.125,2,
aeqkad_poison,window,full,fidelity,False,True,16,poison,0.1,0,s020,3,50.0,42.98913043478261,66.0,29.0,66,21,13,1,6,7,0.26,14.37593984962406,25,4,0,0,0,3824,266,16,0,0,33.0,6,
aeqkad_poison,window,full,fidelity,False,True,16,poison,0.1,0,s020,4,26.75,12.771739130434783,34.0,23.0,66,31,30,0,6,1,0.6,13.823308270676693,39,8,0,0,0,3677,266,16,0,0,20.25,1,
aeqkad_poison,window,full,fidelity,False,True,16,poison,0.1,0,s020,5,34.25,30.380434782608702,36.0,35.0,66,28,23,0,6,5,0.46,14.342105263157896,39,11,0,0,0,3815,266,16,0,0,9.8125,3,
aeqkad_poison,window,full,fidelity,False,True,16,poison,0.1,0,s020,6,42.50000000000001,28.967391304347828,42.0,41.5,66,22,15,0,6,7,0.3,14.981203007518795,37,15,0,0,0,3985,266,16,0,0,23.0,6,
aeqkad_poison,window,full,fidelity,False,True,16,poison,0.1,0,s020,7,19.75,8.097826086956525,6.0,37.0,66,52,41,1,6,10,0.82,13.48872180451128,60,8,0,0,0,3588,266,16,0,0,8.8125,2,
aeqkad_poison,window,full,fidelity,False,True,16,poison,0.1,0,s020,8,39.25,27.717391304347828,44.0,28.000000000000004,66,26,21,0,6,5,0.42,15.00375939849624,35,9,0,0,0,3991,266,16,0,0,14.4375,3,68.0
aeqkad_poison,window,full,fidelity,False,True,16,poison,0.1,1,s020,2,41.75,32.55434782608696,40.0,42.0,66,30,21,0,6,9,0.42,14.992481203007518,43,13,0,0,0,3988,266,16,0,0,11.0625,2,
aeqkad_poison,window,full,fidelity,False,True,16,poison,0.1,1,s020,3,50.0,31.304347826086957,68.0,21.5,66,11,8,0,6,3,0.16,13.026315789473683,21,10,0,0,0,3465,266,16,0,0,50.125,5,
aeqkad_poison,window,full,fidelity,False,True,16,poison,0.1,1,s020,4,30.25,23.20652173913043,30.0,29.0,66,32,28,0,6,4,0.56,14.259398496240602,43,11,0,0,0,3793,266,16,0,0,16.5625,3,
aeqkad_poison,window,full,fidelity,False,True,16,poison,0.1,1,s020,5,38.0,43.91304347826088,50.0,30.0,66,10,3,0,6,7,0.06,13.285714285714286,35,24,0,0,1,3534,266,16,0,0,48.5,8,
aeqkad_poison,window,full,fidelity,False,True,16,poison,0.1,1,s020,6,28.000000000000004,18.53260869565217,26.0,43.0,66,33,27,0,6,6,0.54,14.454887218045112,46,13,0,0,0,3845,266,16,0,0,15.1875,3,
aeqkad_poison,window,full,fidelity,False,True,16,poison,0.1,1,s020,7,16.000000000000004,10.434782608695654,6.0,33.0,66,39,39,0,6,0,0.78,12.36842105263158,50,10,0,0,1,3290,266,16,0,0,14.875,0,
aeqkad_poison,window,full,fidelity,False,True,16,poison,0.1,1,s020,8,41.75,37.22826086956522,50.0,28.5,66,12,11,1,6,0,0.22,12.398496240601505,29,16,0,0,1,3298,266,16,0,0,30.1875,1,40.0
aeqkad_poison,window,full,fidelity,False,True,16,poison,0.1,2,s020,2,39.5,29.130434782608692,54.0,26.5,66,24,16,1,6,7,0.32,13.902255639097744,33,9,0,0,0,3698,266,16,0,0,14.4375,3,
aeqkad_poison,window,full,fidelity,False,True,16,poison,0.1,2,s020,3,51.75000000000001,32.55434782608696,70.0,16.5,66,10,8,0,6,2,0.16,12.87593984962406,17,7,0,0,0,3425,266,16,0,0,55.0,4,
aeqkad_poison,window,full,fidelity,False,True,16,poison,0.1,2,s020,4,30.500000000000004,18.369565217391305,32.0,24.5,66,30,28,0,6,2,0.56,13.808270676691729,40,10,0,0,0,3673,266,16,0,0,16.4375,1,
aeqkad_poison,window,full,fidelity,False,True,16,poison,0.1,2,s020,5,40.25,30.380434782608702,56.00000000000001,25.0,66,19,14,0,6,5,0.28,13.785714285714286,29,10,0,0,0,3667,266,16,0,0,12.8125,4,
aeqkad_poison,window,full,fidelity,False,True,16,poison,0.1,2,s020,6,38.25,26.79347826086957,54.0,25.5,66,17,12,1,6,4,0.24,13.793233082706768,33,16,0,0,0,3669,266,16,0,0,31.1875,5,
aeqkad_poison,window,full,fidelity,False,True,16,poison,0.1,2,s020,7,21.5,13.858695652173914,14.000000000000002,32.5,66,37,33,2,6,2,0.66,12.285714285714286,51,14,0,0,0,3268,266,16,0,0,14.375,1,
aeqkad_poison,window,full,fidelity,False,True,16,poison,0.1,2,s020,8,44.25,41.90217391304347,62.0,22.0,66,14,10,0,6,4,0.2,12.01127819548872,25,11,0,0,0,3195,266,16,0,0,23.6875,5,56.00000000000001
mm_poison,mm,full,fidelity,False,True,16,poison,0.1,0,s020,2,37.75,35.05434782608695,36.0,48.0,66,32,23,0,6,9,0.46,16.0,44,12,0,0,0,4256,266,16,1,15,89.5625,0,
mm_poison,mm,full,fidelity,False,True,16,poison,0.1,0,s020,3,53.75000000000001,45.48913043478261,60.0,50.5,66,23,15,2,6,6,0.3,16.0,32,9,0,0,0,4256,266,16,1,11,114.875,2,
mm_poison,mm,full,fidelity,False,True,16,poison,0.1,0,s020,4,31.75,21.03260869565217,24.0,47.0,66,37,33,2,6,2,0.66,15.87593984962406,45,8,0,0,0,4223,266,16,1,1,57.5,5,
mm_poison,mm,full,fidelity,False,True,16,poison,0.1,0,s020,5,43.49999999999999,42.98913043478261,40.0,51.0,66,18,13,0,6,5,0.26,16.0,38,20,0,0,0,4256,266,16,1,1,95.0625,5,
mm_poison,mm,full,fidelity,False,True,16,poison,0.1,0,s020,6,31.75,25.706521739130437,22.0,49.5,66,36,31,1,6,4,0.62,16.0,48,12,0,0,0,4256,266,16,1,1,94.875,4,
mm_poison,mm,full,fidelity,False,True,16,poison,0.1,0,s020,7,17.000000000000004,11.684782608695654,4.0,54.0,66,52,44,1,6,7,0.88,15.75563909774436,58,6,0,0,0,4191,266,16,1,1,64.75,6,
mm_poison,mm,full,fidelity,False,True,16,poison,0.1,0,s020,8,42.75,36.141304347826086,32.0,56.49999999999999,66,36,27,2,6,7,0.54,16.0,44,8,0,0,0,4256,266,16,1,1,66.9375,6,80.0
mm_poison,mm,full,fidelity,False,True,16,poison,0.1,1,s020,2,40.75,35.97826086956522,38.0,53.5,66,26,17,0,6,9,0.34,16.0,46,19,0,0,1,4256,266,16,1,16,92.375,0,
mm_poison,mm,full,fidelity,False,True,16,poison,0.1,1,s020,3,57.75,52.33695652173913,60.0,51.5,66,13,10,0,6,3,0.2,16.0,27,14,0,0,0,4256,266,16,1,16,158.375,0,
mm_poison,mm,full,fidelity,False,True,16,poison,0.1,1,s020,4,33.75,19.78260869565217,22.0,60.0,66,34,31,0,6,3,0.62,15.898496240601505,49,15,0,0,0,4229,266,16,1,7,102.125,2,
mm_poison,mm,full,fidelity,False,True,16,poison,0.1,1,s020,5,29.75,17.445652173913043,18.0,46.5,66,39,30,2,6,7,0.6,16.0,53,14,0,0,0,4256,266,16,1,1,69.6875,3,
mm_poison,mm,full,fidelity,False,True,16,poison,0.1,1,s020,6,35.0,25.543478260869566,20.0,55.50000000000001,66,34,27,1,6,6,0.54,16.0,52,18,0,0,0,4256,266,16,1,1,106.5,5,
mm_poison,mm,full,fidelity,False,True,16,poison,0.1,1,s020,7,15.500000000000004,4.67391304347826,4.0,49.5,66,44,43,1,6,0,0.86,15.454887218045112,51,6,0,0,1,4111,266,16,1,1,58.5,3,
mm_poison,mm,full,fidelity,False,True,16,poison,0.1,1,s020,8,35.75,39.56521739130434,36.0,45.0,66,16,14,2,6,0,0.28,16.0,37,15,0,0,6,4256,266,16,1,1,94.0625,3,50.0
mm_poison,mm,full,fidelity,False,True,16,poison,0.1,2,s020,2,44.99999999999999,35.97826086956522,44.0,44.5,66,22,12,1,6,9,0.24,16.0,40,17,0,0,1,4256,266,16,1,16,91.9375,0,
mm_poison,mm,full,fidelity,False,True,16,poison,0.1,2,s020,3,53.75000000000001,54.673913043478265,66.0,43.5,66,10,8,0,6,2,0.16,16.0,21,11,0,0,0,4256,266,16,1,16,157.9375,0,
mm_poison,mm,full,fidelity,False,True,16,poison,0.1,2,s020,4,35.5,19.78260869565217,26.0,53.0,66,29,25,1,6,3,0.5,16.0,45,14,0,0,2,4256,266,16,1,11,152.25,1,
mm_poison,mm,full,fidelity,False,True,16,poison,0.1,2,s020,5,28.25,18.695652173913043,20.0,45.0,66,35,29,1,6,5,0.58,16.0,50,14,0,0,1,4256,266,16,1,1,58.75,5,
mm_poison,mm,full,fidelity,False,True,16,poison,0.1,2,s020,6,35.0,20.869565217391305,20.0,49.0,66,36,30,1,6,5,0.6,16.0,52,16,0,0,0,4256,266,16,1,1,104.625,3,
mm_poison,mm,full,fidelity,False,True,16,poison,0.1,2,s020,7,17.750000000000004,11.521739130434783,6.0,50.5,66,49,43,3,6,3,0.86,15.518796992481205,56,7,0,0,0,4128,266,16,1,1,64.5625,3,
mm_poison,mm,full,fidelity,False,True,16,poison,0.1,2,s020,8,39.5,42.98913043478261,42.0,43.5,66,16,13,0,6,3,0.26,16.0,40,24,0,0,0,4256,266,16,1,1,107.1875,4,60.0
window_poison,window,none,fidelity,False,True,16,poison,0.1,0,s021,2,24.25,5.760869565217389,6.0,72.5,66,61,47,4,6,10,0.94,14.88345864661654,0,0,0,0,0,3959,266,16,0,0,7.5,4,
window_poison,window,none,fidelity,False,True,16,poison,0.1,0,s021,3,25.5,5.923913043478259,8.0,73.0,66,59,46,3,6,10,0.92,13.345864661654137,0,0,0,0,0,3550,266,16,0,0,8.375,2,
window_poison,window,none,fidelity,False,True,16,poison,0.1,0,s021,4,15.750000000000004,0.0,4.0,72.0,66,61,48,4,6,9,0.96,12.827067669172932,0,0,0,0,0,3412,266,16,0,0,7.5,2,
window_poison,window,none,fidelity,False,True,16,poison,0.1,0,s021,5,15.250000000000002,7.01086956521739,6.0,73.0,66,58,47,2,6,9,0.94,13.06766917293233,0,0,0,0,0,3476,266,16,0,0,7.875,3,
window_poison,window,none,fidelity,False,True,16,poison,0.1,0,s021,6,34.0,10.760869565217387,18.0,77.5,66,56,41,5,6,10,0.82,12.394736842105264,0,0,0,0,0,3297,266,16,0,0,8.9375,1,
window_poison,window,none,fidelity,False,True,16,poison,0.1,0,s021,7,15.750000000000004,2.5,4.0,74.0,66,62,48,6,6,8,0.96,12.526315789473683,0,0,0,0,0,3332,266,16,0,0,7.625,2,
window_poison,window,none,fidelity,False,True,16,poison,0.1,0,s021,8,18.500000000000004,5.760869565217389,8.0,63.0,66,57,46,2,6,9,0.92,11.5,0,0,0,0,0,3059,266,16,0,0,7.75,4,90.0
window_poison,window,none,fidelity,False,True,16,poison,0.1,1,s021,2,26.25,4.510869565217389,10.0,45.5,66,53,45,1,6,7,0.9,14.759398496240602,0,0,0,0,0,3926,266,16,0,0,10.6875,2,
window_poison,window,none,fidelity,False,True,16,poison,0.1,1,s021,3,22.0,8.097826086956525,12.0,55.00000000000001,66,56,44,3,6,9,0.88,12.778195488721805,0,0,0,0,0,3399,266,16,0,0,10.3125,2,
window_poison,window,none,fidelity,False,True,16,poison,0.1,1,s021,4,11.249999999999998,2.33695652173913,4.0,66.5,66,62,48,4,6,10,0.96,13.105263157894736,0,0,0,0,0,3486,266,16,0,0,7.9375,5,
window_poison,window,none,fidelity,False,True,16,poison,0.1,1,s021,5,17.500000000000004,5.923913043478259,6.0,60.0,66,59,47,4,6,8,0.94,13.454887218045112,0,0,0,0,0,3579,266,16,0,0,8.5625,2,
window_poison,window,none,fidelity,False,True,16,poison,0.1,1,s021,6,32.75,22.1195652173913,20.0,64.5,66,52,40,3,6,9,0.8,12.142857142857142,0,0,0,0,0,3230,266,16,0,0,10.0,2,
window_poison,window,none,fidelity,False,True,16,poison,0.1,1,s021,7,14.000000000000002,7.01086956521739,6.0,67.5,66,55,47,1,6,7,0.94,12.43984962406015,0,0,0,0,0,3309,266,16,0,0,8.5,3,
window_poison,window,none,fidelity,False,True,16,poison,0.1,1,s021,8,18.000000000000004,7.01086956521739,6.0,69.5,66,61,47,5,6,9,0.94,12.18796992481203,0,0,0,0,0,3242,266,16,0,0,8.75,4,84.0
window_poison,window,none,fidelity,False,True,16,poison,0.1,2,s021,2,24.25,7.01086956521739,8.0,70.5,66,59,46,3,6,10,0.92,14.74436090225564,0,0,0,0,0,3922,266,16,0,0,7.9375,6,
window_poison,window,none,fidelity,False,True,16,poison,0.1,2,s021,3,23.0,5.923913043478259,10.0,68.5,66,57,45,2,6,10,0.9,13.266917293233083,0,0,0,0,0,3529,266,16,0,0,9.625,3,
window_poison,window,none,fidelity,False,True,16,poison,0.1,2,s021,4,15.000000000000002,5.760869565217389,4.0,63.0,66,63,48,5,6,10,0.96,12.672932330827068,0,0,0,0,0,3371,266,16,0,0,8.25,4,
window_poison,window,none,fidelity,False,True,16,poison,0.1,2,s021,5,18.75,10.434782608695654,8.0,72.0,66,58,46,2,6,10,0.92,13.477443609022556,0,0,0,0,0,3585,266,16,0,0,7.5,3,
window_poison,window,none,fidelity,False,True,16,poison,0.1,2,s021,6,31.499999999999996,17.445652173913043,22.0,73.5,66,54,39,5,6,10,0.78,12.3609022556391,0,0,0,0,0,3288,266,16,0,0,8.6875,3,
window_poison,window,none,fidelity,False,True,16,poison,0.1,2,s021,7,18.5,8.260869565217389,2.0,70.0,66,64,49,5,6,10,0.98,13.12406015037594,0,0,0,0,0,3491,266,16,0,0,7.5,1,
window_poison,window,none,fidelity,False,True,16,poison,0.1,2,s021,8,18.250000000000004,2.33695652173913,6.0,64.5,66,59,47,3,6,9,0.94,11.857142857142858,0,0,0,0,0,3154,266,16,0,0,9.125,2,66.0
aeqkad_poison,window,full,fidelity,False,True,16,poison,0.1,0,s021,2,26.25,8.260869565217389,10.0,60.0,66,38,32,0,6,6,0.64,13.473684210526317,57,19,0,0,0,3584,266,16,0,0,13.0,1,
aeqkad_poison,window,full,fidelity,False,True,16,poison,0.1,0,s021,3,20.25,11.521739130434783,10.0,60.5,66,42,35,0,6,7,0.7,11.225563909774436,57,15,0,0,0,2986,266,16,0,0,13.625,1,
aeqkad_poison,window,full,fidelity,False,True,16,poison,0.1,0,s021,4,15.750000000000004,0.0,4.0,69.5,66,51,42,0,6,9,0.84,11.176691729323307,60,9,0,0,0,2973,266,16,0,0,8.6875,2,
aeqkad_poison,window,full,fidelity,False,True,16,poison,0.1,0,s021,5,15.750000000000004,5.923913043478259,8.0,60.0,66,48,42,1,6,5,0.84,11.969924812030076,59,11,0,0,0,3184,266,16,0,0,8.4375,3,
aeqkad_poison,window,full,fidelity,False,True,16,poison,0.1,0,s021,6,35.75,14.021739130434783,18.0,69.5,66,42,33,1,6,8,0.66,11.19548872180451,55,13,0,0,0,2978,266,16,0,0,11.125,1,
aeqkad_poison,window,full,fidelity,False,True,16,poison,0.1,0,s021,7,13.750000000000002,3.58695652173913,6.0,67.5,66,52,44,1,6,7,0.88,11.857142857142858,60,7,0,0,1,3154,266,16,0,0,7.625,2,
aeqkad_poison,window,full,fidelity,False,True,16,poison,0.1,0,s021,8,18.500000000000004,1.25,6.0,56.99999999999999,66,50,43,0,6,7,0.86,10.924812030075188,58,8,0,0,0,2906,266,16,0,0,9.6875,3,88.0
aeqkad_poison,window,full,fidelity,False,True,16,poison,0.1,1,s021,2,22.25,5.923913043478259,16.0,46.0,66,37,31,0,6,6,0.62,13.75187969924812,51,14,0,0,0,3658,266,16,0,0,13.125,2,
aeqkad_poison,window,full,fidelity,False,True,16,poison,0.1,1,s021,3,24.25,8.097826086956525,14.000000000000002,50.0,66,40,33,2,6,5,0.66,11.101503759398495,54,14,0,0,0,2953,266,16,0,0,17.25,1,
aeqkad_poison,window,full,fidelity,False,True,16,poison,0.1,1,s021,4,15.750000000000004,3.423913043478259,4.0,56.99999999999999,66,46,42,1,6,3,0.84,11.725563909774436,58,12,0,0,0,3119,266,16,0,0,12.3125,2,
aeqkad_poison,window,full,fidelity,False,True,16,poison,0.1,1,s021,5,18.750000000000004,5.923913043478259,8.0,54.0,66,49,41,1,6,7,0.82,11.729323308270676,57,8,0,0,0,3120,266,16,0,0,9.125,2,
aeqkad_poison,window,full,fidelity,False,True,16,poison,0.1,1,s021,6,35.25,21.956521739130437,20.0,60.0,66,41,32,2,6,7,0.64,11.086466165413531,53,12,0,0,0,2949,266,16,0,0,13.5,1,
aeqkad_poison,window,full,fidelity,False,True,16,poison,0.1,1,s021,7,14.000000000000002,4.67391304347826,6.0,59.0,66,46,44,0,6,2,0.88,11.443609022556393,55,9,0,0,0,3044,266,16,0,0,11.125,0,
aeqkad_poison,window,full,fidelity,False,True,16,poison,0.1,1,s021,8,19.0,7.01086956521739,10.0,64.0,66,48,41,2,6,5,0.82,10.721804511278195,58,9,0,0,1,2852,266,16,0,0,11.5625,2,82.0
aeqkad_poison,window,full,fidelity,False,True,16,poison,0.1,2,s021,2,25.5,8.260869565217389,10.0,61.0,66,40,33,0,6,7,0.66,13.50375939849624,58,18,0,0,0,3592,266,16,0,0,12.125,3,
aeqkad_poison,window,full,fidelity,False,True,16,poison,0.1,2,s021,3,23.5,8.097826086956525,10.0,59.5,66,46,38,0,6,8,0.76,12.240601503759398,56,10,0,0,0,3256,266,16,0,0,10.625,3,
aeqkad_poison,window,full,fidelity,False,True,16,poison,0.1,2,s021,4,17.25,1.25,4.0,57.99999999999999,66,54,44,1,6,9,0.88,11.342105263157896,63,9,0,0,0,3017,266,16,0,0,9.6875,3,
aeqkad_poison,window,full,fidelity,False,True,16,poison,0.1,2,s021,5,18.250000000000004,11.521739130434783,10.0,61.0,66,49,42,0,6,7,0.84,12.68421052631579,57,8,0,0,0,3374,266,16,0,0,10.0,1,
aeqkad_poison,window,full,fidelity,False,True,16,poison,0.1,2,s021,6,32.49999999999999,11.684782608695654,18.0,63.0,66,42,33,1,6,8,0.66,11.353383458646617,55,13,0,0,0,3020,266,16,0,0,12.6875,3,
aeqkad_poison,window,full,fidelity,False,True,16,poison,0.1,2,s021,7,14.500000000000002,8.097826086956525,2.0,66.5,66,59,44,5,6,10,0.88,12.6390977443609,64,5,0,0,0,3362,266,16,0,0,7.5,1,
aeqkad_poison,window,full,fidelity,False,True,16,poison,0.1,2,s021,8,16.500000000000004,2.33695652173913,4.0,62.5,66,53,44,1,6,8,0.88,11.37218045112782,60,7,0,0,0,3025,266,16,0,0,11.75,2,86.0
mm_poison,mm,full,fidelity,False,True,16,poison,0.1,0,s021,2,31.75,34.56521739130435,2.0,90.0,66,17,8,0,6,9,0.16,16.0,65,47,0,0,1,4256,266,16,1,16,95.3125,0,
mm_poison,mm,full,fidelity,False,True,16,poison,0.1,0,s021,3,36.25,18.695652173913043,4.0,88.0,66,18,15,1,6,2,0.3,16.0,64,46,0,0,0,4256,266,16,1,16,161.3125,0,
mm_poison,mm,full,fidelity,False,True,16,poison,0.1,0,s021,4,35.5,22.28260869565217,4.0,87.0,66,15,10,0,6,5,0.2,16.0,64,49,0,0,0,4256,266,16,1,16,227.3125,0,
mm_poison,mm,full,fidelity,False,True,16,poison,0.1,0,s021,5,30.000000000000004,13.858695652173914,6.0,80.5,66,42,34,1,6,7,0.68,15.454887218045112,60,18,0,0,0,4111,266,16,1,1,46.6875,4,
mm_poison,mm,full,fidelity,False,True,16,poison,0.1,0,s021,6,32.25,24.293478260869566,6.0,87.0,66,47,36,1,6,10,0.72,15.87218045112782,62,14,0,0,1,4222,266,16,1,1,70.75,5,
mm_poison,mm,full,fidelity,False,True,16,poison,0.1,0,s021,7,18.000000000000004,2.5,2.0,86.0,66,55,45,3,6,7,0.9,15.661654135338344,63,6,0,0,2,4166,266,16,1,1,59.625,5,
mm_poison,mm,full,fidelity,False,True,16,poison,0.1,0,s021,8,17.750000000000004,7.01086956521739,4.0,81.0,66,52,43,1,6,8,0.86,15.462406015037594,60,5,0,0,3,4113,266,16,1,1,63.0,7,94.0
mm_poison,mm,full,fidelity,False,True,16,poison,0.1,1,s021,2,32.0,20.869565217391305,6.0,65.5,66,17,7,0,6,10,0.14,16.0,60,43,0,0,0,4256,266,16,1,16,95.3125,0,
mm_poison,mm,full,fidelity,False,True,16,poison,0.1,1,s021,3,31.75,24.456521739130437,10.0,68.5,66,13,11,0,6,2,0.22,16.0,60,47,0,0,0,4256,266,16,1,16,161.3125,0,
mm_poison,mm,full,fidelity,False,True,16,poison,0.1,1,s021,4,37.5,27.8804347826087,10.0,70.0,66,14,8,0,6,6,0.16,16.0,59,45,0,0,0,4256,266,16,1,16,227.3125,0,
mm_poison,mm,full,fidelity,False,True,16,poison,0.1,1,s021,5,41.25,24.456521739130437,20.0,61.5,66,6,4,0,6,2,0.08,16.0,54,47,0,0,1,4256,266,16,1,16,293.3125,0,
mm_poison,mm,full,fidelity,False,True,16,poison,0.1,1,s021,6,52.25,51.08695652173913,44.0,61.5,66,0,0,0,6,0,0.0,16.0,42,42,0,0,0,4256,266,16,1,16,359.3125,0,
mm_poison,mm,full,fidelity,False,True,16,poison,0.1,1,s021,7,52.25,53.586956521739125,38.0,64.5,66,0,0,0,6,0,0.0,16.0,40,39,0,0,1,4256,266,16,1,16,425.3125,0,
mm_poison,mm,full,fidelity,False,True,16,poison,0.1,1,s021,8,62.0,74.45652173913044,60.0,66.5,66,0,0,0,6,0,0.0,16.0,32,32,0,0,0,4256,266,16,1,16,491.3125,0,78.0
mm_poison,mm,full,fidelity,False,True,16,poison,0.1,2,s021,2,32.49999999999999,18.695652173913043,4.0,78.5,66,26,16,0,6,10,0.32,16.0,62,36,0,0,0,4256,266,16,1,16,93.0,0,
mm_poison,mm,full,fidelity,False,True,16,poison,0.1,2,s021,3,31.25,17.445652173913043,6.0,87.0,66,35,27,0,6,8,0.54,16.0,62,27,0,0,0,4256,266,16,1,10,98.0625,1,
mm_poison,mm,full,fidelity,False,True,16,poison,0.1,2,s021,4,16.500000000000004,3.423913043478259,4.0,69.0,66,55,44,1,6,10,0.88,15.706766917293232,63,8,0,0,0,4178,266,16,1,1,56.5,2,
mm_poison,mm,full,fidelity,False,True,16,poison,0.1,2,s021,5,21.0,12.771739130434783,4.0,79.0,66,54,44,0,6,10,0.88,15.808270676691729,62,8,0,0,0,4205,266,16,1,1,44.625,3,
mm_poison,mm,full,fidelity,False,True,16,poison,0.1,2,s021,6,29.25,4.67391304347826,14.000000000000002,80.0,66,48,37,3,6,8,0.74,15.898496240601505,58,10,0,0,0,4229,266,16,1,1,68.0,6,
mm_poison,mm,full,fidelity,False,True,16,poison,0.1,2,s021,7,18.000000000000004,10.434782608695654,2.0,83.0,66,60,45,5,6,10,0.9,16.0,64,3,0,0,1,4256,266,16,1,1,58.1875,7,
mm_poison,mm,full,fidelity,False,True,16,poison,0.1,2,s021,8,17.750000000000004,11.684782608695654,4.0,82.5,66,55,45,3,6,7,0.9,16.0,61,4,0,0,2,4256,266,16,1,1,69.875,6,96.0
window_poison,window,none,fidelity,False,True,16,poison,0.1,0,s022,2,13.750000000000002,0.0,8.0,31.0,66,57,46,2,6,9,0.92,13.48872180451128,0,0,0,0,0,3588,266,16,0,0,8.625,4,
window_poison,window,none,fidelity,False,True,16,poison,0.1,0,s022,3,9.749999999999998,2.33695652173913,2.0,27.0,66,60,49,1,6,10,0.98,11.99624060150376,0,0,0,0,0,3191,266,16,0,0,7.625,4,
window_poison,window,none,fidelity,False,True,16,poison,0.1,0,s022,4,10.0,2.33695652173913,2.0,50.0,66,62,49,3,6,10,0.98,12.49624060150376,0,0,0,0,0,3324,266,16,0,0,7.5,3,
window_poison,window,none,fidelity,False,True,16,poison,0.1,0,s022,5,16.250000000000004,7.01086956521739,6.0,59.0,66,62,47,5,6,10,0.94,12.890977443609025,0,0,0,0,0,3429,266,16,0,0,7.5,3,
window_poison,window,none,fidelity,False,True,16,poison,0.1,0,s022,6,8.75,1.0869565217391297,2.0,46.0,66,61,49,2,6,10,0.98,10.887218045112782,0,0,0,0,0,2896,266,16,0,0,8.5,5,
window_poison,window,none,fidelity,False,True,16,poison,0.1,0,s022,7,7.999999999999999,0.0,0.0,51.0,66,58,50,2,6,6,1.0,9.24436090225564,0,0,0,0,0,2459,266,16,0,0,11.25,0,
window_poison,window,none,fidelity,False,True,16,poison,0.1,0,s022,8,8.249999999999998,0.0,4.0,36.0,66,56,48,2,6,6,0.96,9.537593984962406,0,0,0,0,0,2537,266,16,0,0,8.75,4,90.0
window_poison,window,none,fidelity,False,True,16,poison,0.1,1,s022,2,14.750000000000002,2.33695652173913,2.0,58.5,66,62,49,4,6,9,0.98,13.680451127819548,0,0,0,0,0,3639,266,16,0,0,8.625,3,
window_poison,window,none,fidelity,False,True,16,poison,0.1,1,s022,3,7.999999999999999,0.0,0.0,38.0,66,60,50,1,6,9,1.0,11.68421052631579,0,0,0,0,0,3108,266,16,0,0,8.75,4,
window_poison,window,none,fidelity,False,True,16,poison,0.1,1,s022,4,5.749999999999998,0.0,2.0,49.0,66,56,49,4,6,3,0.98,11.654135338345863,0,0,0,0,0,3100,266,16,0,0,8.9375,0,
window_poison,window,none,fidelity,False,True,16,poison,0.1,1,s022,5,10.5,0.0,8.0,40.5,66,55,46,2,6,7,0.92,11.951127819548873,0,0,0,0,0,3179,266,16,0,0,7.5,6,
window_poison,window,none,fidelity,False,True,16,poison,0.1,1,s022,6,7.999999999999999,0.0,2.0,77.0,66,64,49,6,6,9,0.98,11.609022556390975,0,0,0,0,0,3088,266,16,0,0,7.5,3,
window_poison,window,none,fidelity,False,True,16,poison,0.1,1,s022,7,4.500000000000002,0.0,0.0,54.50000000000001,66,65,50,5,6,10,1.0,9.650375939849624,0,0,0,0,0,2567,266,16,0,0,7.5,6,
window_poison,window,none,fidelity,False,True,16,poison,0.1,1,s022,8,7.249999999999998,0.0,0.0,73.5,66,65,50,6,6,9,1.0,11.3796992481203,0,0,0,0,0,3027,266,16,0,0,7.5,7,96.0
window_poison,window,none,fidelity,False,True,16,poison,0.1,2,s022,2,9.499999999999998,0.0,6.0,19.0,66,54,47,0,6,7,0.94,13.37593984962406,0,0,0,0,0,3558,266,16,0,0,12.4375,2,
window_poison,window,none,fidelity,False,True,16,poison,0.1,2,s022,3,3.5000000000000018,0.0,2.0,13.0,66,59,49,0,6,10,0.98,11.150375939849624,0,0,0,0,0,2966,266,16,0,0,7.5625,4,
window_poison,window,none,fidelity,False,True,16,poison,0.1,2,s022,4,6.750000000000004,0.0,4.0,19.0,66,58,48,0,6,10,0.96,11.428571428571429,0,0,0,0,0,3040,266,16,0,0,7.75,2,
window_poison,window,none,fidelity,False,True,16,poison,0.1,2,s022,5,7.999999999999999,2.33695652173913,10.0,22.0,66,57,45,2,6,10,0.9,11.827067669172932,0,0,0,0,0,3146,266,16,0,0,7.5,3,
window_poison,window,none,fidelity,False,True,16,poison,0.1,2,s022,6,5.500000000000003,0.0,2.0,31.0,66,60,49,1,6,10,0.98,10.902255639097744,0,0,0,0,0,2900,266,16,0,0,7.875,3,
window_poison,window,none,fidelity,False,True,16,poison,0.1,2,s022,7,6.000000000000003,0.0,0.0,40.0,66,64,50,4,6,10,1.0,9.323308270676693,0,0,0,0,0,2480,266,16,0,0,7.5,3,
window_poison,window,none,fidelity,False,True,16,poison,0.1,2,s022,8,10.499999999999998,1.25,4.0,45.0,66,60,48,2,6,10,0.96,9.966165413533837,0,0,0,0,0,2651,266,16,0,0,8.25,4,100.0
aeqkad_poison,window,full,fidelity,False,True,16,poison,0.1,0,s022,2,10.249999999999998,0.0,4.0,18.0,66,45,40,0,6,5,0.8,12.56766917293233,58,13,10,0,0,3343,266,16,0,0,11.5,2,
aeqkad_poison,window,full,fidelity,False,True,16,poison,0.1,0,s022,3,5.750000000000003,0.0,4.0,19.5,66,57,47,0,6,10,0.94,11.259398496240602,59,2,13,0,0,2995,266,16,0,0,7.625,4,
aeqkad_poison,window,full,fidelity,False,True,16,poison,0.1,0,s022,4,15.250000000000002,4.67391304347826,6.0,43.5,66,57,46,1,6,10,0.92,12.150375939849624,60,3,13,0,0,3232,266,16,0,0,7.875,2,
aeqkad_poison,window,full,fidelity,False,True,16,poison,0.1,0,s022,5,21.500000000000004,2.33695652173913,8.0,41.0,66,50,40,1,6,9,0.8,11.706766917293232,60,8,4,0,2,3114,266,16,0,0,8.9375,2,
aeqkad_poison,window,full,fidelity,False,True,16,poison,0.1,0,s022,6,7.499999999999998,0.0,2.0,22.0,66,49,47,1,6,1,0.94,9.236842105263158,53,3,1,0,1,2457,266,16,0,0,12.0625,0,
aeqkad_poison,window,full,fidelity,False,True,16,poison,0.1,0,s022,7,0.75,0.0,0.0,9.0,66,49,49,0,6,0,0.98,7.323308270676692,50,0,1,0,1,1948,266,16,0,0,11.25,0,
aeqkad_poison,window,full,fidelity,False,True,16,poison,0.1,0,s022,8,8.249999999999998,0.0,4.0,16.0,66,46,46,0,6,0,0.92,7.87593984962406,49,2,8,0,1,2095,266,16,0,0,10.4375,0,2.0
aeqkad_poison,window,full,fidelity,False,True,16,poison,0.1,1,s022,2,11.5,0.0,6.0,37.5,66,48,40,0,6,8,0.8,12.69548872180451,58,10,0,0,0,3377,266,16,0,0,11.4375,2,
aeqkad_poison,window,full,fidelity,False,True,16,poison,0.1,1,s022,3,3.7500000000000018,0.0,0.0,29.0,66,56,47,0,6,9,0.94,11.154135338345863,60,4,0,0,0,2967,266,16,0,0,9.375,3,
aeqkad_poison,window,full,fidelity,False,True,16,poison,0.1,1,s022,4,5.750000000000003,0.0,4.0,30.5,66,46,46,0,6,0,0.92,10.740601503759398,51,5,0,0,0,2857,266,16,0,0,8.9375,0,
aeqkad_poison,window,full,fidelity,False,True,16,poison,0.1,1,s022,5,7.249999999999998,0.0,10.0,16.5,66,40,40,0,6,0,0.8,10.342105263157896,49,7,0,0,2,2751,266,16,0,0,13.6875,0,
aeqkad_poison,window,full,fidelity,False,True,16,poison,0.1,1,s022,6,4.750000000000002,0.0,2.0,15.5,66,47,47,0,6,0,0.94,8.56766917293233,49,1,0,0,1,2279,266,16,0,0,10.25,0,
aeqkad_poison,window,full,fidelity,False,True,16,poison,0.1,1,s022,7,3.5000000000000018,0.0,0.0,16.0,66,50,49,1,6,0,0.98,7.390977443609023,55,4,0,0,1,1966,266,16,0,0,13.125,1,
aeqkad_poison,window,full,fidelity,False,True,16,poison,0.1,1,s022,8,6.500000000000003,0.0,2.0,24.5,66,46,46,0,6,0,0.92,7.93609022556391,50,3,0,0,1,2111,266,16,0,0,14.0,0,0.0
aeqkad_poison,window,full,fidelity,False,True,16,poison,0.1,2,s022,2,14.000000000000002,0.0,6.0,18.5,66,44,38,0,6,6,0.76,12.454887218045112,55,11,0,0,0,3313,266,16,0,0,13.8125,1,
aeqkad_poison,window,full,fidelity,False,True,16,poison,0.1,2,s022,3,6.250000000000003,0.0,4.0,10.0,66,56,47,0,6,9,0.94,10.75187969924812,58,2,1,0,0,2860,266,16,0,0,7.9375,4,
aeqkad_poison,window,full,fidelity,False,True,16,poison,0.1,2,s022,4,7.749999999999998,4.67391304347826,4.0,18.5,66,55,45,0,6,10,0.9,10.943609022556393,58,2,0,0,1,2911,266,16,0,0,7.75,2,
aeqkad_poison,window,full,fidelity,False,True,16,poison,0.1,2,s022,5,14.000000000000002,0.0,10.0,19.0,66,52,42,0,6,10,0.84,10.864661654135338,57,4,0,0,1,2890,266,16,0,0,7.5,3,
aeqkad_poison,window,full,fidelity,False,True,16,poison,0.1,2,s022,6,5.500000000000003,0.0,2.0,30.0,66,58,48,0,6,10,0.96,10.421052631578949,60,2,0,0,0,2772,266,16,0,0,7.875,3,
aeqkad_poison,window,full,fidelity,False,True,16,poison,0.1,2,s022,7,4.000000000000002,0.0,0.0,30.5,66,59,50,0,6,9,1.0,8.81578947368421,64,4,0,0,1,2345,266,16,0,0,8.5,2,
aeqkad_poison,window,full,fidelity,False,True,16,poison,0.1,2,s022,8,7.999999999999999,2.33695652173913,2.0,35.5,66,55,46,0,6,9,0.92,9.50375939849624,61,4,0,0,2,2528,266,16,0,0,10.0,2,100.0
mm_poison,mm,full,fidelity,False,True,16,poison,0.1,0,s022,2,19.5,10.434782608695654,0.0,78.5,66,45,38,0,6,7,0.76,16.0,65,18,12,0,2,4256,266,16,1,16,92.5,0,
mm_poison,mm,full,fidelity,False,True,16,poison,0.1,0,s022,3,5.250000000000003,0.0,0.0,50.0,66,59,48,1,6,10,0.96,15.800751879699249,61,0,29,0,2,4203,266,16,1,1,40.3125,4,
mm_poison,mm,full,fidelity,False,True,16,poison,0.1,0,s022,4,5.750000000000003,0.0,4.0,41.0,66,50,48,1,6,1,0.96,15.552631578947368,58,8,38,0,0,4137,266,16,1,1,51.125,2,
mm_poison,mm,full,fidelity,False,True,16,poison,0.1,0,s022,5,9.0,0.0,6.0,30.0,66,42,42,0,6,0,0.84,15.61654135338346,48,3,23,0,3,4154,266,16,1,1,53.5,0,
mm_poison,mm,full,fidelity,False,True,16,poison,0.1,0,s022,6,1.5000000000000009,0.0,2.0,13.0,66,47,47,0,6,0,0.94,12.98872180451128,51,2,17,0,2,3455,266,16,1,1,61.375,0,
mm_poison,mm,full,fidelity,False,True,16,poison,0.1,0,s022,7,1.7500000000000009,0.0,0.0,11.0,66,49,49,0,6,0,0.98,14.830827067669173,51,1,0,0,1,3945,266,16,1,1,69.75,0,
mm_poison,mm,full,fidelity,False,True,16,poison,0.1,0,s022,8,2.750000000000001,0.0,2.0,19.5,66,47,47,0,6,0,0.94,12.289473684210526,50,1,35,0,2,3269,266,16,1,1,67.0,0,2.0
mm_poison,mm,full,fidelity,False,True,16,poison,0.1,1,s022,2,14.000000000000002,2.33695652173913,0.0,90.5,66,48,39,0,6,9,0.78,16.0,66,17,0,0,1,4256,266,16,1,15,88.9375,0,
mm_poison,mm,full,fidelity,False,True,16,poison,0.1,1,s022,3,3.7500000000000018,2.33695652173913,0.0,71.0,66,57,48,0,6,9,0.96,15.808270676691729,64,4,2,0,3,4205,266,16,1,1,40.5625,5,
mm_poison,mm,full,fidelity,False,True,16,poison,0.1,1,s022,4,4.000000000000002,0.0,2.0,55.00000000000001,66,48,48,0,6,0,0.96,15.578947368421051,61,12,0,0,1,4144,266,16,1,1,57.4375,1,
mm_poison,mm,full,fidelity,False,True,16,poison,0.1,1,s022,5,11.75,0.0,6.0,37.0,66,42,42,0,6,0,0.84,13.921052631578949,53,8,0,0,3,3703,266,16,1,1,47.25,0,
mm_poison,mm,full,fidelity,False,True,16,poison,0.1,1,s022,6,1.2500000000000009,0.0,2.0,24.0,66,47,47,0,6,0,0.94,13.18421052631579,51,2,0,0,2,3507,266,16,1,1,65.3125,0,
mm_poison,mm,full,fidelity,False,True,16,poison,0.1,1,s022,7,2.250000000000001,0.0,0.0,22.0,66,49,49,0,6,0,0.98,13.81578947368421,56,6,0,0,1,3675,266,16,1,1,68.625,0,
mm_poison,mm,full,fidelity,False,True,16,poison,0.1,1,s022,8,4.250000000000002,0.0,2.0,38.0,66,47,47,0,6,0,0.94,11.436090225563907,52,3,0,0,2,3042,266,16,1,1,72.9375,0,14.000000000000002
mm_poison,mm,full,fidelity,False,True,16,poison,0.1,2,s022,2,13.5,0.0,0.0,71.5,66,47,40,0,6,7,0.8,16.0,65,16,0,0,2,4256,266,16,1,16,92.3125,0,
mm_poison,mm,full,fidelity,False,True,16,poison,0.1,2,s022,3,0.5,0.0,0.0,42.5,66,57,48,0,6,9,0.96,15.402255639097744,63,4,0,0,2,4097,266,16,1,1,30.875,3,
mm_poison,mm,full,fidelity,False,True,16,poison,0.1,2,s022,4,4.250000000000003,0.0,4.0,26.5,66,55,45,0,6,10,0.9,15.890977443609025,60,3,0,0,2,4227,266,16,1,1,56.875,4,
mm_poison,mm,full,fidelity,False,True,16,poison,0.1,2,s022,5,9.749999999999998,6.847826086956524,8.0,27.500000000000004,66,54,42,2,6,10,0.84,14.458646616541351,58,2,0,0,2,3846,266,16,1,1,48.0,5,
mm_poison,mm,full,fidelity,False,True,16,poison,0.1,2,s022,6,5.750000000000003,0.0,2.0,43.5,66,59,48,1,6,10,0.96,14.81203007518797,62,2,0,0,1,3940,266,16,1,1,53.3125,5,
mm_poison,mm,full,fidelity,False,True,16,poison,0.1,2,s022,7,1.7500000000000009,0.0,0.0,31.0,66,59,50,0,6,9,1.0,14.552631578947368,64,5,0,0,0,3871,266,16,1,1,57.0625,3,
mm_poison,mm,full,fidelity,False,True,16,poison,0.1,2,s022,8,4.750000000000003,0.0,2.0,42.5,66,57,47,0,6,10,0.94,13.214285714285714,61,1,0,0,3,3515,266,16,1,1,65.1875,4,100.0
window_poison,window,none,fidelity,False,True,16,poison,0.1,0,s024,2,11.5,1.25,10.0,17.0,66,55,45,1,6,9,0.9,11.75563909774436,0,0,0,0,0,3127,266,16,0,0,9.625,1,
window_poison,window,none,fidelity,False,True,16,poison,0.1,0,s024,3,16.000000000000004,3.58695652173913,12.0,17.5,66,54,44,1,6,9,0.88,13.289473684210526,0,0,0,0,0,3535,266,16,0,0,7.875,3,
window_poison,window,none,fidelity,False,True,16,poison,0.1,0,s024,4,13.5,1.25,12.0,16.0,66,54,44,2,6,8,0.88,10.68421052631579,0,0,0,0,0,2842,266,16,0,0,8.5,5,
window_poison,window,none,fidelity,False,True,16,poison,0.1,0,s024,5,12.75,0.0,10.0,34.0,66,57,45,2,6,10,0.9,13.11654135338346,0,0,0,0,0,3489,266,16,0,0,9.9375,2,
window_poison,window,none,fidelity,False,True,16,poison,0.1,0,s024,6,14.250000000000002,3.423913043478259,12.0,22.5,66,49,44,0,6,5,0.88,10.759398496240602,0,0,0,0,0,2862,266,16,0,0,12.75,0,
window_poison,window,none,fidelity,False,True,16,poison,0.1,0,s024,7,13.750000000000002,2.33695652173913,8.0,24.0,66,55,46,3,6,6,0.92,12.206766917293232,0,0,0,0,0,3247,266,16,0,0,8.5,1,
window_poison,window,none,fidelity,False,True,16,poison,0.1,0,s024,8,10.249999999999998,2.33695652173913,6.0,18.0,66,54,47,1,6,6,0.94,11.338345864661656,0,0,0,0,0,3016,266,16,0,0,10.0,4,84.0
window_poison,window,none,fidelity,False,True,16,poison,0.1,1,s024,2,10.0,5.760869565217389,6.0,18.0,66,60,47,3,6,10,0.94,12.93984962406015,0,0,0,0,0,3442,266,16,0,0,7.5,4,
window_poison,window,none,fidelity,False,True,16,poison,0.1,1,s024,3,18.500000000000004,3.75,12.0,41.0,66,56,44,4,6,8,0.88,13.921052631578949,0,0,0,0,0,3703,266,16,0,0,7.75,4,
window_poison,window,none,fidelity,False,True,16,poison,0.1,1,s024,4,16.500000000000004,2.5,12.0,35.5,66,53,44,2,6,7,0.88,11.469924812030076,0,0,0,0,0,3051,266,16,0,0,10.0,2,
window_poison,window,none,fidelity,False,True,16,poison,0.1,1,s024,5,11.5,0.0,6.0,22.5,66,49,47,2,6,0,0.94,11.714285714285714,0,0,0,0,0,3116,266,16,0,0,12.875,1,
window_poison,window,none,fidelity,False,True,16,poison,0.1,1,s024,6,10.0,1.25,12.0,15.0,66,44,44,0,6,0,0.88,10.229323308270676,0,0,0,0,0,2721,266,16,0,0,11.0,0,
window_poison,window,none,fidelity,False,True,16,poison,0.1,1,s024,7,12.75,2.33695652173913,4.0,19.0,66,48,48,0,6,0,0.96,11.545112781954888,0,0,0,0,0,3071,266,16,0,0,10.375,0,
window_poison,window,none,fidelity,False,True,16,poison,0.1,1,s024,8,9.749999999999998,2.5,4.0,20.0,66,52,48,4,6,0,0.96,10.924812030075188,0,0,0,0,0,2906,266,16,0,0,10.75,2,2.0
window_poison,window,none,fidelity,False,True,16,poison,0.1,2,s024,2,10.249999999999998,5.760869565217389,6.0,21.0,66,57,47,0,6,10,0.94,12.56015037593985,0,0,0,0,0,3341,266,16,0,0,9.3125,3,
window_poison,window,none,fidelity,False,True,16,poison,0.1,2,s024,3,13.5,2.5,10.0,27.0,66,56,45,1,6,10,0.9,13.56766917293233,0,0,0,0,0,3609,266,16,0,0,7.5625,6,
window_poison,window,none,fidelity,False,True,16,poison,0.1,2,s024,4,11.75,4.67391304347826,14.000000000000002,21.5,66,53,43,1,6,9,0.86,11.789473684210526,0,0,0,0,0,3136,266,16,0,0,10.0625,5,
window_poison,window,none,fidelity,False,True,16,poison,0.1,2,s024,5,13.5,3.423913043478259,2.0,27.0,66,55,49,2,6,4,0.98,12.266917293233083,0,0,0,0,0,3263,266,16,0,0,8.3125,4,
window_poison,window,none,fidelity,False,True,16,poison,0.1,2,s024,6,14.750000000000002,0.0,10.0,26.5,66,53,45,3,6,5,0.9,12.015037593984962,0,0,0,0,0,3196,266,16,0,0,11.25,1,
window_poison,window,none,fidelity,False,True,16,poison,0.1,2,s024,7,10.5,2.33695652173913,4.0,29.5,66,53,48,2,6,3,0.96,12.048872180451127,0,0,0,0,0,3205,266,16,0,0,9.25,3,
window_poison,window,none,fidelity,False,True,16,poison,0.1,2,s024,8,10.249999999999998,1.25,2.0,21.0,66,52,49,1,6,2,0.98,11.015037593984962,0,0,0,0,0,2930,266,16,0,0,11.4375,0,20.0
aeqkad_poison,window,full,fidelity,False,True,16,poison,0.1,0,s024,2,11.249999999999998,2.33695652173913,10.0,14.499999999999998,66,47,40,0,6,7,0.8,11.390977443609025,55,7,0,0,1,3030,266,16,0,0,10.3125,0,
aeqkad_poison,window,full,fidelity,False,True,16,poison,0.1,0,s024,3,16.500000000000004,8.097826086956525,16.0,16.5,66,43,37,0,6,6,0.74,12.357142857142858,52,8,0,0,1,3287,266,16,0,0,8.375,3,
aeqkad_poison,window,full,fidelity,False,True,16,poison,0.1,0,s024,4,14.000000000000002,1.25,12.0,15.0,66,48,40,2,6,6,0.8,10.270676691729324,54,4,0,0,2,2732,266,16,0,0,12.625,3,
aeqkad_poison,window,full,fidelity,False,True,16,poison,0.1,0,s024,5,18.500000000000004,0.0,14.000000000000002,27.0,66,47,39,0,6,8,0.78,11.88345864661654,54,7,0,0,0,3161,266,16,0,0,10.0625,2,
aeqkad_poison,window,full,fidelity,False,True,16,poison,0.1,0,s024,6,16.500000000000004,0.0,14.000000000000002,17.5,66,40,39,0,6,1,0.78,9.518796992481205,48,5,0,0,3,2532,266,16,0,0,13.875,0,
aeqkad_poison,window,full,fidelity,False,True,16,poison,0.1,0,s024,7,12.0,0.0,6.0,16.0,66,45,43,0,6,2,0.86,10.909774436090226,54,8,0,0,1,2902,266,16,0,0,9.125,1,
aeqkad_poison,window,full,fidelity,False,True,16,poison,0.1,0,s024,8,9.749999999999998,1.25,6.0,12.5,66,41,40,0,6,1,0.8,9.894736842105264,54,13,0,0,0,2632,266,16,0,0,14.75,1,62.0
aeqkad_poison,window,full,fidelity,False,True,16,poison,0.1,1,s024,2,9.749999999999998,5.760869565217389,8.0,14.000000000000002,66,46,40,2,6,4,0.8,11.37593984962406,58,10,0,0,2,3026,266,16,0,0,8.5,2,
aeqkad_poison,window,full,fidelity,False,True,16,poison,0.1,1,s024,3,14.000000000000002,2.5,12.0,16.0,66,37,36,1,6,0,0.72,11.740601503759398,52,15,0,0,0,3123,266,16,0,0,11.375,0,
aeqkad_poison,window,full,fidelity,False,True,16,poison,0.1,1,s024,4,14.250000000000002,2.5,12.0,15.0,66,40,40,0,6,0,0.8,9.022556390977444,45,5,0,0,0,2400,266,16,0,0,12.8125,0,
aeqkad_poison,window,full,fidelity,False,True,16,poison,0.1,1,s024,5,10.0,2.33695652173913,10.0,10.5,66,40,39,1,6,0,0.78,10.612781954887218,46,6,0,0,0,2823,266,16,0,0,15.75,0,
aeqkad_poison,window,full,fidelity,False,True,16,poison,0.1,1,s024,6,12.0,1.25,14.000000000000002,8.5,66,39,39,0,6,0,0.78,9.357142857142858,43,4,0,0,0,2489,266,16,0,0,12.0625,0,
aeqkad_poison,window,full,fidelity,False,True,16,poison,0.1,1,s024,7,11.5,2.33695652173913,4.0,16.5,66,41,41,0,6,0,0.82,10.236842105263158,48,6,0,0,1,2723,266,16,0,0,12.3125,0,
aeqkad_poison,window,full,fidelity,False,True,16,poison,0.1,1,s024,8,12.25,5.760869565217389,4.0,18.5,66,39,39,0,6,0,0.78,9.38345864661654,50,11,0,0,0,2496,266,16,0,0,16.6875,0,2.0
aeqkad_poison,window,full,fidelity,False,True,16,poison,0.1,2,s024,2,11.5,6.847826086956524,6.0,20.0,66,48,41,0,6,7,0.82,12.180451127819548,56,8,0,0,0,3240,266,16,0,0,10.4375,2,
aeqkad_poison,window,full,fidelity,False,True,16,poison,0.1,2,s024,3,14.500000000000002,2.5,10.0,22.0,66,48,39,1,6,8,0.78,12.586466165413531,56,8,1,0,0,3348,266,16,0,0,8.625,5,
aeqkad_poison,window,full,fidelity,False,True,16,poison,0.1,2,s024,4,14.000000000000002,2.33695652173913,12.0,17.0,66,47,43,0,6,4,0.86,10.992481203007518,52,4,0,0,1,2924,266,16,0,0,14.0625,0,
aeqkad_poison,window,full,fidelity,False,True,16,poison,0.1,2,s024,5,14.500000000000002,1.25,14.000000000000002,14.499999999999998,66,41,40,0,6,1,0.8,10.406015037593985,48,6,1,0,1,2768,266,16,0,0,13.8125,1,
aeqkad_poison,window,full,fidelity,False,True,16,poison,0.1,2,s024,6,10.0,2.33695652173913,10.0,12.0,66,44,42,0,6,2,0.84,10.462406015037594,51,5,3,0,2,2783,266,16,0,0,11.6875,0,
aeqkad_poison,window,full,fidelity,False,True,16,poison,0.1,2,s024,7,10.75,2.33695652173913,4.0,20.0,66,44,44,0,6,0,0.88,10.838345864661656,50,6,0,0,0,2883,266,16,0,0,11.75,0,
aeqkad_poison,window,full,fidelity,False,True,16,poison,0.1,2,s024,8,9.499999999999998,1.25,2.0,15.0,66,42,41,1,6,0,0.82,9.428571428571429,52,10,0,0,0,2508,266,16,0,0,14.1875,0,12.0
mm_poison,mm,full,fidelity,False,True,16,poison,0.1,0,s024,2,6.250000000000003,2.5,2.0,34.0,66,54,47,0,6,7,0.94,16.0,60,4,2,0,2,4256,266,16,1,13,77.3125,0,
mm_poison,mm,full,fidelity,False,True,16,poison,0.1,0,s024,3,14.000000000000002,8.097826086956525,12.0,24.5,66,48,41,1,6,6,0.82,15.733082706766917,56,5,0,0,3,4185,266,16,1,1,32.25,4,
mm_poison,mm,full,fidelity,False,True,16,poison,0.1,0,s024,4,12.75,1.25,10.0,32.5,66,52,43,2,6,7,0.86,16.0,56,2,1,0,2,4256,266,16,1,1,78.375,3,
mm_poison,mm,full,fidelity,False,True,16,poison,0.1,0,s024,5,12.0,0.0,4.0,40.0,66,55,45,1,6,9,0.9,15.740601503759398,59,4,1,0,0,4187,266,16,1,1,54.6875,6,
mm_poison,mm,full,fidelity,False,True,16,poison,0.1,0,s024,6,16.000000000000004,7.01086956521739,8.0,45.5,66,50,44,0,6,6,0.88,16.0,58,6,0,0,2,4256,266,16,1,1,61.375,5,
mm_poison,mm,full,fidelity,False,True,16,poison,0.1,0,s024,7,15.750000000000004,4.83695652173913,4.0,39.0,66,51,43,2,6,6,0.86,15.88345864661654,60,7,0,0,2,4225,266,16,1,1,69.25,5,
mm_poison,mm,full,fidelity,False,True,16,poison,0.1,0,s024,8,18.250000000000004,2.5,0.0,35.0,66,52,43,1,6,8,0.86,15.308270676691729,61,8,4,0,1,4072,266,16,1,1,75.5,5,98.0
mm_poison,mm,full,fidelity,False,True,16,poison,0.1,1,s024,2,6.500000000000003,1.25,2.0,51.0,66,53,44,2,6,7,0.88,16.0,63,8,0,0,2,4256,266,16,1,15,88.125,0,
mm_poison,mm,full,fidelity,False,True,16,poison,0.1,1,s024,3,11.75,3.58695652173913,8.0,36.0,66,39,38,1,6,0,0.76,15.349624060150376,56,16,0,0,1,4083,266,16,1,1,40.1875,0,
mm_poison,mm,full,fidelity,False,True,16,poison,0.1,1,s024,4,11.5,2.5,10.0,24.0,66,42,42,0,6,0,0.84,15.778195488721805,47,5,0,0,0,4197,266,16,1,1,77.9375,0,
mm_poison,mm,full,fidelity,False,True,16,poison,0.1,1,s024,5,7.749999999999998,0.0,2.0,25.0,66,45,44,1,6,0,0.88,16.0,53,7,0,0,1,4256,266,16,1,1,61.875,0,
mm_poison,mm,full,fidelity,False,True,16,poison,0.1,1,s024,6,11.0,1.25,12.0,24.0,66,41,41,0,6,0,0.82,15.342105263157896,46,5,0,0,0,4081,266,16,1,1,72.5625,0,
mm_poison,mm,full,fidelity,False,True,16,poison,0.1,1,s024,7,9.499999999999998,2.33695652173913,4.0,27.0,66,42,42,0,6,0,0.84,13.981203007518795,49,6,0,0,1,3719,266,16,1,1,66.875,0,
mm_poison,mm,full,fidelity,False,True,16,poison,0.1,1,s024,8,12.0,1.25,0.0,34.0,66,43,42,1,6,0,0.84,15.657894736842104,52,9,0,0,0,4165,266,16,1,1,76.4375,1,14.000000000000002
mm_poison,mm,full,fidelity,False,True,16,poison,0.1,2,s024,2,7.999999999999999,6.847826086956524,2.0,48.5,66,57,47,0,6,10,0.94,16.0,61,4,8,0,0,4256,266,16,1,11,66.6875,2,
mm_poison,mm,full,fidelity,False,True,16,poison,0.1,2,s024,3,14.500000000000002,3.58695652173913,8.0,34.5,66,52,41,1,6,10,0.82,15.977443609022556,59,6,4,0,1,4250,266,16,1,1,45.625,4,
mm_poison,mm,full,fidelity,False,True,16,poison,0.1,2,s024,4,11.0,1.25,10.0,34.0,66,49,44,0,6,5,0.88,15.921052631578949,56,3,4,0,4,4235,266,16,1,1,62.25,5,
mm_poison,mm,full,fidelity,False,True,16,poison,0.1,2,s024,5,10.249999999999998,0.0,4.0,30.0,66,45,44,0,6,1,0.88,16.0,58,9,5,0,4,4256,266,16,1,1,64.9375,2,
mm_poison,mm,full,fidelity,False,True,16,poison,0.1,2,s024,6,11.249999999999998,0.0,10.0,25.0,66,46,42,0,6,4,0.84,15.447368421052632,54,6,6,0,2,4109,266,16,1,1,49.4375,3,
mm_poison,mm,full,fidelity,False,True,16,poison,0.1,2,s024,7,11.0,0.0,4.0,43.0,66,44,44,0,6,0,0.88,15.763157894736842,53,8,4,0,1,4193,266,16,1,1,83.8125,3,
mm_poison,mm,full,fidelity,False,True,16,poison,0.1,2,s024,8,11.75,2.33695652173913,0.0,33.5,66,44,43,1,6,0,0.86,15.590225563909774,57,9,8,0,4,4147,266,16,1,1,78.3125,1,20.0
window_poison,window,none,fidelity,False,True,16,poison,0.1,0,s025,2,13.750000000000002,0.0,8.0,30.0,66,58,46,2,6,10,0.92,14.12781954887218,0,0,0,0,0,3758,266,16,0,0,8.375,4,
window_poison,window,none,fidelity,False,True,16,poison,0.1,0,s025,3,8.499999999999998,2.33695652173913,6.0,20.5,66,59,47,2,6,10,0.94,11.203007518796992,0,0,0,0,0,2980,266,16,0,0,7.5,5,
window_poison,window,none,fidelity,False,True,16,poison,0.1,0,s025,4,16.250000000000004,0.0,16.0,19.5,66,53,42,1,6,10,0.84,11.484962406015038,0,0,0,0,0,3055,266,16,0,0,8.75,3,
window_poison,window,none,fidelity,False,True,16,poison,0.1,0,s025,5,15.500000000000004,5.760869565217389,14.000000000000002,28.000000000000004,66,58,43,5,6,10,0.86,13.25187969924812,0,0,0,0,0,3525,266,16,0,0,9.0625,4,
window_poison,window,none,fidelity,False,True,16,poison,0.1,0,s025,6,18.000000000000004,1.0869565217391297,10.0,35.0,66,56,45,2,6,9,0.9,12.048872180451127,0,0,0,0,0,3205,266,16,0,0,9.1875,2,
window_poison,window,none,fidelity,False,True,16,poison,0.1,0,s025,7,8.249999999999998,0.0,8.0,30.5,66,56,46,2,6,8,0.92,11.101503759398495,0,0,0,0,0,2953,266,16,0,0,8.625,0,
window_poison,window,none,fidelity,False,True,16,poison,0.1,0,s025,8,19.5,0.0,18.0,20.5,66,48,41,1,6,6,0.82,9.409774436090226,0,0,0,0,0,2503,266,16,0,0,18.3125,1,66.0
window_poison,window,none,fidelity,False,True,16,poison,0.1,1,s025,2,15.250000000000002,0.0,6.0,32.0,66,59,47,2,6,10,0.94,14.38345864661654,0,0,0,0,0,3826,266,16,0,0,8.625,5,
window_poison,window,none,fidelity,False,True,16,poison,0.1,1,s025,3,11.249999999999998,1.0869565217391297,6.0,23.5,66,56,47,0,6,9,0.94,11.364661654135338,0,0,0,0,0,3023,266,16,0,0,9.25,4,
window_poison,window,none,fidelity,False,True,16,poison,0.1,1,s025,4,16.250000000000004,0.0,16.0,20.5,66,52,42,0,6,10,0.84,11.345864661654137,0,0,0,0,0,3018,266,16,0,0,8.5625,4,
window_poison,window,none,fidelity,False,True,16,poison,0.1,1,s025,5,12.75,0.0,14.000000000000002,28.000000000000004,66,54,43,2,6,9,0.86,13.62781954887218,0,0,0,0,0,3625,266,16,0,0,9.4375,2,
window_poison,window,none,fidelity,False,True,16,poison,0.1,1,s025,6,12.0,1.0869565217391297,8.0,27.0,66,57,46,3,6,8,0.92,12.026315789473683,0,0,0,0,0,3199,266,16,0,0,8.0,3,
window_poison,window,none,fidelity,False,True,16,poison,0.1,1,s025,7,12.5,0.0,6.0,20.0,66,47,47,0,6,0,0.94,9.80451127819549,0,0,0,0,0,2608,266,16,0,0,11.75,0,
window_poison,window,none,fidelity,False,True,16,poison,0.1,1,s025,8,21.000000000000004,1.25,16.0,25.0,66,45,42,3,6,0,0.84,9.285714285714286,0,0,0,0,0,2470,266,16,0,0,16.8125,2,4.0
window_poison,window,none,fidelity,False,True,16,poison,0.1,2,s025,2,14.500000000000002,0.0,8.0,26.5,66,56,46,2,6,8,0.92,13.75187969924812,0,0,0,0,0,3658,266,16,0,0,8.6875,3,
window_poison,window,none,fidelity,False,True,16,poison,0.1,2,s025,3,12.0,2.33695652173913,4.0,27.500000000000004,66,60,48,3,6,9,0.96,11.526315789473683,0,0,0,0,0,3066,266,16,0,0,7.5,5,
window_poison,window,none,fidelity,False,True,16,poison,0.1,2,s025,4,19.000000000000004,0.0,12.0,25.0,66,55,44,1,6,10,0.88,11.428571428571429,0,0,0,0,0,3040,266,16,0,0,8.375,3,
window_poison,window,none,fidelity,False,True,16,poison,0.1,2,s025,5,15.750000000000004,1.25,10.0,29.0,66,56,45,1,6,10,0.9,13.06766917293233,0,0,0,0,0,3476,266,16,0,0,9.3125,4,
window_poison,window,none,fidelity,False,True,16,poison,0.1,2,s025,6,12.5,2.33695652173913,12.0,24.0,66,53,44,0,6,9,0.88,11.12406015037594,0,0,0,0,0,2959,266,16,0,0,10.25,1,
window_poison,window,none,fidelity,False,True,16,poison,0.1,2,s025,7,16.0,0.0,6.0,40.0,66,59,47,3,6,9,0.94,11.037593984962406,0,0,0,0,0,2936,266,16,0,0,8.3125,4,
window_poison,window,none,fidelity,False,True,16,poison,0.1,2,s025,8,20.75,0.0,18.0,21.0,66,46,41,2,6,3,0.82,9.725563909774436,0,0,0,0,0,2587,266,16,0,0,17.6875,3,54.0
aeqkad_poison,window,full,fidelity,False,True,16,poison,0.1,0,s025,2,13.5,1.25,8.0,23.5,66,45,38,0,6,7,0.76,13.56015037593985,57,10,8,0,2,3607,266,16,0,0,12.4375,2,
aeqkad_poison,window,full,fidelity,False,True,16,poison,0.1,0,s025,3,8.749999999999998,2.33695652173913,8.0,22.5,66,55,45,1,6,9,0.9,10.18421052631579,58,3,14,0,0,2709,266,16,0,0,8.125,4,
aeqkad_poison,window,full,fidelity,False,True,16,poison,0.1,0,s025,4,16.250000000000004,1.0869565217391297,16.0,17.5,66,49,39,1,6,9,0.78,10.921052631578949,53,4,11,0,0,2905,266,16,0,0,10.5625,3,
aeqkad_poison,window,full,fidelity,False,True,16,poison,0.1,0,s025,5,19.000000000000004,2.33695652173913,14.000000000000002,24.5,66,48,38,1,6,9,0.76,12.522556390977444,56,8,13,0,0,3331,266,16,0,0,11.1875,2,
aeqkad_poison,window,full,fidelity,False,True,16,poison,0.1,0,s025,6,15.500000000000004,3.423913043478259,12.0,20.0,66,42,40,0,6,2,0.8,9.545112781954888,51,8,1,0,1,2539,266,16,0,0,11.25,1,
aeqkad_poison,window,full,fidelity,False,True,16,poison,0.1,0,s025,7,13.5,0.0,8.0,22.5,66,46,43,0,6,3,0.86,8.958646616541353,54,4,7,0,4,2383,266,16,0,0,8.625,0,
aeqkad_poison,window,full,fidelity,False,True,16,poison,0.1,0,s025,8,19.5,0.0,18.0,19.5,66,42,41,0,6,1,0.82,8.552631578947368,49,6,17,0,1,2275,266,16,0,0,20.0625,0,52.0
aeqkad_poison,window,full,fidelity,False,True,16,poison,0.1,1,s025,2,12.75,0.0,6.0,27.0,66,48,38,0,6,10,0.76,13.210526315789474,59,10,3,0,1,3514,266,16,0,0,10.625,5,
aeqkad_poison,window,full,fidelity,False,True,16,poison,0.1,1,s025,3,11.249999999999998,2.33695652173913,8.0,21.0,66,54,45,0,6,9,0.9,10.710526315789474,55,1,5,0,0,2849,266,16,0,0,9.25,4,
aeqkad_poison,window,full,fidelity,False,True,16,poison,0.1,1,s025,4,15.500000000000004,0.0,16.0,18.0,66,48,40,0,6,8,0.8,10.936090225563907,52,4,2,0,0,2909,266,16,0,0,10.5625,4,
aeqkad_poison,window,full,fidelity,False,True,16,poison,0.1,1,s025,5,12.5,0.0,14.000000000000002,25.0,66,49,41,0,6,8,0.82,12.973684210526317,54,5,1,0,0,3451,266,16,0,0,10.75,1,
aeqkad_poison,window,full,fidelity,False,True,16,poison,0.1,1,s025,6,9.749999999999998,1.0869565217391297,8.0,19.5,66,44,41,1,6,2,0.82,9.823308270676693,55,10,4,0,1,2613,266,16,0,0,11.125,1,
aeqkad_poison,window,full,fidelity,False,True,16,poison,0.1,1,s025,7,11.249999999999998,0.0,6.0,15.0,66,43,43,0,6,0,0.86,8.714285714285714,47,2,1,0,2,2318,266,16,0,0,11.75,0,
aeqkad_poison,window,full,fidelity,False,True,16,poison,0.1,1,s025,8,16.500000000000004,1.25,16.0,18.5,66,41,41,0,6,0,0.82,8.43233082706767,44,3,8,0,0,2243,266,16,0,0,19.625,0,0.0
aeqkad_poison,window,full,fidelity,False,True,16,poison,0.1,2,s025,2,16.000000000000004,0.0,10.0,23.5,66,45,39,0,6,6,0.78,12.951127819548873,55,7,40,0,3,3445,266,16,0,0,12.8125,1,
aeqkad_poison,window,full,fidelity,False,True,16,poison,0.1,2,s025,3,7.749999999999998,2.33695652173913,8.0,16.0,66,54,46,0,6,8,0.92,10.086466165413531,57,2,46,0,1,2683,266,16,0,0,8.6875,3,
aeqkad_poison,window,full,fidelity,False,True,16,poison,0.1,2,s025,4,18.500000000000004,0.0,16.0,21.5,66,48,39,1,6,8,0.78,10.484962406015038,53,4,36,0,1,2789,266,16,0,0,11.375,4,
aeqkad_poison,window,full,fidelity,False,True,16,poison,0.1,2,s025,5,20.75,1.25,14.000000000000002,29.0,66,48,38,1,6,9,0.76,11.864661654135338,54,5,32,0,1,3156,266,16,0,0,11.875,3,
aeqkad_poison,window,full,fidelity,False,True,16,poison,0.1,2,s025,6,13.750000000000002,2.33695652173913,12.0,21.0,66,49,42,0,6,7,0.84,10.81578947368421,53,3,39,0,1,2877,266,16,0,0,11.3125,1,
aeqkad_poison,window,full,fidelity,False,True,16,poison,0.1,2,s025,7,10.499999999999998,0.0,6.0,17.5,66,45,43,0,6,2,0.86,9.06766917293233,54,5,31,0,4,2412,266,16,0,0,9.875,0,
aeqkad_poison,window,full,fidelity,False,True,16,poison,0.1,2,s025,8,19.5,0.0,18.0,16.0,66,44,41,1,6,2,0.82,9.270676691729324,45,1,37,0,0,2466,266,16,0,0,17.6875,3,56.00000000000001
mm_poison,mm,full,fidelity,False,True,16,poison,0.1,0,s025,2,12.0,0.0,4.0,53.0,66,50,42,0,6,8,0.84,16.0,63,8,20,0,5,4256,266,16,1,16,94.5625,0,
mm_poison,mm,full,fidelity,False,True,16,poison,0.1,0,s025,3,7.749999999999998,2.33695652173913,2.0,34.0,66,57,46,1,6,10,0.92,14.721804511278195,62,4,30,0,1,3916,266,16,1,1,39.4375,4,
mm_poison,mm,full,fidelity,False,True,16,poison,0.1,0,s025,4,17.000000000000004,4.67391304347826,14.000000000000002,31.5,66,49,38,1,6,10,0.76,16.0,57,7,20,0,1,4256,266,16,1,1,56.5625,7,
mm_poison,mm,full,fidelity,False,True,16,poison,0.1,0,s025,5,17.250000000000004,4.67391304347826,12.0,36.0,66,52,41,1,6,10,0.82,15.522556390977444,58,4,21,0,2,4129,266,16,1,1,58.9375,7,
mm_poison,mm,full,fidelity,False,True,16,poison,0.1,0,s025,6,13.5,4.67391304347826,10.0,37.0,66,53,43,0,6,10,0.86,15.894736842105264,56,3,19,0,0,4228,266,16,1,1,67.8125,6,
mm_poison,mm,full,fidelity,False,True,16,poison,0.1,0,s025,7,8.749999999999998,2.33695652173913,6.0,49.0,66,53,46,1,6,6,0.92,15.285714285714286,60,4,34,0,3,4066,266,16,1,1,59.3125,5,
mm_poison,mm,full,fidelity,False,True,16,poison,0.1,0,s025,8,20.5,8.097826086956525,14.000000000000002,46.0,66,44,41,1,6,2,0.82,15.150375939849624,53,4,34,0,5,4030,266,16,1,1,89.6875,6,78.0
mm_poison,mm,full,fidelity,False,True,16,poison,0.1,1,s025,2,15.000000000000002,0.0,4.0,57.49999999999999,66,53,42,1,6,10,0.84,15.973684210526317,61,4,5,0,4,4249,266,16,1,13,71.875,2,
mm_poison,mm,full,fidelity,False,True,16,poison,0.1,1,s025,3,6.250000000000003,0.0,2.0,39.0,66,54,45,0,6,9,0.9,15.289473684210526,60,4,10,0,2,4067,266,16,1,1,38.875,6,
mm_poison,mm,full,fidelity,False,True,16,poison,0.1,1,s025,4,11.0,0.0,8.0,27.500000000000004,66,49,41,0,6,8,0.82,15.774436090225564,58,7,17,0,2,4196,266,16,1,1,60.875,2,
mm_poison,mm,full,fidelity,False,True,16,poison,0.1,1,s025,5,11.75,0.0,8.0,32.5,66,50,42,0,6,8,0.84,15.917293233082706,58,6,10,0,2,4234,266,16,1,1,60.0625,2,
mm_poison,mm,full,fidelity,False,True,16,poison,0.1,1,s025,6,10.5,2.33695652173913,8.0,28.5,66,48,41,1,6,6,0.82,15.12781954887218,58,8,8,0,2,4024,266,16,1,1,73.5625,5,
mm_poison,mm,full,fidelity,False,True,16,poison,0.1,1,s025,7,7.999999999999999,0.0,6.0,29.0,66,46,46,0,6,0,0.92,14.477443609022556,54,3,7,0,5,3851,266,16,1,1,67.5625,2,
mm_poison,mm,full,fidelity,False,True,16,poison,0.1,1,s025,8,18.500000000000004,8.097826086956525,14.000000000000002,38.5,66,44,41,1,6,2,0.82,15.078947368421051,53,7,18,0,2,4011,266,16,1,1,73.25,2,82.0
mm_poison,mm,full,fidelity,False,True,16,poison,0.1,2,s025,2,11.75,0.0,4.0,50.5,66,47,40,0,6,7,0.8,16.0,61,4,48,0,10,4256,266,16,1,15,88.75,0,
mm_poison,mm,full,fidelity,False,True,16,poison,0.1,2,s025,3,7.499999999999998,0.0,0.0,31.5,66,53,45,0,6,8,0.9,14.30451127819549,61,4,52,0,4,3805,266,16,1,1,39.5625,3,
mm_poison,mm,full,fidelity,False,True,16,poison,0.1,2,s025,4,20.75,2.33695652173913,12.0,35.5,66,48,38,1,6,9,0.76,14.112781954887218,55,6,44,0,1,3754,266,16,1,1,59.3125,2,
mm_poison,mm,full,fidelity,False,True,16,poison,0.1,2,s025,5,16.500000000000004,1.0869565217391297,10.0,39.0,66,49,39,1,6,9,0.78,15.729323308270676,56,3,43,0,4,4184,266,16,1,1,69.125,4,
mm_poison,mm,full,fidelity,False,True,16,poison,0.1,2,s025,6,15.500000000000004,2.33695652173913,4.0,36.5,66,49,42,0,6,7,0.84,15.556390977443607,59,5,47,0,5,4138,266,16,1,1,72.375,4,
mm_poison,mm,full,fidelity,False,True,16,poison,0.1,2,s025,7,11.5,0.0,6.0,33.5,66,52,44,1,6,7,0.88,14.424812030075188,58,3,45,0,3,3837,266,16,1,1,56.125,5,
mm_poison,mm,full,fidelity,False,True,16,poison,0.1,2,s025,8,17.000000000000004,10.597826086956523,14.000000000000002,39.0,66,45,41,1,6,3,0.82,15.699248120300751,53,4,42,0,4,4176,266,16,1,1,84.5625,5,88.0
window_poison,window,none,fidelity,False,True,16,poison,0.1,0,s026,2,23.5,8.097826086956525,20.0,30.0,66,52,40,2,6,10,0.8,14.43233082706767,0,0,0,0,0,3839,266,16,0,0,8.4375,4,
window_poison,window,none,fidelity,False,True,16,poison,0.1,0,s026,3,19.75,12.771739130434783,14.000000000000002,27.0,66,54,43,2,6,9,0.86,13.962406015037594,0,0,0,0,0,3714,266,16,0,0,9.75,5,
window_poison,window,none,fidelity,False,True,16,poison,0.1,0,s026,4,18.500000000000004,2.33695652173913,16.0,25.5,66,50,42,2,6,6,0.84,13.172932330827068,0,0,0,0,0,3504,266,16,0,0,9.5625,3,
window_poison,window,none,fidelity,False,True,16,poison,0.1,0,s026,5,21.25,3.58695652173913,14.000000000000002,31.5,66,52,43,1,6,8,0.86,13.669172932330827,0,0,0,0,0,3636,266,16,0,0,12.4375,2,
window_poison,window,none,fidelity,False,True,16,poison,0.1,0,s026,6,19.75,8.097826086956525,14.000000000000002,30.5,66,52,43,1,6,8,0.86,14.19548872180451,0,0,0,0,0,3776,266,16,0,0,10.75,1,
window_poison,window,none,fidelity,False,True,16,poison,0.1,0,s026,7,14.750000000000002,4.67391304347826,12.0,31.5,66,52,44,2,6,6,0.88,13.454887218045112,0,0,0,0,0,3579,266,16,0,0,10.125,2,
window_poison,window,none,fidelity,False,True,16,poison,0.1,0,s026,8,22.25,12.608695652173912,16.0,28.5,66,50,42,3,6,5,0.84,14.834586466165414,0,0,0,0,0,3946,266,16,0,0,8.5,1,16.0
window_poison,window,none,fidelity,False,True,16,poison,0.1,1,s026,2,23.25,10.434782608695654,20.0,34.5,66,49,40,1,6,8,0.8,14.537593984962406,0,0,0,0,0,3867,266,16,0,0,10.375,0,
window_poison,window,none,fidelity,False,True,16,poison,0.1,1,s026,3,18.000000000000004,8.097826086956525,14.000000000000002,23.5,66,51,43,0,6,8,0.86,13.443609022556393,0,0,0,0,0,3576,266,16,0,0,12.5,3,
window_poison,window,none,fidelity,False,True,16,poison,0.1,1,s026,4,21.25,7.01086956521739,16.0,36.0,66,49,42,3,6,4,0.84,12.612781954887218,0,0,0,0,0,3355,266,16,0,0,13.875,1,
window_poison,window,none,fidelity,False,True,16,poison,0.1,1,s026,5,20.0,1.25,16.0,33.0,66,50,42,3,6,5,0.84,13.50375939849624,0,0,0,0,0,3592,266,16,0,0,13.1875,3,
window_poison,window,none,fidelity,False,True,16,poison,0.1,1,s026,6,20.0,4.67391304347826,12.0,38.0,66,51,44,3,6,4,0.88,13.849624060150376,0,0,0,0,0,3684,266,16,0,0,11.0625,3,
window_poison,window,none,fidelity,False,True,16,poison,0.1,1,s026,7,16.000000000000004,2.33695652173913,10.0,35.5,66,46,45,1,6,0,0.9,13.270676691729324,0,0,0,0,0,3530,266,16,0,0,9.8125,0,
window_poison,window,none,fidelity,False,True,16,poison,0.1,1,s026,8,21.25,10.434782608695654,18.0,29.5,66,45,41,2,6,2,0.82,14.334586466165414,0,0,0,0,0,3813,266,16,0,0,9.1875,1,12.0
window_poison,window,none,fidelity,False,True,16,poison,0.1,2,s026,2,22.5,12.771739130434783,14.000000000000002,36.0,66,56,43,3,6,10,0.86,14.838345864661656,0,0,0,0,0,3947,266,16,0,0,7.5,4,
window_poison,window,none,fidelity,False,True,16,poison,0.1,2,s026,3,19.000000000000004,10.434782608695654,14.000000000000002,25.5,66,52,43,2,6,7,0.86,13.729323308270676,0,0,0,0,0,3652,266,16,0,0,11.1875,2,
window_poison,window,none,fidelity,False,True,16,poison,0.1,2,s026,4,19.75,9.347826086956523,16.0,26.0,66,47,42,2,6,3,0.84,12.725563909774436,0,0,0,0,0,3385,266,16,0,0,10.25,2,
window_poison,window,none,fidelity,False,True,16,poison,0.1,2,s026,5,21.5,4.67391304347826,16.0,38.5,66,51,42,2,6,7,0.84,13.710526315789474,0,0,0,0,0,3647,266,16,0,0,11.375,4,
window_poison,window,none,fidelity,False,True,16,poison,0.1,2,s026,6,16.250000000000004,8.097826086956525,14.000000000000002,33.5,66,54,43,2,6,9,0.86,14.161654135338344,0,0,0,0,0,3767,266,16,0,0,12.5625,3,
window_poison,window,none,fidelity,False,True,16,poison,0.1,2,s026,7,19.25,1.0869565217391297,8.0,37.0,66,54,46,2,6,6,0.92,13.51127819548872,0,0,0,0,0,3594,266,16,0,0,8.375,3,
window_poison,window,none,fidelity,False,True,16,poison,0.1,2,s026,8,21.5,8.097826086956525,16.0,34.0,66,52,42,2,6,8,0.84,14.522556390977444,0,0,0,0,0,3863,266,16,0,0,10.3125,3,48.0
aeqkad_poison,window,full,fidelity,False,True,16,poison,0.1,0,s026,2,27.750000000000004,8.097826086956525,26.0,28.5,66,40,31,0,6,9,0.62,13.909774436090226,49,9,11,0,0,3700,266,16,0,0,11.5,3,
aeqkad_poison,window,full,fidelity,False,True,16,poison,0.1,0,s026,3,25.5,6.08695652173913,22.0,27.0,66,41,33,0,6,8,0.66,13.387218045112782,50,8,9,0,1,3561,266,16,0,0,11.625,3,
aeqkad_poison,window,full,fidelity,False,True,16,poison,0.1,0,s026,4,18.000000000000004,4.67391304347826,16.0,20.5,66,45,41,0,6,4,0.82,12.605263157894736,51,6,8,0,0,3353,266,16,0,0,10.8125,2,
aeqkad_poison,window,full,fidelity,False,True,16,poison,0.1,0,s026,5,21.75,4.67391304347826,16.0,32.0,66,46,38,1,6,7,0.76,12.556390977443607,51,4,9,0,1,3340,266,16,0,0,12.4375,2,
aeqkad_poison,window,full,fidelity,False,True,16,poison,0.1,0,s026,6,19.5,10.434782608695654,14.000000000000002,30.5,66,48,40,1,6,7,0.8,14.146616541353383,52,4,6,0,0,3763,266,16,0,0,10.75,1,
aeqkad_poison,window,full,fidelity,False,True,16,poison,0.1,0,s026,7,19.5,5.760869565217389,14.000000000000002,22.5,66,38,38,0,6,0,0.76,11.857142857142858,47,9,3,0,0,3154,266,16,0,0,14.6875,0,
aeqkad_poison,window,full,fidelity,False,True,16,poison,0.1,0,s026,8,22.75,15.108695652173914,22.0,23.5,66,35,33,1,6,1,0.66,13.74436090225564,44,9,4,0,0,3656,266,16,0,0,9.4375,0,18.0
aeqkad_poison,window,full,fidelity,False,True,16,poison,0.1,1,s026,2,26.5,11.684782608695654,18.0,32.0,66,40,33,1,6,6,0.66,14.203007518796992,50,10,0,0,0,3778,266,16,0,0,13.25,0,
aeqkad_poison,window,full,fidelity,False,True,16,poison,0.1,1,s026,3,20.25,12.771739130434783,22.0,18.5,66,35,30,0,6,5,0.6,12.928571428571429,47,12,0,0,0,3439,266,16,0,0,13.6875,2,
aeqkad_poison,window,full,fidelity,False,True,16,poison,0.1,1,s026,4,22.0,5.760869565217389,20.0,29.5,66,39,36,1,6,2,0.72,12.06766917293233,46,7,0,0,0,3210,266,16,0,0,15.6875,1,
aeqkad_poison,window,full,fidelity,False,True,16,poison,0.1,1,s026,5,15.250000000000002,0.0,16.0,22.5,66,37,34,1,6,2,0.68,11.556390977443607,48,9,0,0,2,3074,266,16,0,0,16.0,0,
aeqkad_poison,window,full,fidelity,False,True,16,poison,0.1,1,s026,6,19.5,5.923913043478259,14.000000000000002,34.5,66,42,39,1,6,2,0.78,13.007518796992482,48,6,0,0,0,3460,266,16,0,0,14.125,1,
aeqkad_poison,window,full,fidelity,False,True,16,poison,0.1,1,s026,7,21.75,7.01086956521739,10.0,31.0,66,39,38,1,6,0,0.76,12.274436090225564,47,8,0,0,0,3265,266,16,0,0,11.5625,0,
aeqkad_poison,window,full,fidelity,False,True,16,poison,0.1,1,s026,8,26.5,17.445652173913043,26.0,27.0,66,31,30,0,6,1,0.6,13.285714285714286,40,8,0,0,1,3534,266,16,0,0,11.3125,1,8.0
aeqkad_poison,window,full,fidelity,False,True,16,poison,0.1,2,s026,2,24.0,12.771739130434783,16.0,32.0,66,45,36,0,6,9,0.72,14.24812030075188,55,10,19,0,0,3790,266,16,0,0,8.125,3,
aeqkad_poison,window,full,fidelity,False,True,16,poison,0.1,2,s026,3,18.500000000000004,7.01086956521739,14.000000000000002,22.5,66,44,37,0,6,7,0.74,13.38345864661654,52,7,17,0,1,3560,266,16,0,0,12.75,1,
aeqkad_poison,window,full,fidelity,False,True,16,poison,0.1,2,s026,4,18.250000000000004,10.434782608695654,18.0,23.5,66,41,36,1,6,4,0.72,12.417293233082706,47,6,12,0,0,3303,266,16,0,0,11.75,3,
aeqkad_poison,window,full,fidelity,False,True,16,poison,0.1,2,s026,5,19.5,3.423913043478259,18.0,31.5,66,43,39,0,6,4,0.78,12.6203007518797,49,5,11,0,1,3357,266,16,0,0,13.8125,2,
aeqkad_poison,window,full,fidelity,False,True,16,poison,0.1,2,s026,6,21.0,7.01086956521739,14.000000000000002,32.5,66,44,40,2,6,2,0.8,13.38345864661654,51,6,16,0,1,3560,266,16,0,0,13.75,1,
aeqkad_poison,window,full,fidelity,False,True,16,poison,0.1,2,s026,7,19.5,1.0869565217391297,10.0,31.5,66,47,41,1,6,5,0.82,12.706766917293232,54,7,21,0,0,3380,266,16,0,0,9.75,2,
aeqkad_poison,window,full,fidelity,False,True,16,poison,0.1,2,s026,8,21.5,10.434782608695654,18.0,32.0,66,42,34,1,6,7,0.68,13.733082706766917,51,9,18,0,0,3653,266,16,0,0,11.6875,2,44.0
mm_poison,mm,full,fidelity,False,True,16,poison,0.1,0,s026,2,19.25,7.01086956521739,10.0,42.5,66,48,38,1,6,9,0.76,16.0,57,9,12,0,0,4256,266,16,1,15,95.0,0,
mm_poison,mm,full,fidelity,False,True,16,poison,0.1,0,s026,3,24.25,8.260869565217389,16.0,35.0,66,46,36,1,6,9,0.72,15.808270676691729,53,7,21,0,0,4205,266,16,1,1,45.6875,2,
mm_poison,mm,full,fidelity,False,True,16,poison,0.1,0,s026,4,23.75,4.67391304347826,18.0,35.0,66,47,38,2,6,7,0.76,16.0,51,4,16,0,0,4256,266,16,1,1,55.9375,3,
mm_poison,mm,full,fidelity,False,True,16,poison,0.1,0,s026,5,23.75,2.5,12.0,45.5,66,50,40,1,6,9,0.8,16.0,55,4,20,0,1,4256,266,16,1,1,54.0,5,
mm_poison,mm,full,fidelity,False,True,16,poison,0.1,0,s026,6,22.75,3.58695652173913,12.0,40.0,66,47,40,1,6,6,0.8,16.0,54,7,21,0,0,4256,266,16,1,1,70.9375,5,
mm_poison,mm,full,fidelity,False,True,16,poison,0.1,0,s026,7,16.500000000000004,1.0869565217391297,6.0,37.0,66,47,44,0,6,3,0.88,16.0,56,6,26,0,3,4256,266,16,1,1,64.8125,3,
mm_poison,mm,full,fidelity,False,True,16,poison,0.1,0,s026,8,25.75,17.445652173913043,18.0,46.5,66,42,37,2,6,3,0.74,15.954887218045112,50,7,13,0,1,4244,266,16,1,1,81.75,3,57.99999999999999
mm_poison,mm,full,fidelity,False,True,16,poison,0.1,1,s026,2,25.0,7.01086956521739,10.0,45.5,66,43,33,1,6,9,0.66,16.0,56,12,0,0,1,4256,266,16,1,15,94.375,0,
mm_poison,mm,full,fidelity,False,True,16,poison,0.1,1,s026,3,25.75,16.195652173913043,18.0,35.5,66,40,32,0,6,8,0.64,15.718045112781954,50,10,0,0,0,4181,266,16,1,2,35.375,5,
mm_poison,mm,full,fidelity,False,True,16,poison,0.1,1,s026,4,18.000000000000004,10.434782608695654,12.0,44.5,66,47,42,1,6,4,0.84,15.766917293233083,53,5,1,0,1,4194,266,16,1,1,65.6875,1,
mm_poison,mm,full,fidelity,False,True,16,poison,0.1,1,s026,5,18.500000000000004,1.25,14.000000000000002,40.5,66,45,38,2,6,5,0.76,15.943609022556393,54,8,0,0,1,4241,266,16,1,1,57.1875,4,
mm_poison,mm,full,fidelity,False,True,16,poison,0.1,1,s026,6,15.750000000000004,8.097826086956525,10.0,40.5,66,50,43,2,6,5,0.86,16.0,54,4,0,0,0,4256,266,16,1,1,61.9375,4,
mm_poison,mm,full,fidelity,False,True,16,poison,0.1,1,s026,7,16.500000000000004,1.25,10.0,47.0,66,42,41,1,6,0,0.82,16.0,48,4,1,0,2,4256,266,16,1,1,63.6875,2,
mm_poison,mm,full,fidelity,False,True,16,poison,0.1,1,s026,8,22.0,8.097826086956525,16.0,39.5,66,40,37,2,6,1,0.74,16.0,47,6,3,0,1,4256,266,16,1,1,67.1875,1,12.0
mm_poison,mm,full,fidelity,False,True,16,poison,0.1,2,s026,2,22.25,9.347826086956523,10.0,47.5,66,49,40,0,6,9,0.8,16.0,58,7,25,0,2,4256,266,16,1,13,84.25,0,
mm_poison,mm,full,fidelity,False,True,16,poison,0.1,2,s026,3,22.25,2.5,12.0,31.0,66,44,36,1,6,7,0.72,15.849624060150376,55,9,29,0,2,4216,266,16,1,1,38.6875,4,
mm_poison,mm,full,fidelity,False,True,16,poison,0.1,2,s026,4,19.5,10.434782608695654,16.0,36.5,66,48,42,2,6,4,0.84,15.992481203007518,53,5,23,0,0,4254,266,16,1,1,71.0625,4,
mm_poison,mm,full,fidelity,False,True,16,poison,0.1,2,s026,5,22.0,9.347826086956523,12.0,52.0,66,50,41,1,6,8,0.82,16.0,54,3,31,0,1,4256,266,16,1,1,49.25,7,
mm_poison,mm,full,fidelity,False,True,16,poison,0.1,2,s026,6,20.25,13.858695652173914,14.000000000000002,52.0,66,51,40,2,6,9,0.8,16.0,55,3,29,0,1,4256,266,16,1,1,78.5625,6,
mm_poison,mm,full,fidelity,False,True,16,poison,0.1,2,s026,7,16.250000000000004,0.0,4.0,46.5,66,50,43,1,6,6,0.86,16.0,59,6,32,0,3,4256,266,16,1,1,68.5625,6,
mm_poison,mm,full,fidelity,False,True,16,poison,0.1,2,s026,8,20.5,15.108695652173914,14.000000000000002,52.0,66,50,41,2,6,7,0.82,15.99624060150376,56,3,27,0,3,4255,266,16,1,1,71.75,3,70.0
window_poison,window,none,fidelity,False,True,16,poison,0.1,0,s027,2,18.000000000000004,2.33695652173913,10.0,38.0,66,51,45,0,6,6,0.9,14.699248120300751,0,0,0,0,0,3910,266,16,0,0,7.5,1,
window_poison,window,none,fidelity,False,True,16,poison,0.1,0,s027,3,24.25,12.771739130434783,10.0,36.0,66,57,45,2,6,10,0.9,13.293233082706768,0,0,0,0,0,3536,266,16,0,0,8.875,0,
window_poison,window,none,fidelity,False,True,16,poison,0.1,0,s027,4,13.5,2.1739130434782594,4.0,38.5,66,50,48,2,6,0,0.96,11.8796992481203,0,0,0,0,0,3160,266,16,0,0,9.4375,0,
window_poison,window,none,fidelity,False,True,16,poison,0.1,0,s027,5,18.750000000000004,8.097826086956525,16.0,31.5,66,44,42,2,6,0,0.84,10.75187969924812,0,0,0,0,0,2860,266,16,0,0,11.0625,0,
window_poison,window,none,fidelity,False,True,16,poison,0.1,0,s027,6,18.75,7.01086956521739,12.0,39.0,66,46,44,2,6,0,0.88,11.030075187969924,0,0,0,0,0,2934,266,16,0,0,10.8125,0,
window_poison,window,none,fidelity,False,True,16,poison,0.1,0,s027,7,13.25,7.01086956521739,14.000000000000002,29.5,66,46,43,3,6,0,0.86,10.827067669172932,0,0,0,0,0,2880,266,16,0,0,8.5625,2,
window_poison,window,none,fidelity,False,True,16,poison,0.1,0,s027,8,22.75,5.760869565217389,12.0,41.5,66,46,44,2,6,0,0.88,11.601503759398495,0,0,0,0,0,3086,266,16,0,0,12.4375,0,0.0
window_poison,window,none,fidelity,False,True,16,poison,0.1,1,s027,2,20.75,4.67391304347826,10.0,41.5,66,56,45,3,6,8,0.9,14.556390977443607,0,0,0,0,0,3872,266,16,0,0,7.5,4,
window_poison,window,none,fidelity,False,True,16,poison,0.1,1,s027,3,16.250000000000004,7.01086956521739,10.0,32.5,66,56,45,2,6,9,0.9,12.51127819548872,0,0,0,0,0,3328,266,16,0,0,7.625,4,
window_poison,window,none,fidelity,False,True,16,poison,0.1,1,s027,4,10.0,2.33695652173913,4.0,38.0,66,58,48,1,6,9,0.96,12.097744360902256,0,0,0,0,0,3218,266,16,0,0,8.375,3,
window_poison,window,none,fidelity,False,True,16,poison,0.1,1,s027,5,17.750000000000004,1.25,12.0,38.5,66,57,44,3,6,10,0.88,11.135338345864662,0,0,0,0,0,2962,266,16,0,0,9.25,3,
window_poison,window,none,fidelity,False,True,16,poison,0.1,1,s027,6,23.0,16.195652173913043,8.0,45.5,66,57,46,2,6,9,0.92,11.913533834586469,0,0,0,0,0,3169,266,16,0,0,9.1875,2,
window_poison,window,none,fidelity,False,True,16,poison,0.1,1,s027,7,16.75,2.33695652173913,10.0,43.5,66,57,45,3,6,9,0.9,11.68421052631579,0,0,0,0,0,3108,266,16,0,0,8.625,5,
window_poison,window,none,fidelity,False,True,16,poison,0.1,1,s027,8,18.75,5.760869565217389,12.0,46.0,66,55,44,4,6,7,0.88,12.578947368421051,0,0,0,0,0,3346,266,16,0,0,11.0625,1,68.0
window_poison,window,none,fidelity,False,True,16,poison,0.1,2,s027,2,18.250000000000004,8.097826086956525,4.0,47.0,66,59,48,1,6,10,0.96,14.518796992481205,0,0,0,0,0,3862,266,16,0,0,8.375,6,
window_poison,window,none,fidelity,False,True,16,poison,0.1,2,s027,3,15.500000000000004,8.260869565217389,6.0,36.0,66,57,47,2,6,8,0.94,12.278195488721805,0,0,0,0,0,3266,266,16,0,0,7.9375,3,
window_poison,window,none,fidelity,False,True,16,poison,0.1,2,s027,4,12.5,2.33695652173913,4.0,42.5,66,60,48,2,6,10,0.96,12.263157894736842,0,0,0,0,0,3262,266,16,0,0,8.25,5,
window_poison,window,none,fidelity,False,True,16,poison,0.1,2,s027,5,24.0,4.67391304347826,8.0,51.5,66,60,46,4,6,10,0.92,11.928571428571429,0,0,0,0,0,3173,266,16,0,0,8.25,2,
window_poison,window,none,fidelity,False,True,16,poison,0.1,2,s027,6,18.750000000000004,10.434782608695654,8.0,44.5,66,55,46,1,6,8,0.92,12.041353383458649,0,0,0,0,0,3203,266,16,0,0,7.875,2,
window_poison,window,none,fidelity,False,True,16,poison,0.1,2,s027,7,14.250000000000002,2.33695652173913,8.0,43.5,66,56,46,3,6,7,0.92,12.462406015037594,0,0,0,0,0,3315,266,16,0,0,8.3125,1,
window_poison,window,none,fidelity,False,True,16,poison,0.1,2,s027,8,21.5,3.58695652173913,12.0,46.0,66,53,44,2,6,7,0.88,11.849624060150376,0,0,0,0,0,3152,266,16,0,0,9.25,6,64.0
aeqkad_poison,window,full,fidelity,False,True,16,poison,0.1,0,s027,2,15.500000000000004,0.0,12.0,26.0,66,40,40,0,6,0,0.8,14.154135338345863,47,7,12,0,0,3765,266,16,0,0,9.5625,0,
aeqkad_poison,window,full,fidelity,False,True,16,poison,0.1,0,s027,3,25.75,12.771739130434783,18.0,32.5,66,45,36,2,6,7,0.72,12.0,53,8,10,0,0,3192,266,16,0,0,9.125,0,
aeqkad_poison,window,full,fidelity,False,True,16,poison,0.1,0,s027,4,12.0,4.67391304347826,4.0,35.0,66,46,45,1,6,0,0.9,11.37218045112782,50,4,10,0,0,3025,266,16,0,0,11.75,0,
aeqkad_poison,window,full,fidelity,False,True,16,poison,0.1,0,s027,5,17.500000000000004,1.25,14.000000000000002,29.5,66,42,41,1,6,0,0.82,10.218045112781954,45,2,13,0,1,2718,266,16,0,0,11.0625,0,
aeqkad_poison,window,full,fidelity,False,True,16,poison,0.1,0,s027,6,18.75,8.097826086956525,16.0,33.0,66,36,36,0,6,0,0.72,9.962406015037594,43,3,5,0,4,2650,266,16,0,0,10.875,0,
aeqkad_poison,window,full,fidelity,False,True,16,poison,0.1,0,s027,7,12.75,4.67391304347826,14.000000000000002,28.000000000000004,66,44,42,2,6,0,0.84,10.81203007518797,46,2,13,0,0,2876,266,16,0,0,10.0,1,
aeqkad_poison,window,full,fidelity,False,True,16,poison,0.1,0,s027,8,23.0,10.434782608695654,14.000000000000002,38.5,66,42,41,1,6,0,0.82,11.210526315789474,44,2,9,0,0,2982,266,16,0,0,12.4375,0,0.0
aeqkad_poison,window,full,fidelity,False,True,16,poison,0.1,1,s027,2,13.25,1.25,10.0,30.0,66,44,40,0,6,4,0.8,14.176691729323307,55,11,0,0,0,3771,266,16,0,0,9.4375,4,
aeqkad_poison,window,full,fidelity,False,True,16,poison,0.1,1,s027,3,19.000000000000004,7.01086956521739,10.0,28.000000000000004,66,48,38,2,6,8,0.76,11.785714285714286,57,9,0,0,0,3135,266,16,0,0,8.375,3,
aeqkad_poison,window,full,fidelity,False,True,16,poison,0.1,1,s027,4,12.0,2.33695652173913,4.0,36.5,66,54,45,1,6,8,0.9,11.81578947368421,58,4,0,0,0,3143,266,16,0,0,10.875,3,
aeqkad_poison,window,full,fidelity,False,True,16,poison,0.1,1,s027,5,18.500000000000004,1.25,12.0,33.0,66,50,40,1,6,9,0.8,10.578947368421051,57,7,0,0,0,2814,266,16,0,0,10.375,2,
aeqkad_poison,window,full,fidelity,False,True,16,poison,0.1,1,s027,6,21.75,10.434782608695654,12.0,41.0,66,47,37,1,6,9,0.74,10.518796992481205,55,5,0,0,3,2798,266,16,0,0,9.5,2,
aeqkad_poison,window,full,fidelity,False,True,16,poison,0.1,1,s027,7,14.750000000000002,3.423913043478259,10.0,33.0,66,50,41,1,6,8,0.82,10.586466165413531,58,8,0,0,0,2816,266,16,0,0,9.4375,5,
aeqkad_poison,window,full,fidelity,False,True,16,poison,0.1,1,s027,8,25.75,13.858695652173914,16.0,36.0,66,44,37,2,6,5,0.74,11.74812030075188,52,8,0,0,0,3125,266,16,0,0,11.125,0,8.0
aeqkad_poison,window,full,fidelity,False,True,16,poison,0.1,2,s027,2,16.500000000000004,6.847826086956524,6.0,41.0,66,52,42,0,6,10,0.84,14.38345864661654,58,6,0,0,0,3826,266,16,0,0,8.875,6,
aeqkad_poison,window,full,fidelity,False,True,16,poison,0.1,2,s027,3,18.250000000000004,8.097826086956525,18.0,32.0,66,46,37,1,6,8,0.74,11.293233082706768,53,7,0,0,0,3004,266,16,0,0,8.6875,2,
aeqkad_poison,window,full,fidelity,False,True,16,poison,0.1,2,s027,4,11.5,4.67391304347826,4.0,38.5,66,54,46,0,6,8,0.92,11.924812030075188,59,5,0,0,0,3172,266,16,0,0,12.875,3,
aeqkad_poison,window,full,fidelity,False,True,16,poison,0.1,2,s027,5,19.5,2.33695652173913,10.0,37.0,66,50,40,0,6,10,0.8,10.691729323308271,57,7,0,0,0,2844,266,16,0,0,8.25,2,
aeqkad_poison,window,full,fidelity,False,True,16,poison,0.1,2,s027,6,18.500000000000004,11.521739130434783,10.0,37.0,66,44,38,0,6,6,0.76,10.954887218045112,54,6,0,0,4,2914,266,16,0,0,7.875,2,
aeqkad_poison,window,full,fidelity,False,True,16,poison,0.1,2,s027,7,12.25,1.0869565217391297,6.0,35.0,66,48,43,1,6,4,0.86,11.710526315789474,56,8,0,0,0,3115,266,16,0,0,9.125,0,
aeqkad_poison,window,full,fidelity,False,True,16,poison,0.1,2,s027,8,22.25,3.58695652173913,14.000000000000002,42.5,66,42,41,1,6,0,0.82,10.793233082706768,52,9,0,0,1,2871,266,16,0,0,14.125,1,38.0
mm_poison,mm,full,fidelity,False,True,16,poison,0.1,0,s027,2,19.000000000000004,10.434782608695654,8.0,53.5,66,48,42,1,6,5,0.84,16.0,57,7,28,0,2,4256,266,16,1,16,96.5,0,
mm_poison,mm,full,fidelity,False,True,16,poison,0.1,0,s027,3,24.25,15.108695652173914,12.0,47.0,66,49,39,2,6,8,0.78,15.669172932330827,57,8,15,0,0,4168,266,16,1,1,33.875,5,
mm_poison,mm,full,fidelity,False,True,16,poison,0.1,0,s027,4,14.250000000000002,2.33695652173913,4.0,52.5,66,49,47,2,6,0,0.94,15.951127819548873,51,1,29,0,1,4243,266,16,1,1,62.75,4,
mm_poison,mm,full,fidelity,False,True,16,poison,0.1,0,s027,5,20.5,4.83695652173913,8.0,47.0,66,46,43,3,6,0,0.86,15.87593984962406,49,3,28,0,0,4223,266,16,1,1,57.8125,4,
mm_poison,mm,full,fidelity,False,True,16,poison,0.1,0,s027,6,18.75,7.934782608695653,8.0,52.0,66,38,38,0,6,0,0.76,15.199248120300751,50,3,23,0,9,4043,266,16,1,1,101.0,3,
mm_poison,mm,full,fidelity,False,True,16,poison,0.1,0,s027,7,23.5,9.347826086956523,8.0,52.5,66,44,42,2,6,0,0.84,15.263157894736842,50,4,23,0,2,4060,266,16,1,1,61.625,2,
mm_poison,mm,full,fidelity,False,True,16,poison,0.1,0,s027,8,21.0,7.01086956521739,12.0,51.0,66,43,42,1,6,0,0.84,15.943609022556393,47,3,25,0,1,4241,266,16,1,1,99.3125,2,4.0
mm_poison,mm,full,fidelity,False,True,16,poison,0.1,1,s027,2,19.000000000000004,9.184782608695654,8.0,56.00000000000001,66,49,41,0,6,8,0.82,16.0,59,8,0,0,2,4256,266,16,1,16,96.5,0,
mm_poison,mm,full,fidelity,False,True,16,poison,0.1,1,s027,3,25.5,15.271739130434783,10.0,46.0,66,49,38,2,6,9,0.76,14.819548872180452,57,8,0,0,0,3942,266,16,1,1,30.5625,5,
mm_poison,mm,full,fidelity,False,True,16,poison,0.1,1,s027,4,10.249999999999998,0.0,4.0,47.5,66,56,47,1,6,8,0.94,15.823308270676693,58,2,0,0,0,4209,266,16,1,1,62.375,5,
mm_poison,mm,full,fidelity,False,True,16,poison,0.1,1,s027,5,16.250000000000004,5.760869565217389,10.0,49.5,66,53,43,1,6,9,0.86,14.8609022556391,59,5,0,0,1,3953,266,16,1,1,58.0625,5,
mm_poison,mm,full,fidelity,False,True,16,poison,0.1,1,s027,6,20.75,12.771739130434783,6.0,51.5,66,51,40,2,6,9,0.8,15.180451127819548,59,3,0,0,5,4038,266,16,1,1,60.1875,6,
mm_poison,mm,full,fidelity,False,True,16,poison,0.1,1,s027,7,23.75,12.934782608695656,6.0,62.5,66,53,43,1,6,9,0.86,15.928571428571429,61,5,0,0,3,4237,266,16,1,1,67.9375,4,
mm_poison,mm,full,fidelity,False,True,16,poison,0.1,1,s027,8,21.75,7.01086956521739,10.0,56.49999999999999,66,51,42,4,6,5,0.84,15.954887218045112,56,4,0,0,1,4244,266,16,1,1,82.375,2,74.0
mm_poison,mm,full,fidelity,False,True,16,poison,0.1,2,s027,2,17.750000000000004,10.434782608695654,2.0,64.5,66,51,41,0,6,10,0.82,16.0,60,9,0,0,0,4256,266,16,1,15,89.25,0,
mm_poison,mm,full,fidelity,False,True,16,poison,0.1,2,s027,3,23.25,14.021739130434783,6.0,51.5,66,48,38,2,6,8,0.76,14.984962406015038,61,13,0,0,0,3986,266,16,1,1,31.6875,6,
mm_poison,mm,full,fidelity,False,True,16,poison,0.1,2,s027,4,10.499999999999998,1.0869565217391297,4.0,55.50000000000001,66,55,47,0,6,8,0.94,15.327067669172932,60,4,0,0,1,4077,266,16,1,1,55.75,3,
mm_poison,mm,full,fidelity,False,True,16,poison,0.1,2,s027,5,17.500000000000004,4.67391304347826,6.0,56.49999999999999,66,55,44,1,6,10,0.88,15.526315789473683,61,5,0,0,1,4130,266,16,1,1,62.5,4,
mm_poison,mm,full,fidelity,False,True,16,poison,0.1,2,s027,6,22.75,9.184782608695654,6.0,59.5,66,49,41,1,6,7,0.82,15.954887218045112,57,4,0,0,4,4244,266,16,1,1,69.0,5,
mm_poison,mm,full,fidelity,False,True,16,poison,0.1,2,s027,7,22.25,12.771739130434783,4.0,68.0,66,52,44,4,6,4,0.88,15.8796992481203,59,6,0,0,1,4224,266,16,1,1,72.0625,7,
mm_poison,mm,full,fidelity,False,True,16,poison,0.1,2,s027,8,21.75,6.847826086956524,10.0,64.0,66,48,41,1,6,6,0.82,15.973684210526317,53,2,0,0,3,4249,266,16,1,1,79.0,8,68.0
window_poison,window,none,fidelity,False,True,16,poison,0.1,0,s028,2,10.499999999999998,2.33695652173913,4.0,22.5,66,57,48,0,6,9,0.96,12.906015037593985,0,0,0,0,0,3433,266,16,0,0,10.3125,3,
window_poison,window,none,fidelity,False,True,16,poison,0.1,0,s028,3,12.75,2.33695652173913,8.0,33.5,66,58,46,4,6,8,0.92,13.484962406015038,0,0,0,0,0,3587,266,16,0,0,7.625,4,
window_poison,window,none,fidelity,False,True,16,poison,0.1,0,s028,4,16.500000000000004,0.0,14.000000000000002,32.5,66,53,43,3,6,7,0.86,11.740601503759398,0,0,0,0,0,3123,266,16,0,0,11.125,3,
window_poison,window,none,fidelity,False,True,16,poison,0.1,0,s028,5,19.5,4.67391304347826,14.000000000000002,42.0,66,51,43,1,6,7,0.86,13.01127819548872,0,0,0,0,0,3461,266,16,0,0,10.9375,2,
window_poison,window,none,fidelity,False,True,16,poison,0.1,0,s028,6,13.25,0.0,12.0,45.5,66,54,44,4,6,6,0.88,14.142857142857142,0,0,0,0,0,3762,266,16,0,0,7.75,4,
window_poison,window,none,fidelity,False,True,16,poison,0.1,0,s028,7,18.750000000000004,0.0,8.0,42.0,66,55,46,3,6,6,0.92,13.078947368421051,0,0,0,0,0,3479,266,16,0,0,8.125,3,
window_poison,window,none,fidelity,False,True,16,poison,0.1,0,s028,8,15.250000000000002,0.0,10.0,48.0,66,51,45,3,6,3,0.9,13.323308270676693,0,0,0,0,0,3544,266,16,0,0,9.9375,0,18.0
window_poison,window,none,fidelity,False,True,16,poison,0.1,1,s028,2,9.0,0.0,0.0,53.5,66,60,50,2,6,8,1.0,13.545112781954888,0,0,0,0,0,3603,266,16,0,0,8.375,2,
window_poison,window,none,fidelity,False,True,16,poison,0.1,1,s028,3,8.249999999999998,1.25,2.0,58.5,66,60,49,2,6,9,0.98,14.075187969924812,0,0,0,0,0,3744,266,16,0,0,8.6875,2,
window_poison,window,none,fidelity,False,True,16,poison,0.1,1,s028,4,8.500000000000002,0.0,14.000000000000002,42.0,66,54,43,2,6,9,0.86,11.74812030075188,0,0,0,0,0,3125,266,16,0,0,9.75,5,
window_poison,window,none,fidelity,False,True,16,poison,0.1,1,s028,5,20.5,2.1739130434782594,6.0,72.0,66,60,47,4,6,9,0.94,14.236842105263158,0,0,0,0,0,3787,266,16,0,0,8.0625,3,
window_poison,window,none,fidelity,False,True,16,poison,0.1,1,s028,6,18.000000000000004,0.0,12.0,67.0,66,56,44,5,6,7,0.88,14.345864661654137,0,0,0,0,0,3816,266,16,0,0,7.6875,5,
window_poison,window,none,fidelity,False,True,16,poison,0.1,1,s028,7,15.250000000000002,1.25,4.0,68.5,66,62,48,4,6,10,0.96,13.823308270676693,0,0,0,0,0,3677,266,16,0,0,8.1875,3,
window_poison,window,none,fidelity,False,True,16,poison,0.1,1,s028,8,15.500000000000004,2.33695652173913,10.0,65.5,66,58,45,3,6,10,0.9,14.022556390977444,0,0,0,0,0,3730,266,16,0,0,9.5,4,96.0
window_poison,window,none,fidelity,False,True,16,poison,0.1,2,s028,2,7.499999999999998,2.33695652173913,2.0,40.0,66,60,49,3,6,8,0.98,13.289473684210526,0,0,0,0,0,3535,266,16,0,0,7.5,4,
window_poison,window,none,fidelity,False,True,16,poison,0.1,2,s028,3,12.75,0.0,6.0,36.5,66,60,47,3,6,10,0.94,13.657894736842104,0,0,0,0,0,3633,266,16,0,0,8.0,4,
window_poison,window,none,fidelity,False,True,16,poison,0.1,2,s028,4,20.0,3.423913043478259,14.000000000000002,28.000000000000004,66,53,43,2,6,8,0.86,11.890977443609025,0,0,0,0,0,3163,266,16,0,0,11.4375,3,
window_poison,window,none,fidelity,False,True,16,poison,0.1,2,s028,5,22.25,2.1739130434782594,14.000000000000002,42.5,66,54,43,3,6,8,0.86,13.5,0,0,0,0,0,3591,266,16,0,0,11.6875,2,
window_poison,window,none,fidelity,False,True,16,poison,0.1,2,s028,6,13.5,1.25,10.0,35.0,66,56,45,4,6,7,0.9,13.93984962406015,0,0,0,0,0,3708,266,16,0,0,9.5625,1,
window_poison,window,none,fidelity,False,True,16,poison,0.1,2,s028,7,16.500000000000004,0.0,10.0,37.5,66,53,45,1,6,7,0.9,12.80451127819549,0,0,0,0,0,3406,266,16,0,0,9.8125,2,
window_poison,window,none,fidelity,False,True,16,poison,0.1,2,s028,8,17.0,0.0,12.0,55.50000000000001,66,57,44,4,6,9,0.88,13.563909774436093,0,0,0,0,0,3608,266,16,0,0,8.4375,3,74.0
aeqkad_poison,window,full,fidelity,False,True,16,poison,0.1,0,s028,2,5.999999999999998,0.0,2.0,22.5,66,48,42,0,6,6,0.84,12.31203007518797,58,10,0,0,0,3275,266,16,0,0,13.8125,1,
aeqkad_poison,window,full,fidelity,False,True,16,poison,0.1,0,s028,3,11.75,1.25,10.0,18.0,66,46,40,0,6,6,0.8,11.74436090225564,55,7,0,0,2,3124,266,16,0,0,9.625,4,
aeqkad_poison,window,full,fidelity,False,True,16,poison,0.1,0,s028,4,10.500000000000002,0.0,16.0,21.0,66,43,41,0,6,2,0.82,10.357142857142858,52,9,0,0,0,2755,266,16,0,0,12.0,1,
aeqkad_poison,window,full,fidelity,False,True,16,poison,0.1,0,s028,5,17.750000000000004,4.67391304347826,14.000000000000002,19.5,66,38,34,0,6,4,0.68,11.390977443609025,54,16,0,0,0,3030,266,16,0,0,12.125,1,
aeqkad_poison,window,full,fidelity,False,True,16,poison,0.1,0,s028,6,17.0,0.0,14.000000000000002,25.5,66,40,40,0,6,0,0.8,12.958646616541351,46,6,0,0,0,3447,266,16,0,0,12.8125,0,
aeqkad_poison,window,full,fidelity,False,True,16,poison,0.1,0,s028,7,14.250000000000002,0.0,12.0,22.5,66,40,40,0,6,0,0.8,11.3796992481203,46,6,0,0,0,3027,266,16,0,0,14.125,0,
aeqkad_poison,window,full,fidelity,False,True,16,poison,0.1,0,s028,8,12.5,4.67391304347826,16.0,14.000000000000002,66,35,35,0,6,0,0.7,10.285714285714286,42,6,0,0,1,2736,266,16,0,0,10.8125,0,4.0
aeqkad_poison,window,full,fidelity,False,True,16,poison,0.1,1,s028,2,7.999999999999999,0.0,2.0,45.0,66,51,45,0,6,6,0.9,13.443609022556393,58,7,0,0,0,3576,266,16,0,0,10.75,1,
aeqkad_poison,window,full,fidelity,False,True,16,poison,0.1,1,s028,3,8.75,1.25,4.0,45.0,66,46,39,0,6,7,0.78,12.838345864661656,58,11,0,0,1,3415,266,16,0,0,11.6875,2,
aeqkad_poison,window,full,fidelity,False,True,16,poison,0.1,1,s028,4,17.750000000000004,0.0,14.000000000000002,23.5,66,42,42,0,6,0,0.84,10.62781954887218,50,8,0,0,0,2827,266,16,0,0,16.125,0,
aeqkad_poison,window,full,fidelity,False,True,16,poison,0.1,1,s028,5,16.250000000000004,4.67391304347826,14.000000000000002,28.000000000000004,66,35,35,0,6,0,0.7,11.300751879699249,46,11,0,0,0,3006,266,16,0,0,12.125,0,
aeqkad_poison,window,full,fidelity,False,True,16,poison,0.1,1,s028,6,14.000000000000002,0.0,10.0,43.5,66,41,40,1,6,0,0.8,12.845864661654137,54,13,0,0,0,3417,266,16,0,0,13.875,0,
aeqkad_poison,window,full,fidelity,False,True,16,poison,0.1,1,s028,7,14.500000000000002,1.25,12.0,31.5,66,41,41,0,6,0,0.82,11.484962406015038,48,7,0,0,0,3055,266,16,0,0,14.5625,0,
aeqkad_poison,window,full,fidelity,False,True,16,poison,0.1,1,s028,8,12.75,4.67391304347826,14.000000000000002,19.5,66,37,37,0,6,0,0.74,10.849624060150376,48,10,0,0,1,2886,266,16,0,0,12.875,0,28.000000000000004
aeqkad_poison,window,full,fidelity,False,True,16,poison,0.1,2,s028,2,7.499999999999998,5.760869565217389,4.0,33.0,66,51,46,0,6,5,0.92,12.646616541353383,58,7,0,0,0,3364,266,16,0,0,10.6875,3,
aeqkad_poison,window,full,fidelity,False,True,16,poison,0.1,2,s028,3,11.5,1.25,8.0,20.5,66,47,38,1,6,8,0.76,12.48872180451128,59,11,0,0,1,3322,266,16,0,0,10.9375,5,
aeqkad_poison,window,full,fidelity,False,True,16,poison,0.1,2,s028,4,9.750000000000002,3.423913043478259,16.0,15.0,66,46,41,0,6,5,0.82,11.225563909774436,51,5,0,0,0,2986,266,16,0,0,13.375,1,
aeqkad_poison,window,full,fidelity,False,True,16,poison,0.1,2,s028,5,19.75,4.67391304347826,18.0,25.0,66,40,34,0,6,6,0.68,12.308270676691729,50,10,0,0,0,3274,266,16,0,0,10.125,2,
aeqkad_poison,window,full,fidelity,False,True,16,poison,0.1,2,s028,6,14.000000000000002,1.25,12.0,32.5,66,46,40,0,6,6,0.8,13.533834586466163,56,10,0,0,0,3600,266,16,0,0,12.5,0,
aeqkad_poison,window,full,fidelity,False,True,16,poison,0.1,2,s028,7,15.500000000000004,0.0,12.0,21.0,66,40,40,0,6,0,0.8,11.597744360902256,45,5,0,0,0,3085,266,16,0,0,13.75,0,
aeqkad_poison,window,full,fidelity,False,True,16,poison,0.1,2,s028,8,13.25,3.423913043478259,14.000000000000002,18.0,66,40,39,1,6,0,0.78,11.37218045112782,46,6,0,0,0,3025,266,16,0,0,10.8125,1,10.0
mm_poison,mm,full,fidelity,False,True,16,poison,0.1,0,s028,2,13.0,3.423913043478259,4.0,77.5,66,47,37,0,6,10,0.74,16.0,64,17,0,0,0,4256,266,16,1,15,91.6875,0,
mm_poison,mm,full,fidelity,False,True,16,poison,0.1,0,s028,3,10.0,1.25,0.0,45.0,66,46,40,0,6,6,0.8,15.417293233082706,60,13,0,0,1,4101,266,16,1,1,35.0,3,
mm_poison,mm,full,fidelity,False,True,16,poison,0.1,0,s028,4,9.750000000000002,0.0,10.0,50.0,66,48,42,0,6,6,0.84,15.8609022556391,56,7,0,0,1,4219,266,16,1,1,66.0625,7,
mm_poison,mm,full,fidelity,False,True,16,poison,0.1,0,s028,5,19.25,4.67391304347826,12.0,39.5,66,42,36,0,6,6,0.72,15.646616541353383,54,12,0,0,0,4162,266,16,1,1,64.625,7,
mm_poison,mm,full,fidelity,False,True,16,poison,0.1,0,s028,6,14.000000000000002,3.423913043478259,10.0,36.5,66,40,39,0,6,1,0.78,15.097744360902256,53,12,0,0,1,4016,266,16,1,1,55.1875,2,
mm_poison,mm,full,fidelity,False,True,16,poison,0.1,0,s028,7,15.750000000000004,0.0,4.0,49.0,66,42,41,0,6,1,0.82,15.954887218045112,57,15,0,0,0,4244,266,16,1,1,91.875,2,
mm_poison,mm,full,fidelity,False,True,16,poison,0.1,0,s028,8,12.000000000000002,0.0,16.0,57.99999999999999,66,42,42,0,6,0,0.84,15.778195488721805,50,8,0,0,0,4197,266,16,1,1,71.6875,1,48.0
mm_poison,mm,full,fidelity,False,True,16,poison,0.1,1,s028,2,15.500000000000004,0.0,0.0,95.0,66,50,41,0,6,9,0.82,16.0,66,15,0,0,1,4256,266,16,1,15,93.0625,0,
mm_poison,mm,full,fidelity,False,True,16,poison,0.1,1,s028,3,9.499999999999998,6.847826086956524,0.0,78.0,66,48,40,1,6,7,0.8,15.68796992481203,64,14,0,0,2,4173,266,16,1,1,42.0,4,
mm_poison,mm,full,fidelity,False,True,16,poison,0.1,1,s028,4,8.500000000000002,0.0,8.0,69.5,66,49,42,0,6,7,0.84,16.0,60,10,0,0,1,4256,266,16,1,1,71.25,5,
mm_poison,mm,full,fidelity,False,True,16,poison,0.1,1,s028,5,21.75,4.67391304347826,8.0,70.5,66,45,36,0,6,9,0.72,15.800751879699249,58,12,0,0,1,4203,266,16,1,1,55.0,5,
mm_poison,mm,full,fidelity,False,True,16,poison,0.1,1,s028,6,12.250000000000002,2.5,6.0,73.5,66,44,41,1,6,2,0.82,16.0,61,14,0,0,3,4256,266,16,1,1,67.1875,4,
mm_poison,mm,full,fidelity,False,True,16,poison,0.1,1,s028,7,14.500000000000002,6.847826086956524,4.0,65.5,66,43,40,0,6,3,0.8,15.533834586466163,64,14,0,0,7,4132,266,16,1,1,65.0625,3,
mm_poison,mm,full,fidelity,False,True,16,poison,0.1,1,s028,8,15.000000000000002,3.423913043478259,12.0,70.0,66,40,39,1,6,0,0.78,15.563909774436093,59,13,0,0,6,4140,266,16,1,1,94.4375,3,98.0
mm_poison,mm,full,fidelity,False,True,16,poison,0.1,2,s028,2,10.999999999999998,3.58695652173913,2.0,79.5,66,49,41,0,6,8,0.82,16.0,63,11,0,0,3,4256,266,16,1,16,97.375,0,
mm_poison,mm,full,fidelity,False,True,16,poison,0.1,2,s028,3,15.000000000000002,6.847826086956524,6.0,47.0,66,50,41,1,6,8,0.82,15.349624060150376,60,9,0,0,1,4083,266,16,1,1,37.75,2,
mm_poison,mm,full,fidelity,False,True,16,poison,0.1,2,s028,4,22.75,0.0,12.0,39.5,66,50,42,0,6,8,0.84,15.736842105263158,55,5,0,0,0,4186,266,16,1,1,75.3125,5,
mm_poison,mm,full,fidelity,False,True,16,poison,0.1,2,s028,5,18.000000000000004,1.25,14.000000000000002,40.5,66,40,36,0,6,4,0.72,15.721804511278195,54,14,0,0,0,4182,266,16,1,1,59.625,3,
mm_poison,mm,full,fidelity,False,True,16,poison,0.1,2,s028,6,14.250000000000002,1.25,8.0,52.5,66,48,41,1,6,6,0.82,15.827067669172932,57,8,0,0,1,4210,266,16,1,1,55.125,4,
mm_poison,mm,full,fidelity,False,True,16,poison,0.1,2,s028,7,18.000000000000004,0.0,4.0,59.5,66,43,41,0,6,2,0.82,15.81203007518797,62,16,0,0,3,4206,266,16,1,1,86.4375,3,
mm_poison,mm,full,fidelity,False,True,16,poison,0.1,2,s028,8,8.0,0.0,12.0,43.5,66,42,41,1,6,0,0.82,15.864661654135338,52,10,0,0,0,4220,266,16,1,1,61.6875,0,34.0
window_poison,window,none,fidelity,False,True,16,poison,0.1,0,s029,2,13.5,4.67391304347826,0.0,55.00000000000001,66,64,50,4,6,10,1.0,14.417293233082706,0,0,0,0,0,3835,266,16,0,0,8.9375,6,
window_poison,window,none,fidelity,False,True,16,poison,0.1,0,s029,3,11.5,3.423913043478259,2.0,47.5,66,62,49,3,6,10,0.98,13.81203007518797,0,0,0,0,0,3674,266,16,0,0,8.0625,1,
window_poison,window,none,fidelity,False,True,16,poison,0.1,0,s029,4,12.25,2.33695652173913,2.0,46.5,66,59,49,1,6,9,0.98,13.11654135338346,0,0,0,0,0,3489,266,16,0,0,8.8125,3,
window_poison,window,none,fidelity,False,True,16,poison,0.1,0,s029,5,17.5,1.25,10.0,46.0,66,58,45,4,6,9,0.9,11.68421052631579,0,0,0,0,0,3108,266,16,0,0,7.9375,4,
window_poison,window,none,fidelity,False,True,16,poison,0.1,0,s029,6,13.750000000000002,4.67391304347826,8.0,52.5,66,57,46,1,6,10,0.92,13.176691729323307,0,0,0,0,0,3505,266,16,0,0,8.125,3,
window_poison,window,none,fidelity,False,True,16,poison,0.1,0,s029,7,10.0,5.760869565217389,8.0,47.0,66,58,46,2,6,10,0.92,12.661654135338344,0,0,0,0,0,3368,266,16,0,0,7.9375,4,
window_poison,window,none,fidelity,False,True,16,poison,0.1,0,s029,8,17.750000000000004,10.434782608695654,10.0,57.49999999999999,66,56,45,2,6,9,0.9,14.13157894736842,0,0,0,0,0,3759,266,16,0,0,9.0625,1,84.0
window_poison,window,none,fidelity,False,True,16,poison,0.1,1,s029,2,16.250000000000004,5.760869565217389,0.0,59.0,66,63,50,5,6,8,1.0,13.913533834586469,0,0,0,0,0,3701,266,16,0,0,7.5,4,
window_poison,window,none,fidelity,False,True,16,poison,0.1,1,s029,3,13.750000000000002,1.25,6.0,52.5,66,59,47,2,6,10,0.94,14.12406015037594,0,0,0,0,0,3757,266,16,0,0,10.0625,1,
window_poison,window,none,fidelity,False,True,16,poison,0.1,1,s029,4,11.0,0.0,2.0,48.5,66,60,49,2,6,9,0.98,13.390977443609025,0,0,0,0,0,3562,266,16,0,0,8.625,2,
window_poison,window,none,fidelity,False,True,16,poison,0.1,1,s029,5,15.500000000000004,1.0869565217391297,6.0,54.0,66,58,47,1,6,10,0.94,11.725563909774436,0,0,0,0,0,3119,266,16,0,0,8.25,7,
window_poison,window,none,fidelity,False,True,16,poison,0.1,1,s029,6,15.500000000000004,4.67391304347826,6.0,48.0,66,59,47,2,6,10,0.94,13.1390977443609,0,0,0,0,0,3495,266,16,0,0,7.5,3,
window_poison,window,none,fidelity,False,True,16,poison,0.1,1,s029,7,14.250000000000002,2.5,8.0,56.00000000000001,66,61,46,5,6,10,0.92,13.06766917293233,0,0,0,0,0,3476,266,16,0,0,7.5,5,
window_poison,window,none,fidelity,False,True,16,poison,0.1,1,s029,8,20.0,9.184782608695654,10.0,56.49999999999999,66,57,45,3,6,9,0.9,14.045112781954888,0,0,0,0,0,3736,266,16,0,0,9.875,2,72.0
window_poison,window,none,fidelity,False,True,16,poison,0.1,2,s029,2,15.750000000000004,5.923913043478259,0.0,59.5,66,63,50,4,6,9,1.0,14.406015037593985,0,0,0,0,0,3832,266,16,0,0,7.875,1,
window_poison,window,none,fidelity,False,True,16,poison,0.1,2,s029,3,12.25,1.25,4.0,48.0,66,62,48,4,6,10,0.96,13.233082706766917,0,0,0,0,0,3520,266,16,0,0,7.5,5,
window_poison,window,none,fidelity,False,True,16,poison,0.1,2,s029,4,14.250000000000002,2.33695652173913,2.0,62.5,66,61,49,2,6,10,0.98,13.25187969924812,0,0,0,0,0,3525,266,16,0,0,8.75,2,
window_poison,window,none,fidelity,False,True,16,poison,0.1,2,s029,5,14.000000000000002,2.33695652173913,10.0,59.0,66,58,45,3,6,10,0.9,11.93984962406015,0,0,0,0,0,3176,266,16,0,0,8.875,5,
window_poison,window,none,fidelity,False,True,16,poison,0.1,2,s029,6,16.500000000000004,4.67391304347826,6.0,63.5,66,62,47,5,6,10,0.94,13.740601503759398,0,0,0,0,0,3655,266,16,0,0,7.5,3,
window_poison,window,none,fidelity,False,True,16,poison,0.1,2,s029,7,12.0,7.01086956521739,6.0,49.5,66,59,47,4,6,8,0.94,13.24436090225564,0,0,0,0,0,3523,266,16,0,0,8.8125,4,
window_poison,window,none,fidelity,False,True,16,poison,0.1,2,s029,8,22.0,12.771739130434783,6.0,58.5,66,60,47,4,6,9,0.94,14.330827067669173,0,0,0,0,0,3812,266,16,0,0,8.5,5,96.0
aeqkad_poison,window,full,fidelity,False,True,16,poison,0.1,0,s029,2,12.5,4.67391304347826,2.0,47.0,66,51,43,2,6,6,0.86,13.62406015037594,62,11,0,0,0,3624,266,16,0,0,11.4375,4,
aeqkad_poison,window,full,fidelity,False,True,16,poison,0.1,0,s029,3,11.5,0.0,4.0,42.5,66,57,45,2,6,10,0.9,13.413533834586469,61,4,0,0,0,3568,266,16,0,0,9.125,1,
aeqkad_poison,window,full,fidelity,False,True,16,poison,0.1,0,s029,4,13.5,0.0,2.0,42.5,66,55,46,0,6,9,0.92,12.646616541353383,59,4,0,0,0,3364,266,16,0,0,9.9375,3,
aeqkad_poison,window,full,fidelity,False,True,16,poison,0.1,0,s029,5,17.0,3.423913043478259,10.0,47.0,66,54,43,2,6,9,0.86,11.150375939849624,59,4,0,0,1,2966,266,16,0,0,8.5,4,
aeqkad_poison,window,full,fidelity,False,True,16,poison,0.1,0,s029,6,18.750000000000004,7.01086956521739,10.0,43.0,66,46,41,0,6,5,0.82,11.51127819548872,56,10,0,0,0,3062,266,16,0,0,11.6875,0,
aeqkad_poison,window,full,fidelity,False,True,16,poison,0.1,0,s029,7,11.249999999999998,5.760869565217389,10.0,37.0,66,50,44,0,6,6,0.88,11.706766917293232,56,6,0,0,0,3114,266,16,0,0,10.0,1,
aeqkad_poison,window,full,fidelity,False,True,16,poison,0.1,0,s029,8,17.500000000000004,10.434782608695654,12.0,52.5,66,51,41,1,6,9,0.82,13.642857142857142,56,4,0,0,1,3629,266,16,0,0,10.25,2,90.0
aeqkad_poison,window,full,fidelity,False,True,16,poison,0.1,1,s029,2,15.000000000000002,5.923913043478259,2.0,48.0,66,49,45,1,6,3,0.9,13.18796992481203,59,9,0,0,1,3508,266,16,0,0,9.4375,2,
aeqkad_poison,window,full,fidelity,False,True,16,poison,0.1,1,s029,3,14.250000000000002,1.25,8.0,50.0,66,52,43,1,6,8,0.86,12.951127819548873,57,2,0,0,3,3445,266,16,0,0,10.0625,1,
aeqkad_poison,window,full,fidelity,False,True,16,poison,0.1,1,s029,4,10.25,0.0,2.0,46.0,66,55,45,1,6,9,0.9,13.097744360902256,59,4,0,0,0,3484,266,16,0,0,10.75,2,
aeqkad_poison,window,full,fidelity,False,True,16,poison,0.1,1,s029,5,18.000000000000004,1.0869565217391297,12.0,39.0,66,39,39,0,6,0,0.78,8.887218045112782,49,6,0,0,4,2364,266,16,0,0,19.0625,0,
aeqkad_poison,window,full,fidelity,False,True,16,poison,0.1,1,s029,6,20.0,3.423913043478259,14.000000000000002,30.5,66,39,39,0,6,0,0.78,10.093984962406015,53,11,0,0,3,2685,266,16,0,0,11.625,0,
aeqkad_poison,window,full,fidelity,False,True,16,poison,0.1,1,s029,7,12.25,1.25,10.0,40.0,66,45,44,1,6,0,0.88,11.1390977443609,52,6,0,0,1,2963,266,16,0,0,12.3125,0,
aeqkad_poison,window,full,fidelity,False,True,16,poison,0.1,1,s029,8,18.000000000000004,10.434782608695654,10.0,39.0,66,39,39,0,6,0,0.78,12.112781954887218,52,8,0,0,5,3222,266,16,0,0,12.4375,0,57.99999999999999
aeqkad_poison,window,full,fidelity,False,True,16,poison,0.1,2,s029,2,14.000000000000002,1.0869565217391297,4.0,53.0,66,48,42,0,6,6,0.84,13.022556390977444,60,12,0,0,0,3464,266,16,0,0,9.5625,1,
aeqkad_poison,window,full,fidelity,False,True,16,poison,0.1,2,s029,3,13.5,1.25,6.0,47.0,66,52,42,0,6,10,0.84,12.609022556390975,60,8,0,0,0,3354,266,16,0,0,11.3125,2,
aeqkad_poison,window,full,fidelity,False,True,16,poison,0.1,2,s029,4,15.000000000000002,5.760869565217389,2.0,51.0,66,52,43,0,6,9,0.86,12.721804511278195,62,10,0,0,0,3384,266,16,0,0,11.9375,2,
aeqkad_poison,window,full,fidelity,False,True,16,poison,0.1,2,s029,5,12.0,0.0,10.0,44.0,66,49,43,0,6,6,0.86,10.334586466165414,57,7,0,0,1,2749,266,16,0,0,11.625,2,
aeqkad_poison,window,full,fidelity,False,True,16,poison,0.1,2,s029,6,19.5,3.423913043478259,10.0,48.5,66,49,40,0,6,9,0.8,12.49624060150376,57,8,0,0,0,3324,266,16,0,0,9.625,3,
aeqkad_poison,window,full,fidelity,False,True,16,poison,0.1,2,s029,7,11.249999999999998,3.58695652173913,10.0,33.0,66,42,41,0,6,1,0.82,11.015037593984962,55,13,0,0,0,2930,266,16,0,0,13.1875,1,
aeqkad_poison,window,full,fidelity,False,True,16,poison,0.1,2,s029,8,20.0,12.771739130434783,8.0,45.5,66,40,38,0,6,2,0.76,12.8609022556391,58,17,0,0,1,3421,266,16,0,0,13.75,0,52.0
mm_poison,mm,full,fidelity,False,True,16,poison,0.1,0,s029,2,14.000000000000002,5.760869565217389,0.0,85.0,66,53,42,2,6,9,0.84,16.0,66,11,0,0,2,4256,266,16,1,12,75.3125,3,
mm_poison,mm,full,fidelity,False,True,16,poison,0.1,0,s029,3,11.5,1.25,2.0,65.0,66,58,46,2,6,10,0.92,15.612781954887218,64,6,0,0,0,4153,266,16,1,1,38.9375,6,
mm_poison,mm,full,fidelity,False,True,16,poison,0.1,0,s029,4,15.750000000000004,2.33695652173913,2.0,71.5,66,58,48,1,6,9,0.96,15.969924812030076,59,1,0,0,0,4248,266,16,1,1,54.875,4,
mm_poison,mm,full,fidelity,False,True,16,poison,0.1,0,s029,5,16.250000000000004,11.521739130434783,6.0,67.5,66,58,45,4,6,9,0.9,15.951127819548873,63,5,0,0,0,4243,266,16,1,1,50.6875,5,
mm_poison,mm,full,fidelity,False,True,16,poison,0.1,0,s029,6,19.75,6.08695652173913,8.0,68.5,66,54,42,2,6,10,0.84,16.0,58,4,0,0,0,4256,266,16,1,1,52.5625,6,
mm_poison,mm,full,fidelity,False,True,16,poison,0.1,0,s029,7,14.500000000000002,4.67391304347826,4.0,60.0,66,52,43,1,6,8,0.86,15.977443609022556,61,7,0,0,2,4250,266,16,1,1,68.375,5,
mm_poison,mm,full,fidelity,False,True,16,poison,0.1,0,s029,8,21.25,15.108695652173914,10.0,70.5,66,52,41,2,6,9,0.82,15.74812030075188,60,8,0,0,0,4189,266,16,1,1,65.5625,5,92.0
mm_poison,mm,full,fidelity,False,True,16,poison,0.1,1,s029,2,16.75,9.347826086956523,0.0,77.0,66,48,42,2,6,4,0.84,16.0,66,9,0,0,9,4256,266,16,1,15,92.5,0,
mm_poison,mm,full,fidelity,False,True,16,poison,0.1,1,s029,3,12.0,4.67391304347826,2.0,66.5,66,58,47,2,6,9,0.94,15.342105263157896,61,1,0,0,2,4081,266,16,1,1,38.8125,2,
mm_poison,mm,full,fidelity,False,True,16,poison,0.1,1,s029,4,13.750000000000002,0.0,2.0,59.5,66,56,46,1,6,9,0.92,15.969924812030076,62,5,0,0,1,4248,266,16,1,1,46.3125,3,
mm_poison,mm,full,fidelity,False,True,16,poison,0.1,1,s029,5,14.250000000000002,7.01086956521739,8.0,63.0,66,46,45,0,6,1,0.9,15.6390977443609,59,3,0,0,10,4160,266,16,1,1,61.3125,3,
mm_poison,mm,full,fidelity,False,True,16,poison,0.1,1,s029,6,13.750000000000002,7.01086956521739,6.0,54.50000000000001,66,41,41,0,6,0,0.82,15.221804511278195,59,7,0,0,11,4049,266,16,1,1,65.0625,0,
mm_poison,mm,full,fidelity,False,True,16,poison,0.1,1,s029,7,12.75,3.58695652173913,10.0,56.49999999999999,66,45,43,2,6,0,0.86,15.492481203007518,54,7,0,0,2,4121,266,16,1,1,61.375,2,
mm_poison,mm,full,fidelity,False,True,16,poison,0.1,1,s029,8,22.0,9.184782608695654,6.0,62.0,66,40,40,0,6,0,0.8,16.0,57,12,0,0,5,4256,266,16,1,1,91.5,2,72.0
mm_poison,mm,full,fidelity,False,True,16,poison,0.1,2,s029,2,12.0,4.67391304347826,0.0,84.5,66,50,42,0,6,8,0.84,16.0,66,13,0,0,3,4256,266,16,1,15,89.875,0,
mm_poison,mm,full,fidelity,False,True,16,poison,0.1,2,s029,3,7.999999999999999,1.25,2.0,62.0,66,56,46,0,6,10,0.92,15.62781954887218,64,8,0,0,0,4157,266,16,1,1,41.3125,3,
mm_poison,mm,full,fidelity,False,True,16,poison,0.1,2,s029,4,16.0,4.67391304347826,2.0,63.5,66,54,44,0,6,10,0.88,16.0,63,9,0,0,0,4256,266,16,1,1,65.1875,4,
mm_poison,mm,full,fidelity,False,True,16,poison,0.1,2,s029,5,14.500000000000002,5.760869565217389,8.0,66.0,66,54,45,1,6,8,0.9,15.477443609022556,61,7,0,0,0,4117,266,16,1,1,58.5625,2,
mm_poison,mm,full,fidelity,False,True,16,poison,0.1,2,s029,6,18.000000000000004,11.521739130434783,8.0,63.5,66,51,41,0,6,10,0.82,15.936090225563907,60,9,0,0,0,4239,266,16,1,1,67.0625,6,
mm_poison,mm,full,fidelity,False,True,16,poison,0.1,2,s029,7,18.000000000000004,11.521739130434783,4.0,58.5,66,46,41,0,6,5,0.82,16.0,62,15,0,0,1,4256,266,16,1,1,84.1875,2,
mm_poison,mm,full,fidelity,False,True,16,poison,0.1,2,s029,8,20.25,12.771739130434783,8.0,60.0,66,50,40,1,6,9,0.8,15.770676691729324,59,8,0,0,1,4195,266,16,1,1,72.4375,6,100.0
window_poison,window,none,fidelity,False,True,16,poison,0.1,0,s030,2,22.25,5.760869565217389,2.0,65.5,66,62,49,5,6,8,0.98,12.8796992481203,0,0,0,0,0,3426,266,16,0,0,8.1875,1,
window_poison,window,none,fidelity,False,True,16,poison,0.1,0,s030,3,26.0,6.847826086956524,8.0,49.5,66,55,46,1,6,8,0.92,12.421052631578949,0,0,0,0,0,3304,266,16,0,0,8.4375,3,
window_poison,window,none,fidelity,False,True,16,poison,0.1,0,s030,4,18.000000000000004,2.33695652173913,8.0,54.0,66,61,46,5,6,10,0.92,10.25187969924812,0,0,0,0,0,2727,266,16,0,0,8.0625,4,
window_poison,window,none,fidelity,False,True,16,poison,0.1,0,s030,5,13.25,4.67391304347826,6.0,80.0,66,62,47,5,6,10,0.94,10.68796992481203,0,0,0,0,0,2843,266,16,0,0,8.5,3,
window_poison,window,none,fidelity,False,True,16,poison,0.1,0,s030,6,16.500000000000004,12.771739130434783,4.0,62.0,66,61,48,3,6,10,0.96,10.578947368421051,0,0,0,0,0,2814,266,16,0,0,8.5,2,
window_poison,window,none,fidelity,False,True,16,poison,0.1,0,s030,7,21.25,11.521739130434783,12.0,63.5,66,56,44,2,6,10,0.88,9.458646616541351,0,0,0,0,0,2516,266,16,0,0,7.6875,3,
window_poison,window,none,fidelity,False,True,16,poison,0.1,0,s030,8,14.250000000000002,2.33695652173913,2.0,41.0,66,62,49,3,6,10,0.98,10.026315789473683,0,0,0,0,0,2667,266,16,0,0,8.0625,5,98.0
window_poison,window,none,fidelity,False,True,16,poison,0.1,1,s030,2,25.75,12.771739130434783,0.0,76.0,66,63,50,3,6,10,1.0,12.973684210526317,0,0,0,0,0,3451,266,16,0,0,9.0,5,
window_poison,window,none,fidelity,False,True,16,poison,0.1,1,s030,3,27.25,15.108695652173914,6.0,72.0,66,61,47,4,6,10,0.94,12.428571428571429,0,0,0,0,0,3306,266,16,0,0,8.0625,1,
window_poison,window,none,fidelity,False,True,16,poison,0.1,1,s030,4,17.000000000000004,4.67391304347826,4.0,52.0,66,60,48,3,6,9,0.96,10.969924812030076,0,0,0,0,0,2918,266,16,0,0,8.1875,2,
window_poison,window,none,fidelity,False,True,16,poison,0.1,1,s030,5,15.000000000000002,3.423913043478259,4.0,74.0,66,62,48,4,6,10,0.96,10.770676691729324,0,0,0,0,0,2865,266,16,0,0,8.5,4,
window_poison,window,none,fidelity,False,True,16,poison,0.1,1,s030,6,14.500000000000002,3.423913043478259,4.0,67.5,66,59,48,2,6,9,0.96,10.793233082706768,0,0,0,0,0,2871,266,16,0,0,7.5625,1,
window_poison,window,none,fidelity,False,True,16,poison,0.1,1,s030,7,17.000000000000004,7.01086956521739,12.0,63.5,66,57,44,4,6,9,0.88,10.018796992481205,0,0,0,0,0,2665,266,16,0,0,7.8125,3,
window_poison,window,none,fidelity,False,True,16,poison,0.1,1,s030,8,14.750000000000002,2.33695652173913,2.0,38.5,66,61,49,5,6,7,0.98,9.484962406015038,0,0,0,0,0,2523,266,16,0,0,7.875,3,90.0
window_poison,window,none,fidelity,False,True,16,poison,0.1,2,s030,2,22.25,9.347826086956523,0.0,75.0,66,64,50,5,6,9,1.0,12.48872180451128,0,0,0,0,0,3322,266,16,0,0,8.3125,3,
window_poison,window,none,fidelity,False,True,16,poison,0.1,2,s030,3,30.500000000000004,8.097826086956525,10.0,63.5,66,58,45,4,6,9,0.9,12.428571428571429,0,0,0,0,0,3306,266,16,0,0,8.25,6,
window_poison,window,none,fidelity,False,True,16,poison,0.1,2,s030,4,17.750000000000004,7.01086956521739,6.0,71.5,66,61,47,5,6,9,0.94,11.078947368421051,0,0,0,0,0,2947,266,16,0,0,7.625,3,
window_poison,window,none,fidelity,False,True,16,poison,0.1,2,s030,5,14.000000000000002,4.67391304347826,6.0,82.0,66,61,47,4,6,10,0.94,11.078947368421051,0,0,0,0,0,2947,266,16,0,0,9.1875,1,
window_poison,window,none,fidelity,False,True,16,poison,0.1,2,s030,6,18.000000000000004,7.01086956521739,4.0,72.0,66,59,48,4,6,7,0.96,10.1203007518797,0,0,0,0,0,2692,266,16,0,0,7.5,4,
window_poison,window,none,fidelity,False,True,16,poison,0.1,2,s030,7,18.5,10.434782608695654,12.0,78.5,66,59,44,5,6,10,0.88,10.12406015037594,0,0,0,0,0,2693,266,16,0,0,7.8125,5,
window_poison,window,none,fidelity,False,True,16,poison,0.1,2,s030,8,15.750000000000004,4.67391304347826,2.0,66.5,66,65,49,6,6,10,0.98,10.680451127819548,0,0,0,0,0,2841,266,16,0,0,7.5,4,98.0
aeqkad_poison,window,full,fidelity,False,True,16,poison,0.1,0,s030,2,19.75,7.01086956521739,4.0,65.0,66,49,42,2,6,5,0.84,12.176691729323307,61,12,0,0,0,3239,266,16,0,0,10.9375,2,
aeqkad_poison,window,full,fidelity,False,True,16,poison,0.1,0,s030,3,40.5,24.456521739130437,18.0,64.0,66,35,27,2,6,6,0.54,10.398496240601505,54,19,0,0,0,2766,266,16,0,0,10.875,2,
aeqkad_poison,window,full,fidelity,False,True,16,poison,0.1,0,s030,4,19.75,6.847826086956524,10.0,51.5,66,52,41,2,6,9,0.82,9.13157894736842,60,8,0,0,0,2429,266,16,0,0,9.9375,2,
aeqkad_poison,window,full,fidelity,False,True,16,poison,0.1,0,s030,5,14.500000000000002,4.67391304347826,6.0,64.0,66,53,44,1,6,8,0.88,8.958646616541353,60,7,0,0,0,2383,266,16,0,0,10.4375,3,
aeqkad_poison,window,full,fidelity,False,True,16,poison,0.1,0,s030,6,21.75,12.771739130434783,8.0,61.0,66,55,42,3,6,10,0.84,9.691729323308271,59,4,0,0,0,2578,266,16,0,0,8.5,2,
aeqkad_poison,window,full,fidelity,False,True,16,poison,0.1,0,s030,7,19.25,8.097826086956525,12.0,60.5,66,52,41,2,6,9,0.82,9.191729323308271,56,4,0,0,0,2445,266,16,0,0,7.875,3,
aeqkad_poison,window,full,fidelity,False,True,16,poison,0.1,0,s030,8,8.75,0.0,2.0,28.5,66,41,41,0,6,0,0.82,7.75187969924812,57,15,0,0,1,2062,266,16,0,0,16.8125,0,62.0
aeqkad_poison,window,full,fidelity,False,True,16,poison,0.1,1,s030,2,30.000000000000004,11.847826086956523,2.0,76.0,66,48,42,1,6,5,0.84,11.87593984962406,61,13,0,0,0,3159,266,16,0,0,13.6875,2,
aeqkad_poison,window,full,fidelity,False,True,16,poison,0.1,1,s030,3,37.75,26.956521739130437,14.000000000000002,59.0,66,37,27,2,6,8,0.54,9.68421052631579,56,19,0,0,0,2576,266,16,0,0,10.875,0,
aeqkad_poison,window,full,fidelity,False,True,16,poison,0.1,1,s030,4,17.500000000000004,9.347826086956523,8.0,43.0,66,49,40,2,6,7,0.8,9.086466165413531,58,9,0,0,0,2417,266,16,0,0,10.5625,0,
aeqkad_poison,window,full,fidelity,False,True,16,poison,0.1,1,s030,5,17.000000000000004,5.923913043478259,6.0,61.5,66,53,45,0,6,8,0.9,9.342105263157896,61,8,0,0,0,2485,266,16,0,0,9.6875,3,
aeqkad_poison,window,full,fidelity,False,True,16,poison,0.1,1,s030,6,14.000000000000002,4.510869565217389,6.0,58.5,66,49,43,0,6,6,0.86,9.808270676691729,57,8,0,0,0,2609,266,16,0,0,8.125,0,
aeqkad_poison,window,full,fidelity,False,True,16,poison,0.1,1,s030,7,18.25,2.33695652173913,12.0,27.0,66,42,42,0,6,0,0.84,7.526315789473684,50,8,0,0,0,2002,266,16,0,0,8.875,0,
aeqkad_poison,window,full,fidelity,False,True,16,poison,0.1,1,s030,8,8.5,0.0,4.0,23.5,66,45,43,1,6,1,0.86,7.642857142857143,56,10,0,0,1,2033,266,16,0,0,11.1875,2,46.0
aeqkad_poison,window,full,fidelity,False,True,16,poison,0.1,2,s030,2,21.75,10.434782608695654,0.0,71.5,66,55,44,3,6,8,0.88,11.887218045112782,64,9,0,0,0,3162,266,16,0,0,10.625,2,
aeqkad_poison,window,full,fidelity,False,True,16,poison,0.1,2,s030,3,29.500000000000004,24.456521739130437,14.000000000000002,51.0,66,33,27,0,6,6,0.54,9.778195488721805,53,20,0,0,0,2601,266,16,0,0,13.3125,1,
aeqkad_poison,window,full,fidelity,False,True,16,poison,0.1,2,s030,4,16.250000000000004,4.67391304347826,6.0,53.0,66,55,44,5,6,6,0.88,10.161654135338344,61,6,0,0,0,2703,266,16,0,0,9.25,2,
aeqkad_poison,window,full,fidelity,False,True,16,poison,0.1,2,s030,5,17.500000000000004,3.58695652173913,6.0,71.5,66,51,45,3,6,3,0.9,9.61654135338346,60,9,0,0,0,2558,266,16,0,0,10.6875,1,
aeqkad_poison,window,full,fidelity,False,True,16,poison,0.1,2,s030,6,14.250000000000002,5.760869565217389,6.0,50.0,66,44,43,1,6,0,0.86,8.259398496240602,49,5,0,0,0,2197,266,16,0,0,9.6875,0,
aeqkad_poison,window,full,fidelity,False,True,16,poison,0.1,2,s030,7,17.5,0.0,12.0,26.0,66,43,43,0,6,0,0.86,7.609022556390977,45,2,0,0,0,2024,266,16,0,0,12.625,0,
aeqkad_poison,window,full,fidelity,False,True,16,poison,0.1,2,s030,8,8.75,0.0,4.0,19.5,66,42,42,0,6,0,0.84,7.421052631578948,50,6,0,0,2,1974,266,16,0,0,13.5625,0,2.0
mm_poison,mm,full,fidelity,False,True,16,poison,0.1,0,s030,2,18.500000000000004,4.67391304347826,0.0,81.5,66,54,43,2,6,9,0.86,16.0,66,11,0,0,1,4256,266,16,1,13,74.6875,0,
mm_poison,mm,full,fidelity,False,True,16,poison,0.1,0,s030,3,20.5,10.434782608695654,8.0,45.0,66,37,35,0,6,2,0.7,14.135338345864662,57,20,0,0,0,3760,266,16,1,1,33.3125,1,
mm_poison,mm,full,fidelity,False,True,16,poison,0.1,0,s030,4,20.75,10.434782608695654,6.0,52.5,66,53,42,2,6,9,0.84,14.68421052631579,61,7,0,0,1,3906,266,16,1,1,69.25,2,
mm_poison,mm,full,fidelity,False,True,16,poison,0.1,0,s030,5,12.25,1.25,4.0,68.0,66,56,46,1,6,9,0.92,13.635338345864662,60,4,0,0,0,3627,266,16,1,1,44.3125,4,
mm_poison,mm,full,fidelity,False,True,16,poison,0.1,0,s030,6,16.75,10.434782608695654,4.0,70.5,66,58,47,2,6,9,0.94,14.3796992481203,61,3,0,0,0,3825,266,16,1,1,58.6875,3,
mm_poison,mm,full,fidelity,False,True,16,poison,0.1,0,s030,7,17.750000000000004,15.108695652173914,14.000000000000002,61.0,66,53,42,1,6,10,0.84,14.545112781954888,56,3,0,0,0,3869,266,16,1,1,72.125,3,
mm_poison,mm,full,fidelity,False,True,16,poison,0.1,0,s030,8,14.250000000000002,2.33695652173913,2.0,55.50000000000001,66,59,48,2,6,9,0.96,14.635338345864662,62,3,0,0,0,3893,266,16,1,1,62.6875,5,98.0
mm_poison,mm,full,fidelity,False,True,16,poison,0.1,1,s030,2,21.5,8.097826086956525,0.0,88.5,66,54,44,1,6,9,0.88,16.0,63,9,0,0,0,4256,266,16,2,12,69.0,2,
mm_poison,mm,full,fidelity,False,True,16,poison,0.1,1,s030,3,25.5,12.771739130434783,6.0,81.5,66,44,35,1,6,8,0.7,15.18796992481203,61,17,0,0,0,4040,266,16,2,2,50.375,4,
mm_poison,mm,full,fidelity,False,True,16,poison,0.1,1,s030,4,16.500000000000004,5.923913043478259,4.0,67.0,66,51,41,2,6,8,0.82,15.308270676691729,61,10,0,0,0,4072,266,16,2,2,69.25,3,
mm_poison,mm,full,fidelity,False,True,16,poison,0.1,1,s030,5,16.000000000000004,5.923913043478259,4.0,83.5,66,55,46,0,6,9,0.92,14.033834586466163,63,8,0,0,0,3733,266,16,2,2,62.0625,4,
mm_poison,mm,full,fidelity,False,True,16,poison,0.1,1,s030,6,14.000000000000002,8.097826086956525,0.0,83.0,66,56,47,0,6,9,0.94,15.041353383458649,62,6,0,0,0,4001,266,16,2,2,83.375,3,
mm_poison,mm,full,fidelity,False,True,16,poison,0.1,1,s030,7,19.25,12.771739130434783,12.0,83.5,66,53,42,3,6,8,0.84,15.353383458646617,60,6,0,0,1,4084,266,16,2,2,92.8125,6,
mm_poison,mm,full,fidelity,False,True,16,poison,0.1,1,s030,8,11.5,0.0,0.0,81.5,66,60,48,5,6,7,0.96,15.458646616541351,65,5,0,0,0,4112,266,16,2,2,102.6875,6,98.0
mm_poison,mm,full,fidelity,False,True,16,poison,0.1,2,s030,2,21.25,4.67391304347826,0.0,83.0,66,61,47,4,6,10,0.94,15.954887218045112,66,5,0,0,0,4244,266,16,1,8,47.625,2,
mm_poison,mm,full,fidelity,False,True,16,poison,0.1,2,s030,3,25.75,11.684782608695654,10.0,73.0,66,45,37,0,6,8,0.74,15.62781954887218,59,13,0,0,1,4157,266,16,1,1,43.6875,5,
mm_poison,mm,full,fidelity,False,True,16,poison,0.1,2,s030,4,18.500000000000004,9.347826086956523,4.0,81.0,66,59,46,4,6,9,0.92,15.199248120300751,63,4,0,0,0,4043,266,16,1,1,48.25,6,
mm_poison,mm,full,fidelity,False,True,16,poison,0.1,2,s030,5,16.250000000000004,11.521739130434783,4.0,87.5,66,59,47,4,6,8,0.94,14.68796992481203,62,3,0,0,0,3907,266,16,1,1,51.5,6,
mm_poison,mm,full,fidelity,False,True,16,poison,0.1,2,s030,6,33.5,23.20652173913043,4.0,89.0,66,58,43,5,6,10,0.86,15.43233082706767,64,6,0,0,0,4105,266,16,1,1,63.5,7,
mm_poison,mm,full,fidelity,False,True,16,poison,0.1,2,s030,7,25.5,17.445652173913043,10.0,91.0,66,45,42,1,6,2,0.84,15.849624060150376,59,4,0,0,10,4216,266,16,1,1,79.9375,5,
mm_poison,mm,full,fidelity,False,True,16,poison,0.1,2,s030,8,13.0,0.0,2.0,81.5,66,51,48,3,6,0,0.96,14.87593984962406,60,5,0,0,4,3957,266,16,1,1,63.25,3,6.0
window_poison,window,none,fidelity,False,True,16,poison,0.1,0,s031,2,35.5,24.456521739130437,12.0,68.0,66,58,44,5,6,9,0.88,15.210526315789474,0,0,0,0,0,4046,266,16,0,0,7.5,4,
window_poison,window,none,fidelity,False,True,16,poison,0.1,0,s031,3,26.25,17.445652173913043,12.0,61.0,66,57,44,4,6,9,0.88,15.37593984962406,0,0,0,0,0,4090,266,16,0,0,10.3125,3,
window_poison,window,none,fidelity,False,True,16,poison,0.1,0,s031,4,28.000000000000004,17.445652173913043,8.0,68.0,66,60,46,5,6,9,0.92,15.229323308270676,0,0,0,0,0,4051,266,16,0,0,9.1875,4,
window_poison,window,none,fidelity,False,True,16,poison,0.1,0,s031,5,23.75,8.097826086956525,8.0,56.00000000000001,66,57,46,2,6,9,0.92,13.774436090225564,0,0,0,0,0,3664,266,16,0,0,9.625,3,
window_poison,window,none,fidelity,False,True,16,poison,0.1,0,s031,6,29.500000000000004,14.021739130434783,8.0,64.5,66,60,46,5,6,9,0.92,14.199248120300751,0,0,0,0,0,3777,266,16,0,0,9.375,7,
window_poison,window,none,fidelity,False,True,16,poison,0.1,0,s031,7,35.0,22.28260869565217,4.0,76.0,66,60,48,4,6,8,0.96,14.454887218045112,0,0,0,0,0,3845,266,16,0,0,7.6875,4,
window_poison,window,none,fidelity,False,True,16,poison,0.1,0,s031,8,23.75,16.195652173913043,8.0,62.5,66,54,46,4,6,4,0.92,14.98872180451128,0,0,0,0,0,3987,266,16,0,0,9.375,3,98.0
window_poison,window,none,fidelity,False,True,16,poison,0.1,1,s031,2,27.750000000000004,12.771739130434783,14.000000000000002,59.5,66,56,43,4,6,9,0.86,15.24812030075188,0,0,0,0,0,4056,266,16,0,0,7.5625,4,
window_poison,window,none,fidelity,False,True,16,poison,0.1,1,s031,3,24.25,17.445652173913043,14.000000000000002,61.5,66,56,43,3,6,10,0.86,15.451127819548873,0,0,0,0,0,4110,266,16,0,0,10.25,3,
window_poison,window,none,fidelity,False,True,16,poison,0.1,1,s031,4,31.75,19.78260869565217,8.0,65.0,66,59,46,4,6,9,0.92,14.842105263157896,0,0,0,0,0,3948,266,16,0,0,7.5,4,
window_poison,window,none,fidelity,False,True,16,poison,0.1,1,s031,5,23.75,10.434782608695654,8.0,65.0,66,57,46,2,6,9,0.92,13.936090225563907,0,0,0,0,0,3707,266,16,0,0,9.625,4,
window_poison,window,none,fidelity,False,True,16,poison,0.1,1,s031,6,22.75,18.369565217391305,8.0,59.5,66,57,46,2,6,9,0.92,13.69548872180451,0,0,0,0,0,3643,266,16,0,0,9.3125,2,
window_poison,window,none,fidelity,False,True,16,poison,0.1,1,s031,7,32.49999999999999,24.293478260869566,16.0,66.0,66,52,42,3,6,7,0.84,13.785714285714286,0,0,0,0,0,3667,266,16,0,0,8.6875,4,
window_poison,window,none,fidelity,False,True,16,poison,0.1,1,s031,8,26.25,10.597826086956523,6.0,66.0,66,58,47,5,6,6,0.94,15.06766917293233,0,0,0,0,0,4008,266,16,0,0,8.0625,5,76.0
window_poison,window,none,fidelity,False,True,16,poison,0.1,2,s031,2,28.500000000000004,17.445652173913043,10.0,67.0,66,60,45,5,6,10,0.9,15.484962406015038,0,0,0,0,0,4119,266,16,0,0,7.5,4,
window_poison,window,none,fidelity,False,True,16,poison,0.1,2,s031,3,27.250000000000004,15.271739130434783,12.0,65.5,66,56,44,3,6,9,0.88,15.48872180451128,0,0,0,0,0,4120,266,16,0,0,12.0625,5,
window_poison,window,none,fidelity,False,True,16,poison,0.1,2,s031,4,27.500000000000004,15.108695652173914,12.0,62.0,66,58,44,4,6,10,0.88,14.849624060150376,0,0,0,0,0,3950,266,16,0,0,8.5,3,
window_poison,window,none,fidelity,False,True,16,poison,0.1,2,s031,5,28.25,16.195652173913043,10.0,68.0,66,57,45,3,6,9,0.9,14.285714285714286,0,0,0,0,0,3800,266,16,0,0,11.4375,2,
window_poison,window,none,fidelity,False,True,16,poison,0.1,2,s031,6,26.75,16.195652173913043,8.0,63.5,66,61,46,5,6,10,0.92,13.75187969924812,0,0,0,0,0,3658,266,16,0,0,9.125,5,
window_poison,window,none,fidelity,False,True,16,poison,0.1,2,s031,7,33.75,19.78260869565217,10.0,69.5,66,61,45,6,6,10,0.9,14.38345864661654,0,0,0,0,0,3826,266,16,0,0,7.75,3,
window_poison,window,none,fidelity,False,True,16,poison,0.1,2,s031,8,22.25,9.347826086956523,8.0,66.0,66,61,46,5,6,10,0.92,15.090225563909774,0,0,0,0,0,4014,266,16,0,0,8.6875,4,74.0
aeqkad_poison,window,full,fidelity,False,True,16,poison,0.1,0,s031,2,40.75,40.81521739130435,16.0,60.0,66,24,14,1,6,9,0.28,15.398496240601505,56,32,0,0,0,4096,266,16,0,0,14.5,6,
aeqkad_poison,window,full,fidelity,False,True,16,poison,0.1,0,s031,3,31.75,22.1195652173913,14.000000000000002,60.5,66,44,35,2,6,7,0.7,14.93233082706767,57,12,0,0,1,3972,266,16,0,0,11.5625,2,
aeqkad_poison,window,full,fidelity,False,True,16,poison,0.1,0,s031,4,32.49999999999999,10.760869565217387,10.0,56.00000000000001,66,40,28,3,6,9,0.56,14.142857142857142,59,18,0,0,1,3762,266,16,0,0,12.5,6,
aeqkad_poison,window,full,fidelity,False,True,16,poison,0.1,0,s031,5,28.000000000000004,14.021739130434783,10.0,55.00000000000001,66,45,36,0,6,9,0.72,12.357142857142858,56,10,0,0,1,3287,266,16,0,0,12.6875,2,
aeqkad_poison,window,full,fidelity,False,True,16,poison,0.1,0,s031,6,30.000000000000004,14.021739130434783,8.0,60.5,66,47,37,3,6,7,0.74,12.928571428571429,60,12,0,0,1,3439,266,16,0,0,12.0625,6,
aeqkad_poison,window,full,fidelity,False,True,16,poison,0.1,0,s031,7,33.25,16.195652173913043,12.0,64.0,66,38,33,1,6,4,0.66,13.462406015037594,54,15,0,0,1,3581,266,16,0,0,16.8125,1,
aeqkad_poison,window,full,fidelity,False,True,16,poison,0.1,0,s031,8,24.25,10.597826086956523,12.0,50.0,66,38,37,1,6,0,0.74,13.447368421052632,47,9,0,0,0,3577,266,16,0,0,14.375,0,44.0
aeqkad_poison,window,full,fidelity,False,True,16,poison,0.1,1,s031,2,28.500000000000004,22.1195652173913,14.000000000000002,56.49999999999999,66,38,30,1,6,7,0.6,14.462406015037594,55,16,0,0,1,3847,266,16,0,0,12.625,3,
aeqkad_poison,window,full,fidelity,False,True,16,poison,0.1,1,s031,3,27.750000000000004,20.869565217391305,14.000000000000002,59.0,66,48,38,2,6,8,0.76,15.033834586466163,57,9,0,0,0,3999,266,16,0,0,10.25,3,
aeqkad_poison,window,full,fidelity,False,True,16,poison,0.1,1,s031,4,34.5,18.53260869565217,16.0,53.5,66,39,29,2,6,8,0.58,14.214285714285714,54,15,0,0,0,3781,266,16,0,0,11.875,4,
aeqkad_poison,window,full,fidelity,False,True,16,poison,0.1,1,s031,5,21.25,12.771739130434783,14.000000000000002,48.5,66,36,33,0,6,3,0.66,11.01127819548872,52,14,0,0,2,2929,266,16,0,0,19.0,1,
aeqkad_poison,window,full,fidelity,False,True,16,poison,0.1,1,s031,6,26.25,17.445652173913043,12.0,51.5,66,42,37,1,6,4,0.74,11.672932330827068,53,9,0,0,2,3105,266,16,0,0,11.9375,0,
aeqkad_poison,window,full,fidelity,False,True,16,poison,0.1,1,s031,7,31.75,22.1195652173913,18.0,52.0,66,36,31,1,6,4,0.62,12.37218045112782,49,11,0,0,2,3291,266,16,0,0,17.875,0,
aeqkad_poison,window,full,fidelity,False,True,16,poison,0.1,1,s031,8,30.25,20.70652173913043,14.000000000000002,56.00000000000001,66,42,35,3,6,4,0.7,13.81203007518797,52,10,0,0,0,3674,266,16,0,0,11.875,4,62.0
aeqkad_poison,window,full,fidelity,False,True,16,poison,0.1,2,s031,2,29.25,15.271739130434783,12.0,60.5,66,44,32,2,6,10,0.64,14.766917293233083,59,15,0,0,0,3928,266,16,0,0,9.375,5,
aeqkad_poison,window,full,fidelity,False,True,16,poison,0.1,2,s031,3,25.5,16.195652173913043,12.0,63.0,66,51,41,3,6,7,0.82,15.19548872180451,55,4,0,0,0,4042,266,16,0,0,12.875,4,
aeqkad_poison,window,full,fidelity,False,True,16,poison,0.1,2,s031,4,33.24999999999999,15.108695652173914,18.0,57.49999999999999,66,45,34,1,6,10,0.68,13.80451127819549,54,9,0,0,0,3672,266,16,0,0,11.9375,2,
aeqkad_poison,window,full,fidelity,False,True,16,poison,0.1,2,s031,5,27.750000000000004,17.445652173913043,8.0,63.5,66,49,39,1,6,9,0.78,13.436090225563907,58,9,0,0,0,3574,266,16,0,0,11.6875,2,
aeqkad_poison,window,full,fidelity,False,True,16,poison,0.1,2,s031,6,24.0,16.358695652173914,8.0,61.0,66,57,44,3,6,10,0.88,13.6390977443609,61,2,0,0,2,3628,266,16,0,0,10.375,4,
aeqkad_poison,window,full,fidelity,False,True,16,poison,0.1,2,s031,7,34.0,23.20652173913043,14.000000000000002,63.0,66,46,33,3,6,10,0.66,12.800751879699249,59,12,0,0,1,3405,266,16,0,0,9.4375,3,
aeqkad_poison,window,full,fidelity,False,True,16,poison,0.1,2,s031,8,22.25,9.347826086956523,10.0,63.0,66,52,40,3,6,9,0.8,14.597744360902256,59,6,0,0,1,3883,266,16,0,0,9.9375,4,82.0
mm_poison,mm,full,fidelity,False,True,16,poison,0.1,0,s031,2,46.75,50.0,30.0,62.0,66,12,3,0,6,9,0.06,16.0,50,38,0,0,0,4256,266,16,1,16,96.6875,0,
mm_poison,mm,full,fidelity,False,True,16,poison,0.1,0,s031,3,49.5,50.0,24.0,64.0,66,7,4,1,6,2,0.08,16.0,49,42,0,0,0,4256,266,16,1,16,162.6875,0,
mm_poison,mm,full,fidelity,False,True,16,poison,0.1,0,s031,4,47.5,44.07608695652174,32.0,68.5,66,11,6,3,6,2,0.12,16.0,48,36,0,0,1,4256,266,16,1,15,217.9375,1,
mm_poison,mm,full,fidelity,False,True,16,poison,0.1,0,s031,5,28.500000000000004,24.456521739130437,12.0,68.5,66,24,22,0,6,2,0.44,16.0,57,30,0,0,3,4256,266,16,1,13,245.25,2,
mm_poison,mm,full,fidelity,False,True,16,poison,0.1,0,s031,6,34.5,26.6304347826087,6.0,65.5,66,49,39,3,6,7,0.78,15.8796992481203,61,12,0,0,0,4224,266,16,1,1,61.75,4,
mm_poison,mm,full,fidelity,False,True,16,poison,0.1,0,s031,7,38.75,22.1195652173913,6.0,82.0,66,48,40,1,6,7,0.8,16.0,61,11,0,0,2,4256,266,16,1,1,80.8125,3,
mm_poison,mm,full,fidelity,False,True,16,poison,0.1,0,s031,8,31.499999999999996,19.78260869565217,8.0,81.5,66,48,44,1,6,3,0.88,16.0,60,6,0,0,6,4256,266,16,1,1,63.625,2,98.0
mm_poison,mm,full,fidelity,False,True,16,poison,0.1,1,s031,2,48.0,52.17391304347826,30.0,61.5,66,14,4,0,6,10,0.08,16.0,49,35,0,0,0,4256,266,16,1,16,96.6875,0,
mm_poison,mm,full,fidelity,False,True,16,poison,0.1,1,s031,3,50.24999999999999,48.75,26.0,69.0,66,4,3,0,6,1,0.06,16.0,49,45,0,0,0,4256,266,16,1,16,162.6875,0,
mm_poison,mm,full,fidelity,False,True,16,poison,0.1,1,s031,4,49.75,45.48913043478261,40.0,61.5,66,4,3,0,6,1,0.06,16.0,44,40,0,0,0,4256,266,16,1,16,228.6875,0,
mm_poison,mm,full,fidelity,False,True,16,poison,0.1,1,s031,5,31.75,27.8804347826087,18.0,62.5,66,11,10,0,6,1,0.2,16.0,50,39,0,0,0,4256,266,16,1,16,294.6875,0,
mm_poison,mm,full,fidelity,False,True,16,poison,0.1,1,s031,6,43.00000000000001,37.22826086956522,26.0,56.49999999999999,66,6,5,0,6,1,0.1,16.0,48,42,0,0,0,4256,266,16,1,16,360.6875,0,
mm_poison,mm,full,fidelity,False,True,16,poison,0.1,1,s031,7,65.99999999999999,65.10869565217392,72.0,59.5,66,3,2,1,6,0,0.04,16.0,24,21,0,0,0,4256,266,16,1,16,426.6875,0,
mm_poison,mm,full,fidelity,False,True,16,poison,0.1,1,s031,8,57.25,51.08695652173913,56.00000000000001,56.49999999999999,66,0,0,0,6,0,0.0,16.0,31,31,0,0,0,4256,266,16,1,16,492.6875,0,70.0
mm_poison,mm,full,fidelity,False,True,16,poison,0.1,2,s031,2,43.49999999999999,42.98913043478261,16.0,72.5,66,23,11,2,6,10,0.22,16.0,57,34,0,0,0,4256,266,16,1,15,92.125,0,
mm_poison,mm,full,fidelity,False,True,16,poison,0.1,2,s031,3,48.5,46.57608695652174,16.0,75.0,66,17,13,1,6,3,0.26,16.0,55,38,0,0,0,4256,266,16,1,15,158.125,0,
mm_poison,mm,full,fidelity,False,True,16,poison,0.1,2,s031,4,44.25,36.141304347826086,20.0,74.0,66,23,18,0,6,5,0.36,15.902255639097744,54,30,0,0,1,4230,266,16,1,10,143.375,0,
mm_poison,mm,full,fidelity,False,True,16,poison,0.1,2,s031,5,25.25,12.771739130434783,6.0,73.5,66,49,41,0,6,8,0.82,15.458646616541351,61,10,0,0,2,4112,266,16,1,1,46.5625,4,
mm_poison,mm,full,fidelity,False,True,16,poison,0.1,2,s031,6,28.000000000000004,19.78260869565217,6.0,76.5,66,58,44,4,6,10,0.88,16.0,62,3,0,0,1,4256,266,16,1,1,59.4375,4,
mm_poison,mm,full,fidelity,False,True,16,poison,0.1,2,s031,7,39.75,24.619565217391305,6.0,76.0,66,49,34,5,6,10,0.68,16.0,63,14,0,0,0,4256,266,16,1,1,61.0625,4,
mm_poison,mm,full,fidelity,False,True,16,poison,0.1,2,s031,8,30.000000000000004,14.021739130434783,6.0,78.5,66,55,43,3,6,9,0.86,15.99624060150376,61,6,0,0,0,4255,266,16,1,1,77.625,3,82.0
window_poison,window,none,fidelity,False,True,16,poison,0.1,0,s032,2,27.500000000000004,7.17391304347826,14.000000000000002,65.0,66,57,43,5,6,9,0.86,13.992481203007518,0,0,0,0,0,3722,266,16,0,0,8.8125,3,
window_poison,window,none,fidelity,False,True,16,poison,0.1,0,s032,3,26.0,15.108695652173914,4.0,72.0,66,64,48,6,6,10,0.96,14.507518796992482,0,0,0,0,0,3859,266,16,0,0,8.0,4,
window_poison,window,none,fidelity,False,True,16,poison,0.1,0,s032,4,24.25,9.347826086956523,14.000000000000002,61.0,66,55,43,3,6,9,0.86,13.278195488721805,0,0,0,0,0,3532,266,16,0,0,10.3125,3,
window_poison,window,none,fidelity,False,True,16,poison,0.1,0,s032,5,26.75,17.445652173913043,10.0,61.5,66,60,45,5,6,10,0.9,14.842105263157896,0,0,0,0,0,3948,266,16,0,0,7.75,3,
window_poison,window,none,fidelity,False,True,16,poison,0.1,0,s032,6,34.25,23.20652173913043,14.000000000000002,71.0,66,55,43,5,6,7,0.86,14.973684210526317,0,0,0,0,0,3983,266,16,0,0,7.5,4,
window_poison,window,none,fidelity,False,True,16,poison,0.1,0,s032,7,27.250000000000004,11.684782608695654,10.0,69.0,66,58,45,4,6,9,0.9,14.827067669172932,0,0,0,0,0,3944,266,16,0,0,8.4375,2,
window_poison,window,none,fidelity,False,True,16,poison,0.1,0,s032,8,23.25,12.771739130434783,10.0,60.5,66,56,45,3,6,8,0.9,14.274436090225564,0,0,0,0,0,3797,266,16,0,0,10.4375,3,80.0
window_poison,window,none,fidelity,False,True,16,poison,0.1,1,s032,2,29.000000000000004,19.78260869565217,12.0,62.0,66,57,44,4,6,9,0.88,14.142857142857142,0,0,0,0,0,3762,266,16,0,0,8.375,3,
window_poison,window,none,fidelity,False,True,16,poison,0.1,1,s032,3,30.25,23.3695652173913,8.0,57.99999999999999,66,60,46,4,6,10,0.92,13.665413533834586,0,0,0,0,0,3635,266,16,0,0,8.25,6,
window_poison,window,none,fidelity,False,True,16,poison,0.1,1,s032,4,20.75,4.510869565217389,12.0,57.99999999999999,66,56,44,2,6,10,0.88,13.037593984962406,0,0,0,0,0,3468,266,16,0,0,11.0625,5,
window_poison,window,none,fidelity,False,True,16,poison,0.1,1,s032,5,26.0,17.445652173913043,12.0,58.5,66,57,44,3,6,10,0.88,13.18796992481203,0,0,0,0,0,3508,266,16,0,0,7.75,2,
window_poison,window,none,fidelity,False,True,16,poison,0.1,1,s032,6,38.25,27.8804347826087,14.000000000000002,67.5,66,59,43,6,6,10,0.86,14.8796992481203,0,0,0,0,0,3958,266,16,0,0,8.1875,4,
window_poison,window,none,fidelity,False,True,16,poison,0.1,1,s032,7,30.000000000000004,17.445652173913043,6.0,60.5,66,62,47,5,6,10,0.94,14.582706766917294,0,0,0,0,0,3879,266,16,0,0,7.5,2,
window_poison,window,none,fidelity,False,True,16,poison,0.1,1,s032,8,24.25,17.445652173913043,8.0,62.5,66,57,46,1,6,10,0.92,13.74812030075188,0,0,0,0,0,3657,266,16,0,0,10.0625,3,96.0
window_poison,window,none,fidelity,False,True,16,poison,0.1,2,s032,2,26.5,12.934782608695656,16.0,49.0,66,55,42,3,6,10,0.84,13.590225563909774,0,0,0,0,0,3615,266,16,0,0,8.5625,6,
window_poison,window,none,fidelity,False,True,16,poison,0.1,2,s032,3,25.5,10.434782608695654,10.0,52.0,66,59,45,4,6,10,0.9,13.650375939849624,0,0,0,0,0,3631,266,16,0,0,8.25,4,
window_poison,window,none,fidelity,False,True,16,poison,0.1,2,s032,4,24.0,11.684782608695654,14.000000000000002,48.5,66,53,43,1,6,9,0.86,12.052631578947368,0,0,0,0,0,3206,266,16,0,0,12.125,1,
window_poison,window,none,fidelity,False,True,16,poison,0.1,2,s032,5,24.75,17.445652173913043,10.0,56.49999999999999,66,57,45,4,6,8,0.9,14.097744360902256,0,0,0,0,0,3750,266,16,0,0,8.0,3,
window_poison,window,none,fidelity,False,True,16,poison,0.1,2,s032,6,40.75,27.8804347826087,24.0,60.5,66,51,38,4,6,9,0.76,14.98872180451128,0,0,0,0,0,3987,266,16,0,0,8.25,5,
window_poison,window,none,fidelity,False,True,16,poison,0.1,2,s032,7,32.0,12.771739130434783,10.0,61.5,66,55,45,1,6,9,0.9,14.733082706766917,0,0,0,0,0,3919,266,16,0,0,10.9375,3,
window_poison,window,none,fidelity,False,True,16,poison,0.1,2,s032,8,28.25,19.78260869565217,12.0,57.49999999999999,66,56,44,4,6,8,0.88,14.334586466165414,0,0,0,0,0,3813,266,16,0,0,8.9375,4,94.0
aeqkad_poison,window,full,fidelity,False,True,16,poison,0.1,0,s032,2,30.000000000000004,8.260869565217389,12.0,58.5,66,41,35,1,6,5,0.7,13.507518796992482,57,16,0,0,0,3593,266,16,0,0,11.375,3,
aeqkad_poison,window,full,fidelity,False,True,16,poison,0.1,0,s032,3,26.5,16.358695652173914,12.0,55.50000000000001,66,42,37,2,6,3,0.74,12.992481203007518,55,13,0,0,0,3456,266,16,0,0,18.1875,1,
aeqkad_poison,window,full,fidelity,False,True,16,poison,0.1,0,s032,4,31.75,13.858695652173914,20.0,48.0,66,34,33,1,6,0,0.66,9.830827067669173,43,9,0,0,0,2615,266,16,0,0,15.5,1,
aeqkad_poison,window,full,fidelity,False,True,16,poison,0.1,0,s032,5,28.500000000000004,17.608695652173914,16.0,56.49999999999999,66,37,35,2,6,0,0.7,11.353383458646617,50,13,0,0,0,3020,266,16,0,0,9.1875,1,
aeqkad_poison,window,full,fidelity,False,True,16,poison,0.1,0,s032,6,37.5,16.521739130434785,24.0,56.00000000000001,66,26,23,3,6,0,0.46,13.270676691729324,48,22,0,0,0,3530,266,16,0,0,16.0625,2,
aeqkad_poison,window,full,fidelity,False,True,16,poison,0.1,0,s032,7,30.500000000000004,8.42391304347826,10.0,59.5,66,36,35,1,6,0,0.7,13.5,56,20,0,0,0,3591,266,16,0,0,18.3125,0,
aeqkad_poison,window,full,fidelity,False,True,16,poison,0.1,0,s032,8,25.25,17.445652173913043,20.0,50.5,66,34,33,1,6,0,0.66,11.601503759398495,45,11,0,0,0,3086,266,16,0,0,17.3125,1,24.0
aeqkad_poison,window,full,fidelity,False,True,16,poison,0.1,1,s032,2,32.25,16.195652173913043,12.0,60.5,66,47,37,2,6,8,0.74,13.789473684210526,57,10,0,0,0,3668,266,16,0,0,9.9375,2,
aeqkad_poison,window,full,fidelity,False,True,16,poison,0.1,1,s032,3,31.75,32.22826086956522,10.0,56.49999999999999,66,50,38,3,6,9,0.76,12.646616541353383,59,9,0,0,0,3364,266,16,0,0,12.3125,5,
aeqkad_poison,window,full,fidelity,False,True,16,poison,0.1,1,s032,4,26.5,7.01086956521739,16.0,51.0,66,46,36,2,6,8,0.72,11.24812030075188,53,7,0,0,0,2992,266,16,0,0,12.75,5,
aeqkad_poison,window,full,fidelity,False,True,16,poison,0.1,1,s032,5,24.25,15.108695652173914,12.0,54.50000000000001,66,51,39,2,6,10,0.78,12.796992481203008,57,6,0,0,0,3404,266,16,0,0,8.875,1,
aeqkad_poison,window,full,fidelity,False,True,16,poison,0.1,1,s032,6,38.25,29.130434782608692,20.0,55.00000000000001,66,44,29,5,6,10,0.58,13.710526315789474,55,11,0,0,0,3647,266,16,0,0,10.1875,7,
aeqkad_poison,window,full,fidelity,False,True,16,poison,0.1,1,s032,7,28.500000000000004,12.934782608695656,8.0,57.49999999999999,66,51,37,4,6,10,0.74,14.086466165413531,61,10,0,0,0,3747,266,16,0,0,12.4375,4,
aeqkad_poison,window,full,fidelity,False,True,16,poison,0.1,1,s032,8,28.25,13.858695652173914,12.0,59.0,66,44,37,1,6,6,0.74,12.676691729323307,54,10,0,0,0,3372,266,16,0,0,16.5,2,82.0
aeqkad_poison,window,full,fidelity,False,True,16,poison,0.1,2,s032,2,23.25,8.260869565217389,16.0,47.5,66,48,37,2,6,9,0.74,13.25563909774436,55,7,0,0,0,3526,266,16,0,0,10.75,4,
aeqkad_poison,window,full,fidelity,False,True,16,poison,0.1,2,s032,3,26.25,10.597826086956523,16.0,48.0,66,45,34,2,6,9,0.68,12.515037593984962,54,9,0,0,0,3329,266,16,0,0,15.8125,6,
aeqkad_poison,window,full,fidelity,False,True,16,poison,0.1,2,s032,4,31.000000000000007,12.771739130434783,20.0,42.0,66,41,34,1,6,6,0.68,10.718045112781954,50,9,0,0,0,2851,266,16,0,0,16.125,0,
aeqkad_poison,window,full,fidelity,False,True,16,poison,0.1,2,s032,5,31.500000000000007,15.271739130434783,22.0,47.0,66,43,33,2,6,8,0.66,11.808270676691729,51,8,0,0,0,3141,266,16,0,0,9.75,3,
aeqkad_poison,window,full,fidelity,False,True,16,poison,0.1,2,s032,6,39.5,28.967391304347828,30.0,53.5,66,31,22,2,6,7,0.44,13.364661654135338,47,16,0,0,0,3555,266,16,0,0,14.375,6,
aeqkad_poison,window,full,fidelity,False,True,16,poison,0.1,2,s032,7,33.75,16.358695652173914,16.0,56.49999999999999,66,40,31,0,6,9,0.62,14.01127819548872,51,11,0,0,0,3727,266,16,0,0,20.5,5,
aeqkad_poison,window,full,fidelity,False,True,16,poison,0.1,2,s032,8,34.0,25.706521739130437,22.0,47.5,66,32,26,1,6,5,0.52,12.823308270676693,50,18,0,0,0,3411,266,16,0,0,19.125,0,0.0
mm_poison,mm,full,fidelity,False,True,16,poison,0.1,0,s032,2,29.25,6.847826086956524,6.0,88.0,66,45,37,1,6,7,0.74,16.0,63,17,0,0,1,4256,266,16,1,16,94.0,0,
mm_poison,mm,full,fidelity,False,True,16,poison,0.1,0,s032,3,27.750000000000004,16.521739130434785,4.0,76.5,66,50,41,2,6,7,0.82,15.849624060150376,61,11,0,0,0,4216,266,16,1,1,35.125,2,
mm_poison,mm,full,fidelity,False,True,16,poison,0.1,0,s032,4,25.0,9.347826086956523,10.0,68.5,66,43,38,1,6,4,0.76,16.0,59,16,0,0,0,4256,266,16,1,1,84.9375,3,
mm_poison,mm,full,fidelity,False,True,16,poison,0.1,0,s032,5,28.500000000000004,19.78260869565217,4.0,81.0,66,45,40,3,6,2,0.8,16.0,63,17,0,0,1,4256,266,16,1,1,59.625,2,
mm_poison,mm,full,fidelity,False,True,16,poison,0.1,0,s032,6,43.49999999999999,27.119565217391305,10.0,76.0,66,29,26,2,6,1,0.52,16.0,58,28,0,0,1,4256,266,16,1,1,68.4375,2,
mm_poison,mm,full,fidelity,False,True,16,poison,0.1,0,s032,7,35.5,22.1195652173913,4.0,79.0,66,38,36,2,6,0,0.72,16.0,62,18,0,0,6,4256,266,16,1,1,104.625,1,
mm_poison,mm,full,fidelity,False,True,16,poison,0.1,0,s032,8,29.25,15.108695652173914,2.0,74.0,66,41,38,3,6,0,0.76,15.973684210526317,62,20,0,0,1,4249,266,16,1,1,69.875,2,74.0
mm_poison,mm,full,fidelity,False,True,16,poison,0.1,1,s032,2,29.000000000000004,12.771739130434783,4.0,82.0,66,51,41,1,6,9,0.82,16.0,63,11,0,0,1,4256,266,16,1,13,78.9375,0,
mm_poison,mm,full,fidelity,False,True,16,poison,0.1,1,s032,3,27.500000000000004,17.445652173913043,4.0,73.0,66,54,42,2,6,10,0.84,15.928571428571429,63,9,0,0,0,4237,266,16,1,1,41.0,2,
mm_poison,mm,full,fidelity,False,True,16,poison,0.1,1,s032,4,26.25,10.434782608695654,10.0,75.0,66,52,41,2,6,9,0.82,16.0,58,6,0,0,0,4256,266,16,1,1,68.1875,3,
mm_poison,mm,full,fidelity,False,True,16,poison,0.1,1,s032,5,29.000000000000004,15.108695652173914,4.0,70.5,66,54,41,3,6,10,0.82,15.99624060150376,61,7,0,0,0,4255,266,16,1,1,48.875,2,
mm_poison,mm,full,fidelity,False,True,16,poison,0.1,1,s032,6,36.25,20.869565217391305,4.0,68.5,66,46,32,4,6,10,0.64,16.0,64,18,0,0,0,4256,266,16,1,1,58.125,2,
mm_poison,mm,full,fidelity,False,True,16,poison,0.1,1,s032,7,32.25,21.03260869565217,6.0,79.0,66,50,37,3,6,10,0.74,16.0,63,13,0,0,0,4256,266,16,1,1,65.5,1,
mm_poison,mm,full,fidelity,False,True,16,poison,0.1,1,s032,8,28.75,19.78260869565217,6.0,77.5,66,48,39,1,6,8,0.78,16.0,61,13,0,0,0,4256,266,16,1,1,80.8125,2,98.0
mm_poison,mm,full,fidelity,False,True,16,poison,0.1,2,s032,2,26.5,15.108695652173914,10.0,77.0,66,50,36,4,6,10,0.72,16.0,61,11,0,0,0,4256,266,16,1,16,93.9375,0,
mm_poison,mm,full,fidelity,False,True,16,poison,0.1,2,s032,3,28.000000000000004,16.195652173913043,6.0,61.5,66,49,38,1,6,10,0.76,15.672932330827068,61,12,0,0,0,4169,266,16,1,1,39.0625,4,
mm_poison,mm,full,fidelity,False,True,16,poison,0.1,2,s032,4,30.25,16.195652173913043,12.0,63.5,66,43,35,1,6,7,0.7,16.0,56,13,0,0,0,4256,266,16,1,1,81.6875,2,
mm_poison,mm,full,fidelity,False,True,16,poison,0.1,2,s032,5,26.25,26.30434782608696,6.0,63.5,66,47,37,2,6,8,0.74,15.680451127819548,62,15,0,0,0,4171,266,16,1,1,47.125,1,
mm_poison,mm,full,fidelity,False,True,16,poison,0.1,2,s032,6,34.0,15.108695652173914,18.0,60.5,66,32,25,2,6,5,0.5,16.0,54,22,0,0,0,4256,266,16,1,1,95.0,2,
mm_poison,mm,full,fidelity,False,True,16,poison,0.1,2,s032,7,41.5,30.05434782608696,16.0,66.5,66,33,25,0,6,8,0.5,16.0,53,20,0,0,0,4256,266,16,1,1,97.0625,3,
mm_poison,mm,full,fidelity,False,True,16,poison,0.1,2,s032,8,28.000000000000004,16.032608695652172,12.0,63.5,66,41,38,2,6,1,0.76,15.973684210526317,58,15,0,0,2,4249,266,16,1,1,70.6875,1,92.0
window_poison,window,none,fidelity,False,True,16,poison,0.1,0,s033,2,23.75,8.097826086956525,14.000000000000002,42.0,66,55,43,3,6,9,0.86,14.109022556390975,0,0,0,0,0,3753,266,16,0,0,8.4375,5,
window_poison,window,none,fidelity,False,True,16,poison,0.1,0,s033,3,28.25,10.597826086956523,12.0,73.0,66,57,44,4,6,9,0.88,12.12781954887218,0,0,0,0,0,3226,266,16,0,0,7.5,2,
window_poison,window,none,fidelity,False,True,16,poison,0.1,0,s033,4,32.99999999999999,20.869565217391305,20.0,72.5,66,53,40,3,6,10,0.8,12.710526315789474,0,0,0,0,0,3381,266,16,0,0,11.5,1,
window_poison,window,none,fidelity,False,True,16,poison,0.1,0,s033,5,42.00000000000001,33.80434782608695,10.0,69.0,66,60,45,5,6,10,0.9,13.838345864661656,0,0,0,0,0,3681,266,16,0,0,7.5,6,
window_poison,window,none,fidelity,False,True,16,poison,0.1,0,s033,6,40.75,33.80434782608695,14.000000000000002,85.0,66,58,43,5,6,10,0.86,12.24436090225564,0,0,0,0,0,3257,266,16,0,0,11.3125,3,
window_poison,window,none,fidelity,False,True,16,poison,0.1,0,s033,7,41.25,34.891304347826086,0.0,85.0,66,66,50,6,6,10,1.0,13.515037593984962,0,0,0,0,0,3595,266,16,0,0,7.5,5,
window_poison,window,none,fidelity,False,True,16,poison,0.1,0,s033,8,32.75,24.456521739130437,8.0,75.0,66,61,46,5,6,10,0.92,13.25563909774436,0,0,0,0,0,3526,266,16,0,0,7.5,5,100.0
window_poison,window,none,fidelity,False,True,16,poison,0.1,1,s033,2,24.0,23.20652173913043,12.0,59.0,66,58,44,5,6,9,0.88,14.563909774436093,0,0,0,0,0,3874,266,16,0,0,8.9375,4,
window_poison,window,none,fidelity,False,True,16,poison,0.1,1,s033,3,27.500000000000004,9.347826086956523,10.0,76.0,66,59,45,5,6,9,0.9,12.575187969924812,0,0,0,0,0,3345,266,16,0,0,7.5,2,
window_poison,window,none,fidelity,False,True,16,poison,0.1,1,s033,4,35.75,26.79347826086957,16.0,82.0,66,58,42,6,6,10,0.84,13.1203007518797,0,0,0,0,0,3490,266,16,0,0,9.6875,3,
window_poison,window,none,fidelity,False,True,16,poison,0.1,1,s033,5,37.5,30.217391304347828,8.0,87.0,66,61,46,5,6,10,0.92,14.289473684210526,0,0,0,0,0,3801,266,16,0,0,7.625,3,
window_poison,window,none,fidelity,False,True,16,poison,0.1,1,s033,6,39.5,33.47826086956521,12.0,85.0,66,60,44,6,6,10,0.88,13.165413533834586,0,0,0,0,0,3502,266,16,0,0,10.0625,7,
window_poison,window,none,fidelity,False,True,16,poison,0.1,1,s033,7,33.75,27.717391304347828,2.0,85.0,66,61,49,2,6,10,0.98,14.06766917293233,0,0,0,0,0,3742,266,16,0,0,9.4375,3,
window_poison,window,none,fidelity,False,True,16,poison,0.1,1,s033,8,33.75,24.619565217391305,10.0,86.0,66,60,45,5,6,10,0.9,13.481203007518795,0,0,0,0,0,3586,266,16,0,0,8.5,5,100.0
window_poison,window,none,fidelity,False,True,16,poison,0.1,2,s033,2,30.25,19.78260869565217,14.000000000000002,57.99999999999999,66,55,43,5,6,7,0.86,14.68421052631579,0,0,0,0,0,3906,266,16,0,0,9.0,4,
window_poison,window,none,fidelity,False,True,16,poison,0.1,2,s033,3,36.25,20.869565217391305,6.0,73.0,66,62,47,5,6,10,0.94,12.406015037593985,0,0,0,0,0,3300,266,16,0,0,7.5,7,
window_poison,window,none,fidelity,False,True,16,poison,0.1,2,s033,4,41.0,28.967391304347828,18.0,83.5,66,57,41,6,6,10,0.82,13.575187969924812,0,0,0,0,0,3611,266,16,0,0,9.75,3,
window_poison,window,none,fidelity,False,True,16,poison,0.1,2,s033,5,33.5,15.271739130434783,6.0,79.0,66,61,47,5,6,9,0.94,14.18421052631579,0,0,0,0,0,3773,266,16,0,0,7.5,5,
window_poison,window,none,fidelity,False,True,16,poison,0.1,2,s033,6,41.0,22.1195652173913,12.0,91.0,66,60,44,6,6,10,0.88,13.37593984962406,0,0,0,0,0,3558,266,16,0,0,10.875,4,
window_poison,window,none,fidelity,False,True,16,poison,0.1,2,s033,7,36.5,26.467391304347824,2.0,86.5,66,62,49,5,6,8,0.98,13.834586466165414,0,0,0,0,0,3680,266,16,0,0,8.3125,4,
window_poison,window,none,fidelity,False,True,16,poison,0.1,2,s033,8,20.5,10.434782608695654,8.0,51.0,66,56,46,1,6,9,0.92,12.800751879699249,0,0,0,0,0,3405,266,16,0,0,9.1875,0,0.0
aeqkad_poison,window,full,fidelity,False,True,16,poison,0.1,0,s033,2,21.5,4.83695652173913,16.0,40.0,66,47,38,1,6,8,0.76,13.50375939849624,54,7,1,0,0,3592,266,16,0,0,10.3125,4,
aeqkad_poison,window,full,fidelity,False,True,16,poison,0.1,0,s033,3,26.0,12.771739130434783,12.0,70.5,66,53,43,3,6,7,0.86,11.507518796992482,58,3,3,0,2,3061,266,16,0,0,7.6875,2,
aeqkad_poison,window,full,fidelity,False,True,16,poison,0.1,0,s033,4,35.0,24.456521739130437,24.0,71.0,66,47,35,2,6,10,0.7,12.18796992481203,51,2,5,0,2,3242,266,16,0,0,13.4375,3,
aeqkad_poison,window,full,fidelity,False,True,16,poison,0.1,0,s033,5,45.49999999999999,39.56521739130434,10.0,64.5,66,43,30,3,6,10,0.6,12.74812030075188,60,13,1,0,4,3391,266,16,0,0,8.125,6,
aeqkad_poison,window,full,fidelity,False,True,16,poison,0.1,0,s033,6,40.75,40.65217391304348,18.0,86.0,66,46,32,4,6,10,0.64,10.924812030075188,56,8,3,0,2,2906,266,16,0,0,16.6875,3,
aeqkad_poison,window,full,fidelity,False,True,16,poison,0.1,0,s033,7,40.0,32.55434782608696,4.0,81.0,66,58,43,5,6,10,0.86,12.424812030075188,64,6,3,0,0,3305,266,16,0,0,7.8125,5,
aeqkad_poison,window,full,fidelity,False,True,16,poison,0.1,0,s033,8,35.25,31.467391304347824,12.0,73.0,66,48,40,2,6,6,0.8,12.56766917293233,59,6,1,0,5,3343,266,16,0,0,14.125,3,100.0
aeqkad_poison,window,full,fidelity,False,True,16,poison,0.1,1,s033,2,18.5,10.434782608695654,14.000000000000002,49.0,66,51,42,2,6,7,0.84,14.357142857142858,55,4,39,0,0,3819,266,16,0,0,10.5,4,
aeqkad_poison,window,full,fidelity,False,True,16,poison,0.1,1,s033,3,28.25,10.434782608695654,12.0,73.5,66,55,43,4,6,8,0.86,11.808270676691729,58,0,47,0,3,3141,266,16,0,0,7.6875,2,
aeqkad_poison,window,full,fidelity,False,True,16,poison,0.1,1,s033,4,37.25,24.456521739130437,18.0,74.5,66,47,34,3,6,10,0.68,12.086466165413531,56,7,39,0,2,3215,266,16,0,0,13.25,4,
aeqkad_poison,window,full,fidelity,False,True,16,poison,0.1,1,s033,5,37.25,31.467391304347824,6.0,85.0,66,58,45,4,6,9,0.9,13.898496240601505,62,2,42,0,2,3697,266,16,0,0,8.375,2,
aeqkad_poison,window,full,fidelity,False,True,16,poison,0.1,1,s033,6,41.25,32.55434782608696,16.0,86.0,66,52,39,4,6,9,0.78,12.50375939849624,58,5,43,0,1,3326,266,16,0,0,15.875,6,
aeqkad_poison,window,full,fidelity,False,True,16,poison,0.1,1,s033,7,34.25,25.543478260869566,4.0,83.5,66,53,45,1,6,7,0.9,13.214285714285714,60,3,47,0,4,3515,266,16,0,0,11.0625,1,
aeqkad_poison,window,full,fidelity,False,True,16,poison,0.1,1,s033,8,15.250000000000002,9.184782608695654,4.0,42.5,66,41,41,0,6,0,0.82,11.052631578947368,49,5,39,0,3,2940,266,16,0,0,13.75,0,0.0
aeqkad_poison,window,full,fidelity,False,True,16,poison,0.1,2,s033,2,28.000000000000004,12.771739130434783,18.0,60.5,66,45,37,3,6,5,0.74,13.842105263157896,54,9,2,0,0,3682,266,16,0,0,12.0625,3,
aeqkad_poison,window,full,fidelity,False,True,16,poison,0.1,2,s033,3,34.25,24.456521739130437,8.0,72.5,66,55,43,3,6,9,0.86,11.808270676691729,61,4,5,0,2,3141,266,16,0,0,9.5625,5,
aeqkad_poison,window,full,fidelity,False,True,16,poison,0.1,2,s033,4,38.25,31.467391304347824,16.0,76.5,66,50,36,4,6,10,0.72,12.37218045112782,58,7,4,0,1,3291,266,16,0,0,11.5,2,
aeqkad_poison,window,full,fidelity,False,True,16,poison,0.1,2,s033,5,27.750000000000004,15.108695652173914,6.0,62.0,66,51,44,2,6,5,0.88,13.778195488721805,59,6,5,0,2,3665,266,16,0,0,7.8125,4,
aeqkad_poison,window,full,fidelity,False,True,16,poison,0.1,2,s033,6,38.74999999999999,17.445652173913043,14.000000000000002,87.0,66,55,41,4,6,10,0.82,12.654135338345863,59,4,4,0,0,3366,266,16,0,0,11.375,4,
aeqkad_poison,window,full,fidelity,False,True,16,poison,0.1,2,s033,7,33.25,21.03260869565217,2.0,71.5,66,55,48,5,6,2,0.96,13.353383458646617,58,1,6,0,2,3552,266,16,0,0,10.5,1,
aeqkad_poison,window,full,fidelity,False,True,16,poison,0.1,2,s033,8,12.25,1.25,4.0,22.0,66,40,40,0,6,0,0.8,11.319548872180452,49,7,2,0,2,3011,266,16,0,0,11.9375,0,0.0
mm_poison,mm,full,fidelity,False,True,16,poison,0.1,0,s033,2,14.250000000000002,5.760869565217389,8.0,37.5,66,46,37,1,6,8,0.74,16.0,58,12,3,0,0,4256,266,16,1,16,96.75,0,
mm_poison,mm,full,fidelity,False,True,16,poison,0.1,0,s033,3,22.0,18.695652173913043,6.0,50.5,66,48,41,1,6,6,0.82,15.357142857142858,59,9,5,0,2,4085,266,16,1,1,35.125,2,
mm_poison,mm,full,fidelity,False,True,16,poison,0.1,0,s033,4,37.75,23.532608695652176,12.0,77.0,66,46,34,2,6,10,0.68,15.387218045112782,58,8,14,0,4,4093,266,16,1,1,72.0,6,
mm_poison,mm,full,fidelity,False,True,16,poison,0.1,0,s033,5,48.25,57.934782608695656,8.0,87.0,66,54,39,5,6,10,0.78,16.0,62,6,3,0,2,4256,266,16,1,1,60.25,6,
mm_poison,mm,full,fidelity,False,True,16,poison,0.1,0,s033,6,34.25,23.04347826086957,2.0,83.0,66,54,41,3,6,10,0.82,15.81578947368421,64,5,3,0,5,4207,266,16,1,1,53.25,2,
mm_poison,mm,full,fidelity,False,True,16,poison,0.1,0,s033,7,23.5,10.434782608695654,0.0,87.0,66,58,49,5,6,4,0.98,16.0,66,1,12,0,7,4256,266,16,1,1,69.875,3,
mm_poison,mm,full,fidelity,False,True,16,poison,0.1,0,s033,8,30.25,18.53260869565217,2.0,85.5,66,45,42,2,6,1,0.84,15.406015037593985,64,7,9,0,12,4098,266,16,1,1,65.6875,3,98.0
mm_poison,mm,full,fidelity,False,True,16,poison,0.1,1,s033,2,15.250000000000002,8.097826086956525,6.0,54.50000000000001,66,52,43,2,6,7,0.86,16.0,60,6,47,0,2,4256,266,16,1,15,89.4375,0,
mm_poison,mm,full,fidelity,False,True,16,poison,0.1,1,s033,3,21.5,4.67391304347826,4.0,72.0,66,50,42,1,6,7,0.84,14.691729323308271,62,8,46,0,4,3908,266,16,1,1,33.25,1,
mm_poison,mm,full,fidelity,False,True,16,poison,0.1,1,s033,4,35.25,30.217391304347828,12.0,88.0,66,55,40,5,6,10,0.8,15.943609022556393,60,3,50,0,2,4241,266,16,1,1,49.625,4,
mm_poison,mm,full,fidelity,False,True,16,poison,0.1,1,s033,5,46.0,51.08695652173913,6.0,87.5,66,56,43,4,6,9,0.86,16.0,62,5,53,0,1,4256,266,16,1,1,47.1875,4,
mm_poison,mm,full,fidelity,False,True,16,poison,0.1,1,s033,6,37.75,24.456521739130437,2.0,93.5,66,59,46,4,6,9,0.92,16.0,65,4,55,0,2,4256,266,16,1,1,51.5625,3,
mm_poison,mm,full,fidelity,False,True,16,poison,0.1,1,s033,7,31.25,21.03260869565217,4.0,93.5,66,56,46,3,6,7,0.92,15.977443609022556,62,2,55,0,4,4250,266,16,1,1,64.375,5,
mm_poison,mm,full,fidelity,False,True,16,poison,0.1,1,s033,8,29.75,16.358695652173914,0.0,86.5,66,43,42,1,6,0,0.84,15.518796992481205,64,3,55,0,18,4128,266,16,1,1,77.8125,3,76.0
mm_poison,mm,full,fidelity,False,True,16,poison,0.1,2,s033,2,14.250000000000002,6.847826086956524,8.0,30.5,66,43,35,1,6,7,0.7,16.0,58,13,4,0,2,4256,266,16,1,16,97.9375,0,
mm_poison,mm,full,fidelity,False,True,16,poison,0.1,2,s033,3,36.0,35.97826086956522,8.0,68.0,66,50,40,5,6,5,0.8,15.518796992481205,61,9,4,0,2,4128,266,16,1,1,28.0625,4,
mm_poison,mm,full,fidelity,False,True,16,poison,0.1,2,s033,4,33.5,23.20652173913043,10.0,84.5,66,53,38,5,6,10,0.76,15.977443609022556,61,5,12,0,3,4250,266,16,1,1,56.5625,6,
mm_poison,mm,full,fidelity,False,True,16,poison,0.1,2,s033,5,42.00000000000001,45.16304347826087,8.0,90.0,66,53,43,2,6,8,0.86,15.951127819548873,61,4,8,0,4,4243,266,16,1,1,50.8125,5,
mm_poison,mm,full,fidelity,False,True,16,poison,0.1,2,s033,6,39.75,40.65217391304348,2.0,92.0,66,56,42,5,6,9,0.84,16.0,65,6,13,0,3,4256,266,16,1,1,58.5625,3,
mm_poison,mm,full,fidelity,False,True,16,poison,0.1,2,s033,7,39.5,45.16304347826087,0.0,92.5,66,55,48,5,6,2,0.96,15.973684210526317,65,3,14,0,7,4249,266,16,1,1,66.875,4,
mm_poison,mm,full,fidelity,False,True,16,poison,0.1,2,s033,8,36.5,28.04347826086957,2.0,90.0,66,41,41,0,6,0,0.82,15.8796992481203,62,2,13,0,19,4224,266,16,1,1,78.125,2,0.0
window_poison,window,none,fidelity,False,True,16,poison,0.1,0,s034,2,21.25,8.097826086956525,0.0,71.5,66,65,50,6,6,9,1.0,12.270676691729324,0,0,0,0,0,3264,266,16,0,0,7.5,2,
window_poison,window,none,fidelity,False,True,16,poison,0.1,0,s034,3,17.750000000000004,11.684782608695654,4.0,67.0,66,63,48,5,6,10,0.96,11.38345864661654,0,0,0,0,0,3028,266,16,0,0,7.5,6,
window_poison,window,none,fidelity,False,True,16,poison,0.1,0,s034,4,17.000000000000004,7.01086956521739,4.0,75.5,66,62,48,4,6,10,0.96,10.665413533834586,0,0,0,0,0,2837,266,16,0,0,7.5,3,
window_poison,window,none,fidelity,False,True,16,poison,0.1,0,s034,5,34.25,18.695652173913043,8.0,76.0,66,62,46,6,6,10,0.92,12.214285714285714,0,0,0,0,0,3249,266,16,0,0,8.9375,4,
window_poison,window,none,fidelity,False,True,16,poison,0.1,0,s034,6,20.0,17.445652173913043,2.0,71.5,66,63,49,5,6,9,0.98,11.680451127819548,0,0,0,0,0,3107,266,16,0,0,8.5625,6,
window_poison,window,none,fidelity,False,True,16,poison,0.1,0,s034,7,25.25,15.108695652173914,2.0,77.5,66,62,49,3,6,10,0.98,11.327067669172932,0,0,0,0,0,3013,266,16,0,0,8.3125,3,
window_poison,window,none,fidelity,False,True,16,poison,0.1,0,s034,8,18.000000000000004,14.021739130434783,10.0,78.5,66,60,45,5,6,10,0.9,11.714285714285714,0,0,0,0,0,3116,266,16,0,0,9.375,3,98.0
window_poison,window,none,fidelity,False,True,16,poison,0.1,1,s034,2,19.25,10.434782608695654,0.0,70.5,66,62,50,3,6,9,1.0,11.541353383458649,0,0,0,0,0,3070,266,16,0,0,8.1875,2,
window_poison,window,none,fidelity,False,True,16,poison,0.1,1,s034,3,18.750000000000004,10.434782608695654,4.0,64.0,66,61,48,3,6,10,0.96,11.74812030075188,0,0,0,0,0,3125,266,16,0,0,8.0,2,
window_poison,window,none,fidelity,False,True,16,poison,0.1,1,s034,4,16.500000000000004,8.097826086956525,4.0,65.5,66,60,48,2,6,10,0.96,10.259398496240602,0,0,0,0,0,2729,266,16,0,0,8.4375,4,
window_poison,window,none,fidelity,False,True,16,poison,0.1,1,s034,5,26.25,12.771739130434783,10.0,73.5,66,59,45,4,6,10,0.9,10.785714285714286,0,0,0,0,0,2869,266,16,0,0,9.0,5,
window_poison,window,none,fidelity,False,True,16,poison,0.1,1,s034,6,24.25,17.608695652173914,2.0,74.0,66,63,49,5,6,9,0.98,10.834586466165414,0,0,0,0,0,2882,266,16,0,0,8.1875,0,
window_poison,window,none,fidelity,False,True,16,poison,0.1,1,s034,7,23.5,12.771739130434783,0.0,78.0,66,61,50,3,6,8,1.0,11.007518796992482,0,0,0,0,0,2928,266,16,0,0,8.4375,3,
window_poison,window,none,fidelity,False,True,16,poison,0.1,1,s034,8,16.250000000000004,9.347826086956523,6.0,68.5,66,59,47,5,6,7,0.94,11.01127819548872,0,0,0,0,0,2929,266,16,0,0,8.625,2,88.0
window_poison,window,none,fidelity,False,True,16,poison,0.1,2,s034,2,27.500000000000004,8.097826086956525,0.0,73.5,66,64,50,6,6,8,1.0,12.097744360902256,0,0,0,0,0,3218,266,16,0,0,7.5,2,
window_poison,window,none,fidelity,False,True,16,poison,0.1,2,s034,3,19.5,11.684782608695654,4.0,75.0,66,63,48,5,6,10,0.96,11.80451127819549,0,0,0,0,0,3140,266,16,0,0,8.125,2,
window_poison,window,none,fidelity,False,True,16,poison,0.1,2,s034,4,18.250000000000004,8.097826086956525,4.0,70.5,66,62,48,4,6,10,0.96,9.691729323308271,0,0,0,0,0,2578,266,16,0,0,7.5,4,
window_poison,window,none,fidelity,False,True,16,poison,0.1,2,s034,5,32.25,23.20652173913043,6.0,80.5,66,63,47,6,6,10,0.94,11.93233082706767,0,0,0,0,0,3174,266,16,0,0,8.9375,3,
window_poison,window,none,fidelity,False,True,16,poison,0.1,2,s034,6,20.0,17.445652173913043,2.0,74.0,66,63,49,5,6,9,0.98,10.740601503759398,0,0,0,0,0,2857,266,16,0,0,8.4375,5,
window_poison,window,none,fidelity,False,True,16,poison,0.1,2,s034,7,24.25,15.108695652173914,0.0,78.5,66,65,50,5,6,10,1.0,11.330827067669173,0,0,0,0,0,3014,266,16,0,0,7.8125,3,
window_poison,window,none,fidelity,False,True,16,poison,0.1,2,s034,8,20.5,16.195652173913043,8.0,80.0,66,61,46,6,6,9,0.92,11.853383458646617,0,0,0,0,0,3153,266,16,0,0,9.25,4,92.0
aeqkad_poison,window,full,fidelity,False,True,16,poison,0.1,0,s034,2,26.0,11.684782608695654,0.0,67.5,66,50,42,2,6,6,0.84,11.169172932330827,65,14,0,0,1,2971,266,16,0,0,9.4375,3,
aeqkad_poison,window,full,fidelity,False,True,16,poison,0.1,0,s034,3,17.250000000000004,12.771739130434783,4.0,64.5,66,58,46,3,6,9,0.92,10.601503759398495,63,5,0,0,0,2820,266,16,0,0,8.3125,5,
aeqkad_poison,window,full,fidelity,False,True,16,poison,0.1,0,s034,4,16.500000000000004,7.01086956521739,6.0,72.0,66,57,46,2,6,9,0.92,10.007518796992482,60,3,0,0,0,2662,266,16,0,0,8.75,3,
aeqkad_poison,window,full,fidelity,False,True,16,poison,0.1,0,s034,5,30.500000000000004,18.695652173913043,8.0,72.0,66,50,38,3,6,9,0.76,10.537593984962406,62,11,0,0,1,2803,266,16,0,0,9.375,4,
aeqkad_poison,window,full,fidelity,False,True,16,poison,0.1,0,s034,6,22.5,18.53260869565217,2.0,68.5,66,54,44,1,6,9,0.88,10.3796992481203,62,8,0,0,0,2761,266,16,0,0,11.4375,4,
aeqkad_poison,window,full,fidelity,False,True,16,poison,0.1,0,s034,7,23.0,11.847826086956523,4.0,74.0,66,53,43,0,6,10,0.86,10.278195488721805,61,8,0,0,0,2734,266,16,0,0,9.9375,2,
aeqkad_poison,window,full,fidelity,False,True,16,poison,0.1,0,s034,8,18.000000000000004,10.434782608695654,12.0,72.5,66,54,43,1,6,10,0.86,10.770676691729324,57,3,0,0,0,2865,266,16,0,0,9.8125,3,96.0
aeqkad_poison,window,full,fidelity,False,True,16,poison,0.1,1,s034,2,17.75,4.67391304347826,0.0,69.0,66,48,40,0,6,8,0.8,10.819548872180452,61,13,0,0,0,2878,266,16,0,0,13.3125,1,
aeqkad_poison,window,full,fidelity,False,True,16,poison,0.1,1,s034,3,19.75,5.760869565217389,4.0,62.5,66,57,46,2,6,9,0.92,10.917293233082706,61,4,0,0,0,2904,266,16,0,0,8.0,2,
aeqkad_poison,window,full,fidelity,False,True,16,poison,0.1,1,s034,4,18.000000000000004,7.01086956521739,4.0,62.5,66,56,45,1,6,10,0.9,9.774436090225564,60,4,0,0,0,2600,266,16,0,0,10.25,4,
aeqkad_poison,window,full,fidelity,False,True,16,poison,0.1,1,s034,5,28.25,15.108695652173914,12.0,62.5,66,46,34,2,6,10,0.68,8.56766917293233,58,12,0,0,0,2279,266,16,0,0,11.3125,6,
aeqkad_poison,window,full,fidelity,False,True,16,poison,0.1,1,s034,6,20.25,17.445652173913043,4.0,64.0,66,51,42,1,6,8,0.84,9.37593984962406,60,9,0,0,0,2494,266,16,0,0,9.0,0,
aeqkad_poison,window,full,fidelity,False,True,16,poison,0.1,1,s034,7,22.25,9.347826086956523,2.0,79.5,66,53,44,1,6,8,0.88,10.030075187969924,60,7,0,0,0,2668,266,16,0,0,9.125,3,
aeqkad_poison,window,full,fidelity,False,True,16,poison,0.1,1,s034,8,16.500000000000004,8.097826086956525,8.0,64.0,66,50,43,2,6,5,0.86,10.022556390977444,58,8,0,0,0,2666,266,16,0,0,12.5625,0,84.0
aeqkad_poison,window,full,fidelity,False,True,16,poison,0.1,2,s034,2,23.0,6.847826086956524,0.0,73.0,66,51,42,2,6,7,0.84,11.225563909774436,64,13,0,0,0,2986,266,16,0,0,10.25,3,
aeqkad_poison,window,full,fidelity,False,True,16,poison,0.1,2,s034,3,22.0,12.771739130434783,4.0,70.0,66,56,45,1,6,10,0.9,10.56015037593985,62,6,0,0,0,2809,266,16,0,0,8.125,2,
aeqkad_poison,window,full,fidelity,False,True,16,poison,0.1,2,s034,4,17.750000000000004,8.097826086956525,4.0,66.0,66,58,46,3,6,9,0.92,9.086466165413531,62,4,0,0,0,2417,266,16,0,0,8.4375,4,
aeqkad_poison,window,full,fidelity,False,True,16,poison,0.1,2,s034,5,36.0,25.543478260869566,4.0,75.5,66,47,34,4,6,9,0.68,10.161654135338344,64,17,0,0,0,2703,266,16,0,0,11.625,3,
aeqkad_poison,window,full,fidelity,False,True,16,poison,0.1,2,s034,6,20.25,17.445652173913043,4.0,72.5,66,54,43,4,6,7,0.86,9.51127819548872,61,7,0,0,0,2530,266,16,0,0,10.0625,4,
aeqkad_poison,window,full,fidelity,False,True,16,poison,0.1,2,s034,7,24.25,12.771739130434783,0.0,77.5,66,58,45,3,6,10,0.9,10.593984962406015,65,6,0,0,1,2818,266,16,0,0,8.5625,3,
aeqkad_poison,window,full,fidelity,False,True,16,poison,0.1,2,s034,8,23.75,18.53260869565217,6.0,74.0,66,55,43,3,6,9,0.86,10.86842105263158,62,7,0,0,0,2891,266,16,0,0,9.625,4,92.0
mm_poison,mm,full,fidelity,False,True,16,poison,0.1,0,s034,2,28.25,14.021739130434783,0.0,94.5,66,51,41,2,6,8,0.82,16.0,66,13,0,0,2,4256,266,16,1,14,79.8125,0,
mm_poison,mm,full,fidelity,False,True,16,poison,0.1,0,s034,3,21.25,15.108695652173914,4.0,80.0,66,60,46,4,6,10,0.92,14.43233082706767,63,2,0,0,1,3839,266,16,1,1,37.8125,3,
mm_poison,mm,full,fidelity,False,True,16,poison,0.1,0,s034,4,24.0,12.771739130434783,4.0,80.0,66,58,46,2,6,10,0.92,14.357142857142858,63,5,0,0,0,3819,266,16,1,1,65.9375,6,
mm_poison,mm,full,fidelity,False,True,16,poison,0.1,0,s034,5,34.0,27.8804347826087,4.0,82.0,66,57,42,5,6,10,0.84,15.436090225563907,64,5,0,0,2,4106,266,16,1,1,55.375,5,
mm_poison,mm,full,fidelity,False,True,16,poison,0.1,0,s034,6,20.5,18.53260869565217,2.0,82.0,66,56,46,1,6,9,0.92,15.6390977443609,64,4,0,0,4,4160,266,16,1,1,58.3125,3,
mm_poison,mm,full,fidelity,False,True,16,poison,0.1,0,s034,7,30.000000000000004,15.271739130434783,2.0,82.5,66,56,46,0,6,10,0.92,15.781954887218046,64,8,0,0,0,4198,266,16,1,1,66.5,4,
mm_poison,mm,full,fidelity,False,True,16,poison,0.1,0,s034,8,23.5,17.445652173913043,2.0,84.0,66,55,44,1,6,10,0.88,15.1203007518797,63,8,0,0,0,4022,266,16,1,1,65.75,4,100.0
mm_poison,mm,full,fidelity,False,True,16,poison,0.1,1,s034,2,36.0,32.71739130434783,0.0,95.5,66,38,28,0,6,10,0.56,16.0,66,28,0,0,0,4256,266,16,1,16,92.0625,0,
mm_poison,mm,full,fidelity,False,True,16,poison,0.1,1,s034,3,24.0,18.53260869565217,2.0,86.0,66,49,39,2,6,8,0.78,15.169172932330827,64,15,0,0,0,4035,266,16,1,1,28.625,2,
mm_poison,mm,full,fidelity,False,True,16,poison,0.1,1,s034,4,20.0,9.347826086956523,4.0,72.0,66,57,46,1,6,10,0.92,14.533834586466163,61,4,0,0,0,3866,266,16,1,1,49.75,5,
mm_poison,mm,full,fidelity,False,True,16,poison,0.1,1,s034,5,30.25,17.445652173913043,6.0,73.0,66,51,38,3,6,10,0.76,14.88345864661654,61,8,0,0,2,3959,266,16,1,1,54.8125,2,
mm_poison,mm,full,fidelity,False,True,16,poison,0.1,1,s034,6,22.25,16.195652173913043,2.0,75.5,66,55,45,1,6,9,0.9,14.353383458646617,63,7,0,0,1,3818,266,16,1,1,69.5625,3,
mm_poison,mm,full,fidelity,False,True,16,poison,0.1,1,s034,7,22.75,11.684782608695654,0.0,85.5,66,51,42,1,6,8,0.84,14.214285714285714,62,11,0,0,0,3781,266,16,1,1,60.4375,4,
mm_poison,mm,full,fidelity,False,True,16,poison,0.1,1,s034,8,21.25,19.78260869565217,4.0,76.5,66,54,44,4,6,6,0.88,14.545112781954888,61,7,0,0,0,3869,266,16,1,1,76.0,5,92.0
mm_poison,mm,full,fidelity,False,True,16,poison,0.1,2,s034,2,30.25,21.03260869565217,0.0,98.5,66,50,39,3,6,8,0.78,16.0,66,13,0,0,3,4256,266,16,1,15,87.0,0,
mm_poison,mm,full,fidelity,False,True,16,poison,0.1,2,s034,3,22.0,17.445652173913043,2.0,83.0,66,58,46,2,6,10,0.92,14.733082706766917,64,6,0,0,0,3919,266,16,1,1,43.5,3,
mm_poison,mm,full,fidelity,False,True,16,poison,0.1,2,s034,4,20.0,10.434782608695654,4.0,78.5,66,58,46,3,6,9,0.92,15.778195488721805,62,2,0,0,2,4197,266,16,1,1,52.0625,2,
mm_poison,mm,full,fidelity,False,True,16,poison,0.1,2,s034,5,32.25,23.3695652173913,2.0,83.5,66,55,39,6,6,10,0.78,15.075187969924812,65,8,0,0,2,4010,266,16,1,1,50.0625,6,
mm_poison,mm,full,fidelity,False,True,16,poison,0.1,2,s034,6,22.0,22.1195652173913,2.0,82.0,66,56,45,4,6,7,0.9,15.056390977443607,63,6,0,0,1,4005,266,16,1,1,60.1875,4,
mm_poison,mm,full,fidelity,False,True,16,poison,0.1,2,s034,7,27.750000000000004,15.108695652173914,0.0,84.0,66,59,45,4,6,10,0.9,15.300751879699249,66,5,0,0,2,4070,266,16,1,1,57.25,6,
mm_poison,mm,full,fidelity,False,True,16,poison,0.1,2,s034,8,26.0,24.293478260869566,2.0,80.5,66,56,44,3,6,9,0.88,15.37593984962406,64,8,0,0,0,4090,266,16,1,1,67.4375,4,94.0
window_poison,window,none,fidelity,False,True,16,poison,0.1,0,s035,2,27.750000000000004,7.17391304347826,4.0,48.5,66,57,48,2,6,7,0.96,13.943609022556393,0,0,0,0,0,3709,266,16,0,0,8.9375,3,
window_poison,window,none,fidelity,False,True,16,poison,0.1,0,s035,3,27.500000000000004,8.097826086956525,24.0,43.0,66,47,38,1,6,8,0.76,12.406015037593985,0,0,0,0,0,3300,266,16,0,0,10.8125,2,
window_poison,window,none,fidelity,False,True,16,poison,0.1,0,s035,4,29.75,14.021739130434783,24.0,53.0,66,51,38,3,6,10,0.76,12.466165413533837,0,0,0,0,0,3316,266,16,0,0,10.3125,5,
window_poison,window,none,fidelity,False,True,16,poison,0.1,0,s035,5,31.499999999999996,7.01086956521739,16.0,50.5,66,54,42,3,6,9,0.84,11.63157894736842,0,0,0,0,0,3094,266,16,0,0,8.4375,4,
window_poison,window,none,fidelity,False,True,16,poison,0.1,0,s035,6,17.750000000000004,7.33695652173913,10.0,41.5,66,57,45,2,6,10,0.9,12.62406015037594,0,0,0,0,0,3358,266,16,0,0,8.6875,3,
window_poison,window,none,fidelity,False,True,16,poison,0.1,0,s035,7,20.75,10.434782608695654,8.0,46.5,66,62,46,6,6,10,0.92,12.958646616541351,0,0,0,0,0,3447,266,16,0,0,8.1875,3,
window_poison,window,none,fidelity,False,True,16,poison,0.1,0,s035,8,31.499999999999996,20.869565217391305,16.0,53.5,66,54,42,4,6,8,0.84,13.293233082706768,0,0,0,0,0,3536,266,16,0,0,7.9375,2,90.0
window_poison,window,none,fidelity,False,True,16,poison,0.1,1,s035,2,26.0,10.434782608695654,6.0,45.5,66,58,47,4,6,7,0.94,14.041353383458649,0,0,0,0,0,3735,266,16,0,0,8.8125,5,
window_poison,window,none,fidelity,False,True,16,poison,0.1,1,s035,3,22.25,10.597826086956523,10.0,46.5,66,58,45,3,6,10,0.9,13.048872180451127,0,0,0,0,0,3471,266,16,0,0,7.6875,5,
window_poison,window,none,fidelity,False,True,16,poison,0.1,1,s035,4,24.5,4.67391304347826,24.0,42.0,66,53,38,5,6,10,0.76,11.063909774436093,0,0,0,0,0,2943,266,16,0,0,9.5,5,
window_poison,window,none,fidelity,False,True,16,poison,0.1,1,s035,5,36.5,10.434782608695654,18.0,53.5,66,54,41,5,6,8,0.82,11.725563909774436,0,0,0,0,0,3119,266,16,0,0,8.125,4,
window_poison,window,none,fidelity,False,True,16,poison,0.1,1,s035,6,13.750000000000002,7.01086956521739,10.0,41.5,66,56,45,1,6,10,0.9,12.827067669172932,0,0,0,0,0,3412,266,16,0,0,9.625,3,
window_poison,window,none,fidelity,False,True,16,poison,0.1,1,s035,7,21.75,12.771739130434783,8.0,50.5,66,57,46,1,6,10,0.92,12.827067669172932,0,0,0,0,0,3412,266,16,0,0,8.25,4,
window_poison,window,none,fidelity,False,True,16,poison,0.1,1,s035,8,24.0,12.771739130434783,12.0,55.50000000000001,66,54,44,2,6,8,0.88,13.1203007518797,0,0,0,0,0,3490,266,16,0,0,10.1875,3,96.0
window_poison,window,none,fidelity,False,True,16,poison,0.1,2,s035,2,25.5,4.67391304347826,6.0,53.5,66,57,47,3,6,7,0.94,14.033834586466163,0,0,0,0,0,3733,266,16,0,0,8.8125,4,
window_poison,window,none,fidelity,False,True,16,poison,0.1,2,s035,3,24.25,10.434782608695654,10.0,50.5,66,55,45,1,6,9,0.9,13.229323308270676,0,0,0,0,0,3519,266,16,0,0,10.625,4,
window_poison,window,none,fidelity,False,True,16,poison,0.1,2,s035,4,25.75,9.184782608695654,18.0,52.5,66,53,41,2,6,10,0.82,12.221804511278195,0,0,0,0,0,3251,266,16,0,0,8.875,3,
window_poison,window,none,fidelity,False,True,16,poison,0.1,2,s035,5,32.75,7.01086956521739,14.000000000000002,56.00000000000001,66,57,43,4,6,10,0.86,13.172932330827068,0,0,0,0,0,3504,266,16,0,0,8.125,4,
window_poison,window,none,fidelity,False,True,16,poison,0.1,2,s035,6,12.5,3.423913043478259,4.0,45.0,66,62,48,4,6,10,0.96,13.586466165413531,0,0,0,0,0,3614,266,16,0,0,8.4375,3,
window_poison,window,none,fidelity,False,True,16,poison,0.1,2,s035,7,15.500000000000004,7.01086956521739,10.0,40.0,66,56,45,1,6,10,0.9,12.88345864661654,0,0,0,0,0,3427,266,16,0,0,8.625,3,
window_poison,window,none,fidelity,False,True,16,poison,0.1,2,s035,8,26.0,15.108695652173914,22.0,54.0,66,54,39,5,6,10,0.78,13.672932330827068,0,0,0,0,0,3637,266,16,0,0,7.875,3,90.0
aeqkad_poison,window,full,fidelity,False,True,16,poison,0.1,0,s035,2,30.25,9.347826086956523,10.0,46.5,66,38,33,1,6,4,0.66,12.56766917293233,54,12,0,0,4,3343,266,16,0,0,15.0625,2,
aeqkad_poison,window,full,fidelity,False,True,16,poison,0.1,0,s035,3,27.750000000000004,14.945652173913045,26.0,40.5,66,38,32,0,6,6,0.64,10.954887218045112,46,6,0,0,2,2914,266,16,0,0,11.8125,1,
aeqkad_poison,window,full,fidelity,False,True,16,poison,0.1,0,s035,4,27.750000000000004,14.945652173913045,24.0,49.5,66,41,35,1,6,5,0.7,10.541353383458649,49,6,0,0,2,2804,266,16,0,0,11.5,4,
aeqkad_poison,window,full,fidelity,False,True,16,poison,0.1,0,s035,5,28.75,7.01086956521739,18.0,47.0,66,45,35,1,6,9,0.7,10.954887218045112,53,7,0,0,1,2914,266,16,0,0,12.5625,5,
aeqkad_poison,window,full,fidelity,False,True,16,poison,0.1,0,s035,6,18.250000000000004,8.42391304347826,10.0,37.5,66,51,42,2,6,7,0.84,12.43233082706767,56,3,0,0,2,3307,266,16,0,0,12.0,0,
aeqkad_poison,window,full,fidelity,False,True,16,poison,0.1,0,s035,7,19.25,10.434782608695654,12.0,32.0,66,51,41,3,6,7,0.82,12.172932330827068,58,4,0,0,3,3238,266,16,0,0,8.1875,3,
aeqkad_poison,window,full,fidelity,False,True,16,poison,0.1,0,s035,8,30.000000000000004,18.53260869565217,16.0,47.0,66,43,38,3,6,2,0.76,12.296992481203008,53,6,0,0,4,3271,266,16,0,0,9.9375,0,84.0
aeqkad_poison,window,full,fidelity,False,True,16,poison,0.1,1,s035,2,27.750000000000004,13.695652173913045,12.0,46.5,66,46,36,3,6,7,0.72,13.424812030075188,55,9,0,0,0,3571,266,16,0,0,10.0,5,
aeqkad_poison,window,full,fidelity,False,True,16,poison,0.1,1,s035,3,26.25,13.858695652173914,20.0,42.5,66,40,34,0,6,6,0.68,11.421052631578949,52,11,0,0,1,3038,266,16,0,0,12.5625,0,
aeqkad_poison,window,full,fidelity,False,True,16,poison,0.1,1,s035,4,24.25,10.434782608695654,24.0,38.5,66,49,36,3,6,10,0.72,10.541353383458649,53,4,0,0,0,2804,266,16,0,0,12.375,3,
aeqkad_poison,window,full,fidelity,False,True,16,poison,0.1,1,s035,5,31.25,11.684782608695654,22.0,50.0,66,45,34,3,6,8,0.68,10.87218045112782,52,5,0,0,2,2892,266,16,0,0,13.375,5,
aeqkad_poison,window,full,fidelity,False,True,16,poison,0.1,1,s035,6,11.75,3.58695652173913,10.0,39.5,66,54,44,0,6,10,0.88,12.454887218045112,56,2,0,0,0,3313,266,16,0,0,9.625,3,
aeqkad_poison,window,full,fidelity,False,True,16,poison,0.1,1,s035,7,22.25,15.108695652173914,8.0,46.5,66,52,41,1,6,10,0.82,12.206766917293232,57,5,0,0,0,3247,266,16,0,0,8.6875,4,
aeqkad_poison,window,full,fidelity,False,True,16,poison,0.1,1,s035,8,26.25,19.6195652173913,18.0,52.5,66,50,40,2,6,8,0.8,12.800751879699249,51,1,0,0,0,3405,266,16,0,0,10.1875,3,96.0
aeqkad_poison,window,full,fidelity,False,True,16,poison,0.1,2,s035,2,27.750000000000004,11.684782608695654,12.0,46.0,66,42,36,1,6,5,0.72,13.691729323308271,53,11,19,0,0,3642,266,16,0,0,13.0625,3,
aeqkad_poison,window,full,fidelity,False,True,16,poison,0.1,2,s035,3,27.750000000000004,9.510869565217387,18.0,50.0,66,46,36,1,6,9,0.72,12.11654135338346,51,3,26,0,2,3223,266,16,0,0,10.625,4,
aeqkad_poison,window,full,fidelity,False,True,16,poison,0.1,2,s035,4,26.0,10.434782608695654,16.0,49.0,66,47,36,1,6,10,0.72,11.180451127819548,54,5,24,0,2,2974,266,16,0,0,10.5,3,
aeqkad_poison,window,full,fidelity,False,True,16,poison,0.1,2,s035,5,31.000000000000007,4.83695652173913,16.0,52.5,66,49,38,2,6,9,0.76,12.18421052631579,55,6,26,0,0,3241,266,16,0,0,11.0625,4,
aeqkad_poison,window,full,fidelity,False,True,16,poison,0.1,2,s035,6,9.749999999999998,1.25,6.0,26.5,66,56,46,0,6,10,0.92,13.045112781954888,60,4,26,0,0,3470,266,16,0,0,8.4375,3,
aeqkad_poison,window,full,fidelity,False,True,16,poison,0.1,2,s035,7,15.750000000000004,7.01086956521739,10.0,37.0,66,51,41,0,6,10,0.82,12.30451127819549,56,5,16,0,0,3273,266,16,0,0,9.9375,2,
aeqkad_poison,window,full,fidelity,False,True,16,poison,0.1,2,s035,8,24.0,10.434782608695654,22.0,49.0,66,46,38,3,6,5,0.76,13.086466165413531,53,6,21,0,1,3481,266,16,0,0,9.625,1,60.0
mm_poison,mm,full,fidelity,False,True,16,poison,0.1,0,s035,2,21.75,12.771739130434783,10.0,43.0,66,34,29,1,6,4,0.58,16.0,58,18,0,0,6,4256,266,16,1,16,101.8125,0,
mm_poison,mm,full,fidelity,False,True,16,poison,0.1,0,s035,3,22.0,6.847826086956524,10.0,46.0,66,40,34,0,6,6,0.68,14.827067669172932,55,7,0,0,8,3944,266,16,1,3,43.5,4,
mm_poison,mm,full,fidelity,False,True,16,poison,0.1,0,s035,4,30.500000000000004,11.684782608695654,16.0,55.00000000000001,66,42,35,2,6,5,0.7,14.176691729323307,54,8,0,0,4,3771,266,16,1,1,65.9375,2,
mm_poison,mm,full,fidelity,False,True,16,poison,0.1,0,s035,5,25.75,10.434782608695654,14.000000000000002,62.0,66,50,40,1,6,9,0.8,15.1203007518797,55,3,0,0,2,4022,266,16,1,1,62.25,3,
mm_poison,mm,full,fidelity,False,True,16,poison,0.1,0,s035,6,24.75,16.358695652173914,8.0,56.99999999999999,66,53,43,2,6,8,0.86,15.43984962406015,60,4,0,0,3,4107,266,16,1,1,63.875,3,
mm_poison,mm,full,fidelity,False,True,16,poison,0.1,0,s035,7,23.5,12.608695652173912,6.0,57.49999999999999,66,55,42,4,6,9,0.84,15.973684210526317,63,6,0,0,2,4249,266,16,1,1,54.5,4,
mm_poison,mm,full,fidelity,False,True,16,poison,0.1,0,s035,8,21.25,12.771739130434783,10.0,64.5,66,48,41,3,6,4,0.82,16.0,57,4,0,0,5,4256,266,16,1,1,82.9375,6,96.0
mm_poison,mm,full,fidelity,False,True,16,poison,0.1,1,s035,2,28.000000000000004,16.195652173913043,10.0,53.0,66,44,34,2,6,8,0.68,16.0,60,14,0,0,2,4256,266,16,1,16,99.5625,0,
mm_poison,mm,full,fidelity,False,True,16,poison,0.1,1,s035,3,23.75,8.097826086956525,10.0,51.0,66,47,38,1,6,8,0.76,15.12406015037594,59,7,0,0,5,4023,266,16,1,1,39.0625,6,
mm_poison,mm,full,fidelity,False,True,16,poison,0.1,1,s035,4,27.0,7.01086956521739,18.0,48.0,66,51,37,4,6,10,0.74,15.097744360902256,55,4,1,0,0,4016,266,16,1,1,63.5625,2,
mm_poison,mm,full,fidelity,False,True,16,poison,0.1,1,s035,5,26.75,5.923913043478259,10.0,61.0,66,50,40,2,6,8,0.8,14.699248120300751,57,5,4,0,2,3910,266,16,1,1,45.3125,5,
mm_poison,mm,full,fidelity,False,True,16,poison,0.1,1,s035,6,18.500000000000004,3.75,8.0,54.50000000000001,66,54,44,0,6,10,0.88,15.849624060150376,58,4,1,0,0,4216,266,16,1,1,53.1875,2,
mm_poison,mm,full,fidelity,False,True,16,poison,0.1,1,s035,7,15.750000000000004,5.923913043478259,2.0,51.5,66,53,42,1,6,10,0.84,15.526315789473683,61,8,0,0,0,4130,266,16,1,1,63.5,2,
mm_poison,mm,full,fidelity,False,True,16,poison,0.1,1,s035,8,27.25,11.684782608695654,10.0,64.5,66,53,42,2,6,9,0.84,15.924812030075188,56,2,0,0,1,4236,266,16,1,1,66.75,4,98.0
mm_poison,mm,full,fidelity,False,True,16,poison,0.1,2,s035,2,28.000000000000004,11.684782608695654,10.0,49.0,66,42,32,0,6,10,0.64,16.0,59,16,25,0,1,4256,266,16,1,16,99.75,0,
mm_poison,mm,full,fidelity,False,True,16,poison,0.1,2,s035,3,21.0,2.1739130434782594,8.0,52.5,66,48,39,0,6,9,0.78,15.710526315789474,56,6,36,0,2,4179,266,16,1,1,39.5625,3,
mm_poison,mm,full,fidelity,False,True,16,poison,0.1,2,s035,4,22.5,2.5,14.000000000000002,57.49999999999999,66,49,38,1,6,10,0.76,15.612781954887218,54,3,41,0,2,4153,266,16,1,1,69.9375,3,
mm_poison,mm,full,fidelity,False,True,16,poison,0.1,2,s035,5,20.75,16.032608695652172,10.0,61.5,66,55,43,2,6,10,0.86,15.533834586466163,59,4,41,0,0,4132,266,16,1,1,47.4375,3,
mm_poison,mm,full,fidelity,False,True,16,poison,0.1,2,s035,6,22.25,17.445652173913043,4.0,69.5,66,57,45,2,6,10,0.9,15.943609022556393,63,5,39,0,1,4241,266,16,1,1,60.125,5,
mm_poison,mm,full,fidelity,False,True,16,poison,0.1,2,s035,7,19.75,10.434782608695654,6.0,71.0,66,58,46,2,6,10,0.92,15.781954887218046,61,3,49,0,0,4198,266,16,1,1,64.375,2,
mm_poison,mm,full,fidelity,False,True,16,poison,0.1,2,s035,8,22.0,10.434782608695654,10.0,59.5,66,55,43,5,6,7,0.86,15.954887218045112,60,3,37,0,2,4244,266,16,1,1,55.25,6,94.0
window_poison,window,none,fidelity,False,True,16,poison,0.1,0,s036,2,2.750000000000001,2.33695652173913,0.0,23.5,66,61,50,2,6,9,1.0,11.838345864661656,0,0,0,0,0,3149,266,16,0,0,7.5,1,
window_poison,window,none,fidelity,False,True,16,poison,0.1,0,s036,3,5.750000000000003,0.0,4.0,18.0,66,60,48,2,6,10,0.96,11.221804511278195,0,0,0,0,0,2985,266,16,0,0,7.5625,2,
window_poison,window,none,fidelity,False,True,16,poison,0.1,0,s036,4,4.250000000000002,0.0,0.0,23.0,66,62,50,2,6,10,1.0,11.101503759398495,0,0,0,0,0,2953,266,16,0,0,7.5,3,
window_poison,window,none,fidelity,False,True,16,poison,0.1,0,s036,5,2.000000000000001,0.0,0.0,40.5,66,64,50,5,6,9,1.0,11.172932330827068,0,0,0,0,0,2972,266,16,0,0,7.5,6,
window_poison,window,none,fidelity,False,True,16,poison,0.1,0,s036,6,6.000000000000003,0.0,0.0,29.5,66,62,50,2,6,10,1.0,10.605263157894736,0,0,0,0,0,2821,266,16,0,0,9.125,3,
window_poison,window,none,fidelity,False,True,16,poison,0.1,0,s036,7,2.750000000000001,0.0,0.0,32.5,66,57,50,1,6,6,1.0,9.56766917293233,0,0,0,0,0,2545,266,16,0,0,11.3125,0,
window_poison,window,none,fidelity,False,True,16,poison,0.1,0,s036,8,2.250000000000001,0.0,0.0,11.0,66,51,50,1,6,0,1.0,11.451127819548873,0,0,0,0,0,3046,266,16,0,0,10.3125,0,0.0
window_poison,window,none,fidelity,False,True,16,poison,0.1,1,s036,2,2.750000000000001,2.33695652173913,0.0,20.5,66,62,50,2,6,10,1.0,11.31578947368421,0,0,0,0,0,3010,266,16,0,0,8.4375,1,
window_poison,window,none,fidelity,False,True,16,poison,0.1,1,s036,3,5.750000000000003,0.0,4.0,11.5,66,58,48,0,6,10,0.96,10.830827067669173,0,0,0,0,0,2881,266,16,0,0,9.5625,3,
window_poison,window,none,fidelity,False,True,16,poison,0.1,1,s036,4,4.000000000000002,0.0,0.0,15.0,66,60,50,1,6,9,1.0,10.672932330827068,0,0,0,0,0,2839,266,16,0,0,7.9375,3,
window_poison,window,none,fidelity,False,True,16,poison,0.1,1,s036,5,1.7500000000000009,0.0,0.0,21.0,66,56,50,3,6,3,1.0,10.406015037593985,0,0,0,0,0,2768,266,16,0,0,7.5625,3,
window_poison,window,none,fidelity,False,True,16,poison,0.1,1,s036,6,6.000000000000003,0.0,0.0,40.5,66,63,50,5,6,8,1.0,10.225563909774436,0,0,0,0,0,2720,266,16,0,0,8.125,2,
window_poison,window,none,fidelity,False,True,16,poison,0.1,1,s036,7,2.250000000000001,0.0,0.0,24.0,66,56,50,0,6,6,1.0,9.308270676691729,0,0,0,0,0,2476,266,16,0,0,10.1875,0,
window_poison,window,none,fidelity,False,True,16,poison,0.1,1,s036,8,5.500000000000003,3.423913043478259,0.0,21.0,66,52,50,2,6,0,1.0,11.650375939849624,0,0,0,0,0,3099,266,16,0,0,9.375,0,0.0
window_poison,window,none,fidelity,False,True,16,poison,0.1,2,s036,2,1.5000000000000009,0.0,0.0,10.5,66,61,50,2,6,9,1.0,11.018796992481205,0,0,0,0,0,2931,266,16,0,0,9.375,1,
window_poison,window,none,fidelity,False,True,16,poison,0.1,2,s036,3,6.250000000000003,0.0,6.0,4.5,66,57,47,0,6,10,0.94,10.203007518796992,0,0,0,0,0,2714,266,16,0,0,10.4375,2,
window_poison,window,none,fidelity,False,True,16,poison,0.1,2,s036,4,1.7500000000000009,0.0,0.0,5.0,66,60,50,0,6,10,1.0,10.469924812030076,0,0,0,0,0,2785,266,16,0,0,8.4375,2,
window_poison,window,none,fidelity,False,True,16,poison,0.1,2,s036,5,3.000000000000001,0.0,0.0,12.5,66,63,50,3,6,10,1.0,10.853383458646617,0,0,0,0,0,2887,266,16,0,0,8.3125,3,
window_poison,window,none,fidelity,False,True,16,poison,0.1,2,s036,6,5.750000000000003,0.0,0.0,13.0,66,56,50,0,6,6,1.0,8.981203007518797,0,0,0,0,0,2389,266,16,0,0,9.0625,3,
window_poison,window,none,fidelity,False,True,16,poison,0.1,2,s036,7,6.000000000000003,1.25,0.0,18.0,66,60,50,0,6,10,1.0,9.451127819548873,0,0,0,0,0,2514,266,16,0,0,9.0,2,
window_poison,window,none,fidelity,False,True,16,poison,0.1,2,s036,8,6.000000000000003,2.33695652173913,0.0,21.0,66,62,50,3,6,9,1.0,12.548872180451127,0,0,0,0,0,3338,266,16,0,0,7.5,3,100.0
aeqkad_poison,window,full,fidelity,False,True,16,poison,0.1,0,s036,2,2.250000000000001,0.0,0.0,16.5,66,51,46,0,6,5,0.92,10.657894736842104,60,6,0,0,3,2835,266,16,0,0,7.5,1,
aeqkad_poison,window,full,fidelity,False,True,16,poison,0.1,0,s036,3,4.000000000000003,0.0,6.0,11.5,66,47,44,0,6,3,0.88,10.00375939849624,57,4,0,0,6,2661,266,16,0,0,10.9375,0,
aeqkad_poison,window,full,fidelity,False,True,16,poison,0.1,0,s036,4,0.0,0.0,0.0,4.5,66,47,47,0,6,0,0.94,9.19548872180451,53,1,0,0,5,2446,266,16,0,0,9.375,0,
aeqkad_poison,window,full,fidelity,False,True,16,poison,0.1,0,s036,5,0.25,0.0,0.0,7.000000000000001,66,50,50,0,6,0,1.0,9.281954887218046,52,2,0,0,0,2469,266,16,0,0,12.0,0,
aeqkad_poison,window,full,fidelity,False,True,16,poison,0.1,0,s036,6,2.000000000000001,0.0,0.0,11.0,66,48,48,0,6,0,0.96,8.203007518796992,50,0,0,0,2,2182,266,16,0,0,11.8125,0,
aeqkad_poison,window,full,fidelity,False,True,16,poison,0.1,0,s036,7,0.0,0.0,0.0,2.5,66,46,46,0,6,0,0.92,6.913533834586466,50,0,0,0,4,1839,266,16,0,0,11.375,0,
aeqkad_poison,window,full,fidelity,False,True,16,poison,0.1,0,s036,8,4.000000000000002,0.0,0.0,6.0,66,34,34,0,6,0,0.68,10.135338345864662,51,10,0,0,7,2696,266,16,0,0,10.3125,0,0.0
aeqkad_poison,window,full,fidelity,False,True,16,poison,0.1,1,s036,2,2.500000000000001,0.0,0.0,13.0,66,55,46,0,6,9,0.92,10.86842105263158,62,6,0,0,1,2891,266,16,0,0,8.4375,1,
aeqkad_poison,window,full,fidelity,False,True,16,poison,0.1,1,s036,3,5.750000000000003,0.0,2.0,7.000000000000001,66,49,44,0,6,5,0.88,10.165413533834586,59,7,0,0,3,2704,266,16,0,0,12.3125,2,
aeqkad_poison,window,full,fidelity,False,True,16,poison,0.1,1,s036,4,0.0,0.0,0.0,5.0,66,47,47,0,6,0,0.94,8.864661654135338,52,3,0,0,2,2358,266,16,0,0,10.0,0,
aeqkad_poison,window,full,fidelity,False,True,16,poison,0.1,1,s036,5,0.0,0.0,0.0,5.0,66,50,50,0,6,0,1.0,8.80451127819549,50,0,0,0,0,2342,266,16,0,0,9.1875,0,
aeqkad_poison,window,full,fidelity,False,True,16,poison,0.1,1,s036,6,0.0,0.0,0.0,5.0,66,48,48,0,6,0,0.96,8.169172932330827,50,0,0,0,2,2173,266,16,0,0,10.4375,0,
aeqkad_poison,window,full,fidelity,False,True,16,poison,0.1,1,s036,7,0.0,0.0,0.0,4.5,66,49,49,0,6,0,0.98,7.481203007518797,51,1,0,0,1,1990,266,16,0,0,10.1875,0,
aeqkad_poison,window,full,fidelity,False,True,16,poison,0.1,1,s036,8,6.250000000000003,4.67391304347826,0.0,9.5,66,37,37,0,6,0,0.74,10.225563909774436,51,9,0,0,5,2720,266,16,0,0,9.375,0,0.0
aeqkad_poison,window,full,fidelity,False,True,16,poison,0.1,2,s036,2,1.2500000000000009,0.0,0.0,7.5,66,55,47,1,6,7,0.94,10.721804511278195,61,5,0,0,1,2852,266,16,0,0,9.375,1,
aeqkad_poison,window,full,fidelity,False,True,16,poison,0.1,2,s036,3,4.500000000000003,0.0,6.0,5.0,66,53,44,0,6,9,0.88,9.902255639097744,57,1,0,0,3,2634,266,16,0,0,10.625,2,
aeqkad_poison,window,full,fidelity,False,True,16,poison,0.1,2,s036,4,0.5,0.0,0.0,4.0,66,56,48,0,6,8,0.96,10.045112781954888,60,2,0,0,2,2672,266,16,0,0,9.375,1,
aeqkad_poison,window,full,fidelity,False,True,16,poison,0.1,2,s036,5,0.25,0.0,0.0,5.0,66,50,49,0,6,1,0.98,9.424812030075188,61,4,0,0,7,2507,266,16,0,0,10.3125,1,
aeqkad_poison,window,full,fidelity,False,True,16,poison,0.1,2,s036,6,2.000000000000001,0.0,0.0,7.5,66,48,48,0,6,0,0.96,8.146616541353383,52,1,0,0,3,2167,266,16,0,0,12.8125,0,
aeqkad_poison,window,full,fidelity,False,True,16,poison,0.1,2,s036,7,0.0,0.0,0.0,0.5,66,49,49,0,6,0,0.98,7.300751879699248,50,0,0,0,1,1942,266,16,0,0,9.9375,0,
aeqkad_poison,window,full,fidelity,False,True,16,poison,0.1,2,s036,8,2.500000000000001,3.423913043478259,2.0,3.0,66,37,37,0,6,0,0.74,10.274436090225564,51,9,0,0,5,2733,266,16,0,0,9.0,0,72.0
mm_poison,mm,full,fidelity,False,True,16,poison,0.1,0,s036,2,3.7500000000000018,0.0,0.0,75.0,66,53,47,0,6,6,0.94,16.0,64,7,0,0,4,4256,266,16,1,12,66.8125,0,
mm_poison,mm,full,fidelity,False,True,16,poison,0.1,0,s036,3,2.500000000000001,0.0,0.0,30.5,66,47,44,0,6,3,0.88,14.082706766917294,61,6,0,0,8,3746,266,16,1,1,36.5625,2,
mm_poison,mm,full,fidelity,False,True,16,poison,0.1,0,s036,4,2.250000000000001,0.0,0.0,16.0,66,47,47,0,6,0,0.94,13.789473684210526,58,6,0,0,5,3668,266,16,1,1,83.625,2,
mm_poison,mm,full,fidelity,False,True,16,poison,0.1,0,s036,5,0.0,0.0,0.0,11.5,66,50,50,0,6,0,1.0,13.552631578947368,54,4,0,0,0,3605,266,16,1,1,54.5,0,
mm_poison,mm,full,fidelity,False,True,16,poison,0.1,0,s036,6,0.5,0.0,0.0,17.0,66,48,48,0,6,0,0.96,12.530075187969924,51,0,0,0,3,3333,266,16,1,1,69.375,0,
mm_poison,mm,full,fidelity,False,True,16,poison,0.1,0,s036,7,0.0,0.0,0.0,13.0,66,46,46,0,6,0,0.92,11.225563909774436,51,1,0,0,4,2986,266,16,1,1,60.5625,0,
mm_poison,mm,full,fidelity,False,True,16,poison,0.1,0,s036,8,3.7500000000000018,0.0,2.0,9.0,66,34,34,0,6,0,0.68,12.56015037593985,51,7,0,0,10,3341,266,16,1,1,66.125,0,2.0
mm_poison,mm,full,fidelity,False,True,16,poison,0.1,1,s036,2,4.250000000000002,1.25,0.0,61.5,66,47,37,0,6,10,0.74,16.0,65,18,0,0,0,4256,266,16,1,16,92.375,0,
mm_poison,mm,full,fidelity,False,True,16,poison,0.1,1,s036,3,3.0000000000000018,0.0,2.0,27.0,66,47,46,0,6,1,0.92,14.56015037593985,60,8,0,0,5,3873,266,16,1,1,37.9375,1,
mm_poison,mm,full,fidelity,False,True,16,poison,0.1,1,s036,4,0.25,0.0,0.0,8.0,66,47,47,0,6,0,0.94,14.830827067669173,54,3,0,0,4,3945,266,16,1,1,61.875,1,
mm_poison,mm,full,fidelity,False,True,16,poison,0.1,1,s036,5,0.0,0.0,0.0,7.000000000000001,66,50,50,0,6,0,1.0,13.590225563909774,51,1,0,0,0,3615,266,16,1,1,56.5,0,
mm_poison,mm,full,fidelity,False,True,16,poison,0.1,1,s036,6,0.0,0.0,0.0,15.0,66,48,48,0,6,0,0.96,11.981203007518795,53,3,0,0,2,3187,266,16,1,1,64.875,0,
mm_poison,mm,full,fidelity,False,True,16,poison,0.1,1,s036,7,0.5,0.0,0.0,15.0,66,49,49,0,6,0,0.98,12.890977443609025,53,3,0,0,1,3429,266,16,1,1,59.5625,0,
mm_poison,mm,full,fidelity,False,True,16,poison,0.1,1,s036,8,3.7500000000000018,0.0,2.0,9.5,66,37,37,0,6,0,0.74,11.99624060150376,50,6,0,0,7,3191,266,16,1,1,62.25,0,0.0
mm_poison,mm,full,fidelity,False,True,16,poison,0.1,2,s036,2,2.000000000000001,0.0,0.0,38.0,66,57,48,1,6,8,0.96,15.88345864661654,63,4,0,0,2,4225,266,16,1,11,61.0625,0,
mm_poison,mm,full,fidelity,False,True,16,poison,0.1,2,s036,3,6.000000000000003,0.0,4.0,8.0,66,53,44,0,6,9,0.88,13.210526315789474,58,2,0,0,3,3514,266,16,1,1,38.8125,2,
mm_poison,mm,full,fidelity,False,True,16,poison,0.1,2,s036,4,0.25,0.0,0.0,5.0,66,56,48,0,6,8,0.96,12.654135338345863,60,2,0,0,2,3366,266,16,1,1,55.5625,1,
mm_poison,mm,full,fidelity,False,True,16,poison,0.1,2,s036,5,0.0,0.0,0.0,6.0,66,51,50,0,6,1,1.0,13.56766917293233,62,6,0,0,5,3609,266,16,1,1,49.1875,1,
mm_poison,mm,full,fidelity,False,True,16,poison,0.1,2,s036,6,2.500000000000001,0.0,0.0,13.0,66,49,48,0,6,1,0.96,13.349624060150376,58,3,0,0,6,3551,266,16,1,1,63.4375,2,
mm_poison,mm,full,fidelity,False,True,16,poison,0.1,2,s036,7,1.7500000000000009,0.0,0.0,11.0,66,49,49,0,6,0,0.98,12.402255639097744,55,5,0,0,1,3299,266,16,1,1,59.5625,0,
mm_poison,mm,full,fidelity,False,True,16,poison,0.1,2,s036,8,3.5000000000000018,0.0,2.0,7.000000000000001,66,37,37,0,6,0,0.74,12.703007518796992,56,12,0,0,7,3379,266,16,1,1,68.4375,0,86.0
window_poison,window,none,fidelity,False,True,16,poison,0.1,0,s037,2,26.5,18.695652173913043,8.0,55.50000000000001,66,60,46,4,6,10,0.92,13.785714285714286,0,0,0,0,0,3667,266,16,0,0,8.375,3,
window_poison,window,none,fidelity,False,True,16,poison,0.1,0,s037,3,20.25,5.597826086956524,12.0,51.0,66,56,44,2,6,10,0.88,13.01127819548872,0,0,0,0,0,3461,266,16,0,0,12.125,3,
window_poison,window,none,fidelity,False,True,16,poison,0.1,0,s037,4,21.0,8.097826086956525,6.0,59.5,66,57,47,1,6,9,0.94,12.221804511278195,0,0,0,0,0,3251,266,16,0,0,8.6875,2,
window_poison,window,none,fidelity,False,True,16,poison,0.1,0,s037,5,27.0,16.358695652173914,12.0,63.5,66,54,44,1,6,9,0.88,13.25187969924812,0,0,0,0,0,3525,266,16,0,0,9.125,4,
window_poison,window,none,fidelity,False,True,16,poison,0.1,0,s037,6,29.25,9.347826086956523,10.0,60.5,66,55,45,2,6,8,0.9,11.650375939849624,0,0,0,0,0,3099,266,16,0,0,9.0625,3,
window_poison,window,none,fidelity,False,True,16,poison,0.1,0,s037,7,38.25,30.217391304347828,6.0,78.5,66,61,47,5,6,9,0.94,13.992481203007518,0,0,0,0,0,3722,266,16,0,0,9.5625,5,
window_poison,window,none,fidelity,False,True,16,poison,0.1,0,s037,8,20.0,8.097826086956525,6.0,59.0,66,60,47,4,6,9,0.94,12.172932330827068,0,0,0,0,0,3238,266,16,0,0,9.6875,3,88.0
window_poison,window,none,fidelity,False,True,16,poison,0.1,1,s037,2,24.25,18.695652173913043,6.0,64.0,66,60,47,4,6,9,0.94,14.274436090225564,0,0,0,0,0,3797,266,16,0,0,8.3125,4,
window_poison,window,none,fidelity,False,True,16,poison,0.1,1,s037,3,25.75,8.097826086956525,10.0,54.0,66,57,45,2,6,10,0.9,13.357142857142858,0,0,0,0,0,3553,266,16,0,0,9.9375,3,
window_poison,window,none,fidelity,False,True,16,poison,0.1,1,s037,4,16.500000000000004,7.01086956521739,6.0,57.99999999999999,66,60,47,4,6,9,0.94,12.845864661654137,0,0,0,0,0,3417,266,16,0,0,7.75,4,
window_poison,window,none,fidelity,False,True,16,poison,0.1,1,s037,5,28.500000000000004,17.445652173913043,10.0,72.5,66,58,45,4,6,9,0.9,14.022556390977444,0,0,0,0,0,3730,266,16,0,0,8.875,4,
window_poison,window,none,fidelity,False,True,16,poison,0.1,1,s037,6,24.5,8.260869565217389,6.0,71.0,66,59,47,3,6,9,0.94,12.774436090225564,0,0,0,0,0,3398,266,16,0,0,8.125,4,
window_poison,window,none,fidelity,False,True,16,poison,0.1,1,s037,7,33.5,20.869565217391305,6.0,82.5,66,62,47,5,6,10,0.94,14.49624060150376,0,0,0,0,0,3856,266,16,0,0,8.375,5,
window_poison,window,none,fidelity,False,True,16,poison,0.1,1,s037,8,22.25,7.17391304347826,4.0,70.5,66,61,48,4,6,9,0.96,12.774436090225564,0,0,0,0,0,3398,266,16,0,0,7.5,5,94.0
window_poison,window,none,fidelity,False,True,16,poison,0.1,2,s037,2,24.25,14.021739130434783,8.0,56.49999999999999,66,60,46,4,6,10,0.92,14.229323308270676,0,0,0,0,0,3785,266,16,0,0,8.625,5,
window_poison,window,none,fidelity,False,True,16,poison,0.1,2,s037,3,23.5,9.184782608695654,12.0,56.49999999999999,66,57,44,3,6,10,0.88,13.721804511278195,0,0,0,0,0,3650,266,16,0,0,9.25,3,
window_poison,window,none,fidelity,False,True,16,poison,0.1,2,s037,4,18.250000000000004,9.347826086956523,6.0,51.0,66,62,47,5,6,10,0.94,11.977443609022556,0,0,0,0,0,3186,266,16,0,0,7.5,2,
window_poison,window,none,fidelity,False,True,16,poison,0.1,2,s037,5,26.5,19.78260869565217,16.0,61.5,66,56,42,4,6,10,0.84,12.714285714285714,0,0,0,0,0,3382,266,16,0,0,8.75,5,
window_poison,window,none,fidelity,False,True,16,poison,0.1,2,s037,6,25.75,9.347826086956523,12.0,67.0,66,56,44,2,6,10,0.88,11.834586466165414,0,0,0,0,0,3148,266,16,0,0,10.1875,5,
window_poison,window,none,fidelity,False,True,16,poison,0.1,2,s037,7,34.25,25.543478260869566,10.0,74.5,66,59,45,4,6,10,0.9,13.462406015037594,0,0,0,0,0,3581,266,16,0,0,8.3125,6,
window_poison,window,none,fidelity,False,True,16,poison,0.1,2,s037,8,18.000000000000004,8.097826086956525,10.0,60.5,66,57,45,2,6,10,0.9,12.048872180451127,0,0,0,0,0,3205,266,16,0,0,10.1875,2,100.0
aeqkad_poison,window,full,fidelity,False,True,16,poison,0.1,0,s037,2,22.0,13.858695652173914,10.0,47.5,66,47,38,0,6,9,0.76,13.169172932330827,60,13,0,0,0,3503,266,16,0,0,11.5,1,
aeqkad_poison,window,full,fidelity,False,True,16,poison,0.1,0,s037,3,20.75,5.597826086956524,16.0,37.5,66,43,37,0,6,6,0.74,12.11654135338346,51,8,0,0,0,3223,266,16,0,0,12.125,3,
aeqkad_poison,window,full,fidelity,False,True,16,poison,0.1,0,s037,4,23.75,8.097826086956525,8.0,57.49999999999999,66,51,42,1,6,8,0.84,12.075187969924812,57,6,0,0,0,3212,266,16,0,0,9.8125,2,
aeqkad_poison,window,full,fidelity,False,True,16,poison,0.1,0,s037,5,26.75,18.53260869565217,16.0,56.49999999999999,66,47,39,1,6,7,0.78,11.492481203007518,53,6,0,0,0,3057,266,16,0,0,9.125,4,
aeqkad_poison,window,full,fidelity,False,True,16,poison,0.1,0,s037,6,25.5,8.097826086956525,12.0,58.5,66,49,40,2,6,7,0.8,11.481203007518795,54,5,0,0,0,3054,266,16,0,0,10.9375,2,
aeqkad_poison,window,full,fidelity,False,True,16,poison,0.1,0,s037,7,34.0,25.706521739130437,10.0,71.5,66,44,34,2,6,8,0.68,12.887218045112782,57,13,0,0,0,3428,266,16,0,0,13.1875,6,
aeqkad_poison,window,full,fidelity,False,True,16,poison,0.1,0,s037,8,22.25,8.097826086956525,10.0,56.00000000000001,66,52,43,2,6,7,0.86,11.50375939849624,57,4,0,0,1,3060,266,16,0,0,12.0,3,90.0
aeqkad_poison,window,full,fidelity,False,True,16,poison,0.1,1,s037,2,24.25,12.771739130434783,4.0,52.0,66,47,38,0,6,9,0.76,13.1390977443609,61,14,1,0,0,3495,266,16,0,0,11.0,2,
aeqkad_poison,window,full,fidelity,False,True,16,poison,0.1,1,s037,3,24.5,6.847826086956524,16.0,42.5,66,45,36,0,6,9,0.72,12.413533834586469,55,10,1,0,0,3302,266,16,0,0,11.375,3,
aeqkad_poison,window,full,fidelity,False,True,16,poison,0.1,1,s037,4,19.75,7.01086956521739,8.0,59.0,66,55,43,2,6,10,0.86,12.31203007518797,60,5,1,0,0,3275,266,16,0,0,8.25,4,
aeqkad_poison,window,full,fidelity,False,True,16,poison,0.1,1,s037,5,27.750000000000004,20.869565217391305,18.0,67.5,66,49,39,1,6,9,0.78,12.984962406015038,53,4,2,0,0,3454,266,16,0,0,9.0,4,
aeqkad_poison,window,full,fidelity,False,True,16,poison,0.1,1,s037,6,27.750000000000004,10.434782608695654,10.0,66.5,66,48,40,1,6,7,0.8,12.109022556390975,57,9,0,0,0,3221,266,16,0,0,12.3125,2,
aeqkad_poison,window,full,fidelity,False,True,16,poison,0.1,1,s037,7,33.5,25.543478260869566,12.0,74.0,66,45,33,3,6,9,0.66,13.026315789473683,58,13,0,0,0,3465,266,16,0,0,12.125,6,
aeqkad_poison,window,full,fidelity,False,True,16,poison,0.1,1,s037,8,23.0,12.771739130434783,10.0,67.5,66,52,41,3,6,8,0.82,12.071428571428571,58,6,1,0,0,3211,266,16,0,0,12.0,4,92.0
aeqkad_poison,window,full,fidelity,False,True,16,poison,0.1,2,s037,2,22.25,13.858695652173914,4.0,48.0,66,44,35,0,6,9,0.7,13.808270676691729,60,16,0,0,0,3673,266,16,0,0,11.9375,3,
aeqkad_poison,window,full,fidelity,False,True,16,poison,0.1,2,s037,3,21.25,8.097826086956525,16.0,50.5,66,46,36,1,6,9,0.72,12.612781954887218,54,7,0,0,1,3355,266,16,0,0,11.0,2,
aeqkad_poison,window,full,fidelity,False,True,16,poison,0.1,2,s037,4,19.5,7.01086956521739,10.0,47.0,66,54,42,3,6,9,0.84,11.31203007518797,60,6,0,0,0,3009,266,16,0,0,8.375,2,
aeqkad_poison,window,full,fidelity,False,True,16,poison,0.1,2,s037,5,31.000000000000007,23.04347826086957,20.0,56.00000000000001,66,46,35,1,6,10,0.7,11.6390977443609,52,6,0,0,0,3096,266,16,0,0,11.0625,3,
aeqkad_poison,window,full,fidelity,False,True,16,poison,0.1,2,s037,6,24.25,10.434782608695654,12.0,54.50000000000001,66,48,38,1,6,9,0.76,10.87218045112782,57,9,0,0,0,2892,266,16,0,0,11.3125,5,
aeqkad_poison,window,full,fidelity,False,True,16,poison,0.1,2,s037,7,35.75,21.03260869565217,12.0,67.5,66,44,33,1,6,10,0.66,12.285714285714286,57,13,0,0,0,3268,266,16,0,0,13.5625,5,
aeqkad_poison,window,full,fidelity,False,True,16,poison,0.1,2,s037,8,21.75,10.434782608695654,14.000000000000002,63.0,66,52,41,1,6,10,0.82,11.68796992481203,56,4,0,0,0,3109,266,16,0,0,12.75,3,100.0
mm_poison,mm,full,fidelity,False,True,16,poison,0.1,0,s037,2,30.000000000000004,17.445652173913043,10.0,72.0,66,36,26,0,6,10,0.52,16.0,61,22,0,0,3,4256,266,16,1,16,91.25,0,
mm_poison,mm,full,fidelity,False,True,16,poison,0.1,0,s037,3,22.25,19.945652173913043,8.0,67.0,66,41,36,0,6,5,0.72,15.68421052631579,59,15,0,0,3,4172,266,16,1,5,57.0,2,
mm_poison,mm,full,fidelity,False,True,16,poison,0.1,0,s037,4,24.0,15.108695652173914,0.0,79.5,66,52,41,1,6,10,0.82,15.8609022556391,65,13,0,0,0,4219,266,16,1,1,59.0625,3,
mm_poison,mm,full,fidelity,False,True,16,poison,0.1,0,s037,5,28.000000000000004,20.869565217391305,10.0,73.0,66,53,40,4,6,9,0.8,15.894736842105264,60,6,0,0,1,4228,266,16,1,1,49.6875,4,
mm_poison,mm,full,fidelity,False,True,16,poison,0.1,0,s037,6,26.0,18.53260869565217,4.0,79.5,66,53,42,3,6,8,0.84,15.951127819548873,60,6,0,0,1,4243,266,16,1,1,68.9375,5,
mm_poison,mm,full,fidelity,False,True,16,poison,0.1,0,s037,7,36.25,32.55434782608696,4.0,87.5,66,47,37,2,6,8,0.74,16.0,61,13,0,0,1,4256,266,16,1,1,59.6875,5,
mm_poison,mm,full,fidelity,False,True,16,poison,0.1,0,s037,8,22.5,11.684782608695654,6.0,85.0,66,57,45,4,6,8,0.9,15.977443609022556,61,4,0,0,0,4250,266,16,1,1,73.3125,5,92.0
mm_poison,mm,full,fidelity,False,True,16,poison,0.1,1,s037,2,28.500000000000004,17.445652173913043,6.0,79.0,66,37,28,0,6,9,0.56,16.0,63,22,0,0,4,4256,266,16,1,15,86.5625,0,
mm_poison,mm,full,fidelity,False,True,16,poison,0.1,1,s037,3,24.0,14.021739130434783,6.0,69.5,66,51,39,2,6,10,0.78,15.61654135338346,60,9,2,0,0,4154,266,16,1,1,30.625,5,
mm_poison,mm,full,fidelity,False,True,16,poison,0.1,1,s037,4,20.0,7.01086956521739,4.0,66.5,66,59,46,3,6,10,0.92,15.969924812030076,62,3,4,0,0,4248,266,16,1,1,41.875,5,
mm_poison,mm,full,fidelity,False,True,16,poison,0.1,1,s037,5,32.25,25.706521739130437,2.0,83.0,66,53,42,2,6,9,0.84,16.0,65,11,12,0,1,4256,266,16,1,1,67.4375,5,
mm_poison,mm,full,fidelity,False,True,16,poison,0.1,1,s037,6,25.25,12.771739130434783,4.0,81.5,66,58,46,5,6,7,0.92,16.0,64,5,6,0,1,4256,266,16,1,1,54.4375,5,
mm_poison,mm,full,fidelity,False,True,16,poison,0.1,1,s037,7,34.25,30.217391304347828,2.0,84.0,66,53,41,3,6,9,0.82,16.0,64,10,1,0,1,4256,266,16,1,1,77.8125,5,
mm_poison,mm,full,fidelity,False,True,16,poison,0.1,1,s037,8,25.5,15.108695652173914,2.0,90.0,66,59,48,3,6,8,0.96,15.99624060150376,65,4,4,0,2,4255,266,16,1,1,59.75,5,96.0
mm_poison,mm,full,fidelity,False,True,16,poison,0.1,2,s037,2,28.000000000000004,10.434782608695654,10.0,65.5,66,34,24,0,6,10,0.48,16.0,58,22,0,0,2,4256,266,16,1,16,91.25,0,
mm_poison,mm,full,fidelity,False,True,16,poison,0.1,2,s037,3,26.0,13.695652173913045,12.0,63.5,66,37,31,0,6,6,0.62,15.575187969924812,55,16,0,0,2,4143,266,16,1,8,77.125,2,
mm_poison,mm,full,fidelity,False,True,16,poison,0.1,2,s037,4,20.0,9.347826086956523,2.0,62.0,66,59,46,3,6,10,0.92,15.082706766917294,64,5,0,0,0,4012,266,16,1,1,43.625,2,
mm_poison,mm,full,fidelity,False,True,16,poison,0.1,2,s037,5,34.0,22.1195652173913,12.0,69.0,66,50,36,4,6,10,0.72,15.894736842105264,59,9,0,0,0,4228,266,16,1,1,49.8125,3,
mm_poison,mm,full,fidelity,False,True,16,poison,0.1,2,s037,6,25.5,13.858695652173914,4.0,78.5,66,54,43,1,6,10,0.86,16.0,61,7,0,0,0,4256,266,16,1,1,59.5,3,
mm_poison,mm,full,fidelity,False,True,16,poison,0.1,2,s037,7,32.75,26.79347826086957,10.0,83.0,66,47,36,2,6,9,0.72,15.977443609022556,59,12,0,0,0,4250,266,16,1,1,78.6875,3,
mm_poison,mm,full,fidelity,False,True,16,poison,0.1,2,s037,8,25.75,23.20652173913043,8.0,75.5,66,54,43,1,6,10,0.86,15.785714285714286,59,5,0,0,0,4199,266,16,1,1,72.1875,3,100.0
window_poison,window,none,fidelity,False,True,16,poison,0.1,0,s038,2,30.25,15.108695652173914,8.0,66.0,66,59,46,5,6,8,0.92,13.857142857142858,0,0,0,0,0,3686,266,16,0,0,7.75,5,
window_poison,window,none,fidelity,False,True,16,poison,0.1,0,s038,3,20.75,13.858695652173914,4.0,62.5,66,60,48,3,6,9,0.96,12.661654135338344,0,0,0,0,0,3368,266,16,0,0,8.5,3,
window_poison,window,none,fidelity,False,True,16,poison,0.1,0,s038,4,24.5,9.510869565217387,8.0,56.49999999999999,66,61,46,5,6,10,0.92,11.541353383458649,0,0,0,0,0,3070,266,16,0,0,7.5,5,
window_poison,window,none,fidelity,False,True,16,poison,0.1,0,s038,5,23.25,15.271739130434783,4.0,69.0,66,60,48,2,6,10,0.96,11.661654135338344,0,0,0,0,0,3102,266,16,0,0,8.3125,2,
window_poison,window,none,fidelity,False,True,16,poison,0.1,0,s038,6,16.500000000000004,7.01086956521739,2.0,62.5,66,62,49,5,6,8,0.98,11.157894736842104,0,0,0,0,0,2968,266,16,0,0,8.25,1,
window_poison,window,none,fidelity,False,True,16,poison,0.1,0,s038,7,22.0,16.358695652173914,10.0,60.5,66,56,45,1,6,10,0.9,11.398496240601505,0,0,0,0,0,3032,266,16,0,0,9.625,2,
window_poison,window,none,fidelity,False,True,16,poison,0.1,0,s038,8,19.75,10.760869565217387,4.0,73.5,66,62,48,6,6,8,0.96,11.296992481203008,0,0,0,0,0,3005,266,16,0,0,8.0625,3,76.0
window_poison,window,none,fidelity,False,True,16,poison,0.1,1,s038,2,29.25,12.771739130434783,8.0,67.5,66,58,46,4,6,8,0.92,13.99624060150376,0,0,0,0,0,3723,266,16,0,0,8.4375,5,
window_poison,window,none,fidelity,False,True,16,poison,0.1,1,s038,3,21.5,9.510869565217387,4.0,68.5,66,61,48,3,6,10,0.96,12.38345864661654,0,0,0,0,0,3294,266,16,0,0,7.5,5,
window_poison,window,none,fidelity,False,True,16,poison,0.1,1,s038,4,24.25,10.597826086956523,8.0,67.0,66,59,46,4,6,9,0.92,11.36842105263158,0,0,0,0,0,3024,266,16,0,0,7.75,4,
window_poison,window,none,fidelity,False,True,16,poison,0.1,1,s038,5,22.0,12.771739130434783,6.0,63.5,66,61,47,4,6,10,0.94,10.845864661654137,0,0,0,0,0,2885,266,16,0,0,7.5,3,
window_poison,window,none,fidelity,False,True,16,poison,0.1,1,s038,6,19.5,10.597826086956523,2.0,63.0,66,62,49,3,6,10,0.98,9.526315789473683,0,0,0,0,0,2534,266,16,0,0,7.5,3,
window_poison,window,none,fidelity,False,True,16,poison,0.1,1,s038,7,21.25,11.684782608695654,8.0,60.0,66,58,46,2,6,10,0.92,10.823308270676693,0,0,0,0,0,2879,266,16,0,0,8.5,2,
window_poison,window,none,fidelity,False,True,16,poison,0.1,1,s038,8,19.5,12.771739130434783,4.0,65.5,66,63,48,5,6,10,0.96,10.229323308270676,0,0,0,0,0,2721,266,16,0,0,7.5,7,98.0
window_poison,window,none,fidelity,False,True,16,poison,0.1,2,s038,2,25.75,19.78260869565217,12.0,56.99999999999999,66,54,44,2,6,8,0.88,13.157894736842104,0,0,0,0,0,3500,266,16,0,0,10.0625,3,
window_poison,window,none,fidelity,False,True,16,poison,0.1,2,s038,3,17.750000000000004,4.83695652173913,6.0,56.99999999999999,66,60,47,4,6,9,0.94,12.180451127819548,0,0,0,0,0,3240,266,16,0,0,7.5,5,
window_poison,window,none,fidelity,False,True,16,poison,0.1,2,s038,4,22.25,9.347826086956523,8.0,61.5,66,60,46,4,6,10,0.92,11.887218045112782,0,0,0,0,0,3162,266,16,0,0,8.375,3,
window_poison,window,none,fidelity,False,True,16,poison,0.1,2,s038,5,19.75,11.521739130434783,6.0,55.50000000000001,66,60,47,3,6,10,0.94,10.718045112781954,0,0,0,0,0,2851,266,16,0,0,7.5,2,
window_poison,window,none,fidelity,False,True,16,poison,0.1,2,s038,6,17.750000000000004,7.01086956521739,2.0,59.0,66,64,49,5,6,10,0.98,10.56766917293233,0,0,0,0,0,2811,266,16,0,0,7.5,3,
window_poison,window,none,fidelity,False,True,16,poison,0.1,2,s038,7,25.75,16.358695652173914,8.0,64.5,66,60,46,4,6,10,0.92,11.650375939849624,0,0,0,0,0,3099,266,16,0,0,9.375,1,
window_poison,window,none,fidelity,False,True,16,poison,0.1,2,s038,8,22.0,12.771739130434783,8.0,66.0,66,59,46,3,6,10,0.92,10.827067669172932,0,0,0,0,0,2880,266,16,0,0,7.75,4,98.0
aeqkad_poison,window,full,fidelity,False,True,16,poison,0.1,0,s038,2,28.500000000000004,12.771739130434783,12.0,57.49999999999999,66,46,37,2,6,7,0.74,12.830827067669173,57,11,0,0,0,3413,266,16,0,0,9.5625,4,
aeqkad_poison,window,full,fidelity,False,True,16,poison,0.1,0,s038,3,19.5,7.17391304347826,4.0,56.99999999999999,66,52,44,1,6,7,0.88,11.819548872180452,60,8,0,0,0,3144,266,16,0,0,9.3125,2,
aeqkad_poison,window,full,fidelity,False,True,16,poison,0.1,0,s038,4,24.25,17.282608695652176,8.0,55.00000000000001,66,54,43,4,6,7,0.86,10.661654135338344,59,5,0,0,0,2836,266,16,0,0,9.25,4,
aeqkad_poison,window,full,fidelity,False,True,16,poison,0.1,0,s038,5,23.5,12.771739130434783,4.0,69.0,66,55,46,1,6,8,0.92,10.785714285714286,62,7,0,0,0,2869,266,16,0,0,9.125,1,
aeqkad_poison,window,full,fidelity,False,True,16,poison,0.1,0,s038,6,16.000000000000004,7.01086956521739,2.0,57.99999999999999,66,59,48,5,6,6,0.96,10.593984962406015,62,3,0,0,0,2818,266,16,0,0,8.25,1,
aeqkad_poison,window,full,fidelity,False,True,16,poison,0.1,0,s038,7,22.0,16.358695652173914,8.0,60.5,66,52,43,1,6,8,0.86,10.909774436090226,57,5,0,0,0,2902,266,16,0,0,11.6875,2,
aeqkad_poison,window,full,fidelity,False,True,16,poison,0.1,0,s038,8,19.5,11.847826086956523,8.0,67.5,66,54,44,3,6,7,0.88,10.015037593984962,60,6,0,0,0,2664,266,16,0,0,8.0625,3,74.0
aeqkad_poison,window,full,fidelity,False,True,16,poison,0.1,1,s038,2,27.500000000000004,14.021739130434783,10.0,59.0,66,47,38,2,6,7,0.76,12.898496240601505,56,9,27,0,0,3431,266,16,0,0,9.6875,4,
aeqkad_poison,window,full,fidelity,False,True,16,poison,0.1,1,s038,3,22.0,9.510869565217387,4.0,64.0,66,55,45,1,6,9,0.9,11.575187969924812,61,6,28,0,0,3079,266,16,0,0,9.125,4,
aeqkad_poison,window,full,fidelity,False,True,16,poison,0.1,1,s038,4,23.5,12.771739130434783,8.0,63.0,66,57,45,3,6,9,0.9,11.018796992481205,59,2,34,0,0,2931,266,16,0,0,7.75,4,
aeqkad_poison,window,full,fidelity,False,True,16,poison,0.1,1,s038,5,22.0,12.771739130434783,6.0,63.0,66,58,46,3,6,9,0.92,10.582706766917294,61,3,36,0,0,2815,266,16,0,0,8.5625,2,
aeqkad_poison,window,full,fidelity,False,True,16,poison,0.1,1,s038,6,20.25,5.597826086956524,2.0,60.5,66,60,47,3,6,10,0.94,9.097744360902256,62,2,37,0,0,2420,266,16,0,0,8.125,3,
aeqkad_poison,window,full,fidelity,False,True,16,poison,0.1,1,s038,7,20.5,11.684782608695654,6.0,56.00000000000001,66,54,43,1,6,10,0.86,10.417293233082706,60,6,28,0,0,2771,266,16,0,0,9.5,3,
aeqkad_poison,window,full,fidelity,False,True,16,poison,0.1,1,s038,8,18.000000000000004,15.108695652173914,6.0,61.5,66,60,45,5,6,10,0.9,9.556390977443607,62,2,34,0,0,2542,266,16,0,0,7.5,7,98.0
aeqkad_poison,window,full,fidelity,False,True,16,poison,0.1,2,s038,2,26.25,23.20652173913043,12.0,54.0,66,48,38,2,6,8,0.76,12.93233082706767,54,6,0,0,0,3440,266,16,0,0,11.625,4,
aeqkad_poison,window,full,fidelity,False,True,16,poison,0.1,2,s038,3,17.000000000000004,10.434782608695654,8.0,48.0,66,50,41,1,6,8,0.82,10.338345864661656,58,8,0,0,0,2750,266,16,0,0,8.875,3,
aeqkad_poison,window,full,fidelity,False,True,16,poison,0.1,2,s038,4,20.75,9.184782608695654,10.0,53.5,66,51,41,0,6,10,0.82,10.30451127819549,56,5,0,0,0,2741,266,16,0,0,9.25,3,
aeqkad_poison,window,full,fidelity,False,True,16,poison,0.1,2,s038,5,19.5,12.771739130434783,6.0,54.50000000000001,66,57,46,1,6,10,0.92,10.398496240601505,59,2,0,0,0,2766,266,16,0,0,8.125,2,
aeqkad_poison,window,full,fidelity,False,True,16,poison,0.1,2,s038,6,18.250000000000004,7.01086956521739,2.0,58.5,66,61,47,4,6,10,0.94,10.007518796992482,63,2,0,0,0,2662,266,16,0,0,8.125,3,
aeqkad_poison,window,full,fidelity,False,True,16,poison,0.1,2,s038,7,26.5,16.358695652173914,6.0,60.0,66,54,42,2,6,10,0.84,10.992481203007518,61,7,0,0,0,2924,266,16,0,0,10.4375,2,
aeqkad_poison,window,full,fidelity,False,True,16,poison,0.1,2,s038,8,22.0,9.347826086956523,8.0,65.0,66,56,44,3,6,9,0.88,10.338345864661656,59,3,0,0,0,2750,266,16,0,0,7.75,4,100.0
mm_poison,mm,full,fidelity,False,True,16,poison,0.1,0,s038,2,25.25,14.021739130434783,6.0,75.5,66,50,40,0,6,10,0.8,16.0,62,12,0,0,0,4256,266,16,1,16,95.125,0,
mm_poison,mm,full,fidelity,False,True,16,poison,0.1,0,s038,3,22.25,12.771739130434783,2.0,76.0,66,59,47,3,6,9,0.94,15.962406015037594,64,5,0,0,0,4246,266,16,1,1,42.75,7,
mm_poison,mm,full,fidelity,False,True,16,poison,0.1,0,s038,4,28.000000000000004,18.695652173913043,4.0,76.5,66,61,46,5,6,10,0.92,15.951127819548873,63,2,0,0,0,4243,266,16,1,1,55.4375,5,
mm_poison,mm,full,fidelity,False,True,16,poison,0.1,0,s038,5,26.0,18.53260869565217,2.0,80.5,66,60,48,2,6,10,0.96,15.87218045112782,65,5,0,0,0,4222,266,16,1,1,53.375,5,
mm_poison,mm,full,fidelity,False,True,16,poison,0.1,0,s038,6,24.25,12.934782608695656,2.0,76.5,66,64,49,6,6,9,0.98,15.853383458646617,64,0,0,0,0,4217,266,16,1,1,50.9375,9,
mm_poison,mm,full,fidelity,False,True,16,poison,0.1,0,s038,7,26.0,17.445652173913043,2.0,83.5,66,55,44,1,6,10,0.88,15.977443609022556,62,7,0,0,0,4250,266,16,1,1,77.8125,6,
mm_poison,mm,full,fidelity,False,True,16,poison,0.1,0,s038,8,24.0,16.521739130434785,0.0,87.0,66,63,49,6,6,8,0.98,15.943609022556393,65,2,0,0,0,4241,266,16,1,1,60.875,7,92.0
mm_poison,mm,full,fidelity,False,True,16,poison,0.1,1,s038,2,27.500000000000004,16.358695652173914,4.0,75.5,66,53,42,1,6,10,0.84,15.947368421052632,64,11,36,0,0,4242,266,16,1,12,69.3125,2,
mm_poison,mm,full,fidelity,False,True,16,poison,0.1,1,s038,3,19.5,17.282608695652176,0.0,76.5,66,59,49,1,6,9,0.98,15.699248120300751,65,6,43,0,0,4176,266,16,1,1,42.4375,3,
mm_poison,mm,full,fidelity,False,True,16,poison,0.1,1,s038,4,24.75,14.021739130434783,2.0,80.0,66,60,47,4,6,9,0.94,16.0,63,3,45,0,0,4256,266,16,1,1,45.1875,4,
mm_poison,mm,full,fidelity,False,True,16,poison,0.1,1,s038,5,23.0,16.358695652173914,4.0,83.0,66,60,47,4,6,9,0.94,15.537593984962406,63,3,54,0,0,4133,266,16,1,1,46.6875,3,
mm_poison,mm,full,fidelity,False,True,16,poison,0.1,1,s038,6,18.250000000000004,8.097826086956525,2.0,74.5,66,62,49,3,6,10,0.98,15.263157894736842,62,0,54,0,0,4060,266,16,1,1,60.9375,4,
mm_poison,mm,full,fidelity,False,True,16,poison,0.1,1,s038,7,26.0,14.021739130434783,4.0,84.0,66,59,46,3,6,10,0.92,15.894736842105264,63,4,46,0,0,4228,266,16,1,1,64.0,5,
mm_poison,mm,full,fidelity,False,True,16,poison,0.1,1,s038,8,21.5,20.70652173913043,0.0,83.5,66,61,46,5,6,10,0.92,15.721804511278195,65,4,56,0,0,4182,266,16,1,1,60.125,6,100.0
mm_poison,mm,full,fidelity,False,True,16,poison,0.1,2,s038,2,28.750000000000004,21.956521739130437,4.0,62.0,66,46,35,1,6,10,0.7,16.0,64,18,0,0,0,4256,266,16,1,16,95.5625,0,
mm_poison,mm,full,fidelity,False,True,16,poison,0.1,2,s038,3,21.75,15.108695652173914,2.0,64.0,66,50,42,1,6,7,0.84,15.229323308270676,61,11,0,0,0,4051,266,16,1,1,34.0625,4,
mm_poison,mm,full,fidelity,False,True,16,poison,0.1,2,s038,4,21.25,14.021739130434783,4.0,69.0,66,54,44,0,6,10,0.88,15.492481203007518,61,7,0,0,0,4121,266,16,1,1,55.375,4,
mm_poison,mm,full,fidelity,False,True,16,poison,0.1,2,s038,5,21.25,8.260869565217389,6.0,66.0,66,59,47,2,6,10,0.94,15.548872180451127,60,1,0,0,0,4136,266,16,1,1,45.125,3,
mm_poison,mm,full,fidelity,False,True,16,poison,0.1,2,s038,6,22.25,15.108695652173914,2.0,69.0,66,63,48,5,6,10,0.96,15.289473684210526,64,1,0,0,0,4067,266,16,1,1,51.75,7,
mm_poison,mm,full,fidelity,False,True,16,poison,0.1,2,s038,7,29.75,16.195652173913043,4.0,74.0,66,57,44,3,6,10,0.88,15.827067669172932,62,5,0,0,0,4210,266,16,1,1,68.0625,5,
mm_poison,mm,full,fidelity,False,True,16,poison,0.1,2,s038,8,19.5,14.021739130434783,2.0,75.5,66,52,46,1,6,5,0.92,15.6390977443609,63,11,0,0,0,4160,266,16,1,1,57.5,3,100.0
window_poison,window,none,fidelity,False,True,16,poison,0.1,0,s039,2,14.250000000000002,4.67391304347826,12.0,21.0,66,55,44,1,6,10,0.88,14.793233082706768,0,0,0,0,0,3935,266,16,0,0,9.3125,1,
window_poison,window,none,fidelity,False,True,16,poison,0.1,0,s039,3,21.25,0.0,20.0,11.5,66,49,40,1,6,8,0.8,12.642857142857142,0,0,0,0,0,3363,266,16,0,0,11.0625,5,
window_poison,window,none,fidelity,False,True,16,poison,0.1,0,s039,4,18.500000000000004,2.33695652173913,16.0,19.5,66,51,42,0,6,9,0.84,12.834586466165414,0,0,0,0,0,3414,266,16,0,0,10.1875,2,
window_poison,window,none,fidelity,False,True,16,poison,0.1,0,s039,5,16.250000000000004,2.33695652173913,6.0,23.0,66,57,47,2,6,8,0.94,13.672932330827068,0,0,0,0,0,3637,266,16,0,0,8.3125,3,
window_poison,window,none,fidelity,False,True,16,poison,0.1,0,s039,6,12.0,2.33695652173913,10.0,18.0,66,51,45,1,6,5,0.9,11.977443609022556,0,0,0,0,0,3186,266,16,0,0,10.8125,0,
window_poison,window,none,fidelity,False,True,16,poison,0.1,0,s039,7,11.5,1.25,14.000000000000002,13.5,66,51,43,1,6,7,0.86,12.293233082706768,0,0,0,0,0,3270,266,16,0,0,9.25,3,
window_poison,window,none,fidelity,False,True,16,poison,0.1,0,s039,8,16.250000000000004,2.33695652173913,16.0,17.0,66,45,42,1,6,2,0.84,13.413533834586469,0,0,0,0,0,3568,266,16,0,0,12.0,0,14.000000000000002
window_poison,window,none,fidelity,False,True,16,poison,0.1,1,s039,2,14.500000000000002,0.0,14.000000000000002,16.0,66,53,43,1,6,9,0.86,14.69548872180451,0,0,0,0,0,3909,266,16,0,0,8.5625,4,
window_poison,window,none,fidelity,False,True,16,poison,0.1,1,s039,3,20.0,2.33695652173913,22.0,17.5,66,50,39,1,6,10,0.78,12.338345864661656,0,0,0,0,0,3282,266,16,0,0,9.6875,5,
window_poison,window,none,fidelity,False,True,16,poison,0.1,1,s039,4,18.250000000000004,4.67391304347826,18.0,14.000000000000002,66,49,41,0,6,8,0.82,12.563909774436093,0,0,0,0,0,3342,266,16,0,0,7.625,2,
window_poison,window,none,fidelity,False,True,16,poison,0.1,1,s039,5,16.500000000000004,1.0869565217391297,10.0,19.5,66,52,45,2,6,5,0.9,13.484962406015038,0,0,0,0,0,3587,266,16,0,0,8.3125,2,
window_poison,window,none,fidelity,False,True,16,poison,0.1,1,s039,6,13.5,0.0,12.0,11.5,66,49,44,0,6,5,0.88,11.293233082706768,0,0,0,0,0,3004,266,16,0,0,7.625,1,
window_poison,window,none,fidelity,False,True,16,poison,0.1,1,s039,7,15.250000000000002,0.0,14.000000000000002,9.5,66,52,43,0,6,9,0.86,12.541353383458649,0,0,0,0,0,3336,266,16,0,0,9.125,1,
window_poison,window,none,fidelity,False,True,16,poison,0.1,1,s039,8,15.250000000000002,2.33695652173913,20.0,12.0,66,42,40,0,6,2,0.8,13.13157894736842,0,0,0,0,0,3493,266,16,0,0,11.5625,0,6.0
window_poison,window,none,fidelity,False,True,16,poison,0.1,2,s039,2,13.750000000000002,5.923913043478259,10.0,26.5,66,56,45,2,6,9,0.9,14.80451127819549,0,0,0,0,0,3938,266,16,0,0,8.5,2,
window_poison,window,none,fidelity,False,True,16,poison,0.1,2,s039,3,21.5,0.0,20.0,20.0,66,49,40,0,6,9,0.8,12.992481203007518,0,0,0,0,0,3456,266,16,0,0,10.25,3,
window_poison,window,none,fidelity,False,True,16,poison,0.1,2,s039,4,16.000000000000004,3.423913043478259,18.0,23.0,66,48,41,0,6,7,0.82,13.082706766917294,0,0,0,0,0,3480,266,16,0,0,10.3125,2,
window_poison,window,none,fidelity,False,True,16,poison,0.1,2,s039,5,13.5,2.33695652173913,8.0,21.5,66,55,46,2,6,7,0.92,13.8796992481203,0,0,0,0,0,3692,266,16,0,0,8.0625,3,
window_poison,window,none,fidelity,False,True,16,poison,0.1,2,s039,6,8.5,0.0,10.0,20.0,66,52,45,0,6,7,0.9,12.199248120300751,0,0,0,0,0,3245,266,16,0,0,9.9375,0,
window_poison,window,none,fidelity,False,True,16,poison,0.1,2,s039,7,14.750000000000002,0.0,14.000000000000002,14.000000000000002,66,43,43,0,6,0,0.86,11.466165413533837,0,0,0,0,0,3050,266,16,0,0,10.0625,0,
window_poison,window,none,fidelity,False,True,16,poison,0.1,2,s039,8,16.000000000000004,2.33695652173913,16.0,17.5,66,43,42,1,6,0,0.84,13.157894736842104,0,0,0,0,0,3500,266,16,0,0,12.5625,0,0.0
aeqkad_poison,window,full,fidelity,False,True,16,poison,0.1,0,s039,2,17.0,5.923913043478259,14.000000000000002,20.5,66,44,35,0,6,9,0.7,13.93984962406015,53,9,0,0,0,3708,266,16,0,0,11.1875,2,
aeqkad_poison,window,full,fidelity,False,True,16,poison,0.1,0,s039,3,18.000000000000004,0.0,20.0,11.5,66,45,38,1,6,6,0.76,11.849624060150376,49,4,0,0,0,3152,266,16,0,0,12.125,3,
aeqkad_poison,window,full,fidelity,False,True,16,poison,0.1,0,s039,4,15.250000000000002,1.0869565217391297,16.0,15.5,66,38,33,0,6,5,0.66,11.206766917293232,51,13,0,0,0,2981,266,16,0,0,12.4375,1,
aeqkad_poison,window,full,fidelity,False,True,16,poison,0.1,0,s039,5,14.250000000000002,1.25,12.0,16.0,66,41,38,0,6,3,0.76,12.49624060150376,48,7,0,0,0,3324,266,16,0,0,13.1875,1,
aeqkad_poison,window,full,fidelity,False,True,16,poison,0.1,0,s039,6,14.000000000000002,0.0,12.0,12.0,66,42,41,0,6,1,0.82,10.097744360902256,49,7,0,0,0,2686,266,16,0,0,11.0625,0,
aeqkad_poison,window,full,fidelity,False,True,16,poison,0.1,0,s039,7,11.75,0.0,14.000000000000002,10.0,66,40,39,1,6,0,0.78,11.075187969924812,45,5,0,0,0,2946,266,16,0,0,10.9375,1,
aeqkad_poison,window,full,fidelity,False,True,16,poison,0.1,0,s039,8,20.25,2.33695652173913,24.0,13.5,66,33,33,0,6,0,0.66,11.853383458646617,41,8,0,0,0,3153,266,16,0,0,15.0625,0,16.0
aeqkad_poison,window,full,fidelity,False,True,16,poison,0.1,1,s039,2,13.750000000000002,0.0,16.0,16.5,66,44,36,0,6,8,0.72,14.657894736842104,52,8,0,0,0,3899,266,16,0,0,10.0625,4,
aeqkad_poison,window,full,fidelity,False,True,16,poison,0.1,1,s039,3,16.249999999999996,0.0,20.0,13.0,66,45,37,0,6,8,0.74,11.81203007518797,51,6,0,0,0,3142,266,16,0,0,10.5625,4,
aeqkad_poison,window,full,fidelity,False,True,16,poison,0.1,1,s039,4,20.25,5.760869565217389,22.0,14.000000000000002,66,41,34,0,6,7,0.68,11.507518796992482,48,7,0,0,0,3061,266,16,0,0,9.0,2,
aeqkad_poison,window,full,fidelity,False,True,16,poison,0.1,1,s039,5,13.25,1.0869565217391297,14.000000000000002,16.5,66,42,38,0,6,4,0.76,12.458646616541351,49,7,0,0,0,3314,266,16,0,0,10.4375,2,
aeqkad_poison,window,full,fidelity,False,True,16,poison,0.1,1,s039,6,13.25,0.0,12.0,12.0,66,46,41,0,6,5,0.82,11.06015037593985,50,4,0,0,0,2942,266,16,0,0,8.0625,1,
aeqkad_poison,window,full,fidelity,False,True,16,poison,0.1,1,s039,7,10.25,0.0,16.0,6.0,66,39,39,0,6,0,0.78,11.1390977443609,45,6,0,0,0,2963,266,16,0,0,11.375,0,
aeqkad_poison,window,full,fidelity,False,True,16,poison,0.1,1,s039,8,23.5,4.67391304347826,24.0,10.0,66,34,34,0,6,0,0.68,11.921052631578949,38,4,0,0,0,3171,266,16,0,0,14.6875,0,10.0
aeqkad_poison,window,full,fidelity,False,True,16,poison,0.1,2,s039,2,17.0,4.67391304347826,14.000000000000002,22.5,66,43,36,1,6,6,0.72,14.1203007518797,54,11,0,0,0,3756,266,16,0,0,10.375,2,
aeqkad_poison,window,full,fidelity,False,True,16,poison,0.1,2,s039,3,21.0,0.0,20.0,17.5,66,45,37,0,6,8,0.74,12.413533834586469,49,4,0,0,0,3302,266,16,0,0,10.25,3,
aeqkad_poison,window,full,fidelity,False,True,16,poison,0.1,2,s039,4,12.75,0.0,16.0,13.5,66,36,35,0,6,1,0.7,11.394736842105264,46,10,0,0,0,3031,266,16,0,0,13.25,0,
aeqkad_poison,window,full,fidelity,False,True,16,poison,0.1,2,s039,5,11.5,0.0,6.0,12.0,66,40,39,1,6,0,0.78,11.909774436090226,52,12,0,0,0,3168,266,16,0,0,12.3125,0,
aeqkad_poison,window,full,fidelity,False,True,16,poison,0.1,2,s039,6,12.0,0.0,12.0,12.0,66,41,41,0,6,0,0.82,9.921052631578949,44,3,0,0,0,2639,266,16,0,0,10.1875,0,
aeqkad_poison,window,full,fidelity,False,True,16,poison,0.1,2,s039,7,10.0,0.0,14.000000000000002,10.5,66,39,39,0,6,0,0.78,11.278195488721805,43,4,0,0,0,3000,266,16,0,0,11.75,0,
aeqkad_poison,window,full,fidelity,False,True,16,poison,0.1,2,s039,8,21.5,4.67391304347826,24.0,13.0,66,34,34,0,6,0,0.68,11.917293233082706,39,5,0,0,0,3170,266,16,0,0,15.8125,0,2.0
mm_poison,mm,full,fidelity,False,True,16,poison,0.1,0,s039,2,14.750000000000002,2.5,6.0,33.0,66,44,34,0,6,10,0.68,16.0,57,13,0,0,0,4256,266,16,1,16,98.875,0,
mm_poison,mm,full,fidelity,False,True,16,poison,0.1,0,s039,3,12.000000000000002,0.0,14.000000000000002,21.0,66,46,39,1,6,6,0.78,13.98872180451128,55,9,0,0,0,3721,266,16,1,1,30.125,4,
mm_poison,mm,full,fidelity,False,True,16,poison,0.1,0,s039,4,17.500000000000004,3.423913043478259,16.0,20.5,66,37,32,0,6,5,0.64,15.763157894736842,50,13,0,0,0,4193,266,16,1,1,70.625,2,
mm_poison,mm,full,fidelity,False,True,16,poison,0.1,0,s039,5,8.249999999999998,1.0869565217391297,12.0,21.5,66,45,42,0,6,3,0.84,15.973684210526317,51,6,0,0,0,4249,266,16,1,1,75.5625,1,
mm_poison,mm,full,fidelity,False,True,16,poison,0.1,0,s039,6,6.999999999999999,0.0,12.0,17.0,66,43,43,0,6,0,0.86,15.424812030075188,49,6,0,0,0,4103,266,16,1,1,65.1875,0,
mm_poison,mm,full,fidelity,False,True,16,poison,0.1,0,s039,7,11.249999999999998,0.0,12.0,18.5,66,44,43,1,6,0,0.86,15.225563909774436,49,5,0,0,0,4050,266,16,1,1,72.0,1,
mm_poison,mm,full,fidelity,False,True,16,poison,0.1,0,s039,8,14.750000000000002,4.67391304347826,14.000000000000002,25.5,66,38,38,0,6,0,0.76,15.793233082706768,46,8,0,0,0,4201,266,16,1,1,85.625,0,30.0
mm_poison,mm,full,fidelity,False,True,16,poison,0.1,1,s039,2,15.000000000000002,0.0,12.0,26.0,66,44,35,0,6,9,0.7,16.0,54,9,0,0,1,4256,266,16,1,16,99.8125,0,
mm_poison,mm,full,fidelity,False,True,16,poison,0.1,1,s039,3,13.25,0.0,14.000000000000002,15.0,66,47,40,0,6,7,0.8,14.93233082706767,52,5,0,0,0,3972,266,16,1,1,31.625,4,
mm_poison,mm,full,fidelity,False,True,16,poison,0.1,1,s039,4,18.500000000000004,1.0869565217391297,18.0,18.0,66,41,33,0,6,8,0.66,15.763157894736842,51,10,0,0,0,4193,266,16,1,1,66.3125,3,
mm_poison,mm,full,fidelity,False,True,16,poison,0.1,1,s039,5,14.000000000000002,2.33695652173913,10.0,15.5,66,46,41,1,6,4,0.82,15.87593984962406,50,4,0,0,0,4223,266,16,1,1,59.25,2,
mm_poison,mm,full,fidelity,False,True,16,poison,0.1,1,s039,6,15.25,0.0,12.0,15.0,66,43,43,0,6,0,0.86,15.87218045112782,47,4,0,0,0,4222,266,16,1,1,74.9375,1,
mm_poison,mm,full,fidelity,False,True,16,poison,0.1,1,s039,7,14.250000000000002,0.0,14.000000000000002,14.000000000000002,66,41,41,0,6,0,0.82,14.969924812030076,48,7,0,0,0,3982,266,16,1,1,59.3125,0,
mm_poison,mm,full,fidelity,False,True,16,poison,0.1,1,s039,8,14.500000000000002,4.67391304347826,14.000000000000002,15.0,66,37,37,0,6,0,0.74,15.387218045112782,44,7,0,0,0,4093,266,16,1,1,90.1875,0,16.0
mm_poison,mm,full,fidelity,False,True,16,poison,0.1,2,s039,2,15.500000000000004,0.0,6.0,46.5,66,45,35,0,6,10,0.7,16.0,61,16,0,0,0,4256,266,16,1,16,100.25,0,
mm_poison,mm,full,fidelity,False,True,16,poison,0.1,2,s039,3,17.5,0.0,14.000000000000002,25.5,66,47,40,0,6,7,0.8,14.680451127819548,54,7,0,0,0,3905,266,16,1,1,30.5,4,
mm_poison,mm,full,fidelity,False,True,16,poison,0.1,2,s039,4,17.500000000000004,8.260869565217389,14.000000000000002,29.5,66,44,38,0,6,6,0.76,15.98872180451128,51,7,0,0,0,4253,266,16,1,1,60.5625,3,
mm_poison,mm,full,fidelity,False,True,16,poison,0.1,2,s039,5,14.000000000000002,0.0,4.0,35.5,66,51,44,2,6,5,0.88,15.902255639097744,59,8,0,0,0,4230,266,16,1,1,46.625,3,
mm_poison,mm,full,fidelity,False,True,16,poison,0.1,2,s039,6,10.25,0.0,8.0,38.0,66,53,43,0,6,10,0.86,15.864661654135338,56,3,0,0,0,4220,266,16,1,1,68.5625,5,
mm_poison,mm,full,fidelity,False,True,16,poison,0.1,2,s039,7,14.500000000000002,0.0,12.0,39.0,66,52,43,0,6,9,0.86,15.61654135338346,55,3,0,0,0,4154,266,16,1,1,54.375,2,
mm_poison,mm,full,fidelity,False,True,16,poison,0.1,2,s039,8,19.5,4.67391304347826,12.0,36.5,66,37,37,0,6,0,0.74,16.0,46,9,0,0,0,4256,266,16,1,1,99.125,1,16.0
window_poison,window,none,fidelity,False,True,16,poison,0.1,0,s040,2,20.0,10.434782608695654,12.0,57.99999999999999,66,53,44,5,6,4,0.88,13.609022556390975,0,0,0,0,0,3620,266,16,0,0,12.8125,0,
window_poison,window,none,fidelity,False,True,16,poison,0.1,0,s040,3,37.25,21.956521739130437,26.0,73.5,66,50,37,3,6,10,0.74,14.082706766917294,0,0,0,0,0,3746,266,16,0,0,9.125,5,
window_poison,window,none,fidelity,False,True,16,poison,0.1,0,s040,4,37.5,25.543478260869566,8.0,88.5,66,60,46,5,6,9,0.92,14.93233082706767,0,0,0,0,0,3972,266,16,0,0,7.5,3,
window_poison,window,none,fidelity,False,True,16,poison,0.1,0,s040,5,42.99999999999999,32.55434782608696,14.000000000000002,87.5,66,59,43,6,6,10,0.86,15.146616541353383,0,0,0,0,0,4029,266,16,0,0,7.8125,2,
window_poison,window,none,fidelity,False,True,16,poison,0.1,0,s040,6,31.75,19.78260869565217,10.0,78.5,66,57,45,3,6,9,0.9,13.977443609022556,0,0,0,0,0,3718,266,16,0,0,7.9375,2,
window_poison,window,none,fidelity,False,True,16,poison,0.1,0,s040,7,33.5,25.543478260869566,8.0,82.0,66,61,46,5,6,10,0.92,13.484962406015038,0,0,0,0,0,3587,266,16,0,0,7.5,6,
window_poison,window,none,fidelity,False,True,16,poison,0.1,0,s040,8,37.75,21.03260869565217,20.0,89.5,66,56,40,6,6,10,0.8,13.545112781954888,0,0,0,0,0,3603,266,16,0,0,8.4375,7,100.0
window_poison,window,none,fidelity,False,True,16,poison,0.1,1,s040,2,17.0,2.33695652173913,6.0,52.0,66,52,47,0,6,5,0.94,13.718045112781954,0,0,0,0,0,3649,266,16,0,0,10.9375,2,
window_poison,window,none,fidelity,False,True,16,poison,0.1,1,s040,3,40.5,33.80434782608695,18.0,80.0,66,56,41,6,6,9,0.82,14.992481203007518,0,0,0,0,0,3988,266,16,0,0,8.6875,6,
window_poison,window,none,fidelity,False,True,16,poison,0.1,1,s040,4,33.75,21.03260869565217,10.0,83.0,66,56,45,4,6,7,0.9,14.394736842105264,0,0,0,0,0,3829,266,16,0,0,8.4375,2,
window_poison,window,none,fidelity,False,True,16,poison,0.1,1,s040,5,39.75,32.55434782608696,16.0,88.5,66,55,42,3,6,10,0.84,14.49624060150376,0,0,0,0,0,3856,266,16,0,0,8.8125,1,
window_poison,window,none,fidelity,False,True,16,poison,0.1,1,s040,6,36.5,33.80434782608695,10.0,81.0,66,59,45,4,6,10,0.9,13.928571428571429,0,0,0,0,0,3705,266,16,0,0,7.5625,3,
window_poison,window,none,fidelity,False,True,16,poison,0.1,1,s040,7,30.75,16.358695652173914,6.0,93.5,66,62,47,5,6,10,0.94,14.007518796992482,0,0,0,0,0,3726,266,16,0,0,7.5,2,
window_poison,window,none,fidelity,False,True,16,poison,0.1,1,s040,8,39.75,25.543478260869566,24.0,80.5,66,50,38,2,6,10,0.76,13.101503759398495,0,0,0,0,0,3485,266,16,0,0,13.875,2,96.0
window_poison,window,none,fidelity,False,True,16,poison,0.1,2,s040,2,26.5,13.097826086956523,12.0,76.0,66,56,44,5,6,7,0.88,14.229323308270676,0,0,0,0,0,3785,266,16,0,0,10.3125,2,
window_poison,window,none,fidelity,False,True,16,poison,0.1,2,s040,3,37.75,27.8804347826087,18.0,80.0,66,55,41,5,6,9,0.82,14.778195488721805,0,0,0,0,0,3931,266,16,0,0,9.125,5,
window_poison,window,none,fidelity,False,True,16,poison,0.1,2,s040,4,36.25,30.05434782608696,12.0,88.5,66,55,44,3,6,8,0.88,14.642857142857142,0,0,0,0,0,3895,266,16,0,0,8.9375,2,
window_poison,window,none,fidelity,False,True,16,poison,0.1,2,s040,5,33.5,20.869565217391305,12.0,85.5,66,59,44,5,6,10,0.88,14.484962406015038,0,0,0,0,0,3853,266,16,0,0,8.125,6,
window_poison,window,none,fidelity,False,True,16,poison,0.1,2,s040,6,39.25,27.8804347826087,12.0,88.5,66,59,44,5,6,10,0.88,14.19548872180451,0,0,0,0,0,3776,266,16,0,0,8.0,4,
window_poison,window,none,fidelity,False,True,16,poison,0.1,2,s040,7,30.000000000000004,16.195652173913043,10.0,90.0,66,58,45,4,6,9,0.9,13.24436090225564,0,0,0,0,0,3523,266,16,0,0,7.625,1,
window_poison,window,none,fidelity,False,True,16,poison,0.1,2,s040,8,37.5,22.1195652173913,24.0,87.5,66,53,38,6,6,9,0.76,13.518796992481205,0,0,0,0,0,3596,266,16,0,0,11.0625,4,100.0
aeqkad_poison,window,full,fidelity,False,True,16,poison,0.1,0,s040,2,22.0,7.01086956521739,10.0,69.0,66,42,36,0,6,6,0.72,13.721804511278195,57,15,0,0,0,3650,266,16,0,0,12.5,2,
aeqkad_poison,window,full,fidelity,False,True,16,poison,0.1,0,s040,3,39.5,18.53260869565217,24.0,64.5,66,32,26,2,6,4,0.52,13.37593984962406,51,19,0,0,0,3558,266,16,0,0,17.5,2,
aeqkad_poison,window,full,fidelity,False,True,16,poison,0.1,0,s040,4,40.0,34.891304347826086,16.0,89.0,66,42,32,3,6,7,0.64,13.150375939849624,56,14,0,0,0,3498,266,16,0,0,8.6875,3,
aeqkad_poison,window,full,fidelity,False,True,16,poison,0.1,0,s040,5,42.00000000000001,24.456521739130437,18.0,74.5,66,35,26,0,6,9,0.52,12.669172932330827,57,22,0,0,0,3370,266,16,0,0,13.0625,3,
aeqkad_poison,window,full,fidelity,False,True,16,poison,0.1,0,s040,6,38.0,20.869565217391305,14.000000000000002,77.0,66,42,31,2,6,9,0.62,12.571428571428571,55,13,0,0,0,3344,266,16,0,0,11.3125,3,
aeqkad_poison,window,full,fidelity,False,True,16,poison,0.1,0,s040,7,28.000000000000004,13.858695652173914,10.0,74.0,66,49,37,3,6,9,0.74,12.342105263157896,60,11,0,0,0,3283,266,16,0,0,8.3125,5,
aeqkad_poison,window,full,fidelity,False,True,16,poison,0.1,0,s040,8,38.5,31.304347826086957,26.0,77.0,66,43,30,3,6,10,0.6,12.88345864661654,52,9,0,0,0,3427,266,16,0,0,13.0,5,96.0
aeqkad_poison,window,full,fidelity,False,True,16,poison,0.1,1,s040,2,18.000000000000004,4.67391304347826,12.0,52.5,66,43,39,0,6,4,0.78,13.135338345864662,50,7,0,0,0,3494,266,16,0,0,12.8125,1,
aeqkad_poison,window,full,fidelity,False,True,16,poison,0.1,1,s040,3,47.75,46.41304347826088,46.0,58.5,66,26,15,2,6,9,0.3,13.007518796992482,40,14,0,0,0,3460,266,16,0,0,10.875,5,
aeqkad_poison,window,full,fidelity,False,True,16,poison,0.1,1,s040,4,39.75,26.6304347826087,22.0,77.0,66,42,33,3,6,6,0.66,13.259398496240602,51,9,0,0,0,3527,266,16,0,0,9.6875,2,
aeqkad_poison,window,full,fidelity,False,True,16,poison,0.1,1,s040,5,38.75,31.467391304347824,12.0,83.5,66,41,32,2,6,7,0.64,13.56015037593985,58,17,0,0,0,3607,266,16,0,0,11.4375,0,
aeqkad_poison,window,full,fidelity,False,True,16,poison,0.1,1,s040,6,38.5,25.543478260869566,14.000000000000002,78.0,66,44,33,4,6,7,0.66,13.109022556390975,57,13,0,0,0,3487,266,16,0,0,9.0625,4,
aeqkad_poison,window,full,fidelity,False,True,16,poison,0.1,1,s040,7,28.000000000000004,14.021739130434783,14.000000000000002,73.0,66,44,37,1,6,6,0.74,11.99624060150376,56,12,0,0,0,3191,266,16,0,0,8.375,2,
aeqkad_poison,window,full,fidelity,False,True,16,poison,0.1,1,s040,8,38.0,21.03260869565217,24.0,80.0,66,42,33,2,6,7,0.66,12.887218045112782,50,8,0,0,0,3428,266,16,0,0,15.375,1,94.0
aeqkad_poison,window,full,fidelity,False,True,16,poison,0.1,2,s040,2,21.5,7.01086956521739,10.0,69.5,66,43,36,1,6,6,0.72,13.74436090225564,59,16,0,0,0,3656,266,16,0,0,12.375,1,
aeqkad_poison,window,full,fidelity,False,True,16,poison,0.1,2,s040,3,37.0,22.1195652173913,26.0,59.5,66,36,29,1,6,6,0.58,13.154135338345863,51,15,0,0,0,3499,266,16,0,0,12.8125,2,
aeqkad_poison,window,full,fidelity,False,True,16,poison,0.1,2,s040,4,40.25,34.891304347826086,26.0,82.5,66,38,31,2,6,5,0.62,12.413533834586469,46,8,0,0,0,3302,266,16,0,0,10.75,2,
aeqkad_poison,window,full,fidelity,False,True,16,poison,0.1,2,s040,5,44.75,26.6304347826087,14.000000000000002,85.5,66,38,26,2,6,10,0.52,12.966165413533837,58,20,0,0,0,3449,266,16,0,0,15.375,4,
aeqkad_poison,window,full,fidelity,False,True,16,poison,0.1,2,s040,6,37.25,32.71739130434783,26.0,82.5,66,41,30,2,6,9,0.6,12.68796992481203,52,11,0,0,0,3375,266,16,0,0,9.125,3,
aeqkad_poison,window,full,fidelity,False,True,16,poison,0.1,2,s040,7,26.5,14.021739130434783,12.0,90.5,66,50,40,2,6,8,0.8,12.778195488721805,57,7,0,0,0,3399,266,16,0,0,9.625,0,
aeqkad_poison,window,full,fidelity,False,True,16,poison,0.1,2,s040,8,38.0,18.53260869565217,28.000000000000004,71.5,66,40,32,1,6,7,0.64,12.778195488721805,50,10,0,0,0,3399,266,16,0,0,13.0,4,98.0
mm_poison,mm,full,fidelity,False,True,16,poison,0.1,0,s040,2,38.0,34.891304347826086,6.0,91.5,66,21,11,1,6,9,0.22,16.0,62,41,0,0,0,4256,266,16,1,16,96.375,0,
mm_poison,mm,full,fidelity,False,True,16,poison,0.1,0,s040,3,28.25,15.108695652173914,8.0,92.5,66,31,28,0,6,3,0.56,16.0,62,31,0,0,0,4256,266,16,1,14,139.875,0,
mm_poison,mm,full,fidelity,False,True,16,poison,0.1,0,s040,4,39.75,32.55434782608696,0.0,93.0,66,45,33,3,6,9,0.66,15.973684210526317,65,20,0,0,0,4249,266,16,1,1,43.3125,5,
mm_poison,mm,full,fidelity,False,True,16,poison,0.1,0,s040,5,41.5,39.56521739130434,12.0,91.0,66,43,30,3,6,10,0.6,16.0,60,17,0,0,0,4256,266,16,1,1,77.8125,5,
mm_poison,mm,full,fidelity,False,True,16,poison,0.1,0,s040,6,46.5,43.15217391304348,8.0,93.0,66,45,33,3,6,9,0.66,15.469924812030076,61,16,0,0,0,4115,266,16,1,1,51.5,3,
mm_poison,mm,full,fidelity,False,True,16,poison,0.1,0,s040,7,28.750000000000004,27.717391304347828,6.0,92.5,66,53,40,5,6,8,0.8,15.61654135338346,63,10,0,0,0,4154,266,16,1,1,73.9375,6,
mm_poison,mm,full,fidelity,False,True,16,poison,0.1,0,s040,8,47.5,45.326086956521735,16.0,93.0,66,48,33,5,6,10,0.66,15.62406015037594,58,10,0,0,0,4156,266,16,1,1,68.5625,6,100.0
mm_poison,mm,full,fidelity,False,True,16,poison,0.1,1,s040,2,40.0,37.22826086956522,8.0,93.0,66,29,18,1,6,10,0.36,16.0,62,33,0,0,0,4256,266,16,1,16,95.8125,0,
mm_poison,mm,full,fidelity,False,True,16,poison,0.1,1,s040,3,35.25,17.445652173913043,8.0,89.5,66,43,33,2,6,8,0.66,15.902255639097744,62,19,0,0,0,4230,266,16,1,5,52.0,4,
mm_poison,mm,full,fidelity,False,True,16,poison,0.1,1,s040,4,34.0,25.543478260869566,2.0,89.0,66,51,40,4,6,7,0.8,16.0,64,13,0,0,0,4256,266,16,1,1,61.5,5,
mm_poison,mm,full,fidelity,False,True,16,poison,0.1,1,s040,5,44.25,41.90217391304347,8.0,94.0,66,48,36,3,6,9,0.72,15.951127819548873,60,12,0,0,0,4243,266,16,1,1,56.8125,3,
mm_poison,mm,full,fidelity,False,True,16,poison,0.1,1,s040,6,37.75,25.543478260869566,8.0,89.5,66,50,36,5,6,9,0.72,16.0,61,11,0,0,0,4256,266,16,1,1,71.8125,4,
mm_poison,mm,full,fidelity,False,True,16,poison,0.1,1,s040,7,35.0,19.945652173913043,4.0,97.0,66,58,44,4,6,10,0.88,15.977443609022556,64,6,0,0,0,4250,266,16,1,1,56.5625,5,
mm_poison,mm,full,fidelity,False,True,16,poison,0.1,1,s040,8,45.25,50.0,14.000000000000002,98.0,66,47,33,4,6,10,0.66,15.80451127819549,59,12,0,0,0,4204,266,16,1,1,72.25,6,98.0
mm_poison,mm,full,fidelity,False,True,16,poison,0.1,2,s040,2,42.00000000000001,32.55434782608696,6.0,93.0,66,25,14,1,6,10,0.28,16.0,62,37,0,0,0,4256,266,16,1,16,96.375,0,
mm_poison,mm,full,fidelity,False,True,16,poison,0.1,2,s040,3,30.999999999999996,15.108695652173914,14.000000000000002,89.0,66,35,28,0,6,7,0.56,15.977443609022556,59,24,0,0,0,4250,266,16,1,8,77.375,2,
mm_poison,mm,full,fidelity,False,True,16,poison,0.1,2,s040,4,35.0,16.358695652173914,8.0,81.5,66,38,33,1,6,4,0.66,15.774436090225564,57,19,0,0,0,4196,266,16,1,1,49.5,2,
mm_poison,mm,full,fidelity,False,True,16,poison,0.1,2,s040,5,36.75,14.021739130434783,14.000000000000002,87.5,66,42,31,2,6,9,0.62,15.973684210526317,59,17,0,0,0,4249,266,16,1,1,61.0625,4,
mm_poison,mm,full,fidelity,False,True,16,poison,0.1,2,s040,6,43.00000000000001,34.891304347826086,14.000000000000002,92.0,66,49,36,4,6,9,0.72,16.0,59,10,0,0,0,4256,266,16,1,1,63.375,3,
mm_poison,mm,full,fidelity,False,True,16,poison,0.1,2,s040,7,35.75,28.80434782608696,6.0,95.5,66,52,41,2,6,9,0.82,15.808270676691729,62,10,0,0,0,4205,266,16,1,1,54.875,3,
mm_poison,mm,full,fidelity,False,True,16,poison,0.1,2,s040,8,42.25,32.55434782608696,20.0,91.0,66,48,35,4,6,9,0.7,16.0,56,8,0,0,0,4256,266,16,1,1,69.0625,3,98.0
window_poison,window,none,fidelity,False,True,16,poison,0.1,0,s041,2,28.000000000000004,24.456521739130437,20.0,40.0,66,51,40,2,6,9,0.8,15.48872180451128,0,0,0,0,0,4120,266,16,0,0,10.0,4,
window_poison,window,none,fidelity,False,True,16,poison,0.1,0,s041,3,18.250000000000004,3.58695652173913,8.0,34.0,66,54,46,2,6,6,0.92,14.06766917293233,0,0,0,0,0,3742,266,16,0,0,7.75,2,
window_poison,window,none,fidelity,False,True,16,poison,0.1,0,s041,4,23.5,16.358695652173914,18.0,41.5,66,55,41,5,6,9,0.82,13.917293233082706,0,0,0,0,0,3702,266,16,0,0,11.4375,4,
window_poison,window,none,fidelity,False,True,16,poison,0.1,0,s041,5,22.75,10.434782608695654,12.0,50.5,66,56,44,3,6,9,0.88,13.75187969924812,0,0,0,0,0,3658,266,16,0,0,10.25,4,
window_poison,window,none,fidelity,False,True,16,poison,0.1,0,s041,6,24.5,8.097826086956525,20.0,60.0,66,53,40,5,6,8,0.8,14.015037593984962,0,0,0,0,0,3728,266,16,0,0,11.0625,3,
window_poison,window,none,fidelity,False,True,16,poison,0.1,0,s041,7,22.25,8.097826086956525,10.0,73.5,66,54,45,2,6,7,0.9,12.99624060150376,0,0,0,0,0,3457,266,16,0,0,10.0625,1,
window_poison,window,none,fidelity,False,True,16,poison,0.1,0,s041,8,26.75,20.869565217391305,22.0,61.5,66,50,39,5,6,6,0.78,13.853383458646617,0,0,0,0,0,3685,266,16,0,0,8.25,4,76.0
window_poison,window,none,fidelity,False,True,16,poison,0.1,1,s041,2,26.0,12.771739130434783,18.0,50.0,66,55,41,4,6,10,0.82,15.609022556390975,0,0,0,0,0,4152,266,16,0,0,9.0625,5,
window_poison,window,none,fidelity,False,True,16,poison,0.1,1,s041,3,22.25,3.58695652173913,8.0,50.5,66,56,46,3,6,7,0.92,14.3609022556391,0,0,0,0,0,3820,266,16,0,0,8.5625,1,
window_poison,window,none,fidelity,False,True,16,poison,0.1,1,s041,4,19.5,3.423913043478259,14.000000000000002,43.0,66,56,43,3,6,10,0.86,13.947368421052632,0,0,0,0,0,3710,266,16,0,0,9.0625,4,
window_poison,window,none,fidelity,False,True,16,poison,0.1,1,s041,5,26.75,16.195652173913043,6.0,66.5,66,62,47,5,6,10,0.94,14.11654135338346,0,0,0,0,0,3755,266,16,0,0,7.5,3,
window_poison,window,none,fidelity,False,True,16,poison,0.1,1,s041,6,34.0,12.771739130434783,16.0,69.5,66,56,42,4,6,10,0.84,14.3609022556391,0,0,0,0,0,3820,266,16,0,0,10.125,4,
window_poison,window,none,fidelity,False,True,16,poison,0.1,1,s041,7,32.75,27.8804347826087,10.0,78.5,66,57,45,3,6,9,0.9,13.334586466165414,0,0,0,0,0,3547,266,16,0,0,10.625,3,
window_poison,window,none,fidelity,False,True,16,poison,0.1,1,s041,8,34.0,27.8804347826087,20.0,78.0,66,54,40,4,6,10,0.8,13.586466165413531,0,0,0,0,0,3614,266,16,0,0,8.9375,1,54.0
window_poison,window,none,fidelity,False,True,16,poison,0.1,2,s041,2,35.0,26.79347826086957,22.0,51.0,66,52,39,4,6,9,0.78,15.672932330827068,0,0,0,0,0,4169,266,16,0,0,9.1875,3,
window_poison,window,none,fidelity,False,True,16,poison,0.1,2,s041,3,14.500000000000002,2.33695652173913,6.0,27.500000000000004,66,56,47,2,6,7,0.94,14.214285714285714,0,0,0,0,0,3781,266,16,0,0,9.125,2,
window_poison,window,none,fidelity,False,True,16,poison,0.1,2,s041,4,27.500000000000004,14.021739130434783,20.0,49.0,66,53,40,4,6,9,0.8,13.98872180451128,0,0,0,0,0,3721,266,16,0,0,10.625,5,
window_poison,window,none,fidelity,False,True,16,poison,0.1,2,s041,5,25.5,10.434782608695654,18.0,45.5,66,53,41,3,6,9,0.82,13.263157894736842,0,0,0,0,0,3528,266,16,0,0,11.625,5,
window_poison,window,none,fidelity,False,True,16,poison,0.1,2,s041,6,26.5,5.760869565217389,20.0,56.49999999999999,66,47,40,1,6,6,0.8,13.774436090225564,0,0,0,0,0,3664,266,16,0,0,16.125,0,
window_poison,window,none,fidelity,False,True,16,poison,0.1,2,s041,7,28.500000000000004,17.445652173913043,14.000000000000002,62.5,66,56,43,4,6,9,0.86,12.37593984962406,0,0,0,0,0,3292,266,16,0,0,9.125,2,
window_poison,window,none,fidelity,False,True,16,poison,0.1,2,s041,8,36.75,19.6195652173913,22.0,59.5,66,53,39,4,6,10,0.78,14.022556390977444,0,0,0,0,0,3730,266,16,0,0,7.75,4,96.0
aeqkad_poison,window,full,fidelity,False,True,16,poison,0.1,0,s041,2,28.500000000000004,17.445652173913043,20.0,39.0,66,39,29,2,6,8,0.58,15.263157894736842,53,14,0,0,0,4060,266,16,0,0,11.0,3,
aeqkad_poison,window,full,fidelity,False,True,16,poison,0.1,0,s041,3,20.25,7.01086956521739,14.000000000000002,28.000000000000004,66,40,36,0,6,4,0.72,13.402255639097744,51,11,0,0,0,3565,266,16,0,0,12.375,1,
aeqkad_poison,window,full,fidelity,False,True,16,poison,0.1,0,s041,4,20.0,1.25,22.0,15.0,66,43,36,0,6,7,0.72,12.51127819548872,48,5,0,0,0,3328,266,16,0,0,11.4375,4,
aeqkad_poison,window,full,fidelity,False,True,16,poison,0.1,0,s041,5,23.75,1.25,10.0,35.0,66,44,36,0,6,8,0.72,12.789473684210526,55,11,0,0,0,3402,266,16,0,0,12.0,4,
aeqkad_poison,window,full,fidelity,False,True,16,poison,0.1,0,s041,6,30.000000000000004,10.434782608695654,18.0,53.0,66,46,36,2,6,8,0.72,13.646616541353383,53,7,0,0,0,3630,266,16,0,0,12.0,3,
aeqkad_poison,window,full,fidelity,False,True,16,poison,0.1,0,s041,7,19.5,11.684782608695654,14.000000000000002,65.0,66,48,42,1,6,5,0.84,12.263157894736842,53,5,0,0,0,3262,266,16,0,0,10.75,1,
aeqkad_poison,window,full,fidelity,False,True,16,poison,0.1,0,s041,8,35.5,20.869565217391305,24.0,56.49999999999999,66,37,33,2,6,2,0.66,12.766917293233083,46,8,0,0,1,3396,266,16,0,0,12.625,0,6.0
aeqkad_poison,window,full,fidelity,False,True,16,poison,0.1,1,s041,2,24.25,12.771739130434783,18.0,44.0,66,38,31,0,6,7,0.62,15.398496240601505,54,16,0,0,0,4096,266,16,0,0,12.4375,2,
aeqkad_poison,window,full,fidelity,False,True,16,poison,0.1,1,s041,3,19.5,3.423913043478259,12.0,32.0,66,43,37,0,6,6,0.74,13.424812030075188,52,9,0,0,0,3571,266,16,0,0,10.1875,1,
aeqkad_poison,window,full,fidelity,False,True,16,poison,0.1,1,s041,4,21.75,5.923913043478259,20.0,33.5,66,45,36,1,6,8,0.72,12.823308270676693,52,7,0,0,0,3411,266,16,0,0,11.125,4,
aeqkad_poison,window,full,fidelity,False,True,16,poison,0.1,1,s041,5,28.500000000000004,9.184782608695654,14.000000000000002,62.0,66,45,35,2,6,8,0.7,12.654135338345863,57,12,0,0,0,3366,266,16,0,0,10.875,4,
aeqkad_poison,window,full,fidelity,False,True,16,poison,0.1,1,s041,6,27.25,4.67391304347826,20.0,46.5,66,38,34,1,6,3,0.68,13.289473684210526,50,12,0,0,0,3535,266,16,0,0,17.125,0,
aeqkad_poison,window,full,fidelity,False,True,16,poison,0.1,1,s041,7,23.0,5.760869565217389,14.000000000000002,32.5,66,39,39,0,6,0,0.78,11.259398496240602,46,7,0,0,0,2995,266,16,0,0,10.9375,0,
aeqkad_poison,window,full,fidelity,False,True,16,poison,0.1,1,s041,8,25.25,12.771739130434783,24.0,40.5,66,36,34,1,6,1,0.68,12.928571428571429,49,13,0,0,0,3439,266,16,0,0,10.5,0,0.0
aeqkad_poison,window,full,fidelity,False,True,16,poison,0.1,2,s041,2,27.500000000000004,12.771739130434783,22.0,35.0,66,43,34,1,6,8,0.68,15.402255639097744,50,7,7,0,0,4097,266,16,0,0,10.0,1,
aeqkad_poison,window,full,fidelity,False,True,16,poison,0.1,2,s041,3,16.500000000000004,1.25,12.0,20.5,66,43,37,1,6,5,0.74,12.99624060150376,53,10,7,0,0,3457,266,16,0,0,10.4375,2,
aeqkad_poison,window,full,fidelity,False,True,16,poison,0.1,2,s041,4,22.25,9.184782608695654,20.0,26.0,66,43,36,0,6,7,0.72,12.785714285714286,50,7,8,0,0,3401,266,16,0,0,10.625,5,
aeqkad_poison,window,full,fidelity,False,True,16,poison,0.1,2,s041,5,20.25,5.760869565217389,16.0,32.0,66,43,36,1,6,6,0.72,12.169172932330827,53,10,10,0,0,3237,266,16,0,0,12.3125,6,
aeqkad_poison,window,full,fidelity,False,True,16,poison,0.1,2,s041,6,38.0,17.445652173913043,22.0,73.0,66,48,34,4,6,10,0.68,13.936090225563907,53,5,0,0,0,3707,266,16,0,0,10.125,7,
aeqkad_poison,window,full,fidelity,False,True,16,poison,0.1,2,s041,7,30.000000000000004,28.80434782608696,14.000000000000002,62.5,66,55,42,4,6,9,0.84,12.218045112781954,57,2,9,0,0,3250,266,16,0,0,9.125,2,
aeqkad_poison,window,full,fidelity,False,True,16,poison,0.1,2,s041,8,40.75,25.543478260869566,26.0,62.5,66,47,33,4,6,10,0.66,13.357142857142858,51,4,6,0,0,3553,266,16,0,0,8.75,5,96.0
mm_poison,mm,full,fidelity,False,True,16,poison,0.1,0,s041,2,36.0,22.1195652173913,12.0,58.5,66,35,23,2,6,10,0.46,16.0,60,25,0,0,0,4256,266,16,1,16,95.5625,0,
mm_poison,mm,full,fidelity,False,True,16,poison,0.1,0,s041,3,38.0,31.304347826086957,14.000000000000002,64.5,66,34,29,2,6,3,0.58,15.88345864661654,56,22,0,0,0,4225,266,16,1,6,60.875,3,
mm_poison,mm,full,fidelity,False,True,16,poison,0.1,0,s041,4,33.5,31.304347826086957,12.0,77.5,66,52,37,6,6,9,0.74,15.473684210526317,59,7,0,0,0,4116,266,16,1,1,50.0,6,
mm_poison,mm,full,fidelity,False,True,16,poison,0.1,0,s041,5,40.0,32.55434782608696,12.0,83.0,66,50,37,4,6,9,0.74,16.0,58,7,0,0,1,4256,266,16,1,1,69.625,5,
mm_poison,mm,full,fidelity,False,True,16,poison,0.1,0,s041,6,34.0,30.217391304347828,18.0,81.0,66,53,40,5,6,8,0.8,16.0,54,1,0,0,0,4256,266,16,1,1,72.375,6,
mm_poison,mm,full,fidelity,False,True,16,poison,0.1,0,s041,7,24.75,15.108695652173914,8.0,81.5,66,51,44,1,6,6,0.88,16.0,58,6,0,0,1,4256,266,16,1,1,73.625,4,
mm_poison,mm,full,fidelity,False,True,16,poison,0.1,0,s041,8,23.5,13.858695652173914,14.000000000000002,75.5,66,42,40,1,6,1,0.8,15.898496240601505,56,8,0,0,6,4229,266,16,1,1,77.75,3,80.0
mm_poison,mm,full,fidelity,False,True,16,poison,0.1,1,s041,2,29.500000000000004,18.695652173913043,12.0,59.5,66,35,26,0,6,9,0.52,16.0,58,23,0,0,0,4256,266,16,1,15,91.9375,0,
mm_poison,mm,full,fidelity,False,True,16,poison,0.1,1,s041,3,25.5,23.20652173913043,10.0,57.49999999999999,66,36,28,1,6,7,0.56,15.947368421052632,56,20,0,0,0,4242,266,16,1,7,77.0625,5,
mm_poison,mm,full,fidelity,False,True,16,poison,0.1,1,s041,4,22.0,7.01086956521739,4.0,57.99999999999999,66,51,40,2,6,9,0.8,15.75563909774436,63,12,0,0,0,4191,266,16,1,1,59.75,5,
mm_poison,mm,full,fidelity,False,True,16,poison,0.1,1,s041,5,28.500000000000004,15.108695652173914,4.0,77.5,66,51,39,3,6,9,0.78,16.0,63,12,0,0,0,4256,266,16,1,1,67.5625,3,
mm_poison,mm,full,fidelity,False,True,16,poison,0.1,1,s041,6,30.25,22.1195652173913,12.0,81.0,66,50,40,2,6,8,0.8,16.0,59,9,0,0,0,4256,266,16,1,1,67.5625,4,
mm_poison,mm,full,fidelity,False,True,16,poison,0.1,1,s041,7,28.25,16.195652173913043,6.0,86.0,66,52,43,1,6,8,0.86,15.928571428571429,61,9,0,0,0,4237,266,16,1,1,71.4375,3,
mm_poison,mm,full,fidelity,False,True,16,poison,0.1,1,s041,8,41.75,37.22826086956522,18.0,84.0,66,51,38,4,6,9,0.76,15.977443609022556,55,4,0,0,0,4250,266,16,1,1,77.1875,4,98.0
mm_poison,mm,full,fidelity,False,True,16,poison,0.1,2,s041,2,32.99999999999999,23.3695652173913,14.000000000000002,61.0,66,46,32,4,6,10,0.64,16.0,58,12,11,0,0,4256,266,16,1,15,90.25,0,
mm_poison,mm,full,fidelity,False,True,16,poison,0.1,2,s041,3,24.0,11.521739130434783,16.0,36.5,66,44,38,2,6,4,0.76,15.951127819548873,52,8,10,0,0,4243,266,16,1,1,39.125,3,
mm_poison,mm,full,fidelity,False,True,16,poison,0.1,2,s041,4,32.75,19.78260869565217,12.0,63.5,66,49,37,4,6,8,0.74,15.86842105263158,58,9,19,0,0,4221,266,16,1,1,62.4375,5,
mm_poison,mm,full,fidelity,False,True,16,poison,0.1,2,s041,5,39.5,25.706521739130437,12.0,84.0,66,51,40,2,6,9,0.8,16.0,59,7,23,0,1,4256,266,16,1,1,55.3125,3,
mm_poison,mm,full,fidelity,False,True,16,poison,0.1,2,s041,6,32.25,22.1195652173913,18.0,78.0,66,55,40,5,6,10,0.8,16.0,56,1,24,0,0,4256,266,16,1,1,76.0625,3,
mm_poison,mm,full,fidelity,False,True,16,poison,0.1,2,s041,7,30.25,31.304347826086957,8.0,84.5,66,57,44,4,6,9,0.88,15.951127819548873,60,3,26,0,0,4243,266,16,1,1,64.8125,5,
mm_poison,mm,full,fidelity,False,True,16,poison,0.1,2,s041,8,43.49999999999999,37.22826086956522,18.0,77.5,66,52,38,4,6,10,0.76,16.0,56,4,22,0,0,4256,266,16,1,1,78.375,7,98.0
window_poison,window,none,fidelity,False,True,16,poison,0.1,0,s042,2,4.750000000000003,0.0,6.0,3.5000000000000004,66,56,47,0,6,9,0.94,13.451127819548873,0,0,0,0,0,3578,266,16,0,0,9.75,3,
window_poison,window,none,fidelity,False,True,16,poison,0.1,0,s042,3,7.999999999999999,0.0,18.0,5.5,66,52,41,1,6,10,0.82,13.342105263157896,0,0,0,0,0,3549,266,16,0,0,8.625,4,
window_poison,window,none,fidelity,False,True,16,poison,0.1,0,s042,4,4.250000000000002,0.0,4.0,4.5,66,55,48,0,6,7,0.96,12.428571428571429,0,0,0,0,0,3306,266,16,0,0,10.0,3,
window_poison,window,none,fidelity,False,True,16,poison,0.1,0,s042,5,4.000000000000003,0.0,6.0,5.0,66,56,47,0,6,9,0.94,12.0,0,0,0,0,0,3192,266,16,0,0,8.3125,4,
window_poison,window,none,fidelity,False,True,16,poison,0.1,0,s042,6,6.250000000000003,0.0,8.0,6.5,66,54,46,1,6,7,0.92,11.729323308270676,0,0,0,0,0,3120,266,16,0,0,10.1875,4,
window_poison,window,none,fidelity,False,True,16,poison,0.1,0,s042,7,9.249999999999996,0.0,6.0,13.0,66,57,47,0,6,10,0.94,13.849624060150376,0,0,0,0,0,3684,266,16,0,0,8.25,4,
window_poison,window,none,fidelity,False,True,16,poison,0.1,0,s042,8,5.500000000000003,0.0,2.0,11.5,66,56,49,0,6,7,0.98,12.635338345864662,0,0,0,0,0,3361,266,16,0,0,8.5,1,88.0
window_poison,window,none,fidelity,False,True,16,poison,0.1,1,s042,2,5.500000000000003,0.0,6.0,9.5,66,54,47,0,6,7,0.94,14.01127819548872,0,0,0,0,0,3727,266,16,0,0,9.875,1,
window_poison,window,none,fidelity,False,True,16,poison,0.1,1,s042,3,7.499999999999998,0.0,10.0,6.0,66,55,45,1,6,9,0.9,14.3609022556391,0,0,0,0,0,3820,266,16,0,0,7.5625,2,
window_poison,window,none,fidelity,False,True,16,poison,0.1,1,s042,4,4.750000000000002,0.0,2.0,7.000000000000001,66,57,49,0,6,8,0.98,13.007518796992482,0,0,0,0,0,3460,266,16,0,0,8.5,2,
window_poison,window,none,fidelity,False,True,16,poison,0.1,1,s042,5,3.750000000000002,0.0,6.0,7.000000000000001,66,55,47,0,6,8,0.94,11.661654135338344,0,0,0,0,0,3102,266,16,0,0,10.125,2,
window_poison,window,none,fidelity,False,True,16,poison,0.1,1,s042,6,6.250000000000003,0.0,6.0,6.5,66,47,47,0,6,0,0.94,11.142857142857142,0,0,0,0,0,2964,266,16,0,0,8.5625,0,
window_poison,window,none,fidelity,False,True,16,poison,0.1,1,s042,7,6.750000000000004,0.0,2.0,8.5,66,50,49,1,6,0,0.98,13.112781954887218,0,0,0,0,0,3488,266,16,0,0,9.25,1,
window_poison,window,none,fidelity,False,True,16,poison,0.1,1,s042,8,2.500000000000001,0.0,2.0,5.5,66,49,49,0,6,0,0.98,11.943609022556393,0,0,0,0,0,3177,266,16,0,0,11.6875,0,0.0
window_poison,window,none,fidelity,False,True,16,poison,0.1,2,s042,2,7.500000000000003,0.0,6.0,3.0,66,54,47,0,6,7,0.94,13.041353383458649,0,0,0,0,0,3469,266,16,0,0,9.25,0,
window_poison,window,none,fidelity,False,True,16,poison,0.1,2,s042,3,11.75,2.33695652173913,14.000000000000002,5.5,66,51,43,0,6,8,0.86,13.725563909774436,0,0,0,0,0,3651,266,16,0,0,8.375,3,
window_poison,window,none,fidelity,False,True,16,poison,0.1,2,s042,4,2.750000000000001,0.0,2.0,4.5,66,58,49,1,6,8,0.98,12.909774436090226,0,0,0,0,0,3434,266,16,0,0,10.5625,2,
window_poison,window,none,fidelity,False,True,16,poison,0.1,2,s042,5,5.750000000000003,0.0,6.0,9.0,66,54,47,0,6,7,0.94,11.808270676691729,0,0,0,0,0,3141,266,16,0,0,9.1875,2,
window_poison,window,none,fidelity,False,True,16,poison,0.1,2,s042,6,6.000000000000003,0.0,6.0,7.000000000000001,66,50,47,0,6,3,0.94,11.3609022556391,0,0,0,0,0,3022,266,16,0,0,9.4375,0,
window_poison,window,none,fidelity,False,True,16,poison,0.1,2,s042,7,4.500000000000002,0.0,4.0,6.0,66,50,48,0,6,2,0.96,13.293233082706768,0,0,0,0,0,3536,266,16,0,0,9.1875,1,
window_poison,window,none,fidelity,False,True,16,poison,0.1,2,s042,8,2.250000000000001,0.0,2.0,5.5,66,50,49,0,6,1,0.98,11.921052631578949,0,0,0,0,0,3171,266,16,0,0,9.875,1,34.0
aeqkad_poison,window,full,fidelity,False,True,16,poison,0.1,0,s042,2,5.250000000000003,0.0,8.0,3.5000000000000004,66,41,39,0,6,2,0.78,12.984962406015038,54,13,0,0,0,3454,266,16,0,0,14.9375,0,
aeqkad_poison,window,full,fidelity,False,True,16,poison,0.1,0,s042,3,12.0,0.0,22.0,3.0,66,39,32,0,6,7,0.64,11.233082706766917,50,11,0,0,0,2988,266,16,0,0,8.625,4,
aeqkad_poison,window,full,fidelity,False,True,16,poison,0.1,0,s042,4,1.7500000000000009,0.0,2.0,2.5,66,46,42,0,6,4,0.84,11.917293233082706,56,10,0,0,0,3170,266,16,0,0,12.6875,1,
aeqkad_poison,window,full,fidelity,False,True,16,poison,0.1,0,s042,5,8.249999999999998,3.423913043478259,14.000000000000002,3.5000000000000004,66,42,38,0,6,4,0.76,9.75563909774436,50,8,0,0,0,2595,266,16,0,0,9.9375,3,
aeqkad_poison,window,full,fidelity,False,True,16,poison,0.1,0,s042,6,7.499999999999998,0.0,8.0,6.5,66,45,44,0,6,1,0.88,10.827067669172932,51,6,0,0,0,2880,266,16,0,0,14.875,0,
aeqkad_poison,window,full,fidelity,False,True,16,poison,0.1,0,s042,7,10.249999999999998,0.0,12.0,3.0,66,36,36,0,6,0,0.72,10.954887218045112,46,10,0,0,0,2914,266,16,0,0,11.0,0,
aeqkad_poison,window,full,fidelity,False,True,16,poison,0.1,0,s042,8,1.7500000000000009,0.0,2.0,2.0,66,45,45,0,6,0,0.9,11.31578947368421,50,5,0,0,0,3010,266,16,0,0,10.25,0,14.000000000000002
aeqkad_poison,window,full,fidelity,False,True,16,poison,0.1,1,s042,2,5.250000000000003,0.0,6.0,8.5,66,42,39,0,6,3,0.78,12.894736842105264,53,11,0,0,0,3430,266,16,0,0,13.6875,0,
aeqkad_poison,window,full,fidelity,False,True,16,poison,0.1,1,s042,3,8.499999999999998,0.0,20.0,4.5,66,39,32,0,6,7,0.64,11.87593984962406,50,11,0,0,0,3159,266,16,0,0,8.375,2,
aeqkad_poison,window,full,fidelity,False,True,16,poison,0.1,1,s042,4,2.250000000000001,0.0,2.0,4.5,66,39,38,0,6,1,0.76,11.109022556390975,54,15,0,0,0,2955,266,16,0,0,11.0,0,
aeqkad_poison,window,full,fidelity,False,True,16,poison,0.1,1,s042,5,5.000000000000003,0.0,10.0,2.5,66,37,37,0,6,0,0.74,9.507518796992482,46,9,0,0,0,2529,266,16,0,0,13.0625,0,
aeqkad_poison,window,full,fidelity,False,True,16,poison,0.1,1,s042,6,5.999999999999998,0.0,8.0,4.0,66,42,42,0,6,0,0.84,10.112781954887218,46,4,0,0,0,2690,266,16,0,0,10.1875,0,
aeqkad_poison,window,full,fidelity,False,True,16,poison,0.1,1,s042,7,12.499999999999998,0.0,10.0,6.0,66,34,34,0,6,0,0.68,10.721804511278195,45,11,0,0,0,2852,266,16,0,0,10.5625,0,
aeqkad_poison,window,full,fidelity,False,True,16,poison,0.1,1,s042,8,1.5000000000000009,0.0,2.0,2.5,66,44,44,0,6,0,0.88,11.43984962406015,49,5,0,0,0,3043,266,16,0,0,13.0,0,0.0
aeqkad_poison,window,full,fidelity,False,True,16,poison,0.1,2,s042,2,7.2500000000000036,0.0,6.0,2.5,66,49,43,0,6,6,0.86,12.913533834586469,54,5,0,0,0,3435,266,16,0,0,10.8125,0,
aeqkad_poison,window,full,fidelity,False,True,16,poison,0.1,2,s042,3,12.0,0.0,22.0,4.0,66,39,33,0,6,6,0.66,12.68796992481203,47,8,0,0,0,3375,266,16,0,0,9.75,2,
aeqkad_poison,window,full,fidelity,False,True,16,poison,0.1,2,s042,4,4.250000000000002,0.0,2.0,4.5,66,53,44,1,6,8,0.88,12.582706766917294,58,5,0,0,0,3347,266,16,0,0,11.0,3,
aeqkad_poison,window,full,fidelity,False,True,16,poison,0.1,2,s042,5,7.249999999999998,0.0,8.0,8.0,66,49,43,0,6,6,0.86,11.563909774436093,53,4,0,0,0,3076,266,16,0,0,10.625,2,
aeqkad_poison,window,full,fidelity,False,True,16,poison,0.1,2,s042,6,5.000000000000003,0.0,8.0,4.0,66,44,44,0,6,0,0.88,10.62406015037594,47,3,0,0,0,2826,266,16,0,0,11.125,0,
aeqkad_poison,window,full,fidelity,False,True,16,poison,0.1,2,s042,7,7.749999999999998,0.0,12.0,5.5,66,38,37,0,6,1,0.74,11.135338345864662,47,9,0,0,0,2962,266,16,0,0,9.1875,1,
aeqkad_poison,window,full,fidelity,False,True,16,poison,0.1,2,s042,8,1.7500000000000009,0.0,2.0,3.0,66,45,45,0,6,0,0.9,11.43233082706767,50,5,0,0,0,3041,266,16,0,0,11.8125,0,8.0
mm_poison,mm,full,fidelity,False,True,16,poison,0.1,0,s042,2,11.75,0.0,14.000000000000002,9.0,66,38,29,0,6,9,0.58,16.0,55,17,0,0,0,4256,266,16,1,16,99.8125,0,
mm_poison,mm,full,fidelity,False,True,16,poison,0.1,0,s042,3,19.000000000000004,3.75,20.0,9.0,66,26,16,0,6,10,0.32,15.928571428571429,50,24,0,0,0,4237,266,16,1,7,72.25,3,
mm_poison,mm,full,fidelity,False,True,16,poison,0.1,0,s042,4,3.5000000000000018,0.0,4.0,8.5,66,51,45,0,6,6,0.9,15.740601503759398,56,5,0,0,0,4187,266,16,1,1,55.125,2,
mm_poison,mm,full,fidelity,False,True,16,poison,0.1,0,s042,5,6.250000000000003,1.25,6.0,7.000000000000001,66,51,44,0,6,7,0.88,15.165413533834586,57,6,0,0,0,4034,266,16,1,1,67.375,3,
mm_poison,mm,full,fidelity,False,True,16,poison,0.1,0,s042,6,7.999999999999999,0.0,6.0,9.5,66,53,45,0,6,8,0.9,15.3609022556391,57,4,0,0,0,4086,266,16,1,1,59.4375,5,
mm_poison,mm,full,fidelity,False,True,16,poison,0.1,0,s042,7,7.999999999999999,1.25,4.0,18.0,66,55,46,0,6,9,0.92,15.69548872180451,58,3,0,0,0,4175,266,16,1,1,61.0625,4,
mm_poison,mm,full,fidelity,False,True,16,poison,0.1,0,s042,8,9.499999999999998,0.0,2.0,19.0,66,51,43,0,6,8,0.86,15.526315789473683,58,7,0,0,0,4130,266,16,1,1,68.0625,5,96.0
mm_poison,mm,full,fidelity,False,True,16,poison,0.1,1,s042,2,13.5,0.0,12.0,20.0,66,34,27,0,6,7,0.54,16.0,54,19,0,0,1,4256,266,16,1,16,98.75,0,
mm_poison,mm,full,fidelity,False,True,16,poison,0.1,1,s042,3,15.500000000000004,7.01086956521739,16.0,17.5,66,6,3,0,6,3,0.06,16.0,51,45,0,0,0,4256,266,16,1,16,164.75,0,
mm_poison,mm,full,fidelity,False,True,16,poison,0.1,1,s042,4,9.749999999999998,0.0,6.0,17.0,66,31,31,0,6,0,0.62,15.81203007518797,50,19,0,0,0,4206,266,16,1,5,78.0625,0,
mm_poison,mm,full,fidelity,False,True,16,poison,0.1,1,s042,5,3.500000000000002,0.0,6.0,7.000000000000001,66,45,45,0,6,0,0.9,14.913533834586469,49,4,0,0,0,3967,266,16,1,1,68.25,0,
mm_poison,mm,full,fidelity,False,True,16,poison,0.1,1,s042,6,6.500000000000003,0.0,4.0,8.5,66,44,44,0,6,0,0.88,15.278195488721805,48,4,0,0,0,4064,266,16,1,1,66.625,0,
mm_poison,mm,full,fidelity,False,True,16,poison,0.1,1,s042,7,4.500000000000002,3.423913043478259,4.0,11.0,66,44,44,0,6,0,0.88,15.37218045112782,49,5,0,0,0,4089,266,16,1,1,63.0625,0,
mm_poison,mm,full,fidelity,False,True,16,poison,0.1,1,s042,8,4.000000000000002,0.0,2.0,14.000000000000002,66,47,47,0,6,0,0.94,15.428571428571429,49,2,0,0,0,4104,266,16,1,1,71.3125,0,0.0
mm_poison,mm,full,fidelity,False,True,16,poison,0.1,2,s042,2,10.75,2.33695652173913,12.0,12.0,66,38,30,0,6,8,0.6,16.0,55,16,0,0,1,4256,266,16,1,16,100.125,0,
mm_poison,mm,full,fidelity,False,True,16,poison,0.1,2,s042,3,16.500000000000004,7.01086956521739,18.0,9.0,66,24,19,0,6,5,0.38,16.0,51,27,0,0,0,4256,266,16,1,9,92.5,4,
mm_poison,mm,full,fidelity,False,True,16,poison,0.1,2,s042,4,3.000000000000001,0.0,2.0,11.0,66,54,45,1,6,8,0.9,15.887218045112782,59,5,0,0,0,4226,266,16,1,1,52.0625,4,
mm_poison,mm,full,fidelity,False,True,16,poison,0.1,2,s042,5,4.500000000000003,0.0,6.0,9.5,66,54,47,0,6,7,0.94,15.857142857142858,57,3,0,0,0,4218,266,16,1,1,58.4375,2,
mm_poison,mm,full,fidelity,False,True,16,poison,0.1,2,s042,6,7.499999999999998,0.0,6.0,7.000000000000001,66,46,46,0,6,0,0.92,14.808270676691729,48,2,0,0,0,3939,266,16,1,1,72.4375,1,
mm_poison,mm,full,fidelity,False,True,16,poison,0.1,2,s042,7,9.499999999999996,0.0,8.0,10.0,66,40,39,0,6,1,0.78,15.109022556390975,48,8,0,0,0,4019,266,16,1,1,74.25,0,
mm_poison,mm,full,fidelity,False,True,16,poison,0.1,2,s042,8,3.0000000000000018,0.0,4.0,9.5,66,50,47,1,6,2,0.94,15.706766917293232,54,4,0,0,0,4178,266,16,1,1,62.4375,2,52.0
window_poison,window,none,fidelity,False,True,16,poison,0.1,0,s043,2,20.0,4.83695652173913,8.0,56.49999999999999,66,59,46,4,6,9,0.92,14.462406015037594,0,0,0,0,0,3847,266,16,0,0,8.6875,6,
window_poison,window,none,fidelity,False,True,16,poison,0.1,0,s043,3,28.25,7.17391304347826,16.0,78.0,66,58,42,6,6,10,0.84,15.823308270676693,0,0,0,0,0,4209,266,16,0,0,9.5625,3,
window_poison,window,none,fidelity,False,True,16,poison,0.1,0,s043,4,17.750000000000004,4.67391304347826,4.0,65.0,66,63,48,5,6,10,0.96,14.849624060150376,0,0,0,0,0,3950,266,16,0,0,7.6875,3,
window_poison,window,none,fidelity,False,True,16,poison,0.1,0,s043,5,22.25,9.184782608695654,6.0,68.0,66,61,47,4,6,10,0.94,14.469924812030076,0,0,0,0,0,3849,266,16,0,0,8.625,3,
window_poison,window,none,fidelity,False,True,16,poison,0.1,0,s043,6,12.25,7.01086956521739,4.0,58.5,66,58,48,1,6,9,0.96,14.545112781954888,0,0,0,0,0,3869,266,16,0,0,11.6875,2,
window_poison,window,none,fidelity,False,True,16,poison,0.1,0,s043,7,18.250000000000004,1.25,10.0,62.5,66,58,45,5,6,8,0.9,14.387218045112782,0,0,0,0,0,3827,266,16,0,0,7.625,1,
window_poison,window,none,fidelity,False,True,16,poison,0.1,0,s043,8,22.0,1.0869565217391297,8.0,68.5,66,61,46,5,6,10,0.92,15.078947368421051,0,0,0,0,0,4011,266,16,0,0,8.875,3,90.0
window_poison,window,none,fidelity,False,True,16,poison,0.1,1,s043,2,19.0,9.347826086956523,20.0,25.0,66,51,40,2,6,9,0.8,14.06015037593985,0,0,0,0,0,3740,266,16,0,0,9.9375,2,
window_poison,window,none,fidelity,False,True,16,poison,0.1,1,s043,3,24.25,4.83695652173913,24.0,29.5,66,48,38,0,6,10,0.76,15.330827067669173,0,0,0,0,0,4078,266,16,0,0,9.8125,5,
window_poison,window,none,fidelity,False,True,16,poison,0.1,1,s043,4,16.250000000000004,0.0,10.0,34.0,66,56,45,2,6,9,0.9,14.845864661654137,0,0,0,0,0,3949,266,16,0,0,10.625,4,
window_poison,window,none,fidelity,False,True,16,poison,0.1,1,s043,5,24.0,10.597826086956523,18.0,32.5,66,53,41,2,6,10,0.82,14.221804511278195,0,0,0,0,0,3783,266,16,0,0,9.75,4,
window_poison,window,none,fidelity,False,True,16,poison,0.1,1,s043,6,15.750000000000004,7.01086956521739,6.0,33.0,66,60,47,4,6,9,0.94,14.669172932330827,0,0,0,0,0,3902,266,16,0,0,9.1875,5,
window_poison,window,none,fidelity,False,True,16,poison,0.1,1,s043,7,14.250000000000002,1.0869565217391297,12.0,30.5,66,50,44,2,6,4,0.88,13.578947368421051,0,0,0,0,0,3612,266,16,0,0,7.5,3,
window_poison,window,none,fidelity,False,True,16,poison,0.1,1,s043,8,20.0,0.0,18.0,38.5,66,51,41,1,6,9,0.82,14.62781954887218,0,0,0,0,0,3891,266,16,0,0,8.875,2,82.0
window_poison,window,none,fidelity,False,True,16,poison,0.1,2,s043,2,17.500000000000004,13.858695652173914,16.0,31.0,66,54,42,2,6,10,0.84,13.62781954887218,0,0,0,0,0,3625,266,16,0,0,10.3125,2,
window_poison,window,none,fidelity,False,True,16,poison,0.1,2,s043,3,26.25,4.67391304347826,20.0,56.99999999999999,66,54,40,4,6,10,0.8,15.75187969924812,0,0,0,0,0,4190,266,16,0,0,9.5,5,
window_poison,window,none,fidelity,False,True,16,poison,0.1,2,s043,4,16.500000000000004,2.33695652173913,8.0,42.0,66,57,46,3,6,8,0.92,14.93984962406015,0,0,0,0,0,3974,266,16,0,0,8.875,4,
window_poison,window,none,fidelity,False,True,16,poison,0.1,2,s043,5,20.75,10.434782608695654,14.000000000000002,53.0,66,55,43,2,6,10,0.86,14.278195488721805,0,0,0,0,0,3798,266,16,0,0,8.6875,3,
window_poison,window,none,fidelity,False,True,16,poison,0.1,2,s043,6,15.750000000000004,5.760869565217389,6.0,53.5,66,59,47,3,6,9,0.94,14.6203007518797,0,0,0,0,0,3889,266,16,0,0,9.4375,2,
window_poison,window,none,fidelity,False,True,16,poison,0.1,2,s043,7,15.500000000000004,5.760869565217389,12.0,43.5,66,56,44,2,6,10,0.88,14.022556390977444,0,0,0,0,0,3730,266,16,0,0,7.5,4,
window_poison,window,none,fidelity,False,True,16,poison,0.1,2,s043,8,23.75,1.25,14.000000000000002,50.5,66,56,43,3,6,10,0.86,14.796992481203008,0,0,0,0,0,3936,266,16,0,0,11.1875,1,42.0
aeqkad_poison,window,full,fidelity,False,True,16,poison,0.1,0,s043,2,16.250000000000004,5.760869565217389,10.0,46.0,66,44,37,0,6,7,0.74,14.06766917293233,56,12,0,0,0,3742,266,16,0,0,11.5,5,
aeqkad_poison,window,full,fidelity,False,True,16,poison,0.1,0,s043,3,26.75,7.01086956521739,18.0,57.49999999999999,66,39,28,1,6,10,0.56,14.921052631578949,56,17,0,0,0,3969,266,16,0,0,11.9375,3,
aeqkad_poison,window,full,fidelity,False,True,16,poison,0.1,0,s043,4,18.500000000000004,3.423913043478259,6.0,48.0,66,48,40,1,6,7,0.8,14.082706766917294,61,13,3,0,0,3746,266,16,0,0,9.0625,2,
aeqkad_poison,window,full,fidelity,False,True,16,poison,0.1,0,s043,5,21.5,9.184782608695654,8.0,56.49999999999999,66,48,37,1,6,10,0.74,13.99624060150376,59,11,1,0,0,3723,266,16,0,0,9.0,3,
aeqkad_poison,window,full,fidelity,False,True,16,poison,0.1,0,s043,6,12.0,7.01086956521739,4.0,48.5,66,46,40,0,6,6,0.8,13.68421052631579,58,12,0,0,0,3640,266,16,0,0,14.25,0,
aeqkad_poison,window,full,fidelity,False,True,16,poison,0.1,0,s043,7,13.750000000000002,0.0,12.0,33.5,66,40,40,0,6,0,0.8,12.680451127819548,50,8,0,0,2,3373,266,16,0,0,10.0625,0,
aeqkad_poison,window,full,fidelity,False,True,16,poison,0.1,0,s043,8,20.0,0.0,12.0,45.0,66,39,38,1,6,0,0.76,12.99624060150376,56,16,1,0,1,3457,266,16,0,0,12.375,1,64.0
aeqkad_poison,window,full,fidelity,False,True,16,poison,0.1,1,s043,2,16.500000000000004,1.25,18.0,20.5,66,42,33,1,6,8,0.66,13.680451127819548,52,10,0,0,0,3639,266,16,0,0,13.5,2,
aeqkad_poison,window,full,fidelity,False,True,16,poison,0.1,1,s043,3,34.0,10.434782608695654,48.0,15.0,66,24,16,0,6,8,0.32,13.349624060150376,36,11,0,0,1,3551,266,16,0,0,13.5625,6,
aeqkad_poison,window,full,fidelity,False,True,16,poison,0.1,1,s043,4,28.000000000000004,4.510869565217389,28.000000000000004,26.0,66,39,33,1,6,5,0.66,13.533834586466163,45,6,0,0,0,3600,266,16,0,0,10.625,4,
aeqkad_poison,window,full,fidelity,False,True,16,poison,0.1,1,s043,5,26.25,6.847826086956524,24.0,29.0,66,40,32,0,6,8,0.64,13.484962406015038,49,9,0,0,0,3587,266,16,0,0,10.8125,3,
aeqkad_poison,window,full,fidelity,False,True,16,poison,0.1,1,s043,6,15.250000000000002,8.097826086956525,8.0,27.0,66,46,37,0,6,9,0.74,13.887218045112782,58,12,0,0,0,3694,266,16,0,0,11.375,3,
aeqkad_poison,window,full,fidelity,False,True,16,poison,0.1,1,s043,7,17.25,0.0,14.000000000000002,20.5,66,37,37,0,6,0,0.74,12.330827067669173,48,10,0,0,1,3280,266,16,0,0,13.0,0,
aeqkad_poison,window,full,fidelity,False,True,16,poison,0.1,1,s043,8,17.750000000000004,3.423913043478259,16.0,17.5,66,33,33,0,6,0,0.66,12.413533834586469,49,16,0,0,0,3302,266,16,0,0,12.625,0,57.99999999999999
aeqkad_poison,window,full,fidelity,False,True,16,poison,0.1,2,s043,2,14.750000000000002,3.423913043478259,12.0,25.0,66,42,34,0,6,8,0.68,13.462406015037594,56,14,0,0,0,3581,266,16,0,0,14.625,1,
aeqkad_poison,window,full,fidelity,False,True,16,poison,0.1,2,s043,3,35.75,15.271739130434783,34.0,26.0,66,25,18,0,6,7,0.36,14.1203007518797,41,14,0,0,2,3756,266,16,0,0,14.3125,4,
aeqkad_poison,window,full,fidelity,False,True,16,poison,0.1,2,s043,4,25.0,4.510869565217389,26.0,25.5,66,37,31,0,6,6,0.62,13.142857142857142,48,11,0,0,0,3496,266,16,0,0,10.5,3,
aeqkad_poison,window,full,fidelity,False,True,16,poison,0.1,2,s043,5,26.25,12.771739130434783,20.0,39.5,66,37,29,0,6,8,0.58,13.281954887218046,50,13,0,0,0,3533,266,16,0,0,9.9375,2,
aeqkad_poison,window,full,fidelity,False,True,16,poison,0.1,2,s043,6,9.0,1.25,8.0,18.5,66,38,38,0,6,0,0.76,12.680451127819548,48,10,0,0,0,3373,266,16,0,0,11.5625,0,
aeqkad_poison,window,full,fidelity,False,True,16,poison,0.1,2,s043,7,16.000000000000004,0.0,14.000000000000002,19.5,66,37,37,0,6,0,0.74,12.150375939849624,52,14,0,0,1,3232,266,16,0,0,15.125,0,
aeqkad_poison,window,full,fidelity,False,True,16,poison,0.1,2,s043,8,15.750000000000004,0.0,14.000000000000002,27.0,66,33,33,0,6,0,0.66,12.109022556390975,48,14,0,0,1,3221,266,16,0,0,13.8125,0,40.0
mm_poison,mm,full,fidelity,False,True,16,poison,0.1,0,s043,2,13.0,3.423913043478259,0.0,77.5,66,47,37,1,6,9,0.74,16.0,63,15,2,0,1,4256,266,16,1,14,91.4375,0,
mm_poison,mm,full,fidelity,False,True,16,poison,0.1,0,s043,3,28.000000000000004,12.771739130434783,12.0,76.0,66,41,30,1,6,10,0.6,16.0,58,17,2,0,0,4256,266,16,1,1,30.1875,4,
mm_poison,mm,full,fidelity,False,True,16,poison,0.1,0,s043,4,15.500000000000004,7.01086956521739,4.0,79.0,66,52,42,2,6,8,0.84,16.0,64,11,13,0,1,4256,266,16,1,1,70.8125,5,
mm_poison,mm,full,fidelity,False,True,16,poison,0.1,0,s043,5,22.5,10.434782608695654,4.0,72.5,66,47,37,0,6,10,0.74,16.0,63,16,7,0,0,4256,266,16,1,1,48.0625,3,
mm_poison,mm,full,fidelity,False,True,16,poison,0.1,0,s043,6,15.750000000000004,3.58695652173913,2.0,72.0,66,48,39,0,6,9,0.78,16.0,64,14,6,0,2,4256,266,16,1,1,68.8125,5,
mm_poison,mm,full,fidelity,False,True,16,poison,0.1,0,s043,7,17.500000000000004,10.434782608695654,6.0,82.5,66,50,42,2,6,6,0.84,16.0,63,12,9,0,1,4256,266,16,1,1,69.9375,4,
mm_poison,mm,full,fidelity,False,True,16,poison,0.1,0,s043,8,16.250000000000004,0.0,6.0,76.5,66,42,41,1,6,0,0.82,16.0,62,12,8,0,8,4256,266,16,1,1,67.0,2,92.0
mm_poison,mm,full,fidelity,False,True,16,poison,0.1,1,s043,2,16.000000000000004,4.67391304347826,12.0,41.5,66,38,28,1,6,9,0.56,16.0,57,19,0,0,0,4256,266,16,1,16,98.4375,0,
mm_poison,mm,full,fidelity,False,True,16,poison,0.1,1,s043,3,33.25,17.445652173913043,36.0,37.5,66,20,13,0,6,7,0.26,16.0,43,23,0,0,0,4256,266,16,1,10,100.5625,3,
mm_poison,mm,full,fidelity,False,True,16,poison,0.1,1,s043,4,30.25,4.510869565217389,24.0,40.0,66,36,29,1,6,6,0.58,15.921052631578949,47,11,0,0,0,4235,266,16,1,1,53.625,6,
mm_poison,mm,full,fidelity,False,True,16,poison,0.1,1,s043,5,28.25,13.858695652173914,20.0,47.0,66,36,32,0,6,4,0.64,16.0,52,14,0,0,2,4256,266,16,1,1,75.0625,5,
mm_poison,mm,full,fidelity,False,True,16,poison,0.1,1,s043,6,17.750000000000004,7.01086956521739,4.0,43.0,66,43,37,0,6,6,0.74,16.0,61,16,0,0,2,4256,266,16,1,1,78.75,4,
mm_poison,mm,full,fidelity,False,True,16,poison,0.1,1,s043,7,16.000000000000004,9.510869565217387,8.0,46.5,66,40,40,0,6,0,0.8,16.0,58,10,0,0,8,4256,266,16,1,1,80.6875,2,
mm_poison,mm,full,fidelity,False,True,16,poison,0.1,1,s043,8,19.5,1.0869565217391297,8.0,41.5,66,37,37,0,6,0,0.74,16.0,57,15,0,0,5,4256,266,16,1,1,71.5625,0,74.0
mm_poison,mm,full,fidelity,False,True,16,poison,0.1,2,s043,2,14.500000000000002,4.67391304347826,2.0,60.5,66,40,30,0,6,10,0.6,16.0,63,23,0,0,0,4256,266,16,1,15,91.9375,0,
mm_poison,mm,full,fidelity,False,True,16,poison,0.1,2,s043,3,32.25,12.934782608695656,24.0,58.5,66,29,20,0,6,9,0.4,16.0,52,23,0,0,0,4256,266,16,1,6,66.4375,3,
mm_poison,mm,full,fidelity,False,True,16,poison,0.1,2,s043,4,26.75,5.760869565217389,18.0,46.0,66,36,31,0,6,5,0.62,15.898496240601505,55,19,0,0,0,4229,266,16,1,1,61.6875,5,
mm_poison,mm,full,fidelity,False,True,16,poison,0.1,2,s043,5,29.75,9.347826086956523,16.0,66.5,66,42,33,0,6,9,0.66,15.906015037593985,55,13,0,0,0,4231,266,16,1,1,75.5,4,
mm_poison,mm,full,fidelity,False,True,16,poison,0.1,2,s043,6,13.750000000000002,2.33695652173913,6.0,52.0,66,37,37,0,6,0,0.74,15.274436090225564,59,21,0,0,1,4063,266,16,1,1,58.625,1,
mm_poison,mm,full,fidelity,False,True,16,poison,0.1,2,s043,7,14.750000000000002,3.423913043478259,6.0,46.5,66,38,38,0,6,0,0.76,15.74812030075188,55,16,0,0,1,4189,266,16,1,1,89.125,0,
mm_poison,mm,full,fidelity,False,True,16,poison,0.1,2,s043,8,13.5,0.0,8.0,47.0,66,40,40,0,6,0,0.8,15.977443609022556,55,14,0,0,1,4250,266,16,1,1,67.5625,0,48.0
window_poison,window,none,fidelity,False,True,16,poison,0.1,0,s044,2,10.749999999999998,7.01086956521739,4.0,53.5,66,60,48,2,6,10,0.96,12.819548872180452,0,0,0,0,0,3410,266,16,0,0,8.75,4,
window_poison,window,none,fidelity,False,True,16,poison,0.1,0,s044,3,6.500000000000003,5.760869565217389,0.0,45.0,66,65,50,5,6,10,1.0,12.80451127819549,0,0,0,0,0,3406,266,16,0,0,8.3125,3,
window_poison,window,none,fidelity,False,True,16,poison,0.1,0,s044,4,7.999999999999999,2.33695652173913,0.0,46.5,66,62,50,2,6,10,1.0,11.319548872180452,0,0,0,0,0,3011,266,16,0,0,8.0,3,
window_poison,window,none,fidelity,False,True,16,poison,0.1,0,s044,5,14.250000000000002,4.67391304347826,2.0,56.00000000000001,66,63,49,4,6,10,0.98,11.913533834586469,0,0,0,0,0,3169,266,16,0,0,8.625,3,
window_poison,window,none,fidelity,False,True,16,poison,0.1,0,s044,6,13.5,1.25,4.0,76.5,66,62,48,4,6,10,0.96,11.906015037593985,0,0,0,0,0,3167,266,16,0,0,7.5,2,
window_poison,window,none,fidelity,False,True,16,poison,0.1,0,s044,7,13.750000000000002,8.097826086956525,0.0,73.0,66,62,50,3,6,9,1.0,12.887218045112782,0,0,0,0,0,3428,266,16,0,0,7.5,6,
window_poison,window,none,fidelity,False,True,16,poison,0.1,0,s044,8,7.749999999999998,2.33695652173913,0.0,38.0,66,55,50,2,6,3,1.0,10.424812030075188,0,0,0,0,0,2773,266,16,0,0,8.6875,0,8.0
window_poison,window,none,fidelity,False,True,16,poison,0.1,1,s044,2,14.500000000000002,2.5,8.0,42.0,66,59,46,3,6,10,0.92,12.00375939849624,0,0,0,0,0,3193,266,16,0,0,8.25,5,
window_poison,window,none,fidelity,False,True,16,poison,0.1,1,s044,3,6.749999999999997,2.33695652173913,0.0,48.5,66,64,50,5,6,9,1.0,13.033834586466163,0,0,0,0,0,3467,266,16,0,0,8.5625,0,
window_poison,window,none,fidelity,False,True,16,poison,0.1,1,s044,4,7.999999999999999,4.67391304347826,0.0,35.0,66,54,50,3,6,1,1.0,10.661654135338344,0,0,0,0,0,2836,266,16,0,0,8.4375,2,
window_poison,window,none,fidelity,False,True,16,poison,0.1,1,s044,5,15.750000000000004,5.760869565217389,2.0,67.5,66,62,49,6,6,7,0.98,11.981203007518795,0,0,0,0,0,3187,266,16,0,0,7.9375,4,
window_poison,window,none,fidelity,False,True,16,poison,0.1,1,s044,6,10.0,5.760869565217389,4.0,52.5,66,57,48,3,6,6,0.96,11.733082706766917,0,0,0,0,0,3121,266,16,0,0,11.9375,1,
window_poison,window,none,fidelity,False,True,16,poison,0.1,1,s044,7,9.749999999999998,5.923913043478259,4.0,31.5,66,51,48,1,6,2,0.96,11.676691729323307,0,0,0,0,0,3106,266,16,0,0,9.9375,2,
window_poison,window,none,fidelity,False,True,16,poison,0.1,1,s044,8,12.75,1.25,2.0,34.5,66,60,49,3,6,8,0.98,11.37593984962406,0,0,0,0,0,3026,266,16,0,0,8.125,0,2.0
window_poison,window,none,fidelity,False,True,16,poison,0.1,2,s044,2,17.0,2.5,8.0,54.0,66,61,46,5,6,10,0.92,13.048872180451127,0,0,0,0,0,3471,266,16,0,0,7.9375,4,
window_poison,window,none,fidelity,False,True,16,poison,0.1,2,s044,3,6.000000000000002,2.33695652173913,0.0,43.5,66,61,50,2,6,9,1.0,12.364661654135338,0,0,0,0,0,3289,266,16,0,0,8.375,2,
window_poison,window,none,fidelity,False,True,16,poison,0.1,2,s044,4,11.5,1.25,0.0,44.5,66,56,50,3,6,3,1.0,10.586466165413531,0,0,0,0,0,2816,266,16,0,0,7.5625,3,
window_poison,window,none,fidelity,False,True,16,poison,0.1,2,s044,5,15.750000000000004,2.33695652173913,2.0,55.50000000000001,66,63,49,4,6,10,0.98,11.75187969924812,0,0,0,0,0,3126,266,16,0,0,8.375,4,
window_poison,window,none,fidelity,False,True,16,poison,0.1,2,s044,6,9.499999999999998,2.5,4.0,57.49999999999999,66,60,48,5,6,7,0.96,12.048872180451127,0,0,0,0,0,3205,266,16,0,0,8.9375,1,
window_poison,window,none,fidelity,False,True,16,poison,0.1,2,s044,7,10.499999999999998,2.33695652173913,2.0,70.0,66,63,49,5,6,9,0.98,13.180451127819548,0,0,0,0,0,3506,266,16,0,0,7.5,4,
window_poison,window,none,fidelity,False,True,16,poison,0.1,2,s044,8,10.499999999999998,2.5,2.0,57.99999999999999,66,59,49,2,6,8,0.98,11.469924812030076,0,0,0,0,0,3051,266,16,0,0,8.1875,2,82.0
aeqkad_poison,window,full,fidelity,False,True,16,poison,0.1,0,s044,2,16.250000000000004,3.75,10.0,34.0,66,38,33,0,6,5,0.66,9.93233082706767,56,18,0,0,0,2642,266,16,0,0,16.25,2,
aeqkad_poison,window,full,fidelity,False,True,16,poison,0.1,0,s044,3,6.000000000000003,5.760869565217389,0.0,29.5,66,54,46,0,6,8,0.92,10.657894736842104,65,11,0,0,0,2835,266,16,0,0,8.3125,3,
aeqkad_poison,window,full,fidelity,False,True,16,poison,0.1,0,s044,4,7.499999999999998,2.33695652173913,0.0,35.0,66,54,46,0,6,8,0.92,10.62781954887218,61,7,0,0,0,2827,266,16,0,0,8.6875,2,
aeqkad_poison,window,full,fidelity,False,True,16,poison,0.1,0,s044,5,14.500000000000002,10.271739130434783,2.0,37.0,66,49,42,2,6,5,0.84,9.849624060150376,61,12,0,0,0,2620,266,16,0,0,10.625,1,
aeqkad_poison,window,full,fidelity,False,True,16,poison,0.1,0,s044,6,10.249999999999998,4.67391304347826,6.0,30.5,66,42,42,0,6,0,0.84,9.24812030075188,49,7,0,0,0,2460,266,16,0,0,11.75,0,
aeqkad_poison,window,full,fidelity,False,True,16,poison,0.1,0,s044,7,14.250000000000002,10.434782608695654,2.0,32.5,66,39,37,2,6,0,0.74,10.056390977443607,53,14,0,0,0,2675,266,16,0,0,11.625,0,
aeqkad_poison,window,full,fidelity,False,True,16,poison,0.1,0,s044,8,7.999999999999999,0.0,2.0,24.5,66,41,40,0,6,1,0.8,8.714285714285714,54,13,0,0,0,2318,266,16,0,0,10.625,0,4.0
aeqkad_poison,window,full,fidelity,False,True,16,poison,0.1,1,s044,2,17.0,8.097826086956525,12.0,25.5,66,42,33,0,6,9,0.66,10.078947368421051,56,14,0,0,0,2681,266,16,0,0,14.6875,3,
aeqkad_poison,window,full,fidelity,False,True,16,poison,0.1,1,s044,3,4.250000000000002,1.25,0.0,23.5,66,50,48,0,6,2,0.96,10.924812030075188,57,7,0,0,0,2906,266,16,0,0,8.5625,0,
aeqkad_poison,window,full,fidelity,False,True,16,poison,0.1,1,s044,4,9.749999999999998,2.33695652173913,0.0,23.5,66,43,43,0,6,0,0.86,9.654135338345863,53,10,0,0,0,2568,266,16,0,0,10.0625,0,
aeqkad_poison,window,full,fidelity,False,True,16,poison,0.1,1,s044,5,12.25,2.5,2.0,23.5,66,41,41,0,6,0,0.82,8.793233082706767,52,11,0,0,0,2339,266,16,0,0,12.125,0,
aeqkad_poison,window,full,fidelity,False,True,16,poison,0.1,1,s044,6,11.249999999999998,3.58695652173913,6.0,25.5,66,43,43,0,6,0,0.86,9.06766917293233,48,5,0,0,0,2412,266,16,0,0,13.25,0,
aeqkad_poison,window,full,fidelity,False,True,16,poison,0.1,1,s044,7,11.75,8.097826086956525,2.0,27.500000000000004,66,40,39,1,6,0,0.78,10.3796992481203,52,12,0,0,0,2761,266,16,0,0,12.5,0,
aeqkad_poison,window,full,fidelity,False,True,16,poison,0.1,1,s044,8,6.750000000000004,2.33695652173913,2.0,19.5,66,44,44,0,6,0,0.88,8.88345864661654,53,9,0,0,0,2363,266,16,0,0,8.125,0,4.0
aeqkad_poison,window,full,fidelity,False,True,16,poison,0.1,2,s044,2,16.000000000000004,8.097826086956525,10.0,36.0,66,35,29,0,6,6,0.58,9.921052631578949,56,21,0,0,0,2639,266,16,0,0,18.6875,2,
aeqkad_poison,window,full,fidelity,False,True,16,poison,0.1,2,s044,3,6.000000000000003,1.25,0.0,25.0,66,43,42,0,6,1,0.84,9.8609022556391,59,16,0,0,0,2623,266,16,0,0,10.0,0,
aeqkad_poison,window,full,fidelity,False,True,16,poison,0.1,2,s044,4,9.749999999999998,2.33695652173913,0.0,22.5,66,39,38,1,6,0,0.76,8.921052631578947,52,13,0,0,0,2373,266,16,0,0,12.875,1,
aeqkad_poison,window,full,fidelity,False,True,16,poison,0.1,2,s044,5,11.5,6.847826086956524,2.0,24.5,66,40,39,1,6,0,0.78,7.969924812030075,57,17,0,0,0,2120,266,16,0,0,12.375,0,
aeqkad_poison,window,full,fidelity,False,True,16,poison,0.1,2,s044,6,10.249999999999998,2.5,4.0,25.5,66,44,42,2,6,0,0.84,9.263157894736842,50,6,0,0,0,2464,266,16,0,0,10.8125,1,
aeqkad_poison,window,full,fidelity,False,True,16,poison,0.1,2,s044,7,14.000000000000002,7.01086956521739,2.0,31.0,66,35,35,0,6,0,0.7,9.278195488721805,51,16,0,0,0,2468,266,16,0,0,11.625,0,
aeqkad_poison,window,full,fidelity,False,True,16,poison,0.1,2,s044,8,6.000000000000003,6.847826086956524,2.0,27.500000000000004,66,39,39,0,6,0,0.78,8.887218045112782,49,10,0,0,0,2364,266,16,0,0,11.875,0,4.0
mm_poison,mm,full,fidelity,False,True,16,poison,0.1,0,s044,2,12.0,2.33695652173913,0.0,90.0,66,45,38,0,6,7,0.76,16.0,64,16,0,0,3,4256,266,16,1,16,94.8125,0,
mm_poison,mm,full,fidelity,False,True,16,poison,0.1,0,s044,3,6.250000000000003,1.25,0.0,56.99999999999999,66,53,46,0,6,7,0.92,14.25187969924812,66,13,0,0,0,3791,266,16,1,1,35.6875,3,
mm_poison,mm,full,fidelity,False,True,16,poison,0.1,0,s044,4,7.749999999999998,4.67391304347826,0.0,39.0,66,52,43,0,6,9,0.86,13.981203007518795,60,8,0,0,0,3719,266,16,1,1,49.75,3,
mm_poison,mm,full,fidelity,False,True,16,poison,0.1,0,s044,5,13.750000000000002,4.67391304347826,2.0,53.5,66,50,42,2,6,6,0.84,14.864661654135338,63,13,0,0,0,3954,266,16,1,1,47.75,4,
mm_poison,mm,full,fidelity,False,True,16,poison,0.1,0,s044,6,9.499999999999998,4.67391304347826,2.0,52.0,66,47,46,1,6,0,0.92,14.593984962406015,53,6,0,0,0,3882,266,16,1,1,72.8125,1,
mm_poison,mm,full,fidelity,False,True,16,poison,0.1,0,s044,7,12.25,8.097826086956525,2.0,48.5,66,46,44,2,6,0,0.88,14.296992481203008,54,8,0,0,0,3803,266,16,1,1,55.8125,2,
mm_poison,mm,full,fidelity,False,True,16,poison,0.1,0,s044,8,13.750000000000002,8.097826086956525,2.0,44.5,66,43,42,0,6,1,0.84,15.281954887218046,56,13,0,0,0,4065,266,16,1,1,83.375,1,42.0
mm_poison,mm,full,fidelity,False,True,16,poison,0.1,1,s044,2,13.5,2.5,0.0,87.0,66,45,36,0,6,9,0.72,16.0,66,21,0,0,0,4256,266,16,1,16,95.25,0,
mm_poison,mm,full,fidelity,False,True,16,poison,0.1,1,s044,3,5.250000000000003,0.0,0.0,56.00000000000001,66,50,48,0,6,2,0.96,14.612781954887218,62,12,0,0,0,3887,266,16,1,1,33.1875,2,
mm_poison,mm,full,fidelity,False,True,16,poison,0.1,1,s044,4,7.749999999999998,2.5,0.0,39.5,66,44,44,0,6,0,0.88,14.729323308270676,56,10,0,0,2,3918,266,16,1,1,81.25,1,
mm_poison,mm,full,fidelity,False,True,16,poison,0.1,1,s044,5,9.249999999999996,2.5,2.0,42.0,66,46,46,0,6,0,0.92,15.703007518796992,53,7,0,0,0,4177,266,16,1,1,58.6875,0,
mm_poison,mm,full,fidelity,False,True,16,poison,0.1,1,s044,6,8.249999999999998,2.33695652173913,0.0,45.0,66,48,47,1,6,0,0.94,15.522556390977444,58,10,0,0,0,4129,266,16,1,1,74.1875,1,
mm_poison,mm,full,fidelity,False,True,16,poison,0.1,1,s044,7,13.750000000000002,10.434782608695654,2.0,37.5,66,46,45,1,6,0,0.9,14.236842105263158,54,8,0,0,0,3787,266,16,1,1,62.6875,2,
mm_poison,mm,full,fidelity,False,True,16,poison,0.1,1,s044,8,13.5,7.01086956521739,2.0,36.0,66,44,43,1,6,0,0.86,15.80451127819549,54,10,0,0,0,4204,266,16,1,1,86.6875,2,36.0
mm_poison,mm,full,fidelity,False,True,16,poison,0.1,2,s044,2,12.25,2.5,0.0,96.5,66,37,31,0,6,6,0.62,16.0,65,27,0,0,1,4256,266,16,1,16,95.25,0,
mm_poison,mm,full,fidelity,False,True,16,poison,0.1,2,s044,3,7.999999999999999,1.25,0.0,78.0,66,44,43,0,6,1,0.86,14.827067669172932,64,20,0,0,0,3944,266,16,1,3,40.9375,1,
mm_poison,mm,full,fidelity,False,True,16,poison,0.1,2,s044,4,10.249999999999998,3.75,0.0,35.0,66,41,40,1,6,0,0.8,13.778195488721805,63,22,0,0,0,3665,266,16,1,1,74.875,2,
mm_poison,mm,full,fidelity,False,True,16,poison,0.1,2,s044,5,10.0,4.67391304347826,2.0,39.5,66,45,42,2,6,1,0.84,15.62406015037594,62,17,0,0,0,4156,266,16,1,1,47.25,0,
mm_poison,mm,full,fidelity,False,True,16,poison,0.1,2,s044,6,7.749999999999998,8.097826086956525,0.0,44.0,66,48,46,2,6,0,0.92,13.984962406015038,52,4,0,0,0,3720,266,16,1,1,75.125,1,
mm_poison,mm,full,fidelity,False,True,16,poison,0.1,2,s044,7,12.0,8.097826086956525,2.0,43.0,66,43,43,0,6,0,0.86,13.857142857142858,53,10,0,0,0,3686,266,16,1,1,60.8125,1,
mm_poison,mm,full,fidelity,False,True,16,poison,0.1,2,s044,8,14.750000000000002,3.75,2.0,44.0,66,43,43,0,6,0,0.86,14.233082706766917,50,7,0,0,0,3786,266,16,1,1,73.125,0,22.0
window_poison,window,none,fidelity,False,True,16,poison,0.1,0,s046,2,24.5,11.684782608695654,2.0,76.0,66,60,49,3,6,8,0.98,12.680451127819548,0,0,0,0,0,3373,266,16,0,0,8.75,3,
window_poison,window,none,fidelity,False,True,16,poison,0.1,0,s046,3,31.499999999999996,22.1195652173913,2.0,83.0,66,64,49,5,6,10,0.98,10.37593984962406,0,0,0,0,0,2760,266,16,0,0,7.5,2,
window_poison,window,none,fidelity,False,True,16,poison,0.1,0,s046,4,26.5,17.445652173913043,0.0,92.0,66,66,50,6,6,10,1.0,10.285714285714286,0,0,0,0,0,2736,266,16,0,0,7.5,2,
window_poison,window,none,fidelity,False,True,16,poison,0.1,0,s046,5,23.25,12.771739130434783,2.0,91.0,66,64,49,5,6,10,0.98,9.69548872180451,0,0,0,0,0,2579,266,16,0,0,7.5625,5,
window_poison,window,none,fidelity,False,True,16,poison,0.1,0,s046,6,23.5,19.78260869565217,0.0,89.0,66,66,50,6,6,10,1.0,8.943609022556391,0,0,0,0,0,2379,266,16,0,0,7.5,4,
window_poison,window,none,fidelity,False,True,16,poison,0.1,0,s046,7,18.000000000000004,12.771739130434783,0.0,90.5,66,65,50,5,6,10,1.0,8.819548872180452,0,0,0,0,0,2346,266,16,0,0,7.5,1,
window_poison,window,none,fidelity,False,True,16,poison,0.1,0,s046,8,25.75,18.695652173913043,2.0,88.5,66,64,49,5,6,10,0.98,9.180451127819548,0,0,0,0,0,2442,266,16,0,0,7.5,5,100.0
window_poison,window,none,fidelity,False,True,16,poison,0.1,1,s046,2,19.5,15.108695652173914,2.0,91.5,66,64,49,6,6,9,0.98,13.19548872180451,0,0,0,0,0,3510,266,16,0,0,7.875,4,
window_poison,window,none,fidelity,False,True,16,poison,0.1,1,s046,3,19.5,15.108695652173914,0.0,90.0,66,63,50,4,6,9,1.0,9.951127819548873,0,0,0,0,0,2647,266,16,0,0,8.25,2,
window_poison,window,none,fidelity,False,True,16,poison,0.1,1,s046,4,23.0,19.78260869565217,0.0,90.5,66,66,50,6,6,10,1.0,10.041353383458649,0,0,0,0,0,2671,266,16,0,0,7.5,3,
window_poison,window,none,fidelity,False,True,16,poison,0.1,1,s046,5,27.250000000000004,17.445652173913043,0.0,94.0,66,66,50,6,6,10,1.0,9.458646616541351,0,0,0,0,0,2516,266,16,0,0,7.5,3,
window_poison,window,none,fidelity,False,True,16,poison,0.1,1,s046,6,21.0,18.695652173913043,0.0,93.0,66,66,50,6,6,10,1.0,9.428571428571429,0,0,0,0,0,2508,266,16,0,0,7.5,6,
window_poison,window,none,fidelity,False,True,16,poison,0.1,1,s046,7,15.750000000000004,10.434782608695654,0.0,95.0,66,65,50,5,6,10,1.0,8.894736842105264,0,0,0,0,0,2366,266,16,0,0,7.5,2,
window_poison,window,none,fidelity,False,True,16,poison,0.1,1,s046,8,21.5,15.108695652173914,2.0,96.0,66,65,49,6,6,10,0.98,8.936090225563909,0,0,0,0,0,2377,266,16,0,0,7.5,6,100.0
window_poison,window,none,fidelity,False,True,16,poison,0.1,2,s046,2,26.25,17.445652173913043,2.0,90.0,66,63,49,4,6,10,0.98,12.8796992481203,0,0,0,0,0,3426,266,16,0,0,7.75,5,
window_poison,window,none,fidelity,False,True,16,poison,0.1,2,s046,3,23.75,20.869565217391305,2.0,87.0,66,63,49,4,6,10,0.98,10.729323308270676,0,0,0,0,0,2854,266,16,0,0,7.5,6,
window_poison,window,none,fidelity,False,True,16,poison,0.1,2,s046,4,23.75,17.445652173913043,0.0,90.5,66,66,50,6,6,10,1.0,10.763157894736842,0,0,0,0,0,2863,266,16,0,0,7.5,4,
window_poison,window,none,fidelity,False,True,16,poison,0.1,2,s046,5,29.500000000000004,15.108695652173914,0.0,90.0,66,64,50,4,6,10,1.0,9.834586466165414,0,0,0,0,0,2616,266,16,0,0,8.75,1,
window_poison,window,none,fidelity,False,True,16,poison,0.1,2,s046,6,22.0,10.434782608695654,0.0,84.5,66,63,50,3,6,10,1.0,8.605263157894736,0,0,0,0,0,2289,266,16,0,0,7.5,1,
window_poison,window,none,fidelity,False,True,16,poison,0.1,2,s046,7,17.500000000000004,4.67391304347826,0.0,92.5,66,66,50,6,6,10,1.0,9.421052631578949,0,0,0,0,0,2506,266,16,0,0,7.5,3,
window_poison,window,none,fidelity,False,True,16,poison,0.1,2,s046,8,26.0,18.53260869565217,0.0,94.0,66,65,50,6,6,9,1.0,10.406015037593985,0,0,0,0,0,2768,266,16,0,0,8.375,0,90.0
aeqkad_poison,window,full,fidelity,False,True,16,poison,0.1,0,s046,2,21.75,14.021739130434783,2.0,76.0,66,57,48,3,6,6,0.96,12.357142857142858,60,2,51,0,1,3287,266,16,0,0,8.75,3,
aeqkad_poison,window,full,fidelity,False,True,16,poison,0.1,0,s046,3,28.000000000000004,20.869565217391305,2.0,80.0,66,57,46,3,6,8,0.92,9.387218045112782,64,2,52,0,5,2497,266,16,0,0,8.875,2,
aeqkad_poison,window,full,fidelity,False,True,16,poison,0.1,0,s046,4,30.000000000000004,18.53260869565217,0.0,90.5,66,55,42,4,6,9,0.84,9.281954887218046,66,1,57,0,10,2469,266,16,0,0,9.4375,2,
aeqkad_poison,window,full,fidelity,False,True,16,poison,0.1,0,s046,5,26.25,17.445652173913043,2.0,87.0,66,56,46,1,6,9,0.92,9.090225563909774,64,2,55,0,6,2418,266,16,0,0,10.9375,5,
aeqkad_poison,window,full,fidelity,False,True,16,poison,0.1,0,s046,6,22.5,12.934782608695656,4.0,80.5,66,52,45,0,6,7,0.9,7.033834586466165,63,1,52,0,10,1871,266,16,0,0,8.875,1,
aeqkad_poison,window,full,fidelity,False,True,16,poison,0.1,0,s046,7,43.00000000000001,41.90217391304347,12.0,87.0,66,37,25,3,6,9,0.5,7.056390977443609,59,3,41,0,19,1877,266,16,0,0,9.125,0,
aeqkad_poison,window,full,fidelity,False,True,16,poison,0.1,0,s046,8,28.25,17.608695652173914,4.0,79.5,66,39,36,2,6,1,0.72,5.879699248120301,63,1,46,0,23,1564,266,16,0,0,11.125,2,100.0
aeqkad_poison,window,full,fidelity,False,True,16,poison,0.1,1,s046,2,18.500000000000004,9.510869565217387,2.0,93.0,66,60,49,3,6,8,0.98,12.763157894736842,64,2,49,0,2,3395,266,16,0,0,7.9375,3,
aeqkad_poison,window,full,fidelity,False,True,16,poison,0.1,1,s046,3,22.0,12.771739130434783,0.0,89.5,66,59,46,4,6,9,0.92,9.473684210526317,63,3,51,0,1,2520,266,16,0,0,9.3125,2,
aeqkad_poison,window,full,fidelity,False,True,16,poison,0.1,1,s046,4,26.25,23.20652173913043,0.0,88.0,66,54,40,4,6,10,0.8,9.203007518796992,66,3,51,0,9,2448,266,16,0,0,9.6875,4,
aeqkad_poison,window,full,fidelity,False,True,16,poison,0.1,1,s046,5,30.000000000000004,22.1195652173913,0.0,92.5,66,59,45,4,6,10,0.9,8.635338345864662,65,1,51,0,5,2297,266,16,0,0,10.5625,4,
aeqkad_poison,window,full,fidelity,False,True,16,poison,0.1,1,s046,6,23.0,10.434782608695654,0.0,88.0,66,57,46,3,6,8,0.92,7.545112781954887,65,2,53,0,6,2007,266,16,0,0,7.8125,5,
aeqkad_poison,window,full,fidelity,False,True,16,poison,0.1,1,s046,7,22.75,15.108695652173914,0.0,94.5,66,59,45,5,6,9,0.9,8.319548872180452,65,0,53,0,6,2213,266,16,0,0,8.375,2,
aeqkad_poison,window,full,fidelity,False,True,16,poison,0.1,1,s046,8,28.500000000000004,23.20652173913043,4.0,93.0,66,49,37,3,6,9,0.74,6.530075187969925,64,3,49,0,12,1737,266,16,0,0,8.3125,6,100.0
aeqkad_poison,window,full,fidelity,False,True,16,poison,0.1,2,s046,2,24.25,11.684782608695654,2.0,83.5,66,54,47,1,6,6,0.94,11.913533834586469,62,4,52,0,4,3169,266,16,0,0,10.1875,2,
aeqkad_poison,window,full,fidelity,False,True,16,poison,0.1,2,s046,3,23.25,15.108695652173914,0.0,87.0,66,53,46,1,6,6,0.92,9.507518796992482,64,5,55,0,6,2529,266,16,0,0,9.3125,6,
aeqkad_poison,window,full,fidelity,False,True,16,poison,0.1,2,s046,4,26.25,19.78260869565217,0.0,87.0,66,54,40,4,6,10,0.8,9.898496240601505,66,1,61,0,11,2633,266,16,0,0,9.625,4,
aeqkad_poison,window,full,fidelity,False,True,16,poison,0.1,2,s046,5,32.49999999999999,22.1195652173913,0.0,88.5,66,56,43,3,6,10,0.86,8.902255639097744,64,2,58,0,6,2368,266,16,0,0,11.4375,2,
aeqkad_poison,window,full,fidelity,False,True,16,poison,0.1,2,s046,6,17.750000000000004,6.08695652173913,2.0,79.5,66,47,44,2,6,1,0.88,6.906015037593985,62,1,58,0,14,1837,266,16,0,0,8.5,0,
aeqkad_poison,window,full,fidelity,False,True,16,poison,0.1,2,s046,7,55.750000000000014,54.673913043478265,34.0,64.0,66,2,2,0,6,0,0.04,5.19172932330827,47,11,23,0,34,1381,266,16,0,0,65.3125,0,
aeqkad_poison,window,full,fidelity,False,True,16,poison,0.1,2,s046,8,41.25,47.66304347826087,12.0,72.5,66,6,3,3,6,0,0.06,5.917293233082707,58,4,42,0,48,1574,266,16,0,0,84.75,3,94.0
mm_poison,mm,full,fidelity,False,True,16,poison,0.1,0,s046,2,39.5,40.65217391304348,2.0,95.0,66,60,48,3,6,9,0.96,15.973684210526317,64,1,60,0,3,4249,266,16,1,9,50.6875,1,
mm_poison,mm,full,fidelity,False,True,16,poison,0.1,0,s046,3,29.000000000000004,18.53260869565217,0.0,93.0,66,58,47,3,6,8,0.94,13.578947368421051,66,1,61,0,7,3612,266,16,1,1,44.375,2,
mm_poison,mm,full,fidelity,False,True,16,poison,0.1,0,s046,4,32.25,25.543478260869566,0.0,95.5,66,55,42,4,6,9,0.84,13.770676691729324,66,1,62,0,10,3663,266,16,1,1,47.6875,3,
mm_poison,mm,full,fidelity,False,True,16,poison,0.1,0,s046,5,36.75,30.217391304347828,0.0,96.0,66,56,46,1,6,9,0.92,14.954887218045112,66,2,60,0,8,3978,266,16,1,1,62.5,5,
mm_poison,mm,full,fidelity,False,True,16,poison,0.1,0,s046,6,24.25,17.608695652173914,0.0,92.5,66,52,45,0,6,7,0.9,13.026315789473683,65,1,61,0,12,3465,266,16,1,1,49.3125,3,
mm_poison,mm,full,fidelity,False,True,16,poison,0.1,0,s046,7,43.75,42.98913043478261,4.0,92.0,66,37,25,3,6,9,0.5,11.515037593984962,63,4,46,0,22,3063,266,16,1,1,87.625,3,
mm_poison,mm,full,fidelity,False,True,16,poison,0.1,0,s046,8,35.5,31.467391304347824,4.0,91.0,66,39,36,2,6,1,0.72,11.515037593984962,64,0,53,0,25,3063,266,16,1,1,77.0625,3,100.0
mm_poison,mm,full,fidelity,False,True,16,poison,0.1,1,s046,2,32.0,35.97826086956522,0.0,99.0,66,60,48,3,6,9,0.96,15.977443609022556,66,1,59,0,5,4250,266,16,1,11,58.875,1,
mm_poison,mm,full,fidelity,False,True,16,poison,0.1,1,s046,3,22.0,15.108695652173914,0.0,95.5,66,60,47,4,6,9,0.94,14.406015037593985,66,3,58,0,3,3832,266,16,1,1,43.625,6,
mm_poison,mm,full,fidelity,False,True,16,poison,0.1,1,s046,4,25.75,19.78260869565217,0.0,95.5,66,54,40,4,6,10,0.8,14.56766917293233,66,0,63,0,12,3875,266,16,1,1,53.9375,5,
mm_poison,mm,full,fidelity,False,True,16,poison,0.1,1,s046,5,34.0,26.6304347826087,0.0,96.0,66,59,45,4,6,10,0.9,13.161654135338344,66,1,58,0,6,3501,266,16,1,1,64.375,4,
mm_poison,mm,full,fidelity,False,True,16,poison,0.1,1,s046,6,22.25,19.6195652173913,0.0,96.0,66,57,46,3,6,8,0.92,13.142857142857142,66,0,61,0,9,3496,266,16,1,1,45.4375,5,
mm_poison,mm,full,fidelity,False,True,16,poison,0.1,1,s046,7,24.0,19.78260869565217,0.0,97.0,66,59,45,5,6,9,0.9,13.00375939849624,65,0,59,0,6,3459,266,16,1,1,61.75,5,
mm_poison,mm,full,fidelity,False,True,16,poison,0.1,1,s046,8,24.0,20.869565217391305,0.0,97.0,66,49,37,3,6,9,0.74,11.703007518796992,66,2,58,0,15,3113,266,16,1,1,64.4375,5,100.0
mm_poison,mm,full,fidelity,False,True,16,poison,0.1,2,s046,2,40.25,50.92391304347825,0.0,96.5,66,53,45,2,6,6,0.9,16.0,65,4,61,0,8,4256,266,16,1,13,71.0,1,
mm_poison,mm,full,fidelity,False,True,16,poison,0.1,2,s046,3,26.25,19.78260869565217,0.0,93.5,66,48,41,1,6,6,0.82,13.236842105263158,64,3,58,0,13,3521,266,16,1,1,36.375,5,
mm_poison,mm,full,fidelity,False,True,16,poison,0.1,2,s046,4,25.0,18.695652173913043,0.0,94.5,66,54,40,4,6,10,0.8,13.654135338345863,66,1,63,0,11,3632,266,16,1,1,44.0625,8,
mm_poison,mm,full,fidelity,False,True,16,poison,0.1,2,s046,5,33.75,30.380434782608702,0.0,95.0,66,56,43,3,6,10,0.86,14.87218045112782,65,0,62,0,9,3956,266,16,1,1,65.1875,7,
mm_poison,mm,full,fidelity,False,True,16,poison,0.1,2,s046,6,21.5,16.358695652173914,0.0,91.5,66,47,44,2,6,1,0.88,13.11654135338346,65,2,61,0,16,3489,266,16,1,1,60.0,3,
mm_poison,mm,full,fidelity,False,True,16,poison,0.1,2,s046,7,47.5,46.41304347826088,0.0,94.5,66,2,2,0,6,0,0.04,10.714285714285714,65,3,56,0,60,2850,266,16,1,1,116.0625,3,
mm_poison,mm,full,fidelity,False,True,16,poison,0.1,2,s046,8,39.5,37.22826086956522,12.0,82.5,66,6,3,3,6,0,0.06,9.766917293233083,59,1,52,0,52,2598,266,16,1,1,156.25,5,98.0
window_poison,window,none,fidelity,False,True,16,poison,0.1,0,s047,2,18.250000000000004,8.260869565217389,6.0,73.5,66,61,47,4,6,10,0.94,13.236842105263158,0,0,0,0,0,3521,266,16,0,0,7.8125,5,
window_poison,window,none,fidelity,False,True,16,poison,0.1,0,s047,3,27.750000000000004,15.108695652173914,10.0,73.0,66,61,45,6,6,10,0.9,13.477443609022556,0,0,0,0,0,3585,266,16,0,0,9.375,4,
window_poison,window,none,fidelity,False,True,16,poison,0.1,0,s047,4,21.25,10.434782608695654,4.0,68.5,66,62,48,4,6,10,0.96,12.43233082706767,0,0,0,0,0,3307,266,16,0,0,7.5625,1,
window_poison,window,none,fidelity,False,True,16,poison,0.1,0,s047,5,19.5,7.01086956521739,2.0,71.0,66,64,49,5,6,10,0.98,10.819548872180452,0,0,0,0,0,2878,266,16,0,0,7.5,7,
window_poison,window,none,fidelity,False,True,16,poison,0.1,0,s047,6,33.75,22.28260869565217,2.0,75.5,66,62,49,3,6,10,0.98,11.135338345864662,0,0,0,0,0,2962,266,16,0,0,8.125,5,
window_poison,window,none,fidelity,False,True,16,poison,0.1,0,s047,7,34.25,27.8804347826087,10.0,81.5,66,60,45,5,6,10,0.9,12.936090225563907,0,0,0,0,0,3441,266,16,0,0,8.0625,3,
window_poison,window,none,fidelity,False,True,16,poison,0.1,0,s047,8,39.25,39.56521739130434,18.0,81.5,66,51,41,2,6,8,0.82,13.00375939849624,0,0,0,0,0,3459,266,16,0,0,8.5625,1,98.0
window_poison,window,none,fidelity,False,True,16,poison,0.1,1,s047,2,22.75,8.097826086956525,4.0,76.5,66,61,48,4,6,9,0.96,13.462406015037594,0,0,0,0,0,3581,266,16,0,0,8.5625,3,
window_poison,window,none,fidelity,False,True,16,poison,0.1,1,s047,3,26.25,10.434782608695654,6.0,84.0,66,62,47,6,6,9,0.94,13.954887218045112,0,0,0,0,0,3712,266,16,0,0,7.6875,2,
window_poison,window,none,fidelity,False,True,16,poison,0.1,1,s047,4,22.0,11.684782608695654,4.0,79.0,66,62,48,4,6,10,0.96,12.530075187969924,0,0,0,0,0,3333,266,16,0,0,8.5,4,
window_poison,window,none,fidelity,False,True,16,poison,0.1,1,s047,5,18.25,10.434782608695654,2.0,71.5,66,62,49,3,6,10,0.98,10.650375939849624,0,0,0,0,0,2833,266,16,0,0,8.25,3,
window_poison,window,none,fidelity,False,True,16,poison,0.1,1,s047,6,36.5,24.456521739130437,2.0,79.5,66,65,49,6,6,10,0.98,10.274436090225564,0,0,0,0,0,2733,266,16,0,0,7.5,2,
window_poison,window,none,fidelity,False,True,16,poison,0.1,1,s047,7,42.00000000000001,32.55434782608696,8.0,80.5,66,59,46,3,6,10,0.92,12.87593984962406,0,0,0,0,0,3425,266,16,0,0,8.5,6,
window_poison,window,none,fidelity,False,True,16,poison,0.1,1,s047,8,43.99999999999999,42.98913043478261,16.0,81.0,66,55,42,3,6,10,0.84,12.650375939849624,0,0,0,0,0,3365,266,16,0,0,8.125,4,96.0
window_poison,window,none,fidelity,False,True,16,poison,0.1,2,s047,2,22.0,11.521739130434783,4.0,76.5,66,62,48,6,6,8,0.96,13.191729323308271,0,0,0,0,0,3509,266,16,0,0,8.8125,3,
window_poison,window,none,fidelity,False,True,16,poison,0.1,2,s047,3,26.25,15.108695652173914,8.0,75.0,66,61,46,5,6,10,0.92,13.61654135338346,0,0,0,0,0,3622,266,16,0,0,8.875,5,
window_poison,window,none,fidelity,False,True,16,poison,0.1,2,s047,4,20.0,16.195652173913043,4.0,77.0,66,64,48,6,6,10,0.96,12.672932330827068,0,0,0,0,0,3371,266,16,0,0,7.5,7,
window_poison,window,none,fidelity,False,True,16,poison,0.1,2,s047,5,16.500000000000004,13.858695652173914,2.0,74.5,66,62,49,3,6,10,0.98,11.469924812030076,0,0,0,0,0,3051,266,16,0,0,7.6875,3,
window_poison,window,none,fidelity,False,True,16,poison,0.1,2,s047,6,30.000000000000004,24.456521739130437,2.0,75.0,66,64,49,5,6,10,0.98,10.88345864661654,0,0,0,0,0,2895,266,16,0,0,7.5,3,
window_poison,window,none,fidelity,False,True,16,poison,0.1,2,s047,7,37.5,31.467391304347824,10.0,82.5,66,59,45,4,6,10,0.9,12.338345864661656,0,0,0,0,0,3282,266,16,0,0,8.0,4,
window_poison,window,none,fidelity,False,True,16,poison,0.1,2,s047,8,40.25,37.22826086956522,16.0,81.0,66,55,42,4,6,9,0.84,12.203007518796992,0,0,0,0,0,3246,266,16,0,0,8.1875,3,98.0
aeqkad_poison,window,full,fidelity,False,True,16,poison,0.1,0,s047,2,18.000000000000004,4.83695652173913,6.0,69.5,66,45,40,0,6,5,0.8,12.259398496240602,60,14,0,0,1,3261,266,16,0,0,12.9375,4,
aeqkad_poison,window,full,fidelity,False,True,16,poison,0.1,0,s047,3,28.500000000000004,17.445652173913043,10.0,70.0,66,51,37,5,6,9,0.74,12.612781954887218,61,9,0,0,1,3355,266,16,0,0,10.1875,2,
aeqkad_poison,window,full,fidelity,False,True,16,poison,0.1,0,s047,4,20.0,10.434782608695654,4.0,64.5,66,59,46,4,6,9,0.92,11.845864661654137,62,3,0,0,0,3151,266,16,0,0,7.5625,1,
aeqkad_poison,window,full,fidelity,False,True,16,poison,0.1,0,s047,5,20.0,10.597826086956523,4.0,70.5,66,55,42,3,6,10,0.84,9.789473684210526,63,3,0,0,5,2604,266,16,0,0,7.625,6,
aeqkad_poison,window,full,fidelity,False,True,16,poison,0.1,0,s047,6,32.99999999999999,22.1195652173913,2.0,74.5,66,55,44,1,6,10,0.88,10.522556390977444,62,6,0,0,1,2799,266,16,0,0,9.6875,4,
aeqkad_poison,window,full,fidelity,False,True,16,poison,0.1,0,s047,7,39.5,34.891304347826086,8.0,76.0,66,47,35,3,6,9,0.7,11.928571428571429,61,14,0,0,0,3173,266,16,0,0,9.9375,1,
aeqkad_poison,window,full,fidelity,False,True,16,poison,0.1,0,s047,8,43.75,41.90217391304347,20.0,70.5,66,33,27,1,6,5,0.54,10.898496240601505,50,12,0,0,5,2899,266,16,0,0,10.875,1,96.0
aeqkad_poison,window,full,fidelity,False,True,16,poison,0.1,1,s047,2,24.0,11.684782608695654,4.0,74.5,66,46,39,2,6,5,0.78,12.334586466165414,62,11,0,0,5,3281,266,16,0,0,15.3125,4,
aeqkad_poison,window,full,fidelity,False,True,16,poison,0.1,1,s047,3,26.0,19.6195652173913,6.0,77.5,66,50,40,3,6,7,0.8,12.909774436090226,62,8,0,0,4,3434,266,16,0,0,8.5625,2,
aeqkad_poison,window,full,fidelity,False,True,16,poison,0.1,1,s047,4,19.75,4.67391304347826,4.0,72.0,66,53,45,0,6,8,0.9,11.424812030075188,62,7,0,0,2,3039,266,16,0,0,10.1875,2,
aeqkad_poison,window,full,fidelity,False,True,16,poison,0.1,1,s047,5,15.750000000000004,7.01086956521739,2.0,68.0,66,50,40,1,6,9,0.8,9.823308270676693,62,4,0,0,8,2613,266,16,0,0,9.375,2,
aeqkad_poison,window,full,fidelity,False,True,16,poison,0.1,1,s047,6,37.25,30.217391304347828,8.0,66.0,66,42,30,2,6,10,0.6,9.154135338345863,59,9,0,0,8,2435,266,16,0,0,8.9375,3,
aeqkad_poison,window,full,fidelity,False,True,16,poison,0.1,1,s047,7,46.0,41.90217391304347,8.0,80.5,66,48,35,3,6,10,0.7,11.515037593984962,59,10,0,0,1,3063,266,16,0,0,8.9375,6,
aeqkad_poison,window,full,fidelity,False,True,16,poison,0.1,1,s047,8,50.24999999999999,51.08695652173913,22.0,73.0,66,34,23,1,6,10,0.46,10.018796992481205,52,11,0,0,7,2665,266,16,0,0,11.25,4,96.0
aeqkad_poison,window,full,fidelity,False,True,16,poison,0.1,2,s047,2,20.25,5.923913043478259,4.0,71.5,66,49,41,1,6,7,0.82,12.823308270676693,62,12,0,0,1,3411,266,16,0,0,13.9375,3,
aeqkad_poison,window,full,fidelity,False,True,16,poison,0.1,2,s047,3,28.25,17.445652173913043,10.0,74.0,66,51,38,3,6,10,0.76,12.8609022556391,60,8,0,0,1,3421,266,16,0,0,10.6875,4,
aeqkad_poison,window,full,fidelity,False,True,16,poison,0.1,2,s047,4,23.5,9.510869565217387,4.0,75.5,66,59,46,3,6,10,0.92,12.180451127819548,63,3,0,0,1,3240,266,16,0,0,7.5,7,
aeqkad_poison,window,full,fidelity,False,True,16,poison,0.1,2,s047,5,16.250000000000004,15.108695652173914,4.0,66.5,66,53,44,1,6,8,0.88,10.469924812030076,61,7,0,0,1,2785,266,16,0,0,10.1875,1,
aeqkad_poison,window,full,fidelity,False,True,16,poison,0.1,2,s047,6,38.0,25.543478260869566,8.0,67.0,66,43,31,4,6,8,0.62,9.827067669172932,61,11,0,0,7,2614,266,16,0,0,8.4375,3,
aeqkad_poison,window,full,fidelity,False,True,16,poison,0.1,2,s047,7,40.0,37.22826086956522,10.0,78.5,66,47,36,1,6,10,0.72,10.62781954887218,59,11,0,0,1,2827,266,16,0,0,8.5,4,
aeqkad_poison,window,full,fidelity,False,True,16,poison,0.1,2,s047,8,48.25,41.90217391304347,22.0,72.0,66,38,28,2,6,8,0.56,11.18796992481203,53,11,0,0,4,2976,266,16,0,0,9.0625,3,96.0
mm_poison,mm,full,fidelity,False,True,16,poison,0.1,0,s047,2,14.250000000000002,4.67391304347826,2.0,89.5,66,47,40,0,6,7,0.8,16.0,63,10,0,0,6,4256,266,16,1,16,89.8125,0,
mm_poison,mm,full,fidelity,False,True,16,poison,0.1,0,s047,3,21.5,11.684782608695654,2.0,84.5,66,53,41,3,6,9,0.82,15.646616541353383,65,11,0,0,1,4162,266,16,1,1,28.875,5,
mm_poison,mm,full,fidelity,False,True,16,poison,0.1,0,s047,4,22.0,12.771739130434783,4.0,76.5,66,61,48,4,6,9,0.96,15.75563909774436,62,1,0,0,0,4191,266,16,1,1,42.125,4,
mm_poison,mm,full,fidelity,False,True,16,poison,0.1,0,s047,5,20.75,9.347826086956523,2.0,76.5,66,55,42,3,6,10,0.84,15.022556390977444,64,0,0,0,9,3996,266,16,1,1,72.0625,6,
mm_poison,mm,full,fidelity,False,True,16,poison,0.1,0,s047,6,27.750000000000004,23.20652173913043,2.0,81.0,66,57,46,1,6,10,0.92,15.19548872180451,63,5,0,0,1,4042,266,16,1,1,46.9375,4,
mm_poison,mm,full,fidelity,False,True,16,poison,0.1,0,s047,7,45.49999999999999,34.891304347826086,8.0,85.0,66,50,37,4,6,9,0.74,15.954887218045112,62,7,0,0,5,4244,266,16,1,1,68.1875,4,
mm_poison,mm,full,fidelity,False,True,16,poison,0.1,0,s047,8,47.75,48.75,8.0,86.5,66,44,36,2,6,6,0.72,16.0,61,8,0,0,9,4256,266,16,1,1,77.8125,3,100.0
mm_poison,mm,full,fidelity,False,True,16,poison,0.1,1,s047,2,15.250000000000002,3.58695652173913,0.0,92.0,66,51,43,1,6,7,0.86,16.0,66,10,0,0,5,4256,266,16,1,15,85.3125,0,
mm_poison,mm,full,fidelity,False,True,16,poison,0.1,1,s047,3,26.0,10.434782608695654,4.0,89.5,66,52,40,4,6,8,0.8,15.51127819548872,64,11,0,0,1,4126,266,16,1,1,36.625,6,
mm_poison,mm,full,fidelity,False,True,16,poison,0.1,1,s047,4,27.750000000000004,17.445652173913043,4.0,86.0,66,56,46,1,6,9,0.92,16.0,63,3,0,0,4,4256,266,16,1,1,56.0,7,
mm_poison,mm,full,fidelity,False,True,16,poison,0.1,1,s047,5,24.75,12.771739130434783,2.0,81.5,66,51,40,2,6,9,0.8,14.48872180451128,62,1,0,0,10,3854,266,16,1,1,67.4375,4,
mm_poison,mm,full,fidelity,False,True,16,poison,0.1,1,s047,6,26.25,16.195652173913043,2.0,78.0,66,45,33,2,6,10,0.66,13.857142857142858,64,3,0,0,16,3686,266,16,1,1,48.5,4,
mm_poison,mm,full,fidelity,False,True,16,poison,0.1,1,s047,7,42.99999999999999,42.98913043478261,6.0,87.0,66,48,35,3,6,10,0.7,15.669172932330827,62,9,0,0,5,4168,266,16,1,1,68.8125,2,
mm_poison,mm,full,fidelity,False,True,16,poison,0.1,1,s047,8,44.25,47.66304347826087,8.0,87.5,66,41,30,1,6,10,0.6,15.898496240601505,60,7,0,0,12,4229,266,16,1,1,84.0625,2,96.0
mm_poison,mm,full,fidelity,False,True,16,poison,0.1,2,s047,2,14.250000000000002,4.67391304347826,0.0,85.0,66,49,42,0,6,7,0.84,16.0,66,14,0,0,3,4256,266,16,1,16,92.5,0,
mm_poison,mm,full,fidelity,False,True,16,poison,0.1,2,s047,3,30.75,17.445652173913043,4.0,84.0,66,53,39,4,6,10,0.78,15.56766917293233,64,10,0,0,1,4141,266,16,1,1,34.0625,5,
mm_poison,mm,full,fidelity,False,True,16,poison,0.1,2,s047,4,28.25,15.597826086956523,4.0,81.5,66,61,47,4,6,10,0.94,15.81203007518797,63,1,0,0,1,4206,266,16,1,1,57.5625,4,
mm_poison,mm,full,fidelity,False,True,16,poison,0.1,2,s047,5,21.5,11.684782608695654,2.0,80.5,66,54,45,1,6,8,0.9,15.071428571428571,62,3,0,0,5,4009,266,16,1,1,48.5625,6,
mm_poison,mm,full,fidelity,False,True,16,poison,0.1,2,s047,6,30.25,18.53260869565217,0.0,80.5,66,49,35,4,6,10,0.7,14.74812030075188,66,4,0,0,13,3923,266,16,1,1,66.5,6,
mm_poison,mm,full,fidelity,False,True,16,poison,0.1,2,s047,7,39.25,32.71739130434783,8.0,84.5,66,48,37,1,6,10,0.74,15.206766917293232,60,8,0,0,4,4045,266,16,1,1,69.375,3,
mm_poison,mm,full,fidelity,False,True,16,poison,0.1,2,s047,8,44.25,40.65217391304348,8.0,81.5,66,46,35,3,6,8,0.7,15.522556390977444,60,8,0,0,6,4129,266,16,1,1,66.625,3,98.0
window_poison,window,none,fidelity,False,True,16,poison,0.1,0,s048,2,12.0,8.097826086956525,0.0,58.5,66,64,50,5,6,9,1.0,12.857142857142858,0,0,0,0,0,3420,266,16,0,0,8.5,3,
window_poison,window,none,fidelity,False,True,16,poison,0.1,0,s048,3,17.750000000000004,16.358695652173914,0.0,71.0,66,64,50,4,6,10,1.0,11.781954887218046,0,0,0,0,0,3134,266,16,0,0,7.5,3,
window_poison,window,none,fidelity,False,True,16,poison,0.1,0,s048,4,20.0,12.771739130434783,4.0,68.0,66,62,48,5,6,9,0.96,12.849624060150376,0,0,0,0,0,3418,266,16,0,0,10.625,4,
window_poison,window,none,fidelity,False,True,16,poison,0.1,0,s048,5,16.500000000000004,7.01086956521739,4.0,59.5,66,61,48,3,6,10,0.96,11.323308270676693,0,0,0,0,0,3012,266,16,0,0,8.375,3,
window_poison,window,none,fidelity,False,True,16,poison,0.1,0,s048,6,13.750000000000002,1.25,0.0,66.0,66,62,50,3,6,9,1.0,10.706766917293232,0,0,0,0,0,2848,266,16,0,0,9.1875,3,
window_poison,window,none,fidelity,False,True,16,poison,0.1,0,s048,7,17.250000000000004,9.347826086956523,4.0,74.0,66,63,48,6,6,9,0.96,12.781954887218046,0,0,0,0,0,3400,266,16,0,0,7.5,2,
window_poison,window,none,fidelity,False,True,16,poison,0.1,0,s048,8,21.75,10.434782608695654,0.0,62.5,66,63,50,4,6,9,1.0,10.714285714285714,0,0,0,0,0,2850,266,16,0,0,8.25,4,94.0
window_poison,window,none,fidelity,False,True,16,poison,0.1,1,s048,2,13.5,3.423913043478259,0.0,68.5,66,64,50,5,6,9,1.0,12.781954887218046,0,0,0,0,0,3400,266,16,0,0,7.5,5,
window_poison,window,none,fidelity,False,True,16,poison,0.1,1,s048,3,18.000000000000004,11.684782608695654,0.0,73.0,66,65,50,5,6,10,1.0,12.180451127819548,0,0,0,0,0,3240,266,16,0,0,8.3125,1,
window_poison,window,none,fidelity,False,True,16,poison,0.1,1,s048,4,19.25,12.771739130434783,4.0,78.5,66,61,48,4,6,9,0.96,13.06015037593985,0,0,0,0,0,3474,266,16,0,0,8.5625,5,
window_poison,window,none,fidelity,False,True,16,poison,0.1,1,s048,5,18.000000000000004,4.83695652173913,6.0,76.0,66,56,47,3,6,6,0.94,11.56766917293233,0,0,0,0,0,3077,266,16,0,0,10.125,3,
window_poison,window,none,fidelity,False,True,16,poison,0.1,1,s048,6,14.000000000000002,2.5,0.0,71.5,66,58,50,1,6,7,1.0,11.50375939849624,0,0,0,0,0,3060,266,16,0,0,11.5,0,
window_poison,window,none,fidelity,False,True,16,poison,0.1,1,s048,7,14.000000000000002,3.58695652173913,4.0,73.5,66,59,48,6,6,5,0.96,11.992481203007518,0,0,0,0,0,3190,266,16,0,0,7.5,2,
window_poison,window,none,fidelity,False,True,16,poison,0.1,1,s048,8,12.25,6.847826086956524,0.0,72.0,66,64,50,5,6,9,1.0,11.154135338345863,0,0,0,0,0,2967,266,16,0,0,7.5,5,94.0
window_poison,window,none,fidelity,False,True,16,poison,0.1,2,s048,2,14.000000000000002,5.760869565217389,0.0,65.0,66,62,50,3,6,9,1.0,12.99624060150376,0,0,0,0,0,3457,266,16,0,0,8.25,2,
window_poison,window,none,fidelity,False,True,16,poison,0.1,2,s048,3,15.000000000000002,8.097826086956525,2.0,68.0,66,62,49,3,6,10,0.98,11.473684210526317,0,0,0,0,0,3052,266,16,0,0,7.5,2,
window_poison,window,none,fidelity,False,True,16,poison,0.1,2,s048,4,21.75,12.771739130434783,4.0,78.0,66,61,48,4,6,9,0.96,12.969924812030076,0,0,0,0,0,3450,266,16,0,0,9.125,3,
window_poison,window,none,fidelity,False,True,16,poison,0.1,2,s048,5,16.500000000000004,7.01086956521739,4.0,71.5,66,63,48,5,6,10,0.96,11.571428571428571,0,0,0,0,0,3078,266,16,0,0,7.5,2,
window_poison,window,none,fidelity,False,True,16,poison,0.1,2,s048,6,15.500000000000004,7.01086956521739,0.0,71.5,66,65,50,6,6,9,1.0,11.778195488721805,0,0,0,0,0,3133,266,16,0,0,7.5,5,
window_poison,window,none,fidelity,False,True,16,poison,0.1,2,s048,7,19.5,5.760869565217389,0.0,76.5,66,62,50,3,6,9,1.0,11.8796992481203,0,0,0,0,0,3160,266,16,0,0,7.625,3,
window_poison,window,none,fidelity,False,True,16,poison,0.1,2,s048,8,19.75,8.097826086956525,2.0,71.5,66,65,49,6,6,10,0.98,11.736842105263158,0,0,0,0,0,3122,266,16,0,0,7.5,2,96.0
aeqkad_poison,window,full,fidelity,False,True,16,poison,0.1,0,s048,2,11.75,4.67391304347826,0.0,57.49999999999999,66,56,48,2,6,6,0.96,11.74436090225564,64,7,0,0,1,3124,266,16,0,0,9.1875,2,
aeqkad_poison,window,full,fidelity,False,True,16,poison,0.1,0,s048,3,19.75,15.108695652173914,0.0,68.0,66,58,45,3,6,10,0.9,11.06015037593985,64,6,0,0,0,2942,266,16,0,0,7.5,3,
aeqkad_poison,window,full,fidelity,False,True,16,poison,0.1,0,s048,4,17.750000000000004,11.684782608695654,4.0,62.5,66,53,43,2,6,8,0.86,11.864661654135338,62,8,0,0,1,3156,266,16,0,0,10.9375,4,
aeqkad_poison,window,full,fidelity,False,True,16,poison,0.1,0,s048,5,16.000000000000004,7.01086956521739,4.0,57.49999999999999,66,56,44,2,6,10,0.88,10.477443609022556,61,5,0,0,0,2787,266,16,0,0,9.5,3,
aeqkad_poison,window,full,fidelity,False,True,16,poison,0.1,0,s048,6,14.500000000000002,1.25,0.0,65.0,66,60,49,2,6,9,0.98,10.203007518796992,62,2,0,0,0,2714,266,16,0,0,9.1875,3,
aeqkad_poison,window,full,fidelity,False,True,16,poison,0.1,0,s048,7,16.250000000000004,9.347826086956523,4.0,70.5,66,54,46,3,6,5,0.92,11.669172932330827,62,8,0,0,0,3104,266,16,0,0,8.125,2,
aeqkad_poison,window,full,fidelity,False,True,16,poison,0.1,0,s048,8,19.75,10.434782608695654,0.0,60.5,66,59,48,2,6,9,0.96,10.50375939849624,63,4,0,0,0,2794,266,16,0,0,9.3125,3,92.0
aeqkad_poison,window,full,fidelity,False,True,16,poison,0.1,1,s048,2,10.0,5.760869565217389,0.0,64.5,66,58,48,4,6,6,0.96,11.969924812030076,64,6,0,0,0,3184,266,16,0,0,7.875,4,
aeqkad_poison,window,full,fidelity,False,True,16,poison,0.1,1,s048,3,18.250000000000004,10.434782608695654,0.0,67.5,66,57,45,2,6,10,0.9,11.270676691729324,65,8,0,0,0,2998,266,16,0,0,8.3125,1,
aeqkad_poison,window,full,fidelity,False,True,16,poison,0.1,1,s048,4,21.0,10.434782608695654,4.0,65.0,66,43,42,1,6,0,0.84,11.078947368421051,56,13,0,0,0,2947,266,16,0,0,13.3125,0,
aeqkad_poison,window,full,fidelity,False,True,16,poison,0.1,1,s048,5,18.000000000000004,5.760869565217389,6.0,56.00000000000001,66,44,43,1,6,0,0.86,9.661654135338344,52,8,0,0,0,2570,266,16,0,0,13.75,1,
aeqkad_poison,window,full,fidelity,False,True,16,poison,0.1,1,s048,6,13.5,9.184782608695654,0.0,60.5,66,49,49,0,6,0,0.98,10.150375939849624,53,4,0,0,0,2700,266,16,0,0,11.5,0,
aeqkad_poison,window,full,fidelity,False,True,16,poison,0.1,1,s048,7,14.250000000000002,2.33695652173913,4.0,66.0,66,48,46,2,6,0,0.92,11.056390977443607,53,5,0,0,0,2941,266,16,0,0,8.3125,1,
aeqkad_poison,window,full,fidelity,False,True,16,poison,0.1,1,s048,8,12.0,3.58695652173913,0.0,62.5,66,48,47,1,6,0,0.94,9.105263157894736,54,5,0,0,1,2422,266,16,0,0,11.8125,0,8.0
aeqkad_poison,window,full,fidelity,False,True,16,poison,0.1,2,s048,2,12.0,4.67391304347826,0.0,64.5,66,57,50,1,6,6,1.0,12.601503759398495,63,6,0,0,0,3352,266,16,0,0,8.625,1,
aeqkad_poison,window,full,fidelity,False,True,16,poison,0.1,2,s048,3,16.250000000000004,12.771739130434783,0.0,63.0,66,55,45,1,6,9,0.9,10.203007518796992,62,7,0,0,0,2714,266,16,0,0,7.5,2,
aeqkad_poison,window,full,fidelity,False,True,16,poison,0.1,2,s048,4,22.0,15.271739130434783,4.0,76.5,66,57,46,2,6,9,0.92,12.541353383458649,60,3,0,0,0,3336,266,16,0,0,9.5,3,
aeqkad_poison,window,full,fidelity,False,True,16,poison,0.1,2,s048,5,19.5,4.67391304347826,6.0,67.5,66,59,45,5,6,9,0.9,11.142857142857142,62,3,0,0,0,2964,266,16,0,0,8.375,3,
aeqkad_poison,window,full,fidelity,False,True,16,poison,0.1,2,s048,6,12.25,7.01086956521739,0.0,67.0,66,58,49,2,6,7,0.98,10.680451127819548,64,6,0,0,0,2841,266,16,0,0,8.625,4,
aeqkad_poison,window,full,fidelity,False,True,16,poison,0.1,2,s048,7,19.75,5.760869565217389,0.0,74.0,66,58,48,2,6,8,0.96,11.19548872180451,62,4,0,0,0,2978,266,16,0,0,8.25,2,
aeqkad_poison,window,full,fidelity,False,True,16,poison,0.1,2,s048,8,18.000000000000004,11.684782608695654,2.0,68.5,66,62,49,4,6,9,0.98,11.142857142857142,65,3,0,0,0,2964,266,16,0,0,7.5,2,96.0
mm_poison,mm,full,fidelity,False,True,16,poison,0.1,0,s048,2,17.750000000000004,8.097826086956525,0.0,84.0,66,60,48,3,6,9,0.96,16.0,66,5,0,0,1,4256,266,16,1,15,83.0,0,
mm_poison,mm,full,fidelity,False,True,16,poison,0.1,0,s048,3,16.250000000000004,8.260869565217389,0.0,80.0,66,59,48,2,6,9,0.96,14.601503759398495,65,6,0,0,0,3884,266,16,1,1,40.625,7,
mm_poison,mm,full,fidelity,False,True,16,poison,0.1,0,s048,4,26.25,17.445652173913043,2.0,81.5,66,59,46,3,6,10,0.92,15.537593984962406,64,4,0,0,1,4133,266,16,1,1,38.25,6,
mm_poison,mm,full,fidelity,False,True,16,poison,0.1,0,s048,5,22.25,11.684782608695654,4.0,74.0,66,59,47,2,6,10,0.94,15.481203007518795,62,3,0,0,0,4118,266,16,1,1,62.4375,3,
mm_poison,mm,full,fidelity,False,True,16,poison,0.1,0,s048,6,11.75,2.5,0.0,82.5,66,60,49,2,6,9,0.98,14.575187969924812,63,3,0,0,0,3877,266,16,1,1,61.9375,3,
mm_poison,mm,full,fidelity,False,True,16,poison,0.1,0,s048,7,18.500000000000004,3.58695652173913,0.0,76.5,66,58,47,4,6,7,0.94,15.214285714285714,65,6,0,0,1,4047,266,16,1,1,43.6875,7,
mm_poison,mm,full,fidelity,False,True,16,poison,0.1,0,s048,8,19.25,8.097826086956525,0.0,80.5,66,61,49,3,6,9,0.98,15.43233082706767,65,3,0,0,1,4105,266,16,1,1,75.5,4,96.0
mm_poison,mm,full,fidelity,False,True,16,poison,0.1,1,s048,2,15.750000000000004,4.67391304347826,0.0,90.0,66,58,49,2,6,7,0.98,16.0,66,8,0,0,0,4256,266,16,1,14,79.5,1,
mm_poison,mm,full,fidelity,False,True,16,poison,0.1,1,s048,3,18.250000000000004,14.021739130434783,0.0,80.5,66,58,47,1,6,10,0.94,15.481203007518795,65,7,0,0,0,4118,266,16,1,1,44.125,6,
mm_poison,mm,full,fidelity,False,True,16,poison,0.1,1,s048,4,33.75,18.53260869565217,2.0,78.0,66,48,44,3,6,1,0.88,15.977443609022556,64,11,0,0,5,4250,266,16,1,1,62.1875,3,
mm_poison,mm,full,fidelity,False,True,16,poison,0.1,1,s048,5,15.750000000000004,7.17391304347826,2.0,76.0,66,49,47,2,6,0,0.94,15.203007518796992,59,10,0,0,0,4044,266,16,1,1,67.0625,1,
mm_poison,mm,full,fidelity,False,True,16,poison,0.1,1,s048,6,12.0,2.5,0.0,76.5,66,49,49,0,6,0,0.98,14.642857142857142,61,12,0,0,0,3895,266,16,1,1,70.5,1,
mm_poison,mm,full,fidelity,False,True,16,poison,0.1,1,s048,7,14.750000000000002,3.58695652173913,0.0,76.5,66,48,46,2,6,0,0.92,14.030075187969924,57,8,0,0,1,3732,266,16,1,1,67.125,2,
mm_poison,mm,full,fidelity,False,True,16,poison,0.1,1,s048,8,15.750000000000004,7.01086956521739,0.0,78.0,66,50,49,1,6,0,0.98,14.590225563909774,56,4,0,0,2,3881,266,16,1,1,74.375,1,12.0
mm_poison,mm,full,fidelity,False,True,16,poison,0.1,2,s048,2,18.5,4.67391304347826,0.0,88.5,66,56,48,1,6,7,0.96,16.0,65,7,0,0,2,4256,266,16,1,14,77.75,0,
mm_poison,mm,full,fidelity,False,True,16,poison,0.1,2,s048,3,19.25,16.195652173913043,0.0,77.0,66,56,46,1,6,9,0.92,14.349624060150376,64,6,0,0,2,3817,266,16,1,1,39.625,2,
mm_poison,mm,full,fidelity,False,True,16,poison,0.1,2,s048,4,25.5,10.597826086956523,2.0,80.5,66,58,47,2,6,9,0.94,15.285714285714286,64,6,0,0,0,4066,266,16,1,1,40.125,3,
mm_poison,mm,full,fidelity,False,True,16,poison,0.1,2,s048,5,19.5,9.347826086956523,2.0,80.5,66,62,47,5,6,10,0.94,15.522556390977444,65,3,0,0,0,4129,266,16,1,1,57.3125,5,
mm_poison,mm,full,fidelity,False,True,16,poison,0.1,2,s048,6,19.75,9.347826086956523,0.0,84.5,66,60,50,1,6,9,1.0,15.676691729323307,66,5,0,0,1,4170,266,16,1,1,61.4375,9,
mm_poison,mm,full,fidelity,False,True,16,poison,0.1,2,s048,7,24.25,18.695652173913043,0.0,81.5,66,58,48,2,6,8,0.96,15.338345864661656,63,5,0,0,0,4080,266,16,1,1,63.1875,7,
mm_poison,mm,full,fidelity,False,True,16,poison,0.1,2,s048,8,20.25,15.108695652173914,0.0,82.5,66,63,49,4,6,10,0.98,15.582706766917294,66,3,0,0,0,4145,266,16,1,1,57.5625,6,100.0
window_poison,window,none,fidelity,False,True,16,poison,0.1,0,s049,2,20.0,15.108695652173914,6.0,46.0,66,60,47,4,6,9,0.94,12.808270676691729,0,0,0,0,0,3407,266,16,0,0,7.5,2,
window_poison,window,none,fidelity,False,True,16,poison,0.1,0,s049,3,14.000000000000002,4.67391304347826,2.0,64.0,66,60,49,2,6,9,0.98,10.18796992481203,0,0,0,0,0,2710,266,16,0,0,7.75,5,
window_poison,window,none,fidelity,False,True,16,poison,0.1,0,s049,4,23.75,12.771739130434783,12.0,67.5,66,59,44,5,6,10,0.88,11.477443609022556,0,0,0,0,0,3053,266,16,0,0,8.0,0,
window_poison,window,none,fidelity,False,True,16,poison,0.1,0,s049,5,25.75,10.434782608695654,10.0,79.0,66,60,45,5,6,10,0.9,9.462406015037594,0,0,0,0,0,2517,266,16,0,0,8.375,2,
window_poison,window,none,fidelity,False,True,16,poison,0.1,0,s049,6,18.000000000000004,9.347826086956523,6.0,67.5,66,61,47,4,6,10,0.94,10.88345864661654,0,0,0,0,0,2895,266,16,0,0,8.125,4,
window_poison,window,none,fidelity,False,True,16,poison,0.1,0,s049,7,22.0,14.021739130434783,8.0,76.5,66,58,46,2,6,10,0.92,9.263157894736842,0,0,0,0,0,2464,266,16,0,0,8.1875,2,
window_poison,window,none,fidelity,False,True,16,poison,0.1,0,s049,8,17.500000000000004,9.347826086956523,0.0,75.0,66,66,50,6,6,10,1.0,10.785714285714286,0,0,0,0,0,2869,266,16,0,0,7.5,4,96.0
window_poison,window,none,fidelity,False,True,16,poison,0.1,1,s049,2,15.500000000000004,4.67391304347826,4.0,71.5,66,62,48,4,6,10,0.96,12.819548872180452,0,0,0,0,0,3410,266,16,0,0,7.5,5,
window_poison,window,none,fidelity,False,True,16,poison,0.1,1,s049,3,5.999999999999998,1.25,2.0,70.5,66,64,49,6,6,9,0.98,11.530075187969924,0,0,0,0,0,3067,266,16,0,0,7.5,6,
window_poison,window,none,fidelity,False,True,16,poison,0.1,1,s049,4,25.5,11.684782608695654,6.0,82.0,66,63,47,6,6,10,0.94,11.278195488721805,0,0,0,0,0,3000,266,16,0,0,7.9375,2,
window_poison,window,none,fidelity,False,True,16,poison,0.1,1,s049,5,26.0,17.445652173913043,6.0,80.5,66,63,47,6,6,10,0.94,9.669172932330827,0,0,0,0,0,2572,266,16,0,0,8.125,5,
window_poison,window,none,fidelity,False,True,16,poison,0.1,1,s049,6,15.750000000000004,7.01086956521739,6.0,76.0,66,62,47,5,6,10,0.94,10.25187969924812,0,0,0,0,0,2727,266,16,0,0,7.875,5,
window_poison,window,none,fidelity,False,True,16,poison,0.1,1,s049,7,18.5,7.01086956521739,6.0,75.5,66,60,47,3,6,10,0.94,9.454887218045112,0,0,0,0,0,2515,266,16,0,0,8.125,1,
window_poison,window,none,fidelity,False,True,16,poison,0.1,1,s049,8,22.25,7.01086956521739,0.0,86.0,66,65,50,5,6,10,1.0,10.759398496240602,0,0,0,0,0,2862,266,16,0,0,7.5,2,90.0
window_poison,window,none,fidelity,False,True,16,poison,0.1,2,s049,2,16.000000000000004,6.08695652173913,4.0,44.5,66,60,48,4,6,8,0.96,12.462406015037594,0,0,0,0,0,3315,266,16,0,0,8.0625,3,
window_poison,window,none,fidelity,False,True,16,poison,0.1,2,s049,3,14.000000000000002,10.434782608695654,2.0,67.0,66,64,49,5,6,10,0.98,12.18421052631579,0,0,0,0,0,3241,266,16,0,0,7.5,4,
window_poison,window,none,fidelity,False,True,16,poison,0.1,2,s049,4,21.5,5.760869565217389,12.0,60.5,66,54,44,1,6,9,0.88,10.98872180451128,0,0,0,0,0,2923,266,16,0,0,7.9375,2,
window_poison,window,none,fidelity,False,True,16,poison,0.1,2,s049,5,24.25,11.521739130434783,8.0,74.0,66,59,46,4,6,9,0.92,10.086466165413531,0,0,0,0,0,2683,266,16,0,0,9.6875,3,
window_poison,window,none,fidelity,False,True,16,poison,0.1,2,s049,6,13.5,7.01086956521739,6.0,64.0,66,62,47,5,6,10,0.94,10.842105263157896,0,0,0,0,0,2884,266,16,0,0,8.4375,4,
window_poison,window,none,fidelity,False,True,16,poison,0.1,2,s049,7,24.25,20.869565217391305,8.0,72.5,66,61,46,6,6,9,0.92,10.672932330827068,0,0,0,0,0,2839,266,16,0,0,8.1875,3,
window_poison,window,none,fidelity,False,True,16,poison,0.1,2,s049,8,11.249999999999998,0.0,4.0,62.5,66,50,48,2,6,0,0.96,7.966165413533835,0,0,0,0,0,2119,266,16,0,0,9.875,0,6.0
aeqkad_poison,window,full,fidelity,False,True,16,poison,0.1,0,s049,2,12.75,2.33695652173913,6.0,38.5,66,54,46,1,6,7,0.92,11.714285714285714,58,3,1,0,1,3116,266,16,0,0,7.6875,2,
aeqkad_poison,window,full,fidelity,False,True,16,poison,0.1,0,s049,3,10.25,8.260869565217389,4.0,48.5,66,52,44,0,6,8,0.88,9.597744360902256,58,4,3,0,2,2553,266,16,0,0,8.5625,5,
aeqkad_poison,window,full,fidelity,False,True,16,poison,0.1,0,s049,4,24.25,8.260869565217389,14.000000000000002,60.0,66,49,40,0,6,9,0.8,9.894736842105264,57,3,3,0,5,2632,266,16,0,0,8.9375,0,
aeqkad_poison,window,full,fidelity,False,True,16,poison,0.1,0,s049,5,22.25,6.847826086956524,10.0,71.5,66,52,43,1,6,8,0.86,8.180451127819548,61,4,2,0,5,2176,266,16,0,0,8.4375,1,
aeqkad_poison,window,full,fidelity,False,True,16,poison,0.1,0,s049,6,14.000000000000002,5.760869565217389,6.0,63.0,66,53,44,0,6,9,0.88,9.492481203007518,60,2,0,0,5,2525,266,16,0,0,8.3125,3,
aeqkad_poison,window,full,fidelity,False,True,16,poison,0.1,0,s049,7,21.25,8.097826086956525,10.0,68.0,66,52,43,1,6,8,0.86,8.507518796992482,56,2,1,0,2,2263,266,16,0,0,8.5625,1,
aeqkad_poison,window,full,fidelity,False,True,16,poison,0.1,0,s049,8,6.249999999999998,0.0,2.0,49.5,66,45,45,0,6,0,0.9,7.481203007518797,59,10,4,0,4,1990,266,16,0,0,10.75,0,22.0
aeqkad_poison,window,full,fidelity,False,True,16,poison,0.1,1,s049,2,10.0,1.25,6.0,57.99999999999999,66,56,46,1,6,9,0.92,12.052631578947368,60,4,0,0,0,3206,266,16,0,0,7.8125,5,
aeqkad_poison,window,full,fidelity,False,True,16,poison,0.1,1,s049,3,6.499999999999997,3.423913043478259,4.0,61.5,66,50,44,1,6,5,0.88,9.88345864661654,61,7,0,0,4,2629,266,16,0,0,11.375,3,
aeqkad_poison,window,full,fidelity,False,True,16,poison,0.1,1,s049,4,24.0,10.434782608695654,14.000000000000002,66.5,66,50,40,1,6,9,0.8,9.86842105263158,59,5,0,0,4,2625,266,16,0,0,9.9375,2,
aeqkad_poison,window,full,fidelity,False,True,16,poison,0.1,1,s049,5,19.75,4.67391304347826,8.0,71.5,66,53,43,1,6,9,0.86,7.522556390977444,62,5,0,0,4,2001,266,16,0,0,8.125,5,
aeqkad_poison,window,full,fidelity,False,True,16,poison,0.1,1,s049,6,14.250000000000002,2.5,4.0,72.5,66,57,45,3,6,9,0.9,9.61654135338346,63,5,0,0,1,2558,266,16,0,0,8.25,4,
aeqkad_poison,window,full,fidelity,False,True,16,poison,0.1,1,s049,7,19.25,7.01086956521739,8.0,70.0,66,52,42,1,6,9,0.84,7.868421052631579,59,5,0,0,2,2093,266,16,0,0,8.9375,0,
aeqkad_poison,window,full,fidelity,False,True,16,poison,0.1,1,s049,8,6.249999999999998,0.0,0.0,58.5,66,46,45,0,6,1,0.9,7.526315789473684,62,13,0,0,3,2002,266,16,0,0,8.4375,1,90.0
aeqkad_poison,window,full,fidelity,False,True,16,poison,0.1,2,s049,2,14.000000000000002,5.0,6.0,42.5,66,55,46,3,6,6,0.92,11.635338345864662,59,4,13,0,0,3095,266,16,0,0,8.0625,3,
aeqkad_poison,window,full,fidelity,False,True,16,poison,0.1,2,s049,3,14.500000000000002,7.01086956521739,4.0,46.5,66,51,43,0,6,8,0.86,10.191729323308271,60,6,11,0,3,2711,266,16,0,0,8.375,5,
aeqkad_poison,window,full,fidelity,False,True,16,poison,0.1,2,s049,4,17.000000000000004,3.423913043478259,12.0,54.50000000000001,66,51,42,0,6,9,0.84,10.62781954887218,54,2,7,0,1,2827,266,16,0,0,8.875,2,
aeqkad_poison,window,full,fidelity,False,True,16,poison,0.1,2,s049,5,21.0,3.58695652173913,10.0,52.5,66,46,42,0,6,4,0.84,7.398496240601504,55,3,6,0,6,1968,266,16,0,0,9.9375,3,
aeqkad_poison,window,full,fidelity,False,True,16,poison,0.1,2,s049,6,12.000000000000002,5.760869565217389,6.0,55.50000000000001,66,55,46,2,6,7,0.92,10.338345864661656,60,3,3,0,2,2750,266,16,0,0,12.375,0,
aeqkad_poison,window,full,fidelity,False,True,16,poison,0.1,2,s049,7,15.500000000000004,0.0,8.0,48.0,66,42,42,0,6,0,0.84,7.097744360902255,54,6,6,0,6,1888,266,16,0,0,9.1875,0,
aeqkad_poison,window,full,fidelity,False,True,16,poison,0.1,2,s049,8,5.999999999999998,0.0,0.0,56.49999999999999,66,46,46,0,6,0,0.92,7.609022556390977,52,3,4,0,3,2024,266,16,0,0,9.875,0,6.0
mm_poison,mm,full,fidelity,False,True,16,poison,0.1,0,s049,2,14.000000000000002,8.097826086956525,12.0,23.5,66,29,20,0,6,9,0.4,16.0,55,26,1,0,0,4256,266,16,1,16,94.125,0,
mm_poison,mm,full,fidelity,False,True,16,poison,0.1,0,s049,3,24.0,11.684782608695654,24.0,27.500000000000004,66,12,9,0,6,3,0.18,16.0,44,32,0,0,0,4256,266,16,1,16,160.125,0,
mm_poison,mm,full,fidelity,False,True,16,poison,0.1,0,s049,4,30.25,23.3695652173913,40.0,23.5,66,8,6,1,6,1,0.12,16.0,36,28,0,0,0,4256,266,16,1,16,226.125,0,
mm_poison,mm,full,fidelity,False,True,16,poison,0.1,0,s049,5,38.25,34.891304347826086,46.0,36.5,66,12,12,0,6,0,0.24,16.0,31,19,0,0,0,4256,266,16,1,10,178.375,0,
mm_poison,mm,full,fidelity,False,True,16,poison,0.1,0,s049,6,7.749999999999998,0.0,4.0,60.5,66,45,44,0,6,1,0.88,13.69548872180451,59,2,1,0,12,3643,266,16,1,1,58.875,1,
mm_poison,mm,full,fidelity,False,True,16,poison,0.1,0,s049,7,15.000000000000002,7.01086956521739,6.0,64.5,66,42,42,0,6,0,0.84,13.338345864661656,58,2,4,0,14,3548,266,16,1,1,79.125,1,
mm_poison,mm,full,fidelity,False,True,16,poison,0.1,0,s049,8,5.250000000000003,0.0,0.0,67.0,66,46,46,0,6,0,0.92,12.406015037593985,66,10,2,0,10,3300,266,16,1,1,69.3125,0,96.0
mm_poison,mm,full,fidelity,False,True,16,poison,0.1,1,s049,2,15.500000000000004,12.934782608695656,6.0,50.5,66,31,22,0,6,9,0.44,16.0,60,28,0,0,1,4256,266,16,1,16,93.5625,0,
mm_poison,mm,full,fidelity,False,True,16,poison,0.1,1,s049,3,28.25,15.108695652173914,8.0,46.0,66,13,8,0,6,5,0.16,16.0,61,48,0,0,0,4256,266,16,1,16,159.5625,0,
mm_poison,mm,full,fidelity,False,True,16,poison,0.1,1,s049,4,36.0,34.891304347826086,4.0,70.5,66,32,24,1,6,7,0.48,15.597744360902256,63,29,0,0,2,4149,266,16,1,4,62.25,3,
mm_poison,mm,full,fidelity,False,True,16,poison,0.1,1,s049,5,20.0,7.01086956521739,6.0,91.5,66,53,43,1,6,9,0.86,12.56766917293233,63,2,0,0,8,3343,266,16,1,1,54.5,4,
mm_poison,mm,full,fidelity,False,True,16,poison,0.1,1,s049,6,9.75,3.423913043478259,4.0,78.5,66,57,45,3,6,9,0.9,14.191729323308271,63,4,0,0,2,3775,266,16,1,1,71.75,2,
mm_poison,mm,full,fidelity,False,True,16,poison,0.1,1,s049,7,22.75,11.684782608695654,6.0,81.5,66,53,43,1,6,9,0.86,13.49624060150376,60,2,0,0,5,3590,266,16,1,1,61.875,3,
mm_poison,mm,full,fidelity,False,True,16,poison,0.1,1,s049,8,8.5,2.33695652173913,0.0,82.5,66,47,46,0,6,1,0.92,12.390977443609025,64,3,0,0,14,3296,266,16,1,1,74.6875,3,100.0
mm_poison,mm,full,fidelity,False,True,16,poison,0.1,2,s049,2,12.0,7.01086956521739,8.0,31.0,66,41,34,0,6,7,0.68,16.0,58,15,13,0,2,4256,266,16,1,16,92.4375,0,
mm_poison,mm,full,fidelity,False,True,16,poison,0.1,2,s049,3,18.000000000000004,5.760869565217389,4.0,49.5,66,50,41,0,6,9,0.82,15.793233082706768,61,9,14,0,2,4201,266,16,1,1,31.375,5,
mm_poison,mm,full,fidelity,False,True,16,poison,0.1,2,s049,4,15.750000000000004,3.423913043478259,4.0,57.49999999999999,66,54,45,0,6,9,0.9,15.857142857142858,58,3,8,0,1,4218,266,16,1,1,60.125,3,
mm_poison,mm,full,fidelity,False,True,16,poison,0.1,2,s049,5,8.249999999999998,0.0,6.0,66.5,66,46,42,0,6,4,0.84,14.240601503759398,58,2,21,0,10,3788,266,16,1,1,55.25,3,
mm_poison,mm,full,fidelity,False,True,16,poison,0.1,2,s049,6,18.250000000000004,8.260869565217389,4.0,75.0,66,58,46,3,6,9,0.92,14.63157894736842,63,2,18,0,3,3892,266,16,1,1,66.3125,6,
mm_poison,mm,full,fidelity,False,True,16,poison,0.1,2,s049,7,24.25,16.358695652173914,4.0,76.5,66,45,43,1,6,1,0.86,14.18796992481203,63,4,26,0,14,3774,266,16,1,1,58.3125,1,
mm_poison,mm,full,fidelity,False,True,16,poison,0.1,2,s049,8,7.749999999999998,0.0,0.0,71.5,66,46,46,0,6,0,0.92,11.30451127819549,52,1,26,0,5,3007,266,16,1,1,70.1875,0,4.0
window_poison,window,none,fidelity,False,True,16,poison,0.1,0,s050,2,20.0,4.67391304347826,4.0,57.99999999999999,66,61,48,3,6,10,0.96,13.80451127819549,0,0,0,0,0,3672,266,16,0,0,8.0625,4,
window_poison,window,none,fidelity,False,True,16,poison,0.1,0,s050,3,27.0,11.684782608695654,8.0,60.5,66,59,46,4,6,9,0.92,14.270676691729324,0,0,0,0,0,3796,266,16,0,0,8.5,5,
window_poison,window,none,fidelity,False,True,16,poison,0.1,0,s050,4,18.5,7.01086956521739,6.0,50.0,66,61,47,4,6,10,0.94,13.6203007518797,0,0,0,0,0,3623,266,16,0,0,7.875,3,
window_poison,window,none,fidelity,False,True,16,poison,0.1,0,s050,5,23.25,4.67391304347826,8.0,50.0,66,58,46,3,6,9,0.92,13.443609022556393,0,0,0,0,0,3576,266,16,0,0,10.25,1,
window_poison,window,none,fidelity,False,True,16,poison,0.1,0,s050,6,19.25,2.5,2.0,59.5,66,58,49,3,6,6,0.98,12.406015037593985,0,0,0,0,0,3300,266,16,0,0,8.0,3,
window_poison,window,none,fidelity,False,True,16,poison,0.1,0,s050,7,21.5,8.097826086956525,4.0,64.5,66,59,48,4,6,7,0.96,13.323308270676693,0,0,0,0,0,3544,266,16,0,0,9.25,2,
window_poison,window,none,fidelity,False,True,16,poison,0.1,0,s050,8,27.750000000000004,12.771739130434783,14.000000000000002,66.5,66,50,43,2,6,5,0.86,12.214285714285714,0,0,0,0,0,3249,266,16,0,0,9.625,1,30.0
window_poison,window,none,fidelity,False,True,16,poison,0.1,1,s050,2,24.0,12.771739130434783,6.0,54.50000000000001,66,61,47,4,6,10,0.94,13.169172932330827,0,0,0,0,0,3503,266,16,0,0,7.5,3,
window_poison,window,none,fidelity,False,True,16,poison,0.1,1,s050,3,24.25,14.021739130434783,14.000000000000002,57.49999999999999,66,56,43,4,6,9,0.86,13.090225563909774,0,0,0,0,0,3482,266,16,0,0,10.0,6,
window_poison,window,none,fidelity,False,True,16,poison,0.1,1,s050,4,21.5,8.097826086956525,6.0,51.5,66,60,47,3,6,10,0.94,12.342105263157896,0,0,0,0,0,3283,266,16,0,0,7.5,3,
window_poison,window,none,fidelity,False,True,16,poison,0.1,1,s050,5,23.5,3.58695652173913,10.0,49.5,66,59,45,4,6,10,0.9,12.951127819548873,0,0,0,0,0,3445,266,16,0,0,9.25,6,
window_poison,window,none,fidelity,False,True,16,poison,0.1,1,s050,6,18.000000000000004,3.423913043478259,4.0,56.00000000000001,66,61,48,4,6,9,0.96,12.0,0,0,0,0,0,3192,266,16,0,0,7.5,3,
window_poison,window,none,fidelity,False,True,16,poison,0.1,1,s050,7,21.0,9.347826086956523,8.0,56.49999999999999,66,59,46,4,6,9,0.92,12.338345864661656,0,0,0,0,0,3282,266,16,0,0,8.5,4,
window_poison,window,none,fidelity,False,True,16,poison,0.1,1,s050,8,32.5,10.434782608695654,10.0,58.5,66,60,45,5,6,10,0.9,12.785714285714286,0,0,0,0,0,3401,266,16,0,0,7.5,3,88.0
window_poison,window,none,fidelity,False,True,16,poison,0.1,2,s050,2,24.25,12.771739130434783,4.0,60.0,66,60,48,4,6,8,0.96,14.01127819548872,0,0,0,0,0,3727,266,16,0,0,7.5,4,
window_poison,window,none,fidelity,False,True,16,poison,0.1,2,s050,3,23.75,12.771739130434783,8.0,53.0,66,57,46,2,6,9,0.92,13.733082706766917,0,0,0,0,0,3653,266,16,0,0,8.8125,4,
window_poison,window,none,fidelity,False,True,16,poison,0.1,2,s050,4,20.75,5.923913043478259,4.0,51.0,66,59,48,1,6,10,0.96,13.492481203007518,0,0,0,0,0,3589,266,16,0,0,8.0625,1,
window_poison,window,none,fidelity,False,True,16,poison,0.1,2,s050,5,24.5,7.01086956521739,10.0,54.50000000000001,66,57,45,4,6,8,0.9,13.353383458646617,0,0,0,0,0,3552,266,16,0,0,8.8125,1,
window_poison,window,none,fidelity,False,True,16,poison,0.1,2,s050,6,16.250000000000004,2.33695652173913,4.0,59.0,66,54,48,2,6,4,0.96,12.052631578947368,0,0,0,0,0,3206,266,16,0,0,8.125,3,
window_poison,window,none,fidelity,False,True,16,poison,0.1,2,s050,7,14.500000000000002,12.608695652173912,4.0,56.49999999999999,66,60,48,4,6,8,0.96,13.259398496240602,0,0,0,0,0,3527,266,16,0,0,8.5,0,
window_poison,window,none,fidelity,False,True,16,poison,0.1,2,s050,8,30.000000000000004,9.347826086956523,10.0,61.5,66,58,45,3,6,10,0.9,12.680451127819548,0,0,0,0,0,3373,266,16,0,0,8.75,2,57.99999999999999
aeqkad_poison,window,full,fidelity,False,True,16,poison,0.1,0,s050,2,20.25,7.01086956521739,4.0,49.5,66,50,43,1,6,6,0.86,13.12406015037594,58,7,0,0,1,3491,266,16,0,0,10.5,2,
aeqkad_poison,window,full,fidelity,False,True,16,poison,0.1,0,s050,3,24.25,12.771739130434783,8.0,46.0,66,36,31,1,6,4,0.62,11.387218045112782,53,12,0,0,5,3029,266,16,0,0,18.5,4,
aeqkad_poison,window,full,fidelity,False,True,16,poison,0.1,0,s050,4,19.25,4.67391304347826,8.0,46.0,66,50,39,2,6,9,0.78,12.68796992481203,60,9,0,0,1,3375,266,16,0,0,9.8125,2,
aeqkad_poison,window,full,fidelity,False,True,16,poison,0.1,0,s050,5,24.5,7.01086956521739,12.0,43.5,66,45,39,2,6,4,0.78,12.06766917293233,56,11,0,0,0,3210,266,16,0,0,13.0,2,
aeqkad_poison,window,full,fidelity,False,True,16,poison,0.1,0,s050,6,29.75,5.923913043478259,12.0,55.50000000000001,66,40,37,2,6,1,0.74,10.469924812030076,52,11,0,0,1,2785,266,16,0,0,14.875,2,
aeqkad_poison,window,full,fidelity,False,True,16,poison,0.1,0,s050,7,19.25,4.67391304347826,10.0,52.5,66,43,42,1,6,0,0.84,10.8609022556391,53,7,0,0,3,2889,266,16,0,0,10.1875,1,
aeqkad_poison,window,full,fidelity,False,True,16,poison,0.1,0,s050,8,28.500000000000004,11.684782608695654,16.0,61.0,66,40,38,1,6,1,0.76,11.1390977443609,48,6,0,0,2,2963,266,16,0,0,10.9375,0,30.0
aeqkad_poison,window,full,fidelity,False,True,16,poison,0.1,1,s050,2,21.5,8.097826086956525,4.0,46.0,66,50,40,0,6,10,0.8,12.330827067669173,60,10,0,0,0,3280,266,16,0,0,11.125,2,
aeqkad_poison,window,full,fidelity,False,True,16,poison,0.1,1,s050,3,34.5,19.78260869565217,24.0,49.5,66,38,27,2,6,9,0.54,11.19548872180451,51,12,0,0,1,2978,266,16,0,0,14.875,6,
aeqkad_poison,window,full,fidelity,False,True,16,poison,0.1,1,s050,4,22.5,7.01086956521739,10.0,41.5,66,48,39,1,6,8,0.78,10.699248120300751,57,9,0,0,0,2846,266,16,0,0,10.0,1,
aeqkad_poison,window,full,fidelity,False,True,16,poison,0.1,1,s050,5,27.25,7.01086956521739,14.000000000000002,42.0,66,45,37,1,6,7,0.74,10.74812030075188,56,11,0,0,0,2859,266,16,0,0,13.75,3,
aeqkad_poison,window,full,fidelity,False,True,16,poison,0.1,1,s050,6,14.000000000000002,0.0,4.0,49.5,66,52,43,1,6,8,0.86,10.969924812030076,60,8,0,0,0,2918,266,16,0,0,10.625,1,
aeqkad_poison,window,full,fidelity,False,True,16,poison,0.1,1,s050,7,20.5,7.17391304347826,8.0,53.5,66,48,38,1,6,9,0.76,11.0,59,8,0,0,3,2926,266,16,0,0,9.8125,3,
aeqkad_poison,window,full,fidelity,False,True,16,poison,0.1,1,s050,8,27.75,7.01086956521739,16.0,54.0,66,45,37,2,6,6,0.74,11.281954887218046,56,11,0,0,0,3001,266,16,0,0,10.8125,1,86.0
aeqkad_poison,window,full,fidelity,False,True,16,poison,0.1,2,s050,2,20.25,7.01086956521739,4.0,56.99999999999999,66,47,43,0,6,4,0.86,12.56015037593985,60,13,0,0,0,3341,266,16,0,0,10.3125,0,
aeqkad_poison,window,full,fidelity,False,True,16,poison,0.1,2,s050,3,22.75,12.771739130434783,14.000000000000002,46.0,66,44,36,1,6,7,0.72,12.721804511278195,54,9,0,0,1,3384,266,16,0,0,12.6875,2,
aeqkad_poison,window,full,fidelity,False,True,16,poison,0.1,2,s050,4,18.5,8.097826086956525,8.0,50.0,66,47,41,1,6,5,0.82,12.443609022556393,56,8,0,0,1,3310,266,16,0,0,10.4375,0,
aeqkad_poison,window,full,fidelity,False,True,16,poison,0.1,2,s050,5,25.5,8.097826086956525,14.000000000000002,43.5,66,40,37,2,6,1,0.74,10.69548872180451,50,10,0,0,0,2845,266,16,0,0,12.6875,1,
aeqkad_poison,window,full,fidelity,False,True,16,poison,0.1,2,s050,6,26.0,8.097826086956525,20.0,55.50000000000001,66,40,37,2,6,1,0.74,10.296992481203008,44,4,0,0,0,2739,266,16,0,0,15.375,1,
aeqkad_poison,window,full,fidelity,False,True,16,poison,0.1,2,s050,7,15.750000000000004,4.67391304347826,10.0,58.5,66,44,42,1,6,1,0.84,10.646616541353383,54,7,1,0,3,2832,266,16,0,0,9.6875,0,
aeqkad_poison,window,full,fidelity,False,True,16,poison,0.1,2,s050,8,26.0,8.097826086956525,14.000000000000002,53.0,66,39,38,1,6,0,0.76,9.958646616541351,50,10,0,0,1,2649,266,16,0,0,10.9375,0,12.0
mm_poison,mm,full,fidelity,False,True,16,poison,0.1,0,s050,2,19.75,5.923913043478259,2.0,72.0,66,56,44,2,6,10,0.88,16.0,62,6,0,0,0,4256,266,16,1,11,56.5,0,
mm_poison,mm,full,fidelity,False,True,16,poison,0.1,0,s050,3,23.5,9.184782608695654,4.0,62.0,66,42,35,1,6,6,0.7,15.8796992481203,60,11,0,0,7,4224,266,16,1,1,46.25,1,
mm_poison,mm,full,fidelity,False,True,16,poison,0.1,0,s050,4,18.000000000000004,10.434782608695654,2.0,60.0,66,56,44,2,6,10,0.88,15.99624060150376,64,7,0,0,1,4255,266,16,1,1,52.9375,4,
mm_poison,mm,full,fidelity,False,True,16,poison,0.1,0,s050,5,22.25,8.097826086956525,10.0,51.0,66,49,42,2,6,5,0.84,15.19548872180451,59,7,1,0,3,4042,266,16,1,1,56.9375,4,
mm_poison,mm,full,fidelity,False,True,16,poison,0.1,0,s050,6,22.25,9.347826086956523,0.0,61.5,66,49,44,2,6,3,0.88,15.962406015037594,63,13,0,0,1,4246,266,16,1,1,80.0625,4,
mm_poison,mm,full,fidelity,False,True,16,poison,0.1,0,s050,7,25.75,15.108695652173914,4.0,78.0,66,45,42,1,6,2,0.84,15.845864661654137,62,11,0,0,6,4215,266,16,1,1,50.875,3,
mm_poison,mm,full,fidelity,False,True,16,poison,0.1,0,s050,8,25.75,7.01086956521739,8.0,77.5,66,40,38,1,6,1,0.76,15.721804511278195,55,11,0,0,4,4182,266,16,1,1,79.25,2,36.0
mm_poison,mm,full,fidelity,False,True,16,poison,0.1,1,s050,2,24.5,11.521739130434783,2.0,73.5,66,48,38,0,6,10,0.76,16.0,62,14,0,0,0,4256,266,16,1,16,89.9375,0,
mm_poison,mm,full,fidelity,False,True,16,poison,0.1,1,s050,3,22.25,11.684782608695654,4.0,61.0,66,43,31,3,6,9,0.62,15.436090225563907,63,15,0,0,5,4106,266,16,1,1,32.8125,6,
mm_poison,mm,full,fidelity,False,True,16,poison,0.1,1,s050,4,24.0,10.597826086956523,6.0,59.0,66,54,43,1,6,10,0.86,15.853383458646617,60,6,0,0,0,4217,266,16,1,1,64.5,3,
mm_poison,mm,full,fidelity,False,True,16,poison,0.1,1,s050,5,21.75,4.67391304347826,6.0,55.00000000000001,66,53,41,3,6,9,0.82,15.601503759398495,61,7,0,0,1,4150,266,16,1,1,53.6875,5,
mm_poison,mm,full,fidelity,False,True,16,poison,0.1,1,s050,6,15.500000000000004,2.33695652173913,2.0,60.0,66,58,46,3,6,9,0.92,15.845864661654137,64,5,0,0,1,4215,266,16,1,1,67.375,7,
mm_poison,mm,full,fidelity,False,True,16,poison,0.1,1,s050,7,23.75,17.282608695652176,4.0,68.5,66,53,42,2,6,9,0.84,15.454887218045112,61,8,0,0,0,4111,266,16,1,1,61.625,6,
mm_poison,mm,full,fidelity,False,True,16,poison,0.1,1,s050,8,25.0,10.760869565217387,14.000000000000002,70.0,66,48,38,2,6,8,0.76,14.642857142857142,57,7,0,0,2,3895,266,16,1,1,84.0625,5,90.0
mm_poison,mm,full,fidelity,False,True,16,poison,0.1,2,s050,2,25.75,16.358695652173914,2.0,75.5,66,52,44,1,6,7,0.88,16.0,63,10,0,0,1,4256,266,16,1,14,77.6875,0,
mm_poison,mm,full,fidelity,False,True,16,poison,0.1,2,s050,3,26.75,14.021739130434783,6.0,66.5,66,50,39,2,6,9,0.78,15.81203007518797,59,7,0,0,2,4206,266,16,1,1,33.5,4,
mm_poison,mm,full,fidelity,False,True,16,poison,0.1,2,s050,4,19.75,7.01086956521739,0.0,67.0,66,53,44,1,6,8,0.88,16.0,65,10,2,0,2,4256,266,16,1,1,71.4375,4,
mm_poison,mm,full,fidelity,False,True,16,poison,0.1,2,s050,5,19.000000000000004,7.01086956521739,8.0,63.5,66,49,43,2,6,4,0.86,15.973684210526317,59,7,0,0,3,4249,266,16,1,1,53.1875,3,
mm_poison,mm,full,fidelity,False,True,16,poison,0.1,2,s050,6,14.500000000000002,2.33695652173913,2.0,64.0,66,47,46,0,6,1,0.92,15.928571428571429,58,7,1,0,4,4237,266,16,1,1,72.625,2,
mm_poison,mm,full,fidelity,False,True,16,poison,0.1,2,s050,7,24.25,9.347826086956523,2.0,78.5,66,45,43,1,6,1,0.86,15.827067669172932,62,11,0,0,6,4210,266,16,1,1,68.875,1,
mm_poison,mm,full,fidelity,False,True,16,poison,0.1,2,s050,8,22.75,9.347826086956523,8.0,70.0,66,39,38,1,6,0,0.76,14.834586466165414,58,9,1,0,10,3946,266,16,1,1,87.75,2,86.0
window_poison,window,none,fidelity,False,True,16,poison,0.1,0,s051,2,20.75,5.923913043478259,8.0,56.99999999999999,66,60,46,5,6,9,0.92,15.330827067669173,0,0,0,0,0,4078,266,16,0,0,10.0625,1,
window_poison,window,none,fidelity,False,True,16,poison,0.1,0,s051,3,19.5,8.097826086956525,10.0,60.5,66,55,45,4,6,6,0.9,14.545112781954888,0,0,0,0,0,3869,266,16,0,0,8.4375,2,
window_poison,window,none,fidelity,False,True,16,poison,0.1,0,s051,4,16.250000000000004,9.184782608695654,8.0,53.5,66,55,46,2,6,7,0.92,14.075187969924812,0,0,0,0,0,3744,266,16,0,0,9.375,4,
window_poison,window,none,fidelity,False,True,16,poison,0.1,0,s051,5,24.25,19.78260869565217,8.0,69.0,66,57,46,5,6,6,0.92,15.293233082706768,0,0,0,0,0,4068,266,16,0,0,7.75,2,
window_poison,window,none,fidelity,False,True,16,poison,0.1,0,s051,6,19.5,9.347826086956523,8.0,56.49999999999999,66,51,46,4,6,1,0.92,14.097744360902256,0,0,0,0,0,3750,266,16,0,0,10.3125,1,
window_poison,window,none,fidelity,False,True,16,poison,0.1,0,s051,7,24.25,14.945652173913045,0.0,66.0,66,54,50,4,6,0,1.0,14.984962406015038,0,0,0,0,0,3986,266,16,0,0,9.625,1,
window_poison,window,none,fidelity,False,True,16,poison,0.1,0,s051,8,12.0,1.0869565217391297,4.0,52.0,66,57,48,2,6,7,0.96,13.112781954887218,0,0,0,0,0,3488,266,16,0,0,8.375,1,34.0
window_poison,window,none,fidelity,False,True,16,poison,0.1,1,s051,2,18.000000000000004,2.5,8.0,55.00000000000001,66,58,46,2,6,10,0.92,15.007518796992482,0,0,0,0,0,3992,266,16,0,0,10.0,3,
window_poison,window,none,fidelity,False,True,16,poison,0.1,1,s051,3,19.5,8.097826086956525,12.0,54.0,66,55,44,2,6,9,0.88,14.612781954887218,0,0,0,0,0,3887,266,16,0,0,9.5,3,
window_poison,window,none,fidelity,False,True,16,poison,0.1,1,s051,4,17.750000000000004,8.097826086956525,6.0,53.5,66,59,47,2,6,10,0.94,14.458646616541351,0,0,0,0,0,3846,266,16,0,0,7.75,2,
window_poison,window,none,fidelity,False,True,16,poison,0.1,1,s051,5,28.000000000000004,15.108695652173914,12.0,66.0,66,58,44,5,6,9,0.88,15.289473684210526,0,0,0,0,0,4067,266,16,0,0,8.5,5,
window_poison,window,none,fidelity,False,True,16,poison,0.1,1,s051,6,16.500000000000004,11.684782608695654,4.0,55.50000000000001,66,61,48,4,6,9,0.96,14.642857142857142,0,0,0,0,0,3895,266,16,0,0,7.625,4,
window_poison,window,none,fidelity,False,True,16,poison,0.1,1,s051,7,24.0,5.923913043478259,8.0,58.5,66,56,46,2,6,8,0.92,14.8609022556391,0,0,0,0,0,3953,266,16,0,0,9.1875,1,
window_poison,window,none,fidelity,False,True,16,poison,0.1,1,s051,8,19.75,11.684782608695654,8.0,55.50000000000001,66,58,46,5,6,7,0.92,13.075187969924812,0,0,0,0,0,3478,266,16,0,0,7.9375,2,48.0
window_poison,window,none,fidelity,False,True,16,poison,0.1,2,s051,2,23.5,10.597826086956523,8.0,51.0,66,57,46,3,6,8,0.92,15.24436090225564,0,0,0,0,0,4055,266,16,0,0,10.375,3,
window_poison,window,none,fidelity,False,True,16,poison,0.1,2,s051,3,18.250000000000004,3.423913043478259,10.0,52.0,66,58,45,3,6,10,0.9,14.984962406015038,0,0,0,0,0,3986,266,16,0,0,7.5,3,
window_poison,window,none,fidelity,False,True,16,poison,0.1,2,s051,4,20.0,6.847826086956524,8.0,57.49999999999999,66,59,46,5,6,8,0.92,14.541353383458649,0,0,0,0,0,3868,266,16,0,0,8.375,2,
window_poison,window,none,fidelity,False,True,16,poison,0.1,2,s051,5,28.500000000000004,17.445652173913043,10.0,64.0,66,57,45,5,6,7,0.9,15.330827067669173,0,0,0,0,0,4078,266,16,0,0,7.6875,4,
window_poison,window,none,fidelity,False,True,16,poison,0.1,2,s051,6,19.000000000000004,3.75,8.0,50.0,66,53,46,2,6,5,0.92,14.161654135338344,0,0,0,0,0,3767,266,16,0,0,9.5,3,
window_poison,window,none,fidelity,False,True,16,poison,0.1,2,s051,7,29.75,10.434782608695654,8.0,63.0,66,61,46,6,6,9,0.92,15.353383458646617,0,0,0,0,0,4084,266,16,0,0,8.25,5,
window_poison,window,none,fidelity,False,True,16,poison,0.1,2,s051,8,18.750000000000004,9.347826086956523,8.0,46.5,66,55,46,3,6,6,0.92,12.714285714285714,0,0,0,0,0,3382,266,16,0,0,8.9375,4,54.0
aeqkad_poison,window,full,fidelity,False,True,16,poison,0.1,0,s051,2,18.75,7.01086956521739,8.0,53.0,66,49,40,1,6,8,0.8,15.048872180451127,59,10,0,0,0,4003,266,16,0,0,10.375,2,
aeqkad_poison,window,full,fidelity,False,True,16,poison,0.1,0,s051,3,17.750000000000004,9.184782608695654,8.0,49.5,66,45,41,3,6,1,0.82,13.849624060150376,56,11,0,0,0,3684,266,16,0,0,9.1875,1,
aeqkad_poison,window,full,fidelity,False,True,16,poison,0.1,0,s051,4,16.75,7.01086956521739,10.0,36.5,66,39,39,0,6,0,0.78,12.421052631578949,49,10,0,0,0,3304,266,16,0,0,14.25,0,
aeqkad_poison,window,full,fidelity,False,True,16,poison,0.1,0,s051,5,28.750000000000004,24.293478260869566,20.0,56.00000000000001,66,31,30,1,6,0,0.6,13.18421052631579,44,13,0,0,0,3507,266,16,0,0,10.75,1,
aeqkad_poison,window,full,fidelity,False,True,16,poison,0.1,0,s051,6,26.75,9.347826086956523,12.0,49.0,66,39,37,2,6,0,0.74,13.586466165413531,48,9,0,0,0,3614,266,16,0,0,14.9375,0,
aeqkad_poison,window,full,fidelity,False,True,16,poison,0.1,0,s051,7,25.75,14.021739130434783,10.0,58.5,66,38,37,1,6,0,0.74,13.842105263157896,48,10,0,0,0,3682,266,16,0,0,17.25,0,
aeqkad_poison,window,full,fidelity,False,True,16,poison,0.1,0,s051,8,23.75,14.021739130434783,16.0,40.5,66,35,35,0,6,0,0.7,11.12406015037594,47,12,0,0,0,2959,266,16,0,0,10.5625,0,22.0
aeqkad_poison,window,full,fidelity,False,True,16,poison,0.1,1,s051,2,23.5,3.423913043478259,12.0,47.5,66,47,37,2,6,8,0.74,14.887218045112782,56,9,8,0,0,3960,266,16,0,0,12.375,2,
aeqkad_poison,window,full,fidelity,False,True,16,poison,0.1,1,s051,3,22.25,10.434782608695654,12.0,49.0,66,50,41,2,6,7,0.82,14.082706766917294,54,4,10,0,0,3746,266,16,0,0,9.5,3,
aeqkad_poison,window,full,fidelity,False,True,16,poison,0.1,1,s051,4,18.500000000000004,7.01086956521739,10.0,42.5,66,44,38,1,6,5,0.76,13.413533834586469,55,9,9,0,2,3568,266,16,0,0,12.125,0,
aeqkad_poison,window,full,fidelity,False,True,16,poison,0.1,1,s051,5,33.25,18.53260869565217,22.0,56.49999999999999,66,38,31,0,6,7,0.62,13.887218045112782,51,11,12,0,2,3694,266,16,0,0,10.4375,3,
aeqkad_poison,window,full,fidelity,False,True,16,poison,0.1,1,s051,6,22.25,7.17391304347826,8.0,46.5,66,41,38,3,6,0,0.76,13.661654135338344,56,14,5,0,1,3634,266,16,0,0,13.75,0,
aeqkad_poison,window,full,fidelity,False,True,16,poison,0.1,1,s051,7,25.5,12.771739130434783,10.0,53.5,66,37,37,0,6,0,0.74,13.74812030075188,53,14,6,0,2,3657,266,16,0,0,15.5625,0,
aeqkad_poison,window,full,fidelity,False,True,16,poison,0.1,1,s051,8,27.500000000000004,15.108695652173914,22.0,42.5,66,37,36,1,6,0,0.72,11.706766917293232,45,5,8,0,3,3114,266,16,0,0,8.625,0,30.0
aeqkad_poison,window,full,fidelity,False,True,16,poison,0.1,2,s051,2,24.0,12.771739130434783,10.0,48.0,66,43,39,0,6,4,0.78,14.575187969924812,56,12,1,0,1,3877,266,16,0,0,14.25,0,
aeqkad_poison,window,full,fidelity,False,True,16,poison,0.1,2,s051,3,20.75,5.760869565217389,14.000000000000002,48.5,66,52,41,3,6,8,0.82,14.289473684210526,56,4,3,0,0,3801,266,16,0,0,8.125,2,
aeqkad_poison,window,full,fidelity,False,True,16,poison,0.1,2,s051,4,20.25,2.1739130434782594,10.0,40.0,66,40,38,0,6,2,0.76,13.033834586466163,56,14,3,0,2,3467,266,16,0,0,11.875,0,
aeqkad_poison,window,full,fidelity,False,True,16,poison,0.1,2,s051,5,32.0,22.1195652173913,24.0,57.49999999999999,66,33,31,2,6,0,0.62,13.285714285714286,46,12,2,0,1,3534,266,16,0,0,8.875,2,
aeqkad_poison,window,full,fidelity,False,True,16,poison,0.1,2,s051,6,24.5,9.510869565217387,14.000000000000002,48.5,66,37,37,0,6,0,0.74,13.338345864661656,47,8,1,0,2,3548,266,16,0,0,15.5,0,
aeqkad_poison,window,full,fidelity,False,True,16,poison,0.1,2,s051,7,22.0,10.434782608695654,10.0,50.5,66,39,37,2,6,0,0.74,13.733082706766917,52,12,0,0,1,3653,266,16,0,0,15.75,1,
aeqkad_poison,window,full,fidelity,False,True,16,poison,0.1,2,s051,8,23.75,16.195652173913043,16.0,44.5,66,38,37,1,6,0,0.74,11.229323308270676,46,8,1,0,0,2987,266,16,0,0,14.875,0,22.0
mm_poison,mm,full,fidelity,False,True,16,poison,0.1,0,s051,2,23.0,18.858695652173918,2.0,80.0,66,43,33,1,6,9,0.66,16.0,64,21,0,0,0,4256,266,16,1,16,100.0625,0,
mm_poison,mm,full,fidelity,False,True,16,poison,0.1,0,s051,3,22.25,7.01086956521739,6.0,73.5,66,40,36,3,6,1,0.72,15.61654135338346,58,18,0,0,0,4154,266,16,1,1,26.5,1,
mm_poison,mm,full,fidelity,False,True,16,poison,0.1,0,s051,4,19.75,15.108695652173914,6.0,72.0,66,44,43,1,6,0,0.86,16.0,57,13,0,0,0,4256,266,16,1,1,56.5625,1,
mm_poison,mm,full,fidelity,False,True,16,poison,0.1,0,s051,5,30.000000000000004,27.8804347826087,10.0,77.0,66,40,39,1,6,0,0.78,16.0,53,13,1,0,0,4256,266,16,1,1,60.8125,1,
mm_poison,mm,full,fidelity,False,True,16,poison,0.1,0,s051,6,24.0,12.771739130434783,0.0,77.5,66,48,45,3,6,0,0.9,15.977443609022556,57,9,0,0,0,4250,266,16,1,1,73.0,2,
mm_poison,mm,full,fidelity,False,True,16,poison,0.1,0,s051,7,32.25,21.956521739130437,2.0,82.5,66,43,42,1,6,0,0.84,16.0,54,11,0,0,0,4256,266,16,1,1,69.0625,1,
mm_poison,mm,full,fidelity,False,True,16,poison,0.1,0,s051,8,24.0,18.695652173913043,4.0,79.0,66,41,41,0,6,0,0.82,16.0,56,15,0,0,0,4256,266,16,1,1,79.625,1,60.0
mm_poison,mm,full,fidelity,False,True,16,poison,0.1,1,s051,2,24.25,17.445652173913043,2.0,76.0,66,48,36,2,6,10,0.72,16.0,64,15,7,0,1,4256,266,16,1,15,95.0,0,
mm_poison,mm,full,fidelity,False,True,16,poison,0.1,1,s051,3,22.0,10.597826086956523,4.0,66.0,66,54,43,2,6,9,0.86,15.973684210526317,62,8,15,0,0,4249,266,16,1,1,39.25,4,
mm_poison,mm,full,fidelity,False,True,16,poison,0.1,1,s051,4,24.25,18.695652173913043,6.0,73.0,66,50,39,2,6,9,0.78,16.0,63,13,12,0,0,4256,266,16,1,1,58.4375,6,
mm_poison,mm,full,fidelity,False,True,16,poison,0.1,1,s051,5,32.25,27.717391304347828,10.0,75.5,66,47,37,0,6,10,0.74,16.0,59,11,19,0,1,4256,266,16,1,1,54.6875,4,
mm_poison,mm,full,fidelity,False,True,16,poison,0.1,1,s051,6,22.0,5.760869565217389,0.0,77.5,66,50,46,3,6,1,0.92,16.0,65,7,24,0,8,4256,266,16,1,1,82.0,4,
mm_poison,mm,full,fidelity,False,True,16,poison,0.1,1,s051,7,23.25,18.53260869565217,4.0,79.5,66,46,44,2,6,0,0.88,15.99624060150376,61,8,20,0,7,4255,266,16,1,1,46.4375,0,
mm_poison,mm,full,fidelity,False,True,16,poison,0.1,1,s051,8,21.0,12.771739130434783,2.0,78.0,66,48,45,3,6,0,0.9,16.0,60,10,33,0,2,4256,266,16,1,1,93.625,1,78.0
mm_poison,mm,full,fidelity,False,True,16,poison,0.1,2,s051,2,26.0,17.445652173913043,2.0,79.5,66,45,36,1,6,8,0.72,16.0,63,16,1,0,2,4256,266,16,1,15,95.125,0,
mm_poison,mm,full,fidelity,False,True,16,poison,0.1,2,s051,3,23.75,9.347826086956523,6.0,62.0,66,48,39,1,6,8,0.78,15.943609022556393,62,13,4,0,1,4241,266,16,1,1,30.75,2,
mm_poison,mm,full,fidelity,False,True,16,poison,0.1,2,s051,4,24.0,18.53260869565217,4.0,66.5,66,49,41,3,6,5,0.82,16.0,62,13,9,0,0,4256,266,16,1,1,65.3125,4,
mm_poison,mm,full,fidelity,False,True,16,poison,0.1,2,s051,5,30.25,30.05434782608696,6.0,75.0,66,40,37,2,6,1,0.74,16.0,57,16,11,0,1,4256,266,16,1,1,70.3125,3,
mm_poison,mm,full,fidelity,False,True,16,poison,0.1,2,s051,6,24.0,15.271739130434783,0.0,69.0,66,45,44,1,6,0,0.88,16.0,57,12,4,0,0,4256,266,16,1,1,92.125,1,
mm_poison,mm,full,fidelity,False,True,16,poison,0.1,2,s051,7,26.0,20.70652173913043,4.0,67.0,66,47,39,2,6,6,0.78,15.977443609022556,63,16,9,0,0,4250,266,16,1,1,53.625,3,
mm_poison,mm,full,fidelity,False,True,16,poison,0.1,2,s051,8,26.25,17.445652173913043,6.0,72.5,66,43,41,1,6,1,0.82,16.0,57,9,12,0,5,4256,266,16,1,1,99.875,4,66.0
window_poison,window,none,fidelity,False,True,16,poison,0.1,0,s052,2,8.249999999999998,0.0,2.0,32.0,66,60,49,3,6,8,0.98,13.37218045112782,0,0,0,0,0,3557,266,16,0,0,9.1875,2,
window_poison,window,none,fidelity,False,True,16,poison,0.1,0,s052,3,10.249999999999998,0.0,4.0,24.0,66,61,48,3,6,10,0.96,12.150375939849624,0,0,0,0,0,3232,266,16,0,0,7.5625,2,
window_poison,window,none,fidelity,False,True,16,poison,0.1,0,s052,4,4.250000000000002,0.0,2.0,26.0,66,58,49,1,6,8,0.98,10.781954887218046,0,0,0,0,0,2868,266,16,0,0,8.8125,2,
window_poison,window,none,fidelity,False,True,16,poison,0.1,0,s052,5,8.249999999999998,0.0,0.0,26.0,66,61,50,1,6,10,1.0,10.154135338345863,0,0,0,0,0,2701,266,16,0,0,8.25,3,
window_poison,window,none,fidelity,False,True,16,poison,0.1,0,s052,6,12.0,4.67391304347826,6.0,34.0,66,59,47,3,6,9,0.94,11.492481203007518,0,0,0,0,0,3057,266,16,0,0,7.8125,3,
window_poison,window,none,fidelity,False,True,16,poison,0.1,0,s052,7,4.250000000000002,0.0,2.0,43.0,66,61,49,2,6,10,0.98,12.093984962406015,0,0,0,0,0,3217,266,16,0,0,8.3125,2,
window_poison,window,none,fidelity,False,True,16,poison,0.1,0,s052,8,7.249999999999998,0.0,4.0,29.5,66,60,48,2,6,10,0.96,10.526315789473683,0,0,0,0,0,2800,266,16,0,0,7.5,4,100.0
window_poison,window,none,fidelity,False,True,16,poison,0.1,1,s052,2,7.749999999999998,0.0,4.0,30.5,66,60,48,3,6,9,0.96,12.890977443609025,0,0,0,0,0,3429,266,16,0,0,9.5625,4,
window_poison,window,none,fidelity,False,True,16,poison,0.1,1,s052,3,14.500000000000002,0.0,4.0,28.5,66,59,48,1,6,10,0.96,11.586466165413531,0,0,0,0,0,3082,266,16,0,0,8.375,1,
window_poison,window,none,fidelity,False,True,16,poison,0.1,1,s052,4,5.500000000000003,0.0,2.0,23.5,66,58,49,2,6,7,0.98,10.233082706766917,0,0,0,0,0,2722,266,16,0,0,7.9375,2,
window_poison,window,none,fidelity,False,True,16,poison,0.1,1,s052,5,10.249999999999998,0.0,0.0,34.0,66,63,50,3,6,10,1.0,10.635338345864662,0,0,0,0,0,2829,266,16,0,0,7.5,4,
window_poison,window,none,fidelity,False,True,16,poison,0.1,1,s052,6,12.0,4.67391304347826,6.0,39.0,66,60,47,3,6,10,0.94,11.421052631578949,0,0,0,0,0,3038,266,16,0,0,8.1875,3,
window_poison,window,none,fidelity,False,True,16,poison,0.1,1,s052,7,10.749999999999998,0.0,2.0,48.5,66,63,49,4,6,10,0.98,12.214285714285714,0,0,0,0,0,3249,266,16,0,0,8.875,1,
window_poison,window,none,fidelity,False,True,16,poison,0.1,1,s052,8,6.499999999999997,0.0,4.0,29.0,66,59,48,1,6,10,0.96,10.172932330827068,0,0,0,0,0,2706,266,16,0,0,7.5,3,92.0
window_poison,window,none,fidelity,False,True,16,poison,0.1,2,s052,2,6.499999999999997,0.0,2.0,32.5,66,60,49,1,6,10,0.98,13.345864661654137,0,0,0,0,0,3550,266,16,0,0,10.125,3,
window_poison,window,none,fidelity,False,True,16,poison,0.1,2,s052,3,12.25,0.0,2.0,35.0,66,61,49,2,6,10,0.98,12.507518796992482,0,0,0,0,0,3327,266,16,0,0,9.0,2,
window_poison,window,none,fidelity,False,True,16,poison,0.1,2,s052,4,8.999999999999998,0.0,2.0,38.5,66,61,49,2,6,10,0.98,11.048872180451127,0,0,0,0,0,2939,266,16,0,0,7.875,1,
window_poison,window,none,fidelity,False,True,16,poison,0.1,2,s052,5,9.749999999999998,0.0,0.0,32.5,66,63,50,3,6,10,1.0,10.43233082706767,0,0,0,0,0,2775,266,16,0,0,7.5,1,
window_poison,window,none,fidelity,False,True,16,poison,0.1,2,s052,6,9.25,2.33695652173913,6.0,34.5,66,60,47,4,6,9,0.94,11.3609022556391,0,0,0,0,0,3022,266,16,0,0,7.625,5,
window_poison,window,none,fidelity,False,True,16,poison,0.1,2,s052,7,7.999999999999999,0.0,2.0,55.00000000000001,66,63,49,4,6,10,0.98,11.827067669172932,0,0,0,0,0,3146,266,16,0,0,7.5,3,
window_poison,window,none,fidelity,False,True,16,poison,0.1,2,s052,8,11.5,0.0,4.0,40.0,66,58,48,0,6,10,0.96,10.759398496240602,0,0,0,0,0,2862,266,16,0,0,8.0,3,88.0
aeqkad_poison,window,full,fidelity,False,True,16,poison,0.1,0,s052,2,9.499999999999996,0.0,6.0,21.5,66,47,41,0,6,6,0.82,12.575187969924812,56,9,0,0,0,3345,266,16,0,0,12.4375,2,
aeqkad_poison,window,full,fidelity,False,True,16,poison,0.1,0,s052,3,12.25,0.0,10.0,15.0,66,48,40,0,6,8,0.8,10.334586466165414,54,4,0,0,2,2749,266,16,0,0,10.9375,1,
aeqkad_poison,window,full,fidelity,False,True,16,poison,0.1,0,s052,4,3.2500000000000013,0.0,2.0,16.0,66,53,47,0,6,6,0.94,9.823308270676693,60,7,0,0,0,2613,266,16,0,0,10.625,0,
aeqkad_poison,window,full,fidelity,False,True,16,poison,0.1,0,s052,5,6.500000000000003,0.0,2.0,16.0,66,51,45,0,6,6,0.9,8.533834586466165,59,4,0,0,4,2270,266,16,0,0,11.8125,4,
aeqkad_poison,window,full,fidelity,False,True,16,poison,0.1,0,s052,6,11.75,0.0,6.0,15.5,66,44,44,0,6,0,0.88,8.172932330827068,53,6,0,0,3,2174,266,16,0,0,10.125,0,
aeqkad_poison,window,full,fidelity,False,True,16,poison,0.1,0,s052,7,5.500000000000002,0.0,2.0,14.499999999999998,66,48,48,0,6,0,0.96,9.447368421052632,52,4,0,0,0,2513,266,16,0,0,9.0625,0,
aeqkad_poison,window,full,fidelity,False,True,16,poison,0.1,0,s052,8,8.249999999999998,0.0,8.0,8.0,66,46,46,0,6,0,0.92,8.518796992481203,51,5,0,0,0,2266,266,16,0,0,12.75,0,76.0
aeqkad_poison,window,full,fidelity,False,True,16,poison,0.1,1,s052,2,5.249999999999997,0.0,8.0,21.5,66,51,43,0,6,8,0.86,12.157894736842104,55,4,0,0,0,3234,266,16,0,0,13.1875,3,
aeqkad_poison,window,full,fidelity,False,True,16,poison,0.1,1,s052,3,15.500000000000004,0.0,12.0,15.5,66,46,39,0,6,7,0.78,9.864661654135338,54,8,0,0,0,2624,266,16,0,0,10.75,1,
aeqkad_poison,window,full,fidelity,False,True,16,poison,0.1,1,s052,4,5.750000000000003,0.0,2.0,16.5,66,53,46,1,6,6,0.92,9.38345864661654,57,4,0,0,0,2496,266,16,0,0,9.8125,0,
aeqkad_poison,window,full,fidelity,False,True,16,poison,0.1,1,s052,5,5.250000000000003,0.0,2.0,15.5,66,51,46,0,6,5,0.92,8.718045112781954,60,7,0,0,2,2319,266,16,0,0,9.8125,4,
aeqkad_poison,window,full,fidelity,False,True,16,poison,0.1,1,s052,6,13.750000000000002,1.25,4.0,34.5,66,54,44,1,6,9,0.88,10.31203007518797,61,5,0,0,2,2743,266,16,0,0,8.1875,3,
aeqkad_poison,window,full,fidelity,False,True,16,poison,0.1,1,s052,7,5.000000000000003,0.0,4.0,32.5,66,53,47,1,6,5,0.94,11.154135338345863,60,7,0,0,0,2967,266,16,0,0,8.9375,0,
aeqkad_poison,window,full,fidelity,False,True,16,poison,0.1,1,s052,8,7.999999999999999,0.0,6.0,9.0,66,46,46,0,6,0,0.92,8.721804511278195,48,2,0,0,0,2320,266,16,0,0,11.125,0,10.0
aeqkad_poison,window,full,fidelity,False,True,16,poison,0.1,2,s052,2,7.749999999999998,0.0,6.0,29.0,66,48,42,0,6,6,0.84,12.462406015037594,56,7,0,0,1,3315,266,16,0,0,12.3125,3,
aeqkad_poison,window,full,fidelity,False,True,16,poison,0.1,2,s052,3,10.5,0.0,10.0,16.5,66,48,39,0,6,9,0.78,10.477443609022556,56,7,0,0,1,2787,266,16,0,0,11.5625,2,
aeqkad_poison,window,full,fidelity,False,True,16,poison,0.1,2,s052,4,6.250000000000003,0.0,2.0,29.0,66,56,47,0,6,9,0.94,10.447368421052632,61,5,0,0,0,2779,266,16,0,0,9.3125,0,
aeqkad_poison,window,full,fidelity,False,True,16,poison,0.1,2,s052,5,7.749999999999998,0.0,0.0,22.5,66,53,46,0,6,7,0.92,9.06766917293233,62,6,0,0,3,2412,266,16,0,0,9.3125,1,
aeqkad_poison,window,full,fidelity,False,True,16,poison,0.1,2,s052,6,6.250000000000003,0.0,6.0,8.0,66,44,44,0,6,0,0.88,7.781954887218045,55,10,0,0,1,2070,266,16,0,0,11.6875,0,
aeqkad_poison,window,full,fidelity,False,True,16,poison,0.1,2,s052,7,4.250000000000002,0.0,2.0,11.5,66,48,48,0,6,0,0.96,9.43233082706767,55,6,0,0,1,2509,266,16,0,0,9.5,0,
aeqkad_poison,window,full,fidelity,False,True,16,poison,0.1,2,s052,8,5.250000000000003,0.0,6.0,7.5,66,46,46,0,6,0,0.92,8.563909774436091,50,4,0,0,0,2278,266,16,0,0,12.0,0,52.0
mm_poison,mm,full,fidelity,False,True,16,poison,0.1,0,s052,2,8.5,0.0,2.0,62.0,66,50,43,0,6,7,0.86,16.0,64,11,0,0,3,4256,266,16,1,15,93.5,0,
mm_poison,mm,full,fidelity,False,True,16,poison,0.1,0,s052,3,9.499999999999998,0.0,8.0,29.0,66,48,40,0,6,8,0.8,13.864661654135338,59,9,0,0,2,3688,266,16,1,1,39.8125,2,
mm_poison,mm,full,fidelity,False,True,16,poison,0.1,0,s052,4,4.000000000000002,0.0,2.0,38.0,66,55,49,0,6,6,0.98,14.842105263157896,61,3,0,0,3,3948,266,16,1,1,48.0,2,
mm_poison,mm,full,fidelity,False,True,16,poison,0.1,0,s052,5,5.500000000000003,0.0,0.0,43.5,66,53,46,0,6,7,0.92,13.443609022556393,62,4,0,0,5,3576,266,16,1,1,52.25,1,
mm_poison,mm,full,fidelity,False,True,16,poison,0.1,0,s052,6,7.749999999999998,0.0,4.0,29.5,66,44,44,0,6,0,0.88,12.642857142857142,60,13,0,0,3,3363,266,16,1,1,57.125,0,
mm_poison,mm,full,fidelity,False,True,16,poison,0.1,0,s052,7,2.5000000000000018,0.0,2.0,30.0,66,52,48,0,6,4,0.96,13.909774436090226,57,3,0,0,2,3700,266,16,1,1,69.125,2,
mm_poison,mm,full,fidelity,False,True,16,poison,0.1,0,s052,8,4.249999999999998,0.0,4.0,33.5,66,47,46,0,6,1,0.92,15.740601503759398,58,8,0,0,3,4187,266,16,1,1,73.875,2,96.0
mm_poison,mm,full,fidelity,False,True,16,poison,0.1,1,s052,2,4.750000000000003,0.0,0.0,62.5,66,51,42,0,6,9,0.84,16.0,66,14,0,0,1,4256,266,16,1,15,87.8125,0,
mm_poison,mm,full,fidelity,False,True,16,poison,0.1,1,s052,3,11.75,0.0,6.0,39.5,66,50,41,1,6,8,0.82,15.263157894736842,59,9,0,0,0,4060,266,16,1,1,38.1875,4,
mm_poison,mm,full,fidelity,False,True,16,poison,0.1,1,s052,4,3.2500000000000013,0.0,2.0,46.5,66,55,48,1,6,6,0.96,15.63157894736842,62,4,0,0,3,4158,266,16,1,1,63.8125,4,
mm_poison,mm,full,fidelity,False,True,16,poison,0.1,1,s052,5,7.499999999999998,0.0,0.0,39.0,66,55,46,0,6,9,0.92,13.808270676691729,64,6,0,0,3,3673,266,16,1,1,47.9375,4,
mm_poison,mm,full,fidelity,False,True,16,poison,0.1,1,s052,6,12.5,4.67391304347826,4.0,48.0,66,56,45,2,6,9,0.9,14.943609022556393,62,4,0,0,2,3975,266,16,1,1,60.5625,5,
mm_poison,mm,full,fidelity,False,True,16,poison,0.1,1,s052,7,5.750000000000003,0.0,2.0,53.5,66,49,47,1,6,1,0.94,15.545112781954888,63,8,0,0,6,4135,266,16,1,1,79.1875,4,
mm_poison,mm,full,fidelity,False,True,16,poison,0.1,1,s052,8,9.749999999999998,2.33695652173913,2.0,44.0,66,47,46,0,6,1,0.92,15.454887218045112,62,5,0,0,10,4111,266,16,1,1,66.4375,1,52.0
mm_poison,mm,full,fidelity,False,True,16,poison,0.1,2,s052,2,7.999999999999999,0.0,0.0,71.0,66,51,43,0,6,8,0.86,16.0,65,10,0,0,4,4256,266,16,1,14,86.6875,0,
mm_poison,mm,full,fidelity,False,True,16,poison,0.1,2,s052,3,8.499999999999998,0.0,6.0,35.5,66,49,40,0,6,9,0.8,14.703007518796992,59,9,0,0,1,3911,266,16,1,1,46.375,4,
mm_poison,mm,full,fidelity,False,True,16,poison,0.1,2,s052,4,6.500000000000003,0.0,2.0,45.5,66,58,49,0,6,9,0.98,14.578947368421051,62,2,0,0,2,3878,266,16,1,1,57.5625,5,
mm_poison,mm,full,fidelity,False,True,16,poison,0.1,2,s052,5,9.499999999999996,0.0,2.0,37.5,66,53,46,0,6,7,0.92,14.086466165413531,62,4,0,0,5,3747,266,16,1,1,54.5625,4,
mm_poison,mm,full,fidelity,False,True,16,poison,0.1,2,s052,6,7.999999999999999,0.0,6.0,36.5,66,45,45,0,6,0,0.9,13.387218045112782,58,5,0,0,8,3561,266,16,1,1,65.3125,1,
mm_poison,mm,full,fidelity,False,True,16,poison,0.1,2,s052,7,3.0000000000000018,0.0,2.0,35.0,66,48,48,0,6,0,0.96,13.703007518796992,58,7,0,0,3,3645,266,16,1,1,62.1875,0,
mm_poison,mm,full,fidelity,False,True,16,poison,0.1,2,s052,8,8.000000000000004,0.0,2.0,24.0,66,47,47,0,6,0,0.94,14.714285714285714,58,11,0,0,0,3914,266,16,1,1,70.75,0,64.0
window_poison,window,none,fidelity,False,True,16,poison,0.1,0,s053,2,19.5,7.01086956521739,8.0,36.0,66,62,46,6,6,10,0.92,15.75187969924812,0,0,0,0,0,4190,266,16,0,0,8.0,3,
window_poison,window,none,fidelity,False,True,16,poison,0.1,0,s053,3,20.25,0.0,14.000000000000002,24.0,66,54,43,2,6,9,0.86,14.672932330827068,0,0,0,0,0,3903,266,16,0,0,8.625,3,
window_poison,window,none,fidelity,False,True,16,poison,0.1,0,s053,4,12.0,0.0,10.0,18.5,66,53,45,1,6,7,0.9,13.977443609022556,0,0,0,0,0,3718,266,16,0,0,10.875,3,
window_poison,window,none,fidelity,False,True,16,poison,0.1,0,s053,5,11.249999999999998,7.01086956521739,4.0,25.0,66,58,48,1,6,9,0.96,14.789473684210526,0,0,0,0,0,3934,266,16,0,0,8.0625,1,
window_poison,window,none,fidelity,False,True,16,poison,0.1,0,s053,6,16.5,1.25,4.0,33.0,66,57,48,4,6,5,0.96,14.443609022556393,0,0,0,0,0,3842,266,16,0,0,10.0625,0,
window_poison,window,none,fidelity,False,True,16,poison,0.1,0,s053,7,18.500000000000004,10.434782608695654,10.0,32.0,66,55,45,3,6,7,0.9,14.8609022556391,0,0,0,0,0,3953,266,16,0,0,8.125,4,
window_poison,window,none,fidelity,False,True,16,poison,0.1,0,s053,8,19.75,9.184782608695654,8.0,37.5,66,54,46,1,6,7,0.92,14.838345864661656,0,0,0,0,0,3947,266,16,0,0,8.9375,1,64.0
window_poison,window,none,fidelity,False,True,16,poison,0.1,1,s053,2,19.75,4.67391304347826,10.0,36.5,66,54,45,1,6,8,0.9,15.669172932330827,0,0,0,0,0,4168,266,16,0,0,10.0,3,
window_poison,window,none,fidelity,False,True,16,poison,0.1,1,s053,3,16.250000000000004,0.0,10.0,27.0,66,55,45,1,6,9,0.9,14.99624060150376,0,0,0,0,0,3989,266,16,0,0,8.4375,2,
window_poison,window,none,fidelity,False,True,16,poison,0.1,1,s053,4,13.5,4.67391304347826,8.0,24.0,66,56,46,1,6,9,0.92,14.319548872180452,0,0,0,0,0,3809,266,16,0,0,9.8125,3,
window_poison,window,none,fidelity,False,True,16,poison,0.1,1,s053,5,14.000000000000002,3.75,8.0,25.0,66,56,46,3,6,7,0.92,14.578947368421051,0,0,0,0,0,3878,266,16,0,0,7.5,1,
window_poison,window,none,fidelity,False,True,16,poison,0.1,1,s053,6,15.250000000000002,2.33695652173913,6.0,29.0,66,58,47,3,6,8,0.94,14.270676691729324,0,0,0,0,0,3796,266,16,0,0,7.5,2,
window_poison,window,none,fidelity,False,True,16,poison,0.1,1,s053,7,18.250000000000004,5.760869565217389,8.0,36.5,66,58,46,4,6,8,0.92,14.763157894736842,0,0,0,0,0,3927,266,16,0,0,8.4375,2,
window_poison,window,none,fidelity,False,True,16,poison,0.1,1,s053,8,16.250000000000004,8.097826086956525,10.0,34.0,66,52,45,3,6,4,0.9,14.984962406015038,0,0,0,0,0,3986,266,16,0,0,8.6875,1,18.0
window_poison,window,none,fidelity,False,True,16,poison,0.1,2,s053,2,21.0,4.67391304347826,10.0,39.0,66,55,45,2,6,8,0.9,15.62781954887218,0,0,0,0,0,4157,266,16,0,0,8.8125,3,
window_poison,window,none,fidelity,False,True,16,poison,0.1,2,s053,3,18.250000000000004,2.33695652173913,8.0,29.0,66,57,46,3,6,8,0.92,14.646616541353383,0,0,0,0,0,3896,266,16,0,0,7.5,5,
window_poison,window,none,fidelity,False,True,16,poison,0.1,2,s053,4,16.250000000000004,1.25,6.0,29.0,66,57,47,2,6,8,0.94,14.477443609022556,0,0,0,0,0,3851,266,16,0,0,9.125,5,
window_poison,window,none,fidelity,False,True,16,poison,0.1,2,s053,5,15.000000000000002,0.0,8.0,27.0,66,52,46,2,6,4,0.92,14.890977443609025,0,0,0,0,0,3961,266,16,0,0,7.5,4,
window_poison,window,none,fidelity,False,True,16,poison,0.1,2,s053,6,18.000000000000004,3.58695652173913,6.0,32.5,66,58,47,2,6,9,0.94,14.81578947368421,0,0,0,0,0,3941,266,16,0,0,8.4375,2,
window_poison,window,none,fidelity,False,True,16,poison,0.1,2,s053,7,13.5,7.01086956521739,4.0,35.0,66,50,48,2,6,0,0.96,14.492481203007518,0,0,0,0,0,3855,266,16,0,0,8.25,0,
window_poison,window,none,fidelity,False,True,16,poison,0.1,2,s053,8,15.250000000000002,7.01086956521739,8.0,29.0,66,49,46,3,6,0,0.92,14.601503759398495,0,0,0,0,0,3884,266,16,0,0,12.0,0,0.0
aeqkad_poison,window,full,fidelity,False,True,16,poison,0.1,0,s053,2,16.000000000000004,3.423913043478259,8.0,29.0,66,46,38,1,6,7,0.76,15.37593984962406,61,14,23,0,1,4090,266,16,0,0,10.6875,3,
aeqkad_poison,window,full,fidelity,False,True,16,poison,0.1,0,s053,3,16.250000000000004,0.0,14.000000000000002,20.5,66,48,38,1,6,9,0.76,13.917293233082706,54,6,24,0,0,3702,266,16,0,0,9.5625,5,
aeqkad_poison,window,full,fidelity,False,True,16,poison,0.1,0,s053,4,12.25,0.0,8.0,17.5,66,49,41,1,6,7,0.82,14.086466165413531,55,6,25,0,0,3747,266,16,0,0,12.25,3,
aeqkad_poison,window,full,fidelity,False,True,16,poison,0.1,0,s053,5,13.5,2.33695652173913,6.0,23.5,66,52,43,0,6,9,0.86,14.515037593984962,57,5,24,0,0,3861,266,16,0,0,8.375,1,
aeqkad_poison,window,full,fidelity,False,True,16,poison,0.1,0,s053,6,15.750000000000004,2.33695652173913,12.0,23.5,66,40,39,1,6,0,0.78,13.548872180451127,51,11,23,0,0,3604,266,16,0,0,10.625,0,
aeqkad_poison,window,full,fidelity,False,True,16,poison,0.1,0,s053,7,11.5,8.260869565217389,6.0,21.0,66,44,42,2,6,0,0.84,14.334586466165414,55,10,19,0,1,3813,266,16,0,0,11.625,1,
aeqkad_poison,window,full,fidelity,False,True,16,poison,0.1,0,s053,8,17.0,2.33695652173913,12.0,19.5,66,39,39,0,6,0,0.78,13.849624060150376,49,9,21,0,1,3684,266,16,0,0,10.5,0,10.0
aeqkad_poison,window,full,fidelity,False,True,16,poison,0.1,1,s053,2,16.250000000000004,4.67391304347826,8.0,30.5,66,49,41,1,6,7,0.82,15.691729323308271,56,7,32,0,0,4174,266,16,0,0,10.0,3,
aeqkad_poison,window,full,fidelity,False,True,16,poison,0.1,1,s053,3,18.000000000000004,2.33695652173913,12.0,23.0,66,44,38,0,6,6,0.76,14.105263157894736,52,7,33,0,1,3752,266,16,0,0,8.9375,3,
aeqkad_poison,window,full,fidelity,False,True,16,poison,0.1,1,s053,4,14.000000000000002,4.67391304347826,8.0,20.5,66,52,42,1,6,9,0.84,14.142857142857142,56,4,37,0,0,3762,266,16,0,0,9.9375,3,
aeqkad_poison,window,full,fidelity,False,True,16,poison,0.1,1,s053,5,12.0,3.75,8.0,23.5,66,51,44,1,6,6,0.88,14.578947368421051,55,4,31,0,0,3878,266,16,0,0,7.8125,1,
aeqkad_poison,window,full,fidelity,False,True,16,poison,0.1,1,s053,6,11.75,4.67391304347826,8.0,27.500000000000004,66,51,44,1,6,6,0.88,13.924812030075188,55,3,37,0,1,3704,266,16,0,0,8.5,1,
aeqkad_poison,window,full,fidelity,False,True,16,poison,0.1,1,s053,7,16.000000000000004,8.097826086956525,10.0,30.5,66,51,41,2,6,8,0.82,14.240601503759398,56,5,33,0,0,3788,266,16,0,0,9.0625,3,
aeqkad_poison,window,full,fidelity,False,True,16,poison,0.1,1,s053,8,16.000000000000004,5.923913043478259,10.0,34.0,66,47,42,1,6,4,0.84,14.642857142857142,51,3,32,0,1,3895,266,16,0,0,8.6875,1,20.0
aeqkad_poison,window,full,fidelity,False,True,16,poison,0.1,2,s053,2,19.25,5.923913043478259,10.0,35.5,66,49,40,1,6,8,0.8,15.330827067669173,55,6,30,0,0,4078,266,16,0,0,9.5,4,
aeqkad_poison,window,full,fidelity,False,True,16,poison,0.1,2,s053,3,18.500000000000004,1.25,12.0,22.5,66,43,38,1,6,4,0.76,13.81203007518797,53,9,26,0,1,3674,266,16,0,0,12.5,2,
aeqkad_poison,window,full,fidelity,False,True,16,poison,0.1,2,s053,4,11.75,0.0,6.0,19.0,66,43,41,1,6,1,0.82,13.597744360902256,52,8,31,0,1,3617,266,16,0,0,15.1875,0,
aeqkad_poison,window,full,fidelity,False,True,16,poison,0.1,2,s053,5,7.749999999999998,0.0,4.0,18.0,66,47,47,0,6,0,0.94,13.977443609022556,51,4,32,0,0,3718,266,16,0,0,10.1875,0,
aeqkad_poison,window,full,fidelity,False,True,16,poison,0.1,2,s053,6,15.750000000000004,4.67391304347826,10.0,22.5,66,40,40,0,6,0,0.8,13.477443609022556,46,6,30,0,0,3585,266,16,0,0,9.9375,0,
aeqkad_poison,window,full,fidelity,False,True,16,poison,0.1,2,s053,7,14.000000000000002,7.01086956521739,4.0,27.0,66,43,43,0,6,0,0.86,13.93984962406015,50,7,25,0,0,3708,266,16,0,0,8.75,0,
aeqkad_poison,window,full,fidelity,False,True,16,poison,0.1,2,s053,8,13.750000000000002,5.923913043478259,12.0,22.0,66,42,42,0,6,0,0.84,14.522556390977444,47,5,28,0,0,3863,266,16,0,0,12.0,0,0.0
mm_poison,mm,full,fidelity,False,True,16,poison,0.1,0,s053,2,16.250000000000004,7.01086956521739,6.0,53.0,66,55,44,1,6,10,0.88,16.0,63,7,39,0,1,4256,266,16,1,14,79.875,1,
mm_poison,mm,full,fidelity,False,True,16,poison,0.1,0,s053,3,18.000000000000004,0.0,10.0,35.5,66,49,39,1,6,9,0.78,15.796992481203008,57,8,35,0,0,4202,266,16,1,1,35.75,4,
mm_poison,mm,full,fidelity,False,True,16,poison,0.1,0,s053,4,18.500000000000004,10.434782608695654,8.0,40.5,66,52,42,3,6,7,0.84,16.0,58,6,34,0,0,4256,266,16,1,1,58.3125,4,
mm_poison,mm,full,fidelity,False,True,16,poison,0.1,0,s053,5,15.500000000000004,8.097826086956525,4.0,44.0,66,54,46,0,6,8,0.92,15.973684210526317,59,4,43,0,1,4249,266,16,1,1,34.875,4,
mm_poison,mm,full,fidelity,False,True,16,poison,0.1,0,s053,6,13.0,3.423913043478259,6.0,46.5,66,52,43,2,6,7,0.86,16.0,59,7,33,0,0,4256,266,16,1,1,55.3125,2,
mm_poison,mm,full,fidelity,False,True,16,poison,0.1,0,s053,7,14.000000000000002,12.608695652173912,4.0,48.0,66,56,45,2,6,9,0.9,16.0,63,6,36,0,1,4256,266,16,1,1,52.9375,3,
mm_poison,mm,full,fidelity,False,True,16,poison,0.1,0,s053,8,17.500000000000004,8.097826086956525,10.0,42.5,66,45,41,0,6,4,0.82,16.0,56,7,32,0,4,4256,266,16,1,1,83.9375,2,88.0
mm_poison,mm,full,fidelity,False,True,16,poison,0.1,1,s053,2,20.25,4.67391304347826,6.0,49.5,66,49,39,1,6,9,0.78,16.0,61,12,42,0,0,4256,266,16,1,16,93.125,0,
mm_poison,mm,full,fidelity,False,True,16,poison,0.1,1,s053,3,16.250000000000004,1.25,8.0,35.5,66,49,43,0,6,6,0.86,15.921052631578949,55,5,41,0,1,4235,266,16,1,1,31.1875,1,
mm_poison,mm,full,fidelity,False,True,16,poison,0.1,1,s053,4,15.750000000000004,4.67391304347826,6.0,40.0,66,53,43,1,6,9,0.86,16.0,57,4,45,0,0,4256,266,16,1,1,58.3125,1,
mm_poison,mm,full,fidelity,False,True,16,poison,0.1,1,s053,5,15.500000000000004,7.01086956521739,0.0,40.5,66,56,48,2,6,6,0.96,16.0,60,4,47,0,0,4256,266,16,1,1,50.875,3,
mm_poison,mm,full,fidelity,False,True,16,poison,0.1,1,s053,6,18.250000000000004,14.021739130434783,4.0,48.5,66,55,46,1,6,8,0.92,16.0,60,5,49,0,0,4256,266,16,1,1,58.0,4,
mm_poison,mm,full,fidelity,False,True,16,poison,0.1,1,s053,7,12.25,9.347826086956523,4.0,46.5,66,55,46,3,6,6,0.92,16.0,59,4,43,0,0,4256,266,16,1,1,54.25,3,
mm_poison,mm,full,fidelity,False,True,16,poison,0.1,1,s053,8,17.750000000000004,10.434782608695654,8.0,45.0,66,49,44,1,6,4,0.88,16.0,53,4,42,0,0,4256,266,16,1,1,72.375,1,64.0
mm_poison,mm,full,fidelity,False,True,16,poison,0.1,2,s053,2,19.25,10.434782608695654,6.0,59.0,66,50,41,1,6,8,0.82,16.0,60,8,44,0,2,4256,266,16,1,16,93.5625,0,
mm_poison,mm,full,fidelity,False,True,16,poison,0.1,2,s053,3,16.250000000000004,0.0,6.0,34.5,66,51,43,1,6,7,0.86,15.902255639097744,59,8,38,0,0,4230,266,16,1,1,29.1875,4,
mm_poison,mm,full,fidelity,False,True,16,poison,0.1,2,s053,4,14.250000000000002,2.33695652173913,8.0,44.5,66,50,44,1,6,5,0.88,16.0,60,6,42,0,4,4256,266,16,1,1,73.3125,4,
mm_poison,mm,full,fidelity,False,True,16,poison,0.1,2,s053,5,16.250000000000004,7.01086956521739,0.0,46.0,66,50,47,1,6,2,0.94,16.0,60,8,40,0,2,4256,266,16,1,1,48.875,2,
mm_poison,mm,full,fidelity,False,True,16,poison,0.1,2,s053,6,13.750000000000002,7.01086956521739,6.0,47.0,66,45,45,0,6,0,0.9,16.0,50,4,37,0,1,4256,266,16,1,1,70.5,0,
mm_poison,mm,full,fidelity,False,True,16,poison,0.1,2,s053,7,11.5,7.01086956521739,6.0,47.0,66,44,44,0,6,0,0.88,16.0,50,4,42,0,2,4256,266,16,1,1,81.6875,0,
mm_poison,mm,full,fidelity,False,True,16,poison,0.1,2,s053,8,14.500000000000002,10.434782608695654,8.0,40.5,66,45,44,1,6,0,0.88,16.0,51,5,38,0,1,4256,266,16,1,1,63.1875,1,8.0
window_poison,window,none,fidelity,False,True,16,poison,0.1,0,s054,2,18.500000000000004,4.67391304347826,6.0,54.50000000000001,66,56,47,1,6,8,0.94,10.293233082706768,0,0,0,0,0,2738,266,16,0,0,9.4375,3,
window_poison,window,none,fidelity,False,True,16,poison,0.1,0,s054,3,19.000000000000004,4.67391304347826,6.0,60.0,66,59,47,4,6,8,0.94,10.721804511278195,0,0,0,0,0,2852,266,16,0,0,9.6875,1,
window_poison,window,none,fidelity,False,True,16,poison,0.1,0,s054,4,26.75,17.445652173913043,4.0,67.0,66,61,48,4,6,9,0.96,13.30451127819549,0,0,0,0,0,3539,266,16,0,0,7.5,5,
window_poison,window,none,fidelity,False,True,16,poison,0.1,0,s054,5,19.0,15.108695652173914,8.0,61.5,66,61,46,5,6,10,0.92,12.406015037593985,0,0,0,0,0,3300,266,16,0,0,10.0,4,
window_poison,window,none,fidelity,False,True,16,poison,0.1,0,s054,6,27.500000000000004,11.521739130434783,18.0,65.5,66,51,41,2,6,8,0.82,11.706766917293232,0,0,0,0,0,3114,266,16,0,0,10.9375,3,
window_poison,window,none,fidelity,False,True,16,poison,0.1,0,s054,7,16.500000000000004,3.423913043478259,10.0,59.5,66,58,45,5,6,8,0.9,11.571428571428571,0,0,0,0,0,3078,266,16,0,0,7.5,4,
window_poison,window,none,fidelity,False,True,16,poison,0.1,0,s054,8,13.5,2.33695652173913,0.0,52.0,66,63,50,4,6,9,1.0,10.387218045112782,0,0,0,0,0,2763,266,16,0,0,7.5,3,82.0
window_poison,window,none,fidelity,False,True,16,poison,0.1,1,s054,2,15.750000000000004,4.67391304347826,6.0,54.0,66,58,47,2,6,9,0.94,10.00375939849624,0,0,0,0,0,2661,266,16,0,0,8.125,2,
window_poison,window,none,fidelity,False,True,16,poison,0.1,1,s054,3,16.000000000000004,0.0,8.0,43.5,66,58,46,3,6,9,0.92,9.428571428571429,0,0,0,0,0,2508,266,16,0,0,8.8125,3,
window_poison,window,none,fidelity,False,True,16,poison,0.1,1,s054,4,24.25,12.771739130434783,10.0,57.49999999999999,66,59,45,4,6,10,0.9,11.87593984962406,0,0,0,0,0,3159,266,16,0,0,8.25,3,
window_poison,window,none,fidelity,False,True,16,poison,0.1,1,s054,5,30.25,19.78260869565217,18.0,56.00000000000001,66,49,41,0,6,8,0.82,10.24436090225564,0,0,0,0,0,2725,266,16,0,0,9.625,2,
window_poison,window,none,fidelity,False,True,16,poison,0.1,1,s054,6,18.250000000000004,7.01086956521739,10.0,50.5,66,58,45,3,6,10,0.9,10.947368421052632,0,0,0,0,0,2912,266,16,0,0,12.25,4,
window_poison,window,none,fidelity,False,True,16,poison,0.1,1,s054,7,23.5,12.608695652173912,18.0,63.5,66,53,41,4,6,8,0.82,11.928571428571429,0,0,0,0,0,3173,266,16,0,0,8.375,3,
window_poison,window,none,fidelity,False,True,16,poison,0.1,1,s054,8,17.5,7.01086956521739,0.0,56.99999999999999,66,59,50,2,6,7,1.0,10.25563909774436,0,0,0,0,0,2728,266,16,0,0,8.125,3,34.0
window_poison,window,none,fidelity,False,True,16,poison,0.1,2,s054,2,15.000000000000002,3.58695652173913,2.0,61.5,66,63,49,4,6,10,0.98,10.75563909774436,0,0,0,0,0,2861,266,16,0,0,9.0625,1,
window_poison,window,none,fidelity,False,True,16,poison,0.1,2,s054,3,20.25,7.01086956521739,4.0,60.5,66,60,48,2,6,10,0.96,10.071428571428571,0,0,0,0,0,2679,266,16,0,0,8.0,5,
window_poison,window,none,fidelity,False,True,16,poison,0.1,2,s054,4,18.000000000000004,11.684782608695654,8.0,64.5,66,59,46,4,6,9,0.92,12.462406015037594,0,0,0,0,0,3315,266,16,0,0,9.0,3,
window_poison,window,none,fidelity,False,True,16,poison,0.1,2,s054,5,14.250000000000002,7.01086956521739,4.0,72.0,66,63,48,5,6,10,0.96,12.105263157894736,0,0,0,0,0,3220,266,16,0,0,9.375,3,
window_poison,window,none,fidelity,False,True,16,poison,0.1,2,s054,6,15.500000000000004,8.097826086956525,8.0,79.0,66,61,46,5,6,10,0.92,11.800751879699249,0,0,0,0,0,3139,266,16,0,0,9.625,6,
window_poison,window,none,fidelity,False,True,16,poison,0.1,2,s054,7,11.5,1.25,2.0,79.5,66,63,49,4,6,10,0.98,11.834586466165414,0,0,0,0,0,3148,266,16,0,0,7.5,4,
window_poison,window,none,fidelity,False,True,16,poison,0.1,2,s054,8,13.5,12.608695652173912,0.0,61.0,66,61,50,3,6,8,1.0,9.93233082706767,0,0,0,0,0,2642,266,16,0,0,9.0625,3,86.0
aeqkad_poison,window,full,fidelity,False,True,16,poison,0.1,0,s054,2,16.000000000000004,3.423913043478259,6.0,49.5,66,54,47,0,6,7,0.94,9.93984962406015,56,2,17,0,0,2644,266,16,0,0,9.4375,3,
aeqkad_poison,window,full,fidelity,False,True,16,poison,0.1,0,s054,3,19.25,4.67391304347826,6.0,51.0,66,55,44,2,6,9,0.88,10.270676691729324,60,5,8,0,0,2732,266,16,0,0,9.375,2,
aeqkad_poison,window,full,fidelity,False,True,16,poison,0.1,0,s054,4,25.0,14.021739130434783,8.0,70.0,66,55,44,2,6,9,0.88,12.766917293233083,59,4,10,0,0,3396,266,16,0,0,7.9375,5,
aeqkad_poison,window,full,fidelity,False,True,16,poison,0.1,0,s054,5,21.5,19.945652173913043,10.0,55.00000000000001,66,52,41,2,6,9,0.82,11.981203007518795,60,8,3,0,0,3187,266,16,0,0,11.75,4,
aeqkad_poison,window,full,fidelity,False,True,16,poison,0.1,0,s054,6,43.49999999999999,34.891304347826086,36.0,56.99999999999999,66,33,26,0,6,7,0.52,11.236842105263158,42,9,4,0,0,2989,266,16,0,0,10.9375,3,
aeqkad_poison,window,full,fidelity,False,True,16,poison,0.1,0,s054,7,18.0,10.271739130434783,14.000000000000002,56.49999999999999,66,51,41,4,6,6,0.82,11.406015037593985,56,5,7,0,0,3034,266,16,0,0,7.5,4,
aeqkad_poison,window,full,fidelity,False,True,16,poison,0.1,0,s054,8,13.750000000000002,2.33695652173913,0.0,46.5,66,59,48,3,6,8,0.96,9.763157894736842,62,3,6,0,0,2597,266,16,0,0,7.875,3,80.0
aeqkad_poison,window,full,fidelity,False,True,16,poison,0.1,1,s054,2,15.250000000000002,4.67391304347826,6.0,53.0,66,57,47,1,6,9,0.94,9.635338345864662,58,1,1,0,0,2563,266,16,0,0,8.125,2,
aeqkad_poison,window,full,fidelity,False,True,16,poison,0.1,1,s054,3,16.000000000000004,0.0,8.0,42.5,66,55,44,2,6,9,0.88,9.281954887218046,58,3,0,0,0,2469,266,16,0,0,10.6875,2,
aeqkad_poison,window,full,fidelity,False,True,16,poison,0.1,1,s054,4,31.499999999999996,18.695652173913043,8.0,55.00000000000001,66,55,43,3,6,9,0.86,11.661654135338344,60,5,0,0,0,3102,266,16,0,0,8.375,2,
aeqkad_poison,window,full,fidelity,False,True,16,poison,0.1,1,s054,5,30.000000000000004,17.445652173913043,20.0,48.0,66,44,37,0,6,7,0.74,10.233082706766917,47,3,0,0,0,2722,266,16,0,0,12.75,1,
aeqkad_poison,window,full,fidelity,False,True,16,poison,0.1,1,s054,6,20.25,5.923913043478259,10.0,46.0,66,53,44,2,6,7,0.88,10.240601503759398,56,3,0,0,0,2724,266,16,0,0,13.5625,2,
aeqkad_poison,window,full,fidelity,False,True,16,poison,0.1,1,s054,7,22.0,19.78260869565217,18.0,63.5,66,49,39,2,6,8,0.78,11.135338345864662,54,5,0,0,0,2962,266,16,0,0,8.375,3,
aeqkad_poison,window,full,fidelity,False,True,16,poison,0.1,1,s054,8,17.750000000000004,7.01086956521739,0.0,59.0,66,56,47,2,6,7,0.94,9.958646616541351,61,5,1,0,0,2649,266,16,0,0,8.0,4,78.0
aeqkad_poison,window,full,fidelity,False,True,16,poison,0.1,2,s054,2,16.250000000000004,7.01086956521739,4.0,60.0,66,59,47,3,6,9,0.94,10.240601503759398,62,3,24,0,0,2724,266,16,0,0,9.0625,1,
aeqkad_poison,window,full,fidelity,False,True,16,poison,0.1,2,s054,3,20.25,7.01086956521739,4.0,58.5,66,57,45,2,6,10,0.9,9.691729323308271,60,3,9,0,0,2578,266,16,0,0,8.0,5,
aeqkad_poison,window,full,fidelity,False,True,16,poison,0.1,2,s054,4,20.5,8.097826086956525,8.0,62.5,66,57,45,3,6,9,0.9,12.364661654135338,59,2,19,0,0,3289,266,16,0,0,9.0,3,
aeqkad_poison,window,full,fidelity,False,True,16,poison,0.1,2,s054,5,17.0,7.01086956521739,4.0,67.0,66,54,45,1,6,8,0.9,11.1390977443609,63,9,5,0,0,2963,266,16,0,0,12.0,1,
aeqkad_poison,window,full,fidelity,False,True,16,poison,0.1,2,s054,6,16.000000000000004,7.01086956521739,8.0,75.0,66,57,45,3,6,9,0.9,10.962406015037594,61,4,3,0,0,2916,266,16,0,0,10.25,4,
aeqkad_poison,window,full,fidelity,False,True,16,poison,0.1,2,s054,7,12.0,1.25,4.0,76.0,66,58,47,2,6,9,0.94,11.165413533834586,61,3,5,0,0,2970,266,16,0,0,8.0,3,
aeqkad_poison,window,full,fidelity,False,True,16,poison,0.1,2,s054,8,13.750000000000002,11.521739130434783,0.0,57.99999999999999,66,55,48,1,6,6,0.96,9.180451127819548,61,6,5,0,0,2442,266,16,0,0,11.3125,1,44.0
mm_poison,mm,full,fidelity,False,True,16,poison,0.1,0,s054,2,20.0,13.695652173913045,2.0,79.5,66,59,49,2,6,8,0.98,15.789473684210526,63,4,7,0,0,4200,266,16,1,9,56.0,2,
mm_poison,mm,full,fidelity,False,True,16,poison,0.1,0,s054,3,15.500000000000004,8.097826086956525,0.0,63.5,66,59,46,4,6,9,0.92,14.635338345864662,65,6,10,0,0,3893,266,16,1,1,40.375,7,
mm_poison,mm,full,fidelity,False,True,16,poison,0.1,0,s054,4,28.500000000000004,22.1195652173913,6.0,81.0,66,58,46,3,6,9,0.92,15.845864661654137,60,2,18,0,0,4215,266,16,1,1,49.75,5,
mm_poison,mm,full,fidelity,False,True,16,poison,0.1,0,s054,5,21.5,9.347826086956523,2.0,81.5,66,60,46,4,6,10,0.92,16.0,64,4,20,0,0,4256,266,16,1,1,64.6875,7,
mm_poison,mm,full,fidelity,False,True,16,poison,0.1,0,s054,6,24.25,13.858695652173914,6.0,85.0,66,53,44,2,6,7,0.88,15.913533834586469,60,7,19,0,0,4233,266,16,1,1,61.4375,9,
mm_poison,mm,full,fidelity,False,True,16,poison,0.1,0,s054,7,22.25,7.01086956521739,6.0,88.0,66,60,47,6,6,7,0.94,15.928571428571429,62,2,26,0,0,4237,266,16,1,1,64.0,6,
mm_poison,mm,full,fidelity,False,True,16,poison,0.1,0,s054,8,16.250000000000004,10.434782608695654,0.0,82.5,66,62,50,5,6,7,1.0,15.285714285714286,65,3,16,0,0,4066,266,16,1,1,59.75,6,72.0
mm_poison,mm,full,fidelity,False,True,16,poison,0.1,1,s054,2,20.5,8.097826086956525,2.0,78.0,66,59,49,1,6,9,0.98,15.902255639097744,61,1,0,0,1,4230,266,16,1,9,58.3125,1,
mm_poison,mm,full,fidelity,False,True,16,poison,0.1,1,s054,3,14.000000000000002,6.847826086956524,2.0,50.0,66,57,46,2,6,9,0.92,14.112781954887218,61,4,0,0,0,3754,266,16,1,1,45.125,1,
mm_poison,mm,full,fidelity,False,True,16,poison,0.1,1,s054,4,31.499999999999996,23.3695652173913,4.0,69.5,66,60,46,4,6,10,0.92,15.99624060150376,62,2,2,0,0,4255,266,16,1,1,55.5,3,
mm_poison,mm,full,fidelity,False,True,16,poison,0.1,1,s054,5,24.5,17.282608695652176,2.0,81.5,66,57,46,1,6,10,0.92,15.87593984962406,62,5,2,0,0,4223,266,16,1,1,58.0,6,
mm_poison,mm,full,fidelity,False,True,16,poison,0.1,1,s054,6,21.5,12.771739130434783,6.0,80.0,66,60,46,4,6,10,0.92,15.917293233082706,63,3,3,0,0,4234,266,16,1,1,54.3125,7,
mm_poison,mm,full,fidelity,False,True,16,poison,0.1,1,s054,7,25.75,15.271739130434783,2.0,79.5,66,60,47,4,6,9,0.94,15.894736842105264,64,4,3,0,0,4228,266,16,1,1,66.4375,11,
mm_poison,mm,full,fidelity,False,True,16,poison,0.1,1,s054,8,24.5,15.108695652173914,0.0,68.0,66,59,48,2,6,9,0.96,15.894736842105264,65,6,0,0,0,4228,266,16,1,1,65.375,8,88.0
mm_poison,mm,full,fidelity,False,True,16,poison,0.1,2,s054,2,20.0,6.847826086956524,2.0,90.5,66,63,49,4,6,10,0.98,15.417293233082706,65,2,6,0,0,4101,266,16,1,6,41.25,1,
mm_poison,mm,full,fidelity,False,True,16,poison,0.1,2,s054,3,16.000000000000004,7.01086956521739,2.0,65.0,66,58,47,2,6,9,0.94,13.969924812030076,62,4,13,0,0,3716,266,16,1,1,47.5,4,
mm_poison,mm,full,fidelity,False,True,16,poison,0.1,2,s054,4,29.25,19.78260869565217,2.0,82.0,66,60,47,4,6,9,0.94,15.924812030075188,62,2,29,0,0,4236,266,16,1,1,49.125,4,
mm_poison,mm,full,fidelity,False,True,16,poison,0.1,2,s054,5,23.75,16.358695652173914,2.0,85.5,66,62,47,5,6,10,0.94,15.954887218045112,65,3,14,0,0,4244,266,16,1,1,52.25,6,
mm_poison,mm,full,fidelity,False,True,16,poison,0.1,2,s054,6,23.75,4.83695652173913,4.0,89.5,66,60,46,4,6,10,0.92,16.0,63,3,29,0,0,4256,266,16,1,1,54.625,7,
mm_poison,mm,full,fidelity,False,True,16,poison,0.1,2,s054,7,20.25,8.097826086956525,2.0,88.5,66,60,47,4,6,9,0.94,15.845864661654137,65,5,9,0,0,4215,266,16,1,1,55.5625,7,
mm_poison,mm,full,fidelity,False,True,16,poison,0.1,2,s054,8,19.5,14.021739130434783,0.0,79.5,66,61,50,2,6,9,1.0,15.240601503759398,62,1,17,0,0,4054,266,16,1,1,58.75,6,92.0
window_poison,window,none,fidelity,False,True,16,poison,0.1,0,s055,2,7.999999999999999,0.0,4.0,31.5,66,58,48,2,6,8,0.96,13.548872180451127,0,0,0,0,0,3604,266,16,0,0,9.6875,0,
window_poison,window,none,fidelity,False,True,16,poison,0.1,0,s055,3,9.499999999999998,0.0,6.0,21.0,66,59,47,2,6,10,0.94,13.913533834586469,0,0,0,0,0,3701,266,16,0,0,8.375,2,
window_poison,window,none,fidelity,False,True,16,poison,0.1,0,s055,4,14.500000000000002,1.25,10.0,33.0,66,56,45,2,6,9,0.9,13.409774436090226,0,0,0,0,0,3567,266,16,0,0,9.4375,3,
window_poison,window,none,fidelity,False,True,16,poison,0.1,0,s055,5,7.499999999999998,0.0,6.0,29.0,66,52,47,0,6,5,0.94,12.424812030075188,0,0,0,0,0,3305,266,16,0,0,10.0,2,
window_poison,window,none,fidelity,False,True,16,poison,0.1,0,s055,6,7.749999999999998,0.0,0.0,31.0,66,58,50,2,6,6,1.0,13.263157894736842,0,0,0,0,0,3528,266,16,0,0,8.0625,3,
window_poison,window,none,fidelity,False,True,16,poison,0.1,0,s055,7,7.750000000000003,0.0,4.0,25.5,66,49,48,1,6,0,0.96,11.669172932330827,0,0,0,0,0,3104,266,16,0,0,11.5625,0,
window_poison,window,none,fidelity,False,True,16,poison,0.1,0,s055,8,11.5,0.0,12.0,23.0,66,47,44,2,6,1,0.88,13.289473684210526,0,0,0,0,0,3535,266,16,0,0,8.8125,2,14.000000000000002
window_poison,window,none,fidelity,False,True,16,poison,0.1,1,s055,2,16.500000000000004,3.58695652173913,4.0,42.0,66,60,48,3,6,9,0.96,14.402255639097744,0,0,0,0,0,3831,266,16,0,0,8.3125,3,
window_poison,window,none,fidelity,False,True,16,poison,0.1,1,s055,3,5.750000000000003,0.0,6.0,28.000000000000004,66,57,47,1,6,9,0.94,13.13157894736842,0,0,0,0,0,3493,266,16,0,0,8.1875,1,
window_poison,window,none,fidelity,False,True,16,poison,0.1,1,s055,4,13.5,0.0,10.0,35.0,66,55,45,1,6,9,0.9,13.203007518796992,0,0,0,0,0,3512,266,16,0,0,9.75,4,
window_poison,window,none,fidelity,False,True,16,poison,0.1,1,s055,5,7.749999999999998,0.0,2.0,26.0,66,60,49,2,6,9,0.98,12.93984962406015,0,0,0,0,0,3442,266,16,0,0,8.4375,3,
window_poison,window,none,fidelity,False,True,16,poison,0.1,1,s055,6,8.249999999999998,5.760869565217389,0.0,36.5,66,61,50,2,6,9,1.0,13.556390977443607,0,0,0,0,0,3606,266,16,0,0,8.5,2,
window_poison,window,none,fidelity,False,True,16,poison,0.1,1,s055,7,7.999999999999999,0.0,2.0,36.5,66,63,49,5,6,9,0.98,12.962406015037594,0,0,0,0,0,3448,266,16,0,0,7.5,2,
window_poison,window,none,fidelity,False,True,16,poison,0.1,1,s055,8,11.5,0.0,8.0,29.5,66,55,46,0,6,9,0.92,14.424812030075188,0,0,0,0,0,3837,266,16,0,0,8.1875,4,96.0
window_poison,window,none,fidelity,False,True,16,poison,0.1,2,s055,2,12.0,1.0869565217391297,4.0,41.5,66,61,48,4,6,9,0.96,14.161654135338344,0,0,0,0,0,3767,266,16,0,0,8.125,1,
window_poison,window,none,fidelity,False,True,16,poison,0.1,2,s055,3,5.750000000000003,0.0,4.0,32.0,66,58,48,2,6,8,0.96,13.75187969924812,0,0,0,0,0,3658,266,16,0,0,7.5,3,
window_poison,window,none,fidelity,False,True,16,poison,0.1,2,s055,4,12.75,0.0,8.0,35.0,66,54,46,1,6,7,0.92,13.556390977443607,0,0,0,0,0,3606,266,16,0,0,9.8125,2,
window_poison,window,none,fidelity,False,True,16,poison,0.1,2,s055,5,7.499999999999998,0.0,4.0,33.0,66,53,48,1,6,4,0.96,12.56015037593985,0,0,0,0,0,3341,266,16,0,0,10.375,1,
window_poison,window,none,fidelity,False,True,16,poison,0.1,2,s055,6,7.749999999999998,1.25,0.0,39.5,66,55,50,2,6,3,1.0,13.033834586466163,0,0,0,0,0,3467,266,16,0,0,8.5625,1,
window_poison,window,none,fidelity,False,True,16,poison,0.1,2,s055,7,4.000000000000003,0.0,4.0,33.0,66,55,48,3,6,4,0.96,12.36842105263158,0,0,0,0,0,3290,266,16,0,0,9.875,1,
window_poison,window,none,fidelity,False,True,16,poison,0.1,2,s055,8,11.249999999999998,0.0,4.0,35.0,66,54,48,3,6,3,0.96,13.800751879699249,0,0,0,0,0,3671,266,16,0,0,9.125,2,48.0
aeqkad_poison,window,full,fidelity,False,True,16,poison,0.1,0,s055,2,12.25,3.423913043478259,4.0,26.5,66,49,42,0,6,7,0.84,13.165413533834586,60,11,0,0,0,3502,266,16,0,0,9.6875,0,
aeqkad_poison,window,full,fidelity,False,True,16,poison,0.1,0,s055,3,7.999999999999999,0.0,6.0,20.0,66,51,44,1,6,6,0.88,13.015037593984962,59,8,0,0,0,3462,266,16,0,0,9.0,1,
aeqkad_poison,window,full,fidelity,False,True,16,poison,0.1,0,s055,4,13.0,2.33695652173913,14.000000000000002,31.0,66,40,36,0,6,4,0.72,12.12406015037594,53,12,0,0,1,3225,266,16,0,0,13.375,1,
aeqkad_poison,window,full,fidelity,False,True,16,poison,0.1,0,s055,5,7.499999999999998,0.0,4.0,26.0,66,43,43,0,6,0,0.86,11.763157894736842,50,7,0,0,0,3129,266,16,0,0,12.5625,0,
aeqkad_poison,window,full,fidelity,False,True,16,poison,0.1,0,s055,6,6.000000000000003,0.0,0.0,28.000000000000004,66,47,47,0,6,0,0.94,12.225563909774436,55,7,0,0,1,3252,266,16,0,0,11.375,0,
aeqkad_poison,window,full,fidelity,False,True,16,poison,0.1,0,s055,7,8.000000000000004,0.0,4.0,22.0,66,47,47,0,6,0,0.94,11.398496240601505,49,2,0,0,0,3032,266,16,0,0,11.5625,0,
aeqkad_poison,window,full,fidelity,False,True,16,poison,0.1,0,s055,8,18.000000000000004,2.33695652173913,20.0,15.5,66,35,35,0,6,0,0.7,12.210526315789474,42,7,0,0,0,3248,266,16,0,0,15.625,0,0.0
aeqkad_poison,window,full,fidelity,False,True,16,poison,0.1,1,s055,2,15.750000000000004,1.25,4.0,36.5,66,46,40,0,6,6,0.8,13.161654135338344,59,13,0,0,0,3501,266,16,0,0,8.875,2,
aeqkad_poison,window,full,fidelity,False,True,16,poison,0.1,1,s055,3,5.500000000000003,0.0,6.0,25.5,66,55,46,0,6,9,0.92,13.142857142857142,57,2,0,0,0,3496,266,16,0,0,8.1875,1,
aeqkad_poison,window,full,fidelity,False,True,16,poison,0.1,1,s055,4,12.25,0.0,14.000000000000002,32.0,66,44,36,0,6,8,0.72,12.349624060150376,53,8,0,0,1,3285,266,16,0,0,11.5625,3,
aeqkad_poison,window,full,fidelity,False,True,16,poison,0.1,1,s055,5,7.499999999999998,0.0,4.0,23.5,66,50,43,1,6,6,0.86,12.154135338345863,59,9,0,0,0,3233,266,16,0,0,13.3125,1,
aeqkad_poison,window,full,fidelity,False,True,16,poison,0.1,1,s055,6,6.750000000000004,2.33695652173913,0.0,34.5,66,56,47,1,6,8,0.94,13.1390977443609,61,5,0,0,0,3495,266,16,0,0,9.9375,0,
aeqkad_poison,window,full,fidelity,False,True,16,poison,0.1,1,s055,7,7.2500000000000036,0.0,4.0,27.0,66,47,47,0,6,0,0.94,11.135338345864662,54,7,0,0,0,2962,266,16,0,0,9.1875,0,
aeqkad_poison,window,full,fidelity,False,True,16,poison,0.1,1,s055,8,17.750000000000004,2.33695652173913,20.0,16.5,66,35,35,0,6,0,0.7,12.266917293233083,42,7,0,0,0,3263,266,16,0,0,16.4375,0,26.0
aeqkad_poison,window,full,fidelity,False,True,16,poison,0.1,2,s055,2,11.75,0.0,6.0,39.0,66,45,40,1,6,4,0.8,13.075187969924812,59,14,0,0,0,3478,266,16,0,0,8.125,1,
aeqkad_poison,window,full,fidelity,False,True,16,poison,0.1,2,s055,3,5.500000000000003,0.0,4.0,28.000000000000004,66,53,47,0,6,6,0.94,13.710526315789474,57,4,0,0,0,3647,266,16,0,0,8.4375,3,
aeqkad_poison,window,full,fidelity,False,True,16,poison,0.1,2,s055,4,10.25,0.0,12.0,27.0,66,38,37,1,6,0,0.74,11.894736842105264,49,10,0,0,1,3164,266,16,0,0,14.6875,0,
aeqkad_poison,window,full,fidelity,False,True,16,poison,0.1,2,s055,5,7.249999999999998,0.0,2.0,24.0,66,43,43,0,6,0,0.86,11.676691729323307,51,8,0,0,0,3106,266,16,0,0,13.375,0,
aeqkad_poison,window,full,fidelity,False,True,16,poison,0.1,2,s055,6,5.250000000000003,0.0,0.0,30.5,66,47,47,0,6,0,0.94,11.917293233082706,55,8,0,0,0,3170,266,16,0,0,10.5,0,
aeqkad_poison,window,full,fidelity,False,True,16,poison,0.1,2,s055,7,3.750000000000002,0.0,4.0,27.0,66,47,47,0,6,0,0.94,11.097744360902256,53,6,0,0,0,2952,266,16,0,0,10.75,0,
aeqkad_poison,window,full,fidelity,False,True,16,poison,0.1,2,s055,8,20.0,2.33695652173913,14.000000000000002,25.0,66,36,36,0,6,0,0.72,12.24436090225564,44,8,0,0,0,3257,266,16,0,0,15.1875,0,16.0
mm_poison,mm,full,fidelity,False,True,16,poison,0.1,0,s055,2,13.5,3.58695652173913,4.0,59.0,66,52,42,0,6,10,0.84,16.0,62,10,0,0,0,4256,266,16,1,13,75.875,1,
mm_poison,mm,full,fidelity,False,True,16,poison,0.1,0,s055,3,9.749999999999998,1.25,2.0,36.5,66,53,45,1,6,7,0.9,15.81203007518797,62,8,0,0,1,4206,266,16,1,1,39.0625,3,
mm_poison,mm,full,fidelity,False,True,16,poison,0.1,0,s055,4,12.75,0.0,12.0,38.5,66,46,41,0,6,5,0.82,15.969924812030076,57,10,0,0,1,4248,266,16,1,1,53.25,3,
mm_poison,mm,full,fidelity,False,True,16,poison,0.1,0,s055,5,14.000000000000002,0.0,4.0,42.5,66,41,41,0,6,0,0.82,15.947368421052632,57,14,0,0,2,4242,266,16,1,1,67.375,2,
mm_poison,mm,full,fidelity,False,True,16,poison,0.1,0,s055,6,6.000000000000003,0.0,0.0,46.5,66,49,49,0,6,0,0.98,16.0,58,5,0,0,4,4256,266,16,1,1,66.5,0,
mm_poison,mm,full,fidelity,False,True,16,poison,0.1,0,s055,7,6.500000000000003,0.0,2.0,36.0,66,47,47,0,6,0,0.94,15.834586466165414,52,5,0,0,0,4212,266,16,1,1,71.5625,0,
mm_poison,mm,full,fidelity,False,True,16,poison,0.1,0,s055,8,9.499999999999998,0.0,4.0,35.0,66,41,41,0,6,0,0.82,16.0,50,8,0,0,1,4256,266,16,1,1,65.8125,0,2.0
mm_poison,mm,full,fidelity,False,True,16,poison,0.1,1,s055,2,13.25,4.67391304347826,4.0,69.5,66,52,41,2,6,9,0.82,16.0,61,8,0,0,1,4256,266,16,1,13,76.5625,1,
mm_poison,mm,full,fidelity,False,True,16,poison,0.1,1,s055,3,6.250000000000003,0.0,4.0,39.0,66,55,46,0,6,9,0.92,15.296992481203008,58,3,0,0,0,4069,266,16,1,1,33.25,3,
mm_poison,mm,full,fidelity,False,True,16,poison,0.1,1,s055,4,9.75,2.33695652173913,10.0,45.5,66,52,42,1,6,9,0.84,16.0,56,3,0,0,1,4256,266,16,1,1,51.25,4,
mm_poison,mm,full,fidelity,False,True,16,poison,0.1,1,s055,5,14.000000000000002,0.0,2.0,39.0,66,54,44,1,6,9,0.88,15.8796992481203,61,6,0,0,1,4224,266,16,1,1,51.1875,3,
mm_poison,mm,full,fidelity,False,True,16,poison,0.1,1,s055,6,10.0,2.33695652173913,0.0,45.5,66,58,48,1,6,9,0.96,16.0,62,4,0,0,0,4256,266,16,1,1,71.125,4,
mm_poison,mm,full,fidelity,False,True,16,poison,0.1,1,s055,7,8.749999999999998,1.25,2.0,46.0,66,56,47,2,6,7,0.94,15.87593984962406,64,6,0,0,2,4223,266,16,1,1,61.4375,3,
mm_poison,mm,full,fidelity,False,True,16,poison,0.1,1,s055,8,13.750000000000002,2.33695652173913,2.0,46.5,66,46,41,0,6,5,0.82,15.992481203007518,59,10,0,0,3,4254,266,16,1,1,60.75,2,86.0
mm_poison,mm,full,fidelity,False,True,16,poison,0.1,2,s055,2,12.25,4.67391304347826,4.0,70.0,66,52,42,1,6,9,0.84,16.0,62,10,0,0,0,4256,266,16,1,14,80.25,0,
mm_poison,mm,full,fidelity,False,True,16,poison,0.1,2,s055,3,6.000000000000003,0.0,2.0,45.0,66,55,47,0,6,8,0.94,15.906015037593985,62,7,0,0,0,4231,266,16,1,1,35.8125,3,
mm_poison,mm,full,fidelity,False,True,16,poison,0.1,2,s055,4,19.25,2.33695652173913,4.0,47.0,66,45,39,1,6,5,0.78,16.0,58,13,0,0,0,4256,266,16,1,1,56.6875,6,
mm_poison,mm,full,fidelity,False,True,16,poison,0.1,2,s055,5,11.5,0.0,2.0,45.5,66,47,45,1,6,1,0.9,16.0,55,7,0,0,1,4256,266,16,1,1,62.625,4,
mm_poison,mm,full,fidelity,False,True,16,poison,0.1,2,s055,6,7.500000000000003,0.0,0.0,51.0,66,49,49,0,6,0,0.98,15.763157894736842,57,7,0,0,1,4193,266,16,1,1,52.0,0,
mm_poison,mm,full,fidelity,False,True,16,poison,0.1,2,s055,7,4.000000000000003,0.0,2.0,50.5,66,47,47,0,6,0,0.94,16.0,56,8,0,0,1,4256,266,16,1,1,72.5625,0,
mm_poison,mm,full,fidelity,False,True,16,poison,0.1,2,s055,8,16.500000000000004,5.760869565217389,6.0,45.0,66,41,41,0,6,0,0.82,16.0,53,11,0,0,1,4256,266,16,1,1,77.5,0,24.0
window_poison,window,none,fidelity,False,True,16,poison,0.1,0,s056,2,30.000000000000004,22.1195652173913,6.0,67.0,66,61,47,4,6,10,0.94,13.954887218045112,0,0,0,0,0,3712,266,16,0,0,8.4375,4,
window_poison,window,none,fidelity,False,True,16,poison,0.1,0,s056,3,25.25,14.021739130434783,2.0,69.5,66,64,49,5,6,10,0.98,11.12406015037594,0,0,0,0,0,2959,266,16,0,0,7.875,5,
window_poison,window,none,fidelity,False,True,16,poison,0.1,0,s056,4,27.75,10.434782608695654,12.0,66.5,66,60,44,6,6,10,0.88,10.364661654135338,0,0,0,0,0,2757,266,16,0,0,10.25,4,
window_poison,window,none,fidelity,False,True,16,poison,0.1,0,s056,5,27.750000000000004,12.771739130434783,6.0,71.5,66,62,47,5,6,10,0.94,10.481203007518795,0,0,0,0,0,2788,266,16,0,0,8.3125,3,
window_poison,window,none,fidelity,False,True,16,poison,0.1,0,s056,6,28.75,17.445652173913043,4.0,72.5,66,62,48,4,6,10,0.96,10.142857142857142,0,0,0,0,0,2698,266,16,0,0,7.5625,4,
window_poison,window,none,fidelity,False,True,16,poison,0.1,0,s056,7,22.25,13.858695652173914,6.0,72.0,66,62,47,5,6,10,0.94,10.921052631578949,0,0,0,0,0,2905,266,16,0,0,8.375,4,
window_poison,window,none,fidelity,False,True,16,poison,0.1,0,s056,8,22.25,11.684782608695654,2.0,66.0,66,63,49,5,6,9,0.98,10.725563909774436,0,0,0,0,0,2853,266,16,0,0,7.6875,4,88.0
window_poison,window,none,fidelity,False,True,16,poison,0.1,1,s056,2,31.75,20.869565217391305,6.0,73.5,66,63,47,6,6,10,0.94,14.293233082706768,0,0,0,0,0,3802,266,16,0,0,7.5,2,
window_poison,window,none,fidelity,False,True,16,poison,0.1,1,s056,3,23.75,12.771739130434783,2.0,72.0,66,63,49,5,6,9,0.98,11.808270676691729,0,0,0,0,0,3141,266,16,0,0,7.875,6,
window_poison,window,none,fidelity,False,True,16,poison,0.1,1,s056,4,28.75,15.108695652173914,12.0,69.5,66,58,44,5,6,9,0.88,11.048872180451127,0,0,0,0,0,2939,266,16,0,0,10.75,2,
window_poison,window,none,fidelity,False,True,16,poison,0.1,1,s056,5,29.000000000000004,15.108695652173914,6.0,74.0,66,63,47,6,6,10,0.94,10.078947368421051,0,0,0,0,0,2681,266,16,0,0,8.3125,3,
window_poison,window,none,fidelity,False,True,16,poison,0.1,1,s056,6,28.75,16.521739130434785,6.0,69.5,66,61,47,4,6,10,0.94,10.443609022556393,0,0,0,0,0,2778,266,16,0,0,9.4375,4,
window_poison,window,none,fidelity,False,True,16,poison,0.1,1,s056,7,22.0,11.847826086956523,6.0,70.5,66,62,47,5,6,10,0.94,9.537593984962406,0,0,0,0,0,2537,266,16,0,0,8.4375,6,
window_poison,window,none,fidelity,False,True,16,poison,0.1,1,s056,8,20.5,11.684782608695654,2.0,75.0,66,64,49,5,6,10,0.98,10.357142857142858,0,0,0,0,0,2755,266,16,0,0,8.0,3,92.0
window_poison,window,none,fidelity,False,True,16,poison,0.1,2,s056,2,28.75,22.1195652173913,6.0,72.5,66,58,47,3,6,8,0.94,14.01127819548872,0,0,0,0,0,3727,266,16,0,0,7.6875,2,
window_poison,window,none,fidelity,False,True,16,poison,0.1,2,s056,3,29.000000000000004,11.684782608695654,4.0,64.5,66,63,48,5,6,10,0.96,11.676691729323307,0,0,0,0,0,3106,266,16,0,0,8.0,5,
window_poison,window,none,fidelity,False,True,16,poison,0.1,2,s056,4,23.0,18.53260869565217,14.000000000000002,62.0,66,54,43,2,6,9,0.86,9.447368421052632,0,0,0,0,0,2513,266,16,0,0,11.75,2,
window_poison,window,none,fidelity,False,True,16,poison,0.1,2,s056,5,25.75,14.021739130434783,6.0,71.5,66,60,47,4,6,9,0.94,10.436090225563907,0,0,0,0,0,2776,266,16,0,0,8.375,2,
window_poison,window,none,fidelity,False,True,16,poison,0.1,2,s056,6,26.0,17.445652173913043,6.0,74.5,66,63,47,6,6,10,0.94,10.12406015037594,0,0,0,0,0,2693,266,16,0,0,8.375,6,
window_poison,window,none,fidelity,False,True,16,poison,0.1,2,s056,7,22.5,12.771739130434783,6.0,76.0,66,61,47,4,6,10,0.94,10.25187969924812,0,0,0,0,0,2727,266,16,0,0,9.0,3,
window_poison,window,none,fidelity,False,True,16,poison,0.1,2,s056,8,21.75,19.78260869565217,2.0,72.0,66,61,49,3,6,9,0.98,10.484962406015038,0,0,0,0,0,2789,266,16,0,0,8.5625,4,92.0
aeqkad_poison,window,full,fidelity,False,True,16,poison,0.1,0,s056,2,29.75,22.1195652173913,6.0,64.5,66,55,43,3,6,9,0.86,13.462406015037594,60,5,2,0,0,3581,266,16,0,0,9.1875,4,
aeqkad_poison,window,full,fidelity,False,True,16,poison,0.1,0,s056,3,27.750000000000004,10.597826086956523,4.0,67.0,66,59,45,5,6,9,0.9,10.229323308270676,63,3,3,0,1,2721,266,16,0,0,7.9375,5,
aeqkad_poison,window,full,fidelity,False,True,16,poison,0.1,0,s056,4,27.75,11.684782608695654,12.0,66.5,66,57,42,5,6,10,0.84,10.101503759398495,60,3,3,0,0,2687,266,16,0,0,11.125,4,
aeqkad_poison,window,full,fidelity,False,True,16,poison,0.1,0,s056,5,28.500000000000004,17.445652173913043,6.0,67.0,66,58,46,4,6,8,0.92,9.808270676691729,62,4,2,0,0,2609,266,16,0,0,8.3125,3,
aeqkad_poison,window,full,fidelity,False,True,16,poison,0.1,0,s056,6,27.750000000000004,14.021739130434783,4.0,70.5,66,57,44,3,6,10,0.88,9.973684210526317,63,6,1,0,0,2653,266,16,0,0,10.3125,5,
aeqkad_poison,window,full,fidelity,False,True,16,poison,0.1,0,s056,7,27.0,10.597826086956523,6.0,70.0,66,57,45,3,6,9,0.9,9.936090225563907,62,4,3,0,1,2643,266,16,0,0,8.8125,3,
aeqkad_poison,window,full,fidelity,False,True,16,poison,0.1,0,s056,8,20.25,9.347826086956523,2.0,65.0,66,57,44,4,6,9,0.88,9.890977443609025,63,5,0,0,1,2631,266,16,0,0,8.0,4,88.0
aeqkad_poison,window,full,fidelity,False,True,16,poison,0.1,1,s056,2,31.75,24.456521739130437,6.0,74.0,66,52,42,3,6,7,0.84,13.43233082706767,62,7,0,0,3,3573,266,16,0,0,8.3125,2,
aeqkad_poison,window,full,fidelity,False,True,16,poison,0.1,1,s056,3,24.0,11.684782608695654,2.0,64.0,66,54,44,2,6,8,0.88,10.977443609022556,63,8,0,0,1,2920,266,16,0,0,10.0,4,
aeqkad_poison,window,full,fidelity,False,True,16,poison,0.1,1,s056,4,25.5,15.108695652173914,12.0,68.0,66,51,42,0,6,9,0.84,9.36842105263158,57,4,0,0,2,2492,266,16,0,0,10.875,1,
aeqkad_poison,window,full,fidelity,False,True,16,poison,0.1,1,s056,5,27.500000000000004,18.53260869565217,6.0,71.5,66,57,44,3,6,10,0.88,9.51127819548872,63,2,0,0,4,2530,266,16,0,0,12.0,2,
aeqkad_poison,window,full,fidelity,False,True,16,poison,0.1,1,s056,6,27.750000000000004,21.956521739130437,6.0,69.0,66,56,44,2,6,10,0.88,9.62406015037594,61,3,0,0,2,2560,266,16,0,0,9.4375,4,
aeqkad_poison,window,full,fidelity,False,True,16,poison,0.1,1,s056,7,23.5,10.597826086956523,6.0,69.0,66,58,45,3,6,10,0.9,9.428571428571429,62,3,0,0,1,2508,266,16,0,0,9.125,4,
aeqkad_poison,window,full,fidelity,False,True,16,poison,0.1,1,s056,8,21.75,10.434782608695654,2.0,71.5,66,57,45,3,6,9,0.9,9.87593984962406,64,3,0,0,4,2627,266,16,0,0,8.0,3,92.0
aeqkad_poison,window,full,fidelity,False,True,16,poison,0.1,2,s056,2,27.750000000000004,24.456521739130437,8.0,71.0,66,53,43,2,6,8,0.86,13.909774436090226,57,4,19,0,0,3700,266,16,0,0,8.3125,2,
aeqkad_poison,window,full,fidelity,False,True,16,poison,0.1,2,s056,3,27.750000000000004,12.771739130434783,4.0,63.5,66,57,44,3,6,10,0.88,10.781954887218046,63,4,21,0,2,2868,266,16,0,0,8.25,5,
aeqkad_poison,window,full,fidelity,False,True,16,poison,0.1,2,s056,4,23.0,17.445652173913043,12.0,60.5,66,52,43,0,6,9,0.86,9.466165413533837,55,2,19,0,1,2518,266,16,0,0,11.75,2,
aeqkad_poison,window,full,fidelity,False,True,16,poison,0.1,2,s056,5,28.75,22.1195652173913,6.0,67.0,66,54,43,3,6,8,0.86,10.154135338345863,60,2,15,0,4,2701,266,16,0,0,10.875,4,
aeqkad_poison,window,full,fidelity,False,True,16,poison,0.1,2,s056,6,27.500000000000004,19.78260869565217,4.0,75.0,66,57,44,3,6,10,0.88,9.300751879699249,64,6,8,0,1,2474,266,16,0,0,9.8125,4,
aeqkad_poison,window,full,fidelity,False,True,16,poison,0.1,2,s056,7,26.25,13.858695652173914,6.0,74.0,66,56,45,1,6,10,0.9,9.218045112781954,61,4,18,0,1,2452,266,16,0,0,9.875,2,
aeqkad_poison,window,full,fidelity,False,True,16,poison,0.1,2,s056,8,19.25,12.771739130434783,2.0,67.5,66,58,46,3,6,9,0.92,10.078947368421051,61,2,12,0,1,2681,266,16,0,0,8.5625,4,92.0
mm_poison,mm,full,fidelity,False,True,16,poison,0.1,0,s056,2,31.75,19.78260869565217,4.0,77.5,66,56,44,3,6,9,0.88,16.0,63,5,6,0,2,4256,266,16,1,12,68.9375,1,
mm_poison,mm,full,fidelity,False,True,16,poison,0.1,0,s056,3,23.75,11.847826086956523,2.0,71.5,66,62,48,4,6,10,0.96,15.31578947368421,64,2,1,0,0,4074,266,16,1,1,41.625,4,
mm_poison,mm,full,fidelity,False,True,16,poison,0.1,0,s056,4,26.0,15.108695652173914,6.0,78.5,66,59,44,5,6,10,0.88,15.853383458646617,63,4,5,0,0,4217,266,16,1,1,50.0625,6,
mm_poison,mm,full,fidelity,False,True,16,poison,0.1,0,s056,5,30.25,24.456521739130437,4.0,78.0,66,60,47,4,6,9,0.94,15.338345864661656,63,3,8,0,0,4080,266,16,1,1,49.75,4,
mm_poison,mm,full,fidelity,False,True,16,poison,0.1,0,s056,6,31.000000000000007,18.53260869565217,2.0,84.5,66,64,48,6,6,10,0.96,15.774436090225564,65,1,17,0,0,4196,266,16,1,1,60.8125,5,
mm_poison,mm,full,fidelity,False,True,16,poison,0.1,0,s056,7,26.25,14.021739130434783,6.0,84.5,66,59,47,3,6,9,0.94,15.233082706766917,63,4,11,0,0,4052,266,16,1,1,57.9375,5,
mm_poison,mm,full,fidelity,False,True,16,poison,0.1,0,s056,8,24.0,19.78260869565217,2.0,78.5,66,62,49,4,6,9,0.98,15.451127819548873,63,0,10,0,1,4110,266,16,1,1,60.875,5,90.0
mm_poison,mm,full,fidelity,False,True,16,poison,0.1,1,s056,2,25.0,18.53260869565217,4.0,84.5,66,55,44,3,6,8,0.88,16.0,64,6,3,0,3,4256,266,16,1,11,64.8125,1,
mm_poison,mm,full,fidelity,False,True,16,poison,0.1,1,s056,3,24.0,12.771739130434783,0.0,73.0,66,58,46,3,6,9,0.92,15.274436090225564,65,5,1,0,2,4063,266,16,1,1,44.625,5,
mm_poison,mm,full,fidelity,False,True,16,poison,0.1,1,s056,4,26.75,23.20652173913043,6.0,76.5,66,55,44,2,6,9,0.88,15.75563909774436,61,5,0,0,1,4191,266,16,1,1,57.0,5,
mm_poison,mm,full,fidelity,False,True,16,poison,0.1,1,s056,5,31.75,25.543478260869566,4.0,84.5,66,58,44,4,6,10,0.88,15.24812030075188,64,0,2,0,6,4056,266,16,1,1,51.375,4,
mm_poison,mm,full,fidelity,False,True,16,poison,0.1,1,s056,6,30.000000000000004,19.6195652173913,2.0,77.5,66,59,46,3,6,10,0.92,15.334586466165414,64,2,0,0,3,4079,266,16,1,1,54.1875,4,
mm_poison,mm,full,fidelity,False,True,16,poison,0.1,1,s056,7,30.500000000000004,22.1195652173913,6.0,80.5,66,59,45,4,6,10,0.9,15.266917293233083,62,2,4,0,1,4061,266,16,1,1,75.1875,5,
mm_poison,mm,full,fidelity,False,True,16,poison,0.1,1,s056,8,21.75,14.021739130434783,2.0,81.0,66,62,48,5,6,9,0.96,14.646616541353383,64,0,0,0,2,3896,266,16,1,1,59.625,4,94.0
mm_poison,mm,full,fidelity,False,True,16,poison,0.1,2,s056,2,27.250000000000004,17.608695652173914,4.0,80.0,66,55,45,2,6,8,0.9,16.0,62,4,29,0,3,4256,266,16,1,12,69.375,0,
mm_poison,mm,full,fidelity,False,True,16,poison,0.1,2,s056,3,26.25,8.260869565217389,2.0,70.5,66,62,49,3,6,10,0.98,15.236842105263158,64,1,40,0,1,4053,266,16,1,1,43.9375,5,
mm_poison,mm,full,fidelity,False,True,16,poison,0.1,2,s056,4,26.25,25.543478260869566,8.0,78.5,66,54,44,1,6,9,0.88,15.778195488721805,59,3,41,0,2,4197,266,16,1,1,57.25,4,
mm_poison,mm,full,fidelity,False,True,16,poison,0.1,2,s056,5,26.25,17.445652173913043,4.0,78.0,66,56,44,4,6,8,0.88,15.977443609022556,63,3,34,0,4,4250,266,16,1,1,66.125,5,
mm_poison,mm,full,fidelity,False,True,16,poison,0.1,2,s056,6,27.750000000000004,15.108695652173914,2.0,79.5,66,57,44,3,6,10,0.88,14.642857142857142,65,3,46,0,5,3895,266,16,1,1,46.4375,5,
mm_poison,mm,full,fidelity,False,True,16,poison,0.1,2,s056,7,23.75,14.021739130434783,6.0,79.5,66,60,47,3,6,10,0.94,14.323308270676693,62,1,47,0,1,3810,266,16,1,1,61.4375,7,
mm_poison,mm,full,fidelity,False,True,16,poison,0.1,2,s056,8,22.0,17.445652173913043,2.0,85.5,66,60,48,3,6,9,0.96,15.556390977443607,62,0,49,0,2,4138,266,16,1,1,72.625,4,92.0
window_poison,window,none,fidelity,False,True,16,poison,0.1,0,s057,2,35.25,22.1195652173913,14.000000000000002,64.0,66,56,43,5,6,8,0.86,14.691729323308271,0,0,0,0,0,3908,266,16,0,0,7.5,4,
window_poison,window,none,fidelity,False,True,16,poison,0.1,0,s057,3,23.75,11.684782608695654,6.0,58.5,66,60,47,4,6,9,0.94,13.447368421052632,0,0,0,0,0,3577,266,16,0,0,7.5,3,
window_poison,window,none,fidelity,False,True,16,poison,0.1,0,s057,4,28.25,16.195652173913043,4.0,64.0,66,61,48,3,6,10,0.96,13.417293233082706,0,0,0,0,0,3569,266,16,0,0,7.5,3,
window_poison,window,none,fidelity,False,True,16,poison,0.1,0,s057,5,25.5,12.771739130434783,4.0,68.5,66,64,48,6,6,10,0.96,12.93233082706767,0,0,0,0,0,3440,266,16,0,0,7.5,3,
window_poison,window,none,fidelity,False,True,16,poison,0.1,0,s057,6,24.5,10.434782608695654,0.0,66.5,66,63,50,4,6,9,1.0,12.68421052631579,0,0,0,0,0,3374,266,16,0,0,8.0625,2,
window_poison,window,none,fidelity,False,True,16,poison,0.1,0,s057,7,19.0,11.684782608695654,8.0,64.0,66,61,46,5,6,10,0.92,13.38345864661654,0,0,0,0,0,3560,266,16,0,0,9.5,4,
window_poison,window,none,fidelity,False,True,16,poison,0.1,0,s057,8,21.5,9.347826086956523,12.0,70.0,66,58,44,5,6,9,0.88,13.680451127819548,0,0,0,0,0,3639,266,16,0,0,8.625,5,80.0
window_poison,window,none,fidelity,False,True,16,poison,0.1,1,s057,2,35.75,17.445652173913043,14.000000000000002,64.5,66,56,43,3,6,10,0.86,14.913533834586469,0,0,0,0,0,3967,266,16,0,0,7.5,1,
window_poison,window,none,fidelity,False,True,16,poison,0.1,1,s057,3,29.75,14.021739130434783,10.0,61.0,66,59,45,5,6,9,0.9,13.657894736842104,0,0,0,0,0,3633,266,16,0,0,8.9375,4,
window_poison,window,none,fidelity,False,True,16,poison,0.1,1,s057,4,24.25,20.869565217391305,10.0,67.0,66,59,45,4,6,10,0.9,13.090225563909774,0,0,0,0,0,3482,266,16,0,0,9.25,5,
window_poison,window,none,fidelity,False,True,16,poison,0.1,1,s057,5,21.25,18.369565217391305,8.0,63.5,66,60,46,4,6,10,0.92,13.007518796992482,0,0,0,0,0,3460,266,16,0,0,7.625,2,
window_poison,window,none,fidelity,False,True,16,poison,0.1,1,s057,6,20.5,7.01086956521739,0.0,56.00000000000001,66,58,50,3,6,5,1.0,12.308270676691729,0,0,0,0,0,3274,266,16,0,0,7.9375,3,
window_poison,window,none,fidelity,False,True,16,poison,0.1,1,s057,7,28.750000000000004,15.108695652173914,8.0,67.5,66,61,46,5,6,10,0.92,13.270676691729324,0,0,0,0,0,3530,266,16,0,0,9.4375,2,
window_poison,window,none,fidelity,False,True,16,poison,0.1,1,s057,8,23.5,11.684782608695654,10.0,63.5,66,58,45,4,6,9,0.9,13.12781954887218,0,0,0,0,0,3492,266,16,0,0,8.0625,5,80.0
window_poison,window,none,fidelity,False,True,16,poison,0.1,2,s057,2,31.75,19.78260869565217,14.000000000000002,59.5,66,56,43,5,6,8,0.86,14.962406015037594,0,0,0,0,0,3980,266,16,0,0,7.5,3,
window_poison,window,none,fidelity,False,True,16,poison,0.1,2,s057,3,28.000000000000004,9.184782608695654,10.0,60.0,66,57,45,2,6,10,0.9,13.56015037593985,0,0,0,0,0,3607,266,16,0,0,10.4375,5,
window_poison,window,none,fidelity,False,True,16,poison,0.1,2,s057,4,27.250000000000004,19.78260869565217,6.0,64.5,66,61,47,4,6,10,0.94,13.63157894736842,0,0,0,0,0,3626,266,16,0,0,7.5625,2,
window_poison,window,none,fidelity,False,True,16,poison,0.1,2,s057,5,20.25,11.684782608695654,8.0,65.0,66,61,46,5,6,10,0.92,12.25563909774436,0,0,0,0,0,3260,266,16,0,0,7.5,5,
window_poison,window,none,fidelity,False,True,16,poison,0.1,2,s057,6,17.250000000000004,7.01086956521739,0.0,53.5,66,62,50,3,6,9,1.0,12.902255639097744,0,0,0,0,0,3432,266,16,0,0,8.3125,5,
window_poison,window,none,fidelity,False,True,16,poison,0.1,2,s057,7,22.0,15.108695652173914,8.0,61.5,66,60,46,4,6,10,0.92,13.345864661654137,0,0,0,0,0,3550,266,16,0,0,10.375,6,
window_poison,window,none,fidelity,False,True,16,poison,0.1,2,s057,8,26.0,11.684782608695654,12.0,65.0,66,56,44,5,6,7,0.88,13.597744360902256,0,0,0,0,0,3617,266,16,0,0,9.8125,3,54.0
aeqkad_poison,window,full,fidelity,False,True,16,poison,0.1,0,s057,2,37.75,19.78260869565217,14.000000000000002,65.0,66,53,42,4,6,7,0.84,14.5,56,3,47,0,0,3857,266,16,0,0,8.5,4,
aeqkad_poison,window,full,fidelity,False,True,16,poison,0.1,0,s057,3,25.25,10.434782608695654,8.0,56.49999999999999,66,57,45,3,6,9,0.9,13.274436090225564,59,1,54,0,1,3531,266,16,0,0,9.0,3,
aeqkad_poison,window,full,fidelity,False,True,16,poison,0.1,0,s057,4,26.5,12.934782608695656,6.0,59.5,66,55,44,2,6,9,0.88,13.0,60,5,52,0,0,3458,266,16,0,0,7.5,3,
aeqkad_poison,window,full,fidelity,False,True,16,poison,0.1,0,s057,5,25.75,12.771739130434783,4.0,66.5,66,59,45,5,6,9,0.9,12.541353383458649,64,5,56,0,0,3336,266,16,0,0,8.5,2,
aeqkad_poison,window,full,fidelity,False,True,16,poison,0.1,0,s057,6,22.0,11.684782608695654,2.0,55.00000000000001,66,56,45,4,6,7,0.9,11.8609022556391,62,6,51,0,0,3155,266,16,0,0,9.125,1,
aeqkad_poison,window,full,fidelity,False,True,16,poison,0.1,0,s057,7,23.0,9.347826086956523,8.0,61.0,66,55,44,5,6,6,0.88,12.736842105263158,60,5,50,0,0,3388,266,16,0,0,10.125,4,
aeqkad_poison,window,full,fidelity,False,True,16,poison,0.1,0,s057,8,20.0,10.434782608695654,12.0,66.5,66,53,44,3,6,6,0.88,13.330827067669173,57,4,50,0,0,3546,266,16,0,0,9.625,2,62.0
aeqkad_poison,window,full,fidelity,False,True,16,poison,0.1,1,s057,2,36.25,21.956521739130437,14.000000000000002,62.0,66,48,36,2,6,10,0.72,14.575187969924812,55,7,16,0,0,3877,266,16,0,0,11.125,3,
aeqkad_poison,window,full,fidelity,False,True,16,poison,0.1,1,s057,3,25.25,12.771739130434783,10.0,58.5,66,55,44,2,6,9,0.88,13.357142857142858,59,4,23,0,0,3553,266,16,0,0,11.3125,4,
aeqkad_poison,window,full,fidelity,False,True,16,poison,0.1,1,s057,4,23.75,16.358695652173914,12.0,63.0,66,54,43,2,6,9,0.86,12.729323308270676,56,2,26,0,0,3386,266,16,0,0,9.6875,4,
aeqkad_poison,window,full,fidelity,False,True,16,poison,0.1,1,s057,5,23.75,14.021739130434783,8.0,60.5,66,57,44,3,6,10,0.88,12.3796992481203,60,2,28,0,1,3293,266,16,0,0,7.875,2,
aeqkad_poison,window,full,fidelity,False,True,16,poison,0.1,1,s057,6,22.0,14.782608695652172,2.0,45.0,66,47,43,1,6,3,0.86,10.409774436090226,55,7,25,0,1,2769,266,16,0,0,9.375,2,
aeqkad_poison,window,full,fidelity,False,True,16,poison,0.1,1,s057,7,26.0,19.6195652173913,12.0,66.0,66,54,42,3,6,9,0.84,12.714285714285714,59,4,18,0,1,3382,266,16,0,0,9.4375,2,
aeqkad_poison,window,full,fidelity,False,True,16,poison,0.1,1,s057,8,23.0,12.771739130434783,6.0,59.5,66,52,43,4,6,5,0.86,12.436090225563907,58,6,16,0,0,3308,266,16,0,0,8.0,5,80.0
aeqkad_poison,window,full,fidelity,False,True,16,poison,0.1,2,s057,2,35.75,19.78260869565217,14.000000000000002,58.5,66,50,38,5,6,7,0.76,14.796992481203008,57,7,34,0,0,3936,266,16,0,0,9.5625,4,
aeqkad_poison,window,full,fidelity,False,True,16,poison,0.1,2,s057,3,24.25,15.108695652173914,10.0,56.99999999999999,66,54,44,2,6,8,0.88,13.210526315789474,58,3,38,0,1,3514,266,16,0,0,10.25,5,
aeqkad_poison,window,full,fidelity,False,True,16,poison,0.1,2,s057,4,26.25,19.78260869565217,6.0,63.5,66,55,44,2,6,9,0.88,13.345864661654137,60,5,43,0,0,3550,266,16,0,0,7.75,1,
aeqkad_poison,window,full,fidelity,False,True,16,poison,0.1,2,s057,5,21.0,10.434782608695654,8.0,56.99999999999999,66,55,44,2,6,9,0.88,11.793233082706768,61,6,41,0,0,3137,266,16,0,0,9.375,3,
aeqkad_poison,window,full,fidelity,False,True,16,poison,0.1,2,s057,6,21.25,7.01086956521739,2.0,52.5,66,54,46,2,6,6,0.92,11.657894736842104,60,6,40,0,0,3101,266,16,0,0,8.8125,5,
aeqkad_poison,window,full,fidelity,False,True,16,poison,0.1,2,s057,7,21.75,14.021739130434783,12.0,62.5,66,54,42,3,6,9,0.84,12.6203007518797,57,2,39,0,1,3357,266,16,0,0,10.375,6,
aeqkad_poison,window,full,fidelity,False,True,16,poison,0.1,2,s057,8,21.75,9.347826086956523,12.0,46.0,66,43,41,1,6,1,0.82,11.921052631578949,53,7,19,0,3,3171,266,16,0,0,10.25,2,46.0
mm_poison,mm,full,fidelity,False,True,16,poison,0.1,0,s057,2,34.75,28.04347826086957,6.0,71.0,66,58,43,5,6,10,0.86,16.0,62,4,59,0,0,4256,266,16,1,9,55.375,1,
mm_poison,mm,full,fidelity,False,True,16,poison,0.1,0,s057,3,22.0,17.445652173913043,6.0,62.0,66,57,45,3,6,9,0.9,15.819548872180452,61,3,57,0,1,4208,266,16,1,1,51.3125,2,
mm_poison,mm,full,fidelity,False,True,16,poison,0.1,0,s057,4,28.25,17.445652173913043,8.0,69.0,66,57,44,3,6,10,0.88,15.8609022556391,59,2,56,0,0,4219,266,16,1,1,38.875,8,
mm_poison,mm,full,fidelity,False,True,16,poison,0.1,0,s057,5,27.750000000000004,14.184782608695654,8.0,74.0,66,61,46,6,6,9,0.92,16.0,62,1,59,0,0,4256,266,16,1,1,60.375,4,
mm_poison,mm,full,fidelity,False,True,16,poison,0.1,0,s057,6,28.500000000000004,12.771739130434783,0.0,73.0,66,61,49,3,6,9,0.98,15.99624060150376,64,2,59,0,1,4255,266,16,1,1,50.5625,3,
mm_poison,mm,full,fidelity,False,True,16,poison,0.1,0,s057,7,25.75,9.347826086956523,2.0,77.0,66,59,46,4,6,9,0.92,15.725563909774436,64,5,57,0,0,4183,266,16,1,1,57.4375,4,
mm_poison,mm,full,fidelity,False,True,16,poison,0.1,0,s057,8,26.0,17.445652173913043,2.0,75.5,66,56,45,5,6,6,0.9,15.99624060150376,63,6,54,0,1,4255,266,16,1,1,70.0,8,86.0
mm_poison,mm,full,fidelity,False,True,16,poison,0.1,1,s057,2,38.0,26.79347826086957,8.0,66.0,66,49,37,2,6,10,0.74,16.0,59,10,27,0,0,4256,266,16,1,15,93.3125,0,
mm_poison,mm,full,fidelity,False,True,16,poison,0.1,1,s057,3,28.000000000000004,19.78260869565217,4.0,62.5,66,57,46,2,6,9,0.92,15.25563909774436,62,5,35,0,0,4058,266,16,1,1,35.4375,4,
mm_poison,mm,full,fidelity,False,True,16,poison,0.1,1,s057,4,28.25,14.945652173913045,6.0,70.5,66,58,45,3,6,10,0.9,15.93984962406015,61,3,40,0,0,4240,266,16,1,1,43.875,6,
mm_poison,mm,full,fidelity,False,True,16,poison,0.1,1,s057,5,28.500000000000004,20.869565217391305,6.0,68.0,66,58,45,3,6,10,0.9,15.973684210526317,61,2,36,0,1,4249,266,16,1,1,49.375,2,
mm_poison,mm,full,fidelity,False,True,16,poison,0.1,1,s057,6,27.0,9.184782608695654,0.0,74.5,66,57,48,2,6,7,0.96,15.924812030075188,62,5,38,0,0,4236,266,16,1,1,57.0625,3,
mm_poison,mm,full,fidelity,False,True,16,poison,0.1,1,s057,7,30.25,19.78260869565217,2.0,73.5,66,56,44,3,6,9,0.88,15.973684210526317,63,4,31,0,3,4249,266,16,1,1,65.875,4,
mm_poison,mm,full,fidelity,False,True,16,poison,0.1,1,s057,8,29.75,21.03260869565217,4.0,71.5,66,57,45,4,6,8,0.9,15.902255639097744,63,6,32,0,0,4230,266,16,1,1,63.875,4,86.0
mm_poison,mm,full,fidelity,False,True,16,poison,0.1,2,s057,2,30.25,25.543478260869566,10.0,62.5,66,50,38,4,6,8,0.76,16.0,60,10,31,0,0,4256,266,16,1,16,97.5625,0,
mm_poison,mm,full,fidelity,False,True,16,poison,0.1,2,s057,3,28.000000000000004,13.858695652173914,8.0,58.5,66,55,44,2,6,9,0.88,15.6203007518797,59,3,39,0,1,4155,266,16,1,1,39.0625,3,
mm_poison,mm,full,fidelity,False,True,16,poison,0.1,2,s057,4,28.000000000000004,17.445652173913043,6.0,69.0,66,58,45,3,6,10,0.9,16.0,61,3,47,0,0,4256,266,16,1,1,48.4375,4,
mm_poison,mm,full,fidelity,False,True,16,poison,0.1,2,s057,5,26.0,17.445652173913043,4.0,72.5,66,60,46,4,6,10,0.92,15.977443609022556,64,4,51,0,0,4250,266,16,1,1,49.75,4,
mm_poison,mm,full,fidelity,False,True,16,poison,0.1,2,s057,6,25.25,10.434782608695654,2.0,69.0,66,57,48,2,6,7,0.96,15.951127819548873,61,3,49,0,1,4243,266,16,1,1,60.25,4,
mm_poison,mm,full,fidelity,False,True,16,poison,0.1,2,s057,7,22.0,9.347826086956523,6.0,74.5,66,57,45,3,6,9,0.9,15.853383458646617,61,3,47,0,1,4217,266,16,1,1,54.875,4,
mm_poison,mm,full,fidelity,False,True,16,poison,0.1,2,s057,8,30.25,16.521739130434785,4.0,71.5,66,57,45,4,6,8,0.9,16.0,61,3,48,0,1,4256,266,16,1,1,65.5625,6,80.0
