label,memory,gate,kind,noisy,relative,m_max,nu,q_up,reserve,robust,mode,rate,seed,user,session,eer,eer_k5,frr,far,n_stream,n_updates,gen_admitted,imp_admitted,atk_admitted,imp_injected,upd_rate_gen,mean_sv,g_accepted,g_rej_score,g_margin_binds,g_rej_meanfid,g_rej_drift,g_sv_total,g_decisions,M,anchors_in_P,enroll_in_P,imp_in_P,mean_age,atk_final_accept
aeqkad_res4,window,full,fidelity,False,True,16,0.05,25,4,False,iid,0.1,0,s015,2,30.25,17.608695652173914,18.0,59.0,56,39,36,3,0,6,0.72,10.60546875,45,4,9,0,2,2715,256,16,4,4,2,25.8125,
aeqkad_res4,window,full,fidelity,False,True,16,0.05,25,4,False,iid,0.1,0,s015,3,20.0,8.097826086956525,8.0,57.49999999999999,56,43,43,0,0,6,0.86,11.2265625,46,2,11,0,1,2874,256,16,4,4,0,39.75,
aeqkad_res4,window,full,fidelity,False,True,16,0.05,25,4,False,iid,0.1,0,s015,4,24.25,13.858695652173914,4.0,56.49999999999999,56,38,38,0,0,6,0.76,10.8359375,48,5,7,0,5,2774,256,16,4,4,0,58.25,
aeqkad_res4,window,full,fidelity,False,True,16,0.05,25,4,False,iid,0.1,0,s015,5,30.25,15.434782608695654,14.000000000000002,72.5,56,42,40,2,0,6,0.8,12.54296875,47,2,12,0,3,3211,256,16,4,4,0,69.5,
aeqkad_res4,window,full,fidelity,False,True,16,0.05,25,4,False,iid,0.1,0,s015,6,29.500000000000004,14.021739130434785,6.0,69.0,56,39,38,1,0,6,0.76,11.796875,52,10,15,0,3,3020,256,16,4,4,0,82.9375,
aeqkad_res4,window,full,fidelity,False,True,16,0.05,25,4,False,iid,0.1,0,s015,7,26.0,15.108695652173914,4.0,73.5,56,47,44,3,0,6,0.88,13.50390625,51,3,13,0,1,3457,256,16,4,4,1,95.8125,
aeqkad_res4,window,full,fidelity,False,True,16,0.05,25,4,False,iid,0.1,0,s015,8,27.0,17.445652173913043,10.0,60.0,56,37,36,1,0,6,0.72,10.59765625,50,7,14,0,6,2713,256,16,4,4,1,112.0625,26.0
aeqkad_res4,window,full,fidelity,False,True,16,0.05,25,4,False,iid,0.1,1,s015,2,30.25,13.858695652173914,18.0,61.0,56,36,36,0,0,6,0.72,11.27734375,44,8,1,0,0,2887,256,16,4,4,0,26.3125,
aeqkad_res4,window,full,fidelity,False,True,16,0.05,25,4,False,iid,0.1,1,s015,3,20.249999999999996,9.347826086956525,8.0,59.5,56,43,43,0,0,6,0.86,11.42578125,48,3,3,0,2,2925,256,16,4,4,0,40.0,
aeqkad_res4,window,full,fidelity,False,True,16,0.05,25,4,False,iid,0.1,1,s015,4,25.75,16.358695652173914,4.0,55.00000000000001,56,36,35,1,0,6,0.7,10.796875,52,9,0,0,7,2764,256,16,4,4,1,57.0,
aeqkad_res4,window,full,fidelity,False,True,16,0.05,25,4,False,iid,0.1,1,s015,5,26.5,18.532608695652172,14.000000000000002,67.5,56,40,38,2,0,6,0.76,12.34375,49,4,1,0,5,3160,256,16,4,4,1,69.5625,
aeqkad_res4,window,full,fidelity,False,True,16,0.05,25,4,False,iid,0.1,1,s015,6,30.0,11.521739130434785,4.0,66.5,56,39,36,3,0,6,0.72,11.921875,53,10,5,0,4,3052,256,16,4,4,1,83.375,
aeqkad_res4,window,full,fidelity,False,True,16,0.05,25,4,False,iid,0.1,1,s015,7,28.000000000000004,9.347826086956525,4.0,68.0,56,44,43,1,0,6,0.86,13.02734375,52,7,4,0,1,3335,256,16,4,4,0,96.875,
aeqkad_res4,window,full,fidelity,False,True,16,0.05,25,4,False,iid,0.1,1,s015,8,27.0,7.33695652173913,12.0,62.0,56,37,36,1,0,6,0.72,11.10546875,48,7,1,0,4,2843,256,16,4,4,0,112.25,68.0
aeqkad_res4,window,full,fidelity,False,True,16,0.05,25,4,False,iid,0.1,2,s015,2,30.75,16.195652173913043,18.0,57.49999999999999,56,38,37,1,0,6,0.74,11.015625,44,5,11,0,1,2820,256,16,4,4,0,26.5625,
aeqkad_res4,window,full,fidelity,False,True,16,0.05,25,4,False,iid,0.1,2,s015,3,19.749999999999996,8.097826086956525,8.0,67.0,56,47,43,4,0,6,0.86,11.76953125,50,2,13,0,1,3013,256,16,4,4,1,39.375,
aeqkad_res4,window,full,fidelity,False,True,16,0.05,25,4,False,iid,0.1,2,s015,4,24.5,15.108695652173914,4.0,61.0,56,40,39,1,0,6,0.78,11.2421875,50,6,9,0,4,2878,256,16,4,4,1,57.3125,
aeqkad_res4,window,full,fidelity,False,True,16,0.05,25,4,False,iid,0.1,2,s015,5,29.75,18.532608695652172,14.000000000000002,66.0,56,40,37,3,0,6,0.74,12.60546875,47,4,16,0,3,3227,256,16,4,4,1,69.1875,
aeqkad_res4,window,full,fidelity,False,True,16,0.05,25,4,False,iid,0.1,2,s015,6,30.25,12.010869565217389,6.0,65.5,56,35,34,1,0,6,0.68,11.859375,51,13,16,0,3,3036,256,16,4,4,0,85.125,
aeqkad_res4,window,full,fidelity,False,True,16,0.05,25,4,False,iid,0.1,2,s015,7,29.75,14.021739130434785,0.0,69.5,56,46,42,4,0,6,0.84,13.19921875,56,8,14,0,2,3379,256,16,4,4,3,96.25,
aeqkad_res4,window,full,fidelity,False,True,16,0.05,25,4,False,iid,0.1,2,s015,8,26.75,9.347826086956525,8.0,66.0,56,37,36,1,0,6,0.72,10.73046875,50,7,17,0,6,2747,256,16,4,4,1,112.5625,26.0
aeqkad_res8,window,full,fidelity,False,True,16,0.05,25,8,False,iid,0.1,0,s015,2,27.500000000000004,16.358695652173914,16.0,55.50000000000001,56,39,36,3,0,6,0.72,10.49609375,46,6,26,0,1,2687,256,16,8,8,2,41.8125,
aeqkad_res8,window,full,fidelity,False,True,16,0.05,25,8,False,iid,0.1,0,s015,3,18.5,10.434782608695654,8.0,56.00000000000001,56,44,44,0,0,6,0.88,11.24609375,46,2,31,0,0,2879,256,16,8,8,0,70.0625,
aeqkad_res8,window,full,fidelity,False,True,16,0.05,25,8,False,iid,0.1,0,s015,4,23.75,13.858695652173914,2.0,60.5,56,39,39,0,0,6,0.78,12.43359375,49,5,22,0,5,3183,256,16,8,8,0,100.25,
aeqkad_res8,window,full,fidelity,False,True,16,0.05,25,8,False,iid,0.1,0,s015,5,34.25,14.184782608695654,14.000000000000002,72.0,56,43,41,2,0,6,0.82,11.82421875,49,4,28,0,2,3027,256,16,8,8,0,126.875,
aeqkad_res8,window,full,fidelity,False,True,16,0.05,25,8,False,iid,0.1,0,s015,6,29.25,12.771739130434783,8.0,68.0,56,38,37,1,0,6,0.74,11.91015625,51,8,30,0,5,3049,256,16,8,8,0,154.5,
aeqkad_res8,window,full,fidelity,False,True,16,0.05,25,8,False,iid,0.1,0,s015,7,28.249999999999996,14.021739130434785,2.0,70.0,56,46,44,2,0,6,0.88,12.1328125,52,4,26,0,2,3106,256,16,8,8,1,182.125,
aeqkad_res8,window,full,fidelity,False,True,16,0.05,25,8,False,iid,0.1,0,s015,8,26.5,15.108695652173914,10.0,62.5,56,38,37,1,0,6,0.74,11.5234375,49,4,29,0,7,2950,256,16,8,8,1,210.25,30.0
aeqkad_res8,window,full,fidelity,False,True,16,0.05,25,8,False,iid,0.1,1,s015,2,28.000000000000004,15.108695652173914,14.000000000000002,62.0,56,36,36,0,0,6,0.72,10.80859375,46,9,16,0,1,2767,256,16,8,8,0,42.125,
aeqkad_res8,window,full,fidelity,False,True,16,0.05,25,8,False,iid,0.1,1,s015,3,18.250000000000004,13.858695652173914,6.0,63.0,56,44,44,0,0,6,0.88,11.16015625,50,5,19,0,1,2857,256,16,8,8,0,70.3125,
aeqkad_res8,window,full,fidelity,False,True,16,0.05,25,8,False,iid,0.1,1,s015,4,23.5,13.858695652173914,2.0,66.0,56,40,39,1,0,6,0.78,12.5078125,53,6,12,0,7,3202,256,16,8,8,1,99.5625,
aeqkad_res8,window,full,fidelity,False,True,16,0.05,25,8,False,iid,0.1,1,s015,5,30.000000000000004,19.782608695652172,12.0,71.0,56,40,38,2,0,6,0.76,11.91796875,50,4,17,0,6,3051,256,16,8,8,0,126.875,
aeqkad_res8,window,full,fidelity,False,True,16,0.05,25,8,False,iid,0.1,1,s015,6,32.25,22.1195652173913,4.0,71.0,56,39,36,3,0,6,0.72,12.15234375,53,8,17,0,6,3111,256,16,8,8,1,154.9375,
aeqkad_res8,window,full,fidelity,False,True,16,0.05,25,8,False,iid,0.1,1,s015,7,31.75,12.771739130434783,2.0,76.5,56,44,43,1,0,6,0.86,12.1015625,55,7,17,0,4,3098,256,16,8,8,0,182.625,
aeqkad_res8,window,full,fidelity,False,True,16,0.05,25,8,False,iid,0.1,1,s015,8,24.0,16.195652173913043,6.0,69.0,56,38,37,1,0,6,0.74,11.81640625,51,5,18,0,8,3025,256,16,8,8,0,210.1875,78.0
aeqkad_res8,window,full,fidelity,False,True,16,0.05,25,8,False,iid,0.1,2,s015,2,28.249999999999996,20.869565217391305,16.0,63.5,56,38,37,1,0,6,0.74,11.0078125,45,6,23,0,1,2818,256,16,8,8,0,42.375,
aeqkad_res8,window,full,fidelity,False,True,16,0.05,25,8,False,iid,0.1,2,s015,3,18.250000000000004,10.434782608695654,6.0,73.0,56,48,44,4,0,6,0.88,11.3203125,51,3,30,0,0,2898,256,16,8,8,1,69.9375,
aeqkad_res8,window,full,fidelity,False,True,16,0.05,25,8,False,iid,0.1,2,s015,4,23.75,13.858695652173914,0.0,69.0,56,41,40,1,0,6,0.8,12.359375,52,7,22,0,4,3164,256,16,8,8,1,99.875,
aeqkad_res8,window,full,fidelity,False,True,16,0.05,25,8,False,iid,0.1,2,s015,5,34.0,16.358695652173914,10.0,73.5,56,44,41,3,0,6,0.82,11.46875,48,3,27,0,1,2936,256,16,8,8,1,126.8125,
aeqkad_res8,window,full,fidelity,False,True,16,0.05,25,8,False,iid,0.1,2,s015,6,27.250000000000004,11.847826086956523,6.0,80.0,56,42,40,2,0,6,0.8,11.6640625,52,7,29,0,3,2986,256,16,8,8,1,154.125,
aeqkad_res8,window,full,fidelity,False,True,16,0.05,25,8,False,iid,0.1,2,s015,7,29.75,15.108695652173914,0.0,75.0,56,47,43,4,0,6,0.86,11.76171875,56,7,33,0,2,3011,256,16,8,8,1,182.5625,
aeqkad_res8,window,full,fidelity,False,True,16,0.05,25,8,False,iid,0.1,2,s015,8,26.75,14.021739130434785,6.0,70.5,56,38,37,1,0,6,0.74,11.74609375,51,6,25,0,7,3007,256,16,8,8,0,210.4375,48.0
window_res4,window,none,fidelity,False,True,16,0.05,25,4,False,iid,0.1,0,s015,2,30.000000000000004,10.434782608695654,16.0,63.0,56,46,42,4,0,6,0.84,11.2421875,0,0,0,0,0,2878,256,16,4,4,2,24.875,
window_res4,window,none,fidelity,False,True,16,0.05,25,4,False,iid,0.1,0,s015,3,20.249999999999996,8.097826086956525,8.0,60.0,56,46,46,0,0,6,0.92,11.6875,0,0,0,0,0,2992,256,16,4,4,0,39.1875,
window_res4,window,none,fidelity,False,True,16,0.05,25,4,False,iid,0.1,0,s015,4,21.499999999999996,10.434782608695654,2.0,62.5,56,50,49,1,0,6,0.98,12.3046875,0,0,0,0,0,3150,256,16,4,4,0,53.1875,
window_res4,window,none,fidelity,False,True,16,0.05,25,4,False,iid,0.1,0,s015,5,36.25,26.467391304347824,12.0,80.0,56,49,44,5,0,6,0.88,13.34375,0,0,0,0,0,3416,256,16,4,4,1,69.0625,
window_res4,window,none,fidelity,False,True,16,0.05,25,4,False,iid,0.1,0,s015,6,26.25,11.684782608695654,6.0,72.5,56,52,47,5,0,6,0.94,12.62890625,0,0,0,0,0,3233,256,16,4,4,2,80.875,
window_res4,window,none,fidelity,False,True,16,0.05,25,4,False,iid,0.1,0,s015,7,27.500000000000004,11.684782608695654,2.0,75.5,56,52,49,3,0,6,0.98,13.796875,0,0,0,0,0,3532,256,16,4,4,1,95.0625,
window_res4,window,none,fidelity,False,True,16,0.05,25,4,False,iid,0.1,0,s015,8,24.25,15.108695652173914,6.0,71.0,56,52,47,5,0,6,0.94,12.87109375,0,0,0,0,0,3295,256,16,4,4,2,108.875,44.0
window_res4,window,none,fidelity,False,True,16,0.05,25,4,False,iid,0.1,1,s015,2,28.249999999999996,12.771739130434783,14.000000000000002,64.5,56,46,43,3,0,6,0.86,11.984375,0,0,0,0,0,3068,256,16,4,4,0,24.875,
window_res4,window,none,fidelity,False,True,16,0.05,25,4,False,iid,0.1,1,s015,3,20.249999999999996,9.347826086956525,8.0,62.0,56,49,46,3,0,6,0.92,12.12890625,0,0,0,0,0,3105,256,16,4,4,0,39.5,
window_res4,window,none,fidelity,False,True,16,0.05,25,4,False,iid,0.1,1,s015,4,20.249999999999996,10.434782608695654,4.0,65.0,56,52,48,4,0,6,0.96,12.71875,0,0,0,0,0,3256,256,16,4,4,1,53.5625,
window_res4,window,none,fidelity,False,True,16,0.05,25,4,False,iid,0.1,1,s015,5,33.5,20.869565217391305,10.0,73.5,56,51,45,6,0,6,0.9,13.484375,0,0,0,0,0,3452,256,16,4,4,2,67.5,
window_res4,window,none,fidelity,False,True,16,0.05,25,4,False,iid,0.1,1,s015,6,27.250000000000004,12.771739130434783,2.0,72.0,56,54,49,5,0,6,0.98,13.2109375,0,0,0,0,0,3382,256,16,4,4,1,81.5,
window_res4,window,none,fidelity,False,True,16,0.05,25,4,False,iid,0.1,1,s015,7,28.500000000000004,9.347826086956525,2.0,76.5,56,54,49,5,0,6,0.98,13.875,0,0,0,0,0,3552,256,16,4,4,1,94.875,
window_res4,window,none,fidelity,False,True,16,0.05,25,4,False,iid,0.1,1,s015,8,24.0,10.597826086956525,10.0,69.5,56,50,45,5,0,6,0.9,13.015625,0,0,0,0,0,3332,256,16,4,4,1,108.875,76.0
window_res4,window,none,fidelity,False,True,16,0.05,25,4,False,iid,0.1,2,s015,2,29.000000000000004,15.108695652173914,14.000000000000002,62.0,56,47,43,4,0,6,0.86,11.87890625,0,0,0,0,0,3041,256,16,4,4,1,24.875,
window_res4,window,none,fidelity,False,True,16,0.05,25,4,False,iid,0.1,2,s015,3,19.499999999999996,8.097826086956525,8.0,66.5,56,51,46,5,0,6,0.92,12.32421875,0,0,0,0,0,3155,256,16,4,4,1,38.875,
window_res4,window,none,fidelity,False,True,16,0.05,25,4,False,iid,0.1,2,s015,4,19.499999999999996,17.282608695652176,2.0,70.0,56,53,49,4,0,6,0.98,12.71875,0,0,0,0,0,3256,256,16,4,4,2,52.875,
window_res4,window,none,fidelity,False,True,16,0.05,25,4,False,iid,0.1,2,s015,5,35.75,16.358695652173914,12.0,72.0,56,48,44,4,0,6,0.88,13.51171875,0,0,0,0,0,3459,256,16,4,4,1,69.0,
window_res4,window,none,fidelity,False,True,16,0.05,25,4,False,iid,0.1,2,s015,6,24.25,17.445652173913043,6.0,75.5,56,51,47,4,0,6,0.94,12.96484375,0,0,0,0,0,3319,256,16,4,4,1,81.0625,
window_res4,window,none,fidelity,False,True,16,0.05,25,4,False,iid,0.1,2,s015,7,25.0,11.847826086956523,0.0,70.5,56,56,50,6,0,6,1.0,13.9609375,0,0,0,0,0,3574,256,16,4,4,3,94.875,
window_res4,window,none,fidelity,False,True,16,0.05,25,4,False,iid,0.1,2,s015,8,22.499999999999996,9.347826086956525,8.0,74.0,56,50,46,4,0,6,0.92,12.60546875,0,0,0,0,0,3227,256,16,4,4,1,108.875,70.0
window_res8,window,none,fidelity,False,True,16,0.05,25,8,False,iid,0.1,0,s015,2,27.249999999999996,16.358695652173914,16.0,56.99999999999999,56,46,42,4,0,6,0.84,10.5625,0,0,0,0,0,2704,256,16,8,8,2,41.6875,
window_res8,window,none,fidelity,False,True,16,0.05,25,8,False,iid,0.1,0,s015,3,19.749999999999996,8.097826086956525,8.0,56.00000000000001,56,46,46,0,0,6,0.92,10.97265625,0,0,0,0,0,2809,256,16,8,8,0,69.75,
window_res8,window,none,fidelity,False,True,16,0.05,25,8,False,iid,0.1,0,s015,4,24.5,10.434782608695654,2.0,62.5,56,50,49,1,0,6,0.98,11.96484375,0,0,0,0,0,3063,256,16,8,8,0,97.75,
window_res8,window,none,fidelity,False,True,16,0.05,25,8,False,iid,0.1,0,s015,5,33.5,18.695652173913043,12.0,76.0,56,49,44,5,0,6,0.88,12.2890625,0,0,0,0,0,3146,256,16,8,8,1,126.375,
window_res8,window,none,fidelity,False,True,16,0.05,25,8,False,iid,0.1,0,s015,6,31.499999999999993,13.858695652173914,6.0,71.5,56,52,47,5,0,6,0.94,11.57421875,0,0,0,0,0,2963,256,16,8,8,1,153.6875,
window_res8,window,none,fidelity,False,True,16,0.05,25,8,False,iid,0.1,0,s015,7,29.500000000000004,11.521739130434785,2.0,71.5,56,52,49,3,0,6,0.98,12.35546875,0,0,0,0,0,3163,256,16,8,8,1,181.6875,
window_res8,window,none,fidelity,False,True,16,0.05,25,8,False,iid,0.1,0,s015,8,28.000000000000004,15.108695652173914,8.0,71.0,56,51,46,5,0,6,0.92,12.2578125,0,0,0,0,0,3138,256,16,8,8,2,209.6875,46.0
window_res8,window,none,fidelity,False,True,16,0.05,25,8,False,iid,0.1,1,s015,2,25.75,17.445652173913043,14.000000000000002,64.5,56,46,43,3,0,6,0.86,11.171875,0,0,0,0,0,2860,256,16,8,8,0,41.6875,
window_res8,window,none,fidelity,False,True,16,0.05,25,8,False,iid,0.1,1,s015,3,19.499999999999996,12.771739130434783,8.0,66.5,56,49,46,3,0,6,0.92,11.484375,0,0,0,0,0,2940,256,16,8,8,0,70.0625,
window_res8,window,none,fidelity,False,True,16,0.05,25,8,False,iid,0.1,1,s015,4,24.0,10.434782608695654,2.0,73.0,56,53,49,4,0,6,0.98,12.05078125,0,0,0,0,0,3085,256,16,8,8,1,97.6875,
window_res8,window,none,fidelity,False,True,16,0.05,25,8,False,iid,0.1,1,s015,5,31.499999999999993,26.6304347826087,8.0,77.0,56,52,46,6,0,6,0.92,12.55859375,0,0,0,0,0,3215,256,16,8,8,1,125.6875,
window_res8,window,none,fidelity,False,True,16,0.05,25,8,False,iid,0.1,1,s015,6,29.75,17.445652173913043,6.0,73.0,56,52,47,5,0,6,0.94,12.62109375,0,0,0,0,0,3231,256,16,8,8,1,154.25,
window_res8,window,none,fidelity,False,True,16,0.05,25,8,False,iid,0.1,1,s015,7,30.500000000000004,15.108695652173914,2.0,78.0,56,54,49,5,0,6,0.98,12.4921875,0,0,0,0,0,3198,256,16,8,8,1,181.6875,
window_res8,window,none,fidelity,False,True,16,0.05,25,8,False,iid,0.1,1,s015,8,27.500000000000004,16.358695652173914,4.0,77.0,56,53,48,5,0,6,0.96,12.48828125,0,0,0,0,0,3197,256,16,8,8,0,209.6875,72.0
window_res8,window,none,fidelity,False,True,16,0.05,25,8,False,iid,0.1,2,s015,2,28.500000000000004,22.1195652173913,14.000000000000002,68.0,56,47,43,4,0,6,0.86,11.23828125,0,0,0,0,0,2877,256,16,8,8,1,41.6875,
window_res8,window,none,fidelity,False,True,16,0.05,25,8,False,iid,0.1,2,s015,3,17.500000000000004,8.097826086956525,8.0,72.0,56,51,46,5,0,6,0.92,11.453125,0,0,0,0,0,2932,256,16,8,8,1,69.6875,
window_res8,window,none,fidelity,False,True,16,0.05,25,8,False,iid,0.1,2,s015,4,23.75,9.347826086956525,2.0,75.0,56,52,49,3,0,6,0.98,12.109375,0,0,0,0,0,3100,256,16,8,8,2,97.6875,
window_res8,window,none,fidelity,False,True,16,0.05,25,8,False,iid,0.1,2,s015,5,36.0,18.532608695652172,12.0,73.0,56,48,44,4,0,6,0.88,11.98046875,0,0,0,0,0,3067,256,16,8,8,1,126.8125,
window_res8,window,none,fidelity,False,True,16,0.05,25,8,False,iid,0.1,2,s015,6,28.249999999999996,17.445652173913043,2.0,81.5,56,54,49,5,0,6,0.98,12.5390625,0,0,0,0,0,3210,256,16,8,8,1,153.6875,
window_res8,window,none,fidelity,False,True,16,0.05,25,8,False,iid,0.1,2,s015,7,29.75,12.934782608695656,0.0,78.5,56,56,50,6,0,6,1.0,12.3046875,0,0,0,0,0,3150,256,16,8,8,1,181.6875,
window_res8,window,none,fidelity,False,True,16,0.05,25,8,False,iid,0.1,2,s015,8,28.000000000000004,15.108695652173914,4.0,78.5,56,52,48,4,0,6,0.96,11.96484375,0,0,0,0,0,3063,256,16,8,8,1,209.6875,82.0
aeqkad_res4,window,full,fidelity,False,True,16,0.05,25,4,False,iid,0.1,0,s016,2,6.250000000000003,0.0,4.0,36.5,56,41,41,0,0,6,0.82,12.09375,51,7,0,0,3,3096,256,16,4,4,0,26.25,
aeqkad_res4,window,full,fidelity,False,True,16,0.05,25,4,False,iid,0.1,0,s016,3,21.25,9.347826086956525,16.0,41.5,56,15,15,0,0,6,0.3,12.7578125,44,17,0,0,12,3266,256,16,4,4,0,42.9375,
aeqkad_res4,window,full,fidelity,False,True,16,0.05,25,4,False,iid,0.1,0,s016,4,32.25,12.771739130434783,18.0,48.5,56,24,23,1,0,6,0.46,14.921875,45,20,0,0,1,3820,256,16,4,4,0,56.5625,
aeqkad_res4,window,full,fidelity,False,True,16,0.05,25,4,False,iid,0.1,0,s016,5,19.75,1.25,8.0,61.5,56,37,37,0,0,6,0.74,14.203125,48,10,0,0,1,3636,256,16,4,4,0,67.75,
aeqkad_res4,window,full,fidelity,False,True,16,0.05,25,4,False,iid,0.1,0,s016,6,22.249999999999996,2.33695652173913,10.0,52.0,56,31,31,0,0,6,0.62,13.30859375,49,12,0,0,6,3407,256,16,4,4,0,82.125,
aeqkad_res4,window,full,fidelity,False,True,16,0.05,25,4,False,iid,0.1,0,s016,7,64.25,53.423913043478265,68.0,58.5,56,2,2,0,0,6,0.04,12.32421875,20,14,0,0,4,3155,256,16,4,4,0,133.75,
aeqkad_res4,window,full,fidelity,False,True,16,0.05,25,4,False,iid,0.1,0,s016,8,43.99999999999999,39.565217391304344,30.0,67.5,56,11,11,0,0,6,0.22,13.2421875,38,22,0,0,5,3390,256,16,4,4,0,115.8125,60.0
aeqkad_res4,window,full,fidelity,False,True,16,0.05,25,4,False,iid,0.1,1,s016,2,9.499999999999998,0.0,4.0,23.0,56,40,40,0,0,6,0.8,11.9765625,50,6,2,0,4,3066,256,16,4,4,0,27.5625,
aeqkad_res4,window,full,fidelity,False,True,16,0.05,25,4,False,iid,0.1,1,s016,3,23.5,8.097826086956525,24.0,23.0,56,15,15,0,0,6,0.3,12.546875,38,11,0,0,12,3212,256,16,4,4,0,43.8125,
aeqkad_res4,window,full,fidelity,False,True,16,0.05,25,4,False,iid,0.1,1,s016,4,28.000000000000004,12.608695652173912,26.0,32.0,56,21,21,0,0,6,0.42,14.84375,39,12,0,0,6,3800,256,16,4,4,0,59.625,
aeqkad_res4,window,full,fidelity,False,True,16,0.05,25,4,False,iid,0.1,1,s016,5,20.249999999999996,3.423913043478259,14.000000000000002,34.0,56,32,32,0,0,6,0.64,13.91796875,44,9,1,0,3,3563,256,16,4,4,0,68.125,
aeqkad_res4,window,full,fidelity,False,True,16,0.05,25,4,False,iid,0.1,1,s016,6,24.0,4.67391304347826,16.0,35.5,56,31,31,0,0,6,0.62,13.41796875,45,10,0,0,4,3435,256,16,4,4,0,80.9375,
aeqkad_res4,window,full,fidelity,False,True,16,0.05,25,4,False,iid,0.1,1,s016,7,61.5,52.33695652173913,88.0,31.5,56,2,2,0,0,6,0.04,12.0,9,4,0,0,3,3072,256,16,4,4,0,133.125,
aeqkad_res4,window,full,fidelity,False,True,16,0.05,25,4,False,iid,0.1,1,s016,8,46.75,45.326086956521735,46.0,46.5,56,11,11,0,0,6,0.22,12.3671875,30,13,0,0,6,3166,256,16,4,4,0,116.1875,6.0
aeqkad_res4,window,full,fidelity,False,True,16,0.05,25,4,False,iid,0.1,2,s016,2,9.499999999999998,0.0,4.0,31.0,56,41,41,0,0,6,0.82,12.18359375,49,5,0,0,3,3119,256,16,4,4,0,26.25,
aeqkad_res4,window,full,fidelity,False,True,16,0.05,25,4,False,iid,0.1,2,s016,3,26.25,12.771739130434783,20.0,35.5,56,19,19,0,0,6,0.38,13.0234375,43,17,0,0,7,3334,256,16,4,4,0,41.0625,
aeqkad_res4,window,full,fidelity,False,True,16,0.05,25,4,False,iid,0.1,2,s016,4,28.500000000000004,9.347826086956525,20.0,53.5,56,22,22,0,0,6,0.44,14.80859375,41,17,0,0,2,3791,256,16,4,4,0,58.5,
aeqkad_res4,window,full,fidelity,False,True,16,0.05,25,4,False,iid,0.1,2,s016,5,19.749999999999996,0.0,12.0,53.5,56,33,33,0,0,6,0.66,14.0,47,12,0,0,2,3584,256,16,4,4,0,67.9375,
aeqkad_res4,window,full,fidelity,False,True,16,0.05,25,4,False,iid,0.1,2,s016,6,21.999999999999996,5.923913043478259,12.0,48.0,56,31,31,0,0,6,0.62,13.2421875,45,12,0,0,2,3390,256,16,4,4,0,80.9375,
aeqkad_res4,window,full,fidelity,False,True,16,0.05,25,4,False,iid,0.1,2,s016,7,58.75,52.33695652173913,80.0,40.5,56,2,2,0,0,6,0.04,12.34765625,12,7,0,0,3,3161,256,16,4,4,0,132.9375,
aeqkad_res4,window,full,fidelity,False,True,16,0.05,25,4,False,iid,0.1,2,s016,8,43.49999999999999,39.565217391304344,36.0,59.0,56,11,11,0,0,6,0.22,12.3515625,36,20,0,0,5,3162,256,16,4,4,0,115.3125,60.0
aeqkad_res8,window,full,fidelity,False,True,16,0.05,25,8,False,iid,0.1,0,s016,2,6.499999999999997,0.0,4.0,33.5,56,42,42,0,0,6,0.84,13.0078125,51,5,30,0,4,3330,256,16,8,8,0,46.5,
aeqkad_res8,window,full,fidelity,False,True,16,0.05,25,8,False,iid,0.1,0,s016,3,23.5,7.01086956521739,12.0,48.0,56,15,15,0,0,6,0.3,13.02734375,46,10,10,0,21,3335,256,16,8,8,0,75.375,
aeqkad_res8,window,full,fidelity,False,True,16,0.05,25,8,False,iid,0.1,0,s016,4,28.000000000000004,13.858695652173914,20.0,49.5,56,25,24,1,0,6,0.48,14.53515625,46,15,16,0,6,3721,256,16,8,8,0,103.0,
aeqkad_res8,window,full,fidelity,False,True,16,0.05,25,8,False,iid,0.1,0,s016,5,21.249999999999996,2.33695652173913,8.0,58.5,56,36,36,0,0,6,0.72,14.05078125,49,11,26,0,2,3597,256,16,8,8,0,130.25,
aeqkad_res8,window,full,fidelity,False,True,16,0.05,25,8,False,iid,0.1,0,s016,6,23.0,5.760869565217389,10.0,63.5,56,32,32,0,0,6,0.64,13.87109375,49,7,26,0,10,3551,256,16,8,8,0,158.3125,
aeqkad_res8,window,full,fidelity,False,True,16,0.05,25,8,False,iid,0.1,0,s016,7,64.75,60.434782608695656,72.0,63.0,56,2,2,0,0,6,0.04,12.328125,17,11,1,0,4,3156,256,16,8,8,0,210.6875,
aeqkad_res8,window,full,fidelity,False,True,16,0.05,25,8,False,iid,0.1,0,s016,8,62.0,55.92391304347826,54.0,69.0,56,10,10,0,0,6,0.2,13.24609375,26,9,7,0,7,3391,256,16,8,8,0,214.1875,68.0
aeqkad_res8,window,full,fidelity,False,True,16,0.05,25,8,False,iid,0.1,1,s016,2,7.499999999999998,0.0,6.0,40.5,56,41,41,0,0,6,0.82,12.953125,49,2,0,0,6,3316,256,16,8,8,0,46.9375,
aeqkad_res8,window,full,fidelity,False,True,16,0.05,25,8,False,iid,0.1,1,s016,3,21.749999999999996,5.760869565217389,12.0,37.5,56,15,15,0,0,6,0.3,13.4375,46,15,0,0,16,3440,256,16,8,8,0,75.8125,
aeqkad_res8,window,full,fidelity,False,True,16,0.05,25,8,False,iid,0.1,1,s016,4,26.0,11.521739130434785,16.0,45.5,56,21,21,0,0,6,0.42,14.37109375,44,15,0,0,8,3679,256,16,8,8,0,105.0625,
aeqkad_res8,window,full,fidelity,False,True,16,0.05,25,8,False,iid,0.1,1,s016,5,18.750000000000004,0.0,8.0,51.0,56,35,35,0,0,6,0.7,14.2109375,50,13,0,0,2,3638,256,16,8,8,0,130.4375,
aeqkad_res8,window,full,fidelity,False,True,16,0.05,25,8,False,iid,0.1,1,s016,6,20.25,1.0869565217391297,10.0,49.5,56,32,32,0,0,6,0.64,13.7890625,49,12,0,0,5,3530,256,16,8,8,0,157.75,
aeqkad_res8,window,full,fidelity,False,True,16,0.05,25,8,False,iid,0.1,1,s016,7,64.0,60.434782608695656,74.0,56.99999999999999,56,2,2,0,0,6,0.04,12.3984375,16,10,0,0,4,3174,256,16,8,8,0,210.5625,
aeqkad_res8,window,full,fidelity,False,True,16,0.05,25,8,False,iid,0.1,1,s016,8,61.74999999999999,55.7608695652174,54.0,69.5,56,9,9,0,0,6,0.18,13.21875,26,11,0,0,6,3384,256,16,8,8,0,214.3125,12.0
aeqkad_res8,window,full,fidelity,False,True,16,0.05,25,8,False,iid,0.1,2,s016,2,8.249999999999998,0.0,6.0,25.0,56,42,42,0,0,6,0.84,12.87109375,47,2,16,0,3,3295,256,16,8,8,0,46.5,
aeqkad_res8,window,full,fidelity,False,True,16,0.05,25,8,False,iid,0.1,2,s016,3,23.0,12.934782608695656,14.000000000000002,33.5,56,19,19,0,0,6,0.38,13.0234375,46,15,7,0,12,3334,256,16,8,8,0,75.0,
aeqkad_res8,window,full,fidelity,False,True,16,0.05,25,8,False,iid,0.1,2,s016,4,30.000000000000004,4.67391304347826,24.0,49.0,56,25,25,0,0,6,0.5,14.75390625,39,10,3,0,4,3777,256,16,8,8,0,103.5,
aeqkad_res8,window,full,fidelity,False,True,16,0.05,25,8,False,iid,0.1,2,s016,5,18.750000000000004,1.0869565217391297,8.0,43.0,56,36,36,0,0,6,0.72,14.06640625,48,10,8,0,2,3601,256,16,8,8,0,130.375,
aeqkad_res8,window,full,fidelity,False,True,16,0.05,25,8,False,iid,0.1,2,s016,6,23.25,2.33695652173913,10.0,49.5,56,32,32,0,0,6,0.64,13.88671875,46,9,4,0,5,3555,256,16,8,8,0,157.75,
aeqkad_res8,window,full,fidelity,False,True,16,0.05,25,8,False,iid,0.1,2,s016,7,63.0,54.673913043478265,82.0,39.5,56,2,2,0,0,6,0.04,12.35546875,11,6,0,0,3,3163,256,16,8,8,0,210.375,
aeqkad_res8,window,full,fidelity,False,True,16,0.05,25,8,False,iid,0.1,2,s016,8,59.74999999999999,54.673913043478265,60.0,57.49999999999999,56,10,10,0,0,6,0.2,13.2265625,24,8,1,0,6,3386,256,16,8,8,0,213.8125,68.0
window_res4,window,none,fidelity,False,True,16,0.05,25,4,False,iid,0.1,0,s016,2,13.750000000000002,3.423913043478259,4.0,50.0,56,52,48,4,0,6,0.96,12.91796875,0,0,0,0,0,3307,256,16,4,4,0,24.1875,
window_res4,window,none,fidelity,False,True,16,0.05,25,4,False,iid,0.1,0,s016,3,22.499999999999996,10.434782608695654,12.0,54.0,56,47,44,3,0,6,0.88,14.60546875,0,0,0,0,0,3739,256,16,4,4,0,38.1875,
window_res4,window,none,fidelity,False,True,16,0.05,25,4,False,iid,0.1,0,s016,4,30.25,10.434782608695654,10.0,61.5,56,49,45,4,0,6,0.9,15.75,0,0,0,0,0,4032,256,16,4,4,1,52.1875,
window_res4,window,none,fidelity,False,True,16,0.05,25,4,False,iid,0.1,0,s016,5,23.5,4.67391304347826,8.0,76.0,56,49,46,3,0,6,0.92,14.95703125,0,0,0,0,0,3829,256,16,4,4,1,66.9375,
window_res4,window,none,fidelity,False,True,16,0.05,25,4,False,iid,0.1,0,s016,6,28.500000000000004,9.347826086956525,10.0,75.5,56,49,45,4,0,6,0.9,14.953125,0,0,0,0,0,3828,256,16,4,4,1,80.5625,
window_res4,window,none,fidelity,False,True,16,0.05,25,4,False,iid,0.1,0,s016,7,21.999999999999996,14.021739130434785,4.0,86.5,56,53,48,5,0,6,0.96,13.73828125,0,0,0,0,0,3517,256,16,4,4,0,94.75,
window_res4,window,none,fidelity,False,True,16,0.05,25,4,False,iid,0.1,0,s016,8,24.0,14.021739130434785,4.0,74.0,56,53,48,5,0,6,0.96,14.43359375,0,0,0,0,0,3695,256,16,4,4,1,108.1875,56.00000000000001
window_res4,window,none,fidelity,False,True,16,0.05,25,4,False,iid,0.1,1,s016,2,9.749999999999998,3.423913043478259,4.0,28.499999999999996,56,50,48,2,0,6,0.96,12.38671875,0,0,0,0,0,3171,256,16,4,4,0,24.75,
window_res4,window,none,fidelity,False,True,16,0.05,25,4,False,iid,0.1,1,s016,3,27.500000000000004,12.771739130434783,20.0,42.5,56,42,40,2,0,6,0.8,14.2890625,0,0,0,0,0,3658,256,16,4,4,0,38.8125,
window_res4,window,none,fidelity,False,True,16,0.05,25,4,False,iid,0.1,1,s016,4,24.25,7.17391304347826,24.0,32.5,56,39,38,1,0,6,0.76,15.48046875,0,0,0,0,0,3963,256,16,4,4,0,55.3125,
window_res4,window,none,fidelity,False,True,16,0.05,25,4,False,iid,0.1,1,s016,5,21.249999999999996,3.75,12.0,51.0,56,49,44,5,0,6,0.88,14.70703125,0,0,0,0,0,3765,256,16,4,4,2,66.4375,
window_res4,window,none,fidelity,False,True,16,0.05,25,4,False,iid,0.1,1,s016,6,28.749999999999996,16.195652173913043,12.0,56.49999999999999,56,47,44,3,0,6,0.88,14.71875,0,0,0,0,0,3768,256,16,4,4,0,80.1875,
window_res4,window,none,fidelity,False,True,16,0.05,25,4,False,iid,0.1,1,s016,7,41.75,37.22826086956522,40.0,47.5,56,34,30,4,0,6,0.6,12.73046875,0,0,0,0,0,3259,256,16,4,4,3,95.1875,
window_res4,window,none,fidelity,False,True,16,0.05,25,4,False,iid,0.1,1,s016,8,23.75,15.108695652173914,8.0,67.0,56,48,46,2,0,6,0.92,14.296875,0,0,0,0,0,3660,256,16,4,4,1,108.5625,16.0
window_res4,window,none,fidelity,False,True,16,0.05,25,4,False,iid,0.1,2,s016,2,8.249999999999998,0.0,4.0,37.5,56,49,48,1,0,6,0.96,12.28515625,0,0,0,0,0,3145,256,16,4,4,0,24.1875,
window_res4,window,none,fidelity,False,True,16,0.05,25,4,False,iid,0.1,2,s016,3,27.0,12.771739130434783,12.0,57.99999999999999,56,47,44,3,0,6,0.88,14.63671875,0,0,0,0,0,3747,256,16,4,4,0,38.1875,
window_res4,window,none,fidelity,False,True,16,0.05,25,4,False,iid,0.1,2,s016,4,35.0,12.771739130434783,20.0,58.5,56,43,40,3,0,6,0.8,15.82421875,0,0,0,0,0,4051,256,16,4,4,2,52.25,
window_res4,window,none,fidelity,False,True,16,0.05,25,4,False,iid,0.1,2,s016,5,22.0,5.923913043478259,6.0,69.0,56,50,47,3,0,6,0.94,14.7421875,0,0,0,0,0,3774,256,16,4,4,1,66.1875,
window_res4,window,none,fidelity,False,True,16,0.05,25,4,False,iid,0.1,2,s016,6,23.5,7.01086956521739,8.0,60.0,56,47,46,1,0,6,0.92,14.8984375,0,0,0,0,0,3814,256,16,4,4,0,80.1875,
window_res4,window,none,fidelity,False,True,16,0.05,25,4,False,iid,0.1,2,s016,7,31.75,26.79347826086957,18.0,71.5,56,45,41,4,0,6,0.82,13.26171875,0,0,0,0,0,3395,256,16,4,4,1,94.6875,
window_res4,window,none,fidelity,False,True,16,0.05,25,4,False,iid,0.1,2,s016,8,26.25,15.108695652173914,4.0,78.0,56,52,48,4,0,6,0.96,14.66015625,0,0,0,0,0,3753,256,16,4,4,0,108.1875,64.0
window_res8,window,none,fidelity,False,True,16,0.05,25,8,False,iid,0.1,0,s016,2,13.5,2.33695652173913,4.0,46.0,56,52,48,4,0,6,0.96,13.375,0,0,0,0,0,3424,256,16,8,8,0,45.5625,
window_res8,window,none,fidelity,False,True,16,0.05,25,8,False,iid,0.1,0,s016,3,18.250000000000004,8.097826086956525,4.0,56.49999999999999,56,52,48,4,0,6,0.96,14.390625,0,0,0,0,0,3684,256,16,8,8,0,73.5625,
window_res8,window,none,fidelity,False,True,16,0.05,25,8,False,iid,0.1,0,s016,4,30.500000000000004,9.347826086956525,12.0,63.5,56,49,44,5,0,6,0.88,14.9453125,0,0,0,0,0,3826,256,16,8,8,0,101.5625,
window_res8,window,none,fidelity,False,True,16,0.05,25,8,False,iid,0.1,0,s016,5,27.249999999999996,1.0869565217391297,6.0,76.0,56,51,47,4,0,6,0.94,14.8046875,0,0,0,0,0,3790,256,16,8,8,1,129.5625,
window_res8,window,none,fidelity,False,True,16,0.05,25,8,False,iid,0.1,0,s016,6,25.5,7.01086956521739,10.0,76.0,56,50,45,5,0,6,0.9,14.53125,0,0,0,0,0,3720,256,16,8,8,2,157.5625,
window_res8,window,none,fidelity,False,True,16,0.05,25,8,False,iid,0.1,0,s016,7,25.5,12.771739130434783,8.0,84.5,56,51,46,5,0,6,0.92,13.90625,0,0,0,0,0,3560,256,16,8,8,0,185.5625,
window_res8,window,none,fidelity,False,True,16,0.05,25,8,False,iid,0.1,0,s016,8,20.249999999999996,11.684782608695654,4.0,76.0,56,53,48,5,0,6,0.96,14.328125,0,0,0,0,0,3668,256,16,8,8,1,213.5625,66.0
window_res8,window,none,fidelity,False,True,16,0.05,25,8,False,iid,0.1,1,s016,2,9.25,2.33695652173913,4.0,47.5,56,50,48,2,0,6,0.96,13.31640625,0,0,0,0,0,3409,256,16,8,8,0,45.875,
window_res8,window,none,fidelity,False,True,16,0.05,25,8,False,iid,0.1,1,s016,3,20.499999999999996,10.434782608695654,4.0,60.0,56,50,48,2,0,6,0.96,14.3671875,0,0,0,0,0,3678,256,16,8,8,0,73.9375,
window_res8,window,none,fidelity,False,True,16,0.05,25,8,False,iid,0.1,1,s016,4,28.500000000000004,4.67391304347826,18.0,49.5,56,42,41,1,0,6,0.82,14.8046875,0,0,0,0,0,3790,256,16,8,8,0,102.875,
window_res8,window,none,fidelity,False,True,16,0.05,25,8,False,iid,0.1,1,s016,5,24.5,8.097826086956525,6.0,65.0,56,52,47,5,0,6,0.94,14.703125,0,0,0,0,0,3764,256,16,8,8,2,129.5625,
window_res8,window,none,fidelity,False,True,16,0.05,25,8,False,iid,0.1,1,s016,6,25.0,12.771739130434783,10.0,65.0,56,48,45,3,0,6,0.9,14.3984375,0,0,0,0,0,3686,256,16,8,8,0,157.5625,
window_res8,window,none,fidelity,False,True,16,0.05,25,8,False,iid,0.1,1,s016,7,27.750000000000004,17.282608695652176,14.000000000000002,70.0,56,48,43,5,0,6,0.86,13.796875,0,0,0,0,0,3532,256,16,8,8,3,185.8125,
window_res8,window,none,fidelity,False,True,16,0.05,25,8,False,iid,0.1,1,s016,8,25.5,19.782608695652172,6.0,85.5,56,52,47,5,0,6,0.94,14.38671875,0,0,0,0,0,3683,256,16,8,8,1,213.75,10.0
window_res8,window,none,fidelity,False,True,16,0.05,25,8,False,iid,0.1,2,s016,2,6.250000000000003,0.0,6.0,25.5,56,47,47,0,0,6,0.94,13.10546875,0,0,0,0,0,3355,256,16,8,8,0,45.5625,
window_res8,window,none,fidelity,False,True,16,0.05,25,8,False,iid,0.1,2,s016,3,24.0,12.771739130434783,4.0,49.5,56,52,48,4,0,6,0.96,14.3828125,0,0,0,0,0,3682,256,16,8,8,0,73.5625,
window_res8,window,none,fidelity,False,True,16,0.05,25,8,False,iid,0.1,2,s016,4,31.499999999999993,8.097826086956525,18.0,49.5,56,44,41,3,0,6,0.82,14.8671875,0,0,0,0,0,3806,256,16,8,8,1,101.5625,
window_res8,window,none,fidelity,False,True,16,0.05,25,8,False,iid,0.1,2,s016,5,19.249999999999996,2.5,8.0,60.0,56,49,46,3,0,6,0.92,14.63671875,0,0,0,0,0,3747,256,16,8,8,1,129.5625,
window_res8,window,none,fidelity,False,True,16,0.05,25,8,False,iid,0.1,2,s016,6,20.499999999999996,7.01086956521739,12.0,51.5,56,45,44,1,0,6,0.88,14.45703125,0,0,0,0,0,3701,256,16,8,8,0,157.5625,
window_res8,window,none,fidelity,False,True,16,0.05,25,8,False,iid,0.1,2,s016,7,31.999999999999996,23.20652173913043,22.0,68.0,56,43,39,4,0,6,0.78,13.96875,0,0,0,0,0,3576,256,16,8,8,1,185.8125,
window_res8,window,none,fidelity,False,True,16,0.05,25,8,False,iid,0.1,2,s016,8,22.749999999999996,9.510869565217389,6.0,69.5,56,52,47,5,0,6,0.94,14.23046875,0,0,0,0,0,3643,256,16,8,8,0,213.5625,68.0
aeqkad_res4,window,full,fidelity,False,True,16,0.05,25,4,False,iid,0.1,0,s017,2,12.25,0.0,12.0,20.5,56,37,37,0,0,6,0.74,13.41015625,46,9,0,0,0,3433,256,16,4,4,0,26.375,
aeqkad_res4,window,full,fidelity,False,True,16,0.05,25,4,False,iid,0.1,0,s017,3,10.749999999999998,2.33695652173913,10.0,10.5,56,41,40,1,0,6,0.8,12.16796875,46,5,0,0,0,3115,256,16,4,4,1,39.375,
aeqkad_res4,window,full,fidelity,False,True,16,0.05,25,4,False,iid,0.1,0,s017,4,15.750000000000004,0.0,18.0,12.0,56,37,37,0,0,6,0.74,11.65234375,41,4,0,0,0,2983,256,16,4,4,0,54.8125,
aeqkad_res4,window,full,fidelity,False,True,16,0.05,25,4,False,iid,0.1,0,s017,5,10.499999999999998,1.25,10.0,9.5,56,43,42,1,0,6,0.84,11.2265625,46,3,0,0,0,2874,256,16,4,4,1,67.75,
aeqkad_res4,window,full,fidelity,False,True,16,0.05,25,4,False,iid,0.1,0,s017,6,15.000000000000002,0.0,16.0,14.000000000000002,56,38,38,0,0,6,0.76,11.5546875,43,5,0,0,0,2958,256,16,4,4,0,83.0,
aeqkad_res4,window,full,fidelity,False,True,16,0.05,25,4,False,iid,0.1,0,s017,7,7.999999999999999,1.25,10.0,16.0,56,43,43,0,0,6,0.86,12.99609375,46,3,0,0,0,3327,256,16,4,4,0,95.6875,
aeqkad_res4,window,full,fidelity,False,True,16,0.05,25,4,False,iid,0.1,0,s017,8,8.249999999999998,0.0,6.0,13.0,56,44,44,0,0,6,0.88,13.0078125,49,5,0,0,0,3330,256,16,4,4,0,110.3125,12.0
aeqkad_res4,window,full,fidelity,False,True,16,0.05,25,4,False,iid,0.1,1,s017,2,11.5,0.0,14.000000000000002,9.0,56,37,37,0,0,6,0.74,13.5390625,43,6,0,0,0,3466,256,16,4,4,0,26.625,
aeqkad_res4,window,full,fidelity,False,True,16,0.05,25,4,False,iid,0.1,1,s017,3,10.499999999999998,0.0,10.0,6.0,56,40,40,0,0,6,0.8,12.29296875,45,5,0,0,0,3147,256,16,4,4,0,40.8125,
aeqkad_res4,window,full,fidelity,False,True,16,0.05,25,4,False,iid,0.1,1,s017,4,14.500000000000002,0.0,20.0,5.5,56,37,37,0,0,6,0.74,11.6875,42,5,0,0,0,2992,256,16,4,4,0,54.25,
aeqkad_res4,window,full,fidelity,False,True,16,0.05,25,4,False,iid,0.1,1,s017,5,10.499999999999998,0.0,12.0,3.5000000000000004,56,42,42,0,0,6,0.84,11.07421875,44,2,0,0,0,2835,256,16,4,4,0,68.375,
aeqkad_res4,window,full,fidelity,False,True,16,0.05,25,4,False,iid,0.1,1,s017,6,18.25,1.25,20.0,7.5,56,38,38,0,0,6,0.76,12.04296875,41,3,1,0,0,3083,256,16,4,4,0,81.875,
aeqkad_res4,window,full,fidelity,False,True,16,0.05,25,4,False,iid,0.1,1,s017,7,9.25,2.33695652173913,10.0,9.0,56,43,43,0,0,6,0.86,12.8515625,45,2,0,0,0,3290,256,16,4,4,0,96.0,
aeqkad_res4,window,full,fidelity,False,True,16,0.05,25,4,False,iid,0.1,1,s017,8,7.749999999999998,0.0,10.0,6.0,56,44,44,0,0,6,0.88,12.62109375,45,1,0,0,0,3231,256,16,4,4,0,108.6875,0.0
aeqkad_res4,window,full,fidelity,False,True,16,0.05,25,4,False,iid,0.1,2,s017,2,10.5,0.0,12.0,18.0,56,36,36,0,0,6,0.72,13.40625,45,9,0,0,0,3432,256,16,4,4,0,25.875,
aeqkad_res4,window,full,fidelity,False,True,16,0.05,25,4,False,iid,0.1,2,s017,3,8.5,2.33695652173913,10.0,12.0,56,40,40,0,0,6,0.8,12.22265625,46,6,0,0,0,3129,256,16,4,4,0,40.0,
aeqkad_res4,window,full,fidelity,False,True,16,0.05,25,4,False,iid,0.1,2,s017,4,17.0,0.0,18.0,10.0,56,36,36,0,0,6,0.72,11.51953125,41,4,0,0,1,2949,256,16,4,4,0,54.25,
aeqkad_res4,window,full,fidelity,False,True,16,0.05,25,4,False,iid,0.1,2,s017,5,11.75,1.25,10.0,11.5,56,42,42,0,0,6,0.84,10.59375,45,3,0,0,0,2712,256,16,4,4,0,67.5625,
aeqkad_res4,window,full,fidelity,False,True,16,0.05,25,4,False,iid,0.1,2,s017,6,15.000000000000002,1.25,16.0,14.000000000000002,56,39,38,1,0,6,0.76,11.45703125,43,4,0,0,0,2933,256,16,4,4,1,81.75,
aeqkad_res4,window,full,fidelity,False,True,16,0.05,25,4,False,iid,0.1,2,s017,7,10.249999999999998,1.25,10.0,14.499999999999998,56,42,42,0,0,6,0.84,12.41015625,45,3,0,0,0,3177,256,16,4,4,0,96.25,
aeqkad_res4,window,full,fidelity,False,True,16,0.05,25,4,False,iid,0.1,2,s017,8,9.499999999999998,0.0,6.0,15.5,56,44,44,0,0,6,0.88,12.3359375,48,4,0,0,0,3158,256,16,4,4,0,110.3125,0.0
aeqkad_res8,window,full,fidelity,False,True,16,0.05,25,8,False,iid,0.1,0,s017,2,13.5,0.0,12.0,31.5,56,36,36,0,0,6,0.72,13.796875,46,10,0,0,0,3532,256,16,8,8,0,40.875,
aeqkad_res8,window,full,fidelity,False,True,16,0.05,25,8,False,iid,0.1,0,s017,3,9.25,2.33695652173913,6.0,19.5,56,42,41,1,0,6,0.82,11.7421875,49,7,0,0,0,3006,256,16,8,8,1,68.5,
aeqkad_res8,window,full,fidelity,False,True,16,0.05,25,8,False,iid,0.1,0,s017,4,15.500000000000004,2.33695652173913,12.0,22.5,56,37,37,0,0,6,0.74,11.453125,44,6,0,0,1,2932,256,16,8,8,0,97.375,
aeqkad_res8,window,full,fidelity,False,True,16,0.05,25,8,False,iid,0.1,0,s017,5,7.499999999999998,1.25,10.0,19.0,56,43,42,1,0,6,0.84,10.73046875,47,4,0,0,0,2747,256,16,8,8,0,124.6875,
aeqkad_res8,window,full,fidelity,False,True,16,0.05,25,8,False,iid,0.1,0,s017,6,16.000000000000004,0.0,12.0,25.0,56,39,39,0,0,6,0.78,11.33203125,45,5,0,0,1,2901,256,16,8,8,0,153.0,
aeqkad_res8,window,full,fidelity,False,True,16,0.05,25,8,False,iid,0.1,0,s017,7,9.25,1.25,10.0,29.5,56,43,43,0,0,6,0.86,12.328125,47,4,0,0,0,3156,256,16,8,8,0,180.875,
aeqkad_res8,window,full,fidelity,False,True,16,0.05,25,8,False,iid,0.1,0,s017,8,11.5,0.0,8.0,21.5,56,43,43,0,0,6,0.86,12.77734375,49,6,0,0,0,3271,256,16,8,8,0,209.75,22.0
aeqkad_res8,window,full,fidelity,False,True,16,0.05,25,8,False,iid,0.1,1,s017,2,14.000000000000002,0.0,16.0,23.0,56,39,39,0,0,6,0.78,13.7421875,42,3,30,0,0,3518,256,16,8,8,0,40.625,
aeqkad_res8,window,full,fidelity,False,True,16,0.05,25,8,False,iid,0.1,1,s017,3,8.249999999999998,0.0,10.0,11.0,56,44,44,0,0,6,0.88,12.50390625,45,1,36,0,0,3201,256,16,8,8,0,69.3125,
aeqkad_res8,window,full,fidelity,False,True,16,0.05,25,8,False,iid,0.1,1,s017,4,16.000000000000004,0.0,14.000000000000002,17.0,56,40,39,1,0,6,0.78,12.3671875,45,4,33,0,1,3166,256,16,8,8,0,97.0625,
aeqkad_res8,window,full,fidelity,False,True,16,0.05,25,8,False,iid,0.1,1,s017,5,13.5,0.0,12.0,10.5,56,42,42,0,0,6,0.84,10.953125,44,0,36,0,2,2804,256,16,8,8,0,125.1875,
aeqkad_res8,window,full,fidelity,False,True,16,0.05,25,8,False,iid,0.1,1,s017,6,16.250000000000004,1.25,16.0,14.000000000000002,56,40,40,0,0,6,0.8,12.0390625,44,4,33,0,0,3082,256,16,8,8,0,152.4375,
aeqkad_res8,window,full,fidelity,False,True,16,0.05,25,8,False,iid,0.1,1,s017,7,7.749999999999998,0.0,10.0,18.5,56,44,44,0,0,6,0.88,13.24609375,47,3,38,0,0,3391,256,16,8,8,0,180.9375,
aeqkad_res8,window,full,fidelity,False,True,16,0.05,25,8,False,iid,0.1,1,s017,8,8.249999999999998,0.0,8.0,11.5,56,44,44,0,0,6,0.88,13.296875,46,2,35,0,0,3404,256,16,8,8,0,208.6875,0.0
aeqkad_res8,window,full,fidelity,False,True,16,0.05,25,8,False,iid,0.1,2,s017,2,15.250000000000002,0.0,16.0,14.499999999999998,56,37,37,0,0,6,0.74,13.9140625,42,5,20,0,0,3562,256,16,8,8,0,40.625,
aeqkad_res8,window,full,fidelity,False,True,16,0.05,25,8,False,iid,0.1,2,s017,3,9.499999999999998,2.33695652173913,10.0,10.5,56,41,41,0,0,6,0.82,11.87890625,46,4,21,0,1,3041,256,16,8,8,0,68.625,
aeqkad_res8,window,full,fidelity,False,True,16,0.05,25,8,False,iid,0.1,2,s017,4,14.250000000000002,0.0,18.0,10.0,56,36,36,0,0,6,0.72,11.8125,41,3,20,0,2,3024,256,16,8,8,0,97.0625,
aeqkad_res8,window,full,fidelity,False,True,16,0.05,25,8,False,iid,0.1,2,s017,5,8.5,1.25,12.0,10.0,56,42,42,0,0,6,0.84,10.453125,44,2,22,0,0,2676,256,16,8,8,0,124.625,
aeqkad_res8,window,full,fidelity,False,True,16,0.05,25,8,False,iid,0.1,2,s017,6,15.250000000000002,1.25,18.0,12.5,56,39,39,0,0,6,0.78,11.78515625,42,3,25,0,0,3017,256,16,8,8,0,152.875,
aeqkad_res8,window,full,fidelity,False,True,16,0.05,25,8,False,iid,0.1,2,s017,7,8.5,3.423913043478259,10.0,14.000000000000002,56,44,44,0,0,6,0.88,12.57421875,45,1,29,0,0,3219,256,16,8,8,0,181.1875,
aeqkad_res8,window,full,fidelity,False,True,16,0.05,25,8,False,iid,0.1,2,s017,8,11.249999999999998,0.0,10.0,12.0,56,44,44,0,0,6,0.88,12.78125,46,2,28,0,0,3272,256,16,8,8,0,209.8125,0.0
window_res4,window,none,fidelity,False,True,16,0.05,25,4,False,iid,0.1,0,s017,2,9.499999999999998,0.0,4.0,19.5,56,50,48,2,0,6,0.96,14.01171875,0,0,0,0,0,3587,256,16,4,4,0,25.0,
window_res4,window,none,fidelity,False,True,16,0.05,25,4,False,iid,0.1,0,s017,3,9.0,0.0,10.0,13.5,56,47,45,2,0,6,0.9,12.75390625,0,0,0,0,0,3265,256,16,4,4,1,38.75,
window_res4,window,none,fidelity,False,True,16,0.05,25,4,False,iid,0.1,0,s017,4,14.250000000000002,0.0,14.000000000000002,14.000000000000002,56,43,43,0,0,6,0.86,12.0078125,0,0,0,0,0,3074,256,16,4,4,0,54.6875,
window_res4,window,none,fidelity,False,True,16,0.05,25,4,False,iid,0.1,0,s017,5,10.749999999999998,1.25,10.0,10.0,56,46,45,1,0,6,0.9,11.1796875,0,0,0,0,0,2862,256,16,4,4,1,67.25,
window_res4,window,none,fidelity,False,True,16,0.05,25,4,False,iid,0.1,0,s017,6,13.25,0.0,14.000000000000002,15.5,56,44,43,1,0,6,0.86,12.33984375,0,0,0,0,0,3159,256,16,4,4,0,82.0625,
window_res4,window,none,fidelity,False,True,16,0.05,25,4,False,iid,0.1,0,s017,7,7.749999999999998,1.25,10.0,18.0,56,46,45,1,0,6,0.9,12.75,0,0,0,0,0,3264,256,16,4,4,0,95.6875,
window_res4,window,none,fidelity,False,True,16,0.05,25,4,False,iid,0.1,0,s017,8,7.999999999999999,0.0,6.0,14.000000000000002,56,49,47,2,0,6,0.94,13.09375,0,0,0,0,0,3352,256,16,4,4,2,109.3125,14.000000000000002
window_res4,window,none,fidelity,False,True,16,0.05,25,4,False,iid,0.1,1,s017,2,11.0,0.0,18.0,8.5,56,41,41,0,0,6,0.82,13.4765625,0,0,0,0,0,3450,256,16,4,4,0,25.0625,
window_res4,window,none,fidelity,False,True,16,0.05,25,4,False,iid,0.1,1,s017,3,9.749999999999998,0.0,10.0,6.5,56,45,45,0,0,6,0.9,12.8203125,0,0,0,0,0,3282,256,16,4,4,0,40.0625,
window_res4,window,none,fidelity,False,True,16,0.05,25,4,False,iid,0.1,1,s017,4,16.000000000000004,0.0,18.0,7.5,56,43,41,2,0,6,0.82,12.29296875,0,0,0,0,0,3147,256,16,4,4,0,54.125,
window_res4,window,none,fidelity,False,True,16,0.05,25,4,False,iid,0.1,1,s017,5,10.499999999999998,0.0,12.0,4.5,56,44,44,0,0,6,0.88,11.08984375,0,0,0,0,0,2839,256,16,4,4,0,68.375,
window_res4,window,none,fidelity,False,True,16,0.05,25,4,False,iid,0.1,1,s017,6,10.5,1.25,16.0,7.5,56,43,42,1,0,6,0.84,12.71484375,0,0,0,0,0,3255,256,16,4,4,0,81.0,
window_res4,window,none,fidelity,False,True,16,0.05,25,4,False,iid,0.1,1,s017,7,7.999999999999999,0.0,10.0,11.0,56,45,45,0,0,6,0.9,12.73828125,0,0,0,0,0,3261,256,16,4,4,0,96.0,
window_res4,window,none,fidelity,False,True,16,0.05,25,4,False,iid,0.1,1,s017,8,7.999999999999999,0.0,10.0,6.5,56,45,45,0,0,6,0.9,12.703125,0,0,0,0,0,3252,256,16,4,4,0,108.6875,0.0
window_res4,window,none,fidelity,False,True,16,0.05,25,4,False,iid,0.1,2,s017,2,10.749999999999998,0.0,6.0,21.5,56,48,47,1,0,6,0.94,14.08203125,0,0,0,0,0,3605,256,16,4,4,0,24.5625,
window_res4,window,none,fidelity,False,True,16,0.05,25,4,False,iid,0.1,2,s017,3,9.499999999999998,0.0,10.0,13.0,56,46,45,1,0,6,0.9,12.6484375,0,0,0,0,0,3238,256,16,4,4,0,39.1875,
window_res4,window,none,fidelity,False,True,16,0.05,25,4,False,iid,0.1,2,s017,4,12.000000000000002,0.0,14.000000000000002,11.5,56,43,43,0,0,6,0.86,11.921875,0,0,0,0,0,3052,256,16,4,4,0,54.125,
window_res4,window,none,fidelity,False,True,16,0.05,25,4,False,iid,0.1,2,s017,5,12.5,1.25,12.0,13.0,56,44,44,0,0,6,0.88,10.7734375,0,0,0,0,0,2758,256,16,4,4,0,67.5625,
window_res4,window,none,fidelity,False,True,16,0.05,25,4,False,iid,0.1,2,s017,6,14.000000000000002,1.25,12.0,17.0,56,45,44,1,0,6,0.88,12.26171875,0,0,0,0,0,3139,256,16,4,4,1,80.9375,
window_res4,window,none,fidelity,False,True,16,0.05,25,4,False,iid,0.1,2,s017,7,8.5,3.423913043478259,8.0,16.0,56,46,46,0,0,6,0.92,12.6640625,0,0,0,0,0,3242,256,16,4,4,0,95.375,
window_res4,window,none,fidelity,False,True,16,0.05,25,4,False,iid,0.1,2,s017,8,9.499999999999998,0.0,6.0,17.0,56,48,47,1,0,6,0.94,13.03515625,0,0,0,0,0,3337,256,16,4,4,1,109.9375,0.0
window_res8,window,none,fidelity,False,True,16,0.05,25,8,False,iid,0.1,0,s017,2,14.500000000000002,0.0,14.000000000000002,36.0,56,45,43,2,0,6,0.86,13.984375,0,0,0,0,0,3580,256,16,8,8,0,40.4375,
window_res8,window,none,fidelity,False,True,16,0.05,25,8,False,iid,0.1,0,s017,3,9.25,0.0,8.0,25.0,56,49,46,3,0,6,0.92,12.1171875,0,0,0,0,0,3102,256,16,8,8,1,68.25,
window_res8,window,none,fidelity,False,True,16,0.05,25,8,False,iid,0.1,0,s017,4,14.250000000000002,0.0,6.0,26.0,56,47,47,0,0,6,0.94,12.48828125,0,0,0,0,0,3197,256,16,8,8,0,96.5,
window_res8,window,none,fidelity,False,True,16,0.05,25,8,False,iid,0.1,0,s017,5,7.499999999999998,1.25,8.0,23.0,56,48,46,2,0,6,0.92,11.14453125,0,0,0,0,0,2853,256,16,8,8,0,124.4375,
window_res8,window,none,fidelity,False,True,16,0.05,25,8,False,iid,0.1,0,s017,6,14.500000000000002,0.0,10.0,27.500000000000004,56,46,45,1,0,6,0.9,11.859375,0,0,0,0,0,3036,256,16,8,8,0,153.0,
window_res8,window,none,fidelity,False,True,16,0.05,25,8,False,iid,0.1,0,s017,7,8.5,3.423913043478259,10.0,30.5,56,48,45,3,0,6,0.9,12.94140625,0,0,0,0,0,3313,256,16,8,8,0,180.875,
window_res8,window,none,fidelity,False,True,16,0.05,25,8,False,iid,0.1,0,s017,8,7.749999999999998,0.0,8.0,24.5,56,49,46,3,0,6,0.92,13.09765625,0,0,0,0,0,3353,256,16,8,8,1,209.125,26.0
window_res8,window,none,fidelity,False,True,16,0.05,25,8,False,iid,0.1,1,s017,2,15.000000000000002,0.0,16.0,24.5,56,42,42,0,0,6,0.84,13.80859375,0,0,0,0,0,3535,256,16,8,8,0,40.25,
window_res8,window,none,fidelity,False,True,16,0.05,25,8,False,iid,0.1,1,s017,3,11.75,0.0,10.0,13.5,56,46,45,1,0,6,0.9,12.6328125,0,0,0,0,0,3234,256,16,8,8,1,68.375,
window_res8,window,none,fidelity,False,True,16,0.05,25,8,False,iid,0.1,1,s017,4,13.25,0.0,10.0,15.0,56,47,45,2,0,6,0.9,13.11328125,0,0,0,0,0,3357,256,16,8,8,0,96.875,
window_res8,window,none,fidelity,False,True,16,0.05,25,8,False,iid,0.1,1,s017,5,12.5,0.0,12.0,12.0,56,45,44,1,0,6,0.88,11.328125,0,0,0,0,0,2900,256,16,8,8,1,124.625,
window_res8,window,none,fidelity,False,True,16,0.05,25,8,False,iid,0.1,1,s017,6,13.750000000000002,1.25,12.0,18.0,56,46,44,2,0,6,0.88,12.90234375,0,0,0,0,0,3303,256,16,8,8,0,152.4375,
window_res8,window,none,fidelity,False,True,16,0.05,25,8,False,iid,0.1,1,s017,7,10.0,0.0,10.0,17.5,56,47,45,2,0,6,0.9,13.4765625,0,0,0,0,0,3450,256,16,8,8,1,180.875,
window_res8,window,none,fidelity,False,True,16,0.05,25,8,False,iid,0.1,1,s017,8,9.499999999999998,0.0,8.0,14.000000000000002,56,47,46,1,0,6,0.92,13.55078125,0,0,0,0,0,3469,256,16,8,8,0,208.6875,2.0
window_res8,window,none,fidelity,False,True,16,0.05,25,8,False,iid,0.1,2,s017,2,15.000000000000002,0.0,16.0,16.0,56,42,42,0,0,6,0.84,14.05078125,0,0,0,0,0,3597,256,16,8,8,0,40.25,
window_res8,window,none,fidelity,False,True,16,0.05,25,8,False,iid,0.1,2,s017,3,7.999999999999999,0.0,10.0,13.5,56,46,45,1,0,6,0.9,12.33203125,0,0,0,0,0,3157,256,16,8,8,0,68.25,
window_res8,window,none,fidelity,False,True,16,0.05,25,8,False,iid,0.1,2,s017,4,14.500000000000002,0.0,14.000000000000002,12.0,56,43,43,0,0,6,0.86,12.21875,0,0,0,0,0,3128,256,16,8,8,0,97.0625,
window_res8,window,none,fidelity,False,True,16,0.05,25,8,False,iid,0.1,2,s017,5,13.25,1.25,12.0,11.5,56,44,44,0,0,6,0.88,10.64453125,0,0,0,0,0,2725,256,16,8,8,0,124.625,
window_res8,window,none,fidelity,False,True,16,0.05,25,8,False,iid,0.1,2,s017,6,13.5,1.25,14.000000000000002,14.499999999999998,56,44,43,1,0,6,0.86,11.93359375,0,0,0,0,0,3055,256,16,8,8,1,152.375,
window_res8,window,none,fidelity,False,True,16,0.05,25,8,False,iid,0.1,2,s017,7,8.249999999999998,3.423913043478259,10.0,14.499999999999998,56,45,45,0,0,6,0.9,12.8515625,0,0,0,0,0,3290,256,16,8,8,0,181.1875,
window_res8,window,none,fidelity,False,True,16,0.05,25,8,False,iid,0.1,2,s017,8,7.749999999999998,0.0,10.0,14.499999999999998,56,46,45,1,0,6,0.9,13.15625,0,0,0,0,0,3368,256,16,8,8,1,209.625,0.0
aeqkad_res4,window,full,fidelity,False,True,16,0.05,25,4,False,iid,0.1,0,s018,2,21.999999999999996,9.184782608695654,6.0,58.5,56,47,46,1,0,6,0.92,13.14453125,51,4,17,0,0,3365,256,16,4,4,0,23.625,
aeqkad_res4,window,full,fidelity,False,True,16,0.05,25,4,False,iid,0.1,0,s018,3,27.749999999999996,17.445652173913043,12.0,56.49999999999999,56,43,40,3,0,6,0.8,11.2734375,49,6,17,0,0,2886,256,16,4,4,1,37.6875,
aeqkad_res4,window,full,fidelity,False,True,16,0.05,25,4,False,iid,0.1,0,s018,4,28.249999999999996,16.358695652173914,12.0,63.5,56,40,39,1,0,6,0.78,12.390625,47,7,14,0,0,3172,256,16,4,4,0,52.9375,
aeqkad_res4,window,full,fidelity,False,True,16,0.05,25,4,False,iid,0.1,0,s018,5,23.5,8.097826086956525,6.0,57.99999999999999,56,48,45,3,0,6,0.9,11.12890625,51,3,16,0,0,2849,256,16,4,4,1,65.375,
aeqkad_res4,window,full,fidelity,False,True,16,0.05,25,4,False,iid,0.1,0,s018,6,30.000000000000004,17.445652173913043,16.0,55.50000000000001,56,39,39,0,0,6,0.78,10.7734375,45,5,17,0,1,2758,256,16,4,4,0,81.375,
aeqkad_res4,window,full,fidelity,False,True,16,0.05,25,4,False,iid,0.1,0,s018,7,33.24999999999999,22.1195652173913,14.000000000000002,74.0,56,42,39,3,0,6,0.78,12.0,46,4,9,0,0,3072,256,16,4,4,0,93.875,
aeqkad_res4,window,full,fidelity,False,True,16,0.05,25,4,False,iid,0.1,0,s018,8,30.75,20.869565217391305,20.0,64.0,56,38,36,2,0,6,0.72,12.00390625,42,4,17,0,0,3073,256,16,4,4,1,108.875,76.0
aeqkad_res4,window,full,fidelity,False,True,16,0.05,25,4,False,iid,0.1,1,s018,2,26.25,18.695652173913043,10.0,57.49999999999999,56,45,42,3,0,6,0.84,13.13671875,51,6,12,0,0,3363,256,16,4,4,0,24.125,
aeqkad_res4,window,full,fidelity,False,True,16,0.05,25,4,False,iid,0.1,1,s018,3,26.25,12.771739130434783,10.0,56.00000000000001,56,41,41,0,0,6,0.82,11.08203125,46,5,11,0,0,2837,256,16,4,4,0,37.1875,
aeqkad_res4,window,full,fidelity,False,True,16,0.05,25,4,False,iid,0.1,1,s018,4,28.749999999999996,18.532608695652172,10.0,61.5,56,39,38,1,0,6,0.76,11.65234375,49,10,11,0,0,2983,256,16,4,4,0,52.375,
aeqkad_res4,window,full,fidelity,False,True,16,0.05,25,4,False,iid,0.1,1,s018,5,20.499999999999996,5.923913043478259,6.0,55.00000000000001,56,47,44,3,0,6,0.88,10.7109375,50,3,10,0,0,2742,256,16,4,4,1,65.3125,
aeqkad_res4,window,full,fidelity,False,True,16,0.05,25,4,False,iid,0.1,1,s018,6,26.5,17.445652173913043,18.0,56.99999999999999,56,39,38,1,0,6,0.76,10.7265625,43,4,13,0,0,2746,256,16,4,4,1,80.125,
aeqkad_res4,window,full,fidelity,False,True,16,0.05,25,4,False,iid,0.1,1,s018,7,31.75,19.782608695652172,16.0,67.5,56,44,40,4,0,6,0.8,12.12109375,48,4,11,0,0,3103,256,16,4,4,0,94.0,
aeqkad_res4,window,full,fidelity,False,True,16,0.05,25,4,False,iid,0.1,1,s018,8,30.999999999999993,24.456521739130434,20.0,67.5,56,38,36,2,0,6,0.72,12.2265625,43,4,14,0,1,3130,256,16,4,4,1,109.6875,68.0
aeqkad_res4,window,full,fidelity,False,True,16,0.05,25,4,False,iid,0.1,2,s018,2,21.999999999999996,12.771739130434783,10.0,55.50000000000001,56,46,43,3,0,6,0.86,12.48828125,50,4,13,0,0,3197,256,16,4,4,1,23.625,
aeqkad_res4,window,full,fidelity,False,True,16,0.05,25,4,False,iid,0.1,2,s018,3,26.5,15.108695652173914,10.0,59.5,56,42,40,2,0,6,0.8,11.125,50,8,8,0,0,2848,256,16,4,4,0,37.75,
aeqkad_res4,window,full,fidelity,False,True,16,0.05,25,4,False,iid,0.1,2,s018,4,27.250000000000004,17.445652173913043,12.0,65.5,56,41,38,3,0,6,0.76,12.21875,49,8,8,0,0,3128,256,16,4,4,0,52.625,
aeqkad_res4,window,full,fidelity,False,True,16,0.05,25,4,False,iid,0.1,2,s018,5,20.999999999999996,5.760869565217389,6.0,45.0,56,44,44,0,0,6,0.88,10.65234375,49,5,5,0,0,2727,256,16,4,4,0,66.125,
aeqkad_res4,window,full,fidelity,False,True,16,0.05,25,4,False,iid,0.1,2,s018,6,30.500000000000004,22.1195652173913,18.0,62.0,56,43,38,5,0,6,0.76,10.88671875,46,3,12,0,0,2787,256,16,4,4,2,79.4375,
aeqkad_res4,window,full,fidelity,False,True,16,0.05,25,4,False,iid,0.1,2,s018,7,29.000000000000004,16.358695652173914,16.0,65.5,56,41,39,2,0,6,0.78,11.8671875,46,5,6,0,0,3038,256,16,4,4,1,93.25,
aeqkad_res4,window,full,fidelity,False,True,16,0.05,25,4,False,iid,0.1,2,s018,8,37.75,25.380434782608695,24.0,69.0,56,38,35,3,0,6,0.7,12.70703125,42,4,11,0,0,3253,256,16,4,4,0,109.5,88.0
aeqkad_res8,window,full,fidelity,False,True,16,0.05,25,8,False,iid,0.1,0,s018,2,22.249999999999996,14.021739130434785,10.0,56.99999999999999,56,44,43,1,0,6,0.86,11.3828125,47,2,21,0,1,2914,256,16,8,8,0,39.625,
aeqkad_res8,window,full,fidelity,False,True,16,0.05,25,8,False,iid,0.1,0,s018,3,27.750000000000004,16.358695652173914,12.0,55.50000000000001,56,42,38,4,0,6,0.76,10.70703125,49,7,20,0,0,2741,256,16,8,8,1,67.75,
aeqkad_res8,window,full,fidelity,False,True,16,0.05,25,8,False,iid,0.1,0,s018,4,31.999999999999996,16.195652173913043,12.0,66.5,56,37,36,1,0,6,0.72,11.6484375,48,11,16,0,0,2982,256,16,8,8,0,96.625,
aeqkad_res8,window,full,fidelity,False,True,16,0.05,25,8,False,iid,0.1,0,s018,5,18.750000000000004,5.923913043478259,8.0,60.5,56,47,44,3,0,6,0.88,10.50390625,50,3,18,0,0,2689,256,16,8,8,0,124.0,
aeqkad_res8,window,full,fidelity,False,True,16,0.05,25,8,False,iid,0.1,0,s018,6,30.75,18.695652173913043,18.0,60.5,56,40,40,0,0,6,0.8,10.359375,44,4,19,0,0,2652,256,16,8,8,0,152.5,
aeqkad_res8,window,full,fidelity,False,True,16,0.05,25,8,False,iid,0.1,0,s018,7,31.25,19.782608695652172,10.0,72.0,56,43,40,3,0,6,0.8,12.04296875,48,5,16,0,0,3083,256,16,8,8,0,180.25,
aeqkad_res8,window,full,fidelity,False,True,16,0.05,25,8,False,iid,0.1,0,s018,8,33.5,14.021739130434785,18.0,63.5,56,37,36,1,0,6,0.72,11.56640625,43,6,19,0,0,2961,256,16,8,8,0,208.625,72.0
aeqkad_res8,window,full,fidelity,False,True,16,0.05,25,8,False,iid,0.1,1,s018,2,25.25,15.108695652173914,10.0,57.49999999999999,56,47,44,3,0,6,0.88,11.6328125,50,3,23,0,0,2978,256,16,8,8,0,39.5625,
aeqkad_res8,window,full,fidelity,False,True,16,0.05,25,8,False,iid,0.1,1,s018,3,24.0,12.771739130434783,10.0,55.00000000000001,56,40,40,0,0,6,0.8,10.4453125,46,6,17,0,0,2674,256,16,8,8,0,67.3125,
aeqkad_res8,window,full,fidelity,False,True,16,0.05,25,8,False,iid,0.1,1,s018,4,34.5,22.1195652173913,12.0,56.99999999999999,56,37,36,1,0,6,0.72,11.41796875,49,12,15,0,0,2923,256,16,8,8,0,96.1875,
aeqkad_res8,window,full,fidelity,False,True,16,0.05,25,8,False,iid,0.1,1,s018,5,18.250000000000004,10.434782608695654,10.0,57.49999999999999,56,46,43,3,0,6,0.86,10.44921875,49,3,16,0,0,2675,256,16,8,8,1,123.625,
aeqkad_res8,window,full,fidelity,False,True,16,0.05,25,8,False,iid,0.1,1,s018,6,28.000000000000004,18.695652173913043,16.0,62.5,56,41,40,1,0,6,0.8,10.390625,45,4,21,0,0,2660,256,16,8,8,0,151.8125,
aeqkad_res8,window,full,fidelity,False,True,16,0.05,25,8,False,iid,0.1,1,s018,7,32.49999999999999,21.032608695652172,16.0,67.0,56,42,40,2,0,6,0.8,11.70703125,46,4,16,0,0,2997,256,16,8,8,0,180.375,
aeqkad_res8,window,full,fidelity,False,True,16,0.05,25,8,False,iid,0.1,1,s018,8,28.999999999999996,24.456521739130434,18.0,68.5,56,38,36,2,0,6,0.72,11.34375,44,5,24,0,1,2904,256,16,8,8,0,208.625,54.0
aeqkad_res8,window,full,fidelity,False,True,16,0.05,25,8,False,iid,0.1,2,s018,2,20.0,9.347826086956525,8.0,59.0,56,48,44,4,0,6,0.88,11.45703125,51,3,15,0,0,2933,256,16,8,8,1,39.5,
aeqkad_res8,window,full,fidelity,False,True,16,0.05,25,8,False,iid,0.1,2,s018,3,27.500000000000004,15.108695652173914,10.0,61.5,56,41,39,2,0,6,0.78,10.54296875,50,9,15,0,0,2699,256,16,8,8,0,67.8125,
aeqkad_res8,window,full,fidelity,False,True,16,0.05,25,8,False,iid,0.1,2,s018,4,30.25,20.869565217391305,12.0,69.0,56,41,38,3,0,6,0.76,11.3125,50,9,9,0,0,2896,256,16,8,8,0,96.0,
aeqkad_res8,window,full,fidelity,False,True,16,0.05,25,8,False,iid,0.1,2,s018,5,19.749999999999996,4.67391304347826,4.0,53.0,56,44,44,0,0,6,0.88,10.18359375,50,6,9,0,0,2607,256,16,8,8,0,124.125,
aeqkad_res8,window,full,fidelity,False,True,16,0.05,25,8,False,iid,0.1,2,s018,6,30.500000000000004,16.195652173913043,16.0,67.5,56,44,39,5,0,6,0.78,10.24609375,47,3,18,0,0,2623,256,16,8,8,2,151.5625,
aeqkad_res8,window,full,fidelity,False,True,16,0.05,25,8,False,iid,0.1,2,s018,7,31.75,19.782608695652172,12.0,64.0,56,41,39,2,0,6,0.78,11.71875,49,7,9,0,1,3000,256,16,8,8,1,179.8125,
aeqkad_res8,window,full,fidelity,False,True,16,0.05,25,8,False,iid,0.1,2,s018,8,28.499999999999996,26.79347826086957,18.0,74.0,56,39,36,3,0,6,0.72,11.140625,45,6,16,0,0,2852,256,16,8,8,0,208.25,90.0
window_res4,window,none,fidelity,False,True,16,0.05,25,4,False,iid,0.1,0,s018,2,21.0,10.434782608695654,6.0,58.5,56,51,47,4,0,6,0.94,13.61328125,0,0,0,0,0,3485,256,16,4,4,1,23.25,
window_res4,window,none,fidelity,False,True,16,0.05,25,4,False,iid,0.1,0,s018,3,24.75,15.108695652173914,12.0,59.0,56,49,44,5,0,6,0.88,11.85546875,0,0,0,0,0,3035,256,16,4,4,1,37.4375,
window_res4,window,none,fidelity,False,True,16,0.05,25,4,False,iid,0.1,0,s018,4,28.500000000000004,18.532608695652172,12.0,68.5,56,48,44,4,0,6,0.88,12.765625,0,0,0,0,0,3268,256,16,4,4,2,50.6875,
window_res4,window,none,fidelity,False,True,16,0.05,25,4,False,iid,0.1,0,s018,5,23.75,11.521739130434785,4.0,61.5,56,52,48,4,0,6,0.96,11.7265625,0,0,0,0,0,3002,256,16,4,4,2,64.875,
window_res4,window,none,fidelity,False,True,16,0.05,25,4,False,iid,0.1,0,s018,6,28.249999999999996,17.445652173913043,14.000000000000002,65.0,56,46,43,3,0,6,0.86,11.6484375,0,0,0,0,0,2982,256,16,4,4,1,79.8125,
window_res4,window,none,fidelity,False,True,16,0.05,25,4,False,iid,0.1,0,s018,7,32.00000000000001,24.293478260869566,14.000000000000002,73.5,56,46,43,3,0,6,0.86,12.53125,0,0,0,0,0,3208,256,16,4,4,0,93.5,
window_res4,window,none,fidelity,False,True,16,0.05,25,4,False,iid,0.1,0,s018,8,32.49999999999999,16.358695652173914,12.0,66.0,56,46,44,2,0,6,0.88,13.01953125,0,0,0,0,0,3333,256,16,4,4,1,106.875,80.0
window_res4,window,none,fidelity,False,True,16,0.05,25,4,False,iid,0.1,1,s018,2,27.500000000000004,18.695652173913043,10.0,61.5,56,51,45,6,0,6,0.9,13.39453125,0,0,0,0,0,3429,256,16,4,4,1,23.25,
window_res4,window,none,fidelity,False,True,16,0.05,25,4,False,iid,0.1,1,s018,3,26.75,10.597826086956525,10.0,56.00000000000001,56,46,45,1,0,6,0.9,11.5390625,0,0,0,0,0,2954,256,16,4,4,0,36.8125,
window_res4,window,none,fidelity,False,True,16,0.05,25,4,False,iid,0.1,1,s018,4,28.500000000000004,17.445652173913043,12.0,61.0,56,49,44,5,0,6,0.88,12.96875,0,0,0,0,0,3320,256,16,4,4,2,50.6875,
window_res4,window,none,fidelity,False,True,16,0.05,25,4,False,iid,0.1,1,s018,5,21.749999999999996,8.097826086956525,4.0,57.49999999999999,56,52,48,4,0,6,0.96,11.69140625,0,0,0,0,0,2993,256,16,4,4,1,64.6875,
window_res4,window,none,fidelity,False,True,16,0.05,25,4,False,iid,0.1,1,s018,6,31.499999999999993,18.695652173913043,16.0,69.0,56,46,42,4,0,6,0.84,12.08984375,0,0,0,0,0,3095,256,16,4,4,1,80.125,
window_res4,window,none,fidelity,False,True,16,0.05,25,4,False,iid,0.1,1,s018,7,27.750000000000004,20.869565217391305,16.0,70.0,56,47,42,5,0,6,0.84,12.13671875,0,0,0,0,0,3107,256,16,4,4,1,93.25,
window_res4,window,none,fidelity,False,True,16,0.05,25,4,False,iid,0.1,1,s018,8,29.25,22.1195652173913,12.0,71.0,56,48,44,4,0,6,0.88,13.58203125,0,0,0,0,0,3477,256,16,4,4,0,107.4375,48.0
window_res4,window,none,fidelity,False,True,16,0.05,25,4,False,iid,0.1,2,s018,2,21.999999999999996,13.858695652173914,8.0,58.5,56,51,46,5,0,6,0.92,13.0546875,0,0,0,0,0,3342,256,16,4,4,1,23.1875,
window_res4,window,none,fidelity,False,True,16,0.05,25,4,False,iid,0.1,2,s018,3,24.0,13.858695652173914,12.0,61.0,56,49,44,5,0,6,0.88,11.9453125,0,0,0,0,0,3058,256,16,4,4,1,36.6875,
window_res4,window,none,fidelity,False,True,16,0.05,25,4,False,iid,0.1,2,s018,4,28.249999999999996,15.108695652173914,12.0,65.5,56,49,44,5,0,6,0.88,12.94140625,0,0,0,0,0,3313,256,16,4,4,1,50.9375,
window_res4,window,none,fidelity,False,True,16,0.05,25,4,False,iid,0.1,2,s018,5,21.499999999999996,7.01086956521739,4.0,53.0,56,51,48,3,0,6,0.96,11.5234375,0,0,0,0,0,2950,256,16,4,4,1,64.6875,
window_res4,window,none,fidelity,False,True,16,0.05,25,4,False,iid,0.1,2,s018,6,28.000000000000004,17.608695652173914,12.0,67.5,56,49,44,5,0,6,0.88,11.7265625,0,0,0,0,0,3002,256,16,4,4,2,78.75,
window_res4,window,none,fidelity,False,True,16,0.05,25,4,False,iid,0.1,2,s018,7,29.000000000000004,23.20652173913043,14.000000000000002,67.5,56,48,43,5,0,6,0.86,12.64453125,0,0,0,0,0,3237,256,16,4,4,1,93.25,
window_res4,window,none,fidelity,False,True,16,0.05,25,4,False,iid,0.1,2,s018,8,32.25,22.1195652173913,12.0,79.0,56,48,44,4,0,6,0.88,13.6953125,0,0,0,0,0,3506,256,16,4,4,0,107.0625,92.0
window_res8,window,none,fidelity,False,True,16,0.05,25,8,False,iid,0.1,0,s018,2,21.999999999999996,9.184782608695654,10.0,61.5,56,48,45,3,0,6,0.9,11.7109375,0,0,0,0,0,2998,256,16,8,8,1,39.5625,
window_res8,window,none,fidelity,False,True,16,0.05,25,8,False,iid,0.1,0,s018,3,27.500000000000004,14.021739130434785,12.0,58.5,56,49,44,5,0,6,0.88,11.21484375,0,0,0,0,0,2871,256,16,8,8,1,67.75,
window_res8,window,none,fidelity,False,True,16,0.05,25,8,False,iid,0.1,0,s018,4,31.999999999999996,15.271739130434783,14.000000000000002,73.0,56,47,43,4,0,6,0.86,11.671875,0,0,0,0,0,2988,256,16,8,8,2,95.25,
window_res8,window,none,fidelity,False,True,16,0.05,25,8,False,iid,0.1,0,s018,5,21.0,5.923913043478259,8.0,61.0,56,50,46,4,0,6,0.92,10.99609375,0,0,0,0,0,2815,256,16,8,8,1,123.6875,
window_res8,window,none,fidelity,False,True,16,0.05,25,8,False,iid,0.1,0,s018,6,26.75,15.108695652173914,14.000000000000002,63.5,56,46,43,3,0,6,0.86,10.91796875,0,0,0,0,0,2795,256,16,8,8,1,151.6875,
window_res8,window,none,fidelity,False,True,16,0.05,25,8,False,iid,0.1,0,s018,7,31.75,20.869565217391305,14.000000000000002,71.0,56,46,43,3,0,6,0.86,12.0625,0,0,0,0,0,3088,256,16,8,8,0,179.625,
window_res8,window,none,fidelity,False,True,16,0.05,25,8,False,iid,0.1,0,s018,8,32.99999999999999,19.782608695652172,16.0,65.5,56,44,42,2,0,6,0.84,11.89453125,0,0,0,0,0,3045,256,16,8,8,1,207.5625,86.0
window_res8,window,none,fidelity,False,True,16,0.05,25,8,False,iid,0.1,1,s018,2,26.0,17.445652173913043,10.0,59.0,56,50,45,5,0,6,0.9,11.62890625,0,0,0,0,0,2977,256,16,8,8,0,39.5625,
window_res8,window,none,fidelity,False,True,16,0.05,25,8,False,iid,0.1,1,s018,3,26.0,15.108695652173914,10.0,58.5,56,48,45,3,0,6,0.9,11.2578125,0,0,0,0,0,2882,256,16,8,8,0,67.25,
window_res8,window,none,fidelity,False,True,16,0.05,25,8,False,iid,0.1,1,s018,4,27.250000000000004,17.445652173913043,14.000000000000002,57.99999999999999,56,49,43,6,0,6,0.86,11.83984375,0,0,0,0,0,3031,256,16,8,8,1,95.25,
window_res8,window,none,fidelity,False,True,16,0.05,25,8,False,iid,0.1,1,s018,5,20.0,10.434782608695654,10.0,60.0,56,49,45,4,0,6,0.9,10.74609375,0,0,0,0,0,2751,256,16,8,8,1,123.625,
window_res8,window,none,fidelity,False,True,16,0.05,25,8,False,iid,0.1,1,s018,6,29.75,17.445652173913043,20.0,66.5,56,44,40,4,0,6,0.8,10.98046875,0,0,0,0,0,2811,256,16,8,8,0,151.8125,
window_res8,window,none,fidelity,False,True,16,0.05,25,8,False,iid,0.1,1,s018,7,30.000000000000004,19.782608695652172,14.000000000000002,69.5,56,48,43,5,0,6,0.86,12.19140625,0,0,0,0,0,3121,256,16,8,8,0,179.6875,
window_res8,window,none,fidelity,False,True,16,0.05,25,8,False,iid,0.1,1,s018,8,33.75,18.532608695652172,8.0,69.0,56,50,46,4,0,6,0.92,11.8359375,0,0,0,0,0,3030,256,16,8,8,0,207.5,36.0
window_res8,window,none,fidelity,False,True,16,0.05,25,8,False,iid,0.1,2,s018,2,19.5,10.434782608695654,8.0,57.99999999999999,56,50,46,4,0,6,0.92,11.60546875,0,0,0,0,0,2971,256,16,8,8,1,39.5,
window_res8,window,none,fidelity,False,True,16,0.05,25,8,False,iid,0.1,2,s018,3,27.750000000000004,17.445652173913043,8.0,66.0,56,51,46,5,0,6,0.92,11.171875,0,0,0,0,0,2860,256,16,8,8,1,67.25,
window_res8,window,none,fidelity,False,True,16,0.05,25,8,False,iid,0.1,2,s018,4,32.49999999999999,19.782608695652172,14.000000000000002,69.5,56,49,43,6,0,6,0.86,11.984375,0,0,0,0,0,3068,256,16,8,8,1,95.25,
window_res8,window,none,fidelity,False,True,16,0.05,25,8,False,iid,0.1,2,s018,5,22.499999999999996,5.923913043478259,4.0,56.00000000000001,56,51,48,3,0,6,0.96,10.75390625,0,0,0,0,0,2753,256,16,8,8,1,123.25,
window_res8,window,none,fidelity,False,True,16,0.05,25,8,False,iid,0.1,2,s018,6,30.25,18.695652173913043,14.000000000000002,69.5,56,48,43,5,0,6,0.86,11.0,0,0,0,0,0,2816,256,16,8,8,2,151.25,
window_res8,window,none,fidelity,False,True,16,0.05,25,8,False,iid,0.1,2,s018,7,28.750000000000004,19.782608695652172,14.000000000000002,68.5,56,49,43,6,0,6,0.86,11.98828125,0,0,0,0,0,3069,256,16,8,8,1,179.3125,
window_res8,window,none,fidelity,False,True,16,0.05,25,8,False,iid,0.1,2,s018,8,31.499999999999993,23.20652173913043,6.0,82.5,56,53,47,6,0,6,0.94,12.140625,0,0,0,0,0,3108,256,16,8,8,0,207.25,90.0
aeqkad_res4,window,full,fidelity,False,True,16,0.05,25,4,False,iid,0.1,0,s019,2,13.25,2.33695652173913,12.0,27.0,56,34,34,0,0,6,0.68,11.953125,46,12,0,0,0,3060,256,16,4,4,0,25.125,
aeqkad_res4,window,full,fidelity,False,True,16,0.05,25,4,False,iid,0.1,0,s019,3,10.5,1.0869565217391297,12.0,19.5,56,42,42,0,0,6,0.84,9.86328125,47,5,0,0,0,2525,256,16,4,4,0,38.75,
aeqkad_res4,window,full,fidelity,False,True,16,0.05,25,4,False,iid,0.1,0,s019,4,15.750000000000004,3.423913043478259,12.0,26.5,56,36,36,0,0,6,0.72,10.91796875,45,9,0,0,0,2795,256,16,4,4,0,53.625,
aeqkad_res4,window,full,fidelity,False,True,16,0.05,25,4,False,iid,0.1,0,s019,5,12.75,4.67391304347826,4.0,36.0,56,43,43,0,0,6,0.86,10.90625,49,6,0,0,0,2792,256,16,4,4,0,65.1875,
aeqkad_res4,window,full,fidelity,False,True,16,0.05,25,4,False,iid,0.1,0,s019,6,8.249999999999998,2.33695652173913,6.0,28.999999999999996,56,44,44,0,0,6,0.88,10.765625,48,4,0,0,0,2756,256,16,4,4,0,80.75,
aeqkad_res4,window,full,fidelity,False,True,16,0.05,25,4,False,iid,0.1,0,s019,7,11.250000000000002,2.33695652173913,14.000000000000002,23.0,56,42,41,1,0,6,0.82,10.34765625,44,2,0,0,0,2649,256,16,4,4,1,95.0625,
aeqkad_res4,window,full,fidelity,False,True,16,0.05,25,4,False,iid,0.1,0,s019,8,5.499999999999998,0.0,4.0,20.0,56,46,46,0,0,6,0.92,10.33203125,51,5,0,0,0,2645,256,16,4,4,0,108.0,2.0
aeqkad_res4,window,full,fidelity,False,True,16,0.05,25,4,False,iid,0.1,1,s019,2,13.750000000000002,4.67391304347826,10.0,27.0,56,33,33,0,0,6,0.66,12.2578125,45,12,0,0,0,3138,256,16,4,4,0,24.875,
aeqkad_res4,window,full,fidelity,False,True,16,0.05,25,4,False,iid,0.1,1,s019,3,12.0,2.33695652173913,10.0,22.5,56,42,42,0,0,6,0.84,9.85546875,46,4,0,0,0,2523,256,16,4,4,0,39.1875,
aeqkad_res4,window,full,fidelity,False,True,16,0.05,25,4,False,iid,0.1,1,s019,4,15.750000000000004,2.1739130434782594,10.0,36.0,56,32,32,0,0,6,0.64,10.375,47,15,0,0,0,2656,256,16,4,4,0,54.8125,
aeqkad_res4,window,full,fidelity,False,True,16,0.05,25,4,False,iid,0.1,1,s019,5,12.75,4.67391304347826,4.0,37.0,56,44,43,1,0,6,0.86,11.02734375,50,6,0,0,0,2823,256,16,4,4,0,64.3125,
aeqkad_res4,window,full,fidelity,False,True,16,0.05,25,4,False,iid,0.1,1,s019,6,8.5,2.33695652173913,4.0,36.5,56,44,44,0,0,6,0.88,10.6796875,49,5,0,0,0,2734,256,16,4,4,0,79.25,
aeqkad_res4,window,full,fidelity,False,True,16,0.05,25,4,False,iid,0.1,1,s019,7,13.750000000000002,1.0869565217391297,12.0,32.5,56,41,41,0,0,6,0.82,10.30859375,46,5,0,0,0,2639,256,16,4,4,0,96.375,
aeqkad_res4,window,full,fidelity,False,True,16,0.05,25,4,False,iid,0.1,1,s019,8,10.249999999999998,0.0,2.0,24.5,56,46,46,0,0,6,0.92,10.328125,53,7,0,0,0,2644,256,16,4,4,0,108.75,6.0
aeqkad_res4,window,full,fidelity,False,True,16,0.05,25,4,False,iid,0.1,2,s019,2,12.25,1.0869565217391297,10.0,41.5,56,39,39,0,0,6,0.78,12.6171875,46,7,0,0,0,3230,256,16,4,4,0,22.875,
aeqkad_res4,window,full,fidelity,False,True,16,0.05,25,4,False,iid,0.1,2,s019,3,12.0,2.33695652173913,8.0,26.5,56,43,43,0,0,6,0.86,9.8984375,48,5,0,0,0,2534,256,16,4,4,0,37.5,
aeqkad_res4,window,full,fidelity,False,True,16,0.05,25,4,False,iid,0.1,2,s019,4,14.500000000000002,3.423913043478259,8.0,39.5,56,39,39,0,0,6,0.78,10.890625,48,9,0,0,0,2788,256,16,4,4,0,55.0625,
aeqkad_res4,window,full,fidelity,False,True,16,0.05,25,4,False,iid,0.1,2,s019,5,16.5,5.760869565217389,4.0,40.5,56,44,43,1,0,6,0.86,10.8359375,50,6,0,0,0,2774,256,16,4,4,0,65.9375,
aeqkad_res4,window,full,fidelity,False,True,16,0.05,25,4,False,iid,0.1,2,s019,6,7.999999999999999,2.33695652173913,6.0,39.5,56,46,45,1,0,6,0.9,10.9296875,49,3,0,0,0,2798,256,16,4,4,0,79.6875,
aeqkad_res4,window,full,fidelity,False,True,16,0.05,25,4,False,iid,0.1,2,s019,7,11.75,2.33695652173913,8.0,32.5,56,42,42,0,0,6,0.84,10.375,48,6,0,0,0,2656,256,16,4,4,0,95.5,
aeqkad_res4,window,full,fidelity,False,True,16,0.05,25,4,False,iid,0.1,2,s019,8,10.499999999999998,0.0,2.0,34.5,56,46,46,0,0,6,0.92,10.2578125,51,5,0,0,0,2626,256,16,4,4,0,108.8125,6.0
aeqkad_res8,window,full,fidelity,False,True,16,0.05,25,8,False,iid,0.1,0,s019,2,13.5,1.0869565217391297,10.0,32.0,56,40,40,0,0,6,0.8,11.51953125,48,8,0,0,0,2949,256,16,8,8,0,38.5625,
aeqkad_res8,window,full,fidelity,False,True,16,0.05,25,8,False,iid,0.1,0,s019,3,9.0,1.0869565217391297,6.0,28.999999999999996,56,43,43,0,0,6,0.86,10.6640625,50,7,0,0,0,2730,256,16,8,8,0,67.25,
aeqkad_res8,window,full,fidelity,False,True,16,0.05,25,8,False,iid,0.1,0,s019,4,13.750000000000002,0.0,10.0,38.0,56,41,41,0,0,6,0.82,11.625,47,6,0,0,0,2976,256,16,8,8,0,94.4375,
aeqkad_res8,window,full,fidelity,False,True,16,0.05,25,8,False,iid,0.1,0,s019,5,16.25,2.1739130434782594,4.0,44.0,56,44,43,1,0,6,0.86,11.23828125,49,5,0,0,0,2877,256,16,8,8,0,122.375,
aeqkad_res8,window,full,fidelity,False,True,16,0.05,25,8,False,iid,0.1,0,s019,6,8.75,1.25,6.0,38.0,56,45,45,0,0,6,0.9,11.546875,49,4,0,0,0,2956,256,16,8,8,0,150.9375,
aeqkad_res8,window,full,fidelity,False,True,16,0.05,25,8,False,iid,0.1,0,s019,7,16.25,2.33695652173913,8.0,35.0,56,44,43,1,0,6,0.86,11.61328125,49,5,0,0,0,2973,256,16,8,8,1,178.75,
aeqkad_res8,window,full,fidelity,False,True,16,0.05,25,8,False,iid,0.1,0,s019,8,5.249999999999997,0.0,2.0,34.5,56,46,46,0,0,6,0.92,11.2890625,53,6,0,0,1,2890,256,16,8,8,0,206.8125,16.0
aeqkad_res8,window,full,fidelity,False,True,16,0.05,25,8,False,iid,0.1,1,s019,2,11.75,4.67391304347826,10.0,18.0,56,39,39,0,0,6,0.78,11.52734375,45,6,4,0,0,2951,256,16,8,8,0,38.25,
aeqkad_res8,window,full,fidelity,False,True,16,0.05,25,8,False,iid,0.1,1,s019,3,13.750000000000002,1.0869565217391297,10.0,17.0,56,43,43,0,0,6,0.86,10.54296875,45,2,3,0,0,2699,256,16,8,8,0,67.125,
aeqkad_res8,window,full,fidelity,False,True,16,0.05,25,8,False,iid,0.1,1,s019,4,15.500000000000004,4.67391304347826,12.0,32.0,56,40,40,0,0,6,0.8,11.1640625,44,4,1,0,0,2858,256,16,8,8,0,93.875,
aeqkad_res8,window,full,fidelity,False,True,16,0.05,25,8,False,iid,0.1,1,s019,5,15.75,7.01086956521739,4.0,32.0,56,44,43,1,0,6,0.86,11.37890625,50,6,3,0,0,2913,256,16,8,8,0,121.4375,
aeqkad_res8,window,full,fidelity,False,True,16,0.05,25,8,False,iid,0.1,1,s019,6,8.75,4.67391304347826,6.0,32.0,56,45,45,0,0,6,0.9,11.2109375,47,2,1,0,0,2870,256,16,8,8,0,149.625,
aeqkad_res8,window,full,fidelity,False,True,16,0.05,25,8,False,iid,0.1,1,s019,7,15.000000000000002,1.0869565217391297,8.0,24.5,56,43,42,1,0,6,0.84,11.01171875,47,4,0,0,0,2819,256,16,8,8,1,179.0,
aeqkad_res8,window,full,fidelity,False,True,16,0.05,25,8,False,iid,0.1,1,s019,8,10.499999999999998,0.0,2.0,23.5,56,47,46,1,0,6,0.92,11.6328125,52,5,0,0,0,2978,256,16,8,8,0,206.9375,6.0
aeqkad_res8,window,full,fidelity,False,True,16,0.05,25,8,False,iid,0.1,2,s019,2,14.250000000000002,1.0869565217391297,10.0,27.500000000000004,56,42,42,0,0,6,0.84,11.8046875,46,4,21,0,0,3022,256,16,8,8,0,38.3125,
aeqkad_res8,window,full,fidelity,False,True,16,0.05,25,8,False,iid,0.1,2,s019,3,9.5,2.33695652173913,8.0,29.5,56,44,44,0,0,6,0.88,10.71484375,47,3,26,0,0,2743,256,16,8,8,0,66.6875,
aeqkad_res8,window,full,fidelity,False,True,16,0.05,25,8,False,iid,0.1,2,s019,4,14.500000000000002,0.0,10.0,33.5,56,42,42,0,0,6,0.84,11.83984375,46,4,21,0,0,3031,256,16,8,8,0,95.75,
aeqkad_res8,window,full,fidelity,False,True,16,0.05,25,8,False,iid,0.1,2,s019,5,15.250000000000002,2.33695652173913,4.0,34.0,56,44,44,0,0,6,0.88,11.33984375,50,6,21,0,0,2903,256,16,8,8,0,122.8125,
aeqkad_res8,window,full,fidelity,False,True,16,0.05,25,8,False,iid,0.1,2,s019,6,11.75,0.0,6.0,36.0,56,46,45,1,0,6,0.9,11.8203125,49,3,25,0,0,3026,256,16,8,8,0,150.625,
aeqkad_res8,window,full,fidelity,False,True,16,0.05,25,8,False,iid,0.1,2,s019,7,16.0,3.423913043478259,8.0,33.0,56,43,43,0,0,6,0.86,11.55859375,46,3,16,0,0,2959,256,16,8,8,0,178.875,
aeqkad_res8,window,full,fidelity,False,True,16,0.05,25,8,False,iid,0.1,2,s019,8,11.249999999999998,0.0,2.0,29.5,56,46,46,0,0,6,0.92,11.34765625,50,4,17,0,0,2905,256,16,8,8,0,207.5,4.0
window_res4,window,none,fidelity,False,True,16,0.05,25,4,False,iid,0.1,0,s019,2,13.5,3.423913043478259,10.0,25.5,56,47,45,2,0,6,0.9,12.9140625,0,0,0,0,0,3306,256,16,4,4,1,22.875,
window_res4,window,none,fidelity,False,True,16,0.05,25,4,False,iid,0.1,0,s019,3,10.0,2.33695652173913,12.0,23.5,56,46,44,2,0,6,0.88,10.7265625,0,0,0,0,0,2746,256,16,4,4,2,37.5,
window_res4,window,none,fidelity,False,True,16,0.05,25,4,False,iid,0.1,0,s019,4,12.75,3.423913043478259,10.0,31.5,56,45,45,0,0,6,0.9,12.00390625,0,0,0,0,0,3073,256,16,4,4,0,51.4375,
window_res4,window,none,fidelity,False,True,16,0.05,25,4,False,iid,0.1,0,s019,5,11.75,4.67391304347826,4.0,41.0,56,51,48,3,0,6,0.96,11.2890625,0,0,0,0,0,2890,256,16,4,4,1,64.875,
window_res4,window,none,fidelity,False,True,16,0.05,25,4,False,iid,0.1,0,s019,6,9.25,2.33695652173913,6.0,27.500000000000004,56,48,47,1,0,6,0.94,11.15234375,0,0,0,0,0,2855,256,16,4,4,1,78.75,
window_res4,window,none,fidelity,False,True,16,0.05,25,4,False,iid,0.1,0,s019,7,14.000000000000002,2.33695652173913,6.0,26.0,56,48,47,1,0,6,0.94,11.09765625,0,0,0,0,0,2841,256,16,4,4,1,93.125,
window_res4,window,none,fidelity,False,True,16,0.05,25,4,False,iid,0.1,0,s019,8,5.749999999999998,0.0,2.0,30.0,56,52,49,3,0,6,0.98,10.94921875,0,0,0,0,0,2803,256,16,4,4,0,107.125,8.0
window_res4,window,none,fidelity,False,True,16,0.05,25,4,False,iid,0.1,1,s019,2,11.75,3.423913043478259,10.0,26.5,56,45,45,0,0,6,0.9,12.9921875,0,0,0,0,0,3326,256,16,4,4,0,23.5625,
window_res4,window,none,fidelity,False,True,16,0.05,25,4,False,iid,0.1,1,s019,3,11.0,2.33695652173913,8.0,24.5,56,47,46,1,0,6,0.92,10.6171875,0,0,0,0,0,2718,256,16,4,4,0,38.5,
window_res4,window,none,fidelity,False,True,16,0.05,25,4,False,iid,0.1,1,s019,4,15.750000000000004,0.0,8.0,42.0,56,48,46,2,0,6,0.92,12.10546875,0,0,0,0,0,3099,256,16,4,4,0,51.0625,
window_res4,window,none,fidelity,False,True,16,0.05,25,4,False,iid,0.1,1,s019,5,9.499999999999998,7.01086956521739,4.0,45.5,56,50,48,2,0,6,0.96,11.32421875,0,0,0,0,0,2899,256,16,4,4,0,64.3125,
window_res4,window,none,fidelity,False,True,16,0.05,25,4,False,iid,0.1,1,s019,6,8.5,2.33695652173913,6.0,38.0,56,48,47,1,0,6,0.94,11.10546875,0,0,0,0,0,2843,256,16,4,4,0,78.25,
window_res4,window,none,fidelity,False,True,16,0.05,25,4,False,iid,0.1,1,s019,7,14.750000000000002,2.33695652173913,6.0,36.0,56,49,47,2,0,6,0.94,10.9765625,0,0,0,0,0,2810,256,16,4,4,1,93.3125,
window_res4,window,none,fidelity,False,True,16,0.05,25,4,False,iid,0.1,1,s019,8,5.249999999999997,0.0,2.0,35.0,56,53,49,4,0,6,0.98,10.94140625,0,0,0,0,0,2801,256,16,4,4,1,107.1875,10.0
window_res4,window,none,fidelity,False,True,16,0.05,25,4,False,iid,0.1,2,s019,2,14.000000000000002,1.25,10.0,38.5,56,46,45,1,0,6,0.9,13.0703125,0,0,0,0,0,3346,256,16,4,4,0,22.875,
window_res4,window,none,fidelity,False,True,16,0.05,25,4,False,iid,0.1,2,s019,3,15.250000000000002,3.423913043478259,8.0,33.0,56,48,46,2,0,6,0.92,10.46875,0,0,0,0,0,2680,256,16,4,4,0,36.875,
window_res4,window,none,fidelity,False,True,16,0.05,25,4,False,iid,0.1,2,s019,4,16.000000000000004,0.0,8.0,49.5,56,48,46,2,0,6,0.92,12.078125,0,0,0,0,0,3092,256,16,4,4,1,52.5625,
window_res4,window,none,fidelity,False,True,16,0.05,25,4,False,iid,0.1,2,s019,5,8.499999999999998,1.0869565217391297,4.0,44.5,56,50,48,2,0,6,0.96,11.5625,0,0,0,0,0,2960,256,16,4,4,1,65.5625,
window_res4,window,none,fidelity,False,True,16,0.05,25,4,False,iid,0.1,2,s019,6,7.499999999999998,0.0,4.0,39.0,56,50,48,2,0,6,0.96,11.30859375,0,0,0,0,0,2895,256,16,4,4,0,79.25,
window_res4,window,none,fidelity,False,True,16,0.05,25,4,False,iid,0.1,2,s019,7,15.750000000000004,1.0869565217391297,6.0,39.0,56,48,47,1,0,6,0.94,11.0234375,0,0,0,0,0,2822,256,16,4,4,0,93.375,
window_res4,window,none,fidelity,False,True,16,0.05,25,4,False,iid,0.1,2,s019,8,10.249999999999998,0.0,2.0,43.0,56,52,49,3,0,6,0.98,10.83984375,0,0,0,0,0,2775,256,16,4,4,1,107.1875,8.0
window_res8,window,none,fidelity,False,True,16,0.05,25,8,False,iid,0.1,0,s019,2,11.5,1.0869565217391297,10.0,33.0,56,48,45,3,0,6,0.9,11.61328125,0,0,0,0,0,2973,256,16,8,8,1,38.3125,
window_res8,window,none,fidelity,False,True,16,0.05,25,8,False,iid,0.1,0,s019,3,11.5,4.67391304347826,4.0,38.0,56,51,48,3,0,6,0.96,11.09765625,0,0,0,0,0,2841,256,16,8,8,2,66.3125,
window_res8,window,none,fidelity,False,True,16,0.05,25,8,False,iid,0.1,0,s019,4,15.750000000000004,2.33695652173913,10.0,41.0,56,47,45,2,0,6,0.9,11.85546875,0,0,0,0,0,3035,256,16,8,8,1,93.9375,
window_res8,window,none,fidelity,False,True,16,0.05,25,8,False,iid,0.1,0,s019,5,9.499999999999998,1.0869565217391297,4.0,42.5,56,49,48,1,0,6,0.96,11.38671875,0,0,0,0,0,2915,256,16,8,8,0,122.375,
window_res8,window,none,fidelity,False,True,16,0.05,25,8,False,iid,0.1,0,s019,6,10.249999999999998,3.423913043478259,6.0,38.0,56,49,47,2,0,6,0.94,11.91796875,0,0,0,0,0,3051,256,16,8,8,1,150.1875,
window_res8,window,none,fidelity,False,True,16,0.05,25,8,False,iid,0.1,0,s019,7,14.500000000000002,2.33695652173913,8.0,36.5,56,49,46,3,0,6,0.92,12.0390625,0,0,0,0,0,3082,256,16,8,8,1,178.75,
window_res8,window,none,fidelity,False,True,16,0.05,25,8,False,iid,0.1,0,s019,8,5.749999999999998,0.0,2.0,42.5,56,53,49,4,0,6,0.98,11.8828125,0,0,0,0,0,3042,256,16,8,8,0,206.3125,22.0
window_res8,window,none,fidelity,False,True,16,0.05,25,8,False,iid,0.1,1,s019,2,11.249999999999998,1.25,10.0,19.5,56,45,45,0,0,6,0.9,11.78125,0,0,0,0,0,3016,256,16,8,8,0,38.25,
window_res8,window,none,fidelity,False,True,16,0.05,25,8,False,iid,0.1,1,s019,3,11.0,1.0869565217391297,10.0,18.0,56,45,45,0,0,6,0.9,10.75,0,0,0,0,0,2752,256,16,8,8,0,66.6875,
window_res8,window,none,fidelity,False,True,16,0.05,25,8,False,iid,0.1,1,s019,4,12.25,0.0,12.0,32.0,56,45,44,1,0,6,0.88,11.2421875,0,0,0,0,0,2878,256,16,8,8,0,93.875,
window_res8,window,none,fidelity,False,True,16,0.05,25,8,False,iid,0.1,1,s019,5,7.249999999999998,4.67391304347826,4.0,36.0,56,50,48,2,0,6,0.96,11.453125,0,0,0,0,0,2932,256,16,8,8,0,121.4375,
window_res8,window,none,fidelity,False,True,16,0.05,25,8,False,iid,0.1,1,s019,6,10.249999999999998,4.67391304347826,6.0,31.0,56,47,47,0,0,6,0.94,11.3359375,0,0,0,0,0,2902,256,16,8,8,0,149.4375,
window_res8,window,none,fidelity,False,True,16,0.05,25,8,False,iid,0.1,1,s019,7,14.500000000000002,1.0869565217391297,8.0,27.0,56,47,46,1,0,6,0.92,11.35546875,0,0,0,0,0,2907,256,16,8,8,1,178.25,
window_res8,window,none,fidelity,False,True,16,0.05,25,8,False,iid,0.1,1,s019,8,5.249999999999997,0.0,4.0,27.500000000000004,56,51,48,3,0,6,0.96,11.609375,0,0,0,0,0,2972,256,16,8,8,1,205.875,8.0
window_res8,window,none,fidelity,False,True,16,0.05,25,8,False,iid,0.1,2,s019,2,12.0,2.33695652173913,10.0,31.0,56,46,45,1,0,6,0.9,12.1328125,0,0,0,0,0,3106,256,16,8,8,0,38.3125,
window_res8,window,none,fidelity,False,True,16,0.05,25,8,False,iid,0.1,2,s019,3,9.25,4.67391304347826,4.0,30.0,56,49,48,1,0,6,0.96,10.90234375,0,0,0,0,0,2791,256,16,8,8,0,66.3125,
window_res8,window,none,fidelity,False,True,16,0.05,25,8,False,iid,0.1,2,s019,4,11.250000000000002,0.0,10.0,35.5,56,45,45,0,0,6,0.9,11.8671875,0,0,0,0,0,3038,256,16,8,8,0,95.75,
window_res8,window,none,fidelity,False,True,16,0.05,25,8,False,iid,0.1,2,s019,5,7.499999999999998,2.33695652173913,4.0,38.5,56,50,48,2,0,6,0.96,11.7421875,0,0,0,0,0,3006,256,16,8,8,1,122.75,
window_res8,window,none,fidelity,False,True,16,0.05,25,8,False,iid,0.1,2,s019,6,9.499999999999998,0.0,6.0,36.5,56,49,47,2,0,6,0.94,12.109375,0,0,0,0,0,3100,256,16,8,8,0,150.4375,
window_res8,window,none,fidelity,False,True,16,0.05,25,8,False,iid,0.1,2,s019,7,15.250000000000002,3.423913043478259,8.0,33.0,56,46,46,0,0,6,0.92,11.76953125,0,0,0,0,0,3013,256,16,8,8,0,178.875,
window_res8,window,none,fidelity,False,True,16,0.05,25,8,False,iid,0.1,2,s019,8,11.499999999999998,0.0,2.0,30.5,56,50,49,1,0,6,0.98,11.578125,0,0,0,0,0,2964,256,16,8,8,1,206.375,10.0
aeqkad_res4,window,full,fidelity,False,True,16,0.05,25,4,False,iid,0.1,0,s020,2,35.5,29.130434782608695,30.0,42.0,56,24,24,0,0,6,0.48,14.30859375,36,12,0,0,0,3663,256,16,4,4,0,26.9375,
aeqkad_res4,window,full,fidelity,False,True,16,0.05,25,4,False,iid,0.1,0,s020,3,53.5,38.315217391304344,62.0,38.0,56,13,11,2,0,6,0.22,14.625,22,9,0,0,0,3744,256,16,4,4,2,59.8125,
aeqkad_res4,window,full,fidelity,False,True,16,0.05,25,4,False,iid,0.1,0,s020,4,27.249999999999996,18.532608695652172,24.0,31.0,56,33,32,1,0,6,0.64,12.96875,42,9,0,0,0,3320,256,16,4,4,1,56.3125,
aeqkad_res4,window,full,fidelity,False,True,16,0.05,25,4,False,iid,0.1,0,s020,5,32.75,33.641304347826086,24.0,46.5,56,28,28,0,0,6,0.56,13.8828125,38,10,0,0,0,3554,256,16,4,4,0,67.0,
aeqkad_res4,window,full,fidelity,False,True,16,0.05,25,4,False,iid,0.1,0,s020,6,31.499999999999993,22.1195652173913,30.0,46.0,56,31,30,1,0,6,0.6,13.20703125,37,6,0,0,0,3381,256,16,4,4,0,82.625,
aeqkad_res4,window,full,fidelity,False,True,16,0.05,25,4,False,iid,0.1,0,s020,7,13.25,9.184782608695654,4.0,40.0,56,43,43,0,0,6,0.86,12.16015625,51,8,0,0,0,3113,256,16,4,4,0,95.125,
aeqkad_res4,window,full,fidelity,False,True,16,0.05,25,4,False,iid,0.1,0,s020,8,35.75,20.869565217391305,36.0,34.0,56,28,27,1,0,6,0.54,14.59765625,35,7,0,0,0,3737,256,16,4,4,1,109.625,57.99999999999999
aeqkad_res4,window,full,fidelity,False,True,16,0.05,25,4,False,iid,0.1,1,s020,2,35.5,32.55434782608696,36.0,35.0,56,18,18,0,0,6,0.36,14.33984375,35,17,0,0,0,3671,256,16,4,4,0,29.0,
aeqkad_res4,window,full,fidelity,False,True,16,0.05,25,4,False,iid,0.1,1,s020,3,47.0,32.55434782608696,64.0,18.0,56,8,8,0,0,6,0.16,11.86328125,19,11,0,0,0,3037,256,16,4,4,0,66.75,
aeqkad_res4,window,full,fidelity,False,True,16,0.05,25,4,False,iid,0.1,1,s020,4,27.0,18.532608695652172,30.0,25.5,56,27,27,0,0,6,0.54,12.28515625,37,10,0,0,0,3145,256,16,4,4,0,56.5,
aeqkad_res4,window,full,fidelity,False,True,16,0.05,25,4,False,iid,0.1,1,s020,5,30.75,28.967391304347828,34.0,28.000000000000004,56,19,19,0,0,6,0.38,12.98046875,35,16,0,0,0,3323,256,16,4,4,0,68.875,
aeqkad_res4,window,full,fidelity,False,True,16,0.05,25,4,False,iid,0.1,1,s020,6,32.25,19.782608695652172,30.0,35.5,56,25,25,0,0,6,0.5,12.78515625,37,11,0,0,1,3273,256,16,4,4,0,84.5625,
aeqkad_res4,window,full,fidelity,False,True,16,0.05,25,4,False,iid,0.1,1,s020,7,13.750000000000002,2.5,4.0,34.0,56,38,38,0,0,6,0.76,11.578125,50,11,0,0,1,2964,256,16,4,4,0,97.75,
aeqkad_res4,window,full,fidelity,False,True,16,0.05,25,4,False,iid,0.1,1,s020,8,37.5,38.315217391304344,50.0,28.999999999999996,56,14,13,1,0,6,0.26,12.2265625,27,13,0,0,0,3130,256,16,4,4,0,113.25,30.0
aeqkad_res4,window,full,fidelity,False,True,16,0.05,25,4,False,iid,0.1,2,s020,2,38.0,26.6304347826087,42.0,28.000000000000004,56,22,21,1,0,6,0.42,14.38671875,31,9,0,0,0,3683,256,16,4,4,0,25.8125,
aeqkad_res4,window,full,fidelity,False,True,16,0.05,25,4,False,iid,0.1,2,s020,3,51.75000000000001,34.891304347826086,70.0,20.5,56,10,10,0,0,6,0.2,13.11328125,15,5,0,0,0,3357,256,16,4,4,0,64.625,
aeqkad_res4,window,full,fidelity,False,True,16,0.05,25,4,False,iid,0.1,2,s020,4,26.5,22.1195652173913,28.000000000000004,28.499999999999996,56,33,31,2,0,6,0.62,13.09765625,38,5,0,0,0,3353,256,16,4,4,0,56.0,
aeqkad_res4,window,full,fidelity,False,True,16,0.05,25,4,False,iid,0.1,2,s020,5,41.75,31.630434782608695,50.0,28.999999999999996,56,13,13,0,0,6,0.26,13.95703125,26,13,0,0,0,3573,256,16,4,4,0,74.25,
aeqkad_res4,window,full,fidelity,False,True,16,0.05,25,4,False,iid,0.1,2,s020,6,29.500000000000004,22.1195652173913,30.0,33.0,56,31,30,1,0,6,0.6,12.9921875,36,5,0,0,0,3326,256,16,4,4,0,82.0,
aeqkad_res4,window,full,fidelity,False,True,16,0.05,25,4,False,iid,0.1,2,s020,7,16.000000000000004,12.771739130434783,10.0,34.5,56,45,43,2,0,6,0.86,12.4765625,47,2,0,0,0,3194,256,16,4,4,0,95.3125,
aeqkad_res4,window,full,fidelity,False,True,16,0.05,25,4,False,iid,0.1,2,s020,8,36.0,25.543478260869566,44.0,20.0,56,21,21,0,0,6,0.42,14.30078125,28,7,0,0,0,3661,256,16,4,4,0,111.875,24.0
aeqkad_res8,window,full,fidelity,False,True,16,0.05,25,8,False,iid,0.1,0,s020,2,35.25,32.55434782608696,36.0,36.5,56,20,20,0,0,6,0.4,12.1328125,33,13,5,0,0,3106,256,16,8,8,0,43.6875,
aeqkad_res8,window,full,fidelity,False,True,16,0.05,25,8,False,iid,0.1,0,s020,3,50.5,39.565217391304344,62.0,35.0,56,13,11,2,0,6,0.22,11.53125,22,9,3,0,0,2952,256,16,8,8,2,82.5625,
aeqkad_res8,window,full,fidelity,False,True,16,0.05,25,8,False,iid,0.1,0,s020,4,27.750000000000004,17.445652173913043,26.0,27.500000000000004,56,33,31,2,0,6,0.62,11.90234375,41,8,9,0,0,3047,256,16,8,8,1,99.8125,
aeqkad_res8,window,full,fidelity,False,True,16,0.05,25,8,False,iid,0.1,0,s020,5,24.25,19.782608695652172,12.0,44.5,56,35,35,0,0,6,0.7,12.0859375,44,9,8,0,0,3094,256,16,8,8,0,126.6875,
aeqkad_res8,window,full,fidelity,False,True,16,0.05,25,8,False,iid,0.1,0,s020,6,28.000000000000004,20.869565217391305,28.000000000000004,38.0,56,31,30,1,0,6,0.6,11.48828125,38,6,9,0,1,2941,256,16,8,8,0,155.0625,
aeqkad_res8,window,full,fidelity,False,True,16,0.05,25,8,False,iid,0.1,0,s020,7,14.000000000000002,2.5,6.0,33.5,56,44,44,0,0,6,0.88,11.35546875,49,5,11,0,0,2907,256,16,8,8,0,182.625,
aeqkad_res8,window,full,fidelity,False,True,16,0.05,25,8,False,iid,0.1,0,s020,8,31.75,24.456521739130434,34.0,31.0,56,27,26,1,0,6,0.52,12.3515625,36,9,5,0,0,3162,256,16,8,8,0,210.5,44.0
aeqkad_res8,window,full,fidelity,False,True,16,0.05,25,8,False,iid,0.1,1,s020,2,38.25,36.30434782608696,42.0,30.0,56,20,20,0,0,6,0.4,12.4453125,32,12,2,0,0,3186,256,16,8,8,0,43.6875,
aeqkad_res8,window,full,fidelity,False,True,16,0.05,25,8,False,iid,0.1,1,s020,3,48.0,35.97826086956522,68.0,21.0,56,11,11,0,0,6,0.22,11.0703125,16,5,1,0,0,2834,256,16,8,8,0,85.0625,
aeqkad_res8,window,full,fidelity,False,True,16,0.05,25,8,False,iid,0.1,1,s020,4,31.25,17.445652173913043,30.0,30.0,56,31,31,0,0,6,0.62,11.86328125,37,6,3,0,0,3037,256,16,8,8,0,99.9375,
aeqkad_res8,window,full,fidelity,False,True,16,0.05,25,8,False,iid,0.1,1,s020,5,28.249999999999996,23.20652173913043,28.000000000000004,28.499999999999996,56,30,29,1,0,6,0.58,12.66015625,39,9,3,0,0,3241,256,16,8,8,0,127.6875,
aeqkad_res8,window,full,fidelity,False,True,16,0.05,25,8,False,iid,0.1,1,s020,6,32.75,19.782608695652172,32.0,31.5,56,30,30,0,0,6,0.6,12.26953125,36,5,5,0,1,3141,256,16,8,8,0,156.375,
aeqkad_res8,window,full,fidelity,False,True,16,0.05,25,8,False,iid,0.1,1,s020,7,18.250000000000004,10.434782608695654,8.0,31.0,56,39,39,0,0,6,0.78,10.98046875,48,8,6,0,1,2811,256,16,8,8,0,183.4375,
aeqkad_res8,window,full,fidelity,False,True,16,0.05,25,8,False,iid,0.1,1,s020,8,37.5,37.22826086956522,44.0,28.000000000000004,56,18,16,2,0,6,0.32,11.92578125,30,10,3,0,2,3053,256,16,8,8,0,211.4375,38.0
aeqkad_res8,window,full,fidelity,False,True,16,0.05,25,8,False,iid,0.1,2,s020,2,38.0,33.80434782608695,44.0,25.5,56,21,20,1,0,6,0.4,12.70703125,30,9,8,0,0,3253,256,16,8,8,0,43.6875,
aeqkad_res8,window,full,fidelity,False,True,16,0.05,25,8,False,iid,0.1,2,s020,3,53.5,31.467391304347824,68.0,21.0,56,11,11,0,0,6,0.22,10.88671875,16,5,5,0,0,2787,256,16,8,8,0,85.1875,
aeqkad_res8,window,full,fidelity,False,True,16,0.05,25,8,False,iid,0.1,2,s020,4,28.000000000000004,14.021739130434785,30.0,25.0,56,32,31,1,0,6,0.62,11.984375,37,5,14,0,0,3068,256,16,8,8,0,99.9375,
aeqkad_res8,window,full,fidelity,False,True,16,0.05,25,8,False,iid,0.1,2,s020,5,32.75,25.543478260869566,32.0,32.0,56,30,29,1,0,6,0.58,12.30859375,36,6,11,0,0,3151,256,16,8,8,0,127.8125,
aeqkad_res8,window,full,fidelity,False,True,16,0.05,25,8,False,iid,0.1,2,s020,6,30.0,23.3695652173913,32.0,33.5,56,30,29,1,0,6,0.58,12.2421875,35,4,12,0,1,3134,256,16,8,8,0,155.6875,
aeqkad_res8,window,full,fidelity,False,True,16,0.05,25,8,False,iid,0.1,2,s020,7,20.499999999999996,15.108695652173914,8.0,32.0,56,43,41,2,0,6,0.82,11.3828125,48,5,17,0,0,2914,256,16,8,8,0,183.375,
aeqkad_res8,window,full,fidelity,False,True,16,0.05,25,8,False,iid,0.1,2,s020,8,34.25,26.6304347826087,40.0,20.0,56,22,22,0,0,6,0.44,12.0,30,7,9,0,1,3072,256,16,8,8,0,211.5625,34.0
window_res4,window,none,fidelity,False,True,16,0.05,25,4,False,iid,0.1,0,s020,2,33.25,25.543478260869566,26.0,42.0,56,39,37,2,0,6,0.74,14.73046875,0,0,0,0,0,3771,256,16,4,4,0,25.75,
window_res4,window,none,fidelity,False,True,16,0.05,25,4,False,iid,0.1,0,s020,3,52.5,40.65217391304348,62.0,47.5,56,23,19,4,0,6,0.38,15.1796875,0,0,0,0,0,3886,256,16,4,4,3,52.25,
window_res4,window,none,fidelity,False,True,16,0.05,25,4,False,iid,0.1,0,s020,4,26.0,14.021739130434785,26.0,31.0,56,40,37,3,0,6,0.74,13.48828125,0,0,0,0,0,3453,256,16,4,4,1,54.0625,
window_res4,window,none,fidelity,False,True,16,0.05,25,4,False,iid,0.1,0,s020,5,25.25,19.782608695652172,12.0,50.5,56,45,44,1,0,6,0.88,14.60546875,0,0,0,0,0,3739,256,16,4,4,0,66.25,
window_res4,window,none,fidelity,False,True,16,0.05,25,4,False,iid,0.1,0,s020,6,27.0,17.445652173913043,20.0,45.5,56,43,40,3,0,6,0.8,13.99609375,0,0,0,0,0,3583,256,16,4,4,0,81.9375,
window_res4,window,none,fidelity,False,True,16,0.05,25,4,False,iid,0.1,0,s020,7,16.000000000000004,9.347826086956525,4.0,51.0,56,51,48,3,0,6,0.96,12.8125,0,0,0,0,0,3280,256,16,4,4,0,94.8125,
window_res4,window,none,fidelity,False,True,16,0.05,25,4,False,iid,0.1,0,s020,8,32.75,17.445652173913043,22.0,41.5,56,43,39,4,0,6,0.78,15.02734375,0,0,0,0,0,3847,256,16,4,4,0,108.25,40.0
window_res4,window,none,fidelity,False,True,16,0.05,25,4,False,iid,0.1,1,s020,2,31.999999999999996,24.293478260869566,30.0,32.0,56,36,35,1,0,6,0.7,14.78515625,0,0,0,0,0,3785,256,16,4,4,0,24.8125,
window_res4,window,none,fidelity,False,True,16,0.05,25,4,False,iid,0.1,1,s020,3,51.0,40.48913043478261,64.0,31.5,56,19,18,1,0,6,0.36,15.04296875,0,0,0,0,0,3851,256,16,4,4,0,56.3125,
window_res4,window,none,fidelity,False,True,16,0.05,25,4,False,iid,0.1,1,s020,4,32.75,20.869565217391305,28.000000000000004,38.0,56,38,36,2,0,6,0.72,13.5703125,0,0,0,0,0,3474,256,16,4,4,0,54.125,
window_res4,window,none,fidelity,False,True,16,0.05,25,4,False,iid,0.1,1,s020,5,22.749999999999996,21.032608695652172,18.0,34.0,56,44,41,3,0,6,0.82,14.046875,0,0,0,0,0,3596,256,16,4,4,1,66.3125,
window_res4,window,none,fidelity,False,True,16,0.05,25,4,False,iid,0.1,1,s020,6,28.500000000000004,19.782608695652172,20.0,46.5,56,43,40,3,0,6,0.8,14.078125,0,0,0,0,0,3604,256,16,4,4,1,82.5625,
window_res4,window,none,fidelity,False,True,16,0.05,25,4,False,iid,0.1,1,s020,7,13.5,4.67391304347826,4.0,43.0,56,50,48,2,0,6,0.96,12.66015625,0,0,0,0,0,3241,256,16,4,4,1,95.3125,
window_res4,window,none,fidelity,False,True,16,0.05,25,4,False,iid,0.1,1,s020,8,34.25,19.782608695652172,34.0,36.0,56,35,33,2,0,6,0.66,14.671875,0,0,0,0,0,3756,256,16,4,4,0,108.25,40.0
window_res4,window,none,fidelity,False,True,16,0.05,25,4,False,iid,0.1,2,s020,2,35.75,27.8804347826087,46.0,27.0,56,28,27,1,0,6,0.54,14.78515625,0,0,0,0,0,3785,256,16,4,4,0,24.8125,
window_res4,window,none,fidelity,False,True,16,0.05,25,4,False,iid,0.1,2,s020,3,47.5,42.98913043478261,68.0,24.5,56,16,16,0,0,6,0.32,14.953125,0,0,0,0,0,3828,256,16,4,4,0,56.5,
window_res4,window,none,fidelity,False,True,16,0.05,25,4,False,iid,0.1,2,s020,4,25.75,19.782608695652172,26.0,28.499999999999996,56,39,37,2,0,6,0.74,13.51953125,0,0,0,0,0,3461,256,16,4,4,0,54.125,
window_res4,window,none,fidelity,False,True,16,0.05,25,4,False,iid,0.1,2,s020,5,26.25,23.3695652173913,24.0,31.5,56,40,38,2,0,6,0.76,13.953125,0,0,0,0,0,3572,256,16,4,4,0,68.0625,
window_res4,window,none,fidelity,False,True,16,0.05,25,4,False,iid,0.1,2,s020,6,27.750000000000004,22.1195652173913,28.000000000000004,32.5,56,37,36,1,0,6,0.72,13.6953125,0,0,0,0,0,3506,256,16,4,4,0,81.5,
window_res4,window,none,fidelity,False,True,16,0.05,25,4,False,iid,0.1,2,s020,7,17.500000000000004,12.771739130434783,10.0,34.5,56,47,45,2,0,6,0.9,12.52734375,0,0,0,0,0,3207,256,16,4,4,0,95.3125,
window_res4,window,none,fidelity,False,True,16,0.05,25,4,False,iid,0.1,2,s020,8,28.500000000000004,22.1195652173913,36.0,21.5,56,32,32,0,0,6,0.64,14.2890625,0,0,0,0,0,3658,256,16,4,4,0,108.5,24.0
window_res8,window,none,fidelity,False,True,16,0.05,25,8,False,iid,0.1,0,s020,2,36.0,27.8804347826087,40.0,34.5,56,31,30,1,0,6,0.6,12.1640625,0,0,0,0,0,3114,256,16,8,8,0,43.0,
window_res8,window,none,fidelity,False,True,16,0.05,25,8,False,iid,0.1,0,s020,3,52.0,47.5,60.0,42.5,56,23,20,3,0,6,0.4,12.515625,0,0,0,0,0,3204,256,16,8,8,1,79.0625,
window_res8,window,none,fidelity,False,True,16,0.05,25,8,False,iid,0.1,0,s020,4,26.25,15.108695652173914,26.0,28.000000000000004,56,40,37,3,0,6,0.74,12.05078125,0,0,0,0,0,3085,256,16,8,8,1,99.3125,
window_res8,window,none,fidelity,False,True,16,0.05,25,8,False,iid,0.1,0,s020,5,25.25,17.445652173913043,14.000000000000002,46.5,56,44,43,1,0,6,0.86,12.60546875,0,0,0,0,0,3227,256,16,8,8,0,126.25,
window_res8,window,none,fidelity,False,True,16,0.05,25,8,False,iid,0.1,0,s020,6,30.000000000000004,20.869565217391305,28.000000000000004,38.5,56,39,36,3,0,6,0.72,11.69921875,0,0,0,0,0,2995,256,16,8,8,0,155.0625,
window_res8,window,none,fidelity,False,True,16,0.05,25,8,False,iid,0.1,0,s020,7,16.250000000000004,3.58695652173913,6.0,38.5,56,48,47,1,0,6,0.94,11.4375,0,0,0,0,0,2928,256,16,8,8,0,182.625,
window_res8,window,none,fidelity,False,True,16,0.05,25,8,False,iid,0.1,0,s020,8,30.25,11.684782608695654,22.0,38.0,56,42,39,3,0,6,0.78,12.59375,0,0,0,0,0,3224,256,16,8,8,0,210.25,50.0
window_res8,window,none,fidelity,False,True,16,0.05,25,8,False,iid,0.1,1,s020,2,34.5,32.55434782608696,46.0,27.500000000000004,56,29,27,2,0,6,0.54,12.734375,0,0,0,0,0,3260,256,16,8,8,0,43.125,
window_res8,window,none,fidelity,False,True,16,0.05,25,8,False,iid,0.1,1,s020,3,51.75000000000001,35.05434782608695,64.0,27.500000000000004,56,19,18,1,0,6,0.36,12.12109375,0,0,0,0,0,3103,256,16,8,8,0,81.0625,
window_res8,window,none,fidelity,False,True,16,0.05,25,8,False,iid,0.1,1,s020,4,31.499999999999993,20.869565217391305,30.0,33.5,56,37,35,2,0,6,0.7,12.1171875,0,0,0,0,0,3102,256,16,8,8,0,99.9375,
window_res8,window,none,fidelity,False,True,16,0.05,25,8,False,iid,0.1,1,s020,5,26.5,16.195652173913043,16.0,36.0,56,45,42,3,0,6,0.84,12.98828125,0,0,0,0,0,3325,256,16,8,8,1,127.1875,
window_res8,window,none,fidelity,False,True,16,0.05,25,8,False,iid,0.1,1,s020,6,30.25,24.456521739130434,26.0,36.5,56,38,37,1,0,6,0.74,12.37890625,0,0,0,0,0,3169,256,16,8,8,0,156.125,
window_res8,window,none,fidelity,False,True,16,0.05,25,8,False,iid,0.1,1,s020,7,13.0,8.097826086956525,8.0,30.5,56,47,46,1,0,6,0.92,11.55859375,0,0,0,0,0,2959,256,16,8,8,1,183.375,
window_res8,window,none,fidelity,False,True,16,0.05,25,8,False,iid,0.1,1,s020,8,33.75,20.869565217391305,38.0,30.5,56,33,31,2,0,6,0.62,12.4296875,0,0,0,0,0,3182,256,16,8,8,0,210.8125,30.0
window_res8,window,none,fidelity,False,True,16,0.05,25,8,False,iid,0.1,2,s020,2,38.0,32.55434782608696,46.0,28.000000000000004,56,29,27,2,0,6,0.54,12.8046875,0,0,0,0,0,3278,256,16,8,8,0,43.125,
window_res8,window,none,fidelity,False,True,16,0.05,25,8,False,iid,0.1,2,s020,3,51.24999999999999,33.80434782608695,66.0,24.5,56,17,17,0,0,6,0.34,11.69921875,0,0,0,0,0,2995,256,16,8,8,0,80.6875,
window_res8,window,none,fidelity,False,True,16,0.05,25,8,False,iid,0.1,2,s020,4,26.25,17.445652173913043,28.000000000000004,25.5,56,38,36,2,0,6,0.72,12.26171875,0,0,0,0,0,3139,256,16,8,8,0,99.9375,
window_res8,window,none,fidelity,False,True,16,0.05,25,8,False,iid,0.1,2,s020,5,22.249999999999996,16.195652173913043,20.0,34.0,56,42,40,2,0,6,0.8,12.84765625,0,0,0,0,0,3289,256,16,8,8,0,127.8125,
window_res8,window,none,fidelity,False,True,16,0.05,25,8,False,iid,0.1,2,s020,6,28.250000000000004,17.445652173913043,30.0,28.499999999999996,56,36,35,1,0,6,0.7,12.40234375,0,0,0,0,0,3175,256,16,8,8,0,155.5,
window_res8,window,none,fidelity,False,True,16,0.05,25,8,False,iid,0.1,2,s020,7,16.000000000000004,12.608695652173912,12.0,30.5,56,46,44,2,0,6,0.88,11.67578125,0,0,0,0,0,2989,256,16,8,8,0,183.375,
window_res8,window,none,fidelity,False,True,16,0.05,25,8,False,iid,0.1,2,s020,8,31.75,19.945652173913043,38.0,23.0,56,31,31,0,0,6,0.62,12.44921875,0,0,0,0,0,3187,256,16,8,8,0,210.8125,34.0
aeqkad_res4,window,full,fidelity,False,True,16,0.05,25,4,False,iid,0.1,0,s021,2,28.000000000000004,7.01086956521739,6.0,60.5,56,34,34,0,0,6,0.68,14.37109375,51,17,0,0,0,3679,256,16,4,4,0,25.4375,
aeqkad_res4,window,full,fidelity,False,True,16,0.05,25,4,False,iid,0.1,0,s021,3,21.749999999999996,9.347826086956525,12.0,57.99999999999999,56,36,36,0,0,6,0.72,12.171875,46,10,0,0,0,3116,256,16,4,4,0,40.8125,
aeqkad_res4,window,full,fidelity,False,True,16,0.05,25,4,False,iid,0.1,0,s021,4,17.000000000000004,0.0,4.0,70.5,56,47,44,3,0,6,0.88,13.2265625,52,5,0,0,0,3386,256,16,4,4,0,52.6875,
aeqkad_res4,window,full,fidelity,False,True,16,0.05,25,4,False,iid,0.1,0,s021,5,16.75,4.67391304347826,6.0,64.0,56,43,42,1,0,6,0.84,13.24609375,49,6,0,0,0,3391,256,16,4,4,1,66.125,
aeqkad_res4,window,full,fidelity,False,True,16,0.05,25,4,False,iid,0.1,0,s021,6,30.500000000000004,9.347826086956525,18.0,67.5,56,36,35,1,0,6,0.7,11.73046875,45,9,0,0,0,3003,256,16,4,4,0,81.4375,
aeqkad_res4,window,full,fidelity,False,True,16,0.05,25,4,False,iid,0.1,0,s021,7,17.25,3.58695652173913,2.0,70.0,56,46,45,1,0,6,0.9,13.0,53,5,0,0,2,3328,256,16,4,4,0,94.0,
aeqkad_res4,window,full,fidelity,False,True,16,0.05,25,4,False,iid,0.1,0,s021,8,19.749999999999996,4.67391304347826,6.0,64.5,56,41,41,0,0,6,0.82,12.11328125,52,10,0,0,1,3101,256,16,4,4,0,109.25,84.0
aeqkad_res4,window,full,fidelity,False,True,16,0.05,25,4,False,iid,0.1,1,s021,2,25.75,7.01086956521739,8.0,57.99999999999999,56,34,33,1,0,6,0.66,14.0,47,13,0,0,0,3584,256,16,4,4,0,28.375,
aeqkad_res4,window,full,fidelity,False,True,16,0.05,25,4,False,iid,0.1,1,s021,3,26.0,8.097826086956525,10.0,58.5,56,38,36,2,0,6,0.72,11.87109375,48,10,0,0,0,3039,256,16,4,4,1,43.25,
aeqkad_res4,window,full,fidelity,False,True,16,0.05,25,4,False,iid,0.1,1,s021,4,16.250000000000004,0.0,4.0,72.0,56,44,43,1,0,6,0.86,13.390625,51,7,0,0,0,3428,256,16,4,4,0,55.0625,
aeqkad_res4,window,full,fidelity,False,True,16,0.05,25,4,False,iid,0.1,1,s021,5,18.000000000000004,8.097826086956525,6.0,62.0,56,42,42,0,0,6,0.84,13.43359375,52,10,0,0,0,3439,256,16,4,4,0,68.625,
aeqkad_res4,window,full,fidelity,False,True,16,0.05,25,4,False,iid,0.1,1,s021,6,34.25,17.445652173913043,22.0,65.5,56,34,33,1,0,6,0.66,12.37109375,43,9,0,0,0,3167,256,16,4,4,0,85.625,
aeqkad_res4,window,full,fidelity,False,True,16,0.05,25,4,False,iid,0.1,1,s021,7,14.500000000000002,3.423913043478259,2.0,72.5,56,44,44,0,0,6,0.88,13.23828125,52,8,0,0,0,3389,256,16,4,4,0,96.6875,
aeqkad_res4,window,full,fidelity,False,True,16,0.05,25,4,False,iid,0.1,1,s021,8,23.75,3.423913043478259,6.0,76.5,56,44,41,3,0,6,0.82,12.3671875,52,8,0,0,0,3166,256,16,4,4,1,111.6875,88.0
aeqkad_res4,window,full,fidelity,False,True,16,0.05,25,4,False,iid,0.1,2,s021,2,28.000000000000004,7.01086956521739,6.0,62.5,56,36,36,0,0,6,0.72,14.25,50,14,8,0,0,3648,256,16,4,4,0,27.6875,
aeqkad_res4,window,full,fidelity,False,True,16,0.05,25,4,False,iid,0.1,2,s021,3,22.749999999999996,7.01086956521739,12.0,55.50000000000001,56,38,38,0,0,6,0.76,11.765625,46,8,7,0,0,3012,256,16,4,4,0,42.625,
aeqkad_res4,window,full,fidelity,False,True,16,0.05,25,4,False,iid,0.1,2,s021,4,13.750000000000002,1.25,4.0,63.0,56,44,43,1,0,6,0.86,13.296875,53,6,14,0,3,3404,256,16,4,4,0,55.5,
aeqkad_res4,window,full,fidelity,False,True,16,0.05,25,4,False,iid,0.1,2,s021,5,20.0,8.097826086956525,6.0,66.0,56,43,43,0,0,6,0.86,13.41796875,50,7,7,0,0,3435,256,16,4,4,0,68.875,
aeqkad_res4,window,full,fidelity,False,True,16,0.05,25,4,False,iid,0.1,2,s021,6,30.500000000000004,8.260869565217389,20.0,72.5,56,39,36,3,0,6,0.72,12.74609375,44,5,8,0,0,3263,256,16,4,4,1,84.0,
aeqkad_res4,window,full,fidelity,False,True,16,0.05,25,4,False,iid,0.1,2,s021,7,14.500000000000002,7.17391304347826,4.0,72.5,56,50,45,5,0,6,0.9,13.4609375,53,2,17,0,1,3446,256,16,4,4,0,95.9375,
aeqkad_res4,window,full,fidelity,False,True,16,0.05,25,4,False,iid,0.1,2,s021,8,16.499999999999996,7.01086956521739,6.0,70.0,56,44,42,2,0,6,0.84,12.6328125,51,5,16,0,2,3234,256,16,4,4,1,112.4375,60.0
aeqkad_res8,window,full,fidelity,False,True,16,0.05,25,8,False,iid,0.1,0,s021,2,25.0,8.260869565217389,6.0,74.5,56,39,38,1,0,6,0.76,12.80078125,52,13,29,0,0,3277,256,16,8,8,0,42.0625,
aeqkad_res8,window,full,fidelity,False,True,16,0.05,25,8,False,iid,0.1,0,s021,3,22.249999999999996,8.097826086956525,8.0,74.0,56,42,41,1,0,6,0.82,11.17578125,49,6,31,0,1,2861,256,16,8,8,0,70.0625,
aeqkad_res8,window,full,fidelity,False,True,16,0.05,25,8,False,iid,0.1,0,s021,4,17.750000000000004,0.0,4.0,78.0,56,49,46,3,0,6,0.92,12.70703125,53,4,39,0,0,3253,256,16,8,8,0,97.875,
aeqkad_res8,window,full,fidelity,False,True,16,0.05,25,8,False,iid,0.1,0,s021,5,18.250000000000004,3.423913043478259,4.0,75.0,56,45,44,1,0,6,0.88,12.81640625,51,5,38,0,1,3281,256,16,8,8,0,125.625,
aeqkad_res8,window,full,fidelity,False,True,16,0.05,25,8,False,iid,0.1,0,s021,6,34.0,10.434782608695654,12.0,75.5,56,37,37,0,0,6,0.74,11.94921875,49,10,30,0,2,3059,256,16,8,8,0,154.25,
aeqkad_res8,window,full,fidelity,False,True,16,0.05,25,8,False,iid,0.1,0,s021,7,19.249999999999996,7.01086956521739,2.0,77.0,56,48,45,3,0,6,0.9,12.7109375,55,6,37,0,1,3254,256,16,8,8,0,181.625,
aeqkad_res8,window,full,fidelity,False,True,16,0.05,25,8,False,iid,0.1,0,s021,8,23.5,4.67391304347826,8.0,73.5,56,42,42,0,0,6,0.84,12.22265625,51,7,38,0,2,3129,256,16,8,8,0,210.125,88.0
aeqkad_res8,window,full,fidelity,False,True,16,0.05,25,8,False,iid,0.1,1,s021,2,26.25,12.771739130434783,6.0,70.0,56,38,37,1,0,6,0.74,12.8828125,48,10,25,0,0,3298,256,16,8,8,0,42.8125,
aeqkad_res8,window,full,fidelity,False,True,16,0.05,25,8,False,iid,0.1,1,s021,3,25.75,7.01086956521739,8.0,74.5,56,42,40,2,0,6,0.8,11.2265625,49,4,29,0,3,2874,256,16,8,8,1,70.5,
aeqkad_res8,window,full,fidelity,False,True,16,0.05,25,8,False,iid,0.1,1,s021,4,17.500000000000004,2.33695652173913,4.0,79.0,56,46,44,2,0,6,0.88,12.37890625,53,6,36,0,1,3169,256,16,8,8,0,98.0625,
aeqkad_res8,window,full,fidelity,False,True,16,0.05,25,8,False,iid,0.1,1,s021,5,20.249999999999996,5.760869565217389,4.0,69.0,56,45,43,2,0,6,0.86,12.80859375,54,8,34,0,1,3279,256,16,8,8,0,125.9375,
aeqkad_res8,window,full,fidelity,False,True,16,0.05,25,8,False,iid,0.1,1,s021,6,31.999999999999996,17.445652173913043,12.0,71.5,56,36,35,1,0,6,0.7,12.08984375,49,13,27,0,0,3095,256,16,8,8,0,154.875,
aeqkad_res8,window,full,fidelity,False,True,16,0.05,25,8,False,iid,0.1,1,s021,7,13.5,4.67391304347826,2.0,78.5,56,46,45,1,0,6,0.9,12.73828125,54,7,34,0,1,3261,256,16,8,8,0,182.125,
aeqkad_res8,window,full,fidelity,False,True,16,0.05,25,8,False,iid,0.1,1,s021,8,22.249999999999996,8.260869565217389,4.0,82.5,56,46,42,4,0,6,0.84,12.46484375,53,5,35,0,2,3191,256,16,8,8,0,210.625,94.0
aeqkad_res8,window,full,fidelity,False,True,16,0.05,25,8,False,iid,0.1,2,s021,2,26.5,5.760869565217389,10.0,66.5,56,38,38,0,0,6,0.76,13.19921875,48,10,25,0,0,3379,256,16,8,8,0,42.0625,
aeqkad_res8,window,full,fidelity,False,True,16,0.05,25,8,False,iid,0.1,2,s021,3,24.0,4.67391304347826,8.0,69.0,56,41,41,0,0,6,0.82,11.19140625,49,8,26,0,0,2865,256,16,8,8,0,70.5,
aeqkad_res8,window,full,fidelity,False,True,16,0.05,25,8,False,iid,0.1,2,s021,4,20.249999999999996,2.33695652173913,4.0,69.5,56,47,46,1,0,6,0.92,12.82421875,53,5,34,0,1,3283,256,16,8,8,0,98.3125,
aeqkad_res8,window,full,fidelity,False,True,16,0.05,25,8,False,iid,0.1,2,s021,5,21.749999999999996,9.347826086956525,4.0,71.0,56,43,43,0,0,6,0.86,12.859375,51,8,30,0,0,3292,256,16,8,8,0,126.0625,
aeqkad_res8,window,full,fidelity,False,True,16,0.05,25,8,False,iid,0.1,2,s021,6,26.75,9.347826086956525,14.000000000000002,75.0,56,39,36,3,0,6,0.72,12.30859375,48,9,26,0,0,3151,256,16,8,8,1,154.6875,
aeqkad_res8,window,full,fidelity,False,True,16,0.05,25,8,False,iid,0.1,2,s021,7,19.499999999999996,9.184782608695654,2.0,77.5,56,50,45,5,0,6,0.9,12.921875,54,3,38,0,1,3308,256,16,8,8,0,181.625,
aeqkad_res8,window,full,fidelity,False,True,16,0.05,25,8,False,iid,0.1,2,s021,8,23.75,7.01086956521739,6.0,73.5,56,45,42,3,0,6,0.84,12.4921875,51,4,35,0,2,3198,256,16,8,8,2,210.625,66.0
window_res4,window,none,fidelity,False,True,16,0.05,25,4,False,iid,0.1,0,s021,2,29.25,8.260869565217389,8.0,67.5,56,50,46,4,0,6,0.92,15.484375,0,0,0,0,0,3964,256,16,4,4,1,24.0,
window_res4,window,none,fidelity,False,True,16,0.05,25,4,False,iid,0.1,0,s021,3,23.5,8.097826086956525,12.0,66.5,56,47,44,3,0,6,0.88,13.546875,0,0,0,0,0,3468,256,16,4,4,0,38.5,
window_res4,window,none,fidelity,False,True,16,0.05,25,4,False,iid,0.1,0,s021,4,15.750000000000004,0.0,4.0,75.5,56,53,48,5,0,6,0.96,14.15234375,0,0,0,0,0,3623,256,16,4,4,1,52.0,
window_res4,window,none,fidelity,False,True,16,0.05,25,4,False,iid,0.1,0,s021,5,18.250000000000004,4.67391304347826,6.0,74.0,56,50,47,3,0,6,0.94,13.73046875,0,0,0,0,0,3515,256,16,4,4,0,66.0,
window_res4,window,none,fidelity,False,True,16,0.05,25,4,False,iid,0.1,0,s021,6,29.75,9.347826086956525,18.0,68.5,56,46,41,5,0,6,0.82,12.765625,0,0,0,0,0,3268,256,16,4,4,0,80.75,
window_res4,window,none,fidelity,False,True,16,0.05,25,4,False,iid,0.1,0,s021,7,14.000000000000002,3.58695652173913,2.0,73.0,56,55,49,6,0,6,0.98,13.4765625,0,0,0,0,0,3450,256,16,4,4,0,94.0,
window_res4,window,none,fidelity,False,True,16,0.05,25,4,False,iid,0.1,0,s021,8,16.250000000000004,7.01086956521739,4.0,71.0,56,52,48,4,0,6,0.96,13.2578125,0,0,0,0,0,3394,256,16,4,4,0,108.0625,92.0
window_res4,window,none,fidelity,False,True,16,0.05,25,4,False,iid,0.1,1,s021,2,28.749999999999996,4.510869565217389,8.0,62.5,56,47,46,1,0,6,0.92,15.203125,0,0,0,0,0,3892,256,16,4,4,0,27.375,
window_res4,window,none,fidelity,False,True,16,0.05,25,4,False,iid,0.1,1,s021,3,25.25,7.01086956521739,10.0,61.0,56,48,45,3,0,6,0.9,13.16796875,0,0,0,0,0,3371,256,16,4,4,1,41.125,
window_res4,window,none,fidelity,False,True,16,0.05,25,4,False,iid,0.1,1,s021,4,18.000000000000004,0.0,4.0,75.5,56,53,48,5,0,6,0.96,14.19921875,0,0,0,0,0,3635,256,16,4,4,1,54.3125,
window_res4,window,none,fidelity,False,True,16,0.05,25,4,False,iid,0.1,1,s021,5,21.499999999999996,7.01086956521739,4.0,70.0,56,53,48,5,0,6,0.96,14.171875,0,0,0,0,0,3628,256,16,4,4,0,68.5,
window_res4,window,none,fidelity,False,True,16,0.05,25,4,False,iid,0.1,1,s021,6,32.25,17.445652173913043,18.0,75.0,56,47,41,6,0,6,0.82,13.38671875,0,0,0,0,0,3427,256,16,4,4,2,82.4375,
window_res4,window,none,fidelity,False,True,16,0.05,25,4,False,iid,0.1,1,s021,7,15.750000000000004,4.67391304347826,4.0,80.5,56,53,48,5,0,6,0.96,13.80078125,0,0,0,0,0,3533,256,16,4,4,1,95.9375,
window_res4,window,none,fidelity,False,True,16,0.05,25,4,False,iid,0.1,1,s021,8,15.500000000000004,4.67391304347826,6.0,78.5,56,52,47,5,0,6,0.94,12.94140625,0,0,0,0,0,3313,256,16,4,4,2,109.9375,92.0
window_res4,window,none,fidelity,False,True,16,0.05,25,4,False,iid,0.1,2,s021,2,29.25,10.597826086956525,8.0,71.5,56,49,46,3,0,6,0.92,14.87109375,0,0,0,0,0,3807,256,16,4,4,1,25.9375,
window_res4,window,none,fidelity,False,True,16,0.05,25,4,False,iid,0.1,2,s021,3,22.249999999999996,4.67391304347826,10.0,63.0,56,47,45,2,0,6,0.9,12.6328125,0,0,0,0,0,3234,256,16,4,4,1,40.5,
window_res4,window,none,fidelity,False,True,16,0.05,25,4,False,iid,0.1,2,s021,4,15.500000000000004,2.5,4.0,66.5,56,53,48,5,0,6,0.96,14.16796875,0,0,0,0,0,3627,256,16,4,4,1,54.5,
window_res4,window,none,fidelity,False,True,16,0.05,25,4,False,iid,0.1,2,s021,5,18.000000000000004,10.434782608695654,6.0,72.5,56,50,47,3,0,6,0.94,14.06640625,0,0,0,0,0,3601,256,16,4,4,2,67.9375,
window_res4,window,none,fidelity,False,True,16,0.05,25,4,False,iid,0.1,2,s021,6,31.500000000000007,9.510869565217389,20.0,76.0,56,45,40,5,0,6,0.8,13.13671875,0,0,0,0,0,3363,256,16,4,4,2,82.5625,
window_res4,window,none,fidelity,False,True,16,0.05,25,4,False,iid,0.1,2,s021,7,16.500000000000004,12.608695652173912,4.0,74.5,56,53,48,5,0,6,0.96,13.70703125,0,0,0,0,0,3509,256,16,4,4,0,95.9375,
window_res4,window,none,fidelity,False,True,16,0.05,25,4,False,iid,0.1,2,s021,8,17.000000000000004,4.67391304347826,6.0,72.5,56,51,47,4,0,6,0.94,12.81640625,0,0,0,0,0,3281,256,16,4,4,3,110.6875,70.0
window_res8,window,none,fidelity,False,True,16,0.05,25,8,False,iid,0.1,0,s021,2,26.75,4.510869565217389,10.0,79.5,56,50,45,5,0,6,0.9,12.8359375,0,0,0,0,0,3286,256,16,8,8,1,41.6875,
window_res8,window,none,fidelity,False,True,16,0.05,25,8,False,iid,0.1,0,s021,3,23.25,5.923913043478259,8.0,76.0,56,49,46,3,0,6,0.92,11.75,0,0,0,0,0,3008,256,16,8,8,0,69.625,
window_res8,window,none,fidelity,False,True,16,0.05,25,8,False,iid,0.1,0,s021,4,18.500000000000004,0.0,4.0,81.0,56,53,48,5,0,6,0.96,12.7578125,0,0,0,0,0,3266,256,16,8,8,0,97.625,
window_res8,window,none,fidelity,False,True,16,0.05,25,8,False,iid,0.1,0,s021,5,17.500000000000004,4.67391304347826,4.0,80.0,56,53,48,5,0,6,0.96,12.98828125,0,0,0,0,0,3325,256,16,8,8,0,125.625,
window_res8,window,none,fidelity,False,True,16,0.05,25,8,False,iid,0.1,0,s021,6,25.5,9.347826086956525,10.0,81.5,56,50,45,5,0,6,0.9,12.5390625,0,0,0,0,0,3210,256,16,8,8,0,153.625,
window_res8,window,none,fidelity,False,True,16,0.05,25,8,False,iid,0.1,0,s021,7,19.499999999999996,7.01086956521739,2.0,79.5,56,54,49,5,0,6,0.98,13.02734375,0,0,0,0,0,3335,256,16,8,8,0,181.625,
window_res8,window,none,fidelity,False,True,16,0.05,25,8,False,iid,0.1,0,s021,8,20.999999999999996,7.01086956521739,4.0,82.0,56,53,48,5,0,6,0.96,12.5390625,0,0,0,0,0,3210,256,16,8,8,0,209.625,88.0
window_res8,window,none,fidelity,False,True,16,0.05,25,8,False,iid,0.1,1,s021,2,27.250000000000004,6.847826086956524,10.0,70.5,56,46,45,1,0,6,0.9,13.15234375,0,0,0,0,0,3367,256,16,8,8,0,42.6875,
window_res8,window,none,fidelity,False,True,16,0.05,25,8,False,iid,0.1,1,s021,3,22.499999999999996,8.097826086956525,10.0,75.0,56,48,45,3,0,6,0.9,11.625,0,0,0,0,0,2976,256,16,8,8,1,69.625,
window_res8,window,none,fidelity,False,True,16,0.05,25,8,False,iid,0.1,1,s021,4,16.000000000000004,3.423913043478259,4.0,83.0,56,53,48,5,0,6,0.96,12.89453125,0,0,0,0,0,3301,256,16,8,8,0,97.75,
window_res8,window,none,fidelity,False,True,16,0.05,25,8,False,iid,0.1,1,s021,5,19.499999999999996,7.01086956521739,4.0,74.5,56,54,48,6,0,6,0.96,13.109375,0,0,0,0,0,3356,256,16,8,8,1,125.625,
window_res8,window,none,fidelity,False,True,16,0.05,25,8,False,iid,0.1,1,s021,6,31.75,15.108695652173914,10.0,78.0,56,49,45,4,0,6,0.9,13.0859375,0,0,0,0,0,3350,256,16,8,8,1,154.0,
window_res8,window,none,fidelity,False,True,16,0.05,25,8,False,iid,0.1,1,s021,7,18.5,4.67391304347826,2.0,83.0,56,55,49,6,0,6,0.98,13.26953125,0,0,0,0,0,3397,256,16,8,8,1,181.625,
window_res8,window,none,fidelity,False,True,16,0.05,25,8,False,iid,0.1,1,s021,8,21.999999999999996,4.67391304347826,6.0,81.5,56,52,47,5,0,6,0.94,12.98828125,0,0,0,0,0,3325,256,16,8,8,1,209.625,94.0
window_res8,window,none,fidelity,False,True,16,0.05,25,8,False,iid,0.1,2,s021,2,29.75,5.760869565217389,14.000000000000002,76.5,56,46,43,3,0,6,0.86,13.2265625,0,0,0,0,0,3386,256,16,8,8,1,41.6875,
window_res8,window,none,fidelity,False,True,16,0.05,25,8,False,iid,0.1,2,s021,3,23.5,4.67391304347826,8.0,73.0,56,50,46,4,0,6,0.92,11.71875,0,0,0,0,0,3000,256,16,8,8,1,69.625,
window_res8,window,none,fidelity,False,True,16,0.05,25,8,False,iid,0.1,2,s021,4,20.5,2.5,4.0,70.0,56,53,48,5,0,6,0.96,13.203125,0,0,0,0,0,3380,256,16,8,8,1,97.9375,
window_res8,window,none,fidelity,False,True,16,0.05,25,8,False,iid,0.1,2,s021,5,21.999999999999996,11.684782608695654,4.0,81.0,56,51,48,3,0,6,0.96,13.17578125,0,0,0,0,0,3373,256,16,8,8,1,125.625,
window_res8,window,none,fidelity,False,True,16,0.05,25,8,False,iid,0.1,2,s021,6,23.25,11.521739130434785,12.0,80.5,56,49,44,5,0,6,0.88,12.5234375,0,0,0,0,0,3206,256,16,8,8,1,153.75,
window_res8,window,none,fidelity,False,True,16,0.05,25,8,False,iid,0.1,2,s021,7,20.249999999999996,9.184782608695654,2.0,77.5,56,54,49,5,0,6,0.98,13.01171875,0,0,0,0,0,3331,256,16,8,8,0,181.625,
window_res8,window,none,fidelity,False,True,16,0.05,25,8,False,iid,0.1,2,s021,8,15.500000000000004,5.760869565217389,6.0,74.0,56,51,47,4,0,6,0.94,12.68359375,0,0,0,0,0,3247,256,16,8,8,2,210.125,64.0
aeqkad_res4,window,full,fidelity,False,True,16,0.05,25,4,False,iid,0.1,0,s022,2,15.250000000000002,0.0,6.0,20.5,56,38,38,0,0,6,0.76,12.29296875,49,10,2,0,1,3147,256,16,4,4,0,25.375,
aeqkad_res4,window,full,fidelity,False,True,16,0.05,25,4,False,iid,0.1,0,s022,3,7.999999999999999,0.0,2.0,21.0,56,46,46,0,0,6,0.92,11.00390625,49,3,7,0,0,2817,256,16,4,4,0,38.625,
aeqkad_res4,window,full,fidelity,False,True,16,0.05,25,4,False,iid,0.1,0,s022,4,5.749999999999998,4.67391304347826,8.0,21.5,56,46,45,1,0,6,0.9,10.5546875,48,1,6,0,1,2702,256,16,4,4,0,51.875,
aeqkad_res4,window,full,fidelity,False,True,16,0.05,25,4,False,iid,0.1,0,s022,5,9.25,0.0,10.0,13.0,56,41,41,0,0,6,0.82,10.6953125,45,2,0,0,2,2738,256,16,4,4,0,66.375,
aeqkad_res4,window,full,fidelity,False,True,16,0.05,25,4,False,iid,0.1,0,s022,6,4.000000000000002,0.0,2.0,10.0,56,47,47,0,0,6,0.94,9.74609375,51,3,0,0,1,2495,256,16,4,4,0,80.4375,
aeqkad_res4,window,full,fidelity,False,True,16,0.05,25,4,False,iid,0.1,0,s022,7,2.250000000000001,0.0,0.0,13.0,56,49,49,0,0,6,0.98,9.1484375,51,1,0,0,1,2342,256,16,4,4,0,94.4375,
aeqkad_res4,window,full,fidelity,False,True,16,0.05,25,4,False,iid,0.1,0,s022,8,5.250000000000003,0.0,2.0,17.5,56,47,47,0,0,6,0.94,9.84375,50,2,0,0,1,2520,256,16,4,4,0,108.5,4.0
aeqkad_res4,window,full,fidelity,False,True,16,0.05,25,4,False,iid,0.1,1,s022,2,14.250000000000002,2.33695652173913,8.0,35.5,56,37,37,0,0,6,0.74,12.28125,47,10,1,0,0,3144,256,16,4,4,0,26.0625,
aeqkad_res4,window,full,fidelity,False,True,16,0.05,25,4,False,iid,0.1,1,s022,3,7.499999999999998,0.0,0.0,24.0,56,46,46,0,0,6,0.92,11.0,51,5,1,0,0,2816,256,16,4,4,0,39.875,
aeqkad_res4,window,full,fidelity,False,True,16,0.05,25,4,False,iid,0.1,1,s022,4,5.249999999999997,3.423913043478259,6.0,20.5,56,45,45,0,0,6,0.9,10.42578125,47,1,1,0,1,2669,256,16,4,4,0,51.6875,
aeqkad_res4,window,full,fidelity,False,True,16,0.05,25,4,False,iid,0.1,1,s022,5,7.499999999999998,0.0,10.0,13.0,56,41,41,0,0,6,0.82,10.79296875,45,2,0,0,2,2763,256,16,4,4,0,66.625,
aeqkad_res4,window,full,fidelity,False,True,16,0.05,25,4,False,iid,0.1,1,s022,6,5.250000000000002,0.0,2.0,11.0,56,47,47,0,0,6,0.94,9.21875,49,1,0,0,1,2360,256,16,4,4,0,80.3125,
aeqkad_res4,window,full,fidelity,False,True,16,0.05,25,4,False,iid,0.1,1,s022,7,4.500000000000002,0.0,0.0,15.0,56,50,49,1,0,6,0.98,9.15234375,53,2,0,0,1,2343,256,16,4,4,0,95.0,
aeqkad_res4,window,full,fidelity,False,True,16,0.05,25,4,False,iid,0.1,1,s022,8,4.500000000000002,0.0,2.0,19.5,56,46,46,0,0,6,0.92,9.078125,50,3,0,0,1,2324,256,16,4,4,0,109.25,0.0
aeqkad_res4,window,full,fidelity,False,True,16,0.05,25,4,False,iid,0.1,2,s022,2,11.5,2.33695652173913,12.0,12.5,56,38,38,0,0,6,0.76,12.23046875,44,6,3,0,0,3131,256,16,4,4,0,26.6875,
aeqkad_res4,window,full,fidelity,False,True,16,0.05,25,4,False,iid,0.1,2,s022,3,5.750000000000003,0.0,4.0,11.5,56,46,46,0,0,6,0.92,11.125,48,2,7,0,0,2848,256,16,4,4,0,38.5,
aeqkad_res4,window,full,fidelity,False,True,16,0.05,25,4,False,iid,0.1,2,s022,4,5.999999999999998,4.67391304347826,8.0,11.5,56,45,45,0,0,6,0.9,10.7890625,46,0,3,0,1,2762,256,16,4,4,0,51.75,
aeqkad_res4,window,full,fidelity,False,True,16,0.05,25,4,False,iid,0.1,2,s022,5,7.499999999999998,0.0,10.0,10.0,56,41,41,0,0,6,0.82,10.60546875,47,4,0,0,2,2715,256,16,4,4,0,65.6875,
aeqkad_res4,window,full,fidelity,False,True,16,0.05,25,4,False,iid,0.1,2,s022,6,4.000000000000002,0.0,2.0,8.5,56,47,47,0,0,6,0.94,9.20703125,50,2,0,0,1,2357,256,16,4,4,0,80.0,
aeqkad_res4,window,full,fidelity,False,True,16,0.05,25,4,False,iid,0.1,2,s022,7,0.5,0.0,0.0,9.0,56,49,49,0,0,6,0.98,9.05078125,50,0,0,0,1,2317,256,16,4,4,0,94.4375,
aeqkad_res4,window,full,fidelity,False,True,16,0.05,25,4,False,iid,0.1,2,s022,8,5.500000000000003,0.0,2.0,16.5,56,46,46,0,0,6,0.92,9.40625,50,3,0,0,1,2408,256,16,4,4,0,109.0,90.0
aeqkad_res8,window,full,fidelity,False,True,16,0.05,25,8,False,iid,0.1,0,s022,2,13.25,2.33695652173913,8.0,16.5,56,39,39,0,0,6,0.78,12.45703125,48,8,27,0,1,3189,256,16,8,8,0,39.9375,
aeqkad_res8,window,full,fidelity,False,True,16,0.05,25,8,False,iid,0.1,0,s022,3,6.000000000000003,0.0,2.0,16.5,56,47,47,0,0,6,0.94,11.015625,49,2,33,0,0,2820,256,16,8,8,0,67.25,
aeqkad_res8,window,full,fidelity,False,True,16,0.05,25,8,False,iid,0.1,0,s022,4,10.499999999999998,0.0,6.0,19.0,56,46,45,1,0,6,0.9,10.76953125,49,2,38,0,1,2757,256,16,8,8,0,95.25,
aeqkad_res8,window,full,fidelity,False,True,16,0.05,25,8,False,iid,0.1,0,s022,5,13.25,0.0,12.0,14.000000000000002,56,42,42,0,0,6,0.84,11.15625,44,0,36,0,2,2856,256,16,8,8,0,123.6875,
aeqkad_res8,window,full,fidelity,False,True,16,0.05,25,8,False,iid,0.1,0,s022,6,4.250000000000002,0.0,2.0,8.5,56,47,47,0,0,6,0.94,9.859375,51,3,43,0,1,2524,256,16,8,8,0,151.75,
aeqkad_res8,window,full,fidelity,False,True,16,0.05,25,8,False,iid,0.1,0,s022,7,2.250000000000001,0.0,0.0,8.0,56,49,49,0,0,6,0.98,9.46484375,50,0,42,0,1,2423,256,16,8,8,0,179.75,
aeqkad_res8,window,full,fidelity,False,True,16,0.05,25,8,False,iid,0.1,0,s022,8,6.000000000000003,0.0,2.0,14.499999999999998,56,47,47,0,0,6,0.94,9.49609375,50,1,40,0,2,2431,256,16,8,8,0,207.5,0.0
aeqkad_res8,window,full,fidelity,False,True,16,0.05,25,8,False,iid,0.1,1,s022,2,13.5,1.25,4.0,40.0,56,38,38,0,0,6,0.76,12.69921875,49,11,4,0,0,3251,256,16,8,8,0,40.625,
aeqkad_res8,window,full,fidelity,False,True,16,0.05,25,8,False,iid,0.1,1,s022,3,6.000000000000003,0.0,0.0,38.0,56,46,46,0,0,6,0.92,11.10546875,51,5,9,0,0,2843,256,16,8,8,0,68.4375,
aeqkad_res8,window,full,fidelity,False,True,16,0.05,25,8,False,iid,0.1,1,s022,4,7.999999999999999,0.0,2.0,30.5,56,45,45,0,0,6,0.9,10.546875,49,3,10,0,1,2700,256,16,8,8,0,95.25,
aeqkad_res8,window,full,fidelity,False,True,16,0.05,25,8,False,iid,0.1,1,s022,5,12.0,0.0,6.0,28.499999999999996,56,42,42,0,0,6,0.84,11.15234375,48,4,10,0,2,2855,256,16,8,8,0,123.6875,
aeqkad_res8,window,full,fidelity,False,True,16,0.05,25,8,False,iid,0.1,1,s022,6,5.250000000000002,0.0,2.0,25.0,56,47,47,0,0,6,0.94,10.10546875,50,2,4,0,1,2587,256,16,8,8,0,151.625,
aeqkad_res8,window,full,fidelity,False,True,16,0.05,25,8,False,iid,0.1,1,s022,7,4.000000000000002,0.0,0.0,27.0,56,50,49,1,0,6,0.98,9.6796875,55,4,3,0,1,2478,256,16,8,8,0,180.0625,
aeqkad_res8,window,full,fidelity,False,True,16,0.05,25,8,False,iid,0.1,1,s022,8,2.750000000000001,0.0,2.0,32.0,56,47,47,0,0,6,0.94,9.48828125,50,1,12,0,2,2429,256,16,8,8,0,207.75,10.0
aeqkad_res8,window,full,fidelity,False,True,16,0.05,25,8,False,iid,0.1,2,s022,2,8.75,1.0869565217391297,6.0,20.5,56,38,38,0,0,6,0.76,12.50390625,47,9,8,0,0,3201,256,16,8,8,0,40.75,
aeqkad_res8,window,full,fidelity,False,True,16,0.05,25,8,False,iid,0.1,2,s022,3,5.750000000000003,0.0,2.0,22.5,56,47,47,0,0,6,0.94,11.1484375,49,2,22,0,0,2854,256,16,8,8,0,67.25,
aeqkad_res8,window,full,fidelity,False,True,16,0.05,25,8,False,iid,0.1,2,s022,4,8.749999999999998,3.423913043478259,4.0,15.5,56,45,45,0,0,6,0.9,11.14453125,48,2,17,0,1,2853,256,16,8,8,0,95.25,
aeqkad_res8,window,full,fidelity,False,True,16,0.05,25,8,False,iid,0.1,2,s022,5,9.749999999999998,0.0,10.0,15.0,56,42,42,0,0,6,0.84,11.16796875,47,3,12,0,2,2859,256,16,8,8,0,123.25,
aeqkad_res8,window,full,fidelity,False,True,16,0.05,25,8,False,iid,0.1,2,s022,6,4.000000000000002,0.0,2.0,15.0,56,49,48,1,0,6,0.96,10.140625,50,1,21,0,0,2596,256,16,8,8,0,151.3125,
aeqkad_res8,window,full,fidelity,False,True,16,0.05,25,8,False,iid,0.1,2,s022,7,2.000000000000001,0.0,0.0,15.0,56,49,49,0,0,6,0.98,9.37890625,51,1,8,0,1,2401,256,16,8,8,0,179.75,
aeqkad_res8,window,full,fidelity,False,True,16,0.05,25,8,False,iid,0.1,2,s022,8,6.250000000000003,0.0,2.0,21.0,56,47,47,0,0,6,0.94,9.37109375,50,1,19,0,2,2399,256,16,8,8,0,207.8125,90.0
window_res4,window,none,fidelity,False,True,16,0.05,25,4,False,iid,0.1,0,s022,2,12.25,0.0,6.0,23.5,56,48,47,1,0,6,0.94,13.06640625,0,0,0,0,0,3345,256,16,4,4,0,25.375,
window_res4,window,none,fidelity,False,True,16,0.05,25,4,False,iid,0.1,0,s022,3,7.999999999999999,0.0,2.0,23.0,56,49,49,0,0,6,0.98,11.40625,0,0,0,0,0,2920,256,16,4,4,0,37.8125,
window_res4,window,none,fidelity,False,True,16,0.05,25,4,False,iid,0.1,0,s022,4,5.249999999999997,3.423913043478259,4.0,24.0,56,50,48,2,0,6,0.96,11.03515625,0,0,0,0,0,2825,256,16,4,4,1,51.6875,
window_res4,window,none,fidelity,False,True,16,0.05,25,4,False,iid,0.1,0,s022,5,10.0,3.423913043478259,6.0,38.0,56,49,47,2,0,6,0.94,11.65625,0,0,0,0,0,2984,256,16,4,4,0,66.375,
window_res4,window,none,fidelity,False,True,16,0.05,25,4,False,iid,0.1,0,s022,6,4.500000000000002,1.25,2.0,18.5,56,51,49,2,0,6,0.98,10.1328125,0,0,0,0,0,2594,256,16,4,4,0,80.4375,
window_res4,window,none,fidelity,False,True,16,0.05,25,4,False,iid,0.1,0,s022,7,2.250000000000001,0.0,0.0,11.5,56,50,50,0,0,6,1.0,9.04296875,0,0,0,0,0,2315,256,16,4,4,0,94.4375,
window_res4,window,none,fidelity,False,True,16,0.05,25,4,False,iid,0.1,0,s022,8,6.000000000000003,0.0,2.0,20.5,56,50,49,1,0,6,0.98,10.1796875,0,0,0,0,0,2606,256,16,4,4,0,108.5,0.0
window_res4,window,none,fidelity,False,True,16,0.05,25,4,False,iid,0.1,1,s022,2,13.5,2.33695652173913,4.0,36.5,56,49,48,1,0,6,0.96,12.984375,0,0,0,0,0,3324,256,16,4,4,1,24.3125,
window_res4,window,none,fidelity,False,True,16,0.05,25,4,False,iid,0.1,1,s022,3,7.249999999999998,0.0,0.0,33.0,56,51,50,1,0,6,1.0,11.7421875,0,0,0,0,0,3006,256,16,4,4,1,38.5625,
window_res4,window,none,fidelity,False,True,16,0.05,25,4,False,iid,0.1,1,s022,4,10.749999999999998,0.0,4.0,26.0,56,49,48,1,0,6,0.96,11.22265625,0,0,0,0,0,2873,256,16,4,4,0,51.6875,
window_res4,window,none,fidelity,False,True,16,0.05,25,4,False,iid,0.1,1,s022,5,6.249999999999998,0.0,10.0,16.5,56,45,45,0,0,6,0.9,11.10546875,0,0,0,0,0,2843,256,16,4,4,0,66.625,
window_res4,window,none,fidelity,False,True,16,0.05,25,4,False,iid,0.1,1,s022,6,5.250000000000002,0.0,2.0,13.5,56,49,49,0,0,6,0.98,9.421875,0,0,0,0,0,2412,256,16,4,4,0,80.3125,
window_res4,window,none,fidelity,False,True,16,0.05,25,4,False,iid,0.1,1,s022,7,4.500000000000002,0.0,0.0,15.5,56,54,50,4,0,6,1.0,9.70703125,0,0,0,0,0,2485,256,16,4,4,2,93.6875,
window_res4,window,none,fidelity,False,True,16,0.05,25,4,False,iid,0.1,1,s022,8,7.500000000000003,0.0,2.0,30.0,56,50,49,1,0,6,0.98,10.06640625,0,0,0,0,0,2577,256,16,4,4,1,108.6875,0.0
window_res4,window,none,fidelity,False,True,16,0.05,25,4,False,iid,0.1,2,s022,2,13.5,1.0869565217391297,14.000000000000002,12.5,56,43,43,0,0,6,0.86,12.6796875,0,0,0,0,0,3246,256,16,4,4,0,26.6875,
window_res4,window,none,fidelity,False,True,16,0.05,25,4,False,iid,0.1,2,s022,3,5.750000000000003,0.0,2.0,13.0,56,49,49,0,0,6,0.98,11.25,0,0,0,0,0,2880,256,16,4,4,0,37.75,
window_res4,window,none,fidelity,False,True,16,0.05,25,4,False,iid,0.1,2,s022,4,8.999999999999998,0.0,4.0,12.5,56,48,48,0,0,6,0.96,10.73828125,0,0,0,0,0,2749,256,16,4,4,0,51.75,
window_res4,window,none,fidelity,False,True,16,0.05,25,4,False,iid,0.1,2,s022,5,6.999999999999999,1.25,10.0,13.0,56,47,45,2,0,6,0.9,11.421875,0,0,0,0,0,2924,256,16,4,4,0,65.6875,
window_res4,window,none,fidelity,False,True,16,0.05,25,4,False,iid,0.1,2,s022,6,3.7500000000000018,0.0,2.0,8.0,56,50,49,1,0,6,0.98,9.72265625,0,0,0,0,0,2489,256,16,4,4,0,80.0,
window_res4,window,none,fidelity,False,True,16,0.05,25,4,False,iid,0.1,2,s022,7,2.250000000000001,0.0,0.0,9.5,56,50,50,0,0,6,1.0,9.28125,0,0,0,0,0,2376,256,16,4,4,0,94.4375,
window_res4,window,none,fidelity,False,True,16,0.05,25,4,False,iid,0.1,2,s022,8,7.499999999999998,0.0,2.0,26.5,56,50,49,1,0,6,0.98,9.83984375,0,0,0,0,0,2519,256,16,4,4,0,109.0,84.0
window_res8,window,none,fidelity,False,True,16,0.05,25,8,False,iid,0.1,0,s022,2,11.75,2.33695652173913,8.0,15.5,56,47,46,1,0,6,0.92,12.6875,0,0,0,0,0,3248,256,16,8,8,0,39.375,
window_res8,window,none,fidelity,False,True,16,0.05,25,8,False,iid,0.1,0,s022,3,6.000000000000003,0.0,2.0,18.5,56,49,49,0,0,6,0.98,11.12109375,0,0,0,0,0,2847,256,16,8,8,0,67.25,
window_res8,window,none,fidelity,False,True,16,0.05,25,8,False,iid,0.1,0,s022,4,8.499999999999998,0.0,4.0,19.5,56,50,48,2,0,6,0.96,11.19140625,0,0,0,0,0,2865,256,16,8,8,0,95.25,
window_res8,window,none,fidelity,False,True,16,0.05,25,8,False,iid,0.1,0,s022,5,5.749999999999999,0.0,10.0,12.0,56,45,45,0,0,6,0.9,11.91015625,0,0,0,0,0,3049,256,16,8,8,0,123.6875,
window_res8,window,none,fidelity,False,True,16,0.05,25,8,False,iid,0.1,0,s022,6,3.7500000000000018,0.0,2.0,15.0,56,51,49,2,0,6,0.98,10.41796875,0,0,0,0,0,2667,256,16,8,8,0,151.75,
window_res8,window,none,fidelity,False,True,16,0.05,25,8,False,iid,0.1,0,s022,7,2.250000000000001,0.0,0.0,10.0,56,51,50,1,0,6,1.0,9.5625,0,0,0,0,0,2448,256,16,8,8,0,179.75,
window_res8,window,none,fidelity,False,True,16,0.05,25,8,False,iid,0.1,0,s022,8,6.000000000000003,0.0,2.0,17.0,56,50,49,1,0,6,0.98,9.51953125,0,0,0,0,0,2437,256,16,8,8,0,207.5,2.0
window_res8,window,none,fidelity,False,True,16,0.05,25,8,False,iid,0.1,1,s022,2,14.000000000000002,3.423913043478259,4.0,53.0,56,51,48,3,0,6,0.96,13.1484375,0,0,0,0,0,3366,256,16,8,8,1,39.5,
window_res8,window,none,fidelity,False,True,16,0.05,25,8,False,iid,0.1,1,s022,3,7.499999999999998,0.0,0.0,42.5,56,51,50,1,0,6,1.0,11.3203125,0,0,0,0,0,2898,256,16,8,8,1,67.625,
window_res8,window,none,fidelity,False,True,16,0.05,25,8,False,iid,0.1,1,s022,4,5.750000000000003,0.0,4.0,33.0,56,49,48,1,0,6,0.96,10.86328125,0,0,0,0,0,2781,256,16,8,8,0,95.25,
window_res8,window,none,fidelity,False,True,16,0.05,25,8,False,iid,0.1,1,s022,5,5.499999999999998,0.0,10.0,33.5,56,46,45,1,0,6,0.9,11.37890625,0,0,0,0,0,2913,256,16,8,8,1,123.375,
window_res8,window,none,fidelity,False,True,16,0.05,25,8,False,iid,0.1,1,s022,6,3.2500000000000013,0.0,2.0,28.499999999999996,56,50,49,1,0,6,0.98,10.27734375,0,0,0,0,0,2631,256,16,8,8,0,151.625,
window_res8,window,none,fidelity,False,True,16,0.05,25,8,False,iid,0.1,1,s022,7,4.250000000000002,0.0,0.0,38.5,56,56,50,6,0,6,1.0,9.9140625,0,0,0,0,0,2538,256,16,8,8,2,179.25,
window_res8,window,none,fidelity,False,True,16,0.05,25,8,False,iid,0.1,1,s022,8,4.000000000000002,0.0,2.0,36.0,56,50,49,1,0,6,0.98,9.6796875,0,0,0,0,0,2478,256,16,8,8,1,207.5,18.0
window_res8,window,none,fidelity,False,True,16,0.05,25,8,False,iid,0.1,2,s022,2,9.0,1.0869565217391297,8.0,25.5,56,46,46,0,0,6,0.92,12.921875,0,0,0,0,0,3308,256,16,8,8,0,40.125,
window_res8,window,none,fidelity,False,True,16,0.05,25,8,False,iid,0.1,2,s022,3,4.500000000000002,0.0,2.0,24.5,56,49,49,0,0,6,0.98,11.29296875,0,0,0,0,0,2891,256,16,8,8,0,67.25,
window_res8,window,none,fidelity,False,True,16,0.05,25,8,False,iid,0.1,2,s022,4,5.750000000000003,0.0,4.0,17.5,56,48,48,0,0,6,0.96,11.0390625,0,0,0,0,0,2826,256,16,8,8,0,95.25,
window_res8,window,none,fidelity,False,True,16,0.05,25,8,False,iid,0.1,2,s022,5,9.499999999999998,1.25,10.0,20.0,56,47,45,2,0,6,0.9,11.4140625,0,0,0,0,0,2922,256,16,8,8,0,123.25,
window_res8,window,none,fidelity,False,True,16,0.05,25,8,False,iid,0.1,2,s022,6,4.250000000000002,0.0,2.0,12.5,56,50,49,1,0,6,0.98,10.4609375,0,0,0,0,0,2678,256,16,8,8,0,151.3125,
window_res8,window,none,fidelity,False,True,16,0.05,25,8,False,iid,0.1,2,s022,7,1.7500000000000009,0.0,0.0,15.5,56,50,50,0,0,6,1.0,9.453125,0,0,0,0,0,2420,256,16,8,8,0,179.75,
window_res8,window,none,fidelity,False,True,16,0.05,25,8,False,iid,0.1,2,s022,8,6.7500000000000036,0.0,2.0,27.500000000000004,56,50,49,1,0,6,0.98,9.51953125,0,0,0,0,0,2437,256,16,8,8,0,207.8125,92.0
aeqkad_res4,window,full,fidelity,False,True,16,0.05,25,4,False,iid,0.1,0,s024,2,12.25,2.33695652173913,6.0,26.0,56,40,40,0,0,6,0.8,10.28125,48,8,0,0,0,2632,256,16,4,4,0,24.875,
aeqkad_res4,window,full,fidelity,False,True,16,0.05,25,4,False,iid,0.1,0,s024,3,14.250000000000002,2.5,10.0,20.5,56,36,36,0,0,6,0.72,11.26953125,46,10,0,0,0,2885,256,16,4,4,0,38.25,
aeqkad_res4,window,full,fidelity,False,True,16,0.05,25,4,False,iid,0.1,0,s024,4,11.5,1.25,12.0,16.0,56,41,39,2,0,6,0.78,10.1953125,46,4,0,0,1,2610,256,16,4,4,1,54.25,
aeqkad_res4,window,full,fidelity,False,True,16,0.05,25,4,False,iid,0.1,0,s024,5,14.000000000000002,0.0,10.0,18.5,56,39,39,0,0,6,0.78,10.40234375,46,7,0,0,0,2663,256,16,4,4,0,67.3125,
aeqkad_res4,window,full,fidelity,False,True,16,0.05,25,4,False,iid,0.1,0,s024,6,13.5,0.0,12.0,24.5,56,43,43,0,0,6,0.86,10.97265625,45,2,0,0,0,2809,256,16,4,4,0,81.0625,
aeqkad_res4,window,full,fidelity,False,True,16,0.05,25,4,False,iid,0.1,0,s024,7,11.249999999999998,2.33695652173913,10.0,25.0,56,43,43,0,0,6,0.86,10.890625,48,5,0,0,0,2788,256,16,4,4,0,94.75,
aeqkad_res4,window,full,fidelity,False,True,16,0.05,25,4,False,iid,0.1,0,s024,8,7.499999999999998,1.25,4.0,16.5,56,39,39,0,0,6,0.78,9.69140625,49,10,0,0,0,2481,256,16,4,4,0,110.4375,62.0
aeqkad_res4,window,full,fidelity,False,True,16,0.05,25,4,False,iid,0.1,1,s024,2,11.0,6.847826086956524,6.0,15.5,56,42,40,2,0,6,0.8,9.98828125,49,7,0,0,0,2557,256,16,4,4,0,23.75,
aeqkad_res4,window,full,fidelity,False,True,16,0.05,25,4,False,iid,0.1,1,s024,3,14.500000000000002,2.5,12.0,19.5,56,38,37,1,0,6,0.74,11.3359375,47,9,0,0,0,2902,256,16,4,4,0,38.375,
aeqkad_res4,window,full,fidelity,False,True,16,0.05,25,4,False,iid,0.1,1,s024,4,14.500000000000002,2.5,12.0,17.0,56,40,40,0,0,6,0.8,10.03125,44,3,0,0,1,2568,256,16,4,4,0,53.3125,
aeqkad_res4,window,full,fidelity,False,True,16,0.05,25,4,False,iid,0.1,1,s024,5,11.75,0.0,10.0,14.000000000000002,56,41,40,1,0,6,0.8,10.9296875,47,6,0,0,0,2798,256,16,4,4,0,68.75,
aeqkad_res4,window,full,fidelity,False,True,16,0.05,25,4,False,iid,0.1,1,s024,6,10.5,1.25,12.0,17.0,56,43,43,0,0,6,0.86,11.078125,45,2,0,0,0,2836,256,16,4,4,0,81.25,
aeqkad_res4,window,full,fidelity,False,True,16,0.05,25,4,False,iid,0.1,1,s024,7,11.0,1.0869565217391297,10.0,16.5,56,43,43,0,0,6,0.86,11.1328125,45,2,0,0,0,2850,256,16,4,4,0,94.3125,
aeqkad_res4,window,full,fidelity,False,True,16,0.05,25,4,False,iid,0.1,1,s024,8,11.5,4.67391304347826,4.0,21.5,56,40,39,1,0,6,0.78,9.94921875,49,9,0,0,0,2547,256,16,4,4,1,110.5625,8.0
aeqkad_res4,window,full,fidelity,False,True,16,0.05,25,4,False,iid,0.1,2,s024,2,12.0,4.67391304347826,10.0,19.0,56,40,40,0,0,6,0.8,10.26171875,45,5,0,0,0,2627,256,16,4,4,0,25.0,
aeqkad_res4,window,full,fidelity,False,True,16,0.05,25,4,False,iid,0.1,2,s024,3,14.250000000000002,2.5,10.0,21.5,56,37,36,1,0,6,0.72,11.18359375,46,9,5,0,0,2863,256,16,4,4,0,38.25,
aeqkad_res4,window,full,fidelity,False,True,16,0.05,25,4,False,iid,0.1,2,s024,4,11.0,2.5,12.0,14.499999999999998,56,42,41,1,0,6,0.82,10.3203125,45,3,3,0,0,2642,256,16,4,4,0,53.8125,
aeqkad_res4,window,full,fidelity,False,True,16,0.05,25,4,False,iid,0.1,2,s024,5,11.75,1.25,10.0,13.5,56,41,41,0,0,6,0.82,10.796875,47,6,2,0,0,2764,256,16,4,4,0,67.5,
aeqkad_res4,window,full,fidelity,False,True,16,0.05,25,4,False,iid,0.1,2,s024,6,10.75,0.0,12.0,14.499999999999998,56,43,43,0,0,6,0.86,10.96484375,44,1,7,0,0,2807,256,16,4,4,0,80.8125,
aeqkad_res4,window,full,fidelity,False,True,16,0.05,25,4,False,iid,0.1,2,s024,7,11.75,3.423913043478259,10.0,20.5,56,43,43,0,0,6,0.86,10.97265625,46,3,1,0,0,2809,256,16,4,4,0,95.0625,
aeqkad_res4,window,full,fidelity,False,True,16,0.05,25,4,False,iid,0.1,2,s024,8,7.500000000000003,6.847826086956524,2.0,18.0,56,43,42,1,0,6,0.84,10.25,51,7,1,0,1,2624,256,16,4,4,0,109.8125,20.0
aeqkad_res8,window,full,fidelity,False,True,16,0.05,25,8,False,iid,0.1,0,s024,2,12.25,1.25,10.0,17.5,56,40,40,0,0,6,0.8,9.64453125,46,6,0,0,0,2469,256,16,8,8,0,43.25,
aeqkad_res8,window,full,fidelity,False,True,16,0.05,25,8,False,iid,0.1,0,s024,3,12.0,2.33695652173913,12.0,19.0,56,37,37,0,0,6,0.74,10.69140625,45,8,0,0,0,2737,256,16,8,8,0,70.8125,
aeqkad_res8,window,full,fidelity,False,True,16,0.05,25,8,False,iid,0.1,0,s024,4,10.5,3.423913043478259,12.0,13.0,56,41,39,2,0,6,0.78,10.35546875,46,4,0,0,1,2651,256,16,8,8,1,100.1875,
aeqkad_res8,window,full,fidelity,False,True,16,0.05,25,8,False,iid,0.1,0,s024,5,13.25,0.0,10.0,17.5,56,39,39,0,0,6,0.78,10.64453125,45,6,0,0,0,2725,256,16,8,8,0,128.0,
aeqkad_res8,window,full,fidelity,False,True,16,0.05,25,8,False,iid,0.1,0,s024,6,11.5,0.0,12.0,18.0,56,40,40,0,0,6,0.8,11.54296875,45,3,0,0,2,2955,256,16,8,8,0,155.25,
aeqkad_res8,window,full,fidelity,False,True,16,0.05,25,8,False,iid,0.1,0,s024,7,10.75,1.0869565217391297,12.0,17.5,56,43,43,0,0,6,0.86,10.42578125,46,3,0,0,0,2669,256,16,8,8,0,183.3125,
aeqkad_res8,window,full,fidelity,False,True,16,0.05,25,8,False,iid,0.1,0,s024,8,7.999999999999999,1.25,4.0,10.5,56,40,40,0,0,6,0.8,10.2890625,49,8,0,0,1,2634,256,16,8,8,0,212.1875,60.0
aeqkad_res8,window,full,fidelity,False,True,16,0.05,25,8,False,iid,0.1,1,s024,2,11.0,4.67391304347826,12.0,16.0,56,41,39,2,0,6,0.78,9.75390625,46,5,0,0,0,2497,256,16,8,8,0,42.8125,
aeqkad_res8,window,full,fidelity,False,True,16,0.05,25,8,False,iid,0.1,1,s024,3,14.000000000000002,2.5,10.0,21.5,56,37,36,1,0,6,0.72,10.91015625,48,11,0,0,0,2793,256,16,8,8,0,70.8125,
aeqkad_res8,window,full,fidelity,False,True,16,0.05,25,8,False,iid,0.1,1,s024,4,14.250000000000002,2.5,12.0,18.0,56,40,40,0,0,6,0.8,10.6171875,45,5,0,0,0,2718,256,16,8,8,0,99.75,
aeqkad_res8,window,full,fidelity,False,True,16,0.05,25,8,False,iid,0.1,1,s024,5,9.749999999999998,0.0,10.0,16.5,56,40,39,1,0,6,0.78,10.94140625,46,6,0,0,0,2801,256,16,8,8,0,128.9375,
aeqkad_res8,window,full,fidelity,False,True,16,0.05,25,8,False,iid,0.1,1,s024,6,15.500000000000004,1.25,12.0,19.0,56,40,40,0,0,6,0.8,11.34765625,45,4,0,0,1,2905,256,16,8,8,0,155.8125,
aeqkad_res8,window,full,fidelity,False,True,16,0.05,25,8,False,iid,0.1,1,s024,7,11.0,1.0869565217391297,10.0,19.5,56,43,43,0,0,6,0.86,11.12890625,45,2,0,0,0,2849,256,16,8,8,0,182.875,
aeqkad_res8,window,full,fidelity,False,True,16,0.05,25,8,False,iid,0.1,1,s024,8,9.499999999999998,3.423913043478259,4.0,23.0,56,40,40,0,0,6,0.8,10.6328125,49,8,0,0,1,2722,256,16,8,8,0,212.1875,10.0
aeqkad_res8,window,full,fidelity,False,True,16,0.05,25,8,False,iid,0.1,2,s024,2,13.5,2.5,8.0,23.5,56,41,41,0,0,6,0.82,9.63671875,46,5,3,0,0,2467,256,16,8,8,0,43.3125,
aeqkad_res8,window,full,fidelity,False,True,16,0.05,25,8,False,iid,0.1,2,s024,3,13.25,2.5,10.0,25.5,56,38,37,1,0,6,0.74,10.92578125,46,8,1,0,0,2797,256,16,8,8,0,70.8125,
aeqkad_res8,window,full,fidelity,False,True,16,0.05,25,8,False,iid,0.1,2,s024,4,13.750000000000002,4.67391304347826,10.0,18.0,56,40,40,0,0,6,0.8,10.48828125,46,6,0,0,0,2685,256,16,8,8,0,99.9375,
aeqkad_res8,window,full,fidelity,False,True,16,0.05,25,8,False,iid,0.1,2,s024,5,11.75,1.25,10.0,18.5,56,41,41,0,0,6,0.82,10.75390625,47,6,0,0,0,2753,256,16,8,8,0,127.4375,
aeqkad_res8,window,full,fidelity,False,True,16,0.05,25,8,False,iid,0.1,2,s024,6,9.75,0.0,12.0,23.0,56,43,43,0,0,6,0.86,11.32421875,45,2,5,0,0,2899,256,16,8,8,0,155.0625,
aeqkad_res8,window,full,fidelity,False,True,16,0.05,25,8,False,iid,0.1,2,s024,7,11.249999999999998,1.0869565217391297,8.0,28.499999999999996,56,43,43,0,0,6,0.86,10.7265625,48,5,0,0,0,2746,256,16,8,8,0,183.125,
aeqkad_res8,window,full,fidelity,False,True,16,0.05,25,8,False,iid,0.1,2,s024,8,8.249999999999998,2.5,4.0,23.5,56,43,42,1,0,6,0.84,10.67578125,50,6,1,0,1,2733,256,16,8,8,0,212.25,24.0
window_res4,window,none,fidelity,False,True,16,0.05,25,4,False,iid,0.1,0,s024,2,10.249999999999998,1.25,6.0,25.0,56,48,47,1,0,6,0.94,11.02734375,0,0,0,0,0,2823,256,16,4,4,0,24.875,
window_res4,window,none,fidelity,False,True,16,0.05,25,4,False,iid,0.1,0,s024,3,16.000000000000004,2.33695652173913,10.0,31.0,56,46,45,1,0,6,0.9,12.46484375,0,0,0,0,0,3191,256,16,4,4,0,37.9375,
window_res4,window,none,fidelity,False,True,16,0.05,25,4,False,iid,0.1,0,s024,4,14.000000000000002,1.25,12.0,23.5,56,48,44,4,0,6,0.88,11.203125,0,0,0,0,0,2868,256,16,4,4,2,53.1875,
window_res4,window,none,fidelity,False,True,16,0.05,25,4,False,iid,0.1,0,s024,5,9.749999999999998,0.0,2.0,23.5,56,49,49,0,0,6,0.98,11.7109375,0,0,0,0,0,2998,256,16,4,4,0,65.875,
window_res4,window,none,fidelity,False,True,16,0.05,25,4,False,iid,0.1,0,s024,6,12.0,0.0,8.0,29.5,56,47,46,1,0,6,0.92,11.546875,0,0,0,0,0,2956,256,16,4,4,0,80.5625,
window_res4,window,none,fidelity,False,True,16,0.05,25,4,False,iid,0.1,0,s024,7,12.25,1.25,12.0,26.0,56,46,44,2,0,6,0.88,11.37109375,0,0,0,0,0,2911,256,16,4,4,0,94.5,
window_res4,window,none,fidelity,False,True,16,0.05,25,4,False,iid,0.1,0,s024,8,10.0,3.423913043478259,4.0,25.0,56,49,48,1,0,6,0.96,11.328125,0,0,0,0,0,2900,256,16,4,4,0,108.8125,60.0
window_res4,window,none,fidelity,False,True,16,0.05,25,4,False,iid,0.1,1,s024,2,9.25,4.67391304347826,10.0,14.499999999999998,56,47,45,2,0,6,0.9,10.19140625,0,0,0,0,0,2609,256,16,4,4,0,23.75,
window_res4,window,none,fidelity,False,True,16,0.05,25,4,False,iid,0.1,1,s024,3,14.500000000000002,3.58695652173913,8.0,29.5,56,49,46,3,0,6,0.92,12.31640625,0,0,0,0,0,3153,256,16,4,4,0,38.0,
window_res4,window,none,fidelity,False,True,16,0.05,25,4,False,iid,0.1,1,s024,4,14.250000000000002,2.5,12.0,20.5,56,45,44,1,0,6,0.88,10.77734375,0,0,0,0,0,2759,256,16,4,4,0,53.25,
window_res4,window,none,fidelity,False,True,16,0.05,25,4,False,iid,0.1,1,s024,5,9.0,0.0,2.0,22.0,56,51,49,2,0,6,0.98,11.80859375,0,0,0,0,0,3023,256,16,4,4,1,66.375,
window_res4,window,none,fidelity,False,True,16,0.05,25,4,False,iid,0.1,1,s024,6,10.25,1.25,12.0,19.5,56,44,44,0,0,6,0.88,11.35546875,0,0,0,0,0,2907,256,16,4,4,0,81.25,
window_res4,window,none,fidelity,False,True,16,0.05,25,4,False,iid,0.1,1,s024,7,11.75,1.0869565217391297,10.0,22.0,56,45,45,0,0,6,0.9,11.27734375,0,0,0,0,0,2887,256,16,4,4,0,94.0625,
window_res4,window,none,fidelity,False,True,16,0.05,25,4,False,iid,0.1,1,s024,8,11.0,2.33695652173913,4.0,23.5,56,49,48,1,0,6,0.96,11.484375,0,0,0,0,0,2940,256,16,4,4,1,108.75,10.0
window_res4,window,none,fidelity,False,True,16,0.05,25,4,False,iid,0.1,2,s024,2,11.75,2.5,6.0,19.0,56,47,47,0,0,6,0.94,10.95703125,0,0,0,0,0,2805,256,16,4,4,0,25.0,
window_res4,window,none,fidelity,False,True,16,0.05,25,4,False,iid,0.1,2,s024,3,15.750000000000004,2.5,10.0,25.5,56,46,45,1,0,6,0.9,12.578125,0,0,0,0,0,3220,256,16,4,4,0,37.9375,
window_res4,window,none,fidelity,False,True,16,0.05,25,4,False,iid,0.1,2,s024,4,11.5,2.5,12.0,16.0,56,45,44,1,0,6,0.88,10.828125,0,0,0,0,0,2772,256,16,4,4,0,53.75,
window_res4,window,none,fidelity,False,True,16,0.05,25,4,False,iid,0.1,2,s024,5,10.0,1.25,2.0,20.0,56,51,49,2,0,6,0.98,11.77734375,0,0,0,0,0,3015,256,16,4,4,0,65.9375,
window_res4,window,none,fidelity,False,True,16,0.05,25,4,False,iid,0.1,2,s024,6,11.0,0.0,12.0,16.5,56,44,44,0,0,6,0.88,11.5,0,0,0,0,0,2944,256,16,4,4,0,80.8125,
window_res4,window,none,fidelity,False,True,16,0.05,25,4,False,iid,0.1,2,s024,7,12.0,2.33695652173913,10.0,23.5,56,46,45,1,0,6,0.9,11.23828125,0,0,0,0,0,2877,256,16,4,4,1,94.5,
window_res4,window,none,fidelity,False,True,16,0.05,25,4,False,iid,0.1,2,s024,8,9.749999999999998,3.58695652173913,2.0,20.5,56,51,49,2,0,6,0.98,11.30859375,0,0,0,0,0,2895,256,16,4,4,1,109.3125,24.0
window_res8,window,none,fidelity,False,True,16,0.05,25,8,False,iid,0.1,0,s024,2,13.5,1.25,10.0,19.0,56,46,45,1,0,6,0.9,9.859375,0,0,0,0,0,2524,256,16,8,8,0,43.25,
window_res8,window,none,fidelity,False,True,16,0.05,25,8,False,iid,0.1,0,s024,3,13.750000000000002,4.67391304347826,12.0,24.0,56,45,44,1,0,6,0.88,11.3515625,0,0,0,0,0,2906,256,16,8,8,0,70.8125,
window_res8,window,none,fidelity,False,True,16,0.05,25,8,False,iid,0.1,0,s024,4,13.25,1.25,14.000000000000002,14.499999999999998,56,45,43,2,0,6,0.86,11.015625,0,0,0,0,0,2820,256,16,8,8,0,99.75,
window_res8,window,none,fidelity,False,True,16,0.05,25,8,False,iid,0.1,0,s024,5,11.5,0.0,4.0,20.0,56,48,48,0,0,6,0.96,11.796875,0,0,0,0,0,3020,256,16,8,8,0,127.3125,
window_res8,window,none,fidelity,False,True,16,0.05,25,8,False,iid,0.1,0,s024,6,12.0,0.0,12.0,20.0,56,44,44,0,0,6,0.88,11.6953125,0,0,0,0,0,2994,256,16,8,8,0,155.25,
window_res8,window,none,fidelity,False,True,16,0.05,25,8,False,iid,0.1,0,s024,7,10.75,1.0869565217391297,12.0,19.0,56,46,44,2,0,6,0.88,10.87109375,0,0,0,0,0,2783,256,16,8,8,0,183.3125,
window_res8,window,none,fidelity,False,True,16,0.05,25,8,False,iid,0.1,0,s024,8,6.000000000000003,1.25,4.0,14.000000000000002,56,49,48,1,0,6,0.96,11.21875,0,0,0,0,0,2872,256,16,8,8,0,211.375,60.0
window_res8,window,none,fidelity,False,True,16,0.05,25,8,False,iid,0.1,1,s024,2,9.749999999999998,2.33695652173913,10.0,17.0,56,47,45,2,0,6,0.9,9.8828125,0,0,0,0,0,2530,256,16,8,8,0,42.8125,
window_res8,window,none,fidelity,False,True,16,0.05,25,8,False,iid,0.1,1,s024,3,14.000000000000002,2.33695652173913,8.0,30.5,56,49,46,3,0,6,0.92,12.00390625,0,0,0,0,0,3073,256,16,8,8,0,70.8125,
window_res8,window,none,fidelity,False,True,16,0.05,25,8,False,iid,0.1,1,s024,4,16.000000000000004,2.5,12.0,22.5,56,45,44,1,0,6,0.88,11.1171875,0,0,0,0,0,2846,256,16,8,8,0,99.75,
window_res8,window,none,fidelity,False,True,16,0.05,25,8,False,iid,0.1,1,s024,5,12.25,0.0,4.0,23.0,56,49,48,1,0,6,0.96,11.7890625,0,0,0,0,0,3018,256,16,8,8,0,128.25,
window_res8,window,none,fidelity,False,True,16,0.05,25,8,False,iid,0.1,1,s024,6,9.0,1.25,12.0,20.5,56,45,44,1,0,6,0.88,11.71484375,0,0,0,0,0,2999,256,16,8,8,0,155.5,
window_res8,window,none,fidelity,False,True,16,0.05,25,8,False,iid,0.1,1,s024,7,10.0,1.0869565217391297,6.0,21.5,56,47,47,0,0,6,0.94,11.6796875,0,0,0,0,0,2990,256,16,8,8,0,182.875,
window_res8,window,none,fidelity,False,True,16,0.05,25,8,False,iid,0.1,1,s024,8,9.749999999999998,3.423913043478259,4.0,25.5,56,50,48,2,0,6,0.96,11.67578125,0,0,0,0,0,2989,256,16,8,8,0,211.125,16.0
window_res8,window,none,fidelity,False,True,16,0.05,25,8,False,iid,0.1,2,s024,2,13.750000000000002,2.5,8.0,24.5,56,48,46,2,0,6,0.92,10.1953125,0,0,0,0,0,2610,256,16,8,8,0,43.3125,
window_res8,window,none,fidelity,False,True,16,0.05,25,8,False,iid,0.1,2,s024,3,12.25,2.5,10.0,30.0,56,46,45,1,0,6,0.9,11.7109375,0,0,0,0,0,2998,256,16,8,8,0,70.8125,
window_res8,window,none,fidelity,False,True,16,0.05,25,8,False,iid,0.1,2,s024,4,15.75,5.760869565217389,12.0,20.0,56,45,44,1,0,6,0.88,10.8515625,0,0,0,0,0,2778,256,16,8,8,0,99.9375,
window_res8,window,none,fidelity,False,True,16,0.05,25,8,False,iid,0.1,2,s024,5,11.5,1.25,4.0,28.499999999999996,56,50,48,2,0,6,0.96,11.47265625,0,0,0,0,0,2937,256,16,8,8,0,127.3125,
window_res8,window,none,fidelity,False,True,16,0.05,25,8,False,iid,0.1,2,s024,6,10.25,0.0,12.0,24.5,56,45,44,1,0,6,0.88,11.62890625,0,0,0,0,0,2977,256,16,8,8,0,155.0625,
window_res8,window,none,fidelity,False,True,16,0.05,25,8,False,iid,0.1,2,s024,7,10.499999999999998,2.33695652173913,6.0,33.5,56,50,47,3,0,6,0.94,11.14453125,0,0,0,0,0,2853,256,16,8,8,0,183.125,
window_res8,window,none,fidelity,False,True,16,0.05,25,8,False,iid,0.1,2,s024,8,10.0,3.58695652173913,4.0,32.0,56,51,48,3,0,6,0.96,11.1640625,0,0,0,0,0,2858,256,16,8,8,0,211.625,30.0
aeqkad_res4,window,full,fidelity,False,True,16,0.05,25,4,False,iid,0.1,0,s025,2,16.250000000000004,0.0,8.0,26.5,56,39,39,0,0,6,0.78,11.296875,49,10,0,0,0,2892,256,16,4,4,0,27.125,
aeqkad_res4,window,full,fidelity,False,True,16,0.05,25,4,False,iid,0.1,0,s025,3,10.249999999999998,2.33695652173913,8.0,22.0,56,43,43,0,0,6,0.86,9.9765625,47,4,0,0,0,2554,256,16,4,4,0,39.125,
aeqkad_res4,window,full,fidelity,False,True,16,0.05,25,4,False,iid,0.1,0,s025,4,14.500000000000002,0.0,16.0,21.0,56,40,39,1,0,6,0.78,10.33984375,44,3,1,0,1,2647,256,16,4,4,0,54.6875,
aeqkad_res4,window,full,fidelity,False,True,16,0.05,25,4,False,iid,0.1,0,s025,5,12.5,0.0,14.000000000000002,28.499999999999996,56,40,39,1,0,6,0.78,11.04296875,47,7,0,0,0,2827,256,16,4,4,0,69.25,
aeqkad_res4,window,full,fidelity,False,True,16,0.05,25,4,False,iid,0.1,0,s025,6,12.25,1.0869565217391297,12.0,25.0,56,41,41,0,0,6,0.82,8.78125,45,3,0,0,1,2248,256,16,4,4,0,82.8125,
aeqkad_res4,window,full,fidelity,False,True,16,0.05,25,4,False,iid,0.1,0,s025,7,7.999999999999999,0.0,6.0,27.500000000000004,56,43,43,0,0,6,0.86,9.46484375,47,2,0,0,2,2423,256,16,4,4,0,95.25,
aeqkad_res4,window,full,fidelity,False,True,16,0.05,25,4,False,iid,0.1,0,s025,8,20.25,0.0,16.0,23.5,56,40,40,0,0,6,0.8,10.58203125,43,3,0,0,0,2709,256,16,4,4,0,115.3125,64.0
aeqkad_res4,window,full,fidelity,False,True,16,0.05,25,4,False,iid,0.1,1,s025,2,17.750000000000004,0.0,12.0,23.0,56,39,39,0,0,6,0.78,11.68359375,45,5,14,0,1,2991,256,16,4,4,0,27.5,
aeqkad_res4,window,full,fidelity,False,True,16,0.05,25,4,False,iid,0.1,1,s025,3,11.5,1.0869565217391297,8.0,15.5,56,44,44,0,0,6,0.88,10.05078125,46,2,25,0,0,2573,256,16,4,4,0,39.9375,
aeqkad_res4,window,full,fidelity,False,True,16,0.05,25,4,False,iid,0.1,1,s025,4,18.250000000000004,0.0,18.0,16.5,56,37,37,0,0,6,0.74,10.0078125,41,2,19,0,2,2562,256,16,4,4,0,56.375,
aeqkad_res4,window,full,fidelity,False,True,16,0.05,25,4,False,iid,0.1,1,s025,5,12.25,0.0,14.000000000000002,24.0,56,39,39,0,0,6,0.78,10.61328125,43,4,19,0,0,2717,256,16,4,4,0,70.0625,
aeqkad_res4,window,full,fidelity,False,True,16,0.05,25,4,False,iid,0.1,1,s025,6,10.75,2.33695652173913,12.0,15.0,56,42,41,1,0,6,0.82,8.90625,46,3,20,0,1,2280,256,16,4,4,0,82.625,
aeqkad_res4,window,full,fidelity,False,True,16,0.05,25,4,False,iid,0.1,1,s025,7,12.249999999999998,0.0,6.0,18.0,56,42,42,0,0,6,0.84,9.54296875,47,2,19,0,3,2443,256,16,4,4,0,96.375,
aeqkad_res4,window,full,fidelity,False,True,16,0.05,25,4,False,iid,0.1,1,s025,8,21.000000000000004,1.25,18.0,21.0,56,40,40,0,0,6,0.8,10.28125,44,4,24,0,0,2632,256,16,4,4,0,115.625,2.0
aeqkad_res4,window,full,fidelity,False,True,16,0.05,25,4,False,iid,0.1,2,s025,2,14.250000000000002,0.0,10.0,24.5,56,39,39,0,0,6,0.78,11.43359375,47,8,0,0,0,2927,256,16,4,4,0,27.8125,
aeqkad_res4,window,full,fidelity,False,True,16,0.05,25,4,False,iid,0.1,2,s025,3,9.499999999999998,0.0,8.0,15.0,56,43,43,0,0,6,0.86,9.6171875,48,4,0,0,1,2462,256,16,4,4,0,39.75,
aeqkad_res4,window,full,fidelity,False,True,16,0.05,25,4,False,iid,0.1,2,s025,4,16.500000000000004,0.0,16.0,19.5,56,38,37,1,0,6,0.74,10.1640625,43,4,0,0,1,2602,256,16,4,4,0,56.3125,
aeqkad_res4,window,full,fidelity,False,True,16,0.05,25,4,False,iid,0.1,2,s025,5,14.000000000000002,0.0,14.000000000000002,25.5,56,39,38,1,0,6,0.76,10.671875,44,4,0,0,1,2732,256,16,4,4,0,69.875,
aeqkad_res4,window,full,fidelity,False,True,16,0.05,25,4,False,iid,0.1,2,s025,6,16.250000000000004,1.0869565217391297,14.000000000000002,17.0,56,39,39,0,0,6,0.78,8.38671875,43,2,0,0,2,2147,256,16,4,4,0,82.9375,
aeqkad_res4,window,full,fidelity,False,True,16,0.05,25,4,False,iid,0.1,2,s025,7,10.999999999999998,0.0,6.0,17.5,56,42,42,0,0,6,0.84,9.9921875,49,4,0,0,3,2558,256,16,4,4,0,95.375,
aeqkad_res4,window,full,fidelity,False,True,16,0.05,25,4,False,iid,0.1,2,s025,8,14.250000000000002,0.0,16.0,20.5,56,41,40,1,0,6,0.8,10.66015625,43,2,1,0,0,2729,256,16,4,4,1,115.375,60.0
aeqkad_res8,window,full,fidelity,False,True,16,0.05,25,8,False,iid,0.1,0,s025,2,15.250000000000002,0.0,6.0,32.0,56,40,39,1,0,6,0.78,10.90234375,49,8,10,0,1,2791,256,16,8,8,0,45.9375,
aeqkad_res8,window,full,fidelity,False,True,16,0.05,25,8,False,iid,0.1,0,s025,3,9.749999999999998,1.0869565217391297,8.0,24.5,56,47,46,1,0,6,0.92,10.43359375,48,1,19,0,0,2671,256,16,8,8,0,73.125,
aeqkad_res8,window,full,fidelity,False,True,16,0.05,25,8,False,iid,0.1,0,s025,4,19.000000000000004,0.0,12.0,26.0,56,38,38,0,0,6,0.76,9.73828125,47,8,16,0,1,2493,256,16,8,8,0,102.1875,
aeqkad_res8,window,full,fidelity,False,True,16,0.05,25,8,False,iid,0.1,0,s025,5,14.500000000000002,0.0,12.0,32.0,56,40,39,1,0,6,0.78,10.6015625,47,6,17,0,1,2714,256,16,8,8,0,130.25,
aeqkad_res8,window,full,fidelity,False,True,16,0.05,25,8,False,iid,0.1,0,s025,6,12.25,0.0,14.000000000000002,27.500000000000004,56,40,40,0,0,6,0.8,9.3046875,45,3,8,0,2,2382,256,16,8,8,0,158.1875,
aeqkad_res8,window,full,fidelity,False,True,16,0.05,25,8,False,iid,0.1,0,s025,7,8.249999999999998,0.0,6.0,35.0,56,43,43,0,0,6,0.86,11.61328125,48,3,14,0,2,2973,256,16,8,8,0,185.1875,
aeqkad_res8,window,full,fidelity,False,True,16,0.05,25,8,False,iid,0.1,0,s025,8,14.500000000000002,0.0,18.0,29.5,56,40,40,0,0,6,0.8,11.81640625,41,1,14,0,0,3025,256,16,8,8,0,217.0,56.00000000000001
aeqkad_res8,window,full,fidelity,False,True,16,0.05,25,8,False,iid,0.1,1,s025,2,18.000000000000004,0.0,12.0,33.5,56,39,39,0,0,6,0.78,10.5546875,45,5,24,0,1,2702,256,16,8,8,0,46.4375,
aeqkad_res8,window,full,fidelity,False,True,16,0.05,25,8,False,iid,0.1,1,s025,3,10.499999999999998,2.33695652173913,8.0,31.0,56,46,46,0,0,6,0.92,10.42578125,47,1,35,0,0,2669,256,16,8,8,0,73.625,
aeqkad_res8,window,full,fidelity,False,True,16,0.05,25,8,False,iid,0.1,1,s025,4,19.499999999999996,0.0,14.000000000000002,28.499999999999996,56,37,37,0,0,6,0.74,9.73046875,45,6,28,0,2,2491,256,16,8,8,0,102.0625,
aeqkad_res8,window,full,fidelity,False,True,16,0.05,25,8,False,iid,0.1,1,s025,5,13.750000000000002,0.0,12.0,31.5,56,39,39,0,0,6,0.78,10.5546875,44,4,30,0,1,2702,256,16,8,8,0,130.4375,
aeqkad_res8,window,full,fidelity,False,True,16,0.05,25,8,False,iid,0.1,1,s025,6,12.5,3.423913043478259,16.0,24.5,56,39,39,0,0,6,0.78,9.328125,45,2,21,0,4,2388,256,16,8,8,0,158.0,
aeqkad_res8,window,full,fidelity,False,True,16,0.05,25,8,False,iid,0.1,1,s025,7,12.499999999999998,0.0,6.0,31.0,56,42,42,0,0,6,0.84,11.69921875,48,3,26,0,3,2995,256,16,8,8,0,185.8125,
aeqkad_res8,window,full,fidelity,False,True,16,0.05,25,8,False,iid,0.1,1,s025,8,17.500000000000004,4.67391304347826,14.000000000000002,38.0,56,41,40,1,0,6,0.8,11.91796875,46,4,34,0,1,3051,256,16,8,8,1,217.25,12.0
aeqkad_res8,window,full,fidelity,False,True,16,0.05,25,8,False,iid,0.1,2,s025,2,18.000000000000004,0.0,12.0,30.5,56,38,38,0,0,6,0.76,10.20703125,46,6,32,0,2,2613,256,16,8,8,0,46.5625,
aeqkad_res8,window,full,fidelity,False,True,16,0.05,25,8,False,iid,0.1,2,s025,3,10.749999999999998,2.33695652173913,8.0,25.5,56,46,46,0,0,6,0.92,10.09765625,49,1,41,0,2,2585,256,16,8,8,0,73.375,
aeqkad_res8,window,full,fidelity,False,True,16,0.05,25,8,False,iid,0.1,2,s025,4,19.499999999999996,0.0,14.000000000000002,27.0,56,39,38,1,0,6,0.76,9.78515625,45,4,36,0,2,2505,256,16,8,8,0,102.25,
aeqkad_res8,window,full,fidelity,False,True,16,0.05,25,8,False,iid,0.1,2,s025,5,16.250000000000004,0.0,12.0,31.5,56,39,38,1,0,6,0.76,10.33984375,45,3,36,0,3,2647,256,16,8,8,0,130.5625,
aeqkad_res8,window,full,fidelity,False,True,16,0.05,25,8,False,iid,0.1,2,s025,6,13.0,2.33695652173913,16.0,21.5,56,39,39,0,0,6,0.78,9.4296875,43,1,34,0,3,2414,256,16,8,8,0,158.3125,
aeqkad_res8,window,full,fidelity,False,True,16,0.05,25,8,False,iid,0.1,2,s025,7,8.249999999999998,0.0,6.0,25.5,56,42,42,0,0,6,0.84,11.734375,50,3,40,0,5,3004,256,16,8,8,0,185.1875,
aeqkad_res8,window,full,fidelity,False,True,16,0.05,25,8,False,iid,0.1,2,s025,8,14.750000000000002,0.0,18.0,28.499999999999996,56,41,40,1,0,6,0.8,11.78125,44,3,37,0,0,3016,256,16,8,8,0,217.0,68.0
window_res4,window,none,fidelity,False,True,16,0.05,25,4,False,iid,0.1,0,s025,2,16.250000000000004,0.0,6.0,34.0,56,50,47,3,0,6,0.94,12.32421875,0,0,0,0,0,3155,256,16,4,4,1,25.3125,
window_res4,window,none,fidelity,False,True,16,0.05,25,4,False,iid,0.1,0,s025,3,11.75,1.0869565217391297,8.0,28.499999999999996,56,48,46,2,0,6,0.92,10.8828125,0,0,0,0,0,2786,256,16,4,4,1,38.9375,
window_res4,window,none,fidelity,False,True,16,0.05,25,4,False,iid,0.1,0,s025,4,14.000000000000002,0.0,10.0,28.000000000000004,56,47,45,2,0,6,0.9,11.20703125,0,0,0,0,0,2869,256,16,4,4,0,53.1875,
window_res4,window,none,fidelity,False,True,16,0.05,25,4,False,iid,0.1,0,s025,5,12.25,0.0,12.0,32.0,56,49,44,5,0,6,0.88,12.21484375,0,0,0,0,0,3127,256,16,4,4,1,68.0625,
window_res4,window,none,fidelity,False,True,16,0.05,25,4,False,iid,0.1,0,s025,6,14.000000000000002,1.0869565217391297,8.0,30.0,56,48,46,2,0,6,0.92,10.1171875,0,0,0,0,0,2590,256,16,4,4,0,82.0,
window_res4,window,none,fidelity,False,True,16,0.05,25,4,False,iid,0.1,0,s025,7,9.749999999999998,0.0,6.0,39.5,56,51,47,4,0,6,0.94,11.08203125,0,0,0,0,0,2837,256,16,4,4,0,95.25,
window_res4,window,none,fidelity,False,True,16,0.05,25,4,False,iid,0.1,0,s025,8,21.000000000000004,0.0,18.0,24.0,56,42,41,1,0,6,0.82,10.65234375,0,0,0,0,0,2727,256,16,4,4,0,115.3125,66.0
window_res4,window,none,fidelity,False,True,16,0.05,25,4,False,iid,0.1,1,s025,2,14.750000000000002,0.0,10.0,26.5,56,47,45,2,0,6,0.9,12.58203125,0,0,0,0,0,3221,256,16,4,4,0,26.1875,
window_res4,window,none,fidelity,False,True,16,0.05,25,4,False,iid,0.1,1,s025,3,10.249999999999998,1.0869565217391297,8.0,19.0,56,46,46,0,0,6,0.92,10.6953125,0,0,0,0,0,2738,256,16,4,4,0,39.9375,
window_res4,window,none,fidelity,False,True,16,0.05,25,4,False,iid,0.1,1,s025,4,15.250000000000002,0.0,16.0,17.0,56,42,42,0,0,6,0.84,10.62109375,0,0,0,0,0,2719,256,16,4,4,0,53.6875,
window_res4,window,none,fidelity,False,True,16,0.05,25,4,False,iid,0.1,1,s025,5,12.75,0.0,14.000000000000002,25.0,56,44,43,1,0,6,0.86,11.5234375,0,0,0,0,0,2950,256,16,4,4,1,68.3125,
window_res4,window,none,fidelity,False,True,16,0.05,25,4,False,iid,0.1,1,s025,6,12.0,1.0869565217391297,10.0,19.5,56,47,45,2,0,6,0.9,9.703125,0,0,0,0,0,2484,256,16,4,4,1,81.0625,
window_res4,window,none,fidelity,False,True,16,0.05,25,4,False,iid,0.1,1,s025,7,10.499999999999998,0.0,6.0,19.0,56,47,47,0,0,6,0.94,10.375,0,0,0,0,0,2656,256,16,4,4,0,96.375,
window_res4,window,none,fidelity,False,True,16,0.05,25,4,False,iid,0.1,1,s025,8,16.000000000000004,6.847826086956524,16.0,27.500000000000004,56,45,42,3,0,6,0.84,10.88671875,0,0,0,0,0,2787,256,16,4,4,2,114.0,6.0
window_res4,window,none,fidelity,False,True,16,0.05,25,4,False,iid,0.1,2,s025,2,14.750000000000002,0.0,8.0,27.0,56,48,46,2,0,6,0.92,11.734375,0,0,0,0,0,3004,256,16,4,4,2,25.125,
window_res4,window,none,fidelity,False,True,16,0.05,25,4,False,iid,0.1,2,s025,3,9.25,0.0,4.0,27.0,56,51,48,3,0,6,0.96,11.37109375,0,0,0,0,0,2911,256,16,4,4,2,38.9375,
window_res4,window,none,fidelity,False,True,16,0.05,25,4,False,iid,0.1,2,s025,4,17.750000000000004,0.0,16.0,20.5,56,43,42,1,0,6,0.84,11.11328125,0,0,0,0,0,2845,256,16,4,4,0,54.0625,
window_res4,window,none,fidelity,False,True,16,0.05,25,4,False,iid,0.1,2,s025,5,15.750000000000004,0.0,14.000000000000002,28.000000000000004,56,44,43,1,0,6,0.86,11.32421875,0,0,0,0,0,2899,256,16,4,4,0,68.5625,
window_res4,window,none,fidelity,False,True,16,0.05,25,4,False,iid,0.1,2,s025,6,12.25,1.0869565217391297,10.0,20.5,56,46,45,1,0,6,0.9,9.83984375,0,0,0,0,0,2519,256,16,4,4,0,82.125,
window_res4,window,none,fidelity,False,True,16,0.05,25,4,False,iid,0.1,2,s025,7,13.0,2.33695652173913,6.0,30.0,56,50,47,3,0,6,0.94,10.7890625,0,0,0,0,0,2762,256,16,4,4,1,95.3125,
window_res4,window,none,fidelity,False,True,16,0.05,25,4,False,iid,0.1,2,s025,8,15.500000000000004,0.0,16.0,20.5,56,43,42,1,0,6,0.84,10.6171875,0,0,0,0,0,2718,256,16,4,4,1,114.3125,68.0
window_res8,window,none,fidelity,False,True,16,0.05,25,8,False,iid,0.1,0,s025,2,19.000000000000004,0.0,10.0,31.5,56,47,45,2,0,6,0.9,11.3828125,0,0,0,0,0,2914,256,16,8,8,0,45.3125,
window_res8,window,none,fidelity,False,True,16,0.05,25,8,False,iid,0.1,0,s025,3,10.249999999999998,2.33695652173913,8.0,26.5,56,49,46,3,0,6,0.92,10.828125,0,0,0,0,0,2772,256,16,8,8,0,73.125,
window_res8,window,none,fidelity,False,True,16,0.05,25,8,False,iid,0.1,0,s025,4,18.000000000000004,0.0,12.0,31.5,56,47,44,3,0,6,0.88,10.98828125,0,0,0,0,0,2813,256,16,8,8,1,101.625,
window_res8,window,none,fidelity,False,True,16,0.05,25,8,False,iid,0.1,0,s025,5,12.0,0.0,10.0,34.5,56,50,45,5,0,6,0.9,11.28515625,0,0,0,0,0,2889,256,16,8,8,0,129.4375,
window_res8,window,none,fidelity,False,True,16,0.05,25,8,False,iid,0.1,0,s025,6,14.000000000000002,0.0,10.0,30.5,56,47,45,2,0,6,0.9,10.30859375,0,0,0,0,0,2639,256,16,8,8,0,157.6875,
window_res8,window,none,fidelity,False,True,16,0.05,25,8,False,iid,0.1,0,s025,7,10.0,0.0,6.0,44.0,56,51,47,4,0,6,0.94,12.29296875,0,0,0,0,0,3147,256,16,8,8,0,185.1875,
window_res8,window,none,fidelity,False,True,16,0.05,25,8,False,iid,0.1,0,s025,8,16.000000000000004,1.25,18.0,29.5,56,42,41,1,0,6,0.82,11.92578125,0,0,0,0,0,3053,256,16,8,8,0,217.0,60.0
window_res8,window,none,fidelity,False,True,16,0.05,25,8,False,iid,0.1,1,s025,2,14.500000000000002,0.0,6.0,37.0,56,49,47,2,0,6,0.94,11.39453125,0,0,0,0,0,2917,256,16,8,8,0,45.5,
window_res8,window,none,fidelity,False,True,16,0.05,25,8,False,iid,0.1,1,s025,3,10.499999999999998,1.0869565217391297,8.0,30.5,56,47,46,1,0,6,0.92,10.7109375,0,0,0,0,0,2742,256,16,8,8,0,73.625,
window_res8,window,none,fidelity,False,True,16,0.05,25,8,False,iid,0.1,1,s025,4,16.000000000000004,0.0,12.0,33.0,56,46,44,2,0,6,0.88,11.0,0,0,0,0,0,2816,256,16,8,8,0,101.625,
window_res8,window,none,fidelity,False,True,16,0.05,25,8,False,iid,0.1,1,s025,5,13.5,0.0,10.0,34.0,56,46,45,1,0,6,0.9,11.15625,0,0,0,0,0,2856,256,16,8,8,0,129.4375,
window_res8,window,none,fidelity,False,True,16,0.05,25,8,False,iid,0.1,1,s025,6,13.25,2.33695652173913,6.0,28.499999999999996,56,50,47,3,0,6,0.94,10.453125,0,0,0,0,0,2676,256,16,8,8,1,157.125,
window_res8,window,none,fidelity,False,True,16,0.05,25,8,False,iid,0.1,1,s025,7,12.75,0.0,6.0,34.0,56,48,47,1,0,6,0.94,11.9609375,0,0,0,0,0,3062,256,16,8,8,1,185.1875,
window_res8,window,none,fidelity,False,True,16,0.05,25,8,False,iid,0.1,1,s025,8,18.250000000000004,6.847826086956524,16.0,42.5,56,45,42,3,0,6,0.84,12.30078125,0,0,0,0,0,3149,256,16,8,8,1,216.4375,20.0
window_res8,window,none,fidelity,False,True,16,0.05,25,8,False,iid,0.1,2,s025,2,15.000000000000002,0.0,10.0,32.5,56,47,45,2,0,6,0.9,10.91015625,0,0,0,0,0,2793,256,16,8,8,2,45.125,
window_res8,window,none,fidelity,False,True,16,0.05,25,8,False,iid,0.1,2,s025,3,9.749999999999998,0.0,2.0,32.0,56,52,49,3,0,6,0.98,10.71875,0,0,0,0,0,2744,256,16,8,8,1,73.125,
window_res8,window,none,fidelity,False,True,16,0.05,25,8,False,iid,0.1,2,s025,4,19.000000000000004,0.0,12.0,31.0,56,46,44,2,0,6,0.88,10.56640625,0,0,0,0,0,2705,256,16,8,8,0,102.0,
window_res8,window,none,fidelity,False,True,16,0.05,25,8,False,iid,0.1,2,s025,5,14.000000000000002,0.0,10.0,31.0,56,46,45,1,0,6,0.9,11.1953125,0,0,0,0,0,2866,256,16,8,8,0,129.625,
window_res8,window,none,fidelity,False,True,16,0.05,25,8,False,iid,0.1,2,s025,6,11.249999999999998,2.33695652173913,8.0,25.0,56,47,46,1,0,6,0.92,10.11328125,0,0,0,0,0,2589,256,16,8,8,0,157.8125,
window_res8,window,none,fidelity,False,True,16,0.05,25,8,False,iid,0.1,2,s025,7,9.749999999999998,0.0,6.0,33.5,56,51,47,4,0,6,0.94,12.01953125,0,0,0,0,0,3077,256,16,8,8,0,185.1875,
window_res8,window,none,fidelity,False,True,16,0.05,25,8,False,iid,0.1,2,s025,8,16.250000000000004,1.25,18.0,30.5,56,44,41,3,0,6,0.82,12.24609375,0,0,0,0,0,3135,256,16,8,8,2,216.375,74.0
aeqkad_res4,window,full,fidelity,False,True,16,0.05,25,4,False,iid,0.1,0,s026,2,24.0,8.097826086956525,22.0,32.5,56,37,36,1,0,6,0.72,13.625,41,4,24,0,0,3488,256,16,4,4,0,23.9375,
aeqkad_res4,window,full,fidelity,False,True,16,0.05,25,4,False,iid,0.1,0,s026,3,19.249999999999996,16.195652173913043,16.0,28.499999999999996,56,36,36,0,0,6,0.72,13.08203125,44,6,23,0,2,3349,256,16,4,4,0,39.25,
aeqkad_res4,window,full,fidelity,False,True,16,0.05,25,4,False,iid,0.1,0,s026,4,18.250000000000004,4.67391304347826,16.0,27.500000000000004,56,41,41,0,0,6,0.82,12.05078125,45,4,22,0,0,3085,256,16,4,4,0,52.5,
aeqkad_res4,window,full,fidelity,False,True,16,0.05,25,4,False,iid,0.1,0,s026,5,22.249999999999996,5.923913043478259,14.000000000000002,34.0,56,40,39,1,0,6,0.78,12.04296875,44,3,26,0,1,3083,256,16,4,4,0,68.6875,
aeqkad_res4,window,full,fidelity,False,True,16,0.05,25,4,False,iid,0.1,0,s026,6,20.249999999999996,7.01086956521739,12.0,28.999999999999996,56,41,40,1,0,6,0.8,12.88671875,45,4,26,0,0,3299,256,16,4,4,0,81.3125,
aeqkad_res4,window,full,fidelity,False,True,16,0.05,25,4,False,iid,0.1,0,s026,7,15.750000000000004,2.33695652173913,8.0,32.0,56,42,42,0,0,6,0.84,12.13671875,46,3,29,0,1,3107,256,16,4,4,0,94.8125,
aeqkad_res4,window,full,fidelity,False,True,16,0.05,25,4,False,iid,0.1,0,s026,8,23.0,6.847826086956524,18.0,31.5,56,39,38,1,0,6,0.76,13.67578125,44,4,26,0,1,3501,256,16,4,4,0,107.5625,12.0
aeqkad_res4,window,full,fidelity,False,True,16,0.05,25,4,False,iid,0.1,1,s026,2,24.5,11.684782608695654,16.0,38.0,56,37,36,1,0,6,0.72,13.9140625,43,6,0,0,0,3562,256,16,4,4,0,24.125,
aeqkad_res4,window,full,fidelity,False,True,16,0.05,25,4,False,iid,0.1,1,s026,3,18.750000000000004,17.445652173913043,16.0,28.999999999999996,56,35,35,0,0,6,0.7,13.28515625,42,6,2,0,1,3401,256,16,4,4,0,39.9375,
aeqkad_res4,window,full,fidelity,False,True,16,0.05,25,4,False,iid,0.1,1,s026,4,17.250000000000004,7.01086956521739,16.0,37.0,56,42,41,1,0,6,0.82,11.7890625,45,2,2,0,1,3018,256,16,4,4,0,52.875,
aeqkad_res4,window,full,fidelity,False,True,16,0.05,25,4,False,iid,0.1,1,s026,5,19.499999999999996,4.67391304347826,12.0,34.5,56,40,38,2,0,6,0.76,12.0390625,48,7,3,0,1,3082,256,16,4,4,0,68.3125,
aeqkad_res4,window,full,fidelity,False,True,16,0.05,25,4,False,iid,0.1,1,s026,6,17.5,4.67391304347826,12.0,36.0,56,42,40,2,0,6,0.8,12.796875,47,5,1,0,0,3276,256,16,4,4,0,81.6875,
aeqkad_res4,window,full,fidelity,False,True,16,0.05,25,4,False,iid,0.1,1,s026,7,18.500000000000004,2.33695652173913,8.0,35.5,56,42,41,1,0,6,0.82,12.33984375,48,6,3,0,0,3159,256,16,4,4,0,95.0,
aeqkad_res4,window,full,fidelity,False,True,16,0.05,25,4,False,iid,0.1,1,s026,8,21.999999999999996,14.021739130434785,18.0,34.0,56,35,34,1,0,6,0.68,13.78125,43,8,1,0,0,3528,256,16,4,4,0,107.0625,10.0
aeqkad_res4,window,full,fidelity,False,True,16,0.05,25,4,False,iid,0.1,2,s026,2,24.25,9.347826086956525,18.0,33.5,56,37,37,0,0,6,0.74,13.66015625,44,7,12,0,0,3497,256,16,4,4,0,21.875,
aeqkad_res4,window,full,fidelity,False,True,16,0.05,25,4,False,iid,0.1,2,s026,3,22.249999999999996,10.271739130434785,22.0,32.5,56,32,32,0,0,6,0.64,13.5078125,41,7,15,0,2,3458,256,16,4,4,0,38.75,
aeqkad_res4,window,full,fidelity,False,True,16,0.05,25,4,False,iid,0.1,2,s026,4,15.500000000000004,5.923913043478259,16.0,28.499999999999996,56,42,41,1,0,6,0.82,11.5859375,44,2,17,0,0,2966,256,16,4,4,0,50.25,
aeqkad_res4,window,full,fidelity,False,True,16,0.05,25,4,False,iid,0.1,2,s026,5,19.749999999999996,3.423913043478259,14.000000000000002,32.0,56,39,39,0,0,6,0.78,12.1640625,45,5,12,0,1,3114,256,16,4,4,0,66.1875,
aeqkad_res4,window,full,fidelity,False,True,16,0.05,25,4,False,iid,0.1,2,s026,6,19.499999999999996,7.01086956521739,14.000000000000002,33.5,56,41,40,1,0,6,0.8,12.49609375,45,4,14,0,0,3199,256,16,4,4,1,80.9375,
aeqkad_res4,window,full,fidelity,False,True,16,0.05,25,4,False,iid,0.1,2,s026,7,19.499999999999996,1.0869565217391297,8.0,31.5,56,42,41,1,0,6,0.82,12.0078125,48,5,18,0,1,3074,256,16,4,4,0,93.3125,
aeqkad_res4,window,full,fidelity,False,True,16,0.05,25,4,False,iid,0.1,2,s026,8,24.0,10.434782608695654,18.0,33.5,56,35,35,0,0,6,0.7,12.77734375,43,7,11,0,1,3271,256,16,4,4,0,108.9375,42.0
aeqkad_res8,window,full,fidelity,False,True,16,0.05,25,8,False,iid,0.1,0,s026,2,23.5,7.01086956521739,20.0,28.000000000000004,56,33,33,0,0,6,0.66,12.21484375,41,8,28,0,0,3127,256,16,8,8,0,37.4375,
aeqkad_res8,window,full,fidelity,False,True,16,0.05,25,8,False,iid,0.1,0,s026,3,28.500000000000004,23.20652173913043,30.0,28.999999999999996,56,29,29,0,0,6,0.58,11.953125,37,5,26,0,3,3060,256,16,8,8,0,66.0,
aeqkad_res8,window,full,fidelity,False,True,16,0.05,25,8,False,iid,0.1,0,s026,4,14.250000000000002,2.33695652173913,18.0,26.5,56,42,41,1,0,6,0.82,11.46875,44,2,35,0,0,2936,256,16,8,8,0,93.8125,
aeqkad_res8,window,full,fidelity,False,True,16,0.05,25,8,False,iid,0.1,0,s026,5,19.499999999999996,3.423913043478259,14.000000000000002,33.0,56,40,39,1,0,6,0.78,10.6328125,44,3,35,0,1,2722,256,16,8,8,0,123.0625,
aeqkad_res8,window,full,fidelity,False,True,16,0.05,25,8,False,iid,0.1,0,s026,6,19.499999999999996,3.75,14.000000000000002,25.0,56,40,40,0,0,6,0.8,11.37109375,44,4,36,0,0,2911,256,16,8,8,0,150.1875,
aeqkad_res8,window,full,fidelity,False,True,16,0.05,25,8,False,iid,0.1,0,s026,7,15.750000000000004,4.67391304347826,10.0,31.0,56,42,42,0,0,6,0.84,11.41015625,45,1,36,0,2,2921,256,16,8,8,0,177.9375,
aeqkad_res8,window,full,fidelity,False,True,16,0.05,25,8,False,iid,0.1,0,s026,8,25.75,6.847826086956524,16.0,34.0,56,37,36,1,0,6,0.72,11.953125,46,8,29,0,1,3060,256,16,8,8,0,205.4375,18.0
aeqkad_res8,window,full,fidelity,False,True,16,0.05,25,8,False,iid,0.1,1,s026,2,23.75,9.347826086956525,16.0,44.5,56,35,35,0,0,6,0.7,12.23828125,43,8,10,0,0,3133,256,16,8,8,0,37.625,
aeqkad_res8,window,full,fidelity,False,True,16,0.05,25,8,False,iid,0.1,1,s026,3,28.249999999999996,25.706521739130434,20.0,35.5,56,28,28,0,0,6,0.56,11.47265625,43,13,9,0,2,2937,256,16,8,8,0,66.5625,
aeqkad_res8,window,full,fidelity,False,True,16,0.05,25,8,False,iid,0.1,1,s026,4,18.000000000000004,3.423913043478259,18.0,47.5,56,42,41,1,0,6,0.82,11.078125,44,1,14,0,1,2836,256,16,8,8,0,93.8125,
aeqkad_res8,window,full,fidelity,False,True,16,0.05,25,8,False,iid,0.1,1,s026,5,18.750000000000004,2.33695652173913,12.0,43.5,56,44,41,3,0,6,0.82,10.98046875,48,3,15,0,1,2811,256,16,8,8,0,122.8125,
aeqkad_res8,window,full,fidelity,False,True,16,0.05,25,8,False,iid,0.1,1,s026,6,20.999999999999996,7.01086956521739,12.0,42.5,56,43,40,3,0,6,0.8,11.7421875,47,4,16,0,0,3006,256,16,8,8,0,150.4375,
aeqkad_res8,window,full,fidelity,False,True,16,0.05,25,8,False,iid,0.1,1,s026,7,17.750000000000004,2.1739130434782594,6.0,42.5,56,43,42,1,0,6,0.84,10.8203125,49,4,14,0,2,2770,256,16,8,8,0,178.25,
aeqkad_res8,window,full,fidelity,False,True,16,0.05,25,8,False,iid,0.1,1,s026,8,21.749999999999996,10.434782608695654,14.000000000000002,46.0,56,37,36,1,0,6,0.72,11.89453125,47,10,9,0,0,3045,256,16,8,8,0,205.1875,14.000000000000002
aeqkad_res8,window,full,fidelity,False,True,16,0.05,25,8,False,iid,0.1,2,s026,2,26.5,7.01086956521739,22.0,33.5,56,31,31,0,0,6,0.62,11.96875,42,11,19,0,0,3064,256,16,8,8,0,37.375,
aeqkad_res8,window,full,fidelity,False,True,16,0.05,25,8,False,iid,0.1,2,s026,3,23.75,23.20652173913043,24.0,34.5,56,31,30,1,0,6,0.6,12.03515625,40,7,16,0,2,3081,256,16,8,8,1,66.4375,
aeqkad_res8,window,full,fidelity,False,True,16,0.05,25,8,False,iid,0.1,2,s026,4,17.250000000000004,7.01086956521739,18.0,34.5,56,41,41,0,0,6,0.82,10.74609375,43,2,18,0,0,2751,256,16,8,8,0,93.375,
aeqkad_res8,window,full,fidelity,False,True,16,0.05,25,8,False,iid,0.1,2,s026,5,19.749999999999996,3.423913043478259,14.000000000000002,32.5,56,39,39,0,0,6,0.78,10.44140625,45,5,19,0,1,2673,256,16,8,8,0,122.375,
aeqkad_res8,window,full,fidelity,False,True,16,0.05,25,8,False,iid,0.1,2,s026,6,19.499999999999996,7.01086956521739,12.0,36.0,56,42,40,2,0,6,0.8,11.2578125,46,4,21,0,0,2882,256,16,8,8,1,150.875,
aeqkad_res8,window,full,fidelity,False,True,16,0.05,25,8,False,iid,0.1,2,s026,7,20.0,1.0869565217391297,8.0,34.0,56,41,40,1,0,6,0.8,10.703125,47,5,22,0,1,2740,256,16,8,8,0,178.4375,
aeqkad_res8,window,full,fidelity,False,True,16,0.05,25,8,False,iid,0.1,2,s026,8,23.25,8.260869565217389,16.0,40.5,56,35,33,2,0,6,0.66,11.32421875,44,8,21,0,1,2899,256,16,8,8,2,205.875,48.0
window_res4,window,none,fidelity,False,True,16,0.05,25,4,False,iid,0.1,0,s026,2,21.749999999999996,8.097826086956525,18.0,33.0,56,43,41,2,0,6,0.82,14.0703125,0,0,0,0,0,3602,256,16,4,4,1,23.5625,
window_res4,window,none,fidelity,False,True,16,0.05,25,4,False,iid,0.1,0,s026,3,20.0,18.369565217391305,14.000000000000002,28.999999999999996,56,45,43,2,0,6,0.86,13.4609375,0,0,0,0,0,3446,256,16,4,4,1,38.6875,
window_res4,window,none,fidelity,False,True,16,0.05,25,4,False,iid,0.1,0,s026,4,18.250000000000004,3.423913043478259,16.0,28.499999999999996,56,45,42,3,0,6,0.84,12.390625,0,0,0,0,0,3172,256,16,4,4,1,51.625,
window_res4,window,none,fidelity,False,True,16,0.05,25,4,False,iid,0.1,0,s026,5,20.499999999999996,4.67391304347826,16.0,35.0,56,43,42,1,0,6,0.84,12.4296875,0,0,0,0,0,3182,256,16,4,4,0,68.6875,
window_res4,window,none,fidelity,False,True,16,0.05,25,4,False,iid,0.1,0,s026,6,16.250000000000004,7.01086956521739,12.0,28.499999999999996,56,45,44,1,0,6,0.88,13.17578125,0,0,0,0,0,3373,256,16,4,4,0,80.625,
window_res4,window,none,fidelity,False,True,16,0.05,25,4,False,iid,0.1,0,s026,7,13.5,2.33695652173913,8.0,33.5,56,48,46,2,0,6,0.92,12.8359375,0,0,0,0,0,3286,256,16,4,4,0,94.1875,
window_res4,window,none,fidelity,False,True,16,0.05,25,4,False,iid,0.1,0,s026,8,20.75,10.434782608695654,16.0,36.0,56,45,42,3,0,6,0.84,13.828125,0,0,0,0,0,3540,256,16,4,4,1,107.0625,12.0
window_res4,window,none,fidelity,False,True,16,0.05,25,4,False,iid,0.1,1,s026,2,21.499999999999996,12.771739130434783,14.000000000000002,39.5,56,45,43,2,0,6,0.86,14.37890625,0,0,0,0,0,3681,256,16,4,4,0,24.125,
window_res4,window,none,fidelity,False,True,16,0.05,25,4,False,iid,0.1,1,s026,3,19.749999999999996,15.108695652173914,14.000000000000002,29.5,56,43,43,0,0,6,0.86,13.921875,0,0,0,0,0,3564,256,16,4,4,0,39.9375,
window_res4,window,none,fidelity,False,True,16,0.05,25,4,False,iid,0.1,1,s026,4,17.000000000000004,7.01086956521739,16.0,37.5,56,45,42,3,0,6,0.84,12.18359375,0,0,0,0,0,3119,256,16,4,4,1,52.1875,
window_res4,window,none,fidelity,False,True,16,0.05,25,4,False,iid,0.1,1,s026,5,20.249999999999996,1.25,14.000000000000002,35.5,56,47,43,4,0,6,0.86,12.828125,0,0,0,0,0,3284,256,16,4,4,1,66.8125,
window_res4,window,none,fidelity,False,True,16,0.05,25,4,False,iid,0.1,1,s026,6,15.500000000000004,7.01086956521739,12.0,37.0,56,47,44,3,0,6,0.88,13.12109375,0,0,0,0,0,3359,256,16,4,4,0,81.0625,
window_res4,window,none,fidelity,False,True,16,0.05,25,4,False,iid,0.1,1,s026,7,18.000000000000004,3.423913043478259,8.0,39.5,56,48,46,2,0,6,0.92,13.0546875,0,0,0,0,0,3342,256,16,4,4,0,94.5,
window_res4,window,none,fidelity,False,True,16,0.05,25,4,False,iid,0.1,1,s026,8,20.75,9.347826086956525,16.0,38.0,56,44,42,2,0,6,0.84,14.09765625,0,0,0,0,0,3609,256,16,4,4,0,107.0625,10.0
window_res4,window,none,fidelity,False,True,16,0.05,25,4,False,iid,0.1,2,s026,2,21.0,6.847826086956524,16.0,35.0,56,44,42,2,0,6,0.84,13.9296875,0,0,0,0,0,3566,256,16,4,4,1,21.625,
window_res4,window,none,fidelity,False,True,16,0.05,25,4,False,iid,0.1,2,s026,3,20.0,9.347826086956525,14.000000000000002,29.5,56,45,43,2,0,6,0.86,13.29296875,0,0,0,0,0,3403,256,16,4,4,1,38.0625,
window_res4,window,none,fidelity,False,True,16,0.05,25,4,False,iid,0.1,2,s026,4,15.500000000000004,7.01086956521739,16.0,30.0,56,44,42,2,0,6,0.84,12.06640625,0,0,0,0,0,3089,256,16,4,4,0,50.25,
window_res4,window,none,fidelity,False,True,16,0.05,25,4,False,iid,0.1,2,s026,5,21.749999999999996,5.760869565217389,16.0,35.0,56,44,42,2,0,6,0.84,12.7578125,0,0,0,0,0,3266,256,16,4,4,0,66.1875,
window_res4,window,none,fidelity,False,True,16,0.05,25,4,False,iid,0.1,2,s026,6,15.750000000000004,7.01086956521739,12.0,34.0,56,46,44,2,0,6,0.88,12.47265625,0,0,0,0,0,3193,256,16,4,4,1,80.3125,
window_res4,window,none,fidelity,False,True,16,0.05,25,4,False,iid,0.1,2,s026,7,19.499999999999996,2.33695652173913,6.0,33.0,56,49,47,2,0,6,0.94,12.4921875,0,0,0,0,0,3198,256,16,4,4,1,92.3125,
window_res4,window,none,fidelity,False,True,16,0.05,25,4,False,iid,0.1,2,s026,8,19.749999999999996,8.097826086956525,16.0,35.0,56,44,42,2,0,6,0.84,13.31640625,0,0,0,0,0,3409,256,16,4,4,2,107.1875,44.0
window_res8,window,none,fidelity,False,True,16,0.05,25,8,False,iid,0.1,0,s026,2,20.749999999999996,8.097826086956525,18.0,30.0,56,42,41,1,0,6,0.82,12.6171875,0,0,0,0,0,3230,256,16,8,8,1,37.3125,
window_res8,window,none,fidelity,False,True,16,0.05,25,8,False,iid,0.1,0,s026,3,25.25,12.934782608695656,24.0,30.5,56,40,38,2,0,6,0.76,12.63671875,0,0,0,0,0,3235,256,16,8,8,1,65.8125,
window_res8,window,none,fidelity,False,True,16,0.05,25,8,False,iid,0.1,0,s026,4,14.750000000000002,2.33695652173913,18.0,27.0,56,44,41,3,0,6,0.82,11.59375,0,0,0,0,0,2968,256,16,8,8,1,93.3125,
window_res8,window,none,fidelity,False,True,16,0.05,25,8,False,iid,0.1,0,s026,5,18.999999999999996,2.33695652173913,16.0,33.0,56,43,42,1,0,6,0.84,10.828125,0,0,0,0,0,2772,256,16,8,8,0,123.0625,
window_res8,window,none,fidelity,False,True,16,0.05,25,8,False,iid,0.1,0,s026,6,20.499999999999996,4.83695652173913,14.000000000000002,27.0,56,44,43,1,0,6,0.86,11.609375,0,0,0,0,0,2972,256,16,8,8,0,150.1875,
window_res8,window,none,fidelity,False,True,16,0.05,25,8,False,iid,0.1,0,s026,7,14.250000000000002,4.67391304347826,10.0,29.5,56,45,45,0,0,6,0.9,11.51953125,0,0,0,0,0,2949,256,16,8,8,0,177.625,
window_res8,window,none,fidelity,False,True,16,0.05,25,8,False,iid,0.1,0,s026,8,24.0,7.01086956521739,16.0,39.0,56,45,42,3,0,6,0.84,12.390625,0,0,0,0,0,3172,256,16,8,8,1,205.0625,26.0
window_res8,window,none,fidelity,False,True,16,0.05,25,8,False,iid,0.1,1,s026,2,24.5,15.108695652173914,14.000000000000002,48.0,56,45,43,2,0,6,0.86,12.6328125,0,0,0,0,0,3234,256,16,8,8,0,37.625,
window_res8,window,none,fidelity,False,True,16,0.05,25,8,False,iid,0.1,1,s026,3,26.0,20.869565217391305,16.0,39.0,56,45,42,3,0,6,0.84,12.828125,0,0,0,0,0,3284,256,16,8,8,2,65.4375,
window_res8,window,none,fidelity,False,True,16,0.05,25,8,False,iid,0.1,1,s026,4,18.000000000000004,2.1739130434782594,18.0,48.0,56,44,41,3,0,6,0.82,11.140625,0,0,0,0,0,2852,256,16,8,8,1,93.5,
window_res8,window,none,fidelity,False,True,16,0.05,25,8,False,iid,0.1,1,s026,5,18.000000000000004,0.0,10.0,44.0,56,49,45,4,0,6,0.9,11.21484375,0,0,0,0,0,2871,256,16,8,8,1,122.0625,
window_res8,window,none,fidelity,False,True,16,0.05,25,8,False,iid,0.1,1,s026,6,17.750000000000004,7.01086956521739,12.0,47.0,56,48,44,4,0,6,0.88,11.58984375,0,0,0,0,0,2967,256,16,8,8,0,150.0625,
window_res8,window,none,fidelity,False,True,16,0.05,25,8,False,iid,0.1,1,s026,7,20.249999999999996,2.1739130434782594,8.0,47.5,56,49,46,3,0,6,0.92,11.41796875,0,0,0,0,0,2923,256,16,8,8,0,178.0,
window_res8,window,none,fidelity,False,True,16,0.05,25,8,False,iid,0.1,1,s026,8,25.5,11.684782608695654,14.000000000000002,49.0,56,47,43,4,0,6,0.86,12.453125,0,0,0,0,0,3188,256,16,8,8,0,205.0625,18.0
window_res8,window,none,fidelity,False,True,16,0.05,25,8,False,iid,0.1,2,s026,2,22.249999999999996,9.347826086956525,14.000000000000002,36.5,56,46,43,3,0,6,0.86,12.484375,0,0,0,0,0,3196,256,16,8,8,0,37.0625,
window_res8,window,none,fidelity,False,True,16,0.05,25,8,False,iid,0.1,2,s026,3,23.5,20.869565217391305,20.0,34.0,56,42,40,2,0,6,0.8,12.44921875,0,0,0,0,0,3187,256,16,8,8,1,66.4375,
window_res8,window,none,fidelity,False,True,16,0.05,25,8,False,iid,0.1,2,s026,4,20.0,7.01086956521739,18.0,34.5,56,44,41,3,0,6,0.82,11.15234375,0,0,0,0,0,2855,256,16,8,8,0,93.375,
window_res8,window,none,fidelity,False,True,16,0.05,25,8,False,iid,0.1,2,s026,5,20.0,2.33695652173913,12.0,38.0,56,46,44,2,0,6,0.88,10.78125,0,0,0,0,0,2760,256,16,8,8,0,122.0625,
window_res8,window,none,fidelity,False,True,16,0.05,25,8,False,iid,0.1,2,s026,6,17.25,5.923913043478259,14.000000000000002,35.5,56,45,43,2,0,6,0.86,11.5234375,0,0,0,0,0,2950,256,16,8,8,1,150.9375,
window_res8,window,none,fidelity,False,True,16,0.05,25,8,False,iid,0.1,2,s026,7,18.250000000000004,2.33695652173913,12.0,36.5,56,46,44,2,0,6,0.88,11.109375,0,0,0,0,0,2844,256,16,8,8,1,177.5,
window_res8,window,none,fidelity,False,True,16,0.05,25,8,False,iid,0.1,2,s026,8,21.499999999999996,7.01086956521739,16.0,39.0,56,44,42,2,0,6,0.84,12.109375,0,0,0,0,0,3100,256,16,8,8,2,205.875,48.0
aeqkad_res4,window,full,fidelity,False,True,16,0.05,25,4,False,iid,0.1,0,s027,2,20.0,4.67391304347826,12.0,35.0,56,41,41,0,0,6,0.82,13.6015625,45,4,0,0,0,3482,256,16,4,4,0,25.25,
aeqkad_res4,window,full,fidelity,False,True,16,0.05,25,4,False,iid,0.1,0,s027,3,26.5,12.771739130434783,20.0,30.5,56,35,35,0,0,6,0.7,11.2421875,42,7,0,0,0,2878,256,16,4,4,0,39.1875,
aeqkad_res4,window,full,fidelity,False,True,16,0.05,25,4,False,iid,0.1,0,s027,4,12.0,1.0869565217391297,4.0,38.5,56,46,45,1,0,6,0.9,11.73046875,50,3,0,0,1,3003,256,16,4,4,0,55.375,
aeqkad_res4,window,full,fidelity,False,True,16,0.05,25,4,False,iid,0.1,0,s027,5,16.000000000000004,3.58695652173913,12.0,35.5,56,44,42,2,0,6,0.84,10.04296875,46,2,2,0,0,2571,256,16,4,4,0,67.3125,
aeqkad_res4,window,full,fidelity,False,True,16,0.05,25,4,False,iid,0.1,0,s027,6,19.249999999999996,8.097826086956525,14.000000000000002,35.5,56,36,36,0,0,6,0.72,10.2265625,44,4,0,0,4,2618,256,16,4,4,0,81.5625,
aeqkad_res4,window,full,fidelity,False,True,16,0.05,25,4,False,iid,0.1,0,s027,7,16.250000000000004,4.67391304347826,10.0,37.5,56,44,42,2,0,6,0.84,11.4375,48,4,4,0,0,2928,256,16,4,4,1,95.25,
aeqkad_res4,window,full,fidelity,False,True,16,0.05,25,4,False,iid,0.1,0,s027,8,16.750000000000004,4.67391304347826,12.0,39.0,56,41,41,0,0,6,0.82,11.1015625,45,4,0,0,0,2842,256,16,4,4,0,110.25,0.0
aeqkad_res4,window,full,fidelity,False,True,16,0.05,25,4,False,iid,0.1,1,s027,2,17.750000000000004,1.25,6.0,39.5,56,41,41,0,0,6,0.82,13.36328125,51,10,0,0,0,3421,256,16,4,4,0,25.6875,
aeqkad_res4,window,full,fidelity,False,True,16,0.05,25,4,False,iid,0.1,1,s027,3,24.5,8.097826086956525,20.0,33.0,56,37,35,2,0,6,0.7,10.91015625,42,5,0,0,0,2793,256,16,4,4,1,38.5,
aeqkad_res4,window,full,fidelity,False,True,16,0.05,25,4,False,iid,0.1,1,s027,4,10.249999999999998,0.0,4.0,40.0,56,47,46,1,0,6,0.92,11.5703125,49,2,0,0,0,2962,256,16,4,4,1,54.5,
aeqkad_res4,window,full,fidelity,False,True,16,0.05,25,4,False,iid,0.1,1,s027,5,14.250000000000002,1.25,12.0,39.0,56,42,41,1,0,6,0.82,9.8828125,46,4,0,0,0,2530,256,16,4,4,0,67.6875,
aeqkad_res4,window,full,fidelity,False,True,16,0.05,25,4,False,iid,0.1,1,s027,6,21.749999999999996,8.097826086956525,12.0,40.5,56,37,36,1,0,6,0.72,10.43359375,47,7,0,0,3,2671,256,16,4,4,0,81.625,
aeqkad_res4,window,full,fidelity,False,True,16,0.05,25,4,False,iid,0.1,1,s027,7,14.000000000000002,4.67391304347826,6.0,51.0,56,43,42,1,0,6,0.84,11.33203125,51,8,0,0,0,2901,256,16,4,4,1,95.4375,
aeqkad_res4,window,full,fidelity,False,True,16,0.05,25,4,False,iid,0.1,1,s027,8,16.500000000000004,3.423913043478259,12.0,41.0,56,44,41,3,0,6,0.82,10.94140625,48,4,0,0,0,2801,256,16,4,4,0,109.8125,6.0
aeqkad_res4,window,full,fidelity,False,True,16,0.05,25,4,False,iid,0.1,2,s027,2,17.000000000000004,7.01086956521739,6.0,47.0,56,42,41,1,0,6,0.82,13.3359375,48,6,0,0,0,3414,256,16,4,4,0,26.125,
aeqkad_res4,window,full,fidelity,False,True,16,0.05,25,4,False,iid,0.1,2,s027,3,25.25,12.771739130434783,18.0,38.5,56,39,37,2,0,6,0.74,11.26953125,44,5,0,0,0,2885,256,16,4,4,2,38.6875,
aeqkad_res4,window,full,fidelity,False,True,16,0.05,25,4,False,iid,0.1,2,s027,4,8.5,1.0869565217391297,4.0,44.5,56,46,46,0,0,6,0.92,11.83203125,49,3,2,0,0,3029,256,16,4,4,0,55.9375,
aeqkad_res4,window,full,fidelity,False,True,16,0.05,25,4,False,iid,0.1,2,s027,5,18.250000000000004,5.760869565217389,12.0,47.0,56,43,42,1,0,6,0.84,9.90234375,46,3,4,0,0,2535,256,16,4,4,0,67.0,
aeqkad_res4,window,full,fidelity,False,True,16,0.05,25,4,False,iid,0.1,2,s027,6,16.750000000000004,6.847826086956524,10.0,38.5,56,36,36,0,0,6,0.72,10.34765625,46,5,0,0,5,2649,256,16,4,4,0,80.625,
aeqkad_res4,window,full,fidelity,False,True,16,0.05,25,4,False,iid,0.1,2,s027,7,18.5,5.923913043478259,6.0,44.5,56,42,42,0,0,6,0.84,11.4375,51,8,3,0,1,2928,256,16,4,4,0,94.6875,
aeqkad_res4,window,full,fidelity,False,True,16,0.05,25,4,False,iid,0.1,2,s027,8,18.250000000000004,2.33695652173913,12.0,44.0,56,42,41,1,0,6,0.82,10.984375,45,3,1,0,0,2812,256,16,4,4,1,109.6875,42.0
aeqkad_res8,window,full,fidelity,False,True,16,0.05,25,8,False,iid,0.1,0,s027,2,19.25,7.01086956521739,10.0,39.0,56,41,41,0,0,6,0.82,13.13671875,46,5,15,0,0,3363,256,16,8,8,0,42.875,
aeqkad_res8,window,full,fidelity,False,True,16,0.05,25,8,False,iid,0.1,0,s027,3,22.749999999999996,14.021739130434785,20.0,32.5,56,37,37,0,0,6,0.74,11.36328125,43,5,16,0,1,2909,256,16,8,8,0,70.8125,
aeqkad_res8,window,full,fidelity,False,True,16,0.05,25,8,False,iid,0.1,0,s027,4,12.75,2.33695652173913,4.0,40.5,56,48,47,1,0,6,0.94,11.38671875,50,1,18,0,1,2915,256,16,8,8,0,99.625,
aeqkad_res8,window,full,fidelity,False,True,16,0.05,25,8,False,iid,0.1,0,s027,5,14.250000000000002,1.25,10.0,39.0,56,46,44,2,0,6,0.88,10.6171875,47,1,27,0,0,2718,256,16,8,8,0,126.9375,
aeqkad_res8,window,full,fidelity,False,True,16,0.05,25,8,False,iid,0.1,0,s027,6,21.999999999999996,6.847826086956524,12.0,41.0,56,36,36,0,0,6,0.72,10.7421875,46,6,9,0,4,2750,256,16,8,8,0,155.1875,
aeqkad_res8,window,full,fidelity,False,True,16,0.05,25,8,False,iid,0.1,0,s027,7,16.500000000000004,3.58695652173913,10.0,42.0,56,43,41,2,0,6,0.82,11.49609375,48,5,20,0,0,2943,256,16,8,8,0,182.75,
aeqkad_res8,window,full,fidelity,False,True,16,0.05,25,8,False,iid,0.1,0,s027,8,16.000000000000004,4.67391304347826,12.0,41.5,56,42,42,0,0,6,0.84,11.26171875,45,2,16,0,1,2883,256,16,8,8,0,211.5625,0.0
aeqkad_res8,window,full,fidelity,False,True,16,0.05,25,8,False,iid,0.1,1,s027,2,19.000000000000004,7.01086956521739,6.0,47.0,56,42,41,1,0,6,0.82,13.02734375,51,9,0,0,0,3335,256,16,8,8,0,43.0625,
aeqkad_res8,window,full,fidelity,False,True,16,0.05,25,8,False,iid,0.1,1,s027,3,21.999999999999996,12.771739130434783,16.0,33.5,56,38,36,2,0,6,0.72,11.14453125,44,6,0,0,0,2853,256,16,8,8,1,70.5625,
aeqkad_res8,window,full,fidelity,False,True,16,0.05,25,8,False,iid,0.1,1,s027,4,12.25,0.0,4.0,45.5,56,46,45,1,0,6,0.9,11.59765625,49,3,0,0,0,2969,256,16,8,8,1,99.75,
aeqkad_res8,window,full,fidelity,False,True,16,0.05,25,8,False,iid,0.1,1,s027,5,15.750000000000004,1.25,10.0,40.5,56,43,42,1,0,6,0.84,10.265625,47,4,0,0,0,2628,256,16,8,8,0,127.25,
aeqkad_res8,window,full,fidelity,False,True,16,0.05,25,8,False,iid,0.1,1,s027,6,21.499999999999996,6.847826086956524,8.0,44.5,56,37,36,1,0,6,0.72,10.9296875,49,9,0,0,3,2798,256,16,8,8,0,155.25,
aeqkad_res8,window,full,fidelity,False,True,16,0.05,25,8,False,iid,0.1,1,s027,7,20.75,1.0869565217391297,8.0,53.0,56,42,41,1,0,6,0.82,11.36328125,51,9,0,0,0,2909,256,16,8,8,0,183.0625,
aeqkad_res8,window,full,fidelity,False,True,16,0.05,25,8,False,iid,0.1,1,s027,8,20.5,3.423913043478259,12.0,41.5,56,43,41,2,0,6,0.82,10.8828125,48,5,0,0,0,2786,256,16,8,8,0,211.1875,10.0
aeqkad_res8,window,full,fidelity,False,True,16,0.05,25,8,False,iid,0.1,2,s027,2,15.750000000000004,7.01086956521739,10.0,41.0,56,41,41,0,0,6,0.82,13.1484375,46,5,3,0,0,3366,256,16,8,8,0,43.25,
aeqkad_res8,window,full,fidelity,False,True,16,0.05,25,8,False,iid,0.1,2,s027,3,25.0,12.771739130434783,18.0,38.0,56,39,37,2,0,6,0.74,11.44140625,43,4,4,0,0,2929,256,16,8,8,2,70.5625,
aeqkad_res8,window,full,fidelity,False,True,16,0.05,25,8,False,iid,0.1,2,s027,4,14.500000000000002,1.0869565217391297,4.0,42.0,56,46,46,0,0,6,0.92,11.53515625,49,3,2,0,0,2953,256,16,8,8,0,99.625,
aeqkad_res8,window,full,fidelity,False,True,16,0.05,25,8,False,iid,0.1,2,s027,5,14.000000000000002,3.423913043478259,10.0,40.0,56,44,44,0,0,6,0.88,10.53515625,46,2,13,0,0,2697,256,16,8,8,0,126.875,
aeqkad_res8,window,full,fidelity,False,True,16,0.05,25,8,False,iid,0.1,2,s027,6,17.500000000000004,6.847826086956524,12.0,38.5,56,36,36,0,0,6,0.72,10.69140625,45,5,0,0,4,2737,256,16,8,8,0,154.5625,
aeqkad_res8,window,full,fidelity,False,True,16,0.05,25,8,False,iid,0.1,2,s027,7,16.500000000000004,1.0869565217391297,8.0,40.5,56,41,41,0,0,6,0.82,11.45703125,51,10,6,0,0,2933,256,16,8,8,0,182.5625,
aeqkad_res8,window,full,fidelity,False,True,16,0.05,25,8,False,iid,0.1,2,s027,8,16.000000000000004,3.423913043478259,12.0,41.5,56,43,42,1,0,6,0.84,11.10546875,45,2,6,0,0,2843,256,16,8,8,1,211.0625,42.0
window_res4,window,none,fidelity,False,True,16,0.05,25,4,False,iid,0.1,0,s027,2,17.500000000000004,4.67391304347826,10.0,37.0,56,46,45,1,0,6,0.9,13.93359375,0,0,0,0,0,3567,256,16,4,4,0,24.4375,
window_res4,window,none,fidelity,False,True,16,0.05,25,4,False,iid,0.1,0,s027,3,21.999999999999996,5.760869565217389,10.0,32.0,56,47,45,2,0,6,0.9,12.44140625,0,0,0,0,0,3185,256,16,4,4,0,39.1875,
window_res4,window,none,fidelity,False,True,16,0.05,25,4,False,iid,0.1,0,s027,4,12.0,1.0869565217391297,4.0,40.5,56,50,48,2,0,6,0.96,11.8984375,0,0,0,0,0,3046,256,16,4,4,0,53.625,
window_res4,window,none,fidelity,False,True,16,0.05,25,4,False,iid,0.1,0,s027,5,18.250000000000004,3.58695652173913,12.0,37.0,56,46,44,2,0,6,0.88,10.75,0,0,0,0,0,2752,256,16,4,4,0,67.3125,
window_res4,window,none,fidelity,False,True,16,0.05,25,4,False,iid,0.1,0,s027,6,20.249999999999996,7.01086956521739,10.0,46.5,56,48,45,3,0,6,0.9,11.69140625,0,0,0,0,0,2993,256,16,4,4,0,81.5625,
window_res4,window,none,fidelity,False,True,16,0.05,25,4,False,iid,0.1,0,s027,7,17.750000000000004,7.01086956521739,10.0,38.0,56,48,45,3,0,6,0.9,11.8515625,0,0,0,0,0,3034,256,16,4,4,2,94.6875,
window_res4,window,none,fidelity,False,True,16,0.05,25,4,False,iid,0.1,0,s027,8,17.250000000000004,3.58695652173913,10.0,44.5,56,46,45,1,0,6,0.9,11.29296875,0,0,0,0,0,2891,256,16,4,4,0,110.25,0.0
window_res4,window,none,fidelity,False,True,16,0.05,25,4,False,iid,0.1,1,s027,2,17.750000000000004,8.097826086956525,6.0,46.5,56,51,47,4,0,6,0.94,14.03125,0,0,0,0,0,3592,256,16,4,4,1,24.4375,
window_res4,window,none,fidelity,False,True,16,0.05,25,4,False,iid,0.1,1,s027,3,18.250000000000004,5.760869565217389,4.0,34.5,56,50,48,2,0,6,0.96,12.34375,0,0,0,0,0,3160,256,16,4,4,1,38.5,
window_res4,window,none,fidelity,False,True,16,0.05,25,4,False,iid,0.1,1,s027,4,11.5,0.0,4.0,40.5,56,49,48,1,0,6,0.96,11.9296875,0,0,0,0,0,3054,256,16,4,4,1,52.8125,
window_res4,window,none,fidelity,False,True,16,0.05,25,4,False,iid,0.1,1,s027,5,18.000000000000004,1.25,10.0,42.0,56,47,45,2,0,6,0.9,10.609375,0,0,0,0,0,2716,256,16,4,4,0,67.6875,
window_res4,window,none,fidelity,False,True,16,0.05,25,4,False,iid,0.1,1,s027,6,22.249999999999996,11.521739130434785,10.0,46.0,56,48,45,3,0,6,0.9,11.6484375,0,0,0,0,0,2982,256,16,4,4,1,80.9375,
window_res4,window,none,fidelity,False,True,16,0.05,25,4,False,iid,0.1,1,s027,7,20.999999999999996,2.1739130434782594,6.0,56.49999999999999,56,52,47,5,0,6,0.94,12.5390625,0,0,0,0,0,3210,256,16,4,4,0,95.1875,
window_res4,window,none,fidelity,False,True,16,0.05,25,4,False,iid,0.1,1,s027,8,17.500000000000004,2.33695652173913,10.0,45.5,56,49,45,4,0,6,0.9,11.51171875,0,0,0,0,0,2947,256,16,4,4,0,109.8125,6.0
window_res4,window,none,fidelity,False,True,16,0.05,25,4,False,iid,0.1,2,s027,2,16.250000000000004,4.67391304347826,6.0,48.5,56,48,47,1,0,6,0.94,13.734375,0,0,0,0,0,3516,256,16,4,4,0,25.1875,
window_res4,window,none,fidelity,False,True,16,0.05,25,4,False,iid,0.1,2,s027,3,21.999999999999996,8.260869565217389,6.0,44.5,56,50,47,3,0,6,0.94,12.7421875,0,0,0,0,0,3262,256,16,4,4,2,38.6875,
window_res4,window,none,fidelity,False,True,16,0.05,25,4,False,iid,0.1,2,s027,4,9.0,1.0869565217391297,4.0,43.0,56,49,48,1,0,6,0.96,11.796875,0,0,0,0,0,3020,256,16,4,4,1,53.0625,
window_res4,window,none,fidelity,False,True,16,0.05,25,4,False,iid,0.1,2,s027,5,20.999999999999996,4.67391304347826,10.0,49.0,56,47,45,2,0,6,0.9,10.7265625,0,0,0,0,0,2746,256,16,4,4,0,67.0,
window_res4,window,none,fidelity,False,True,16,0.05,25,4,False,iid,0.1,2,s027,6,19.000000000000004,7.01086956521739,8.0,48.5,56,48,46,2,0,6,0.92,11.80859375,0,0,0,0,0,3023,256,16,4,4,0,80.625,
window_res4,window,none,fidelity,False,True,16,0.05,25,4,False,iid,0.1,2,s027,7,18.500000000000004,3.423913043478259,6.0,53.5,56,52,47,5,0,6,0.94,12.515625,0,0,0,0,0,3204,256,16,4,4,0,94.4375,
window_res4,window,none,fidelity,False,True,16,0.05,25,4,False,iid,0.1,2,s027,8,16.250000000000004,2.33695652173913,12.0,45.0,56,45,44,1,0,6,0.88,11.26171875,0,0,0,0,0,2883,256,16,4,4,1,109.6875,40.0
window_res8,window,none,fidelity,False,True,16,0.05,25,8,False,iid,0.1,0,s027,2,19.749999999999996,5.760869565217389,10.0,40.5,56,46,45,1,0,6,0.9,13.1875,0,0,0,0,0,3376,256,16,8,8,0,42.5625,
window_res8,window,none,fidelity,False,True,16,0.05,25,8,False,iid,0.1,0,s027,3,20.0,5.760869565217389,4.0,34.5,56,51,48,3,0,6,0.96,11.9609375,0,0,0,0,0,3062,256,16,8,8,1,70.5625,
window_res8,window,none,fidelity,False,True,16,0.05,25,8,False,iid,0.1,0,s027,4,11.249999999999998,1.0869565217391297,4.0,41.0,56,51,48,3,0,6,0.96,11.71484375,0,0,0,0,0,2999,256,16,8,8,1,98.6875,
window_res8,window,none,fidelity,False,True,16,0.05,25,8,False,iid,0.1,0,s027,5,14.500000000000002,1.25,10.0,38.5,56,47,45,2,0,6,0.9,10.671875,0,0,0,0,0,2732,256,16,8,8,0,126.9375,
window_res8,window,none,fidelity,False,True,16,0.05,25,8,False,iid,0.1,0,s027,6,19.249999999999996,4.67391304347826,10.0,46.0,56,49,45,4,0,6,0.9,11.734375,0,0,0,0,0,3004,256,16,8,8,1,154.625,
window_res8,window,none,fidelity,False,True,16,0.05,25,8,False,iid,0.1,0,s027,7,18.250000000000004,4.67391304347826,8.0,44.5,56,50,46,4,0,6,0.92,12.078125,0,0,0,0,0,3092,256,16,8,8,1,182.5625,
window_res8,window,none,fidelity,False,True,16,0.05,25,8,False,iid,0.1,0,s027,8,19.25,3.58695652173913,12.0,45.5,56,45,44,1,0,6,0.88,11.2890625,0,0,0,0,0,2890,256,16,8,8,0,211.5625,0.0
window_res8,window,none,fidelity,False,True,16,0.05,25,8,False,iid,0.1,1,s027,2,17.000000000000004,7.01086956521739,6.0,49.0,56,50,47,3,0,6,0.94,13.2265625,0,0,0,0,0,3386,256,16,8,8,1,42.5625,
window_res8,window,none,fidelity,False,True,16,0.05,25,8,False,iid,0.1,1,s027,3,19.499999999999996,4.67391304347826,6.0,36.5,56,49,47,2,0,6,0.94,12.09765625,0,0,0,0,0,3097,256,16,8,8,1,70.5625,
window_res8,window,none,fidelity,False,True,16,0.05,25,8,False,iid,0.1,1,s027,4,11.75,0.0,4.0,46.0,56,49,48,1,0,6,0.96,11.4140625,0,0,0,0,0,2922,256,16,8,8,1,98.6875,
window_res8,window,none,fidelity,False,True,16,0.05,25,8,False,iid,0.1,1,s027,5,15.500000000000004,1.25,10.0,42.5,56,47,45,2,0,6,0.9,10.6796875,0,0,0,0,0,2734,256,16,8,8,0,127.25,
window_res8,window,none,fidelity,False,True,16,0.05,25,8,False,iid,0.1,1,s027,6,21.999999999999996,5.923913043478259,8.0,49.5,56,49,46,3,0,6,0.92,11.625,0,0,0,0,0,2976,256,16,8,8,1,154.8125,
window_res8,window,none,fidelity,False,True,16,0.05,25,8,False,iid,0.1,1,s027,7,21.249999999999996,3.423913043478259,4.0,60.5,56,52,48,4,0,6,0.96,12.1953125,0,0,0,0,0,3122,256,16,8,8,0,183.0625,
window_res8,window,none,fidelity,False,True,16,0.05,25,8,False,iid,0.1,1,s027,8,16.000000000000004,2.33695652173913,10.0,47.0,56,49,45,4,0,6,0.9,11.2734375,0,0,0,0,0,2886,256,16,8,8,0,211.1875,10.0
window_res8,window,none,fidelity,False,True,16,0.05,25,8,False,iid,0.1,2,s027,2,15.750000000000004,7.01086956521739,8.0,46.5,56,47,46,1,0,6,0.92,13.171875,0,0,0,0,0,3372,256,16,8,8,0,42.875,
window_res8,window,none,fidelity,False,True,16,0.05,25,8,False,iid,0.1,2,s027,3,19.249999999999996,7.01086956521739,6.0,42.0,56,50,47,3,0,6,0.94,12.01953125,0,0,0,0,0,3077,256,16,8,8,2,70.5625,
window_res8,window,none,fidelity,False,True,16,0.05,25,8,False,iid,0.1,2,s027,4,10.75,1.0869565217391297,4.0,42.5,56,49,48,1,0,6,0.96,11.52734375,0,0,0,0,0,2951,256,16,8,8,1,98.6875,
window_res8,window,none,fidelity,False,True,16,0.05,25,8,False,iid,0.1,2,s027,5,17.5,1.25,10.0,41.0,56,47,45,2,0,6,0.9,10.8125,0,0,0,0,0,2768,256,16,8,8,0,126.875,
window_res8,window,none,fidelity,False,True,16,0.05,25,8,False,iid,0.1,2,s027,6,19.749999999999996,4.67391304347826,8.0,46.0,56,48,46,2,0,6,0.92,11.609375,0,0,0,0,0,2972,256,16,8,8,0,154.5625,
window_res8,window,none,fidelity,False,True,16,0.05,25,8,False,iid,0.1,2,s027,7,16.250000000000004,4.67391304347826,8.0,45.0,56,51,46,5,0,6,0.92,12.16796875,0,0,0,0,0,3115,256,16,8,8,0,182.5625,
window_res8,window,none,fidelity,False,True,16,0.05,25,8,False,iid,0.1,2,s027,8,16.250000000000004,2.33695652173913,12.0,42.5,56,45,44,1,0,6,0.88,11.2578125,0,0,0,0,0,2882,256,16,8,8,1,211.0625,40.0
aeqkad_res4,window,full,fidelity,False,True,16,0.05,25,4,False,iid,0.1,0,s028,2,7.749999999999998,0.0,2.0,35.5,56,42,42,0,0,6,0.84,11.69921875,49,7,0,0,0,2995,256,16,4,4,0,24.125,
aeqkad_res4,window,full,fidelity,False,True,16,0.05,25,4,False,iid,0.1,0,s028,3,12.25,1.25,8.0,26.0,56,38,38,0,0,6,0.76,11.203125,49,11,0,0,0,2868,256,16,4,4,0,36.6875,
aeqkad_res4,window,full,fidelity,False,True,16,0.05,25,4,False,iid,0.1,0,s028,4,18.75,0.0,14.000000000000002,28.000000000000004,56,40,40,0,0,6,0.8,9.921875,46,5,0,0,1,2540,256,16,4,4,0,52.4375,
aeqkad_res4,window,full,fidelity,False,True,16,0.05,25,4,False,iid,0.1,0,s028,5,18.750000000000004,1.25,14.000000000000002,28.499999999999996,56,36,36,0,0,6,0.72,11.42578125,45,9,0,0,0,2925,256,16,4,4,0,64.25,
aeqkad_res4,window,full,fidelity,False,True,16,0.05,25,4,False,iid,0.1,0,s028,6,21.999999999999996,8.260869565217389,20.0,37.5,56,34,34,0,0,6,0.68,12.38671875,44,9,0,0,1,3171,256,16,4,4,0,78.75,
aeqkad_res4,window,full,fidelity,False,True,16,0.05,25,4,False,iid,0.1,0,s028,7,14.000000000000002,0.0,4.0,36.5,56,40,40,0,0,6,0.8,11.8046875,50,10,0,0,0,3022,256,16,4,4,0,94.0625,
aeqkad_res4,window,full,fidelity,False,True,16,0.05,25,4,False,iid,0.1,0,s028,8,12.000000000000002,0.0,14.000000000000002,32.0,56,41,41,0,0,6,0.82,10.73828125,43,2,0,0,0,2749,256,16,4,4,0,106.125,34.0
aeqkad_res4,window,full,fidelity,False,True,16,0.05,25,4,False,iid,0.1,1,s028,2,11.75,0.0,2.0,32.5,56,44,44,0,0,6,0.88,11.93359375,51,7,30,0,0,3055,256,16,4,4,0,22.4375,
aeqkad_res4,window,full,fidelity,False,True,16,0.05,25,4,False,iid,0.1,1,s028,3,10.249999999999998,1.25,10.0,22.5,56,41,40,1,0,6,0.8,11.25390625,46,2,20,0,3,2881,256,16,4,4,0,37.0625,
aeqkad_res4,window,full,fidelity,False,True,16,0.05,25,4,False,iid,0.1,1,s028,4,16.250000000000004,0.0,16.0,16.0,56,41,41,0,0,6,0.82,9.9921875,43,2,26,0,0,2558,256,16,4,4,0,51.0625,
aeqkad_res4,window,full,fidelity,False,True,16,0.05,25,4,False,iid,0.1,1,s028,5,14.500000000000002,4.67391304347826,14.000000000000002,17.5,56,36,36,0,0,6,0.72,11.296875,45,8,22,0,1,2892,256,16,4,4,0,65.1875,
aeqkad_res4,window,full,fidelity,False,True,16,0.05,25,4,False,iid,0.1,1,s028,6,22.000000000000004,0.0,16.0,31.5,56,40,39,1,0,6,0.78,13.12890625,45,4,16,0,1,3361,256,16,4,4,0,79.0625,
aeqkad_res4,window,full,fidelity,False,True,16,0.05,25,4,False,iid,0.1,1,s028,7,13.5,1.25,10.0,19.5,56,41,41,0,0,6,0.82,11.765625,45,4,32,0,0,3012,256,16,4,4,0,93.5,
aeqkad_res4,window,full,fidelity,False,True,16,0.05,25,4,False,iid,0.1,1,s028,8,11.5,2.33695652173913,14.000000000000002,15.5,56,42,41,1,0,6,0.82,10.81640625,44,2,25,0,0,2769,256,16,4,4,1,106.875,26.0
aeqkad_res4,window,full,fidelity,False,True,16,0.05,25,4,False,iid,0.1,2,s028,2,7.499999999999998,1.25,4.0,31.5,56,43,43,0,0,6,0.86,11.6640625,50,7,0,0,0,2986,256,16,4,4,0,22.1875,
aeqkad_res4,window,full,fidelity,False,True,16,0.05,25,4,False,iid,0.1,2,s028,3,12.25,2.33695652173913,8.0,25.0,56,39,38,1,0,6,0.76,10.91796875,49,10,0,0,0,2795,256,16,4,4,1,36.1875,
aeqkad_res4,window,full,fidelity,False,True,16,0.05,25,4,False,iid,0.1,2,s028,4,14.000000000000002,2.33695652173913,16.0,12.0,56,40,40,0,0,6,0.8,9.9375,43,3,0,0,0,2544,256,16,4,4,0,52.625,
aeqkad_res4,window,full,fidelity,False,True,16,0.05,25,4,False,iid,0.1,2,s028,5,15.750000000000004,2.33695652173913,16.0,16.0,56,36,36,0,0,6,0.72,11.09765625,43,7,0,0,0,2841,256,16,4,4,0,64.5625,
aeqkad_res4,window,full,fidelity,False,True,16,0.05,25,4,False,iid,0.1,2,s028,6,28.000000000000004,8.097826086956525,22.0,26.5,56,33,33,0,0,6,0.66,11.9140625,42,9,0,0,0,3050,256,16,4,4,0,77.9375,
aeqkad_res4,window,full,fidelity,False,True,16,0.05,25,4,False,iid,0.1,2,s028,7,14.500000000000002,0.0,10.0,23.5,56,40,40,0,0,6,0.8,11.71875,46,6,0,0,0,3000,256,16,4,4,0,94.1875,
aeqkad_res4,window,full,fidelity,False,True,16,0.05,25,4,False,iid,0.1,2,s028,8,10.25,0.0,14.000000000000002,16.0,56,42,41,1,0,6,0.82,10.85546875,44,2,0,0,0,2779,256,16,4,4,0,105.6875,16.0
aeqkad_res8,window,full,fidelity,False,True,16,0.05,25,8,False,iid,0.1,0,s028,2,7.999999999999999,0.0,0.0,42.5,56,44,44,0,0,6,0.88,10.80078125,51,7,19,0,0,2765,256,16,8,8,0,37.8125,
aeqkad_res8,window,full,fidelity,False,True,16,0.05,25,8,False,iid,0.1,0,s028,3,12.25,1.25,6.0,38.5,56,40,40,0,0,6,0.8,10.703125,50,6,14,0,4,2740,256,16,8,8,0,64.125,
aeqkad_res8,window,full,fidelity,False,True,16,0.05,25,8,False,iid,0.1,0,s028,4,13.0,0.0,14.000000000000002,34.5,56,41,41,0,0,6,0.82,9.5546875,46,4,19,0,1,2446,256,16,8,8,0,93.25,
aeqkad_res8,window,full,fidelity,False,True,16,0.05,25,8,False,iid,0.1,0,s028,5,12.5,1.25,10.0,35.0,56,36,36,0,0,6,0.72,11.3203125,47,11,19,0,0,2898,256,16,8,8,0,120.5,
aeqkad_res8,window,full,fidelity,False,True,16,0.05,25,8,False,iid,0.1,0,s028,6,14.750000000000002,0.0,12.0,48.0,56,39,39,0,0,6,0.78,13.1953125,49,9,11,0,1,3378,256,16,8,8,0,148.8125,
aeqkad_res8,window,full,fidelity,False,True,16,0.05,25,8,False,iid,0.1,0,s028,7,14.250000000000002,3.423913043478259,6.0,44.5,56,41,41,0,0,6,0.82,12.29296875,52,11,21,0,0,3147,256,16,8,8,0,177.5,
aeqkad_res8,window,full,fidelity,False,True,16,0.05,25,8,False,iid,0.1,0,s028,8,11.250000000000002,0.0,12.0,40.0,56,41,41,0,0,6,0.82,11.25390625,46,5,18,0,0,2881,256,16,8,8,0,204.5625,26.0
aeqkad_res8,window,full,fidelity,False,True,16,0.05,25,8,False,iid,0.1,1,s028,2,9.749999999999998,0.0,0.0,51.5,56,44,44,0,0,6,0.88,10.80078125,53,9,11,0,0,2765,256,16,8,8,0,36.625,
aeqkad_res8,window,full,fidelity,False,True,16,0.05,25,8,False,iid,0.1,1,s028,3,9.75,1.25,6.0,49.0,56,41,40,1,0,6,0.8,10.66796875,50,8,6,0,1,2731,256,16,8,8,0,64.4375,
aeqkad_res8,window,full,fidelity,False,True,16,0.05,25,8,False,iid,0.1,1,s028,4,11.250000000000002,0.0,12.0,31.5,56,41,41,0,0,6,0.82,9.66015625,48,7,8,0,0,2473,256,16,8,8,0,93.0,
aeqkad_res8,window,full,fidelity,False,True,16,0.05,25,8,False,iid,0.1,1,s028,5,14.500000000000002,3.423913043478259,12.0,42.0,56,36,36,0,0,6,0.72,10.9765625,47,11,3,0,0,2810,256,16,8,8,0,120.9375,
aeqkad_res8,window,full,fidelity,False,True,16,0.05,25,8,False,iid,0.1,1,s028,6,12.250000000000002,0.0,8.0,63.5,56,41,40,1,0,6,0.8,13.0546875,51,9,4,0,1,3342,256,16,8,8,0,149.25,
aeqkad_res8,window,full,fidelity,False,True,16,0.05,25,8,False,iid,0.1,1,s028,7,12.0,1.25,4.0,49.0,56,41,41,0,0,6,0.82,12.03125,52,11,12,0,0,3080,256,16,8,8,0,177.125,
aeqkad_res8,window,full,fidelity,False,True,16,0.05,25,8,False,iid,0.1,1,s028,8,11.000000000000002,1.0869565217391297,12.0,42.5,56,43,42,1,0,6,0.84,11.4765625,47,4,9,0,0,2938,256,16,8,8,1,205.0,48.0
aeqkad_res8,window,full,fidelity,False,True,16,0.05,25,8,False,iid,0.1,2,s028,2,9.749999999999998,1.25,2.0,28.000000000000004,56,44,44,0,0,6,0.88,10.98828125,51,7,3,0,0,2813,256,16,8,8,0,36.625,
aeqkad_res8,window,full,fidelity,False,True,16,0.05,25,8,False,iid,0.1,2,s028,3,14.750000000000002,2.33695652173913,8.0,34.0,56,39,38,1,0,6,0.76,10.46484375,49,10,1,0,0,2679,256,16,8,8,1,64.0625,
aeqkad_res8,window,full,fidelity,False,True,16,0.05,25,8,False,iid,0.1,2,s028,4,12.000000000000002,3.423913043478259,14.000000000000002,15.5,56,40,40,0,0,6,0.8,9.71484375,45,5,1,0,0,2487,256,16,8,8,0,94.0,
aeqkad_res8,window,full,fidelity,False,True,16,0.05,25,8,False,iid,0.1,2,s028,5,14.750000000000002,0.0,16.0,26.0,56,37,36,1,0,6,0.72,11.01953125,46,9,0,0,0,2821,256,16,8,8,0,120.5625,
aeqkad_res8,window,full,fidelity,False,True,16,0.05,25,8,False,iid,0.1,2,s028,6,17.750000000000004,1.25,14.000000000000002,37.5,56,39,38,1,0,6,0.76,12.5546875,47,7,0,0,1,3214,256,16,8,8,0,148.875,
aeqkad_res8,window,full,fidelity,False,True,16,0.05,25,8,False,iid,0.1,2,s028,7,13.750000000000002,3.423913043478259,8.0,32.5,56,41,41,0,0,6,0.82,11.9921875,48,7,2,0,0,3070,256,16,8,8,0,177.625,
aeqkad_res8,window,full,fidelity,False,True,16,0.05,25,8,False,iid,0.1,2,s028,8,9.25,0.0,14.000000000000002,25.0,56,42,41,1,0,6,0.82,11.0234375,44,2,1,0,0,2822,256,16,8,8,0,204.375,24.0
window_res4,window,none,fidelity,False,True,16,0.05,25,4,False,iid,0.1,0,s028,2,10.749999999999998,2.33695652173913,2.0,40.5,56,50,49,1,0,6,0.98,11.91015625,0,0,0,0,0,3049,256,16,4,4,1,22.0,
window_res4,window,none,fidelity,False,True,16,0.05,25,4,False,iid,0.1,0,s028,3,9.749999999999998,1.25,6.0,51.5,56,51,47,4,0,6,0.94,12.41796875,0,0,0,0,0,3179,256,16,4,4,1,35.0,
window_res4,window,none,fidelity,False,True,16,0.05,25,4,False,iid,0.1,0,s028,4,18.75,0.0,12.0,43.5,56,47,44,3,0,6,0.88,10.83203125,0,0,0,0,0,2773,256,16,4,4,0,51.0625,
window_res4,window,none,fidelity,False,True,16,0.05,25,4,False,iid,0.1,0,s028,5,21.499999999999996,1.25,10.0,51.5,56,47,45,2,0,6,0.9,12.453125,0,0,0,0,0,3188,256,16,4,4,0,63.5,
window_res4,window,none,fidelity,False,True,16,0.05,25,4,False,iid,0.1,0,s028,6,12.5,0.0,12.0,55.50000000000001,56,49,44,5,0,6,0.88,13.84375,0,0,0,0,0,3544,256,16,4,4,3,77.0,
window_res4,window,none,fidelity,False,True,16,0.05,25,4,False,iid,0.1,0,s028,7,14.250000000000002,0.0,4.0,56.00000000000001,56,53,48,5,0,6,0.96,13.19921875,0,0,0,0,0,3379,256,16,4,4,1,91.875,
window_res4,window,none,fidelity,False,True,16,0.05,25,4,False,iid,0.1,0,s028,8,13.750000000000002,0.0,10.0,55.00000000000001,56,47,45,2,0,6,0.9,11.6015625,0,0,0,0,0,2970,256,16,4,4,0,106.125,36.0
window_res4,window,none,fidelity,False,True,16,0.05,25,4,False,iid,0.1,1,s028,2,11.249999999999998,0.0,2.0,33.0,56,51,49,2,0,6,0.98,12.23046875,0,0,0,0,0,3131,256,16,4,4,0,21.125,
window_res4,window,none,fidelity,False,True,16,0.05,25,4,False,iid,0.1,1,s028,3,12.5,1.25,6.0,28.499999999999996,56,48,47,1,0,6,0.94,12.171875,0,0,0,0,0,3116,256,16,4,4,0,35.875,
window_res4,window,none,fidelity,False,True,16,0.05,25,4,False,iid,0.1,1,s028,4,16.75,0.0,16.0,17.5,56,43,42,1,0,6,0.84,10.21484375,0,0,0,0,0,2615,256,16,4,4,0,51.0625,
window_res4,window,none,fidelity,False,True,16,0.05,25,4,False,iid,0.1,1,s028,5,18.000000000000004,3.423913043478259,12.0,24.5,56,47,44,3,0,6,0.88,12.234375,0,0,0,0,0,3132,256,16,4,4,2,63.3125,
window_res4,window,none,fidelity,False,True,16,0.05,25,4,False,iid,0.1,1,s028,6,14.000000000000002,0.0,16.0,36.5,56,45,42,3,0,6,0.84,13.3984375,0,0,0,0,0,3430,256,16,4,4,2,77.0,
window_res4,window,none,fidelity,False,True,16,0.05,25,4,False,iid,0.1,1,s028,7,14.250000000000002,1.25,10.0,27.500000000000004,56,46,45,1,0,6,0.9,12.4921875,0,0,0,0,0,3198,256,16,4,4,0,91.5,
window_res4,window,none,fidelity,False,True,16,0.05,25,4,False,iid,0.1,1,s028,8,11.249999999999998,2.33695652173913,12.0,20.5,56,45,44,1,0,6,0.88,11.40625,0,0,0,0,0,2920,256,16,4,4,1,106.875,26.0
window_res4,window,none,fidelity,False,True,16,0.05,25,4,False,iid,0.1,2,s028,2,7.999999999999999,1.25,0.0,35.5,56,53,50,3,0,6,1.0,12.19140625,0,0,0,0,0,3121,256,16,4,4,0,21.0,
window_res4,window,none,fidelity,False,True,16,0.05,25,4,False,iid,0.1,2,s028,3,13.0,2.33695652173913,6.0,34.5,56,50,47,3,0,6,0.94,12.45703125,0,0,0,0,0,3189,256,16,4,4,1,35.3125,
window_res4,window,none,fidelity,False,True,16,0.05,25,4,False,iid,0.1,2,s028,4,17.0,2.33695652173913,16.0,16.0,56,44,42,2,0,6,0.84,10.23046875,0,0,0,0,0,2619,256,16,4,4,0,51.5,
window_res4,window,none,fidelity,False,True,16,0.05,25,4,False,iid,0.1,2,s028,5,13.5,0.0,14.000000000000002,28.000000000000004,56,45,43,2,0,6,0.86,12.203125,0,0,0,0,0,3124,256,16,4,4,1,64.1875,
window_res4,window,none,fidelity,False,True,16,0.05,25,4,False,iid,0.1,2,s028,6,16.75,1.25,12.0,31.0,56,48,44,4,0,6,0.88,13.37890625,0,0,0,0,0,3425,256,16,4,4,1,77.0625,
window_res4,window,none,fidelity,False,True,16,0.05,25,4,False,iid,0.1,2,s028,7,16.000000000000004,0.0,10.0,30.0,56,45,45,0,0,6,0.9,12.31640625,0,0,0,0,0,3153,256,16,4,4,0,92.25,
window_res4,window,none,fidelity,False,True,16,0.05,25,4,False,iid,0.1,2,s028,8,9.75,0.0,12.0,23.0,56,45,44,1,0,6,0.88,11.26171875,0,0,0,0,0,2883,256,16,4,4,0,105.6875,22.0
window_res8,window,none,fidelity,False,True,16,0.05,25,8,False,iid,0.1,0,s028,2,9.499999999999998,2.33695652173913,0.0,52.5,56,52,50,2,0,6,1.0,11.16796875,0,0,0,0,0,2859,256,16,8,8,2,36.1875,
window_res8,window,none,fidelity,False,True,16,0.05,25,8,False,iid,0.1,0,s028,3,11.249999999999998,1.25,2.0,56.99999999999999,56,52,49,3,0,6,0.98,11.3984375,0,0,0,0,0,2918,256,16,8,8,0,64.0,
window_res8,window,none,fidelity,False,True,16,0.05,25,8,False,iid,0.1,0,s028,4,16.000000000000004,0.0,12.0,47.0,56,47,44,3,0,6,0.88,10.41796875,0,0,0,0,0,2667,256,16,8,8,0,93.25,
window_res8,window,none,fidelity,False,True,16,0.05,25,8,False,iid,0.1,0,s028,5,16.500000000000004,1.25,8.0,55.00000000000001,56,48,46,2,0,6,0.92,12.16796875,0,0,0,0,0,3115,256,16,8,8,0,120.0625,
window_res8,window,none,fidelity,False,True,16,0.05,25,8,False,iid,0.1,0,s028,6,16.75,0.0,8.0,62.5,56,51,46,5,0,6,0.92,13.4921875,0,0,0,0,0,3454,256,16,8,8,2,147.9375,
window_res8,window,none,fidelity,False,True,16,0.05,25,8,False,iid,0.1,0,s028,7,13.25,1.25,2.0,57.49999999999999,56,54,49,5,0,6,0.98,13.0859375,0,0,0,0,0,3350,256,16,8,8,0,176.0,
window_res8,window,none,fidelity,False,True,16,0.05,25,8,False,iid,0.1,0,s028,8,10.75,0.0,12.0,48.0,56,45,44,1,0,6,0.88,11.53515625,0,0,0,0,0,2953,256,16,8,8,0,204.5625,28.000000000000004
window_res8,window,none,fidelity,False,True,16,0.05,25,8,False,iid,0.1,1,s028,2,10.0,0.0,0.0,54.0,56,52,50,2,0,6,1.0,11.13671875,0,0,0,0,0,2851,256,16,8,8,0,35.9375,
window_res8,window,none,fidelity,False,True,16,0.05,25,8,False,iid,0.1,1,s028,3,11.249999999999998,2.33695652173913,4.0,60.0,56,51,48,3,0,6,0.96,11.3515625,0,0,0,0,0,2906,256,16,8,8,1,64.125,
window_res8,window,none,fidelity,False,True,16,0.05,25,8,False,iid,0.1,1,s028,4,14.250000000000002,0.0,12.0,46.0,56,47,44,3,0,6,0.88,10.01953125,0,0,0,0,0,2565,256,16,8,8,0,93.0,
window_res8,window,none,fidelity,False,True,16,0.05,25,8,False,iid,0.1,1,s028,5,14.250000000000002,0.0,8.0,56.49999999999999,56,50,46,4,0,6,0.92,11.97265625,0,0,0,0,0,3065,256,16,8,8,1,120.0,
window_res8,window,none,fidelity,False,True,16,0.05,25,8,False,iid,0.1,1,s028,6,12.75,0.0,6.0,71.5,56,53,47,6,0,6,0.94,13.3671875,0,0,0,0,0,3422,256,16,8,8,2,147.9375,
window_res8,window,none,fidelity,False,True,16,0.05,25,8,False,iid,0.1,1,s028,7,11.75,3.423913043478259,2.0,68.0,56,54,49,5,0,6,0.98,13.05078125,0,0,0,0,0,3341,256,16,8,8,0,175.9375,
window_res8,window,none,fidelity,False,True,16,0.05,25,8,False,iid,0.1,1,s028,8,10.75,1.0869565217391297,12.0,55.00000000000001,56,48,44,4,0,6,0.88,11.671875,0,0,0,0,0,2988,256,16,8,8,2,204.75,84.0
window_res8,window,none,fidelity,False,True,16,0.05,25,8,False,iid,0.1,2,s028,2,11.249999999999998,3.423913043478259,2.0,36.0,56,52,49,3,0,6,0.98,11.07421875,0,0,0,0,0,2835,256,16,8,8,0,36.375,
window_res8,window,none,fidelity,False,True,16,0.05,25,8,False,iid,0.1,2,s028,3,10.75,1.0869565217391297,8.0,42.0,56,49,46,3,0,6,0.92,11.4609375,0,0,0,0,0,2934,256,16,8,8,0,64.0,
window_res8,window,none,fidelity,False,True,16,0.05,25,8,False,iid,0.1,2,s028,4,14.000000000000002,3.423913043478259,12.0,23.5,56,47,44,3,0,6,0.88,10.171875,0,0,0,0,0,2604,256,16,8,8,1,92.875,
window_res8,window,none,fidelity,False,True,16,0.05,25,8,False,iid,0.1,2,s028,5,13.750000000000002,0.0,12.0,38.5,56,48,44,4,0,6,0.88,12.1640625,0,0,0,0,0,3114,256,16,8,8,0,120.0625,
window_res8,window,none,fidelity,False,True,16,0.05,25,8,False,iid,0.1,2,s028,6,13.750000000000002,1.25,8.0,46.5,56,51,46,5,0,6,0.92,13.421875,0,0,0,0,0,3436,256,16,8,8,1,147.9375,
window_res8,window,none,fidelity,False,True,16,0.05,25,8,False,iid,0.1,2,s028,7,12.75,3.423913043478259,4.0,43.0,56,51,48,3,0,6,0.96,12.5703125,0,0,0,0,0,3218,256,16,8,8,1,175.9375,
window_res8,window,none,fidelity,False,True,16,0.05,25,8,False,iid,0.1,2,s028,8,9.25,0.0,12.0,34.0,56,46,44,2,0,6,0.88,11.7265625,0,0,0,0,0,3002,256,16,8,8,0,204.375,18.0
aeqkad_res4,window,full,fidelity,False,True,16,0.05,25,4,False,iid,0.1,0,s029,2,13.5,4.67391304347826,4.0,45.0,56,46,44,2,0,6,0.88,12.671875,52,6,17,0,0,3244,256,16,4,4,1,24.8125,
aeqkad_res4,window,full,fidelity,False,True,16,0.05,25,4,False,iid,0.1,0,s029,3,12.75,0.0,6.0,40.0,56,46,45,1,0,6,0.9,13.1953125,50,2,10,0,2,3378,256,16,4,4,0,38.3125,
aeqkad_res4,window,full,fidelity,False,True,16,0.05,25,4,False,iid,0.1,0,s029,4,13.5,0.0,2.0,42.0,56,45,45,0,0,6,0.9,12.0625,50,4,11,0,1,3088,256,16,4,4,0,53.625,
aeqkad_res4,window,full,fidelity,False,True,16,0.05,25,4,False,iid,0.1,0,s029,5,11.75,2.33695652173913,10.0,41.5,56,43,42,1,0,6,0.84,10.51171875,49,4,17,0,2,2691,256,16,4,4,0,65.9375,
aeqkad_res4,window,full,fidelity,False,True,16,0.05,25,4,False,iid,0.1,0,s029,6,14.500000000000002,4.67391304347826,12.0,43.5,56,41,41,0,0,6,0.82,12.71484375,45,3,5,0,1,3255,256,16,4,4,0,80.0625,
aeqkad_res4,window,full,fidelity,False,True,16,0.05,25,4,False,iid,0.1,0,s029,7,12.25,2.33695652173913,6.0,40.0,56,45,44,1,0,6,0.88,12.36328125,49,4,13,0,0,3165,256,16,4,4,0,93.375,
aeqkad_res4,window,full,fidelity,False,True,16,0.05,25,4,False,iid,0.1,0,s029,8,17.250000000000004,9.184782608695654,12.0,53.5,56,42,40,2,0,6,0.8,13.61328125,47,4,11,0,1,3485,256,16,4,4,0,108.75,38.0
aeqkad_res4,window,full,fidelity,False,True,16,0.05,25,4,False,iid,0.1,1,s029,2,14.250000000000002,4.67391304347826,6.0,40.5,56,44,43,1,0,6,0.86,12.19140625,50,5,4,0,1,3121,256,16,4,4,1,24.0,
aeqkad_res4,window,full,fidelity,False,True,16,0.05,25,4,False,iid,0.1,1,s029,3,11.5,3.423913043478259,4.0,46.0,56,47,46,1,0,6,0.92,13.08203125,50,3,1,0,0,3349,256,16,4,4,0,38.9375,
aeqkad_res4,window,full,fidelity,False,True,16,0.05,25,4,False,iid,0.1,1,s029,4,12.0,0.0,2.0,38.5,56,45,45,0,0,6,0.9,11.98046875,50,3,2,0,2,3067,256,16,4,4,0,53.375,
aeqkad_res4,window,full,fidelity,False,True,16,0.05,25,4,False,iid,0.1,1,s029,5,12.75,1.0869565217391297,10.0,39.5,56,40,40,0,0,6,0.8,9.95703125,46,2,0,0,4,2549,256,16,4,4,0,68.3125,
aeqkad_res4,window,full,fidelity,False,True,16,0.05,25,4,False,iid,0.1,1,s029,6,14.500000000000002,4.67391304347826,12.0,31.0,56,40,40,0,0,6,0.8,11.94140625,45,3,0,0,2,3057,256,16,4,4,0,80.3125,
aeqkad_res4,window,full,fidelity,False,True,16,0.05,25,4,False,iid,0.1,1,s029,7,14.750000000000002,1.25,8.0,41.0,56,45,44,1,0,6,0.88,12.33203125,48,3,0,0,0,3157,256,16,4,4,0,95.6875,
aeqkad_res4,window,full,fidelity,False,True,16,0.05,25,4,False,iid,0.1,1,s029,8,16.500000000000004,12.934782608695656,12.0,41.5,56,40,40,0,0,6,0.8,13.421875,45,4,2,0,1,3436,256,16,4,4,0,109.3125,60.0
aeqkad_res4,window,full,fidelity,False,True,16,0.05,25,4,False,iid,0.1,2,s029,2,14.000000000000002,2.33695652173913,2.0,56.49999999999999,56,45,44,1,0,6,0.88,12.16796875,53,7,0,0,1,3115,256,16,4,4,0,24.0,
aeqkad_res4,window,full,fidelity,False,True,16,0.05,25,4,False,iid,0.1,2,s029,3,12.0,1.25,4.0,45.5,56,45,45,0,0,6,0.9,12.9921875,51,5,0,0,1,3326,256,16,4,4,0,40.0,
aeqkad_res4,window,full,fidelity,False,True,16,0.05,25,4,False,iid,0.1,2,s029,4,15.250000000000002,0.0,2.0,50.0,56,45,45,0,0,6,0.9,11.7578125,52,6,0,0,1,3010,256,16,4,4,0,54.0,
aeqkad_res4,window,full,fidelity,False,True,16,0.05,25,4,False,iid,0.1,2,s029,5,13.25,2.33695652173913,10.0,48.5,56,43,42,1,0,6,0.84,9.89453125,47,3,0,0,1,2533,256,16,4,4,1,67.1875,
aeqkad_res4,window,full,fidelity,False,True,16,0.05,25,4,False,iid,0.1,2,s029,6,13.5,2.5,10.0,46.0,56,41,41,0,0,6,0.82,12.48828125,47,4,0,0,2,3197,256,16,4,4,0,80.375,
aeqkad_res4,window,full,fidelity,False,True,16,0.05,25,4,False,iid,0.1,2,s029,7,11.75,2.5,6.0,36.0,56,45,44,1,0,6,0.88,11.96875,50,5,0,0,0,3064,256,16,4,4,0,94.4375,
aeqkad_res4,window,full,fidelity,False,True,16,0.05,25,4,False,iid,0.1,2,s029,8,17.750000000000004,9.184782608695654,10.0,49.5,56,41,40,1,0,6,0.8,13.578125,49,7,0,0,1,3476,256,16,4,4,0,108.625,46.0
aeqkad_res8,window,full,fidelity,False,True,16,0.05,25,8,False,iid,0.1,0,s029,2,14.250000000000002,2.33695652173913,2.0,58.5,56,45,43,2,0,6,0.86,12.109375,53,8,5,0,0,3100,256,16,8,8,1,40.5,
aeqkad_res8,window,full,fidelity,False,True,16,0.05,25,8,False,iid,0.1,0,s029,3,13.750000000000002,0.0,4.0,56.00000000000001,56,47,46,1,0,6,0.92,11.93359375,53,5,6,0,1,3055,256,16,8,8,0,68.3125,
aeqkad_res8,window,full,fidelity,False,True,16,0.05,25,8,False,iid,0.1,0,s029,4,12.25,0.0,2.0,59.0,56,45,45,0,0,6,0.9,12.4921875,51,3,5,0,3,3198,256,16,8,8,0,97.25,
aeqkad_res8,window,full,fidelity,False,True,16,0.05,25,8,False,iid,0.1,0,s029,5,17.0,1.25,8.0,59.5,56,43,42,1,0,6,0.84,11.5703125,52,5,5,0,4,2962,256,16,8,8,0,124.0625,
aeqkad_res8,window,full,fidelity,False,True,16,0.05,25,8,False,iid,0.1,0,s029,6,12.5,2.5,8.0,59.5,56,41,41,0,0,6,0.82,12.01171875,49,6,4,0,2,3075,256,16,8,8,0,152.125,
aeqkad_res8,window,full,fidelity,False,True,16,0.05,25,8,False,iid,0.1,0,s029,7,15.500000000000004,1.25,8.0,59.5,56,45,44,1,0,6,0.88,12.234375,49,4,6,0,0,3132,256,16,8,8,0,179.75,
aeqkad_res8,window,full,fidelity,False,True,16,0.05,25,8,False,iid,0.1,0,s029,8,17.000000000000004,10.434782608695654,6.0,65.5,56,42,40,2,0,6,0.8,13.98828125,52,9,2,0,1,3581,256,16,8,8,0,208.625,82.0
aeqkad_res8,window,full,fidelity,False,True,16,0.05,25,8,False,iid,0.1,1,s029,2,15.500000000000004,5.760869565217389,2.0,43.0,56,45,44,1,0,6,0.88,11.94921875,52,6,24,0,1,3059,256,16,8,8,1,39.8125,
aeqkad_res8,window,full,fidelity,False,True,16,0.05,25,8,False,iid,0.1,1,s029,3,13.750000000000002,3.423913043478259,4.0,46.0,56,46,46,0,0,6,0.92,11.59765625,50,3,26,0,1,2969,256,16,8,8,0,68.8125,
aeqkad_res8,window,full,fidelity,False,True,16,0.05,25,8,False,iid,0.1,1,s029,4,11.75,0.0,2.0,45.0,56,46,46,0,0,6,0.92,12.3125,50,1,22,0,3,3152,256,16,8,8,0,96.625,
aeqkad_res8,window,full,fidelity,False,True,16,0.05,25,8,False,iid,0.1,1,s029,5,13.0,1.0869565217391297,8.0,48.0,56,45,45,0,0,6,0.9,12.36328125,47,1,22,0,1,3165,256,16,8,8,0,123.875,
aeqkad_res8,window,full,fidelity,False,True,16,0.05,25,8,False,iid,0.1,1,s029,6,12.000000000000002,1.25,12.0,38.0,56,41,41,0,0,6,0.82,11.95703125,46,4,24,0,1,3061,256,16,8,8,0,152.375,
aeqkad_res8,window,full,fidelity,False,True,16,0.05,25,8,False,iid,0.1,1,s029,7,13.25,4.67391304347826,8.0,46.5,56,46,44,2,0,6,0.88,12.21484375,49,3,25,0,0,3127,256,16,8,8,1,180.3125,
aeqkad_res8,window,full,fidelity,False,True,16,0.05,25,8,False,iid,0.1,1,s029,8,16.250000000000004,10.434782608695654,10.0,47.0,56,40,40,0,0,6,0.8,14.3203125,46,5,22,0,1,3666,256,16,8,8,0,209.0625,57.99999999999999
aeqkad_res8,window,full,fidelity,False,True,16,0.05,25,8,False,iid,0.1,2,s029,2,19.5,2.33695652173913,4.0,53.5,56,43,41,2,0,6,0.82,11.890625,51,7,0,0,1,3044,256,16,8,8,0,39.875,
aeqkad_res8,window,full,fidelity,False,True,16,0.05,25,8,False,iid,0.1,2,s029,3,12.25,1.25,2.0,49.5,56,47,47,0,0,6,0.94,11.90234375,53,6,1,0,0,3047,256,16,8,8,0,69.625,
aeqkad_res8,window,full,fidelity,False,True,16,0.05,25,8,False,iid,0.1,2,s029,4,13.5,0.0,2.0,50.5,56,45,45,0,0,6,0.9,12.09375,52,6,2,0,1,3096,256,16,8,8,0,97.375,
aeqkad_res8,window,full,fidelity,False,True,16,0.05,25,8,False,iid,0.1,2,s029,5,16.5,1.25,8.0,55.00000000000001,56,43,42,1,0,6,0.84,11.1796875,48,2,2,0,3,2862,256,16,8,8,1,124.5625,
aeqkad_res8,window,full,fidelity,False,True,16,0.05,25,8,False,iid,0.1,2,s029,6,13.750000000000002,2.5,10.0,49.5,56,41,41,0,0,6,0.82,11.9140625,49,6,2,0,2,3050,256,16,8,8,0,152.4375,
aeqkad_res8,window,full,fidelity,False,True,16,0.05,25,8,False,iid,0.1,2,s029,7,13.750000000000002,2.5,8.0,44.0,56,45,44,1,0,6,0.88,11.99609375,49,4,2,0,0,3071,256,16,8,8,0,180.3125,
aeqkad_res8,window,full,fidelity,False,True,16,0.05,25,8,False,iid,0.1,2,s029,8,20.0,7.934782608695653,8.0,52.0,56,40,40,0,0,6,0.8,13.95703125,50,9,1,0,1,3573,256,16,8,8,0,208.5625,76.0
window_res4,window,none,fidelity,False,True,16,0.05,25,4,False,iid,0.1,0,s029,2,14.250000000000002,2.33695652173913,2.0,48.5,56,53,49,4,0,6,0.98,12.77734375,0,0,0,0,0,3271,256,16,4,4,1,24.1875,
window_res4,window,none,fidelity,False,True,16,0.05,25,4,False,iid,0.1,0,s029,3,12.5,0.0,4.0,44.5,56,51,48,3,0,6,0.96,13.46484375,0,0,0,0,0,3447,256,16,4,4,1,38.1875,
window_res4,window,none,fidelity,False,True,16,0.05,25,4,False,iid,0.1,0,s029,4,12.25,0.0,2.0,44.5,56,50,49,1,0,6,0.98,12.32421875,0,0,0,0,0,3155,256,16,4,4,0,51.875,
window_res4,window,none,fidelity,False,True,16,0.05,25,4,False,iid,0.1,0,s029,5,17.0,1.25,10.0,47.0,56,50,45,5,0,6,0.9,11.67578125,0,0,0,0,0,2989,256,16,4,4,0,65.4375,
window_res4,window,none,fidelity,False,True,16,0.05,25,4,False,iid,0.1,0,s029,6,13.5,4.67391304347826,8.0,52.5,56,48,46,2,0,6,0.92,13.21484375,0,0,0,0,0,3383,256,16,4,4,1,79.0625,
window_res4,window,none,fidelity,False,True,16,0.05,25,4,False,iid,0.1,0,s029,7,12.0,1.25,6.0,44.0,56,49,47,2,0,6,0.94,13.01953125,0,0,0,0,0,3333,256,16,4,4,0,93.375,
window_res4,window,none,fidelity,False,True,16,0.05,25,4,False,iid,0.1,0,s029,8,18.250000000000004,9.184782608695654,6.0,58.5,56,51,47,4,0,6,0.94,14.26171875,0,0,0,0,0,3651,256,16,4,4,1,107.8125,76.0
window_res4,window,none,fidelity,False,True,16,0.05,25,4,False,iid,0.1,1,s029,2,14.000000000000002,4.67391304347826,6.0,42.0,56,50,47,3,0,6,0.94,12.5625,0,0,0,0,0,3216,256,16,4,4,1,23.125,
window_res4,window,none,fidelity,False,True,16,0.05,25,4,False,iid,0.1,1,s029,3,13.750000000000002,3.423913043478259,4.0,46.5,56,50,48,2,0,6,0.96,13.19921875,0,0,0,0,0,3379,256,16,4,4,0,38.9375,
window_res4,window,none,fidelity,False,True,16,0.05,25,4,False,iid,0.1,1,s029,4,12.25,0.0,2.0,39.0,56,50,49,1,0,6,0.98,12.15234375,0,0,0,0,0,3111,256,16,4,4,0,51.8125,
window_res4,window,none,fidelity,False,True,16,0.05,25,4,False,iid,0.1,1,s029,5,14.000000000000002,2.33695652173913,10.0,47.0,56,46,45,1,0,6,0.9,11.1796875,0,0,0,0,0,2862,256,16,4,4,1,65.9375,
window_res4,window,none,fidelity,False,True,16,0.05,25,4,False,iid,0.1,1,s029,6,16.000000000000004,4.67391304347826,10.0,33.5,56,46,45,1,0,6,0.9,13.11328125,0,0,0,0,0,3357,256,16,4,4,1,79.0625,
window_res4,window,none,fidelity,False,True,16,0.05,25,4,False,iid,0.1,1,s029,7,14.000000000000002,1.25,8.0,42.0,56,48,46,2,0,6,0.92,12.72265625,0,0,0,0,0,3257,256,16,4,4,1,94.6875,
window_res4,window,none,fidelity,False,True,16,0.05,25,4,False,iid,0.1,1,s029,8,17.250000000000004,12.771739130434783,8.0,46.5,56,47,46,1,0,6,0.92,14.140625,0,0,0,0,0,3620,256,16,4,4,0,108.625,50.0
window_res4,window,none,fidelity,False,True,16,0.05,25,4,False,iid,0.1,2,s029,2,13.5,2.33695652173913,0.0,58.5,56,54,50,4,0,6,1.0,13.11328125,0,0,0,0,0,3357,256,16,4,4,0,23.1875,
window_res4,window,none,fidelity,False,True,16,0.05,25,4,False,iid,0.1,2,s029,3,10.499999999999998,1.25,2.0,49.5,56,53,49,4,0,6,0.98,13.49609375,0,0,0,0,0,3455,256,16,4,4,3,37.0625,
window_res4,window,none,fidelity,False,True,16,0.05,25,4,False,iid,0.1,2,s029,4,13.25,0.0,2.0,60.0,56,53,49,4,0,6,0.98,12.60546875,0,0,0,0,0,3227,256,16,4,4,2,51.5,
window_res4,window,none,fidelity,False,True,16,0.05,25,4,False,iid,0.1,2,s029,5,14.250000000000002,1.25,10.0,55.50000000000001,56,47,45,2,0,6,0.9,11.23046875,0,0,0,0,0,2875,256,16,4,4,2,66.1875,
window_res4,window,none,fidelity,False,True,16,0.05,25,4,False,iid,0.1,2,s029,6,14.000000000000002,3.58695652173913,8.0,60.5,56,50,46,4,0,6,0.92,13.1875,0,0,0,0,0,3376,256,16,4,4,1,79.0625,
window_res4,window,none,fidelity,False,True,16,0.05,25,4,False,iid,0.1,2,s029,7,12.25,3.75,2.0,46.5,56,52,49,3,0,6,0.98,12.734375,0,0,0,0,0,3260,256,16,4,4,0,94.4375,
window_res4,window,none,fidelity,False,True,16,0.05,25,4,False,iid,0.1,2,s029,8,20.0,9.184782608695654,8.0,59.0,56,51,46,5,0,6,0.92,14.0078125,0,0,0,0,0,3586,256,16,4,4,1,107.8125,74.0
window_res8,window,none,fidelity,False,True,16,0.05,25,8,False,iid,0.1,0,s029,2,14.750000000000002,2.33695652173913,2.0,64.0,56,54,49,5,0,6,0.98,12.37890625,0,0,0,0,0,3169,256,16,8,8,2,40.0625,
window_res8,window,none,fidelity,False,True,16,0.05,25,8,False,iid,0.1,0,s029,3,14.000000000000002,0.0,2.0,61.0,56,54,49,5,0,6,0.98,12.32421875,0,0,0,0,0,3155,256,16,8,8,1,67.6875,
window_res8,window,none,fidelity,False,True,16,0.05,25,8,False,iid,0.1,0,s029,4,14.000000000000002,0.0,2.0,59.5,56,51,49,2,0,6,0.98,12.92578125,0,0,0,0,0,3309,256,16,8,8,1,95.75,
window_res8,window,none,fidelity,False,True,16,0.05,25,8,False,iid,0.1,0,s029,5,14.000000000000002,0.0,4.0,66.0,56,53,48,5,0,6,0.96,13.1796875,0,0,0,0,0,3374,256,16,8,8,0,123.8125,
window_res8,window,none,fidelity,False,True,16,0.05,25,8,False,iid,0.1,0,s029,6,12.75,2.5,8.0,71.5,56,49,46,3,0,6,0.92,12.828125,0,0,0,0,0,3284,256,16,8,8,1,151.6875,
window_res8,window,none,fidelity,False,True,16,0.05,25,8,False,iid,0.1,0,s029,7,13.5,1.25,6.0,62.0,56,49,47,2,0,6,0.94,12.76171875,0,0,0,0,0,3267,256,16,8,8,0,179.75,
window_res8,window,none,fidelity,False,True,16,0.05,25,8,False,iid,0.1,0,s029,8,18.750000000000004,10.434782608695654,4.0,70.5,56,53,48,5,0,6,0.96,14.6015625,0,0,0,0,0,3738,256,16,8,8,0,208.1875,88.0
window_res8,window,none,fidelity,False,True,16,0.05,25,8,False,iid,0.1,1,s029,2,17.750000000000004,5.760869565217389,0.0,46.5,56,53,50,3,0,6,1.0,12.55078125,0,0,0,0,0,3213,256,16,8,8,1,39.6875,
window_res8,window,none,fidelity,False,True,16,0.05,25,8,False,iid,0.1,1,s029,3,13.5,1.25,2.0,49.0,56,51,49,2,0,6,0.98,11.921875,0,0,0,0,0,3052,256,16,8,8,0,68.1875,
window_res8,window,none,fidelity,False,True,16,0.05,25,8,False,iid,0.1,1,s029,4,14.000000000000002,0.0,2.0,46.0,56,50,49,1,0,6,0.98,12.58984375,0,0,0,0,0,3223,256,16,8,8,0,96.1875,
window_res8,window,none,fidelity,False,True,16,0.05,25,8,False,iid,0.1,1,s029,5,14.250000000000002,2.33695652173913,6.0,51.5,56,48,47,1,0,6,0.94,12.79296875,0,0,0,0,0,3275,256,16,8,8,0,123.875,
window_res8,window,none,fidelity,False,True,16,0.05,25,8,False,iid,0.1,1,s029,6,12.250000000000002,1.25,8.0,42.0,56,48,46,2,0,6,0.92,12.37109375,0,0,0,0,0,3167,256,16,8,8,1,151.6875,
window_res8,window,none,fidelity,False,True,16,0.05,25,8,False,iid,0.1,1,s029,7,13.750000000000002,2.33695652173913,10.0,48.5,56,48,45,3,0,6,0.9,12.46875,0,0,0,0,0,3192,256,16,8,8,2,179.9375,
window_res8,window,none,fidelity,False,True,16,0.05,25,8,False,iid,0.1,1,s029,8,20.749999999999996,10.434782608695654,6.0,49.5,56,48,47,1,0,6,0.94,14.3203125,0,0,0,0,0,3666,256,16,8,8,0,208.6875,56.00000000000001
window_res8,window,none,fidelity,False,True,16,0.05,25,8,False,iid,0.1,2,s029,2,17.0,1.25,0.0,53.5,56,53,50,3,0,6,1.0,12.33984375,0,0,0,0,0,3159,256,16,8,8,0,39.6875,
window_res8,window,none,fidelity,False,True,16,0.05,25,8,False,iid,0.1,2,s029,3,14.000000000000002,1.25,2.0,51.0,56,53,49,4,0,6,0.98,11.90625,0,0,0,0,0,3048,256,16,8,8,3,67.6875,
window_res8,window,none,fidelity,False,True,16,0.05,25,8,False,iid,0.1,2,s029,4,15.75,3.423913043478259,2.0,57.99999999999999,56,52,49,3,0,6,0.98,12.8046875,0,0,0,0,0,3278,256,16,8,8,1,95.9375,
window_res8,window,none,fidelity,False,True,16,0.05,25,8,False,iid,0.1,2,s029,5,13.5,1.25,6.0,59.0,56,49,47,2,0,6,0.94,12.5703125,0,0,0,0,0,3218,256,16,8,8,2,124.125,
window_res8,window,none,fidelity,False,True,16,0.05,25,8,False,iid,0.1,2,s029,6,16.000000000000004,2.5,6.0,54.50000000000001,56,51,47,4,0,6,0.94,12.28515625,0,0,0,0,0,3145,256,16,8,8,1,151.6875,
window_res8,window,none,fidelity,False,True,16,0.05,25,8,False,iid,0.1,2,s029,7,14.250000000000002,4.83695652173913,6.0,45.5,56,50,47,3,0,6,0.94,12.44140625,0,0,0,0,0,3185,256,16,8,8,0,180.3125,
window_res8,window,none,fidelity,False,True,16,0.05,25,8,False,iid,0.1,2,s029,8,20.0,7.934782608695653,6.0,57.49999999999999,56,52,47,5,0,6,0.94,13.98046875,0,0,0,0,0,3579,256,16,8,8,0,208.1875,80.0
aeqkad_res4,window,full,fidelity,False,True,16,0.05,25,4,False,iid,0.1,0,s030,2,20.249999999999996,5.760869565217389,2.0,75.0,56,50,48,2,0,6,0.96,11.4921875,55,5,0,0,0,2942,256,16,4,4,0,22.0625,
aeqkad_res4,window,full,fidelity,False,True,16,0.05,25,4,False,iid,0.1,0,s030,3,16.500000000000004,3.423913043478259,6.0,41.5,56,37,37,0,0,6,0.74,10.46484375,48,11,0,0,0,2679,256,16,4,4,0,38.0625,
aeqkad_res4,window,full,fidelity,False,True,16,0.05,25,4,False,iid,0.1,0,s030,4,15.250000000000002,5.760869565217389,8.0,52.5,56,46,43,3,0,6,0.86,8.83203125,52,6,0,0,0,2261,256,16,4,4,0,51.875,
aeqkad_res4,window,full,fidelity,False,True,16,0.05,25,4,False,iid,0.1,0,s030,5,11.249999999999998,2.33695652173913,6.0,64.0,56,46,45,1,0,6,0.9,8.625,51,5,0,0,0,2208,256,16,4,4,0,65.75,
aeqkad_res4,window,full,fidelity,False,True,16,0.05,25,4,False,iid,0.1,0,s030,6,18.750000000000004,10.434782608695654,4.0,56.00000000000001,56,47,44,3,0,6,0.88,9.29296875,51,4,0,0,0,2379,256,16,4,4,0,78.5625,
aeqkad_res4,window,full,fidelity,False,True,16,0.05,25,4,False,iid,0.1,0,s030,7,12.25,2.33695652173913,12.0,34.5,56,42,42,0,0,6,0.84,9.7421875,44,2,0,0,0,2494,256,16,4,4,0,92.375,
aeqkad_res4,window,full,fidelity,False,True,16,0.05,25,4,False,iid,0.1,0,s030,8,7.999999999999999,0.0,2.0,34.5,56,44,44,0,0,6,0.88,9.0703125,52,7,0,0,1,2322,256,16,4,4,0,108.0,76.0
aeqkad_res4,window,full,fidelity,False,True,16,0.05,25,4,False,iid,0.1,1,s030,2,23.25,8.097826086956525,2.0,70.5,56,49,48,1,0,6,0.96,11.6328125,51,2,0,0,0,2978,256,16,4,4,0,24.0,
aeqkad_res4,window,full,fidelity,False,True,16,0.05,25,4,False,iid,0.1,1,s030,3,26.0,10.434782608695654,8.0,54.50000000000001,56,40,37,3,0,6,0.74,10.4375,49,9,0,0,0,2672,256,16,4,4,0,38.25,
aeqkad_res4,window,full,fidelity,False,True,16,0.05,25,4,False,iid,0.1,1,s030,4,17.0,5.760869565217389,8.0,41.0,56,45,43,2,0,6,0.86,8.5546875,49,4,0,0,0,2190,256,16,4,4,0,51.25,
aeqkad_res4,window,full,fidelity,False,True,16,0.05,25,4,False,iid,0.1,1,s030,5,12.5,7.01086956521739,6.0,66.0,56,46,45,1,0,6,0.9,9.1796875,51,5,0,0,0,2350,256,16,4,4,0,65.75,
aeqkad_res4,window,full,fidelity,False,True,16,0.05,25,4,False,iid,0.1,1,s030,6,12.25,3.260869565217389,6.0,42.5,56,44,44,0,0,6,0.88,8.63671875,48,4,0,0,0,2211,256,16,4,4,0,78.0625,
aeqkad_res4,window,full,fidelity,False,True,16,0.05,25,4,False,iid,0.1,1,s030,7,13.0,2.33695652173913,12.0,32.5,56,42,42,0,0,6,0.84,9.94921875,45,3,0,0,0,2547,256,16,4,4,0,92.125,
aeqkad_res4,window,full,fidelity,False,True,16,0.05,25,4,False,iid,0.1,1,s030,8,10.0,0.0,2.0,30.0,56,44,44,0,0,6,0.88,9.26953125,53,7,0,0,2,2373,256,16,4,4,0,107.625,60.0
aeqkad_res4,window,full,fidelity,False,True,16,0.05,25,4,False,iid,0.1,2,s030,2,19.499999999999996,3.58695652173913,2.0,64.5,56,50,48,2,0,6,0.96,11.48046875,53,3,0,0,0,2939,256,16,4,4,0,22.75,
aeqkad_res4,window,full,fidelity,False,True,16,0.05,25,4,False,iid,0.1,2,s030,3,13.750000000000002,4.67391304347826,8.0,28.000000000000004,56,35,35,0,0,6,0.7,9.7890625,46,11,0,0,0,2506,256,16,4,4,0,39.375,
aeqkad_res4,window,full,fidelity,False,True,16,0.05,25,4,False,iid,0.1,2,s030,4,12.25,2.33695652173913,8.0,40.0,56,47,43,4,0,6,0.86,8.9453125,51,4,0,0,0,2290,256,16,4,4,1,50.5625,
aeqkad_res4,window,full,fidelity,False,True,16,0.05,25,4,False,iid,0.1,2,s030,5,9.749999999999998,1.25,6.0,62.5,56,47,45,2,0,6,0.9,8.9296875,50,3,0,0,0,2286,256,16,4,4,0,65.5625,
aeqkad_res4,window,full,fidelity,False,True,16,0.05,25,4,False,iid,0.1,2,s030,6,14.750000000000002,5.760869565217389,6.0,40.0,56,45,44,1,0,6,0.88,9.08203125,48,3,0,0,0,2325,256,16,4,4,0,78.4375,
aeqkad_res4,window,full,fidelity,False,True,16,0.05,25,4,False,iid,0.1,2,s030,7,12.75,2.33695652173913,12.0,33.5,56,42,42,0,0,6,0.84,9.99609375,45,3,0,0,0,2559,256,16,4,4,0,93.0625,
aeqkad_res4,window,full,fidelity,False,True,16,0.05,25,4,False,iid,0.1,2,s030,8,6.000000000000003,0.0,2.0,23.5,56,43,43,0,0,6,0.86,9.48828125,50,5,0,0,2,2429,256,16,4,4,0,107.0,2.0
aeqkad_res8,window,full,fidelity,False,True,16,0.05,25,8,False,iid,0.1,0,s030,2,20.249999999999996,3.58695652173913,0.0,79.5,56,49,48,1,0,6,0.96,12.2109375,56,7,0,0,0,3126,256,16,8,8,0,39.3125,
aeqkad_res8,window,full,fidelity,False,True,16,0.05,25,8,False,iid,0.1,0,s030,3,28.500000000000004,14.021739130434785,8.0,72.0,56,37,35,2,0,6,0.7,11.78515625,51,14,0,0,0,3017,256,16,8,8,0,68.5625,
aeqkad_res8,window,full,fidelity,False,True,16,0.05,25,8,False,iid,0.1,0,s030,4,20.249999999999996,7.01086956521739,6.0,75.5,56,43,41,2,0,6,0.82,10.40234375,53,9,0,0,1,2663,256,16,8,8,0,96.375,
aeqkad_res8,window,full,fidelity,False,True,16,0.05,25,8,False,iid,0.1,0,s030,5,11.5,2.33695652173913,6.0,78.5,56,47,45,2,0,6,0.9,10.703125,51,4,0,0,0,2740,256,16,8,8,0,124.25,
aeqkad_res8,window,full,fidelity,False,True,16,0.05,25,8,False,iid,0.1,0,s030,6,15.250000000000002,7.01086956521739,2.0,81.0,56,46,44,2,0,6,0.88,11.70703125,53,7,0,0,0,2997,256,16,8,8,0,151.3125,
aeqkad_res8,window,full,fidelity,False,True,16,0.05,25,8,False,iid,0.1,0,s030,7,21.000000000000004,8.260869565217389,10.0,77.5,56,41,41,0,0,6,0.82,12.27734375,49,7,0,0,1,3143,256,16,8,8,0,179.3125,
aeqkad_res8,window,full,fidelity,False,True,16,0.05,25,8,False,iid,0.1,0,s030,8,7.749999999999998,0.0,0.0,73.5,56,44,44,0,0,6,0.88,11.48828125,55,10,0,0,1,2941,256,16,8,8,0,208.1875,84.0
aeqkad_res8,window,full,fidelity,False,True,16,0.05,25,8,False,iid,0.1,1,s030,2,21.749999999999996,3.423913043478259,2.0,78.5,56,48,47,1,0,6,0.94,11.77734375,52,4,0,0,0,3015,256,16,8,8,0,40.5,
aeqkad_res8,window,full,fidelity,False,True,16,0.05,25,8,False,iid,0.1,1,s030,3,26.25,8.097826086956525,10.0,76.0,56,35,34,1,0,6,0.68,11.52734375,50,15,0,0,0,2951,256,16,8,8,0,68.5,
aeqkad_res8,window,full,fidelity,False,True,16,0.05,25,8,False,iid,0.1,1,s030,4,16.500000000000004,5.760869565217389,4.0,73.5,56,42,41,1,0,6,0.82,10.015625,52,9,0,0,1,2564,256,16,8,8,0,96.0,
aeqkad_res8,window,full,fidelity,False,True,16,0.05,25,8,False,iid,0.1,1,s030,5,14.000000000000002,8.097826086956525,6.0,83.0,56,46,45,1,0,6,0.9,11.24609375,51,5,0,0,0,2879,256,16,8,8,0,124.25,
aeqkad_res8,window,full,fidelity,False,True,16,0.05,25,8,False,iid,0.1,1,s030,6,13.5,4.510869565217389,2.0,75.0,56,44,44,0,0,6,0.88,11.25,53,9,0,0,0,2880,256,16,8,8,0,151.3125,
aeqkad_res8,window,full,fidelity,False,True,16,0.05,25,8,False,iid,0.1,1,s030,7,19.000000000000004,7.01086956521739,10.0,74.0,56,41,41,0,0,6,0.82,12.18359375,51,8,0,0,2,3119,256,16,8,8,0,179.3125,
aeqkad_res8,window,full,fidelity,False,True,16,0.05,25,8,False,iid,0.1,1,s030,8,10.249999999999998,2.33695652173913,0.0,75.0,56,46,45,1,0,6,0.9,11.6640625,56,10,0,0,0,2986,256,16,8,8,0,208.3125,92.0
aeqkad_res8,window,full,fidelity,False,True,16,0.05,25,8,False,iid,0.1,2,s030,2,22.249999999999996,5.760869565217389,0.0,74.5,56,50,47,3,0,6,0.94,11.66015625,55,5,0,0,0,2985,256,16,8,8,0,39.625,
aeqkad_res8,window,full,fidelity,False,True,16,0.05,25,8,False,iid,0.1,2,s030,3,23.75,9.347826086956525,10.0,65.0,56,36,36,0,0,6,0.72,11.46875,48,12,0,0,0,2936,256,16,8,8,0,69.125,
aeqkad_res8,window,full,fidelity,False,True,16,0.05,25,8,False,iid,0.1,2,s030,4,12.0,0.0,6.0,74.0,56,49,44,5,0,6,0.88,10.8125,52,2,0,0,1,2768,256,16,8,8,1,95.5625,
aeqkad_res8,window,full,fidelity,False,True,16,0.05,25,8,False,iid,0.1,2,s030,5,12.0,1.25,6.0,78.5,56,48,45,3,0,6,0.9,11.05078125,51,2,0,0,1,2829,256,16,8,8,0,124.0625,
aeqkad_res8,window,full,fidelity,False,True,16,0.05,25,8,False,iid,0.1,2,s030,6,16.250000000000004,4.510869565217389,2.0,75.5,56,44,44,0,0,6,0.88,10.6953125,52,8,0,0,0,2738,256,16,8,8,0,151.4375,
aeqkad_res8,window,full,fidelity,False,True,16,0.05,25,8,False,iid,0.1,2,s030,7,15.250000000000002,4.510869565217389,10.0,76.0,56,41,41,0,0,6,0.82,12.125,51,8,0,0,2,3104,256,16,8,8,0,179.5625,
aeqkad_res8,window,full,fidelity,False,True,16,0.05,25,8,False,iid,0.1,2,s030,8,9.0,0.0,0.0,72.5,56,44,44,0,0,6,0.88,11.30859375,55,8,0,0,3,2895,256,16,8,8,0,207.8125,6.0
window_res4,window,none,fidelity,False,True,16,0.05,25,4,False,iid,0.1,0,s030,2,19.749999999999996,3.58695652173913,0.0,78.0,56,56,50,6,0,6,1.0,12.078125,0,0,0,0,0,3092,256,16,4,4,0,22.0625,
window_res4,window,none,fidelity,False,True,16,0.05,25,4,False,iid,0.1,0,s030,3,16.500000000000004,5.923913043478259,10.0,40.5,56,46,45,1,0,6,0.9,11.19921875,0,0,0,0,0,2867,256,16,4,4,0,37.4375,
window_res4,window,none,fidelity,False,True,16,0.05,25,4,False,iid,0.1,0,s030,4,13.5,2.33695652173913,8.0,56.00000000000001,56,52,46,6,0,6,0.92,9.69921875,0,0,0,0,0,2483,256,16,4,4,2,50.4375,
window_res4,window,none,fidelity,False,True,16,0.05,25,4,False,iid,0.1,0,s030,5,13.750000000000002,1.25,6.0,78.5,56,52,47,5,0,6,0.94,9.703125,0,0,0,0,0,2484,256,16,4,4,1,64.8125,
window_res4,window,none,fidelity,False,True,16,0.05,25,4,False,iid,0.1,0,s030,6,11.75,3.423913043478259,2.0,58.5,56,52,49,3,0,6,0.98,10.41015625,0,0,0,0,0,2665,256,16,4,4,0,78.5625,
window_res4,window,none,fidelity,False,True,16,0.05,25,4,False,iid,0.1,0,s030,7,12.75,2.33695652173913,10.0,35.0,56,45,45,0,0,6,0.9,10.15625,0,0,0,0,0,2600,256,16,4,4,0,92.3125,
window_res4,window,none,fidelity,False,True,16,0.05,25,4,False,iid,0.1,0,s030,8,8.749999999999998,0.0,2.0,43.0,56,52,49,3,0,6,0.98,10.046875,0,0,0,0,0,2572,256,16,4,4,0,107.0,74.0
window_res4,window,none,fidelity,False,True,16,0.05,25,4,False,iid,0.1,1,s030,2,23.0,7.01086956521739,2.0,70.0,56,51,49,2,0,6,0.98,11.578125,0,0,0,0,0,2964,256,16,4,4,0,24.0,
window_res4,window,none,fidelity,False,True,16,0.05,25,4,False,iid,0.1,1,s030,3,26.5,10.597826086956525,10.0,54.0,56,48,45,3,0,6,0.9,11.04296875,0,0,0,0,0,2827,256,16,4,4,0,37.5,
window_res4,window,none,fidelity,False,True,16,0.05,25,4,False,iid,0.1,1,s030,4,13.5,0.0,8.0,43.0,56,48,46,2,0,6,0.92,9.4375,0,0,0,0,0,2416,256,16,4,4,0,51.25,
window_res4,window,none,fidelity,False,True,16,0.05,25,4,False,iid,0.1,1,s030,5,15.750000000000004,5.760869565217389,6.0,72.5,56,51,47,4,0,6,0.94,9.5625,0,0,0,0,0,2448,256,16,4,4,1,64.8125,
window_res4,window,none,fidelity,False,True,16,0.05,25,4,False,iid,0.1,1,s030,6,8.499999999999998,0.0,4.0,51.5,56,49,48,1,0,6,0.96,9.578125,0,0,0,0,0,2452,256,16,4,4,0,78.0625,
window_res4,window,none,fidelity,False,True,16,0.05,25,4,False,iid,0.1,1,s030,7,16.000000000000004,4.510869565217389,12.0,48.0,56,47,44,3,0,6,0.88,10.359375,0,0,0,0,0,2652,256,16,4,4,0,92.125,
window_res4,window,none,fidelity,False,True,16,0.05,25,4,False,iid,0.1,1,s030,8,10.0,0.0,2.0,29.5,56,53,49,4,0,6,0.98,10.07421875,0,0,0,0,0,2579,256,16,4,4,1,106.0625,64.0
window_res4,window,none,fidelity,False,True,16,0.05,25,4,False,iid,0.1,2,s030,2,19.749999999999996,5.760869565217389,2.0,68.0,56,53,49,4,0,6,0.98,12.0234375,0,0,0,0,0,3078,256,16,4,4,0,22.75,
window_res4,window,none,fidelity,False,True,16,0.05,25,4,False,iid,0.1,2,s030,3,12.0,5.923913043478259,10.0,27.0,56,46,45,1,0,6,0.9,10.8125,0,0,0,0,0,2768,256,16,4,4,1,37.625,
window_res4,window,none,fidelity,False,True,16,0.05,25,4,False,iid,0.1,2,s030,4,16.0,1.25,8.0,49.5,56,51,46,5,0,6,0.92,9.8671875,0,0,0,0,0,2526,256,16,4,4,1,50.5625,
window_res4,window,none,fidelity,False,True,16,0.05,25,4,False,iid,0.1,2,s030,5,8.5,1.25,6.0,67.5,56,50,47,3,0,6,0.94,9.2890625,0,0,0,0,0,2378,256,16,4,4,0,65.25,
window_res4,window,none,fidelity,False,True,16,0.05,25,4,False,iid,0.1,2,s030,6,10.249999999999998,1.25,4.0,38.5,56,49,48,1,0,6,0.96,10.24609375,0,0,0,0,0,2623,256,16,4,4,0,78.4375,
window_res4,window,none,fidelity,False,True,16,0.05,25,4,False,iid,0.1,2,s030,7,16.500000000000004,5.760869565217389,12.0,38.5,56,46,44,2,0,6,0.88,10.3203125,0,0,0,0,0,2642,256,16,4,4,2,92.3125,
window_res4,window,none,fidelity,False,True,16,0.05,25,4,False,iid,0.1,2,s030,8,6.749999999999997,0.0,2.0,32.0,56,51,49,2,0,6,0.98,10.09765625,0,0,0,0,0,2585,256,16,4,4,0,106.0625,2.0
window_res8,window,none,fidelity,False,True,16,0.05,25,8,False,iid,0.1,0,s030,2,23.5,3.58695652173913,0.0,80.0,56,56,50,6,0,6,1.0,12.62890625,0,0,0,0,0,3233,256,16,8,8,0,39.3125,
window_res8,window,none,fidelity,False,True,16,0.05,25,8,False,iid,0.1,0,s030,3,30.25,11.847826086956523,8.0,76.5,56,50,46,4,0,6,0.92,12.76953125,0,0,0,0,0,3269,256,16,8,8,1,67.6875,
window_res8,window,none,fidelity,False,True,16,0.05,25,8,False,iid,0.1,0,s030,4,18.500000000000004,2.33695652173913,6.0,77.5,56,53,47,6,0,6,0.94,11.3515625,0,0,0,0,0,2906,256,16,8,8,2,95.4375,
window_res8,window,none,fidelity,False,True,16,0.05,25,8,False,iid,0.1,0,s030,5,12.25,2.33695652173913,6.0,82.5,56,52,47,5,0,6,0.94,11.47265625,0,0,0,0,0,2937,256,16,8,8,1,123.8125,
window_res8,window,none,fidelity,False,True,16,0.05,25,8,False,iid,0.1,0,s030,6,13.750000000000002,4.67391304347826,2.0,83.5,56,54,49,5,0,6,0.98,12.65625,0,0,0,0,0,3240,256,16,8,8,0,151.3125,
window_res8,window,none,fidelity,False,True,16,0.05,25,8,False,iid,0.1,0,s030,7,21.499999999999996,7.01086956521739,12.0,83.0,56,48,44,4,0,6,0.88,13.12109375,0,0,0,0,0,3359,256,16,8,8,0,179.3125,
window_res8,window,none,fidelity,False,True,16,0.05,25,8,False,iid,0.1,0,s030,8,10.0,0.0,0.0,77.5,56,54,50,4,0,6,1.0,11.7578125,0,0,0,0,0,3010,256,16,8,8,1,207.3125,92.0
window_res8,window,none,fidelity,False,True,16,0.05,25,8,False,iid,0.1,1,s030,2,18.0,4.67391304347826,2.0,79.0,56,52,49,3,0,6,0.98,11.85546875,0,0,0,0,0,3035,256,16,8,8,1,40.0,
window_res8,window,none,fidelity,False,True,16,0.05,25,8,False,iid,0.1,1,s030,3,30.25,9.347826086956525,8.0,80.0,56,51,46,5,0,6,0.92,12.515625,0,0,0,0,0,3204,256,16,8,8,1,67.375,
window_res8,window,none,fidelity,False,True,16,0.05,25,8,False,iid,0.1,1,s030,4,14.000000000000002,1.25,2.0,80.5,56,53,49,4,0,6,0.98,11.046875,0,0,0,0,0,2828,256,16,8,8,1,95.3125,
window_res8,window,none,fidelity,False,True,16,0.05,25,8,False,iid,0.1,1,s030,5,13.25,8.097826086956525,6.0,83.5,56,51,47,4,0,6,0.94,11.578125,0,0,0,0,0,2964,256,16,8,8,1,123.8125,
window_res8,window,none,fidelity,False,True,16,0.05,25,8,False,iid,0.1,1,s030,6,9.25,2.33695652173913,2.0,79.0,56,53,49,4,0,6,0.98,12.296875,0,0,0,0,0,3148,256,16,8,8,0,151.3125,
window_res8,window,none,fidelity,False,True,16,0.05,25,8,False,iid,0.1,1,s030,7,16.75,4.510869565217389,10.0,81.0,56,51,45,6,0,6,0.9,13.28515625,0,0,0,0,0,3401,256,16,8,8,0,179.3125,
window_res8,window,none,fidelity,False,True,16,0.05,25,8,False,iid,0.1,1,s030,8,9.0,0.0,0.0,78.5,56,56,50,6,0,6,1.0,11.94140625,0,0,0,0,0,3057,256,16,8,8,1,207.3125,94.0
window_res8,window,none,fidelity,False,True,16,0.05,25,8,False,iid,0.1,2,s030,2,22.249999999999996,1.25,0.0,75.5,56,55,50,5,0,6,1.0,11.97265625,0,0,0,0,0,3065,256,16,8,8,0,39.625,
window_res8,window,none,fidelity,False,True,16,0.05,25,8,False,iid,0.1,2,s030,3,26.0,9.347826086956525,10.0,70.0,56,49,45,4,0,6,0.9,12.48046875,0,0,0,0,0,3195,256,16,8,8,2,67.6875,
window_res8,window,none,fidelity,False,True,16,0.05,25,8,False,iid,0.1,2,s030,4,15.000000000000002,2.33695652173913,6.0,77.5,56,52,47,5,0,6,0.94,11.16796875,0,0,0,0,0,2859,256,16,8,8,1,95.5625,
window_res8,window,none,fidelity,False,True,16,0.05,25,8,False,iid,0.1,2,s030,5,11.249999999999998,1.25,6.0,81.0,56,51,47,4,0,6,0.94,11.27734375,0,0,0,0,0,2887,256,16,8,8,0,124.0,
window_res8,window,none,fidelity,False,True,16,0.05,25,8,False,iid,0.1,2,s030,6,13.25,2.5,2.0,77.0,56,54,49,5,0,6,0.98,11.9609375,0,0,0,0,0,3062,256,16,8,8,1,151.3125,
window_res8,window,none,fidelity,False,True,16,0.05,25,8,False,iid,0.1,2,s030,7,21.499999999999996,5.760869565217389,10.0,85.0,56,51,45,6,0,6,0.9,13.109375,0,0,0,0,0,3356,256,16,8,8,1,179.3125,
window_res8,window,none,fidelity,False,True,16,0.05,25,8,False,iid,0.1,2,s030,8,13.25,0.0,0.0,73.5,56,55,50,5,0,6,1.0,11.85546875,0,0,0,0,0,3035,256,16,8,8,0,207.3125,4.0
aeqkad_res4,window,full,fidelity,False,True,16,0.05,25,4,False,iid,0.1,0,s031,2,34.25,20.869565217391305,10.0,69.5,56,39,36,3,0,6,0.72,14.953125,51,12,5,0,0,3828,256,16,4,4,2,21.5625,
aeqkad_res4,window,full,fidelity,False,True,16,0.05,25,4,False,iid,0.1,0,s031,3,30.25,22.1195652173913,12.0,68.5,56,43,41,2,0,6,0.82,15.23828125,48,4,3,0,1,3901,256,16,4,4,0,36.5625,
aeqkad_res4,window,full,fidelity,False,True,16,0.05,25,4,False,iid,0.1,0,s031,4,40.0,15.108695652173914,2.0,72.5,56,34,30,4,0,6,0.6,14.9140625,55,20,2,0,1,3818,256,16,4,4,3,51.375,
aeqkad_res4,window,full,fidelity,False,True,16,0.05,25,4,False,iid,0.1,0,s031,5,27.500000000000004,8.097826086956525,12.0,66.0,56,42,41,1,0,6,0.82,13.671875,48,5,2,0,1,3500,256,16,4,4,1,64.3125,
aeqkad_res4,window,full,fidelity,False,True,16,0.05,25,4,False,iid,0.1,0,s031,6,30.000000000000004,18.532608695652172,8.0,67.0,56,45,42,3,0,6,0.84,13.98828125,51,5,3,0,1,3581,256,16,4,4,2,78.5625,
aeqkad_res4,window,full,fidelity,False,True,16,0.05,25,4,False,iid,0.1,0,s031,7,34.25,17.445652173913043,4.0,78.0,56,39,38,1,0,6,0.76,14.2578125,52,11,6,0,2,3650,256,16,4,4,0,92.125,
aeqkad_res4,window,full,fidelity,False,True,16,0.05,25,4,False,iid,0.1,0,s031,8,28.500000000000004,12.771739130434783,8.0,76.5,56,46,44,2,0,6,0.88,15.29296875,51,5,10,0,0,3915,256,16,4,4,1,106.4375,90.0
aeqkad_res4,window,full,fidelity,False,True,16,0.05,25,4,False,iid,0.1,1,s031,2,28.500000000000004,15.108695652173914,12.0,59.0,56,36,35,1,0,6,0.7,14.76953125,48,12,0,0,0,3781,256,16,4,4,0,22.375,
aeqkad_res4,window,full,fidelity,False,True,16,0.05,25,4,False,iid,0.1,1,s031,3,31.999999999999996,28.967391304347828,14.000000000000002,66.0,56,41,39,2,0,6,0.78,15.234375,48,7,0,0,0,3900,256,16,4,4,0,37.5,
aeqkad_res4,window,full,fidelity,False,True,16,0.05,25,4,False,iid,0.1,1,s031,4,37.75,20.869565217391305,14.000000000000002,64.5,56,30,28,2,0,6,0.56,14.92578125,46,14,0,0,2,3821,256,16,4,4,2,53.0,
aeqkad_res4,window,full,fidelity,False,True,16,0.05,25,4,False,iid,0.1,1,s031,5,28.750000000000004,18.532608695652172,16.0,59.5,56,33,33,0,0,6,0.66,13.08984375,43,8,0,0,2,3351,256,16,4,4,0,69.25,
aeqkad_res4,window,full,fidelity,False,True,16,0.05,25,4,False,iid,0.1,1,s031,6,27.250000000000004,18.532608695652172,10.0,56.49999999999999,56,38,37,1,0,6,0.74,13.6328125,47,6,0,0,3,3490,256,16,4,4,0,80.625,
aeqkad_res4,window,full,fidelity,False,True,16,0.05,25,4,False,iid,0.1,1,s031,7,36.0,17.445652173913043,18.0,70.5,56,28,27,1,0,6,0.54,13.12109375,46,11,0,0,7,3359,256,16,4,4,0,97.4375,
aeqkad_res4,window,full,fidelity,False,True,16,0.05,25,4,False,iid,0.1,1,s031,8,33.5,14.021739130434785,8.0,70.0,56,44,42,2,0,6,0.84,15.015625,50,6,0,0,0,3844,256,16,4,4,1,107.1875,70.0
aeqkad_res4,window,full,fidelity,False,True,16,0.05,25,4,False,iid,0.1,2,s031,2,30.000000000000004,19.782608695652172,12.0,69.0,56,38,36,2,0,6,0.72,14.80078125,49,9,6,0,2,3789,256,16,4,4,1,21.9375,
aeqkad_res4,window,full,fidelity,False,True,16,0.05,25,4,False,iid,0.1,2,s031,3,26.25,19.782608695652172,12.0,70.0,56,44,41,3,0,6,0.82,15.359375,48,4,5,0,0,3932,256,16,4,4,2,37.125,
aeqkad_res4,window,full,fidelity,False,True,16,0.05,25,4,False,iid,0.1,2,s031,4,35.5,16.358695652173914,10.0,69.5,56,32,31,1,0,6,0.62,15.0703125,50,14,4,0,4,3858,256,16,4,4,1,51.9375,
aeqkad_res4,window,full,fidelity,False,True,16,0.05,25,4,False,iid,0.1,2,s031,5,30.000000000000004,14.021739130434785,14.000000000000002,63.5,56,36,35,1,0,6,0.7,13.109375,44,3,4,0,5,3356,256,16,4,4,0,66.9375,
aeqkad_res4,window,full,fidelity,False,True,16,0.05,25,4,False,iid,0.1,2,s031,6,30.000000000000004,16.358695652173914,6.0,60.0,56,45,42,3,0,6,0.84,13.87890625,52,5,7,0,2,3553,256,16,4,4,1,77.8125,
aeqkad_res4,window,full,fidelity,False,True,16,0.05,25,4,False,iid,0.1,2,s031,7,38.75,17.445652173913043,14.000000000000002,71.5,56,38,35,3,0,6,0.7,13.89453125,49,10,8,0,1,3557,256,16,4,4,0,91.875,
aeqkad_res4,window,full,fidelity,False,True,16,0.05,25,4,False,iid,0.1,2,s031,8,26.25,9.347826086956525,8.0,77.5,56,47,44,3,0,6,0.88,15.203125,51,4,11,0,0,3892,256,16,4,4,0,106.0,86.0
aeqkad_res8,window,full,fidelity,False,True,16,0.05,25,8,False,iid,0.1,0,s031,2,35.5,17.77173913043478,12.0,68.5,56,39,36,3,0,6,0.72,14.44921875,49,9,15,0,1,3699,256,16,8,8,2,36.875,
aeqkad_res8,window,full,fidelity,False,True,16,0.05,25,8,False,iid,0.1,0,s031,3,29.000000000000004,25.543478260869566,14.000000000000002,65.5,56,43,41,2,0,6,0.82,14.4765625,47,3,18,0,1,3706,256,16,8,8,0,65.5,
aeqkad_res8,window,full,fidelity,False,True,16,0.05,25,8,False,iid,0.1,0,s031,4,39.5,17.445652173913043,16.0,72.5,56,35,31,4,0,6,0.62,14.51953125,48,12,15,0,1,3717,256,16,8,8,2,93.8125,
aeqkad_res8,window,full,fidelity,False,True,16,0.05,25,8,False,iid,0.1,0,s031,5,30.000000000000004,7.17391304347826,12.0,63.5,56,42,41,1,0,6,0.82,13.95703125,48,5,17,0,1,3573,256,16,8,8,1,121.0625,
aeqkad_res8,window,full,fidelity,False,True,16,0.05,25,8,False,iid,0.1,0,s031,6,30.25,17.445652173913043,6.0,63.5,56,44,42,2,0,6,0.84,13.86328125,52,7,21,0,1,3549,256,16,8,8,1,149.5625,
aeqkad_res8,window,full,fidelity,False,True,16,0.05,25,8,False,iid,0.1,0,s031,7,35.0,16.195652173913043,6.0,77.5,56,40,39,1,0,6,0.78,14.15234375,50,8,20,0,2,3623,256,16,8,8,0,177.0625,
aeqkad_res8,window,full,fidelity,False,True,16,0.05,25,8,False,iid,0.1,0,s031,8,31.999999999999996,19.945652173913043,6.0,76.5,56,43,42,1,0,6,0.84,14.82421875,52,8,23,0,1,3795,256,16,8,8,0,205.5,82.0
aeqkad_res8,window,full,fidelity,False,True,16,0.05,25,8,False,iid,0.1,1,s031,2,30.500000000000004,19.782608695652172,12.0,73.0,56,37,35,2,0,6,0.7,14.01171875,48,11,0,0,0,3587,256,16,8,8,0,36.75,
aeqkad_res8,window,full,fidelity,False,True,16,0.05,25,8,False,iid,0.1,1,s031,3,34.0,30.217391304347828,12.0,73.5,56,39,37,2,0,6,0.74,14.0,49,10,1,0,0,3584,256,16,8,8,0,65.3125,
aeqkad_res8,window,full,fidelity,False,True,16,0.05,25,8,False,iid,0.1,1,s031,4,36.0,25.543478260869566,8.0,77.0,56,33,31,2,0,6,0.62,14.7734375,50,15,0,0,2,3782,256,16,8,8,1,93.6875,
aeqkad_res8,window,full,fidelity,False,True,16,0.05,25,8,False,iid,0.1,1,s031,5,34.25,19.782608695652172,10.0,71.0,56,30,30,0,0,6,0.6,13.6796875,47,11,0,0,6,3502,256,16,8,8,0,124.6875,
aeqkad_res8,window,full,fidelity,False,True,16,0.05,25,8,False,iid,0.1,1,s031,6,28.000000000000004,21.956521739130434,6.0,61.0,56,38,37,1,0,6,0.74,12.546875,53,12,0,0,3,3212,256,16,8,8,0,149.3125,
aeqkad_res8,window,full,fidelity,False,True,16,0.05,25,8,False,iid,0.1,1,s031,7,35.75,17.445652173913043,8.0,77.5,56,29,28,1,0,6,0.56,13.859375,51,15,0,0,7,3548,256,16,8,8,0,178.3125,
aeqkad_res8,window,full,fidelity,False,True,16,0.05,25,8,False,iid,0.1,1,s031,8,35.0,24.619565217391305,6.0,85.0,56,42,39,3,0,6,0.78,14.83984375,52,9,0,0,1,3799,256,16,8,8,2,206.3125,76.0
aeqkad_res8,window,full,fidelity,False,True,16,0.05,25,8,False,iid,0.1,2,s031,2,33.25,25.543478260869566,12.0,72.0,56,37,35,2,0,6,0.7,13.4453125,48,9,1,0,2,3442,256,16,8,8,0,35.5,
aeqkad_res8,window,full,fidelity,False,True,16,0.05,25,8,False,iid,0.1,2,s031,3,38.5,31.304347826086953,14.000000000000002,71.0,56,37,35,2,0,6,0.7,13.21875,47,10,2,0,0,3384,256,16,8,8,1,64.3125,
aeqkad_res8,window,full,fidelity,False,True,16,0.05,25,8,False,iid,0.1,2,s031,4,37.5,24.293478260869566,10.0,73.0,56,32,31,1,0,6,0.62,13.49609375,49,17,2,0,0,3455,256,16,8,8,1,93.375,
aeqkad_res8,window,full,fidelity,False,True,16,0.05,25,8,False,iid,0.1,2,s031,5,33.75,11.847826086956523,14.000000000000002,66.5,56,34,33,1,0,6,0.66,12.9375,45,6,0,0,5,3312,256,16,8,8,0,122.125,
aeqkad_res8,window,full,fidelity,False,True,16,0.05,25,8,False,iid,0.1,2,s031,6,30.25,17.445652173913043,6.0,61.0,56,43,40,3,0,6,0.8,12.86328125,52,7,1,0,2,3293,256,16,8,8,1,147.6875,
aeqkad_res8,window,full,fidelity,False,True,16,0.05,25,8,False,iid,0.1,2,s031,7,38.0,25.543478260869566,12.0,76.0,56,39,35,4,0,6,0.7,13.08984375,50,10,2,0,1,3351,256,16,8,8,0,175.4375,
aeqkad_res8,window,full,fidelity,False,True,16,0.05,25,8,False,iid,0.1,2,s031,8,29.000000000000004,15.108695652173914,4.0,80.0,56,42,39,3,0,6,0.78,13.828125,54,12,2,0,0,3540,256,16,8,8,0,204.5625,76.0
window_res4,window,none,fidelity,False,True,16,0.05,25,4,False,iid,0.1,0,s031,2,34.0,22.1195652173913,8.0,73.5,56,52,46,6,0,6,0.92,15.54296875,0,0,0,0,0,3979,256,16,4,4,3,20.625,
window_res4,window,none,fidelity,False,True,16,0.05,25,4,False,iid,0.1,0,s031,3,28.000000000000004,19.782608695652172,10.0,70.5,56,49,45,4,0,6,0.9,15.55859375,0,0,0,0,0,3983,256,16,4,4,1,35.75,
window_res4,window,none,fidelity,False,True,16,0.05,25,4,False,iid,0.1,0,s031,4,33.75,16.195652173913043,10.0,80.5,56,51,45,6,0,6,0.9,15.19921875,0,0,0,0,0,3891,256,16,4,4,2,49.375,
window_res4,window,none,fidelity,False,True,16,0.05,25,4,False,iid,0.1,0,s031,5,28.000000000000004,5.923913043478259,4.0,71.5,56,52,48,4,0,6,0.96,14.5234375,0,0,0,0,0,3718,256,16,4,4,3,62.625,
window_res4,window,none,fidelity,False,True,16,0.05,25,4,False,iid,0.1,0,s031,6,28.249999999999996,16.358695652173914,6.0,72.0,56,52,47,5,0,6,0.94,14.34375,0,0,0,0,0,3672,256,16,4,4,3,77.625,
window_res4,window,none,fidelity,False,True,16,0.05,25,4,False,iid,0.1,0,s031,7,31.75,17.445652173913043,6.0,86.0,56,53,47,6,0,6,0.94,14.9296875,0,0,0,0,0,3822,256,16,4,4,1,90.6875,
window_res4,window,none,fidelity,False,True,16,0.05,25,4,False,iid,0.1,0,s031,8,28.000000000000004,14.021739130434785,6.0,79.5,56,53,47,6,0,6,0.94,15.64453125,0,0,0,0,0,4005,256,16,4,4,2,104.75,88.0
window_res4,window,none,fidelity,False,True,16,0.05,25,4,False,iid,0.1,1,s031,2,30.25,12.771739130434783,14.000000000000002,64.5,56,47,43,4,0,6,0.86,15.328125,0,0,0,0,0,3924,256,16,4,4,1,21.1875,
window_res4,window,none,fidelity,False,True,16,0.05,25,4,False,iid,0.1,1,s031,3,30.25,24.456521739130434,14.000000000000002,69.0,56,47,43,4,0,6,0.86,15.30859375,0,0,0,0,0,3919,256,16,4,4,1,36.8125,
window_res4,window,none,fidelity,False,True,16,0.05,25,4,False,iid,0.1,1,s031,4,39.0,22.1195652173913,10.0,74.5,56,49,45,4,0,6,0.9,15.4375,0,0,0,0,0,3952,256,16,4,4,2,49.9375,
window_res4,window,none,fidelity,False,True,16,0.05,25,4,False,iid,0.1,1,s031,5,31.499999999999993,15.108695652173914,12.0,65.0,56,47,44,3,0,6,0.88,14.3046875,0,0,0,0,0,3662,256,16,4,4,3,63.9375,
window_res4,window,none,fidelity,False,True,16,0.05,25,4,False,iid,0.1,1,s031,6,25.75,17.445652173913043,8.0,61.5,56,49,46,3,0,6,0.92,14.21484375,0,0,0,0,0,3639,256,16,4,4,0,78.4375,
window_res4,window,none,fidelity,False,True,16,0.05,25,4,False,iid,0.1,1,s031,7,37.5,24.456521739130434,14.000000000000002,73.5,56,48,43,5,0,6,0.86,14.52734375,0,0,0,0,0,3719,256,16,4,4,1,91.25,
window_res4,window,none,fidelity,False,True,16,0.05,25,4,False,iid,0.1,1,s031,8,29.000000000000004,17.445652173913043,6.0,73.5,56,51,47,4,0,6,0.94,15.54296875,0,0,0,0,0,3979,256,16,4,4,1,105.3125,78.0
window_res4,window,none,fidelity,False,True,16,0.05,25,4,False,iid,0.1,2,s031,2,30.000000000000004,18.532608695652172,12.0,71.0,56,48,44,4,0,6,0.88,15.24609375,0,0,0,0,0,3903,256,16,4,4,1,20.625,
window_res4,window,none,fidelity,False,True,16,0.05,25,4,False,iid,0.1,2,s031,3,26.0,19.782608695652172,12.0,72.5,56,48,44,4,0,6,0.88,15.3046875,0,0,0,0,0,3918,256,16,4,4,3,36.0,
window_res4,window,none,fidelity,False,True,16,0.05,25,4,False,iid,0.1,2,s031,4,30.25,24.293478260869566,10.0,71.5,56,50,45,5,0,6,0.9,15.53515625,0,0,0,0,0,3977,256,16,4,4,3,49.375,
window_res4,window,none,fidelity,False,True,16,0.05,25,4,False,iid,0.1,2,s031,5,28.749999999999996,12.771739130434783,4.0,73.5,56,51,48,3,0,6,0.96,14.54296875,0,0,0,0,0,3723,256,16,4,4,2,62.75,
window_res4,window,none,fidelity,False,True,16,0.05,25,4,False,iid,0.1,2,s031,6,27.500000000000004,12.771739130434783,6.0,67.0,56,52,47,5,0,6,0.94,14.48046875,0,0,0,0,0,3707,256,16,4,4,1,77.75,
window_res4,window,none,fidelity,False,True,16,0.05,25,4,False,iid,0.1,2,s031,7,35.75,18.532608695652172,8.0,77.0,56,52,46,6,0,6,0.92,15.0078125,0,0,0,0,0,3842,256,16,4,4,1,90.75,
window_res4,window,none,fidelity,False,True,16,0.05,25,4,False,iid,0.1,2,s031,8,26.25,11.684782608695654,8.0,79.0,56,52,46,6,0,6,0.92,15.6640625,0,0,0,0,0,4010,256,16,4,4,0,105.5,80.0
window_res8,window,none,fidelity,False,True,16,0.05,25,8,False,iid,0.1,0,s031,2,36.25,20.869565217391305,12.0,71.5,56,50,44,6,0,6,0.88,14.65234375,0,0,0,0,0,3751,256,16,8,8,3,36.5625,
window_res8,window,none,fidelity,False,True,16,0.05,25,8,False,iid,0.1,0,s031,3,28.000000000000004,22.1195652173913,14.000000000000002,68.0,56,47,43,4,0,6,0.86,14.453125,0,0,0,0,0,3700,256,16,8,8,1,65.25,
window_res8,window,none,fidelity,False,True,16,0.05,25,8,False,iid,0.1,0,s031,4,41.25,33.641304347826086,14.000000000000002,82.5,56,49,43,6,0,6,0.86,14.66015625,0,0,0,0,0,3753,256,16,8,8,1,93.0625,
window_res8,window,none,fidelity,False,True,16,0.05,25,8,False,iid,0.1,0,s031,5,27.500000000000004,14.021739130434785,10.0,69.0,56,49,45,4,0,6,0.9,14.27734375,0,0,0,0,0,3655,256,16,8,8,2,120.875,
window_res8,window,none,fidelity,False,True,16,0.05,25,8,False,iid,0.1,0,s031,6,30.999999999999993,18.532608695652172,6.0,65.0,56,52,47,5,0,6,0.94,13.94921875,0,0,0,0,0,3571,256,16,8,8,2,149.0625,
window_res8,window,none,fidelity,False,True,16,0.05,25,8,False,iid,0.1,0,s031,7,33.75,17.445652173913043,8.0,79.0,56,51,46,5,0,6,0.92,14.34765625,0,0,0,0,0,3673,256,16,8,8,1,176.5625,
window_res8,window,none,fidelity,False,True,16,0.05,25,8,False,iid,0.1,0,s031,8,33.25,17.445652173913043,8.0,75.5,56,50,46,4,0,6,0.92,14.85546875,0,0,0,0,0,3803,256,16,8,8,0,204.8125,86.0
window_res8,window,none,fidelity,False,True,16,0.05,25,8,False,iid,0.1,1,s031,2,35.75,17.445652173913043,12.0,79.5,56,48,44,4,0,6,0.88,14.53125,0,0,0,0,0,3720,256,16,8,8,0,36.5625,
window_res8,window,none,fidelity,False,True,16,0.05,25,8,False,iid,0.1,1,s031,3,28.249999999999996,25.543478260869566,6.0,82.0,56,53,47,6,0,6,0.94,14.32421875,0,0,0,0,0,3667,256,16,8,8,0,64.5625,
window_res8,window,none,fidelity,False,True,16,0.05,25,8,False,iid,0.1,1,s031,4,42.25,30.217391304347828,8.0,81.0,56,51,46,5,0,6,0.92,14.88671875,0,0,0,0,0,3811,256,16,8,8,2,93.0625,
window_res8,window,none,fidelity,False,True,16,0.05,25,8,False,iid,0.1,1,s031,5,31.75,17.445652173913043,8.0,78.0,56,49,46,3,0,6,0.92,14.37890625,0,0,0,0,0,3681,256,16,8,8,2,120.8125,
window_res8,window,none,fidelity,False,True,16,0.05,25,8,False,iid,0.1,1,s031,6,28.249999999999996,16.358695652173914,12.0,69.5,56,49,44,5,0,6,0.88,13.08984375,0,0,0,0,0,3351,256,16,8,8,0,149.3125,
window_res8,window,none,fidelity,False,True,16,0.05,25,8,False,iid,0.1,1,s031,7,34.0,24.456521739130434,6.0,82.0,56,52,47,5,0,6,0.94,14.15234375,0,0,0,0,0,3623,256,16,8,8,1,176.5625,
window_res8,window,none,fidelity,False,True,16,0.05,25,8,False,iid,0.1,1,s031,8,29.500000000000004,16.358695652173914,4.0,85.5,56,53,48,5,0,6,0.96,14.7265625,0,0,0,0,0,3770,256,16,8,8,1,204.5625,84.0
window_res8,window,none,fidelity,False,True,16,0.05,25,8,False,iid,0.1,2,s031,2,32.75,19.782608695652172,12.0,74.5,56,48,44,4,0,6,0.88,13.765625,0,0,0,0,0,3524,256,16,8,8,1,35.0625,
window_res8,window,none,fidelity,False,True,16,0.05,25,8,False,iid,0.1,2,s031,3,26.0,18.532608695652172,8.0,76.5,56,50,46,4,0,6,0.92,13.52734375,0,0,0,0,0,3463,256,16,8,8,1,63.8125,
window_res8,window,none,fidelity,False,True,16,0.05,25,8,False,iid,0.1,2,s031,4,39.75,24.456521739130434,12.0,75.0,56,50,44,6,0,6,0.88,14.11328125,0,0,0,0,0,3613,256,16,8,8,2,91.5625,
window_res8,window,none,fidelity,False,True,16,0.05,25,8,False,iid,0.1,2,s031,5,31.999999999999996,12.771739130434783,8.0,78.0,56,50,46,4,0,6,0.92,13.94921875,0,0,0,0,0,3571,256,16,8,8,2,119.375,
window_res8,window,none,fidelity,False,True,16,0.05,25,8,False,iid,0.1,2,s031,6,28.500000000000004,22.1195652173913,8.0,68.0,56,51,46,5,0,6,0.92,12.96875,0,0,0,0,0,3320,256,16,8,8,1,147.6875,
window_res8,window,none,fidelity,False,True,16,0.05,25,8,False,iid,0.1,2,s031,7,35.25,23.20652173913043,6.0,79.0,56,53,47,6,0,6,0.94,13.29296875,0,0,0,0,0,3403,256,16,8,8,0,175.0625,
window_res8,window,none,fidelity,False,True,16,0.05,25,8,False,iid,0.1,2,s031,8,27.250000000000004,12.771739130434783,4.0,84.0,56,54,48,6,0,6,0.96,13.89453125,0,0,0,0,0,3557,256,16,8,8,0,203.0625,78.0
aeqkad_res4,window,full,fidelity,False,True,16,0.05,25,4,False,iid,0.1,0,s032,2,27.500000000000004,7.01086956521739,12.0,56.49999999999999,56,39,38,1,0,6,0.76,12.46484375,49,10,28,0,0,3191,256,16,4,4,0,26.1875,
aeqkad_res4,window,full,fidelity,False,True,16,0.05,25,4,False,iid,0.1,0,s032,3,27.500000000000004,17.608695652173914,12.0,61.5,56,40,38,2,0,6,0.76,12.2265625,47,7,27,0,0,3130,256,16,4,4,1,43.6875,
aeqkad_res4,window,full,fidelity,False,True,16,0.05,25,4,False,iid,0.1,0,s032,4,30.000000000000004,11.521739130434785,18.0,48.5,56,37,36,1,0,6,0.72,11.00390625,43,6,28,0,0,2817,256,16,4,4,1,56.875,
aeqkad_res4,window,full,fidelity,False,True,16,0.05,25,4,False,iid,0.1,0,s032,5,26.0,19.782608695652172,12.0,60.5,56,41,39,2,0,6,0.78,12.5390625,47,5,24,0,1,3210,256,16,4,4,1,67.625,
aeqkad_res4,window,full,fidelity,False,True,16,0.05,25,4,False,iid,0.1,0,s032,6,38.25,26.6304347826087,18.0,68.0,56,34,31,3,0,6,0.62,14.3515625,45,10,19,0,1,3674,256,16,4,4,2,81.6875,
aeqkad_res4,window,full,fidelity,False,True,16,0.05,25,4,False,iid,0.1,0,s032,7,31.75,12.771739130434783,8.0,74.0,56,39,37,2,0,6,0.74,14.28125,50,9,26,0,2,3656,256,16,4,4,1,98.8125,
aeqkad_res4,window,full,fidelity,False,True,16,0.05,25,4,False,iid,0.1,0,s032,8,31.499999999999993,17.445652173913043,6.0,68.0,56,40,37,3,0,6,0.74,14.13671875,53,11,24,0,2,3619,256,16,4,4,2,113.375,60.0
aeqkad_res4,window,full,fidelity,False,True,16,0.05,25,4,False,iid,0.1,1,s032,2,30.25,14.021739130434785,16.0,61.0,56,40,38,2,0,6,0.76,12.25390625,45,5,2,0,0,3137,256,16,4,4,1,25.9375,
aeqkad_res4,window,full,fidelity,False,True,16,0.05,25,4,False,iid,0.1,1,s032,3,30.000000000000004,28.967391304347828,12.0,60.0,56,42,38,4,0,6,0.76,12.2109375,48,6,9,0,0,3126,256,16,4,4,2,41.8125,
aeqkad_res4,window,full,fidelity,False,True,16,0.05,25,4,False,iid,0.1,1,s032,4,25.5,5.760869565217389,18.0,49.5,56,38,37,1,0,6,0.74,11.17578125,44,6,4,0,0,2861,256,16,4,4,1,56.8125,
aeqkad_res4,window,full,fidelity,False,True,16,0.05,25,4,False,iid,0.1,1,s032,5,27.0,12.771739130434783,10.0,56.00000000000001,56,40,38,2,0,6,0.76,12.71875,48,8,8,0,0,3256,256,16,4,4,0,67.875,
aeqkad_res4,window,full,fidelity,False,True,16,0.05,25,4,False,iid,0.1,1,s032,6,37.75,19.945652173913043,20.0,60.0,56,32,27,5,0,6,0.54,13.9921875,45,13,3,0,0,3582,256,16,4,4,2,82.0,
aeqkad_res4,window,full,fidelity,False,True,16,0.05,25,4,False,iid,0.1,1,s032,7,30.25,12.771739130434783,8.0,68.0,56,42,38,4,0,6,0.76,14.7890625,51,9,7,0,0,3786,256,16,4,4,1,98.125,
aeqkad_res4,window,full,fidelity,False,True,16,0.05,25,4,False,iid,0.1,1,s032,8,31.000000000000007,16.521739130434785,6.0,68.0,56,38,37,1,0,6,0.74,13.5703125,50,12,3,0,0,3474,256,16,4,4,0,114.25,94.0
aeqkad_res4,window,full,fidelity,False,True,16,0.05,25,4,False,iid,0.1,2,s032,2,25.75,19.6195652173913,16.0,55.50000000000001,56,41,38,3,0,6,0.76,12.44140625,45,4,8,0,0,3185,256,16,4,4,2,26.375,
aeqkad_res4,window,full,fidelity,False,True,16,0.05,25,4,False,iid,0.1,2,s032,3,25.5,9.347826086956525,12.0,52.0,56,40,38,2,0,6,0.76,11.99609375,48,8,14,0,0,3071,256,16,4,4,0,43.5625,
aeqkad_res4,window,full,fidelity,False,True,16,0.05,25,4,False,iid,0.1,2,s032,4,29.500000000000004,7.17391304347826,20.0,48.0,56,37,36,1,0,6,0.72,11.42578125,41,4,8,0,0,2925,256,16,4,4,0,58.25,
aeqkad_res4,window,full,fidelity,False,True,16,0.05,25,4,False,iid,0.1,2,s032,5,27.249999999999996,17.445652173913043,12.0,54.0,56,40,38,2,0,6,0.76,12.9140625,49,9,9,0,0,3306,256,16,4,4,1,67.6875,
aeqkad_res4,window,full,fidelity,False,True,16,0.05,25,4,False,iid,0.1,2,s032,6,37.75,19.945652173913043,24.0,60.0,56,31,28,3,0,6,0.56,14.54296875,42,11,3,0,0,3723,256,16,4,4,2,81.8125,
aeqkad_res4,window,full,fidelity,False,True,16,0.05,25,4,False,iid,0.1,2,s032,7,34.25,15.108695652173914,10.0,71.0,56,37,37,0,0,6,0.74,14.6640625,47,8,9,0,2,3754,256,16,4,4,0,101.1875,
aeqkad_res4,window,full,fidelity,False,True,16,0.05,25,4,False,iid,0.1,2,s032,8,32.49999999999999,23.20652173913043,2.0,60.5,56,39,37,2,0,6,0.74,13.87109375,51,11,10,0,1,3551,256,16,4,4,1,112.9375,50.0
aeqkad_res8,window,full,fidelity,False,True,16,0.05,25,8,False,iid,0.1,0,s032,2,22.0,8.097826086956525,14.000000000000002,53.5,56,39,38,1,0,6,0.76,11.0625,48,9,2,0,0,2832,256,16,8,8,0,43.0625,
aeqkad_res8,window,full,fidelity,False,True,16,0.05,25,8,False,iid,0.1,0,s032,3,29.75,16.195652173913043,10.0,61.0,56,42,40,2,0,6,0.8,11.734375,49,7,2,0,0,3004,256,16,8,8,0,73.125,
aeqkad_res8,window,full,fidelity,False,True,16,0.05,25,8,False,iid,0.1,0,s032,4,28.500000000000004,5.923913043478259,18.0,50.5,56,37,36,1,0,6,0.72,10.55078125,44,7,0,0,0,2701,256,16,8,8,1,100.5625,
aeqkad_res8,window,full,fidelity,False,True,16,0.05,25,8,False,iid,0.1,0,s032,5,25.75,11.684782608695654,8.0,62.0,56,40,38,2,0,6,0.76,11.98046875,50,10,0,0,0,3067,256,16,8,8,0,126.75,
aeqkad_res8,window,full,fidelity,False,True,16,0.05,25,8,False,iid,0.1,0,s032,6,39.75,24.456521739130434,16.0,70.0,56,28,25,3,0,6,0.5,12.17578125,46,18,0,0,0,3117,256,16,8,8,2,154.625,
aeqkad_res8,window,full,fidelity,False,True,16,0.05,25,8,False,iid,0.1,0,s032,7,28.500000000000004,16.195652173913043,8.0,75.0,56,38,36,2,0,6,0.72,12.7734375,50,12,2,0,0,3270,256,16,8,8,0,184.4375,
aeqkad_res8,window,full,fidelity,False,True,16,0.05,25,8,False,iid,0.1,0,s032,8,27.500000000000004,12.771739130434783,6.0,64.5,56,39,37,2,0,6,0.74,12.79296875,53,14,1,0,0,3275,256,16,8,8,1,213.0625,57.99999999999999
aeqkad_res8,window,full,fidelity,False,True,16,0.05,25,8,False,iid,0.1,1,s032,2,23.0,12.771739130434783,14.000000000000002,53.5,56,40,38,2,0,6,0.76,11.37890625,46,6,3,0,0,2913,256,16,8,8,1,42.875,
aeqkad_res8,window,full,fidelity,False,True,16,0.05,25,8,False,iid,0.1,1,s032,3,30.25,22.1195652173913,10.0,60.0,56,41,38,3,0,6,0.76,11.76171875,49,8,4,0,0,3011,256,16,8,8,2,71.875,
aeqkad_res8,window,full,fidelity,False,True,16,0.05,25,8,False,iid,0.1,1,s032,4,27.500000000000004,9.184782608695654,18.0,49.0,56,38,37,1,0,6,0.74,10.6875,43,5,3,0,0,2736,256,16,8,8,0,100.6875,
aeqkad_res8,window,full,fidelity,False,True,16,0.05,25,8,False,iid,0.1,1,s032,5,23.75,15.108695652173914,10.0,54.50000000000001,56,40,38,2,0,6,0.76,11.56640625,48,8,4,0,0,2961,256,16,8,8,0,126.75,
aeqkad_res8,window,full,fidelity,False,True,16,0.05,25,8,False,iid,0.1,1,s032,6,38.5,29.130434782608695,20.0,56.99999999999999,56,32,27,5,0,6,0.54,12.5703125,46,14,5,0,0,3218,256,16,8,8,1,154.75,
aeqkad_res8,window,full,fidelity,False,True,16,0.05,25,8,False,iid,0.1,1,s032,7,30.75,10.434782608695654,8.0,65.0,56,39,36,3,0,6,0.72,12.91015625,51,12,8,0,0,3305,256,16,8,8,1,184.1875,
aeqkad_res8,window,full,fidelity,False,True,16,0.05,25,8,False,iid,0.1,1,s032,8,30.25,17.445652173913043,6.0,64.0,56,38,37,1,0,6,0.74,12.99609375,49,11,5,0,0,3327,256,16,8,8,0,213.5625,90.0
aeqkad_res8,window,full,fidelity,False,True,16,0.05,25,8,False,iid,0.1,2,s032,2,24.0,12.771739130434783,16.0,57.99999999999999,56,41,38,3,0,6,0.76,11.25390625,46,5,10,0,0,2881,256,16,8,8,1,43.0625,
aeqkad_res8,window,full,fidelity,False,True,16,0.05,25,8,False,iid,0.1,2,s032,3,20.75,5.923913043478259,10.0,59.0,56,41,40,1,0,6,0.8,11.69140625,48,7,10,0,0,2993,256,16,8,8,0,73.0,
aeqkad_res8,window,full,fidelity,False,True,16,0.05,25,8,False,iid,0.1,2,s032,4,28.249999999999996,10.434782608695654,20.0,51.0,56,37,36,1,0,6,0.72,10.734375,42,5,11,0,0,2748,256,16,8,8,0,101.5625,
aeqkad_res8,window,full,fidelity,False,True,16,0.05,25,8,False,iid,0.1,2,s032,5,25.5,15.108695652173914,10.0,58.5,56,40,38,2,0,6,0.76,11.71484375,50,10,9,0,0,2999,256,16,8,8,0,126.75,
aeqkad_res8,window,full,fidelity,False,True,16,0.05,25,8,False,iid,0.1,2,s032,6,40.0,25.543478260869566,18.0,69.5,56,30,28,2,0,6,0.56,11.85546875,45,15,8,0,0,3035,256,16,8,8,1,155.375,
aeqkad_res8,window,full,fidelity,False,True,16,0.05,25,8,False,iid,0.1,2,s032,7,34.25,12.934782608695656,8.0,76.0,56,36,36,0,0,6,0.72,12.34375,50,13,8,0,1,3160,256,16,8,8,0,186.0,
aeqkad_res8,window,full,fidelity,False,True,16,0.05,25,8,False,iid,0.1,2,s032,8,31.75,17.445652173913043,6.0,67.0,56,39,37,2,0,6,0.74,12.19921875,50,9,12,0,2,3123,256,16,8,8,1,212.875,64.0
window_res4,window,none,fidelity,False,True,16,0.05,25,4,False,iid,0.1,0,s032,2,26.0,11.684782608695654,12.0,61.0,56,50,44,6,0,6,0.88,12.6640625,0,0,0,0,0,3242,256,16,4,4,0,25.375,
window_res4,window,none,fidelity,False,True,16,0.05,25,4,False,iid,0.1,0,s032,3,26.25,12.771739130434783,8.0,66.0,56,50,46,4,0,6,0.92,12.75,0,0,0,0,0,3264,256,16,4,4,2,39.0625,
window_res4,window,none,fidelity,False,True,16,0.05,25,4,False,iid,0.1,0,s032,4,22.749999999999996,9.347826086956525,12.0,56.99999999999999,56,46,44,2,0,6,0.88,12.20703125,0,0,0,0,0,3125,256,16,4,4,1,53.8125,
window_res4,window,none,fidelity,False,True,16,0.05,25,4,False,iid,0.1,0,s032,5,27.249999999999996,18.532608695652172,8.0,61.5,56,50,46,4,0,6,0.92,13.640625,0,0,0,0,0,3492,256,16,4,4,1,66.6875,
window_res4,window,none,fidelity,False,True,16,0.05,25,4,False,iid,0.1,0,s032,6,37.5,22.1195652173913,12.0,76.0,56,49,44,5,0,6,0.88,15.0625,0,0,0,0,0,3856,256,16,4,4,2,81.1875,
window_res4,window,none,fidelity,False,True,16,0.05,25,4,False,iid,0.1,0,s032,7,30.25,10.597826086956525,10.0,78.0,56,49,45,4,0,6,0.9,14.66796875,0,0,0,0,0,3755,256,16,4,4,0,95.375,
window_res4,window,none,fidelity,False,True,16,0.05,25,4,False,iid,0.1,0,s032,8,25.0,18.695652173913043,4.0,66.5,56,53,48,5,0,6,0.96,14.81640625,0,0,0,0,0,3793,256,16,4,4,1,109.6875,54.0
window_res4,window,none,fidelity,False,True,16,0.05,25,4,False,iid,0.1,1,s032,2,28.500000000000004,14.021739130434785,16.0,62.5,56,45,42,3,0,6,0.84,12.21875,0,0,0,0,0,3128,256,16,4,4,1,25.25,
window_res4,window,none,fidelity,False,True,16,0.05,25,4,False,iid,0.1,1,s032,3,30.25,25.543478260869566,8.0,63.0,56,50,46,4,0,6,0.92,12.6796875,0,0,0,0,0,3246,256,16,4,4,2,39.125,
window_res4,window,none,fidelity,False,True,16,0.05,25,4,False,iid,0.1,1,s032,4,28.000000000000004,7.01086956521739,14.000000000000002,57.49999999999999,56,46,43,3,0,6,0.86,12.21875,0,0,0,0,0,3128,256,16,4,4,1,55.25,
window_res4,window,none,fidelity,False,True,16,0.05,25,4,False,iid,0.1,1,s032,5,27.0,10.597826086956525,8.0,65.0,56,49,46,3,0,6,0.92,13.1484375,0,0,0,0,0,3366,256,16,4,4,1,66.6875,
window_res4,window,none,fidelity,False,True,16,0.05,25,4,False,iid,0.1,1,s032,6,37.75,27.8804347826087,12.0,71.0,56,50,44,6,0,6,0.88,14.66796875,0,0,0,0,0,3755,256,16,4,4,1,81.1875,
window_res4,window,none,fidelity,False,True,16,0.05,25,4,False,iid,0.1,1,s032,7,27.750000000000004,12.771739130434783,8.0,70.5,56,51,46,5,0,6,0.92,14.8984375,0,0,0,0,0,3814,256,16,4,4,1,95.375,
window_res4,window,none,fidelity,False,True,16,0.05,25,4,False,iid,0.1,1,s032,8,24.25,17.445652173913043,4.0,66.5,56,50,48,2,0,6,0.96,13.84375,0,0,0,0,0,3544,256,16,4,4,0,109.5625,92.0
window_res4,window,none,fidelity,False,True,16,0.05,25,4,False,iid,0.1,2,s032,2,25.75,15.108695652173914,16.0,59.0,56,45,42,3,0,6,0.84,12.33984375,0,0,0,0,0,3159,256,16,4,4,2,25.5625,
window_res4,window,none,fidelity,False,True,16,0.05,25,4,False,iid,0.1,2,s032,3,24.25,11.684782608695654,8.0,59.5,56,50,46,4,0,6,0.92,13.0234375,0,0,0,0,0,3334,256,16,4,4,2,39.1875,
window_res4,window,none,fidelity,False,True,16,0.05,25,4,False,iid,0.1,2,s032,4,20.75,9.184782608695654,12.0,52.5,56,46,44,2,0,6,0.88,12.5234375,0,0,0,0,0,3206,256,16,4,4,0,55.0625,
window_res4,window,none,fidelity,False,True,16,0.05,25,4,False,iid,0.1,2,s032,5,26.25,14.021739130434785,14.000000000000002,59.5,56,48,43,5,0,6,0.86,13.78125,0,0,0,0,0,3528,256,16,4,4,2,67.3125,
window_res4,window,none,fidelity,False,True,16,0.05,25,4,False,iid,0.1,2,s032,6,38.25,17.608695652173914,20.0,69.5,56,44,40,4,0,6,0.8,15.2421875,0,0,0,0,0,3902,256,16,4,4,2,81.1875,
window_res4,window,none,fidelity,False,True,16,0.05,25,4,False,iid,0.1,2,s032,7,35.75,12.934782608695656,8.0,75.0,56,49,46,3,0,6,0.92,15.19921875,0,0,0,0,0,3891,256,16,4,4,3,95.6875,
window_res4,window,none,fidelity,False,True,16,0.05,25,4,False,iid,0.1,2,s032,8,26.0,17.445652173913043,4.0,68.5,56,50,48,2,0,6,0.96,14.41796875,0,0,0,0,0,3691,256,16,4,4,0,109.0,60.0
window_res8,window,none,fidelity,False,True,16,0.05,25,8,False,iid,0.1,0,s032,2,25.25,4.67391304347826,14.000000000000002,56.49999999999999,56,49,43,6,0,6,0.86,11.48046875,0,0,0,0,0,2939,256,16,8,8,0,42.5625,
window_res8,window,none,fidelity,False,True,16,0.05,25,8,False,iid,0.1,0,s032,3,28.500000000000004,17.445652173913043,10.0,62.0,56,49,45,4,0,6,0.9,11.875,0,0,0,0,0,3040,256,16,8,8,2,70.4375,
window_res8,window,none,fidelity,False,True,16,0.05,25,8,False,iid,0.1,0,s032,4,24.75,5.923913043478259,16.0,58.5,56,45,42,3,0,6,0.84,11.37890625,0,0,0,0,0,2913,256,16,8,8,1,99.4375,
window_res8,window,none,fidelity,False,True,16,0.05,25,8,False,iid,0.1,0,s032,5,25.75,12.771739130434783,6.0,62.5,56,52,47,5,0,6,0.94,12.171875,0,0,0,0,0,3116,256,16,8,8,0,126.375,
window_res8,window,none,fidelity,False,True,16,0.05,25,8,False,iid,0.1,0,s032,6,40.25,24.456521739130434,18.0,75.5,56,46,41,5,0,6,0.82,13.0703125,0,0,0,0,0,3346,256,16,8,8,2,154.625,
window_res8,window,none,fidelity,False,True,16,0.05,25,8,False,iid,0.1,0,s032,7,29.75,7.17391304347826,6.0,78.0,56,52,47,5,0,6,0.94,13.23828125,0,0,0,0,0,3389,256,16,8,8,0,182.8125,
window_res8,window,none,fidelity,False,True,16,0.05,25,8,False,iid,0.1,0,s032,8,25.75,9.510869565217389,6.0,67.0,56,51,47,4,0,6,0.94,12.98046875,0,0,0,0,0,3323,256,16,8,8,1,211.1875,66.0
window_res8,window,none,fidelity,False,True,16,0.05,25,8,False,iid,0.1,1,s032,2,23.0,8.097826086956525,16.0,58.5,56,45,42,3,0,6,0.84,11.4375,0,0,0,0,0,2928,256,16,8,8,1,42.4375,
window_res8,window,none,fidelity,False,True,16,0.05,25,8,False,iid,0.1,1,s032,3,30.999999999999993,24.293478260869566,10.0,63.0,56,49,45,4,0,6,0.9,11.83203125,0,0,0,0,0,3029,256,16,8,8,2,70.5,
window_res8,window,none,fidelity,False,True,16,0.05,25,8,False,iid,0.1,1,s032,4,27.249999999999996,3.58695652173913,14.000000000000002,51.0,56,46,43,3,0,6,0.86,11.56640625,0,0,0,0,0,2961,256,16,8,8,0,99.9375,
window_res8,window,none,fidelity,False,True,16,0.05,25,8,False,iid,0.1,1,s032,5,27.750000000000004,10.434782608695654,6.0,59.0,56,50,47,3,0,6,0.94,11.97265625,0,0,0,0,0,3065,256,16,8,8,0,126.375,
window_res8,window,none,fidelity,False,True,16,0.05,25,8,False,iid,0.1,1,s032,6,36.0,31.304347826086953,16.0,64.5,56,48,42,6,0,6,0.84,13.04296875,0,0,0,0,0,3339,256,16,8,8,1,154.625,
window_res8,window,none,fidelity,False,True,16,0.05,25,8,False,iid,0.1,1,s032,7,27.750000000000004,9.347826086956525,8.0,64.5,56,51,46,5,0,6,0.92,13.30859375,0,0,0,0,0,3407,256,16,8,8,1,182.8125,
window_res8,window,none,fidelity,False,True,16,0.05,25,8,False,iid,0.1,1,s032,8,24.25,15.271739130434783,8.0,61.5,56,47,46,1,0,6,0.92,13.2578125,0,0,0,0,0,3394,256,16,8,8,0,211.75,92.0
window_res8,window,none,fidelity,False,True,16,0.05,25,8,False,iid,0.1,2,s032,2,25.5,12.771739130434783,16.0,63.5,56,46,42,4,0,6,0.84,11.390625,0,0,0,0,0,2916,256,16,8,8,1,42.5,
window_res8,window,none,fidelity,False,True,16,0.05,25,8,False,iid,0.1,2,s032,3,21.999999999999996,8.097826086956525,10.0,65.5,56,50,45,5,0,6,0.9,11.9140625,0,0,0,0,0,3050,256,16,8,8,2,70.5625,
window_res8,window,none,fidelity,False,True,16,0.05,25,8,False,iid,0.1,2,s032,4,27.249999999999996,5.923913043478259,14.000000000000002,56.99999999999999,56,46,43,3,0,6,0.86,11.60546875,0,0,0,0,0,2971,256,16,8,8,2,99.25,
window_res8,window,none,fidelity,False,True,16,0.05,25,8,False,iid,0.1,2,s032,5,25.75,12.771739130434783,8.0,60.5,56,50,46,4,0,6,0.92,11.953125,0,0,0,0,0,3060,256,16,8,8,0,126.375,
window_res8,window,none,fidelity,False,True,16,0.05,25,8,False,iid,0.1,2,s032,6,40.25,24.456521739130434,16.0,74.0,56,47,42,5,0,6,0.84,12.671875,0,0,0,0,0,3244,256,16,8,8,1,154.625,
window_res8,window,none,fidelity,False,True,16,0.05,25,8,False,iid,0.1,2,s032,7,33.75,15.108695652173914,10.0,81.0,56,48,45,3,0,6,0.9,12.8203125,0,0,0,0,0,3282,256,16,8,8,1,183.3125,
window_res8,window,none,fidelity,False,True,16,0.05,25,8,False,iid,0.1,2,s032,8,28.249999999999996,12.934782608695656,6.0,71.0,56,51,47,4,0,6,0.94,12.7421875,0,0,0,0,0,3262,256,16,8,8,0,210.8125,78.0
aeqkad_res4,window,full,fidelity,False,True,16,0.05,25,4,False,iid,0.1,0,s033,2,23.75,8.097826086956525,12.0,54.0,56,40,39,1,0,6,0.78,12.4375,47,7,8,0,0,3184,256,16,4,4,1,22.4375,
aeqkad_res4,window,full,fidelity,False,True,16,0.05,25,4,False,iid,0.1,0,s033,3,28.249999999999996,12.771739130434783,10.0,61.0,56,47,44,3,0,6,0.88,11.8046875,49,0,18,0,2,3022,256,16,4,4,0,35.25,
aeqkad_res4,window,full,fidelity,False,True,16,0.05,25,4,False,iid,0.1,0,s033,4,24.0,4.67391304347826,16.0,35.0,56,34,34,0,0,6,0.68,10.1875,42,7,10,0,1,2608,256,16,4,4,0,55.0625,
aeqkad_res4,window,full,fidelity,False,True,16,0.05,25,4,False,iid,0.1,0,s033,5,9.25,2.33695652173913,8.0,23.5,56,33,33,0,0,6,0.66,10.84375,49,5,11,0,11,2776,256,16,4,4,0,64.8125,
aeqkad_res4,window,full,fidelity,False,True,16,0.05,25,4,False,iid,0.1,0,s033,6,30.999999999999993,22.1195652173913,4.0,58.5,56,42,39,3,0,6,0.78,11.87109375,51,5,11,0,4,3039,256,16,4,4,0,81.8125,
aeqkad_res4,window,full,fidelity,False,True,16,0.05,25,4,False,iid,0.1,0,s033,7,10.249999999999998,1.25,0.0,28.000000000000004,56,47,46,1,0,6,0.92,11.171875,51,2,15,0,2,2860,256,16,4,4,0,92.25,
aeqkad_res4,window,full,fidelity,False,True,16,0.05,25,4,False,iid,0.1,0,s033,8,10.75,0.0,4.0,24.0,56,42,41,1,0,6,0.82,11.6640625,52,7,5,0,3,2986,256,16,4,4,1,106.625,52.0
aeqkad_res4,window,full,fidelity,False,True,16,0.05,25,4,False,iid,0.1,1,s033,2,22.749999999999996,11.521739130434785,12.0,45.5,56,40,38,2,0,6,0.76,12.53515625,49,9,23,0,0,3209,256,16,4,4,1,21.9375,
aeqkad_res4,window,full,fidelity,False,True,16,0.05,25,4,False,iid,0.1,1,s033,3,26.5,8.097826086956525,8.0,63.5,56,46,43,3,0,6,0.86,11.953125,51,3,28,0,2,3060,256,16,4,4,1,35.8125,
aeqkad_res4,window,full,fidelity,False,True,16,0.05,25,4,False,iid,0.1,1,s033,4,28.000000000000004,9.347826086956525,16.0,45.0,56,37,36,1,0,6,0.72,10.31640625,47,8,19,0,2,2641,256,16,4,4,0,51.6875,
aeqkad_res4,window,full,fidelity,False,True,16,0.05,25,4,False,iid,0.1,1,s033,5,10.0,0.0,6.0,23.5,56,44,43,1,0,6,0.86,11.86328125,48,3,23,0,1,3037,256,16,4,4,0,63.3125,
aeqkad_res4,window,full,fidelity,False,True,16,0.05,25,4,False,iid,0.1,1,s033,6,28.749999999999996,14.021739130434785,6.0,51.0,56,39,39,0,0,6,0.78,11.40234375,48,5,17,0,4,2919,256,16,4,4,0,84.75,
aeqkad_res4,window,full,fidelity,False,True,16,0.05,25,4,False,iid,0.1,1,s033,7,13.750000000000002,2.33695652173913,2.0,32.5,56,44,44,0,0,6,0.88,10.7734375,49,2,21,0,3,2758,256,16,4,4,0,92.9375,
aeqkad_res4,window,full,fidelity,False,True,16,0.05,25,4,False,iid,0.1,1,s033,8,11.5,0.0,4.0,26.0,56,40,40,0,0,6,0.8,11.48046875,48,4,15,0,4,2939,256,16,4,4,0,107.0625,0.0
aeqkad_res4,window,full,fidelity,False,True,16,0.05,25,4,False,iid,0.1,2,s033,2,29.500000000000004,12.771739130434783,14.000000000000002,56.00000000000001,56,42,39,3,0,6,0.78,12.32421875,48,6,20,0,0,3155,256,16,4,4,0,22.875,
aeqkad_res4,window,full,fidelity,False,True,16,0.05,25,4,False,iid,0.1,2,s033,3,30.000000000000004,19.782608695652172,10.0,67.5,56,46,44,2,0,6,0.88,11.5546875,48,1,25,0,1,2958,256,16,4,4,0,37.5,
aeqkad_res4,window,full,fidelity,False,True,16,0.05,25,4,False,iid,0.1,2,s033,4,32.49999999999999,22.1195652173913,16.0,49.0,56,40,37,3,0,6,0.74,10.6796875,46,6,22,0,0,2734,256,16,4,4,0,51.875,
aeqkad_res4,window,full,fidelity,False,True,16,0.05,25,4,False,iid,0.1,2,s033,5,13.5,3.58695652173913,6.0,27.0,56,44,43,1,0,6,0.86,11.734375,49,4,24,0,1,3004,256,16,4,4,0,63.25,
aeqkad_res4,window,full,fidelity,False,True,16,0.05,25,4,False,iid,0.1,2,s033,6,30.000000000000004,16.358695652173914,4.0,49.5,56,40,38,2,0,6,0.76,11.21484375,52,6,16,0,6,2871,256,16,4,4,0,82.0625,
aeqkad_res4,window,full,fidelity,False,True,16,0.05,25,4,False,iid,0.1,2,s033,7,13.5,1.0869565217391297,0.0,34.0,56,49,47,2,0,6,0.94,11.5546875,53,3,25,0,1,2958,256,16,4,4,0,91.75,
aeqkad_res4,window,full,fidelity,False,True,16,0.05,25,4,False,iid,0.1,2,s033,8,11.75,0.0,4.0,20.5,56,41,41,0,0,6,0.82,11.46484375,48,4,16,0,3,2935,256,16,4,4,0,107.25,0.0
aeqkad_res8,window,full,fidelity,False,True,16,0.05,25,8,False,iid,0.1,0,s033,2,31.75,8.42391304347826,12.0,65.0,56,44,41,3,0,6,0.82,11.35546875,48,4,25,0,0,2907,256,16,8,8,2,39.5625,
aeqkad_res8,window,full,fidelity,False,True,16,0.05,25,8,False,iid,0.1,0,s033,3,16.000000000000004,3.75,6.0,59.5,56,45,43,2,0,6,0.86,10.9765625,52,5,29,0,2,2810,256,16,8,8,0,67.4375,
aeqkad_res8,window,full,fidelity,False,True,16,0.05,25,8,False,iid,0.1,0,s033,4,21.999999999999996,3.58695652173913,12.0,42.0,56,37,37,0,0,6,0.74,10.73046875,45,7,24,0,1,2747,256,16,8,8,0,97.75,
aeqkad_res8,window,full,fidelity,False,True,16,0.05,25,8,False,iid,0.1,0,s033,5,11.75,1.25,4.0,42.0,56,46,45,1,0,6,0.9,11.13671875,51,4,33,0,1,2851,256,16,8,8,1,123.8125,
aeqkad_res8,window,full,fidelity,False,True,16,0.05,25,8,False,iid,0.1,0,s033,6,28.500000000000004,17.445652173913043,4.0,72.0,56,44,41,3,0,6,0.82,11.078125,52,4,28,0,4,2836,256,16,8,8,0,153.5,
aeqkad_res8,window,full,fidelity,False,True,16,0.05,25,8,False,iid,0.1,0,s033,7,10.499999999999998,2.33695652173913,0.0,39.0,56,46,45,1,0,6,0.9,11.265625,54,5,35,0,3,2884,256,16,8,8,0,179.6875,
aeqkad_res8,window,full,fidelity,False,True,16,0.05,25,8,False,iid,0.1,0,s033,8,13.0,1.25,2.0,45.0,56,44,41,3,0,6,0.82,10.8515625,54,4,32,0,6,2778,256,16,8,8,0,208.0,34.0
aeqkad_res8,window,full,fidelity,False,True,16,0.05,25,8,False,iid,0.1,1,s033,2,23.75,9.347826086956525,10.0,71.5,56,45,42,3,0,6,0.84,11.16015625,50,5,26,0,0,2857,256,16,8,8,1,39.6875,
aeqkad_res8,window,full,fidelity,False,True,16,0.05,25,8,False,iid,0.1,1,s033,3,18.250000000000004,2.33695652173913,6.0,61.0,56,44,43,1,0,6,0.86,10.83984375,51,4,28,0,3,2775,256,16,8,8,1,67.4375,
aeqkad_res8,window,full,fidelity,False,True,16,0.05,25,8,False,iid,0.1,1,s033,4,20.5,11.521739130434785,14.000000000000002,52.5,56,40,38,2,0,6,0.76,11.03125,47,4,24,0,3,2824,256,16,8,8,0,96.9375,
aeqkad_res8,window,full,fidelity,False,True,16,0.05,25,8,False,iid,0.1,1,s033,5,10.0,0.0,4.0,35.5,56,46,45,1,0,6,0.9,10.87109375,50,2,31,0,2,2783,256,16,8,8,0,123.4375,
aeqkad_res8,window,full,fidelity,False,True,16,0.05,25,8,False,iid,0.1,1,s033,6,26.0,12.771739130434783,4.0,61.0,56,41,40,1,0,6,0.8,10.953125,49,4,22,0,4,2804,256,16,8,8,0,155.1875,
aeqkad_res8,window,full,fidelity,False,True,16,0.05,25,8,False,iid,0.1,1,s033,7,11.5,1.25,0.0,43.5,56,44,44,0,0,6,0.88,10.72265625,52,5,28,0,3,2745,256,16,8,8,0,180.125,
aeqkad_res8,window,full,fidelity,False,True,16,0.05,25,8,False,iid,0.1,1,s033,8,12.75,0.0,2.0,40.5,56,40,40,0,0,6,0.8,10.2109375,50,4,29,0,6,2614,256,16,8,8,0,207.9375,2.0
aeqkad_res8,window,full,fidelity,False,True,16,0.05,25,8,False,iid,0.1,2,s033,2,26.25,12.608695652173912,12.0,57.99999999999999,56,43,40,3,0,6,0.8,10.921875,50,6,29,0,1,2796,256,16,8,8,0,40.0,
aeqkad_res8,window,full,fidelity,False,True,16,0.05,25,8,False,iid,0.1,2,s033,3,22.249999999999996,9.510869565217389,8.0,56.49999999999999,56,44,43,1,0,6,0.86,11.1015625,49,3,28,0,2,2842,256,16,8,8,0,68.9375,
aeqkad_res8,window,full,fidelity,False,True,16,0.05,25,8,False,iid,0.1,2,s033,4,26.0,22.1195652173913,16.0,46.0,56,39,36,3,0,6,0.72,10.87890625,46,5,24,0,2,2785,256,16,8,8,0,96.9375,
aeqkad_res8,window,full,fidelity,False,True,16,0.05,25,8,False,iid,0.1,2,s033,5,12.25,2.5,6.0,36.0,56,45,44,1,0,6,0.88,10.87890625,48,2,33,0,1,2785,256,16,8,8,0,123.4375,
aeqkad_res8,window,full,fidelity,False,True,16,0.05,25,8,False,iid,0.1,2,s033,6,28.249999999999996,16.358695652173914,4.0,52.5,56,43,40,3,0,6,0.8,10.734375,52,5,20,0,4,2748,256,16,8,8,0,154.3125,
aeqkad_res8,window,full,fidelity,False,True,16,0.05,25,8,False,iid,0.1,2,s033,7,11.75,1.25,2.0,37.5,56,47,45,2,0,6,0.9,11.0546875,52,3,33,0,2,2830,256,16,8,8,0,179.75,
aeqkad_res8,window,full,fidelity,False,True,16,0.05,25,8,False,iid,0.1,2,s033,8,11.249999999999998,0.0,4.0,38.5,56,41,41,0,0,6,0.82,10.2734375,48,2,27,0,5,2630,256,16,8,8,0,208.25,0.0
window_res4,window,none,fidelity,False,True,16,0.05,25,4,False,iid,0.1,0,s033,2,30.999999999999993,19.6195652173913,14.000000000000002,60.0,56,47,43,4,0,6,0.86,12.8046875,0,0,0,0,0,3278,256,16,4,4,2,21.9375,
window_res4,window,none,fidelity,False,True,16,0.05,25,4,False,iid,0.1,0,s033,3,27.750000000000004,12.771739130434783,10.0,63.0,56,49,45,4,0,6,0.9,11.73828125,0,0,0,0,0,3005,256,16,4,4,0,35.1875,
window_res4,window,none,fidelity,False,True,16,0.05,25,4,False,iid,0.1,0,s033,4,19.499999999999996,3.58695652173913,16.0,36.0,56,42,42,0,0,6,0.84,11.078125,0,0,0,0,0,2836,256,16,4,4,0,51.1875,
window_res4,window,none,fidelity,False,True,16,0.05,25,4,False,iid,0.1,0,s033,5,13.5,2.5,6.0,24.5,56,49,47,2,0,6,0.94,12.09375,0,0,0,0,0,3096,256,16,4,4,2,63.1875,
window_res4,window,none,fidelity,False,True,16,0.05,25,4,False,iid,0.1,0,s033,6,31.999999999999996,25.543478260869566,4.0,64.5,56,52,48,4,0,6,0.96,12.234375,0,0,0,0,0,3132,256,16,4,4,0,77.6875,
window_res4,window,none,fidelity,False,True,16,0.05,25,4,False,iid,0.1,0,s033,7,6.500000000000003,0.0,0.0,29.5,56,51,50,1,0,6,1.0,11.9765625,0,0,0,0,0,3066,256,16,4,4,0,91.875,
window_res4,window,none,fidelity,False,True,16,0.05,25,4,False,iid,0.1,0,s033,8,14.000000000000002,7.01086956521739,4.0,37.0,56,52,48,4,0,6,0.96,12.16796875,0,0,0,0,0,3115,256,16,4,4,0,105.4375,4.0
window_res4,window,none,fidelity,False,True,16,0.05,25,4,False,iid,0.1,1,s033,2,24.25,20.70652173913043,16.0,55.50000000000001,56,46,42,4,0,6,0.84,12.8671875,0,0,0,0,0,3294,256,16,4,4,1,21.9375,
window_res4,window,none,fidelity,False,True,16,0.05,25,4,False,iid,0.1,1,s033,3,31.000000000000007,10.434782608695654,8.0,72.0,56,51,46,5,0,6,0.92,12.3671875,0,0,0,0,0,3166,256,16,4,4,1,35.1875,
window_res4,window,none,fidelity,False,True,16,0.05,25,4,False,iid,0.1,1,s033,4,30.000000000000004,16.195652173913043,16.0,56.99999999999999,56,46,42,4,0,6,0.84,11.51953125,0,0,0,0,0,2949,256,16,4,4,0,50.0625,
window_res4,window,none,fidelity,False,True,16,0.05,25,4,False,iid,0.1,1,s033,5,16.250000000000004,4.67391304347826,6.0,33.5,56,49,47,2,0,6,0.94,12.203125,0,0,0,0,0,3124,256,16,4,4,0,63.25,
window_res4,window,none,fidelity,False,True,16,0.05,25,4,False,iid,0.1,1,s033,6,30.75,17.445652173913043,4.0,54.0,56,49,48,1,0,6,0.96,12.1484375,0,0,0,0,0,3110,256,16,4,4,0,78.6875,
window_res4,window,none,fidelity,False,True,16,0.05,25,4,False,iid,0.1,1,s033,7,7.2500000000000036,0.0,0.0,31.0,56,50,50,0,0,6,1.0,12.16015625,0,0,0,0,0,3113,256,16,4,4,0,92.5625,
window_res4,window,none,fidelity,False,True,16,0.05,25,4,False,iid,0.1,1,s033,8,10.0,0.0,4.0,27.500000000000004,56,48,48,0,0,6,0.96,11.9453125,0,0,0,0,0,3058,256,16,4,4,0,105.3125,0.0
window_res4,window,none,fidelity,False,True,16,0.05,25,4,False,iid,0.1,2,s033,2,31.999999999999996,24.456521739130434,18.0,57.49999999999999,56,47,41,6,0,6,0.82,13.08203125,0,0,0,0,0,3349,256,16,4,4,2,21.75,
window_res4,window,none,fidelity,False,True,16,0.05,25,4,False,iid,0.1,2,s033,3,36.0,22.1195652173913,10.0,72.0,56,49,45,4,0,6,0.9,11.6875,0,0,0,0,0,2992,256,16,4,4,2,35.8125,
window_res4,window,none,fidelity,False,True,16,0.05,25,4,False,iid,0.1,2,s033,4,34.5,22.1195652173913,18.0,57.99999999999999,56,45,41,4,0,6,0.82,11.31640625,0,0,0,0,0,2897,256,16,4,4,0,50.0625,
window_res4,window,none,fidelity,False,True,16,0.05,25,4,False,iid,0.1,2,s033,5,18.250000000000004,7.01086956521739,6.0,40.5,56,49,47,2,0,6,0.94,12.6640625,0,0,0,0,0,3242,256,16,4,4,0,63.1875,
window_res4,window,none,fidelity,False,True,16,0.05,25,4,False,iid,0.1,2,s033,6,35.5,17.445652173913043,6.0,69.5,56,52,47,5,0,6,0.94,12.16015625,0,0,0,0,0,3113,256,16,4,4,1,77.1875,
window_res4,window,none,fidelity,False,True,16,0.05,25,4,False,iid,0.1,2,s033,7,16.000000000000004,3.58695652173913,0.0,37.0,56,53,50,3,0,6,1.0,12.296875,0,0,0,0,0,3148,256,16,4,4,0,91.75,
window_res4,window,none,fidelity,False,True,16,0.05,25,4,False,iid,0.1,2,s033,8,12.0,0.0,4.0,19.0,56,48,48,0,0,6,0.96,11.69921875,0,0,0,0,0,2995,256,16,4,4,0,105.6875,0.0
window_res8,window,none,fidelity,False,True,16,0.05,25,8,False,iid,0.1,0,s033,2,30.999999999999993,7.17391304347826,12.0,65.5,56,47,44,3,0,6,0.88,11.5390625,0,0,0,0,0,2954,256,16,8,8,1,39.4375,
window_res8,window,none,fidelity,False,True,16,0.05,25,8,False,iid,0.1,0,s033,3,26.0,15.108695652173914,4.0,70.0,56,53,48,5,0,6,0.96,11.5234375,0,0,0,0,0,2950,256,16,8,8,0,67.4375,
window_res8,window,none,fidelity,False,True,16,0.05,25,8,False,iid,0.1,0,s033,4,25.5,9.184782608695654,12.0,45.5,56,45,44,1,0,6,0.88,11.21484375,0,0,0,0,0,2871,256,16,8,8,0,96.4375,
window_res8,window,none,fidelity,False,True,16,0.05,25,8,False,iid,0.1,0,s033,5,23.5,12.934782608695656,4.0,60.0,56,53,48,5,0,6,0.96,11.49609375,0,0,0,0,0,2943,256,16,8,8,2,123.4375,
window_res8,window,none,fidelity,False,True,16,0.05,25,8,False,iid,0.1,0,s033,6,33.5,25.543478260869566,4.0,73.0,56,52,48,4,0,6,0.96,11.46484375,0,0,0,0,0,2935,256,16,8,8,0,151.6875,
window_res8,window,none,fidelity,False,True,16,0.05,25,8,False,iid,0.1,0,s033,7,14.250000000000002,2.5,0.0,52.0,56,54,50,4,0,6,1.0,11.515625,0,0,0,0,0,2948,256,16,8,8,1,179.4375,
window_res8,window,none,fidelity,False,True,16,0.05,25,8,False,iid,0.1,0,s033,8,11.5,5.760869565217389,2.0,54.50000000000001,56,53,49,4,0,6,0.98,11.18359375,0,0,0,0,0,2863,256,16,8,8,0,207.4375,34.0
window_res8,window,none,fidelity,False,True,16,0.05,25,8,False,iid,0.1,1,s033,2,28.749999999999996,14.021739130434785,8.0,73.0,56,51,46,5,0,6,0.92,11.36328125,0,0,0,0,0,2909,256,16,8,8,0,39.4375,
window_res8,window,none,fidelity,False,True,16,0.05,25,8,False,iid,0.1,1,s033,3,21.749999999999996,4.83695652173913,4.0,69.0,56,53,48,5,0,6,0.96,11.546875,0,0,0,0,0,2956,256,16,8,8,1,67.4375,
window_res8,window,none,fidelity,False,True,16,0.05,25,8,False,iid,0.1,1,s033,4,21.499999999999996,5.923913043478259,12.0,46.5,56,47,44,3,0,6,0.88,11.3125,0,0,0,0,0,2896,256,16,8,8,0,95.8125,
window_res8,window,none,fidelity,False,True,16,0.05,25,8,False,iid,0.1,1,s033,5,21.749999999999996,9.347826086956525,4.0,50.0,56,51,48,3,0,6,0.96,11.14453125,0,0,0,0,0,2853,256,16,8,8,0,123.4375,
window_res8,window,none,fidelity,False,True,16,0.05,25,8,False,iid,0.1,1,s033,6,26.0,10.434782608695654,4.0,60.5,56,49,48,1,0,6,0.96,11.33203125,0,0,0,0,0,2901,256,16,8,8,0,152.1875,
window_res8,window,none,fidelity,False,True,16,0.05,25,8,False,iid,0.1,1,s033,7,9.749999999999998,3.423913043478259,0.0,49.5,56,51,50,1,0,6,1.0,11.1328125,0,0,0,0,0,2850,256,16,8,8,0,180.125,
window_res8,window,none,fidelity,False,True,16,0.05,25,8,False,iid,0.1,1,s033,8,14.250000000000002,7.01086956521739,2.0,41.5,56,50,49,1,0,6,0.98,11.0703125,0,0,0,0,0,2834,256,16,8,8,0,207.4375,4.0
window_res8,window,none,fidelity,False,True,16,0.05,25,8,False,iid,0.1,2,s033,2,31.499999999999993,17.445652173913043,10.0,60.0,56,51,45,6,0,6,0.9,11.6171875,0,0,0,0,0,2974,256,16,8,8,1,39.4375,
window_res8,window,none,fidelity,False,True,16,0.05,25,8,False,iid,0.1,2,s033,3,27.750000000000004,22.1195652173913,8.0,67.5,56,50,46,4,0,6,0.92,11.3203125,0,0,0,0,0,2898,256,16,8,8,2,67.8125,
window_res8,window,none,fidelity,False,True,16,0.05,25,8,False,iid,0.1,2,s033,4,28.500000000000004,18.695652173913043,14.000000000000002,55.50000000000001,56,47,43,4,0,6,0.86,11.19140625,0,0,0,0,0,2865,256,16,8,8,0,96.4375,
window_res8,window,none,fidelity,False,True,16,0.05,25,8,False,iid,0.1,2,s033,5,18.250000000000004,8.097826086956525,4.0,40.0,56,50,48,2,0,6,0.96,11.0625,0,0,0,0,0,2832,256,16,8,8,0,123.4375,
window_res8,window,none,fidelity,False,True,16,0.05,25,8,False,iid,0.1,2,s033,6,33.24999999999999,10.434782608695654,4.0,68.0,56,53,48,5,0,6,0.96,11.203125,0,0,0,0,0,2868,256,16,8,8,1,151.4375,
window_res8,window,none,fidelity,False,True,16,0.05,25,8,False,iid,0.1,2,s033,7,16.500000000000004,10.434782608695654,0.0,41.0,56,53,50,3,0,6,1.0,11.36328125,0,0,0,0,0,2909,256,16,8,8,0,179.75,
window_res8,window,none,fidelity,False,True,16,0.05,25,8,False,iid,0.1,2,s033,8,11.5,0.0,4.0,35.0,56,48,48,0,0,6,0.96,10.87890625,0,0,0,0,0,2785,256,16,8,8,0,207.6875,0.0
aeqkad_res4,window,full,fidelity,False,True,16,0.05,25,4,False,iid,0.1,0,s034,2,23.5,7.01086956521739,0.0,71.5,56,47,44,3,0,6,0.88,10.36328125,56,9,0,0,0,2653,256,16,4,4,0,26.5625,
aeqkad_res4,window,full,fidelity,False,True,16,0.05,25,4,False,iid,0.1,0,s034,3,17.500000000000004,10.597826086956525,4.0,72.0,56,49,45,4,0,6,0.9,10.7421875,53,4,0,0,0,2750,256,16,4,4,2,40.375,
aeqkad_res4,window,full,fidelity,False,True,16,0.05,25,4,False,iid,0.1,0,s034,4,20.249999999999996,5.760869565217389,4.0,77.5,56,49,46,3,0,6,0.92,10.9609375,51,2,0,0,0,2806,256,16,4,4,1,54.5,
aeqkad_res4,window,full,fidelity,False,True,16,0.05,25,4,False,iid,0.1,0,s034,5,29.500000000000004,15.108695652173914,6.0,76.5,56,41,38,3,0,6,0.76,10.5390625,53,10,0,0,2,2698,256,16,4,4,1,69.0625,
aeqkad_res4,window,full,fidelity,False,True,16,0.05,25,4,False,iid,0.1,0,s034,6,21.749999999999996,17.445652173913043,2.0,72.5,56,46,45,1,0,6,0.9,10.59765625,53,7,0,0,0,2713,256,16,4,4,0,84.5625,
aeqkad_res4,window,full,fidelity,False,True,16,0.05,25,4,False,iid,0.1,0,s034,7,21.999999999999996,11.684782608695654,0.0,77.5,56,45,44,1,0,6,0.88,11.13671875,54,9,0,0,0,2851,256,16,4,4,0,96.8125,
aeqkad_res4,window,full,fidelity,False,True,16,0.05,25,4,False,iid,0.1,0,s034,8,19.25,10.434782608695654,8.0,75.0,56,43,43,0,0,6,0.86,11.24609375,49,4,0,0,2,2879,256,16,4,4,0,111.0625,84.0
aeqkad_res4,window,full,fidelity,False,True,16,0.05,25,4,False,iid,0.1,1,s034,2,20.25,9.347826086956525,0.0,70.0,56,44,43,1,0,6,0.86,10.5390625,53,9,0,0,0,2698,256,16,4,4,0,28.8125,
aeqkad_res4,window,full,fidelity,False,True,16,0.05,25,4,False,iid,0.1,1,s034,3,18.000000000000004,9.347826086956525,4.0,68.0,56,49,46,3,0,6,0.92,12.46875,52,3,0,0,0,3192,256,16,4,4,1,40.625,
aeqkad_res4,window,full,fidelity,False,True,16,0.05,25,4,False,iid,0.1,1,s034,4,16.000000000000004,7.01086956521739,4.0,73.0,56,48,46,2,0,6,0.92,10.6953125,51,3,0,0,0,2738,256,16,4,4,1,55.75,
aeqkad_res4,window,full,fidelity,False,True,16,0.05,25,4,False,iid,0.1,1,s034,5,31.499999999999993,15.108695652173914,8.0,78.0,56,42,38,4,0,6,0.76,11.43359375,52,10,0,0,0,2927,256,16,4,4,2,69.75,
aeqkad_res4,window,full,fidelity,False,True,16,0.05,25,4,False,iid,0.1,1,s034,6,21.749999999999996,19.782608695652172,2.0,75.0,56,48,46,2,0,6,0.92,11.5625,54,6,0,0,0,2960,256,16,4,4,0,83.375,
aeqkad_res4,window,full,fidelity,False,True,16,0.05,25,4,False,iid,0.1,1,s034,7,24.0,12.771739130434783,0.0,82.5,56,47,46,1,0,6,0.92,11.37109375,54,7,0,0,0,2911,256,16,4,4,1,96.8125,
aeqkad_res4,window,full,fidelity,False,True,16,0.05,25,4,False,iid,0.1,1,s034,8,18.250000000000004,11.684782608695654,8.0,75.0,56,48,44,4,0,6,0.88,11.44921875,51,3,0,0,0,2931,256,16,4,4,2,111.375,90.0
aeqkad_res4,window,full,fidelity,False,True,16,0.05,25,4,False,iid,0.1,2,s034,2,28.249999999999996,5.760869565217389,0.0,69.0,56,45,43,2,0,6,0.86,10.1171875,56,11,0,0,0,2590,256,16,4,4,1,27.8125,
aeqkad_res4,window,full,fidelity,False,True,16,0.05,25,4,False,iid,0.1,2,s034,3,20.0,13.858695652173914,4.0,71.0,56,47,45,2,0,6,0.9,11.1953125,53,6,0,0,0,2866,256,16,4,4,0,40.1875,
aeqkad_res4,window,full,fidelity,False,True,16,0.05,25,4,False,iid,0.1,2,s034,4,18.999999999999996,8.097826086956525,4.0,70.5,56,49,46,3,0,6,0.92,10.375,52,2,0,0,1,2656,256,16,4,4,2,54.5,
aeqkad_res4,window,full,fidelity,False,True,16,0.05,25,4,False,iid,0.1,2,s034,5,29.25,17.445652173913043,8.0,77.0,56,42,37,5,0,6,0.74,11.5859375,52,10,0,0,0,2966,256,16,4,4,1,69.1875,
aeqkad_res4,window,full,fidelity,False,True,16,0.05,25,4,False,iid,0.1,2,s034,6,20.249999999999996,15.108695652173914,2.0,73.0,56,49,45,4,0,6,0.9,10.95703125,53,4,0,0,0,2805,256,16,4,4,2,83.3125,
aeqkad_res4,window,full,fidelity,False,True,16,0.05,25,4,False,iid,0.1,2,s034,7,22.249999999999996,8.097826086956525,0.0,76.0,56,46,43,3,0,6,0.86,11.12890625,55,8,0,0,1,2849,256,16,4,4,0,96.5,
aeqkad_res4,window,full,fidelity,False,True,16,0.05,25,4,False,iid,0.1,2,s034,8,19.25,8.097826086956525,8.0,67.0,56,46,43,3,0,6,0.86,11.3046875,51,4,0,0,1,2894,256,16,4,4,1,111.0625,92.0
aeqkad_res8,window,full,fidelity,False,True,16,0.05,25,8,False,iid,0.1,0,s034,2,21.999999999999996,8.097826086956525,0.0,66.5,56,46,44,2,0,6,0.88,9.7109375,56,10,4,0,0,2486,256,16,8,8,0,44.5,
aeqkad_res8,window,full,fidelity,False,True,16,0.05,25,8,False,iid,0.1,0,s034,3,20.499999999999996,15.108695652173914,4.0,69.5,56,50,46,4,0,6,0.92,10.19140625,53,3,3,0,0,2609,256,16,8,8,1,72.3125,
aeqkad_res8,window,full,fidelity,False,True,16,0.05,25,8,False,iid,0.1,0,s034,4,20.0,3.58695652173913,4.0,75.0,56,48,46,2,0,6,0.92,11.0546875,51,3,4,0,0,2830,256,16,8,8,0,100.4375,
aeqkad_res8,window,full,fidelity,False,True,16,0.05,25,8,False,iid,0.1,0,s034,5,29.75,14.021739130434785,6.0,75.5,56,44,40,4,0,6,0.8,11.0390625,53,6,4,0,3,2826,256,16,8,8,1,128.5,
aeqkad_res8,window,full,fidelity,False,True,16,0.05,25,8,False,iid,0.1,0,s034,6,20.249999999999996,16.195652173913043,4.0,74.5,56,46,45,1,0,6,0.9,10.59765625,52,5,3,0,1,2713,256,16,8,8,0,157.125,
aeqkad_res8,window,full,fidelity,False,True,16,0.05,25,8,False,iid,0.1,0,s034,7,21.249999999999996,12.771739130434783,0.0,72.5,56,45,44,1,0,6,0.88,11.09375,55,8,4,0,2,2840,256,16,8,8,1,184.125,
aeqkad_res8,window,full,fidelity,False,True,16,0.05,25,8,False,iid,0.1,0,s034,8,17.750000000000004,9.184782608695654,6.0,72.5,56,42,42,0,0,6,0.84,11.1484375,49,6,0,0,1,2854,256,16,8,8,0,212.75,86.0
aeqkad_res8,window,full,fidelity,False,True,16,0.05,25,8,False,iid,0.1,1,s034,2,19.749999999999996,8.097826086956525,0.0,77.0,56,45,44,1,0,6,0.88,10.20703125,55,10,0,0,0,2613,256,16,8,8,0,44.25,
aeqkad_res8,window,full,fidelity,False,True,16,0.05,25,8,False,iid,0.1,1,s034,3,20.999999999999996,12.608695652173912,2.0,73.5,56,49,46,3,0,6,0.92,11.203125,54,5,4,0,0,2868,256,16,8,8,0,71.5,
aeqkad_res8,window,full,fidelity,False,True,16,0.05,25,8,False,iid,0.1,1,s034,4,18.750000000000004,3.58695652173913,4.0,78.0,56,48,46,2,0,6,0.92,10.328125,51,3,1,0,0,2644,256,16,8,8,1,100.375,
aeqkad_res8,window,full,fidelity,False,True,16,0.05,25,8,False,iid,0.1,1,s034,5,28.500000000000004,14.021739130434785,4.0,81.0,56,44,40,4,0,6,0.8,11.12109375,53,8,1,0,1,2847,256,16,8,8,1,128.0,
aeqkad_res8,window,full,fidelity,False,True,16,0.05,25,8,False,iid,0.1,1,s034,6,19.499999999999996,19.782608695652172,2.0,78.0,56,49,46,3,0,6,0.92,11.3203125,54,5,1,0,0,2898,256,16,8,8,0,156.0,
aeqkad_res8,window,full,fidelity,False,True,16,0.05,25,8,False,iid,0.1,1,s034,7,21.999999999999996,10.434782608695654,0.0,85.0,56,47,46,1,0,6,0.92,11.21875,55,7,0,0,1,2872,256,16,8,8,0,183.6875,
aeqkad_res8,window,full,fidelity,False,True,16,0.05,25,8,False,iid,0.1,1,s034,8,17.500000000000004,12.771739130434783,4.0,81.5,56,47,43,4,0,6,0.86,11.1875,54,7,0,0,0,2864,256,16,8,8,2,212.0,92.0
aeqkad_res8,window,full,fidelity,False,True,16,0.05,25,8,False,iid,0.1,2,s034,2,23.25,3.58695652173913,0.0,71.0,56,46,44,2,0,6,0.88,9.640625,56,10,4,0,0,2468,256,16,8,8,0,44.8125,
aeqkad_res8,window,full,fidelity,False,True,16,0.05,25,8,False,iid,0.1,2,s034,3,19.249999999999996,15.108695652173914,4.0,73.5,56,49,46,3,0,6,0.92,11.25,53,4,3,0,0,2880,256,16,8,8,0,72.125,
aeqkad_res8,window,full,fidelity,False,True,16,0.05,25,8,False,iid,0.1,2,s034,4,18.000000000000004,3.58695652173913,4.0,75.0,56,49,46,3,0,6,0.92,10.5390625,52,2,3,0,1,2698,256,16,8,8,2,100.4375,
aeqkad_res8,window,full,fidelity,False,True,16,0.05,25,8,False,iid,0.1,2,s034,5,30.000000000000004,15.108695652173914,8.0,80.5,56,45,40,5,0,6,0.8,11.73828125,52,6,6,0,1,3005,256,16,8,8,0,128.5,
aeqkad_res8,window,full,fidelity,False,True,16,0.05,25,8,False,iid,0.1,2,s034,6,20.249999999999996,15.108695652173914,4.0,73.0,56,49,45,4,0,6,0.9,10.8515625,53,4,3,0,0,2778,256,16,8,8,0,156.75,
aeqkad_res8,window,full,fidelity,False,True,16,0.05,25,8,False,iid,0.1,2,s034,7,21.499999999999996,15.108695652173914,0.0,79.0,56,49,46,3,0,6,0.92,11.046875,55,5,3,0,1,2828,256,16,8,8,0,184.0,
aeqkad_res8,window,full,fidelity,False,True,16,0.05,25,8,False,iid,0.1,2,s034,8,18.000000000000004,10.434782608695654,6.0,71.5,56,45,42,3,0,6,0.84,10.890625,52,6,0,0,1,2788,256,16,8,8,0,212.75,94.0
window_res4,window,none,fidelity,False,True,16,0.05,25,4,False,iid,0.1,0,s034,2,25.0,7.01086956521739,0.0,73.0,56,56,50,6,0,6,1.0,11.1484375,0,0,0,0,0,2854,256,16,4,4,0,25.8125,
window_res4,window,none,fidelity,False,True,16,0.05,25,4,False,iid,0.1,0,s034,3,17.250000000000004,12.771739130434783,4.0,71.0,56,53,48,5,0,6,0.96,11.50390625,0,0,0,0,0,2945,256,16,4,4,3,39.8125,
window_res4,window,none,fidelity,False,True,16,0.05,25,4,False,iid,0.1,0,s034,4,22.499999999999996,5.760869565217389,4.0,79.5,56,51,48,3,0,6,0.96,10.98046875,0,0,0,0,0,2811,256,16,4,4,1,53.8125,
window_res4,window,none,fidelity,False,True,16,0.05,25,4,False,iid,0.1,0,s034,5,31.75,17.445652173913043,2.0,82.0,56,55,49,6,0,6,0.98,12.765625,0,0,0,0,0,3268,256,16,4,4,1,67.8125,
window_res4,window,none,fidelity,False,True,16,0.05,25,4,False,iid,0.1,0,s034,6,18.250000000000004,18.532608695652172,6.0,76.0,56,52,47,5,0,6,0.94,11.515625,0,0,0,0,0,2948,256,16,4,4,2,82.5,
window_res4,window,none,fidelity,False,True,16,0.05,25,4,False,iid,0.1,0,s034,7,22.749999999999996,13.858695652173914,0.0,80.5,56,54,50,4,0,6,1.0,12.08984375,0,0,0,0,0,3095,256,16,4,4,1,96.1875,
window_res4,window,none,fidelity,False,True,16,0.05,25,4,False,iid,0.1,0,s034,8,15.750000000000004,7.01086956521739,8.0,80.0,56,50,46,4,0,6,0.92,11.83984375,0,0,0,0,0,3031,256,16,4,4,0,111.0625,86.0
window_res4,window,none,fidelity,False,True,16,0.05,25,4,False,iid,0.1,1,s034,2,21.999999999999996,4.83695652173913,0.0,72.5,56,55,50,5,0,6,1.0,11.3828125,0,0,0,0,0,2914,256,16,4,4,2,26.375,
window_res4,window,none,fidelity,False,True,16,0.05,25,4,False,iid,0.1,1,s034,3,16.750000000000004,15.108695652173914,4.0,71.5,56,53,48,5,0,6,0.96,13.0546875,0,0,0,0,0,3342,256,16,4,4,1,40.625,
window_res4,window,none,fidelity,False,True,16,0.05,25,4,False,iid,0.1,1,s034,4,18.000000000000004,8.097826086956525,4.0,75.0,56,51,48,3,0,6,0.96,10.80078125,0,0,0,0,0,2765,256,16,4,4,1,55.0625,
window_res4,window,none,fidelity,False,True,16,0.05,25,4,False,iid,0.1,1,s034,5,27.500000000000004,15.108695652173914,4.0,80.5,56,53,48,5,0,6,0.96,13.01953125,0,0,0,0,0,3333,256,16,4,4,1,68.375,
window_res4,window,none,fidelity,False,True,16,0.05,25,4,False,iid,0.1,1,s034,6,23.75,17.608695652173914,2.0,77.0,56,54,49,5,0,6,0.98,12.21875,0,0,0,0,0,3128,256,16,4,4,0,82.8125,
window_res4,window,none,fidelity,False,True,16,0.05,25,4,False,iid,0.1,1,s034,7,27.0,11.521739130434785,0.0,84.5,56,54,50,4,0,6,1.0,12.05078125,0,0,0,0,0,3085,256,16,4,4,1,96.8125,
window_res4,window,none,fidelity,False,True,16,0.05,25,4,False,iid,0.1,1,s034,8,15.750000000000004,12.771739130434783,8.0,75.0,56,51,46,5,0,6,0.92,11.8359375,0,0,0,0,0,3030,256,16,4,4,2,111.375,90.0
window_res4,window,none,fidelity,False,True,16,0.05,25,4,False,iid,0.1,2,s034,2,23.75,5.923913043478259,0.0,70.5,56,56,50,6,0,6,1.0,10.8984375,0,0,0,0,0,2790,256,16,4,4,2,25.8125,
window_res4,window,none,fidelity,False,True,16,0.05,25,4,False,iid,0.1,2,s034,3,20.75,15.108695652173914,4.0,75.0,56,53,48,5,0,6,0.96,12.296875,0,0,0,0,0,3148,256,16,4,4,0,40.1875,
window_res4,window,none,fidelity,False,True,16,0.05,25,4,False,iid,0.1,2,s034,4,18.250000000000004,7.01086956521739,4.0,72.0,56,52,48,4,0,6,0.96,10.9140625,0,0,0,0,0,2794,256,16,4,4,2,53.8125,
window_res4,window,none,fidelity,False,True,16,0.05,25,4,False,iid,0.1,2,s034,5,31.499999999999993,20.869565217391305,6.0,80.0,56,53,47,6,0,6,0.94,12.609375,0,0,0,0,0,3228,256,16,4,4,0,68.8125,
window_res4,window,none,fidelity,False,True,16,0.05,25,4,False,iid,0.1,2,s034,6,18.999999999999996,14.021739130434785,2.0,73.0,56,54,49,5,0,6,0.98,11.3046875,0,0,0,0,0,2894,256,16,4,4,2,82.1875,
window_res4,window,none,fidelity,False,True,16,0.05,25,4,False,iid,0.1,2,s034,7,22.749999999999996,15.108695652173914,0.0,76.0,56,55,50,5,0,6,1.0,12.04296875,0,0,0,0,0,3083,256,16,4,4,0,96.0,
window_res4,window,none,fidelity,False,True,16,0.05,25,4,False,iid,0.1,2,s034,8,19.499999999999996,9.347826086956525,8.0,68.5,56,51,46,5,0,6,0.92,11.34375,0,0,0,0,0,2904,256,16,4,4,1,111.0625,94.0
window_res8,window,none,fidelity,False,True,16,0.05,25,8,False,iid,0.1,0,s034,2,22.249999999999996,9.347826086956525,0.0,70.0,56,56,50,6,0,6,1.0,10.66796875,0,0,0,0,0,2731,256,16,8,8,0,44.0,
window_res8,window,none,fidelity,False,True,16,0.05,25,8,False,iid,0.1,0,s034,3,19.499999999999996,15.108695652173914,4.0,70.5,56,53,48,5,0,6,0.96,10.44921875,0,0,0,0,0,2675,256,16,8,8,2,72.0,
window_res8,window,none,fidelity,False,True,16,0.05,25,8,False,iid,0.1,0,s034,4,20.499999999999996,7.01086956521739,4.0,76.0,56,51,48,3,0,6,0.96,10.9296875,0,0,0,0,0,2798,256,16,8,8,0,100.0,
window_res8,window,none,fidelity,False,True,16,0.05,25,8,False,iid,0.1,0,s034,5,31.75,12.934782608695656,4.0,79.5,56,54,48,6,0,6,0.96,12.43359375,0,0,0,0,0,3183,256,16,8,8,1,128.0,
window_res8,window,none,fidelity,False,True,16,0.05,25,8,False,iid,0.1,0,s034,6,18.000000000000004,15.108695652173914,4.0,75.0,56,53,48,5,0,6,0.96,11.32421875,0,0,0,0,0,2899,256,16,8,8,2,156.1875,
window_res8,window,none,fidelity,False,True,16,0.05,25,8,False,iid,0.1,0,s034,7,23.75,9.347826086956525,0.0,76.0,56,54,50,4,0,6,1.0,11.140625,0,0,0,0,0,2852,256,16,8,8,2,184.0,
window_res8,window,none,fidelity,False,True,16,0.05,25,8,False,iid,0.1,0,s034,8,17.500000000000004,10.434782608695654,6.0,77.0,56,51,47,4,0,6,0.94,11.7265625,0,0,0,0,0,3002,256,16,8,8,0,212.375,84.0
window_res8,window,none,fidelity,False,True,16,0.05,25,8,False,iid,0.1,1,s034,2,22.249999999999996,8.097826086956525,0.0,78.5,56,54,50,4,0,6,1.0,10.58984375,0,0,0,0,0,2711,256,16,8,8,1,43.5,
window_res8,window,none,fidelity,False,True,16,0.05,25,8,False,iid,0.1,1,s034,3,18.000000000000004,12.608695652173912,4.0,80.5,56,54,48,6,0,6,0.96,11.453125,0,0,0,0,0,2932,256,16,8,8,0,71.5,
window_res8,window,none,fidelity,False,True,16,0.05,25,8,False,iid,0.1,1,s034,4,18.250000000000004,7.01086956521739,4.0,80.0,56,51,48,3,0,6,0.96,10.48828125,0,0,0,0,0,2685,256,16,8,8,1,99.9375,
window_res8,window,none,fidelity,False,True,16,0.05,25,8,False,iid,0.1,1,s034,5,25.75,14.021739130434785,4.0,82.5,56,54,48,6,0,6,0.96,12.05078125,0,0,0,0,0,3085,256,16,8,8,1,127.5,
window_res8,window,none,fidelity,False,True,16,0.05,25,8,False,iid,0.1,1,s034,6,21.749999999999996,19.782608695652172,2.0,82.5,56,54,49,5,0,6,0.98,11.328125,0,0,0,0,0,2900,256,16,8,8,0,155.6875,
window_res8,window,none,fidelity,False,True,16,0.05,25,8,False,iid,0.1,1,s034,7,19.499999999999996,10.434782608695654,0.0,86.0,56,55,50,5,0,6,1.0,11.71484375,0,0,0,0,0,2999,256,16,8,8,0,183.6875,
window_res8,window,none,fidelity,False,True,16,0.05,25,8,False,iid,0.1,1,s034,8,19.499999999999996,14.021739130434785,4.0,81.5,56,54,48,6,0,6,0.96,11.58984375,0,0,0,0,0,2967,256,16,8,8,2,211.75,92.0
window_res8,window,none,fidelity,False,True,16,0.05,25,8,False,iid,0.1,2,s034,2,19.749999999999996,4.67391304347826,0.0,73.5,56,56,50,6,0,6,1.0,10.3203125,0,0,0,0,0,2642,256,16,8,8,1,44.0,
window_res8,window,none,fidelity,False,True,16,0.05,25,8,False,iid,0.1,2,s034,3,18.749999999999996,15.108695652173914,2.0,76.5,56,54,49,5,0,6,0.98,11.66796875,0,0,0,0,0,2987,256,16,8,8,0,72.125,
window_res8,window,none,fidelity,False,True,16,0.05,25,8,False,iid,0.1,2,s034,4,18.500000000000004,5.760869565217389,4.0,76.0,56,52,48,4,0,6,0.96,10.82421875,0,0,0,0,0,2771,256,16,8,8,1,100.0,
window_res8,window,none,fidelity,False,True,16,0.05,25,8,False,iid,0.1,2,s034,5,28.249999999999996,15.108695652173914,2.0,81.0,56,55,49,6,0,6,0.98,12.05078125,0,0,0,0,0,3085,256,16,8,8,0,128.0,
window_res8,window,none,fidelity,False,True,16,0.05,25,8,False,iid,0.1,2,s034,6,20.0,15.108695652173914,4.0,76.5,56,53,48,5,0,6,0.96,11.0546875,0,0,0,0,0,2830,256,16,8,8,1,156.125,
window_res8,window,none,fidelity,False,True,16,0.05,25,8,False,iid,0.1,2,s034,7,18.999999999999996,12.771739130434783,0.0,78.5,56,56,50,6,0,6,1.0,11.640625,0,0,0,0,0,2980,256,16,8,8,0,184.0,
window_res8,window,none,fidelity,False,True,16,0.05,25,8,False,iid,0.1,2,s034,8,20.249999999999996,11.521739130434785,6.0,75.0,56,52,47,5,0,6,0.94,11.57421875,0,0,0,0,0,2963,256,16,8,8,0,212.375,96.0
aeqkad_res4,window,full,fidelity,False,True,16,0.05,25,4,False,iid,0.1,0,s035,2,28.000000000000004,10.434782608695654,12.0,49.5,56,36,35,1,0,6,0.7,12.8359375,46,8,0,0,2,3286,256,16,4,4,1,24.9375,
aeqkad_res4,window,full,fidelity,False,True,16,0.05,25,4,False,iid,0.1,0,s035,3,25.5,5.923913043478259,24.0,35.5,56,34,34,0,0,6,0.68,10.01953125,39,5,0,0,0,2565,256,16,4,4,0,39.125,
aeqkad_res4,window,full,fidelity,False,True,16,0.05,25,4,False,iid,0.1,0,s035,4,29.25,13.858695652173914,22.0,43.5,56,35,34,1,0,6,0.68,9.1328125,42,4,0,0,3,2338,256,16,4,4,1,53.625,
aeqkad_res4,window,full,fidelity,False,True,16,0.05,25,4,False,iid,0.1,0,s035,5,23.75,5.760869565217389,18.0,38.0,56,34,34,0,0,6,0.68,9.8203125,43,8,0,0,1,2514,256,16,4,4,0,70.625,
aeqkad_res4,window,full,fidelity,False,True,16,0.05,25,4,False,iid,0.1,0,s035,6,14.250000000000002,7.01086956521739,10.0,32.0,56,38,37,1,0,6,0.74,11.015625,48,5,0,0,5,2820,256,16,4,4,0,80.1875,
aeqkad_res4,window,full,fidelity,False,True,16,0.05,25,4,False,iid,0.1,0,s035,7,16.250000000000004,7.01086956521739,10.0,40.5,56,39,39,0,0,6,0.78,12.3828125,50,6,0,0,5,3170,256,16,4,4,0,94.6875,
aeqkad_res4,window,full,fidelity,False,True,16,0.05,25,4,False,iid,0.1,0,s035,8,23.5,12.771739130434783,20.0,44.5,56,33,32,1,0,6,0.64,12.6640625,44,3,0,0,8,3242,256,16,4,4,0,107.625,88.0
aeqkad_res4,window,full,fidelity,False,True,16,0.05,25,4,False,iid,0.1,1,s035,2,27.750000000000004,9.347826086956525,14.000000000000002,49.0,56,38,35,3,0,6,0.7,12.49609375,48,10,0,0,0,3199,256,16,4,4,1,25.1875,
aeqkad_res4,window,full,fidelity,False,True,16,0.05,25,4,False,iid,0.1,1,s035,3,27.500000000000004,9.347826086956525,20.0,39.0,56,34,34,0,0,6,0.68,9.9453125,44,9,0,0,1,2546,256,16,4,4,0,38.3125,
aeqkad_res4,window,full,fidelity,False,True,16,0.05,25,4,False,iid,0.1,1,s035,4,29.25,8.097826086956525,24.0,42.5,56,40,36,4,0,6,0.72,9.34765625,43,3,1,0,0,2393,256,16,4,4,1,53.75,
aeqkad_res4,window,full,fidelity,False,True,16,0.05,25,4,False,iid,0.1,1,s035,5,28.000000000000004,7.01086956521739,20.0,46.0,56,36,34,2,0,6,0.68,9.8125,45,7,0,0,2,2512,256,16,4,4,1,69.25,
aeqkad_res4,window,full,fidelity,False,True,16,0.05,25,4,False,iid,0.1,1,s035,6,14.000000000000002,4.67391304347826,8.0,31.5,56,43,43,0,0,6,0.86,12.26953125,48,5,0,0,0,3141,256,16,4,4,0,80.375,
aeqkad_res4,window,full,fidelity,False,True,16,0.05,25,4,False,iid,0.1,1,s035,7,16.000000000000004,4.67391304347826,8.0,40.0,56,41,41,0,0,6,0.82,12.6640625,47,6,0,0,0,3242,256,16,4,4,0,93.75,
aeqkad_res4,window,full,fidelity,False,True,16,0.05,25,4,False,iid,0.1,1,s035,8,19.0,9.347826086956525,18.0,49.5,56,37,36,1,0,6,0.72,12.5859375,43,2,0,0,4,3222,256,16,4,4,1,108.4375,98.0
aeqkad_res4,window,full,fidelity,False,True,16,0.05,25,4,False,iid,0.1,2,s035,2,21.999999999999996,7.01086956521739,8.0,45.0,56,41,40,1,0,6,0.8,12.703125,48,7,5,0,0,3252,256,16,4,4,1,24.375,
aeqkad_res4,window,full,fidelity,False,True,16,0.05,25,4,False,iid,0.1,2,s035,3,28.000000000000004,9.347826086956525,22.0,39.0,56,37,36,1,0,6,0.72,10.8125,40,3,11,0,0,2768,256,16,4,4,0,38.8125,
aeqkad_res4,window,full,fidelity,False,True,16,0.05,25,4,False,iid,0.1,2,s035,4,31.25,5.923913043478259,22.0,45.0,56,37,36,1,0,6,0.72,9.515625,41,4,11,0,0,2436,256,16,4,4,0,53.375,
aeqkad_res4,window,full,fidelity,False,True,16,0.05,25,4,False,iid,0.1,2,s035,5,31.999999999999996,3.75,20.0,48.0,56,36,35,1,0,6,0.7,9.70703125,43,6,9,0,1,2485,256,16,4,4,1,68.375,
aeqkad_res4,window,full,fidelity,False,True,16,0.05,25,4,False,iid,0.1,2,s035,6,12.25,1.25,10.0,32.5,56,44,44,0,0,6,0.88,11.8125,45,1,6,0,0,3024,256,16,4,4,0,79.75,
aeqkad_res4,window,full,fidelity,False,True,16,0.05,25,4,False,iid,0.1,2,s035,7,16.500000000000004,4.67391304347826,8.0,40.5,56,41,41,0,0,6,0.82,12.4375,48,7,5,0,0,3184,256,16,4,4,0,94.4375,
aeqkad_res4,window,full,fidelity,False,True,16,0.05,25,4,False,iid,0.1,2,s035,8,19.5,7.01086956521739,20.0,48.5,56,37,36,1,0,6,0.72,12.3125,43,3,9,0,3,3152,256,16,4,4,1,107.6875,76.0
aeqkad_res8,window,full,fidelity,False,True,16,0.05,25,8,False,iid,0.1,0,s035,2,27.500000000000004,9.347826086956525,10.0,54.0,56,37,36,1,0,6,0.72,11.1796875,48,8,14,0,3,2862,256,16,8,8,0,40.75,
aeqkad_res8,window,full,fidelity,False,True,16,0.05,25,8,False,iid,0.1,0,s035,3,28.249999999999996,7.01086956521739,12.0,48.0,56,36,36,0,0,6,0.72,10.91015625,46,8,21,0,2,2793,256,16,8,8,0,69.0,
aeqkad_res8,window,full,fidelity,False,True,16,0.05,25,8,False,iid,0.1,0,s035,4,26.5,4.67391304347826,14.000000000000002,54.50000000000001,56,36,35,1,0,6,0.7,10.26953125,46,5,15,0,5,2629,256,16,8,8,1,97.3125,
aeqkad_res8,window,full,fidelity,False,True,16,0.05,25,8,False,iid,0.1,0,s035,5,26.0,5.760869565217389,16.0,56.00000000000001,56,39,39,0,0,6,0.78,10.6796875,46,5,19,0,2,2734,256,16,8,8,0,125.375,
aeqkad_res8,window,full,fidelity,False,True,16,0.05,25,8,False,iid,0.1,0,s035,6,13.0,7.01086956521739,8.0,54.50000000000001,56,45,44,1,0,6,0.88,12.1171875,51,4,17,0,2,3102,256,16,8,8,0,152.5,
aeqkad_res8,window,full,fidelity,False,True,16,0.05,25,8,False,iid,0.1,0,s035,7,16.000000000000004,11.521739130434785,8.0,58.5,56,39,39,0,0,6,0.78,11.62109375,52,6,14,0,7,2975,256,16,8,8,0,180.8125,
aeqkad_res8,window,full,fidelity,False,True,16,0.05,25,8,False,iid,0.1,0,s035,8,25.75,13.858695652173914,14.000000000000002,61.5,56,33,32,1,0,6,0.64,12.15234375,46,4,16,0,9,3111,256,16,8,8,0,208.1875,92.0
aeqkad_res8,window,full,fidelity,False,True,16,0.05,25,8,False,iid,0.1,1,s035,2,26.5,8.260869565217389,12.0,41.0,56,39,36,3,0,6,0.72,11.31640625,48,9,39,0,0,2897,256,16,8,8,0,40.5,
aeqkad_res8,window,full,fidelity,False,True,16,0.05,25,8,False,iid,0.1,1,s035,3,27.750000000000004,11.521739130434785,24.0,44.0,56,35,35,0,0,6,0.7,10.57421875,41,2,37,0,4,2707,256,16,8,8,0,68.5625,
aeqkad_res8,window,full,fidelity,False,True,16,0.05,25,8,False,iid,0.1,1,s035,4,22.0,3.58695652173913,22.0,37.5,56,42,38,4,0,6,0.76,10.015625,44,1,42,0,1,2564,256,16,8,8,1,97.4375,
aeqkad_res8,window,full,fidelity,False,True,16,0.05,25,8,False,iid,0.1,1,s035,5,29.000000000000004,4.67391304347826,20.0,48.0,56,41,38,3,0,6,0.76,10.96875,45,2,40,0,2,2808,256,16,8,8,1,125.3125,
aeqkad_res8,window,full,fidelity,False,True,16,0.05,25,8,False,iid,0.1,1,s035,6,11.75,2.5,10.0,40.0,56,45,45,0,0,6,0.9,12.02734375,47,2,44,0,0,3079,256,16,8,8,0,152.6875,
aeqkad_res8,window,full,fidelity,False,True,16,0.05,25,8,False,iid,0.1,1,s035,7,16.750000000000004,4.67391304347826,12.0,43.0,56,42,41,1,0,6,0.82,11.90234375,45,3,42,0,0,3047,256,16,8,8,0,180.3125,
aeqkad_res8,window,full,fidelity,False,True,16,0.05,25,8,False,iid,0.1,1,s035,8,23.75,14.021739130434785,16.0,47.5,56,37,36,1,0,6,0.72,12.60546875,44,3,41,0,4,3227,256,16,8,8,1,208.8125,92.0
aeqkad_res8,window,full,fidelity,False,True,16,0.05,25,8,False,iid,0.1,2,s035,2,26.0,7.01086956521739,12.0,37.5,56,37,36,1,0,6,0.72,11.40625,45,8,3,0,0,2920,256,16,8,8,1,40.4375,
aeqkad_res8,window,full,fidelity,False,True,16,0.05,25,8,False,iid,0.1,2,s035,3,30.500000000000004,12.771739130434783,24.0,44.0,56,34,34,0,0,6,0.68,11.015625,39,4,12,0,1,2820,256,16,8,8,0,68.9375,
aeqkad_res8,window,full,fidelity,False,True,16,0.05,25,8,False,iid,0.1,2,s035,4,26.25,4.67391304347826,20.0,45.5,56,38,37,1,0,6,0.74,9.95703125,41,2,9,0,1,2549,256,16,8,8,0,97.25,
aeqkad_res8,window,full,fidelity,False,True,16,0.05,25,8,False,iid,0.1,2,s035,5,30.75,7.01086956521739,22.0,51.0,56,37,35,2,0,6,0.7,10.3671875,43,5,10,0,1,2654,256,16,8,8,0,126.375,
aeqkad_res8,window,full,fidelity,False,True,16,0.05,25,8,False,iid,0.1,2,s035,6,13.5,1.25,10.0,45.0,56,44,44,0,0,6,0.88,11.66796875,46,2,10,0,0,2987,256,16,8,8,0,152.3125,
aeqkad_res8,window,full,fidelity,False,True,16,0.05,25,8,False,iid,0.1,2,s035,7,16.250000000000004,4.67391304347826,12.0,45.0,56,41,41,0,0,6,0.82,12.12890625,47,5,4,0,1,3105,256,16,8,8,0,180.75,
aeqkad_res8,window,full,fidelity,False,True,16,0.05,25,8,False,iid,0.1,2,s035,8,25.5,12.771739130434783,16.0,48.5,56,37,36,1,0,6,0.72,12.46875,45,5,10,0,3,3192,256,16,8,8,0,208.25,12.0
window_res4,window,none,fidelity,False,True,16,0.05,25,4,False,iid,0.1,0,s035,2,27.750000000000004,7.01086956521739,6.0,47.0,56,49,47,2,0,6,0.94,13.546875,0,0,0,0,0,3468,256,16,4,4,2,24.0625,
window_res4,window,none,fidelity,False,True,16,0.05,25,4,False,iid,0.1,0,s035,3,19.499999999999996,4.67391304347826,14.000000000000002,33.5,56,44,43,1,0,6,0.86,11.00390625,0,0,0,0,0,2817,256,16,4,4,1,38.625,
window_res4,window,none,fidelity,False,True,16,0.05,25,4,False,iid,0.1,0,s035,4,27.250000000000004,14.945652173913043,20.0,53.0,56,43,40,3,0,6,0.8,10.5078125,0,0,0,0,0,2690,256,16,4,4,1,53.1875,
window_res4,window,none,fidelity,False,True,16,0.05,25,4,False,iid,0.1,0,s035,5,28.249999999999996,4.67391304347826,18.0,49.0,56,44,41,3,0,6,0.82,10.1640625,0,0,0,0,0,2602,256,16,4,4,1,65.625,
window_res4,window,none,fidelity,False,True,16,0.05,25,4,False,iid,0.1,0,s035,6,15.500000000000004,7.01086956521739,10.0,42.5,56,49,45,4,0,6,0.9,12.5390625,0,0,0,0,0,3210,256,16,4,4,0,79.875,
window_res4,window,none,fidelity,False,True,16,0.05,25,4,False,iid,0.1,0,s035,7,21.999999999999996,14.945652173913043,8.0,54.50000000000001,56,52,46,6,0,6,0.92,13.3515625,0,0,0,0,0,3418,256,16,4,4,2,93.4375,
window_res4,window,none,fidelity,False,True,16,0.05,25,4,False,iid,0.1,0,s035,8,27.500000000000004,12.771739130434783,16.0,55.50000000000001,56,46,42,4,0,6,0.84,13.1640625,0,0,0,0,0,3370,256,16,4,4,1,107.1875,92.0
window_res4,window,none,fidelity,False,True,16,0.05,25,4,False,iid,0.1,1,s035,2,28.249999999999996,7.01086956521739,8.0,50.5,56,50,46,4,0,6,0.92,13.18359375,0,0,0,0,0,3375,256,16,4,4,0,23.6875,
window_res4,window,none,fidelity,False,True,16,0.05,25,4,False,iid,0.1,1,s035,3,24.0,9.347826086956525,20.0,41.5,56,44,40,4,0,6,0.8,11.22265625,0,0,0,0,0,2873,256,16,4,4,2,37.6875,
window_res4,window,none,fidelity,False,True,16,0.05,25,4,False,iid,0.1,1,s035,4,30.500000000000004,7.01086956521739,22.0,41.5,56,44,39,5,0,6,0.78,10.125,0,0,0,0,0,2592,256,16,4,4,2,52.4375,
window_res4,window,none,fidelity,False,True,16,0.05,25,4,False,iid,0.1,1,s035,5,34.0,10.434782608695654,18.0,56.99999999999999,56,46,41,5,0,6,0.82,10.90234375,0,0,0,0,0,2791,256,16,4,4,1,65.125,
window_res4,window,none,fidelity,False,True,16,0.05,25,4,False,iid,0.1,1,s035,6,10.5,2.33695652173913,10.0,36.0,56,46,45,1,0,6,0.9,12.5234375,0,0,0,0,0,3206,256,16,4,4,0,80.375,
window_res4,window,none,fidelity,False,True,16,0.05,25,4,False,iid,0.1,1,s035,7,16.500000000000004,7.01086956521739,10.0,43.5,56,47,45,2,0,6,0.9,13.05859375,0,0,0,0,0,3343,256,16,4,4,0,93.75,
window_res4,window,none,fidelity,False,True,16,0.05,25,4,False,iid,0.1,1,s035,8,24.75,12.771739130434783,16.0,54.50000000000001,56,44,42,2,0,6,0.84,12.8125,0,0,0,0,0,3280,256,16,4,4,1,108.4375,98.0
window_res4,window,none,fidelity,False,True,16,0.05,25,4,False,iid,0.1,2,s035,2,21.999999999999996,3.423913043478259,8.0,48.0,56,48,46,2,0,6,0.92,13.57421875,0,0,0,0,0,3475,256,16,4,4,1,23.8125,
window_res4,window,none,fidelity,False,True,16,0.05,25,4,False,iid,0.1,2,s035,3,23.5,15.108695652173914,12.0,40.0,56,45,44,1,0,6,0.88,11.359375,0,0,0,0,0,2908,256,16,4,4,0,38.8125,
window_res4,window,none,fidelity,False,True,16,0.05,25,4,False,iid,0.1,2,s035,4,33.0,7.01086956521739,22.0,50.0,56,41,39,2,0,6,0.78,10.15625,0,0,0,0,0,2600,256,16,4,4,0,53.0,
window_res4,window,none,fidelity,False,True,16,0.05,25,4,False,iid,0.1,2,s035,5,32.75,4.67391304347826,14.000000000000002,55.00000000000001,56,47,43,4,0,6,0.86,10.83984375,0,0,0,0,0,2775,256,16,4,4,0,65.4375,
window_res4,window,none,fidelity,False,True,16,0.05,25,4,False,iid,0.1,2,s035,6,14.500000000000002,6.847826086956524,10.0,45.5,56,48,45,3,0,6,0.9,12.45703125,0,0,0,0,0,3189,256,16,4,4,0,79.75,
window_res4,window,none,fidelity,False,True,16,0.05,25,4,False,iid,0.1,2,s035,7,18.000000000000004,4.67391304347826,6.0,50.5,56,49,47,2,0,6,0.94,12.80078125,0,0,0,0,0,3277,256,16,4,4,1,93.4375,
window_res4,window,none,fidelity,False,True,16,0.05,25,4,False,iid,0.1,2,s035,8,25.75,17.445652173913043,16.0,52.0,56,46,42,4,0,6,0.84,13.546875,0,0,0,0,0,3468,256,16,4,4,1,107.6875,74.0
window_res8,window,none,fidelity,False,True,16,0.05,25,8,False,iid,0.1,0,s035,2,25.75,7.01086956521739,2.0,59.0,56,52,49,3,0,6,0.98,12.4296875,0,0,0,0,0,3182,256,16,8,8,1,40.0625,
window_res8,window,none,fidelity,False,True,16,0.05,25,8,False,iid,0.1,0,s035,3,22.499999999999996,7.01086956521739,8.0,53.5,56,48,46,2,0,6,0.92,11.45703125,0,0,0,0,0,2933,256,16,8,8,2,68.75,
window_res8,window,none,fidelity,False,True,16,0.05,25,8,False,iid,0.1,0,s035,4,26.0,4.83695652173913,12.0,59.0,56,47,44,3,0,6,0.88,10.91015625,0,0,0,0,0,2793,256,16,8,8,0,96.4375,
window_res8,window,none,fidelity,False,True,16,0.05,25,8,False,iid,0.1,0,s035,5,30.25,8.097826086956525,14.000000000000002,62.0,56,47,43,4,0,6,0.86,11.47265625,0,0,0,0,0,2937,256,16,8,8,0,124.3125,
window_res8,window,none,fidelity,False,True,16,0.05,25,8,False,iid,0.1,0,s035,6,15.500000000000004,8.097826086956525,6.0,61.0,56,52,47,5,0,6,0.94,12.3828125,0,0,0,0,0,3170,256,16,8,8,1,152.3125,
window_res8,window,none,fidelity,False,True,16,0.05,25,8,False,iid,0.1,0,s035,7,22.749999999999996,10.597826086956525,6.0,66.0,56,53,47,6,0,6,0.94,12.453125,0,0,0,0,0,3188,256,16,8,8,1,180.25,
window_res8,window,none,fidelity,False,True,16,0.05,25,8,False,iid,0.1,0,s035,8,28.000000000000004,19.6195652173913,12.0,65.0,56,47,44,3,0,6,0.88,12.94140625,0,0,0,0,0,3313,256,16,8,8,0,208.1875,94.0
window_res8,window,none,fidelity,False,True,16,0.05,25,8,False,iid,0.1,1,s035,2,26.0,8.097826086956525,14.000000000000002,44.0,56,46,43,3,0,6,0.86,12.19140625,0,0,0,0,0,3121,256,16,8,8,0,40.375,
window_res8,window,none,fidelity,False,True,16,0.05,25,8,False,iid,0.1,1,s035,3,25.5,7.01086956521739,20.0,45.0,56,43,40,3,0,6,0.8,11.44921875,0,0,0,0,0,2931,256,16,8,8,0,68.5625,
window_res8,window,none,fidelity,False,True,16,0.05,25,8,False,iid,0.1,1,s035,4,22.499999999999996,3.58695652173913,24.0,36.0,56,43,38,5,0,6,0.76,9.9453125,0,0,0,0,0,2546,256,16,8,8,2,96.75,
window_res8,window,none,fidelity,False,True,16,0.05,25,8,False,iid,0.1,1,s035,5,33.5,8.097826086956525,18.0,51.5,56,46,41,5,0,6,0.82,11.44140625,0,0,0,0,0,2929,256,16,8,8,1,124.0625,
window_res8,window,none,fidelity,False,True,16,0.05,25,8,False,iid,0.1,1,s035,6,14.000000000000002,4.83695652173913,10.0,41.0,56,47,45,2,0,6,0.9,12.15234375,0,0,0,0,0,3111,256,16,8,8,0,152.6875,
window_res8,window,none,fidelity,False,True,16,0.05,25,8,False,iid,0.1,1,s035,7,17.250000000000004,4.67391304347826,12.0,44.5,56,45,44,1,0,6,0.88,12.2421875,0,0,0,0,0,3134,256,16,8,8,0,180.3125,
window_res8,window,none,fidelity,False,True,16,0.05,25,8,False,iid,0.1,1,s035,8,25.5,16.195652173913043,16.0,49.5,56,44,42,2,0,6,0.84,12.87890625,0,0,0,0,0,3297,256,16,8,8,1,208.8125,92.0
window_res8,window,none,fidelity,False,True,16,0.05,25,8,False,iid,0.1,2,s035,2,26.0,4.67391304347826,14.000000000000002,41.0,56,44,43,1,0,6,0.86,11.78125,0,0,0,0,0,3016,256,16,8,8,1,40.3125,
window_res8,window,none,fidelity,False,True,16,0.05,25,8,False,iid,0.1,2,s035,3,23.75,5.923913043478259,14.000000000000002,48.5,56,45,43,2,0,6,0.86,11.5703125,0,0,0,0,0,2962,256,16,8,8,0,68.9375,
window_res8,window,none,fidelity,False,True,16,0.05,25,8,False,iid,0.1,2,s035,4,26.0,4.67391304347826,22.0,46.5,56,40,39,1,0,6,0.78,10.125,0,0,0,0,0,2592,256,16,8,8,0,97.1875,
window_res8,window,none,fidelity,False,True,16,0.05,25,8,False,iid,0.1,2,s035,5,31.75,9.347826086956525,16.0,50.0,56,46,42,4,0,6,0.84,11.1875,0,0,0,0,0,2864,256,16,8,8,0,124.125,
window_res8,window,none,fidelity,False,True,16,0.05,25,8,False,iid,0.1,2,s035,6,16.250000000000004,2.5,10.0,50.0,56,47,45,2,0,6,0.9,12.265625,0,0,0,0,0,3140,256,16,8,8,0,152.3125,
window_res8,window,none,fidelity,False,True,16,0.05,25,8,False,iid,0.1,2,s035,7,18.000000000000004,4.67391304347826,6.0,50.5,56,50,47,3,0,6,0.94,12.51953125,0,0,0,0,0,3205,256,16,8,8,1,180.25,
window_res8,window,none,fidelity,False,True,16,0.05,25,8,False,iid,0.1,2,s035,8,27.250000000000004,14.945652173913043,14.000000000000002,51.5,56,47,43,4,0,6,0.86,12.91015625,0,0,0,0,0,3305,256,16,8,8,0,208.25,14.000000000000002
aeqkad_res4,window,full,fidelity,False,True,16,0.05,25,4,False,iid,0.1,0,s036,2,2.500000000000001,0.0,0.0,15.5,56,47,47,0,0,6,0.94,11.67578125,52,4,5,0,1,2989,256,16,4,4,0,21.125,
aeqkad_res4,window,full,fidelity,False,True,16,0.05,25,4,False,iid,0.1,0,s036,3,7.500000000000003,0.0,4.0,11.0,56,44,44,0,0,6,0.88,10.58984375,49,2,8,0,3,2711,256,16,4,4,0,36.4375,
aeqkad_res4,window,full,fidelity,False,True,16,0.05,25,4,False,iid,0.1,0,s036,4,0.0,0.0,0.0,5.0,56,47,47,0,0,6,0.94,10.203125,52,2,5,0,3,2612,256,16,4,4,0,49.1875,
aeqkad_res4,window,full,fidelity,False,True,16,0.05,25,4,False,iid,0.1,0,s036,5,0.0,0.0,0.0,10.0,56,50,50,0,0,6,1.0,10.57421875,51,1,10,0,0,2707,256,16,4,4,0,64.5625,
aeqkad_res4,window,full,fidelity,False,True,16,0.05,25,4,False,iid,0.1,0,s036,6,0.5,0.0,0.0,12.5,56,48,48,0,0,6,0.96,10.171875,51,1,10,0,2,2604,256,16,4,4,0,78.75,
aeqkad_res4,window,full,fidelity,False,True,16,0.05,25,4,False,iid,0.1,0,s036,7,0.0,0.0,0.0,2.0,56,46,46,0,0,6,0.92,10.140625,50,0,0,0,4,2596,256,16,4,4,0,92.125,
aeqkad_res4,window,full,fidelity,False,True,16,0.05,25,4,False,iid,0.1,0,s036,8,2.250000000000001,0.0,0.0,6.5,56,34,34,0,0,6,0.68,10.98046875,50,7,4,0,9,2811,256,16,4,4,0,105.6875,2.0
aeqkad_res4,window,full,fidelity,False,True,16,0.05,25,4,False,iid,0.1,1,s036,2,2.500000000000001,0.0,0.0,22.0,56,47,47,0,0,6,0.94,11.71875,52,4,0,0,1,3000,256,16,4,4,0,21.8125,
aeqkad_res4,window,full,fidelity,False,True,16,0.05,25,4,False,iid,0.1,1,s036,3,6.7500000000000036,0.0,2.0,10.5,56,44,44,0,0,6,0.88,10.68359375,50,3,0,0,3,2735,256,16,4,4,0,37.5625,
aeqkad_res4,window,full,fidelity,False,True,16,0.05,25,4,False,iid,0.1,1,s036,4,0.0,0.0,0.0,5.0,56,47,47,0,0,6,0.94,9.69140625,50,0,0,0,3,2481,256,16,4,4,0,49.4375,
aeqkad_res4,window,full,fidelity,False,True,16,0.05,25,4,False,iid,0.1,1,s036,5,0.0,0.0,0.0,9.5,56,50,50,0,0,6,1.0,10.76171875,51,1,0,0,0,2755,256,16,4,4,0,63.125,
aeqkad_res4,window,full,fidelity,False,True,16,0.05,25,4,False,iid,0.1,1,s036,6,0.0,0.0,0.0,8.5,56,48,48,0,0,6,0.96,10.08984375,50,0,0,0,2,2583,256,16,4,4,0,77.5625,
aeqkad_res4,window,full,fidelity,False,True,16,0.05,25,4,False,iid,0.1,1,s036,7,0.0,0.0,0.0,7.5,56,49,49,0,0,6,0.98,10.109375,50,0,0,0,1,2588,256,16,4,4,0,91.5625,
aeqkad_res4,window,full,fidelity,False,True,16,0.05,25,4,False,iid,0.1,1,s036,8,4.500000000000002,1.25,0.0,15.0,56,37,37,0,0,6,0.74,11.1484375,52,9,0,0,6,2854,256,16,4,4,0,105.125,12.0
aeqkad_res4,window,full,fidelity,False,True,16,0.05,25,4,False,iid,0.1,2,s036,2,1.7500000000000009,0.0,0.0,25.0,56,48,47,1,0,6,0.94,11.51953125,52,3,0,0,1,2949,256,16,4,4,0,22.375,
aeqkad_res4,window,full,fidelity,False,True,16,0.05,25,4,False,iid,0.1,2,s036,3,7.500000000000003,0.0,4.0,12.5,56,44,44,0,0,6,0.88,10.8125,48,1,0,0,3,2768,256,16,4,4,0,37.1875,
aeqkad_res4,window,full,fidelity,False,True,16,0.05,25,4,False,iid,0.1,2,s036,4,0.0,0.0,0.0,7.5,56,47,47,0,0,6,0.94,10.109375,50,0,0,0,3,2588,256,16,4,4,0,49.8125,
aeqkad_res4,window,full,fidelity,False,True,16,0.05,25,4,False,iid,0.1,2,s036,5,0.0,0.0,0.0,15.0,56,50,50,0,0,6,1.0,10.76171875,53,3,0,0,0,2755,256,16,4,4,0,64.1875,
aeqkad_res4,window,full,fidelity,False,True,16,0.05,25,4,False,iid,0.1,2,s036,6,0.75,0.0,0.0,14.000000000000002,56,48,48,0,0,6,0.96,10.10546875,50,0,0,0,2,2587,256,16,4,4,0,78.875,
aeqkad_res4,window,full,fidelity,False,True,16,0.05,25,4,False,iid,0.1,2,s036,7,0.0,0.0,0.0,8.0,56,49,49,0,0,6,0.98,10.375,50,0,0,0,1,2656,256,16,4,4,0,92.1875,
aeqkad_res4,window,full,fidelity,False,True,16,0.05,25,4,False,iid,0.1,2,s036,8,2.000000000000001,0.0,0.0,10.5,56,37,37,0,0,6,0.74,10.8515625,50,6,0,0,7,2778,256,16,4,4,0,105.125,88.0
aeqkad_res8,window,full,fidelity,False,True,16,0.05,25,8,False,iid,0.1,0,s036,2,2.500000000000001,0.0,0.0,23.0,56,47,47,0,0,6,0.94,12.2265625,52,3,11,0,2,3130,256,16,8,8,0,40.6875,
aeqkad_res8,window,full,fidelity,False,True,16,0.05,25,8,False,iid,0.1,0,s036,3,7.500000000000003,0.0,2.0,20.5,56,44,44,0,0,6,0.88,11.34765625,51,4,27,0,3,2905,256,16,8,8,0,69.375,
aeqkad_res8,window,full,fidelity,False,True,16,0.05,25,8,False,iid,0.1,0,s036,4,0.0,0.0,0.0,12.0,56,47,47,0,0,6,0.94,11.1171875,52,2,20,0,3,2846,256,16,8,8,0,96.6875,
aeqkad_res8,window,full,fidelity,False,True,16,0.05,25,8,False,iid,0.1,0,s036,5,0.0,0.0,0.0,23.0,56,50,50,0,0,6,1.0,12.16796875,52,2,18,0,0,3115,256,16,8,8,0,125.3125,
aeqkad_res8,window,full,fidelity,False,True,16,0.05,25,8,False,iid,0.1,0,s036,6,2.250000000000001,0.0,0.0,23.0,56,48,48,0,0,6,0.96,11.765625,51,2,25,0,1,3012,256,16,8,8,0,153.5625,
aeqkad_res8,window,full,fidelity,False,True,16,0.05,25,8,False,iid,0.1,0,s036,7,0.0,0.0,0.0,11.5,56,46,46,0,0,6,0.92,10.9453125,52,2,8,0,4,2802,256,16,8,8,0,181.1875,
aeqkad_res8,window,full,fidelity,False,True,16,0.05,25,8,False,iid,0.1,0,s036,8,2.000000000000001,0.0,0.0,13.5,56,34,34,0,0,6,0.68,11.42578125,52,9,15,0,9,2925,256,16,8,8,0,209.0,8.0
aeqkad_res8,window,full,fidelity,False,True,16,0.05,25,8,False,iid,0.1,1,s036,2,2.250000000000001,0.0,0.0,25.5,56,47,47,0,0,6,0.94,12.3046875,52,4,0,0,1,3150,256,16,8,8,0,41.125,
aeqkad_res8,window,full,fidelity,False,True,16,0.05,25,8,False,iid,0.1,1,s036,3,6.7500000000000036,0.0,4.0,15.5,56,44,44,0,0,6,0.88,11.0703125,50,3,0,0,3,2834,256,16,8,8,0,70.0625,
aeqkad_res8,window,full,fidelity,False,True,16,0.05,25,8,False,iid,0.1,1,s036,4,0.0,0.0,0.0,11.0,56,47,47,0,0,6,0.94,11.52734375,50,0,0,0,3,2951,256,16,8,8,0,96.6875,
aeqkad_res8,window,full,fidelity,False,True,16,0.05,25,8,False,iid,0.1,1,s036,5,0.0,0.0,0.0,21.0,56,50,50,0,0,6,1.0,12.10546875,51,1,0,0,0,3099,256,16,8,8,0,124.6875,
aeqkad_res8,window,full,fidelity,False,True,16,0.05,25,8,False,iid,0.1,1,s036,6,0.25,0.0,0.0,21.0,56,48,48,0,0,6,0.96,11.765625,52,3,0,0,1,3012,256,16,8,8,0,152.875,
aeqkad_res8,window,full,fidelity,False,True,16,0.05,25,8,False,iid,0.1,1,s036,7,0.0,0.0,0.0,15.0,56,49,49,0,0,6,0.98,11.3671875,50,0,0,0,1,2910,256,16,8,8,0,180.875,
aeqkad_res8,window,full,fidelity,False,True,16,0.05,25,8,False,iid,0.1,1,s036,8,3.7500000000000018,3.423913043478259,0.0,27.500000000000004,56,39,39,0,0,6,0.78,11.921875,52,6,0,0,7,3052,256,16,8,8,0,208.6875,28.000000000000004
aeqkad_res8,window,full,fidelity,False,True,16,0.05,25,8,False,iid,0.1,2,s036,2,1.5000000000000009,0.0,0.0,21.0,56,48,47,1,0,6,0.94,12.140625,53,3,35,0,2,3108,256,16,8,8,0,41.4375,
aeqkad_res8,window,full,fidelity,False,True,16,0.05,25,8,False,iid,0.1,2,s036,3,3.500000000000002,0.0,4.0,15.5,56,44,44,0,0,6,0.88,11.2734375,48,1,40,0,3,2886,256,16,8,8,0,69.6875,
aeqkad_res8,window,full,fidelity,False,True,16,0.05,25,8,False,iid,0.1,2,s036,4,0.0,0.0,0.0,9.5,56,47,47,0,0,6,0.94,10.9765625,50,0,41,0,3,2810,256,16,8,8,0,96.8125,
aeqkad_res8,window,full,fidelity,False,True,16,0.05,25,8,False,iid,0.1,2,s036,5,0.0,0.0,0.0,14.000000000000002,56,50,50,0,0,6,1.0,12.23828125,53,3,42,0,0,3133,256,16,8,8,0,125.25,
aeqkad_res8,window,full,fidelity,False,True,16,0.05,25,8,False,iid,0.1,2,s036,6,2.250000000000001,0.0,0.0,14.499999999999998,56,48,48,0,0,6,0.96,11.6171875,51,1,40,0,2,2974,256,16,8,8,0,153.6875,
aeqkad_res8,window,full,fidelity,False,True,16,0.05,25,8,False,iid,0.1,2,s036,7,0.0,0.0,0.0,10.5,56,49,49,0,0,6,0.98,10.953125,50,0,35,0,1,2804,256,16,8,8,0,181.25,
aeqkad_res8,window,full,fidelity,False,True,16,0.05,25,8,False,iid,0.1,2,s036,8,2.000000000000001,0.0,0.0,12.5,56,39,39,0,0,6,0.78,12.2578125,50,3,35,0,8,3138,256,16,8,8,0,208.6875,90.0
window_res4,window,none,fidelity,False,True,16,0.05,25,4,False,iid,0.1,0,s036,2,4.250000000000002,0.0,0.0,16.5,56,52,50,2,0,6,1.0,11.9921875,0,0,0,0,0,3070,256,16,4,4,0,21.125,
window_res4,window,none,fidelity,False,True,16,0.05,25,4,False,iid,0.1,0,s036,3,6.500000000000003,0.0,4.0,10.5,56,49,48,1,0,6,0.96,11.234375,0,0,0,0,0,2876,256,16,4,4,0,35.5625,
window_res4,window,none,fidelity,False,True,16,0.05,25,4,False,iid,0.1,0,s036,4,1.7500000000000009,0.0,0.0,13.0,56,52,50,2,0,6,1.0,10.7265625,0,0,0,0,0,2746,256,16,4,4,0,49.125,
window_res4,window,none,fidelity,False,True,16,0.05,25,4,False,iid,0.1,0,s036,5,3.7500000000000018,0.0,0.0,24.5,56,55,50,5,0,6,1.0,11.25390625,0,0,0,0,0,2881,256,16,4,4,3,63.125,
window_res4,window,none,fidelity,False,True,16,0.05,25,4,False,iid,0.1,0,s036,6,5.250000000000003,0.0,0.0,20.0,56,52,50,2,0,6,1.0,11.02734375,0,0,0,0,0,2823,256,16,4,4,0,78.3125,
window_res4,window,none,fidelity,False,True,16,0.05,25,4,False,iid,0.1,0,s036,7,0.0,0.0,0.0,3.5000000000000004,56,50,50,0,0,6,1.0,10.37890625,0,0,0,0,0,2657,256,16,4,4,0,92.125,
window_res4,window,none,fidelity,False,True,16,0.05,25,4,False,iid,0.1,0,s036,8,1.7500000000000009,0.0,0.0,10.5,56,51,50,1,0,6,1.0,12.1328125,0,0,0,0,0,3106,256,16,4,4,0,105.6875,2.0
window_res4,window,none,fidelity,False,True,16,0.05,25,4,False,iid,0.1,1,s036,2,3.5000000000000018,0.0,0.0,33.5,56,54,50,4,0,6,1.0,11.87890625,0,0,0,0,0,3041,256,16,4,4,0,21.8125,
window_res4,window,none,fidelity,False,True,16,0.05,25,4,False,iid,0.1,1,s036,3,4.250000000000003,0.0,4.0,15.5,56,51,48,3,0,6,0.96,11.375,0,0,0,0,0,2912,256,16,4,4,3,35.125,
window_res4,window,none,fidelity,False,True,16,0.05,25,4,False,iid,0.1,1,s036,4,2.250000000000001,0.0,0.0,21.5,56,51,50,1,0,6,1.0,10.828125,0,0,0,0,0,2772,256,16,4,4,0,49.375,
window_res4,window,none,fidelity,False,True,16,0.05,25,4,False,iid,0.1,1,s036,5,2.250000000000001,0.0,0.0,25.0,56,53,50,3,0,6,1.0,10.90234375,0,0,0,0,0,2791,256,16,4,4,0,63.125,
window_res4,window,none,fidelity,False,True,16,0.05,25,4,False,iid,0.1,1,s036,6,0.0,0.0,0.0,9.0,56,50,50,0,0,6,1.0,10.56640625,0,0,0,0,0,2705,256,16,4,4,0,77.125,
window_res4,window,none,fidelity,False,True,16,0.05,25,4,False,iid,0.1,1,s036,7,0.0,0.0,0.0,9.0,56,50,50,0,0,6,1.0,10.0703125,0,0,0,0,0,2578,256,16,4,4,0,91.5625,
window_res4,window,none,fidelity,False,True,16,0.05,25,4,False,iid,0.1,1,s036,8,3.000000000000001,0.0,0.0,31.5,56,53,50,3,0,6,1.0,12.6953125,0,0,0,0,0,3250,256,16,4,4,0,105.125,10.0
window_res4,window,none,fidelity,False,True,16,0.05,25,4,False,iid,0.1,2,s036,2,2.000000000000001,0.0,0.0,28.499999999999996,56,52,50,2,0,6,1.0,11.4375,0,0,0,0,0,2928,256,16,4,4,0,22.375,
window_res4,window,none,fidelity,False,True,16,0.05,25,4,False,iid,0.1,2,s036,3,6.7500000000000036,0.0,4.0,15.0,56,48,48,0,0,6,0.96,11.04296875,0,0,0,0,0,2827,256,16,4,4,0,36.25,
window_res4,window,none,fidelity,False,True,16,0.05,25,4,False,iid,0.1,2,s036,4,0.0,0.0,0.0,11.5,56,51,50,1,0,6,1.0,10.20703125,0,0,0,0,0,2613,256,16,4,4,0,49.75,
window_res4,window,none,fidelity,False,True,16,0.05,25,4,False,iid,0.1,2,s036,5,0.5,0.0,0.0,25.0,56,53,50,3,0,6,1.0,10.87890625,0,0,0,0,0,2785,256,16,4,4,0,64.1875,
window_res4,window,none,fidelity,False,True,16,0.05,25,4,False,iid,0.1,2,s036,6,1.7500000000000009,0.0,0.0,15.5,56,51,50,1,0,6,1.0,10.0546875,0,0,0,0,0,2574,256,16,4,4,1,77.6875,
window_res4,window,none,fidelity,False,True,16,0.05,25,4,False,iid,0.1,2,s036,7,0.25,0.0,0.0,15.5,56,50,50,0,0,6,1.0,10.09765625,0,0,0,0,0,2585,256,16,4,4,0,92.1875,
window_res4,window,none,fidelity,False,True,16,0.05,25,4,False,iid,0.1,2,s036,8,1.2500000000000009,0.0,0.0,19.5,56,51,50,1,0,6,1.0,12.11328125,0,0,0,0,0,3101,256,16,4,4,0,105.125,86.0
window_res8,window,none,fidelity,False,True,16,0.05,25,8,False,iid,0.1,0,s036,2,4.250000000000002,0.0,0.0,29.5,56,52,50,2,0,6,1.0,12.6875,0,0,0,0,0,3248,256,16,8,8,0,40.6875,
window_res8,window,none,fidelity,False,True,16,0.05,25,8,False,iid,0.1,0,s036,3,9.000000000000002,0.0,2.0,24.0,56,50,49,1,0,6,0.98,11.5,0,0,0,0,0,2944,256,16,8,8,0,68.875,
window_res8,window,none,fidelity,False,True,16,0.05,25,8,False,iid,0.1,0,s036,4,2.000000000000001,0.0,0.0,21.0,56,52,50,2,0,6,1.0,11.24609375,0,0,0,0,0,2879,256,16,8,8,0,96.6875,
window_res8,window,none,fidelity,False,True,16,0.05,25,8,False,iid,0.1,0,s036,5,2.000000000000001,0.0,0.0,37.0,56,56,50,6,0,6,1.0,12.63671875,0,0,0,0,0,3235,256,16,8,8,2,124.6875,
window_res8,window,none,fidelity,False,True,16,0.05,25,8,False,iid,0.1,0,s036,6,1.7500000000000009,0.0,0.0,27.0,56,52,50,2,0,6,1.0,12.0,0,0,0,0,0,3072,256,16,8,8,0,153.375,
window_res8,window,none,fidelity,False,True,16,0.05,25,8,False,iid,0.1,0,s036,7,0.0,0.0,0.0,13.0,56,50,50,0,0,6,1.0,11.47265625,0,0,0,0,0,2937,256,16,8,8,0,181.1875,
window_res8,window,none,fidelity,False,True,16,0.05,25,8,False,iid,0.1,0,s036,8,2.250000000000001,0.0,0.0,21.5,56,51,50,1,0,6,1.0,12.98046875,0,0,0,0,0,3323,256,16,8,8,0,209.0,12.0
window_res8,window,none,fidelity,False,True,16,0.05,25,8,False,iid,0.1,1,s036,2,3.7500000000000018,0.0,0.0,41.5,56,55,50,5,0,6,1.0,12.48046875,0,0,0,0,0,3195,256,16,8,8,1,40.6875,
window_res8,window,none,fidelity,False,True,16,0.05,25,8,False,iid,0.1,1,s036,3,3.7500000000000027,0.0,2.0,23.5,56,51,49,2,0,6,0.98,11.5625,0,0,0,0,0,2960,256,16,8,8,1,69.1875,
window_res8,window,none,fidelity,False,True,16,0.05,25,8,False,iid,0.1,1,s036,4,0.5,0.0,0.0,19.5,56,51,50,1,0,6,1.0,11.80859375,0,0,0,0,0,3023,256,16,8,8,0,96.6875,
window_res8,window,none,fidelity,False,True,16,0.05,25,8,False,iid,0.1,1,s036,5,3.2500000000000013,0.0,0.0,28.499999999999996,56,54,50,4,0,6,1.0,12.42578125,0,0,0,0,0,3181,256,16,8,8,0,124.6875,
window_res8,window,none,fidelity,False,True,16,0.05,25,8,False,iid,0.1,1,s036,6,2.250000000000001,0.0,0.0,35.5,56,53,50,3,0,6,1.0,11.9296875,0,0,0,0,0,3054,256,16,8,8,0,152.6875,
window_res8,window,none,fidelity,False,True,16,0.05,25,8,False,iid,0.1,1,s036,7,0.0,0.0,0.0,14.000000000000002,56,50,50,0,0,6,1.0,11.5,0,0,0,0,0,2944,256,16,8,8,0,180.875,
window_res8,window,none,fidelity,False,True,16,0.05,25,8,False,iid,0.1,1,s036,8,2.250000000000001,0.0,0.0,37.0,56,52,50,2,0,6,1.0,13.12109375,0,0,0,0,0,3359,256,16,8,8,0,208.6875,28.000000000000004
window_res8,window,none,fidelity,False,True,16,0.05,25,8,False,iid,0.1,2,s036,2,1.5000000000000009,0.0,0.0,26.5,56,52,50,2,0,6,1.0,12.1953125,0,0,0,0,0,3122,256,16,8,8,0,41.4375,
window_res8,window,none,fidelity,False,True,16,0.05,25,8,False,iid,0.1,2,s036,3,3.500000000000002,0.0,4.0,17.5,56,48,48,0,0,6,0.96,10.77734375,0,0,0,0,0,2759,256,16,8,8,0,69.0625,
window_res8,window,none,fidelity,False,True,16,0.05,25,8,False,iid,0.1,2,s036,4,0.0,0.0,0.0,9.5,56,50,50,0,0,6,1.0,11.375,0,0,0,0,0,2912,256,16,8,8,0,96.8125,
window_res8,window,none,fidelity,False,True,16,0.05,25,8,False,iid,0.1,2,s036,5,1.7500000000000009,0.0,0.0,22.5,56,53,50,3,0,6,1.0,12.30859375,0,0,0,0,0,3151,256,16,8,8,0,125.25,
window_res8,window,none,fidelity,False,True,16,0.05,25,8,False,iid,0.1,2,s036,6,2.250000000000001,0.0,0.0,16.0,56,50,50,0,0,6,1.0,11.95703125,0,0,0,0,0,3061,256,16,8,8,0,153.5,
window_res8,window,none,fidelity,False,True,16,0.05,25,8,False,iid,0.1,2,s036,7,0.0,0.0,0.0,9.0,56,50,50,0,0,6,1.0,11.21875,0,0,0,0,0,2872,256,16,8,8,0,181.25,
window_res8,window,none,fidelity,False,True,16,0.05,25,8,False,iid,0.1,2,s036,8,1.7500000000000009,0.0,0.0,18.5,56,51,50,1,0,6,1.0,13.0078125,0,0,0,0,0,3330,256,16,8,8,0,208.6875,88.0
aeqkad_res4,window,full,fidelity,False,True,16,0.05,25,4,False,iid,0.1,0,s037,2,19.499999999999996,15.108695652173914,4.0,50.5,56,40,40,0,0,6,0.8,12.86328125,53,12,5,0,1,3293,256,16,4,4,0,27.375,
aeqkad_res4,window,full,fidelity,False,True,16,0.05,25,4,False,iid,0.1,0,s037,3,22.499999999999996,8.097826086956525,16.0,41.5,56,36,36,0,0,6,0.72,11.1171875,43,7,1,0,0,2846,256,16,4,4,0,43.0,
aeqkad_res4,window,full,fidelity,False,True,16,0.05,25,4,False,iid,0.1,0,s037,4,22.749999999999996,7.01086956521739,8.0,53.5,56,43,42,1,0,6,0.84,11.19921875,48,5,0,0,0,2867,256,16,4,4,0,54.625,
aeqkad_res4,window,full,fidelity,False,True,16,0.05,25,4,False,iid,0.1,0,s037,5,29.75,15.108695652173914,16.0,61.0,56,40,39,1,0,6,0.78,12.1640625,43,3,2,0,0,3114,256,16,4,4,0,68.25,
aeqkad_res4,window,full,fidelity,False,True,16,0.05,25,4,False,iid,0.1,0,s037,6,25.75,10.434782608695654,12.0,62.5,56,43,40,3,0,6,0.8,12.15625,47,4,1,0,0,3112,256,16,4,4,1,83.875,
aeqkad_res4,window,full,fidelity,False,True,16,0.05,25,4,False,iid,0.1,0,s037,7,34.0,25.543478260869566,12.0,76.5,56,33,33,0,0,6,0.66,12.85546875,49,14,1,0,2,3291,256,16,4,4,0,100.125,
aeqkad_res4,window,full,fidelity,False,True,16,0.05,25,4,False,iid,0.1,0,s037,8,24.75,12.771739130434783,10.0,61.5,56,42,41,1,0,6,0.82,11.42578125,48,6,0,0,0,2925,256,16,4,4,1,112.125,90.0
aeqkad_res4,window,full,fidelity,False,True,16,0.05,25,4,False,iid,0.1,1,s037,2,23.0,17.608695652173914,6.0,56.49999999999999,56,40,40,0,0,6,0.8,12.859375,51,10,2,0,1,3292,256,16,4,4,0,28.375,
aeqkad_res4,window,full,fidelity,False,True,16,0.05,25,4,False,iid,0.1,1,s037,3,24.25,5.597826086956524,16.0,37.0,56,36,36,0,0,6,0.72,11.42578125,43,7,0,0,0,2925,256,16,4,4,0,42.75,
aeqkad_res4,window,full,fidelity,False,True,16,0.05,25,4,False,iid,0.1,1,s037,4,18.000000000000004,7.01086956521739,10.0,50.5,56,46,43,3,0,6,0.86,11.4296875,49,3,0,0,0,2926,256,16,4,4,1,54.4375,
aeqkad_res4,window,full,fidelity,False,True,16,0.05,25,4,False,iid,0.1,1,s037,5,28.500000000000004,16.358695652173914,14.000000000000002,67.0,56,39,39,0,0,6,0.78,12.60546875,46,7,0,0,0,3227,256,16,4,4,0,69.5,
aeqkad_res4,window,full,fidelity,False,True,16,0.05,25,4,False,iid,0.1,1,s037,6,23.25,8.097826086956525,12.0,59.0,56,40,39,1,0,6,0.78,12.4609375,47,6,0,0,1,3190,256,16,4,4,0,84.625,
aeqkad_res4,window,full,fidelity,False,True,16,0.05,25,4,False,iid,0.1,1,s037,7,35.0,21.032608695652172,12.0,73.5,56,34,33,1,0,6,0.66,13.16796875,49,15,0,0,0,3371,256,16,4,4,1,100.125,
aeqkad_res4,window,full,fidelity,False,True,16,0.05,25,4,False,iid,0.1,1,s037,8,21.749999999999996,12.771739130434783,10.0,67.5,56,42,41,1,0,6,0.82,12.41796875,49,7,0,0,0,3179,256,16,4,4,1,113.1875,78.0
aeqkad_res4,window,full,fidelity,False,True,16,0.05,25,4,False,iid,0.1,2,s037,2,18.0,12.771739130434783,4.0,48.0,56,40,40,0,0,6,0.8,12.83984375,52,12,2,0,0,3287,256,16,4,4,0,29.0625,
aeqkad_res4,window,full,fidelity,False,True,16,0.05,25,4,False,iid,0.1,2,s037,3,21.499999999999996,5.597826086956524,14.000000000000002,42.5,56,37,36,1,0,6,0.72,11.47265625,45,7,0,0,1,2937,256,16,4,4,0,42.25,
aeqkad_res4,window,full,fidelity,False,True,16,0.05,25,4,False,iid,0.1,2,s037,4,19.249999999999996,8.097826086956525,10.0,52.0,56,45,42,3,0,6,0.84,11.90625,50,5,0,0,0,3048,256,16,4,4,0,54.625,
aeqkad_res4,window,full,fidelity,False,True,16,0.05,25,4,False,iid,0.1,2,s037,5,28.500000000000004,23.20652173913043,18.0,62.5,56,42,39,3,0,6,0.78,12.6640625,45,3,0,0,0,3242,256,16,4,4,2,68.8125,
aeqkad_res4,window,full,fidelity,False,True,16,0.05,25,4,False,iid,0.1,2,s037,6,23.0,12.771739130434783,10.0,65.0,56,40,40,0,0,6,0.8,12.23828125,48,7,0,0,1,3133,256,16,4,4,0,85.6875,
aeqkad_res4,window,full,fidelity,False,True,16,0.05,25,4,False,iid,0.1,2,s037,7,37.25,22.1195652173913,10.0,75.0,56,36,34,2,0,6,0.68,13.04296875,49,13,0,0,0,3339,256,16,4,4,0,100.6875,
aeqkad_res4,window,full,fidelity,False,True,16,0.05,25,4,False,iid,0.1,2,s037,8,21.499999999999996,10.434782608695654,10.0,65.5,56,42,41,1,0,6,0.82,12.078125,48,6,0,0,0,3092,256,16,4,4,0,113.5625,100.0
aeqkad_res8,window,full,fidelity,False,True,16,0.05,25,8,False,iid,0.1,0,s037,2,22.249999999999996,12.771739130434783,4.0,58.5,56,43,41,2,0,6,0.82,10.71484375,53,9,38,0,1,2743,256,16,8,8,0,46.0625,
aeqkad_res8,window,full,fidelity,False,True,16,0.05,25,8,False,iid,0.1,0,s037,3,23.5,6.847826086956524,12.0,51.0,56,40,39,1,0,6,0.78,10.546875,46,6,36,0,0,2700,256,16,8,8,0,74.4375,
aeqkad_res8,window,full,fidelity,False,True,16,0.05,25,8,False,iid,0.1,0,s037,4,23.0,9.347826086956525,8.0,56.99999999999999,56,44,43,1,0,6,0.86,10.1796875,48,4,37,0,0,2606,256,16,8,8,0,101.4375,
aeqkad_res8,window,full,fidelity,False,True,16,0.05,25,8,False,iid,0.1,0,s037,5,27.500000000000004,17.445652173913043,12.0,65.5,56,40,39,1,0,6,0.78,10.89453125,46,6,37,0,0,2789,256,16,8,8,0,129.75,
aeqkad_res8,window,full,fidelity,False,True,16,0.05,25,8,False,iid,0.1,0,s037,6,25.5,9.347826086956525,12.0,69.5,56,45,42,3,0,6,0.84,12.046875,47,1,37,0,1,3084,256,16,8,8,1,158.375,
aeqkad_res8,window,full,fidelity,False,True,16,0.05,25,8,False,iid,0.1,0,s037,7,36.0,29.130434782608695,16.0,79.0,56,42,39,3,0,6,0.78,12.25390625,48,6,33,0,0,3137,256,16,8,8,1,185.625,
aeqkad_res8,window,full,fidelity,False,True,16,0.05,25,8,False,iid,0.1,0,s037,8,26.0,12.771739130434783,6.0,73.0,56,44,43,1,0,6,0.86,12.65234375,50,5,38,0,1,3239,256,16,8,8,1,214.5,88.0
aeqkad_res8,window,full,fidelity,False,True,16,0.05,25,8,False,iid,0.1,1,s037,2,21.999999999999996,16.358695652173914,6.0,51.5,56,41,41,0,0,6,0.82,10.6328125,51,9,39,0,1,2722,256,16,8,8,0,46.0625,
aeqkad_res8,window,full,fidelity,False,True,16,0.05,25,8,False,iid,0.1,1,s037,3,21.999999999999996,4.347826086956524,12.0,41.5,56,39,39,0,0,6,0.78,10.5234375,45,6,36,0,0,2694,256,16,8,8,0,74.0,
aeqkad_res8,window,full,fidelity,False,True,16,0.05,25,8,False,iid,0.1,1,s037,4,18.250000000000004,10.434782608695654,8.0,51.5,56,45,43,2,0,6,0.86,10.33984375,50,5,40,0,0,2647,256,16,8,8,1,101.5625,
aeqkad_res8,window,full,fidelity,False,True,16,0.05,25,8,False,iid,0.1,1,s037,5,29.75,17.445652173913043,10.0,68.0,56,40,39,1,0,6,0.78,11.140625,50,8,36,0,2,2852,256,16,8,8,0,129.9375,
aeqkad_res8,window,full,fidelity,False,True,16,0.05,25,8,False,iid,0.1,1,s037,6,23.25,8.097826086956525,14.000000000000002,60.5,56,42,41,1,0,6,0.82,11.609375,46,2,38,0,2,2972,256,16,8,8,0,157.875,
aeqkad_res8,window,full,fidelity,False,True,16,0.05,25,8,False,iid,0.1,1,s037,7,36.5,22.1195652173913,12.0,75.0,56,43,40,3,0,6,0.8,11.97265625,48,5,33,0,0,3065,256,16,8,8,1,185.5,
aeqkad_res8,window,full,fidelity,False,True,16,0.05,25,8,False,iid,0.1,1,s037,8,21.999999999999996,9.347826086956525,6.0,71.5,56,47,44,3,0,6,0.88,12.578125,51,3,40,0,1,3220,256,16,8,8,1,214.6875,88.0
aeqkad_res8,window,full,fidelity,False,True,16,0.05,25,8,False,iid,0.1,2,s037,2,23.25,12.771739130434783,4.0,54.50000000000001,56,43,42,1,0,6,0.84,10.875,51,8,36,0,0,2784,256,16,8,8,0,46.4375,
aeqkad_res8,window,full,fidelity,False,True,16,0.05,25,8,False,iid,0.1,2,s037,3,22.249999999999996,8.097826086956525,8.0,60.0,56,42,41,1,0,6,0.82,10.78515625,48,6,36,0,0,2761,256,16,8,8,0,73.9375,
aeqkad_res8,window,full,fidelity,False,True,16,0.05,25,8,False,iid,0.1,2,s037,4,21.749999999999996,10.434782608695654,8.0,62.0,56,48,44,4,0,6,0.88,10.9140625,51,3,40,0,0,2794,256,16,8,8,0,101.3125,
aeqkad_res8,window,full,fidelity,False,True,16,0.05,25,8,False,iid,0.1,2,s037,5,27.0,18.695652173913043,8.0,73.5,56,43,39,4,0,6,0.78,11.38671875,50,7,36,0,0,2915,256,16,8,8,0,129.75,
aeqkad_res8,window,full,fidelity,False,True,16,0.05,25,8,False,iid,0.1,2,s037,6,26.5,8.260869565217389,14.000000000000002,73.0,56,44,42,2,0,6,0.84,11.94921875,48,3,37,0,1,3059,256,16,8,8,1,158.625,
aeqkad_res8,window,full,fidelity,False,True,16,0.05,25,8,False,iid,0.1,2,s037,7,32.49999999999999,25.543478260869566,16.0,76.0,56,41,39,2,0,6,0.78,11.8828125,47,6,34,0,0,3042,256,16,8,8,0,185.5,
aeqkad_res8,window,full,fidelity,False,True,16,0.05,25,8,False,iid,0.1,2,s037,8,25.0,6.847826086956524,6.0,72.0,56,44,43,1,0,6,0.86,12.25390625,50,5,38,0,1,3137,256,16,8,8,0,214.75,100.0
window_res4,window,none,fidelity,False,True,16,0.05,25,4,False,iid,0.1,0,s037,2,23.25,18.695652173913043,4.0,57.99999999999999,56,53,48,5,0,6,0.96,13.45703125,0,0,0,0,0,3445,256,16,4,4,1,25.75,
window_res4,window,none,fidelity,False,True,16,0.05,25,4,False,iid,0.1,0,s037,3,23.75,5.597826086956524,10.0,49.5,56,46,45,1,0,6,0.9,12.00390625,0,0,0,0,0,3073,256,16,4,4,0,42.0,
window_res4,window,none,fidelity,False,True,16,0.05,25,4,False,iid,0.1,0,s037,4,17.250000000000004,8.097826086956525,6.0,60.5,56,51,47,4,0,6,0.94,12.1484375,0,0,0,0,0,3110,256,16,4,4,2,53.125,
window_res4,window,none,fidelity,False,True,16,0.05,25,4,False,iid,0.1,0,s037,5,26.0,15.108695652173914,12.0,63.5,56,45,44,1,0,6,0.88,13.0078125,0,0,0,0,0,3330,256,16,4,4,0,68.25,
window_res4,window,none,fidelity,False,True,16,0.05,25,4,False,iid,0.1,0,s037,6,24.0,7.01086956521739,12.0,65.5,56,47,44,3,0,6,0.88,12.59375,0,0,0,0,0,3224,256,16,4,4,1,82.9375,
window_res4,window,none,fidelity,False,True,16,0.05,25,4,False,iid,0.1,0,s037,7,36.25,31.467391304347824,4.0,85.0,56,54,48,6,0,6,0.96,13.73046875,0,0,0,0,0,3515,256,16,4,4,2,95.4375,
window_res4,window,none,fidelity,False,True,16,0.05,25,4,False,iid,0.1,0,s037,8,17.5,8.097826086956525,8.0,63.5,56,49,46,3,0,6,0.92,12.0703125,0,0,0,0,0,3090,256,16,4,4,2,109.875,90.0
window_res4,window,none,fidelity,False,True,16,0.05,25,4,False,iid,0.1,1,s037,2,23.5,14.021739130434785,6.0,60.0,56,51,47,4,0,6,0.94,13.3671875,0,0,0,0,0,3422,256,16,4,4,2,26.5625,
window_res4,window,none,fidelity,False,True,16,0.05,25,4,False,iid,0.1,1,s037,3,23.75,6.847826086956524,12.0,48.0,56,46,44,2,0,6,0.88,11.87890625,0,0,0,0,0,3041,256,16,4,4,0,41.875,
window_res4,window,none,fidelity,False,True,16,0.05,25,4,False,iid,0.1,1,s037,4,16.500000000000004,7.01086956521739,8.0,54.50000000000001,56,50,46,4,0,6,0.92,11.90625,0,0,0,0,0,3048,256,16,4,4,2,53.9375,
window_res4,window,none,fidelity,False,True,16,0.05,25,4,False,iid,0.1,1,s037,5,28.500000000000004,20.869565217391305,10.0,73.5,56,48,45,3,0,6,0.9,13.734375,0,0,0,0,0,3516,256,16,4,4,0,69.5,
window_res4,window,none,fidelity,False,True,16,0.05,25,4,False,iid,0.1,1,s037,6,26.25,7.01086956521739,10.0,66.5,56,48,45,3,0,6,0.9,12.734375,0,0,0,0,0,3260,256,16,4,4,1,82.25,
window_res4,window,none,fidelity,False,True,16,0.05,25,4,False,iid,0.1,1,s037,7,31.499999999999993,20.869565217391305,6.0,81.0,56,52,47,5,0,6,0.94,14.3984375,0,0,0,0,0,3686,256,16,4,4,3,96.5625,
window_res4,window,none,fidelity,False,True,16,0.05,25,4,False,iid,0.1,1,s037,8,21.0,9.347826086956525,8.0,73.0,56,50,46,4,0,6,0.92,13.2578125,0,0,0,0,0,3394,256,16,4,4,2,110.8125,84.0
window_res4,window,none,fidelity,False,True,16,0.05,25,4,False,iid,0.1,2,s037,2,23.75,12.771739130434783,8.0,50.0,56,49,46,3,0,6,0.92,12.64453125,0,0,0,0,0,3237,256,16,4,4,1,27.3125,
window_res4,window,none,fidelity,False,True,16,0.05,25,4,False,iid,0.1,2,s037,3,24.25,9.347826086956525,10.0,52.0,56,47,45,2,0,6,0.9,12.37109375,0,0,0,0,0,3167,256,16,4,4,0,41.125,
window_res4,window,none,fidelity,False,True,16,0.05,25,4,False,iid,0.1,2,s037,4,18.999999999999996,6.847826086956524,6.0,56.99999999999999,56,52,47,5,0,6,0.94,12.34765625,0,0,0,0,0,3161,256,16,4,4,0,53.9375,
window_res4,window,none,fidelity,False,True,16,0.05,25,4,False,iid,0.1,2,s037,5,26.25,22.1195652173913,10.0,65.0,56,49,45,4,0,6,0.9,13.55078125,0,0,0,0,0,3469,256,16,4,4,2,68.8125,
window_res4,window,none,fidelity,False,True,16,0.05,25,4,False,iid,0.1,2,s037,6,23.0,12.771739130434783,10.0,71.5,56,47,45,2,0,6,0.9,12.921875,0,0,0,0,0,3308,256,16,4,4,1,84.0,
window_res4,window,none,fidelity,False,True,16,0.05,25,4,False,iid,0.1,2,s037,7,33.75,26.79347826086957,6.0,77.5,56,50,47,3,0,6,0.94,13.7734375,0,0,0,0,0,3526,256,16,4,4,1,96.625,
window_res4,window,none,fidelity,False,True,16,0.05,25,4,False,iid,0.1,2,s037,8,19.749999999999996,6.847826086956524,8.0,68.0,56,49,46,3,0,6,0.92,12.53515625,0,0,0,0,0,3209,256,16,4,4,1,110.875,100.0
window_res8,window,none,fidelity,False,True,16,0.05,25,8,False,iid,0.1,0,s037,2,22.249999999999996,15.108695652173914,0.0,64.5,56,55,50,5,0,6,1.0,11.25390625,0,0,0,0,0,2881,256,16,8,8,1,45.3125,
window_res8,window,none,fidelity,False,True,16,0.05,25,8,False,iid,0.1,0,s037,3,21.749999999999996,8.097826086956525,8.0,56.49999999999999,56,48,46,2,0,6,0.92,10.97265625,0,0,0,0,0,2809,256,16,8,8,1,73.8125,
window_res8,window,none,fidelity,False,True,16,0.05,25,8,False,iid,0.1,0,s037,4,17.750000000000004,7.01086956521739,2.0,64.5,56,53,49,4,0,6,0.98,10.92578125,0,0,0,0,0,2797,256,16,8,8,1,101.3125,
window_res8,window,none,fidelity,False,True,16,0.05,25,8,False,iid,0.1,0,s037,5,26.0,18.532608695652172,8.0,70.5,56,50,46,4,0,6,0.92,11.8984375,0,0,0,0,0,3046,256,16,8,8,0,129.3125,
window_res8,window,none,fidelity,False,True,16,0.05,25,8,False,iid,0.1,0,s037,6,25.75,9.347826086956525,10.0,70.5,56,48,45,3,0,6,0.9,12.5859375,0,0,0,0,0,3222,256,16,8,8,1,158.375,
window_res8,window,none,fidelity,False,True,16,0.05,25,8,False,iid,0.1,0,s037,7,38.0,25.706521739130434,6.0,84.5,56,52,47,5,0,6,0.94,12.76171875,0,0,0,0,0,3267,256,16,8,8,1,185.375,
window_res8,window,none,fidelity,False,True,16,0.05,25,8,False,iid,0.1,0,s037,8,18.0,8.097826086956525,6.0,72.0,56,50,47,3,0,6,0.94,12.578125,0,0,0,0,0,3220,256,16,8,8,2,213.375,90.0
window_res8,window,none,fidelity,False,True,16,0.05,25,8,False,iid,0.1,1,s037,2,22.749999999999996,17.445652173913043,6.0,56.49999999999999,56,51,47,4,0,6,0.94,11.234375,0,0,0,0,0,2876,256,16,8,8,2,45.6875,
window_res8,window,none,fidelity,False,True,16,0.05,25,8,False,iid,0.1,1,s037,3,21.499999999999996,5.597826086956524,8.0,49.5,56,48,46,2,0,6,0.92,11.04296875,0,0,0,0,0,2827,256,16,8,8,0,73.625,
window_res8,window,none,fidelity,False,True,16,0.05,25,8,False,iid,0.1,1,s037,4,16.250000000000004,7.01086956521739,4.0,55.00000000000001,56,52,48,4,0,6,0.96,10.90234375,0,0,0,0,0,2791,256,16,8,8,2,101.3125,
window_res8,window,none,fidelity,False,True,16,0.05,25,8,False,iid,0.1,1,s037,5,29.75,18.695652173913043,12.0,73.0,56,48,44,4,0,6,0.88,11.9921875,0,0,0,0,0,3070,256,16,8,8,0,129.4375,
window_res8,window,none,fidelity,False,True,16,0.05,25,8,False,iid,0.1,1,s037,6,24.5,8.097826086956525,14.000000000000002,66.5,56,47,43,4,0,6,0.86,11.80859375,0,0,0,0,0,3023,256,16,8,8,1,157.75,
window_res8,window,none,fidelity,False,True,16,0.05,25,8,False,iid,0.1,1,s037,7,34.25,24.456521739130434,8.0,81.0,56,51,46,5,0,6,0.92,12.4296875,0,0,0,0,0,3182,256,16,8,8,2,185.4375,
window_res8,window,none,fidelity,False,True,16,0.05,25,8,False,iid,0.1,1,s037,8,23.75,9.347826086956525,8.0,70.0,56,50,46,4,0,6,0.92,12.6640625,0,0,0,0,0,3242,256,16,8,8,2,213.6875,90.0
window_res8,window,none,fidelity,False,True,16,0.05,25,8,False,iid,0.1,2,s037,2,24.25,11.684782608695654,6.0,57.99999999999999,56,51,47,4,0,6,0.94,11.15234375,0,0,0,0,0,2855,256,16,8,8,1,45.5625,
window_res8,window,none,fidelity,False,True,16,0.05,25,8,False,iid,0.1,2,s037,3,21.999999999999996,8.097826086956525,8.0,61.0,56,48,46,2,0,6,0.92,10.875,0,0,0,0,0,2784,256,16,8,8,0,73.625,
window_res8,window,none,fidelity,False,True,16,0.05,25,8,False,iid,0.1,2,s037,4,17.500000000000004,8.097826086956525,4.0,66.0,56,54,48,6,0,6,0.96,11.171875,0,0,0,0,0,2860,256,16,8,8,0,101.3125,
window_res8,window,none,fidelity,False,True,16,0.05,25,8,False,iid,0.1,2,s037,5,29.75,20.869565217391305,10.0,74.5,56,49,45,4,0,6,0.9,11.87109375,0,0,0,0,0,3039,256,16,8,8,0,129.3125,
window_res8,window,none,fidelity,False,True,16,0.05,25,8,False,iid,0.1,2,s037,6,24.5,9.347826086956525,14.000000000000002,77.5,56,49,43,6,0,6,0.86,12.22265625,0,0,0,0,0,3129,256,16,8,8,3,157.6875,
window_res8,window,none,fidelity,False,True,16,0.05,25,8,False,iid,0.1,2,s037,7,36.75,22.1195652173913,8.0,79.0,56,52,46,6,0,6,0.92,12.4296875,0,0,0,0,0,3182,256,16,8,8,1,185.4375,
window_res8,window,none,fidelity,False,True,16,0.05,25,8,False,iid,0.1,2,s037,8,21.999999999999996,7.01086956521739,6.0,74.0,56,51,47,4,0,6,0.94,12.58203125,0,0,0,0,0,3221,256,16,8,8,1,213.4375,100.0
aeqkad_res4,window,full,fidelity,False,True,16,0.05,25,4,False,iid,0.1,0,s038,2,30.25,11.684782608695654,16.0,51.0,56,38,36,2,0,6,0.72,11.6640625,47,9,9,0,0,2986,256,16,4,4,1,25.625,
aeqkad_res4,window,full,fidelity,False,True,16,0.05,25,4,False,iid,0.1,0,s038,3,19.749999999999996,7.33695652173913,8.0,53.0,56,45,44,1,0,6,0.88,11.3203125,49,4,5,0,0,2898,256,16,4,4,0,39.1875,
aeqkad_res4,window,full,fidelity,False,True,16,0.05,25,4,False,iid,0.1,0,s038,4,25.5,17.445652173913043,8.0,53.5,56,50,45,5,0,6,0.9,11.25390625,51,1,9,0,0,2881,256,16,4,4,1,52.25,
aeqkad_res4,window,full,fidelity,False,True,16,0.05,25,4,False,iid,0.1,0,s038,5,24.25,12.771739130434783,6.0,59.0,56,47,46,1,0,6,0.92,11.234375,49,2,10,0,0,2876,256,16,4,4,0,66.8125,
aeqkad_res4,window,full,fidelity,False,True,16,0.05,25,4,False,iid,0.1,0,s038,6,18.000000000000004,8.097826086956525,2.0,54.0,56,52,48,4,0,6,0.96,10.34375,54,2,6,0,0,2648,256,16,4,4,0,80.25,
aeqkad_res4,window,full,fidelity,False,True,16,0.05,25,4,False,iid,0.1,0,s038,7,18.000000000000004,9.184782608695654,8.0,53.0,56,45,44,1,0,6,0.88,10.828125,48,3,3,0,0,2772,256,16,4,4,0,96.5625,
aeqkad_res4,window,full,fidelity,False,True,16,0.05,25,4,False,iid,0.1,0,s038,8,19.749999999999996,11.847826086956523,8.0,59.5,56,48,44,4,0,6,0.88,10.1640625,50,2,4,0,0,2602,256,16,4,4,2,108.25,70.0
aeqkad_res4,window,full,fidelity,False,True,16,0.05,25,4,False,iid,0.1,1,s038,2,29.75,11.684782608695654,12.0,56.99999999999999,56,40,38,2,0,6,0.76,11.8359375,47,7,22,0,0,3030,256,16,4,4,1,25.125,
aeqkad_res4,window,full,fidelity,False,True,16,0.05,25,4,False,iid,0.1,1,s038,3,18.250000000000004,11.684782608695654,6.0,57.99999999999999,56,45,44,1,0,6,0.88,10.98046875,49,4,17,0,0,2811,256,16,4,4,0,39.875,
aeqkad_res4,window,full,fidelity,False,True,16,0.05,25,4,False,iid,0.1,1,s038,4,23.25,10.434782608695654,8.0,64.0,56,48,45,3,0,6,0.9,11.421875,49,1,21,0,0,2924,256,16,4,4,1,52.25,
aeqkad_res4,window,full,fidelity,False,True,16,0.05,25,4,False,iid,0.1,1,s038,5,21.499999999999996,14.021739130434785,6.0,59.0,56,47,46,1,0,6,0.92,11.16015625,50,3,26,0,0,2857,256,16,4,4,0,66.6875,
aeqkad_res4,window,full,fidelity,False,True,16,0.05,25,4,False,iid,0.1,1,s038,6,20.0,9.347826086956525,0.0,63.0,56,50,47,3,0,6,0.94,10.23828125,54,4,18,0,0,2621,256,16,4,4,0,80.6875,
aeqkad_res4,window,full,fidelity,False,True,16,0.05,25,4,False,iid,0.1,1,s038,7,20.249999999999996,11.684782608695654,8.0,54.0,56,45,44,1,0,6,0.88,10.74609375,49,4,16,0,0,2751,256,16,4,4,0,95.5,
aeqkad_res4,window,full,fidelity,False,True,16,0.05,25,4,False,iid,0.1,1,s038,8,21.999999999999996,15.108695652173914,6.0,62.0,56,50,45,5,0,6,0.9,10.77734375,52,2,13,0,0,2759,256,16,4,4,3,108.25,98.0
aeqkad_res4,window,full,fidelity,False,True,16,0.05,25,4,False,iid,0.1,2,s038,2,29.25,17.608695652173914,14.000000000000002,51.0,56,40,38,2,0,6,0.76,11.50390625,45,5,25,0,0,2945,256,16,4,4,0,25.4375,
aeqkad_res4,window,full,fidelity,False,True,16,0.05,25,4,False,iid,0.1,2,s038,3,16.000000000000004,3.58695652173913,8.0,47.5,56,46,44,2,0,6,0.88,11.47265625,48,2,25,0,0,2937,256,16,4,4,1,38.8125,
aeqkad_res4,window,full,fidelity,False,True,16,0.05,25,4,False,iid,0.1,2,s038,4,21.749999999999996,12.771739130434783,8.0,50.0,56,44,44,0,0,6,0.88,11.3359375,47,3,28,0,0,2902,256,16,4,4,0,52.875,
aeqkad_res4,window,full,fidelity,False,True,16,0.05,25,4,False,iid,0.1,2,s038,5,21.749999999999996,15.271739130434783,6.0,51.5,56,47,46,1,0,6,0.92,11.51171875,49,2,30,0,0,2947,256,16,4,4,0,66.5625,
aeqkad_res4,window,full,fidelity,False,True,16,0.05,25,4,False,iid,0.1,2,s038,6,18.999999999999996,12.771739130434783,2.0,50.5,56,51,47,4,0,6,0.94,10.125,53,2,31,0,0,2592,256,16,4,4,1,80.6875,
aeqkad_res4,window,full,fidelity,False,True,16,0.05,25,4,False,iid,0.1,2,s038,7,20.249999999999996,11.684782608695654,8.0,51.0,56,46,44,2,0,6,0.88,11.13671875,50,4,26,0,0,2851,256,16,4,4,0,96.125,
aeqkad_res4,window,full,fidelity,False,True,16,0.05,25,4,False,iid,0.1,2,s038,8,21.749999999999996,12.771739130434783,8.0,55.50000000000001,56,47,45,2,0,6,0.9,9.98828125,49,2,24,0,0,2557,256,16,4,4,1,108.375,40.0
aeqkad_res8,window,full,fidelity,False,True,16,0.05,25,8,False,iid,0.1,0,s038,2,26.25,12.771739130434783,14.000000000000002,48.0,56,39,38,1,0,6,0.76,10.2890625,47,8,29,0,0,2634,256,16,8,8,0,42.5625,
aeqkad_res8,window,full,fidelity,False,True,16,0.05,25,8,False,iid,0.1,0,s038,3,21.0,10.760869565217389,8.0,47.0,56,45,44,1,0,6,0.88,10.59375,49,4,34,0,0,2712,256,16,8,8,0,70.1875,
aeqkad_res8,window,full,fidelity,False,True,16,0.05,25,8,False,iid,0.1,0,s038,4,22.499999999999996,16.358695652173914,8.0,56.99999999999999,56,50,45,5,0,6,0.9,11.8046875,51,1,36,0,0,3022,256,16,8,8,1,97.9375,
aeqkad_res8,window,full,fidelity,False,True,16,0.05,25,8,False,iid,0.1,0,s038,5,20.249999999999996,11.521739130434785,6.0,58.5,56,47,46,1,0,6,0.92,11.83984375,48,1,37,0,0,3031,256,16,8,8,0,126.25,
aeqkad_res8,window,full,fidelity,False,True,16,0.05,25,8,False,iid,0.1,0,s038,6,16.000000000000004,12.771739130434783,2.0,47.5,56,48,47,1,0,6,0.94,10.23046875,52,4,41,0,0,2619,256,16,8,8,0,154.125,
aeqkad_res8,window,full,fidelity,False,True,16,0.05,25,8,False,iid,0.1,0,s038,7,18.250000000000004,10.434782608695654,8.0,51.0,56,46,45,1,0,6,0.9,11.015625,48,2,35,0,0,2820,256,16,8,8,0,182.75,
aeqkad_res8,window,full,fidelity,False,True,16,0.05,25,8,False,iid,0.1,0,s038,8,20.499999999999996,17.445652173913043,4.0,60.0,56,49,45,4,0,6,0.9,11.00390625,52,3,34,0,0,2817,256,16,8,8,1,209.9375,68.0
aeqkad_res8,window,full,fidelity,False,True,16,0.05,25,8,False,iid,0.1,1,s038,2,26.25,12.771739130434783,12.0,56.99999999999999,56,41,39,2,0,6,0.78,10.328125,46,5,27,0,0,2644,256,16,8,8,1,40.4375,
aeqkad_res8,window,full,fidelity,False,True,16,0.05,25,8,False,iid,0.1,1,s038,3,19.249999999999996,6.25,4.0,60.5,56,44,43,1,0,6,0.86,10.421875,50,6,36,0,0,2668,256,16,8,8,0,68.9375,
aeqkad_res8,window,full,fidelity,False,True,16,0.05,25,8,False,iid,0.1,1,s038,4,21.999999999999996,16.195652173913043,8.0,67.5,56,47,45,2,0,6,0.9,10.5625,50,3,35,0,0,2704,256,16,8,8,0,96.3125,
aeqkad_res8,window,full,fidelity,False,True,16,0.05,25,8,False,iid,0.1,1,s038,5,21.499999999999996,12.771739130434783,2.0,61.5,56,47,46,1,0,6,0.92,10.91796875,52,5,34,0,0,2795,256,16,8,8,0,124.25,
aeqkad_res8,window,full,fidelity,False,True,16,0.05,25,8,False,iid,0.1,1,s038,6,18.000000000000004,6.847826086956524,0.0,60.0,56,50,47,3,0,6,0.94,10.43359375,54,4,41,0,0,2671,256,16,8,8,0,152.25,
aeqkad_res8,window,full,fidelity,False,True,16,0.05,25,8,False,iid,0.1,1,s038,7,20.0,11.684782608695654,6.0,56.99999999999999,56,46,45,1,0,6,0.9,10.5078125,50,4,32,0,0,2690,256,16,8,8,0,180.4375,
aeqkad_res8,window,full,fidelity,False,True,16,0.05,25,8,False,iid,0.1,1,s038,8,20.0,15.108695652173914,2.0,65.5,56,51,46,5,0,6,0.92,11.42578125,54,3,30,0,0,2925,256,16,8,8,2,208.0625,98.0
aeqkad_res8,window,full,fidelity,False,True,16,0.05,25,8,False,iid,0.1,2,s038,2,26.0,22.1195652173913,14.000000000000002,48.5,56,41,39,2,0,6,0.78,10.13671875,45,4,28,0,0,2595,256,16,8,8,0,42.5,
aeqkad_res8,window,full,fidelity,False,True,16,0.05,25,8,False,iid,0.1,2,s038,3,14.750000000000002,4.83695652173913,6.0,42.5,56,46,44,2,0,6,0.88,10.92578125,49,3,36,0,0,2797,256,16,8,8,1,70.0,
aeqkad_res8,window,full,fidelity,False,True,16,0.05,25,8,False,iid,0.1,2,s038,4,21.749999999999996,11.684782608695654,8.0,52.5,56,45,45,0,0,6,0.9,11.546875,47,2,35,0,0,2956,256,16,8,8,0,98.3125,
aeqkad_res8,window,full,fidelity,False,True,16,0.05,25,8,False,iid,0.1,2,s038,5,18.999999999999996,12.771739130434783,6.0,50.5,56,47,46,1,0,6,0.92,11.56640625,49,2,37,0,0,2961,256,16,8,8,0,126.0,
aeqkad_res8,window,full,fidelity,False,True,16,0.05,25,8,False,iid,0.1,2,s038,6,16.000000000000004,12.771739130434783,2.0,51.0,56,51,47,4,0,6,0.94,10.171875,53,2,41,0,0,2604,256,16,8,8,0,154.125,
aeqkad_res8,window,full,fidelity,False,True,16,0.05,25,8,False,iid,0.1,2,s038,7,17.750000000000004,17.445652173913043,8.0,48.5,56,47,45,2,0,6,0.9,10.55859375,50,3,35,0,0,2703,256,16,8,8,0,182.375,
aeqkad_res8,window,full,fidelity,False,True,16,0.05,25,8,False,iid,0.1,2,s038,8,21.499999999999996,15.108695652173914,4.0,57.49999999999999,56,47,45,2,0,6,0.9,10.984375,51,4,29,0,0,2812,256,16,8,8,1,209.9375,44.0
window_res4,window,none,fidelity,False,True,16,0.05,25,4,False,iid,0.1,0,s038,2,28.249999999999996,12.771739130434783,14.000000000000002,51.0,56,48,43,5,0,6,0.86,12.23828125,0,0,0,0,0,3133,256,16,4,4,2,24.3125,
window_res4,window,none,fidelity,False,True,16,0.05,25,4,False,iid,0.1,0,s038,3,20.0,7.33695652173913,4.0,54.0,56,50,48,2,0,6,0.96,11.8125,0,0,0,0,0,3024,256,16,4,4,0,38.8125,
window_res4,window,none,fidelity,False,True,16,0.05,25,4,False,iid,0.1,0,s038,4,25.75,19.6195652173913,8.0,54.0,56,51,46,5,0,6,0.92,11.43359375,0,0,0,0,0,2927,256,16,4,4,1,52.25,
window_res4,window,none,fidelity,False,True,16,0.05,25,4,False,iid,0.1,0,s038,5,23.75,12.771739130434783,6.0,64.5,56,49,47,2,0,6,0.94,11.3203125,0,0,0,0,0,2898,256,16,4,4,0,66.8125,
window_res4,window,none,fidelity,False,True,16,0.05,25,4,False,iid,0.1,0,s038,6,18.000000000000004,10.434782608695654,2.0,53.0,56,53,49,4,0,6,0.98,10.55078125,0,0,0,0,0,2701,256,16,4,4,0,80.25,
window_res4,window,none,fidelity,False,True,16,0.05,25,4,False,iid,0.1,0,s038,7,16.500000000000004,10.434782608695654,10.0,53.5,56,47,45,2,0,6,0.9,11.08984375,0,0,0,0,0,2839,256,16,4,4,1,95.375,
window_res4,window,none,fidelity,False,True,16,0.05,25,4,False,iid,0.1,0,s038,8,17.750000000000004,17.282608695652176,4.0,63.5,56,53,48,5,0,6,0.96,11.296875,0,0,0,0,0,2892,256,16,4,4,2,108.25,68.0
window_res4,window,none,fidelity,False,True,16,0.05,25,4,False,iid,0.1,1,s038,2,30.000000000000004,16.358695652173914,10.0,66.5,56,48,45,3,0,6,0.9,12.3046875,0,0,0,0,0,3150,256,16,4,4,1,25.125,
window_res4,window,none,fidelity,False,True,16,0.05,25,4,False,iid,0.1,1,s038,3,18.000000000000004,15.108695652173914,4.0,61.5,56,51,48,3,0,6,0.96,11.48828125,0,0,0,0,0,2941,256,16,4,4,2,38.25,
window_res4,window,none,fidelity,False,True,16,0.05,25,4,False,iid,0.1,1,s038,4,25.5,10.434782608695654,8.0,67.5,56,50,46,4,0,6,0.92,12.26953125,0,0,0,0,0,3141,256,16,4,4,1,52.25,
window_res4,window,none,fidelity,False,True,16,0.05,25,4,False,iid,0.1,1,s038,5,22.249999999999996,14.021739130434785,6.0,63.0,56,51,47,4,0,6,0.94,11.80078125,0,0,0,0,0,3021,256,16,4,4,1,66.25,
window_res4,window,none,fidelity,False,True,16,0.05,25,4,False,iid,0.1,1,s038,6,20.249999999999996,9.347826086956525,0.0,69.0,56,54,50,4,0,6,1.0,10.875,0,0,0,0,0,2784,256,16,4,4,0,80.25,
window_res4,window,none,fidelity,False,True,16,0.05,25,4,False,iid,0.1,1,s038,7,22.249999999999996,10.434782608695654,6.0,60.0,56,50,47,3,0,6,0.94,11.44140625,0,0,0,0,0,2929,256,16,4,4,0,94.875,
window_res4,window,none,fidelity,False,True,16,0.05,25,4,False,iid,0.1,1,s038,8,20.249999999999996,12.771739130434783,4.0,62.0,56,54,48,6,0,6,0.96,11.65625,0,0,0,0,0,2984,256,16,4,4,3,108.25,98.0
window_res4,window,none,fidelity,False,True,16,0.05,25,4,False,iid,0.1,2,s038,2,30.000000000000004,21.956521739130434,12.0,53.0,56,46,44,2,0,6,0.88,12.01953125,0,0,0,0,0,3077,256,16,4,4,0,25.4375,
window_res4,window,none,fidelity,False,True,16,0.05,25,4,False,iid,0.1,2,s038,3,14.500000000000002,3.58695652173913,10.0,47.5,56,48,45,3,0,6,0.9,11.59765625,0,0,0,0,0,2969,256,16,4,4,1,38.5625,
window_res4,window,none,fidelity,False,True,16,0.05,25,4,False,iid,0.1,2,s038,4,21.749999999999996,10.434782608695654,8.0,52.5,56,47,46,1,0,6,0.92,11.5234375,0,0,0,0,0,2950,256,16,4,4,0,52.875,
window_res4,window,none,fidelity,False,True,16,0.05,25,4,False,iid,0.1,2,s038,5,20.749999999999996,10.271739130434785,6.0,52.0,56,50,47,3,0,6,0.94,11.82421875,0,0,0,0,0,3027,256,16,4,4,1,66.25,
window_res4,window,none,fidelity,False,True,16,0.05,25,4,False,iid,0.1,2,s038,6,18.250000000000004,12.771739130434783,0.0,55.00000000000001,56,55,50,5,0,6,1.0,10.609375,0,0,0,0,0,2716,256,16,4,4,0,80.25,
window_res4,window,none,fidelity,False,True,16,0.05,25,4,False,iid,0.1,2,s038,7,19.749999999999996,11.684782608695654,8.0,55.50000000000001,56,50,46,4,0,6,0.92,11.5234375,0,0,0,0,0,2950,256,16,4,4,0,95.375,
window_res4,window,none,fidelity,False,True,16,0.05,25,4,False,iid,0.1,2,s038,8,21.499999999999996,12.771739130434783,8.0,56.99999999999999,56,49,46,3,0,6,0.92,10.53515625,0,0,0,0,0,2697,256,16,4,4,2,108.3125,92.0
window_res8,window,none,fidelity,False,True,16,0.05,25,8,False,iid,0.1,0,s038,2,26.25,12.771739130434783,14.000000000000002,49.0,56,48,43,5,0,6,0.86,10.453125,0,0,0,0,0,2676,256,16,8,8,2,41.9375,
window_res8,window,none,fidelity,False,True,16,0.05,25,8,False,iid,0.1,0,s038,3,18.999999999999996,11.847826086956523,6.0,50.0,56,50,47,3,0,6,0.94,11.13671875,0,0,0,0,0,2851,256,16,8,8,0,70.1875,
window_res8,window,none,fidelity,False,True,16,0.05,25,8,False,iid,0.1,0,s038,4,23.5,17.445652173913043,8.0,56.99999999999999,56,51,46,5,0,6,0.92,11.61328125,0,0,0,0,0,2973,256,16,8,8,1,97.9375,
window_res8,window,none,fidelity,False,True,16,0.05,25,8,False,iid,0.1,0,s038,5,20.249999999999996,12.771739130434783,6.0,60.0,56,48,47,1,0,6,0.94,11.765625,0,0,0,0,0,3012,256,16,8,8,0,126.25,
window_res8,window,none,fidelity,False,True,16,0.05,25,8,False,iid,0.1,0,s038,6,16.250000000000004,12.771739130434783,2.0,55.50000000000001,56,53,49,4,0,6,0.98,10.65625,0,0,0,0,0,2728,256,16,8,8,0,153.9375,
window_res8,window,none,fidelity,False,True,16,0.05,25,8,False,iid,0.1,0,s038,7,16.500000000000004,8.260869565217389,8.0,52.0,56,48,46,2,0,6,0.92,11.09765625,0,0,0,0,0,2841,256,16,8,8,1,182.5625,
window_res8,window,none,fidelity,False,True,16,0.05,25,8,False,iid,0.1,0,s038,8,18.500000000000004,20.70652173913043,2.0,61.5,56,53,49,4,0,6,0.98,11.19921875,0,0,0,0,0,2867,256,16,8,8,1,209.9375,70.0
window_res8,window,none,fidelity,False,True,16,0.05,25,8,False,iid,0.1,1,s038,2,28.500000000000004,14.021739130434785,12.0,56.49999999999999,56,46,44,2,0,6,0.88,10.88671875,0,0,0,0,0,2787,256,16,8,8,1,40.4375,
window_res8,window,none,fidelity,False,True,16,0.05,25,8,False,iid,0.1,1,s038,3,17.750000000000004,7.33695652173913,4.0,66.0,56,51,48,3,0,6,0.96,10.91015625,0,0,0,0,0,2793,256,16,8,8,2,68.0625,
window_res8,window,none,fidelity,False,True,16,0.05,25,8,False,iid,0.1,1,s038,4,23.5,10.434782608695654,8.0,69.0,56,49,46,3,0,6,0.92,11.1640625,0,0,0,0,0,2858,256,16,8,8,1,96.0625,
window_res8,window,none,fidelity,False,True,16,0.05,25,8,False,iid,0.1,1,s038,5,20.0,14.021739130434785,4.0,64.5,56,52,48,4,0,6,0.96,11.0859375,0,0,0,0,0,2838,256,16,8,8,1,124.0625,
window_res8,window,none,fidelity,False,True,16,0.05,25,8,False,iid,0.1,1,s038,6,16.000000000000004,10.434782608695654,0.0,64.5,56,54,50,4,0,6,1.0,10.47265625,0,0,0,0,0,2681,256,16,8,8,0,152.0625,
window_res8,window,none,fidelity,False,True,16,0.05,25,8,False,iid,0.1,1,s038,7,20.249999999999996,11.684782608695654,8.0,61.0,56,49,46,3,0,6,0.92,10.62890625,0,0,0,0,0,2721,256,16,8,8,0,180.4375,
window_res8,window,none,fidelity,False,True,16,0.05,25,8,False,iid,0.1,1,s038,8,19.749999999999996,15.108695652173914,0.0,66.5,56,56,50,6,0,6,1.0,11.125,0,0,0,0,0,2848,256,16,8,8,2,208.0625,98.0
window_res8,window,none,fidelity,False,True,16,0.05,25,8,False,iid,0.1,2,s038,2,27.500000000000004,22.1195652173913,14.000000000000002,48.0,56,45,43,2,0,6,0.86,10.1953125,0,0,0,0,0,2610,256,16,8,8,0,42.5,
window_res8,window,none,fidelity,False,True,16,0.05,25,8,False,iid,0.1,2,s038,3,16.000000000000004,5.923913043478259,6.0,44.5,56,49,47,2,0,6,0.94,11.171875,0,0,0,0,0,2860,256,16,8,8,1,70.0,
window_res8,window,none,fidelity,False,True,16,0.05,25,8,False,iid,0.1,2,s038,4,21.999999999999996,11.684782608695654,8.0,53.0,56,46,46,0,0,6,0.92,11.50390625,0,0,0,0,0,2945,256,16,8,8,0,98.3125,
window_res8,window,none,fidelity,False,True,16,0.05,25,8,False,iid,0.1,2,s038,5,16.500000000000004,8.260869565217389,4.0,53.0,56,50,48,2,0,6,0.96,11.62890625,0,0,0,0,0,2977,256,16,8,8,1,125.9375,
window_res8,window,none,fidelity,False,True,16,0.05,25,8,False,iid,0.1,2,s038,6,15.750000000000004,10.597826086956525,0.0,54.50000000000001,56,54,50,4,0,6,1.0,10.43359375,0,0,0,0,0,2671,256,16,8,8,0,153.9375,
window_res8,window,none,fidelity,False,True,16,0.05,25,8,False,iid,0.1,2,s038,7,18.250000000000004,17.445652173913043,8.0,50.0,56,50,46,4,0,6,0.92,10.8515625,0,0,0,0,0,2778,256,16,8,8,0,182.375,
window_res8,window,none,fidelity,False,True,16,0.05,25,8,False,iid,0.1,2,s038,8,19.749999999999996,12.771739130434783,0.0,60.0,56,54,50,4,0,6,1.0,11.48828125,0,0,0,0,0,2941,256,16,8,8,1,209.9375,44.0
aeqkad_res4,window,full,fidelity,False,True,16,0.05,25,4,False,iid,0.1,0,s039,2,14.000000000000002,2.1739130434782594,16.0,27.500000000000004,56,35,35,0,0,6,0.7,13.0859375,42,7,0,0,0,3350,256,16,4,4,0,26.4375,
aeqkad_res4,window,full,fidelity,False,True,16,0.05,25,4,False,iid,0.1,0,s039,3,17.750000000000004,0.0,20.0,11.5,56,38,37,1,0,6,0.74,10.16015625,42,4,0,0,0,2601,256,16,4,4,0,40.5,
aeqkad_res4,window,full,fidelity,False,True,16,0.05,25,4,False,iid,0.1,0,s039,4,18.250000000000004,0.0,20.0,16.5,56,34,34,0,0,6,0.68,10.55859375,40,6,0,0,0,2703,256,16,4,4,0,54.25,
aeqkad_res4,window,full,fidelity,False,True,16,0.05,25,4,False,iid,0.1,0,s039,5,11.75,2.33695652173913,8.0,17.5,56,37,37,0,0,6,0.74,11.03125,47,10,0,0,0,2824,256,16,4,4,0,68.125,
aeqkad_res4,window,full,fidelity,False,True,16,0.05,25,4,False,iid,0.1,0,s039,6,9.749999999999998,0.0,10.0,10.0,56,41,41,0,0,6,0.82,10.0,45,4,0,0,0,2560,256,16,4,4,0,80.5625,
aeqkad_res4,window,full,fidelity,False,True,16,0.05,25,4,False,iid,0.1,0,s039,7,9.25,0.0,14.000000000000002,13.0,56,42,41,1,0,6,0.82,10.94921875,44,2,0,0,0,2803,256,16,4,4,1,96.0,
aeqkad_res4,window,full,fidelity,False,True,16,0.05,25,4,False,iid,0.1,0,s039,8,18.250000000000004,4.67391304347826,20.0,16.5,56,36,36,0,0,6,0.72,12.0390625,41,5,0,0,0,3082,256,16,4,4,0,111.75,18.0
aeqkad_res4,window,full,fidelity,False,True,16,0.05,25,4,False,iid,0.1,1,s039,2,16.500000000000004,4.67391304347826,12.0,24.5,56,36,36,0,0,6,0.72,13.046875,46,10,0,0,0,3340,256,16,4,4,0,25.5,
aeqkad_res4,window,full,fidelity,False,True,16,0.05,25,4,False,iid,0.1,1,s039,3,20.749999999999996,0.0,20.0,15.5,56,37,37,0,0,6,0.74,9.90234375,41,4,0,0,0,2535,256,16,4,4,0,40.8125,
aeqkad_res4,window,full,fidelity,False,True,16,0.05,25,4,False,iid,0.1,1,s039,4,20.0,3.423913043478259,18.0,17.0,56,35,35,0,0,6,0.7,10.49609375,41,6,0,0,0,2687,256,16,4,4,0,52.375,
aeqkad_res4,window,full,fidelity,False,True,16,0.05,25,4,False,iid,0.1,1,s039,5,12.5,1.0869565217391297,8.0,17.0,56,38,38,0,0,6,0.76,10.7734375,48,10,0,0,0,2758,256,16,4,4,0,67.3125,
aeqkad_res4,window,full,fidelity,False,True,16,0.05,25,4,False,iid,0.1,1,s039,6,9.499999999999998,0.0,10.0,11.5,56,41,41,0,0,6,0.82,10.49609375,45,4,0,0,0,2687,256,16,4,4,0,80.375,
aeqkad_res4,window,full,fidelity,False,True,16,0.05,25,4,False,iid,0.1,1,s039,7,8.0,0.0,14.000000000000002,9.5,56,41,41,0,0,6,0.82,10.71875,43,2,0,0,0,2744,256,16,4,4,0,95.4375,
aeqkad_res4,window,full,fidelity,False,True,16,0.05,25,4,False,iid,0.1,1,s039,8,17.000000000000004,2.33695652173913,20.0,16.0,56,36,36,0,0,6,0.72,11.953125,41,5,0,0,0,3060,256,16,4,4,0,111.4375,20.0
aeqkad_res4,window,full,fidelity,False,True,16,0.05,25,4,False,iid,0.1,2,s039,2,18.25,4.67391304347826,16.0,20.0,56,37,36,1,0,6,0.72,12.8671875,44,7,0,0,0,3294,256,16,4,4,0,25.375,
aeqkad_res4,window,full,fidelity,False,True,16,0.05,25,4,False,iid,0.1,2,s039,3,18.250000000000004,0.0,20.0,11.0,56,37,37,0,0,6,0.74,10.2265625,40,3,0,0,0,2618,256,16,4,4,0,40.5625,
aeqkad_res4,window,full,fidelity,False,True,16,0.05,25,4,False,iid,0.1,2,s039,4,18.750000000000004,0.0,20.0,10.0,56,35,35,0,0,6,0.7,10.76171875,40,5,0,0,0,2755,256,16,4,4,0,53.375,
aeqkad_res4,window,full,fidelity,False,True,16,0.05,25,4,False,iid,0.1,2,s039,5,9.749999999999998,0.0,8.0,10.5,56,39,38,1,0,6,0.76,11.1640625,48,9,0,0,0,2858,256,16,4,4,0,68.0625,
aeqkad_res4,window,full,fidelity,False,True,16,0.05,25,4,False,iid,0.1,2,s039,6,11.75,0.0,12.0,11.0,56,41,41,0,0,6,0.82,10.01953125,44,3,0,0,0,2565,256,16,4,4,0,81.0,
aeqkad_res4,window,full,fidelity,False,True,16,0.05,25,4,False,iid,0.1,2,s039,7,8.5,0.0,14.000000000000002,11.5,56,41,41,0,0,6,0.82,10.640625,43,2,0,0,0,2724,256,16,4,4,0,94.9375,
aeqkad_res4,window,full,fidelity,False,True,16,0.05,25,4,False,iid,0.1,2,s039,8,21.499999999999996,2.33695652173913,24.0,14.499999999999998,56,36,36,0,0,6,0.72,12.37890625,38,2,0,0,0,3169,256,16,4,4,0,111.75,0.0
aeqkad_res8,window,full,fidelity,False,True,16,0.05,25,8,False,iid,0.1,0,s039,2,17.750000000000004,14.021739130434785,10.0,31.5,56,33,33,0,0,6,0.66,11.75,46,13,0,0,0,3008,256,16,8,8,0,41.125,
aeqkad_res8,window,full,fidelity,False,True,16,0.05,25,8,False,iid,0.1,0,s039,3,18.250000000000004,0.0,20.0,14.499999999999998,56,38,37,1,0,6,0.74,9.80859375,42,4,0,0,0,2511,256,16,8,8,0,69.8125,
aeqkad_res8,window,full,fidelity,False,True,16,0.05,25,8,False,iid,0.1,0,s039,4,21.249999999999996,3.423913043478259,20.0,21.0,56,36,36,0,0,6,0.72,9.9296875,40,4,1,0,0,2542,256,16,8,8,0,97.75,
aeqkad_res8,window,full,fidelity,False,True,16,0.05,25,8,False,iid,0.1,0,s039,5,13.750000000000002,2.33695652173913,6.0,22.5,56,39,39,0,0,6,0.78,10.828125,49,10,0,0,0,2772,256,16,8,8,0,125.3125,
aeqkad_res8,window,full,fidelity,False,True,16,0.05,25,8,False,iid,0.1,0,s039,6,8.249999999999998,0.0,12.0,15.0,56,43,43,0,0,6,0.86,9.87890625,44,1,0,0,0,2529,256,16,8,8,0,152.625,
aeqkad_res8,window,full,fidelity,False,True,16,0.05,25,8,False,iid,0.1,0,s039,7,15.000000000000002,0.0,12.0,18.0,56,43,42,1,0,6,0.84,10.42578125,46,3,0,0,0,2669,256,16,8,8,0,181.1875,
aeqkad_res8,window,full,fidelity,False,True,16,0.05,25,8,False,iid,0.1,0,s039,8,15.500000000000004,2.33695652173913,16.0,20.5,56,38,38,0,0,6,0.76,11.0078125,43,5,0,0,0,2818,256,16,8,8,0,209.875,32.0
aeqkad_res8,window,full,fidelity,False,True,16,0.05,25,8,False,iid,0.1,1,s039,2,15.750000000000004,0.0,16.0,17.5,56,35,35,0,0,6,0.7,11.65234375,44,9,0,0,0,2983,256,16,8,8,0,41.75,
aeqkad_res8,window,full,fidelity,False,True,16,0.05,25,8,False,iid,0.1,1,s039,3,20.0,0.0,20.0,11.5,56,37,37,0,0,6,0.74,9.7578125,41,4,0,0,0,2498,256,16,8,8,0,69.75,
aeqkad_res8,window,full,fidelity,False,True,16,0.05,25,8,False,iid,0.1,1,s039,4,21.0,3.423913043478259,22.0,17.5,56,35,35,0,0,6,0.7,10.19921875,39,4,0,0,0,2611,256,16,8,8,0,96.625,
aeqkad_res8,window,full,fidelity,False,True,16,0.05,25,8,False,iid,0.1,1,s039,5,14.000000000000002,1.0869565217391297,8.0,16.0,56,39,39,0,0,6,0.78,11.01953125,47,8,0,0,0,2821,256,16,8,8,0,124.8125,
aeqkad_res8,window,full,fidelity,False,True,16,0.05,25,8,False,iid,0.1,1,s039,6,7.75,0.0,12.0,11.5,56,42,42,0,0,6,0.84,10.21484375,44,2,0,0,0,2615,256,16,8,8,0,152.625,
aeqkad_res8,window,full,fidelity,False,True,16,0.05,25,8,False,iid,0.1,1,s039,7,14.750000000000002,0.0,14.000000000000002,9.0,56,40,40,0,0,6,0.8,10.171875,44,4,0,0,0,2604,256,16,8,8,0,181.75,
aeqkad_res8,window,full,fidelity,False,True,16,0.05,25,8,False,iid,0.1,1,s039,8,23.0,2.33695652173913,22.0,13.0,56,36,36,0,0,6,0.72,11.2421875,40,4,0,0,0,2878,256,16,8,8,0,210.1875,14.000000000000002
aeqkad_res8,window,full,fidelity,False,True,16,0.05,25,8,False,iid,0.1,2,s039,2,15.750000000000004,11.684782608695654,14.000000000000002,21.5,56,35,34,1,0,6,0.68,11.7578125,46,11,1,0,0,3010,256,16,8,8,0,40.625,
aeqkad_res8,window,full,fidelity,False,True,16,0.05,25,8,False,iid,0.1,2,s039,3,16.500000000000004,0.0,20.0,9.5,56,37,37,0,0,6,0.74,9.66015625,40,3,1,0,0,2473,256,16,8,8,0,69.875,
aeqkad_res8,window,full,fidelity,False,True,16,0.05,25,8,False,iid,0.1,2,s039,4,19.499999999999996,1.25,20.0,12.0,56,36,36,0,0,6,0.72,10.17578125,41,5,4,0,0,2605,256,16,8,8,0,97.125,
aeqkad_res8,window,full,fidelity,False,True,16,0.05,25,8,False,iid,0.1,2,s039,5,12.25,0.0,10.0,14.499999999999998,56,39,39,0,0,6,0.78,11.1328125,47,8,4,0,0,2850,256,16,8,8,0,125.25,
aeqkad_res8,window,full,fidelity,False,True,16,0.05,25,8,False,iid,0.1,2,s039,6,8.5,0.0,12.0,13.5,56,43,43,0,0,6,0.86,9.921875,44,1,0,0,0,2540,256,16,8,8,0,153.0,
aeqkad_res8,window,full,fidelity,False,True,16,0.05,25,8,False,iid,0.1,2,s039,7,14.500000000000002,0.0,14.000000000000002,14.499999999999998,56,40,40,0,0,6,0.8,10.27734375,43,3,3,0,0,2631,256,16,8,8,0,181.4375,
aeqkad_res8,window,full,fidelity,False,True,16,0.05,25,8,False,iid,0.1,2,s039,8,17.000000000000004,5.760869565217389,18.0,16.5,56,38,38,0,0,6,0.76,11.24609375,42,4,1,0,0,2879,256,16,8,8,0,210.0,2.0
window_res4,window,none,fidelity,False,True,16,0.05,25,4,False,iid,0.1,0,s039,2,14.250000000000002,3.423913043478259,12.0,28.499999999999996,56,45,44,1,0,6,0.88,13.40234375,0,0,0,0,0,3431,256,16,4,4,0,25.25,
window_res4,window,none,fidelity,False,True,16,0.05,25,4,False,iid,0.1,0,s039,3,19.749999999999996,0.0,20.0,12.0,56,42,40,2,0,6,0.8,10.96484375,0,0,0,0,0,2807,256,16,4,4,0,40.5,
window_res4,window,none,fidelity,False,True,16,0.05,25,4,False,iid,0.1,0,s039,4,20.25,0.0,18.0,17.0,56,41,41,0,0,6,0.82,11.61328125,0,0,0,0,0,2973,256,16,4,4,0,54.25,
window_res4,window,none,fidelity,False,True,16,0.05,25,4,False,iid,0.1,0,s039,5,13.750000000000002,2.33695652173913,8.0,20.5,56,47,46,1,0,6,0.92,11.80078125,0,0,0,0,0,3021,256,16,4,4,1,66.8125,
window_res4,window,none,fidelity,False,True,16,0.05,25,4,False,iid,0.1,0,s039,6,8.5,0.0,12.0,11.5,56,44,44,0,0,6,0.88,10.77734375,0,0,0,0,0,2759,256,16,4,4,0,80.5625,
window_res4,window,none,fidelity,False,True,16,0.05,25,4,False,iid,0.1,0,s039,7,14.750000000000002,0.0,14.000000000000002,14.499999999999998,56,44,43,1,0,6,0.86,11.10546875,0,0,0,0,0,2843,256,16,4,4,1,95.4375,
window_res4,window,none,fidelity,False,True,16,0.05,25,4,False,iid,0.1,0,s039,8,16.500000000000004,4.67391304347826,16.0,18.5,56,43,42,1,0,6,0.84,12.4140625,0,0,0,0,0,3178,256,16,4,4,0,110.0625,22.0
window_res4,window,none,fidelity,False,True,16,0.05,25,4,False,iid,0.1,1,s039,2,18.000000000000004,3.423913043478259,10.0,26.5,56,47,45,2,0,6,0.9,13.54296875,0,0,0,0,0,3467,256,16,4,4,0,24.375,
window_res4,window,none,fidelity,False,True,16,0.05,25,4,False,iid,0.1,1,s039,3,22.749999999999996,0.0,20.0,16.0,56,41,40,1,0,6,0.8,10.66015625,0,0,0,0,0,2729,256,16,4,4,1,40.125,
window_res4,window,none,fidelity,False,True,16,0.05,25,4,False,iid,0.1,1,s039,4,20.25,2.33695652173913,18.0,18.5,56,41,41,0,0,6,0.82,11.5,0,0,0,0,0,2944,256,16,4,4,0,52.375,
window_res4,window,none,fidelity,False,True,16,0.05,25,4,False,iid,0.1,1,s039,5,14.000000000000002,1.0869565217391297,8.0,21.5,56,48,46,2,0,6,0.92,12.1015625,0,0,0,0,0,3098,256,16,4,4,1,66.5625,
window_res4,window,none,fidelity,False,True,16,0.05,25,4,False,iid,0.1,1,s039,6,9.499999999999998,0.0,10.0,13.0,56,45,45,0,0,6,0.9,10.87109375,0,0,0,0,0,2783,256,16,4,4,0,80.375,
window_res4,window,none,fidelity,False,True,16,0.05,25,4,False,iid,0.1,1,s039,7,13.5,0.0,14.000000000000002,12.0,56,43,43,0,0,6,0.86,10.76171875,0,0,0,0,0,2755,256,16,4,4,0,94.875,
window_res4,window,none,fidelity,False,True,16,0.05,25,4,False,iid,0.1,1,s039,8,18.000000000000004,2.33695652173913,16.0,22.0,56,43,42,1,0,6,0.84,12.12109375,0,0,0,0,0,3103,256,16,4,4,0,109.875,24.0
window_res4,window,none,fidelity,False,True,16,0.05,25,4,False,iid,0.1,2,s039,2,12.5,4.67391304347826,12.0,20.0,56,46,44,2,0,6,0.88,13.65625,0,0,0,0,0,3496,256,16,4,4,0,24.4375,
window_res4,window,none,fidelity,False,True,16,0.05,25,4,False,iid,0.1,2,s039,3,18.000000000000004,0.0,20.0,11.0,56,40,40,0,0,6,0.8,10.64453125,0,0,0,0,0,2725,256,16,4,4,0,40.5625,
window_res4,window,none,fidelity,False,True,16,0.05,25,4,False,iid,0.1,2,s039,4,18.500000000000004,0.0,18.0,11.0,56,41,41,0,0,6,0.82,11.625,0,0,0,0,0,2976,256,16,4,4,0,53.375,
window_res4,window,none,fidelity,False,True,16,0.05,25,4,False,iid,0.1,2,s039,5,11.75,0.0,8.0,13.0,56,48,46,2,0,6,0.92,11.6328125,0,0,0,0,0,2978,256,16,4,4,1,66.625,
window_res4,window,none,fidelity,False,True,16,0.05,25,4,False,iid,0.1,2,s039,6,8.0,0.0,12.0,12.5,56,44,44,0,0,6,0.88,10.7734375,0,0,0,0,0,2758,256,16,4,4,0,81.0,
window_res4,window,none,fidelity,False,True,16,0.05,25,4,False,iid,0.1,2,s039,7,16.5,0.0,14.000000000000002,12.0,56,43,43,0,0,6,0.86,10.77734375,0,0,0,0,0,2759,256,16,4,4,0,94.375,
window_res4,window,none,fidelity,False,True,16,0.05,25,4,False,iid,0.1,2,s039,8,17.750000000000004,2.33695652173913,18.0,15.0,56,42,41,1,0,6,0.82,12.03125,0,0,0,0,0,3080,256,16,4,4,0,110.125,2.0
window_res8,window,none,fidelity,False,True,16,0.05,25,8,False,iid,0.1,0,s039,2,18.500000000000004,4.67391304347826,14.000000000000002,29.5,56,44,43,1,0,6,0.86,11.70703125,0,0,0,0,0,2997,256,16,8,8,0,41.125,
window_res8,window,none,fidelity,False,True,16,0.05,25,8,False,iid,0.1,0,s039,3,14.250000000000002,0.0,18.0,18.0,56,43,41,2,0,6,0.82,10.390625,0,0,0,0,0,2660,256,16,8,8,0,69.8125,
window_res8,window,none,fidelity,False,True,16,0.05,25,8,False,iid,0.1,0,s039,4,17.250000000000004,3.423913043478259,18.0,21.5,56,41,41,0,0,6,0.82,10.33203125,0,0,0,0,0,2645,256,16,8,8,0,97.75,
window_res8,window,none,fidelity,False,True,16,0.05,25,8,False,iid,0.1,0,s039,5,14.000000000000002,1.0869565217391297,8.0,25.5,56,49,46,3,0,6,0.92,11.390625,0,0,0,0,0,2916,256,16,8,8,1,124.6875,
window_res8,window,none,fidelity,False,True,16,0.05,25,8,False,iid,0.1,0,s039,6,8.75,0.0,12.0,15.5,56,44,44,0,0,6,0.88,9.890625,0,0,0,0,0,2532,256,16,8,8,0,152.625,
window_res8,window,none,fidelity,False,True,16,0.05,25,8,False,iid,0.1,0,s039,7,14.250000000000002,0.0,10.0,20.0,56,47,45,2,0,6,0.9,10.4296875,0,0,0,0,0,2670,256,16,8,8,1,180.6875,
window_res8,window,none,fidelity,False,True,16,0.05,25,8,False,iid,0.1,0,s039,8,18.500000000000004,1.0869565217391297,16.0,21.0,56,43,42,1,0,6,0.84,11.1640625,0,0,0,0,0,2858,256,16,8,8,0,209.25,24.0
window_res8,window,none,fidelity,False,True,16,0.05,25,8,False,iid,0.1,1,s039,2,16.500000000000004,0.0,14.000000000000002,18.0,56,45,43,2,0,6,0.86,11.82421875,0,0,0,0,0,3027,256,16,8,8,0,40.625,
window_res8,window,none,fidelity,False,True,16,0.05,25,8,False,iid,0.1,1,s039,3,18.500000000000004,0.0,20.0,12.0,56,41,40,1,0,6,0.8,10.0546875,0,0,0,0,0,2574,256,16,8,8,1,69.4375,
window_res8,window,none,fidelity,False,True,16,0.05,25,8,False,iid,0.1,1,s039,4,19.25,4.67391304347826,18.0,17.5,56,41,41,0,0,6,0.82,10.5703125,0,0,0,0,0,2706,256,16,8,8,0,96.625,
window_res8,window,none,fidelity,False,True,16,0.05,25,8,False,iid,0.1,1,s039,5,15.750000000000004,1.0869565217391297,8.0,19.0,56,47,46,1,0,6,0.92,11.55859375,0,0,0,0,0,2959,256,16,8,8,0,124.625,
window_res8,window,none,fidelity,False,True,16,0.05,25,8,False,iid,0.1,1,s039,6,7.75,0.0,12.0,12.0,56,44,44,0,0,6,0.88,10.05078125,0,0,0,0,0,2573,256,16,8,8,0,152.625,
window_res8,window,none,fidelity,False,True,16,0.05,25,8,False,iid,0.1,1,s039,7,13.0,0.0,12.0,10.5,56,45,44,1,0,6,0.88,10.671875,0,0,0,0,0,2732,256,16,8,8,0,180.875,
window_res8,window,none,fidelity,False,True,16,0.05,25,8,False,iid,0.1,1,s039,8,18.750000000000004,1.25,18.0,14.499999999999998,56,42,41,1,0,6,0.82,11.33984375,0,0,0,0,0,2903,256,16,8,8,0,209.25,20.0
window_res8,window,none,fidelity,False,True,16,0.05,25,8,False,iid,0.1,2,s039,2,14.500000000000002,0.0,14.000000000000002,18.5,56,45,43,2,0,6,0.86,12.03515625,0,0,0,0,0,3081,256,16,8,8,0,40.625,
window_res8,window,none,fidelity,False,True,16,0.05,25,8,False,iid,0.1,2,s039,3,16.000000000000004,0.0,20.0,11.0,56,40,40,0,0,6,0.8,10.00390625,0,0,0,0,0,2561,256,16,8,8,0,69.875,
window_res8,window,none,fidelity,False,True,16,0.05,25,8,False,iid,0.1,2,s039,4,18.250000000000004,1.25,20.0,11.5,56,40,40,0,0,6,0.8,10.73046875,0,0,0,0,0,2747,256,16,8,8,0,97.125,
window_res8,window,none,fidelity,False,True,16,0.05,25,8,False,iid,0.1,2,s039,5,13.750000000000002,0.0,10.0,17.5,56,47,45,2,0,6,0.9,11.2109375,0,0,0,0,0,2870,256,16,8,8,1,124.625,
window_res8,window,none,fidelity,False,True,16,0.05,25,8,False,iid,0.1,2,s039,6,8.249999999999998,0.0,12.0,14.499999999999998,56,44,44,0,0,6,0.88,10.0390625,0,0,0,0,0,2570,256,16,8,8,0,153.0,
window_res8,window,none,fidelity,False,True,16,0.05,25,8,False,iid,0.1,2,s039,7,14.000000000000002,0.0,12.0,14.499999999999998,56,44,44,0,0,6,0.88,10.65625,0,0,0,0,0,2728,256,16,8,8,0,180.625,
window_res8,window,none,fidelity,False,True,16,0.05,25,8,False,iid,0.1,2,s039,8,17.250000000000004,7.01086956521739,18.0,18.5,56,42,41,1,0,6,0.82,11.390625,0,0,0,0,0,2916,256,16,8,8,0,209.375,2.0
aeqkad_res4,window,full,fidelity,False,True,16,0.05,25,4,False,iid,0.1,0,s040,2,19.499999999999996,5.760869565217389,10.0,62.5,56,38,37,1,0,6,0.74,13.39453125,48,10,0,0,0,3429,256,16,4,4,0,24.375,
aeqkad_res4,window,full,fidelity,False,True,16,0.05,25,4,False,iid,0.1,0,s040,3,40.5,23.04347826086957,22.0,67.5,56,28,26,2,0,6,0.52,12.85546875,42,14,0,0,0,3291,256,16,4,4,2,42.0,
aeqkad_res4,window,full,fidelity,False,True,16,0.05,25,4,False,iid,0.1,0,s040,4,38.0,25.543478260869566,12.0,85.0,56,37,35,2,0,6,0.7,13.12109375,49,12,0,0,0,3359,256,16,4,4,1,51.75,
aeqkad_res4,window,full,fidelity,False,True,16,0.05,25,4,False,iid,0.1,0,s040,5,36.75,17.445652173913043,14.000000000000002,69.0,56,32,32,0,0,6,0.64,12.23046875,49,17,0,0,0,3131,256,16,4,4,0,66.0,
aeqkad_res4,window,full,fidelity,False,True,16,0.05,25,4,False,iid,0.1,0,s040,6,29.75,5.923913043478259,14.000000000000002,60.0,56,35,35,0,0,6,0.7,11.6953125,46,11,0,0,0,2994,256,16,4,4,0,79.6875,
aeqkad_res4,window,full,fidelity,False,True,16,0.05,25,4,False,iid,0.1,0,s040,7,22.249999999999996,6.847826086956524,12.0,76.5,56,42,40,2,0,6,0.8,12.1875,50,8,0,0,0,3120,256,16,4,4,0,94.375,
aeqkad_res4,window,full,fidelity,False,True,16,0.05,25,4,False,iid,0.1,0,s040,8,34.0,9.184782608695654,22.0,70.0,56,36,33,3,0,6,0.66,11.7890625,44,8,0,0,0,3018,256,16,4,4,2,110.375,90.0
aeqkad_res4,window,full,fidelity,False,True,16,0.05,25,4,False,iid,0.1,1,s040,2,21.999999999999996,7.01086956521739,10.0,63.0,56,38,38,0,0,6,0.76,13.734375,47,9,0,0,0,3516,256,16,4,4,0,24.375,
aeqkad_res4,window,full,fidelity,False,True,16,0.05,25,4,False,iid,0.1,1,s040,3,42.00000000000001,26.79347826086957,18.0,82.0,56,35,30,5,0,6,0.6,13.24609375,47,11,0,0,1,3391,256,16,4,4,2,41.1875,
aeqkad_res4,window,full,fidelity,False,True,16,0.05,25,4,False,iid,0.1,1,s040,4,31.999999999999996,15.108695652173914,4.0,79.0,56,39,37,2,0,6,0.74,12.83984375,53,14,0,0,0,3287,256,16,4,4,1,51.6875,
aeqkad_res4,window,full,fidelity,False,True,16,0.05,25,4,False,iid,0.1,1,s040,5,33.5,21.956521739130434,16.0,74.5,56,35,33,2,0,6,0.66,12.74609375,46,11,0,0,0,3263,256,16,4,4,0,66.6875,
aeqkad_res4,window,full,fidelity,False,True,16,0.05,25,4,False,iid,0.1,1,s040,6,31.999999999999996,21.032608695652172,14.000000000000002,77.5,56,39,35,4,0,6,0.7,12.14453125,48,9,0,0,0,3109,256,16,4,4,0,80.25,
aeqkad_res4,window,full,fidelity,False,True,16,0.05,25,4,False,iid,0.1,1,s040,7,21.249999999999996,9.347826086956525,8.0,72.5,56,43,42,1,0,6,0.84,11.6640625,48,5,0,0,0,2986,256,16,4,4,0,93.0625,
aeqkad_res4,window,full,fidelity,False,True,16,0.05,25,4,False,iid,0.1,1,s040,8,34.75,14.021739130434785,26.0,71.0,56,35,33,2,0,6,0.66,11.55859375,40,5,0,0,0,2959,256,16,4,4,0,112.375,76.0
aeqkad_res4,window,full,fidelity,False,True,16,0.05,25,4,False,iid,0.1,2,s040,2,19.749999999999996,7.01086956521739,10.0,67.5,56,36,36,0,0,6,0.72,13.62109375,50,14,0,0,0,3487,256,16,4,4,0,24.0625,
aeqkad_res4,window,full,fidelity,False,True,16,0.05,25,4,False,iid,0.1,2,s040,3,39.75,24.456521739130434,24.0,61.0,56,27,26,1,0,6,0.52,12.9296875,43,16,0,0,0,3310,256,16,4,4,1,42.625,
aeqkad_res4,window,full,fidelity,False,True,16,0.05,25,4,False,iid,0.1,2,s040,4,39.75,29.130434782608695,12.0,81.5,56,33,31,2,0,6,0.62,12.1171875,47,14,0,0,0,3102,256,16,4,4,0,52.1875,
aeqkad_res4,window,full,fidelity,False,True,16,0.05,25,4,False,iid,0.1,2,s040,5,33.5,5.597826086956524,16.0,68.0,56,27,27,0,0,6,0.54,11.87109375,45,18,0,0,0,3039,256,16,4,4,0,70.875,
aeqkad_res4,window,full,fidelity,False,True,16,0.05,25,4,False,iid,0.1,2,s040,6,27.750000000000004,11.684782608695654,18.0,56.49999999999999,56,34,34,0,0,6,0.68,11.21875,45,11,0,0,0,2872,256,16,4,4,0,79.375,
aeqkad_res4,window,full,fidelity,False,True,16,0.05,25,4,False,iid,0.1,2,s040,7,18.999999999999996,7.01086956521739,12.0,74.5,56,40,40,0,0,6,0.8,11.76953125,48,8,0,0,0,3013,256,16,4,4,0,94.0625,
aeqkad_res4,window,full,fidelity,False,True,16,0.05,25,4,False,iid,0.1,2,s040,8,39.25,33.80434782608695,30.0,50.5,56,20,20,0,0,6,0.4,11.0625,38,18,0,0,0,2832,256,16,4,4,0,121.75,74.0
aeqkad_res8,window,full,fidelity,False,True,16,0.05,25,8,False,iid,0.1,0,s040,2,19.249999999999996,8.097826086956525,10.0,56.99999999999999,56,41,39,2,0,6,0.78,11.5703125,50,9,4,0,0,2962,256,16,8,8,0,41.0625,
aeqkad_res8,window,full,fidelity,False,True,16,0.05,25,8,False,iid,0.1,0,s040,3,40.25,17.445652173913043,20.0,72.0,56,33,31,2,0,6,0.62,11.328125,44,10,4,0,1,2900,256,16,8,8,2,71.4375,
aeqkad_res8,window,full,fidelity,False,True,16,0.05,25,8,False,iid,0.1,0,s040,4,26.5,11.521739130434785,12.0,77.0,56,40,40,0,0,6,0.8,11.65234375,47,7,4,0,0,2983,256,16,8,8,0,97.125,
aeqkad_res8,window,full,fidelity,False,True,16,0.05,25,8,False,iid,0.1,0,s040,5,40.0,15.108695652173914,18.0,71.0,56,34,32,2,0,6,0.64,10.9140625,45,11,1,0,0,2794,256,16,8,8,0,125.9375,
aeqkad_res8,window,full,fidelity,False,True,16,0.05,25,8,False,iid,0.1,0,s040,6,27.0,12.771739130434783,12.0,57.99999999999999,56,38,36,2,0,6,0.72,9.83203125,47,9,6,0,0,2517,256,16,8,8,0,152.875,
aeqkad_res8,window,full,fidelity,False,True,16,0.05,25,8,False,iid,0.1,0,s040,7,23.5,10.434782608695654,12.0,81.5,56,44,42,2,0,6,0.84,10.3671875,49,5,6,0,0,2654,256,16,8,8,0,181.25,
aeqkad_res8,window,full,fidelity,False,True,16,0.05,25,8,False,iid,0.1,0,s040,8,32.25,10.434782608695654,22.0,66.5,56,37,33,4,0,6,0.66,10.1328125,44,7,3,0,0,2594,256,16,8,8,2,210.5625,90.0
aeqkad_res8,window,full,fidelity,False,True,16,0.05,25,8,False,iid,0.1,1,s040,2,21.499999999999996,7.01086956521739,10.0,56.99999999999999,56,41,41,0,0,6,0.82,11.8203125,48,6,31,0,1,3026,256,16,8,8,0,40.75,
aeqkad_res8,window,full,fidelity,False,True,16,0.05,25,8,False,iid,0.1,1,s040,3,32.49999999999999,10.434782608695654,22.0,70.5,56,39,37,2,0,6,0.74,11.6328125,44,3,26,0,2,2978,256,16,8,8,1,70.125,
aeqkad_res8,window,full,fidelity,False,True,16,0.05,25,8,False,iid,0.1,1,s040,4,26.5,10.271739130434785,12.0,75.5,56,42,40,2,0,6,0.8,11.95703125,47,5,26,0,0,3061,256,16,8,8,0,97.125,
aeqkad_res8,window,full,fidelity,False,True,16,0.05,25,8,False,iid,0.1,1,s040,5,39.75,12.771739130434783,18.0,65.0,56,33,32,1,0,6,0.64,10.82421875,45,12,23,0,0,2771,256,16,8,8,0,126.375,
aeqkad_res8,window,full,fidelity,False,True,16,0.05,25,8,False,iid,0.1,1,s040,6,32.75,18.532608695652172,12.0,73.5,56,42,38,4,0,6,0.76,10.50390625,49,7,29,0,0,2689,256,16,8,8,0,152.8125,
aeqkad_res8,window,full,fidelity,False,True,16,0.05,25,8,False,iid,0.1,1,s040,7,22.249999999999996,16.521739130434785,14.000000000000002,72.5,56,43,42,1,0,6,0.84,10.1953125,45,2,31,0,0,2610,256,16,8,8,0,180.75,
aeqkad_res8,window,full,fidelity,False,True,16,0.05,25,8,False,iid,0.1,1,s040,8,30.75,14.021739130434785,22.0,69.5,56,38,36,2,0,6,0.72,10.50390625,42,4,29,0,0,2689,256,16,8,8,0,211.5625,78.0
aeqkad_res8,window,full,fidelity,False,True,16,0.05,25,8,False,iid,0.1,2,s040,2,24.25,19.6195652173913,10.0,61.5,56,45,41,4,0,6,0.82,12.125,50,5,36,0,0,3104,256,16,8,8,0,40.75,
aeqkad_res8,window,full,fidelity,False,True,16,0.05,25,8,False,iid,0.1,2,s040,3,36.25,25.706521739130434,22.0,73.5,56,42,37,5,0,6,0.74,11.65625,44,2,31,0,0,2984,256,16,8,8,1,69.75,
aeqkad_res8,window,full,fidelity,False,True,16,0.05,25,8,False,iid,0.1,2,s040,4,25.75,12.771739130434783,14.000000000000002,69.0,56,40,40,0,0,6,0.8,11.92578125,44,4,33,0,0,3053,256,16,8,8,0,97.25,
aeqkad_res8,window,full,fidelity,False,True,16,0.05,25,8,False,iid,0.1,2,s040,5,30.75,5.597826086956524,20.0,60.5,56,34,32,2,0,6,0.64,10.98046875,42,8,25,0,0,2811,256,16,8,8,2,126.25,
aeqkad_res8,window,full,fidelity,False,True,16,0.05,25,8,False,iid,0.1,2,s040,6,21.249999999999996,10.434782608695654,16.0,53.0,56,39,38,1,0,6,0.76,9.9453125,45,6,29,0,0,2546,256,16,8,8,0,152.8125,
aeqkad_res8,window,full,fidelity,False,True,16,0.05,25,8,False,iid,0.1,2,s040,7,17.750000000000004,11.684782608695654,14.000000000000002,71.0,56,43,42,1,0,6,0.84,10.49609375,46,3,40,0,0,2687,256,16,8,8,0,181.1875,
aeqkad_res8,window,full,fidelity,False,True,16,0.05,25,8,False,iid,0.1,2,s040,8,27.499999999999996,19.945652173913043,22.0,68.0,56,38,36,2,0,6,0.72,10.34375,42,4,31,0,0,2648,256,16,8,8,0,210.4375,12.0
window_res4,window,none,fidelity,False,True,16,0.05,25,4,False,iid,0.1,0,s040,2,20.249999999999996,15.108695652173914,10.0,65.5,56,49,45,4,0,6,0.9,13.92578125,0,0,0,0,0,3565,256,16,4,4,0,23.6875,
window_res4,window,none,fidelity,False,True,16,0.05,25,4,False,iid,0.1,0,s040,3,38.25,19.782608695652172,22.0,77.5,56,43,39,4,0,6,0.78,13.69140625,0,0,0,0,0,3505,256,16,4,4,2,38.1875,
window_res4,window,none,fidelity,False,True,16,0.05,25,4,False,iid,0.1,0,s040,4,35.75,18.532608695652172,14.000000000000002,87.5,56,48,43,5,0,6,0.86,14.3359375,0,0,0,0,0,3670,256,16,4,4,0,51.6875,
window_res4,window,none,fidelity,False,True,16,0.05,25,4,False,iid,0.1,0,s040,5,31.25,12.934782608695656,12.0,79.0,56,49,44,5,0,6,0.88,14.078125,0,0,0,0,0,3604,256,16,4,4,0,65.25,
window_res4,window,none,fidelity,False,True,16,0.05,25,4,False,iid,0.1,0,s040,6,25.5,14.021739130434785,10.0,73.5,56,48,45,3,0,6,0.9,12.7890625,0,0,0,0,0,3274,256,16,4,4,1,79.0625,
window_res4,window,none,fidelity,False,True,16,0.05,25,4,False,iid,0.1,0,s040,7,22.499999999999996,10.597826086956525,8.0,80.0,56,51,46,5,0,6,0.92,12.57421875,0,0,0,0,0,3219,256,16,4,4,2,93.0625,
window_res4,window,none,fidelity,False,True,16,0.05,25,4,False,iid,0.1,0,s040,8,26.499999999999996,16.358695652173914,18.0,82.5,56,46,41,5,0,6,0.82,12.69921875,0,0,0,0,0,3251,256,16,4,4,2,110.125,90.0
window_res4,window,none,fidelity,False,True,16,0.05,25,4,False,iid,0.1,1,s040,2,19.499999999999996,4.510869565217389,10.0,66.0,56,47,45,2,0,6,0.9,13.96875,0,0,0,0,0,3576,256,16,4,4,1,23.0625,
window_res4,window,none,fidelity,False,True,16,0.05,25,4,False,iid,0.1,1,s040,3,42.50000000000001,27.8804347826087,20.0,82.5,56,46,40,6,0,6,0.8,13.7890625,0,0,0,0,0,3530,256,16,4,4,2,38.0,
window_res4,window,none,fidelity,False,True,16,0.05,25,4,False,iid,0.1,1,s040,4,30.500000000000004,16.358695652173914,8.0,86.5,56,50,46,4,0,6,0.92,13.8828125,0,0,0,0,0,3554,256,16,4,4,1,51.0625,
window_res4,window,none,fidelity,False,True,16,0.05,25,4,False,iid,0.1,1,s040,5,35.5,15.271739130434783,14.000000000000002,77.5,56,47,43,4,0,6,0.86,13.515625,0,0,0,0,0,3460,256,16,4,4,0,65.875,
window_res4,window,none,fidelity,False,True,16,0.05,25,4,False,iid,0.1,1,s040,6,37.5,19.782608695652172,10.0,76.5,56,50,45,5,0,6,0.9,12.7734375,0,0,0,0,0,3270,256,16,4,4,0,79.0625,
window_res4,window,none,fidelity,False,True,16,0.05,25,4,False,iid,0.1,1,s040,7,21.249999999999996,9.347826086956525,8.0,79.5,56,49,46,3,0,6,0.92,12.4375,0,0,0,0,0,3184,256,16,4,4,0,93.0625,
window_res4,window,none,fidelity,False,True,16,0.05,25,4,False,iid,0.1,1,s040,8,25.5,15.271739130434783,20.0,82.5,56,46,40,6,0,6,0.8,12.234375,0,0,0,0,0,3132,256,16,4,4,4,108.4375,82.0
window_res4,window,none,fidelity,False,True,16,0.05,25,4,False,iid,0.1,2,s040,2,26.0,18.532608695652172,10.0,75.5,56,50,45,5,0,6,0.9,14.0859375,0,0,0,0,0,3606,256,16,4,4,1,23.0625,
window_res4,window,none,fidelity,False,True,16,0.05,25,4,False,iid,0.1,2,s040,3,40.25,30.217391304347828,22.0,81.5,56,44,39,5,0,6,0.78,14.01171875,0,0,0,0,0,3587,256,16,4,4,2,38.1875,
window_res4,window,none,fidelity,False,True,16,0.05,25,4,False,iid,0.1,2,s040,4,35.75,22.1195652173913,12.0,82.0,56,47,44,3,0,6,0.88,14.34375,0,0,0,0,0,3672,256,16,4,4,0,52.0625,
window_res4,window,none,fidelity,False,True,16,0.05,25,4,False,iid,0.1,2,s040,5,29.75,17.282608695652176,14.000000000000002,78.5,56,47,43,4,0,6,0.86,13.3515625,0,0,0,0,0,3418,256,16,4,4,2,66.1875,
window_res4,window,none,fidelity,False,True,16,0.05,25,4,False,iid,0.1,2,s040,6,28.500000000000004,12.771739130434783,14.000000000000002,69.5,56,47,43,4,0,6,0.86,13.03125,0,0,0,0,0,3336,256,16,4,4,0,79.0625,
window_res4,window,none,fidelity,False,True,16,0.05,25,4,False,iid,0.1,2,s040,7,18.5,6.847826086956524,12.0,80.5,56,47,44,3,0,6,0.88,12.61328125,0,0,0,0,0,3229,256,16,4,4,1,93.0625,
window_res4,window,none,fidelity,False,True,16,0.05,25,4,False,iid,0.1,2,s040,8,37.0,18.695652173913043,20.0,77.5,56,46,40,6,0,6,0.8,12.73046875,0,0,0,0,0,3259,256,16,4,4,0,109.75,18.0
window_res8,window,none,fidelity,False,True,16,0.05,25,8,False,iid,0.1,0,s040,2,21.749999999999996,9.347826086956525,10.0,60.0,56,51,45,6,0,6,0.9,11.63671875,0,0,0,0,0,2979,256,16,8,8,1,40.75,
window_res8,window,none,fidelity,False,True,16,0.05,25,8,False,iid,0.1,0,s040,3,38.25,22.1195652173913,16.0,84.0,56,48,42,6,0,6,0.84,11.84765625,0,0,0,0,0,3033,256,16,8,8,1,69.375,
window_res8,window,none,fidelity,False,True,16,0.05,25,8,False,iid,0.1,0,s040,4,30.000000000000004,14.021739130434785,12.0,88.5,56,49,44,5,0,6,0.88,12.16796875,0,0,0,0,0,3115,256,16,8,8,0,97.125,
window_res8,window,none,fidelity,False,True,16,0.05,25,8,False,iid,0.1,0,s040,5,32.25,12.934782608695656,16.0,74.5,56,47,42,5,0,6,0.84,11.1875,0,0,0,0,0,2864,256,16,8,8,0,125.3125,
window_res8,window,none,fidelity,False,True,16,0.05,25,8,False,iid,0.1,0,s040,6,26.5,12.771739130434783,10.0,67.5,56,48,45,3,0,6,0.9,10.82421875,0,0,0,0,0,2771,256,16,8,8,1,152.75,
window_res8,window,none,fidelity,False,True,16,0.05,25,8,False,iid,0.1,0,s040,7,21.499999999999996,10.434782608695654,12.0,82.0,56,50,44,6,0,6,0.88,10.6875,0,0,0,0,0,2736,256,16,8,8,2,180.75,
window_res8,window,none,fidelity,False,True,16,0.05,25,8,False,iid,0.1,0,s040,8,30.75,12.771739130434783,16.0,74.5,56,47,42,5,0,6,0.84,10.7109375,0,0,0,0,0,2742,256,16,8,8,2,210.5625,90.0
window_res8,window,none,fidelity,False,True,16,0.05,25,8,False,iid,0.1,1,s040,2,22.749999999999996,5.597826086956524,10.0,57.99999999999999,56,48,45,3,0,6,0.9,12.07421875,0,0,0,0,0,3091,256,16,8,8,0,40.75,
window_res8,window,none,fidelity,False,True,16,0.05,25,8,False,iid,0.1,1,s040,3,36.5,20.869565217391305,22.0,73.5,56,44,39,5,0,6,0.78,11.69921875,0,0,0,0,0,2995,256,16,8,8,2,69.1875,
window_res8,window,none,fidelity,False,True,16,0.05,25,8,False,iid,0.1,1,s040,4,28.249999999999996,18.695652173913043,10.0,79.5,56,48,45,3,0,6,0.9,12.19921875,0,0,0,0,0,3123,256,16,8,8,0,96.75,
window_res8,window,none,fidelity,False,True,16,0.05,25,8,False,iid,0.1,1,s040,5,33.25,14.021739130434785,16.0,70.0,56,45,42,3,0,6,0.84,11.32421875,0,0,0,0,0,2899,256,16,8,8,0,125.6875,
window_res8,window,none,fidelity,False,True,16,0.05,25,8,False,iid,0.1,1,s040,6,32.25,21.032608695652172,10.0,72.0,56,50,45,5,0,6,0.9,10.796875,0,0,0,0,0,2764,256,16,8,8,0,152.75,
window_res8,window,none,fidelity,False,True,16,0.05,25,8,False,iid,0.1,1,s040,7,23.0,15.271739130434783,14.000000000000002,76.0,56,45,43,2,0,6,0.86,10.34765625,0,0,0,0,0,2649,256,16,8,8,0,180.75,
window_res8,window,none,fidelity,False,True,16,0.05,25,8,False,iid,0.1,1,s040,8,31.999999999999996,12.771739130434783,20.0,67.5,56,43,40,3,0,6,0.8,10.390625,0,0,0,0,0,2660,256,16,8,8,1,210.0625,82.0
window_res8,window,none,fidelity,False,True,16,0.05,25,8,False,iid,0.1,2,s040,2,23.5,16.358695652173914,10.0,63.5,56,50,45,5,0,6,0.9,12.0703125,0,0,0,0,0,3090,256,16,8,8,0,40.75,
window_res8,window,none,fidelity,False,True,16,0.05,25,8,False,iid,0.1,2,s040,3,35.75,30.054347826086957,22.0,72.5,56,44,39,5,0,6,0.78,11.609375,0,0,0,0,0,2972,256,16,8,8,1,69.375,
window_res8,window,none,fidelity,False,True,16,0.05,25,8,False,iid,0.1,2,s040,4,31.75,23.04347826086957,14.000000000000002,76.0,56,46,43,3,0,6,0.86,12.04296875,0,0,0,0,0,3083,256,16,8,8,0,97.25,
window_res8,window,none,fidelity,False,True,16,0.05,25,8,False,iid,0.1,2,s040,5,26.75,10.434782608695654,16.0,68.0,56,46,42,4,0,6,0.84,11.44140625,0,0,0,0,0,2929,256,16,8,8,2,125.5625,
window_res8,window,none,fidelity,False,True,16,0.05,25,8,False,iid,0.1,2,s040,6,26.0,11.684782608695654,10.0,62.5,56,48,45,3,0,6,0.9,10.796875,0,0,0,0,0,2764,256,16,8,8,0,152.75,
window_res8,window,none,fidelity,False,True,16,0.05,25,8,False,iid,0.1,2,s040,7,18.250000000000004,11.684782608695654,14.000000000000002,70.5,56,45,43,2,0,6,0.86,10.6328125,0,0,0,0,0,2722,256,16,8,8,0,181.1875,
window_res8,window,none,fidelity,False,True,16,0.05,25,8,False,iid,0.1,2,s040,8,28.249999999999996,15.108695652173914,22.0,68.0,56,43,39,4,0,6,0.78,10.62890625,0,0,0,0,0,2721,256,16,8,8,0,210.4375,12.0
aeqkad_res4,window,full,fidelity,False,True,16,0.05,25,4,False,iid,0.1,0,s041,2,28.249999999999996,12.771739130434783,16.0,43.5,56,28,28,0,0,6,0.56,14.91015625,46,18,0,0,0,3817,256,16,4,4,0,26.5625,
aeqkad_res4,window,full,fidelity,False,True,16,0.05,25,4,False,iid,0.1,0,s041,3,16.75,2.5,12.0,34.5,56,35,35,0,0,6,0.7,13.12109375,46,11,0,0,0,3359,256,16,4,4,0,40.5,
aeqkad_res4,window,full,fidelity,False,True,16,0.05,25,4,False,iid,0.1,0,s041,4,23.0,3.423913043478259,16.0,44.0,56,41,39,2,0,6,0.78,14.53125,47,6,0,0,0,3720,256,16,4,4,0,54.875,
aeqkad_res4,window,full,fidelity,False,True,16,0.05,25,4,False,iid,0.1,0,s041,5,22.249999999999996,1.0869565217391297,14.000000000000002,39.0,56,36,36,0,0,6,0.72,12.5546875,45,9,0,0,0,3214,256,16,4,4,0,70.25,
aeqkad_res4,window,full,fidelity,False,True,16,0.05,25,4,False,iid,0.1,0,s041,6,23.75,4.83695652173913,18.0,54.0,56,37,35,2,0,6,0.7,13.390625,44,6,0,0,1,3428,256,16,4,4,0,83.125,
aeqkad_res4,window,full,fidelity,False,True,16,0.05,25,4,False,iid,0.1,0,s041,7,26.5,8.097826086956525,10.0,65.0,56,42,41,1,0,6,0.82,13.1796875,47,5,0,0,0,3374,256,16,4,4,0,95.75,
aeqkad_res4,window,full,fidelity,False,True,16,0.05,25,4,False,iid,0.1,0,s041,8,17.750000000000004,6.847826086956524,18.0,26.0,56,38,38,0,0,6,0.76,13.48828125,42,4,0,0,0,3453,256,16,4,4,0,109.25,18.0
aeqkad_res4,window,full,fidelity,False,True,16,0.05,25,4,False,iid,0.1,1,s041,2,25.75,12.771739130434783,22.0,30.0,56,29,29,0,0,6,0.58,15.01953125,42,13,0,0,0,3845,256,16,4,4,0,28.1875,
aeqkad_res4,window,full,fidelity,False,True,16,0.05,25,4,False,iid,0.1,1,s041,3,17.750000000000004,1.25,16.0,27.0,56,36,35,1,0,6,0.7,12.70703125,44,8,0,0,0,3253,256,16,4,4,0,40.4375,
aeqkad_res4,window,full,fidelity,False,True,16,0.05,25,4,False,iid,0.1,1,s041,4,18.999999999999996,3.58695652173913,18.0,36.5,56,40,39,1,0,6,0.78,14.0390625,43,3,0,0,0,3594,256,16,4,4,1,54.3125,
aeqkad_res4,window,full,fidelity,False,True,16,0.05,25,4,False,iid,0.1,1,s041,5,21.749999999999996,6.847826086956524,12.0,38.0,56,39,36,3,0,6,0.72,12.69921875,47,8,0,0,0,3251,256,16,4,4,0,69.5625,
aeqkad_res4,window,full,fidelity,False,True,16,0.05,25,4,False,iid,0.1,1,s041,6,20.75,5.923913043478259,18.0,38.0,56,40,38,2,0,6,0.76,13.4140625,44,4,0,0,0,3434,256,16,4,4,0,83.75,
aeqkad_res4,window,full,fidelity,False,True,16,0.05,25,4,False,iid,0.1,1,s041,7,17.000000000000004,7.01086956521739,12.0,49.5,56,41,41,0,0,6,0.82,12.5078125,45,4,0,0,0,3202,256,16,4,4,0,96.25,
aeqkad_res4,window,full,fidelity,False,True,16,0.05,25,4,False,iid,0.1,1,s041,8,22.749999999999996,10.434782608695654,20.0,28.999999999999996,56,35,34,1,0,6,0.68,13.38671875,44,9,0,0,0,3427,256,16,4,4,0,109.1875,0.0
aeqkad_res4,window,full,fidelity,False,True,16,0.05,25,4,False,iid,0.1,2,s041,2,23.5,10.597826086956525,14.000000000000002,40.5,56,35,34,1,0,6,0.68,15.10546875,46,11,5,0,0,3867,256,16,4,4,0,26.5625,
aeqkad_res4,window,full,fidelity,False,True,16,0.05,25,4,False,iid,0.1,2,s041,3,19.499999999999996,2.5,16.0,33.5,56,36,35,1,0,6,0.7,12.87890625,45,9,3,0,0,3297,256,16,4,4,0,40.6875,
aeqkad_res4,window,full,fidelity,False,True,16,0.05,25,4,False,iid,0.1,2,s041,4,23.25,9.347826086956525,18.0,51.5,56,42,39,3,0,6,0.78,14.578125,46,4,1,0,0,3732,256,16,4,4,0,54.5625,
aeqkad_res4,window,full,fidelity,False,True,16,0.05,25,4,False,iid,0.1,2,s041,5,20.499999999999996,2.33695652173913,12.0,37.5,56,41,39,2,0,6,0.78,13.02734375,48,7,9,0,0,3335,256,16,4,4,0,68.6875,
aeqkad_res4,window,full,fidelity,False,True,16,0.05,25,4,False,iid,0.1,2,s041,6,20.0,1.25,18.0,42.5,56,39,39,0,0,6,0.78,13.71484375,43,4,6,0,0,3511,256,16,4,4,0,83.6875,
aeqkad_res4,window,full,fidelity,False,True,16,0.05,25,4,False,iid,0.1,2,s041,7,24.25,17.445652173913043,10.0,59.5,56,43,42,1,0,6,0.84,12.796875,48,5,11,0,0,3276,256,16,4,4,0,96.1875,
aeqkad_res4,window,full,fidelity,False,True,16,0.05,25,4,False,iid,0.1,2,s041,8,19.499999999999996,8.097826086956525,18.0,32.5,56,38,38,0,0,6,0.76,13.4921875,43,4,9,0,1,3454,256,16,4,4,0,109.0,2.0
aeqkad_res8,window,full,fidelity,False,True,16,0.05,25,8,False,iid,0.1,0,s041,2,23.5,11.847826086956523,12.0,43.0,56,34,34,0,0,6,0.68,13.546875,48,14,12,0,0,3468,256,16,8,8,0,42.125,
aeqkad_res8,window,full,fidelity,False,True,16,0.05,25,8,False,iid,0.1,0,s041,3,17.500000000000004,2.5,16.0,34.0,56,35,35,0,0,6,0.7,12.41015625,45,10,9,0,0,3177,256,16,8,8,0,70.125,
aeqkad_res8,window,full,fidelity,False,True,16,0.05,25,8,False,iid,0.1,0,s041,4,16.249999999999996,2.33695652173913,16.0,37.0,56,40,40,0,0,6,0.8,13.01171875,47,7,18,0,0,3331,256,16,8,8,0,98.9375,
aeqkad_res8,window,full,fidelity,False,True,16,0.05,25,8,False,iid,0.1,0,s041,5,24.0,1.25,14.000000000000002,36.5,56,36,36,0,0,6,0.72,11.62890625,45,9,22,0,0,2977,256,16,8,8,0,127.5625,
aeqkad_res8,window,full,fidelity,False,True,16,0.05,25,8,False,iid,0.1,0,s041,6,25.75,3.58695652173913,18.0,53.0,56,40,38,2,0,6,0.76,12.6171875,43,2,14,0,1,3230,256,16,8,8,0,154.75,
aeqkad_res8,window,full,fidelity,False,True,16,0.05,25,8,False,iid,0.1,0,s041,7,23.0,11.521739130434785,10.0,53.0,56,43,42,1,0,6,0.84,11.765625,47,4,19,0,0,3012,256,16,8,8,0,181.9375,
aeqkad_res8,window,full,fidelity,False,True,16,0.05,25,8,False,iid,0.1,0,s041,8,19.749999999999996,6.847826086956524,16.0,27.500000000000004,56,38,38,0,0,6,0.76,12.796875,43,5,23,0,0,3276,256,16,8,8,0,209.6875,18.0
aeqkad_res8,window,full,fidelity,False,True,16,0.05,25,8,False,iid,0.1,1,s041,2,23.75,10.434782608695654,16.0,29.5,56,33,33,0,0,6,0.66,12.54296875,43,9,22,0,1,3211,256,16,8,8,0,42.9375,
aeqkad_res8,window,full,fidelity,False,True,16,0.05,25,8,False,iid,0.1,1,s041,3,17.750000000000004,2.33695652173913,16.0,30.5,56,38,37,1,0,6,0.74,11.734375,44,6,26,0,0,3004,256,16,8,8,0,70.1875,
aeqkad_res8,window,full,fidelity,False,True,16,0.05,25,8,False,iid,0.1,1,s041,4,15.249999999999996,2.33695652173913,20.0,41.5,56,41,40,1,0,6,0.8,12.37109375,43,1,26,0,1,3167,256,16,8,8,1,98.6875,
aeqkad_res8,window,full,fidelity,False,True,16,0.05,25,8,False,iid,0.1,1,s041,5,24.0,2.5,12.0,41.0,56,39,36,3,0,6,0.72,11.10546875,48,9,27,0,0,2843,256,16,8,8,0,127.125,
aeqkad_res8,window,full,fidelity,False,True,16,0.05,25,8,False,iid,0.1,1,s041,6,19.749999999999996,2.33695652173913,18.0,36.5,56,41,39,2,0,6,0.78,11.90625,44,3,31,0,0,3048,256,16,8,8,0,155.375,
aeqkad_res8,window,full,fidelity,False,True,16,0.05,25,8,False,iid,0.1,1,s041,7,17.750000000000004,5.923913043478259,8.0,51.0,56,43,43,0,0,6,0.86,11.65625,47,4,29,0,0,2984,256,16,8,8,0,182.3125,
aeqkad_res8,window,full,fidelity,False,True,16,0.05,25,8,False,iid,0.1,1,s041,8,24.0,10.434782608695654,20.0,31.0,56,40,38,2,0,6,0.76,11.7578125,44,4,27,0,0,3010,256,16,8,8,0,209.875,2.0
aeqkad_res8,window,full,fidelity,False,True,16,0.05,25,8,False,iid,0.1,2,s041,2,36.0,28.804347826086957,26.0,47.0,56,30,26,4,0,6,0.52,12.96484375,42,12,13,0,0,3319,256,16,8,8,0,42.75,
aeqkad_res8,window,full,fidelity,False,True,16,0.05,25,8,False,iid,0.1,2,s041,3,17.750000000000004,4.67391304347826,16.0,28.499999999999996,56,36,35,1,0,6,0.7,11.890625,45,9,10,0,0,3044,256,16,8,8,0,70.125,
aeqkad_res8,window,full,fidelity,False,True,16,0.05,25,8,False,iid,0.1,2,s041,4,18.999999999999996,4.83695652173913,18.0,44.0,56,42,40,2,0,6,0.8,12.58203125,46,4,20,0,0,3221,256,16,8,8,0,98.75,
aeqkad_res8,window,full,fidelity,False,True,16,0.05,25,8,False,iid,0.1,2,s041,5,20.0,1.25,14.000000000000002,31.5,56,37,36,1,0,6,0.72,11.296875,46,9,21,0,0,2892,256,16,8,8,0,127.0,
aeqkad_res8,window,full,fidelity,False,True,16,0.05,25,8,False,iid,0.1,2,s041,6,24.75,1.25,18.0,39.0,56,38,38,0,0,6,0.76,12.0,43,4,16,0,1,3072,256,16,8,8,0,155.1875,
aeqkad_res8,window,full,fidelity,False,True,16,0.05,25,8,False,iid,0.1,2,s041,7,22.499999999999996,16.032608695652172,10.0,53.5,56,43,42,1,0,6,0.84,11.43359375,48,5,22,0,0,2927,256,16,8,8,0,182.375,
aeqkad_res8,window,full,fidelity,False,True,16,0.05,25,8,False,iid,0.1,2,s041,8,23.25,10.597826086956525,18.0,28.499999999999996,56,38,38,0,0,6,0.76,12.3515625,43,4,23,0,1,3162,256,16,8,8,0,209.6875,2.0
window_res4,window,none,fidelity,False,True,16,0.05,25,4,False,iid,0.1,0,s041,2,37.25,20.869565217391305,18.0,69.0,56,47,41,6,0,6,0.82,15.5546875,0,0,0,0,0,3982,256,16,4,4,1,25.4375,
window_res4,window,none,fidelity,False,True,16,0.05,25,4,False,iid,0.1,0,s041,3,25.75,17.282608695652176,8.0,56.49999999999999,56,50,46,4,0,6,0.92,14.2421875,0,0,0,0,0,3646,256,16,4,4,0,38.9375,
window_res4,window,none,fidelity,False,True,16,0.05,25,4,False,iid,0.1,0,s041,4,23.75,13.858695652173914,14.000000000000002,48.5,56,48,43,5,0,6,0.86,15.1328125,0,0,0,0,0,3874,256,16,4,4,0,54.75,
window_res4,window,none,fidelity,False,True,16,0.05,25,4,False,iid,0.1,0,s041,5,27.749999999999996,7.01086956521739,8.0,48.0,56,48,46,2,0,6,0.92,13.984375,0,0,0,0,0,3580,256,16,4,4,1,66.875,
window_res4,window,none,fidelity,False,True,16,0.05,25,4,False,iid,0.1,0,s041,6,23.75,8.097826086956525,18.0,65.5,56,45,41,4,0,6,0.82,13.98046875,0,0,0,0,0,3579,256,16,4,4,0,82.625,
window_res4,window,none,fidelity,False,True,16,0.05,25,4,False,iid,0.1,0,s041,7,21.249999999999996,11.521739130434785,8.0,72.5,56,48,46,2,0,6,0.92,13.37109375,0,0,0,0,0,3423,256,16,4,4,0,95.0,
window_res4,window,none,fidelity,False,True,16,0.05,25,4,False,iid,0.1,0,s041,8,19.25,7.01086956521739,10.0,32.5,56,46,45,1,0,6,0.9,14.41015625,0,0,0,0,0,3689,256,16,4,4,1,108.5625,38.0
window_res4,window,none,fidelity,False,True,16,0.05,25,4,False,iid,0.1,1,s041,2,22.749999999999996,9.184782608695654,18.0,35.0,56,43,41,2,0,6,0.82,15.203125,0,0,0,0,0,3892,256,16,4,4,1,26.4375,
window_res4,window,none,fidelity,False,True,16,0.05,25,4,False,iid,0.1,1,s041,3,21.749999999999996,4.67391304347826,8.0,43.0,56,49,46,3,0,6,0.92,13.7109375,0,0,0,0,0,3510,256,16,4,4,0,39.0,
window_res4,window,none,fidelity,False,True,16,0.05,25,4,False,iid,0.1,1,s041,4,20.0,5.760869565217389,18.0,38.5,56,43,41,2,0,6,0.82,14.33984375,0,0,0,0,0,3671,256,16,4,4,1,54.3125,
window_res4,window,none,fidelity,False,True,16,0.05,25,4,False,iid,0.1,1,s041,5,20.749999999999996,6.847826086956524,10.0,40.0,56,48,45,3,0,6,0.9,13.40234375,0,0,0,0,0,3431,256,16,4,4,0,67.375,
window_res4,window,none,fidelity,False,True,16,0.05,25,4,False,iid,0.1,1,s041,6,20.75,4.67391304347826,18.0,36.5,56,44,41,3,0,6,0.82,14.06640625,0,0,0,0,0,3601,256,16,4,4,0,83.25,
window_res4,window,none,fidelity,False,True,16,0.05,25,4,False,iid,0.1,1,s041,7,18.250000000000004,7.01086956521739,8.0,51.5,56,47,46,1,0,6,0.92,12.54296875,0,0,0,0,0,3211,256,16,4,4,0,95.5,
window_res4,window,none,fidelity,False,True,16,0.05,25,4,False,iid,0.1,1,s041,8,25.75,17.445652173913043,14.000000000000002,49.0,56,48,43,5,0,6,0.86,14.3359375,0,0,0,0,0,3670,256,16,4,4,0,109.1875,0.0
window_res4,window,none,fidelity,False,True,16,0.05,25,4,False,iid,0.1,2,s041,2,34.25,25.543478260869566,14.000000000000002,62.5,56,48,43,5,0,6,0.86,15.3828125,0,0,0,0,0,3938,256,16,4,4,1,25.4375,
window_res4,window,none,fidelity,False,True,16,0.05,25,4,False,iid,0.1,2,s041,3,23.25,8.097826086956525,14.000000000000002,45.5,56,46,43,3,0,6,0.86,13.76171875,0,0,0,0,0,3523,256,16,4,4,1,38.9375,
window_res4,window,none,fidelity,False,True,16,0.05,25,4,False,iid,0.1,2,s041,4,21.499999999999996,11.521739130434785,16.0,55.00000000000001,56,47,42,5,0,6,0.84,14.7890625,0,0,0,0,0,3786,256,16,4,4,1,53.5,
window_res4,window,none,fidelity,False,True,16,0.05,25,4,False,iid,0.1,2,s041,5,26.5,3.75,8.0,51.0,56,51,46,5,0,6,0.92,13.74609375,0,0,0,0,0,3519,256,16,4,4,0,66.5625,
window_res4,window,none,fidelity,False,True,16,0.05,25,4,False,iid,0.1,2,s041,6,21.999999999999996,3.58695652173913,18.0,51.5,56,43,41,2,0,6,0.82,14.08203125,0,0,0,0,0,3605,256,16,4,4,0,83.25,
window_res4,window,none,fidelity,False,True,16,0.05,25,4,False,iid,0.1,2,s041,7,20.0,8.42391304347826,6.0,64.0,56,52,47,5,0,6,0.94,13.8359375,0,0,0,0,0,3542,256,16,4,4,0,95.5625,
window_res4,window,none,fidelity,False,True,16,0.05,25,4,False,iid,0.1,2,s041,8,18.000000000000004,5.760869565217389,10.0,36.5,56,47,45,2,0,6,0.9,14.0,0,0,0,0,0,3584,256,16,4,4,1,108.25,14.000000000000002
window_res8,window,none,fidelity,False,True,16,0.05,25,8,False,iid,0.1,0,s041,2,34.0,23.3695652173913,16.0,64.5,56,47,42,5,0,6,0.84,13.4609375,0,0,0,0,0,3446,256,16,8,8,0,42.125,
window_res8,window,none,fidelity,False,True,16,0.05,25,8,False,iid,0.1,0,s041,3,20.249999999999996,11.521739130434785,16.0,43.5,56,45,42,3,0,6,0.84,12.57421875,0,0,0,0,0,3219,256,16,8,8,0,69.875,
window_res8,window,none,fidelity,False,True,16,0.05,25,8,False,iid,0.1,0,s041,4,18.5,7.01086956521739,16.0,43.0,56,47,42,5,0,6,0.84,13.24609375,0,0,0,0,0,3391,256,16,8,8,0,98.9375,
window_res8,window,none,fidelity,False,True,16,0.05,25,8,False,iid,0.1,0,s041,5,28.749999999999996,7.01086956521739,12.0,50.0,56,46,44,2,0,6,0.88,12.140625,0,0,0,0,0,3108,256,16,8,8,1,125.8125,
window_res8,window,none,fidelity,False,True,16,0.05,25,8,False,iid,0.1,0,s041,6,26.5,3.58695652173913,18.0,55.50000000000001,56,43,41,2,0,6,0.82,13.02734375,0,0,0,0,0,3335,256,16,8,8,0,154.6875,
window_res8,window,none,fidelity,False,True,16,0.05,25,8,False,iid,0.1,0,s041,7,28.249999999999996,8.260869565217389,8.0,63.5,56,48,46,2,0,6,0.92,12.0546875,0,0,0,0,0,3086,256,16,8,8,0,181.75,
window_res8,window,none,fidelity,False,True,16,0.05,25,8,False,iid,0.1,0,s041,8,15.750000000000004,6.847826086956524,14.000000000000002,30.5,56,44,43,1,0,6,0.86,13.0546875,0,0,0,0,0,3342,256,16,8,8,1,209.5,40.0
window_res8,window,none,fidelity,False,True,16,0.05,25,8,False,iid,0.1,1,s041,2,24.75,8.097826086956525,20.0,36.5,56,42,40,2,0,6,0.8,12.77734375,0,0,0,0,0,3271,256,16,8,8,1,42.625,
window_res8,window,none,fidelity,False,True,16,0.05,25,8,False,iid,0.1,1,s041,3,19.499999999999996,3.423913043478259,14.000000000000002,45.5,56,46,43,3,0,6,0.86,12.140625,0,0,0,0,0,3108,256,16,8,8,0,69.9375,
window_res8,window,none,fidelity,False,True,16,0.05,25,8,False,iid,0.1,1,s041,4,15.499999999999996,4.67391304347826,16.0,41.5,56,45,42,3,0,6,0.84,12.42578125,0,0,0,0,0,3181,256,16,8,8,1,98.6875,
window_res8,window,none,fidelity,False,True,16,0.05,25,8,False,iid,0.1,1,s041,5,24.25,2.5,12.0,37.5,56,48,44,4,0,6,0.88,11.328125,0,0,0,0,0,2900,256,16,8,8,0,125.6875,
window_res8,window,none,fidelity,False,True,16,0.05,25,8,False,iid,0.1,1,s041,6,22.249999999999996,2.33695652173913,18.0,34.0,56,44,41,3,0,6,0.82,12.12890625,0,0,0,0,0,3105,256,16,8,8,0,155.3125,
window_res8,window,none,fidelity,False,True,16,0.05,25,8,False,iid,0.1,1,s041,7,20.0,3.423913043478259,8.0,54.50000000000001,56,47,46,1,0,6,0.92,11.84765625,0,0,0,0,0,3033,256,16,8,8,0,182.1875,
window_res8,window,none,fidelity,False,True,16,0.05,25,8,False,iid,0.1,1,s041,8,23.25,15.108695652173914,14.000000000000002,45.5,56,47,43,4,0,6,0.86,12.296875,0,0,0,0,0,3148,256,16,8,8,0,209.875,2.0
window_res8,window,none,fidelity,False,True,16,0.05,25,8,False,iid,0.1,2,s041,2,27.750000000000004,15.271739130434783,18.0,41.5,56,45,41,4,0,6,0.82,12.97265625,0,0,0,0,0,3321,256,16,8,8,0,42.125,
window_res8,window,none,fidelity,False,True,16,0.05,25,8,False,iid,0.1,2,s041,3,17.500000000000004,3.423913043478259,14.000000000000002,33.0,56,45,43,2,0,6,0.86,12.359375,0,0,0,0,0,3164,256,16,8,8,0,69.875,
window_res8,window,none,fidelity,False,True,16,0.05,25,8,False,iid,0.1,2,s041,4,21.999999999999996,11.521739130434785,18.0,48.0,56,46,41,5,0,6,0.82,12.4921875,0,0,0,0,0,3198,256,16,8,8,0,98.75,
window_res8,window,none,fidelity,False,True,16,0.05,25,8,False,iid,0.1,2,s041,5,20.0,1.25,16.0,31.5,56,45,42,3,0,6,0.84,11.76171875,0,0,0,0,0,3011,256,16,8,8,0,125.875,
window_res8,window,none,fidelity,False,True,16,0.05,25,8,False,iid,0.1,2,s041,6,23.75,2.33695652173913,18.0,47.5,56,43,41,2,0,6,0.82,12.4609375,0,0,0,0,0,3190,256,16,8,8,0,155.125,
window_res8,window,none,fidelity,False,True,16,0.05,25,8,False,iid,0.1,2,s041,7,23.0,8.42391304347826,8.0,57.49999999999999,56,50,46,4,0,6,0.92,11.9296875,0,0,0,0,0,3054,256,16,8,8,0,182.25,
window_res8,window,none,fidelity,False,True,16,0.05,25,8,False,iid,0.1,2,s041,8,16.500000000000004,4.67391304347826,10.0,31.0,56,47,45,2,0,6,0.9,13.24609375,0,0,0,0,0,3391,256,16,8,8,1,209.4375,14.000000000000002
aeqkad_res4,window,full,fidelity,False,True,16,0.05,25,4,False,iid,0.1,0,s042,2,7.499999999999998,0.0,6.0,7.000000000000001,56,45,45,0,0,6,0.9,13.77734375,48,3,0,0,0,3527,256,16,4,4,0,23.4375,
aeqkad_res4,window,full,fidelity,False,True,16,0.05,25,4,False,iid,0.1,0,s042,3,13.750000000000002,0.0,18.0,5.0,56,36,36,0,0,6,0.72,13.13671875,42,6,0,0,0,3363,256,16,4,4,0,37.375,
aeqkad_res4,window,full,fidelity,False,True,16,0.05,25,4,False,iid,0.1,0,s042,4,2.750000000000001,0.0,2.0,5.0,56,46,46,0,0,6,0.92,11.13671875,49,3,1,0,0,2851,256,16,4,4,0,52.3125,
aeqkad_res4,window,full,fidelity,False,True,16,0.05,25,4,False,iid,0.1,0,s042,5,3.500000000000002,0.0,6.0,4.0,56,47,47,0,0,6,0.94,10.53125,47,0,0,0,0,2696,256,16,4,4,0,65.0625,
aeqkad_res4,window,full,fidelity,False,True,16,0.05,25,4,False,iid,0.1,0,s042,6,5.500000000000003,0.0,6.0,5.0,56,45,44,1,0,6,0.88,10.6875,48,3,0,0,0,2736,256,16,4,4,0,80.75,
aeqkad_res4,window,full,fidelity,False,True,16,0.05,25,4,False,iid,0.1,0,s042,7,7.749999999999998,0.0,8.0,6.5,56,43,43,0,0,6,0.86,12.484375,46,3,0,0,0,3196,256,16,4,4,0,93.0,
aeqkad_res4,window,full,fidelity,False,True,16,0.05,25,4,False,iid,0.1,0,s042,8,5.000000000000002,0.0,4.0,4.0,56,45,45,0,0,6,0.9,11.546875,48,3,0,0,0,2956,256,16,4,4,0,108.0,18.0
aeqkad_res4,window,full,fidelity,False,True,16,0.05,25,4,False,iid,0.1,1,s042,2,7.499999999999998,0.0,6.0,9.5,56,42,42,0,0,6,0.84,13.4921875,47,5,0,0,0,3454,256,16,4,4,0,23.4375,
aeqkad_res4,window,full,fidelity,False,True,16,0.05,25,4,False,iid,0.1,1,s042,3,10.249999999999998,0.0,18.0,6.0,56,36,36,0,0,6,0.72,13.09375,42,6,0,0,0,3352,256,16,4,4,0,36.625,
aeqkad_res4,window,full,fidelity,False,True,16,0.05,25,4,False,iid,0.1,1,s042,4,2.750000000000001,0.0,2.0,4.0,56,44,44,0,0,6,0.88,11.06640625,49,5,0,0,0,2833,256,16,4,4,0,51.4375,
aeqkad_res4,window,full,fidelity,False,True,16,0.05,25,4,False,iid,0.1,1,s042,5,3.7500000000000027,0.0,6.0,4.0,56,44,44,0,0,6,0.88,10.08984375,47,3,0,0,0,2583,256,16,4,4,0,65.5625,
aeqkad_res4,window,full,fidelity,False,True,16,0.05,25,4,False,iid,0.1,1,s042,6,5.250000000000003,0.0,6.0,5.5,56,44,44,0,0,6,0.88,10.81640625,47,3,0,0,0,2769,256,16,4,4,0,79.75,
aeqkad_res4,window,full,fidelity,False,True,16,0.05,25,4,False,iid,0.1,1,s042,7,6.999999999999998,0.0,8.0,6.5,56,42,42,0,0,6,0.84,12.29296875,47,5,0,0,0,3147,256,16,4,4,0,94.375,
aeqkad_res4,window,full,fidelity,False,True,16,0.05,25,4,False,iid,0.1,1,s042,8,4.500000000000002,0.0,2.0,5.0,56,43,43,0,0,6,0.86,11.5,49,6,0,0,0,2944,256,16,4,4,0,108.6875,0.0
aeqkad_res4,window,full,fidelity,False,True,16,0.05,25,4,False,iid,0.1,2,s042,2,7.2500000000000036,0.0,10.0,2.0,56,42,42,0,0,6,0.84,13.421875,45,3,0,0,0,3436,256,16,4,4,0,23.75,
aeqkad_res4,window,full,fidelity,False,True,16,0.05,25,4,False,iid,0.1,2,s042,3,11.0,0.0,18.0,8.0,56,36,36,0,0,6,0.72,13.03125,42,6,0,0,0,3336,256,16,4,4,0,37.3125,
aeqkad_res4,window,full,fidelity,False,True,16,0.05,25,4,False,iid,0.1,2,s042,4,3.000000000000001,0.0,2.0,5.0,56,44,43,1,0,6,0.86,11.26953125,50,6,0,0,0,2885,256,16,4,4,0,52.9375,
aeqkad_res4,window,full,fidelity,False,True,16,0.05,25,4,False,iid,0.1,2,s042,5,4.500000000000003,0.0,6.0,5.0,56,44,44,0,0,6,0.88,10.24609375,47,3,0,0,0,2623,256,16,4,4,0,65.6875,
aeqkad_res4,window,full,fidelity,False,True,16,0.05,25,4,False,iid,0.1,2,s042,6,6.000000000000003,0.0,8.0,5.0,56,44,44,0,0,6,0.88,10.75,46,2,0,0,0,2752,256,16,4,4,0,80.1875,
aeqkad_res4,window,full,fidelity,False,True,16,0.05,25,4,False,iid,0.1,2,s042,7,6.749999999999997,0.0,10.0,5.0,56,42,42,0,0,6,0.84,12.390625,46,4,0,0,0,3172,256,16,4,4,0,92.875,
aeqkad_res4,window,full,fidelity,False,True,16,0.05,25,4,False,iid,0.1,2,s042,8,4.250000000000002,0.0,4.0,3.0,56,44,44,0,0,6,0.88,11.17578125,48,4,0,0,0,2861,256,16,4,4,0,108.9375,0.0
aeqkad_res8,window,full,fidelity,False,True,16,0.05,25,8,False,iid,0.1,0,s042,2,9.749999999999998,0.0,8.0,7.000000000000001,56,46,46,0,0,6,0.92,12.8359375,47,1,26,0,0,3286,256,16,8,8,0,38.6875,
aeqkad_res8,window,full,fidelity,False,True,16,0.05,25,8,False,iid,0.1,0,s042,3,12.25,0.0,14.000000000000002,5.0,56,40,40,0,0,6,0.8,12.6328125,44,4,25,0,0,3234,256,16,8,8,0,67.0,
aeqkad_res8,window,full,fidelity,False,True,16,0.05,25,8,False,iid,0.1,0,s042,4,3.7500000000000018,0.0,2.0,5.5,56,47,47,0,0,6,0.94,10.9921875,49,2,28,0,0,2814,256,16,8,8,0,95.375,
aeqkad_res8,window,full,fidelity,False,True,16,0.05,25,8,False,iid,0.1,0,s042,5,3.500000000000002,0.0,6.0,4.5,56,47,47,0,0,6,0.94,9.75390625,47,0,24,0,0,2497,256,16,8,8,0,122.8125,
aeqkad_res8,window,full,fidelity,False,True,16,0.05,25,8,False,iid,0.1,0,s042,6,4.500000000000002,0.0,4.0,5.0,56,46,45,1,0,6,0.9,11.07421875,49,3,28,0,0,2835,256,16,8,8,0,150.75,
aeqkad_res8,window,full,fidelity,False,True,16,0.05,25,8,False,iid,0.1,0,s042,7,6.999999999999998,0.0,4.0,6.0,56,43,43,0,0,6,0.86,11.46484375,48,5,25,0,0,2935,256,16,8,8,0,178.75,
aeqkad_res8,window,full,fidelity,False,True,16,0.05,25,8,False,iid,0.1,0,s042,8,1.2500000000000009,0.0,2.0,4.5,56,47,47,0,0,6,0.94,11.328125,49,2,23,0,0,2900,256,16,8,8,0,206.875,22.0
aeqkad_res8,window,full,fidelity,False,True,16,0.05,25,8,False,iid,0.1,1,s042,2,7.999999999999999,0.0,8.0,11.0,56,43,43,0,0,6,0.86,12.71875,46,3,0,0,0,3256,256,16,8,8,0,38.5,
aeqkad_res8,window,full,fidelity,False,True,16,0.05,25,8,False,iid,0.1,1,s042,3,10.75,0.0,16.0,8.0,56,35,34,1,0,6,0.68,12.44140625,43,8,0,0,0,3185,256,16,8,8,0,66.5,
aeqkad_res8,window,full,fidelity,False,True,16,0.05,25,8,False,iid,0.1,1,s042,4,2.500000000000001,0.0,2.0,5.5,56,44,44,0,0,6,0.88,10.83203125,49,5,0,0,0,2773,256,16,8,8,0,95.0,
aeqkad_res8,window,full,fidelity,False,True,16,0.05,25,8,False,iid,0.1,1,s042,5,3.500000000000002,0.0,6.0,3.5000000000000004,56,47,47,0,0,6,0.94,9.6484375,47,0,0,0,0,2470,256,16,8,8,0,122.8125,
aeqkad_res8,window,full,fidelity,False,True,16,0.05,25,8,False,iid,0.1,1,s042,6,6.250000000000003,0.0,8.0,6.0,56,45,45,0,0,6,0.9,11.01953125,46,1,0,0,0,2821,256,16,8,8,0,150.5,
aeqkad_res8,window,full,fidelity,False,True,16,0.05,25,8,False,iid,0.1,1,s042,7,4.500000000000002,0.0,4.0,8.5,56,41,41,0,0,6,0.82,11.6640625,48,7,0,0,0,2986,256,16,8,8,0,179.625,
aeqkad_res8,window,full,fidelity,False,True,16,0.05,25,8,False,iid,0.1,1,s042,8,2.500000000000001,0.0,2.0,8.5,56,46,46,0,0,6,0.92,11.359375,49,3,0,0,0,2908,256,16,8,8,0,207.25,0.0
aeqkad_res8,window,full,fidelity,False,True,16,0.05,25,8,False,iid,0.1,2,s042,2,4.500000000000003,0.0,8.0,3.0,56,46,46,0,0,6,0.92,12.69140625,46,0,25,0,0,3249,256,16,8,8,0,38.5,
aeqkad_res8,window,full,fidelity,False,True,16,0.05,25,8,False,iid,0.1,2,s042,3,11.5,0.0,18.0,7.5,56,39,39,0,0,6,0.78,12.51171875,42,3,25,0,0,3203,256,16,8,8,0,66.6875,
aeqkad_res8,window,full,fidelity,False,True,16,0.05,25,8,False,iid,0.1,2,s042,4,2.500000000000001,0.0,2.0,4.0,56,47,46,1,0,6,0.92,11.03515625,50,3,28,0,0,2825,256,16,8,8,0,95.875,
aeqkad_res8,window,full,fidelity,False,True,16,0.05,25,8,False,iid,0.1,2,s042,5,3.7500000000000027,0.0,6.0,5.5,56,47,47,0,0,6,0.94,9.92578125,47,0,24,0,0,2541,256,16,8,8,0,123.1875,
aeqkad_res8,window,full,fidelity,False,True,16,0.05,25,8,False,iid,0.1,2,s042,6,7.499999999999998,0.0,8.0,6.5,56,45,45,0,0,6,0.9,10.97265625,46,1,28,0,0,2809,256,16,8,8,0,150.8125,
aeqkad_res8,window,full,fidelity,False,True,16,0.05,25,8,False,iid,0.1,2,s042,7,5.750000000000003,0.0,6.0,6.5,56,44,43,1,0,6,0.86,11.6015625,48,4,24,0,0,2970,256,16,8,8,0,178.5,
aeqkad_res8,window,full,fidelity,False,True,16,0.05,25,8,False,iid,0.1,2,s042,8,2.250000000000001,0.0,2.0,3.5000000000000004,56,47,47,0,0,6,0.94,11.32421875,49,2,22,0,0,2899,256,16,8,8,0,207.25,6.0
window_res4,window,none,fidelity,False,True,16,0.05,25,4,False,iid,0.1,0,s042,2,7.749999999999998,0.0,6.0,7.5,56,47,47,0,0,6,0.94,13.87109375,0,0,0,0,0,3551,256,16,4,4,0,23.4375,
window_res4,window,none,fidelity,False,True,16,0.05,25,4,False,iid,0.1,0,s042,3,10.249999999999998,0.0,14.000000000000002,7.000000000000001,56,44,43,1,0,6,0.86,13.53125,0,0,0,0,0,3464,256,16,4,4,0,37.25,
window_res4,window,none,fidelity,False,True,16,0.05,25,4,False,iid,0.1,0,s042,4,4.250000000000002,0.0,2.0,6.0,56,49,49,0,0,6,0.98,11.3515625,0,0,0,0,0,2906,256,16,4,4,0,52.125,
window_res4,window,none,fidelity,False,True,16,0.05,25,4,False,iid,0.1,0,s042,5,3.500000000000002,0.0,6.0,4.0,56,47,47,0,0,6,0.94,10.484375,0,0,0,0,0,2684,256,16,4,4,0,65.0625,
window_res4,window,none,fidelity,False,True,16,0.05,25,4,False,iid,0.1,0,s042,6,5.500000000000003,0.0,6.0,5.0,56,48,47,1,0,6,0.94,11.1484375,0,0,0,0,0,2854,256,16,4,4,0,79.625,
window_res4,window,none,fidelity,False,True,16,0.05,25,4,False,iid,0.1,0,s042,7,8.249999999999998,0.0,8.0,7.5,56,46,46,0,0,6,0.92,12.59375,0,0,0,0,0,3224,256,16,4,4,0,93.0,
window_res4,window,none,fidelity,False,True,16,0.05,25,4,False,iid,0.1,0,s042,8,3.7500000000000018,0.0,2.0,6.5,56,49,49,0,0,6,0.98,11.56640625,0,0,0,0,0,2961,256,16,4,4,0,106.5625,24.0
window_res4,window,none,fidelity,False,True,16,0.05,25,4,False,iid,0.1,1,s042,2,7.999999999999999,0.0,6.0,9.0,56,47,47,0,0,6,0.94,13.9140625,0,0,0,0,0,3562,256,16,4,4,0,22.625,
window_res4,window,none,fidelity,False,True,16,0.05,25,4,False,iid,0.1,1,s042,3,8.249999999999998,0.0,10.0,7.000000000000001,56,46,45,1,0,6,0.9,13.64453125,0,0,0,0,0,3493,256,16,4,4,0,36.5,
window_res4,window,none,fidelity,False,True,16,0.05,25,4,False,iid,0.1,1,s042,4,2.750000000000001,0.0,2.0,5.0,56,49,49,0,0,6,0.98,11.37109375,0,0,0,0,0,2911,256,16,4,4,0,51.25,
window_res4,window,none,fidelity,False,True,16,0.05,25,4,False,iid,0.1,1,s042,5,3.500000000000002,0.0,6.0,4.5,56,47,47,0,0,6,0.94,10.375,0,0,0,0,0,2656,256,16,4,4,0,65.5625,
window_res4,window,none,fidelity,False,True,16,0.05,25,4,False,iid,0.1,1,s042,6,4.750000000000003,0.0,6.0,6.0,56,47,47,0,0,6,0.94,11.32421875,0,0,0,0,0,2899,256,16,4,4,0,78.8125,
window_res4,window,none,fidelity,False,True,16,0.05,25,4,False,iid,0.1,1,s042,7,8.999999999999998,0.0,4.0,10.5,56,49,48,1,0,6,0.96,12.5625,0,0,0,0,0,3216,256,16,4,4,1,93.75,
window_res4,window,none,fidelity,False,True,16,0.05,25,4,False,iid,0.1,1,s042,8,2.500000000000001,0.0,2.0,8.0,56,49,49,0,0,6,0.98,11.39453125,0,0,0,0,0,2917,256,16,4,4,0,107.1875,0.0
window_res4,window,none,fidelity,False,True,16,0.05,25,4,False,iid,0.1,2,s042,2,4.500000000000003,0.0,8.0,2.0,56,46,46,0,0,6,0.92,13.64453125,0,0,0,0,0,3493,256,16,4,4,0,22.8125,
window_res4,window,none,fidelity,False,True,16,0.05,25,4,False,iid,0.1,2,s042,3,12.25,0.0,14.000000000000002,9.5,56,44,43,1,0,6,0.86,13.5703125,0,0,0,0,0,3474,256,16,4,4,0,37.1875,
window_res4,window,none,fidelity,False,True,16,0.05,25,4,False,iid,0.1,2,s042,4,4.000000000000002,0.0,2.0,5.5,56,50,49,1,0,6,0.98,11.3125,0,0,0,0,0,2896,256,16,4,4,0,52.6875,
window_res4,window,none,fidelity,False,True,16,0.05,25,4,False,iid,0.1,2,s042,5,3.500000000000002,0.0,6.0,4.0,56,47,47,0,0,6,0.94,10.625,0,0,0,0,0,2720,256,16,4,4,0,65.6875,
window_res4,window,none,fidelity,False,True,16,0.05,25,4,False,iid,0.1,2,s042,6,5.750000000000003,0.0,8.0,5.0,56,46,46,0,0,6,0.92,11.0390625,0,0,0,0,0,2826,256,16,4,4,0,79.25,
window_res4,window,none,fidelity,False,True,16,0.05,25,4,False,iid,0.1,2,s042,7,6.250000000000003,0.0,8.0,6.5,56,47,46,1,0,6,0.92,12.49609375,0,0,0,0,0,3199,256,16,4,4,1,92.6875,
window_res4,window,none,fidelity,False,True,16,0.05,25,4,False,iid,0.1,2,s042,8,1.7500000000000009,0.0,2.0,4.0,56,49,49,0,0,6,0.98,11.41015625,0,0,0,0,0,2921,256,16,4,4,0,107.3125,28.000000000000004
window_res8,window,none,fidelity,False,True,16,0.05,25,8,False,iid,0.1,0,s042,2,10.249999999999998,0.0,8.0,6.0,56,47,46,1,0,6,0.92,12.9609375,0,0,0,0,0,3318,256,16,8,8,0,38.6875,
window_res8,window,none,fidelity,False,True,16,0.05,25,8,False,iid,0.1,0,s042,3,13.5,0.0,18.0,6.5,56,42,41,1,0,6,0.82,12.63671875,0,0,0,0,0,3235,256,16,8,8,0,67.0,
window_res8,window,none,fidelity,False,True,16,0.05,25,8,False,iid,0.1,0,s042,4,3.7500000000000018,0.0,2.0,6.0,56,49,49,0,0,6,0.98,11.25,0,0,0,0,0,2880,256,16,8,8,0,95.375,
window_res8,window,none,fidelity,False,True,16,0.05,25,8,False,iid,0.1,0,s042,5,3.500000000000002,0.0,6.0,4.5,56,47,47,0,0,6,0.94,9.75390625,0,0,0,0,0,2497,256,16,8,8,0,122.8125,
window_res8,window,none,fidelity,False,True,16,0.05,25,8,False,iid,0.1,0,s042,6,4.250000000000002,0.0,4.0,6.0,56,49,48,1,0,6,0.96,11.375,0,0,0,0,0,2912,256,16,8,8,0,150.75,
window_res8,window,none,fidelity,False,True,16,0.05,25,8,False,iid,0.1,0,s042,7,7.999999999999999,0.0,8.0,8.0,56,46,46,0,0,6,0.92,11.6875,0,0,0,0,0,2992,256,16,8,8,0,178.75,
window_res8,window,none,fidelity,False,True,16,0.05,25,8,False,iid,0.1,0,s042,8,2.250000000000001,0.0,2.0,7.000000000000001,56,49,49,0,0,6,0.98,11.43359375,0,0,0,0,0,2927,256,16,8,8,0,206.5,24.0
window_res8,window,none,fidelity,False,True,16,0.05,25,8,False,iid,0.1,1,s042,2,10.249999999999998,0.0,8.0,11.5,56,46,46,0,0,6,0.92,12.8125,0,0,0,0,0,3280,256,16,8,8,0,38.5,
window_res8,window,none,fidelity,False,True,16,0.05,25,8,False,iid,0.1,1,s042,3,8.75,0.0,10.0,8.5,56,46,45,1,0,6,0.9,12.71484375,0,0,0,0,0,3255,256,16,8,8,0,66.5,
window_res8,window,none,fidelity,False,True,16,0.05,25,8,False,iid,0.1,1,s042,4,3.7500000000000018,0.0,2.0,5.5,56,49,49,0,0,6,0.98,11.15625,0,0,0,0,0,2856,256,16,8,8,0,95.0,
window_res8,window,none,fidelity,False,True,16,0.05,25,8,False,iid,0.1,1,s042,5,3.500000000000002,0.0,6.0,4.5,56,47,47,0,0,6,0.94,10.1484375,0,0,0,0,0,2598,256,16,8,8,0,122.8125,
window_res8,window,none,fidelity,False,True,16,0.05,25,8,False,iid,0.1,1,s042,6,6.250000000000003,0.0,6.0,7.000000000000001,56,47,47,0,0,6,0.94,11.30078125,0,0,0,0,0,2893,256,16,8,8,0,150.5,
window_res8,window,none,fidelity,False,True,16,0.05,25,8,False,iid,0.1,1,s042,7,7.999999999999999,0.0,6.0,11.0,56,47,47,0,0,6,0.94,11.68359375,0,0,0,0,0,2991,256,16,8,8,0,179.625,
window_res8,window,none,fidelity,False,True,16,0.05,25,8,False,iid,0.1,1,s042,8,4.000000000000002,0.0,2.0,10.0,56,49,49,0,0,6,0.98,11.5546875,0,0,0,0,0,2958,256,16,8,8,0,206.8125,0.0
window_res8,window,none,fidelity,False,True,16,0.05,25,8,False,iid,0.1,2,s042,2,4.500000000000003,0.0,8.0,3.0,56,46,46,0,0,6,0.92,12.69140625,0,0,0,0,0,3249,256,16,8,8,0,38.5,
window_res8,window,none,fidelity,False,True,16,0.05,25,8,False,iid,0.1,2,s042,3,10.75,0.0,18.0,9.0,56,42,41,1,0,6,0.82,12.66015625,0,0,0,0,0,3241,256,16,8,8,0,66.6875,
window_res8,window,none,fidelity,False,True,16,0.05,25,8,False,iid,0.1,2,s042,4,2.500000000000001,0.0,2.0,4.0,56,50,49,1,0,6,0.98,11.23828125,0,0,0,0,0,2877,256,16,8,8,0,95.875,
window_res8,window,none,fidelity,False,True,16,0.05,25,8,False,iid,0.1,2,s042,5,3.500000000000002,0.0,6.0,6.0,56,47,47,0,0,6,0.94,9.66015625,0,0,0,0,0,2473,256,16,8,8,0,123.1875,
window_res8,window,none,fidelity,False,True,16,0.05,25,8,False,iid,0.1,2,s042,6,7.499999999999998,0.0,8.0,5.5,56,46,46,0,0,6,0.92,11.05078125,0,0,0,0,0,2829,256,16,8,8,0,150.8125,
window_res8,window,none,fidelity,False,True,16,0.05,25,8,False,iid,0.1,2,s042,7,7.749999999999998,0.0,8.0,7.000000000000001,56,47,46,1,0,6,0.92,11.796875,0,0,0,0,0,3020,256,16,8,8,0,178.5,
window_res8,window,none,fidelity,False,True,16,0.05,25,8,False,iid,0.1,2,s042,8,2.250000000000001,0.0,2.0,3.5000000000000004,56,49,49,0,0,6,0.98,11.421875,0,0,0,0,0,2924,256,16,8,8,0,206.75,28.000000000000004
aeqkad_res4,window,full,fidelity,False,True,16,0.05,25,4,False,iid,0.1,0,s043,2,13.5,3.423913043478259,8.0,48.0,56,34,34,0,0,6,0.68,13.78515625,51,17,0,0,0,3529,256,16,4,4,0,26.75,
aeqkad_res4,window,full,fidelity,False,True,16,0.05,25,4,False,iid,0.1,0,s043,3,37.25,9.184782608695654,34.0,54.0,56,15,15,0,0,6,0.3,14.1328125,36,19,0,0,2,3618,256,16,4,4,0,44.5,
aeqkad_res4,window,full,fidelity,False,True,16,0.05,25,4,False,iid,0.1,0,s043,4,24.5,7.01086956521739,24.0,51.0,56,33,33,0,0,6,0.66,13.73046875,43,10,0,0,0,3515,256,16,4,4,0,51.0625,
aeqkad_res4,window,full,fidelity,False,True,16,0.05,25,4,False,iid,0.1,0,s043,5,19.25,3.58695652173913,2.0,61.0,56,34,34,0,0,6,0.68,14.25390625,54,20,0,0,0,3649,256,16,4,4,0,65.875,
aeqkad_res4,window,full,fidelity,False,True,16,0.05,25,4,False,iid,0.1,0,s043,6,10.249999999999998,2.33695652173913,4.0,53.0,56,39,39,0,0,6,0.78,14.60546875,50,11,0,0,0,3739,256,16,4,4,0,81.75,
aeqkad_res4,window,full,fidelity,False,True,16,0.05,25,4,False,iid,0.1,0,s043,7,10.750000000000002,0.0,10.0,45.0,56,38,38,0,0,6,0.76,13.453125,48,10,0,0,0,3444,256,16,4,4,0,93.5625,
aeqkad_res4,window,full,fidelity,False,True,16,0.05,25,4,False,iid,0.1,0,s043,8,20.499999999999996,3.423913043478259,12.0,56.99999999999999,56,35,34,1,0,6,0.68,14.66015625,48,13,0,0,0,3753,256,16,4,4,1,108.875,76.0
aeqkad_res4,window,full,fidelity,False,True,16,0.05,25,4,False,iid,0.1,1,s043,2,14.250000000000002,2.33695652173913,12.0,34.5,56,36,35,1,0,6,0.7,13.7734375,46,10,0,0,0,3526,256,16,4,4,1,26.5,
aeqkad_res4,window,full,fidelity,False,True,16,0.05,25,4,False,iid,0.1,1,s043,3,37.25,8.097826086956525,36.0,28.999999999999996,56,18,18,0,0,6,0.36,14.30859375,33,14,0,0,1,3663,256,16,4,4,0,41.25,
aeqkad_res4,window,full,fidelity,False,True,16,0.05,25,4,False,iid,0.1,1,s043,4,26.5,7.01086956521739,24.0,40.5,56,34,33,1,0,6,0.66,13.859375,39,5,0,0,0,3548,256,16,4,4,1,52.5625,
aeqkad_res4,window,full,fidelity,False,True,16,0.05,25,4,False,iid,0.1,1,s043,5,20.25,3.58695652173913,6.0,45.0,56,36,36,0,0,6,0.72,14.20703125,48,12,0,0,0,3637,256,16,4,4,0,67.0,
aeqkad_res4,window,full,fidelity,False,True,16,0.05,25,4,False,iid,0.1,1,s043,6,9.499999999999998,5.760869565217389,4.0,27.500000000000004,56,38,38,0,0,6,0.76,14.57421875,51,12,0,0,1,3731,256,16,4,4,0,80.5,
aeqkad_res4,window,full,fidelity,False,True,16,0.05,25,4,False,iid,0.1,1,s043,7,9.75,0.0,14.000000000000002,28.000000000000004,56,38,38,0,0,6,0.76,13.21875,46,8,0,0,0,3384,256,16,4,4,0,93.4375,
aeqkad_res4,window,full,fidelity,False,True,16,0.05,25,4,False,iid,0.1,1,s043,8,19.25,1.25,12.0,37.0,56,34,34,0,0,6,0.68,14.3671875,46,12,0,0,0,3678,256,16,4,4,0,108.3125,72.0
aeqkad_res4,window,full,fidelity,False,True,16,0.05,25,4,False,iid,0.1,2,s043,2,13.750000000000002,4.67391304347826,8.0,48.0,56,35,35,0,0,6,0.7,13.76953125,48,13,0,0,0,3525,256,16,4,4,0,26.6875,
aeqkad_res4,window,full,fidelity,False,True,16,0.05,25,4,False,iid,0.1,2,s043,3,36.75,10.434782608695654,34.0,44.5,56,16,16,0,0,6,0.32,13.98046875,35,17,0,0,2,3579,256,16,4,4,0,42.0,
aeqkad_res4,window,full,fidelity,False,True,16,0.05,25,4,False,iid,0.1,2,s043,4,30.75,4.510869565217389,24.0,46.0,56,33,33,0,0,6,0.66,13.96875,41,8,1,0,0,3576,256,16,4,4,0,51.125,
aeqkad_res4,window,full,fidelity,False,True,16,0.05,25,4,False,iid,0.1,2,s043,5,16.250000000000004,4.67391304347826,4.0,69.5,56,38,38,0,0,6,0.76,14.39453125,51,13,0,0,0,3685,256,16,4,4,0,65.625,
aeqkad_res4,window,full,fidelity,False,True,16,0.05,25,4,False,iid,0.1,2,s043,6,10.249999999999998,1.0869565217391297,4.0,45.5,56,40,40,0,0,6,0.8,14.5859375,49,9,0,0,0,3734,256,16,4,4,0,79.9375,
aeqkad_res4,window,full,fidelity,False,True,16,0.05,25,4,False,iid,0.1,2,s043,7,16.0,3.423913043478259,4.0,49.5,56,39,39,0,0,6,0.78,13.734375,53,13,0,0,1,3516,256,16,4,4,0,93.9375,
aeqkad_res4,window,full,fidelity,False,True,16,0.05,25,4,False,iid,0.1,2,s043,8,20.0,2.33695652173913,12.0,57.49999999999999,56,37,37,0,0,6,0.74,14.3984375,46,9,0,0,0,3686,256,16,4,4,0,110.5625,46.0
aeqkad_res8,window,full,fidelity,False,True,16,0.05,25,8,False,iid,0.1,0,s043,2,20.249999999999996,9.347826086956525,4.0,52.0,56,34,34,0,0,6,0.68,13.7265625,53,19,1,0,0,3514,256,16,8,8,0,41.1875,
aeqkad_res8,window,full,fidelity,False,True,16,0.05,25,8,False,iid,0.1,0,s043,3,37.75,8.097826086956525,30.0,60.0,56,17,17,0,0,6,0.34,14.1796875,40,21,0,0,2,3630,256,16,8,8,0,68.6875,
aeqkad_res8,window,full,fidelity,False,True,16,0.05,25,8,False,iid,0.1,0,s043,4,28.500000000000004,2.33695652173913,14.000000000000002,63.5,56,33,33,0,0,6,0.66,15.6484375,48,15,8,0,0,4006,256,16,8,8,0,95.4375,
aeqkad_res8,window,full,fidelity,False,True,16,0.05,25,8,False,iid,0.1,0,s043,5,21.249999999999996,8.097826086956525,10.0,65.0,56,35,35,0,0,6,0.7,15.05859375,51,16,8,0,0,3855,256,16,8,8,0,123.5,
aeqkad_res8,window,full,fidelity,False,True,16,0.05,25,8,False,iid,0.1,0,s043,6,15.500000000000004,7.01086956521739,6.0,65.0,56,39,39,0,0,6,0.78,15.23828125,50,11,6,0,0,3901,256,16,8,8,0,153.125,
aeqkad_res8,window,full,fidelity,False,True,16,0.05,25,8,False,iid,0.1,0,s043,7,10.500000000000002,5.760869565217389,6.0,54.50000000000001,56,39,39,0,0,6,0.78,14.5859375,49,9,1,0,1,3734,256,16,8,8,0,179.3125,
aeqkad_res8,window,full,fidelity,False,True,16,0.05,25,8,False,iid,0.1,0,s043,8,21.999999999999996,3.423913043478259,10.0,71.0,56,38,37,1,0,6,0.74,15.18359375,51,13,3,0,0,3887,256,16,8,8,0,208.3125,84.0
aeqkad_res8,window,full,fidelity,False,True,16,0.05,25,8,False,iid,0.1,1,s043,2,20.749999999999996,3.58695652173913,6.0,46.5,56,37,36,1,0,6,0.72,13.421875,50,13,21,0,0,3436,256,16,8,8,1,40.125,
aeqkad_res8,window,full,fidelity,False,True,16,0.05,25,8,False,iid,0.1,1,s043,3,25.0,2.5,18.0,57.49999999999999,56,27,27,0,0,6,0.54,14.69921875,43,15,16,0,1,3763,256,16,8,8,0,68.6875,
aeqkad_res8,window,full,fidelity,False,True,16,0.05,25,8,False,iid,0.1,1,s043,4,34.25,5.760869565217389,22.0,58.5,56,35,35,0,0,6,0.7,15.6796875,41,6,18,0,0,4014,256,16,8,8,0,96.625,
aeqkad_res8,window,full,fidelity,False,True,16,0.05,25,8,False,iid,0.1,1,s043,5,16.500000000000004,3.423913043478259,12.0,61.0,56,37,37,0,0,6,0.74,15.328125,48,10,23,0,1,3924,256,16,8,8,0,124.375,
aeqkad_res8,window,full,fidelity,False,True,16,0.05,25,8,False,iid,0.1,1,s043,6,15.250000000000002,4.67391304347826,6.0,46.5,56,41,41,0,0,6,0.82,15.421875,50,8,21,0,1,3948,256,16,8,8,0,151.9375,
aeqkad_res8,window,full,fidelity,False,True,16,0.05,25,8,False,iid,0.1,1,s043,7,9.75,2.33695652173913,8.0,45.5,56,41,41,0,0,6,0.82,14.48046875,50,8,23,0,1,3707,256,16,8,8,0,179.125,
aeqkad_res8,window,full,fidelity,False,True,16,0.05,25,8,False,iid,0.1,1,s043,8,19.749999999999996,0.0,10.0,56.99999999999999,56,38,38,0,0,6,0.76,14.890625,49,11,25,0,0,3812,256,16,8,8,0,208.0,86.0
aeqkad_res8,window,full,fidelity,False,True,16,0.05,25,8,False,iid,0.1,2,s043,2,17.750000000000004,11.521739130434785,10.0,39.0,56,32,32,0,0,6,0.64,13.546875,48,16,3,0,0,3468,256,16,8,8,0,41.1875,
aeqkad_res8,window,full,fidelity,False,True,16,0.05,25,8,False,iid,0.1,2,s043,3,38.5,12.771739130434783,34.0,42.5,56,17,17,0,0,6,0.34,13.3359375,36,17,2,0,2,3414,256,16,8,8,0,68.6875,
aeqkad_res8,window,full,fidelity,False,True,16,0.05,25,8,False,iid,0.1,2,s043,4,31.000000000000007,8.260869565217389,24.0,41.5,56,33,33,0,0,6,0.66,15.40625,42,9,11,0,0,3944,256,16,8,8,0,95.4375,
aeqkad_res8,window,full,fidelity,False,True,16,0.05,25,8,False,iid,0.1,2,s043,5,18.000000000000004,7.01086956521739,12.0,63.0,56,35,35,0,0,6,0.7,15.22265625,46,11,9,0,0,3897,256,16,8,8,0,123.4375,
aeqkad_res8,window,full,fidelity,False,True,16,0.05,25,8,False,iid,0.1,2,s043,6,16.5,2.33695652173913,6.0,38.5,56,39,39,0,0,6,0.78,15.453125,49,10,7,0,0,3956,256,16,8,8,0,152.375,
aeqkad_res8,window,full,fidelity,False,True,16,0.05,25,8,False,iid,0.1,2,s043,7,16.0,2.33695652173913,8.0,43.5,56,39,39,0,0,6,0.78,14.40625,49,9,10,0,1,3688,256,16,8,8,0,179.4375,
aeqkad_res8,window,full,fidelity,False,True,16,0.05,25,8,False,iid,0.1,2,s043,8,16.500000000000004,3.423913043478259,10.0,55.00000000000001,56,37,37,0,0,6,0.74,15.05859375,47,9,7,0,1,3855,256,16,8,8,0,209.3125,50.0
window_res4,window,none,fidelity,False,True,16,0.05,25,4,False,iid,0.1,0,s043,2,16.250000000000004,7.01086956521739,6.0,61.0,56,51,47,4,0,6,0.94,14.16796875,0,0,0,0,0,3627,256,16,4,4,2,22.8125,
window_res4,window,none,fidelity,False,True,16,0.05,25,4,False,iid,0.1,0,s043,3,27.500000000000004,7.17391304347826,8.0,85.5,56,52,46,6,0,6,0.92,15.86328125,0,0,0,0,0,4061,256,16,4,4,1,37.1875,
window_res4,window,none,fidelity,False,True,16,0.05,25,4,False,iid,0.1,0,s043,4,17.750000000000004,3.423913043478259,4.0,76.5,56,53,48,5,0,6,0.96,15.27734375,0,0,0,0,0,3911,256,16,4,4,0,50.5,
window_res4,window,none,fidelity,False,True,16,0.05,25,4,False,iid,0.1,0,s043,5,19.499999999999996,7.01086956521739,6.0,75.0,56,51,47,4,0,6,0.94,15.1328125,0,0,0,0,0,3874,256,16,4,4,1,65.25,
window_res4,window,none,fidelity,False,True,16,0.05,25,4,False,iid,0.1,0,s043,6,10.75,2.33695652173913,6.0,61.0,56,49,47,2,0,6,0.94,15.03515625,0,0,0,0,0,3849,256,16,4,4,0,81.1875,
window_res4,window,none,fidelity,False,True,16,0.05,25,4,False,iid,0.1,0,s043,7,13.0,1.0869565217391297,6.0,61.0,56,51,47,4,0,6,0.94,14.72265625,0,0,0,0,0,3769,256,16,4,4,0,92.5,
window_res4,window,none,fidelity,False,True,16,0.05,25,4,False,iid,0.1,0,s043,8,19.499999999999996,3.423913043478259,8.0,74.0,56,51,46,5,0,6,0.92,15.25390625,0,0,0,0,0,3905,256,16,4,4,1,107.4375,86.0
window_res4,window,none,fidelity,False,True,16,0.05,25,4,False,iid,0.1,1,s043,2,16.500000000000004,7.01086956521739,12.0,38.0,56,47,44,3,0,6,0.88,13.8203125,0,0,0,0,0,3538,256,16,4,4,1,24.125,
window_res4,window,none,fidelity,False,True,16,0.05,25,4,False,iid,0.1,1,s043,3,28.249999999999996,1.25,14.000000000000002,65.0,56,46,43,3,0,6,0.86,15.734375,0,0,0,0,0,4028,256,16,4,4,0,37.5625,
window_res4,window,none,fidelity,False,True,16,0.05,25,4,False,iid,0.1,1,s043,4,15.000000000000002,0.0,10.0,56.00000000000001,56,47,45,2,0,6,0.9,14.92578125,0,0,0,0,0,3821,256,16,4,4,1,52.5625,
window_res4,window,none,fidelity,False,True,16,0.05,25,4,False,iid,0.1,1,s043,5,20.0,4.67391304347826,6.0,55.50000000000001,56,49,47,2,0,6,0.94,14.84765625,0,0,0,0,0,3801,256,16,4,4,0,66.6875,
window_res4,window,none,fidelity,False,True,16,0.05,25,4,False,iid,0.1,1,s043,6,7.249999999999998,5.760869565217389,4.0,43.0,56,51,48,3,0,6,0.96,15.00390625,0,0,0,0,0,3841,256,16,4,4,2,79.375,
window_res4,window,none,fidelity,False,True,16,0.05,25,4,False,iid,0.1,1,s043,7,12.000000000000002,2.33695652173913,12.0,46.5,56,47,44,3,0,6,0.88,14.515625,0,0,0,0,0,3716,256,16,4,4,0,92.5,
window_res4,window,none,fidelity,False,True,16,0.05,25,4,False,iid,0.1,1,s043,8,15.250000000000002,0.0,10.0,50.0,56,47,45,2,0,6,0.9,15.140625,0,0,0,0,0,3876,256,16,4,4,0,107.5,80.0
window_res4,window,none,fidelity,False,True,16,0.05,25,4,False,iid,0.1,2,s043,2,21.749999999999996,12.771739130434783,2.0,57.49999999999999,56,53,49,4,0,6,0.98,14.28515625,0,0,0,0,0,3657,256,16,4,4,0,23.1875,
window_res4,window,none,fidelity,False,True,16,0.05,25,4,False,iid,0.1,2,s043,3,24.25,7.01086956521739,8.0,81.0,56,50,46,4,0,6,0.92,15.82421875,0,0,0,0,0,4051,256,16,4,4,1,37.1875,
window_res4,window,none,fidelity,False,True,16,0.05,25,4,False,iid,0.1,2,s043,4,11.75,3.423913043478259,2.0,72.0,56,54,49,5,0,6,0.98,15.23828125,0,0,0,0,0,3901,256,16,4,4,0,50.5,
window_res4,window,none,fidelity,False,True,16,0.05,25,4,False,iid,0.1,2,s043,5,19.749999999999996,4.67391304347826,4.0,78.0,56,51,48,3,0,6,0.96,15.07421875,0,0,0,0,0,3859,256,16,4,4,1,64.75,
window_res4,window,none,fidelity,False,True,16,0.05,25,4,False,iid,0.1,2,s043,6,9.75,1.25,4.0,65.5,56,52,48,4,0,6,0.96,15.25,0,0,0,0,0,3904,256,16,4,4,1,79.125,
window_res4,window,none,fidelity,False,True,16,0.05,25,4,False,iid,0.1,2,s043,7,14.000000000000002,3.423913043478259,4.0,62.0,56,52,48,4,0,6,0.96,14.7578125,0,0,0,0,0,3778,256,16,4,4,1,92.5,
window_res4,window,none,fidelity,False,True,16,0.05,25,4,False,iid,0.1,2,s043,8,20.0,0.0,10.0,69.5,56,49,45,4,0,6,0.9,15.14453125,0,0,0,0,0,3877,256,16,4,4,1,108.9375,52.0
window_res8,window,none,fidelity,False,True,16,0.05,25,8,False,iid,0.1,0,s043,2,19.749999999999996,8.097826086956525,8.0,69.0,56,49,46,3,0,6,0.92,13.9453125,0,0,0,0,0,3570,256,16,8,8,1,39.125,
window_res8,window,none,fidelity,False,True,16,0.05,25,8,False,iid,0.1,0,s043,3,30.25,9.510869565217389,6.0,87.5,56,53,47,6,0,6,0.94,15.33984375,0,0,0,0,0,3927,256,16,8,8,1,68.0,
window_res8,window,none,fidelity,False,True,16,0.05,25,8,False,iid,0.1,0,s043,4,18.500000000000004,2.33695652173913,2.0,83.0,56,55,49,6,0,6,0.98,15.80078125,0,0,0,0,0,4045,256,16,8,8,0,95.125,
window_res8,window,none,fidelity,False,True,16,0.05,25,8,False,iid,0.1,0,s043,5,22.249999999999996,10.434782608695654,8.0,78.5,56,51,46,5,0,6,0.92,15.59765625,0,0,0,0,0,3993,256,16,8,8,1,123.125,
window_res8,window,none,fidelity,False,True,16,0.05,25,8,False,iid,0.1,0,s043,6,11.000000000000002,2.33695652173913,6.0,69.0,56,51,47,4,0,6,0.94,15.61328125,0,0,0,0,0,3997,256,16,8,8,2,151.5625,
window_res8,window,none,fidelity,False,True,16,0.05,25,8,False,iid,0.1,0,s043,7,15.500000000000004,5.760869565217389,8.0,73.5,56,52,46,6,0,6,0.92,15.3125,0,0,0,0,0,3920,256,16,8,8,0,179.125,
window_res8,window,none,fidelity,False,True,16,0.05,25,8,False,iid,0.1,0,s043,8,21.749999999999996,1.25,8.0,76.5,56,52,46,6,0,6,0.92,15.44140625,0,0,0,0,0,3953,256,16,8,8,1,207.5625,90.0
window_res8,window,none,fidelity,False,True,16,0.05,25,8,False,iid,0.1,1,s043,2,25.5,5.923913043478259,8.0,50.5,56,48,46,2,0,6,0.92,13.515625,0,0,0,0,0,3460,256,16,8,8,1,39.4375,
window_res8,window,none,fidelity,False,True,16,0.05,25,8,False,iid,0.1,1,s043,3,23.25,3.75,10.0,75.5,56,50,45,5,0,6,0.9,15.11328125,0,0,0,0,0,3869,256,16,8,8,0,68.1875,
window_res8,window,none,fidelity,False,True,16,0.05,25,8,False,iid,0.1,1,s043,4,14.000000000000002,1.25,4.0,68.5,56,51,48,3,0,6,0.96,15.69140625,0,0,0,0,0,4017,256,16,8,8,2,95.875,
window_res8,window,none,fidelity,False,True,16,0.05,25,8,False,iid,0.1,1,s043,5,21.749999999999996,4.67391304347826,8.0,73.0,56,49,46,3,0,6,0.92,15.3984375,0,0,0,0,0,3942,256,16,8,8,1,123.8125,
window_res8,window,none,fidelity,False,True,16,0.05,25,8,False,iid,0.1,1,s043,6,12.75,1.25,6.0,55.00000000000001,56,51,47,4,0,6,0.94,15.55859375,0,0,0,0,0,3983,256,16,8,8,0,151.5,
window_res8,window,none,fidelity,False,True,16,0.05,25,8,False,iid,0.1,1,s043,7,12.5,1.25,8.0,60.0,56,51,46,5,0,6,0.92,14.6640625,0,0,0,0,0,3754,256,16,8,8,0,179.125,
window_res8,window,none,fidelity,False,True,16,0.05,25,8,False,iid,0.1,1,s043,8,23.0,0.0,10.0,62.5,56,48,45,3,0,6,0.9,15.33203125,0,0,0,0,0,3925,256,16,8,8,0,207.625,80.0
window_res8,window,none,fidelity,False,True,16,0.05,25,8,False,iid,0.1,2,s043,2,20.0,17.608695652173914,10.0,43.5,56,48,45,3,0,6,0.9,13.51953125,0,0,0,0,0,3461,256,16,8,8,0,39.5625,
window_res8,window,none,fidelity,False,True,16,0.05,25,8,False,iid,0.1,2,s043,3,26.5,4.67391304347826,14.000000000000002,66.5,56,46,43,3,0,6,0.86,15.20703125,0,0,0,0,0,3893,256,16,8,8,0,68.1875,
window_res8,window,none,fidelity,False,True,16,0.05,25,8,False,iid,0.1,2,s043,4,13.5,2.33695652173913,6.0,61.0,56,52,47,5,0,6,0.94,15.796875,0,0,0,0,0,4044,256,16,8,8,0,95.4375,
window_res8,window,none,fidelity,False,True,16,0.05,25,8,False,iid,0.1,2,s043,5,24.25,3.423913043478259,12.0,64.0,56,46,44,2,0,6,0.88,15.42578125,0,0,0,0,0,3949,256,16,8,8,1,123.125,
window_res8,window,none,fidelity,False,True,16,0.05,25,8,False,iid,0.1,2,s043,6,11.249999999999998,1.25,6.0,39.0,56,48,47,1,0,6,0.94,15.6953125,0,0,0,0,0,4018,256,16,8,8,1,151.5,
window_res8,window,none,fidelity,False,True,16,0.05,25,8,False,iid,0.1,2,s043,7,11.250000000000002,9.184782608695654,8.0,56.00000000000001,56,50,46,4,0,6,0.92,15.00390625,0,0,0,0,0,3841,256,16,8,8,1,179.125,
window_res8,window,none,fidelity,False,True,16,0.05,25,8,False,iid,0.1,2,s043,8,23.75,0.0,8.0,59.0,56,49,46,3,0,6,0.92,15.23828125,0,0,0,0,0,3901,256,16,8,8,1,208.5625,48.0
aeqkad_res4,window,full,fidelity,False,True,16,0.05,25,4,False,iid,0.1,0,s044,2,12.0,3.75,6.0,28.999999999999996,56,36,36,0,0,6,0.72,9.2109375,48,12,0,0,0,2358,256,16,4,4,0,27.375,
aeqkad_res4,window,full,fidelity,False,True,16,0.05,25,4,False,iid,0.1,0,s044,3,7.749999999999998,4.67391304347826,0.0,25.5,56,49,48,1,0,6,0.96,10.38671875,54,5,0,0,0,2659,256,16,4,4,0,38.4375,
aeqkad_res4,window,full,fidelity,False,True,16,0.05,25,4,False,iid,0.1,0,s044,4,7.999999999999999,1.0869565217391297,0.0,27.500000000000004,56,45,45,0,0,6,0.9,9.0390625,51,6,0,0,0,2314,256,16,4,4,0,52.375,
aeqkad_res4,window,full,fidelity,False,True,16,0.05,25,4,False,iid,0.1,0,s044,5,13.750000000000002,8.097826086956525,2.0,31.5,56,45,43,2,0,6,0.86,9.48046875,51,6,0,0,0,2427,256,16,4,4,1,67.375,
aeqkad_res4,window,full,fidelity,False,True,16,0.05,25,4,False,iid,0.1,0,s044,6,9.749999999999998,1.25,2.0,36.5,56,48,47,1,0,6,0.94,10.2734375,51,3,0,0,0,2630,256,16,4,4,0,79.875,
aeqkad_res4,window,full,fidelity,False,True,16,0.05,25,4,False,iid,0.1,0,s044,7,12.75,10.434782608695654,2.0,34.5,56,44,42,2,0,6,0.84,11.078125,52,8,0,0,0,2836,256,16,4,4,0,93.875,
aeqkad_res4,window,full,fidelity,False,True,16,0.05,25,4,False,iid,0.1,0,s044,8,9.499999999999998,1.0869565217391297,2.0,28.000000000000004,56,44,44,0,0,6,0.88,8.8046875,51,7,0,0,0,2254,256,16,4,4,0,108.1875,8.0
aeqkad_res4,window,full,fidelity,False,True,16,0.05,25,4,False,iid,0.1,1,s044,2,16.75,5.760869565217389,10.0,27.500000000000004,56,31,31,0,0,6,0.62,8.6640625,47,16,0,0,0,2218,256,16,4,4,0,29.5625,
aeqkad_res4,window,full,fidelity,False,True,16,0.05,25,4,False,iid,0.1,1,s044,3,4.500000000000002,2.33695652173913,0.0,22.5,56,47,47,0,0,6,0.94,9.51171875,52,5,0,0,0,2435,256,16,4,4,0,37.9375,
aeqkad_res4,window,full,fidelity,False,True,16,0.05,25,4,False,iid,0.1,1,s044,4,8.249999999999998,2.33695652173913,0.0,24.0,56,43,43,0,0,6,0.86,8.5859375,52,9,0,0,0,2198,256,16,4,4,0,52.5,
aeqkad_res4,window,full,fidelity,False,True,16,0.05,25,4,False,iid,0.1,1,s044,5,13.5,4.67391304347826,4.0,27.0,56,42,42,0,0,6,0.84,9.0390625,51,9,0,0,0,2314,256,16,4,4,0,67.25,
aeqkad_res4,window,full,fidelity,False,True,16,0.05,25,4,False,iid,0.1,1,s044,6,10.249999999999998,2.5,2.0,28.000000000000004,56,45,45,0,0,6,0.9,9.921875,50,5,0,0,0,2540,256,16,4,4,0,81.8125,
aeqkad_res4,window,full,fidelity,False,True,16,0.05,25,4,False,iid,0.1,1,s044,7,12.0,10.434782608695654,2.0,29.5,56,41,40,1,0,6,0.8,10.4296875,50,9,0,0,0,2670,256,16,4,4,0,94.9375,
aeqkad_res4,window,full,fidelity,False,True,16,0.05,25,4,False,iid,0.1,1,s044,8,6.7500000000000036,2.33695652173913,2.0,20.0,56,42,42,0,0,6,0.84,8.88671875,50,8,0,0,0,2275,256,16,4,4,0,107.875,4.0
aeqkad_res4,window,full,fidelity,False,True,16,0.05,25,4,False,iid,0.1,2,s044,2,14.250000000000002,2.5,6.0,33.0,56,36,36,0,0,6,0.72,9.109375,49,13,0,0,0,2332,256,16,4,4,0,27.4375,
aeqkad_res4,window,full,fidelity,False,True,16,0.05,25,4,False,iid,0.1,2,s044,3,7.749999999999998,2.33695652173913,0.0,28.000000000000004,56,46,46,0,0,6,0.92,9.55859375,51,5,0,0,0,2447,256,16,4,4,0,37.9375,
aeqkad_res4,window,full,fidelity,False,True,16,0.05,25,4,False,iid,0.1,2,s044,4,9.25,2.33695652173913,0.0,26.0,56,46,44,2,0,6,0.88,8.84375,52,6,0,0,0,2264,256,16,4,4,1,51.875,
aeqkad_res4,window,full,fidelity,False,True,16,0.05,25,4,False,iid,0.1,2,s044,5,14.250000000000002,2.5,2.0,37.5,56,46,43,3,0,6,0.86,9.6875,53,7,0,0,0,2480,256,16,4,4,0,67.375,
aeqkad_res4,window,full,fidelity,False,True,16,0.05,25,4,False,iid,0.1,2,s044,6,10.0,8.097826086956525,2.0,30.0,56,48,46,2,0,6,0.92,10.55078125,51,3,0,0,0,2701,256,16,4,4,1,79.875,
aeqkad_res4,window,full,fidelity,False,True,16,0.05,25,4,False,iid,0.1,2,s044,7,13.750000000000002,7.01086956521739,2.0,36.5,56,43,42,1,0,6,0.84,10.734375,51,8,0,0,0,2748,256,16,4,4,0,93.875,
aeqkad_res4,window,full,fidelity,False,True,16,0.05,25,4,False,iid,0.1,2,s044,8,6.000000000000003,2.5,2.0,30.0,56,43,43,0,0,6,0.86,8.80859375,50,7,0,0,0,2255,256,16,4,4,0,108.3125,24.0
aeqkad_res8,window,full,fidelity,False,True,16,0.05,25,8,False,iid,0.1,0,s044,2,12.25,2.5,4.0,37.0,56,39,39,0,0,6,0.78,9.15625,49,10,0,0,0,2344,256,16,8,8,0,39.125,
aeqkad_res8,window,full,fidelity,False,True,16,0.05,25,8,False,iid,0.1,0,s044,3,7.0000000000000036,7.01086956521739,0.0,34.0,56,49,48,1,0,6,0.96,9.35546875,55,6,0,0,0,2395,256,16,8,8,0,66.5625,
aeqkad_res8,window,full,fidelity,False,True,16,0.05,25,8,False,iid,0.1,0,s044,4,7.499999999999998,2.33695652173913,0.0,35.0,56,46,46,0,0,6,0.92,8.796875,51,4,0,0,1,2252,256,16,8,8,0,94.3125,
aeqkad_res8,window,full,fidelity,False,True,16,0.05,25,8,False,iid,0.1,0,s044,5,12.0,8.097826086956525,2.0,37.5,56,44,43,1,0,6,0.86,9.43359375,52,7,0,0,1,2415,256,16,8,8,1,122.8125,
aeqkad_res8,window,full,fidelity,False,True,16,0.05,25,8,False,iid,0.1,0,s044,6,10.249999999999998,2.33695652173913,2.0,45.5,56,48,47,1,0,6,0.94,10.58203125,52,4,0,0,0,2709,256,16,8,8,0,150.25,
aeqkad_res8,window,full,fidelity,False,True,16,0.05,25,8,False,iid,0.1,0,s044,7,11.249999999999998,9.347826086956525,2.0,47.5,56,47,45,2,0,6,0.9,10.88671875,52,5,0,0,0,2787,256,16,8,8,0,178.25,
aeqkad_res8,window,full,fidelity,False,True,16,0.05,25,8,False,iid,0.1,0,s044,8,7.0000000000000036,1.0869565217391297,2.0,38.5,56,49,48,1,0,6,0.96,9.44140625,51,2,0,0,0,2417,256,16,8,8,0,206.3125,12.0
aeqkad_res8,window,full,fidelity,False,True,16,0.05,25,8,False,iid,0.1,1,s044,2,11.249999999999998,2.5,4.0,40.0,56,38,38,0,0,6,0.76,8.5078125,52,14,0,0,0,2178,256,16,8,8,0,38.5,
aeqkad_res8,window,full,fidelity,False,True,16,0.05,25,8,False,iid,0.1,1,s044,3,5.500000000000003,1.25,0.0,36.0,56,47,47,0,0,6,0.94,8.96484375,52,5,0,0,0,2295,256,16,8,8,0,65.5,
aeqkad_res8,window,full,fidelity,False,True,16,0.05,25,8,False,iid,0.1,1,s044,4,7.749999999999998,2.33695652173913,0.0,32.5,56,46,46,0,0,6,0.92,9.05078125,53,6,0,0,1,2317,256,16,8,8,0,93.875,
aeqkad_res8,window,full,fidelity,False,True,16,0.05,25,8,False,iid,0.1,1,s044,5,11.5,7.01086956521739,2.0,36.5,56,43,43,0,0,6,0.86,8.80078125,53,9,0,0,1,2253,256,16,8,8,0,121.875,
aeqkad_res8,window,full,fidelity,False,True,16,0.05,25,8,False,iid,0.1,1,s044,6,11.5,4.67391304347826,2.0,42.0,56,48,47,1,0,6,0.94,10.65234375,51,3,0,0,0,2727,256,16,8,8,0,150.3125,
aeqkad_res8,window,full,fidelity,False,True,16,0.05,25,8,False,iid,0.1,1,s044,7,13.0,7.01086956521739,2.0,42.0,56,46,45,1,0,6,0.9,10.99609375,50,4,0,0,0,2815,256,16,8,8,0,178.0625,
aeqkad_res8,window,full,fidelity,False,True,16,0.05,25,8,False,iid,0.1,1,s044,8,11.0,5.760869565217389,2.0,39.5,56,49,48,1,0,6,0.96,9.609375,51,2,0,0,0,2460,256,16,8,8,0,205.5,16.0
aeqkad_res8,window,full,fidelity,False,True,16,0.05,25,8,False,iid,0.1,2,s044,2,10.75,2.5,4.0,33.5,56,39,39,0,0,6,0.78,8.51953125,52,13,0,0,0,2181,256,16,8,8,0,38.3125,
aeqkad_res8,window,full,fidelity,False,True,16,0.05,25,8,False,iid,0.1,2,s044,3,7.0000000000000036,1.25,0.0,30.0,56,47,47,0,0,6,0.94,8.9765625,51,4,0,0,0,2298,256,16,8,8,0,65.5,
aeqkad_res8,window,full,fidelity,False,True,16,0.05,25,8,False,iid,0.1,2,s044,4,9.499999999999998,2.33695652173913,0.0,33.5,56,48,46,2,0,6,0.92,9.04296875,53,4,0,0,1,2315,256,16,8,8,1,93.5,
aeqkad_res8,window,full,fidelity,False,True,16,0.05,25,8,False,iid,0.1,2,s044,5,12.0,3.58695652173913,2.0,38.0,56,45,43,2,0,6,0.86,9.14453125,53,7,0,0,1,2341,256,16,8,8,0,122.0,
aeqkad_res8,window,full,fidelity,False,True,16,0.05,25,8,False,iid,0.1,2,s044,6,7.2500000000000036,4.67391304347826,2.0,34.0,56,49,47,2,0,6,0.94,10.71875,51,2,0,0,0,2744,256,16,8,8,1,149.5,
aeqkad_res8,window,full,fidelity,False,True,16,0.05,25,8,False,iid,0.1,2,s044,7,11.75,7.01086956521739,2.0,45.0,56,46,45,1,0,6,0.9,10.82421875,50,4,0,0,0,2771,256,16,8,8,0,177.5,
aeqkad_res8,window,full,fidelity,False,True,16,0.05,25,8,False,iid,0.1,2,s044,8,6.250000000000003,5.760869565217389,2.0,40.0,56,48,48,0,0,6,0.96,8.88671875,50,2,0,0,0,2275,256,16,8,8,0,205.6875,44.0
window_res4,window,none,fidelity,False,True,16,0.05,25,4,False,iid,0.1,0,s044,2,11.5,3.58695652173913,6.0,49.0,56,49,47,2,0,6,0.94,10.953125,0,0,0,0,0,2804,256,16,4,4,0,24.75,
window_res4,window,none,fidelity,False,True,16,0.05,25,4,False,iid,0.1,0,s044,3,8.499999999999998,3.58695652173913,0.0,37.5,56,55,50,5,0,6,1.0,10.88671875,0,0,0,0,0,2787,256,16,4,4,0,38.4375,
window_res4,window,none,fidelity,False,True,16,0.05,25,4,False,iid,0.1,0,s044,4,7.499999999999998,2.33695652173913,0.0,30.5,56,51,50,1,0,6,1.0,9.1328125,0,0,0,0,0,2338,256,16,4,4,0,52.375,
window_res4,window,none,fidelity,False,True,16,0.05,25,4,False,iid,0.1,0,s044,5,10.5,7.01086956521739,2.0,42.5,56,51,49,2,0,6,0.98,10.3125,0,0,0,0,0,2640,256,16,4,4,1,67.1875,
window_res4,window,none,fidelity,False,True,16,0.05,25,4,False,iid,0.1,0,s044,6,7.500000000000003,3.423913043478259,0.0,41.0,56,54,50,4,0,6,1.0,11.2421875,0,0,0,0,0,2878,256,16,4,4,0,79.875,
window_res4,window,none,fidelity,False,True,16,0.05,25,4,False,iid,0.1,0,s044,7,10.0,7.01086956521739,2.0,43.0,56,52,49,3,0,6,0.98,11.97265625,0,0,0,0,0,3065,256,16,4,4,0,93.875,
window_res4,window,none,fidelity,False,True,16,0.05,25,4,False,iid,0.1,0,s044,8,7.999999999999999,1.0869565217391297,2.0,34.5,56,51,49,2,0,6,0.98,10.234375,0,0,0,0,0,2620,256,16,4,4,0,108.1875,10.0
window_res4,window,none,fidelity,False,True,16,0.05,25,4,False,iid,0.1,1,s044,2,11.5,7.01086956521739,6.0,43.0,56,50,47,3,0,6,0.94,11.09765625,0,0,0,0,0,2841,256,16,4,4,3,24.125,
window_res4,window,none,fidelity,False,True,16,0.05,25,4,False,iid,0.1,1,s044,3,4.750000000000002,2.33695652173913,0.0,33.5,56,54,50,4,0,6,1.0,10.859375,0,0,0,0,0,2780,256,16,4,4,0,37.9375,
window_res4,window,none,fidelity,False,True,16,0.05,25,4,False,iid,0.1,1,s044,4,6.500000000000003,3.423913043478259,0.0,33.5,56,53,50,3,0,6,1.0,9.8125,0,0,0,0,0,2512,256,16,4,4,1,51.875,
window_res4,window,none,fidelity,False,True,16,0.05,25,4,False,iid,0.1,1,s044,5,11.75,2.5,2.0,45.0,56,55,49,6,0,6,0.98,10.921875,0,0,0,0,0,2796,256,16,4,4,2,66.1875,
window_res4,window,none,fidelity,False,True,16,0.05,25,4,False,iid,0.1,1,s044,6,10.0,2.5,0.0,31.0,56,51,50,1,0,6,1.0,11.06640625,0,0,0,0,0,2833,256,16,4,4,1,81.4375,
window_res4,window,none,fidelity,False,True,16,0.05,25,4,False,iid,0.1,1,s044,7,9.749999999999998,4.83695652173913,2.0,30.5,56,50,49,1,0,6,0.98,11.640625,0,0,0,0,0,2980,256,16,4,4,0,94.9375,
window_res4,window,none,fidelity,False,True,16,0.05,25,4,False,iid,0.1,1,s044,8,8.499999999999998,2.33695652173913,2.0,23.5,56,50,49,1,0,6,0.98,10.21875,0,0,0,0,0,2616,256,16,4,4,0,107.875,4.0
window_res4,window,none,fidelity,False,True,16,0.05,25,4,False,iid,0.1,2,s044,2,11.5,2.33695652173913,6.0,47.5,56,51,47,4,0,6,0.94,11.28125,0,0,0,0,0,2888,256,16,4,4,2,24.125,
window_res4,window,none,fidelity,False,True,16,0.05,25,4,False,iid,0.1,2,s044,3,8.499999999999998,2.33695652173913,0.0,32.0,56,51,50,1,0,6,1.0,10.35546875,0,0,0,0,0,2651,256,16,4,4,1,37.875,
window_res4,window,none,fidelity,False,True,16,0.05,25,4,False,iid,0.1,2,s044,4,9.499999999999998,1.25,0.0,35.0,56,52,50,2,0,6,1.0,9.24609375,0,0,0,0,0,2367,256,16,4,4,1,51.875,
window_res4,window,none,fidelity,False,True,16,0.05,25,4,False,iid,0.1,2,s044,5,10.75,3.58695652173913,2.0,39.5,56,53,49,4,0,6,0.98,10.26953125,0,0,0,0,0,2629,256,16,4,4,1,66.875,
window_res4,window,none,fidelity,False,True,16,0.05,25,4,False,iid,0.1,2,s044,6,7.999999999999999,7.01086956521739,0.0,36.0,56,52,50,2,0,6,1.0,11.0546875,0,0,0,0,0,2830,256,16,4,4,1,79.875,
window_res4,window,none,fidelity,False,True,16,0.05,25,4,False,iid,0.1,2,s044,7,7.499999999999998,4.67391304347826,2.0,42.0,56,50,49,1,0,6,0.98,11.85546875,0,0,0,0,0,3035,256,16,4,4,0,93.875,
window_res4,window,none,fidelity,False,True,16,0.05,25,4,False,iid,0.1,2,s044,8,7.999999999999999,2.5,2.0,47.0,56,50,49,1,0,6,0.98,9.94140625,0,0,0,0,0,2545,256,16,4,4,0,108.3125,28.000000000000004
window_res8,window,none,fidelity,False,True,16,0.05,25,8,False,iid,0.1,0,s044,2,10.0,5.760869565217389,4.0,48.5,56,50,48,2,0,6,0.96,10.05859375,0,0,0,0,0,2575,256,16,8,8,0,38.625,
window_res8,window,none,fidelity,False,True,16,0.05,25,8,False,iid,0.1,0,s044,3,7.999999999999999,3.58695652173913,0.0,41.0,56,55,50,5,0,6,1.0,9.5703125,0,0,0,0,0,2450,256,16,8,8,0,66.5625,
window_res8,window,none,fidelity,False,True,16,0.05,25,8,False,iid,0.1,0,s044,4,4.750000000000002,0.0,0.0,40.0,56,52,50,2,0,6,1.0,9.359375,0,0,0,0,0,2396,256,16,8,8,0,94.3125,
window_res8,window,none,fidelity,False,True,16,0.05,25,8,False,iid,0.1,0,s044,5,11.5,8.097826086956525,2.0,54.50000000000001,56,52,49,3,0,6,0.98,9.99609375,0,0,0,0,0,2559,256,16,8,8,2,122.4375,
window_res8,window,none,fidelity,False,True,16,0.05,25,8,False,iid,0.1,0,s044,6,9.25,2.33695652173913,0.0,49.5,56,53,50,3,0,6,1.0,11.02734375,0,0,0,0,0,2823,256,16,8,8,0,150.25,
window_res8,window,none,fidelity,False,True,16,0.05,25,8,False,iid,0.1,0,s044,7,7.749999999999998,7.01086956521739,2.0,52.5,56,52,49,3,0,6,0.98,11.34375,0,0,0,0,0,2904,256,16,8,8,0,178.25,
window_res8,window,none,fidelity,False,True,16,0.05,25,8,False,iid,0.1,0,s044,8,7.999999999999999,1.0869565217391297,2.0,41.0,56,51,49,2,0,6,0.98,9.78125,0,0,0,0,0,2504,256,16,8,8,0,206.3125,12.0
window_res8,window,none,fidelity,False,True,16,0.05,25,8,False,iid,0.1,1,s044,2,9.25,7.01086956521739,2.0,57.49999999999999,56,53,49,4,0,6,0.98,10.078125,0,0,0,0,0,2580,256,16,8,8,1,37.5,
window_res8,window,none,fidelity,False,True,16,0.05,25,8,False,iid,0.1,1,s044,3,5.750000000000003,1.25,0.0,42.0,56,52,50,2,0,6,1.0,9.47265625,0,0,0,0,0,2425,256,16,8,8,0,65.5,
window_res8,window,none,fidelity,False,True,16,0.05,25,8,False,iid,0.1,1,s044,4,6.7500000000000036,2.33695652173913,0.0,43.5,56,54,50,4,0,6,1.0,9.42578125,0,0,0,0,0,2413,256,16,8,8,1,93.5,
window_res8,window,none,fidelity,False,True,16,0.05,25,8,False,iid,0.1,1,s044,5,12.25,4.67391304347826,2.0,56.00000000000001,56,54,49,5,0,6,0.98,9.90625,0,0,0,0,0,2536,256,16,8,8,1,121.5625,
window_res8,window,none,fidelity,False,True,16,0.05,25,8,False,iid,0.1,1,s044,6,11.75,4.67391304347826,0.0,50.0,56,54,50,4,0,6,1.0,11.11328125,0,0,0,0,0,2845,256,16,8,8,2,149.5,
window_res8,window,none,fidelity,False,True,16,0.05,25,8,False,iid,0.1,1,s044,7,8.249999999999998,4.83695652173913,2.0,45.0,56,50,49,1,0,6,0.98,11.453125,0,0,0,0,0,2932,256,16,8,8,0,178.0625,
window_res8,window,none,fidelity,False,True,16,0.05,25,8,False,iid,0.1,1,s044,8,9.749999999999998,5.760869565217389,2.0,41.0,56,52,49,3,0,6,0.98,9.828125,0,0,0,0,0,2516,256,16,8,8,0,205.5,16.0
window_res8,window,none,fidelity,False,True,16,0.05,25,8,False,iid,0.1,2,s044,2,13.0,2.5,4.0,48.5,56,54,48,6,0,6,0.96,10.078125,0,0,0,0,0,2580,256,16,8,8,1,37.5,
window_res8,window,none,fidelity,False,True,16,0.05,25,8,False,iid,0.1,2,s044,3,7.499999999999998,2.33695652173913,0.0,31.0,56,51,50,1,0,6,1.0,9.09765625,0,0,0,0,0,2329,256,16,8,8,0,65.5,
window_res8,window,none,fidelity,False,True,16,0.05,25,8,False,iid,0.1,2,s044,4,9.749999999999998,1.25,0.0,47.0,56,54,50,4,0,6,1.0,9.47265625,0,0,0,0,0,2425,256,16,8,8,1,93.5,
window_res8,window,none,fidelity,False,True,16,0.05,25,8,False,iid,0.1,2,s044,5,13.5,3.58695652173913,2.0,45.5,56,53,49,4,0,6,0.98,10.03125,0,0,0,0,0,2568,256,16,8,8,0,122.0,
window_res8,window,none,fidelity,False,True,16,0.05,25,8,False,iid,0.1,2,s044,6,9.499999999999998,2.5,0.0,38.0,56,52,50,2,0,6,1.0,10.83203125,0,0,0,0,0,2773,256,16,8,8,1,149.5,
window_res8,window,none,fidelity,False,True,16,0.05,25,8,False,iid,0.1,2,s044,7,6.250000000000003,2.33695652173913,2.0,47.0,56,50,49,1,0,6,0.98,11.265625,0,0,0,0,0,2884,256,16,8,8,0,177.5,
window_res8,window,none,fidelity,False,True,16,0.05,25,8,False,iid,0.1,2,s044,8,7.0000000000000036,5.760869565217389,2.0,49.0,56,51,49,2,0,6,0.98,9.3828125,0,0,0,0,0,2402,256,16,8,8,0,205.6875,42.0
aeqkad_res4,window,full,fidelity,False,True,16,0.05,25,4,False,iid,0.1,0,s046,2,33.75,30.217391304347828,2.0,87.5,56,53,49,4,0,6,0.98,13.20703125,53,0,52,0,0,3381,256,16,4,4,1,26.0,
aeqkad_res4,window,full,fidelity,False,True,16,0.05,25,4,False,iid,0.1,0,s046,3,31.25,24.456521739130434,0.0,82.0,56,49,46,3,0,6,0.92,9.62890625,55,2,49,0,4,2465,256,16,4,4,0,39.875,
aeqkad_res4,window,full,fidelity,False,True,16,0.05,25,4,False,iid,0.1,0,s046,4,28.000000000000004,17.445652173913043,0.0,88.5,56,43,40,3,0,6,0.8,8.69140625,56,0,54,0,13,2225,256,16,4,4,1,54.8125,
aeqkad_res4,window,full,fidelity,False,True,16,0.05,25,4,False,iid,0.1,0,s046,5,29.500000000000004,19.6195652173913,0.0,87.0,56,46,45,1,0,6,0.9,8.8359375,56,4,49,0,6,2262,256,16,4,4,0,69.0625,
aeqkad_res4,window,full,fidelity,False,True,16,0.05,25,4,False,iid,0.1,0,s046,6,20.999999999999996,12.771739130434783,2.0,83.5,56,45,45,0,0,6,0.9,7.1796875,54,0,53,0,9,1838,256,16,4,4,0,81.6875,
aeqkad_res4,window,full,fidelity,False,True,16,0.05,25,4,False,iid,0.1,0,s046,7,46.25,41.73913043478261,8.0,88.0,56,9,8,1,0,6,0.16,7.90625,51,5,45,0,37,2024,256,16,4,4,1,107.5625,
aeqkad_res4,window,full,fidelity,False,True,16,0.05,25,4,False,iid,0.1,0,s046,8,28.749999999999996,25.380434782608695,6.0,80.5,56,38,36,2,0,6,0.72,6.99609375,53,2,47,0,13,1791,256,16,4,4,1,109.875,100.0
aeqkad_res4,window,full,fidelity,False,True,16,0.05,25,4,False,iid,0.1,1,s046,2,27.750000000000004,22.1195652173913,2.0,94.0,56,52,49,3,0,6,0.98,13.4921875,55,1,46,0,2,3454,256,16,4,4,1,25.25,
aeqkad_res4,window,full,fidelity,False,True,16,0.05,25,4,False,iid,0.1,1,s046,3,25.25,17.445652173913043,0.0,90.5,56,50,46,4,0,6,0.92,9.62109375,56,4,45,0,2,2463,256,16,4,4,1,40.4375,
aeqkad_res4,window,full,fidelity,False,True,16,0.05,25,4,False,iid,0.1,1,s046,4,28.249999999999996,16.358695652173914,0.0,88.0,56,45,41,4,0,6,0.82,8.70703125,56,1,47,0,10,2229,256,16,4,4,1,54.25,
aeqkad_res4,window,full,fidelity,False,True,16,0.05,25,4,False,iid,0.1,1,s046,5,30.25,17.445652173913043,0.0,91.5,56,51,47,4,0,6,0.94,8.87890625,55,2,48,0,2,2273,256,16,4,4,0,68.3125,
aeqkad_res4,window,full,fidelity,False,True,16,0.05,25,4,False,iid,0.1,1,s046,6,19.499999999999996,11.684782608695654,0.0,89.5,56,48,46,2,0,6,0.92,7.40234375,56,2,51,0,6,1895,256,16,4,4,0,81.3125,
aeqkad_res4,window,full,fidelity,False,True,16,0.05,25,4,False,iid,0.1,1,s046,7,47.75,42.98913043478261,4.0,90.5,56,6,6,0,0,6,0.12,8.45703125,53,7,40,0,40,2165,256,16,4,4,0,116.125,
aeqkad_res4,window,full,fidelity,False,True,16,0.05,25,4,False,iid,0.1,1,s046,8,29.75,22.1195652173913,2.0,90.0,56,36,35,1,0,6,0.7,7.4609375,55,3,38,0,16,1910,256,16,4,4,0,110.4375,100.0
aeqkad_res4,window,full,fidelity,False,True,16,0.05,25,4,False,iid,0.1,2,s046,2,32.75,23.3695652173913,2.0,86.5,56,46,45,1,0,6,0.9,12.875,53,3,42,0,4,3296,256,16,4,4,1,26.625,
aeqkad_res4,window,full,fidelity,False,True,16,0.05,25,4,False,iid,0.1,2,s046,3,27.750000000000004,17.445652173913043,4.0,87.0,56,42,41,1,0,6,0.82,8.8828125,51,1,40,0,8,2274,256,16,4,4,1,40.5625,
aeqkad_res4,window,full,fidelity,False,True,16,0.05,25,4,False,iid,0.1,2,s046,4,26.0,17.445652173913043,0.0,83.5,56,44,40,4,0,6,0.8,8.7890625,56,4,43,0,8,2250,256,16,4,4,0,54.875,
aeqkad_res4,window,full,fidelity,False,True,16,0.05,25,4,False,iid,0.1,2,s046,5,31.999999999999996,15.108695652173914,0.0,81.5,56,43,41,2,0,6,0.82,7.98046875,54,3,45,0,8,2043,256,16,4,4,0,70.0625,
aeqkad_res4,window,full,fidelity,False,True,16,0.05,25,4,False,iid,0.1,2,s046,6,17.000000000000004,15.108695652173914,4.0,79.0,56,44,43,1,0,6,0.86,6.71484375,52,2,45,0,6,1719,256,16,4,4,0,81.375,
aeqkad_res4,window,full,fidelity,False,True,16,0.05,25,4,False,iid,0.1,2,s046,7,51.24999999999999,51.08695652173913,14.000000000000002,79.5,56,2,2,0,0,6,0.04,6.39453125,49,7,26,0,40,1637,256,16,4,4,0,130.25,
aeqkad_res4,window,full,fidelity,False,True,16,0.05,25,4,False,iid,0.1,2,s046,8,41.75,38.315217391304344,10.0,76.0,56,6,3,3,0,6,0.06,7.359375,50,3,39,0,41,1884,256,16,4,4,3,148.5,96.0
aeqkad_res8,window,full,fidelity,False,True,16,0.05,25,8,False,iid,0.1,0,s046,2,33.75,30.217391304347828,2.0,95.5,56,51,47,4,0,6,0.94,11.7421875,55,3,43,0,1,3006,256,16,8,8,0,44.3125,
aeqkad_res8,window,full,fidelity,False,True,16,0.05,25,8,False,iid,0.1,0,s046,3,31.999999999999996,22.1195652173913,0.0,94.0,56,49,46,3,0,6,0.92,9.75390625,56,3,42,0,4,2497,256,16,8,8,0,72.1875,
aeqkad_res8,window,full,fidelity,False,True,16,0.05,25,8,False,iid,0.1,0,s046,4,30.25,17.445652173913043,0.0,93.0,56,43,40,3,0,6,0.8,7.609375,56,5,41,0,8,1948,256,16,8,8,1,100.625,
aeqkad_res8,window,full,fidelity,False,True,16,0.05,25,8,False,iid,0.1,0,s046,5,26.0,16.358695652173914,0.0,94.5,56,46,45,1,0,6,0.9,8.89453125,56,2,42,0,8,2277,256,16,8,8,0,128.6875,
aeqkad_res8,window,full,fidelity,False,True,16,0.05,25,8,False,iid,0.1,0,s046,6,25.75,19.782608695652172,0.0,97.0,56,45,45,0,0,6,0.9,7.890625,56,2,46,0,9,2020,256,16,8,8,0,155.875,
aeqkad_res8,window,full,fidelity,False,True,16,0.05,25,8,False,iid,0.1,0,s046,7,46.0,45.48913043478261,4.0,97.0,56,9,8,1,0,6,0.16,8.45703125,54,8,27,0,37,2165,256,16,8,8,0,185.5625,
aeqkad_res8,window,full,fidelity,False,True,16,0.05,25,8,False,iid,0.1,0,s046,8,24.0,19.782608695652172,2.0,93.5,56,38,36,2,0,6,0.72,7.34765625,55,3,41,0,14,1881,256,16,8,8,1,211.9375,100.0
aeqkad_res8,window,full,fidelity,False,True,16,0.05,25,8,False,iid,0.1,1,s046,2,27.500000000000004,16.521739130434785,2.0,96.5,56,52,49,3,0,6,0.98,12.48046875,55,1,46,0,2,3195,256,16,8,8,0,43.8125,
aeqkad_res8,window,full,fidelity,False,True,16,0.05,25,8,False,iid,0.1,1,s046,3,26.25,22.1195652173913,0.0,92.5,56,50,46,4,0,6,0.92,9.83984375,56,3,47,0,3,2519,256,16,8,8,1,72.5,
aeqkad_res8,window,full,fidelity,False,True,16,0.05,25,8,False,iid,0.1,1,s046,4,31.000000000000007,18.532608695652172,0.0,90.0,56,45,41,4,0,6,0.82,7.87890625,56,6,44,0,5,2017,256,16,8,8,0,100.3125,
aeqkad_res8,window,full,fidelity,False,True,16,0.05,25,8,False,iid,0.1,1,s046,5,30.999999999999993,16.358695652173914,0.0,96.5,56,51,47,4,0,6,0.94,8.62890625,55,1,48,0,3,2209,256,16,8,8,0,128.25,
aeqkad_res8,window,full,fidelity,False,True,16,0.05,25,8,False,iid,0.1,1,s046,6,22.749999999999996,14.021739130434785,0.0,94.5,56,48,46,2,0,6,0.92,8.05859375,56,2,47,0,6,2063,256,16,8,8,0,155.8125,
aeqkad_res8,window,full,fidelity,False,True,16,0.05,25,8,False,iid,0.1,1,s046,7,43.99999999999999,47.66304347826087,6.0,94.5,56,6,6,0,0,6,0.12,8.8984375,52,4,33,0,42,2278,256,16,8,8,0,192.1875,
aeqkad_res8,window,full,fidelity,False,True,16,0.05,25,8,False,iid,0.1,1,s046,8,22.749999999999996,26.467391304347824,2.0,93.0,56,36,35,1,0,6,0.7,7.50390625,55,1,42,0,18,1921,256,16,8,8,0,212.0,100.0
aeqkad_res8,window,full,fidelity,False,True,16,0.05,25,8,False,iid,0.1,2,s046,2,30.999999999999993,27.8804347826087,2.0,91.5,56,46,45,1,0,6,0.9,11.98046875,54,1,53,0,7,3067,256,16,8,8,1,44.125,
aeqkad_res8,window,full,fidelity,False,True,16,0.05,25,8,False,iid,0.1,2,s046,3,31.25,17.608695652173914,0.0,88.5,56,42,41,1,0,6,0.82,9.37890625,54,3,52,0,9,2401,256,16,8,8,1,72.25,
aeqkad_res8,window,full,fidelity,False,True,16,0.05,25,8,False,iid,0.1,2,s046,4,26.25,15.108695652173914,2.0,87.5,56,44,40,4,0,6,0.8,7.828125,55,4,50,0,7,2004,256,16,8,8,0,100.6875,
aeqkad_res8,window,full,fidelity,False,True,16,0.05,25,8,False,iid,0.1,2,s046,5,28.249999999999996,15.108695652173914,0.0,87.5,56,43,41,2,0,6,0.82,8.29296875,54,1,53,0,10,2123,256,16,8,8,0,129.375,
aeqkad_res8,window,full,fidelity,False,True,16,0.05,25,8,False,iid,0.1,2,s046,6,19.749999999999996,20.869565217391305,2.0,87.0,56,44,43,1,0,6,0.86,7.73046875,53,1,51,0,8,1979,256,16,8,8,0,155.8125,
aeqkad_res8,window,full,fidelity,False,True,16,0.05,25,8,False,iid,0.1,2,s046,7,50.24999999999999,52.33695652173913,10.0,89.5,56,2,2,0,0,6,0.04,9.0,51,5,45,0,44,2304,256,16,8,8,0,205.3125,
aeqkad_res8,window,full,fidelity,False,True,16,0.05,25,8,False,iid,0.1,2,s046,8,36.25,39.565217391304344,8.0,85.5,56,6,3,3,0,6,0.06,7.4375,51,0,50,0,45,1904,256,16,8,8,3,225.0625,98.0
window_res4,window,none,fidelity,False,True,16,0.05,25,4,False,iid,0.1,0,s046,2,33.75,30.217391304347828,2.0,87.5,56,53,49,4,0,6,0.98,13.20703125,0,0,0,0,0,3381,256,16,4,4,1,26.0,
window_res4,window,none,fidelity,False,True,16,0.05,25,4,False,iid,0.1,0,s046,3,30.500000000000004,26.79347826086957,2.0,85.5,56,54,49,5,0,6,0.98,10.140625,0,0,0,0,0,2596,256,16,4,4,0,39.25,
window_res4,window,none,fidelity,False,True,16,0.05,25,4,False,iid,0.1,0,s046,4,27.500000000000004,15.108695652173914,0.0,90.5,56,56,50,6,0,6,1.0,9.76953125,0,0,0,0,0,2501,256,16,4,4,1,53.25,
window_res4,window,none,fidelity,False,True,16,0.05,25,4,False,iid,0.1,0,s046,5,29.000000000000004,17.445652173913043,0.0,89.5,56,56,50,6,0,6,1.0,9.96875,0,0,0,0,0,2552,256,16,4,4,2,67.25,
window_res4,window,none,fidelity,False,True,16,0.05,25,4,False,iid,0.1,0,s046,6,23.75,19.782608695652172,0.0,87.0,56,56,50,6,0,6,1.0,8.4140625,0,0,0,0,0,2154,256,16,4,4,2,81.25,
window_res4,window,none,fidelity,False,True,16,0.05,25,4,False,iid,0.1,0,s046,7,21.999999999999996,11.847826086956523,0.0,91.5,56,55,50,5,0,6,1.0,9.77734375,0,0,0,0,0,2503,256,16,4,4,0,95.25,
window_res4,window,none,fidelity,False,True,16,0.05,25,4,False,iid,0.1,0,s046,8,25.5,15.271739130434783,2.0,85.5,56,55,49,6,0,6,0.98,8.7578125,0,0,0,0,0,2242,256,16,4,4,2,109.25,100.0
window_res4,window,none,fidelity,False,True,16,0.05,25,4,False,iid,0.1,1,s046,2,28.500000000000004,22.1195652173913,2.0,94.5,56,55,49,6,0,6,0.98,13.9140625,0,0,0,0,0,3562,256,16,4,4,1,25.25,
window_res4,window,none,fidelity,False,True,16,0.05,25,4,False,iid,0.1,1,s046,3,23.75,16.358695652173914,0.0,93.0,56,56,50,6,0,6,1.0,10.390625,0,0,0,0,0,2660,256,16,4,4,2,39.25,
window_res4,window,none,fidelity,False,True,16,0.05,25,4,False,iid,0.1,1,s046,4,26.0,14.021739130434785,0.0,91.0,56,56,50,6,0,6,1.0,9.59375,0,0,0,0,0,2456,256,16,4,4,1,53.25,
window_res4,window,none,fidelity,False,True,16,0.05,25,4,False,iid,0.1,1,s046,5,29.25,18.532608695652172,0.0,93.5,56,55,50,5,0,6,1.0,9.38671875,0,0,0,0,0,2403,256,16,4,4,0,67.375,
window_res4,window,none,fidelity,False,True,16,0.05,25,4,False,iid,0.1,1,s046,6,21.499999999999996,18.532608695652172,0.0,89.5,56,56,50,6,0,6,1.0,8.67578125,0,0,0,0,0,2221,256,16,4,4,1,81.25,
window_res4,window,none,fidelity,False,True,16,0.05,25,4,False,iid,0.1,1,s046,7,18.000000000000004,3.58695652173913,0.0,95.0,56,55,50,5,0,6,1.0,10.08984375,0,0,0,0,0,2583,256,16,4,4,0,95.25,
window_res4,window,none,fidelity,False,True,16,0.05,25,4,False,iid,0.1,1,s046,8,21.749999999999996,20.869565217391305,2.0,96.5,56,55,49,6,0,6,0.98,9.58203125,0,0,0,0,0,2453,256,16,4,4,2,109.25,100.0
window_res4,window,none,fidelity,False,True,16,0.05,25,4,False,iid,0.1,2,s046,2,29.000000000000004,24.293478260869566,2.0,87.0,56,53,49,4,0,6,0.98,13.23046875,0,0,0,0,0,3387,256,16,4,4,3,25.375,
window_res4,window,none,fidelity,False,True,16,0.05,25,4,False,iid,0.1,2,s046,3,27.750000000000004,22.1195652173913,4.0,88.5,56,51,48,3,0,6,0.96,10.19140625,0,0,0,0,0,2609,256,16,4,4,1,39.625,
window_res4,window,none,fidelity,False,True,16,0.05,25,4,False,iid,0.1,2,s046,4,25.5,17.445652173913043,0.0,86.5,56,56,50,6,0,6,1.0,10.1953125,0,0,0,0,0,2610,256,16,4,4,0,53.25,
window_res4,window,none,fidelity,False,True,16,0.05,25,4,False,iid,0.1,2,s046,5,28.500000000000004,9.510869565217389,0.0,88.0,56,54,50,4,0,6,1.0,9.4921875,0,0,0,0,0,2430,256,16,4,4,0,68.0625,
window_res4,window,none,fidelity,False,True,16,0.05,25,4,False,iid,0.1,2,s046,6,21.749999999999996,18.532608695652172,0.0,87.5,56,54,50,4,0,6,1.0,8.09375,0,0,0,0,0,2072,256,16,4,4,0,81.25,
window_res4,window,none,fidelity,False,True,16,0.05,25,4,False,iid,0.1,2,s046,7,20.499999999999996,4.83695652173913,0.0,92.0,56,55,50,5,0,6,1.0,9.63671875,0,0,0,0,0,2467,256,16,4,4,2,95.25,
window_res4,window,none,fidelity,False,True,16,0.05,25,4,False,iid,0.1,2,s046,8,21.5,12.934782608695656,4.0,90.0,56,53,48,5,0,6,0.96,8.3125,0,0,0,0,0,2128,256,16,4,4,0,109.25,92.0
window_res8,window,none,fidelity,False,True,16,0.05,25,8,False,iid,0.1,0,s046,2,34.75,34.891304347826086,2.0,95.5,56,55,49,6,0,6,0.98,11.8359375,0,0,0,0,0,3030,256,16,8,8,1,43.8125,
window_res8,window,none,fidelity,False,True,16,0.05,25,8,False,iid,0.1,0,s046,3,35.75,22.1195652173913,0.0,93.5,56,56,50,6,0,6,1.0,10.4921875,0,0,0,0,0,2686,256,16,8,8,0,71.8125,
window_res8,window,none,fidelity,False,True,16,0.05,25,8,False,iid,0.1,0,s046,4,24.0,15.108695652173914,0.0,94.0,56,56,50,6,0,6,1.0,8.8359375,0,0,0,0,0,2262,256,16,8,8,1,99.8125,
window_res8,window,none,fidelity,False,True,16,0.05,25,8,False,iid,0.1,0,s046,5,27.750000000000004,20.869565217391305,0.0,97.0,56,56,50,6,0,6,1.0,9.43359375,0,0,0,0,0,2415,256,16,8,8,1,127.8125,
window_res8,window,none,fidelity,False,True,16,0.05,25,8,False,iid,0.1,0,s046,6,27.500000000000004,19.782608695652172,0.0,97.0,56,56,50,6,0,6,1.0,8.52734375,0,0,0,0,0,2183,256,16,8,8,1,155.8125,
window_res8,window,none,fidelity,False,True,16,0.05,25,8,False,iid,0.1,0,s046,7,23.0,12.771739130434783,0.0,97.5,56,56,50,6,0,6,1.0,9.5859375,0,0,0,0,0,2454,256,16,8,8,0,183.8125,
window_res8,window,none,fidelity,False,True,16,0.05,25,8,False,iid,0.1,0,s046,8,23.75,17.445652173913043,2.0,94.5,56,55,49,6,0,6,0.98,8.8203125,0,0,0,0,0,2258,256,16,8,8,1,211.8125,100.0
window_res8,window,none,fidelity,False,True,16,0.05,25,8,False,iid,0.1,1,s046,2,30.500000000000004,17.608695652173914,2.0,96.5,56,55,49,6,0,6,0.98,12.6640625,0,0,0,0,0,3242,256,16,8,8,0,43.8125,
window_res8,window,none,fidelity,False,True,16,0.05,25,8,False,iid,0.1,1,s046,3,25.0,20.869565217391305,0.0,93.0,56,56,50,6,0,6,1.0,10.48046875,0,0,0,0,0,2683,256,16,8,8,2,71.8125,
window_res8,window,none,fidelity,False,True,16,0.05,25,8,False,iid,0.1,1,s046,4,25.5,15.108695652173914,0.0,90.5,56,55,50,5,0,6,1.0,9.08203125,0,0,0,0,0,2325,256,16,8,8,0,99.8125,
window_res8,window,none,fidelity,False,True,16,0.05,25,8,False,iid,0.1,1,s046,5,30.000000000000004,20.869565217391305,0.0,96.5,56,55,50,5,0,6,1.0,9.1953125,0,0,0,0,0,2354,256,16,8,8,0,127.8125,
window_res8,window,none,fidelity,False,True,16,0.05,25,8,False,iid,0.1,1,s046,6,23.75,17.445652173913043,0.0,94.5,56,56,50,6,0,6,1.0,8.796875,0,0,0,0,0,2252,256,16,8,8,0,155.8125,
window_res8,window,none,fidelity,False,True,16,0.05,25,8,False,iid,0.1,1,s046,7,16.250000000000004,10.271739130434785,0.0,97.0,56,55,50,5,0,6,1.0,9.5546875,0,0,0,0,0,2446,256,16,8,8,0,183.8125,
window_res8,window,none,fidelity,False,True,16,0.05,25,8,False,iid,0.1,1,s046,8,21.999999999999996,16.521739130434785,2.0,96.5,56,55,49,6,0,6,0.98,9.09375,0,0,0,0,0,2328,256,16,8,8,0,211.8125,100.0
window_res8,window,none,fidelity,False,True,16,0.05,25,8,False,iid,0.1,2,s046,2,31.499999999999993,27.8804347826087,2.0,92.0,56,54,49,5,0,6,0.98,12.421875,0,0,0,0,0,3180,256,16,8,8,2,43.8125,
window_res8,window,none,fidelity,False,True,16,0.05,25,8,False,iid,0.1,2,s046,3,29.75,22.1195652173913,0.0,92.5,56,54,50,4,0,6,1.0,10.25,0,0,0,0,0,2624,256,16,8,8,2,71.8125,
window_res8,window,none,fidelity,False,True,16,0.05,25,8,False,iid,0.1,2,s046,4,23.5,10.434782608695654,0.0,89.5,56,56,50,6,0,6,1.0,8.89453125,0,0,0,0,0,2277,256,16,8,8,0,99.8125,
window_res8,window,none,fidelity,False,True,16,0.05,25,8,False,iid,0.1,2,s046,5,24.25,17.282608695652176,0.0,91.0,56,54,50,4,0,6,1.0,9.3671875,0,0,0,0,0,2398,256,16,8,8,0,128.125,
window_res8,window,none,fidelity,False,True,16,0.05,25,8,False,iid,0.1,2,s046,6,23.75,20.869565217391305,0.0,92.0,56,55,50,5,0,6,1.0,8.796875,0,0,0,0,0,2252,256,16,8,8,0,155.8125,
window_res8,window,none,fidelity,False,True,16,0.05,25,8,False,iid,0.1,2,s046,7,21.999999999999996,7.01086956521739,0.0,96.5,56,56,50,6,0,6,1.0,9.73828125,0,0,0,0,0,2493,256,16,8,8,2,183.8125,
window_res8,window,none,fidelity,False,True,16,0.05,25,8,False,iid,0.1,2,s046,8,24.0,14.021739130434785,2.0,93.5,56,54,49,5,0,6,0.98,8.66015625,0,0,0,0,0,2217,256,16,8,8,0,211.8125,90.0
aeqkad_res4,window,full,fidelity,False,True,16,0.05,25,4,False,iid,0.1,0,s047,2,18.000000000000004,8.097826086956525,4.0,66.5,56,40,40,0,0,6,0.8,12.296875,52,9,0,0,3,3148,256,16,4,4,0,29.25,
aeqkad_res4,window,full,fidelity,False,True,16,0.05,25,4,False,iid,0.1,0,s047,3,26.75,22.282608695652172,10.0,68.5,56,42,38,4,0,6,0.76,11.65625,51,7,0,0,2,2984,256,16,4,4,0,41.3125,
aeqkad_res4,window,full,fidelity,False,True,16,0.05,25,4,False,iid,0.1,0,s047,4,14.250000000000002,4.67391304347826,4.0,67.5,56,51,47,4,0,6,0.94,12.25390625,52,1,0,0,0,3137,256,16,4,4,0,53.0,
aeqkad_res4,window,full,fidelity,False,True,16,0.05,25,4,False,iid,0.1,0,s047,5,11.5,7.01086956521739,4.0,73.0,56,44,42,2,0,6,0.84,10.7421875,53,5,0,0,4,2750,256,16,4,4,1,67.75,
aeqkad_res4,window,full,fidelity,False,True,16,0.05,25,4,False,iid,0.1,0,s047,6,32.99999999999999,25.543478260869566,2.0,77.5,56,34,33,1,0,6,0.66,11.375,52,4,0,0,14,2912,256,16,4,4,0,81.6875,
aeqkad_res4,window,full,fidelity,False,True,16,0.05,25,4,False,iid,0.1,0,s047,7,38.0,35.97826086956522,10.0,81.5,56,39,36,3,0,6,0.72,12.78125,50,9,0,0,2,3272,256,16,4,4,0,96.0625,
aeqkad_res4,window,full,fidelity,False,True,16,0.05,25,4,False,iid,0.1,0,s047,8,33.75,30.217391304347828,10.0,71.0,56,34,33,1,0,6,0.66,11.57421875,49,9,0,0,6,2963,256,16,4,4,0,109.875,72.0
aeqkad_res4,window,full,fidelity,False,True,16,0.05,25,4,False,iid,0.1,1,s047,2,26.0,10.597826086956525,6.0,72.0,56,41,39,2,0,6,0.78,12.453125,51,7,0,0,3,3188,256,16,4,4,1,29.0625,
aeqkad_res4,window,full,fidelity,False,True,16,0.05,25,4,False,iid,0.1,1,s047,3,21.749999999999996,15.108695652173914,10.0,72.5,56,41,39,2,0,6,0.78,11.27734375,51,7,0,0,3,2887,256,16,4,4,1,39.75,
aeqkad_res4,window,full,fidelity,False,True,16,0.05,25,4,False,iid,0.1,1,s047,4,14.500000000000002,3.58695652173913,4.0,72.0,56,44,43,1,0,6,0.86,11.12890625,51,3,0,0,4,2849,256,16,4,4,0,54.9375,
aeqkad_res4,window,full,fidelity,False,True,16,0.05,25,4,False,iid,0.1,1,s047,5,11.75,5.760869565217389,4.0,74.5,56,42,41,1,0,6,0.82,10.53515625,52,3,0,0,7,2697,256,16,4,4,1,66.8125,
aeqkad_res4,window,full,fidelity,False,True,16,0.05,25,4,False,iid,0.1,1,s047,6,31.499999999999993,23.20652173913043,2.0,81.0,56,36,34,2,0,6,0.68,11.1328125,54,1,1,0,17,2850,256,16,4,4,0,80.25,
aeqkad_res4,window,full,fidelity,False,True,16,0.05,25,4,False,iid,0.1,1,s047,7,40.0,38.315217391304344,6.0,84.5,56,39,36,3,0,6,0.72,12.49609375,51,9,0,0,3,3199,256,16,4,4,1,95.4375,
aeqkad_res4,window,full,fidelity,False,True,16,0.05,25,4,False,iid,0.1,1,s047,8,30.75,23.3695652173913,8.0,80.5,56,34,33,1,0,6,0.66,11.6171875,50,6,0,0,10,2974,256,16,4,4,1,109.25,96.0
aeqkad_res4,window,full,fidelity,False,True,16,0.05,25,4,False,iid,0.1,2,s047,2,18.000000000000004,7.01086956521739,4.0,70.0,56,43,42,1,0,6,0.84,12.1875,54,10,0,0,1,3120,256,16,4,4,1,26.6875,
aeqkad_res4,window,full,fidelity,False,True,16,0.05,25,4,False,iid,0.1,2,s047,3,29.25,21.956521739130434,10.0,72.0,56,42,38,4,0,6,0.76,11.49609375,50,7,0,0,1,2943,256,16,4,4,0,40.8125,
aeqkad_res4,window,full,fidelity,False,True,16,0.05,25,4,False,iid,0.1,2,s047,4,13.25,1.25,4.0,75.0,56,48,47,1,0,6,0.94,11.2734375,52,3,0,0,1,2886,256,16,4,4,1,52.25,
aeqkad_res4,window,full,fidelity,False,True,16,0.05,25,4,False,iid,0.1,2,s047,5,14.000000000000002,7.01086956521739,4.0,75.5,56,45,44,1,0,6,0.88,11.22265625,51,3,0,0,3,2873,256,16,4,4,0,66.8125,
aeqkad_res4,window,full,fidelity,False,True,16,0.05,25,4,False,iid,0.1,2,s047,6,31.75,25.543478260869566,2.0,76.5,56,37,33,4,0,6,0.66,11.203125,54,1,0,0,16,2868,256,16,4,4,0,80.25,
aeqkad_res4,window,full,fidelity,False,True,16,0.05,25,4,False,iid,0.1,2,s047,7,36.0,31.467391304347824,10.0,82.0,56,39,38,1,0,6,0.76,12.86328125,48,7,0,0,2,3293,256,16,4,4,1,95.0625,
aeqkad_res4,window,full,fidelity,False,True,16,0.05,25,4,False,iid,0.1,2,s047,8,29.000000000000004,25.543478260869566,14.000000000000002,82.0,56,40,38,2,0,6,0.76,11.25390625,46,4,0,0,2,2881,256,16,4,4,0,109.125,98.0
aeqkad_res8,window,full,fidelity,False,True,16,0.05,25,8,False,iid,0.1,0,s047,2,20.749999999999996,9.184782608695654,4.0,65.5,56,40,39,1,0,6,0.78,9.79296875,51,8,0,0,3,2507,256,16,8,8,0,44.375,
aeqkad_res8,window,full,fidelity,False,True,16,0.05,25,8,False,iid,0.1,0,s047,3,21.999999999999996,8.260869565217389,10.0,65.5,56,39,38,1,0,6,0.76,9.88671875,51,9,2,0,3,2531,256,16,8,8,0,71.75,
aeqkad_res8,window,full,fidelity,False,True,16,0.05,25,8,False,iid,0.1,0,s047,4,16.500000000000004,2.5,4.0,69.0,56,50,46,4,0,6,0.92,10.5234375,52,2,2,0,0,2694,256,16,8,8,0,98.6875,
aeqkad_res8,window,full,fidelity,False,True,16,0.05,25,8,False,iid,0.1,0,s047,5,16.0,2.33695652173913,4.0,76.5,56,44,42,2,0,6,0.84,11.0546875,53,4,0,0,5,2830,256,16,8,8,0,126.5,
aeqkad_res8,window,full,fidelity,False,True,16,0.05,25,8,False,iid,0.1,0,s047,6,28.749999999999996,22.1195652173913,2.0,79.0,56,35,34,1,0,6,0.68,11.4140625,53,3,4,0,15,2922,256,16,8,8,0,154.5625,
aeqkad_res8,window,full,fidelity,False,True,16,0.05,25,8,False,iid,0.1,0,s047,7,37.75,32.55434782608696,8.0,82.5,56,40,37,3,0,6,0.74,11.8359375,51,4,1,0,7,3030,256,16,8,8,0,182.4375,
aeqkad_res8,window,full,fidelity,False,True,16,0.05,25,8,False,iid,0.1,0,s047,8,33.75,27.8804347826087,10.0,77.5,56,36,34,2,0,6,0.68,11.78125,50,6,3,0,8,3016,256,16,8,8,0,210.5625,86.0
aeqkad_res8,window,full,fidelity,False,True,16,0.05,25,8,False,iid,0.1,1,s047,2,23.5,9.347826086956525,2.0,76.5,56,41,40,1,0,6,0.8,9.87109375,55,10,0,0,4,2527,256,16,8,8,0,44.6875,
aeqkad_res8,window,full,fidelity,False,True,16,0.05,25,8,False,iid,0.1,1,s047,3,25.25,12.771739130434783,4.0,77.0,56,41,39,2,0,6,0.78,9.51953125,54,9,2,0,4,2437,256,16,8,8,1,71.25,
aeqkad_res8,window,full,fidelity,False,True,16,0.05,25,8,False,iid,0.1,1,s047,4,16.75,7.01086956521739,4.0,77.5,56,44,43,1,0,6,0.86,10.16796875,53,4,0,0,5,2603,256,16,8,8,0,99.8125,
aeqkad_res8,window,full,fidelity,False,True,16,0.05,25,8,False,iid,0.1,1,s047,5,15.000000000000002,7.01086956521739,2.0,83.0,56,42,41,1,0,6,0.82,10.578125,53,3,1,0,8,2708,256,16,8,8,0,126.6875,
aeqkad_res8,window,full,fidelity,False,True,16,0.05,25,8,False,iid,0.1,1,s047,6,30.000000000000004,27.8804347826087,0.0,86.0,56,36,34,2,0,6,0.68,10.7578125,56,3,1,0,17,2754,256,16,8,8,0,154.375,
aeqkad_res8,window,full,fidelity,False,True,16,0.05,25,8,False,iid,0.1,1,s047,7,43.25,38.315217391304344,4.0,86.5,56,40,36,4,0,6,0.72,11.12109375,52,9,1,0,3,2847,256,16,8,8,2,182.375,
aeqkad_res8,window,full,fidelity,False,True,16,0.05,25,8,False,iid,0.1,1,s047,8,31.999999999999996,26.6304347826087,4.0,85.5,56,36,35,1,0,6,0.7,11.66015625,52,8,2,0,8,2985,256,16,8,8,1,210.5,96.0
aeqkad_res8,window,full,fidelity,False,True,16,0.05,25,8,False,iid,0.1,2,s047,2,25.75,14.021739130434785,2.0,75.5,56,47,42,5,0,6,0.84,9.90625,55,6,48,0,2,2536,256,16,8,8,0,43.125,
aeqkad_res8,window,full,fidelity,False,True,16,0.05,25,8,False,iid,0.1,2,s047,3,25.5,15.108695652173914,6.0,74.5,56,45,41,4,0,6,0.82,10.12890625,53,5,41,0,3,2593,256,16,8,8,1,71.25,
aeqkad_res8,window,full,fidelity,False,True,16,0.05,25,8,False,iid,0.1,2,s047,4,16.500000000000004,2.5,4.0,76.0,56,51,48,3,0,6,0.96,10.31640625,54,2,48,0,1,2641,256,16,8,8,1,98.375,
aeqkad_res8,window,full,fidelity,False,True,16,0.05,25,8,False,iid,0.1,2,s047,5,11.5,7.01086956521739,2.0,81.0,56,45,44,1,0,6,0.88,10.74609375,52,3,48,0,4,2751,256,16,8,8,0,126.5625,
aeqkad_res8,window,full,fidelity,False,True,16,0.05,25,8,False,iid,0.1,2,s047,6,31.999999999999996,25.706521739130434,0.0,84.0,56,38,34,4,0,6,0.68,11.15234375,56,2,52,0,16,2855,256,16,8,8,0,154.375,
aeqkad_res8,window,full,fidelity,False,True,16,0.05,25,8,False,iid,0.1,2,s047,7,37.5,33.641304347826086,8.0,87.5,56,43,40,3,0,6,0.8,11.36328125,51,3,44,0,5,2909,256,16,8,8,0,182.4375,
aeqkad_res8,window,full,fidelity,False,True,16,0.05,25,8,False,iid,0.1,2,s047,8,31.500000000000007,18.532608695652172,8.0,80.0,56,40,38,2,0,6,0.76,10.9453125,51,7,42,0,4,2802,256,16,8,8,0,210.5625,98.0
window_res4,window,none,fidelity,False,True,16,0.05,25,4,False,iid,0.1,0,s047,2,26.0,8.097826086956525,6.0,68.0,56,52,47,5,0,6,0.94,12.8515625,0,0,0,0,0,3290,256,16,4,4,1,25.0,
window_res4,window,none,fidelity,False,True,16,0.05,25,4,False,iid,0.1,0,s047,3,28.500000000000004,16.358695652173914,8.0,71.5,56,52,46,6,0,6,0.92,11.98046875,0,0,0,0,0,3067,256,16,4,4,1,39.8125,
window_res4,window,none,fidelity,False,True,16,0.05,25,4,False,iid,0.1,0,s047,4,18.250000000000004,10.434782608695654,4.0,67.0,56,52,48,4,0,6,0.96,12.65625,0,0,0,0,0,3240,256,16,4,4,0,53.0,
window_res4,window,none,fidelity,False,True,16,0.05,25,4,False,iid,0.1,0,s047,5,12.75,4.67391304347826,2.0,73.0,56,54,49,5,0,6,0.98,11.515625,0,0,0,0,0,2948,256,16,4,4,3,67.0,
window_res4,window,none,fidelity,False,True,16,0.05,25,4,False,iid,0.1,0,s047,6,25.25,19.782608695652172,2.0,75.0,56,52,49,3,0,6,0.98,11.80859375,0,0,0,0,0,3023,256,16,4,4,1,81.4375,
window_res4,window,none,fidelity,False,True,16,0.05,25,4,False,iid,0.1,0,s047,7,34.0,25.543478260869566,10.0,82.0,56,51,45,6,0,6,0.9,13.53515625,0,0,0,0,0,3465,256,16,4,4,1,95.3125,
window_res4,window,none,fidelity,False,True,16,0.05,25,4,False,iid,0.1,0,s047,8,31.999999999999996,26.6304347826087,10.0,78.0,56,50,45,5,0,6,0.9,12.61328125,0,0,0,0,0,3229,256,16,4,4,0,109.3125,72.0
window_res4,window,none,fidelity,False,True,16,0.05,25,4,False,iid,0.1,1,s047,2,25.5,7.17391304347826,6.0,75.0,56,51,47,4,0,6,0.94,12.8359375,0,0,0,0,0,3286,256,16,4,4,1,24.8125,
window_res4,window,none,fidelity,False,True,16,0.05,25,4,False,iid,0.1,1,s047,3,24.25,9.347826086956525,10.0,79.0,56,51,45,6,0,6,0.9,11.734375,0,0,0,0,0,3004,256,16,4,4,1,39.0625,
window_res4,window,none,fidelity,False,True,16,0.05,25,4,False,iid,0.1,1,s047,4,20.749999999999996,4.83695652173913,4.0,79.0,56,53,48,5,0,6,0.96,11.9765625,0,0,0,0,0,3066,256,16,4,4,2,52.25,
window_res4,window,none,fidelity,False,True,16,0.05,25,4,False,iid,0.1,1,s047,5,13.25,5.923913043478259,2.0,77.0,56,53,49,4,0,6,0.98,11.953125,0,0,0,0,0,3060,256,16,4,4,2,66.25,
window_res4,window,none,fidelity,False,True,16,0.05,25,4,False,iid,0.1,1,s047,6,30.25,24.456521739130434,2.0,84.5,56,55,49,6,0,6,0.98,11.73046875,0,0,0,0,0,3003,256,16,4,4,0,80.25,
window_res4,window,none,fidelity,False,True,16,0.05,25,4,False,iid,0.1,1,s047,7,33.75,31.304347826086953,8.0,82.5,56,50,46,4,0,6,0.92,13.0625,0,0,0,0,0,3344,256,16,4,4,2,94.375,
window_res4,window,none,fidelity,False,True,16,0.05,25,4,False,iid,0.1,1,s047,8,33.5,30.217391304347828,12.0,83.0,56,48,44,4,0,6,0.88,12.51953125,0,0,0,0,0,3205,256,16,4,4,2,108.625,96.0
window_res4,window,none,fidelity,False,True,16,0.05,25,4,False,iid,0.1,2,s047,2,24.0,12.771739130434783,6.0,72.0,56,53,47,6,0,6,0.94,12.578125,0,0,0,0,0,3220,256,16,4,4,1,24.25,
window_res4,window,none,fidelity,False,True,16,0.05,25,4,False,iid,0.1,2,s047,3,29.000000000000004,18.532608695652172,10.0,71.0,56,50,45,5,0,6,0.9,11.6796875,0,0,0,0,0,2990,256,16,4,4,1,39.3125,
window_res4,window,none,fidelity,False,True,16,0.05,25,4,False,iid,0.1,2,s047,4,15.500000000000004,2.5,4.0,75.0,56,53,48,5,0,6,0.96,12.15625,0,0,0,0,0,3112,256,16,4,4,1,52.25,
window_res4,window,none,fidelity,False,True,16,0.05,25,4,False,iid,0.1,2,s047,5,16.250000000000004,11.684782608695654,6.0,77.5,56,50,47,3,0,6,0.94,11.61328125,0,0,0,0,0,2973,256,16,4,4,1,66.3125,
window_res4,window,none,fidelity,False,True,16,0.05,25,4,False,iid,0.1,2,s047,6,27.750000000000004,25.380434782608695,2.0,76.5,56,55,49,6,0,6,0.98,11.56640625,0,0,0,0,0,2961,256,16,4,4,0,80.25,
window_res4,window,none,fidelity,False,True,16,0.05,25,4,False,iid,0.1,2,s047,7,36.0,30.217391304347828,10.0,89.5,56,49,45,4,0,6,0.9,13.25390625,0,0,0,0,0,3393,256,16,4,4,0,94.625,
window_res4,window,none,fidelity,False,True,16,0.05,25,4,False,iid,0.1,2,s047,8,28.000000000000004,22.1195652173913,14.000000000000002,83.0,56,47,43,4,0,6,0.86,12.4375,0,0,0,0,0,3184,256,16,4,4,0,108.5625,98.0
window_res8,window,none,fidelity,False,True,16,0.05,25,8,False,iid,0.1,0,s047,2,20.499999999999996,1.25,6.0,68.5,56,50,47,3,0,6,0.94,10.21484375,0,0,0,0,0,2615,256,16,8,8,1,42.375,
window_res8,window,none,fidelity,False,True,16,0.05,25,8,False,iid,0.1,0,s047,3,21.5,16.195652173913043,6.0,68.0,56,53,47,6,0,6,0.94,10.19921875,0,0,0,0,0,2611,256,16,8,8,1,70.375,
window_res8,window,none,fidelity,False,True,16,0.05,25,8,False,iid,0.1,0,s047,4,16.250000000000004,5.923913043478259,4.0,70.0,56,52,48,4,0,6,0.96,10.4140625,0,0,0,0,0,2666,256,16,8,8,0,98.375,
window_res8,window,none,fidelity,False,True,16,0.05,25,8,False,iid,0.1,0,s047,5,11.5,1.25,2.0,76.0,56,54,49,5,0,6,0.98,11.8203125,0,0,0,0,0,3026,256,16,8,8,1,126.375,
window_res8,window,none,fidelity,False,True,16,0.05,25,8,False,iid,0.1,0,s047,6,21.999999999999996,11.847826086956523,2.0,77.5,56,53,49,4,0,6,0.98,11.60546875,0,0,0,0,0,2971,256,16,8,8,0,154.5625,
window_res8,window,none,fidelity,False,True,16,0.05,25,8,False,iid,0.1,0,s047,7,34.0,25.706521739130434,8.0,84.5,56,51,46,5,0,6,0.92,12.3671875,0,0,0,0,0,3166,256,16,8,8,0,182.375,
window_res8,window,none,fidelity,False,True,16,0.05,25,8,False,iid,0.1,0,s047,8,28.249999999999996,25.543478260869566,12.0,78.0,56,49,44,5,0,6,0.88,11.6015625,0,0,0,0,0,2970,256,16,8,8,0,210.5625,80.0
window_res8,window,none,fidelity,False,True,16,0.05,25,8,False,iid,0.1,1,s047,2,23.75,11.684782608695654,0.0,79.5,56,56,50,6,0,6,1.0,10.640625,0,0,0,0,0,2724,256,16,8,8,2,42.375,
window_res8,window,none,fidelity,False,True,16,0.05,25,8,False,iid,0.1,1,s047,3,26.75,10.434782608695654,6.0,82.0,56,53,47,6,0,6,0.94,9.9765625,0,0,0,0,0,2554,256,16,8,8,0,70.375,
window_res8,window,none,fidelity,False,True,16,0.05,25,8,False,iid,0.1,1,s047,4,20.0,3.58695652173913,4.0,81.0,56,53,48,5,0,6,0.96,10.40625,0,0,0,0,0,2664,256,16,8,8,2,98.375,
window_res8,window,none,fidelity,False,True,16,0.05,25,8,False,iid,0.1,1,s047,5,11.75,2.5,2.0,82.5,56,53,49,4,0,6,0.98,11.203125,0,0,0,0,0,2868,256,16,8,8,1,126.375,
window_res8,window,none,fidelity,False,True,16,0.05,25,8,False,iid,0.1,1,s047,6,34.25,22.1195652173913,0.0,89.5,56,56,50,6,0,6,1.0,11.42578125,0,0,0,0,0,2925,256,16,8,8,0,154.375,
window_res8,window,none,fidelity,False,True,16,0.05,25,8,False,iid,0.1,1,s047,7,35.0,30.054347826086957,2.0,87.0,56,53,49,4,0,6,0.98,11.39453125,0,0,0,0,0,2917,256,16,8,8,2,182.375,
window_res8,window,none,fidelity,False,True,16,0.05,25,8,False,iid,0.1,1,s047,8,25.25,24.619565217391305,4.0,87.0,56,53,48,5,0,6,0.96,11.7578125,0,0,0,0,0,3010,256,16,8,8,1,210.375,96.0
window_res8,window,none,fidelity,False,True,16,0.05,25,8,False,iid,0.1,2,s047,2,24.0,12.771739130434783,0.0,75.0,56,56,50,6,0,6,1.0,10.328125,0,0,0,0,0,2644,256,16,8,8,1,42.375,
window_res8,window,none,fidelity,False,True,16,0.05,25,8,False,iid,0.1,2,s047,3,21.499999999999996,9.184782608695654,8.0,73.0,56,51,46,5,0,6,0.92,10.08984375,0,0,0,0,0,2583,256,16,8,8,1,70.375,
window_res8,window,none,fidelity,False,True,16,0.05,25,8,False,iid,0.1,2,s047,4,20.249999999999996,3.75,4.0,79.5,56,54,48,6,0,6,0.96,10.38671875,0,0,0,0,0,2659,256,16,8,8,1,98.375,
window_res8,window,none,fidelity,False,True,16,0.05,25,8,False,iid,0.1,2,s047,5,15.250000000000002,2.5,2.0,83.0,56,52,49,3,0,6,0.98,11.27734375,0,0,0,0,0,2887,256,16,8,8,1,126.375,
window_res8,window,none,fidelity,False,True,16,0.05,25,8,False,iid,0.1,2,s047,6,27.500000000000004,16.521739130434785,0.0,84.5,56,56,50,6,0,6,1.0,11.2421875,0,0,0,0,0,2878,256,16,8,8,0,154.375,
window_res8,window,none,fidelity,False,True,16,0.05,25,8,False,iid,0.1,2,s047,7,39.5,29.130434782608695,6.0,87.5,56,51,47,4,0,6,0.94,11.64453125,0,0,0,0,0,2981,256,16,8,8,0,182.375,
window_res8,window,none,fidelity,False,True,16,0.05,25,8,False,iid,0.1,2,s047,8,25.5,15.108695652173914,4.0,81.5,56,52,48,4,0,6,0.96,11.78515625,0,0,0,0,0,3017,256,16,8,8,0,210.375,98.0
aeqkad_res4,window,full,fidelity,False,True,16,0.05,25,4,False,iid,0.1,0,s048,2,12.5,4.67391304347826,0.0,66.0,56,52,50,2,0,6,1.0,10.9765625,54,2,2,0,0,2810,256,16,4,4,0,23.0,
aeqkad_res4,window,full,fidelity,False,True,16,0.05,25,4,False,iid,0.1,0,s048,3,17.750000000000004,12.771739130434783,0.0,68.0,56,50,47,3,0,6,0.94,9.578125,55,5,1,0,0,2452,256,16,4,4,1,37.0,
aeqkad_res4,window,full,fidelity,False,True,16,0.05,25,4,False,iid,0.1,0,s048,4,18.500000000000004,11.684782608695654,4.0,73.5,56,49,46,3,0,6,0.92,11.04296875,53,3,0,0,1,2827,256,16,4,4,2,52.375,
aeqkad_res4,window,full,fidelity,False,True,16,0.05,25,4,False,iid,0.1,0,s048,5,17.750000000000004,10.434782608695654,2.0,69.0,56,47,45,2,0,6,0.9,9.59765625,53,6,3,0,0,2457,256,16,4,4,0,66.25,
aeqkad_res4,window,full,fidelity,False,True,16,0.05,25,4,False,iid,0.1,0,s048,6,12.25,4.67391304347826,0.0,68.5,56,51,49,2,0,6,0.98,9.57421875,53,2,0,0,0,2451,256,16,4,4,1,79.6875,
aeqkad_res4,window,full,fidelity,False,True,16,0.05,25,4,False,iid,0.1,0,s048,7,13.5,5.760869565217389,4.0,69.0,56,48,47,1,0,6,0.94,10.23046875,52,2,1,0,2,2619,256,16,4,4,0,93.0,
aeqkad_res4,window,full,fidelity,False,True,16,0.05,25,4,False,iid,0.1,0,s048,8,14.250000000000002,8.097826086956525,2.0,65.5,56,50,48,2,0,6,0.96,8.4453125,54,3,0,0,1,2162,256,16,4,4,0,108.1875,86.0
aeqkad_res4,window,full,fidelity,False,True,16,0.05,25,4,False,iid,0.1,1,s048,2,12.0,4.67391304347826,0.0,63.5,56,54,50,4,0,6,1.0,10.9296875,55,1,0,0,0,2798,256,16,4,4,2,23.25,
aeqkad_res4,window,full,fidelity,False,True,16,0.05,25,4,False,iid,0.1,1,s048,3,16.000000000000004,6.847826086956524,0.0,64.5,56,47,45,2,0,6,0.9,9.359375,53,6,0,0,0,2396,256,16,4,4,0,37.625,
aeqkad_res4,window,full,fidelity,False,True,16,0.05,25,4,False,iid,0.1,1,s048,4,21.499999999999996,11.684782608695654,4.0,69.0,56,47,46,1,0,6,0.92,10.88671875,52,4,0,0,1,2787,256,16,4,4,0,53.125,
aeqkad_res4,window,full,fidelity,False,True,16,0.05,25,4,False,iid,0.1,1,s048,5,18.000000000000004,7.01086956521739,4.0,64.5,56,47,45,2,0,6,0.9,9.9453125,52,5,0,0,0,2546,256,16,4,4,1,66.75,
aeqkad_res4,window,full,fidelity,False,True,16,0.05,25,4,False,iid,0.1,1,s048,6,12.0,9.184782608695654,0.0,63.0,56,49,49,0,0,6,0.98,9.7890625,53,4,0,0,0,2506,256,16,4,4,0,79.6875,
aeqkad_res4,window,full,fidelity,False,True,16,0.05,25,4,False,iid,0.1,1,s048,7,13.750000000000002,4.67391304347826,4.0,67.5,56,49,47,2,0,6,0.94,10.26171875,53,3,0,0,1,2627,256,16,4,4,1,93.0,
aeqkad_res4,window,full,fidelity,False,True,16,0.05,25,4,False,iid,0.1,1,s048,8,11.75,8.097826086956525,0.0,64.0,56,49,48,1,0,6,0.96,8.6015625,55,3,0,0,3,2202,256,16,4,4,0,109.0,6.0
aeqkad_res4,window,full,fidelity,False,True,16,0.05,25,4,False,iid,0.1,2,s048,2,13.5,4.67391304347826,0.0,57.99999999999999,56,51,50,1,0,6,1.0,11.140625,53,2,16,0,0,2852,256,16,4,4,0,23.125,
aeqkad_res4,window,full,fidelity,False,True,16,0.05,25,4,False,iid,0.1,2,s048,3,13.750000000000002,7.01086956521739,2.0,61.0,56,48,47,1,0,6,0.94,9.6796875,52,4,19,0,0,2478,256,16,4,4,0,37.0,
aeqkad_res4,window,full,fidelity,False,True,16,0.05,25,4,False,iid,0.1,2,s048,4,19.499999999999996,10.434782608695654,4.0,72.0,56,47,46,1,0,6,0.92,10.77734375,52,3,14,0,2,2759,256,16,4,4,0,52.25,
aeqkad_res4,window,full,fidelity,False,True,16,0.05,25,4,False,iid,0.1,2,s048,5,16.000000000000004,8.097826086956525,4.0,67.0,56,51,46,5,0,6,0.92,10.11328125,53,2,23,0,0,2589,256,16,4,4,0,65.0,
aeqkad_res4,window,full,fidelity,False,True,16,0.05,25,4,False,iid,0.1,2,s048,6,14.000000000000002,4.67391304347826,0.0,63.0,56,50,49,1,0,6,0.98,9.82421875,54,4,11,0,0,2515,256,16,4,4,1,79.75,
aeqkad_res4,window,full,fidelity,False,True,16,0.05,25,4,False,iid,0.1,2,s048,7,13.25,6.847826086956524,4.0,70.0,56,49,47,2,0,6,0.94,10.23046875,51,1,14,0,1,2619,256,16,4,4,2,93.3125,
aeqkad_res4,window,full,fidelity,False,True,16,0.05,25,4,False,iid,0.1,2,s048,8,15.750000000000004,7.01086956521739,2.0,64.0,56,51,48,3,0,6,0.96,8.95703125,54,3,13,0,0,2293,256,16,4,4,2,107.0,98.0
aeqkad_res8,window,full,fidelity,False,True,16,0.05,25,8,False,iid,0.1,0,s048,2,11.75,4.67391304347826,0.0,65.0,56,52,50,2,0,6,1.0,9.421875,54,2,28,0,0,2412,256,16,8,8,0,38.6875,
aeqkad_res8,window,full,fidelity,False,True,16,0.05,25,8,False,iid,0.1,0,s048,3,16.250000000000004,15.271739130434783,0.0,67.5,56,48,46,2,0,6,0.92,8.62890625,55,7,29,0,0,2209,256,16,8,8,1,66.6875,
aeqkad_res8,window,full,fidelity,False,True,16,0.05,25,8,False,iid,0.1,0,s048,4,16.500000000000004,16.358695652173914,4.0,72.5,56,50,47,3,0,6,0.94,10.2890625,53,2,28,0,1,2634,256,16,8,8,2,95.3125,
aeqkad_res8,window,full,fidelity,False,True,16,0.05,25,8,False,iid,0.1,0,s048,5,15.000000000000002,8.097826086956525,2.0,70.5,56,49,46,3,0,6,0.92,9.30078125,53,4,27,0,0,2381,256,16,8,8,0,123.0625,
aeqkad_res8,window,full,fidelity,False,True,16,0.05,25,8,False,iid,0.1,0,s048,6,14.250000000000002,2.5,0.0,73.5,56,51,49,2,0,6,0.98,8.8984375,53,2,23,0,0,2278,256,16,8,8,1,151.125,
aeqkad_res8,window,full,fidelity,False,True,16,0.05,25,8,False,iid,0.1,0,s048,7,16.250000000000004,4.67391304347826,2.0,73.0,56,49,47,2,0,6,0.94,8.9140625,55,4,33,0,2,2282,256,16,8,8,0,178.6875,
aeqkad_res8,window,full,fidelity,False,True,16,0.05,25,8,False,iid,0.1,0,s048,8,16.000000000000004,7.01086956521739,2.0,67.0,56,50,48,2,0,6,0.96,7.80078125,54,2,31,0,2,1997,256,16,8,8,0,207.25,92.0
aeqkad_res8,window,full,fidelity,False,True,16,0.05,25,8,False,iid,0.1,1,s048,2,11.75,4.67391304347826,0.0,67.5,56,53,49,4,0,6,0.98,9.2890625,55,2,4,0,0,2378,256,16,8,8,1,38.6875,
aeqkad_res8,window,full,fidelity,False,True,16,0.05,25,8,False,iid,0.1,1,s048,3,15.500000000000004,7.01086956521739,0.0,67.5,56,48,46,2,0,6,0.92,8.5234375,54,6,1,0,0,2182,256,16,8,8,0,67.0625,
aeqkad_res8,window,full,fidelity,False,True,16,0.05,25,8,False,iid,0.1,1,s048,4,21.749999999999996,15.108695652173914,4.0,73.0,56,47,46,1,0,6,0.92,10.25,53,4,1,0,2,2624,256,16,8,8,0,95.6875,
aeqkad_res8,window,full,fidelity,False,True,16,0.05,25,8,False,iid,0.1,1,s048,5,16.500000000000004,7.01086956521739,4.0,66.0,56,48,46,2,0,6,0.92,9.0859375,52,4,2,0,0,2326,256,16,8,8,1,123.1875,
aeqkad_res8,window,full,fidelity,False,True,16,0.05,25,8,False,iid,0.1,1,s048,6,13.750000000000002,14.782608695652172,0.0,65.0,56,49,49,0,0,6,0.98,8.69140625,53,4,1,0,0,2225,256,16,8,8,0,150.9375,
aeqkad_res8,window,full,fidelity,False,True,16,0.05,25,8,False,iid,0.1,1,s048,7,13.5,9.184782608695654,4.0,69.0,56,49,47,2,0,6,0.94,8.6796875,53,3,2,0,1,2222,256,16,8,8,1,178.6875,
aeqkad_res8,window,full,fidelity,False,True,16,0.05,25,8,False,iid,0.1,1,s048,8,11.75,7.01086956521739,2.0,68.0,56,49,48,1,0,6,0.96,8.0390625,53,2,0,0,2,2058,256,16,8,8,0,207.9375,6.0
aeqkad_res8,window,full,fidelity,False,True,16,0.05,25,8,False,iid,0.1,2,s048,2,13.5,3.58695652173913,0.0,66.5,56,51,50,1,0,6,1.0,9.609375,54,3,42,0,0,2460,256,16,8,8,0,38.6875,
aeqkad_res8,window,full,fidelity,False,True,16,0.05,25,8,False,iid,0.1,2,s048,3,14.000000000000002,8.097826086956525,0.0,67.0,56,47,46,1,0,6,0.92,8.19140625,53,6,43,0,0,2097,256,16,8,8,0,66.6875,
aeqkad_res8,window,full,fidelity,False,True,16,0.05,25,8,False,iid,0.1,2,s048,4,17.500000000000004,15.108695652173914,4.0,74.0,56,48,47,1,0,6,0.94,10.0078125,52,2,40,0,2,2562,256,16,8,8,0,95.1875,
aeqkad_res8,window,full,fidelity,False,True,16,0.05,25,8,False,iid,0.1,2,s048,5,14.500000000000002,3.58695652173913,2.0,71.5,56,51,46,5,0,6,0.92,9.4375,54,3,41,0,0,2416,256,16,8,8,0,122.6875,
aeqkad_res8,window,full,fidelity,False,True,16,0.05,25,8,False,iid,0.1,2,s048,6,13.5,8.097826086956525,0.0,70.0,56,51,49,2,0,6,0.98,8.90625,54,3,44,0,0,2280,256,16,8,8,0,150.9375,
aeqkad_res8,window,full,fidelity,False,True,16,0.05,25,8,False,iid,0.1,2,s048,7,15.750000000000004,4.67391304347826,4.0,72.5,56,49,47,2,0,6,0.94,8.84375,51,0,42,0,2,2264,256,16,8,8,2,178.75,
aeqkad_res8,window,full,fidelity,False,True,16,0.05,25,8,False,iid,0.1,2,s048,8,13.25,5.760869565217389,2.0,69.0,56,52,48,4,0,6,0.96,8.30859375,54,2,42,0,0,2127,256,16,8,8,2,206.6875,98.0
window_res4,window,none,fidelity,False,True,16,0.05,25,4,False,iid,0.1,0,s048,2,12.5,4.67391304347826,0.0,68.0,56,55,50,5,0,6,1.0,11.328125,0,0,0,0,0,2900,256,16,4,4,0,23.0,
window_res4,window,none,fidelity,False,True,16,0.05,25,4,False,iid,0.1,0,s048,3,14.750000000000002,12.771739130434783,0.0,72.0,56,56,50,6,0,6,1.0,10.3671875,0,0,0,0,0,2654,256,16,4,4,1,37.0,
window_res4,window,none,fidelity,False,True,16,0.05,25,4,False,iid,0.1,0,s048,4,18.250000000000004,12.771739130434783,4.0,77.5,56,53,48,5,0,6,0.96,11.44921875,0,0,0,0,0,2931,256,16,4,4,2,52.375,
window_res4,window,none,fidelity,False,True,16,0.05,25,4,False,iid,0.1,0,s048,5,16.75,10.434782608695654,2.0,70.5,56,53,49,4,0,6,0.98,10.2890625,0,0,0,0,0,2634,256,16,4,4,1,65.0,
window_res4,window,none,fidelity,False,True,16,0.05,25,4,False,iid,0.1,0,s048,6,13.5,4.67391304347826,0.0,72.5,56,53,50,3,0,6,1.0,10.19921875,0,0,0,0,0,2611,256,16,4,4,1,79.6875,
window_res4,window,none,fidelity,False,True,16,0.05,25,4,False,iid,0.1,0,s048,7,18.000000000000004,5.760869565217389,4.0,76.0,56,54,48,6,0,6,0.96,10.8984375,0,0,0,0,0,2790,256,16,4,4,0,93.0,
window_res4,window,none,fidelity,False,True,16,0.05,25,4,False,iid,0.1,0,s048,8,14.250000000000002,13.695652173913043,2.0,67.5,56,53,49,4,0,6,0.98,8.828125,0,0,0,0,0,2260,256,16,4,4,1,107.375,92.0
window_res4,window,none,fidelity,False,True,16,0.05,25,4,False,iid,0.1,1,s048,2,12.0,4.67391304347826,0.0,64.5,56,55,50,5,0,6,1.0,11.0,0,0,0,0,0,2816,256,16,4,4,3,23.0,
window_res4,window,none,fidelity,False,True,16,0.05,25,4,False,iid,0.1,1,s048,3,17.25,8.097826086956525,2.0,65.5,56,52,49,3,0,6,0.98,10.18359375,0,0,0,0,0,2607,256,16,4,4,0,37.625,
window_res4,window,none,fidelity,False,True,16,0.05,25,4,False,iid,0.1,1,s048,4,20.249999999999996,11.684782608695654,4.0,69.5,56,52,48,4,0,6,0.96,11.12890625,0,0,0,0,0,2849,256,16,4,4,2,51.75,
window_res4,window,none,fidelity,False,True,16,0.05,25,4,False,iid,0.1,1,s048,5,19.749999999999996,5.923913043478259,2.0,69.5,56,53,49,4,0,6,0.98,10.63671875,0,0,0,0,0,2723,256,16,4,4,3,65.0,
window_res4,window,none,fidelity,False,True,16,0.05,25,4,False,iid,0.1,1,s048,6,14.250000000000002,8.097826086956525,0.0,69.0,56,52,50,2,0,6,1.0,9.9765625,0,0,0,0,0,2554,256,16,4,4,1,79.5,
window_res4,window,none,fidelity,False,True,16,0.05,25,4,False,iid,0.1,1,s048,7,16.500000000000004,8.097826086956525,0.0,66.5,56,55,50,5,0,6,1.0,10.9609375,0,0,0,0,0,2806,256,16,4,4,1,93.0,
window_res4,window,none,fidelity,False,True,16,0.05,25,4,False,iid,0.1,1,s048,8,12.25,8.097826086956525,0.0,67.5,56,55,50,5,0,6,1.0,9.0625,0,0,0,0,0,2320,256,16,4,4,3,107.0,6.0
window_res4,window,none,fidelity,False,True,16,0.05,25,4,False,iid,0.1,2,s048,2,13.5,7.01086956521739,0.0,59.0,56,53,50,3,0,6,1.0,11.3984375,0,0,0,0,0,2918,256,16,4,4,1,23.0,
window_res4,window,none,fidelity,False,True,16,0.05,25,4,False,iid,0.1,2,s048,3,14.250000000000002,9.347826086956525,2.0,62.5,56,52,49,3,0,6,0.98,10.140625,0,0,0,0,0,2596,256,16,4,4,0,37.0,
window_res4,window,none,fidelity,False,True,16,0.05,25,4,False,iid,0.1,2,s048,4,21.499999999999996,12.771739130434783,4.0,75.5,56,52,48,4,0,6,0.96,11.3359375,0,0,0,0,0,2902,256,16,4,4,0,52.25,
window_res4,window,none,fidelity,False,True,16,0.05,25,4,False,iid,0.1,2,s048,5,14.750000000000002,8.097826086956525,4.0,68.5,56,53,48,5,0,6,0.96,10.41796875,0,0,0,0,0,2667,256,16,4,4,0,65.0,
window_res4,window,none,fidelity,False,True,16,0.05,25,4,False,iid,0.1,2,s048,6,13.750000000000002,4.67391304347826,0.0,68.0,56,54,50,4,0,6,1.0,10.33203125,0,0,0,0,0,2645,256,16,4,4,1,79.75,
window_res4,window,none,fidelity,False,True,16,0.05,25,4,False,iid,0.1,2,s048,7,17.750000000000004,6.847826086956524,4.0,70.5,56,51,48,3,0,6,0.96,10.3828125,0,0,0,0,0,2658,256,16,4,4,3,93.0,
window_res4,window,none,fidelity,False,True,16,0.05,25,4,False,iid,0.1,2,s048,8,14.000000000000002,7.01086956521739,0.0,69.0,56,56,50,6,0,6,1.0,9.75390625,0,0,0,0,0,2497,256,16,4,4,2,107.0,98.0
window_res8,window,none,fidelity,False,True,16,0.05,25,8,False,iid,0.1,0,s048,2,11.75,4.67391304347826,0.0,66.0,56,55,50,5,0,6,1.0,9.78125,0,0,0,0,0,2504,256,16,8,8,0,38.6875,
window_res8,window,none,fidelity,False,True,16,0.05,25,8,False,iid,0.1,0,s048,3,16.250000000000004,12.771739130434783,0.0,72.0,56,55,50,5,0,6,1.0,9.328125,0,0,0,0,0,2388,256,16,8,8,1,66.6875,
window_res8,window,none,fidelity,False,True,16,0.05,25,8,False,iid,0.1,0,s048,4,17.750000000000004,15.108695652173914,4.0,77.0,56,53,48,5,0,6,0.96,10.46484375,0,0,0,0,0,2679,256,16,8,8,2,95.3125,
window_res8,window,none,fidelity,False,True,16,0.05,25,8,False,iid,0.1,0,s048,5,14.500000000000002,6.847826086956524,2.0,68.5,56,53,49,4,0,6,0.98,9.71484375,0,0,0,0,0,2487,256,16,8,8,1,122.6875,
window_res8,window,none,fidelity,False,True,16,0.05,25,8,False,iid,0.1,0,s048,6,14.250000000000002,2.5,0.0,75.0,56,53,50,3,0,6,1.0,8.94140625,0,0,0,0,0,2289,256,16,8,8,1,151.125,
window_res8,window,none,fidelity,False,True,16,0.05,25,8,False,iid,0.1,0,s048,7,16.250000000000004,5.923913043478259,2.0,73.0,56,55,49,6,0,6,0.98,9.04296875,0,0,0,0,0,2315,256,16,8,8,0,178.6875,
window_res8,window,none,fidelity,False,True,16,0.05,25,8,False,iid,0.1,0,s048,8,18.250000000000004,8.260869565217389,2.0,67.0,56,54,49,5,0,6,0.98,7.91796875,0,0,0,0,0,2027,256,16,8,8,2,206.6875,98.0
window_res8,window,none,fidelity,False,True,16,0.05,25,8,False,iid,0.1,1,s048,2,12.25,4.67391304347826,0.0,68.0,56,55,50,5,0,6,1.0,9.3671875,0,0,0,0,0,2398,256,16,8,8,1,38.6875,
window_res8,window,none,fidelity,False,True,16,0.05,25,8,False,iid,0.1,1,s048,3,14.000000000000002,9.347826086956525,0.0,71.0,56,56,50,6,0,6,1.0,9.23046875,0,0,0,0,0,2363,256,16,8,8,1,66.6875,
window_res8,window,none,fidelity,False,True,16,0.05,25,8,False,iid,0.1,1,s048,4,21.749999999999996,12.608695652173912,2.0,75.5,56,54,49,5,0,6,0.98,10.5859375,0,0,0,0,0,2710,256,16,8,8,2,94.75,
window_res8,window,none,fidelity,False,True,16,0.05,25,8,False,iid,0.1,1,s048,5,16.000000000000004,4.83695652173913,2.0,69.0,56,53,49,4,0,6,0.98,9.97265625,0,0,0,0,0,2553,256,16,8,8,3,122.6875,
window_res8,window,none,fidelity,False,True,16,0.05,25,8,False,iid,0.1,1,s048,6,12.75,13.695652173913043,0.0,72.5,56,54,50,4,0,6,1.0,9.13671875,0,0,0,0,0,2339,256,16,8,8,0,150.9375,
window_res8,window,none,fidelity,False,True,16,0.05,25,8,False,iid,0.1,1,s048,7,14.750000000000002,5.923913043478259,4.0,68.0,56,53,48,5,0,6,0.96,9.15234375,0,0,0,0,0,2343,256,16,8,8,1,178.6875,
window_res8,window,none,fidelity,False,True,16,0.05,25,8,False,iid,0.1,1,s048,8,12.0,7.01086956521739,2.0,67.0,56,53,49,4,0,6,0.98,7.9921875,0,0,0,0,0,2046,256,16,8,8,3,206.6875,8.0
window_res8,window,none,fidelity,False,True,16,0.05,25,8,False,iid,0.1,2,s048,2,14.750000000000002,4.67391304347826,0.0,66.5,56,54,50,4,0,6,1.0,9.76171875,0,0,0,0,0,2499,256,16,8,8,0,38.6875,
window_res8,window,none,fidelity,False,True,16,0.05,25,8,False,iid,0.1,2,s048,3,11.75,3.58695652173913,0.0,70.5,56,53,50,3,0,6,1.0,9.03125,0,0,0,0,0,2312,256,16,8,8,0,66.6875,
window_res8,window,none,fidelity,False,True,16,0.05,25,8,False,iid,0.1,2,s048,4,20.0,15.108695652173914,4.0,75.0,56,52,48,4,0,6,0.96,10.20703125,0,0,0,0,0,2613,256,16,8,8,0,95.1875,
window_res8,window,none,fidelity,False,True,16,0.05,25,8,False,iid,0.1,2,s048,5,14.250000000000002,4.67391304347826,4.0,72.0,56,53,48,5,0,6,0.96,9.5703125,0,0,0,0,0,2450,256,16,8,8,0,122.6875,
window_res8,window,none,fidelity,False,True,16,0.05,25,8,False,iid,0.1,2,s048,6,15.250000000000002,2.5,0.0,70.0,56,53,50,3,0,6,1.0,8.984375,0,0,0,0,0,2300,256,16,8,8,0,150.9375,
window_res8,window,none,fidelity,False,True,16,0.05,25,8,False,iid,0.1,2,s048,7,15.000000000000002,4.67391304347826,4.0,73.0,56,52,48,4,0,6,0.96,9.06640625,0,0,0,0,0,2321,256,16,8,8,3,178.6875,
window_res8,window,none,fidelity,False,True,16,0.05,25,8,False,iid,0.1,2,s048,8,14.750000000000002,7.01086956521739,0.0,70.5,56,56,50,6,0,6,1.0,8.34765625,0,0,0,0,0,2137,256,16,8,8,2,206.6875,98.0
aeqkad_res4,window,full,fidelity,False,True,16,0.05,25,4,False,iid,0.1,0,s049,2,10.5,1.25,6.0,45.5,56,46,45,1,0,6,0.9,10.60546875,50,1,34,0,3,2715,256,16,4,4,0,26.1875,
aeqkad_res4,window,full,fidelity,False,True,16,0.05,25,4,False,iid,0.1,0,s049,3,7.749999999999998,1.25,4.0,45.5,56,44,44,0,0,6,0.88,10.15234375,49,3,28,0,2,2599,256,16,4,4,0,41.0,
aeqkad_res4,window,full,fidelity,False,True,16,0.05,25,4,False,iid,0.1,0,s049,4,20.0,5.923913043478259,8.0,61.5,56,43,42,1,0,6,0.84,11.5234375,50,5,26,0,2,2950,256,16,4,4,0,54.875,
aeqkad_res4,window,full,fidelity,False,True,16,0.05,25,4,False,iid,0.1,0,s049,5,17.250000000000004,8.097826086956525,8.0,69.5,56,44,42,2,0,6,0.84,10.32421875,52,4,20,0,4,2643,256,16,4,4,0,68.625,
aeqkad_res4,window,full,fidelity,False,True,16,0.05,25,4,False,iid,0.1,0,s049,6,4.250000000000003,0.0,6.0,48.0,56,45,45,0,0,6,0.9,10.62109375,48,1,29,0,2,2719,256,16,4,4,0,82.375,
aeqkad_res4,window,full,fidelity,False,True,16,0.05,25,4,False,iid,0.1,0,s049,7,10.25,0.0,6.0,54.0,56,42,42,0,0,6,0.84,9.49609375,48,4,25,0,2,2431,256,16,4,4,0,96.375,
aeqkad_res4,window,full,fidelity,False,True,16,0.05,25,4,False,iid,0.1,0,s049,8,9.749999999999998,0.0,0.0,60.5,56,46,46,0,0,6,0.92,10.3125,54,3,22,0,5,2640,256,16,4,4,0,110.625,88.0
aeqkad_res4,window,full,fidelity,False,True,16,0.05,25,4,False,iid,0.1,1,s049,2,10.0,1.25,4.0,50.5,56,46,45,1,0,6,0.9,10.70703125,51,3,46,0,2,2741,256,16,4,4,1,26.375,
aeqkad_res4,window,full,fidelity,False,True,16,0.05,25,4,False,iid,0.1,1,s049,3,7.249999999999998,3.423913043478259,4.0,49.0,56,46,44,2,0,6,0.88,10.5859375,53,3,45,0,4,2710,256,16,4,4,1,41.9375,
aeqkad_res4,window,full,fidelity,False,True,16,0.05,25,4,False,iid,0.1,1,s049,4,20.249999999999996,12.771739130434783,8.0,65.5,56,46,43,3,0,6,0.86,11.7421875,52,4,44,0,2,3006,256,16,4,4,0,55.625,
aeqkad_res4,window,full,fidelity,False,True,16,0.05,25,4,False,iid,0.1,1,s049,5,15.000000000000002,0.0,8.0,65.0,56,42,41,1,0,6,0.82,9.50390625,52,5,39,0,5,2433,256,16,4,4,1,68.8125,
aeqkad_res4,window,full,fidelity,False,True,16,0.05,25,4,False,iid,0.1,1,s049,6,10.0,0.0,6.0,63.5,56,46,44,2,0,6,0.88,10.39453125,50,0,46,0,4,2661,256,16,4,4,0,83.1875,
aeqkad_res4,window,full,fidelity,False,True,16,0.05,25,4,False,iid,0.1,1,s049,7,11.5,0.0,6.0,53.0,56,42,42,0,0,6,0.84,9.625,49,3,41,0,4,2464,256,16,4,4,0,96.375,
aeqkad_res4,window,full,fidelity,False,True,16,0.05,25,4,False,iid,0.1,1,s049,8,6.499999999999997,0.0,0.0,59.0,56,46,46,0,0,6,0.92,10.25390625,53,2,46,0,5,2625,256,16,4,4,0,110.0625,80.0
aeqkad_res4,window,full,fidelity,False,True,16,0.05,25,4,False,iid,0.1,2,s049,2,13.750000000000002,3.75,6.0,38.5,56,47,45,2,0,6,0.9,10.7578125,51,1,47,0,3,2754,256,16,4,4,2,26.375,
aeqkad_res4,window,full,fidelity,False,True,16,0.05,25,4,False,iid,0.1,2,s049,3,10.0,2.5,4.0,46.5,56,44,44,0,0,6,0.88,10.41796875,52,4,45,0,4,2667,256,16,4,4,0,40.6875,
aeqkad_res4,window,full,fidelity,False,True,16,0.05,25,4,False,iid,0.1,2,s049,4,16.500000000000004,7.01086956521739,10.0,54.50000000000001,56,43,43,0,0,6,0.86,11.19140625,45,1,42,0,1,2865,256,16,4,4,0,54.875,
aeqkad_res4,window,full,fidelity,False,True,16,0.05,25,4,False,iid,0.1,2,s049,5,13.750000000000002,4.67391304347826,8.0,55.50000000000001,56,42,42,0,0,6,0.84,9.52734375,48,1,42,0,5,2439,256,16,4,4,0,68.9375,
aeqkad_res4,window,full,fidelity,False,True,16,0.05,25,4,False,iid,0.1,2,s049,6,5.500000000000003,0.0,6.0,47.0,56,45,45,0,0,6,0.9,10.4765625,51,3,47,0,3,2682,256,16,4,4,0,84.0625,
aeqkad_res4,window,full,fidelity,False,True,16,0.05,25,4,False,iid,0.1,2,s049,7,9.75,2.33695652173913,8.0,53.0,56,42,42,0,0,6,0.84,9.2265625,50,4,42,0,4,2362,256,16,4,4,0,96.375,
aeqkad_res4,window,full,fidelity,False,True,16,0.05,25,4,False,iid,0.1,2,s049,8,6.499999999999997,0.0,0.0,59.5,56,46,46,0,0,6,0.92,9.69921875,52,1,48,0,5,2483,256,16,4,4,0,110.3125,6.0
aeqkad_res8,window,full,fidelity,False,True,16,0.05,25,8,False,iid,0.1,0,s049,2,12.75,0.0,4.0,47.0,56,46,45,1,0,6,0.9,10.01171875,52,2,47,0,4,2563,256,16,8,8,0,43.6875,
aeqkad_res8,window,full,fidelity,False,True,16,0.05,25,8,False,iid,0.1,0,s049,3,9.499999999999998,2.33695652173913,4.0,54.50000000000001,56,44,44,0,0,6,0.88,10.36328125,50,3,47,0,3,2653,256,16,8,8,0,71.875,
aeqkad_res8,window,full,fidelity,False,True,16,0.05,25,8,False,iid,0.1,0,s049,4,16.750000000000004,5.923913043478259,8.0,69.0,56,44,43,1,0,6,0.86,11.140625,51,4,45,0,3,2852,256,16,8,8,0,100.125,
aeqkad_res8,window,full,fidelity,False,True,16,0.05,25,8,False,iid,0.1,0,s049,5,16.250000000000004,4.67391304347826,8.0,73.0,56,44,42,2,0,6,0.84,10.453125,52,3,45,0,5,2676,256,16,8,8,0,128.0,
aeqkad_res8,window,full,fidelity,False,True,16,0.05,25,8,False,iid,0.1,0,s049,6,5.750000000000003,0.0,6.0,58.5,56,45,45,0,0,6,0.9,10.328125,50,3,47,0,2,2644,256,16,8,8,0,155.75,
aeqkad_res8,window,full,fidelity,False,True,16,0.05,25,8,False,iid,0.1,0,s049,7,15.250000000000002,2.33695652173913,6.0,59.5,56,42,42,0,0,6,0.84,10.09375,49,3,43,0,4,2584,256,16,8,8,0,183.875,
aeqkad_res8,window,full,fidelity,False,True,16,0.05,25,8,False,iid,0.1,0,s049,8,8.999999999999998,0.0,0.0,68.0,56,46,46,0,0,6,0.92,10.21484375,54,1,49,0,7,2615,256,16,8,8,0,212.0,98.0
aeqkad_res8,window,full,fidelity,False,True,16,0.05,25,8,False,iid,0.1,1,s049,2,12.25,1.25,4.0,57.99999999999999,56,46,45,1,0,6,0.9,10.515625,51,2,46,0,3,2692,256,16,8,8,0,41.6875,
aeqkad_res8,window,full,fidelity,False,True,16,0.05,25,8,False,iid,0.1,1,s049,3,7.499999999999998,2.33695652173913,2.0,55.50000000000001,56,45,44,1,0,6,0.88,10.67578125,54,4,45,0,5,2733,256,16,8,8,0,71.125,
aeqkad_res8,window,full,fidelity,False,True,16,0.05,25,8,False,iid,0.1,1,s049,4,21.249999999999996,12.771739130434783,8.0,72.0,56,46,43,3,0,6,0.86,11.26953125,52,4,46,0,2,2885,256,16,8,8,0,98.625,
aeqkad_res8,window,full,fidelity,False,True,16,0.05,25,8,False,iid,0.1,1,s049,5,13.750000000000002,1.25,8.0,67.5,56,42,41,1,0,6,0.82,10.30859375,52,2,45,0,8,2639,256,16,8,8,1,125.9375,
aeqkad_res8,window,full,fidelity,False,True,16,0.05,25,8,False,iid,0.1,1,s049,6,7.249999999999998,0.0,6.0,67.5,56,46,44,2,0,6,0.88,10.5078125,51,1,49,0,4,2690,256,16,8,8,0,154.1875,
aeqkad_res8,window,full,fidelity,False,True,16,0.05,25,8,False,iid,0.1,1,s049,7,11.5,0.0,6.0,58.5,56,42,42,0,0,6,0.84,10.15625,49,2,46,0,5,2600,256,16,8,8,0,181.875,
aeqkad_res8,window,full,fidelity,False,True,16,0.05,25,8,False,iid,0.1,1,s049,8,5.749999999999998,0.0,0.0,63.0,56,46,46,0,0,6,0.92,10.28125,54,2,49,0,6,2632,256,16,8,8,0,209.6875,88.0
aeqkad_res8,window,full,fidelity,False,True,16,0.05,25,8,False,iid,0.1,2,s049,2,11.0,3.75,4.0,52.0,56,47,45,2,0,6,0.9,10.1015625,53,3,46,0,3,2586,256,16,8,8,1,43.75,
aeqkad_res8,window,full,fidelity,False,True,16,0.05,25,8,False,iid,0.1,2,s049,3,8.249999999999998,2.5,4.0,60.5,56,44,44,0,0,6,0.88,10.125,51,1,44,0,6,2592,256,16,8,8,0,71.8125,
aeqkad_res8,window,full,fidelity,False,True,16,0.05,25,8,False,iid,0.1,2,s049,4,17.750000000000004,8.097826086956525,8.0,74.5,56,43,43,0,0,6,0.86,10.9609375,49,4,40,0,2,2806,256,16,8,8,0,100.125,
aeqkad_res8,window,full,fidelity,False,True,16,0.05,25,8,False,iid,0.1,2,s049,5,12.0,2.33695652173913,8.0,64.0,56,42,42,0,0,6,0.84,10.15234375,49,2,39,0,5,2599,256,16,8,8,0,128.0625,
aeqkad_res8,window,full,fidelity,False,True,16,0.05,25,8,False,iid,0.1,2,s049,6,6.250000000000003,0.0,4.0,61.5,56,45,45,0,0,6,0.9,10.26171875,53,3,40,0,5,2627,256,16,8,8,0,156.8125,
aeqkad_res8,window,full,fidelity,False,True,16,0.05,25,8,False,iid,0.1,2,s049,7,15.500000000000004,0.0,6.0,64.0,56,42,42,0,0,6,0.84,9.5625,52,4,40,0,6,2448,256,16,8,8,0,183.875,
aeqkad_res8,window,full,fidelity,False,True,16,0.05,25,8,False,iid,0.1,2,s049,8,6.749999999999997,0.0,0.0,70.0,56,46,46,0,0,6,0.92,9.99609375,52,0,46,0,6,2559,256,16,8,8,0,211.8125,12.0
window_res4,window,none,fidelity,False,True,16,0.05,25,4,False,iid,0.1,0,s049,2,17.5,15.108695652173914,4.0,49.0,56,52,48,4,0,6,0.96,11.55078125,0,0,0,0,0,2957,256,16,4,4,0,25.9375,
window_res4,window,none,fidelity,False,True,16,0.05,25,4,False,iid,0.1,0,s049,3,10.75,4.67391304347826,2.0,60.5,56,51,49,2,0,6,0.98,11.3828125,0,0,0,0,0,2914,256,16,4,4,0,40.1875,
window_res4,window,none,fidelity,False,True,16,0.05,25,4,False,iid,0.1,0,s049,4,22.749999999999996,10.434782608695654,6.0,70.5,56,52,47,5,0,6,0.94,12.48046875,0,0,0,0,0,3195,256,16,4,4,0,54.1875,
window_res4,window,none,fidelity,False,True,16,0.05,25,4,False,iid,0.1,0,s049,5,22.499999999999996,8.097826086956525,8.0,77.0,56,52,46,6,0,6,0.92,11.6171875,0,0,0,0,0,2974,256,16,4,4,0,68.5,
window_res4,window,none,fidelity,False,True,16,0.05,25,4,False,iid,0.1,0,s049,6,5.750000000000003,0.0,6.0,55.50000000000001,56,49,47,2,0,6,0.94,11.015625,0,0,0,0,0,2820,256,16,4,4,1,82.25,
window_res4,window,none,fidelity,False,True,16,0.05,25,4,False,iid,0.1,0,s049,7,16.25,4.67391304347826,6.0,58.5,56,48,47,1,0,6,0.94,10.5078125,0,0,0,0,0,2690,256,16,4,4,0,96.375,
window_res4,window,none,fidelity,False,True,16,0.05,25,4,False,iid,0.1,0,s049,8,10.0,2.5,0.0,69.0,56,55,50,5,0,6,1.0,11.25390625,0,0,0,0,0,2881,256,16,4,4,2,109.9375,96.0
window_res4,window,none,fidelity,False,True,16,0.05,25,4,False,iid,0.1,1,s049,2,14.000000000000002,8.097826086956525,4.0,62.5,56,52,48,4,0,6,0.96,11.37109375,0,0,0,0,0,2911,256,16,4,4,2,25.9375,
window_res4,window,none,fidelity,False,True,16,0.05,25,4,False,iid,0.1,1,s049,3,12.5,2.33695652173913,2.0,55.50000000000001,56,54,49,5,0,6,0.98,11.515625,0,0,0,0,0,2948,256,16,4,4,3,40.4375,
window_res4,window,none,fidelity,False,True,16,0.05,25,4,False,iid,0.1,1,s049,4,26.0,17.445652173913043,6.0,77.5,56,53,47,6,0,6,0.94,12.4296875,0,0,0,0,0,3182,256,16,4,4,1,54.125,
window_res4,window,none,fidelity,False,True,16,0.05,25,4,False,iid,0.1,1,s049,5,22.499999999999996,12.771739130434783,8.0,78.0,56,52,46,6,0,6,0.92,11.453125,0,0,0,0,0,2932,256,16,4,4,1,68.4375,
window_res4,window,none,fidelity,False,True,16,0.05,25,4,False,iid,0.1,1,s049,6,8.249999999999998,0.0,6.0,60.5,56,50,47,3,0,6,0.94,10.7890625,0,0,0,0,0,2762,256,16,4,4,1,82.4375,
window_res4,window,none,fidelity,False,True,16,0.05,25,4,False,iid,0.1,1,s049,7,17.750000000000004,4.67391304347826,6.0,66.5,56,49,47,2,0,6,0.94,10.6796875,0,0,0,0,0,2734,256,16,4,4,0,96.375,
window_res4,window,none,fidelity,False,True,16,0.05,25,4,False,iid,0.1,1,s049,8,9.0,0.0,0.0,72.5,56,54,50,4,0,6,1.0,11.14453125,0,0,0,0,0,2853,256,16,4,4,1,109.9375,86.0
window_res4,window,none,fidelity,False,True,16,0.05,25,4,False,iid,0.1,2,s049,2,16.000000000000004,6.08695652173913,6.0,44.0,56,51,47,4,0,6,0.94,11.20703125,0,0,0,0,0,2869,256,16,4,4,2,26.25,
window_res4,window,none,fidelity,False,True,16,0.05,25,4,False,iid,0.1,2,s049,3,16.000000000000004,11.684782608695654,2.0,65.0,56,54,49,5,0,6,0.98,12.09765625,0,0,0,0,0,3097,256,16,4,4,0,39.9375,
window_res4,window,none,fidelity,False,True,16,0.05,25,4,False,iid,0.1,2,s049,4,18.250000000000004,7.01086956521739,6.0,56.49999999999999,56,47,47,0,0,6,0.94,11.64453125,0,0,0,0,0,2981,256,16,4,4,0,54.1875,
window_res4,window,none,fidelity,False,True,16,0.05,25,4,False,iid,0.1,2,s049,5,20.499999999999996,5.760869565217389,8.0,61.5,56,48,46,2,0,6,0.92,10.23828125,0,0,0,0,0,2621,256,16,4,4,0,68.8125,
window_res4,window,none,fidelity,False,True,16,0.05,25,4,False,iid,0.1,2,s049,6,8.5,1.0869565217391297,6.0,54.50000000000001,56,51,47,4,0,6,0.94,11.36328125,0,0,0,0,0,2909,256,16,4,4,1,83.375,
window_res4,window,none,fidelity,False,True,16,0.05,25,4,False,iid,0.1,2,s049,7,18.250000000000004,8.260869565217389,6.0,64.5,56,52,47,5,0,6,0.94,10.44921875,0,0,0,0,0,2675,256,16,4,4,0,96.375,
window_res4,window,none,fidelity,False,True,16,0.05,25,4,False,iid,0.1,2,s049,8,10.0,0.0,0.0,67.0,56,52,50,2,0,6,1.0,10.66015625,0,0,0,0,0,2729,256,16,4,4,0,110.3125,6.0
window_res8,window,none,fidelity,False,True,16,0.05,25,8,False,iid,0.1,0,s049,2,14.250000000000002,4.67391304347826,4.0,51.5,56,52,48,4,0,6,0.96,10.44140625,0,0,0,0,0,2673,256,16,8,8,0,43.6875,
window_res8,window,none,fidelity,False,True,16,0.05,25,8,False,iid,0.1,0,s049,3,13.5,4.67391304347826,2.0,64.5,56,51,49,2,0,6,0.98,10.55859375,0,0,0,0,0,2703,256,16,8,8,0,71.6875,
window_res8,window,none,fidelity,False,True,16,0.05,25,8,False,iid,0.1,0,s049,4,22.249999999999996,9.184782608695654,6.0,72.5,56,52,47,5,0,6,0.94,11.71484375,0,0,0,0,0,2999,256,16,8,8,0,99.6875,
window_res8,window,none,fidelity,False,True,16,0.05,25,8,False,iid,0.1,0,s049,5,19.25,8.097826086956525,8.0,77.0,56,52,46,6,0,6,0.92,11.26953125,0,0,0,0,0,2885,256,16,8,8,0,128.0,
window_res8,window,none,fidelity,False,True,16,0.05,25,8,False,iid,0.1,0,s049,6,7.0000000000000036,0.0,4.0,60.5,56,50,48,2,0,6,0.96,10.80859375,0,0,0,0,0,2767,256,16,8,8,0,155.6875,
window_res8,window,none,fidelity,False,True,16,0.05,25,8,False,iid,0.1,0,s049,7,15.500000000000004,4.67391304347826,6.0,63.5,56,48,47,1,0,6,0.94,10.73046875,0,0,0,0,0,2747,256,16,8,8,0,183.875,
window_res8,window,none,fidelity,False,True,16,0.05,25,8,False,iid,0.1,0,s049,8,12.0,7.01086956521739,0.0,74.0,56,55,50,5,0,6,1.0,10.8984375,0,0,0,0,0,2790,256,16,8,8,1,211.6875,96.0
window_res8,window,none,fidelity,False,True,16,0.05,25,8,False,iid,0.1,1,s049,2,13.750000000000002,2.33695652173913,4.0,65.0,56,51,48,3,0,6,0.96,10.84765625,0,0,0,0,0,2777,256,16,8,8,0,41.6875,
window_res8,window,none,fidelity,False,True,16,0.05,25,8,False,iid,0.1,1,s049,3,9.749999999999998,2.33695652173913,4.0,59.0,56,54,48,6,0,6,0.96,10.8046875,0,0,0,0,0,2766,256,16,8,8,4,69.6875,
window_res8,window,none,fidelity,False,True,16,0.05,25,8,False,iid,0.1,1,s049,4,24.0,11.684782608695654,6.0,77.0,56,53,47,6,0,6,0.94,11.90625,0,0,0,0,0,3048,256,16,8,8,1,97.6875,
window_res8,window,none,fidelity,False,True,16,0.05,25,8,False,iid,0.1,1,s049,5,19.249999999999996,5.923913043478259,8.0,77.5,56,52,46,6,0,6,0.92,11.078125,0,0,0,0,0,2836,256,16,8,8,1,125.9375,
window_res8,window,none,fidelity,False,True,16,0.05,25,8,False,iid,0.1,1,s049,6,10.249999999999998,0.0,4.0,66.0,56,52,48,4,0,6,0.96,10.7578125,0,0,0,0,0,2754,256,16,8,8,1,153.6875,
window_res8,window,none,fidelity,False,True,16,0.05,25,8,False,iid,0.1,1,s049,7,15.750000000000004,7.01086956521739,6.0,71.0,56,49,47,2,0,6,0.94,10.69921875,0,0,0,0,0,2739,256,16,8,8,0,181.875,
window_res8,window,none,fidelity,False,True,16,0.05,25,8,False,iid,0.1,1,s049,8,11.75,3.423913043478259,0.0,73.0,56,54,50,4,0,6,1.0,10.703125,0,0,0,0,0,2740,256,16,8,8,0,209.6875,90.0
window_res8,window,none,fidelity,False,True,16,0.05,25,8,False,iid,0.1,2,s049,2,16.500000000000004,6.08695652173913,4.0,61.5,56,53,48,5,0,6,0.96,10.5703125,0,0,0,0,0,2706,256,16,8,8,1,43.75,
window_res8,window,none,fidelity,False,True,16,0.05,25,8,False,iid,0.1,2,s049,3,13.0,5.923913043478259,2.0,68.5,56,52,49,3,0,6,0.98,10.66015625,0,0,0,0,0,2729,256,16,8,8,0,71.6875,
window_res8,window,none,fidelity,False,True,16,0.05,25,8,False,iid,0.1,2,s049,4,22.499999999999996,8.097826086956525,4.0,80.5,56,51,48,3,0,6,0.96,11.6484375,0,0,0,0,0,2982,256,16,8,8,0,99.6875,
window_res8,window,none,fidelity,False,True,16,0.05,25,8,False,iid,0.1,2,s049,5,17.750000000000004,8.097826086956525,8.0,75.0,56,50,46,4,0,6,0.92,11.140625,0,0,0,0,0,2852,256,16,8,8,0,128.0625,
window_res8,window,none,fidelity,False,True,16,0.05,25,8,False,iid,0.1,2,s049,6,12.25,5.923913043478259,4.0,70.0,56,54,48,6,0,6,0.96,10.93359375,0,0,0,0,0,2799,256,16,8,8,3,155.6875,
window_res8,window,none,fidelity,False,True,16,0.05,25,8,False,iid,0.1,2,s049,7,17.500000000000004,5.760869565217389,6.0,73.0,56,52,47,5,0,6,0.94,11.03515625,0,0,0,0,0,2825,256,16,8,8,0,183.875,
window_res8,window,none,fidelity,False,True,16,0.05,25,8,False,iid,0.1,2,s049,8,7.499999999999998,1.25,0.0,75.0,56,52,50,2,0,6,1.0,10.46875,0,0,0,0,0,2680,256,16,8,8,0,211.8125,12.0
aeqkad_res4,window,full,fidelity,False,True,16,0.05,25,4,False,iid,0.1,0,s050,2,19.749999999999996,10.434782608695654,4.0,50.5,56,44,42,2,0,6,0.84,11.7421875,51,7,0,0,0,3006,256,16,4,4,1,26.6875,
aeqkad_res4,window,full,fidelity,False,True,16,0.05,25,4,False,iid,0.1,0,s050,3,24.0,10.434782608695654,10.0,52.0,56,34,33,1,0,6,0.66,11.328125,48,10,0,0,4,2900,256,16,4,4,0,45.6875,
aeqkad_res4,window,full,fidelity,False,True,16,0.05,25,4,False,iid,0.1,0,s050,4,20.249999999999996,4.67391304347826,8.0,45.0,56,43,41,2,0,6,0.82,10.79296875,49,6,0,0,0,2763,256,16,4,4,0,54.0,
aeqkad_res4,window,full,fidelity,False,True,16,0.05,25,4,False,iid,0.1,0,s050,5,24.0,3.75,14.000000000000002,46.0,56,39,38,1,0,6,0.76,10.25,46,7,0,0,0,2624,256,16,4,4,0,70.75,
aeqkad_res4,window,full,fidelity,False,True,16,0.05,25,4,False,iid,0.1,0,s050,6,25.75,7.01086956521739,6.0,52.5,56,40,38,2,0,6,0.76,9.96484375,50,10,0,0,0,2551,256,16,4,4,1,83.375,
aeqkad_res4,window,full,fidelity,False,True,16,0.05,25,4,False,iid,0.1,0,s050,7,19.749999999999996,4.67391304347826,4.0,55.50000000000001,56,43,42,1,0,6,0.84,10.67578125,51,6,0,0,2,2733,256,16,4,4,1,96.6875,
aeqkad_res4,window,full,fidelity,False,True,16,0.05,25,4,False,iid,0.1,0,s050,8,24.25,7.01086956521739,8.0,61.0,56,39,38,1,0,6,0.76,10.77734375,48,8,0,0,1,2759,256,16,4,4,0,110.5625,38.0
aeqkad_res4,window,full,fidelity,False,True,16,0.05,25,4,False,iid,0.1,1,s050,2,20.499999999999996,10.434782608695654,4.0,56.99999999999999,56,43,42,1,0,6,0.84,11.37109375,51,8,6,0,0,2911,256,16,4,4,1,26.1875,
aeqkad_res4,window,full,fidelity,False,True,16,0.05,25,4,False,iid,0.1,1,s050,3,23.5,12.771739130434783,8.0,61.0,56,40,38,2,0,6,0.76,11.35546875,50,9,4,0,1,2907,256,16,4,4,1,42.0625,
aeqkad_res4,window,full,fidelity,False,True,16,0.05,25,4,False,iid,0.1,1,s050,4,21.999999999999996,10.434782608695654,8.0,49.5,56,43,41,2,0,6,0.82,11.015625,48,5,10,0,0,2820,256,16,4,4,0,53.75,
aeqkad_res4,window,full,fidelity,False,True,16,0.05,25,4,False,iid,0.1,1,s050,5,21.999999999999996,7.01086956521739,10.0,53.0,56,44,41,3,0,6,0.82,10.875,49,5,3,0,0,2784,256,16,4,4,2,70.1875,
aeqkad_res4,window,full,fidelity,False,True,16,0.05,25,4,False,iid,0.1,1,s050,6,21.999999999999996,7.01086956521739,6.0,57.99999999999999,56,42,40,2,0,6,0.8,10.14453125,51,5,8,0,4,2597,256,16,4,4,1,83.4375,
aeqkad_res4,window,full,fidelity,False,True,16,0.05,25,4,False,iid,0.1,1,s050,7,15.750000000000004,4.67391304347826,4.0,57.99999999999999,56,43,42,1,0,6,0.84,10.52734375,52,7,4,0,2,2695,256,16,4,4,0,96.5,
aeqkad_res4,window,full,fidelity,False,True,16,0.05,25,4,False,iid,0.1,1,s050,8,25.5,4.510869565217389,8.0,61.0,56,40,38,2,0,6,0.76,10.4140625,52,10,8,0,2,2666,256,16,4,4,1,110.9375,90.0
aeqkad_res4,window,full,fidelity,False,True,16,0.05,25,4,False,iid,0.1,2,s050,2,20.749999999999996,10.434782608695654,4.0,54.50000000000001,56,42,42,0,0,6,0.84,11.44921875,51,9,0,0,0,2931,256,16,4,4,0,26.3125,
aeqkad_res4,window,full,fidelity,False,True,16,0.05,25,4,False,iid,0.1,2,s050,3,23.25,18.532608695652172,14.000000000000002,43.0,56,32,31,1,0,6,0.62,10.578125,45,9,0,0,4,2708,256,16,4,4,1,46.1875,
aeqkad_res4,window,full,fidelity,False,True,16,0.05,25,4,False,iid,0.1,2,s050,4,18.000000000000004,4.67391304347826,10.0,49.5,56,42,41,1,0,6,0.82,10.78125,47,5,1,0,0,2760,256,16,4,4,0,54.125,
aeqkad_res4,window,full,fidelity,False,True,16,0.05,25,4,False,iid,0.1,2,s050,5,23.25,10.434782608695654,14.000000000000002,41.5,56,40,38,2,0,6,0.76,10.37109375,46,6,0,0,0,2655,256,16,4,4,0,70.0,
aeqkad_res4,window,full,fidelity,False,True,16,0.05,25,4,False,iid,0.1,2,s050,6,23.75,8.097826086956525,10.0,50.0,56,39,38,1,0,6,0.76,9.65234375,47,8,0,0,0,2471,256,16,4,4,1,82.875,
aeqkad_res4,window,full,fidelity,False,True,16,0.05,25,4,False,iid,0.1,2,s050,7,16.250000000000004,5.760869565217389,4.0,55.00000000000001,56,44,43,1,0,6,0.86,10.66015625,52,8,3,0,0,2729,256,16,4,4,0,96.5,
aeqkad_res4,window,full,fidelity,False,True,16,0.05,25,4,False,iid,0.1,2,s050,8,25.75,3.423913043478259,8.0,54.0,56,39,38,1,0,6,0.76,9.9609375,48,8,0,0,1,2550,256,16,4,4,0,111.25,14.000000000000002
aeqkad_res8,window,full,fidelity,False,True,16,0.05,25,8,False,iid,0.1,0,s050,2,23.5,10.434782608695654,6.0,47.5,56,44,42,2,0,6,0.84,11.48046875,50,6,14,0,0,2939,256,16,8,8,0,43.4375,
aeqkad_res8,window,full,fidelity,False,True,16,0.05,25,8,False,iid,0.1,0,s050,3,24.5,14.021739130434785,16.0,49.0,56,35,34,1,0,6,0.68,10.08203125,45,6,19,0,4,2581,256,16,8,8,0,74.0625,
aeqkad_res8,window,full,fidelity,False,True,16,0.05,25,8,False,iid,0.1,0,s050,4,20.249999999999996,10.434782608695654,8.0,45.0,56,43,41,2,0,6,0.82,10.33203125,48,5,23,0,0,2645,256,16,8,8,0,99.0,
aeqkad_res8,window,full,fidelity,False,True,16,0.05,25,8,False,iid,0.1,0,s050,5,22.249999999999996,4.83695652173913,12.0,46.5,56,41,40,1,0,6,0.8,10.29296875,48,6,19,0,1,2635,256,16,8,8,0,128.5,
aeqkad_res8,window,full,fidelity,False,True,16,0.05,25,8,False,iid,0.1,0,s050,6,27.500000000000004,7.01086956521739,10.0,53.0,56,41,39,2,0,6,0.78,10.1484375,47,5,17,0,1,2598,256,16,8,8,1,155.375,
aeqkad_res8,window,full,fidelity,False,True,16,0.05,25,8,False,iid,0.1,0,s050,7,23.0,7.01086956521739,6.0,54.0,56,42,41,1,0,6,0.82,10.78515625,50,6,22,0,2,2761,256,16,8,8,1,183.5,
aeqkad_res8,window,full,fidelity,False,True,16,0.05,25,8,False,iid,0.1,0,s050,8,21.499999999999996,4.67391304347826,14.000000000000002,58.5,56,39,38,1,0,6,0.76,10.43359375,45,4,19,0,2,2671,256,16,8,8,0,211.1875,26.0
aeqkad_res8,window,full,fidelity,False,True,16,0.05,25,8,False,iid,0.1,1,s050,2,26.0,14.021739130434785,6.0,59.5,56,46,45,1,0,6,0.9,10.51953125,52,6,39,0,0,2693,256,16,8,8,1,44.0,
aeqkad_res8,window,full,fidelity,False,True,16,0.05,25,8,False,iid,0.1,1,s050,3,22.499999999999996,15.108695652173914,8.0,54.0,56,41,39,2,0,6,0.78,10.04296875,50,6,35,0,3,2571,256,16,8,8,1,73.0,
aeqkad_res8,window,full,fidelity,False,True,16,0.05,25,8,False,iid,0.1,1,s050,4,21.999999999999996,12.771739130434783,4.0,50.0,56,43,41,2,0,6,0.82,9.8671875,51,8,41,0,0,2526,256,16,8,8,0,99.8125,
aeqkad_res8,window,full,fidelity,False,True,16,0.05,25,8,False,iid,0.1,1,s050,5,23.75,3.58695652173913,10.0,55.00000000000001,56,46,42,4,0,6,0.84,10.265625,49,3,39,0,0,2628,256,16,8,8,2,128.875,
aeqkad_res8,window,full,fidelity,False,True,16,0.05,25,8,False,iid,0.1,1,s050,6,21.749999999999996,7.01086956521739,10.0,56.00000000000001,56,42,40,2,0,6,0.8,9.59375,49,5,39,0,2,2456,256,16,8,8,1,156.5,
aeqkad_res8,window,full,fidelity,False,True,16,0.05,25,8,False,iid,0.1,1,s050,7,16.500000000000004,7.01086956521739,2.0,58.5,56,50,48,2,0,6,0.96,10.4765625,53,2,42,0,1,2682,256,16,8,8,0,184.3125,
aeqkad_res8,window,full,fidelity,False,True,16,0.05,25,8,False,iid,0.1,1,s050,8,24.25,7.01086956521739,8.0,61.5,56,42,40,2,0,6,0.8,10.01953125,52,8,39,0,2,2565,256,16,8,8,0,212.125,90.0
aeqkad_res8,window,full,fidelity,False,True,16,0.05,25,8,False,iid,0.1,2,s050,2,24.25,15.271739130434783,8.0,59.0,56,44,43,1,0,6,0.86,10.46875,49,5,25,0,0,2680,256,16,8,8,0,44.0625,
aeqkad_res8,window,full,fidelity,False,True,16,0.05,25,8,False,iid,0.1,2,s050,3,23.75,15.108695652173914,20.0,51.5,56,36,35,1,0,6,0.7,9.95703125,43,3,24,0,4,2549,256,16,8,8,0,74.5625,
aeqkad_res8,window,full,fidelity,False,True,16,0.05,25,8,False,iid,0.1,2,s050,4,20.499999999999996,4.67391304347826,6.0,53.5,56,43,42,1,0,6,0.84,9.984375,48,5,30,0,0,2556,256,16,8,8,0,99.9375,
aeqkad_res8,window,full,fidelity,False,True,16,0.05,25,8,False,iid,0.1,2,s050,5,23.25,11.521739130434785,10.0,46.5,56,42,40,2,0,6,0.8,10.18359375,49,6,23,0,1,2607,256,16,8,8,0,128.8125,
aeqkad_res8,window,full,fidelity,False,True,16,0.05,25,8,False,iid,0.1,2,s050,6,23.0,7.01086956521739,8.0,55.50000000000001,56,40,39,1,0,6,0.78,9.703125,48,6,29,0,2,2484,256,16,8,8,0,157.375,
aeqkad_res8,window,full,fidelity,False,True,16,0.05,25,8,False,iid,0.1,2,s050,7,18.500000000000004,4.67391304347826,2.0,61.5,56,48,47,1,0,6,0.94,10.43359375,52,4,30,0,0,2671,256,16,8,8,0,184.3125,
aeqkad_res8,window,full,fidelity,False,True,16,0.05,25,8,False,iid,0.1,2,s050,8,25.25,3.58695652173913,8.0,56.99999999999999,56,40,39,1,0,6,0.78,9.9296875,48,7,25,0,1,2542,256,16,8,8,0,212.1875,24.0
window_res4,window,none,fidelity,False,True,16,0.05,25,4,False,iid,0.1,0,s050,2,23.0,12.771739130434783,4.0,54.50000000000001,56,51,48,3,0,6,0.96,12.2890625,0,0,0,0,0,3146,256,16,4,4,1,26.125,
window_res4,window,none,fidelity,False,True,16,0.05,25,4,False,iid,0.1,0,s050,3,25.75,12.771739130434783,12.0,63.0,56,48,44,4,0,6,0.88,12.05078125,0,0,0,0,0,3085,256,16,4,4,2,41.0625,
window_res4,window,none,fidelity,False,True,16,0.05,25,4,False,iid,0.1,0,s050,4,19.499999999999996,7.01086956521739,6.0,52.5,56,50,47,3,0,6,0.94,11.9609375,0,0,0,0,0,3062,256,16,4,4,0,54.0,
window_res4,window,none,fidelity,False,True,16,0.05,25,4,False,iid,0.1,0,s050,5,24.75,9.347826086956525,12.0,53.5,56,48,44,4,0,6,0.88,11.7265625,0,0,0,0,0,3002,256,16,4,4,0,69.25,
window_res4,window,none,fidelity,False,True,16,0.05,25,4,False,iid,0.1,0,s050,6,19.749999999999996,9.184782608695654,2.0,61.5,56,52,49,3,0,6,0.98,11.421875,0,0,0,0,0,2924,256,16,4,4,1,82.0,
window_res4,window,none,fidelity,False,True,16,0.05,25,4,False,iid,0.1,0,s050,7,18.500000000000004,3.423913043478259,2.0,57.99999999999999,56,52,49,3,0,6,0.98,11.734375,0,0,0,0,0,3004,256,16,4,4,1,96.6875,
window_res4,window,none,fidelity,False,True,16,0.05,25,4,False,iid,0.1,0,s050,8,23.5,4.67391304347826,10.0,64.0,56,47,45,2,0,6,0.9,11.328125,0,0,0,0,0,2900,256,16,4,4,0,109.75,44.0
window_res4,window,none,fidelity,False,True,16,0.05,25,4,False,iid,0.1,1,s050,2,23.75,15.271739130434783,4.0,62.5,56,52,48,4,0,6,0.96,12.47265625,0,0,0,0,0,3193,256,16,4,4,1,25.75,
window_res4,window,none,fidelity,False,True,16,0.05,25,4,False,iid,0.1,1,s050,3,24.25,12.771739130434783,6.0,67.5,56,51,47,4,0,6,0.94,12.24609375,0,0,0,0,0,3135,256,16,4,4,2,40.1875,
window_res4,window,none,fidelity,False,True,16,0.05,25,4,False,iid,0.1,1,s050,4,20.0,10.434782608695654,6.0,53.5,56,49,47,2,0,6,0.94,11.78515625,0,0,0,0,0,3017,256,16,4,4,0,53.75,
window_res4,window,none,fidelity,False,True,16,0.05,25,4,False,iid,0.1,1,s050,5,23.75,3.58695652173913,10.0,55.00000000000001,56,49,45,4,0,6,0.9,11.64453125,0,0,0,0,0,2981,256,16,4,4,2,69.0,
window_res4,window,none,fidelity,False,True,16,0.05,25,4,False,iid,0.1,1,s050,6,16.75,1.0869565217391297,2.0,62.0,56,52,49,3,0,6,0.98,11.3828125,0,0,0,0,0,2914,256,16,4,4,2,81.75,
window_res4,window,none,fidelity,False,True,16,0.05,25,4,False,iid,0.1,1,s050,7,15.250000000000002,7.01086956521739,2.0,57.99999999999999,56,54,49,5,0,6,0.98,11.625,0,0,0,0,0,2976,256,16,4,4,0,96.5,
window_res4,window,none,fidelity,False,True,16,0.05,25,4,False,iid,0.1,1,s050,8,27.500000000000004,7.01086956521739,4.0,70.5,56,54,48,6,0,6,0.96,11.703125,0,0,0,0,0,2996,256,16,4,4,2,109.75,90.0
window_res4,window,none,fidelity,False,True,16,0.05,25,4,False,iid,0.1,2,s050,2,25.25,11.521739130434785,4.0,58.5,56,52,48,4,0,6,0.96,12.71875,0,0,0,0,0,3256,256,16,4,4,0,25.75,
window_res4,window,none,fidelity,False,True,16,0.05,25,4,False,iid,0.1,2,s050,3,23.75,15.108695652173914,12.0,46.5,56,46,44,2,0,6,0.88,11.81640625,0,0,0,0,0,3025,256,16,4,4,0,41.25,
window_res4,window,none,fidelity,False,True,16,0.05,25,4,False,iid,0.1,2,s050,4,18.000000000000004,7.17391304347826,8.0,50.5,56,47,46,1,0,6,0.92,11.5078125,0,0,0,0,0,2946,256,16,4,4,0,54.125,
window_res4,window,none,fidelity,False,True,16,0.05,25,4,False,iid,0.1,2,s050,5,23.75,10.434782608695654,14.000000000000002,45.5,56,46,43,3,0,6,0.86,11.25,0,0,0,0,0,2880,256,16,4,4,0,68.9375,
window_res4,window,none,fidelity,False,True,16,0.05,25,4,False,iid,0.1,2,s050,6,15.750000000000004,2.33695652173913,2.0,54.50000000000001,56,51,49,2,0,6,0.98,11.23046875,0,0,0,0,0,2875,256,16,4,4,1,81.75,
window_res4,window,none,fidelity,False,True,16,0.05,25,4,False,iid,0.1,2,s050,7,14.000000000000002,9.184782608695654,2.0,59.0,56,53,49,4,0,6,0.98,11.83203125,0,0,0,0,0,3029,256,16,4,4,0,96.5,
window_res4,window,none,fidelity,False,True,16,0.05,25,4,False,iid,0.1,2,s050,8,25.75,4.67391304347826,12.0,62.5,56,46,44,2,0,6,0.88,10.7890625,0,0,0,0,0,2762,256,16,4,4,0,110.875,8.0
window_res8,window,none,fidelity,False,True,16,0.05,25,8,False,iid,0.1,0,s050,2,23.5,5.923913043478259,6.0,47.5,56,50,47,3,0,6,0.94,11.6015625,0,0,0,0,0,2970,256,16,8,8,0,43.125,
window_res8,window,none,fidelity,False,True,16,0.05,25,8,False,iid,0.1,0,s050,3,28.500000000000004,17.445652173913043,20.0,51.5,56,43,40,3,0,6,0.8,10.8203125,0,0,0,0,0,2770,256,16,8,8,0,74.4375,
window_res8,window,none,fidelity,False,True,16,0.05,25,8,False,iid,0.1,0,s050,4,19.749999999999996,7.17391304347826,6.0,46.0,56,49,47,2,0,6,0.94,10.81640625,0,0,0,0,0,2769,256,16,8,8,0,99.0,
window_res8,window,none,fidelity,False,True,16,0.05,25,8,False,iid,0.1,0,s050,5,24.25,8.097826086956525,14.000000000000002,50.5,56,47,43,4,0,6,0.86,10.73046875,0,0,0,0,0,2747,256,16,8,8,0,128.125,
window_res8,window,none,fidelity,False,True,16,0.05,25,8,False,iid,0.1,0,s050,6,20.499999999999996,9.184782608695654,4.0,51.5,56,50,48,2,0,6,0.96,10.7734375,0,0,0,0,0,2758,256,16,8,8,1,155.375,
window_res8,window,none,fidelity,False,True,16,0.05,25,8,False,iid,0.1,0,s050,7,18.250000000000004,4.67391304347826,2.0,51.0,56,52,49,3,0,6,0.98,11.44140625,0,0,0,0,0,2929,256,16,8,8,1,183.5,
window_res8,window,none,fidelity,False,True,16,0.05,25,8,False,iid,0.1,0,s050,8,20.249999999999996,3.423913043478259,8.0,56.49999999999999,56,49,46,3,0,6,0.92,11.265625,0,0,0,0,0,2884,256,16,8,8,0,211.1875,28.000000000000004
window_res8,window,none,fidelity,False,True,16,0.05,25,8,False,iid,0.1,1,s050,2,25.75,14.021739130434785,8.0,64.5,56,50,46,4,0,6,0.92,10.7890625,0,0,0,0,0,2762,256,16,8,8,1,44.0,
window_res8,window,none,fidelity,False,True,16,0.05,25,8,False,iid,0.1,1,s050,3,24.75,12.771739130434783,16.0,60.5,56,46,42,4,0,6,0.84,10.2890625,0,0,0,0,0,2634,256,16,8,8,2,73.75,
window_res8,window,none,fidelity,False,True,16,0.05,25,8,False,iid,0.1,1,s050,4,20.5,11.684782608695654,2.0,56.49999999999999,56,53,49,4,0,6,0.98,10.55859375,0,0,0,0,0,2703,256,16,8,8,0,99.8125,
window_res8,window,none,fidelity,False,True,16,0.05,25,8,False,iid,0.1,1,s050,5,24.0,4.67391304347826,10.0,56.00000000000001,56,49,45,4,0,6,0.9,10.43359375,0,0,0,0,0,2671,256,16,8,8,1,128.5625,
window_res8,window,none,fidelity,False,True,16,0.05,25,8,False,iid,0.1,1,s050,6,17.500000000000004,11.684782608695654,4.0,57.49999999999999,56,53,48,5,0,6,0.96,10.0078125,0,0,0,0,0,2562,256,16,8,8,2,155.8125,
window_res8,window,none,fidelity,False,True,16,0.05,25,8,False,iid,0.1,1,s050,7,18.250000000000004,4.67391304347826,2.0,62.5,56,53,49,4,0,6,0.98,10.94921875,0,0,0,0,0,2803,256,16,8,8,0,184.3125,
window_res8,window,none,fidelity,False,True,16,0.05,25,8,False,iid,0.1,1,s050,8,23.5,7.01086956521739,6.0,63.5,56,52,47,5,0,6,0.94,10.5546875,0,0,0,0,0,2702,256,16,8,8,1,211.8125,90.0
window_res8,window,none,fidelity,False,True,16,0.05,25,8,False,iid,0.1,2,s050,2,23.25,11.521739130434785,8.0,59.0,56,50,46,4,0,6,0.92,10.9609375,0,0,0,0,0,2806,256,16,8,8,0,44.0625,
window_res8,window,none,fidelity,False,True,16,0.05,25,8,False,iid,0.1,2,s050,3,23.5,13.858695652173914,20.0,51.5,56,42,40,2,0,6,0.8,10.41015625,0,0,0,0,0,2665,256,16,8,8,0,74.5625,
window_res8,window,none,fidelity,False,True,16,0.05,25,8,False,iid,0.1,2,s050,4,19.749999999999996,5.923913043478259,2.0,60.0,56,51,49,2,0,6,0.98,10.6484375,0,0,0,0,0,2726,256,16,8,8,1,99.8125,
window_res8,window,none,fidelity,False,True,16,0.05,25,8,False,iid,0.1,2,s050,5,23.75,10.434782608695654,8.0,48.5,56,49,46,3,0,6,0.92,10.76171875,0,0,0,0,0,2755,256,16,8,8,0,128.25,
window_res8,window,none,fidelity,False,True,16,0.05,25,8,False,iid,0.1,2,s050,6,20.749999999999996,4.67391304347826,4.0,55.50000000000001,56,50,48,2,0,6,0.96,10.328125,0,0,0,0,0,2644,256,16,8,8,1,155.8125,
window_res8,window,none,fidelity,False,True,16,0.05,25,8,False,iid,0.1,2,s050,7,18.250000000000004,3.423913043478259,2.0,64.0,56,52,49,3,0,6,0.98,10.984375,0,0,0,0,0,2812,256,16,8,8,0,184.3125,
window_res8,window,none,fidelity,False,True,16,0.05,25,8,False,iid,0.1,2,s050,8,20.25,3.58695652173913,6.0,61.0,56,48,47,1,0,6,0.94,10.4765625,0,0,0,0,0,2682,256,16,8,8,0,211.9375,20.0
aeqkad_res4,window,full,fidelity,False,True,16,0.05,25,4,False,iid,0.1,0,s051,2,22.249999999999996,7.01086956521739,10.0,44.5,56,41,40,1,0,6,0.8,12.96484375,49,8,33,0,0,3319,256,16,4,4,0,28.375,
aeqkad_res4,window,full,fidelity,False,True,16,0.05,25,4,False,iid,0.1,0,s051,3,15.500000000000004,7.01086956521739,14.000000000000002,41.5,56,45,41,4,0,6,0.82,13.3359375,47,2,32,0,0,3414,256,16,4,4,1,40.5,
aeqkad_res4,window,full,fidelity,False,True,16,0.05,25,4,False,iid,0.1,0,s051,4,16.250000000000004,5.923913043478259,8.0,37.5,56,41,41,0,0,6,0.82,12.90234375,47,6,31,0,0,3303,256,16,4,4,0,54.875,
aeqkad_res4,window,full,fidelity,False,True,16,0.05,25,4,False,iid,0.1,0,s051,5,28.500000000000004,25.543478260869566,12.0,56.49999999999999,56,39,37,2,0,6,0.74,13.75390625,48,9,24,0,0,3521,256,16,4,4,1,68.375,
aeqkad_res4,window,full,fidelity,False,True,16,0.05,25,4,False,iid,0.1,0,s051,6,22.499999999999996,9.347826086956525,8.0,44.0,56,43,40,3,0,6,0.8,13.1640625,50,7,37,0,0,3370,256,16,4,4,0,84.875,
aeqkad_res4,window,full,fidelity,False,True,16,0.05,25,4,False,iid,0.1,0,s051,7,25.5,15.108695652173914,6.0,57.99999999999999,56,42,41,1,0,6,0.82,14.26171875,51,9,25,0,0,3651,256,16,4,4,0,97.5,
aeqkad_res4,window,full,fidelity,False,True,16,0.05,25,4,False,iid,0.1,0,s051,8,17.500000000000004,7.01086956521739,8.0,45.0,56,41,41,0,0,6,0.82,12.38671875,48,7,36,0,0,3171,256,16,4,4,0,110.75,26.0
aeqkad_res4,window,full,fidelity,False,True,16,0.05,25,4,False,iid,0.1,1,s051,2,19.749999999999996,4.67391304347826,12.0,47.5,56,41,39,2,0,6,0.78,13.07421875,46,5,27,0,0,3347,256,16,4,4,1,28.5625,
aeqkad_res4,window,full,fidelity,False,True,16,0.05,25,4,False,iid,0.1,1,s051,3,19.499999999999996,12.771739130434783,10.0,49.5,56,43,41,2,0,6,0.82,12.3828125,47,4,24,0,0,3170,256,16,4,4,0,41.25,
aeqkad_res4,window,full,fidelity,False,True,16,0.05,25,4,False,iid,0.1,1,s051,4,17.750000000000004,4.67391304347826,6.0,38.0,56,41,41,0,0,6,0.82,13.70703125,49,8,24,0,0,3509,256,16,4,4,0,54.125,
aeqkad_res4,window,full,fidelity,False,True,16,0.05,25,4,False,iid,0.1,1,s051,5,25.0,11.521739130434785,12.0,57.99999999999999,56,41,41,0,0,6,0.82,13.94140625,46,5,21,0,0,3569,256,16,4,4,0,69.75,
aeqkad_res4,window,full,fidelity,False,True,16,0.05,25,4,False,iid,0.1,1,s051,6,18.250000000000004,10.271739130434785,4.0,49.0,56,44,42,2,0,6,0.84,13.203125,51,7,22,0,0,3380,256,16,4,4,0,83.0625,
aeqkad_res4,window,full,fidelity,False,True,16,0.05,25,4,False,iid,0.1,1,s051,7,24.25,10.434782608695654,6.0,59.0,56,39,39,0,0,6,0.78,14.4921875,50,10,22,0,1,3710,256,16,4,4,0,98.8125,
aeqkad_res4,window,full,fidelity,False,True,16,0.05,25,4,False,iid,0.1,1,s051,8,24.0,17.445652173913043,16.0,45.0,56,34,34,0,0,6,0.68,12.04296875,47,11,23,0,2,3083,256,16,4,4,0,111.4375,22.0
aeqkad_res4,window,full,fidelity,False,True,16,0.05,25,4,False,iid,0.1,2,s051,2,26.25,10.434782608695654,12.0,49.0,56,37,36,1,0,6,0.72,12.703125,47,10,32,0,0,3252,256,16,4,4,1,27.9375,
aeqkad_res4,window,full,fidelity,False,True,16,0.05,25,4,False,iid,0.1,2,s051,3,20.0,7.01086956521739,14.000000000000002,46.0,56,45,42,3,0,6,0.84,12.6015625,46,1,38,0,0,3226,256,16,4,4,1,40.0,
aeqkad_res4,window,full,fidelity,False,True,16,0.05,25,4,False,iid,0.1,2,s051,4,19.25,7.01086956521739,6.0,45.0,56,44,42,2,0,6,0.84,13.9296875,52,8,35,0,0,3566,256,16,4,4,0,54.0,
aeqkad_res4,window,full,fidelity,False,True,16,0.05,25,4,False,iid,0.1,2,s051,5,25.75,13.858695652173914,8.0,61.0,56,45,41,4,0,6,0.82,14.0390625,51,6,33,0,0,3594,256,16,4,4,2,68.75,
aeqkad_res4,window,full,fidelity,False,True,16,0.05,25,4,False,iid,0.1,2,s051,6,22.749999999999996,8.260869565217389,8.0,53.5,56,40,39,1,0,6,0.78,13.3515625,48,7,34,0,1,3418,256,16,4,4,0,84.0625,
aeqkad_res4,window,full,fidelity,False,True,16,0.05,25,4,False,iid,0.1,2,s051,7,27.750000000000004,9.347826086956525,6.0,52.0,56,41,39,2,0,6,0.78,14.48828125,52,10,30,0,1,3709,256,16,4,4,1,98.0,
aeqkad_res4,window,full,fidelity,False,True,16,0.05,25,4,False,iid,0.1,2,s051,8,17.000000000000004,9.184782608695654,8.0,49.0,56,44,43,1,0,6,0.86,12.3203125,48,4,38,0,0,3154,256,16,4,4,0,112.3125,22.0
aeqkad_res8,window,full,fidelity,False,True,16,0.05,25,8,False,iid,0.1,0,s051,2,21.749999999999996,7.01086956521739,12.0,47.5,56,40,39,1,0,6,0.78,12.01953125,47,7,33,0,0,3077,256,16,8,8,0,46.625,
aeqkad_res8,window,full,fidelity,False,True,16,0.05,25,8,False,iid,0.1,0,s051,3,15.500000000000004,2.5,10.0,52.0,56,45,42,3,0,6,0.84,11.890625,49,4,40,0,0,3044,256,16,8,8,1,73.75,
aeqkad_res8,window,full,fidelity,False,True,16,0.05,25,8,False,iid,0.1,0,s051,4,17.750000000000004,3.58695652173913,6.0,52.5,56,45,44,1,0,6,0.88,13.1015625,50,5,37,0,0,3354,256,16,8,8,1,101.75,
aeqkad_res8,window,full,fidelity,False,True,16,0.05,25,8,False,iid,0.1,0,s051,5,25.0,12.771739130434783,8.0,69.5,56,45,42,3,0,6,0.84,12.60546875,49,4,35,0,0,3227,256,16,8,8,1,129.5,
aeqkad_res8,window,full,fidelity,False,True,16,0.05,25,8,False,iid,0.1,0,s051,6,25.75,12.771739130434783,4.0,63.5,56,46,42,4,0,6,0.84,12.54296875,52,6,37,0,0,3211,256,16,8,8,1,157.875,
aeqkad_res8,window,full,fidelity,False,True,16,0.05,25,8,False,iid,0.1,0,s051,7,25.5,16.195652173913043,4.0,64.0,56,45,43,2,0,6,0.86,13.45703125,52,7,33,0,0,3445,256,16,8,8,0,186.1875,
aeqkad_res8,window,full,fidelity,False,True,16,0.05,25,8,False,iid,0.1,0,s051,8,18.500000000000004,1.0869565217391297,6.0,54.50000000000001,56,43,43,0,0,6,0.86,12.8203125,49,6,39,0,0,3282,256,16,8,8,0,213.5,40.0
aeqkad_res8,window,full,fidelity,False,True,16,0.05,25,8,False,iid,0.1,1,s051,2,19.749999999999996,7.01086956521739,12.0,46.5,56,41,39,2,0,6,0.78,12.09375,47,6,33,0,0,3096,256,16,8,8,0,46.75,
aeqkad_res8,window,full,fidelity,False,True,16,0.05,25,8,False,iid,0.1,1,s051,3,19.499999999999996,7.01086956521739,10.0,48.5,56,43,41,2,0,6,0.82,12.04296875,47,4,37,0,0,3083,256,16,8,8,0,74.0625,
aeqkad_res8,window,full,fidelity,False,True,16,0.05,25,8,False,iid,0.1,1,s051,4,16.500000000000004,8.097826086956525,6.0,43.0,56,42,42,0,0,6,0.84,12.9765625,51,8,35,0,1,3322,256,16,8,8,0,101.75,
aeqkad_res8,window,full,fidelity,False,True,16,0.05,25,8,False,iid,0.1,1,s051,5,24.0,11.684782608695654,10.0,63.5,56,42,42,0,0,6,0.84,12.52734375,46,4,30,0,0,3207,256,16,8,8,0,130.125,
aeqkad_res8,window,full,fidelity,False,True,16,0.05,25,8,False,iid,0.1,1,s051,6,21.499999999999996,4.83695652173913,6.0,59.5,56,44,42,2,0,6,0.84,12.875,51,7,37,0,0,3296,256,16,8,8,0,158.125,
aeqkad_res8,window,full,fidelity,False,True,16,0.05,25,8,False,iid,0.1,1,s051,7,21.999999999999996,8.260869565217389,6.0,63.5,56,43,43,0,0,6,0.86,13.234375,49,5,34,0,1,3388,256,16,8,8,0,185.875,
aeqkad_res8,window,full,fidelity,False,True,16,0.05,25,8,False,iid,0.1,1,s051,8,18.250000000000004,9.184782608695654,8.0,54.0,56,43,42,1,0,6,0.84,12.51953125,51,7,38,0,1,3205,256,16,8,8,0,213.625,44.0
aeqkad_res8,window,full,fidelity,False,True,16,0.05,25,8,False,iid,0.1,2,s051,2,26.5,8.260869565217389,14.000000000000002,46.0,56,41,40,1,0,6,0.8,11.96484375,44,3,39,0,0,3063,256,16,8,8,1,46.3125,
aeqkad_res8,window,full,fidelity,False,True,16,0.05,25,8,False,iid,0.1,2,s051,3,20.499999999999996,5.760869565217389,10.0,46.5,56,45,42,3,0,6,0.84,12.140625,48,3,45,0,0,3108,256,16,8,8,1,73.3125,
aeqkad_res8,window,full,fidelity,False,True,16,0.05,25,8,False,iid,0.1,2,s051,4,16.250000000000004,5.760869565217389,6.0,48.5,56,47,45,2,0,6,0.9,13.0703125,52,5,43,0,0,3346,256,16,8,8,0,101.3125,
aeqkad_res8,window,full,fidelity,False,True,16,0.05,25,8,False,iid,0.1,2,s051,5,24.0,16.358695652173914,10.0,56.99999999999999,56,45,42,3,0,6,0.84,12.68359375,50,5,45,0,0,3247,256,16,8,8,2,129.5,
aeqkad_res8,window,full,fidelity,False,True,16,0.05,25,8,False,iid,0.1,2,s051,6,23.5,7.01086956521739,6.0,54.0,56,43,42,1,0,6,0.84,12.76953125,49,5,42,0,1,3269,256,16,8,8,0,158.125,
aeqkad_res8,window,full,fidelity,False,True,16,0.05,25,8,False,iid,0.1,2,s051,7,25.5,12.771739130434783,8.0,53.0,56,44,42,2,0,6,0.84,13.51171875,51,6,43,0,1,3459,256,16,8,8,0,185.9375,
aeqkad_res8,window,full,fidelity,False,True,16,0.05,25,8,False,iid,0.1,2,s051,8,16.250000000000004,7.01086956521739,8.0,54.50000000000001,56,45,44,1,0,6,0.88,12.60546875,49,3,45,0,1,3227,256,16,8,8,0,213.875,32.0
window_res4,window,none,fidelity,False,True,16,0.05,25,4,False,iid,0.1,0,s051,2,20.249999999999996,9.184782608695654,8.0,46.5,56,50,46,4,0,6,0.92,13.4140625,0,0,0,0,0,3434,256,16,4,4,0,27.5,
window_res4,window,none,fidelity,False,True,16,0.05,25,4,False,iid,0.1,0,s051,3,16.000000000000004,2.5,10.0,45.0,56,49,45,4,0,6,0.9,13.71875,0,0,0,0,0,3512,256,16,4,4,1,40.5,
window_res4,window,none,fidelity,False,True,16,0.05,25,4,False,iid,0.1,0,s051,4,16.250000000000004,7.01086956521739,8.0,43.0,56,48,46,2,0,6,0.92,13.49609375,0,0,0,0,0,3455,256,16,4,4,1,54.5,
window_res4,window,none,fidelity,False,True,16,0.05,25,4,False,iid,0.1,0,s051,5,24.75,18.532608695652172,8.0,61.0,56,50,46,4,0,6,0.92,14.1640625,0,0,0,0,0,3626,256,16,4,4,1,67.8125,
window_res4,window,none,fidelity,False,True,16,0.05,25,4,False,iid,0.1,0,s051,6,17.750000000000004,10.434782608695654,6.0,50.5,56,51,47,4,0,6,0.94,13.3984375,0,0,0,0,0,3430,256,16,4,4,1,82.25,
window_res4,window,none,fidelity,False,True,16,0.05,25,4,False,iid,0.1,0,s051,7,23.75,15.108695652173914,8.0,62.0,56,50,46,4,0,6,0.92,14.34765625,0,0,0,0,0,3673,256,16,4,4,0,97.5,
window_res4,window,none,fidelity,False,True,16,0.05,25,4,False,iid,0.1,0,s051,8,18.000000000000004,1.0869565217391297,8.0,49.5,56,47,46,1,0,6,0.92,12.52734375,0,0,0,0,0,3207,256,16,4,4,0,110.1875,20.0
window_res4,window,none,fidelity,False,True,16,0.05,25,4,False,iid,0.1,1,s051,2,18.000000000000004,4.67391304347826,8.0,50.0,56,48,46,2,0,6,0.92,13.1875,0,0,0,0,0,3376,256,16,4,4,1,27.8125,
window_res4,window,none,fidelity,False,True,16,0.05,25,4,False,iid,0.1,1,s051,3,20.0,10.434782608695654,14.000000000000002,49.5,56,45,43,2,0,6,0.86,12.4296875,0,0,0,0,0,3182,256,16,4,4,0,41.25,
window_res4,window,none,fidelity,False,True,16,0.05,25,4,False,iid,0.1,1,s051,4,17.0,8.097826086956525,6.0,45.5,56,50,47,3,0,6,0.94,14.0078125,0,0,0,0,0,3586,256,16,4,4,1,54.0625,
window_res4,window,none,fidelity,False,True,16,0.05,25,4,False,iid,0.1,1,s051,5,24.0,8.260869565217389,12.0,60.5,56,46,44,2,0,6,0.88,14.14453125,0,0,0,0,0,3621,256,16,4,4,0,69.125,
window_res4,window,none,fidelity,False,True,16,0.05,25,4,False,iid,0.1,1,s051,6,18.500000000000004,10.434782608695654,2.0,54.50000000000001,56,53,49,4,0,6,0.98,13.546875,0,0,0,0,0,3468,256,16,4,4,0,82.0,
window_res4,window,none,fidelity,False,True,16,0.05,25,4,False,iid,0.1,1,s051,7,21.999999999999996,6.08695652173913,8.0,65.0,56,48,46,2,0,6,0.92,14.5,0,0,0,0,0,3712,256,16,4,4,0,97.1875,
window_res4,window,none,fidelity,False,True,16,0.05,25,4,False,iid,0.1,1,s051,8,19.749999999999996,10.434782608695654,6.0,58.5,56,53,47,6,0,6,0.94,13.10546875,0,0,0,0,0,3355,256,16,4,4,1,110.1875,36.0
window_res4,window,none,fidelity,False,True,16,0.05,25,4,False,iid,0.1,2,s051,2,24.5,9.510869565217389,8.0,54.0,56,47,46,1,0,6,0.92,13.23828125,0,0,0,0,0,3389,256,16,4,4,1,27.25,
window_res4,window,none,fidelity,False,True,16,0.05,25,4,False,iid,0.1,2,s051,3,18.000000000000004,3.423913043478259,12.0,49.5,56,47,44,3,0,6,0.88,12.94140625,0,0,0,0,0,3313,256,16,4,4,1,40.0,
window_res4,window,none,fidelity,False,True,16,0.05,25,4,False,iid,0.1,2,s051,4,18.250000000000004,8.097826086956525,6.0,50.0,56,52,47,5,0,6,0.94,14.28515625,0,0,0,0,0,3657,256,16,4,4,0,54.0,
window_res4,window,none,fidelity,False,True,16,0.05,25,4,False,iid,0.1,2,s051,5,25.5,15.108695652173914,12.0,63.5,56,49,44,5,0,6,0.88,13.890625,0,0,0,0,0,3556,256,16,4,4,3,68.0,
window_res4,window,none,fidelity,False,True,16,0.05,25,4,False,iid,0.1,2,s051,6,20.999999999999996,4.83695652173913,6.0,53.5,56,49,47,2,0,6,0.94,13.73828125,0,0,0,0,0,3517,256,16,4,4,0,82.4375,
window_res4,window,none,fidelity,False,True,16,0.05,25,4,False,iid,0.1,2,s051,7,27.749999999999996,11.684782608695654,8.0,56.00000000000001,56,50,46,4,0,6,0.92,14.73828125,0,0,0,0,0,3773,256,16,4,4,2,96.6875,
window_res4,window,none,fidelity,False,True,16,0.05,25,4,False,iid,0.1,2,s051,8,17.000000000000004,9.347826086956525,10.0,49.0,56,47,45,2,0,6,0.9,12.3984375,0,0,0,0,0,3174,256,16,4,4,1,110.8125,20.0
window_res8,window,none,fidelity,False,True,16,0.05,25,8,False,iid,0.1,0,s051,2,21.499999999999996,5.923913043478259,10.0,50.5,56,50,45,5,0,6,0.9,12.30859375,0,0,0,0,0,3151,256,16,8,8,0,46.25,
window_res8,window,none,fidelity,False,True,16,0.05,25,8,False,iid,0.1,0,s051,3,18.250000000000004,2.5,8.0,56.49999999999999,56,50,46,4,0,6,0.92,11.9609375,0,0,0,0,0,3062,256,16,8,8,1,73.75,
window_res8,window,none,fidelity,False,True,16,0.05,25,8,False,iid,0.1,0,s051,4,15.750000000000004,8.097826086956525,4.0,55.00000000000001,56,50,48,2,0,6,0.96,13.234375,0,0,0,0,0,3388,256,16,8,8,0,101.875,
window_res8,window,none,fidelity,False,True,16,0.05,25,8,False,iid,0.1,0,s051,5,24.0,14.021739130434785,8.0,67.0,56,50,46,4,0,6,0.92,12.70703125,0,0,0,0,0,3253,256,16,8,8,1,129.3125,
window_res8,window,none,fidelity,False,True,16,0.05,25,8,False,iid,0.1,0,s051,6,24.5,17.1195652173913,2.0,66.5,56,53,49,4,0,6,0.98,12.8828125,0,0,0,0,0,3298,256,16,8,8,1,157.3125,
window_res8,window,none,fidelity,False,True,16,0.05,25,8,False,iid,0.1,0,s051,7,24.0,11.684782608695654,4.0,68.0,56,53,48,5,0,6,0.96,13.4609375,0,0,0,0,0,3446,256,16,8,8,0,185.75,
window_res8,window,none,fidelity,False,True,16,0.05,25,8,False,iid,0.1,0,s051,8,21.0,1.0869565217391297,6.0,59.0,56,49,47,2,0,6,0.94,12.85546875,0,0,0,0,0,3291,256,16,8,8,0,213.3125,42.0
window_res8,window,none,fidelity,False,True,16,0.05,25,8,False,iid,0.1,1,s051,2,20.249999999999996,8.097826086956525,10.0,51.0,56,48,45,3,0,6,0.9,12.33203125,0,0,0,0,0,3157,256,16,8,8,1,46.1875,
window_res8,window,none,fidelity,False,True,16,0.05,25,8,False,iid,0.1,1,s051,3,21.499999999999996,8.097826086956525,10.0,52.0,56,47,45,2,0,6,0.9,12.01953125,0,0,0,0,0,3077,256,16,8,8,0,74.0625,
window_res8,window,none,fidelity,False,True,16,0.05,25,8,False,iid,0.1,1,s051,4,17.750000000000004,8.097826086956525,6.0,48.5,56,51,47,4,0,6,0.94,13.3125,0,0,0,0,0,3408,256,16,8,8,0,101.3125,
window_res8,window,none,fidelity,False,True,16,0.05,25,8,False,iid,0.1,1,s051,5,23.25,12.771739130434783,10.0,61.5,56,47,45,2,0,6,0.9,12.71484375,0,0,0,0,0,3255,256,16,8,8,0,129.8125,
window_res8,window,none,fidelity,False,True,16,0.05,25,8,False,iid,0.1,1,s051,6,19.749999999999996,7.01086956521739,2.0,56.99999999999999,56,53,49,4,0,6,0.98,13.24609375,0,0,0,0,0,3391,256,16,8,8,0,157.3125,
window_res8,window,none,fidelity,False,True,16,0.05,25,8,False,iid,0.1,1,s051,7,21.999999999999996,8.097826086956525,6.0,63.0,56,49,47,2,0,6,0.94,13.30078125,0,0,0,0,0,3405,256,16,8,8,0,185.4375,
window_res8,window,none,fidelity,False,True,16,0.05,25,8,False,iid,0.1,1,s051,8,21.499999999999996,10.434782608695654,6.0,59.0,56,52,47,5,0,6,0.94,12.8046875,0,0,0,0,0,3278,256,16,8,8,0,213.3125,44.0
window_res8,window,none,fidelity,False,True,16,0.05,25,8,False,iid,0.1,2,s051,2,24.25,10.434782608695654,10.0,50.0,56,47,45,2,0,6,0.9,12.125,0,0,0,0,0,3104,256,16,8,8,1,46.0625,
window_res8,window,none,fidelity,False,True,16,0.05,25,8,False,iid,0.1,2,s051,3,21.249999999999996,1.25,10.0,47.5,56,48,45,3,0,6,0.9,12.20703125,0,0,0,0,0,3125,256,16,8,8,1,73.3125,
window_res8,window,none,fidelity,False,True,16,0.05,25,8,False,iid,0.1,2,s051,4,15.750000000000004,1.25,6.0,49.0,56,52,47,5,0,6,0.94,13.2578125,0,0,0,0,0,3394,256,16,8,8,0,101.3125,
window_res8,window,none,fidelity,False,True,16,0.05,25,8,False,iid,0.1,2,s051,5,23.5,17.445652173913043,10.0,59.0,56,50,45,5,0,6,0.9,12.73828125,0,0,0,0,0,3261,256,16,8,8,2,129.3125,
window_res8,window,none,fidelity,False,True,16,0.05,25,8,False,iid,0.1,2,s051,6,23.5,7.01086956521739,2.0,56.99999999999999,56,51,49,2,0,6,0.98,13.125,0,0,0,0,0,3360,256,16,8,8,0,157.3125,
window_res8,window,none,fidelity,False,True,16,0.05,25,8,False,iid,0.1,2,s051,7,25.75,15.108695652173914,6.0,59.0,56,52,47,5,0,6,0.94,13.63671875,0,0,0,0,0,3491,256,16,8,8,1,185.3125,
window_res8,window,none,fidelity,False,True,16,0.05,25,8,False,iid,0.1,2,s051,8,21.499999999999996,9.184782608695654,8.0,51.0,56,49,46,3,0,6,0.92,12.75,0,0,0,0,0,3264,256,16,8,8,2,213.3125,30.0
aeqkad_res4,window,full,fidelity,False,True,16,0.05,25,4,False,iid,0.1,0,s052,2,7.999999999999999,0.0,6.0,22.5,56,42,42,0,0,6,0.84,11.44140625,49,7,0,0,0,2929,256,16,4,4,0,28.0625,
aeqkad_res4,window,full,fidelity,False,True,16,0.05,25,4,False,iid,0.1,0,s052,3,10.25,0.0,12.0,14.000000000000002,56,40,40,0,0,6,0.8,9.96484375,46,4,0,0,2,2551,256,16,4,4,0,41.375,
aeqkad_res4,window,full,fidelity,False,True,16,0.05,25,4,False,iid,0.1,0,s052,4,1.7500000000000009,0.0,2.0,15.0,56,48,48,0,0,6,0.96,11.0703125,50,1,0,0,1,2834,256,16,4,4,0,54.0625,
aeqkad_res4,window,full,fidelity,False,True,16,0.05,25,4,False,iid,0.1,0,s052,5,4.500000000000002,0.0,2.0,22.0,56,46,46,0,0,6,0.92,10.203125,50,3,0,0,1,2612,256,16,4,4,0,69.3125,
aeqkad_res4,window,full,fidelity,False,True,16,0.05,25,4,False,iid,0.1,0,s052,6,7.499999999999998,0.0,6.0,16.0,56,45,45,0,0,6,0.9,10.03125,48,3,0,0,0,2568,256,16,4,4,0,81.6875,
aeqkad_res4,window,full,fidelity,False,True,16,0.05,25,4,False,iid,0.1,0,s052,7,2.2500000000000018,0.0,2.0,20.0,56,48,48,0,0,6,0.96,10.54296875,49,1,0,0,0,2699,256,16,4,4,0,95.875,
aeqkad_res4,window,full,fidelity,False,True,16,0.05,25,4,False,iid,0.1,0,s052,8,10.249999999999998,0.0,6.0,19.0,56,46,46,0,0,6,0.92,11.0703125,48,2,0,0,0,2834,256,16,4,4,0,111.0,82.0
aeqkad_res4,window,full,fidelity,False,True,16,0.05,25,4,False,iid,0.1,1,s052,2,10.749999999999998,0.0,6.0,32.5,56,42,42,0,0,6,0.84,11.1875,49,7,0,0,0,2864,256,16,4,4,0,28.8125,
aeqkad_res4,window,full,fidelity,False,True,16,0.05,25,4,False,iid,0.1,1,s052,3,13.25,0.0,8.0,19.0,56,40,40,0,0,6,0.8,10.31640625,47,7,0,0,0,2641,256,16,4,4,0,40.9375,
aeqkad_res4,window,full,fidelity,False,True,16,0.05,25,4,False,iid,0.1,1,s052,4,4.000000000000002,0.0,2.0,17.0,56,49,48,1,0,6,0.96,11.390625,51,2,0,0,0,2916,256,16,4,4,0,53.875,
aeqkad_res4,window,full,fidelity,False,True,16,0.05,25,4,False,iid,0.1,1,s052,5,6.7500000000000036,0.0,0.0,22.5,56,46,46,0,0,6,0.92,10.32421875,50,3,0,0,1,2643,256,16,4,4,0,68.8125,
aeqkad_res4,window,full,fidelity,False,True,16,0.05,25,4,False,iid,0.1,1,s052,6,7.999999999999999,0.0,4.0,22.0,56,45,45,0,0,6,0.9,9.7890625,49,3,0,0,1,2506,256,16,4,4,0,82.375,
aeqkad_res4,window,full,fidelity,False,True,16,0.05,25,4,False,iid,0.1,1,s052,7,5.000000000000002,0.0,2.0,18.5,56,48,48,0,0,6,0.96,10.6484375,49,1,0,0,0,2726,256,16,4,4,0,96.375,
aeqkad_res4,window,full,fidelity,False,True,16,0.05,25,4,False,iid,0.1,1,s052,8,10.249999999999998,0.0,6.0,24.0,56,46,46,0,0,6,0.92,11.3203125,48,2,0,0,0,2898,256,16,4,4,0,110.3125,26.0
aeqkad_res4,window,full,fidelity,False,True,16,0.05,25,4,False,iid,0.1,2,s052,2,9.25,0.0,6.0,27.500000000000004,56,42,42,0,0,6,0.84,11.2734375,47,5,13,0,0,2886,256,16,4,4,0,28.8125,
aeqkad_res4,window,full,fidelity,False,True,16,0.05,25,4,False,iid,0.1,2,s052,3,13.0,0.0,12.0,12.0,56,40,40,0,0,6,0.8,9.8828125,45,4,0,0,1,2530,256,16,4,4,0,41.125,
aeqkad_res4,window,full,fidelity,False,True,16,0.05,25,4,False,iid,0.1,2,s052,4,2.000000000000001,0.0,2.0,10.5,56,49,49,0,0,6,0.98,10.921875,51,2,8,0,0,2796,256,16,4,4,0,53.6875,
aeqkad_res4,window,full,fidelity,False,True,16,0.05,25,4,False,iid,0.1,2,s052,5,7.0000000000000036,0.0,0.0,15.5,56,46,46,0,0,6,0.92,10.08203125,52,5,9,0,1,2581,256,16,4,4,0,68.5625,
aeqkad_res4,window,full,fidelity,False,True,16,0.05,25,4,False,iid,0.1,2,s052,6,8.999999999999998,0.0,6.0,10.5,56,45,45,0,0,6,0.9,10.06640625,48,3,7,0,0,2577,256,16,4,4,0,82.0625,
aeqkad_res4,window,full,fidelity,False,True,16,0.05,25,4,False,iid,0.1,2,s052,7,3.0000000000000018,0.0,2.0,15.5,56,48,48,0,0,6,0.96,10.5625,49,1,5,0,0,2704,256,16,4,4,0,96.1875,
aeqkad_res4,window,full,fidelity,False,True,16,0.05,25,4,False,iid,0.1,2,s052,8,8.249999999999998,0.0,6.0,11.5,56,46,46,0,0,6,0.92,11.3984375,48,2,4,0,0,2918,256,16,4,4,0,110.75,56.00000000000001
aeqkad_res8,window,full,fidelity,False,True,16,0.05,25,8,False,iid,0.1,0,s052,2,7.749999999999998,0.0,6.0,39.5,56,44,43,1,0,6,0.86,11.16796875,50,6,7,0,0,2859,256,16,8,8,0,44.875,
aeqkad_res8,window,full,fidelity,False,True,16,0.05,25,8,False,iid,0.1,0,s052,3,13.750000000000002,0.0,6.0,28.000000000000004,56,39,39,0,0,6,0.78,10.17578125,50,9,0,0,2,2605,256,16,8,8,0,73.0,
aeqkad_res8,window,full,fidelity,False,True,16,0.05,25,8,False,iid,0.1,0,s052,4,2.000000000000001,0.0,2.0,28.999999999999996,56,49,49,0,0,6,0.98,11.078125,51,2,3,0,0,2836,256,16,8,8,0,100.1875,
aeqkad_res8,window,full,fidelity,False,True,16,0.05,25,8,False,iid,0.1,0,s052,5,4.250000000000002,0.0,0.0,34.0,56,46,46,0,0,6,0.92,10.296875,51,3,6,0,2,2636,256,16,8,8,0,128.625,
aeqkad_res8,window,full,fidelity,False,True,16,0.05,25,8,False,iid,0.1,0,s052,6,5.749999999999998,0.0,2.0,26.0,56,45,45,0,0,6,0.9,9.76953125,52,7,2,0,0,2501,256,16,8,8,0,155.875,
aeqkad_res8,window,full,fidelity,False,True,16,0.05,25,8,False,iid,0.1,0,s052,7,2.2500000000000018,0.0,2.0,24.0,56,48,48,0,0,6,0.96,10.0234375,50,2,2,0,0,2566,256,16,8,8,0,183.875,
aeqkad_res8,window,full,fidelity,False,True,16,0.05,25,8,False,iid,0.1,0,s052,8,4.749999999999998,0.0,4.0,40.0,56,46,46,0,0,6,0.92,11.0859375,50,4,4,0,0,2838,256,16,8,8,0,212.625,96.0
aeqkad_res8,window,full,fidelity,False,True,16,0.05,25,8,False,iid,0.1,1,s052,2,10.0,0.0,6.0,28.000000000000004,56,43,43,0,0,6,0.86,10.63671875,48,5,18,0,0,2723,256,16,8,8,0,45.125,
aeqkad_res8,window,full,fidelity,False,True,16,0.05,25,8,False,iid,0.1,1,s052,3,12.0,0.0,8.0,22.0,56,41,41,0,0,6,0.82,10.33984375,47,6,10,0,0,2647,256,16,8,8,0,72.625,
aeqkad_res8,window,full,fidelity,False,True,16,0.05,25,8,False,iid,0.1,1,s052,4,2.000000000000001,0.0,2.0,21.0,56,50,49,1,0,6,0.98,11.1875,51,1,15,0,0,2864,256,16,8,8,0,100.0,
aeqkad_res8,window,full,fidelity,False,True,16,0.05,25,8,False,iid,0.1,1,s052,5,4.250000000000002,0.0,0.0,22.5,56,46,46,0,0,6,0.92,10.09375,50,2,22,0,2,2584,256,16,8,8,0,128.375,
aeqkad_res8,window,full,fidelity,False,True,16,0.05,25,8,False,iid,0.1,1,s052,6,5.499999999999998,0.0,4.0,23.5,56,45,45,0,0,6,0.9,9.703125,50,3,18,0,2,2484,256,16,8,8,0,156.0625,
aeqkad_res8,window,full,fidelity,False,True,16,0.05,25,8,False,iid,0.1,1,s052,7,4.750000000000002,0.0,2.0,22.0,56,48,48,0,0,6,0.96,9.91796875,50,2,10,0,0,2539,256,16,8,8,0,184.25,
aeqkad_res8,window,full,fidelity,False,True,16,0.05,25,8,False,iid,0.1,1,s052,8,4.749999999999998,0.0,8.0,26.5,56,46,46,0,0,6,0.92,11.37890625,47,1,12,0,0,2913,256,16,8,8,0,212.1875,32.0
aeqkad_res8,window,full,fidelity,False,True,16,0.05,25,8,False,iid,0.1,2,s052,2,11.5,0.0,6.0,25.5,56,42,42,0,0,6,0.84,10.7578125,48,6,22,0,0,2754,256,16,8,8,0,45.375,
aeqkad_res8,window,full,fidelity,False,True,16,0.05,25,8,False,iid,0.1,2,s052,3,12.0,0.0,10.0,14.000000000000002,56,40,40,0,0,6,0.8,10.43359375,46,5,15,0,1,2671,256,16,8,8,0,72.75,
aeqkad_res8,window,full,fidelity,False,True,16,0.05,25,8,False,iid,0.1,2,s052,4,2.000000000000001,0.0,2.0,12.0,56,49,49,0,0,6,0.98,10.9296875,51,2,24,0,0,2798,256,16,8,8,0,99.875,
aeqkad_res8,window,full,fidelity,False,True,16,0.05,25,8,False,iid,0.1,2,s052,5,4.250000000000002,0.0,0.0,20.0,56,46,46,0,0,6,0.92,10.1015625,52,4,26,0,2,2586,256,16,8,8,0,128.375,
aeqkad_res8,window,full,fidelity,False,True,16,0.05,25,8,False,iid,0.1,2,s052,6,8.999999999999998,0.0,4.0,12.5,56,45,45,0,0,6,0.9,9.7109375,49,4,24,0,0,2486,256,16,8,8,0,156.0,
aeqkad_res8,window,full,fidelity,False,True,16,0.05,25,8,False,iid,0.1,2,s052,7,4.750000000000002,0.0,2.0,18.0,56,48,48,0,0,6,0.96,10.05859375,49,1,16,0,0,2575,256,16,8,8,0,184.125,
aeqkad_res8,window,full,fidelity,False,True,16,0.05,25,8,False,iid,0.1,2,s052,8,4.249999999999998,0.0,8.0,17.5,56,46,46,0,0,6,0.92,11.234375,47,1,19,0,0,2876,256,16,8,8,0,212.375,62.0
window_res4,window,none,fidelity,False,True,16,0.05,25,4,False,iid,0.1,0,s052,2,10.0,0.0,4.0,33.5,56,51,48,3,0,6,0.96,12.30859375,0,0,0,0,0,3151,256,16,4,4,0,26.5625,
window_res4,window,none,fidelity,False,True,16,0.05,25,4,False,iid,0.1,0,s052,3,12.0,0.0,6.0,24.5,56,49,47,2,0,6,0.94,11.44921875,0,0,0,0,0,2931,256,16,4,4,1,40.125,
window_res4,window,none,fidelity,False,True,16,0.05,25,4,False,iid,0.1,0,s052,4,4.000000000000002,0.0,2.0,24.0,56,51,49,2,0,6,0.98,11.71484375,0,0,0,0,0,2999,256,16,4,4,0,54.0625,
window_res4,window,none,fidelity,False,True,16,0.05,25,4,False,iid,0.1,0,s052,5,5.750000000000003,0.0,0.0,23.5,56,51,50,1,0,6,1.0,10.5546875,0,0,0,0,0,2702,256,16,4,4,0,68.0,
window_res4,window,none,fidelity,False,True,16,0.05,25,4,False,iid,0.1,0,s052,6,4.249999999999998,0.0,6.0,22.0,56,49,47,2,0,6,0.94,10.859375,0,0,0,0,0,2780,256,16,4,4,0,81.6875,
window_res4,window,none,fidelity,False,True,16,0.05,25,4,False,iid,0.1,0,s052,7,2.0000000000000018,0.0,2.0,23.5,56,50,49,1,0,6,0.98,10.6640625,0,0,0,0,0,2730,256,16,4,4,0,95.875,
window_res4,window,none,fidelity,False,True,16,0.05,25,4,False,iid,0.1,0,s052,8,4.249999999999998,0.0,4.0,22.5,56,48,48,0,0,6,0.96,11.41796875,0,0,0,0,0,2923,256,16,4,4,0,110.1875,94.0
window_res4,window,none,fidelity,False,True,16,0.05,25,4,False,iid,0.1,1,s052,2,12.25,0.0,4.0,39.5,56,51,48,3,0,6,0.96,12.34765625,0,0,0,0,0,3161,256,16,4,4,2,26.125,
window_res4,window,none,fidelity,False,True,16,0.05,25,4,False,iid,0.1,1,s052,3,13.25,0.0,4.0,30.0,56,50,48,2,0,6,0.96,12.03125,0,0,0,0,0,3080,256,16,4,4,0,40.125,
window_res4,window,none,fidelity,False,True,16,0.05,25,4,False,iid,0.1,1,s052,4,4.250000000000002,0.0,2.0,24.5,56,51,49,2,0,6,0.98,11.5546875,0,0,0,0,0,2958,256,16,4,4,1,53.5,
window_res4,window,none,fidelity,False,True,16,0.05,25,4,False,iid,0.1,1,s052,5,6.000000000000003,0.0,0.0,30.5,56,51,50,1,0,6,1.0,10.66796875,0,0,0,0,0,2731,256,16,4,4,0,67.5625,
window_res4,window,none,fidelity,False,True,16,0.05,25,4,False,iid,0.1,1,s052,6,5.499999999999998,3.423913043478259,4.0,30.0,56,49,48,1,0,6,0.96,10.58984375,0,0,0,0,0,2711,256,16,4,4,0,82.1875,
window_res4,window,none,fidelity,False,True,16,0.05,25,4,False,iid,0.1,1,s052,7,5.750000000000002,0.0,2.0,25.5,56,49,49,0,0,6,0.98,10.80859375,0,0,0,0,0,2767,256,16,4,4,0,96.375,
window_res4,window,none,fidelity,False,True,16,0.05,25,4,False,iid,0.1,1,s052,8,10.749999999999998,0.0,2.0,26.0,56,49,49,0,0,6,0.98,11.51953125,0,0,0,0,0,2949,256,16,4,4,0,109.5,34.0
window_res4,window,none,fidelity,False,True,16,0.05,25,4,False,iid,0.1,2,s052,2,10.249999999999998,0.0,4.0,30.0,56,48,48,0,0,6,0.96,11.87109375,0,0,0,0,0,3039,256,16,4,4,0,27.3125,
window_res4,window,none,fidelity,False,True,16,0.05,25,4,False,iid,0.1,2,s052,3,9.0,0.0,10.0,19.0,56,46,45,1,0,6,0.9,11.03125,0,0,0,0,0,2824,256,16,4,4,0,40.4375,
window_res4,window,none,fidelity,False,True,16,0.05,25,4,False,iid,0.1,2,s052,4,4.500000000000002,0.0,2.0,16.0,56,50,49,1,0,6,0.98,11.25390625,0,0,0,0,0,2881,256,16,4,4,0,53.6875,
window_res4,window,none,fidelity,False,True,16,0.05,25,4,False,iid,0.1,2,s052,5,7.750000000000003,0.0,2.0,21.0,56,51,49,2,0,6,0.98,10.6484375,0,0,0,0,0,2726,256,16,4,4,0,67.5,
window_res4,window,none,fidelity,False,True,16,0.05,25,4,False,iid,0.1,2,s052,6,10.749999999999998,0.0,4.0,16.5,56,51,48,3,0,6,0.96,11.125,0,0,0,0,0,2848,256,16,4,4,1,81.5,
window_res4,window,none,fidelity,False,True,16,0.05,25,4,False,iid,0.1,2,s052,7,3.5000000000000018,0.0,2.0,19.0,56,49,49,0,0,6,0.98,10.91015625,0,0,0,0,0,2793,256,16,4,4,0,96.1875,
window_res4,window,none,fidelity,False,True,16,0.05,25,4,False,iid,0.1,2,s052,8,4.749999999999998,0.0,8.0,19.5,56,48,46,2,0,6,0.92,11.51171875,0,0,0,0,0,2947,256,16,4,4,0,110.75,54.0
window_res8,window,none,fidelity,False,True,16,0.05,25,8,False,iid,0.1,0,s052,2,8.249999999999998,0.0,4.0,44.0,56,51,48,3,0,6,0.96,11.828125,0,0,0,0,0,3028,256,16,8,8,0,44.25,
window_res8,window,none,fidelity,False,True,16,0.05,25,8,False,iid,0.1,0,s052,3,10.0,0.0,4.0,38.0,56,51,48,3,0,6,0.96,11.39453125,0,0,0,0,0,2917,256,16,8,8,1,72.25,
window_res8,window,none,fidelity,False,True,16,0.05,25,8,False,iid,0.1,0,s052,4,2.500000000000001,0.0,2.0,35.5,56,51,49,2,0,6,0.98,11.296875,0,0,0,0,0,2892,256,16,8,8,0,100.1875,
window_res8,window,none,fidelity,False,True,16,0.05,25,8,False,iid,0.1,0,s052,5,3.2500000000000013,0.0,0.0,33.0,56,51,50,1,0,6,1.0,10.41796875,0,0,0,0,0,2667,256,16,8,8,0,127.875,
window_res8,window,none,fidelity,False,True,16,0.05,25,8,False,iid,0.1,0,s052,6,7.499999999999998,2.33695652173913,2.0,32.5,56,52,49,3,0,6,0.98,10.40625,0,0,0,0,0,2664,256,16,8,8,0,155.875,
window_res8,window,none,fidelity,False,True,16,0.05,25,8,False,iid,0.1,0,s052,7,2.2500000000000018,0.0,2.0,30.5,56,50,49,1,0,6,0.98,10.37890625,0,0,0,0,0,2657,256,16,8,8,0,183.875,
window_res8,window,none,fidelity,False,True,16,0.05,25,8,False,iid,0.1,0,s052,8,6.499999999999997,0.0,4.0,51.5,56,50,48,2,0,6,0.96,11.36328125,0,0,0,0,0,2909,256,16,8,8,0,212.3125,96.0
window_res8,window,none,fidelity,False,True,16,0.05,25,8,False,iid,0.1,1,s052,2,9.25,0.0,4.0,32.0,56,50,48,2,0,6,0.96,11.26953125,0,0,0,0,0,2885,256,16,8,8,1,43.875,
window_res8,window,none,fidelity,False,True,16,0.05,25,8,False,iid,0.1,1,s052,3,9.5,0.0,4.0,29.5,56,50,48,2,0,6,0.96,11.26953125,0,0,0,0,0,2885,256,16,8,8,0,72.25,
window_res8,window,none,fidelity,False,True,16,0.05,25,8,False,iid,0.1,1,s052,4,3.7500000000000018,0.0,2.0,25.5,56,51,49,2,0,6,0.98,11.33203125,0,0,0,0,0,2901,256,16,8,8,1,99.875,
window_res8,window,none,fidelity,False,True,16,0.05,25,8,False,iid,0.1,1,s052,5,4.000000000000002,0.0,0.0,24.0,56,50,50,0,0,6,1.0,10.26953125,0,0,0,0,0,2629,256,16,8,8,0,127.875,
window_res8,window,none,fidelity,False,True,16,0.05,25,8,False,iid,0.1,1,s052,6,9.749999999999998,0.0,4.0,31.0,56,50,48,2,0,6,0.96,10.1953125,0,0,0,0,0,2610,256,16,8,8,0,156.0625,
window_res8,window,none,fidelity,False,True,16,0.05,25,8,False,iid,0.1,1,s052,7,4.750000000000002,0.0,2.0,24.5,56,49,49,0,0,6,0.98,9.796875,0,0,0,0,0,2508,256,16,8,8,0,184.25,
window_res8,window,none,fidelity,False,True,16,0.05,25,8,False,iid,0.1,1,s052,8,5.499999999999998,0.0,6.0,29.5,56,48,47,1,0,6,0.94,11.52734375,0,0,0,0,0,2951,256,16,8,8,0,212.1875,30.0
window_res8,window,none,fidelity,False,True,16,0.05,25,8,False,iid,0.1,2,s052,2,10.499999999999998,0.0,4.0,29.5,56,49,48,1,0,6,0.96,11.45703125,0,0,0,0,0,2933,256,16,8,8,0,44.6875,
window_res8,window,none,fidelity,False,True,16,0.05,25,8,False,iid,0.1,2,s052,3,11.75,0.0,4.0,28.499999999999996,56,49,48,1,0,6,0.96,11.109375,0,0,0,0,0,2844,256,16,8,8,0,72.3125,
window_res8,window,none,fidelity,False,True,16,0.05,25,8,False,iid,0.1,2,s052,4,5.750000000000003,0.0,2.0,18.0,56,51,49,2,0,6,0.98,11.49609375,0,0,0,0,0,2943,256,16,8,8,0,99.875,
window_res8,window,none,fidelity,False,True,16,0.05,25,8,False,iid,0.1,2,s052,5,6.000000000000003,0.0,0.0,23.5,56,52,50,2,0,6,1.0,10.39453125,0,0,0,0,0,2661,256,16,8,8,0,127.875,
window_res8,window,none,fidelity,False,True,16,0.05,25,8,False,iid,0.1,2,s052,6,9.999999999999998,0.0,4.0,14.499999999999998,56,50,48,2,0,6,0.96,10.58203125,0,0,0,0,0,2709,256,16,8,8,0,156.0,
window_res8,window,none,fidelity,False,True,16,0.05,25,8,False,iid,0.1,2,s052,7,4.750000000000002,0.0,2.0,20.5,56,49,49,0,0,6,0.98,9.9609375,0,0,0,0,0,2550,256,16,8,8,0,184.125,
window_res8,window,none,fidelity,False,True,16,0.05,25,8,False,iid,0.1,2,s052,8,4.499999999999997,0.0,4.0,24.0,56,51,48,3,0,6,0.96,11.56640625,0,0,0,0,0,2961,256,16,8,8,0,212.0,72.0
aeqkad_res4,window,full,fidelity,False,True,16,0.05,25,4,False,iid,0.1,0,s053,2,18.000000000000004,5.760869565217389,10.0,27.0,56,38,37,1,0,6,0.74,15.12890625,49,10,28,0,1,3873,256,16,4,4,1,22.8125,
aeqkad_res4,window,full,fidelity,False,True,16,0.05,25,4,False,iid,0.1,0,s053,3,16.000000000000004,0.0,14.000000000000002,18.0,56,40,39,1,0,6,0.78,14.20703125,45,4,33,0,1,3637,256,16,4,4,0,36.875,
aeqkad_res4,window,full,fidelity,False,True,16,0.05,25,4,False,iid,0.1,0,s053,4,11.5,2.33695652173913,12.0,20.5,56,39,39,0,0,6,0.78,14.09765625,46,7,31,0,0,3609,256,16,4,4,0,52.0625,
aeqkad_res4,window,full,fidelity,False,True,16,0.05,25,4,False,iid,0.1,0,s053,5,11.75,5.760869565217389,8.0,24.5,56,44,44,0,0,6,0.88,14.625,47,3,28,0,0,3744,256,16,4,4,0,64.25,
aeqkad_res4,window,full,fidelity,False,True,16,0.05,25,4,False,iid,0.1,0,s053,6,19.249999999999996,7.01086956521739,8.0,29.5,56,41,39,2,0,6,0.78,14.1953125,48,7,33,0,0,3634,256,16,4,4,0,78.125,
aeqkad_res4,window,full,fidelity,False,True,16,0.05,25,4,False,iid,0.1,0,s053,7,12.5,5.760869565217389,8.0,31.0,56,45,43,2,0,6,0.86,14.38671875,49,4,34,0,0,3683,256,16,4,4,0,92.5625,
aeqkad_res4,window,full,fidelity,False,True,16,0.05,25,4,False,iid,0.1,0,s053,8,13.5,3.423913043478259,10.0,30.5,56,43,43,0,0,6,0.86,13.91796875,46,3,32,0,0,3563,256,16,4,4,0,106.4375,16.0
aeqkad_res4,window,full,fidelity,False,True,16,0.05,25,4,False,iid,0.1,1,s053,2,15.000000000000002,2.33695652173913,10.0,37.0,56,37,36,1,0,6,0.72,14.76953125,49,12,0,0,0,3781,256,16,4,4,0,23.625,
aeqkad_res4,window,full,fidelity,False,True,16,0.05,25,4,False,iid,0.1,1,s053,3,16.000000000000004,0.0,12.0,28.499999999999996,56,36,36,0,0,6,0.72,13.87109375,45,8,0,0,1,3551,256,16,4,4,0,37.3125,
aeqkad_res4,window,full,fidelity,False,True,16,0.05,25,4,False,iid,0.1,1,s053,4,14.750000000000002,4.67391304347826,6.0,30.5,56,43,42,1,0,6,0.84,14.27734375,48,5,4,0,0,3655,256,16,4,4,0,51.8125,
aeqkad_res4,window,full,fidelity,False,True,16,0.05,25,4,False,iid,0.1,1,s053,5,12.75,2.33695652173913,2.0,34.0,56,45,43,2,0,6,0.86,14.69921875,52,7,0,0,0,3763,256,16,4,4,0,63.9375,
aeqkad_res4,window,full,fidelity,False,True,16,0.05,25,4,False,iid,0.1,1,s053,6,18.5,7.01086956521739,6.0,40.0,56,39,38,1,0,6,0.76,13.95703125,51,12,0,0,0,3573,256,16,4,4,0,78.875,
aeqkad_res4,window,full,fidelity,False,True,16,0.05,25,4,False,iid,0.1,1,s053,7,14.500000000000002,7.01086956521739,6.0,40.0,56,41,40,1,0,6,0.8,14.19140625,50,9,1,0,0,3633,256,16,4,4,0,93.75,
aeqkad_res4,window,full,fidelity,False,True,16,0.05,25,4,False,iid,0.1,1,s053,8,13.25,9.184782608695654,8.0,36.0,56,43,42,1,0,6,0.84,13.8125,47,4,0,0,0,3536,256,16,4,4,1,106.4375,38.0
aeqkad_res4,window,full,fidelity,False,True,16,0.05,25,4,False,iid,0.1,2,s053,2,18.000000000000004,4.67391304347826,10.0,30.0,56,39,38,1,0,6,0.76,15.03125,47,8,26,0,0,3848,256,16,4,4,1,22.8125,
aeqkad_res4,window,full,fidelity,False,True,16,0.05,25,4,False,iid,0.1,2,s053,3,18.750000000000004,0.0,14.000000000000002,21.0,56,39,38,1,0,6,0.76,13.98046875,45,6,33,0,0,3579,256,16,4,4,0,37.75,
aeqkad_res4,window,full,fidelity,False,True,16,0.05,25,4,False,iid,0.1,2,s053,4,13.750000000000002,2.33695652173913,10.0,21.0,56,41,41,0,0,6,0.82,14.43359375,46,5,32,0,0,3695,256,16,4,4,0,51.5,
aeqkad_res4,window,full,fidelity,False,True,16,0.05,25,4,False,iid,0.1,2,s053,5,11.249999999999998,1.25,8.0,23.0,56,45,44,1,0,6,0.88,14.43359375,48,3,29,0,0,3695,256,16,4,4,1,63.875,
aeqkad_res4,window,full,fidelity,False,True,16,0.05,25,4,False,iid,0.1,2,s053,6,18.750000000000004,4.83695652173913,8.0,32.5,56,39,39,0,0,6,0.78,13.93359375,47,7,31,0,1,3567,256,16,4,4,0,78.875,
aeqkad_res4,window,full,fidelity,False,True,16,0.05,25,4,False,iid,0.1,2,s053,7,13.750000000000002,7.01086956521739,8.0,33.5,56,43,43,0,0,6,0.86,14.28515625,48,5,31,0,0,3657,256,16,4,4,0,92.1875,
aeqkad_res4,window,full,fidelity,False,True,16,0.05,25,4,False,iid,0.1,2,s053,8,13.25,7.01086956521739,10.0,28.000000000000004,56,43,43,0,0,6,0.86,13.96484375,47,3,31,0,1,3575,256,16,4,4,0,106.875,0.0
aeqkad_res8,window,full,fidelity,False,True,16,0.05,25,8,False,iid,0.1,0,s053,2,19.749999999999996,2.5,16.0,27.500000000000004,56,39,38,1,0,6,0.76,14.0,45,5,39,0,1,3584,256,16,8,8,1,39.375,
aeqkad_res8,window,full,fidelity,False,True,16,0.05,25,8,False,iid,0.1,0,s053,3,16.000000000000004,0.0,14.000000000000002,24.5,56,41,40,1,0,6,0.8,14.0078125,45,3,38,0,1,3586,256,16,8,8,0,67.25,
aeqkad_res8,window,full,fidelity,False,True,16,0.05,25,8,False,iid,0.1,0,s053,4,13.750000000000002,2.33695652173913,8.0,29.5,56,44,43,1,0,6,0.86,14.42578125,48,4,41,0,0,3693,256,16,8,8,0,96.0625,
aeqkad_res8,window,full,fidelity,False,True,16,0.05,25,8,False,iid,0.1,0,s053,5,15.250000000000002,2.5,6.0,31.0,56,44,44,0,0,6,0.88,14.140625,49,5,42,0,0,3620,256,16,8,8,0,122.9375,
aeqkad_res8,window,full,fidelity,False,True,16,0.05,25,8,False,iid,0.1,0,s053,6,19.749999999999996,10.434782608695654,10.0,32.5,56,42,40,2,0,6,0.8,13.97265625,47,5,39,0,0,3577,256,16,8,8,0,150.875,
aeqkad_res8,window,full,fidelity,False,True,16,0.05,25,8,False,iid,0.1,0,s053,7,15.500000000000004,14.782608695652172,8.0,36.5,56,44,42,2,0,6,0.84,13.90625,50,6,39,0,0,3560,256,16,8,8,0,179.3125,
aeqkad_res8,window,full,fidelity,False,True,16,0.05,25,8,False,iid,0.1,0,s053,8,12.25,2.33695652173913,8.0,30.0,56,44,44,0,0,6,0.88,14.203125,48,3,41,0,1,3636,256,16,8,8,0,206.875,22.0
aeqkad_res8,window,full,fidelity,False,True,16,0.05,25,8,False,iid,0.1,1,s053,2,16.000000000000004,2.33695652173913,16.0,19.5,56,38,37,1,0,6,0.74,13.8984375,43,5,33,0,0,3558,256,16,8,8,0,39.8125,
aeqkad_res8,window,full,fidelity,False,True,16,0.05,25,8,False,iid,0.1,1,s053,3,18.500000000000004,0.0,18.0,16.5,56,39,39,0,0,6,0.78,14.37109375,41,0,35,0,2,3679,256,16,8,8,0,67.25,
aeqkad_res8,window,full,fidelity,False,True,16,0.05,25,8,False,iid,0.1,1,s053,4,14.000000000000002,4.67391304347826,14.000000000000002,17.0,56,43,42,1,0,6,0.84,14.45703125,44,1,39,0,0,3701,256,16,8,8,0,96.0625,
aeqkad_res8,window,full,fidelity,False,True,16,0.05,25,8,False,iid,0.1,1,s053,5,16.250000000000004,10.434782608695654,16.0,24.5,56,43,41,2,0,6,0.82,14.1953125,44,1,37,0,0,3634,256,16,8,8,0,122.875,
aeqkad_res8,window,full,fidelity,False,True,16,0.05,25,8,False,iid,0.1,1,s053,6,18.000000000000004,11.521739130434785,10.0,26.0,56,40,39,1,0,6,0.78,14.171875,47,7,35,0,0,3628,256,16,8,8,0,151.375,
aeqkad_res8,window,full,fidelity,False,True,16,0.05,25,8,False,iid,0.1,1,s053,7,15.750000000000004,2.5,16.0,23.0,56,41,40,1,0,6,0.8,13.71875,44,3,37,0,0,3512,256,16,8,8,0,179.8125,
aeqkad_res8,window,full,fidelity,False,True,16,0.05,25,8,False,iid,0.1,1,s053,8,13.750000000000002,3.58695652173913,10.0,26.0,56,44,43,1,0,6,0.86,14.12890625,46,2,40,0,0,3617,256,16,8,8,0,207.25,22.0
aeqkad_res8,window,full,fidelity,False,True,16,0.05,25,8,False,iid,0.1,2,s053,2,17.500000000000004,1.25,12.0,34.0,56,38,37,1,0,6,0.74,13.93359375,46,8,33,0,0,3567,256,16,8,8,0,39.375,
aeqkad_res8,window,full,fidelity,False,True,16,0.05,25,8,False,iid,0.1,2,s053,3,18.000000000000004,0.0,14.000000000000002,30.5,56,41,40,1,0,6,0.8,14.45703125,45,3,37,0,1,3701,256,16,8,8,0,67.875,
aeqkad_res8,window,full,fidelity,False,True,16,0.05,25,8,False,iid,0.1,2,s053,4,13.5,2.33695652173913,8.0,33.0,56,43,43,0,0,6,0.86,14.375,48,5,37,0,0,3680,256,16,8,8,0,95.75,
aeqkad_res8,window,full,fidelity,False,True,16,0.05,25,8,False,iid,0.1,2,s053,5,14.500000000000002,1.25,6.0,28.499999999999996,56,45,44,1,0,6,0.88,14.25,49,4,39,0,0,3648,256,16,8,8,1,122.875,
aeqkad_res8,window,full,fidelity,False,True,16,0.05,25,8,False,iid,0.1,2,s053,6,19.499999999999996,5.923913043478259,6.0,39.0,56,40,40,0,0,6,0.8,14.0625,48,7,34,0,1,3600,256,16,8,8,0,151.25,
aeqkad_res8,window,full,fidelity,False,True,16,0.05,25,8,False,iid,0.1,2,s053,7,18.500000000000004,13.695652173913043,6.0,43.0,56,42,42,0,0,6,0.84,13.84765625,48,5,37,0,1,3545,256,16,8,8,0,179.3125,
aeqkad_res8,window,full,fidelity,False,True,16,0.05,25,8,False,iid,0.1,2,s053,8,13.750000000000002,4.83695652173913,8.0,36.5,56,45,44,1,0,6,0.88,13.9765625,48,3,38,0,0,3578,256,16,8,8,0,206.875,6.0
window_res4,window,none,fidelity,False,True,16,0.05,25,4,False,iid,0.1,0,s053,2,20.0,4.67391304347826,12.0,32.0,56,49,44,5,0,6,0.88,14.984375,0,0,0,0,0,3836,256,16,4,4,1,22.8125,
window_res4,window,none,fidelity,False,True,16,0.05,25,4,False,iid,0.1,0,s053,3,17.000000000000004,0.0,18.0,22.0,56,43,41,2,0,6,0.82,14.16015625,0,0,0,0,0,3625,256,16,4,4,0,36.5625,
window_res4,window,none,fidelity,False,True,16,0.05,25,4,False,iid,0.1,0,s053,4,14.000000000000002,0.0,6.0,24.5,56,49,47,2,0,6,0.94,14.7421875,0,0,0,0,0,3774,256,16,4,4,0,52.0,
window_res4,window,none,fidelity,False,True,16,0.05,25,4,False,iid,0.1,0,s053,5,14.000000000000002,5.760869565217389,10.0,26.0,56,46,45,1,0,6,0.9,14.77734375,0,0,0,0,0,3783,256,16,4,4,0,64.125,
window_res4,window,none,fidelity,False,True,16,0.05,25,4,False,iid,0.1,0,s053,6,10.75,5.760869565217389,4.0,35.5,56,51,48,3,0,6,0.96,14.5078125,0,0,0,0,0,3714,256,16,4,4,0,77.8125,
window_res4,window,none,fidelity,False,True,16,0.05,25,4,False,iid,0.1,0,s053,7,14.250000000000002,7.01086956521739,10.0,31.5,56,48,45,3,0,6,0.9,14.5625,0,0,0,0,0,3728,256,16,4,4,1,91.9375,
window_res4,window,none,fidelity,False,True,16,0.05,25,4,False,iid,0.1,0,s053,8,13.25,3.423913043478259,10.0,26.5,56,46,45,1,0,6,0.9,14.25,0,0,0,0,0,3648,256,16,4,4,0,106.4375,22.0
window_res4,window,none,fidelity,False,True,16,0.05,25,4,False,iid,0.1,1,s053,2,18.500000000000004,4.67391304347826,12.0,43.0,56,48,44,4,0,6,0.88,15.046875,0,0,0,0,0,3852,256,16,4,4,1,22.6875,
window_res4,window,none,fidelity,False,True,16,0.05,25,4,False,iid,0.1,1,s053,3,19.75,0.0,14.000000000000002,35.5,56,44,43,1,0,6,0.86,14.71484375,0,0,0,0,0,3767,256,16,4,4,0,36.4375,
window_res4,window,none,fidelity,False,True,16,0.05,25,4,False,iid,0.1,1,s053,4,12.25,4.67391304347826,6.0,35.0,56,48,47,1,0,6,0.94,14.8046875,0,0,0,0,0,3790,256,16,4,4,0,51.75,
window_res4,window,none,fidelity,False,True,16,0.05,25,4,False,iid,0.1,1,s053,5,12.0,1.25,4.0,36.0,56,51,48,3,0,6,0.96,14.98046875,0,0,0,0,0,3835,256,16,4,4,0,63.8125,
window_res4,window,none,fidelity,False,True,16,0.05,25,4,False,iid,0.1,1,s053,6,16.500000000000004,7.01086956521739,4.0,47.0,56,52,48,4,0,6,0.96,14.71484375,0,0,0,0,0,3767,256,16,4,4,1,77.8125,
window_res4,window,none,fidelity,False,True,16,0.05,25,4,False,iid,0.1,1,s053,7,18.999999999999996,7.01086956521739,4.0,50.0,56,51,48,3,0,6,0.96,14.68359375,0,0,0,0,0,3759,256,16,4,4,0,92.5625,
window_res4,window,none,fidelity,False,True,16,0.05,25,4,False,iid,0.1,1,s053,8,13.25,7.01086956521739,8.0,38.5,56,47,46,1,0,6,0.92,14.19921875,0,0,0,0,0,3635,256,16,4,4,1,106.4375,38.0
window_res4,window,none,fidelity,False,True,16,0.05,25,4,False,iid,0.1,2,s053,2,20.999999999999996,2.33695652173913,12.0,34.0,56,46,44,2,0,6,0.88,15.05859375,0,0,0,0,0,3855,256,16,4,4,1,22.8125,
window_res4,window,none,fidelity,False,True,16,0.05,25,4,False,iid,0.1,2,s053,3,19.000000000000004,0.0,18.0,20.0,56,43,41,2,0,6,0.82,14.5546875,0,0,0,0,0,3726,256,16,4,4,1,36.6875,
window_res4,window,none,fidelity,False,True,16,0.05,25,4,False,iid,0.1,2,s053,4,11.75,0.0,8.0,19.0,56,46,46,0,0,6,0.92,14.5078125,0,0,0,0,0,3714,256,16,4,4,0,51.5,
window_res4,window,none,fidelity,False,True,16,0.05,25,4,False,iid,0.1,2,s053,5,13.25,1.25,8.0,24.5,56,48,46,2,0,6,0.92,14.375,0,0,0,0,0,3680,256,16,4,4,1,63.8125,
window_res4,window,none,fidelity,False,True,16,0.05,25,4,False,iid,0.1,2,s053,6,16.75,4.83695652173913,4.0,36.5,56,49,48,1,0,6,0.96,14.296875,0,0,0,0,0,3660,256,16,4,4,0,78.5,
window_res4,window,none,fidelity,False,True,16,0.05,25,4,False,iid,0.1,2,s053,7,18.250000000000004,7.01086956521739,8.0,36.0,56,48,46,2,0,6,0.92,14.609375,0,0,0,0,0,3740,256,16,4,4,0,91.8125,
window_res4,window,none,fidelity,False,True,16,0.05,25,4,False,iid,0.1,2,s053,8,13.5,7.01086956521739,10.0,34.0,56,47,45,2,0,6,0.9,14.03515625,0,0,0,0,0,3593,256,16,4,4,0,106.875,0.0
window_res8,window,none,fidelity,False,True,16,0.05,25,8,False,iid,0.1,0,s053,2,19.499999999999996,7.01086956521739,14.000000000000002,28.000000000000004,56,47,43,4,0,6,0.86,14.25390625,0,0,0,0,0,3649,256,16,8,8,1,39.375,
window_res8,window,none,fidelity,False,True,16,0.05,25,8,False,iid,0.1,0,s053,3,18.250000000000004,0.0,14.000000000000002,25.5,56,45,43,2,0,6,0.86,14.26171875,0,0,0,0,0,3651,256,16,8,8,0,66.875,
window_res8,window,none,fidelity,False,True,16,0.05,25,8,False,iid,0.1,0,s053,4,12.25,1.0869565217391297,8.0,31.5,56,49,46,3,0,6,0.92,14.5546875,0,0,0,0,0,3726,256,16,8,8,1,95.6875,
window_res8,window,none,fidelity,False,True,16,0.05,25,8,False,iid,0.1,0,s053,5,13.5,2.5,4.0,33.0,56,50,48,2,0,6,0.96,14.3671875,0,0,0,0,0,3678,256,16,8,8,0,122.9375,
window_res8,window,none,fidelity,False,True,16,0.05,25,8,False,iid,0.1,0,s053,6,14.250000000000002,9.347826086956525,8.0,34.0,56,48,46,2,0,6,0.92,14.26171875,0,0,0,0,0,3651,256,16,8,8,0,150.875,
window_res8,window,none,fidelity,False,True,16,0.05,25,8,False,iid,0.1,0,s053,7,17.750000000000004,14.945652173913043,8.0,40.0,56,50,46,4,0,6,0.92,14.02734375,0,0,0,0,0,3591,256,16,8,8,0,179.3125,
window_res8,window,none,fidelity,False,True,16,0.05,25,8,False,iid,0.1,0,s053,8,11.249999999999998,3.423913043478259,8.0,30.0,56,47,46,1,0,6,0.92,14.12890625,0,0,0,0,0,3617,256,16,8,8,0,206.875,28.000000000000004
window_res8,window,none,fidelity,False,True,16,0.05,25,8,False,iid,0.1,1,s053,2,19.000000000000004,4.67391304347826,16.0,20.0,56,44,42,2,0,6,0.84,14.1015625,0,0,0,0,0,3610,256,16,8,8,1,39.25,
window_res8,window,none,fidelity,False,True,16,0.05,25,8,False,iid,0.1,1,s053,3,16.250000000000004,0.0,14.000000000000002,18.0,56,43,43,0,0,6,0.86,14.6328125,0,0,0,0,0,3746,256,16,8,8,0,66.875,
window_res8,window,none,fidelity,False,True,16,0.05,25,8,False,iid,0.1,1,s053,4,14.750000000000002,3.58695652173913,10.0,17.5,56,46,45,1,0,6,0.9,14.58984375,0,0,0,0,0,3735,256,16,8,8,0,96.0625,
window_res8,window,none,fidelity,False,True,16,0.05,25,8,False,iid,0.1,1,s053,5,19.000000000000004,8.097826086956525,14.000000000000002,25.0,56,45,43,2,0,6,0.86,14.23046875,0,0,0,0,0,3643,256,16,8,8,0,122.875,
window_res8,window,none,fidelity,False,True,16,0.05,25,8,False,iid,0.1,1,s053,6,18.000000000000004,8.097826086956525,8.0,30.0,56,48,46,2,0,6,0.92,14.3671875,0,0,0,0,0,3678,256,16,8,8,0,151.375,
window_res8,window,none,fidelity,False,True,16,0.05,25,8,False,iid,0.1,1,s053,7,17.750000000000004,9.184782608695654,12.0,26.0,56,46,44,2,0,6,0.88,13.97265625,0,0,0,0,0,3577,256,16,8,8,0,179.8125,
window_res8,window,none,fidelity,False,True,16,0.05,25,8,False,iid,0.1,1,s053,8,13.750000000000002,3.58695652173913,8.0,28.999999999999996,56,47,46,1,0,6,0.92,14.0859375,0,0,0,0,0,3606,256,16,8,8,0,206.875,28.000000000000004
window_res8,window,none,fidelity,False,True,16,0.05,25,8,False,iid,0.1,2,s053,2,15.750000000000004,1.0869565217391297,14.000000000000002,37.5,56,46,43,3,0,6,0.86,13.984375,0,0,0,0,0,3580,256,16,8,8,0,39.375,
window_res8,window,none,fidelity,False,True,16,0.05,25,8,False,iid,0.1,2,s053,3,19.25,0.0,14.000000000000002,30.0,56,45,43,2,0,6,0.86,14.3828125,0,0,0,0,0,3682,256,16,8,8,1,66.875,
window_res8,window,none,fidelity,False,True,16,0.05,25,8,False,iid,0.1,2,s053,4,14.500000000000002,6.847826086956524,6.0,34.5,56,48,47,1,0,6,0.94,14.3984375,0,0,0,0,0,3686,256,16,8,8,1,95.625,
window_res8,window,none,fidelity,False,True,16,0.05,25,8,False,iid,0.1,2,s053,5,15.750000000000004,2.33695652173913,8.0,33.0,56,49,46,3,0,6,0.92,14.29296875,0,0,0,0,0,3659,256,16,8,8,1,122.875,
window_res8,window,none,fidelity,False,True,16,0.05,25,8,False,iid,0.1,2,s053,6,15.750000000000004,5.923913043478259,6.0,41.0,56,48,47,1,0,6,0.94,14.20703125,0,0,0,0,0,3637,256,16,8,8,0,151.25,
window_res8,window,none,fidelity,False,True,16,0.05,25,8,False,iid,0.1,2,s053,7,19.749999999999996,7.17391304347826,4.0,42.5,56,50,48,2,0,6,0.96,14.14453125,0,0,0,0,0,3621,256,16,8,8,0,179.3125,
window_res8,window,none,fidelity,False,True,16,0.05,25,8,False,iid,0.1,2,s053,8,12.5,4.83695652173913,6.0,35.0,56,49,47,2,0,6,0.94,14.0078125,0,0,0,0,0,3586,256,16,8,8,0,206.875,8.0
aeqkad_res4,window,full,fidelity,False,True,16,0.05,25,4,False,iid,0.1,0,s054,2,14.250000000000002,0.0,6.0,55.50000000000001,56,47,47,0,0,6,0.94,8.86328125,48,1,10,0,0,2269,256,16,4,4,0,23.875,
aeqkad_res4,window,full,fidelity,False,True,16,0.05,25,4,False,iid,0.1,0,s054,3,16.75,2.5,4.0,45.0,56,46,44,2,0,6,0.88,8.16015625,52,6,4,0,0,2089,256,16,4,4,0,37.5,
aeqkad_res4,window,full,fidelity,False,True,16,0.05,25,4,False,iid,0.1,0,s054,4,23.5,16.195652173913043,6.0,61.0,56,46,44,2,0,6,0.88,11.0625,50,4,11,0,0,2832,256,16,4,4,0,50.875,
aeqkad_res4,window,full,fidelity,False,True,16,0.05,25,4,False,iid,0.1,0,s054,5,26.75,19.782608695652172,14.000000000000002,60.0,56,41,39,2,0,6,0.78,10.25,46,5,2,0,0,2624,256,16,4,4,0,67.6875,
aeqkad_res4,window,full,fidelity,False,True,16,0.05,25,4,False,iid,0.1,0,s054,6,16.75,5.923913043478259,10.0,54.0,56,45,45,0,0,6,0.9,9.67578125,45,0,7,0,0,2477,256,16,4,4,0,80.75,
aeqkad_res4,window,full,fidelity,False,True,16,0.05,25,4,False,iid,0.1,0,s054,7,19.749999999999996,15.108695652173914,12.0,66.5,56,44,41,3,0,6,0.82,10.76171875,49,5,5,0,0,2755,256,16,4,4,0,92.6875,
aeqkad_res4,window,full,fidelity,False,True,16,0.05,25,4,False,iid,0.1,0,s054,8,13.750000000000002,5.760869565217389,0.0,66.5,56,50,48,2,0,6,0.96,10.6015625,54,4,7,0,0,2714,256,16,4,4,0,106.625,54.0
aeqkad_res4,window,full,fidelity,False,True,16,0.05,25,4,False,iid,0.1,1,s054,2,16.75,2.33695652173913,6.0,56.49999999999999,56,48,47,1,0,6,0.94,9.2421875,49,1,34,0,0,2366,256,16,4,4,0,22.875,
aeqkad_res4,window,full,fidelity,False,True,16,0.05,25,4,False,iid,0.1,1,s054,3,15.500000000000004,2.33695652173913,6.0,43.0,56,46,44,2,0,6,0.88,8.41015625,50,4,31,0,0,2153,256,16,4,4,1,38.1875,
aeqkad_res4,window,full,fidelity,False,True,16,0.05,25,4,False,iid,0.1,1,s054,4,27.0,9.347826086956525,6.0,54.50000000000001,56,46,43,3,0,6,0.86,11.48046875,52,6,24,0,0,2939,256,16,4,4,0,50.875,
aeqkad_res4,window,full,fidelity,False,True,16,0.05,25,4,False,iid,0.1,1,s054,5,27.250000000000004,16.195652173913043,16.0,55.50000000000001,56,38,38,0,0,6,0.76,10.55078125,42,4,18,0,0,2701,256,16,4,4,0,67.1875,
aeqkad_res4,window,full,fidelity,False,True,16,0.05,25,4,False,iid,0.1,1,s054,6,17.750000000000004,4.67391304347826,10.0,47.0,56,47,45,2,0,6,0.9,9.75390625,47,0,31,0,0,2497,256,16,4,4,1,81.875,
aeqkad_res4,window,full,fidelity,False,True,16,0.05,25,4,False,iid,0.1,1,s054,7,25.0,12.608695652173912,14.000000000000002,67.0,56,45,41,4,0,6,0.82,10.8125,49,4,27,0,0,2768,256,16,4,4,0,93.125,
aeqkad_res4,window,full,fidelity,False,True,16,0.05,25,4,False,iid,0.1,1,s054,8,16.500000000000004,9.184782608695654,0.0,62.5,56,52,48,4,0,6,0.96,10.76953125,55,3,23,0,0,2757,256,16,4,4,2,106.625,52.0
aeqkad_res4,window,full,fidelity,False,True,16,0.05,25,4,False,iid,0.1,2,s054,2,16.000000000000004,3.58695652173913,4.0,56.99999999999999,56,50,47,3,0,6,0.94,9.27734375,52,2,33,0,0,2375,256,16,4,4,0,23.5625,
aeqkad_res4,window,full,fidelity,False,True,16,0.05,25,4,False,iid,0.1,2,s054,3,18.500000000000004,2.33695652173913,4.0,53.0,56,45,44,1,0,6,0.88,7.99609375,50,5,22,0,0,2047,256,16,4,4,0,37.6875,
aeqkad_res4,window,full,fidelity,False,True,16,0.05,25,4,False,iid,0.1,2,s054,4,23.0,10.434782608695654,6.0,56.99999999999999,56,48,44,4,0,6,0.88,10.73828125,51,3,23,0,0,2749,256,16,4,4,1,50.8125,
aeqkad_res4,window,full,fidelity,False,True,16,0.05,25,4,False,iid,0.1,2,s054,5,32.25,18.532608695652172,14.000000000000002,60.0,56,39,38,1,0,6,0.76,10.0703125,48,9,12,0,0,2578,256,16,4,4,0,67.5625,
aeqkad_res4,window,full,fidelity,False,True,16,0.05,25,4,False,iid,0.1,2,s054,6,20.0,4.67391304347826,10.0,50.5,56,46,45,1,0,6,0.9,9.49609375,46,0,25,0,0,2431,256,16,4,4,0,81.1875,
aeqkad_res4,window,full,fidelity,False,True,16,0.05,25,4,False,iid,0.1,2,s054,7,19.749999999999996,10.271739130434785,12.0,68.5,56,43,41,2,0,6,0.82,10.62109375,49,6,18,0,0,2719,256,16,4,4,1,92.8125,
aeqkad_res4,window,full,fidelity,False,True,16,0.05,25,4,False,iid,0.1,2,s054,8,16.250000000000004,7.01086956521739,0.0,67.0,56,51,49,2,0,6,0.98,10.78125,53,2,17,0,0,2760,256,16,4,4,2,107.0,88.0
aeqkad_res8,window,full,fidelity,False,True,16,0.05,25,8,False,iid,0.1,0,s054,2,16.75,2.33695652173913,4.0,61.0,56,47,47,0,0,6,0.94,8.21875,49,2,16,0,0,2104,256,16,8,8,0,37.5,
aeqkad_res8,window,full,fidelity,False,True,16,0.05,25,8,False,iid,0.1,0,s054,3,15.750000000000004,2.5,4.0,48.0,56,46,44,2,0,6,0.88,7.77734375,51,5,8,0,0,1991,256,16,8,8,0,65.4375,
aeqkad_res8,window,full,fidelity,False,True,16,0.05,25,8,False,iid,0.1,0,s054,4,23.75,14.021739130434785,6.0,59.0,56,43,42,1,0,6,0.84,9.796875,50,7,7,0,0,2508,256,16,8,8,0,93.0625,
aeqkad_res8,window,full,fidelity,False,True,16,0.05,25,8,False,iid,0.1,0,s054,5,27.0,17.445652173913043,6.0,63.0,56,41,39,2,0,6,0.78,10.015625,50,9,5,0,0,2564,256,16,8,8,0,122.75,
aeqkad_res8,window,full,fidelity,False,True,16,0.05,25,8,False,iid,0.1,0,s054,6,15.500000000000004,4.83695652173913,8.0,58.5,56,45,45,0,0,6,0.9,9.5234375,47,2,13,0,0,2438,256,16,8,8,0,149.9375,
aeqkad_res8,window,full,fidelity,False,True,16,0.05,25,8,False,iid,0.1,0,s054,7,21.999999999999996,15.108695652173914,10.0,73.5,56,44,41,3,0,6,0.82,10.1953125,50,6,7,0,0,2610,256,16,8,8,0,176.875,
aeqkad_res8,window,full,fidelity,False,True,16,0.05,25,8,False,iid,0.1,0,s054,8,15.500000000000004,5.760869565217389,0.0,71.0,56,51,49,2,0,6,0.98,10.3984375,54,3,12,0,0,2662,256,16,8,8,0,204.875,60.0
aeqkad_res8,window,full,fidelity,False,True,16,0.05,25,8,False,iid,0.1,1,s054,2,17.750000000000004,1.0869565217391297,6.0,52.5,56,47,46,1,0,6,0.92,8.60546875,49,2,40,0,0,2203,256,16,8,8,0,37.375,
aeqkad_res8,window,full,fidelity,False,True,16,0.05,25,8,False,iid,0.1,1,s054,3,16.000000000000004,0.0,6.0,42.5,56,46,44,2,0,6,0.88,8.02734375,50,4,38,0,0,2055,256,16,8,8,0,66.0,
aeqkad_res8,window,full,fidelity,False,True,16,0.05,25,8,False,iid,0.1,1,s054,4,24.0,10.434782608695654,6.0,55.50000000000001,56,48,44,4,0,6,0.88,10.22265625,51,3,37,0,0,2617,256,16,8,8,0,93.375,
aeqkad_res8,window,full,fidelity,False,True,16,0.05,25,8,False,iid,0.1,1,s054,5,16.750000000000004,9.347826086956525,4.0,70.0,56,45,45,0,0,6,0.9,11.2109375,51,6,37,0,0,2870,256,16,8,8,0,122.75,
aeqkad_res8,window,full,fidelity,False,True,16,0.05,25,8,False,iid,0.1,1,s054,6,16.500000000000004,4.67391304347826,8.0,46.0,56,47,45,2,0,6,0.9,9.796875,48,1,41,0,0,2508,256,16,8,8,1,151.0625,
aeqkad_res8,window,full,fidelity,False,True,16,0.05,25,8,False,iid,0.1,1,s054,7,21.499999999999996,15.108695652173914,12.0,63.0,56,44,41,3,0,6,0.82,10.50390625,49,5,41,0,0,2689,256,16,8,8,0,177.625,
aeqkad_res8,window,full,fidelity,False,True,16,0.05,25,8,False,iid,0.1,1,s054,8,16.250000000000004,4.67391304347826,0.0,65.0,56,53,49,4,0,6,0.98,10.46484375,55,2,45,0,0,2679,256,16,8,8,1,205.1875,57.99999999999999
aeqkad_res8,window,full,fidelity,False,True,16,0.05,25,8,False,iid,0.1,2,s054,2,16.250000000000004,8.097826086956525,4.0,55.00000000000001,56,50,47,3,0,6,0.94,8.66796875,52,2,50,0,0,2219,256,16,8,8,0,37.5,
aeqkad_res8,window,full,fidelity,False,True,16,0.05,25,8,False,iid,0.1,2,s054,3,18.250000000000004,2.33695652173913,4.0,54.50000000000001,56,48,46,2,0,6,0.92,7.8359375,50,2,44,0,0,2006,256,16,8,8,1,65.0625,
aeqkad_res8,window,full,fidelity,False,True,16,0.05,25,8,False,iid,0.1,2,s054,4,20.249999999999996,7.01086956521739,6.0,57.49999999999999,56,49,45,4,0,6,0.9,10.0703125,51,2,48,0,0,2578,256,16,8,8,1,93.0,
aeqkad_res8,window,full,fidelity,False,True,16,0.05,25,8,False,iid,0.1,2,s054,5,17.500000000000004,10.434782608695654,4.0,73.0,56,50,47,3,0,6,0.94,10.72265625,53,3,46,0,0,2745,256,16,8,8,0,121.8125,
aeqkad_res8,window,full,fidelity,False,True,16,0.05,25,8,False,iid,0.1,2,s054,6,18.000000000000004,2.5,8.0,53.0,56,47,46,1,0,6,0.92,9.70703125,47,0,46,0,0,2485,256,16,8,8,0,150.125,
aeqkad_res8,window,full,fidelity,False,True,16,0.05,25,8,False,iid,0.1,2,s054,7,19.5,11.521739130434785,10.0,69.0,56,43,41,2,0,6,0.82,10.34375,50,6,43,0,1,2648,256,16,8,8,1,177.0,
aeqkad_res8,window,full,fidelity,False,True,16,0.05,25,8,False,iid,0.1,2,s054,8,16.500000000000004,4.67391304347826,0.0,69.5,56,51,49,2,0,6,0.98,10.25390625,54,3,51,0,0,2625,256,16,8,8,2,205.1875,90.0
window_res4,window,none,fidelity,False,True,16,0.05,25,4,False,iid,0.1,0,s054,2,14.500000000000002,1.25,6.0,60.5,56,48,47,1,0,6,0.94,9.171875,0,0,0,0,0,2348,256,16,4,4,0,23.875,
window_res4,window,none,fidelity,False,True,16,0.05,25,4,False,iid,0.1,0,s054,3,15.500000000000004,2.5,4.0,50.5,56,52,48,4,0,6,0.96,8.96484375,0,0,0,0,0,2295,256,16,4,4,1,36.4375,
window_res4,window,none,fidelity,False,True,16,0.05,25,4,False,iid,0.1,0,s054,4,27.750000000000004,16.358695652173914,4.0,66.5,56,51,48,3,0,6,0.96,11.7109375,0,0,0,0,0,2998,256,16,4,4,0,50.4375,
window_res4,window,none,fidelity,False,True,16,0.05,25,4,False,iid,0.1,0,s054,5,19.25,18.695652173913043,10.0,67.5,56,49,45,4,0,6,0.9,11.375,0,0,0,0,0,2912,256,16,4,4,0,66.3125,
window_res4,window,none,fidelity,False,True,16,0.05,25,4,False,iid,0.1,0,s054,6,20.249999999999996,5.923913043478259,10.0,54.50000000000001,56,46,45,1,0,6,0.9,10.078125,0,0,0,0,0,2580,256,16,4,4,0,80.75,
window_res4,window,none,fidelity,False,True,16,0.05,25,4,False,iid,0.1,0,s054,7,18.500000000000004,5.923913043478259,8.0,66.5,56,50,46,4,0,6,0.92,10.78125,0,0,0,0,0,2760,256,16,4,4,0,92.6875,
window_res4,window,none,fidelity,False,True,16,0.05,25,4,False,iid,0.1,0,s054,8,15.000000000000002,2.33695652173913,0.0,68.5,56,53,50,3,0,6,1.0,11.2265625,0,0,0,0,0,2874,256,16,4,4,0,106.4375,57.99999999999999
window_res4,window,none,fidelity,False,True,16,0.05,25,4,False,iid,0.1,1,s054,2,14.000000000000002,1.0869565217391297,2.0,58.5,56,51,49,2,0,6,0.98,9.97265625,0,0,0,0,0,2553,256,16,4,4,0,22.875,
window_res4,window,none,fidelity,False,True,16,0.05,25,4,False,iid,0.1,1,s054,3,14.500000000000002,1.0869565217391297,6.0,44.5,56,50,47,3,0,6,0.94,8.69140625,0,0,0,0,0,2225,256,16,4,4,2,36.8125,
window_res4,window,none,fidelity,False,True,16,0.05,25,4,False,iid,0.1,1,s054,4,21.999999999999996,8.097826086956525,6.0,59.0,56,51,47,4,0,6,0.94,11.8671875,0,0,0,0,0,3038,256,16,4,4,0,50.875,
window_res4,window,none,fidelity,False,True,16,0.05,25,4,False,iid,0.1,1,s054,5,21.0,12.771739130434783,12.0,68.0,56,45,44,1,0,6,0.88,11.35546875,0,0,0,0,0,2907,256,16,4,4,0,65.875,
window_res4,window,none,fidelity,False,True,16,0.05,25,4,False,iid,0.1,1,s054,6,18.250000000000004,4.67391304347826,10.0,50.5,56,47,45,2,0,6,0.9,10.0078125,0,0,0,0,0,2562,256,16,4,4,1,81.875,
window_res4,window,none,fidelity,False,True,16,0.05,25,4,False,iid,0.1,1,s054,7,18.250000000000004,9.347826086956525,10.0,62.5,56,50,45,5,0,6,0.9,10.8125,0,0,0,0,0,2768,256,16,4,4,1,92.4375,
window_res4,window,none,fidelity,False,True,16,0.05,25,4,False,iid,0.1,1,s054,8,14.250000000000002,8.097826086956525,0.0,65.5,56,55,50,5,0,6,1.0,11.34765625,0,0,0,0,0,2905,256,16,4,4,3,106.4375,54.0
window_res4,window,none,fidelity,False,True,16,0.05,25,4,False,iid,0.1,2,s054,2,15.750000000000004,3.58695652173913,2.0,59.0,56,53,49,4,0,6,0.98,9.76171875,0,0,0,0,0,2499,256,16,4,4,0,23.5625,
window_res4,window,none,fidelity,False,True,16,0.05,25,4,False,iid,0.1,2,s054,3,20.0,2.33695652173913,4.0,57.99999999999999,56,50,48,2,0,6,0.96,8.71875,0,0,0,0,0,2232,256,16,4,4,1,36.875,
window_res4,window,none,fidelity,False,True,16,0.05,25,4,False,iid,0.1,2,s054,4,19.5,11.521739130434785,4.0,62.5,56,52,48,4,0,6,0.96,11.23046875,0,0,0,0,0,2875,256,16,4,4,1,50.4375,
window_res4,window,none,fidelity,False,True,16,0.05,25,4,False,iid,0.1,2,s054,5,22.249999999999996,22.1195652173913,10.0,72.5,56,50,45,5,0,6,0.9,11.6875,0,0,0,0,0,2992,256,16,4,4,1,65.8125,
window_res4,window,none,fidelity,False,True,16,0.05,25,4,False,iid,0.1,2,s054,6,20.749999999999996,4.67391304347826,10.0,53.0,56,46,45,1,0,6,0.9,10.06640625,0,0,0,0,0,2577,256,16,4,4,0,81.1875,
window_res4,window,none,fidelity,False,True,16,0.05,25,4,False,iid,0.1,2,s054,7,16.000000000000004,2.33695652173913,6.0,69.0,56,51,47,4,0,6,0.94,11.30078125,0,0,0,0,0,2893,256,16,4,4,2,92.4375,
window_res4,window,none,fidelity,False,True,16,0.05,25,4,False,iid,0.1,2,s054,8,16.250000000000004,7.01086956521739,0.0,67.5,56,53,50,3,0,6,1.0,11.046875,0,0,0,0,0,2828,256,16,4,4,2,107.0,88.0
window_res8,window,none,fidelity,False,True,16,0.05,25,8,False,iid,0.1,0,s054,2,14.500000000000002,4.67391304347826,2.0,62.5,56,50,49,1,0,6,0.98,8.53125,0,0,0,0,0,2184,256,16,8,8,0,37.5,
window_res8,window,none,fidelity,False,True,16,0.05,25,8,False,iid,0.1,0,s054,3,18.500000000000004,2.5,4.0,52.5,56,51,48,3,0,6,0.96,8.21875,0,0,0,0,0,2104,256,16,8,8,0,65.25,
window_res8,window,none,fidelity,False,True,16,0.05,25,8,False,iid,0.1,0,s054,4,23.5,18.532608695652172,4.0,66.0,56,51,48,3,0,6,0.96,10.2265625,0,0,0,0,0,2618,256,16,8,8,0,92.875,
window_res8,window,none,fidelity,False,True,16,0.05,25,8,False,iid,0.1,0,s054,5,17.500000000000004,5.923913043478259,4.0,70.5,56,52,48,4,0,6,0.96,10.76953125,0,0,0,0,0,2757,256,16,8,8,0,122.0,
window_res8,window,none,fidelity,False,True,16,0.05,25,8,False,iid,0.1,0,s054,6,15.750000000000004,4.83695652173913,8.0,63.5,56,48,46,2,0,6,0.92,10.02734375,0,0,0,0,0,2567,256,16,8,8,0,149.9375,
window_res8,window,none,fidelity,False,True,16,0.05,25,8,False,iid,0.1,0,s054,7,18.000000000000004,8.097826086956525,8.0,75.5,56,52,46,6,0,6,0.92,10.4921875,0,0,0,0,0,2686,256,16,8,8,0,176.875,
window_res8,window,none,fidelity,False,True,16,0.05,25,8,False,iid,0.1,0,s054,8,12.0,4.67391304347826,0.0,71.0,56,55,50,5,0,6,1.0,10.68359375,0,0,0,0,0,2735,256,16,8,8,0,204.875,62.0
window_res8,window,none,fidelity,False,True,16,0.05,25,8,False,iid,0.1,1,s054,2,16.75,1.0869565217391297,2.0,56.00000000000001,56,51,49,2,0,6,0.98,8.859375,0,0,0,0,0,2268,256,16,8,8,0,37.375,
window_res8,window,none,fidelity,False,True,16,0.05,25,8,False,iid,0.1,1,s054,3,16.250000000000004,0.0,4.0,45.0,56,50,48,2,0,6,0.96,8.26171875,0,0,0,0,0,2115,256,16,8,8,0,65.75,
window_res8,window,none,fidelity,False,True,16,0.05,25,8,False,iid,0.1,1,s054,4,23.75,8.097826086956525,4.0,56.00000000000001,56,52,48,4,0,6,0.96,10.35546875,0,0,0,0,0,2651,256,16,8,8,0,93.1875,
window_res8,window,none,fidelity,False,True,16,0.05,25,8,False,iid,0.1,1,s054,5,18.000000000000004,5.760869565217389,4.0,74.0,56,52,48,4,0,6,0.96,11.47265625,0,0,0,0,0,2937,256,16,8,8,0,122.0625,
window_res8,window,none,fidelity,False,True,16,0.05,25,8,False,iid,0.1,1,s054,6,16.250000000000004,5.760869565217389,8.0,53.5,56,48,46,2,0,6,0.92,10.27734375,0,0,0,0,0,2631,256,16,8,8,1,151.0625,
window_res8,window,none,fidelity,False,True,16,0.05,25,8,False,iid,0.1,1,s054,7,16.500000000000004,10.434782608695654,8.0,64.0,56,51,46,5,0,6,0.92,10.7890625,0,0,0,0,0,2762,256,16,8,8,1,177.1875,
window_res8,window,none,fidelity,False,True,16,0.05,25,8,False,iid,0.1,1,s054,8,16.500000000000004,7.01086956521739,0.0,68.0,56,55,50,5,0,6,1.0,10.8125,0,0,0,0,0,2768,256,16,8,8,1,205.1875,54.0
window_res8,window,none,fidelity,False,True,16,0.05,25,8,False,iid,0.1,2,s054,2,15.750000000000004,3.423913043478259,2.0,56.99999999999999,56,53,49,4,0,6,0.98,8.7734375,0,0,0,0,0,2246,256,16,8,8,0,37.5,
window_res8,window,none,fidelity,False,True,16,0.05,25,8,False,iid,0.1,2,s054,3,19.499999999999996,2.33695652173913,4.0,55.50000000000001,56,50,48,2,0,6,0.96,8.0546875,0,0,0,0,0,2062,256,16,8,8,1,65.0625,
window_res8,window,none,fidelity,False,True,16,0.05,25,8,False,iid,0.1,2,s054,4,19.499999999999996,7.01086956521739,4.0,60.5,56,52,48,4,0,6,0.96,10.15234375,0,0,0,0,0,2599,256,16,8,8,1,92.875,
window_res8,window,none,fidelity,False,True,16,0.05,25,8,False,iid,0.1,2,s054,5,16.500000000000004,10.434782608695654,4.0,74.5,56,53,48,5,0,6,0.96,10.67578125,0,0,0,0,0,2733,256,16,8,8,1,121.75,
window_res8,window,none,fidelity,False,True,16,0.05,25,8,False,iid,0.1,2,s054,6,15.250000000000002,2.5,8.0,53.0,56,47,46,1,0,6,0.92,9.84375,0,0,0,0,0,2520,256,16,8,8,0,150.125,
window_res8,window,none,fidelity,False,True,16,0.05,25,8,False,iid,0.1,2,s054,7,14.250000000000002,5.760869565217389,8.0,70.0,56,51,46,5,0,6,0.92,10.72265625,0,0,0,0,0,2745,256,16,8,8,2,176.875,
window_res8,window,none,fidelity,False,True,16,0.05,25,8,False,iid,0.1,2,s054,8,16.250000000000004,4.67391304347826,0.0,70.5,56,54,50,4,0,6,1.0,10.45703125,0,0,0,0,0,2677,256,16,8,8,2,205.1875,90.0
aeqkad_res4,window,full,fidelity,False,True,16,0.05,25,4,False,iid,0.1,0,s055,2,12.25,0.0,4.0,43.5,56,45,45,0,0,6,0.9,12.36328125,51,5,10,0,1,3165,256,16,4,4,0,20.375,
aeqkad_res4,window,full,fidelity,False,True,16,0.05,25,4,False,iid,0.1,0,s055,3,7.249999999999998,3.423913043478259,4.0,30.5,56,46,45,1,0,6,0.9,12.55078125,52,6,10,0,0,3213,256,16,4,4,0,34.9375,
aeqkad_res4,window,full,fidelity,False,True,16,0.05,25,4,False,iid,0.1,0,s055,4,12.25,1.25,8.0,37.0,56,43,42,1,0,6,0.84,11.55859375,48,4,15,0,1,2959,256,16,4,4,0,49.875,
aeqkad_res4,window,full,fidelity,False,True,16,0.05,25,4,False,iid,0.1,0,s055,5,5.000000000000003,0.0,2.0,42.0,56,47,47,0,0,6,0.94,12.61328125,49,2,8,0,0,3229,256,16,4,4,0,63.6875,
aeqkad_res4,window,full,fidelity,False,True,16,0.05,25,4,False,iid,0.1,0,s055,6,6.250000000000003,0.0,0.0,45.0,56,48,48,0,0,6,0.96,12.5625,54,6,18,0,0,3216,256,16,4,4,0,76.4375,
aeqkad_res4,window,full,fidelity,False,True,16,0.05,25,4,False,iid,0.1,0,s055,7,4.500000000000003,0.0,2.0,38.5,56,47,47,0,0,6,0.94,11.87109375,51,3,14,0,1,3039,256,16,4,4,0,90.75,
aeqkad_res4,window,full,fidelity,False,True,16,0.05,25,4,False,iid,0.1,0,s055,8,13.5,0.0,6.0,45.0,56,42,42,0,0,6,0.84,14.1953125,50,7,9,0,1,3634,256,16,4,4,0,104.5,42.0
aeqkad_res4,window,full,fidelity,False,True,16,0.05,25,4,False,iid,0.1,1,s055,2,14.500000000000002,3.423913043478259,6.0,43.0,56,42,41,1,0,6,0.82,12.0234375,50,8,0,0,0,3078,256,16,4,4,0,20.5,
aeqkad_res4,window,full,fidelity,False,True,16,0.05,25,4,False,iid,0.1,1,s055,3,7.249999999999998,0.0,8.0,30.5,56,45,45,0,0,6,0.9,12.43359375,47,2,0,0,0,3183,256,16,4,4,0,34.3125,
aeqkad_res4,window,full,fidelity,False,True,16,0.05,25,4,False,iid,0.1,1,s055,4,11.75,2.33695652173913,12.0,36.5,56,39,38,1,0,6,0.76,11.24609375,45,5,3,0,1,2879,256,16,4,4,1,50.4375,
aeqkad_res4,window,full,fidelity,False,True,16,0.05,25,4,False,iid,0.1,1,s055,5,6.250000000000003,0.0,2.0,36.0,56,48,47,1,0,6,0.94,12.625,54,6,1,0,0,3232,256,16,4,4,0,62.8125,
aeqkad_res4,window,full,fidelity,False,True,16,0.05,25,4,False,iid,0.1,1,s055,6,4.250000000000002,0.0,0.0,41.0,56,48,48,0,0,6,0.96,12.421875,52,4,4,0,0,3180,256,16,4,4,0,76.625,
aeqkad_res4,window,full,fidelity,False,True,16,0.05,25,4,False,iid,0.1,1,s055,7,4.250000000000003,0.0,2.0,32.5,56,47,47,0,0,6,0.94,12.1796875,52,4,2,0,1,3118,256,16,4,4,0,90.0625,
aeqkad_res4,window,full,fidelity,False,True,16,0.05,25,4,False,iid,0.1,1,s055,8,17.750000000000004,1.0869565217391297,8.0,35.5,56,37,37,0,0,6,0.74,14.171875,46,9,3,0,0,3628,256,16,4,4,0,106.6875,54.0
aeqkad_res4,window,full,fidelity,False,True,16,0.05,25,4,False,iid,0.1,2,s055,2,10.499999999999998,1.25,4.0,36.0,56,43,42,1,0,6,0.84,12.30078125,52,9,27,0,0,3149,256,16,4,4,0,20.375,
aeqkad_res4,window,full,fidelity,False,True,16,0.05,25,4,False,iid,0.1,2,s055,3,7.499999999999998,3.423913043478259,8.0,26.0,56,45,45,0,0,6,0.9,12.57421875,48,2,15,0,1,3219,256,16,4,4,0,33.9375,
aeqkad_res4,window,full,fidelity,False,True,16,0.05,25,4,False,iid,0.1,2,s055,4,11.0,0.0,12.0,28.499999999999996,56,42,42,0,0,6,0.84,11.1171875,46,2,23,0,2,2846,256,16,4,4,0,49.75,
aeqkad_res4,window,full,fidelity,False,True,16,0.05,25,4,False,iid,0.1,2,s055,5,5.000000000000003,0.0,4.0,29.5,56,47,47,0,0,6,0.94,12.8125,49,2,20,0,0,3280,256,16,4,4,0,63.0625,
aeqkad_res4,window,full,fidelity,False,True,16,0.05,25,4,False,iid,0.1,2,s055,6,6.250000000000003,0.0,0.0,31.5,56,48,48,0,0,6,0.96,11.9765625,53,5,24,0,0,3066,256,16,4,4,0,76.9375,
aeqkad_res4,window,full,fidelity,False,True,16,0.05,25,4,False,iid,0.1,2,s055,7,5.000000000000003,0.0,2.0,33.5,56,47,47,0,0,6,0.94,11.6328125,52,4,24,0,1,2978,256,16,4,4,0,90.5,
aeqkad_res4,window,full,fidelity,False,True,16,0.05,25,4,False,iid,0.1,2,s055,8,12.5,0.0,10.0,32.0,56,41,41,0,0,6,0.82,13.8359375,48,7,13,0,0,3542,256,16,4,4,0,104.375,36.0
aeqkad_res8,window,full,fidelity,False,True,16,0.05,25,8,False,iid,0.1,0,s055,2,11.0,2.33695652173913,4.0,44.0,56,43,43,0,0,6,0.86,11.87890625,53,9,28,0,1,3041,256,16,8,8,0,36.6875,
aeqkad_res8,window,full,fidelity,False,True,16,0.05,25,8,False,iid,0.1,0,s055,3,8.75,2.33695652173913,4.0,39.0,56,46,45,1,0,6,0.9,12.609375,53,7,26,0,0,3228,256,16,8,8,0,65.0,
aeqkad_res8,window,full,fidelity,False,True,16,0.05,25,8,False,iid,0.1,0,s055,4,13.5,1.25,6.0,46.0,56,45,43,2,0,6,0.86,11.44921875,50,4,29,0,1,2931,256,16,8,8,0,93.4375,
aeqkad_res8,window,full,fidelity,False,True,16,0.05,25,8,False,iid,0.1,0,s055,5,5.999999999999998,0.0,2.0,48.0,56,46,46,0,0,6,0.92,12.5,51,5,28,0,0,3200,256,16,8,8,0,122.125,
aeqkad_res8,window,full,fidelity,False,True,16,0.05,25,8,False,iid,0.1,0,s055,6,7.499999999999998,0.0,0.0,51.5,56,48,48,0,0,6,0.96,12.35546875,56,8,26,0,0,3163,256,16,8,8,0,148.75,
aeqkad_res8,window,full,fidelity,False,True,16,0.05,25,8,False,iid,0.1,0,s055,7,7.999999999999999,0.0,2.0,45.5,56,47,47,0,0,6,0.94,11.7578125,51,3,32,0,1,3010,256,16,8,8,0,176.6875,
aeqkad_res8,window,full,fidelity,False,True,16,0.05,25,8,False,iid,0.1,0,s055,8,14.250000000000002,0.0,4.0,54.0,56,41,41,0,0,6,0.82,13.51171875,52,10,21,0,1,3459,256,16,8,8,0,204.8125,68.0
aeqkad_res8,window,full,fidelity,False,True,16,0.05,25,8,False,iid,0.1,1,s055,2,14.000000000000002,2.33695652173913,4.0,51.0,56,45,43,2,0,6,0.86,11.73828125,51,6,26,0,0,3005,256,16,8,8,0,36.6875,
aeqkad_res8,window,full,fidelity,False,True,16,0.05,25,8,False,iid,0.1,1,s055,3,9.25,1.0869565217391297,4.0,42.0,56,45,45,0,0,6,0.9,12.5390625,50,5,21,0,0,3210,256,16,8,8,0,64.625,
aeqkad_res8,window,full,fidelity,False,True,16,0.05,25,8,False,iid,0.1,1,s055,4,10.25,2.33695652173913,6.0,45.5,56,44,43,1,0,6,0.86,11.12109375,49,4,27,0,1,2847,256,16,8,8,0,93.4375,
aeqkad_res8,window,full,fidelity,False,True,16,0.05,25,8,False,iid,0.1,1,s055,5,7.499999999999998,0.0,2.0,40.0,56,47,46,1,0,6,0.92,12.78515625,54,7,19,0,0,3273,256,16,8,8,0,121.4375,
aeqkad_res8,window,full,fidelity,False,True,16,0.05,25,8,False,iid,0.1,1,s055,6,5.750000000000003,0.0,0.0,45.0,56,48,48,0,0,6,0.96,12.375,52,3,24,0,1,3168,256,16,8,8,0,148.75,
aeqkad_res8,window,full,fidelity,False,True,16,0.05,25,8,False,iid,0.1,1,s055,7,8.749999999999998,0.0,2.0,38.5,56,47,47,0,0,6,0.94,12.0,52,5,29,0,0,3072,256,16,8,8,0,176.5,
aeqkad_res8,window,full,fidelity,False,True,16,0.05,25,8,False,iid,0.1,1,s055,8,17.0,0.0,6.0,47.5,56,41,41,0,0,6,0.82,13.48046875,48,7,18,0,0,3451,256,16,8,8,0,205.0,88.0
aeqkad_res8,window,full,fidelity,False,True,16,0.05,25,8,False,iid,0.1,2,s055,2,12.5,1.0869565217391297,4.0,46.5,56,46,45,1,0,6,0.9,12.015625,53,7,38,0,0,3076,256,16,8,8,0,36.6875,
aeqkad_res8,window,full,fidelity,False,True,16,0.05,25,8,False,iid,0.1,2,s055,3,8.249999999999998,1.0869565217391297,4.0,42.0,56,45,45,0,0,6,0.9,12.75390625,50,4,38,0,1,3265,256,16,8,8,0,64.5,
aeqkad_res8,window,full,fidelity,False,True,16,0.05,25,8,False,iid,0.1,2,s055,4,10.25,0.0,8.0,46.0,56,43,43,0,0,6,0.86,11.421875,48,3,36,0,2,2924,256,16,8,8,0,93.4375,
aeqkad_res8,window,full,fidelity,False,True,16,0.05,25,8,False,iid,0.1,2,s055,5,7.999999999999999,2.33695652173913,2.0,39.0,56,47,46,1,0,6,0.92,12.49609375,50,3,38,0,0,3199,256,16,8,8,0,121.6875,
aeqkad_res8,window,full,fidelity,False,True,16,0.05,25,8,False,iid,0.1,2,s055,6,7.749999999999998,0.0,0.0,50.5,56,50,49,1,0,6,0.98,12.0703125,53,3,36,0,0,3090,256,16,8,8,0,148.6875,
aeqkad_res8,window,full,fidelity,False,True,16,0.05,25,8,False,iid,0.1,2,s055,7,9.499999999999996,0.0,2.0,43.0,56,47,47,0,0,6,0.94,11.7578125,52,4,45,0,1,3010,256,16,8,8,0,176.5625,
aeqkad_res8,window,full,fidelity,False,True,16,0.05,25,8,False,iid,0.1,2,s055,8,14.500000000000002,0.0,4.0,52.5,56,42,42,0,0,6,0.84,13.453125,53,11,34,0,0,3444,256,16,8,8,0,204.6875,57.99999999999999
window_res4,window,none,fidelity,False,True,16,0.05,25,4,False,iid,0.1,0,s055,2,14.000000000000002,0.0,4.0,46.5,56,53,48,5,0,6,0.96,12.78515625,0,0,0,0,0,3273,256,16,4,4,0,20.375,
window_res4,window,none,fidelity,False,True,16,0.05,25,4,False,iid,0.1,0,s055,3,7.749999999999998,3.423913043478259,6.0,35.0,56,50,47,3,0,6,0.94,13.0859375,0,0,0,0,0,3350,256,16,4,4,1,34.5625,
window_res4,window,none,fidelity,False,True,16,0.05,25,4,False,iid,0.1,0,s055,4,14.000000000000002,1.25,8.0,41.0,56,49,46,3,0,6,0.92,12.109375,0,0,0,0,0,3100,256,16,4,4,0,49.375,
window_res4,window,none,fidelity,False,True,16,0.05,25,4,False,iid,0.1,0,s055,5,5.749999999999998,0.0,2.0,43.5,56,49,49,0,0,6,0.98,12.7109375,0,0,0,0,0,3254,256,16,4,4,0,62.9375,
window_res4,window,none,fidelity,False,True,16,0.05,25,4,False,iid,0.1,0,s055,6,8.249999999999998,2.33695652173913,0.0,50.0,56,54,50,4,0,6,1.0,12.9609375,0,0,0,0,0,3318,256,16,4,4,0,75.9375,
window_res4,window,none,fidelity,False,True,16,0.05,25,4,False,iid,0.1,0,s055,7,7.499999999999998,2.33695652173913,2.0,45.0,56,51,49,2,0,6,0.98,12.25390625,0,0,0,0,0,3137,256,16,4,4,0,90.625,
window_res4,window,none,fidelity,False,True,16,0.05,25,4,False,iid,0.1,0,s055,8,13.0,0.0,2.0,49.0,56,52,49,3,0,6,0.98,14.82421875,0,0,0,0,0,3795,256,16,4,4,1,104.1875,44.0
window_res4,window,none,fidelity,False,True,16,0.05,25,4,False,iid,0.1,1,s055,2,14.250000000000002,2.33695652173913,4.0,48.0,56,51,48,3,0,6,0.96,12.75,0,0,0,0,0,3264,256,16,4,4,1,20.4375,
window_res4,window,none,fidelity,False,True,16,0.05,25,4,False,iid,0.1,1,s055,3,7.999999999999999,2.33695652173913,8.0,34.0,56,47,46,1,0,6,0.92,12.5546875,0,0,0,0,0,3214,256,16,4,4,0,34.3125,
window_res4,window,none,fidelity,False,True,16,0.05,25,4,False,iid,0.1,1,s055,4,11.5,0.0,10.0,41.5,56,46,45,1,0,6,0.9,11.8359375,0,0,0,0,0,3030,256,16,4,4,1,49.5625,
window_res4,window,none,fidelity,False,True,16,0.05,25,4,False,iid,0.1,1,s055,5,7.499999999999998,0.0,2.0,40.0,56,54,49,5,0,6,0.98,13.15234375,0,0,0,0,0,3367,256,16,4,4,1,61.9375,
window_res4,window,none,fidelity,False,True,16,0.05,25,4,False,iid,0.1,1,s055,6,7.499999999999998,0.0,0.0,42.5,56,52,50,2,0,6,1.0,12.72265625,0,0,0,0,0,3257,256,16,4,4,0,76.0625,
window_res4,window,none,fidelity,False,True,16,0.05,25,4,False,iid,0.1,1,s055,7,7.499999999999998,0.0,2.0,39.0,56,54,49,5,0,6,0.98,12.7734375,0,0,0,0,0,3270,256,16,4,4,0,89.9375,
window_res4,window,none,fidelity,False,True,16,0.05,25,4,False,iid,0.1,1,s055,8,13.25,0.0,2.0,47.5,56,51,49,2,0,6,0.98,14.98828125,0,0,0,0,0,3837,256,16,4,4,0,104.5,76.0
window_res4,window,none,fidelity,False,True,16,0.05,25,4,False,iid,0.1,2,s055,2,10.0,2.33695652173913,4.0,36.5,56,52,48,4,0,6,0.96,12.58203125,0,0,0,0,0,3221,256,16,4,4,0,20.375,
window_res4,window,none,fidelity,False,True,16,0.05,25,4,False,iid,0.1,2,s055,3,6.999999999999999,3.423913043478259,6.0,28.000000000000004,56,49,47,2,0,6,0.94,12.71484375,0,0,0,0,0,3255,256,16,4,4,0,33.9375,
window_res4,window,none,fidelity,False,True,16,0.05,25,4,False,iid,0.1,2,s055,4,10.0,0.0,8.0,31.0,56,48,46,2,0,6,0.92,11.93359375,0,0,0,0,0,3055,256,16,4,4,0,49.375,
window_res4,window,none,fidelity,False,True,16,0.05,25,4,False,iid,0.1,2,s055,5,7.499999999999998,0.0,2.0,30.5,56,50,49,1,0,6,0.98,12.9921875,0,0,0,0,0,3326,256,16,4,4,0,62.375,
window_res4,window,none,fidelity,False,True,16,0.05,25,4,False,iid,0.1,2,s055,6,8.249999999999998,1.25,0.0,39.5,56,53,50,3,0,6,1.0,12.8515625,0,0,0,0,0,3290,256,16,4,4,1,75.9375,
window_res4,window,none,fidelity,False,True,16,0.05,25,4,False,iid,0.1,2,s055,7,5.000000000000003,0.0,2.0,34.5,56,52,49,3,0,6,0.98,11.921875,0,0,0,0,0,3052,256,16,4,4,0,90.375,
window_res4,window,none,fidelity,False,True,16,0.05,25,4,False,iid,0.1,2,s055,8,12.25,0.0,6.0,41.5,56,51,47,4,0,6,0.94,14.41015625,0,0,0,0,0,3689,256,16,4,4,0,103.9375,44.0
window_res8,window,none,fidelity,False,True,16,0.05,25,8,False,iid,0.1,0,s055,2,13.5,0.0,4.0,44.5,56,51,48,3,0,6,0.96,12.296875,0,0,0,0,0,3148,256,16,8,8,0,36.6875,
window_res8,window,none,fidelity,False,True,16,0.05,25,8,False,iid,0.1,0,s055,3,10.249999999999998,2.33695652173913,2.0,47.0,56,54,49,5,0,6,0.98,13.015625,0,0,0,0,0,3332,256,16,8,8,2,64.5,
window_res8,window,none,fidelity,False,True,16,0.05,25,8,False,iid,0.1,0,s055,4,14.500000000000002,1.25,4.0,50.5,56,51,48,3,0,6,0.96,11.72265625,0,0,0,0,0,3001,256,16,8,8,0,92.875,
window_res8,window,none,fidelity,False,True,16,0.05,25,8,False,iid,0.1,0,s055,5,7.999999999999999,0.0,2.0,49.5,56,50,49,1,0,6,0.98,12.4140625,0,0,0,0,0,3178,256,16,8,8,1,120.8125,
window_res8,window,none,fidelity,False,True,16,0.05,25,8,False,iid,0.1,0,s055,6,8.249999999999998,1.25,0.0,53.5,56,55,50,5,0,6,1.0,12.36328125,0,0,0,0,0,3165,256,16,8,8,0,148.5,
window_res8,window,none,fidelity,False,True,16,0.05,25,8,False,iid,0.1,0,s055,7,4.999999999999998,3.423913043478259,2.0,48.5,56,51,49,2,0,6,0.98,12.05859375,0,0,0,0,0,3087,256,16,8,8,0,176.6875,
window_res8,window,none,fidelity,False,True,16,0.05,25,8,False,iid,0.1,0,s055,8,17.5,0.0,2.0,61.5,56,53,49,4,0,6,0.98,13.71484375,0,0,0,0,0,3511,256,16,8,8,0,204.5,72.0
window_res8,window,none,fidelity,False,True,16,0.05,25,8,False,iid,0.1,1,s055,2,15.750000000000004,2.33695652173913,4.0,52.5,56,52,48,4,0,6,0.96,12.1796875,0,0,0,0,0,3118,256,16,8,8,0,36.6875,
window_res8,window,none,fidelity,False,True,16,0.05,25,8,False,iid,0.1,1,s055,3,9.499999999999998,0.0,2.0,47.5,56,52,49,3,0,6,0.98,13.35546875,0,0,0,0,0,3419,256,16,8,8,0,64.625,
window_res8,window,none,fidelity,False,True,16,0.05,25,8,False,iid,0.1,1,s055,4,16.000000000000004,2.33695652173913,8.0,49.0,56,49,46,3,0,6,0.92,11.66796875,0,0,0,0,0,2987,256,16,8,8,0,93.4375,
window_res8,window,none,fidelity,False,True,16,0.05,25,8,False,iid,0.1,1,s055,5,12.0,0.0,2.0,45.0,56,54,49,5,0,6,0.98,12.9765625,0,0,0,0,0,3322,256,16,8,8,0,120.5,
window_res8,window,none,fidelity,False,True,16,0.05,25,8,False,iid,0.1,1,s055,6,7.749999999999998,0.0,0.0,49.0,56,52,50,2,0,6,1.0,12.51171875,0,0,0,0,0,3203,256,16,8,8,0,148.5,
window_res8,window,none,fidelity,False,True,16,0.05,25,8,False,iid,0.1,1,s055,7,5.499999999999998,0.0,2.0,46.5,56,55,49,6,0,6,0.98,12.38671875,0,0,0,0,0,3171,256,16,8,8,0,176.5,
window_res8,window,none,fidelity,False,True,16,0.05,25,8,False,iid,0.1,1,s055,8,10.750000000000002,2.33695652173913,2.0,56.00000000000001,56,52,49,3,0,6,0.98,13.7578125,0,0,0,0,0,3522,256,16,8,8,0,204.8125,84.0
window_res8,window,none,fidelity,False,True,16,0.05,25,8,False,iid,0.1,2,s055,2,11.75,1.0869565217391297,4.0,51.0,56,53,48,5,0,6,0.96,12.30078125,0,0,0,0,0,3149,256,16,8,8,0,36.6875,
window_res8,window,none,fidelity,False,True,16,0.05,25,8,False,iid,0.1,2,s055,3,8.249999999999998,0.0,2.0,47.0,56,51,49,2,0,6,0.98,13.2578125,0,0,0,0,0,3394,256,16,8,8,0,64.5,
window_res8,window,none,fidelity,False,True,16,0.05,25,8,False,iid,0.1,2,s055,4,11.000000000000002,0.0,6.0,51.0,56,49,47,2,0,6,0.94,11.59375,0,0,0,0,0,2968,256,16,8,8,0,92.875,
window_res8,window,none,fidelity,False,True,16,0.05,25,8,False,iid,0.1,2,s055,5,8.249999999999998,2.33695652173913,2.0,41.0,56,51,49,2,0,6,0.98,12.703125,0,0,0,0,0,3252,256,16,8,8,0,120.6875,
window_res8,window,none,fidelity,False,True,16,0.05,25,8,False,iid,0.1,2,s055,6,7.749999999999998,0.0,0.0,55.50000000000001,56,54,50,4,0,6,1.0,12.26171875,0,0,0,0,0,3139,256,16,8,8,1,148.5,
window_res8,window,none,fidelity,False,True,16,0.05,25,8,False,iid,0.1,2,s055,7,9.999999999999998,0.0,2.0,48.0,56,52,49,3,0,6,0.98,12.13671875,0,0,0,0,0,3107,256,16,8,8,0,176.5625,
window_res8,window,none,fidelity,False,True,16,0.05,25,8,False,iid,0.1,2,s055,8,13.5,1.0869565217391297,2.0,62.5,56,55,49,6,0,6,0.98,13.81640625,0,0,0,0,0,3537,256,16,8,8,0,204.5,62.0
aeqkad_res4,window,full,fidelity,False,True,16,0.05,25,4,False,iid,0.1,0,s056,2,30.25,23.20652173913043,8.0,63.5,56,43,41,2,0,6,0.82,11.78125,51,8,0,0,0,3016,256,16,4,4,0,25.75,
aeqkad_res4,window,full,fidelity,False,True,16,0.05,25,4,False,iid,0.1,0,s056,3,27.500000000000004,16.195652173913043,4.0,68.5,56,48,43,5,0,6,0.86,10.00390625,53,4,0,0,1,2561,256,16,4,4,4,39.75,
aeqkad_res4,window,full,fidelity,False,True,16,0.05,25,4,False,iid,0.1,0,s056,4,29.000000000000004,12.771739130434783,14.000000000000002,66.0,56,48,43,5,0,6,0.86,9.578125,48,0,0,0,0,2452,256,16,4,4,2,54.5,
aeqkad_res4,window,full,fidelity,False,True,16,0.05,25,4,False,iid,0.1,0,s056,5,26.5,7.17391304347826,6.0,71.0,56,51,47,4,0,6,0.94,9.53125,51,0,0,0,0,2440,256,16,4,4,0,67.0625,
aeqkad_res4,window,full,fidelity,False,True,16,0.05,25,4,False,iid,0.1,0,s056,6,28.249999999999996,8.260869565217389,4.0,75.0,56,46,44,2,0,6,0.88,10.0,51,5,0,0,0,2560,256,16,4,4,0,83.0,
aeqkad_res4,window,full,fidelity,False,True,16,0.05,25,4,False,iid,0.1,0,s056,7,23.25,12.771739130434783,6.0,71.0,56,48,45,3,0,6,0.9,9.109375,52,4,0,0,0,2332,256,16,4,4,1,95.3125,
aeqkad_res4,window,full,fidelity,False,True,16,0.05,25,4,False,iid,0.1,0,s056,8,21.749999999999996,12.608695652173912,2.0,64.5,56,50,46,4,0,6,0.92,9.08984375,54,2,0,0,2,2327,256,16,4,4,1,108.5,84.0
aeqkad_res4,window,full,fidelity,False,True,16,0.05,25,4,False,iid,0.1,1,s056,2,34.0,20.869565217391305,6.0,71.0,56,45,42,3,0,6,0.84,11.89453125,52,5,6,0,2,3045,256,16,4,4,1,24.875,
aeqkad_res4,window,full,fidelity,False,True,16,0.05,25,4,False,iid,0.1,1,s056,3,24.75,10.434782608695654,6.0,64.5,56,45,43,2,0,6,0.86,9.81640625,52,6,1,0,1,2513,256,16,4,4,1,40.75,
aeqkad_res4,window,full,fidelity,False,True,16,0.05,25,4,False,iid,0.1,1,s056,4,25.25,14.021739130434785,12.0,65.0,56,42,42,0,0,6,0.84,8.9453125,48,4,2,0,2,2290,256,16,4,4,0,55.25,
aeqkad_res4,window,full,fidelity,False,True,16,0.05,25,4,False,iid,0.1,1,s056,5,28.249999999999996,15.108695652173914,6.0,68.0,56,45,42,3,0,6,0.84,8.69140625,53,2,2,0,6,2225,256,16,4,4,0,69.5,
aeqkad_res4,window,full,fidelity,False,True,16,0.05,25,4,False,iid,0.1,1,s056,6,27.249999999999996,15.108695652173914,6.0,67.0,56,46,44,2,0,6,0.88,9.22265625,51,3,0,0,2,2361,256,16,4,4,1,81.75,
aeqkad_res4,window,full,fidelity,False,True,16,0.05,25,4,False,iid,0.1,1,s056,7,27.249999999999996,15.108695652173914,8.0,67.5,56,49,45,4,0,6,0.9,9.28125,51,2,2,0,0,2376,256,16,4,4,2,95.1875,
aeqkad_res4,window,full,fidelity,False,True,16,0.05,25,4,False,iid,0.1,1,s056,8,21.749999999999996,11.684782608695654,2.0,67.5,56,48,45,3,0,6,0.9,9.25,53,2,1,0,3,2368,256,16,4,4,1,108.5625,92.0
aeqkad_res4,window,full,fidelity,False,True,16,0.05,25,4,False,iid,0.1,2,s056,2,32.25,23.20652173913043,8.0,70.0,56,44,42,2,0,6,0.84,12.22265625,49,5,3,0,0,3129,256,16,4,4,1,24.75,
aeqkad_res4,window,full,fidelity,False,True,16,0.05,25,4,False,iid,0.1,2,s056,3,24.25,10.434782608695654,8.0,62.5,56,45,43,2,0,6,0.86,9.7578125,51,4,2,0,2,2498,256,16,4,4,0,40.1875,
aeqkad_res4,window,full,fidelity,False,True,16,0.05,25,4,False,iid,0.1,2,s056,4,28.749999999999996,14.021739130434785,12.0,60.0,56,40,40,0,0,6,0.8,9.24609375,47,4,0,0,3,2367,256,16,4,4,0,55.9375,
aeqkad_res4,window,full,fidelity,False,True,16,0.05,25,4,False,iid,0.1,2,s056,5,30.25,15.108695652173914,6.0,68.5,56,44,41,3,0,6,0.82,8.79296875,50,2,2,0,4,2251,256,16,4,4,0,68.8125,
aeqkad_res4,window,full,fidelity,False,True,16,0.05,25,4,False,iid,0.1,2,s056,6,26.25,12.934782608695656,4.0,72.0,56,46,43,3,0,6,0.86,9.6015625,54,7,0,0,1,2458,256,16,4,4,2,81.875,
aeqkad_res4,window,full,fidelity,False,True,16,0.05,25,4,False,iid,0.1,2,s056,7,21.749999999999996,9.347826086956525,8.0,70.5,56,47,46,1,0,6,0.92,9.1640625,50,2,3,0,1,2346,256,16,4,4,0,96.125,
aeqkad_res4,window,full,fidelity,False,True,16,0.05,25,4,False,iid,0.1,2,s056,8,18.5,13.858695652173914,2.0,66.5,56,50,47,3,0,6,0.94,9.62109375,52,1,2,0,1,2463,256,16,4,4,1,108.5,90.0
aeqkad_res8,window,full,fidelity,False,True,16,0.05,25,8,False,iid,0.1,0,s056,2,29.75,22.1195652173913,10.0,63.0,56,46,43,3,0,6,0.86,10.96875,50,4,17,0,0,2808,256,16,8,8,0,41.3125,
aeqkad_res8,window,full,fidelity,False,True,16,0.05,25,8,False,iid,0.1,0,s056,3,26.0,10.434782608695654,8.0,67.0,56,48,43,5,0,6,0.86,9.55078125,52,4,17,0,0,2445,256,16,8,8,2,69.3125,
aeqkad_res8,window,full,fidelity,False,True,16,0.05,25,8,False,iid,0.1,0,s056,4,26.25,12.771739130434783,12.0,67.0,56,47,42,5,0,6,0.84,9.46484375,49,2,17,0,0,2423,256,16,8,8,1,97.9375,
aeqkad_res8,window,full,fidelity,False,True,16,0.05,25,8,False,iid,0.1,0,s056,5,26.25,8.260869565217389,6.0,72.5,56,51,47,4,0,6,0.94,9.87890625,51,0,12,0,0,2529,256,16,8,8,0,125.125,
aeqkad_res8,window,full,fidelity,False,True,16,0.05,25,8,False,iid,0.1,0,s056,6,26.0,12.771739130434783,6.0,67.5,56,48,46,2,0,6,0.92,9.36328125,50,1,12,0,1,2397,256,16,8,8,0,153.75,
aeqkad_res8,window,full,fidelity,False,True,16,0.05,25,8,False,iid,0.1,0,s056,7,24.25,7.17391304347826,8.0,70.5,56,49,46,3,0,6,0.92,9.234375,50,1,19,0,0,2364,256,16,8,8,1,181.125,
aeqkad_res8,window,full,fidelity,False,True,16,0.05,25,8,False,iid,0.1,0,s056,8,21.999999999999996,10.434782608695654,2.0,66.5,56,51,47,4,0,6,0.94,9.15625,54,1,16,0,2,2344,256,16,8,8,1,208.75,90.0
aeqkad_res8,window,full,fidelity,False,True,16,0.05,25,8,False,iid,0.1,1,s056,2,32.25,19.782608695652172,8.0,69.5,56,43,40,3,0,6,0.8,10.828125,51,6,1,0,2,2772,256,16,8,8,1,40.5625,
aeqkad_res8,window,full,fidelity,False,True,16,0.05,25,8,False,iid,0.1,1,s056,3,23.75,9.347826086956525,8.0,64.5,56,45,43,2,0,6,0.86,9.51171875,51,6,0,0,0,2435,256,16,8,8,1,69.6875,
aeqkad_res8,window,full,fidelity,False,True,16,0.05,25,8,False,iid,0.1,1,s056,4,28.249999999999996,12.771739130434783,12.0,64.5,56,40,40,0,0,6,0.8,9.25390625,48,5,0,0,3,2369,256,16,8,8,0,98.0625,
aeqkad_res8,window,full,fidelity,False,True,16,0.05,25,8,False,iid,0.1,1,s056,5,26.5,12.771739130434783,6.0,69.5,56,45,42,3,0,6,0.84,9.609375,53,4,0,0,4,2460,256,16,8,8,0,126.3125,
aeqkad_res8,window,full,fidelity,False,True,16,0.05,25,8,False,iid,0.1,1,s056,6,30.000000000000004,9.836956521739129,6.0,68.0,56,46,44,2,0,6,0.88,9.140625,52,3,0,0,3,2340,256,16,8,8,1,153.375,
aeqkad_res8,window,full,fidelity,False,True,16,0.05,25,8,False,iid,0.1,1,s056,7,25.5,9.347826086956525,8.0,71.0,56,50,46,4,0,6,0.92,9.19921875,51,1,0,0,0,2355,256,16,8,8,2,181.0,
aeqkad_res8,window,full,fidelity,False,True,16,0.05,25,8,False,iid,0.1,1,s056,8,21.499999999999996,10.434782608695654,2.0,67.5,56,49,46,3,0,6,0.92,9.33203125,53,1,0,0,3,2389,256,16,8,8,1,208.5625,92.0
aeqkad_res8,window,full,fidelity,False,True,16,0.05,25,8,False,iid,0.1,2,s056,2,32.25,23.20652173913043,10.0,68.0,56,43,41,2,0,6,0.82,11.26953125,48,5,8,0,0,2885,256,16,8,8,0,40.8125,
aeqkad_res8,window,full,fidelity,False,True,16,0.05,25,8,False,iid,0.1,2,s056,3,20.5,7.01086956521739,6.0,62.5,56,45,43,2,0,6,0.86,9.453125,52,5,3,0,2,2420,256,16,8,8,0,69.3125,
aeqkad_res8,window,full,fidelity,False,True,16,0.05,25,8,False,iid,0.1,2,s056,4,29.000000000000004,12.771739130434783,12.0,63.5,56,40,40,0,0,6,0.8,9.3515625,47,4,6,0,3,2394,256,16,8,8,0,98.625,
aeqkad_res8,window,full,fidelity,False,True,16,0.05,25,8,False,iid,0.1,2,s056,5,30.25,15.108695652173914,6.0,73.5,56,44,41,3,0,6,0.82,9.8046875,52,3,8,0,5,2510,256,16,8,8,0,126.0625,
aeqkad_res8,window,full,fidelity,False,True,16,0.05,25,8,False,iid,0.1,2,s056,6,31.75,15.108695652173914,6.0,75.0,56,48,45,3,0,6,0.9,9.19921875,53,2,6,0,3,2355,256,16,8,8,2,153.125,
aeqkad_res8,window,full,fidelity,False,True,16,0.05,25,8,False,iid,0.1,2,s056,7,24.0,10.434782608695654,8.0,73.5,56,47,46,1,0,6,0.92,9.3828125,49,1,7,0,1,2402,256,16,8,8,0,181.6875,
aeqkad_res8,window,full,fidelity,False,True,16,0.05,25,8,False,iid,0.1,2,s056,8,21.999999999999996,14.021739130434785,2.0,71.0,56,49,46,3,0,6,0.92,9.109375,52,2,3,0,1,2332,256,16,8,8,1,208.75,90.0
window_res4,window,none,fidelity,False,True,16,0.05,25,4,False,iid,0.1,0,s056,2,30.500000000000004,20.869565217391305,8.0,65.5,56,50,46,4,0,6,0.92,12.12109375,0,0,0,0,0,3103,256,16,4,4,1,25.125,
window_res4,window,none,fidelity,False,True,16,0.05,25,4,False,iid,0.1,0,s056,3,26.5,17.445652173913043,4.0,69.0,56,53,48,5,0,6,0.96,10.28125,0,0,0,0,0,2632,256,16,4,4,4,39.0,
window_res4,window,none,fidelity,False,True,16,0.05,25,4,False,iid,0.1,0,s056,4,29.500000000000004,12.771739130434783,12.0,67.5,56,50,44,6,0,6,0.88,9.9375,0,0,0,0,0,2544,256,16,4,4,2,54.5,
window_res4,window,none,fidelity,False,True,16,0.05,25,4,False,iid,0.1,0,s056,5,27.0,7.17391304347826,6.0,70.5,56,51,47,4,0,6,0.94,9.28125,0,0,0,0,0,2376,256,16,4,4,0,67.0625,
window_res4,window,none,fidelity,False,True,16,0.05,25,4,False,iid,0.1,0,s056,6,27.250000000000004,8.42391304347826,4.0,75.0,56,52,48,4,0,6,0.96,10.25,0,0,0,0,0,2624,256,16,4,4,1,80.6875,
window_res4,window,none,fidelity,False,True,16,0.05,25,4,False,iid,0.1,0,s056,7,21.499999999999996,10.434782608695654,6.0,73.5,56,52,47,5,0,6,0.94,9.8359375,0,0,0,0,0,2518,256,16,4,4,2,95.0625,
window_res4,window,none,fidelity,False,True,16,0.05,25,4,False,iid,0.1,0,s056,8,23.25,10.434782608695654,2.0,65.5,56,54,49,5,0,6,0.98,9.421875,0,0,0,0,0,2412,256,16,4,4,1,108.5,84.0
window_res4,window,none,fidelity,False,True,16,0.05,25,4,False,iid,0.1,1,s056,2,33.5,22.1195652173913,6.0,72.0,56,52,47,5,0,6,0.94,12.109375,0,0,0,0,0,3100,256,16,4,4,1,24.4375,
window_res4,window,none,fidelity,False,True,16,0.05,25,4,False,iid,0.1,1,s056,3,23.5,10.597826086956525,4.0,67.0,56,53,48,5,0,6,0.96,10.8125,0,0,0,0,0,2768,256,16,4,4,3,38.6875,
window_res4,window,none,fidelity,False,True,16,0.05,25,4,False,iid,0.1,1,s056,4,26.0,13.858695652173914,12.0,68.5,56,49,44,5,0,6,0.88,10.3125,0,0,0,0,0,2640,256,16,4,4,0,54.5625,
window_res4,window,none,fidelity,False,True,16,0.05,25,4,False,iid,0.1,1,s056,5,29.75,14.021739130434785,6.0,74.5,56,53,47,6,0,6,0.94,9.47265625,0,0,0,0,0,2425,256,16,4,4,1,67.0,
window_res4,window,none,fidelity,False,True,16,0.05,25,4,False,iid,0.1,1,s056,6,31.75,13.097826086956523,6.0,70.5,56,52,47,5,0,6,0.94,10.375,0,0,0,0,0,2656,256,16,4,4,1,81.75,
window_res4,window,none,fidelity,False,True,16,0.05,25,4,False,iid,0.1,1,s056,7,27.249999999999996,10.434782608695654,8.0,69.5,56,51,46,5,0,6,0.92,9.41015625,0,0,0,0,0,2409,256,16,4,4,3,95.125,
window_res4,window,none,fidelity,False,True,16,0.05,25,4,False,iid,0.1,1,s056,8,21.499999999999996,11.684782608695654,2.0,67.0,56,53,49,4,0,6,0.98,9.6171875,0,0,0,0,0,2462,256,16,4,4,1,108.5625,92.0
window_res4,window,none,fidelity,False,True,16,0.05,25,4,False,iid,0.1,2,s056,2,32.99999999999999,23.20652173913043,8.0,69.0,56,49,46,3,0,6,0.92,12.421875,0,0,0,0,0,3180,256,16,4,4,1,24.4375,
window_res4,window,none,fidelity,False,True,16,0.05,25,4,False,iid,0.1,2,s056,3,23.25,10.434782608695654,4.0,63.5,56,53,48,5,0,6,0.96,11.046875,0,0,0,0,0,2828,256,16,4,4,1,38.8125,
window_res4,window,none,fidelity,False,True,16,0.05,25,4,False,iid,0.1,2,s056,4,23.25,12.771739130434783,12.0,61.5,56,47,44,3,0,6,0.88,9.84765625,0,0,0,0,0,2521,256,16,4,4,0,55.1875,
window_res4,window,none,fidelity,False,True,16,0.05,25,4,False,iid,0.1,2,s056,5,28.249999999999996,8.097826086956525,6.0,70.0,56,51,47,4,0,6,0.94,9.66796875,0,0,0,0,0,2475,256,16,4,4,0,67.0625,
window_res4,window,none,fidelity,False,True,16,0.05,25,4,False,iid,0.1,2,s056,6,28.249999999999996,12.934782608695656,6.0,75.5,56,53,47,6,0,6,0.94,10.6953125,0,0,0,0,0,2738,256,16,4,4,3,81.0625,
window_res4,window,none,fidelity,False,True,16,0.05,25,4,False,iid,0.1,2,s056,7,21.499999999999996,9.347826086956525,8.0,71.0,56,50,46,4,0,6,0.92,9.58203125,0,0,0,0,0,2453,256,16,4,4,1,95.5,
window_res4,window,none,fidelity,False,True,16,0.05,25,4,False,iid,0.1,2,s056,8,19.249999999999996,15.108695652173914,2.0,69.0,56,52,49,3,0,6,0.98,9.77734375,0,0,0,0,0,2503,256,16,4,4,1,108.5,90.0
window_res8,window,none,fidelity,False,True,16,0.05,25,8,False,iid,0.1,0,s056,2,29.75,19.782608695652172,10.0,64.5,56,50,45,5,0,6,0.9,11.39453125,0,0,0,0,0,2917,256,16,8,8,1,41.1875,
window_res8,window,none,fidelity,False,True,16,0.05,25,8,False,iid,0.1,0,s056,3,29.25,9.347826086956525,6.0,68.0,56,53,47,6,0,6,0.94,10.140625,0,0,0,0,0,2596,256,16,8,8,2,68.8125,
window_res8,window,none,fidelity,False,True,16,0.05,25,8,False,iid,0.1,0,s056,4,28.249999999999996,14.021739130434785,12.0,68.0,56,50,44,6,0,6,0.88,9.55078125,0,0,0,0,0,2445,256,16,8,8,1,97.9375,
window_res8,window,none,fidelity,False,True,16,0.05,25,8,False,iid,0.1,0,s056,5,25.75,10.434782608695654,6.0,72.5,56,51,47,4,0,6,0.94,9.8984375,0,0,0,0,0,2534,256,16,8,8,0,125.125,
window_res8,window,none,fidelity,False,True,16,0.05,25,8,False,iid,0.1,0,s056,6,29.25,17.445652173913043,6.0,70.5,56,50,47,3,0,6,0.94,9.52734375,0,0,0,0,0,2439,256,16,8,8,1,153.625,
window_res8,window,none,fidelity,False,True,16,0.05,25,8,False,iid,0.1,0,s056,7,23.25,7.17391304347826,8.0,70.5,56,50,46,4,0,6,0.92,9.1953125,0,0,0,0,0,2354,256,16,8,8,1,181.125,
window_res8,window,none,fidelity,False,True,16,0.05,25,8,False,iid,0.1,0,s056,8,24.0,12.771739130434783,2.0,67.5,56,54,49,5,0,6,0.98,9.0078125,0,0,0,0,0,2306,256,16,8,8,1,208.75,90.0
window_res8,window,none,fidelity,False,True,16,0.05,25,8,False,iid,0.1,1,s056,2,32.99999999999999,20.869565217391305,8.0,69.5,56,51,46,5,0,6,0.92,11.42578125,0,0,0,0,0,2925,256,16,8,8,1,40.5625,
window_res8,window,none,fidelity,False,True,16,0.05,25,8,False,iid,0.1,1,s056,3,26.25,9.347826086956525,4.0,67.0,56,53,48,5,0,6,0.96,10.14453125,0,0,0,0,0,2597,256,16,8,8,2,68.5625,
window_res8,window,none,fidelity,False,True,16,0.05,25,8,False,iid,0.1,1,s056,4,28.249999999999996,14.021739130434785,12.0,68.0,56,49,44,5,0,6,0.88,9.859375,0,0,0,0,0,2524,256,16,8,8,0,97.75,
window_res8,window,none,fidelity,False,True,16,0.05,25,8,False,iid,0.1,1,s056,5,27.0,8.097826086956525,6.0,73.5,56,53,47,6,0,6,0.94,10.24609375,0,0,0,0,0,2623,256,16,8,8,1,124.875,
window_res8,window,none,fidelity,False,True,16,0.05,25,8,False,iid,0.1,1,s056,6,31.75,23.967391304347828,6.0,72.5,56,52,47,5,0,6,0.94,9.8828125,0,0,0,0,0,2530,256,16,8,8,1,153.375,
window_res8,window,none,fidelity,False,True,16,0.05,25,8,False,iid,0.1,1,s056,7,26.0,10.434782608695654,8.0,72.5,56,51,46,5,0,6,0.92,9.15234375,0,0,0,0,0,2343,256,16,8,8,2,181.0,
window_res8,window,none,fidelity,False,True,16,0.05,25,8,False,iid,0.1,1,s056,8,23.0,10.434782608695654,2.0,67.0,56,53,49,4,0,6,0.98,9.1328125,0,0,0,0,0,2338,256,16,8,8,1,208.5625,92.0
window_res8,window,none,fidelity,False,True,16,0.05,25,8,False,iid,0.1,2,s056,2,32.49999999999999,23.20652173913043,8.0,66.5,56,49,46,3,0,6,0.92,11.47265625,0,0,0,0,0,2937,256,16,8,8,0,40.8125,
window_res8,window,none,fidelity,False,True,16,0.05,25,8,False,iid,0.1,2,s056,3,26.0,5.760869565217389,4.0,64.0,56,53,48,5,0,6,0.96,10.48046875,0,0,0,0,0,2683,256,16,8,8,0,68.875,
window_res8,window,none,fidelity,False,True,16,0.05,25,8,False,iid,0.1,2,s056,4,26.5,15.108695652173914,12.0,66.5,56,47,44,3,0,6,0.88,10.2109375,0,0,0,0,0,2614,256,16,8,8,0,98.3125,
window_res8,window,none,fidelity,False,True,16,0.05,25,8,False,iid,0.1,2,s056,5,26.25,8.260869565217389,6.0,75.0,56,52,47,5,0,6,0.94,10.5390625,0,0,0,0,0,2698,256,16,8,8,0,125.125,
window_res8,window,none,fidelity,False,True,16,0.05,25,8,False,iid,0.1,2,s056,6,30.000000000000004,13.097826086956523,6.0,74.5,56,53,47,6,0,6,0.94,9.5234375,0,0,0,0,0,2438,256,16,8,8,2,153.125,
window_res8,window,none,fidelity,False,True,16,0.05,25,8,False,iid,0.1,2,s056,7,23.75,10.434782608695654,8.0,74.5,56,49,46,3,0,6,0.92,9.25,0,0,0,0,0,2368,256,16,8,8,1,181.3125,
window_res8,window,none,fidelity,False,True,16,0.05,25,8,False,iid,0.1,2,s056,8,18.5,14.021739130434785,2.0,72.0,56,52,49,3,0,6,0.98,8.921875,0,0,0,0,0,2284,256,16,8,8,1,208.75,90.0
aeqkad_res4,window,full,fidelity,False,True,16,0.05,25,4,False,iid,0.1,0,s057,2,31.999999999999996,15.108695652173914,16.0,62.0,56,44,40,4,0,6,0.8,13.41796875,47,3,36,0,0,3435,256,16,4,4,2,24.25,
aeqkad_res4,window,full,fidelity,False,True,16,0.05,25,4,False,iid,0.1,0,s057,3,23.25,10.434782608695654,14.000000000000002,56.49999999999999,56,45,43,2,0,6,0.86,11.265625,47,2,39,0,0,2884,256,16,4,4,2,38.9375,
aeqkad_res4,window,full,fidelity,False,True,16,0.05,25,4,False,iid,0.1,0,s057,4,28.249999999999996,17.445652173913043,8.0,59.5,56,45,42,3,0,6,0.84,12.33203125,49,4,41,0,0,3157,256,16,4,4,1,51.5,
aeqkad_res4,window,full,fidelity,False,True,16,0.05,25,4,False,iid,0.1,0,s057,5,26.25,12.771739130434783,6.0,65.0,56,51,45,6,0,6,0.9,11.859375,53,2,43,0,0,3036,256,16,4,4,1,65.5,
aeqkad_res4,window,full,fidelity,False,True,16,0.05,25,4,False,iid,0.1,0,s057,6,23.25,5.760869565217389,0.0,56.49999999999999,56,48,46,2,0,6,0.92,10.8359375,55,5,42,0,2,2774,256,16,4,4,0,80.0625,
aeqkad_res4,window,full,fidelity,False,True,16,0.05,25,4,False,iid,0.1,0,s057,7,18.749999999999996,11.684782608695654,8.0,62.0,56,48,43,5,0,6,0.86,11.55859375,51,3,43,0,0,2959,256,16,4,4,2,94.9375,
aeqkad_res4,window,full,fidelity,False,True,16,0.05,25,4,False,iid,0.1,0,s057,8,21.999999999999996,6.08695652173913,8.0,61.5,56,45,43,2,0,6,0.86,11.90625,49,4,36,0,0,3048,256,16,4,4,1,108.3125,32.0
aeqkad_res4,window,full,fidelity,False,True,16,0.05,25,4,False,iid,0.1,1,s057,2,35.5,17.445652173913043,14.000000000000002,66.5,56,40,38,2,0,6,0.76,13.3359375,45,5,33,0,0,3414,256,16,4,4,0,24.9375,
aeqkad_res4,window,full,fidelity,False,True,16,0.05,25,4,False,iid,0.1,1,s057,3,26.0,15.108695652173914,10.0,61.0,56,47,44,3,0,6,0.88,11.38671875,49,2,35,0,0,2915,256,16,4,4,0,40.25,
aeqkad_res4,window,full,fidelity,False,True,16,0.05,25,4,False,iid,0.1,1,s057,4,23.25,16.358695652173914,8.0,65.5,56,45,42,3,0,6,0.84,11.90234375,49,4,38,0,0,3047,256,16,4,4,0,52.875,
aeqkad_res4,window,full,fidelity,False,True,16,0.05,25,4,False,iid,0.1,1,s057,5,23.5,9.347826086956525,6.0,61.0,56,47,44,3,0,6,0.88,11.47265625,51,3,40,0,1,2937,256,16,4,4,1,65.5,
aeqkad_res4,window,full,fidelity,False,True,16,0.05,25,4,False,iid,0.1,1,s057,6,17.750000000000004,8.260869565217389,2.0,59.0,56,47,45,2,0,6,0.9,11.23046875,52,4,37,0,1,2875,256,16,4,4,0,80.0625,
aeqkad_res4,window,full,fidelity,False,True,16,0.05,25,4,False,iid,0.1,1,s057,7,21.999999999999996,9.510869565217389,6.0,60.5,56,45,42,3,0,6,0.84,10.9609375,52,6,35,0,1,2806,256,16,4,4,0,94.9375,
aeqkad_res4,window,full,fidelity,False,True,16,0.05,25,4,False,iid,0.1,1,s057,8,21.749999999999996,13.858695652173914,8.0,53.0,56,47,43,4,0,6,0.86,11.78515625,51,4,31,0,0,3017,256,16,4,4,2,107.875,56.00000000000001
aeqkad_res4,window,full,fidelity,False,True,16,0.05,25,4,False,iid,0.1,2,s057,2,31.499999999999993,15.108695652173914,16.0,55.50000000000001,56,43,38,5,0,6,0.76,13.60546875,47,4,23,0,0,3483,256,16,4,4,2,24.9375,
aeqkad_res4,window,full,fidelity,False,True,16,0.05,25,4,False,iid,0.1,2,s057,3,27.750000000000004,12.771739130434783,12.0,51.0,56,44,42,2,0,6,0.84,10.87890625,46,1,30,0,1,2785,256,16,4,4,1,40.3125,
aeqkad_res4,window,full,fidelity,False,True,16,0.05,25,4,False,iid,0.1,2,s057,4,28.500000000000004,22.1195652173913,14.000000000000002,60.0,56,45,42,3,0,6,0.84,12.3125,48,3,31,0,0,3152,256,16,4,4,0,51.5,
aeqkad_res4,window,full,fidelity,False,True,16,0.05,25,4,False,iid,0.1,2,s057,5,22.249999999999996,13.858695652173914,10.0,60.0,56,47,44,3,0,6,0.88,11.6015625,50,3,30,0,0,2970,256,16,4,4,1,66.125,
aeqkad_res4,window,full,fidelity,False,True,16,0.05,25,4,False,iid,0.1,2,s057,6,19.499999999999996,11.521739130434785,4.0,42.0,56,43,43,0,0,6,0.86,10.40234375,50,4,26,0,3,2663,256,16,4,4,0,81.625,
aeqkad_res4,window,full,fidelity,False,True,16,0.05,25,4,False,iid,0.1,2,s057,7,19.749999999999996,5.0,14.000000000000002,53.5,56,43,41,2,0,6,0.82,10.890625,47,3,28,0,1,2788,256,16,4,4,1,96.9375,
aeqkad_res4,window,full,fidelity,False,True,16,0.05,25,4,False,iid,0.1,2,s057,8,20.0,8.097826086956525,10.0,47.5,56,42,41,1,0,6,0.82,11.2421875,48,4,22,0,2,2878,256,16,4,4,1,108.0,28.000000000000004
aeqkad_res8,window,full,fidelity,False,True,16,0.05,25,8,False,iid,0.1,0,s057,2,34.0,16.358695652173914,8.0,66.5,56,45,41,4,0,6,0.82,12.1484375,50,5,33,0,0,3110,256,16,8,8,1,38.0625,
aeqkad_res8,window,full,fidelity,False,True,16,0.05,25,8,False,iid,0.1,0,s057,3,19.499999999999996,10.434782608695654,8.0,60.0,56,45,43,2,0,6,0.86,10.68359375,51,6,38,0,0,2735,256,16,8,8,2,66.25,
aeqkad_res8,window,full,fidelity,False,True,16,0.05,25,8,False,iid,0.1,0,s057,4,24.0,16.195652173913043,4.0,64.5,56,46,43,3,0,6,0.86,11.07421875,52,6,38,0,0,2835,256,16,8,8,0,93.5625,
aeqkad_res8,window,full,fidelity,False,True,16,0.05,25,8,False,iid,0.1,0,s057,5,23.75,11.684782608695654,8.0,69.5,56,49,43,6,0,6,0.86,11.19140625,52,3,41,0,0,2865,256,16,8,8,1,121.5625,
aeqkad_res8,window,full,fidelity,False,True,16,0.05,25,8,False,iid,0.1,0,s057,6,26.75,10.434782608695654,0.0,66.0,56,50,47,3,0,6,0.94,11.54296875,54,2,39,0,2,2955,256,16,8,8,0,149.6875,
aeqkad_res8,window,full,fidelity,False,True,16,0.05,25,8,False,iid,0.1,0,s057,7,21.249999999999996,9.347826086956525,2.0,69.5,56,48,43,5,0,6,0.86,11.46875,54,6,41,0,0,2936,256,16,8,8,1,178.5,
aeqkad_res8,window,full,fidelity,False,True,16,0.05,25,8,False,iid,0.1,0,s057,8,22.499999999999996,16.195652173913043,6.0,69.5,56,49,46,3,0,6,0.92,12.1328125,51,2,39,0,0,3106,256,16,8,8,1,205.5625,48.0
aeqkad_res8,window,full,fidelity,False,True,16,0.05,25,8,False,iid,0.1,1,s057,2,33.75,15.108695652173914,18.0,61.5,56,40,38,2,0,6,0.76,11.96484375,43,3,30,0,0,3063,256,16,8,8,0,38.0625,
aeqkad_res8,window,full,fidelity,False,True,16,0.05,25,8,False,iid,0.1,1,s057,3,23.5,12.771739130434783,10.0,56.49999999999999,56,46,43,3,0,6,0.86,10.69140625,49,3,35,0,0,2737,256,16,8,8,0,67.0,
aeqkad_res8,window,full,fidelity,False,True,16,0.05,25,8,False,iid,0.1,1,s057,4,23.0,16.195652173913043,8.0,59.5,56,44,41,3,0,6,0.82,10.6328125,49,5,39,0,0,2722,256,16,8,8,0,94.4375,
aeqkad_res8,window,full,fidelity,False,True,16,0.05,25,8,False,iid,0.1,1,s057,5,24.5,12.934782608695656,8.0,58.5,56,47,44,3,0,6,0.88,11.09375,50,3,40,0,0,2840,256,16,8,8,1,121.5625,
aeqkad_res8,window,full,fidelity,False,True,16,0.05,25,8,False,iid,0.1,1,s057,6,19.499999999999996,2.5,2.0,56.99999999999999,56,48,46,2,0,6,0.92,12.13671875,52,3,39,0,1,3107,256,16,8,8,0,149.5625,
aeqkad_res8,window,full,fidelity,False,True,16,0.05,25,8,False,iid,0.1,1,s057,7,24.0,14.021739130434785,6.0,58.5,56,46,42,4,0,6,0.84,11.34375,52,6,35,0,0,2904,256,16,8,8,0,178.5,
aeqkad_res8,window,full,fidelity,False,True,16,0.05,25,8,False,iid,0.1,1,s057,8,20.749999999999996,10.434782608695654,8.0,51.5,56,50,46,4,0,6,0.92,12.1015625,51,1,39,0,0,3098,256,16,8,8,1,205.5625,40.0
aeqkad_res8,window,full,fidelity,False,True,16,0.05,25,8,False,iid,0.1,2,s057,2,31.999999999999996,18.532608695652172,18.0,56.49999999999999,56,45,40,5,0,6,0.8,12.25390625,46,1,44,0,0,3137,256,16,8,8,0,37.5625,
aeqkad_res8,window,full,fidelity,False,True,16,0.05,25,8,False,iid,0.1,2,s057,3,24.0,10.434782608695654,12.0,55.50000000000001,56,45,43,2,0,6,0.86,10.50390625,46,1,45,0,0,2689,256,16,8,8,1,67.125,
aeqkad_res8,window,full,fidelity,False,True,16,0.05,25,8,False,iid,0.1,2,s057,4,28.500000000000004,22.1195652173913,12.0,60.0,56,44,42,2,0,6,0.84,10.85546875,49,5,44,0,0,2779,256,16,8,8,0,93.5625,
aeqkad_res8,window,full,fidelity,False,True,16,0.05,25,8,False,iid,0.1,2,s057,5,24.25,11.684782608695654,8.0,62.0,56,47,44,3,0,6,0.88,11.234375,51,3,47,0,1,2876,256,16,8,8,0,121.9375,
aeqkad_res8,window,full,fidelity,False,True,16,0.05,25,8,False,iid,0.1,2,s057,6,19.249999999999996,4.67391304347826,2.0,56.49999999999999,56,48,46,2,0,6,0.92,11.96484375,52,2,49,0,2,3063,256,16,8,8,0,149.625,
aeqkad_res8,window,full,fidelity,False,True,16,0.05,25,8,False,iid,0.1,2,s057,7,21.499999999999996,10.434782608695654,4.0,64.5,56,45,42,3,0,6,0.84,11.4609375,52,6,45,0,1,2934,256,16,8,8,2,178.9375,
aeqkad_res8,window,full,fidelity,False,True,16,0.05,25,8,False,iid,0.1,2,s057,8,21.999999999999996,8.260869565217389,8.0,62.5,56,50,46,4,0,6,0.92,12.4140625,51,0,50,0,1,3178,256,16,8,8,1,205.5625,38.0
window_res4,window,none,fidelity,False,True,16,0.05,25,4,False,iid,0.1,0,s057,2,32.25,18.532608695652172,16.0,61.5,56,47,42,5,0,6,0.84,13.29296875,0,0,0,0,0,3403,256,16,4,4,2,23.5,
window_res4,window,none,fidelity,False,True,16,0.05,25,4,False,iid,0.1,0,s057,3,21.0,10.434782608695654,10.0,58.5,56,49,45,4,0,6,0.9,11.4921875,0,0,0,0,0,2942,256,16,4,4,2,38.1875,
window_res4,window,none,fidelity,False,True,16,0.05,25,4,False,iid,0.1,0,s057,4,28.500000000000004,19.782608695652172,6.0,64.0,56,50,47,3,0,6,0.94,12.5078125,0,0,0,0,0,3202,256,16,4,4,1,51.5,
window_res4,window,none,fidelity,False,True,16,0.05,25,4,False,iid,0.1,0,s057,5,26.5,11.684782608695654,6.0,68.0,56,53,47,6,0,6,0.94,12.078125,0,0,0,0,0,3092,256,16,4,4,1,65.5,
window_res4,window,none,fidelity,False,True,16,0.05,25,4,False,iid,0.1,0,s057,6,23.0,5.923913043478259,0.0,63.5,56,55,50,5,0,6,1.0,11.5234375,0,0,0,0,0,2950,256,16,4,4,0,79.875,
window_res4,window,none,fidelity,False,True,16,0.05,25,4,False,iid,0.1,0,s057,7,19.749999999999996,8.097826086956525,4.0,62.0,56,53,48,5,0,6,0.96,12.00390625,0,0,0,0,0,3073,256,16,4,4,2,94.9375,
window_res4,window,none,fidelity,False,True,16,0.05,25,4,False,iid,0.1,0,s057,8,20.0,13.858695652173914,8.0,62.5,56,49,46,3,0,6,0.92,12.06640625,0,0,0,0,0,3089,256,16,4,4,2,107.625,32.0
window_res4,window,none,fidelity,False,True,16,0.05,25,4,False,iid,0.1,1,s057,2,34.25,16.195652173913043,14.000000000000002,66.5,56,45,43,2,0,6,0.86,13.52734375,0,0,0,0,0,3463,256,16,4,4,0,23.5,
window_res4,window,none,fidelity,False,True,16,0.05,25,4,False,iid,0.1,1,s057,3,25.75,15.108695652173914,10.0,62.0,56,49,45,4,0,6,0.9,11.59375,0,0,0,0,0,2968,256,16,4,4,1,39.0,
window_res4,window,none,fidelity,False,True,16,0.05,25,4,False,iid,0.1,1,s057,4,26.0,18.532608695652172,6.0,65.5,56,51,47,4,0,6,0.94,12.33203125,0,0,0,0,0,3157,256,16,4,4,0,52.875,
window_res4,window,none,fidelity,False,True,16,0.05,25,4,False,iid,0.1,1,s057,5,23.75,8.097826086956525,8.0,63.0,56,50,46,4,0,6,0.92,11.9140625,0,0,0,0,0,3050,256,16,4,4,1,65.5,
window_res4,window,none,fidelity,False,True,16,0.05,25,4,False,iid,0.1,1,s057,6,18.999999999999996,7.01086956521739,2.0,62.0,56,53,49,4,0,6,0.98,11.75390625,0,0,0,0,0,3009,256,16,4,4,1,79.5,
window_res4,window,none,fidelity,False,True,16,0.05,25,4,False,iid,0.1,1,s057,7,21.999999999999996,12.771739130434783,4.0,62.5,56,53,48,5,0,6,0.96,11.8984375,0,0,0,0,0,3046,256,16,4,4,0,94.9375,
window_res4,window,none,fidelity,False,True,16,0.05,25,4,False,iid,0.1,1,s057,8,21.0,14.021739130434785,8.0,57.99999999999999,56,51,46,5,0,6,0.92,11.9375,0,0,0,0,0,3056,256,16,4,4,1,107.5,40.0
window_res4,window,none,fidelity,False,True,16,0.05,25,4,False,iid,0.1,2,s057,2,31.25,17.445652173913043,16.0,55.50000000000001,56,47,42,5,0,6,0.84,13.515625,0,0,0,0,0,3460,256,16,4,4,2,23.5,
window_res4,window,none,fidelity,False,True,16,0.05,25,4,False,iid,0.1,2,s057,3,23.75,10.434782608695654,14.000000000000002,52.5,56,45,43,2,0,6,0.86,11.33984375,0,0,0,0,0,2903,256,16,4,4,1,40.3125,
window_res4,window,none,fidelity,False,True,16,0.05,25,4,False,iid,0.1,2,s057,4,26.0,24.293478260869566,10.0,60.0,56,48,45,3,0,6,0.9,12.36328125,0,0,0,0,0,3165,256,16,4,4,0,51.5,
window_res4,window,none,fidelity,False,True,16,0.05,25,4,False,iid,0.1,2,s057,5,21.75,11.684782608695654,10.0,63.5,56,50,45,5,0,6,0.9,11.859375,0,0,0,0,0,3036,256,16,4,4,2,65.5,
window_res4,window,none,fidelity,False,True,16,0.05,25,4,False,iid,0.1,2,s057,6,18.000000000000004,7.01086956521739,4.0,54.0,56,51,48,3,0,6,0.96,11.66015625,0,0,0,0,0,2985,256,16,4,4,1,79.9375,
window_res4,window,none,fidelity,False,True,16,0.05,25,4,False,iid,0.1,2,s057,7,18.999999999999996,7.17391304347826,10.0,58.5,56,49,45,4,0,6,0.9,11.83203125,0,0,0,0,0,3029,256,16,4,4,2,95.625,
window_res4,window,none,fidelity,False,True,16,0.05,25,4,False,iid,0.1,2,s057,8,24.0,10.434782608695654,8.0,56.49999999999999,56,51,46,5,0,6,0.92,12.21875,0,0,0,0,0,3128,256,16,4,4,1,107.5,28.000000000000004
window_res8,window,none,fidelity,False,True,16,0.05,25,8,False,iid,0.1,0,s057,2,34.0,15.108695652173914,8.0,65.5,56,51,46,5,0,6,0.92,12.46484375,0,0,0,0,0,3191,256,16,8,8,0,37.5625,
window_res8,window,none,fidelity,False,True,16,0.05,25,8,False,iid,0.1,0,s057,3,19.749999999999996,11.684782608695654,10.0,62.0,56,50,45,5,0,6,0.9,11.00390625,0,0,0,0,0,2817,256,16,8,8,2,65.75,
window_res8,window,none,fidelity,False,True,16,0.05,25,8,False,iid,0.1,0,s057,4,25.25,17.445652173913043,4.0,62.0,56,52,48,4,0,6,0.96,11.4296875,0,0,0,0,0,2926,256,16,8,8,0,93.5625,
window_res8,window,none,fidelity,False,True,16,0.05,25,8,False,iid,0.1,0,s057,5,21.75,11.684782608695654,6.0,71.0,56,53,47,6,0,6,0.94,11.3671875,0,0,0,0,0,2910,256,16,8,8,1,121.5625,
window_res8,window,none,fidelity,False,True,16,0.05,25,8,False,iid,0.1,0,s057,6,23.5,11.684782608695654,0.0,70.0,56,55,50,5,0,6,1.0,11.765625,0,0,0,0,0,3012,256,16,8,8,0,149.6875,
window_res8,window,none,fidelity,False,True,16,0.05,25,8,False,iid,0.1,0,s057,7,21.999999999999996,9.347826086956525,2.0,70.0,56,54,49,5,0,6,0.98,11.71484375,0,0,0,0,0,2999,256,16,8,8,1,177.9375,
window_res8,window,none,fidelity,False,True,16,0.05,25,8,False,iid,0.1,0,s057,8,23.5,15.108695652173914,4.0,71.5,56,53,48,5,0,6,0.96,12.37109375,0,0,0,0,0,3167,256,16,8,8,1,205.5625,46.0
window_res8,window,none,fidelity,False,True,16,0.05,25,8,False,iid,0.1,1,s057,2,34.0,16.358695652173914,18.0,62.0,56,43,41,2,0,6,0.82,12.140625,0,0,0,0,0,3108,256,16,8,8,0,37.5625,
window_res8,window,none,fidelity,False,True,16,0.05,25,8,False,iid,0.1,1,s057,3,23.0,12.771739130434783,10.0,55.00000000000001,56,48,45,3,0,6,0.9,10.76953125,0,0,0,0,0,2757,256,16,8,8,0,66.375,
window_res8,window,none,fidelity,False,True,16,0.05,25,8,False,iid,0.1,1,s057,4,25.75,18.532608695652172,8.0,59.0,56,49,46,3,0,6,0.92,10.90234375,0,0,0,0,0,2791,256,16,8,8,0,94.4375,
window_res8,window,none,fidelity,False,True,16,0.05,25,8,False,iid,0.1,1,s057,5,23.75,11.684782608695654,10.0,59.0,56,49,45,4,0,6,0.9,11.28125,0,0,0,0,0,2888,256,16,8,8,1,121.5625,
window_res8,window,none,fidelity,False,True,16,0.05,25,8,False,iid,0.1,1,s057,6,19.749999999999996,4.67391304347826,2.0,60.0,56,53,49,4,0,6,0.98,11.578125,0,0,0,0,0,2964,256,16,8,8,0,149.5625,
window_res8,window,none,fidelity,False,True,16,0.05,25,8,False,iid,0.1,1,s057,7,23.5,12.771739130434783,2.0,57.49999999999999,56,54,49,5,0,6,0.98,11.9921875,0,0,0,0,0,3070,256,16,8,8,0,177.9375,
window_res8,window,none,fidelity,False,True,16,0.05,25,8,False,iid,0.1,1,s057,8,21.999999999999996,10.434782608695654,6.0,54.50000000000001,56,52,47,5,0,6,0.94,12.51171875,0,0,0,0,0,3203,256,16,8,8,1,205.5625,42.0
window_res8,window,none,fidelity,False,True,16,0.05,25,8,False,iid,0.1,2,s057,2,33.5,17.445652173913043,14.000000000000002,57.99999999999999,56,48,43,5,0,6,0.86,12.296875,0,0,0,0,0,3148,256,16,8,8,0,37.5625,
window_res8,window,none,fidelity,False,True,16,0.05,25,8,False,iid,0.1,2,s057,3,23.75,10.434782608695654,12.0,56.00000000000001,56,47,44,3,0,6,0.88,10.60546875,0,0,0,0,0,2715,256,16,8,8,2,65.9375,
window_res8,window,none,fidelity,False,True,16,0.05,25,8,False,iid,0.1,2,s057,4,27.749999999999996,19.782608695652172,14.000000000000002,63.0,56,48,43,5,0,6,0.86,11.04296875,0,0,0,0,0,2827,256,16,8,8,0,93.5625,
window_res8,window,none,fidelity,False,True,16,0.05,25,8,False,iid,0.1,2,s057,5,24.75,15.108695652173914,6.0,64.5,56,52,47,5,0,6,0.94,11.7109375,0,0,0,0,0,2998,256,16,8,8,1,121.5625,
window_res8,window,none,fidelity,False,True,16,0.05,25,8,False,iid,0.1,2,s057,6,19.749999999999996,3.423913043478259,2.0,58.5,56,52,49,3,0,6,0.98,12.24609375,0,0,0,0,0,3135,256,16,8,8,0,149.625,
window_res8,window,none,fidelity,False,True,16,0.05,25,8,False,iid,0.1,2,s057,7,20.0,13.858695652173914,4.0,63.5,56,52,48,4,0,6,0.96,12.2109375,0,0,0,0,0,3126,256,16,8,8,2,178.9375,
window_res8,window,none,fidelity,False,True,16,0.05,25,8,False,iid,0.1,2,s057,8,22.249999999999996,8.260869565217389,8.0,63.5,56,51,46,5,0,6,0.92,12.375,0,0,0,0,0,3168,256,16,8,8,1,205.5625,42.0
