label,memory,gate,kind,noisy,relative,m_max,nu,q_up,reserve,robust,mode,rate,seed,user,session,eer,eer_k5,frr,far,n_stream,n_updates,gen_admitted,imp_admitted,atk_admitted,imp_injected,upd_rate_gen,mean_sv,g_accepted,g_rej_score,g_margin_binds,g_rej_meanfid,g_rej_drift,g_sv_total,g_decisions,M,anchors_in_P,enroll_in_P,imp_in_P,mean_age,atk_final_accept
static_robust,static,none,fidelity,False,True,16,0.05,25,0,True,iid,0.1,0,s015,2,28.500000000000004,17.445652173913043,0.0,100.0,56,0,0,0,0,6,0.0,38.0,0,0,0,0,0,9728,256,50,0,50,0,81.5,
static_robust,static,none,fidelity,False,True,16,0.05,25,0,True,iid,0.1,0,s015,3,26.25,22.1195652173913,0.0,100.0,56,0,0,0,0,6,0.0,38.0,0,0,0,0,0,9728,256,50,0,50,0,137.5,
static_robust,static,none,fidelity,False,True,16,0.05,25,0,True,iid,0.1,0,s015,4,33.5,10.923913043478258,0.0,100.0,56,0,0,0,0,6,0.0,38.0,0,0,0,0,0,9728,256,50,0,50,0,193.5,
static_robust,static,none,fidelity,False,True,16,0.05,25,0,True,iid,0.1,0,s015,5,35.75,33.641304347826086,0.0,100.0,56,0,0,0,0,6,0.0,38.0,0,0,0,0,0,9728,256,50,0,50,0,249.5,
static_robust,static,none,fidelity,False,True,16,0.05,25,0,True,iid,0.1,0,s015,6,42.00000000000001,31.467391304347824,0.0,100.0,56,0,0,0,0,6,0.0,38.0,0,0,0,0,0,9728,256,50,0,50,0,305.5,
static_robust,static,none,fidelity,False,True,16,0.05,25,0,True,iid,0.1,0,s015,7,44.99999999999999,32.55434782608696,0.0,100.0,56,0,0,0,0,6,0.0,38.0,0,0,0,0,0,9728,256,50,0,50,0,361.5,
static_robust,static,none,fidelity,False,True,16,0.05,25,0,True,iid,0.1,0,s015,8,41.75,29.130434782608695,0.0,100.0,56,0,0,0,0,6,0.0,38.0,0,0,0,0,0,9728,256,50,0,50,0,417.5,100.0
static_robust,static,none,fidelity,False,True,16,0.05,25,0,True,iid,0.1,1,s015,2,25.75,17.445652173913043,0.0,100.0,56,0,0,0,0,6,0.0,40.0,0,0,0,0,0,10240,256,50,0,50,0,81.5,
static_robust,static,none,fidelity,False,True,16,0.05,25,0,True,iid,0.1,1,s015,3,25.75,22.1195652173913,0.0,100.0,56,0,0,0,0,6,0.0,40.0,0,0,0,0,0,10240,256,50,0,50,0,137.5,
static_robust,static,none,fidelity,False,True,16,0.05,25,0,True,iid,0.1,1,s015,4,26.5,14.021739130434785,0.0,100.0,56,0,0,0,0,6,0.0,40.0,0,0,0,0,0,10240,256,50,0,50,0,193.5,
static_robust,static,none,fidelity,False,True,16,0.05,25,0,True,iid,0.1,1,s015,5,35.25,32.55434782608696,0.0,100.0,56,0,0,0,0,6,0.0,40.0,0,0,0,0,0,10240,256,50,0,50,0,249.5,
static_robust,static,none,fidelity,False,True,16,0.05,25,0,True,iid,0.1,1,s015,6,37.75,31.467391304347824,0.0,100.0,56,0,0,0,0,6,0.0,40.0,0,0,0,0,0,10240,256,50,0,50,0,305.5,
static_robust,static,none,fidelity,False,True,16,0.05,25,0,True,iid,0.1,1,s015,7,40.25,30.054347826086957,0.0,100.0,56,0,0,0,0,6,0.0,40.0,0,0,0,0,0,10240,256,50,0,50,0,361.5,
static_robust,static,none,fidelity,False,True,16,0.05,25,0,True,iid,0.1,1,s015,8,43.75,38.47826086956522,0.0,100.0,56,0,0,0,0,6,0.0,40.0,0,0,0,0,0,10240,256,50,0,50,0,417.5,100.0
static_robust,static,none,fidelity,False,True,16,0.05,25,0,True,iid,0.1,2,s015,2,27.750000000000004,24.456521739130434,0.0,100.0,56,0,0,0,0,6,0.0,39.0,0,0,0,0,0,9984,256,50,0,50,0,81.5,
static_robust,static,none,fidelity,False,True,16,0.05,25,0,True,iid,0.1,2,s015,3,23.0,19.782608695652172,0.0,100.0,56,0,0,0,0,6,0.0,39.0,0,0,0,0,0,9984,256,50,0,50,0,137.5,
static_robust,static,none,fidelity,False,True,16,0.05,25,0,True,iid,0.1,2,s015,4,32.99999999999999,23.04347826086957,0.0,100.0,56,0,0,0,0,6,0.0,39.0,0,0,0,0,0,9984,256,50,0,50,0,193.5,
static_robust,static,none,fidelity,False,True,16,0.05,25,0,True,iid,0.1,2,s015,5,36.0,30.380434782608702,0.0,100.0,56,0,0,0,0,6,0.0,39.0,0,0,0,0,0,9984,256,50,0,50,0,249.5,
static_robust,static,none,fidelity,False,True,16,0.05,25,0,True,iid,0.1,2,s015,6,36.25,31.630434782608695,0.0,100.0,56,0,0,0,0,6,0.0,39.0,0,0,0,0,0,9984,256,50,0,50,0,305.5,
static_robust,static,none,fidelity,False,True,16,0.05,25,0,True,iid,0.1,2,s015,7,43.75,32.55434782608696,0.0,100.0,56,0,0,0,0,6,0.0,39.0,0,0,0,0,0,9984,256,50,0,50,0,361.5,
static_robust,static,none,fidelity,False,True,16,0.05,25,0,True,iid,0.1,2,s015,8,43.75,35.97826086956522,0.0,100.0,56,0,0,0,0,6,0.0,39.0,0,0,0,0,0,9984,256,50,0,50,0,417.5,100.0
window_robust,window,none,fidelity,False,True,16,0.05,25,0,True,iid,0.1,0,s015,2,24.0,12.771739130434783,0.0,100.0,56,56,50,6,0,6,1.0,14.125,0,0,0,0,0,3616,256,16,0,0,2,7.5,
window_robust,window,none,fidelity,False,True,16,0.05,25,0,True,iid,0.1,0,s015,3,21.999999999999996,8.097826086956525,0.0,100.0,56,56,50,6,0,6,1.0,13.18359375,0,0,0,0,0,3375,256,16,0,0,1,7.5,
window_robust,window,none,fidelity,False,True,16,0.05,25,0,True,iid,0.1,0,s015,4,23.0,13.858695652173914,0.0,100.0,56,56,50,6,0,6,1.0,12.91015625,0,0,0,0,0,3305,256,16,0,0,2,7.5,
window_robust,window,none,fidelity,False,True,16,0.05,25,0,True,iid,0.1,0,s015,5,38.25,20.869565217391305,0.0,100.0,56,56,50,6,0,6,1.0,14.4921875,0,0,0,0,0,3710,256,16,0,0,2,7.5,
window_robust,window,none,fidelity,False,True,16,0.05,25,0,True,iid,0.1,0,s015,6,26.0,15.108695652173914,0.0,100.0,56,56,50,6,0,6,1.0,13.43359375,0,0,0,0,0,3439,256,16,0,0,2,7.5,
window_robust,window,none,fidelity,False,True,16,0.05,25,0,True,iid,0.1,0,s015,7,25.0,18.369565217391305,0.0,100.0,56,56,50,6,0,6,1.0,14.26171875,0,0,0,0,0,3651,256,16,0,0,2,7.5,
window_robust,window,none,fidelity,False,True,16,0.05,25,0,True,iid,0.1,0,s015,8,24.0,12.771739130434783,0.0,100.0,56,56,50,6,0,6,1.0,12.89453125,0,0,0,0,0,3301,256,16,0,0,2,7.5,100.0
window_robust,window,none,fidelity,False,True,16,0.05,25,0,True,iid,0.1,1,s015,2,25.0,12.771739130434783,0.0,100.0,56,56,50,6,0,6,1.0,13.91796875,0,0,0,0,0,3563,256,16,0,0,1,7.5,
window_robust,window,none,fidelity,False,True,16,0.05,25,0,True,iid,0.1,1,s015,3,21.999999999999996,10.434782608695654,0.0,100.0,56,56,50,6,0,6,1.0,13.33984375,0,0,0,0,0,3415,256,16,0,0,2,7.5,
window_robust,window,none,fidelity,False,True,16,0.05,25,0,True,iid,0.1,1,s015,4,21.749999999999996,9.347826086956525,0.0,100.0,56,56,50,6,0,6,1.0,13.09375,0,0,0,0,0,3352,256,16,0,0,2,7.5,
window_robust,window,none,fidelity,False,True,16,0.05,25,0,True,iid,0.1,1,s015,5,33.75,24.456521739130434,0.0,100.0,56,56,50,6,0,6,1.0,14.45703125,0,0,0,0,0,3701,256,16,0,0,3,7.5,
window_robust,window,none,fidelity,False,True,16,0.05,25,0,True,iid,0.1,1,s015,6,25.75,15.108695652173914,0.0,100.0,56,56,50,6,0,6,1.0,13.390625,0,0,0,0,0,3428,256,16,0,0,2,7.5,
window_robust,window,none,fidelity,False,True,16,0.05,25,0,True,iid,0.1,1,s015,7,29.75,15.108695652173914,0.0,100.0,56,56,50,6,0,6,1.0,14.5390625,0,0,0,0,0,3722,256,16,0,0,2,7.5,
window_robust,window,none,fidelity,False,True,16,0.05,25,0,True,iid,0.1,1,s015,8,22.249999999999996,7.33695652173913,0.0,100.0,56,56,50,6,0,6,1.0,13.11328125,0,0,0,0,0,3357,256,16,0,0,1,7.5,100.0
window_robust,window,none,fidelity,False,True,16,0.05,25,0,True,iid,0.1,2,s015,2,27.750000000000004,12.771739130434783,0.0,100.0,56,56,50,6,0,6,1.0,14.0078125,0,0,0,0,0,3586,256,16,0,0,1,7.5,
window_robust,window,none,fidelity,False,True,16,0.05,25,0,True,iid,0.1,2,s015,3,20.249999999999996,8.097826086956525,0.0,100.0,56,56,50,6,0,6,1.0,13.15234375,0,0,0,0,0,3367,256,16,0,0,3,7.5,
window_robust,window,none,fidelity,False,True,16,0.05,25,0,True,iid,0.1,2,s015,4,21.249999999999996,11.847826086956523,0.0,100.0,56,56,50,6,0,6,1.0,12.8671875,0,0,0,0,0,3294,256,16,0,0,2,7.5,
window_robust,window,none,fidelity,False,True,16,0.05,25,0,True,iid,0.1,2,s015,5,35.0,17.445652173913043,0.0,100.0,56,56,50,6,0,6,1.0,14.23046875,0,0,0,0,0,3643,256,16,0,0,2,7.5,
window_robust,window,none,fidelity,False,True,16,0.05,25,0,True,iid,0.1,2,s015,6,26.25,17.445652173913043,0.0,100.0,56,56,50,6,0,6,1.0,13.6484375,0,0,0,0,0,3494,256,16,0,0,2,7.5,
window_robust,window,none,fidelity,False,True,16,0.05,25,0,True,iid,0.1,2,s015,7,26.25,15.108695652173914,0.0,100.0,56,56,50,6,0,6,1.0,14.375,0,0,0,0,0,3680,256,16,0,0,4,7.5,
window_robust,window,none,fidelity,False,True,16,0.05,25,0,True,iid,0.1,2,s015,8,21.0,12.771739130434783,0.0,100.0,56,56,50,6,0,6,1.0,12.8828125,0,0,0,0,0,3298,256,16,0,0,3,7.5,100.0
aeqkad_robust,window,full,fidelity,False,True,16,0.05,25,0,True,iid,0.1,0,s015,2,28.749999999999996,16.358695652173914,0.0,100.0,56,37,35,2,0,6,0.7,11.61328125,56,18,0,0,1,2973,256,16,0,0,1,12.0625,
aeqkad_robust,window,full,fidelity,False,True,16,0.05,25,0,True,iid,0.1,0,s015,3,23.5,6.847826086956524,0.0,100.0,56,41,41,0,0,6,0.82,11.015625,56,15,0,0,0,2820,256,16,0,0,0,9.0625,
aeqkad_robust,window,full,fidelity,False,True,16,0.05,25,0,True,iid,0.1,0,s015,4,28.500000000000004,12.608695652173912,0.0,100.0,56,37,37,0,0,6,0.74,10.59765625,56,18,0,0,1,2713,256,16,0,0,0,17.8125,
aeqkad_robust,window,full,fidelity,False,True,16,0.05,25,0,True,iid,0.1,0,s015,5,35.0,17.445652173913043,0.0,100.0,56,42,40,2,0,6,0.8,13.13671875,56,13,0,0,1,3363,256,16,0,0,0,11.625,
aeqkad_robust,window,full,fidelity,False,True,16,0.05,25,0,True,iid,0.1,0,s015,6,28.000000000000004,10.434782608695654,0.0,100.0,56,41,39,2,0,6,0.78,11.5546875,56,13,0,0,2,2958,256,16,0,0,1,10.5625,
aeqkad_robust,window,full,fidelity,False,True,16,0.05,25,0,True,iid,0.1,0,s015,7,27.750000000000004,12.934782608695656,0.0,100.0,56,47,44,3,0,6,0.88,13.77734375,56,8,0,0,1,3527,256,16,0,0,1,9.625,
aeqkad_robust,window,full,fidelity,False,True,16,0.05,25,0,True,iid,0.1,0,s015,8,26.0,11.684782608695654,0.0,100.0,56,37,36,1,0,6,0.72,9.25,56,17,0,0,2,2368,256,16,0,0,1,14.0,100.0
aeqkad_robust,window,full,fidelity,False,True,16,0.05,25,0,True,iid,0.1,1,s015,2,29.75,15.108695652173914,0.0,100.0,56,37,37,0,0,6,0.74,11.7890625,56,15,0,0,4,3018,256,16,0,0,0,11.4375,
aeqkad_robust,window,full,fidelity,False,True,16,0.05,25,0,True,iid,0.1,1,s015,3,24.0,10.434782608695654,0.0,100.0,56,41,41,0,0,6,0.82,10.90234375,56,14,0,0,1,2791,256,16,0,0,0,9.5,
aeqkad_robust,window,full,fidelity,False,True,16,0.05,25,0,True,iid,0.1,1,s015,4,28.749999999999996,18.858695652173914,0.0,100.0,56,38,37,1,0,6,0.74,10.72265625,56,14,0,0,4,2745,256,16,0,0,1,15.5,
aeqkad_robust,window,full,fidelity,False,True,16,0.05,25,0,True,iid,0.1,1,s015,5,30.000000000000004,15.434782608695654,0.0,100.0,56,41,39,2,0,6,0.78,13.23046875,56,12,0,0,3,3387,256,16,0,0,1,11.6875,
aeqkad_robust,window,full,fidelity,False,True,16,0.05,25,0,True,iid,0.1,1,s015,6,31.500000000000007,20.869565217391305,0.0,100.0,56,42,39,3,0,6,0.78,11.8515625,56,11,0,0,3,3034,256,16,0,0,1,10.5,
aeqkad_robust,window,full,fidelity,False,True,16,0.05,25,0,True,iid,0.1,1,s015,7,27.250000000000004,11.684782608695654,0.0,100.0,56,46,45,1,0,6,0.9,13.80078125,56,8,0,0,2,3533,256,16,0,0,0,10.5,
aeqkad_robust,window,full,fidelity,False,True,16,0.05,25,0,True,iid,0.1,1,s015,8,27.500000000000004,8.42391304347826,0.0,100.0,56,37,36,1,0,6,0.72,9.62890625,56,17,0,0,2,2465,256,16,0,0,0,14.125,100.0
aeqkad_robust,window,full,fidelity,False,True,16,0.05,25,0,True,iid,0.1,2,s015,2,24.25,18.532608695652172,0.0,100.0,56,37,36,1,0,6,0.72,11.49609375,56,17,0,0,2,2943,256,16,0,0,1,12.75,
aeqkad_robust,window,full,fidelity,False,True,16,0.05,25,0,True,iid,0.1,2,s015,3,23.5,10.434782608695654,0.0,100.0,56,43,41,2,0,6,0.82,11.125,56,12,0,0,1,2848,256,16,0,0,2,8.5,
aeqkad_robust,window,full,fidelity,False,True,16,0.05,25,0,True,iid,0.1,2,s015,4,30.5,15.108695652173914,0.0,100.0,56,38,37,1,0,6,0.74,10.82421875,56,18,0,0,0,2771,256,16,0,0,1,15.8125,
aeqkad_robust,window,full,fidelity,False,True,16,0.05,25,0,True,iid,0.1,2,s015,5,30.75,12.934782608695656,0.0,100.0,56,42,39,3,0,6,0.78,12.84375,56,14,0,0,0,3288,256,16,0,0,1,12.375,
aeqkad_robust,window,full,fidelity,False,True,16,0.05,25,0,True,iid,0.1,2,s015,6,28.749999999999996,20.869565217391305,0.0,100.0,56,41,39,2,0,6,0.78,11.52734375,56,15,0,0,0,2951,256,16,0,0,1,10.5,
aeqkad_robust,window,full,fidelity,False,True,16,0.05,25,0,True,iid,0.1,2,s015,7,27.249999999999996,17.445652173913043,0.0,100.0,56,49,45,4,0,6,0.9,13.99609375,56,6,0,0,1,3583,256,16,0,0,3,9.375,
aeqkad_robust,window,full,fidelity,False,True,16,0.05,25,0,True,iid,0.1,2,s015,8,32.5,10.434782608695654,0.0,100.0,56,36,35,1,0,6,0.7,9.85546875,56,19,0,0,1,2523,256,16,0,0,1,16.6875,100.0
static_robust,static,none,fidelity,False,True,16,0.05,25,0,True,iid,0.1,0,s016,2,5.250000000000003,0.0,0.0,94.5,56,0,0,0,0,6,0.0,45.0,0,0,0,0,0,11520,256,50,0,50,0,81.5,
static_robust,static,none,fidelity,False,True,16,0.05,25,0,True,iid,0.1,0,s016,3,15.500000000000004,9.347826086956525,0.0,95.5,56,0,0,0,0,6,0.0,45.0,0,0,0,0,0,11520,256,50,0,50,0,137.5,
static_robust,static,none,fidelity,False,True,16,0.05,25,0,True,iid,0.1,0,s016,4,23.75,8.097826086956525,0.0,88.5,56,0,0,0,0,6,0.0,45.0,0,0,0,0,0,11520,256,50,0,50,0,193.5,
static_robust,static,none,fidelity,False,True,16,0.05,25,0,True,iid,0.1,0,s016,5,20.249999999999996,5.923913043478259,0.0,91.0,56,0,0,0,0,6,0.0,45.0,0,0,0,0,0,11520,256,50,0,50,0,249.5,
static_robust,static,none,fidelity,False,True,16,0.05,25,0,True,iid,0.1,0,s016,6,17.250000000000004,7.934782608695653,0.0,93.0,56,0,0,0,0,6,0.0,45.0,0,0,0,0,0,11520,256,50,0,50,0,305.5,
static_robust,static,none,fidelity,False,True,16,0.05,25,0,True,iid,0.1,0,s016,7,64.5,50.0,24.0,93.0,56,0,0,0,0,6,0.0,45.0,0,0,0,0,0,11520,256,50,0,50,0,361.5,
static_robust,static,none,fidelity,False,True,16,0.05,25,0,True,iid,0.1,0,s016,8,49.75,40.65217391304348,22.0,92.5,56,0,0,0,0,6,0.0,45.0,0,0,0,0,0,11520,256,50,0,50,0,417.5,98.0
static_robust,static,none,fidelity,False,True,16,0.05,25,0,True,iid,0.1,1,s016,2,8.249999999999998,0.0,0.0,90.5,56,0,0,0,0,6,0.0,45.0,0,0,0,0,0,11520,256,50,0,50,0,81.5,
static_robust,static,none,fidelity,False,True,16,0.05,25,0,True,iid,0.1,1,s016,3,16.250000000000004,9.184782608695654,0.0,87.0,56,0,0,0,0,6,0.0,45.0,0,0,0,0,0,11520,256,50,0,50,0,137.5,
static_robust,static,none,fidelity,False,True,16,0.05,25,0,True,iid,0.1,1,s016,4,28.000000000000004,10.434782608695654,0.0,86.0,56,0,0,0,0,6,0.0,45.0,0,0,0,0,0,11520,256,50,0,50,0,193.5,
static_robust,static,none,fidelity,False,True,16,0.05,25,0,True,iid,0.1,1,s016,5,20.0,4.67391304347826,0.0,86.5,56,0,0,0,0,6,0.0,45.0,0,0,0,0,0,11520,256,50,0,50,0,249.5,
static_robust,static,none,fidelity,False,True,16,0.05,25,0,True,iid,0.1,1,s016,6,18.000000000000004,10.434782608695654,0.0,88.5,56,0,0,0,0,6,0.0,45.0,0,0,0,0,0,11520,256,50,0,50,0,305.5,
static_robust,static,none,fidelity,False,True,16,0.05,25,0,True,iid,0.1,1,s016,7,62.25000000000001,47.66304347826087,38.0,82.5,56,0,0,0,0,6,0.0,45.0,0,0,0,0,0,11520,256,50,0,50,0,361.5,
static_robust,static,none,fidelity,False,True,16,0.05,25,0,True,iid,0.1,1,s016,8,51.5,41.90217391304347,28.000000000000004,88.0,56,0,0,0,0,6,0.0,45.0,0,0,0,0,0,11520,256,50,0,50,0,417.5,34.0
static_robust,static,none,fidelity,False,True,16,0.05,25,0,True,iid,0.1,2,s016,2,5.250000000000003,0.0,4.0,50.0,56,0,0,0,0,6,0.0,46.0,0,0,0,0,0,11776,256,50,0,50,0,81.5,
static_robust,static,none,fidelity,False,True,16,0.05,25,0,True,iid,0.1,2,s016,3,18.000000000000004,3.58695652173913,10.0,50.0,56,0,0,0,0,6,0.0,46.0,0,0,0,0,0,11776,256,50,0,50,0,137.5,
static_robust,static,none,fidelity,False,True,16,0.05,25,0,True,iid,0.1,2,s016,4,25.75,14.945652173913043,14.000000000000002,45.5,56,0,0,0,0,6,0.0,46.0,0,0,0,0,0,11776,256,50,0,50,0,193.5,
static_robust,static,none,fidelity,False,True,16,0.05,25,0,True,iid,0.1,2,s016,5,17.750000000000004,5.923913043478259,6.0,44.0,56,0,0,0,0,6,0.0,46.0,0,0,0,0,0,11776,256,50,0,50,0,249.5,
static_robust,static,none,fidelity,False,True,16,0.05,25,0,True,iid,0.1,2,s016,6,19.499999999999996,14.021739130434785,10.0,40.5,56,0,0,0,0,6,0.0,46.0,0,0,0,0,0,11776,256,50,0,50,0,305.5,
static_robust,static,none,fidelity,False,True,16,0.05,25,0,True,iid,0.1,2,s016,7,62.25000000000001,52.33695652173913,68.0,43.0,56,0,0,0,0,6,0.0,46.0,0,0,0,0,0,11776,256,50,0,50,0,361.5,
static_robust,static,none,fidelity,False,True,16,0.05,25,0,True,iid,0.1,2,s016,8,52.25,41.73913043478261,48.0,45.0,56,0,0,0,0,6,0.0,46.0,0,0,0,0,0,11776,256,50,0,50,0,417.5,82.0
window_robust,window,none,fidelity,False,True,16,0.05,25,0,True,iid,0.1,0,s016,2,15.750000000000004,5.760869565217389,0.0,100.0,56,56,50,6,0,6,1.0,13.39453125,0,0,0,0,0,3429,256,16,0,0,0,7.5,
window_robust,window,none,fidelity,False,True,16,0.05,25,0,True,iid,0.1,0,s016,3,23.5,9.184782608695654,0.0,100.0,56,56,50,6,0,6,1.0,14.609375,0,0,0,0,0,3740,256,16,0,0,0,7.5,
window_robust,window,none,fidelity,False,True,16,0.05,25,0,True,iid,0.1,0,s016,4,34.75,16.358695652173914,0.0,100.0,56,56,50,6,0,6,1.0,15.71484375,0,0,0,0,0,4023,256,16,0,0,1,7.5,
window_robust,window,none,fidelity,False,True,16,0.05,25,0,True,iid,0.1,0,s016,5,23.5,8.260869565217389,0.0,100.0,56,56,50,6,0,6,1.0,15.07421875,0,0,0,0,0,3859,256,16,0,0,2,7.5,
window_robust,window,none,fidelity,False,True,16,0.05,25,0,True,iid,0.1,0,s016,6,27.750000000000004,12.771739130434783,0.0,100.0,56,56,50,6,0,6,1.0,14.59375,0,0,0,0,0,3736,256,16,0,0,3,7.5,
window_robust,window,none,fidelity,False,True,16,0.05,25,0,True,iid,0.1,0,s016,7,21.249999999999996,15.108695652173914,0.0,100.0,56,56,50,6,0,6,1.0,12.51171875,0,0,0,0,0,3203,256,16,0,0,0,7.5,
window_robust,window,none,fidelity,False,True,16,0.05,25,0,True,iid,0.1,0,s016,8,26.0,14.021739130434785,0.0,100.0,56,56,50,6,0,6,1.0,13.51171875,0,0,0,0,0,3459,256,16,0,0,1,7.5,100.0
window_robust,window,none,fidelity,False,True,16,0.05,25,0,True,iid,0.1,1,s016,2,13.5,1.25,0.0,100.0,56,56,50,6,0,6,1.0,13.36328125,0,0,0,0,0,3421,256,16,0,0,1,7.5,
window_robust,window,none,fidelity,False,True,16,0.05,25,0,True,iid,0.1,1,s016,3,28.500000000000004,15.108695652173914,0.0,100.0,56,56,50,6,0,6,1.0,14.59375,0,0,0,0,0,3736,256,16,0,0,1,7.5,
window_robust,window,none,fidelity,False,True,16,0.05,25,0,True,iid,0.1,1,s016,4,33.24999999999999,8.097826086956525,0.0,100.0,56,56,50,6,0,6,1.0,15.59765625,0,0,0,0,0,3993,256,16,0,0,4,7.5,
window_robust,window,none,fidelity,False,True,16,0.05,25,0,True,iid,0.1,1,s016,5,26.0,15.108695652173914,0.0,100.0,56,56,50,6,0,6,1.0,15.1328125,0,0,0,0,0,3874,256,16,0,0,3,7.5,
window_robust,window,none,fidelity,False,True,16,0.05,25,0,True,iid,0.1,1,s016,6,33.75,23.20652173913043,0.0,100.0,56,56,50,6,0,6,1.0,14.765625,0,0,0,0,0,3780,256,16,0,0,0,7.5,
window_robust,window,none,fidelity,False,True,16,0.05,25,0,True,iid,0.1,1,s016,7,15.250000000000002,7.17391304347826,0.0,100.0,56,56,50,6,0,6,1.0,12.1796875,0,0,0,0,0,3118,256,16,0,0,4,7.5,
window_robust,window,none,fidelity,False,True,16,0.05,25,0,True,iid,0.1,1,s016,8,31.999999999999996,26.6304347826087,0.0,100.0,56,56,50,6,0,6,1.0,13.828125,0,0,0,0,0,3540,256,16,0,0,3,7.5,100.0
window_robust,window,none,fidelity,False,True,16,0.05,25,0,True,iid,0.1,2,s016,2,16.250000000000004,5.760869565217389,0.0,95.0,56,56,50,6,0,6,1.0,13.6171875,0,0,0,0,0,3486,256,16,0,0,0,7.5,
window_robust,window,none,fidelity,False,True,16,0.05,25,0,True,iid,0.1,2,s016,3,28.500000000000004,14.021739130434785,0.0,95.0,56,56,50,6,0,6,1.0,14.640625,0,0,0,0,0,3748,256,16,0,0,0,7.5,
window_robust,window,none,fidelity,False,True,16,0.05,25,0,True,iid,0.1,2,s016,4,33.75,16.358695652173914,0.0,99.5,56,56,50,6,0,6,1.0,15.73828125,0,0,0,0,0,4029,256,16,0,0,3,7.5,
window_robust,window,none,fidelity,False,True,16,0.05,25,0,True,iid,0.1,2,s016,5,28.750000000000004,15.108695652173914,2.0,97.5,56,55,49,6,0,6,0.98,15.0078125,0,0,0,0,0,3842,256,16,0,0,2,7.5,
window_robust,window,none,fidelity,False,True,16,0.05,25,0,True,iid,0.1,2,s016,6,25.0,8.097826086956525,4.0,98.5,56,54,48,6,0,6,0.96,14.7109375,0,0,0,0,0,3766,256,16,0,0,1,7.5,
window_robust,window,none,fidelity,False,True,16,0.05,25,0,True,iid,0.1,2,s016,7,27.750000000000004,21.956521739130434,0.0,95.0,56,56,50,6,0,6,1.0,12.1015625,0,0,0,0,0,3098,256,16,0,0,2,7.5,
window_robust,window,none,fidelity,False,True,16,0.05,25,0,True,iid,0.1,2,s016,8,30.000000000000004,17.445652173913043,0.0,98.0,56,56,50,6,0,6,1.0,13.7109375,0,0,0,0,0,3510,256,16,0,0,1,7.5,96.0
aeqkad_robust,window,full,fidelity,False,True,16,0.05,25,0,True,iid,0.1,0,s016,2,10.999999999999998,0.0,0.0,100.0,56,42,42,0,0,6,0.84,12.48046875,56,11,0,0,3,3195,256,16,0,0,0,11.0,
aeqkad_robust,window,full,fidelity,False,True,16,0.05,25,0,True,iid,0.1,0,s016,3,28.500000000000004,15.108695652173914,0.0,100.0,56,15,15,0,0,6,0.3,11.4921875,56,28,0,0,13,2942,256,16,0,0,0,19.1875,
aeqkad_robust,window,full,fidelity,False,True,16,0.05,25,0,True,iid,0.1,0,s016,4,30.000000000000004,11.684782608695654,0.0,100.0,56,23,22,1,0,6,0.44,13.78125,56,30,0,0,3,3528,256,16,0,0,1,17.4375,
aeqkad_robust,window,full,fidelity,False,True,16,0.05,25,0,True,iid,0.1,0,s016,5,17.000000000000004,1.25,0.0,100.0,56,39,39,0,0,6,0.78,13.82421875,56,16,0,0,1,3539,256,16,0,0,0,10.3125,
aeqkad_robust,window,full,fidelity,False,True,16,0.05,25,0,True,iid,0.1,0,s016,6,21.999999999999996,7.01086956521739,0.0,100.0,56,29,29,0,0,6,0.58,11.5078125,56,20,0,0,7,2946,256,16,0,0,0,11.0625,
aeqkad_robust,window,full,fidelity,False,True,16,0.05,25,0,True,iid,0.1,0,s016,7,63.0,57.01086956521739,0.0,100.0,56,2,2,0,0,6,0.04,9.328125,56,50,0,0,4,2388,256,16,0,0,0,61.9375,
aeqkad_robust,window,full,fidelity,False,True,16,0.05,25,0,True,iid,0.1,0,s016,8,61.5,55.7608695652174,0.0,100.0,56,9,9,0,0,6,0.18,10.140625,56,42,0,0,5,2596,256,16,0,0,0,50.5,100.0
aeqkad_robust,window,full,fidelity,False,True,16,0.05,25,0,True,iid,0.1,1,s016,2,9.0,0.0,0.0,100.0,56,41,41,0,0,6,0.82,12.0625,56,11,0,0,4,3088,256,16,0,0,0,13.125,
aeqkad_robust,window,full,fidelity,False,True,16,0.05,25,0,True,iid,0.1,1,s016,3,27.750000000000004,12.771739130434783,0.0,100.0,56,15,15,0,0,6,0.3,10.6875,56,30,0,0,11,2736,256,16,0,0,0,20.0625,
aeqkad_robust,window,full,fidelity,False,True,16,0.05,25,0,True,iid,0.1,1,s016,4,29.75,13.858695652173914,0.0,100.0,56,21,21,0,0,6,0.42,13.6171875,56,31,0,0,4,3486,256,16,0,0,0,21.125,
aeqkad_robust,window,full,fidelity,False,True,16,0.05,25,0,True,iid,0.1,1,s016,5,21.499999999999996,2.33695652173913,0.0,100.0,56,33,33,0,0,6,0.66,13.29296875,56,18,0,0,5,3403,256,16,0,0,0,11.625,
aeqkad_robust,window,full,fidelity,False,True,16,0.05,25,0,True,iid,0.1,1,s016,6,22.499999999999996,7.01086956521739,0.0,100.0,56,30,30,0,0,6,0.6,11.328125,56,21,0,0,5,2900,256,16,0,0,0,8.3125,
aeqkad_robust,window,full,fidelity,False,True,16,0.05,25,0,True,iid,0.1,1,s016,7,61.25000000000001,55.92391304347826,0.0,100.0,56,2,2,0,0,6,0.04,10.60546875,56,51,0,0,3,2715,256,16,0,0,0,60.0,
aeqkad_robust,window,full,fidelity,False,True,16,0.05,25,0,True,iid,0.1,1,s016,8,58.25,57.01086956521739,0.0,100.0,56,9,9,0,0,6,0.18,10.3359375,56,43,0,0,4,2646,256,16,0,0,0,50.6875,100.0
aeqkad_robust,window,full,fidelity,False,True,16,0.05,25,0,True,iid,0.1,2,s016,2,9.749999999999998,0.0,2.0,83.0,56,41,41,0,0,6,0.82,12.1328125,53,9,0,0,3,3106,256,16,0,0,0,10.8125,
aeqkad_robust,window,full,fidelity,False,True,16,0.05,25,0,True,iid,0.1,2,s016,3,30.000000000000004,12.771739130434783,0.0,80.0,56,19,19,0,0,6,0.38,11.21875,56,33,0,0,4,2872,256,16,0,0,0,13.625,
aeqkad_robust,window,full,fidelity,False,True,16,0.05,25,0,True,iid,0.1,2,s016,4,31.25,13.858695652173914,4.0,94.0,56,22,22,0,0,6,0.44,14.30078125,53,29,0,0,2,3661,256,16,0,0,0,19.25,
aeqkad_robust,window,full,fidelity,False,True,16,0.05,25,0,True,iid,0.1,2,s016,5,20.249999999999996,0.0,8.0,94.5,56,32,32,0,0,6,0.64,13.1796875,52,16,0,0,4,3374,256,16,0,0,0,11.0625,
aeqkad_robust,window,full,fidelity,False,True,16,0.05,25,0,True,iid,0.1,2,s016,6,22.249999999999996,10.434782608695654,8.0,88.0,56,29,29,0,0,6,0.58,11.40625,49,17,0,0,3,2920,256,16,0,0,0,9.25,
aeqkad_robust,window,full,fidelity,False,True,16,0.05,25,0,True,iid,0.1,2,s016,7,58.25,46.25,22.0,81.0,56,2,2,0,0,6,0.04,9.0078125,45,40,0,0,3,2306,256,16,0,0,0,60.375,
aeqkad_robust,window,full,fidelity,False,True,16,0.05,25,0,True,iid,0.1,2,s016,8,56.49999999999999,58.26086956521739,20.0,89.0,56,9,9,0,0,6,0.18,9.29296875,46,33,0,0,4,2379,256,16,0,0,0,49.875,92.0
static_robust,static,none,fidelity,False,True,16,0.05,25,0,True,iid,0.1,0,s017,2,7.999999999999999,1.25,0.0,100.0,56,0,0,0,0,6,0.0,41.0,0,0,0,0,0,10496,256,50,0,50,0,81.5,
static_robust,static,none,fidelity,False,True,16,0.05,25,0,True,iid,0.1,0,s017,3,9.499999999999998,0.0,0.0,100.0,56,0,0,0,0,6,0.0,41.0,0,0,0,0,0,10496,256,50,0,50,0,137.5,
static_robust,static,none,fidelity,False,True,16,0.05,25,0,True,iid,0.1,0,s017,4,7.499999999999998,2.33695652173913,0.0,100.0,56,0,0,0,0,6,0.0,41.0,0,0,0,0,0,10496,256,50,0,50,0,193.5,
static_robust,static,none,fidelity,False,True,16,0.05,25,0,True,iid,0.1,0,s017,5,10.0,1.25,0.0,100.0,56,0,0,0,0,6,0.0,41.0,0,0,0,0,0,10496,256,50,0,50,0,249.5,
static_robust,static,none,fidelity,False,True,16,0.05,25,0,True,iid,0.1,0,s017,6,10.749999999999998,4.67391304347826,0.0,100.0,56,0,0,0,0,6,0.0,41.0,0,0,0,0,0,10496,256,50,0,50,0,305.5,
static_robust,static,none,fidelity,False,True,16,0.05,25,0,True,iid,0.1,0,s017,7,7.499999999999998,1.25,0.0,100.0,56,0,0,0,0,6,0.0,41.0,0,0,0,0,0,10496,256,50,0,50,0,361.5,
static_robust,static,none,fidelity,False,True,16,0.05,25,0,True,iid,0.1,0,s017,8,7.999999999999999,2.33695652173913,0.0,100.0,56,0,0,0,0,6,0.0,41.0,0,0,0,0,0,10496,256,50,0,50,0,417.5,100.0
static_robust,static,none,fidelity,False,True,16,0.05,25,0,True,iid,0.1,1,s017,2,9.749999999999998,0.0,0.0,100.0,56,0,0,0,0,6,0.0,41.0,0,0,0,0,0,10496,256,50,0,50,0,81.5,
static_robust,static,none,fidelity,False,True,16,0.05,25,0,True,iid,0.1,1,s017,3,7.999999999999999,0.0,0.0,100.0,56,0,0,0,0,6,0.0,41.0,0,0,0,0,0,10496,256,50,0,50,0,137.5,
static_robust,static,none,fidelity,False,True,16,0.05,25,0,True,iid,0.1,1,s017,4,10.0,0.0,0.0,100.0,56,0,0,0,0,6,0.0,41.0,0,0,0,0,0,10496,256,50,0,50,0,193.5,
static_robust,static,none,fidelity,False,True,16,0.05,25,0,True,iid,0.1,1,s017,5,7.999999999999999,3.423913043478259,0.0,100.0,56,0,0,0,0,6,0.0,41.0,0,0,0,0,0,10496,256,50,0,50,0,249.5,
static_robust,static,none,fidelity,False,True,16,0.05,25,0,True,iid,0.1,1,s017,6,11.5,1.25,0.0,100.0,56,0,0,0,0,6,0.0,41.0,0,0,0,0,0,10496,256,50,0,50,0,305.5,
static_robust,static,none,fidelity,False,True,16,0.05,25,0,True,iid,0.1,1,s017,7,9.499999999999998,1.25,0.0,100.0,56,0,0,0,0,6,0.0,41.0,0,0,0,0,0,10496,256,50,0,50,0,361.5,
static_robust,static,none,fidelity,False,True,16,0.05,25,0,True,iid,0.1,1,s017,8,8.5,0.0,0.0,100.0,56,0,0,0,0,6,0.0,41.0,0,0,0,0,0,10496,256,50,0,50,0,417.5,100.0
static_robust,static,none,fidelity,False,True,16,0.05,25,0,True,iid,0.1,2,s017,2,7.0000000000000036,0.0,2.0,36.0,56,0,0,0,0,6,0.0,41.0,0,0,0,0,0,10496,256,50,0,50,0,81.5,
static_robust,static,none,fidelity,False,True,16,0.05,25,0,True,iid,0.1,2,s017,3,5.750000000000003,0.0,2.0,34.0,56,0,0,0,0,6,0.0,41.0,0,0,0,0,0,10496,256,50,0,50,0,137.5,
static_robust,static,none,fidelity,False,True,16,0.05,25,0,True,iid,0.1,2,s017,4,7.999999999999999,0.0,4.0,40.5,56,0,0,0,0,6,0.0,41.0,0,0,0,0,0,10496,256,50,0,50,0,193.5,
static_robust,static,none,fidelity,False,True,16,0.05,25,0,True,iid,0.1,2,s017,5,10.0,4.67391304347826,2.0,34.5,56,0,0,0,0,6,0.0,41.0,0,0,0,0,0,10496,256,50,0,50,0,249.5,
static_robust,static,none,fidelity,False,True,16,0.05,25,0,True,iid,0.1,2,s017,6,11.5,2.5,2.0,39.0,56,0,0,0,0,6,0.0,41.0,0,0,0,0,0,10496,256,50,0,50,0,305.5,
static_robust,static,none,fidelity,False,True,16,0.05,25,0,True,iid,0.1,2,s017,7,7.499999999999998,1.25,2.0,38.5,56,0,0,0,0,6,0.0,41.0,0,0,0,0,0,10496,256,50,0,50,0,361.5,
static_robust,static,none,fidelity,False,True,16,0.05,25,0,True,iid,0.1,2,s017,8,8.75,1.25,4.0,38.0,56,0,0,0,0,6,0.0,41.0,0,0,0,0,0,10496,256,50,0,50,0,417.5,38.0
window_robust,window,none,fidelity,False,True,16,0.05,25,0,True,iid,0.1,0,s017,2,12.0,0.0,0.0,96.5,56,56,50,6,0,6,1.0,14.90234375,0,0,0,0,0,3815,256,16,0,0,1,7.5,
window_robust,window,none,fidelity,False,True,16,0.05,25,0,True,iid,0.1,0,s017,3,15.25,0.0,2.0,86.5,56,53,49,4,0,6,0.98,14.21875,0,0,0,0,0,3640,256,16,0,0,1,7.875,
window_robust,window,none,fidelity,False,True,16,0.05,25,0,True,iid,0.1,0,s017,4,12.5,0.0,0.0,91.5,56,55,50,5,0,6,1.0,13.05859375,0,0,0,0,0,3343,256,16,0,0,1,7.5,
window_robust,window,none,fidelity,False,True,16,0.05,25,0,True,iid,0.1,0,s017,5,12.0,3.423913043478259,2.0,92.0,56,55,49,6,0,6,0.98,13.3046875,0,0,0,0,0,3406,256,16,0,0,3,7.5,
window_robust,window,none,fidelity,False,True,16,0.05,25,0,True,iid,0.1,0,s017,6,12.25,2.33695652173913,0.0,91.5,56,55,50,5,0,6,1.0,13.66796875,0,0,0,0,0,3499,256,16,0,0,1,8.5,
window_robust,window,none,fidelity,False,True,16,0.05,25,0,True,iid,0.1,0,s017,7,9.25,1.25,4.0,90.0,56,54,48,6,0,6,0.96,12.859375,0,0,0,0,0,3292,256,16,0,0,0,7.5,
window_robust,window,none,fidelity,False,True,16,0.05,25,0,True,iid,0.1,0,s017,8,6.749999999999997,0.0,2.0,84.5,56,54,49,5,0,6,0.98,13.11328125,0,0,0,0,0,3357,256,16,0,0,3,7.5,94.0
window_robust,window,none,fidelity,False,True,16,0.05,25,0,True,iid,0.1,1,s017,2,6.749999999999999,0.0,0.0,100.0,56,56,50,6,0,6,1.0,14.7109375,0,0,0,0,0,3766,256,16,0,0,3,7.5,
window_robust,window,none,fidelity,False,True,16,0.05,25,0,True,iid,0.1,1,s017,3,12.5,0.0,0.0,100.0,56,56,50,6,0,6,1.0,14.203125,0,0,0,0,0,3636,256,16,0,0,2,7.5,
window_robust,window,none,fidelity,False,True,16,0.05,25,0,True,iid,0.1,1,s017,4,12.0,0.0,0.0,100.0,56,56,50,6,0,6,1.0,13.2265625,0,0,0,0,0,3386,256,16,0,0,0,7.5,
window_robust,window,none,fidelity,False,True,16,0.05,25,0,True,iid,0.1,1,s017,5,7.749999999999998,0.0,0.0,100.0,56,56,50,6,0,6,1.0,13.26953125,0,0,0,0,0,3397,256,16,0,0,3,7.5,
window_robust,window,none,fidelity,False,True,16,0.05,25,0,True,iid,0.1,1,s017,6,15.750000000000004,3.423913043478259,0.0,100.0,56,56,50,6,0,6,1.0,13.87109375,0,0,0,0,0,3551,256,16,0,0,1,7.5,
window_robust,window,none,fidelity,False,True,16,0.05,25,0,True,iid,0.1,1,s017,7,7.499999999999998,0.0,0.0,100.0,56,56,50,6,0,6,1.0,13.4140625,0,0,0,0,0,3434,256,16,0,0,2,7.5,
window_robust,window,none,fidelity,False,True,16,0.05,25,0,True,iid,0.1,1,s017,8,6.749999999999997,0.0,0.0,100.0,56,56,50,6,0,6,1.0,13.40234375,0,0,0,0,0,3431,256,16,0,0,1,7.5,100.0
window_robust,window,none,fidelity,False,True,16,0.05,25,0,True,iid,0.1,2,s017,2,8.75,0.0,0.0,100.0,56,56,50,6,0,6,1.0,14.71875,0,0,0,0,0,3768,256,16,0,0,0,7.5,
window_robust,window,none,fidelity,False,True,16,0.05,25,0,True,iid,0.1,2,s017,3,8.5,0.0,0.0,100.0,56,56,50,6,0,6,1.0,14.45703125,0,0,0,0,0,3701,256,16,0,0,2,7.5,
window_robust,window,none,fidelity,False,True,16,0.05,25,0,True,iid,0.1,2,s017,4,12.0,0.0,0.0,100.0,56,56,50,6,0,6,1.0,13.4765625,0,0,0,0,0,3450,256,16,0,0,0,7.5,
window_robust,window,none,fidelity,False,True,16,0.05,25,0,True,iid,0.1,2,s017,5,9.749999999999998,1.25,0.0,100.0,56,56,50,6,0,6,1.0,13.546875,0,0,0,0,0,3468,256,16,0,0,2,7.5,
window_robust,window,none,fidelity,False,True,16,0.05,25,0,True,iid,0.1,2,s017,6,12.75,1.25,0.0,100.0,56,56,50,6,0,6,1.0,13.82421875,0,0,0,0,0,3539,256,16,0,0,1,7.5,
window_robust,window,none,fidelity,False,True,16,0.05,25,0,True,iid,0.1,2,s017,7,8.249999999999998,0.0,0.0,100.0,56,56,50,6,0,6,1.0,13.3515625,0,0,0,0,0,3418,256,16,0,0,1,7.5,
window_robust,window,none,fidelity,False,True,16,0.05,25,0,True,iid,0.1,2,s017,8,7.749999999999998,0.0,0.0,100.0,56,56,50,6,0,6,1.0,13.48828125,0,0,0,0,0,3453,256,16,0,0,3,7.5,100.0
aeqkad_robust,window,full,fidelity,False,True,16,0.05,25,0,True,iid,0.1,0,s017,2,12.5,0.0,2.0,89.0,56,33,33,0,0,6,0.66,13.86328125,55,22,0,0,0,3549,256,16,0,0,0,12.6875,
aeqkad_robust,window,full,fidelity,False,True,16,0.05,25,0,True,iid,0.1,0,s017,3,9.749999999999998,0.0,2.0,65.5,56,41,41,0,0,6,0.82,12.98828125,53,12,0,0,0,3325,256,16,0,0,0,11.625,
aeqkad_robust,window,full,fidelity,False,True,16,0.05,25,0,True,iid,0.1,0,s017,4,24.5,3.58695652173913,8.0,55.50000000000001,56,35,35,0,0,6,0.7,9.7421875,50,15,0,0,0,2494,256,16,0,0,0,11.5,
aeqkad_robust,window,full,fidelity,False,True,16,0.05,25,0,True,iid,0.1,0,s017,5,7.999999999999999,1.25,6.0,59.0,56,43,42,1,0,6,0.84,11.52734375,51,8,0,0,0,2951,256,16,0,0,1,9.6875,
aeqkad_robust,window,full,fidelity,False,True,16,0.05,25,0,True,iid,0.1,0,s017,6,15.75,2.33695652173913,2.0,68.5,56,37,37,0,0,6,0.74,11.41015625,53,16,0,0,0,2921,256,16,0,0,0,11.25,
aeqkad_robust,window,full,fidelity,False,True,16,0.05,25,0,True,iid,0.1,0,s017,7,12.0,1.25,4.0,64.0,56,42,42,0,0,6,0.84,11.328125,53,11,0,0,0,2900,256,16,0,0,0,9.125,
aeqkad_robust,window,full,fidelity,False,True,16,0.05,25,0,True,iid,0.1,0,s017,8,7.249999999999998,0.0,4.0,69.5,56,45,45,0,0,6,0.9,11.6328125,53,8,0,0,0,2978,256,16,0,0,0,10.0,76.0
aeqkad_robust,window,full,fidelity,False,True,16,0.05,25,0,True,iid,0.1,1,s017,2,14.000000000000002,0.0,0.0,100.0,56,33,33,0,0,6,0.66,13.53515625,56,23,0,0,0,3465,256,16,0,0,0,13.625,
aeqkad_robust,window,full,fidelity,False,True,16,0.05,25,0,True,iid,0.1,1,s017,3,9.0,0.0,0.0,100.0,56,41,41,0,0,6,0.82,12.67578125,56,15,0,0,0,3245,256,16,0,0,0,12.6875,
aeqkad_robust,window,full,fidelity,False,True,16,0.05,25,0,True,iid,0.1,1,s017,4,23.25,2.33695652173913,0.0,100.0,56,34,34,0,0,6,0.68,9.84375,56,22,0,0,0,2520,256,16,0,0,0,10.1875,
aeqkad_robust,window,full,fidelity,False,True,16,0.05,25,0,True,iid,0.1,1,s017,5,6.999999999999998,0.0,0.0,100.0,56,41,41,0,0,6,0.82,11.25,56,15,0,0,0,2880,256,16,0,0,0,10.8125,
aeqkad_robust,window,full,fidelity,False,True,16,0.05,25,0,True,iid,0.1,1,s017,6,13.750000000000002,1.25,0.0,100.0,56,36,36,0,0,6,0.72,10.8671875,56,20,0,0,0,2782,256,16,0,0,0,9.875,
aeqkad_robust,window,full,fidelity,False,True,16,0.05,25,0,True,iid,0.1,1,s017,7,10.249999999999998,1.25,0.0,100.0,56,42,42,0,0,6,0.84,11.24609375,56,14,0,0,0,2879,256,16,0,0,0,9.9375,
aeqkad_robust,window,full,fidelity,False,True,16,0.05,25,0,True,iid,0.1,1,s017,8,6.749999999999997,0.0,0.0,100.0,56,45,45,0,0,6,0.9,11.64453125,56,11,0,0,0,2981,256,16,0,0,0,7.9375,100.0
aeqkad_robust,window,full,fidelity,False,True,16,0.05,25,0,True,iid,0.1,2,s017,2,10.25,0.0,0.0,100.0,56,34,34,0,0,6,0.68,13.73828125,56,22,0,0,0,3517,256,16,0,0,0,11.0625,
aeqkad_robust,window,full,fidelity,False,True,16,0.05,25,0,True,iid,0.1,2,s017,3,9.749999999999998,0.0,0.0,100.0,56,41,41,0,0,6,0.82,12.51171875,56,15,0,0,0,3203,256,16,0,0,0,11.625,
aeqkad_robust,window,full,fidelity,False,True,16,0.05,25,0,True,iid,0.1,2,s017,4,19.249999999999996,3.58695652173913,0.0,100.0,56,35,35,0,0,6,0.7,9.8828125,56,21,0,0,0,2530,256,16,0,0,0,10.625,
aeqkad_robust,window,full,fidelity,False,True,16,0.05,25,0,True,iid,0.1,2,s017,5,10.999999999999998,1.25,0.0,100.0,56,42,42,0,0,6,0.84,11.5625,56,14,0,0,0,2960,256,16,0,0,0,9.625,
aeqkad_robust,window,full,fidelity,False,True,16,0.05,25,0,True,iid,0.1,2,s017,6,15.250000000000002,1.25,0.0,100.0,56,41,40,1,0,6,0.8,11.4140625,56,15,0,0,0,2922,256,16,0,0,1,9.625,
aeqkad_robust,window,full,fidelity,False,True,16,0.05,25,0,True,iid,0.1,2,s017,7,10.0,1.25,0.0,100.0,56,42,42,0,0,6,0.84,11.4296875,56,14,0,0,0,2926,256,16,0,0,0,9.9375,
aeqkad_robust,window,full,fidelity,False,True,16,0.05,25,0,True,iid,0.1,2,s017,8,6.999999999999998,0.0,0.0,100.0,56,45,45,0,0,6,0.9,11.68359375,56,11,0,0,0,2991,256,16,0,0,0,10.0,100.0
static_robust,static,none,fidelity,False,True,16,0.05,25,0,True,iid,0.1,0,s018,2,26.75,22.1195652173913,0.0,100.0,56,0,0,0,0,6,0.0,40.0,0,0,0,0,0,10240,256,50,0,50,0,81.5,
static_robust,static,none,fidelity,False,True,16,0.05,25,0,True,iid,0.1,0,s018,3,34.0,25.543478260869566,0.0,100.0,56,0,0,0,0,6,0.0,40.0,0,0,0,0,0,10240,256,50,0,50,0,137.5,
static_robust,static,none,fidelity,False,True,16,0.05,25,0,True,iid,0.1,0,s018,4,31.499999999999993,27.8804347826087,0.0,100.0,56,0,0,0,0,6,0.0,40.0,0,0,0,0,0,10240,256,50,0,50,0,193.5,
static_robust,static,none,fidelity,False,True,16,0.05,25,0,True,iid,0.1,0,s018,5,27.750000000000004,19.782608695652172,0.0,100.0,56,0,0,0,0,6,0.0,40.0,0,0,0,0,0,10240,256,50,0,50,0,249.5,
static_robust,static,none,fidelity,False,True,16,0.05,25,0,True,iid,0.1,0,s018,6,31.999999999999996,19.782608695652172,0.0,100.0,56,0,0,0,0,6,0.0,40.0,0,0,0,0,0,10240,256,50,0,50,0,305.5,
static_robust,static,none,fidelity,False,True,16,0.05,25,0,True,iid,0.1,0,s018,7,35.75,37.065217391304344,0.0,100.0,56,0,0,0,0,6,0.0,40.0,0,0,0,0,0,10240,256,50,0,50,0,361.5,
static_robust,static,none,fidelity,False,True,16,0.05,25,0,True,iid,0.1,0,s018,8,38.5,25.869565217391298,0.0,100.0,56,0,0,0,0,6,0.0,40.0,0,0,0,0,0,10240,256,50,0,50,0,417.5,100.0
static_robust,static,none,fidelity,False,True,16,0.05,25,0,True,iid,0.1,1,s018,2,26.25,18.369565217391305,0.0,100.0,56,0,0,0,0,6,0.0,40.0,0,0,0,0,0,10240,256,50,0,50,0,81.5,
static_robust,static,none,fidelity,False,True,16,0.05,25,0,True,iid,0.1,1,s018,3,31.499999999999993,17.445652173913043,0.0,100.0,56,0,0,0,0,6,0.0,40.0,0,0,0,0,0,10240,256,50,0,50,0,137.5,
static_robust,static,none,fidelity,False,True,16,0.05,25,0,True,iid,0.1,1,s018,4,33.75,32.55434782608696,0.0,100.0,56,0,0,0,0,6,0.0,40.0,0,0,0,0,0,10240,256,50,0,50,0,193.5,
static_robust,static,none,fidelity,False,True,16,0.05,25,0,True,iid,0.1,1,s018,5,26.5,12.934782608695656,0.0,100.0,56,0,0,0,0,6,0.0,40.0,0,0,0,0,0,10240,256,50,0,50,0,249.5,
static_robust,static,none,fidelity,False,True,16,0.05,25,0,True,iid,0.1,1,s018,6,31.75,30.217391304347828,0.0,100.0,56,0,0,0,0,6,0.0,40.0,0,0,0,0,0,10240,256,50,0,50,0,305.5,
static_robust,static,none,fidelity,False,True,16,0.05,25,0,True,iid,0.1,1,s018,7,36.0,27.8804347826087,0.0,100.0,56,0,0,0,0,6,0.0,40.0,0,0,0,0,0,10240,256,50,0,50,0,361.5,
static_robust,static,none,fidelity,False,True,16,0.05,25,0,True,iid,0.1,1,s018,8,43.49999999999999,42.82608695652174,0.0,100.0,56,0,0,0,0,6,0.0,40.0,0,0,0,0,0,10240,256,50,0,50,0,417.5,100.0
static_robust,static,none,fidelity,False,True,16,0.05,25,0,True,iid,0.1,2,s018,2,23.75,19.782608695652172,0.0,100.0,56,0,0,0,0,6,0.0,39.0,0,0,0,0,0,9984,256,50,0,50,0,81.5,
static_robust,static,none,fidelity,False,True,16,0.05,25,0,True,iid,0.1,2,s018,3,30.500000000000004,20.869565217391305,0.0,100.0,56,0,0,0,0,6,0.0,39.0,0,0,0,0,0,9984,256,50,0,50,0,137.5,
static_robust,static,none,fidelity,False,True,16,0.05,25,0,True,iid,0.1,2,s018,4,34.0,32.55434782608696,0.0,100.0,56,0,0,0,0,6,0.0,39.0,0,0,0,0,0,9984,256,50,0,50,0,193.5,
static_robust,static,none,fidelity,False,True,16,0.05,25,0,True,iid,0.1,2,s018,5,30.25,17.445652173913043,0.0,100.0,56,0,0,0,0,6,0.0,39.0,0,0,0,0,0,9984,256,50,0,50,0,249.5,
static_robust,static,none,fidelity,False,True,16,0.05,25,0,True,iid,0.1,2,s018,6,36.25,31.467391304347824,0.0,100.0,56,0,0,0,0,6,0.0,39.0,0,0,0,0,0,9984,256,50,0,50,0,305.5,
static_robust,static,none,fidelity,False,True,16,0.05,25,0,True,iid,0.1,2,s018,7,37.75,34.891304347826086,0.0,100.0,56,0,0,0,0,6,0.0,39.0,0,0,0,0,0,9984,256,50,0,50,0,361.5,
static_robust,static,none,fidelity,False,True,16,0.05,25,0,True,iid,0.1,2,s018,8,41.75,37.22826086956522,0.0,100.0,56,0,0,0,0,6,0.0,39.0,0,0,0,0,0,9984,256,50,0,50,0,417.5,100.0
window_robust,window,none,fidelity,False,True,16,0.05,25,0,True,iid,0.1,0,s018,2,24.5,9.021739130434783,0.0,100.0,56,56,50,6,0,6,1.0,13.77734375,0,0,0,0,0,3527,256,16,0,0,2,7.5,
window_robust,window,none,fidelity,False,True,16,0.05,25,0,True,iid,0.1,0,s018,3,27.250000000000004,17.445652173913043,0.0,100.0,56,56,50,6,0,6,1.0,13.12109375,0,0,0,0,0,3359,256,16,0,0,2,7.5,
window_robust,window,none,fidelity,False,True,16,0.05,25,0,True,iid,0.1,0,s018,4,25.0,12.934782608695656,0.0,100.0,56,56,50,6,0,6,1.0,14.609375,0,0,0,0,0,3740,256,16,0,0,2,7.5,
window_robust,window,none,fidelity,False,True,16,0.05,25,0,True,iid,0.1,0,s018,5,23.25,11.684782608695654,0.0,100.0,56,56,50,6,0,6,1.0,13.0234375,0,0,0,0,0,3334,256,16,0,0,3,7.5,
window_robust,window,none,fidelity,False,True,16,0.05,25,0,True,iid,0.1,0,s018,6,27.750000000000004,19.782608695652172,0.0,100.0,56,56,50,6,0,6,1.0,13.03125,0,0,0,0,0,3336,256,16,0,0,3,7.5,
window_robust,window,none,fidelity,False,True,16,0.05,25,0,True,iid,0.1,0,s018,7,30.999999999999993,24.456521739130434,0.0,100.0,56,56,50,6,0,6,1.0,14.1953125,0,0,0,0,0,3634,256,16,0,0,1,7.5,
window_robust,window,none,fidelity,False,True,16,0.05,25,0,True,iid,0.1,0,s018,8,25.5,17.445652173913043,0.0,100.0,56,56,50,6,0,6,1.0,14.0,0,0,0,0,0,3584,256,16,0,0,1,7.5,100.0
window_robust,window,none,fidelity,False,True,16,0.05,25,0,True,iid,0.1,1,s018,2,30.500000000000004,17.445652173913043,0.0,100.0,56,56,50,6,0,6,1.0,14.13671875,0,0,0,0,0,3619,256,16,0,0,1,7.5,
window_robust,window,none,fidelity,False,True,16,0.05,25,0,True,iid,0.1,1,s018,3,27.750000000000004,12.771739130434783,0.0,100.0,56,56,50,6,0,6,1.0,13.546875,0,0,0,0,0,3468,256,16,0,0,1,7.5,
window_robust,window,none,fidelity,False,True,16,0.05,25,0,True,iid,0.1,1,s018,4,27.750000000000004,17.445652173913043,0.0,100.0,56,56,50,6,0,6,1.0,14.34765625,0,0,0,0,0,3673,256,16,0,0,2,7.5,
window_robust,window,none,fidelity,False,True,16,0.05,25,0,True,iid,0.1,1,s018,5,20.25,13.695652173913043,0.0,100.0,56,56,50,6,0,6,1.0,13.10546875,0,0,0,0,0,3355,256,16,0,0,1,7.5,
window_robust,window,none,fidelity,False,True,16,0.05,25,0,True,iid,0.1,1,s018,6,33.5,22.1195652173913,0.0,100.0,56,56,50,6,0,6,1.0,13.48828125,0,0,0,0,0,3453,256,16,0,0,2,7.5,
window_robust,window,none,fidelity,False,True,16,0.05,25,0,True,iid,0.1,1,s018,7,30.000000000000004,24.456521739130434,0.0,100.0,56,56,50,6,0,6,1.0,13.9140625,0,0,0,0,0,3562,256,16,0,0,1,7.5,
window_robust,window,none,fidelity,False,True,16,0.05,25,0,True,iid,0.1,1,s018,8,27.750000000000004,22.1195652173913,0.0,100.0,56,56,50,6,0,6,1.0,13.86328125,0,0,0,0,0,3549,256,16,0,0,2,7.5,100.0
window_robust,window,none,fidelity,False,True,16,0.05,25,0,True,iid,0.1,2,s018,2,20.249999999999996,12.771739130434783,0.0,100.0,56,56,50,6,0,6,1.0,13.83203125,0,0,0,0,0,3541,256,16,0,0,1,7.5,
window_robust,window,none,fidelity,False,True,16,0.05,25,0,True,iid,0.1,2,s018,3,25.25,17.445652173913043,0.0,100.0,56,56,50,6,0,6,1.0,13.09765625,0,0,0,0,0,3353,256,16,0,0,1,7.5,
window_robust,window,none,fidelity,False,True,16,0.05,25,0,True,iid,0.1,2,s018,4,26.0,19.782608695652172,0.0,100.0,56,56,50,6,0,6,1.0,14.5625,0,0,0,0,0,3728,256,16,0,0,2,7.5,
window_robust,window,none,fidelity,False,True,16,0.05,25,0,True,iid,0.1,2,s018,5,24.0,10.434782608695654,0.0,100.0,56,56,50,6,0,6,1.0,13.10546875,0,0,0,0,0,3355,256,16,0,0,1,7.5,
window_robust,window,none,fidelity,False,True,16,0.05,25,0,True,iid,0.1,2,s018,6,27.750000000000004,17.608695652173914,0.0,100.0,56,56,50,6,0,6,1.0,12.74609375,0,0,0,0,0,3263,256,16,0,0,2,7.5,
window_robust,window,none,fidelity,False,True,16,0.05,25,0,True,iid,0.1,2,s018,7,30.25,17.608695652173914,0.0,100.0,56,56,50,6,0,6,1.0,13.97265625,0,0,0,0,0,3577,256,16,0,0,2,7.5,
window_robust,window,none,fidelity,False,True,16,0.05,25,0,True,iid,0.1,2,s018,8,30.000000000000004,22.1195652173913,0.0,100.0,56,56,50,6,0,6,1.0,13.921875,0,0,0,0,0,3564,256,16,0,0,1,7.5,100.0
aeqkad_robust,window,full,fidelity,False,True,16,0.05,25,0,True,iid,0.1,0,s018,2,22.249999999999996,12.771739130434783,0.0,100.0,56,43,43,0,0,6,0.86,12.96484375,56,13,0,0,0,3319,256,16,0,0,0,9.4375,
aeqkad_robust,window,full,fidelity,False,True,16,0.05,25,0,True,iid,0.1,0,s018,3,25.0,16.195652173913043,0.0,100.0,56,42,39,3,0,6,0.78,10.9453125,56,14,0,0,0,2802,256,16,0,0,1,9.0,
aeqkad_robust,window,full,fidelity,False,True,16,0.05,25,0,True,iid,0.1,0,s018,4,28.500000000000004,15.108695652173914,0.0,100.0,56,42,41,1,0,6,0.82,13.42578125,56,14,0,0,0,3437,256,16,0,0,0,11.125,
aeqkad_robust,window,full,fidelity,False,True,16,0.05,25,0,True,iid,0.1,0,s018,5,23.25,4.83695652173913,0.0,100.0,56,43,40,3,0,6,0.8,11.1953125,56,13,0,0,0,2866,256,16,0,0,1,10.125,
aeqkad_robust,window,full,fidelity,False,True,16,0.05,25,0,True,iid,0.1,0,s018,6,29.500000000000004,18.532608695652172,0.0,100.0,56,37,37,0,0,6,0.74,10.5859375,56,18,0,0,1,2710,256,16,0,0,0,13.125,
aeqkad_robust,window,full,fidelity,False,True,16,0.05,25,0,True,iid,0.1,0,s018,7,34.25,22.1195652173913,0.0,100.0,56,40,37,3,0,6,0.74,11.5390625,56,16,0,0,0,2954,256,16,0,0,0,10.25,
aeqkad_robust,window,full,fidelity,False,True,16,0.05,25,0,True,iid,0.1,0,s018,8,27.750000000000004,12.771739130434783,0.0,100.0,56,44,43,1,0,6,0.86,11.80859375,56,12,0,0,0,3023,256,16,0,0,0,9.5,100.0
aeqkad_robust,window,full,fidelity,False,True,16,0.05,25,0,True,iid,0.1,1,s018,2,30.25,23.04347826086957,0.0,100.0,56,46,42,4,0,6,0.84,13.34375,56,10,0,0,0,3416,256,16,0,0,0,9.125,
aeqkad_robust,window,full,fidelity,False,True,16,0.05,25,0,True,iid,0.1,1,s018,3,27.500000000000004,15.108695652173914,0.0,100.0,56,40,40,0,0,6,0.8,10.79296875,56,16,0,0,0,2763,256,16,0,0,0,8.5,
aeqkad_robust,window,full,fidelity,False,True,16,0.05,25,0,True,iid,0.1,1,s018,4,28.249999999999996,18.532608695652172,0.0,100.0,56,43,41,2,0,6,0.82,13.38671875,56,13,0,0,0,3427,256,16,0,0,0,10.4375,
aeqkad_robust,window,full,fidelity,False,True,16,0.05,25,0,True,iid,0.1,1,s018,5,23.5,7.01086956521739,0.0,100.0,56,43,41,2,0,6,0.82,10.8203125,56,13,0,0,0,2770,256,16,0,0,1,8.6875,
aeqkad_robust,window,full,fidelity,False,True,16,0.05,25,0,True,iid,0.1,1,s018,6,27.750000000000004,19.782608695652172,0.0,100.0,56,38,37,1,0,6,0.74,10.87109375,56,18,0,0,0,2783,256,16,0,0,1,11.4375,
aeqkad_robust,window,full,fidelity,False,True,16,0.05,25,0,True,iid,0.1,1,s018,7,38.0,25.706521739130434,0.0,100.0,56,41,37,4,0,6,0.74,11.86328125,56,15,0,0,0,3037,256,16,0,0,0,10.4375,
aeqkad_robust,window,full,fidelity,False,True,16,0.05,25,0,True,iid,0.1,1,s018,8,35.0,25.543478260869566,0.0,100.0,56,38,36,2,0,6,0.72,11.05859375,56,17,0,0,1,2831,256,16,0,0,1,12.75,100.0
aeqkad_robust,window,full,fidelity,False,True,16,0.05,25,0,True,iid,0.1,2,s018,2,22.499999999999996,11.684782608695654,0.0,100.0,56,48,45,3,0,6,0.9,12.9921875,56,8,0,0,0,3326,256,16,0,0,1,8.5,
aeqkad_robust,window,full,fidelity,False,True,16,0.05,25,0,True,iid,0.1,2,s018,3,28.249999999999996,16.195652173913043,0.0,100.0,56,44,40,4,0,6,0.8,11.90234375,56,12,0,0,0,3047,256,16,0,0,0,9.0625,
aeqkad_robust,window,full,fidelity,False,True,16,0.05,25,0,True,iid,0.1,2,s018,4,28.249999999999996,19.782608695652172,0.0,100.0,56,45,41,4,0,6,0.82,13.71484375,56,11,0,0,0,3511,256,16,0,0,1,9.75,
aeqkad_robust,window,full,fidelity,False,True,16,0.05,25,0,True,iid,0.1,2,s018,5,21.499999999999996,8.097826086956525,0.0,100.0,56,43,43,0,0,6,0.86,11.5,56,13,0,0,0,2944,256,16,0,0,0,9.9375,
aeqkad_robust,window,full,fidelity,False,True,16,0.05,25,0,True,iid,0.1,2,s018,6,31.500000000000007,23.20652173913043,0.0,100.0,56,43,38,5,0,6,0.76,10.546875,56,13,0,0,0,2700,256,16,0,0,3,9.0,
aeqkad_robust,window,full,fidelity,False,True,16,0.05,25,0,True,iid,0.1,2,s018,7,30.500000000000004,18.532608695652172,0.0,100.0,56,41,39,2,0,6,0.78,11.8671875,56,15,0,0,0,3038,256,16,0,0,2,8.9375,
aeqkad_robust,window,full,fidelity,False,True,16,0.05,25,0,True,iid,0.1,2,s018,8,33.5,30.217391304347828,0.0,100.0,56,39,36,3,0,6,0.72,11.62890625,56,17,0,0,0,2977,256,16,0,0,0,12.875,100.0
static_robust,static,none,fidelity,False,True,16,0.05,25,0,True,iid,0.1,0,s019,2,9.499999999999998,0.0,0.0,100.0,56,0,0,0,0,6,0.0,37.0,0,0,0,0,0,9472,256,50,0,50,0,81.5,
static_robust,static,none,fidelity,False,True,16,0.05,25,0,True,iid,0.1,0,s019,3,7.999999999999999,2.33695652173913,0.0,100.0,56,0,0,0,0,6,0.0,37.0,0,0,0,0,0,9472,256,50,0,50,0,137.5,
static_robust,static,none,fidelity,False,True,16,0.05,25,0,True,iid,0.1,0,s019,4,11.75,3.58695652173913,0.0,100.0,56,0,0,0,0,6,0.0,37.0,0,0,0,0,0,9472,256,50,0,50,0,193.5,
static_robust,static,none,fidelity,False,True,16,0.05,25,0,True,iid,0.1,0,s019,5,13.5,4.67391304347826,0.0,100.0,56,0,0,0,0,6,0.0,37.0,0,0,0,0,0,9472,256,50,0,50,0,249.5,
static_robust,static,none,fidelity,False,True,16,0.05,25,0,True,iid,0.1,0,s019,6,10.75,4.67391304347826,0.0,100.0,56,0,0,0,0,6,0.0,37.0,0,0,0,0,0,9472,256,50,0,50,0,305.5,
static_robust,static,none,fidelity,False,True,16,0.05,25,0,True,iid,0.1,0,s019,7,11.0,2.33695652173913,0.0,100.0,56,0,0,0,0,6,0.0,37.0,0,0,0,0,0,9472,256,50,0,50,0,361.5,
static_robust,static,none,fidelity,False,True,16,0.05,25,0,True,iid,0.1,0,s019,8,10.249999999999998,5.923913043478259,0.0,100.0,56,0,0,0,0,6,0.0,37.0,0,0,0,0,0,9472,256,50,0,50,0,417.5,100.0
static_robust,static,none,fidelity,False,True,16,0.05,25,0,True,iid,0.1,1,s019,2,8.249999999999998,0.0,0.0,100.0,56,0,0,0,0,6,0.0,36.0,0,0,0,0,0,9216,256,50,0,50,0,81.5,
static_robust,static,none,fidelity,False,True,16,0.05,25,0,True,iid,0.1,1,s019,3,7.499999999999998,0.0,0.0,100.0,56,0,0,0,0,6,0.0,36.0,0,0,0,0,0,9216,256,50,0,50,0,137.5,
static_robust,static,none,fidelity,False,True,16,0.05,25,0,True,iid,0.1,1,s019,4,14.000000000000002,4.67391304347826,0.0,100.0,56,0,0,0,0,6,0.0,36.0,0,0,0,0,0,9216,256,50,0,50,0,193.5,
static_robust,static,none,fidelity,False,True,16,0.05,25,0,True,iid,0.1,1,s019,5,12.0,4.67391304347826,0.0,100.0,56,0,0,0,0,6,0.0,36.0,0,0,0,0,0,9216,256,50,0,50,0,249.5,
static_robust,static,none,fidelity,False,True,16,0.05,25,0,True,iid,0.1,1,s019,6,11.75,5.760869565217389,0.0,100.0,56,0,0,0,0,6,0.0,36.0,0,0,0,0,0,9216,256,50,0,50,0,305.5,
static_robust,static,none,fidelity,False,True,16,0.05,25,0,True,iid,0.1,1,s019,7,13.750000000000002,2.33695652173913,0.0,100.0,56,0,0,0,0,6,0.0,36.0,0,0,0,0,0,9216,256,50,0,50,0,361.5,
static_robust,static,none,fidelity,False,True,16,0.05,25,0,True,iid,0.1,1,s019,8,11.249999999999998,4.67391304347826,0.0,100.0,56,0,0,0,0,6,0.0,36.0,0,0,0,0,0,9216,256,50,0,50,0,417.5,100.0
static_robust,static,none,fidelity,False,True,16,0.05,25,0,True,iid,0.1,2,s019,2,7.249999999999998,0.0,0.0,100.0,56,0,0,0,0,6,0.0,36.0,0,0,0,0,0,9216,256,50,0,50,0,81.5,
static_robust,static,none,fidelity,False,True,16,0.05,25,0,True,iid,0.1,2,s019,3,9.499999999999998,1.0869565217391297,0.0,100.0,56,0,0,0,0,6,0.0,36.0,0,0,0,0,0,9216,256,50,0,50,0,137.5,
static_robust,static,none,fidelity,False,True,16,0.05,25,0,True,iid,0.1,2,s019,4,14.250000000000002,8.097826086956525,0.0,100.0,56,0,0,0,0,6,0.0,36.0,0,0,0,0,0,9216,256,50,0,50,0,193.5,
static_robust,static,none,fidelity,False,True,16,0.05,25,0,True,iid,0.1,2,s019,5,11.249999999999998,2.33695652173913,0.0,100.0,56,0,0,0,0,6,0.0,36.0,0,0,0,0,0,9216,256,50,0,50,0,249.5,
static_robust,static,none,fidelity,False,True,16,0.05,25,0,True,iid,0.1,2,s019,6,12.25,5.760869565217389,0.0,100.0,56,0,0,0,0,6,0.0,36.0,0,0,0,0,0,9216,256,50,0,50,0,305.5,
static_robust,static,none,fidelity,False,True,16,0.05,25,0,True,iid,0.1,2,s019,7,13.750000000000002,5.760869565217389,0.0,100.0,56,0,0,0,0,6,0.0,36.0,0,0,0,0,0,9216,256,50,0,50,0,361.5,
static_robust,static,none,fidelity,False,True,16,0.05,25,0,True,iid,0.1,2,s019,8,8.249999999999998,3.423913043478259,0.0,100.0,56,0,0,0,0,6,0.0,36.0,0,0,0,0,0,9216,256,50,0,50,0,417.5,100.0
window_robust,window,none,fidelity,False,True,16,0.05,25,0,True,iid,0.1,0,s019,2,12.0,2.33695652173913,0.0,100.0,56,56,50,6,0,6,1.0,14.609375,0,0,0,0,0,3740,256,16,0,0,3,7.5,
window_robust,window,none,fidelity,False,True,16,0.05,25,0,True,iid,0.1,0,s019,3,14.000000000000002,4.67391304347826,0.0,100.0,56,56,50,6,0,6,1.0,11.6796875,0,0,0,0,0,2990,256,16,0,0,3,7.5,
window_robust,window,none,fidelity,False,True,16,0.05,25,0,True,iid,0.1,0,s019,4,16.750000000000004,1.25,0.0,100.0,56,56,50,6,0,6,1.0,13.26171875,0,0,0,0,0,3395,256,16,0,0,3,7.5,
window_robust,window,none,fidelity,False,True,16,0.05,25,0,True,iid,0.1,0,s019,5,14.500000000000002,2.33695652173913,0.0,100.0,56,56,50,6,0,6,1.0,12.15234375,0,0,0,0,0,3111,256,16,0,0,2,7.5,
window_robust,window,none,fidelity,False,True,16,0.05,25,0,True,iid,0.1,0,s019,6,13.5,4.67391304347826,0.0,100.0,56,56,50,6,0,6,1.0,11.20703125,0,0,0,0,0,2869,256,16,0,0,3,7.5,
window_robust,window,none,fidelity,False,True,16,0.05,25,0,True,iid,0.1,0,s019,7,13.5,2.33695652173913,0.0,100.0,56,56,50,6,0,6,1.0,11.5703125,0,0,0,0,0,2962,256,16,0,0,2,7.5,
window_robust,window,none,fidelity,False,True,16,0.05,25,0,True,iid,0.1,0,s019,8,6.249999999999998,0.0,0.0,100.0,56,56,50,6,0,6,1.0,10.58984375,0,0,0,0,0,2711,256,16,0,0,2,7.5,100.0
window_robust,window,none,fidelity,False,True,16,0.05,25,0,True,iid,0.1,1,s019,2,11.5,2.33695652173913,0.0,100.0,56,56,50,6,0,6,1.0,14.41796875,0,0,0,0,0,3691,256,16,0,0,1,7.5,
window_robust,window,none,fidelity,False,True,16,0.05,25,0,True,iid,0.1,1,s019,3,11.0,4.67391304347826,0.0,98.0,56,56,50,6,0,6,1.0,11.88671875,0,0,0,0,0,3043,256,16,0,0,3,7.5,
window_robust,window,none,fidelity,False,True,16,0.05,25,0,True,iid,0.1,1,s019,4,20.249999999999996,0.0,0.0,100.0,56,56,50,6,0,6,1.0,13.41796875,0,0,0,0,0,3435,256,16,0,0,1,7.5,
window_robust,window,none,fidelity,False,True,16,0.05,25,0,True,iid,0.1,1,s019,5,11.75,5.760869565217389,0.0,98.5,56,56,50,6,0,6,1.0,12.2734375,0,0,0,0,0,3142,256,16,0,0,1,7.5,
window_robust,window,none,fidelity,False,True,16,0.05,25,0,True,iid,0.1,1,s019,6,13.750000000000002,4.67391304347826,0.0,100.0,56,56,50,6,0,6,1.0,11.28515625,0,0,0,0,0,2889,256,16,0,0,0,7.5,
window_robust,window,none,fidelity,False,True,16,0.05,25,0,True,iid,0.1,1,s019,7,16.75,2.33695652173913,2.0,98.0,56,55,49,6,0,6,0.98,10.9375,0,0,0,0,0,2800,256,16,0,0,3,7.9375,
window_robust,window,none,fidelity,False,True,16,0.05,25,0,True,iid,0.1,1,s019,8,5.749999999999998,0.0,0.0,97.0,56,56,50,6,0,6,1.0,10.5078125,0,0,0,0,0,2690,256,16,0,0,2,7.5,100.0
window_robust,window,none,fidelity,False,True,16,0.05,25,0,True,iid,0.1,2,s019,2,14.000000000000002,3.423913043478259,0.0,100.0,56,56,50,6,0,6,1.0,14.71484375,0,0,0,0,0,3767,256,16,0,0,0,7.5,
window_robust,window,none,fidelity,False,True,16,0.05,25,0,True,iid,0.1,2,s019,3,11.249999999999998,4.67391304347826,0.0,100.0,56,56,50,6,0,6,1.0,11.78125,0,0,0,0,0,3016,256,16,0,0,0,7.5,
window_robust,window,none,fidelity,False,True,16,0.05,25,0,True,iid,0.1,2,s019,4,18.500000000000004,3.423913043478259,0.0,100.0,56,56,50,6,0,6,1.0,12.765625,0,0,0,0,0,3268,256,16,0,0,5,7.5,
window_robust,window,none,fidelity,False,True,16,0.05,25,0,True,iid,0.1,2,s019,5,13.5,0.0,0.0,100.0,56,56,50,6,0,6,1.0,11.96875,0,0,0,0,0,3064,256,16,0,0,4,7.5,
window_robust,window,none,fidelity,False,True,16,0.05,25,0,True,iid,0.1,2,s019,6,12.25,0.0,0.0,100.0,56,56,50,6,0,6,1.0,11.6171875,0,0,0,0,0,2974,256,16,0,0,2,7.5,
window_robust,window,none,fidelity,False,True,16,0.05,25,0,True,iid,0.1,2,s019,7,17.500000000000004,1.0869565217391297,0.0,100.0,56,56,50,6,0,6,1.0,11.2578125,0,0,0,0,0,2882,256,16,0,0,1,7.5,
window_robust,window,none,fidelity,False,True,16,0.05,25,0,True,iid,0.1,2,s019,8,5.499999999999998,0.0,0.0,100.0,56,56,50,6,0,6,1.0,10.4296875,0,0,0,0,0,2670,256,16,0,0,2,7.5,100.0
aeqkad_robust,window,full,fidelity,False,True,16,0.05,25,0,True,iid,0.1,0,s019,2,14.250000000000002,3.423913043478259,0.0,100.0,56,37,37,0,0,6,0.74,13.046875,56,19,0,0,0,3340,256,16,0,0,0,10.8125,
aeqkad_robust,window,full,fidelity,False,True,16,0.05,25,0,True,iid,0.1,0,s019,3,16.5,1.0869565217391297,0.0,100.0,56,41,41,0,0,6,0.82,9.83203125,56,15,0,0,0,2517,256,16,0,0,0,11.25,
aeqkad_robust,window,full,fidelity,False,True,16,0.05,25,0,True,iid,0.1,0,s019,4,16.000000000000004,2.1739130434782594,0.0,100.0,56,32,32,0,0,6,0.64,9.4453125,56,24,0,0,0,2418,256,16,0,0,0,15.8125,
aeqkad_robust,window,full,fidelity,False,True,16,0.05,25,0,True,iid,0.1,0,s019,5,17.25,9.347826086956525,0.0,100.0,56,36,36,0,0,6,0.72,9.6015625,56,20,0,0,0,2458,256,16,0,0,0,10.125,
aeqkad_robust,window,full,fidelity,False,True,16,0.05,25,0,True,iid,0.1,0,s019,6,12.5,2.33695652173913,0.0,100.0,56,39,39,0,0,6,0.78,8.546875,56,17,0,0,0,2188,256,16,0,0,0,13.125,
aeqkad_robust,window,full,fidelity,False,True,16,0.05,25,0,True,iid,0.1,0,s019,7,11.75,2.33695652173913,0.0,100.0,56,42,41,1,0,6,0.82,9.1796875,56,14,0,0,0,2350,256,16,0,0,1,12.0625,
aeqkad_robust,window,full,fidelity,False,True,16,0.05,25,0,True,iid,0.1,0,s019,8,11.5,0.0,0.0,100.0,56,45,45,0,0,6,0.9,8.69921875,56,11,0,0,0,2227,256,16,0,0,0,10.25,100.0
aeqkad_robust,window,full,fidelity,False,True,16,0.05,25,0,True,iid,0.1,1,s019,2,14.500000000000002,1.25,0.0,95.0,56,38,38,0,0,6,0.76,13.46875,56,18,0,0,0,3448,256,16,0,0,0,10.25,
aeqkad_robust,window,full,fidelity,False,True,16,0.05,25,0,True,iid,0.1,1,s019,3,12.0,2.33695652173913,0.0,94.5,56,42,42,0,0,6,0.84,10.21484375,55,13,0,0,0,2615,256,16,0,0,0,11.6875,
aeqkad_robust,window,full,fidelity,False,True,16,0.05,25,0,True,iid,0.1,1,s019,4,18.5,3.423913043478259,2.0,93.0,56,34,34,0,0,6,0.68,10.0859375,54,20,0,0,0,2582,256,16,0,0,0,11.75,
aeqkad_robust,window,full,fidelity,False,True,16,0.05,25,0,True,iid,0.1,1,s019,5,13.750000000000002,2.5,0.0,93.0,56,43,42,1,0,6,0.84,10.32421875,56,13,0,0,0,2643,256,16,0,0,0,8.0625,
aeqkad_robust,window,full,fidelity,False,True,16,0.05,25,0,True,iid,0.1,1,s019,6,9.25,2.33695652173913,0.0,95.0,56,41,41,0,0,6,0.82,9.03125,56,15,0,0,0,2312,256,16,0,0,0,9.25,
aeqkad_robust,window,full,fidelity,False,True,16,0.05,25,0,True,iid,0.1,1,s019,7,14.250000000000002,1.0869565217391297,0.0,96.0,56,41,41,0,0,6,0.82,9.40234375,55,14,0,0,0,2407,256,16,0,0,0,14.0,
aeqkad_robust,window,full,fidelity,False,True,16,0.05,25,0,True,iid,0.1,1,s019,8,11.75,0.0,0.0,88.5,56,45,45,0,0,6,0.9,8.859375,56,11,0,0,0,2268,256,16,0,0,0,11.0,64.0
aeqkad_robust,window,full,fidelity,False,True,16,0.05,25,0,True,iid,0.1,2,s019,2,15.750000000000004,0.0,0.0,100.0,56,35,35,0,0,6,0.7,13.10546875,56,21,0,0,0,3355,256,16,0,0,0,11.5625,
aeqkad_robust,window,full,fidelity,False,True,16,0.05,25,0,True,iid,0.1,2,s019,3,15.75,2.33695652173913,0.0,100.0,56,42,42,0,0,6,0.84,9.91015625,56,14,0,0,0,2537,256,16,0,0,0,9.375,
aeqkad_robust,window,full,fidelity,False,True,16,0.05,25,0,True,iid,0.1,2,s019,4,20.249999999999996,3.423913043478259,0.0,100.0,56,32,32,0,0,6,0.64,9.9921875,56,24,0,0,0,2558,256,16,0,0,0,17.75,
aeqkad_robust,window,full,fidelity,False,True,16,0.05,25,0,True,iid,0.1,2,s019,5,14.500000000000002,7.01086956521739,0.0,100.0,56,38,37,1,0,6,0.74,9.73046875,56,18,0,0,0,2491,256,16,0,0,0,10.4375,
aeqkad_robust,window,full,fidelity,False,True,16,0.05,25,0,True,iid,0.1,2,s019,6,10.0,0.0,0.0,100.0,56,42,41,1,0,6,0.82,8.91015625,56,14,0,0,0,2281,256,16,0,0,0,10.8125,
aeqkad_robust,window,full,fidelity,False,True,16,0.05,25,0,True,iid,0.1,2,s019,7,15.75,1.0869565217391297,0.0,100.0,56,41,41,0,0,6,0.82,9.21875,56,15,0,0,0,2360,256,16,0,0,0,12.75,
aeqkad_robust,window,full,fidelity,False,True,16,0.05,25,0,True,iid,0.1,2,s019,8,12.0,0.0,0.0,100.0,56,45,45,0,0,6,0.9,8.4453125,56,11,0,0,0,2162,256,16,0,0,0,11.0625,100.0
static_robust,static,none,fidelity,False,True,16,0.05,25,0,True,iid,0.1,0,s020,2,41.0,31.467391304347824,30.0,51.0,56,0,0,0,0,6,0.0,38.0,0,0,0,0,0,9728,256,50,0,50,0,81.5,
static_robust,static,none,fidelity,False,True,16,0.05,25,0,True,iid,0.1,0,s020,3,54.25,51.08695652173913,56.00000000000001,54.50000000000001,56,0,0,0,0,6,0.0,38.0,0,0,0,0,0,9728,256,50,0,50,0,137.5,
static_robust,static,none,fidelity,False,True,16,0.05,25,0,True,iid,0.1,0,s020,4,31.999999999999996,17.445652173913043,20.0,62.5,56,0,0,0,0,6,0.0,38.0,0,0,0,0,0,9728,256,50,0,50,0,193.5,
static_robust,static,none,fidelity,False,True,16,0.05,25,0,True,iid,0.1,0,s020,5,29.75,18.695652173913043,12.0,65.0,56,0,0,0,0,6,0.0,38.0,0,0,0,0,0,9728,256,50,0,50,0,249.5,
static_robust,static,none,fidelity,False,True,16,0.05,25,0,True,iid,0.1,0,s020,6,26.75,20.869565217391305,22.0,62.0,56,0,0,0,0,6,0.0,38.0,0,0,0,0,0,9728,256,50,0,50,0,305.5,
static_robust,static,none,fidelity,False,True,16,0.05,25,0,True,iid,0.1,0,s020,7,17.750000000000004,7.01086956521739,4.0,65.0,56,0,0,0,0,6,0.0,38.0,0,0,0,0,0,9728,256,50,0,50,0,361.5,
static_robust,static,none,fidelity,False,True,16,0.05,25,0,True,iid,0.1,0,s020,8,50.0,51.08695652173913,36.0,57.49999999999999,56,0,0,0,0,6,0.0,38.0,0,0,0,0,0,9728,256,50,0,50,0,417.5,74.0
static_robust,static,none,fidelity,False,True,16,0.05,25,0,True,iid,0.1,1,s020,2,39.25,36.141304347826086,36.0,51.0,56,0,0,0,0,6,0.0,37.0,0,0,0,0,0,9472,256,50,0,50,0,81.5,
static_robust,static,none,fidelity,False,True,16,0.05,25,0,True,iid,0.1,1,s020,3,54.75000000000001,51.08695652173913,60.0,47.0,56,0,0,0,0,6,0.0,37.0,0,0,0,0,0,9472,256,50,0,50,0,137.5,
static_robust,static,none,fidelity,False,True,16,0.05,25,0,True,iid,0.1,1,s020,4,35.0,19.782608695652172,22.0,59.0,56,0,0,0,0,6,0.0,37.0,0,0,0,0,0,9472,256,50,0,50,0,193.5,
static_robust,static,none,fidelity,False,True,16,0.05,25,0,True,iid,0.1,1,s020,5,28.500000000000004,24.456521739130434,12.0,54.50000000000001,56,0,0,0,0,6,0.0,37.0,0,0,0,0,0,9472,256,50,0,50,0,249.5,
static_robust,static,none,fidelity,False,True,16,0.05,25,0,True,iid,0.1,1,s020,6,30.75,23.20652173913043,22.0,63.0,56,0,0,0,0,6,0.0,37.0,0,0,0,0,0,9472,256,50,0,50,0,305.5,
static_robust,static,none,fidelity,False,True,16,0.05,25,0,True,iid,0.1,1,s020,7,16.500000000000004,5.760869565217389,6.0,62.0,56,0,0,0,0,6,0.0,37.0,0,0,0,0,0,9472,256,50,0,50,0,361.5,
static_robust,static,none,fidelity,False,True,16,0.05,25,0,True,iid,0.1,1,s020,8,51.75000000000001,52.33695652173913,40.0,62.5,56,0,0,0,0,6,0.0,37.0,0,0,0,0,0,9472,256,50,0,50,0,417.5,46.0
static_robust,static,none,fidelity,False,True,16,0.05,25,0,True,iid,0.1,2,s020,2,43.25,30.217391304347828,56.00000000000001,16.0,56,0,0,0,0,6,0.0,38.0,0,0,0,0,0,9728,256,50,0,50,0,81.5,
static_robust,static,none,fidelity,False,True,16,0.05,25,0,True,iid,0.1,2,s020,3,54.0,42.98913043478261,70.0,18.0,56,0,0,0,0,6,0.0,38.0,0,0,0,0,0,9728,256,50,0,50,0,137.5,
static_robust,static,none,fidelity,False,True,16,0.05,25,0,True,iid,0.1,2,s020,4,34.0,25.543478260869566,36.0,27.500000000000004,56,0,0,0,0,6,0.0,38.0,0,0,0,0,0,9728,256,50,0,50,0,193.5,
static_robust,static,none,fidelity,False,True,16,0.05,25,0,True,iid,0.1,2,s020,5,28.500000000000004,21.956521739130434,34.0,22.0,56,0,0,0,0,6,0.0,38.0,0,0,0,0,0,9728,256,50,0,50,0,249.5,
static_robust,static,none,fidelity,False,True,16,0.05,25,0,True,iid,0.1,2,s020,6,28.000000000000004,22.1195652173913,30.0,26.0,56,0,0,0,0,6,0.0,38.0,0,0,0,0,0,9728,256,50,0,50,0,305.5,
static_robust,static,none,fidelity,False,True,16,0.05,25,0,True,iid,0.1,2,s020,7,17.500000000000004,12.608695652173912,8.0,24.0,56,0,0,0,0,6,0.0,38.0,0,0,0,0,0,9728,256,50,0,50,0,361.5,
static_robust,static,none,fidelity,False,True,16,0.05,25,0,True,iid,0.1,2,s020,8,50.0,52.33695652173913,68.0,25.5,56,0,0,0,0,6,0.0,38.0,0,0,0,0,0,9728,256,50,0,50,0,417.5,44.0
window_robust,window,none,fidelity,False,True,16,0.05,25,0,True,iid,0.1,0,s020,2,31.75,24.293478260869566,0.0,100.0,56,56,50,6,0,6,1.0,15.40234375,0,0,0,0,0,3943,256,16,0,0,2,7.5,
window_robust,window,none,fidelity,False,True,16,0.05,25,0,True,iid,0.1,0,s020,3,47.5,41.90217391304347,0.0,100.0,56,56,50,6,0,6,1.0,15.91796875,0,0,0,0,0,4075,256,16,0,0,1,7.5,
window_robust,window,none,fidelity,False,True,16,0.05,25,0,True,iid,0.1,0,s020,4,27.750000000000004,13.858695652173914,0.0,100.0,56,56,50,6,0,6,1.0,15.35546875,0,0,0,0,0,3931,256,16,0,0,3,7.5,
window_robust,window,none,fidelity,False,True,16,0.05,25,0,True,iid,0.1,0,s020,5,27.250000000000004,17.445652173913043,0.0,100.0,56,56,50,6,0,6,1.0,14.58203125,0,0,0,0,0,3733,256,16,0,0,0,7.5,
window_robust,window,none,fidelity,False,True,16,0.05,25,0,True,iid,0.1,0,s020,6,27.500000000000004,20.869565217391305,0.0,100.0,56,56,50,6,0,6,1.0,15.48046875,0,0,0,0,0,3963,256,16,0,0,2,7.5,
window_robust,window,none,fidelity,False,True,16,0.05,25,0,True,iid,0.1,0,s020,7,17.500000000000004,8.097826086956525,0.0,100.0,56,56,50,6,0,6,1.0,13.78515625,0,0,0,0,0,3529,256,16,0,0,1,7.5,
window_robust,window,none,fidelity,False,True,16,0.05,25,0,True,iid,0.1,0,s020,8,32.25,11.684782608695654,0.0,100.0,56,56,50,6,0,6,1.0,15.4375,0,0,0,0,0,3952,256,16,0,0,0,7.5,100.0
window_robust,window,none,fidelity,False,True,16,0.05,25,0,True,iid,0.1,1,s020,2,41.75,30.054347826086957,0.0,99.5,56,56,50,6,0,6,1.0,15.41015625,0,0,0,0,0,3945,256,16,0,0,1,7.5,
window_robust,window,none,fidelity,False,True,16,0.05,25,0,True,iid,0.1,1,s020,3,44.00000000000001,34.891304347826086,0.0,99.0,56,56,50,6,0,6,1.0,15.88671875,0,0,0,0,0,4067,256,16,0,0,1,7.5,
window_robust,window,none,fidelity,False,True,16,0.05,25,0,True,iid,0.1,1,s020,4,27.250000000000004,19.782608695652172,4.0,95.0,56,54,48,6,0,6,0.96,15.55078125,0,0,0,0,0,3981,256,16,0,0,1,8.25,
window_robust,window,none,fidelity,False,True,16,0.05,25,0,True,iid,0.1,1,s020,5,21.499999999999996,13.858695652173914,0.0,94.5,56,56,50,6,0,6,1.0,14.28515625,0,0,0,0,0,3657,256,16,0,0,2,7.5,
window_robust,window,none,fidelity,False,True,16,0.05,25,0,True,iid,0.1,1,s020,6,28.249999999999996,19.782608695652172,0.0,98.5,56,56,50,6,0,6,1.0,15.55078125,0,0,0,0,0,3981,256,16,0,0,3,7.5,
window_robust,window,none,fidelity,False,True,16,0.05,25,0,True,iid,0.1,1,s020,7,16.500000000000004,7.01086956521739,0.0,89.5,56,54,50,4,0,6,1.0,13.73828125,0,0,0,0,0,3517,256,16,0,0,3,8.125,
window_robust,window,none,fidelity,False,True,16,0.05,25,0,True,iid,0.1,1,s020,8,29.25,7.01086956521739,0.0,99.0,56,56,50,6,0,6,1.0,15.640625,0,0,0,0,0,4004,256,16,0,0,0,7.5,100.0
window_robust,window,none,fidelity,False,True,16,0.05,25,0,True,iid,0.1,2,s020,2,39.75,27.8804347826087,42.0,35.0,56,31,29,2,0,6,0.58,15.0546875,0,0,0,0,0,3854,256,16,0,0,0,8.625,
window_robust,window,none,fidelity,False,True,16,0.05,25,0,True,iid,0.1,2,s020,3,52.25,39.565217391304344,66.0,26.0,56,17,17,0,0,6,0.34,15.3203125,0,0,0,0,0,3922,256,16,0,0,0,34.875,
window_robust,window,none,fidelity,False,True,16,0.05,25,0,True,iid,0.1,2,s020,4,26.75,17.445652173913043,30.0,27.500000000000004,56,37,35,2,0,6,0.7,14.5859375,0,0,0,0,0,3734,256,16,0,0,0,12.75,
window_robust,window,none,fidelity,False,True,16,0.05,25,0,True,iid,0.1,2,s020,5,23.5,17.445652173913043,24.0,37.0,56,40,38,2,0,6,0.76,14.08203125,0,0,0,0,0,3605,256,16,0,0,2,10.375,
window_robust,window,none,fidelity,False,True,16,0.05,25,0,True,iid,0.1,2,s020,6,37.75,26.79347826086957,34.0,44.5,56,37,33,4,0,6,0.66,14.76171875,0,0,0,0,0,3779,256,16,0,0,0,9.5,
window_robust,window,none,fidelity,False,True,16,0.05,25,0,True,iid,0.1,2,s020,7,16.000000000000004,14.021739130434785,8.0,37.5,56,48,46,2,0,6,0.92,13.04296875,0,0,0,0,0,3339,256,16,0,0,0,9.0625,
window_robust,window,none,fidelity,False,True,16,0.05,25,0,True,iid,0.1,2,s020,8,27.250000000000004,15.108695652173914,36.0,19.0,56,32,32,0,0,6,0.64,14.41015625,0,0,0,0,0,3689,256,16,0,0,0,8.6875,16.0
aeqkad_robust,window,full,fidelity,False,True,16,0.05,25,0,True,iid,0.1,0,s020,2,37.75,32.71739130434783,0.0,100.0,56,21,21,0,0,6,0.42,14.54296875,56,35,0,0,0,3723,256,16,0,0,0,12.625,
aeqkad_robust,window,full,fidelity,False,True,16,0.05,25,0,True,iid,0.1,0,s020,3,51.24999999999999,33.80434782608695,0.0,100.0,56,9,8,1,0,6,0.16,12.45703125,56,47,0,0,0,3189,256,16,0,0,1,46.875,
aeqkad_robust,window,full,fidelity,False,True,16,0.05,25,0,True,iid,0.1,0,s020,4,28.500000000000004,22.1195652173913,0.0,100.0,56,29,29,0,0,6,0.58,13.50390625,56,27,0,0,0,3457,256,16,0,0,0,18.0,
aeqkad_robust,window,full,fidelity,False,True,16,0.05,25,0,True,iid,0.1,0,s020,5,25.0,17.445652173913043,0.0,100.0,56,35,35,0,0,6,0.7,13.67578125,56,21,0,0,0,3501,256,16,0,0,0,8.9375,
aeqkad_robust,window,full,fidelity,False,True,16,0.05,25,0,True,iid,0.1,0,s020,6,44.99999999999999,35.97826086956522,0.0,100.0,56,14,14,0,0,6,0.28,12.3984375,56,42,0,0,0,3174,256,16,0,0,0,23.4375,
aeqkad_robust,window,full,fidelity,False,True,16,0.05,25,0,True,iid,0.1,0,s020,7,14.500000000000002,5.923913043478259,0.0,100.0,56,43,43,0,0,6,0.86,12.72265625,56,13,0,0,0,3257,256,16,0,0,0,8.875,
aeqkad_robust,window,full,fidelity,False,True,16,0.05,25,0,True,iid,0.1,0,s020,8,36.0,20.869565217391305,0.0,100.0,56,21,21,0,0,6,0.42,14.16796875,56,35,0,0,0,3627,256,16,0,0,0,13.75,100.0
aeqkad_robust,window,full,fidelity,False,True,16,0.05,25,0,True,iid,0.1,1,s020,2,38.25,29.130434782608695,0.0,88.5,56,19,19,0,0,6,0.38,14.71484375,56,37,0,0,0,3767,256,16,0,0,0,14.4375,
aeqkad_robust,window,full,fidelity,False,True,16,0.05,25,0,True,iid,0.1,1,s020,3,48.0,33.80434782608695,26.0,69.5,56,9,9,0,0,6,0.18,12.01171875,40,31,0,0,0,3075,256,16,0,0,0,47.25,
aeqkad_robust,window,full,fidelity,False,True,16,0.05,25,0,True,iid,0.1,1,s020,4,28.249999999999996,17.445652173913043,8.0,79.5,56,28,28,0,0,6,0.56,13.26171875,51,23,0,0,0,3395,256,16,0,0,0,16.0,
aeqkad_robust,window,full,fidelity,False,True,16,0.05,25,0,True,iid,0.1,1,s020,5,34.5,28.967391304347828,4.0,83.5,56,20,20,0,0,6,0.4,13.8828125,54,34,0,0,0,3554,256,16,0,0,0,11.9375,
aeqkad_robust,window,full,fidelity,False,True,16,0.05,25,0,True,iid,0.1,1,s020,6,37.75,32.71739130434783,14.000000000000002,89.0,56,15,14,1,0,6,0.28,12.3984375,47,32,0,0,0,3174,256,16,0,0,1,27.875,
aeqkad_robust,window,full,fidelity,False,True,16,0.05,25,0,True,iid,0.1,1,s020,7,16.500000000000004,3.58695652173913,0.0,78.5,56,38,38,0,0,6,0.76,11.72265625,53,14,0,0,1,3001,256,16,0,0,0,12.75,
aeqkad_robust,window,full,fidelity,False,True,16,0.05,25,0,True,iid,0.1,1,s020,8,39.75,37.22826086956522,16.0,75.0,56,12,11,1,0,6,0.22,12.1640625,46,33,0,0,1,3114,256,16,0,0,1,24.875,90.0
aeqkad_robust,window,full,fidelity,False,True,16,0.05,25,0,True,iid,0.1,2,s020,2,41.75,32.55434782608696,48.0,37.5,56,17,16,1,0,6,0.32,14.78515625,28,11,0,0,0,3785,256,16,0,0,0,15.8125,
aeqkad_robust,window,full,fidelity,False,True,16,0.05,25,0,True,iid,0.1,2,s020,3,48.0,32.55434782608696,72.0,15.5,56,8,8,0,0,6,0.16,11.4140625,14,6,0,0,0,2922,256,16,0,0,0,49.4375,
aeqkad_robust,window,full,fidelity,False,True,16,0.05,25,0,True,iid,0.1,2,s020,4,30.500000000000004,25.543478260869566,30.0,24.5,56,28,27,1,0,6,0.54,13.296875,37,9,0,0,0,3404,256,16,0,0,1,15.25,
aeqkad_robust,window,full,fidelity,False,True,16,0.05,25,0,True,iid,0.1,2,s020,5,33.75,32.22826086956522,44.0,25.0,56,18,18,0,0,6,0.36,14.1796875,28,10,0,0,0,3630,256,16,0,0,0,13.3125,
aeqkad_robust,window,full,fidelity,False,True,16,0.05,25,0,True,iid,0.1,2,s020,6,42.25,30.217391304347828,60.0,23.0,56,12,11,1,0,6,0.22,11.9140625,22,10,0,0,0,3050,256,16,0,0,1,34.3125,
aeqkad_robust,window,full,fidelity,False,True,16,0.05,25,0,True,iid,0.1,2,s020,7,21.499999999999996,12.771739130434783,14.000000000000002,31.5,56,35,33,2,0,6,0.66,11.8203125,45,10,0,0,0,3026,256,16,0,0,0,11.8125,
aeqkad_robust,window,full,fidelity,False,True,16,0.05,25,0,True,iid,0.1,2,s020,8,39.25,37.22826086956522,57.99999999999999,21.0,56,10,10,0,0,6,0.2,12.46875,21,11,0,0,0,3192,256,16,0,0,0,29.375,38.0
static_robust,static,none,fidelity,False,True,16,0.05,25,0,True,iid,0.1,0,s021,2,31.999999999999996,25.543478260869566,0.0,100.0,56,0,0,0,0,6,0.0,37.0,0,0,0,0,0,9472,256,50,0,50,0,81.5,
static_robust,static,none,fidelity,False,True,16,0.05,25,0,True,iid,0.1,0,s021,3,30.500000000000004,17.445652173913043,0.0,100.0,56,0,0,0,0,6,0.0,37.0,0,0,0,0,0,9472,256,50,0,50,0,137.5,
static_robust,static,none,fidelity,False,True,16,0.05,25,0,True,iid,0.1,0,s021,4,33.5,30.217391304347828,0.0,100.0,56,0,0,0,0,6,0.0,37.0,0,0,0,0,0,9472,256,50,0,50,0,193.5,
static_robust,static,none,fidelity,False,True,16,0.05,25,0,True,iid,0.1,0,s021,5,46.25,39.40217391304348,0.0,100.0,56,0,0,0,0,6,0.0,37.0,0,0,0,0,0,9472,256,50,0,50,0,249.5,
static_robust,static,none,fidelity,False,True,16,0.05,25,0,True,iid,0.1,0,s021,6,51.75000000000001,45.326086956521735,0.0,100.0,56,0,0,0,0,6,0.0,37.0,0,0,0,0,0,9472,256,50,0,50,0,305.5,
static_robust,static,none,fidelity,False,True,16,0.05,25,0,True,iid,0.1,0,s021,7,53.5,62.77173913043479,0.0,100.0,56,0,0,0,0,6,0.0,37.0,0,0,0,0,0,9472,256,50,0,50,0,361.5,
static_robust,static,none,fidelity,False,True,16,0.05,25,0,True,iid,0.1,0,s021,8,61.74999999999999,67.44565217391305,0.0,100.0,56,0,0,0,0,6,0.0,37.0,0,0,0,0,0,9472,256,50,0,50,0,417.5,100.0
static_robust,static,none,fidelity,False,True,16,0.05,25,0,True,iid,0.1,1,s021,2,30.500000000000004,26.79347826086957,0.0,100.0,56,0,0,0,0,6,0.0,37.0,0,0,0,0,0,9472,256,50,0,50,0,81.5,
static_robust,static,none,fidelity,False,True,16,0.05,25,0,True,iid,0.1,1,s021,3,29.25,23.20652173913043,0.0,100.0,56,0,0,0,0,6,0.0,37.0,0,0,0,0,0,9472,256,50,0,50,0,137.5,
static_robust,static,none,fidelity,False,True,16,0.05,25,0,True,iid,0.1,1,s021,4,35.0,31.467391304347824,0.0,100.0,56,0,0,0,0,6,0.0,37.0,0,0,0,0,0,9472,256,50,0,50,0,193.5,
static_robust,static,none,fidelity,False,True,16,0.05,25,0,True,iid,0.1,1,s021,5,48.75,28.04347826086957,0.0,100.0,56,0,0,0,0,6,0.0,37.0,0,0,0,0,0,9472,256,50,0,50,0,249.5,
static_robust,static,none,fidelity,False,True,16,0.05,25,0,True,iid,0.1,1,s021,6,52.25,47.66304347826087,0.0,100.0,56,0,0,0,0,6,0.0,37.0,0,0,0,0,0,9472,256,50,0,50,0,305.5,
static_robust,static,none,fidelity,False,True,16,0.05,25,0,True,iid,0.1,1,s021,7,51.75000000000001,58.097826086956516,0.0,100.0,56,0,0,0,0,6,0.0,37.0,0,0,0,0,0,9472,256,50,0,50,0,361.5,
static_robust,static,none,fidelity,False,True,16,0.05,25,0,True,iid,0.1,1,s021,8,65.5,78.04347826086956,0.0,100.0,56,0,0,0,0,6,0.0,37.0,0,0,0,0,0,9472,256,50,0,50,0,417.5,100.0
static_robust,static,none,fidelity,False,True,16,0.05,25,0,True,iid,0.1,2,s021,2,33.5,25.706521739130434,0.0,98.0,56,0,0,0,0,6,0.0,37.0,0,0,0,0,0,9472,256,50,0,50,0,81.5,
static_robust,static,none,fidelity,False,True,16,0.05,25,0,True,iid,0.1,2,s021,3,30.500000000000004,25.543478260869566,0.0,99.5,56,0,0,0,0,6,0.0,37.0,0,0,0,0,0,9472,256,50,0,50,0,137.5,
static_robust,static,none,fidelity,False,True,16,0.05,25,0,True,iid,0.1,2,s021,4,34.25,28.967391304347828,0.0,99.0,56,0,0,0,0,6,0.0,37.0,0,0,0,0,0,9472,256,50,0,50,0,193.5,
static_robust,static,none,fidelity,False,True,16,0.05,25,0,True,iid,0.1,2,s021,5,47.75,30.217391304347828,2.0,98.0,56,0,0,0,0,6,0.0,37.0,0,0,0,0,0,9472,256,50,0,50,0,249.5,
static_robust,static,none,fidelity,False,True,16,0.05,25,0,True,iid,0.1,2,s021,6,55.00000000000001,44.07608695652174,4.0,100.0,56,0,0,0,0,6,0.0,37.0,0,0,0,0,0,9472,256,50,0,50,0,305.5,
static_robust,static,none,fidelity,False,True,16,0.05,25,0,True,iid,0.1,2,s021,7,52.0,66.19565217391305,0.0,98.5,56,0,0,0,0,6,0.0,37.0,0,0,0,0,0,9472,256,50,0,50,0,361.5,
static_robust,static,none,fidelity,False,True,16,0.05,25,0,True,iid,0.1,2,s021,8,63.5,72.11956521739131,0.0,98.5,56,0,0,0,0,6,0.0,37.0,0,0,0,0,0,9472,256,50,0,50,0,417.5,100.0
window_robust,window,none,fidelity,False,True,16,0.05,25,0,True,iid,0.1,0,s021,2,26.75,4.67391304347826,0.0,100.0,56,56,50,6,0,6,1.0,14.88671875,0,0,0,0,0,3811,256,16,0,0,1,7.5,
window_robust,window,none,fidelity,False,True,16,0.05,25,0,True,iid,0.1,0,s021,3,21.249999999999996,7.01086956521739,0.0,100.0,56,56,50,6,0,6,1.0,13.38671875,0,0,0,0,0,3427,256,16,0,0,0,7.5,
window_robust,window,none,fidelity,False,True,16,0.05,25,0,True,iid,0.1,0,s021,4,12.75,0.0,0.0,100.0,56,56,50,6,0,6,1.0,13.24609375,0,0,0,0,0,3391,256,16,0,0,1,7.5,
window_robust,window,none,fidelity,False,True,16,0.05,25,0,True,iid,0.1,0,s021,5,19.499999999999996,5.760869565217389,0.0,100.0,56,56,50,6,0,6,1.0,13.78125,0,0,0,0,0,3528,256,16,0,0,2,7.5,
window_robust,window,none,fidelity,False,True,16,0.05,25,0,True,iid,0.1,0,s021,6,28.500000000000004,7.17391304347826,0.0,100.0,56,56,50,6,0,6,1.0,13.1171875,0,0,0,0,0,3358,256,16,0,0,0,7.5,
window_robust,window,none,fidelity,False,True,16,0.05,25,0,True,iid,0.1,0,s021,7,15.500000000000004,3.58695652173913,0.0,100.0,56,56,50,6,0,6,1.0,12.61328125,0,0,0,0,0,3229,256,16,0,0,0,7.5,
window_robust,window,none,fidelity,False,True,16,0.05,25,0,True,iid,0.1,0,s021,8,17.750000000000004,4.67391304347826,0.0,100.0,56,56,50,6,0,6,1.0,12.046875,0,0,0,0,0,3084,256,16,0,0,1,7.5,100.0
window_robust,window,none,fidelity,False,True,16,0.05,25,0,True,iid,0.1,1,s021,2,23.25,9.510869565217389,0.0,100.0,56,56,50,6,0,6,1.0,14.8203125,0,0,0,0,0,3794,256,16,0,0,2,7.5,
window_robust,window,none,fidelity,False,True,16,0.05,25,0,True,iid,0.1,1,s021,3,23.5,10.434782608695654,0.0,100.0,56,56,50,6,0,6,1.0,13.32421875,0,0,0,0,0,3411,256,16,0,0,2,7.5,
window_robust,window,none,fidelity,False,True,16,0.05,25,0,True,iid,0.1,1,s021,4,15.75,0.0,0.0,100.0,56,56,50,6,0,6,1.0,13.125,0,0,0,0,0,3360,256,16,0,0,2,7.5,
window_robust,window,none,fidelity,False,True,16,0.05,25,0,True,iid,0.1,1,s021,5,19.749999999999996,4.67391304347826,0.0,100.0,56,56,50,6,0,6,1.0,13.51171875,0,0,0,0,0,3459,256,16,0,0,1,7.5,
window_robust,window,none,fidelity,False,True,16,0.05,25,0,True,iid,0.1,1,s021,6,34.0,17.445652173913043,0.0,100.0,56,56,50,6,0,6,1.0,12.875,0,0,0,0,0,3296,256,16,0,0,2,7.5,
window_robust,window,none,fidelity,False,True,16,0.05,25,0,True,iid,0.1,1,s021,7,15.750000000000004,5.760869565217389,0.0,100.0,56,56,50,6,0,6,1.0,12.92578125,0,0,0,0,0,3309,256,16,0,0,1,7.5,
window_robust,window,none,fidelity,False,True,16,0.05,25,0,True,iid,0.1,1,s021,8,17.750000000000004,5.760869565217389,0.0,100.0,56,56,50,6,0,6,1.0,11.87890625,0,0,0,0,0,3041,256,16,0,0,2,7.5,100.0
window_robust,window,none,fidelity,False,True,16,0.05,25,0,True,iid,0.1,2,s021,2,26.25,7.01086956521739,0.0,100.0,56,56,50,6,0,6,1.0,14.67578125,0,0,0,0,0,3757,256,16,0,0,3,7.5,
window_robust,window,none,fidelity,False,True,16,0.05,25,0,True,iid,0.1,2,s021,3,21.999999999999996,7.01086956521739,0.0,100.0,56,56,50,6,0,6,1.0,13.25,0,0,0,0,0,3392,256,16,0,0,2,7.5,
window_robust,window,none,fidelity,False,True,16,0.05,25,0,True,iid,0.1,2,s021,4,16.250000000000004,5.760869565217389,0.0,100.0,56,56,50,6,0,6,1.0,12.9375,0,0,0,0,0,3312,256,16,0,0,3,7.5,
window_robust,window,none,fidelity,False,True,16,0.05,25,0,True,iid,0.1,2,s021,5,16.500000000000004,7.01086956521739,0.0,100.0,56,56,50,6,0,6,1.0,13.78515625,0,0,0,0,0,3529,256,16,0,0,2,7.5,
window_robust,window,none,fidelity,False,True,16,0.05,25,0,True,iid,0.1,2,s021,6,28.500000000000004,16.032608695652172,0.0,100.0,56,56,50,6,0,6,1.0,12.89453125,0,0,0,0,0,3301,256,16,0,0,2,7.5,
window_robust,window,none,fidelity,False,True,16,0.05,25,0,True,iid,0.1,2,s021,7,14.500000000000002,7.17391304347826,0.0,100.0,56,56,50,6,0,6,1.0,12.6171875,0,0,0,0,0,3230,256,16,0,0,0,7.5,
window_robust,window,none,fidelity,False,True,16,0.05,25,0,True,iid,0.1,2,s021,8,18.750000000000004,2.33695652173913,0.0,100.0,56,56,50,6,0,6,1.0,11.98046875,0,0,0,0,0,3067,256,16,0,0,4,7.5,100.0
aeqkad_robust,window,full,fidelity,False,True,16,0.05,25,0,True,iid,0.1,0,s021,2,27.749999999999996,4.67391304347826,0.0,100.0,56,33,33,0,0,6,0.66,13.515625,56,23,0,0,0,3460,256,16,0,0,0,10.5625,
aeqkad_robust,window,full,fidelity,False,True,16,0.05,25,0,True,iid,0.1,0,s021,3,22.249999999999996,8.097826086956525,0.0,100.0,56,35,35,0,0,6,0.7,10.796875,56,21,0,0,0,2764,256,16,0,0,0,14.6875,
aeqkad_robust,window,full,fidelity,False,True,16,0.05,25,0,True,iid,0.1,0,s021,4,14.500000000000002,0.0,0.0,100.0,56,43,43,0,0,6,0.86,11.36328125,56,13,0,0,0,2909,256,16,0,0,0,8.6875,
aeqkad_robust,window,full,fidelity,False,True,16,0.05,25,0,True,iid,0.1,0,s021,5,15.250000000000002,5.760869565217389,0.0,100.0,56,43,42,1,0,6,0.84,11.953125,56,13,0,0,0,3060,256,16,0,0,1,8.375,
aeqkad_robust,window,full,fidelity,False,True,16,0.05,25,0,True,iid,0.1,0,s021,6,30.000000000000004,12.771739130434783,0.0,100.0,56,33,32,1,0,6,0.64,10.33203125,56,23,0,0,0,2645,256,16,0,0,0,11.1875,
aeqkad_robust,window,full,fidelity,False,True,16,0.05,25,0,True,iid,0.1,0,s021,7,14.250000000000002,2.5,0.0,100.0,56,44,43,1,0,6,0.86,11.11328125,56,11,0,0,1,2845,256,16,0,0,0,7.5,
aeqkad_robust,window,full,fidelity,False,True,16,0.05,25,0,True,iid,0.1,0,s021,8,16.750000000000004,2.33695652173913,0.0,100.0,56,41,41,0,0,6,0.82,9.8359375,56,15,0,0,0,2518,256,16,0,0,0,10.3125,100.0
aeqkad_robust,window,full,fidelity,False,True,16,0.05,25,0,True,iid,0.1,1,s021,2,25.5,8.097826086956525,0.0,100.0,56,30,30,0,0,6,0.6,13.421875,56,26,0,0,0,3436,256,16,0,0,0,13.3125,
aeqkad_robust,window,full,fidelity,False,True,16,0.05,25,0,True,iid,0.1,1,s021,3,24.0,8.097826086956525,0.0,100.0,56,35,34,1,0,6,0.68,11.22265625,56,21,0,0,0,2873,256,16,0,0,0,14.875,
aeqkad_robust,window,full,fidelity,False,True,16,0.05,25,0,True,iid,0.1,1,s021,4,15.750000000000004,0.0,0.0,100.0,56,43,42,1,0,6,0.84,11.30078125,56,13,0,0,0,2893,256,16,0,0,1,9.375,
aeqkad_robust,window,full,fidelity,False,True,16,0.05,25,0,True,iid,0.1,1,s021,5,17.750000000000004,4.510869565217389,0.0,100.0,56,39,39,0,0,6,0.78,11.34375,56,17,0,0,0,2904,256,16,0,0,0,9.5625,
aeqkad_robust,window,full,fidelity,False,True,16,0.05,25,0,True,iid,0.1,1,s021,6,34.25,15.108695652173914,0.0,100.0,56,33,32,1,0,6,0.64,10.02734375,56,23,0,0,0,2567,256,16,0,0,0,13.1875,
aeqkad_robust,window,full,fidelity,False,True,16,0.05,25,0,True,iid,0.1,1,s021,7,16.000000000000004,3.423913043478259,0.0,100.0,56,43,43,0,0,6,0.86,11.30859375,56,13,0,0,0,2895,256,16,0,0,0,8.5,
aeqkad_robust,window,full,fidelity,False,True,16,0.05,25,0,True,iid,0.1,1,s021,8,18.250000000000004,3.423913043478259,0.0,100.0,56,44,41,3,0,6,0.82,10.390625,56,12,0,0,0,2660,256,16,0,0,1,10.5,100.0
aeqkad_robust,window,full,fidelity,False,True,16,0.05,25,0,True,iid,0.1,2,s021,2,26.25,7.01086956521739,0.0,100.0,56,33,33,0,0,6,0.66,13.171875,56,23,0,0,0,3372,256,16,0,0,0,12.625,
aeqkad_robust,window,full,fidelity,False,True,16,0.05,25,0,True,iid,0.1,2,s021,3,23.25,8.097826086956525,0.0,100.0,56,34,34,0,0,6,0.68,10.45703125,56,22,0,0,0,2677,256,16,0,0,0,15.6875,
aeqkad_robust,window,full,fidelity,False,True,16,0.05,25,0,True,iid,0.1,2,s021,4,16.000000000000004,1.25,0.0,100.0,56,44,43,1,0,6,0.86,10.73046875,56,12,0,0,0,2747,256,16,0,0,0,10.0625,
aeqkad_robust,window,full,fidelity,False,True,16,0.05,25,0,True,iid,0.1,2,s021,5,16.000000000000004,5.760869565217389,0.0,100.0,56,42,42,0,0,6,0.84,12.0703125,56,14,0,0,0,3090,256,16,0,0,0,9.5,
aeqkad_robust,window,full,fidelity,False,True,16,0.05,25,0,True,iid,0.1,2,s021,6,32.75,9.347826086956525,0.0,100.0,56,34,33,1,0,6,0.66,10.14453125,56,22,0,0,0,2597,256,16,0,0,1,12.125,
aeqkad_robust,window,full,fidelity,False,True,16,0.05,25,0,True,iid,0.1,2,s021,7,14.250000000000002,5.923913043478259,0.0,100.0,56,49,44,5,0,6,0.88,11.6796875,56,7,0,0,0,2990,256,16,0,0,0,7.5,
aeqkad_robust,window,full,fidelity,False,True,16,0.05,25,0,True,iid,0.1,2,s021,8,16.000000000000004,7.01086956521739,0.0,100.0,56,42,41,1,0,6,0.82,9.93359375,56,14,0,0,0,2543,256,16,0,0,1,11.75,100.0
static_robust,static,none,fidelity,False,True,16,0.05,25,0,True,iid,0.1,0,s022,2,13.5,3.423913043478259,0.0,100.0,56,0,0,0,0,6,0.0,38.0,0,0,0,0,0,9728,256,50,0,50,0,81.5,
static_robust,static,none,fidelity,False,True,16,0.05,25,0,True,iid,0.1,0,s022,3,4.500000000000002,0.0,0.0,100.0,56,0,0,0,0,6,0.0,38.0,0,0,0,0,0,9728,256,50,0,50,0,137.5,
static_robust,static,none,fidelity,False,True,16,0.05,25,0,True,iid,0.1,0,s022,4,6.250000000000003,0.0,0.0,100.0,56,0,0,0,0,6,0.0,38.0,0,0,0,0,0,9728,256,50,0,50,0,193.5,
static_robust,static,none,fidelity,False,True,16,0.05,25,0,True,iid,0.1,0,s022,5,13.750000000000002,0.0,0.0,100.0,56,0,0,0,0,6,0.0,38.0,0,0,0,0,0,9728,256,50,0,50,0,249.5,
static_robust,static,none,fidelity,False,True,16,0.05,25,0,True,iid,0.1,0,s022,6,1.7500000000000009,0.0,0.0,100.0,56,0,0,0,0,6,0.0,38.0,0,0,0,0,0,9728,256,50,0,50,0,305.5,
static_robust,static,none,fidelity,False,True,16,0.05,25,0,True,iid,0.1,0,s022,7,4.250000000000002,0.0,0.0,100.0,56,0,0,0,0,6,0.0,38.0,0,0,0,0,0,9728,256,50,0,50,0,361.5,
static_robust,static,none,fidelity,False,True,16,0.05,25,0,True,iid,0.1,0,s022,8,4.500000000000002,1.25,0.0,100.0,56,0,0,0,0,6,0.0,38.0,0,0,0,0,0,9728,256,50,0,50,0,417.5,100.0
static_robust,static,none,fidelity,False,True,16,0.05,25,0,True,iid,0.1,1,s022,2,15.250000000000002,2.33695652173913,0.0,100.0,56,0,0,0,0,6,0.0,39.0,0,0,0,0,0,9984,256,50,0,50,0,81.5,
static_robust,static,none,fidelity,False,True,16,0.05,25,0,True,iid,0.1,1,s022,3,7.749999999999998,0.0,0.0,100.0,56,0,0,0,0,6,0.0,39.0,0,0,0,0,0,9984,256,50,0,50,0,137.5,
static_robust,static,none,fidelity,False,True,16,0.05,25,0,True,iid,0.1,1,s022,4,5.000000000000003,0.0,0.0,100.0,56,0,0,0,0,6,0.0,39.0,0,0,0,0,0,9984,256,50,0,50,0,193.5,
static_robust,static,none,fidelity,False,True,16,0.05,25,0,True,iid,0.1,1,s022,5,13.0,0.0,0.0,100.0,56,0,0,0,0,6,0.0,39.0,0,0,0,0,0,9984,256,50,0,50,0,249.5,
static_robust,static,none,fidelity,False,True,16,0.05,25,0,True,iid,0.1,1,s022,6,1.0000000000000009,0.0,0.0,100.0,56,0,0,0,0,6,0.0,39.0,0,0,0,0,0,9984,256,50,0,50,0,305.5,
static_robust,static,none,fidelity,False,True,16,0.05,25,0,True,iid,0.1,1,s022,7,5.750000000000003,0.0,0.0,100.0,56,0,0,0,0,6,0.0,39.0,0,0,0,0,0,9984,256,50,0,50,0,361.5,
static_robust,static,none,fidelity,False,True,16,0.05,25,0,True,iid,0.1,1,s022,8,6.499999999999997,0.0,0.0,100.0,56,0,0,0,0,6,0.0,39.0,0,0,0,0,0,9984,256,50,0,50,0,417.5,100.0
static_robust,static,none,fidelity,False,True,16,0.05,25,0,True,iid,0.1,2,s022,2,14.000000000000002,1.25,0.0,100.0,56,0,0,0,0,6,0.0,38.0,0,0,0,0,0,9728,256,50,0,50,0,81.5,
static_robust,static,none,fidelity,False,True,16,0.05,25,0,True,iid,0.1,2,s022,3,3.2500000000000013,0.0,0.0,100.0,56,0,0,0,0,6,0.0,38.0,0,0,0,0,0,9728,256,50,0,50,0,137.5,
static_robust,static,none,fidelity,False,True,16,0.05,25,0,True,iid,0.1,2,s022,4,7.499999999999998,0.0,0.0,100.0,56,0,0,0,0,6,0.0,38.0,0,0,0,0,0,9728,256,50,0,50,0,193.5,
static_robust,static,none,fidelity,False,True,16,0.05,25,0,True,iid,0.1,2,s022,5,13.0,0.0,0.0,100.0,56,0,0,0,0,6,0.0,38.0,0,0,0,0,0,9728,256,50,0,50,0,249.5,
static_robust,static,none,fidelity,False,True,16,0.05,25,0,True,iid,0.1,2,s022,6,1.5000000000000009,0.0,0.0,100.0,56,0,0,0,0,6,0.0,38.0,0,0,0,0,0,9728,256,50,0,50,0,305.5,
static_robust,static,none,fidelity,False,True,16,0.05,25,0,True,iid,0.1,2,s022,7,6.000000000000003,0.0,0.0,100.0,56,0,0,0,0,6,0.0,38.0,0,0,0,0,0,9728,256,50,0,50,0,361.5,
static_robust,static,none,fidelity,False,True,16,0.05,25,0,True,iid,0.1,2,s022,8,6.000000000000003,0.0,0.0,100.0,56,0,0,0,0,6,0.0,38.0,0,0,0,0,0,9728,256,50,0,50,0,417.5,100.0
window_robust,window,none,fidelity,False,True,16,0.05,25,0,True,iid,0.1,0,s022,2,19.749999999999996,1.0869565217391297,0.0,100.0,56,56,50,6,0,6,1.0,13.515625,0,0,0,0,0,3460,256,16,0,0,2,7.5,
window_robust,window,none,fidelity,False,True,16,0.05,25,0,True,iid,0.1,0,s022,3,9.499999999999998,0.0,0.0,100.0,56,56,50,6,0,6,1.0,11.61328125,0,0,0,0,0,2973,256,16,0,0,2,7.5,
window_robust,window,none,fidelity,False,True,16,0.05,25,0,True,iid,0.1,0,s022,4,7.499999999999998,2.33695652173913,0.0,100.0,56,56,50,6,0,6,1.0,11.7421875,0,0,0,0,0,3006,256,16,0,0,1,7.5,
window_robust,window,none,fidelity,False,True,16,0.05,25,0,True,iid,0.1,0,s022,5,17.750000000000004,2.33695652173913,0.0,100.0,56,56,50,6,0,6,1.0,12.48828125,0,0,0,0,0,3197,256,16,0,0,1,7.5,
window_robust,window,none,fidelity,False,True,16,0.05,25,0,True,iid,0.1,0,s022,6,6.000000000000003,1.25,0.0,100.0,56,56,50,6,0,6,1.0,10.32421875,0,0,0,0,0,2643,256,16,0,0,2,7.5,
window_robust,window,none,fidelity,False,True,16,0.05,25,0,True,iid,0.1,0,s022,7,3.7500000000000018,0.0,0.0,100.0,56,56,50,6,0,6,1.0,8.5390625,0,0,0,0,0,2186,256,16,0,0,1,7.5,
window_robust,window,none,fidelity,False,True,16,0.05,25,0,True,iid,0.1,0,s022,8,7.999999999999999,2.33695652173913,0.0,100.0,56,56,50,6,0,6,1.0,9.94921875,0,0,0,0,0,2547,256,16,0,0,2,7.5,100.0
window_robust,window,none,fidelity,False,True,16,0.05,25,0,True,iid,0.1,1,s022,2,17.0,2.33695652173913,0.0,100.0,56,56,50,6,0,6,1.0,13.42578125,0,0,0,0,0,3437,256,16,0,0,2,7.5,
window_robust,window,none,fidelity,False,True,16,0.05,25,0,True,iid,0.1,1,s022,3,12.0,0.0,0.0,100.0,56,56,50,6,0,6,1.0,11.60546875,0,0,0,0,0,2971,256,16,0,0,3,7.5,
window_robust,window,none,fidelity,False,True,16,0.05,25,0,True,iid,0.1,1,s022,4,7.499999999999998,2.33695652173913,0.0,100.0,56,56,50,6,0,6,1.0,12.09765625,0,0,0,0,0,3097,256,16,0,0,0,7.5,
window_robust,window,none,fidelity,False,True,16,0.05,25,0,True,iid,0.1,1,s022,5,11.75,0.0,0.0,100.0,56,56,50,6,0,6,1.0,12.45703125,0,0,0,0,0,3189,256,16,0,0,3,7.5,
window_robust,window,none,fidelity,False,True,16,0.05,25,0,True,iid,0.1,1,s022,6,6.500000000000003,0.0,0.0,100.0,56,56,50,6,0,6,1.0,10.59765625,0,0,0,0,0,2713,256,16,0,0,2,7.5,
window_robust,window,none,fidelity,False,True,16,0.05,25,0,True,iid,0.1,1,s022,7,4.500000000000002,0.0,0.0,100.0,56,56,50,6,0,6,1.0,8.6640625,0,0,0,0,0,2218,256,16,0,0,3,7.5,
window_robust,window,none,fidelity,False,True,16,0.05,25,0,True,iid,0.1,1,s022,8,5.249999999999997,0.0,0.0,100.0,56,56,50,6,0,6,1.0,9.65625,0,0,0,0,0,2472,256,16,0,0,4,7.5,100.0
window_robust,window,none,fidelity,False,True,16,0.05,25,0,True,iid,0.1,2,s022,2,18.250000000000004,4.67391304347826,0.0,100.0,56,56,50,6,0,6,1.0,13.33984375,0,0,0,0,0,3415,256,16,0,0,4,7.5,
window_robust,window,none,fidelity,False,True,16,0.05,25,0,True,iid,0.1,2,s022,3,7.999999999999999,0.0,0.0,100.0,56,56,50,6,0,6,1.0,11.94921875,0,0,0,0,0,3059,256,16,0,0,1,7.5,
window_robust,window,none,fidelity,False,True,16,0.05,25,0,True,iid,0.1,2,s022,4,4.999999999999998,0.0,0.0,100.0,56,56,50,6,0,6,1.0,11.78125,0,0,0,0,0,3016,256,16,0,0,1,7.5,
window_robust,window,none,fidelity,False,True,16,0.05,25,0,True,iid,0.1,2,s022,5,8.75,1.25,0.0,100.0,56,56,50,6,0,6,1.0,12.50390625,0,0,0,0,0,3201,256,16,0,0,1,7.5,
window_robust,window,none,fidelity,False,True,16,0.05,25,0,True,iid,0.1,2,s022,6,7.999999999999999,1.0869565217391297,0.0,100.0,56,56,50,6,0,6,1.0,10.44921875,0,0,0,0,0,2675,256,16,0,0,1,7.5,
window_robust,window,none,fidelity,False,True,16,0.05,25,0,True,iid,0.1,2,s022,7,3.5000000000000018,0.0,0.0,100.0,56,56,50,6,0,6,1.0,8.52734375,0,0,0,0,0,2183,256,16,0,0,1,7.5,
window_robust,window,none,fidelity,False,True,16,0.05,25,0,True,iid,0.1,2,s022,8,6.499999999999997,0.0,0.0,100.0,56,56,50,6,0,6,1.0,9.99609375,0,0,0,0,0,2559,256,16,0,0,3,7.5,100.0
aeqkad_robust,window,full,fidelity,False,True,16,0.05,25,0,True,iid,0.1,0,s022,2,10.5,0.0,0.0,100.0,56,38,38,0,0,6,0.76,11.87109375,56,18,0,0,0,3039,256,16,0,0,0,10.375,
aeqkad_robust,window,full,fidelity,False,True,16,0.05,25,0,True,iid,0.1,0,s022,3,6.500000000000003,0.0,0.0,100.0,56,47,47,0,0,6,0.94,10.4609375,56,9,0,0,0,2678,256,16,0,0,0,8.125,
aeqkad_robust,window,full,fidelity,False,True,16,0.05,25,0,True,iid,0.1,0,s022,4,7.249999999999998,3.423913043478259,0.0,100.0,56,46,45,1,0,6,0.9,10.2734375,56,9,0,0,1,2630,256,16,0,0,0,8.1875,
aeqkad_robust,window,full,fidelity,False,True,16,0.05,25,0,True,iid,0.1,0,s022,5,8.75,0.0,0.0,100.0,56,40,40,0,0,6,0.8,10.24609375,56,14,0,0,2,2623,256,16,0,0,0,9.0625,
aeqkad_robust,window,full,fidelity,False,True,16,0.05,25,0,True,iid,0.1,0,s022,6,4.500000000000002,1.25,0.0,100.0,56,49,47,2,0,6,0.94,9.046875,56,6,0,0,1,2316,256,16,0,0,0,8.75,
aeqkad_robust,window,full,fidelity,False,True,16,0.05,25,0,True,iid,0.1,0,s022,7,2.000000000000001,0.0,0.0,100.0,56,49,49,0,0,6,0.98,7.2265625,56,6,0,0,1,1850,256,16,0,0,0,8.5,
aeqkad_robust,window,full,fidelity,False,True,16,0.05,25,0,True,iid,0.1,0,s022,8,7.999999999999999,0.0,0.0,100.0,56,46,46,0,0,6,0.92,7.8515625,56,9,0,0,1,2010,256,16,0,0,0,9.0625,100.0
aeqkad_robust,window,full,fidelity,False,True,16,0.05,25,0,True,iid,0.1,1,s022,2,12.25,0.0,0.0,100.0,56,40,40,0,0,6,0.8,12.06640625,56,16,0,0,0,3089,256,16,0,0,0,11.0625,
aeqkad_robust,window,full,fidelity,False,True,16,0.05,25,0,True,iid,0.1,1,s022,3,7.0000000000000036,0.0,0.0,100.0,56,47,47,0,0,6,0.94,10.57421875,56,9,0,0,0,2707,256,16,0,0,0,9.6875,
aeqkad_robust,window,full,fidelity,False,True,16,0.05,25,0,True,iid,0.1,1,s022,4,10.499999999999998,3.423913043478259,0.0,100.0,56,45,45,0,0,6,0.9,10.1875,56,10,0,0,1,2608,256,16,0,0,0,7.625,
aeqkad_robust,window,full,fidelity,False,True,16,0.05,25,0,True,iid,0.1,1,s022,5,6.999999999999999,0.0,0.0,100.0,56,40,40,0,0,6,0.8,10.23046875,56,14,0,0,2,2619,256,16,0,0,0,9.875,
aeqkad_robust,window,full,fidelity,False,True,16,0.05,25,0,True,iid,0.1,1,s022,6,4.500000000000002,0.0,0.0,100.0,56,47,47,0,0,6,0.94,8.734375,56,8,0,0,1,2236,256,16,0,0,0,8.5,
aeqkad_robust,window,full,fidelity,False,True,16,0.05,25,0,True,iid,0.1,1,s022,7,4.500000000000002,0.0,0.0,100.0,56,50,49,1,0,6,0.98,7.5234375,56,5,0,0,1,1926,256,16,0,0,1,9.3125,
aeqkad_robust,window,full,fidelity,False,True,16,0.05,25,0,True,iid,0.1,1,s022,8,6.500000000000003,0.0,0.0,100.0,56,46,46,0,0,6,0.92,8.15625,56,9,0,0,1,2088,256,16,0,0,0,10.5,100.0
aeqkad_robust,window,full,fidelity,False,True,16,0.05,25,0,True,iid,0.1,2,s022,2,13.0,0.0,0.0,100.0,56,38,38,0,0,6,0.76,11.75390625,56,18,0,0,0,3009,256,16,0,0,0,12.1875,
aeqkad_robust,window,full,fidelity,False,True,16,0.05,25,0,True,iid,0.1,2,s022,3,6.000000000000003,0.0,0.0,100.0,56,47,47,0,0,6,0.94,10.28125,56,9,0,0,0,2632,256,16,0,0,0,7.8125,
aeqkad_robust,window,full,fidelity,False,True,16,0.05,25,0,True,iid,0.1,2,s022,4,9.499999999999996,3.423913043478259,0.0,100.0,56,45,45,0,0,6,0.9,10.1171875,56,10,0,0,1,2590,256,16,0,0,0,8.0625,
aeqkad_robust,window,full,fidelity,False,True,16,0.05,25,0,True,iid,0.1,2,s022,5,7.749999999999998,0.0,0.0,100.0,56,40,40,0,0,6,0.8,10.30859375,56,14,0,0,2,2639,256,16,0,0,0,8.4375,
aeqkad_robust,window,full,fidelity,False,True,16,0.05,25,0,True,iid,0.1,2,s022,6,4.000000000000002,0.0,0.0,100.0,56,47,47,0,0,6,0.94,8.85546875,56,8,0,0,1,2267,256,16,0,0,0,8.0625,
aeqkad_robust,window,full,fidelity,False,True,16,0.05,25,0,True,iid,0.1,2,s022,7,0.25,0.0,0.0,100.0,56,49,49,0,0,6,0.98,7.2890625,56,6,0,0,1,1866,256,16,0,0,0,8.5,
aeqkad_robust,window,full,fidelity,False,True,16,0.05,25,0,True,iid,0.1,2,s022,8,8.499999999999998,0.0,0.0,100.0,56,46,46,0,0,6,0.92,7.921875,56,10,0,0,0,2028,256,16,0,0,0,9.8125,100.0
static_robust,static,none,fidelity,False,True,16,0.05,25,0,True,iid,0.1,0,s024,2,6.250000000000003,1.25,0.0,100.0,56,0,0,0,0,6,0.0,38.0,0,0,0,0,0,9728,256,50,0,50,0,81.5,
static_robust,static,none,fidelity,False,True,16,0.05,25,0,True,iid,0.1,0,s024,3,10.0,4.67391304347826,0.0,100.0,56,0,0,0,0,6,0.0,38.0,0,0,0,0,0,9728,256,50,0,50,0,137.5,
static_robust,static,none,fidelity,False,True,16,0.05,25,0,True,iid,0.1,0,s024,4,7.499999999999998,0.0,0.0,100.0,56,0,0,0,0,6,0.0,38.0,0,0,0,0,0,9728,256,50,0,50,0,193.5,
static_robust,static,none,fidelity,False,True,16,0.05,25,0,True,iid,0.1,0,s024,5,10.249999999999998,1.25,0.0,100.0,56,0,0,0,0,6,0.0,38.0,0,0,0,0,0,9728,256,50,0,50,0,249.5,
static_robust,static,none,fidelity,False,True,16,0.05,25,0,True,iid,0.1,0,s024,6,9.499999999999998,0.0,0.0,100.0,56,0,0,0,0,6,0.0,38.0,0,0,0,0,0,9728,256,50,0,50,0,305.5,
static_robust,static,none,fidelity,False,True,16,0.05,25,0,True,iid,0.1,0,s024,7,12.0,4.67391304347826,0.0,100.0,56,0,0,0,0,6,0.0,38.0,0,0,0,0,0,9728,256,50,0,50,0,361.5,
static_robust,static,none,fidelity,False,True,16,0.05,25,0,True,iid,0.1,0,s024,8,7.249999999999998,1.25,0.0,100.0,56,0,0,0,0,6,0.0,38.0,0,0,0,0,0,9728,256,50,0,50,0,417.5,100.0
static_robust,static,none,fidelity,False,True,16,0.05,25,0,True,iid,0.1,1,s024,2,7.499999999999998,1.25,0.0,100.0,56,0,0,0,0,6,0.0,37.0,0,0,0,0,0,9472,256,50,0,50,0,81.5,
static_robust,static,none,fidelity,False,True,16,0.05,25,0,True,iid,0.1,1,s024,3,9.749999999999998,2.33695652173913,0.0,100.0,56,0,0,0,0,6,0.0,37.0,0,0,0,0,0,9472,256,50,0,50,0,137.5,
static_robust,static,none,fidelity,False,True,16,0.05,25,0,True,iid,0.1,1,s024,4,10.249999999999998,1.25,0.0,100.0,56,0,0,0,0,6,0.0,37.0,0,0,0,0,0,9472,256,50,0,50,0,193.5,
static_robust,static,none,fidelity,False,True,16,0.05,25,0,True,iid,0.1,1,s024,5,7.999999999999999,1.25,0.0,100.0,56,0,0,0,0,6,0.0,37.0,0,0,0,0,0,9472,256,50,0,50,0,249.5,
static_robust,static,none,fidelity,False,True,16,0.05,25,0,True,iid,0.1,1,s024,6,6.000000000000003,0.0,0.0,100.0,56,0,0,0,0,6,0.0,37.0,0,0,0,0,0,9472,256,50,0,50,0,305.5,
static_robust,static,none,fidelity,False,True,16,0.05,25,0,True,iid,0.1,1,s024,7,10.499999999999998,5.760869565217389,0.0,100.0,56,0,0,0,0,6,0.0,37.0,0,0,0,0,0,9472,256,50,0,50,0,361.5,
static_robust,static,none,fidelity,False,True,16,0.05,25,0,True,iid,0.1,1,s024,8,7.749999999999998,6.847826086956524,0.0,100.0,56,0,0,0,0,6,0.0,37.0,0,0,0,0,0,9472,256,50,0,50,0,417.5,100.0
static_robust,static,none,fidelity,False,True,16,0.05,25,0,True,iid,0.1,2,s024,2,8.499999999999998,1.25,0.0,100.0,56,0,0,0,0,6,0.0,38.0,0,0,0,0,0,9728,256,50,0,50,0,81.5,
static_robust,static,none,fidelity,False,True,16,0.05,25,0,True,iid,0.1,2,s024,3,10.499999999999998,2.33695652173913,0.0,100.0,56,0,0,0,0,6,0.0,38.0,0,0,0,0,0,9728,256,50,0,50,0,137.5,
static_robust,static,none,fidelity,False,True,16,0.05,25,0,True,iid,0.1,2,s024,4,8.249999999999998,1.25,0.0,100.0,56,0,0,0,0,6,0.0,38.0,0,0,0,0,0,9728,256,50,0,50,0,193.5,
static_robust,static,none,fidelity,False,True,16,0.05,25,0,True,iid,0.1,2,s024,5,10.749999999999998,1.25,0.0,100.0,56,0,0,0,0,6,0.0,38.0,0,0,0,0,0,9728,256,50,0,50,0,249.5,
static_robust,static,none,fidelity,False,True,16,0.05,25,0,True,iid,0.1,2,s024,6,6.250000000000003,0.0,0.0,100.0,56,0,0,0,0,6,0.0,38.0,0,0,0,0,0,9728,256,50,0,50,0,305.5,
static_robust,static,none,fidelity,False,True,16,0.05,25,0,True,iid,0.1,2,s024,7,12.25,7.01086956521739,0.0,100.0,56,0,0,0,0,6,0.0,38.0,0,0,0,0,0,9728,256,50,0,50,0,361.5,
static_robust,static,none,fidelity,False,True,16,0.05,25,0,True,iid,0.1,2,s024,8,9.499999999999998,1.25,0.0,100.0,56,0,0,0,0,6,0.0,38.0,0,0,0,0,0,9728,256,50,0,50,0,417.5,100.0
window_robust,window,none,fidelity,False,True,16,0.05,25,0,True,iid,0.1,0,s024,2,11.75,4.67391304347826,0.0,100.0,56,56,50,6,0,6,1.0,12.87890625,0,0,0,0,0,3297,256,16,0,0,4,7.5,
window_robust,window,none,fidelity,False,True,16,0.05,25,0,True,iid,0.1,0,s024,3,20.499999999999996,4.67391304347826,0.0,100.0,56,56,50,6,0,6,1.0,14.41796875,0,0,0,0,0,3691,256,16,0,0,0,7.5,
window_robust,window,none,fidelity,False,True,16,0.05,25,0,True,iid,0.1,0,s024,4,12.25,1.25,0.0,100.0,56,56,50,6,0,6,1.0,11.6328125,0,0,0,0,0,2978,256,16,0,0,3,7.5,
window_robust,window,none,fidelity,False,True,16,0.05,25,0,True,iid,0.1,0,s024,5,12.0,0.0,0.0,100.0,56,56,50,6,0,6,1.0,12.66015625,0,0,0,0,0,3241,256,16,0,0,0,7.5,
window_robust,window,none,fidelity,False,True,16,0.05,25,0,True,iid,0.1,0,s024,6,10.0,0.0,0.0,100.0,56,56,50,6,0,6,1.0,12.08984375,0,0,0,0,0,3095,256,16,0,0,2,7.5,
window_robust,window,none,fidelity,False,True,16,0.05,25,0,True,iid,0.1,0,s024,7,12.25,2.33695652173913,0.0,100.0,56,56,50,6,0,6,1.0,12.703125,0,0,0,0,0,3252,256,16,0,0,1,7.5,
window_robust,window,none,fidelity,False,True,16,0.05,25,0,True,iid,0.1,0,s024,8,12.25,2.33695652173913,0.0,100.0,56,56,50,6,0,6,1.0,11.89453125,0,0,0,0,0,3045,256,16,0,0,1,7.5,100.0
window_robust,window,none,fidelity,False,True,16,0.05,25,0,True,iid,0.1,1,s024,2,9.499999999999998,1.25,0.0,100.0,56,56,50,6,0,6,1.0,12.89453125,0,0,0,0,0,3301,256,16,0,0,1,7.5,
window_robust,window,none,fidelity,False,True,16,0.05,25,0,True,iid,0.1,1,s024,3,17.500000000000004,10.271739130434785,0.0,100.0,56,56,50,6,0,6,1.0,13.8359375,0,0,0,0,0,3542,256,16,0,0,1,7.5,
window_robust,window,none,fidelity,False,True,16,0.05,25,0,True,iid,0.1,1,s024,4,17.0,2.5,0.0,100.0,56,56,50,6,0,6,1.0,11.94140625,0,0,0,0,0,3057,256,16,0,0,0,7.5,
window_robust,window,none,fidelity,False,True,16,0.05,25,0,True,iid,0.1,1,s024,5,10.999999999999998,0.0,0.0,100.0,56,56,50,6,0,6,1.0,12.5,0,0,0,0,0,3200,256,16,0,0,2,7.5,
window_robust,window,none,fidelity,False,True,16,0.05,25,0,True,iid,0.1,1,s024,6,11.5,3.423913043478259,0.0,100.0,56,56,50,6,0,6,1.0,12.01171875,0,0,0,0,0,3075,256,16,0,0,1,7.5,
window_robust,window,none,fidelity,False,True,16,0.05,25,0,True,iid,0.1,1,s024,7,11.75,1.0869565217391297,0.0,100.0,56,56,50,6,0,6,1.0,12.625,0,0,0,0,0,3232,256,16,0,0,2,7.5,
window_robust,window,none,fidelity,False,True,16,0.05,25,0,True,iid,0.1,1,s024,8,12.5,2.33695652173913,0.0,100.0,56,56,50,6,0,6,1.0,11.43359375,0,0,0,0,0,2927,256,16,0,0,3,7.5,100.0
window_robust,window,none,fidelity,False,True,16,0.05,25,0,True,iid,0.1,2,s024,2,14.000000000000002,4.67391304347826,0.0,100.0,56,56,50,6,0,6,1.0,12.875,0,0,0,0,0,3296,256,16,0,0,3,7.5,
window_robust,window,none,fidelity,False,True,16,0.05,25,0,True,iid,0.1,2,s024,3,18.500000000000004,2.5,0.0,100.0,56,56,50,6,0,6,1.0,14.140625,0,0,0,0,0,3620,256,16,0,0,0,7.5,
window_robust,window,none,fidelity,False,True,16,0.05,25,0,True,iid,0.1,2,s024,4,12.75,2.5,0.0,100.0,56,56,50,6,0,6,1.0,11.67578125,0,0,0,0,0,2989,256,16,0,0,2,7.5,
window_robust,window,none,fidelity,False,True,16,0.05,25,0,True,iid,0.1,2,s024,5,12.0,3.423913043478259,0.0,100.0,56,56,50,6,0,6,1.0,12.8515625,0,0,0,0,0,3290,256,16,0,0,1,7.5,
window_robust,window,none,fidelity,False,True,16,0.05,25,0,True,iid,0.1,2,s024,6,11.249999999999998,0.0,0.0,100.0,56,56,50,6,0,6,1.0,12.33984375,0,0,0,0,0,3159,256,16,0,0,2,7.5,
window_robust,window,none,fidelity,False,True,16,0.05,25,0,True,iid,0.1,2,s024,7,10.249999999999998,2.33695652173913,0.0,100.0,56,56,50,6,0,6,1.0,12.453125,0,0,0,0,0,3188,256,16,0,0,3,7.5,
window_robust,window,none,fidelity,False,True,16,0.05,25,0,True,iid,0.1,2,s024,8,12.0,1.25,0.0,100.0,56,56,50,6,0,6,1.0,11.41796875,0,0,0,0,0,2923,256,16,0,0,3,7.5,100.0
aeqkad_robust,window,full,fidelity,False,True,16,0.05,25,0,True,iid,0.1,0,s024,2,10.249999999999998,2.5,0.0,100.0,56,41,41,0,0,6,0.82,11.46875,56,15,0,0,0,2936,256,16,0,0,0,9.6875,
aeqkad_robust,window,full,fidelity,False,True,16,0.05,25,0,True,iid,0.1,0,s024,3,16.500000000000004,6.847826086956524,0.0,100.0,56,36,36,0,0,6,0.72,11.3359375,56,19,0,0,1,2902,256,16,0,0,0,8.625,
aeqkad_robust,window,full,fidelity,False,True,16,0.05,25,0,True,iid,0.1,0,s024,4,11.5,1.25,0.0,100.0,56,40,38,2,0,6,0.76,9.36328125,56,14,0,0,2,2397,256,16,0,0,1,12.1875,
aeqkad_robust,window,full,fidelity,False,True,16,0.05,25,0,True,iid,0.1,0,s024,5,13.750000000000002,1.25,0.0,100.0,56,39,39,0,0,6,0.78,9.8359375,56,17,0,0,0,2518,256,16,0,0,0,10.5625,
aeqkad_robust,window,full,fidelity,False,True,16,0.05,25,0,True,iid,0.1,0,s024,6,14.000000000000002,0.0,0.0,100.0,56,39,39,0,0,6,0.78,9.390625,56,17,0,0,0,2404,256,16,0,0,0,11.25,
aeqkad_robust,window,full,fidelity,False,True,16,0.05,25,0,True,iid,0.1,0,s024,7,10.249999999999998,0.0,0.0,100.0,56,42,42,0,0,6,0.84,10.29296875,56,13,0,0,1,2635,256,16,0,0,0,9.125,
aeqkad_robust,window,full,fidelity,False,True,16,0.05,25,0,True,iid,0.1,0,s024,8,9.749999999999998,1.25,0.0,100.0,56,40,40,0,0,6,0.8,9.66015625,56,16,0,0,0,2473,256,16,0,0,0,11.6875,100.0
aeqkad_robust,window,full,fidelity,False,True,16,0.05,25,0,True,iid,0.1,1,s024,2,10.0,4.67391304347826,0.0,100.0,56,43,41,2,0,6,0.82,11.8203125,56,13,0,0,0,3026,256,16,0,0,0,7.625,
aeqkad_robust,window,full,fidelity,False,True,16,0.05,25,0,True,iid,0.1,1,s024,3,14.000000000000002,2.5,0.0,100.0,56,38,37,1,0,6,0.74,11.41015625,56,18,0,0,0,2921,256,16,0,0,0,9.0625,
aeqkad_robust,window,full,fidelity,False,True,16,0.05,25,0,True,iid,0.1,1,s024,4,14.250000000000002,2.5,0.0,100.0,56,40,40,0,0,6,0.8,9.36328125,56,16,0,0,0,2397,256,16,0,0,0,10.3125,
aeqkad_robust,window,full,fidelity,False,True,16,0.05,25,0,True,iid,0.1,1,s024,5,10.249999999999998,2.33695652173913,0.0,100.0,56,39,38,1,0,6,0.76,10.625,56,17,0,0,0,2720,256,16,0,0,0,13.4375,
aeqkad_robust,window,full,fidelity,False,True,16,0.05,25,0,True,iid,0.1,1,s024,6,11.75,1.25,0.0,100.0,56,39,39,0,0,6,0.78,9.2109375,56,17,0,0,0,2358,256,16,0,0,0,10.9375,
aeqkad_robust,window,full,fidelity,False,True,16,0.05,25,0,True,iid,0.1,1,s024,7,10.249999999999998,2.33695652173913,0.0,100.0,56,41,41,0,0,6,0.82,10.359375,56,14,0,0,1,2652,256,16,0,0,0,10.0625,
aeqkad_robust,window,full,fidelity,False,True,16,0.05,25,0,True,iid,0.1,1,s024,8,12.25,5.760869565217389,0.0,100.0,56,39,39,0,0,6,0.78,9.265625,56,17,0,0,0,2372,256,16,0,0,0,13.75,100.0
aeqkad_robust,window,full,fidelity,False,True,16,0.05,25,0,True,iid,0.1,2,s024,2,11.5,4.67391304347826,0.0,100.0,56,42,42,0,0,6,0.84,11.33203125,56,14,0,0,0,2901,256,16,0,0,0,9.5625,
aeqkad_robust,window,full,fidelity,False,True,16,0.05,25,0,True,iid,0.1,2,s024,3,13.750000000000002,2.5,0.0,100.0,56,38,37,1,0,6,0.74,11.765625,56,18,0,0,0,3012,256,16,0,0,0,7.9375,
aeqkad_robust,window,full,fidelity,False,True,16,0.05,25,0,True,iid,0.1,2,s024,4,11.249999999999998,6.847826086956524,0.0,100.0,56,43,42,1,0,6,0.84,9.53125,56,13,0,0,0,2440,256,16,0,0,0,11.0625,
aeqkad_robust,window,full,fidelity,False,True,16,0.05,25,0,True,iid,0.1,2,s024,5,13.25,1.25,0.0,100.0,56,41,41,0,0,6,0.82,10.33203125,56,15,0,0,0,2645,256,16,0,0,0,10.75,
aeqkad_robust,window,full,fidelity,False,True,16,0.05,25,0,True,iid,0.1,2,s024,6,10.25,2.33695652173913,0.0,100.0,56,42,42,0,0,6,0.84,9.8515625,56,13,0,0,1,2522,256,16,0,0,0,9.8125,
aeqkad_robust,window,full,fidelity,False,True,16,0.05,25,0,True,iid,0.1,2,s024,7,12.0,3.423913043478259,0.0,100.0,56,43,43,0,0,6,0.86,10.9296875,56,13,0,0,0,2798,256,16,0,0,0,10.3125,
aeqkad_robust,window,full,fidelity,False,True,16,0.05,25,0,True,iid,0.1,2,s024,8,8.249999999999998,4.67391304347826,0.0,100.0,56,41,40,1,0,6,0.8,9.34375,56,15,0,0,0,2392,256,16,0,0,0,13.9375,100.0
static_robust,static,none,fidelity,False,True,16,0.05,25,0,True,iid,0.1,0,s025,2,11.5,0.0,0.0,100.0,56,0,0,0,0,6,0.0,38.0,0,0,0,0,0,9728,256,50,0,50,0,81.5,
static_robust,static,none,fidelity,False,True,16,0.05,25,0,True,iid,0.1,0,s025,3,8.499999999999998,0.0,0.0,100.0,56,0,0,0,0,6,0.0,38.0,0,0,0,0,0,9728,256,50,0,50,0,137.5,
static_robust,static,none,fidelity,False,True,16,0.05,25,0,True,iid,0.1,0,s025,4,11.5,0.0,0.0,100.0,56,0,0,0,0,6,0.0,38.0,0,0,0,0,0,9728,256,50,0,50,0,193.5,
static_robust,static,none,fidelity,False,True,16,0.05,25,0,True,iid,0.1,0,s025,5,8.499999999999998,0.0,0.0,100.0,56,0,0,0,0,6,0.0,38.0,0,0,0,0,0,9728,256,50,0,50,0,249.5,
static_robust,static,none,fidelity,False,True,16,0.05,25,0,True,iid,0.1,0,s025,6,12.0,0.0,0.0,100.0,56,0,0,0,0,6,0.0,38.0,0,0,0,0,0,9728,256,50,0,50,0,305.5,
static_robust,static,none,fidelity,False,True,16,0.05,25,0,True,iid,0.1,0,s025,7,4.750000000000003,0.0,0.0,100.0,56,0,0,0,0,6,0.0,38.0,0,0,0,0,0,9728,256,50,0,50,0,361.5,
static_robust,static,none,fidelity,False,True,16,0.05,25,0,True,iid,0.1,0,s025,8,16.500000000000004,6.847826086956524,0.0,100.0,56,0,0,0,0,6,0.0,38.0,0,0,0,0,0,9728,256,50,0,50,0,417.5,100.0
static_robust,static,none,fidelity,False,True,16,0.05,25,0,True,iid,0.1,1,s025,2,11.5,0.0,0.0,100.0,56,0,0,0,0,6,0.0,39.0,0,0,0,0,0,9984,256,50,0,50,0,81.5,
static_robust,static,none,fidelity,False,True,16,0.05,25,0,True,iid,0.1,1,s025,3,6.749999999999997,3.423913043478259,0.0,100.0,56,0,0,0,0,6,0.0,39.0,0,0,0,0,0,9984,256,50,0,50,0,137.5,
static_robust,static,none,fidelity,False,True,16,0.05,25,0,True,iid,0.1,1,s025,4,15.000000000000002,0.0,0.0,100.0,56,0,0,0,0,6,0.0,39.0,0,0,0,0,0,9984,256,50,0,50,0,193.5,
static_robust,static,none,fidelity,False,True,16,0.05,25,0,True,iid,0.1,1,s025,5,7.249999999999998,0.0,0.0,100.0,56,0,0,0,0,6,0.0,39.0,0,0,0,0,0,9984,256,50,0,50,0,249.5,
static_robust,static,none,fidelity,False,True,16,0.05,25,0,True,iid,0.1,1,s025,6,9.499999999999998,0.0,0.0,100.0,56,0,0,0,0,6,0.0,39.0,0,0,0,0,0,9984,256,50,0,50,0,305.5,
static_robust,static,none,fidelity,False,True,16,0.05,25,0,True,iid,0.1,1,s025,7,5.500000000000003,0.0,0.0,100.0,56,0,0,0,0,6,0.0,39.0,0,0,0,0,0,9984,256,50,0,50,0,361.5,
static_robust,static,none,fidelity,False,True,16,0.05,25,0,True,iid,0.1,1,s025,8,18.25,3.58695652173913,0.0,100.0,56,0,0,0,0,6,0.0,39.0,0,0,0,0,0,9984,256,50,0,50,0,417.5,100.0
static_robust,static,none,fidelity,False,True,16,0.05,25,0,True,iid,0.1,2,s025,2,12.25,0.0,0.0,100.0,56,0,0,0,0,6,0.0,39.0,0,0,0,0,0,9984,256,50,0,50,0,81.5,
static_robust,static,none,fidelity,False,True,16,0.05,25,0,True,iid,0.1,2,s025,3,6.749999999999997,0.0,0.0,100.0,56,0,0,0,0,6,0.0,39.0,0,0,0,0,0,9984,256,50,0,50,0,137.5,
static_robust,static,none,fidelity,False,True,16,0.05,25,0,True,iid,0.1,2,s025,4,14.250000000000002,0.0,0.0,100.0,56,0,0,0,0,6,0.0,39.0,0,0,0,0,0,9984,256,50,0,50,0,193.5,
static_robust,static,none,fidelity,False,True,16,0.05,25,0,True,iid,0.1,2,s025,5,9.749999999999998,0.0,0.0,100.0,56,0,0,0,0,6,0.0,39.0,0,0,0,0,0,9984,256,50,0,50,0,249.5,
static_robust,static,none,fidelity,False,True,16,0.05,25,0,True,iid,0.1,2,s025,6,7.999999999999999,0.0,0.0,100.0,56,0,0,0,0,6,0.0,39.0,0,0,0,0,0,9984,256,50,0,50,0,305.5,
static_robust,static,none,fidelity,False,True,16,0.05,25,0,True,iid,0.1,2,s025,7,5.000000000000003,1.25,0.0,100.0,56,0,0,0,0,6,0.0,39.0,0,0,0,0,0,9984,256,50,0,50,0,361.5,
static_robust,static,none,fidelity,False,True,16,0.05,25,0,True,iid,0.1,2,s025,8,17.25,2.33695652173913,0.0,100.0,56,0,0,0,0,6,0.0,39.0,0,0,0,0,0,9984,256,50,0,50,0,417.5,100.0
window_robust,window,none,fidelity,False,True,16,0.05,25,0,True,iid,0.1,0,s025,2,16.000000000000004,1.25,0.0,100.0,56,56,50,6,0,6,1.0,14.46875,0,0,0,0,0,3704,256,16,0,0,2,7.5,
window_robust,window,none,fidelity,False,True,16,0.05,25,0,True,iid,0.1,0,s025,3,14.000000000000002,1.0869565217391297,0.0,100.0,56,56,50,6,0,6,1.0,11.9921875,0,0,0,0,0,3070,256,16,0,0,2,7.5,
window_robust,window,none,fidelity,False,True,16,0.05,25,0,True,iid,0.1,0,s025,4,14.250000000000002,1.25,0.0,100.0,56,56,50,6,0,6,1.0,12.82421875,0,0,0,0,0,3283,256,16,0,0,1,7.5,
window_robust,window,none,fidelity,False,True,16,0.05,25,0,True,iid,0.1,0,s025,5,14.000000000000002,2.33695652173913,0.0,100.0,56,56,50,6,0,6,1.0,13.2734375,0,0,0,0,0,3398,256,16,0,0,1,7.5,
window_robust,window,none,fidelity,False,True,16,0.05,25,0,True,iid,0.1,0,s025,6,18.250000000000004,2.33695652173913,0.0,100.0,56,56,50,6,0,6,1.0,11.96484375,0,0,0,0,0,3063,256,16,0,0,3,7.5,
window_robust,window,none,fidelity,False,True,16,0.05,25,0,True,iid,0.1,0,s025,7,14.500000000000002,0.0,0.0,100.0,56,56,50,6,0,6,1.0,11.50390625,0,0,0,0,0,2945,256,16,0,0,0,7.5,
window_robust,window,none,fidelity,False,True,16,0.05,25,0,True,iid,0.1,0,s025,8,13.5,1.25,0.0,100.0,56,56,50,6,0,6,1.0,10.41796875,0,0,0,0,0,2667,256,16,0,0,2,7.5,100.0
window_robust,window,none,fidelity,False,True,16,0.05,25,0,True,iid,0.1,1,s025,2,13.750000000000002,0.0,0.0,100.0,56,56,50,6,0,6,1.0,14.53515625,0,0,0,0,0,3721,256,16,0,0,2,7.5,
window_robust,window,none,fidelity,False,True,16,0.05,25,0,True,iid,0.1,1,s025,3,10.749999999999998,2.33695652173913,0.0,100.0,56,56,50,6,0,6,1.0,11.98046875,0,0,0,0,0,3067,256,16,0,0,3,7.5,
window_robust,window,none,fidelity,False,True,16,0.05,25,0,True,iid,0.1,1,s025,4,14.500000000000002,0.0,0.0,100.0,56,56,50,6,0,6,1.0,12.59375,0,0,0,0,0,3224,256,16,0,0,3,7.5,
window_robust,window,none,fidelity,False,True,16,0.05,25,0,True,iid,0.1,1,s025,5,14.500000000000002,0.0,0.0,100.0,56,56,50,6,0,6,1.0,13.4921875,0,0,0,0,0,3454,256,16,0,0,3,7.5,
window_robust,window,none,fidelity,False,True,16,0.05,25,0,True,iid,0.1,1,s025,6,13.750000000000002,2.33695652173913,0.0,100.0,56,56,50,6,0,6,1.0,11.79296875,0,0,0,0,0,3019,256,16,0,0,3,7.5,
window_robust,window,none,fidelity,False,True,16,0.05,25,0,True,iid,0.1,1,s025,7,13.25,0.0,0.0,100.0,56,56,50,6,0,6,1.0,11.21875,0,0,0,0,0,2872,256,16,0,0,2,7.5,
window_robust,window,none,fidelity,False,True,16,0.05,25,0,True,iid,0.1,1,s025,8,17.750000000000004,1.25,0.0,100.0,56,56,50,6,0,6,1.0,10.8984375,0,0,0,0,0,2790,256,16,0,0,2,7.5,100.0
window_robust,window,none,fidelity,False,True,16,0.05,25,0,True,iid,0.1,2,s025,2,16.250000000000004,0.0,0.0,100.0,56,56,50,6,0,6,1.0,14.32421875,0,0,0,0,0,3667,256,16,0,0,3,7.5,
window_robust,window,none,fidelity,False,True,16,0.05,25,0,True,iid,0.1,2,s025,3,10.249999999999998,2.33695652173913,0.0,100.0,56,56,50,6,0,6,1.0,11.85546875,0,0,0,0,0,3035,256,16,0,0,3,7.5,
window_robust,window,none,fidelity,False,True,16,0.05,25,0,True,iid,0.1,2,s025,4,14.750000000000002,0.0,0.0,100.0,56,56,50,6,0,6,1.0,12.76171875,0,0,0,0,0,3267,256,16,0,0,2,7.5,
window_robust,window,none,fidelity,False,True,16,0.05,25,0,True,iid,0.1,2,s025,5,14.250000000000002,0.0,0.0,100.0,56,56,50,6,0,6,1.0,13.1484375,0,0,0,0,0,3366,256,16,0,0,1,7.5,
window_robust,window,none,fidelity,False,True,16,0.05,25,0,True,iid,0.1,2,s025,6,15.250000000000002,1.0869565217391297,0.0,100.0,56,56,50,6,0,6,1.0,12.0,0,0,0,0,0,3072,256,16,0,0,3,7.5,
window_robust,window,none,fidelity,False,True,16,0.05,25,0,True,iid,0.1,2,s025,7,13.0,3.423913043478259,0.0,100.0,56,56,50,6,0,6,1.0,11.08203125,0,0,0,0,0,2837,256,16,0,0,3,7.5,
window_robust,window,none,fidelity,False,True,16,0.05,25,0,True,iid,0.1,2,s025,8,12.5,0.0,0.0,100.0,56,56,50,6,0,6,1.0,10.671875,0,0,0,0,0,2732,256,16,0,0,3,7.5,100.0
aeqkad_robust,window,full,fidelity,False,True,16,0.05,25,0,True,iid,0.1,0,s025,2,16.500000000000004,3.423913043478259,0.0,100.0,56,39,39,0,0,6,0.78,12.91015625,56,17,0,0,0,3305,256,16,0,0,0,11.3125,
aeqkad_robust,window,full,fidelity,False,True,16,0.05,25,0,True,iid,0.1,0,s025,3,10.0,2.33695652173913,0.0,100.0,56,45,44,1,0,6,0.88,9.9921875,56,11,0,0,0,2558,256,16,0,0,1,7.75,
aeqkad_robust,window,full,fidelity,False,True,16,0.05,25,0,True,iid,0.1,0,s025,4,15.250000000000002,0.0,0.0,100.0,56,41,40,1,0,6,0.8,10.73828125,56,15,0,0,0,2749,256,16,0,0,0,10.9375,
aeqkad_robust,window,full,fidelity,False,True,16,0.05,25,0,True,iid,0.1,0,s025,5,17.0,0.0,0.0,100.0,56,39,38,1,0,6,0.76,11.65234375,56,17,0,0,0,2983,256,16,0,0,0,11.5,
aeqkad_robust,window,full,fidelity,False,True,16,0.05,25,0,True,iid,0.1,0,s025,6,11.249999999999998,2.33695652173913,0.0,100.0,56,40,40,0,0,6,0.8,9.06640625,56,15,0,0,1,2321,256,16,0,0,0,10.375,
aeqkad_robust,window,full,fidelity,False,True,16,0.05,25,0,True,iid,0.1,0,s025,7,9.749999999999998,0.0,0.0,100.0,56,43,43,0,0,6,0.86,8.5,56,12,0,0,1,2176,256,16,0,0,0,8.0625,
aeqkad_robust,window,full,fidelity,False,True,16,0.05,25,0,True,iid,0.1,0,s025,8,19.000000000000004,0.0,0.0,100.0,56,41,41,0,0,6,0.82,8.4921875,56,15,0,0,0,2174,256,16,0,0,0,16.625,100.0
aeqkad_robust,window,full,fidelity,False,True,16,0.05,25,0,True,iid,0.1,1,s025,2,16.000000000000004,0.0,0.0,100.0,56,39,39,0,0,6,0.78,12.91015625,56,16,0,0,1,3305,256,16,0,0,0,11.6875,
aeqkad_robust,window,full,fidelity,False,True,16,0.05,25,0,True,iid,0.1,1,s025,3,10.499999999999998,2.33695652173913,0.0,100.0,56,43,43,0,0,6,0.86,9.890625,56,13,0,0,0,2532,256,16,0,0,0,9.75,
aeqkad_robust,window,full,fidelity,False,True,16,0.05,25,0,True,iid,0.1,1,s025,4,18.000000000000004,0.0,0.0,100.0,56,37,37,0,0,6,0.74,9.80078125,56,17,0,0,2,2509,256,16,0,0,0,13.6875,
aeqkad_robust,window,full,fidelity,False,True,16,0.05,25,0,True,iid,0.1,1,s025,5,17.0,0.0,0.0,100.0,56,39,39,0,0,6,0.78,11.43359375,56,17,0,0,0,2927,256,16,0,0,0,12.9375,
aeqkad_robust,window,full,fidelity,False,True,16,0.05,25,0,True,iid,0.1,1,s025,6,10.75,2.33695652173913,0.0,100.0,56,42,41,1,0,6,0.82,9.25,56,12,0,0,2,2368,256,16,0,0,0,10.1875,
aeqkad_robust,window,full,fidelity,False,True,16,0.05,25,0,True,iid,0.1,1,s025,7,9.25,0.0,0.0,100.0,56,42,42,0,0,6,0.84,8.88671875,56,12,0,0,2,2275,256,16,0,0,0,9.6875,
aeqkad_robust,window,full,fidelity,False,True,16,0.05,25,0,True,iid,0.1,1,s025,8,18.250000000000004,1.25,0.0,100.0,56,41,41,0,0,6,0.82,8.51171875,56,15,0,0,0,2179,256,16,0,0,0,16.8125,100.0
aeqkad_robust,window,full,fidelity,False,True,16,0.05,25,0,True,iid,0.1,2,s025,2,14.500000000000002,0.0,0.0,100.0,56,39,39,0,0,6,0.78,12.87890625,56,16,0,0,1,3297,256,16,0,0,0,12.25,
aeqkad_robust,window,full,fidelity,False,True,16,0.05,25,0,True,iid,0.1,2,s025,3,9.499999999999998,2.33695652173913,0.0,100.0,56,45,45,0,0,6,0.9,10.41796875,56,10,0,0,1,2667,256,16,0,0,0,8.9375,
aeqkad_robust,window,full,fidelity,False,True,16,0.05,25,0,True,iid,0.1,2,s025,4,15.750000000000004,0.0,0.0,100.0,56,38,37,1,0,6,0.74,9.91796875,56,16,0,0,2,2539,256,16,0,0,0,13.375,
aeqkad_robust,window,full,fidelity,False,True,16,0.05,25,0,True,iid,0.1,2,s025,5,16.250000000000004,0.0,0.0,100.0,56,39,38,1,0,6,0.76,11.75390625,56,16,0,0,1,3009,256,16,0,0,0,12.375,
aeqkad_robust,window,full,fidelity,False,True,16,0.05,25,0,True,iid,0.1,2,s025,6,12.000000000000002,2.33695652173913,0.0,100.0,56,39,39,0,0,6,0.78,8.921875,56,14,0,0,3,2284,256,16,0,0,0,10.5,
aeqkad_robust,window,full,fidelity,False,True,16,0.05,25,0,True,iid,0.1,2,s025,7,10.999999999999998,0.0,0.0,100.0,56,42,42,0,0,6,0.84,8.7734375,56,12,0,0,2,2246,256,16,0,0,0,9.1875,
aeqkad_robust,window,full,fidelity,False,True,16,0.05,25,0,True,iid,0.1,2,s025,8,18.000000000000004,0.0,0.0,100.0,56,42,41,1,0,6,0.82,8.73046875,56,14,0,0,0,2235,256,16,0,0,1,16.6875,100.0
static_robust,static,none,fidelity,False,True,16,0.05,25,0,True,iid,0.1,0,s026,2,20.249999999999996,7.01086956521739,0.0,100.0,56,0,0,0,0,6,0.0,40.0,0,0,0,0,0,10240,256,50,0,50,0,81.5,
static_robust,static,none,fidelity,False,True,16,0.05,25,0,True,iid,0.1,0,s026,3,28.000000000000004,23.20652173913043,0.0,100.0,56,0,0,0,0,6,0.0,40.0,0,0,0,0,0,10240,256,50,0,50,0,137.5,
static_robust,static,none,fidelity,False,True,16,0.05,25,0,True,iid,0.1,0,s026,4,21.249999999999996,10.434782608695654,0.0,100.0,56,0,0,0,0,6,0.0,40.0,0,0,0,0,0,10240,256,50,0,50,0,193.5,
static_robust,static,none,fidelity,False,True,16,0.05,25,0,True,iid,0.1,0,s026,5,21.499999999999996,7.01086956521739,0.0,100.0,56,0,0,0,0,6,0.0,40.0,0,0,0,0,0,10240,256,50,0,50,0,249.5,
static_robust,static,none,fidelity,False,True,16,0.05,25,0,True,iid,0.1,0,s026,6,24.0,12.771739130434783,0.0,100.0,56,0,0,0,0,6,0.0,40.0,0,0,0,0,0,10240,256,50,0,50,0,305.5,
static_robust,static,none,fidelity,False,True,16,0.05,25,0,True,iid,0.1,0,s026,7,10.0,2.33695652173913,0.0,100.0,56,0,0,0,0,6,0.0,40.0,0,0,0,0,0,10240,256,50,0,50,0,361.5,
static_robust,static,none,fidelity,False,True,16,0.05,25,0,True,iid,0.1,0,s026,8,26.25,27.8804347826087,0.0,100.0,56,0,0,0,0,6,0.0,40.0,0,0,0,0,0,10240,256,50,0,50,0,417.5,100.0
static_robust,static,none,fidelity,False,True,16,0.05,25,0,True,iid,0.1,1,s026,2,21.999999999999996,9.347826086956525,0.0,100.0,56,0,0,0,0,6,0.0,40.0,0,0,0,0,0,10240,256,50,0,50,0,81.5,
static_robust,static,none,fidelity,False,True,16,0.05,25,0,True,iid,0.1,1,s026,3,31.75,28.967391304347828,0.0,100.0,56,0,0,0,0,6,0.0,40.0,0,0,0,0,0,10240,256,50,0,50,0,137.5,
static_robust,static,none,fidelity,False,True,16,0.05,25,0,True,iid,0.1,1,s026,4,21.249999999999996,7.01086956521739,0.0,100.0,56,0,0,0,0,6,0.0,40.0,0,0,0,0,0,10240,256,50,0,50,0,193.5,
static_robust,static,none,fidelity,False,True,16,0.05,25,0,True,iid,0.1,1,s026,5,21.999999999999996,5.0,0.0,100.0,56,0,0,0,0,6,0.0,40.0,0,0,0,0,0,10240,256,50,0,50,0,249.5,
static_robust,static,none,fidelity,False,True,16,0.05,25,0,True,iid,0.1,1,s026,6,24.0,10.597826086956525,0.0,100.0,56,0,0,0,0,6,0.0,40.0,0,0,0,0,0,10240,256,50,0,50,0,305.5,
static_robust,static,none,fidelity,False,True,16,0.05,25,0,True,iid,0.1,1,s026,7,17.0,7.01086956521739,0.0,100.0,56,0,0,0,0,6,0.0,40.0,0,0,0,0,0,10240,256,50,0,50,0,361.5,
static_robust,static,none,fidelity,False,True,16,0.05,25,0,True,iid,0.1,1,s026,8,28.000000000000004,27.8804347826087,0.0,100.0,56,0,0,0,0,6,0.0,40.0,0,0,0,0,0,10240,256,50,0,50,0,417.5,100.0
static_robust,static,none,fidelity,False,True,16,0.05,25,0,True,iid,0.1,2,s026,2,24.0,9.347826086956525,0.0,100.0,56,0,0,0,0,6,0.0,40.0,0,0,0,0,0,10240,256,50,0,50,0,81.5,
static_robust,static,none,fidelity,False,True,16,0.05,25,0,True,iid,0.1,2,s026,3,28.000000000000004,21.032608695652172,0.0,100.0,56,0,0,0,0,6,0.0,40.0,0,0,0,0,0,10240,256,50,0,50,0,137.5,
static_robust,static,none,fidelity,False,True,16,0.05,25,0,True,iid,0.1,2,s026,4,25.5,9.184782608695654,0.0,100.0,56,0,0,0,0,6,0.0,40.0,0,0,0,0,0,10240,256,50,0,50,0,193.5,
static_robust,static,none,fidelity,False,True,16,0.05,25,0,True,iid,0.1,2,s026,5,22.249999999999996,7.01086956521739,0.0,100.0,56,0,0,0,0,6,0.0,40.0,0,0,0,0,0,10240,256,50,0,50,0,249.5,
static_robust,static,none,fidelity,False,True,16,0.05,25,0,True,iid,0.1,2,s026,6,22.249999999999996,16.195652173913043,0.0,100.0,56,0,0,0,0,6,0.0,40.0,0,0,0,0,0,10240,256,50,0,50,0,305.5,
static_robust,static,none,fidelity,False,True,16,0.05,25,0,True,iid,0.1,2,s026,7,14.000000000000002,3.58695652173913,0.0,100.0,56,0,0,0,0,6,0.0,40.0,0,0,0,0,0,10240,256,50,0,50,0,361.5,
static_robust,static,none,fidelity,False,True,16,0.05,25,0,True,iid,0.1,2,s026,8,28.749999999999996,25.543478260869566,0.0,100.0,56,0,0,0,0,6,0.0,40.0,0,0,0,0,0,10240,256,50,0,50,0,417.5,100.0
window_robust,window,none,fidelity,False,True,16,0.05,25,0,True,iid,0.1,0,s026,2,22.249999999999996,7.01086956521739,0.0,100.0,56,56,50,6,0,6,1.0,15.65234375,0,0,0,0,0,4007,256,16,0,0,3,7.5,
window_robust,window,none,fidelity,False,True,16,0.05,25,0,True,iid,0.1,0,s026,3,20.0,9.347826086956525,0.0,100.0,56,56,50,6,0,6,1.0,14.40234375,0,0,0,0,0,3687,256,16,0,0,3,7.5,
window_robust,window,none,fidelity,False,True,16,0.05,25,0,True,iid,0.1,0,s026,4,18.750000000000004,3.423913043478259,0.0,100.0,56,56,50,6,0,6,1.0,13.69140625,0,0,0,0,0,3505,256,16,0,0,2,7.5,
window_robust,window,none,fidelity,False,True,16,0.05,25,0,True,iid,0.1,0,s026,5,22.249999999999996,1.0869565217391297,0.0,100.0,56,56,50,6,0,6,1.0,13.98828125,0,0,0,0,0,3581,256,16,0,0,2,7.5,
window_robust,window,none,fidelity,False,True,16,0.05,25,0,True,iid,0.1,0,s026,6,17.500000000000004,7.01086956521739,0.0,100.0,56,56,50,6,0,6,1.0,14.03125,0,0,0,0,0,3592,256,16,0,0,1,7.5,
window_robust,window,none,fidelity,False,True,16,0.05,25,0,True,iid,0.1,0,s026,7,17.0,4.67391304347826,0.0,100.0,56,56,50,6,0,6,1.0,13.91015625,0,0,0,0,0,3561,256,16,0,0,2,7.5,
window_robust,window,none,fidelity,False,True,16,0.05,25,0,True,iid,0.1,0,s026,8,19.749999999999996,7.01086956521739,0.0,100.0,56,56,50,6,0,6,1.0,15.0625,0,0,0,0,0,3856,256,16,0,0,1,7.5,100.0
window_robust,window,none,fidelity,False,True,16,0.05,25,0,True,iid,0.1,1,s026,2,21.749999999999996,9.184782608695654,0.0,100.0,56,56,50,6,0,6,1.0,15.5234375,0,0,0,0,0,3974,256,16,0,0,2,7.5,
window_robust,window,none,fidelity,False,True,16,0.05,25,0,True,iid,0.1,1,s026,3,21.499999999999996,15.108695652173914,0.0,100.0,56,56,50,6,0,6,1.0,14.14453125,0,0,0,0,0,3621,256,16,0,0,4,7.5,
window_robust,window,none,fidelity,False,True,16,0.05,25,0,True,iid,0.1,1,s026,4,18.750000000000004,4.67391304347826,0.0,100.0,56,56,50,6,0,6,1.0,13.36328125,0,0,0,0,0,3421,256,16,0,0,3,7.5,
window_robust,window,none,fidelity,False,True,16,0.05,25,0,True,iid,0.1,1,s026,5,19.749999999999996,1.25,0.0,100.0,56,56,50,6,0,6,1.0,14.2890625,0,0,0,0,0,3658,256,16,0,0,2,7.5,
window_robust,window,none,fidelity,False,True,16,0.05,25,0,True,iid,0.1,1,s026,6,17.500000000000004,7.01086956521739,0.0,100.0,56,56,50,6,0,6,1.0,14.4609375,0,0,0,0,0,3702,256,16,0,0,1,7.5,
window_robust,window,none,fidelity,False,True,16,0.05,25,0,True,iid,0.1,1,s026,7,13.5,4.67391304347826,0.0,100.0,56,56,50,6,0,6,1.0,14.1328125,0,0,0,0,0,3618,256,16,0,0,1,7.5,
window_robust,window,none,fidelity,False,True,16,0.05,25,0,True,iid,0.1,1,s026,8,24.25,10.434782608695654,0.0,100.0,56,56,50,6,0,6,1.0,14.96484375,0,0,0,0,0,3831,256,16,0,0,0,7.5,100.0
window_robust,window,none,fidelity,False,True,16,0.05,25,0,True,iid,0.1,2,s026,2,20.249999999999996,8.097826086956525,0.0,100.0,56,56,50,6,0,6,1.0,15.53125,0,0,0,0,0,3976,256,16,0,0,2,7.5,
window_robust,window,none,fidelity,False,True,16,0.05,25,0,True,iid,0.1,2,s026,3,19.749999999999996,8.097826086956525,0.0,100.0,56,56,50,6,0,6,1.0,13.93359375,0,0,0,0,0,3567,256,16,0,0,3,7.5,
window_robust,window,none,fidelity,False,True,16,0.05,25,0,True,iid,0.1,2,s026,4,18.500000000000004,8.097826086956525,0.0,100.0,56,56,50,6,0,6,1.0,13.85546875,0,0,0,0,0,3547,256,16,0,0,0,7.5,
window_robust,window,none,fidelity,False,True,16,0.05,25,0,True,iid,0.1,2,s026,5,23.75,6.847826086956524,0.0,100.0,56,56,50,6,0,6,1.0,14.31640625,0,0,0,0,0,3665,256,16,0,0,1,7.5,
window_robust,window,none,fidelity,False,True,16,0.05,25,0,True,iid,0.1,2,s026,6,19.75,7.01086956521739,0.0,100.0,56,56,50,6,0,6,1.0,14.34375,0,0,0,0,0,3672,256,16,0,0,3,7.5,
window_robust,window,none,fidelity,False,True,16,0.05,25,0,True,iid,0.1,2,s026,7,17.750000000000004,1.0869565217391297,0.0,100.0,56,56,50,6,0,6,1.0,14.18359375,0,0,0,0,0,3631,256,16,0,0,1,7.5,
window_robust,window,none,fidelity,False,True,16,0.05,25,0,True,iid,0.1,2,s026,8,20.249999999999996,8.097826086956525,0.0,100.0,56,56,50,6,0,6,1.0,14.859375,0,0,0,0,0,3804,256,16,0,0,5,7.5,100.0
aeqkad_robust,window,full,fidelity,False,True,16,0.05,25,0,True,iid,0.1,0,s026,2,21.499999999999996,9.347826086956525,0.0,100.0,56,35,35,0,0,6,0.7,14.36328125,56,21,0,0,0,3677,256,16,0,0,0,11.875,
aeqkad_robust,window,full,fidelity,False,True,16,0.05,25,0,True,iid,0.1,0,s026,3,21.249999999999996,10.597826086956525,0.0,100.0,56,32,32,0,0,6,0.64,12.72265625,56,24,0,0,0,3257,256,16,0,0,0,11.3125,
aeqkad_robust,window,full,fidelity,False,True,16,0.05,25,0,True,iid,0.1,0,s026,4,20.0,4.67391304347826,0.0,100.0,56,35,35,0,0,6,0.7,11.9453125,56,20,0,0,1,3058,256,16,0,0,0,12.125,
aeqkad_robust,window,full,fidelity,False,True,16,0.05,25,0,True,iid,0.1,0,s026,5,21.749999999999996,2.1739130434782594,0.0,100.0,56,34,33,1,0,6,0.66,11.0625,56,21,0,0,1,2832,256,16,0,0,0,12.875,
aeqkad_robust,window,full,fidelity,False,True,16,0.05,25,0,True,iid,0.1,0,s026,6,20.499999999999996,11.521739130434785,0.0,100.0,56,41,40,1,0,6,0.8,13.44140625,56,15,0,0,0,3441,256,16,0,0,0,11.0,
aeqkad_robust,window,full,fidelity,False,True,16,0.05,25,0,True,iid,0.1,0,s026,7,18.250000000000004,4.67391304347826,0.0,100.0,56,38,38,0,0,6,0.76,12.01953125,56,18,0,0,0,3077,256,16,0,0,0,11.25,
aeqkad_robust,window,full,fidelity,False,True,16,0.05,25,0,True,iid,0.1,0,s026,8,21.999999999999996,12.771739130434783,0.0,100.0,56,32,31,1,0,6,0.62,13.265625,56,24,0,0,0,3396,256,16,0,0,0,9.25,100.0
aeqkad_robust,window,full,fidelity,False,True,16,0.05,25,0,True,iid,0.1,1,s026,2,23.25,11.684782608695654,0.0,100.0,56,32,31,1,0,6,0.62,14.66796875,56,24,0,0,0,3755,256,16,0,0,0,13.1875,
aeqkad_robust,window,full,fidelity,False,True,16,0.05,25,0,True,iid,0.1,1,s026,3,20.0,10.434782608695654,0.0,100.0,56,33,33,0,0,6,0.66,12.64453125,56,23,0,0,0,3237,256,16,0,0,0,12.125,
aeqkad_robust,window,full,fidelity,False,True,16,0.05,25,0,True,iid,0.1,1,s026,4,20.25,11.521739130434785,0.0,100.0,56,38,37,1,0,6,0.74,11.96484375,56,18,0,0,0,3063,256,16,0,0,1,10.9375,
aeqkad_robust,window,full,fidelity,False,True,16,0.05,25,0,True,iid,0.1,1,s026,5,15.000000000000002,3.423913043478259,0.0,100.0,56,36,35,1,0,6,0.7,11.6640625,56,18,0,0,2,2986,256,16,0,0,0,12.5,
aeqkad_robust,window,full,fidelity,False,True,16,0.05,25,0,True,iid,0.1,1,s026,6,19.499999999999996,7.01086956521739,0.0,100.0,56,40,38,2,0,6,0.76,13.27734375,56,16,0,0,0,3399,256,16,0,0,0,11.4375,
aeqkad_robust,window,full,fidelity,False,True,16,0.05,25,0,True,iid,0.1,1,s026,7,20.749999999999996,7.01086956521739,0.0,100.0,56,37,36,1,0,6,0.72,11.98046875,56,19,0,0,0,3067,256,16,0,0,0,12.625,
aeqkad_robust,window,full,fidelity,False,True,16,0.05,25,0,True,iid,0.1,1,s026,8,27.750000000000004,18.695652173913043,0.0,100.0,56,30,30,0,0,6,0.6,12.703125,56,26,0,0,0,3252,256,16,0,0,0,9.9375,100.0
aeqkad_robust,window,full,fidelity,False,True,16,0.05,25,0,True,iid,0.1,2,s026,2,21.749999999999996,10.434782608695654,0.0,100.0,56,37,37,0,0,6,0.74,14.53515625,56,19,0,0,0,3721,256,16,0,0,0,8.875,
aeqkad_robust,window,full,fidelity,False,True,16,0.05,25,0,True,iid,0.1,2,s026,3,16.250000000000004,4.67391304347826,0.0,100.0,56,38,38,0,0,6,0.76,13.25390625,56,16,0,0,2,3393,256,16,0,0,0,12.125,
aeqkad_robust,window,full,fidelity,False,True,16,0.05,25,0,True,iid,0.1,2,s026,4,19.749999999999996,13.858695652173914,0.0,100.0,56,37,36,1,0,6,0.72,12.16015625,56,19,0,0,0,3113,256,16,0,0,0,10.5625,
aeqkad_robust,window,full,fidelity,False,True,16,0.05,25,0,True,iid,0.1,2,s026,5,21.749999999999996,3.423913043478259,0.0,100.0,56,38,38,0,0,6,0.76,11.75390625,56,16,0,0,2,3009,256,16,0,0,0,11.5625,
aeqkad_robust,window,full,fidelity,False,True,16,0.05,25,0,True,iid,0.1,2,s026,6,20.0,5.923913043478259,0.0,100.0,56,42,40,2,0,6,0.8,13.3203125,56,14,0,0,0,3410,256,16,0,0,1,12.4375,
aeqkad_robust,window,full,fidelity,False,True,16,0.05,25,0,True,iid,0.1,2,s026,7,19.249999999999996,2.1739130434782594,0.0,100.0,56,41,40,1,0,6,0.8,12.2265625,56,15,0,0,0,3130,256,16,0,0,0,9.9375,
aeqkad_robust,window,full,fidelity,False,True,16,0.05,25,0,True,iid,0.1,2,s026,8,21.999999999999996,12.771739130434783,0.0,100.0,56,36,35,1,0,6,0.7,13.38671875,56,20,0,0,0,3427,256,16,0,0,1,10.5625,100.0
static_robust,static,none,fidelity,False,True,16,0.05,25,0,True,iid,0.1,0,s027,2,16.000000000000004,8.097826086956525,6.0,50.5,56,0,0,0,0,6,0.0,38.0,0,0,0,0,0,9728,256,50,0,50,0,81.5,
static_robust,static,none,fidelity,False,True,16,0.05,25,0,True,iid,0.1,0,s027,3,17.750000000000004,8.097826086956525,6.0,51.5,56,0,0,0,0,6,0.0,38.0,0,0,0,0,0,9728,256,50,0,50,0,137.5,
static_robust,static,none,fidelity,False,True,16,0.05,25,0,True,iid,0.1,0,s027,4,10.0,0.0,4.0,61.0,56,0,0,0,0,6,0.0,38.0,0,0,0,0,0,9728,256,50,0,50,0,193.5,
static_robust,static,none,fidelity,False,True,16,0.05,25,0,True,iid,0.1,0,s027,5,12.25,1.25,4.0,52.5,56,0,0,0,0,6,0.0,38.0,0,0,0,0,0,9728,256,50,0,50,0,249.5,
static_robust,static,none,fidelity,False,True,16,0.05,25,0,True,iid,0.1,0,s027,6,18.750000000000004,4.67391304347826,4.0,57.49999999999999,56,0,0,0,0,6,0.0,38.0,0,0,0,0,0,9728,256,50,0,50,0,305.5,
static_robust,static,none,fidelity,False,True,16,0.05,25,0,True,iid,0.1,0,s027,7,16.000000000000004,2.33695652173913,4.0,56.00000000000001,56,0,0,0,0,6,0.0,38.0,0,0,0,0,0,9728,256,50,0,50,0,361.5,
static_robust,static,none,fidelity,False,True,16,0.05,25,0,True,iid,0.1,0,s027,8,16.75,0.0,8.0,60.5,56,0,0,0,0,6,0.0,38.0,0,0,0,0,0,9728,256,50,0,50,0,417.5,4.0
static_robust,static,none,fidelity,False,True,16,0.05,25,0,True,iid,0.1,1,s027,2,15.250000000000002,10.434782608695654,0.0,100.0,56,0,0,0,0,6,0.0,39.0,0,0,0,0,0,9984,256,50,0,50,0,81.5,
static_robust,static,none,fidelity,False,True,16,0.05,25,0,True,iid,0.1,1,s027,3,16.250000000000004,4.67391304347826,0.0,100.0,56,0,0,0,0,6,0.0,39.0,0,0,0,0,0,9984,256,50,0,50,0,137.5,
static_robust,static,none,fidelity,False,True,16,0.05,25,0,True,iid,0.1,1,s027,4,8.499999999999998,0.0,0.0,100.0,56,0,0,0,0,6,0.0,39.0,0,0,0,0,0,9984,256,50,0,50,0,193.5,
static_robust,static,none,fidelity,False,True,16,0.05,25,0,True,iid,0.1,1,s027,5,13.0,1.25,0.0,100.0,56,0,0,0,0,6,0.0,39.0,0,0,0,0,0,9984,256,50,0,50,0,249.5,
static_robust,static,none,fidelity,False,True,16,0.05,25,0,True,iid,0.1,1,s027,6,18.500000000000004,7.01086956521739,0.0,100.0,56,0,0,0,0,6,0.0,39.0,0,0,0,0,0,9984,256,50,0,50,0,305.5,
static_robust,static,none,fidelity,False,True,16,0.05,25,0,True,iid,0.1,1,s027,7,16.500000000000004,1.25,0.0,100.0,56,0,0,0,0,6,0.0,39.0,0,0,0,0,0,9984,256,50,0,50,0,361.5,
static_robust,static,none,fidelity,False,True,16,0.05,25,0,True,iid,0.1,1,s027,8,16.250000000000004,0.0,0.0,100.0,56,0,0,0,0,6,0.0,39.0,0,0,0,0,0,9984,256,50,0,50,0,417.5,100.0
static_robust,static,none,fidelity,False,True,16,0.05,25,0,True,iid,0.1,2,s027,2,16.000000000000004,7.01086956521739,0.0,99.5,56,0,0,0,0,6,0.0,39.0,0,0,0,0,0,9984,256,50,0,50,0,81.5,
static_robust,static,none,fidelity,False,True,16,0.05,25,0,True,iid,0.1,2,s027,3,14.000000000000002,7.01086956521739,0.0,100.0,56,0,0,0,0,6,0.0,39.0,0,0,0,0,0,9984,256,50,0,50,0,137.5,
static_robust,static,none,fidelity,False,True,16,0.05,25,0,True,iid,0.1,2,s027,4,9.25,2.33695652173913,0.0,100.0,56,0,0,0,0,6,0.0,39.0,0,0,0,0,0,9984,256,50,0,50,0,193.5,
static_robust,static,none,fidelity,False,True,16,0.05,25,0,True,iid,0.1,2,s027,5,12.25,0.0,0.0,100.0,56,0,0,0,0,6,0.0,39.0,0,0,0,0,0,9984,256,50,0,50,0,249.5,
static_robust,static,none,fidelity,False,True,16,0.05,25,0,True,iid,0.1,2,s027,6,17.250000000000004,3.58695652173913,0.0,100.0,56,0,0,0,0,6,0.0,39.0,0,0,0,0,0,9984,256,50,0,50,0,305.5,
static_robust,static,none,fidelity,False,True,16,0.05,25,0,True,iid,0.1,2,s027,7,16.250000000000004,2.33695652173913,0.0,100.0,56,0,0,0,0,6,0.0,39.0,0,0,0,0,0,9984,256,50,0,50,0,361.5,
static_robust,static,none,fidelity,False,True,16,0.05,25,0,True,iid,0.1,2,s027,8,17.5,0.0,0.0,100.0,56,0,0,0,0,6,0.0,39.0,0,0,0,0,0,9984,256,50,0,50,0,417.5,100.0
window_robust,window,none,fidelity,False,True,16,0.05,25,0,True,iid,0.1,0,s027,2,20.5,3.423913043478259,0.0,100.0,56,56,50,6,0,6,1.0,14.83203125,0,0,0,0,0,3797,256,16,0,0,0,7.5,
window_robust,window,none,fidelity,False,True,16,0.05,25,0,True,iid,0.1,0,s027,3,16.500000000000004,8.260869565217389,0.0,100.0,56,56,50,6,0,6,1.0,13.1953125,0,0,0,0,0,3378,256,16,0,0,2,7.5,
window_robust,window,none,fidelity,False,True,16,0.05,25,0,True,iid,0.1,0,s027,4,12.0,4.67391304347826,0.0,100.0,56,56,50,6,0,6,1.0,12.3515625,0,0,0,0,0,3162,256,16,0,0,1,7.5,
window_robust,window,none,fidelity,False,True,16,0.05,25,0,True,iid,0.1,0,s027,5,21.499999999999996,8.097826086956525,0.0,100.0,56,56,50,6,0,6,1.0,12.0390625,0,0,0,0,0,3082,256,16,0,0,2,7.5,
window_robust,window,none,fidelity,False,True,16,0.05,25,0,True,iid,0.1,0,s027,6,20.249999999999996,10.434782608695654,0.0,100.0,56,56,50,6,0,6,1.0,11.9453125,0,0,0,0,0,3058,256,16,0,0,3,7.5,
window_robust,window,none,fidelity,False,True,16,0.05,25,0,True,iid,0.1,0,s027,7,16.500000000000004,3.423913043478259,0.0,100.0,56,56,50,6,0,6,1.0,12.484375,0,0,0,0,0,3196,256,16,0,0,3,7.5,
window_robust,window,none,fidelity,False,True,16,0.05,25,0,True,iid,0.1,0,s027,8,24.0,9.347826086956525,0.0,100.0,56,56,50,6,0,6,1.0,12.828125,0,0,0,0,0,3284,256,16,0,0,2,7.5,100.0
window_robust,window,none,fidelity,False,True,16,0.05,25,0,True,iid,0.1,1,s027,2,17.000000000000004,4.67391304347826,0.0,100.0,56,56,50,6,0,6,1.0,14.6328125,0,0,0,0,0,3746,256,16,0,0,2,7.5,
window_robust,window,none,fidelity,False,True,16,0.05,25,0,True,iid,0.1,1,s027,3,14.000000000000002,5.760869565217389,0.0,100.0,56,56,50,6,0,6,1.0,12.96484375,0,0,0,0,0,3319,256,16,0,0,2,7.5,
window_robust,window,none,fidelity,False,True,16,0.05,25,0,True,iid,0.1,1,s027,4,11.5,2.33695652173913,0.0,100.0,56,56,50,6,0,6,1.0,12.52734375,0,0,0,0,0,3207,256,16,0,0,1,7.5,
window_robust,window,none,fidelity,False,True,16,0.05,25,0,True,iid,0.1,1,s027,5,20.499999999999996,1.25,0.0,100.0,56,56,50,6,0,6,1.0,11.94140625,0,0,0,0,0,3057,256,16,0,0,2,7.5,
window_robust,window,none,fidelity,False,True,16,0.05,25,0,True,iid,0.1,1,s027,6,21.999999999999996,12.771739130434783,0.0,100.0,56,56,50,6,0,6,1.0,12.45703125,0,0,0,0,0,3189,256,16,0,0,2,7.5,
window_robust,window,none,fidelity,False,True,16,0.05,25,0,True,iid,0.1,1,s027,7,20.0,2.33695652173913,0.0,100.0,56,56,50,6,0,6,1.0,12.48828125,0,0,0,0,0,3197,256,16,0,0,3,7.5,
window_robust,window,none,fidelity,False,True,16,0.05,25,0,True,iid,0.1,1,s027,8,17.75,3.58695652173913,0.0,100.0,56,56,50,6,0,6,1.0,12.26171875,0,0,0,0,0,3139,256,16,0,0,1,7.5,100.0
window_robust,window,none,fidelity,False,True,16,0.05,25,0,True,iid,0.1,2,s027,2,17.000000000000004,2.5,0.0,100.0,56,56,50,6,0,6,1.0,14.78125,0,0,0,0,0,3784,256,16,0,0,2,7.5,
window_robust,window,none,fidelity,False,True,16,0.05,25,0,True,iid,0.1,2,s027,3,18.250000000000004,8.260869565217389,0.0,100.0,56,56,50,6,0,6,1.0,13.19140625,0,0,0,0,0,3377,256,16,0,0,3,7.5,
window_robust,window,none,fidelity,False,True,16,0.05,25,0,True,iid,0.1,2,s027,4,11.5,2.33695652173913,0.0,100.0,56,56,50,6,0,6,1.0,12.29296875,0,0,0,0,0,3147,256,16,0,0,3,7.5,
window_robust,window,none,fidelity,False,True,16,0.05,25,0,True,iid,0.1,2,s027,5,25.249999999999993,1.25,0.0,100.0,56,56,50,6,0,6,1.0,12.15234375,0,0,0,0,0,3111,256,16,0,0,0,7.5,
window_robust,window,none,fidelity,False,True,16,0.05,25,0,True,iid,0.1,2,s027,6,18.000000000000004,4.67391304347826,0.0,100.0,56,56,50,6,0,6,1.0,12.359375,0,0,0,0,0,3164,256,16,0,0,1,7.5,
window_robust,window,none,fidelity,False,True,16,0.05,25,0,True,iid,0.1,2,s027,7,18.000000000000004,7.01086956521739,0.0,100.0,56,56,50,6,0,6,1.0,12.63671875,0,0,0,0,0,3235,256,16,0,0,0,7.5,
window_robust,window,none,fidelity,False,True,16,0.05,25,0,True,iid,0.1,2,s027,8,20.0,2.33695652173913,0.0,100.0,56,56,50,6,0,6,1.0,12.4296875,0,0,0,0,0,3182,256,16,0,0,2,7.5,100.0
aeqkad_robust,window,full,fidelity,False,True,16,0.05,25,0,True,iid,0.1,0,s027,2,16.000000000000004,0.0,0.0,100.0,56,40,40,0,0,6,0.8,14.01953125,56,16,0,0,0,3589,256,16,0,0,0,8.8125,
aeqkad_robust,window,full,fidelity,False,True,16,0.05,25,0,True,iid,0.1,0,s027,3,21.999999999999996,12.771739130434783,0.0,100.0,56,37,37,0,0,6,0.74,10.6171875,56,19,0,0,0,2718,256,16,0,0,0,9.0625,
aeqkad_robust,window,full,fidelity,False,True,16,0.05,25,0,True,iid,0.1,0,s027,4,11.75,4.67391304347826,0.0,100.0,56,46,45,1,0,6,0.9,11.3203125,56,10,0,0,0,2898,256,16,0,0,0,11.6875,
aeqkad_robust,window,full,fidelity,False,True,16,0.05,25,0,True,iid,0.1,0,s027,5,16.000000000000004,1.25,0.0,100.0,56,42,41,1,0,6,0.82,10.296875,56,13,0,0,1,2636,256,16,0,0,0,9.1875,
aeqkad_robust,window,full,fidelity,False,True,16,0.05,25,0,True,iid,0.1,0,s027,6,20.0,8.097826086956525,0.0,100.0,56,34,34,0,0,6,0.68,9.4765625,56,18,0,0,4,2426,256,16,0,0,0,10.9375,
aeqkad_robust,window,full,fidelity,False,True,16,0.05,25,0,True,iid,0.1,0,s027,7,19.0,7.01086956521739,0.0,100.0,56,44,42,2,0,6,0.84,10.5390625,56,12,0,0,0,2698,256,16,0,0,1,9.0625,
aeqkad_robust,window,full,fidelity,False,True,16,0.05,25,0,True,iid,0.1,0,s027,8,23.25,10.434782608695654,0.0,100.0,56,42,41,1,0,6,0.82,11.08203125,56,14,0,0,0,2837,256,16,0,0,0,10.4375,100.0
aeqkad_robust,window,full,fidelity,False,True,16,0.05,25,0,True,iid,0.1,1,s027,2,14.250000000000002,1.25,0.0,100.0,56,40,40,0,0,6,0.8,13.96484375,56,16,0,0,0,3575,256,16,0,0,0,9.75,
aeqkad_robust,window,full,fidelity,False,True,16,0.05,25,0,True,iid,0.1,1,s027,3,19.749999999999996,6.847826086956524,0.0,100.0,56,38,37,1,0,6,0.74,11.12109375,56,18,0,0,0,2847,256,16,0,0,1,7.875,
aeqkad_robust,window,full,fidelity,False,True,16,0.05,25,0,True,iid,0.1,1,s027,4,9.499999999999998,0.0,0.0,100.0,56,45,44,1,0,6,0.88,11.4375,56,11,0,0,0,2928,256,16,0,0,1,10.875,
aeqkad_robust,window,full,fidelity,False,True,16,0.05,25,0,True,iid,0.1,1,s027,5,16.250000000000004,1.25,0.0,100.0,56,41,40,1,0,6,0.8,10.33984375,56,15,0,0,0,2647,256,16,0,0,0,9.5625,
aeqkad_robust,window,full,fidelity,False,True,16,0.05,25,0,True,iid,0.1,1,s027,6,22.249999999999996,9.347826086956525,0.0,100.0,56,35,34,1,0,6,0.68,10.03125,56,17,0,0,4,2568,256,16,0,0,0,10.75,
aeqkad_robust,window,full,fidelity,False,True,16,0.05,25,0,True,iid,0.1,1,s027,7,17.25,5.923913043478259,0.0,100.0,56,43,42,1,0,6,0.84,10.41015625,56,13,0,0,0,2665,256,16,0,0,1,9.1875,
aeqkad_robust,window,full,fidelity,False,True,16,0.05,25,0,True,iid,0.1,1,s027,8,25.75,8.097826086956525,0.0,100.0,56,39,37,2,0,6,0.74,10.97265625,56,17,0,0,0,2809,256,16,0,0,0,9.625,100.0
aeqkad_robust,window,full,fidelity,False,True,16,0.05,25,0,True,iid,0.1,2,s027,2,14.250000000000002,2.33695652173913,0.0,100.0,56,40,40,0,0,6,0.8,13.88671875,56,16,0,0,0,3555,256,16,0,0,0,10.1875,
aeqkad_robust,window,full,fidelity,False,True,16,0.05,25,0,True,iid,0.1,2,s027,3,22.249999999999996,8.097826086956525,0.0,100.0,56,38,37,1,0,6,0.74,11.08984375,56,18,0,0,0,2839,256,16,0,0,1,8.875,
aeqkad_robust,window,full,fidelity,False,True,16,0.05,25,0,True,iid,0.1,2,s027,4,12.0,4.67391304347826,0.0,100.0,56,45,45,0,0,6,0.9,11.375,56,11,0,0,0,2912,256,16,0,0,0,12.75,
aeqkad_robust,window,full,fidelity,False,True,16,0.05,25,0,True,iid,0.1,2,s027,5,16.250000000000004,1.25,0.0,100.0,56,40,40,0,0,6,0.8,10.5625,56,16,0,0,0,2704,256,16,0,0,0,8.375,
aeqkad_robust,window,full,fidelity,False,True,16,0.05,25,0,True,iid,0.1,2,s027,6,16.500000000000004,6.847826086956524,0.0,100.0,56,34,34,0,0,6,0.68,9.83203125,56,18,0,0,4,2517,256,16,0,0,0,9.5,
aeqkad_robust,window,full,fidelity,False,True,16,0.05,25,0,True,iid,0.1,2,s027,7,13.750000000000002,3.423913043478259,0.0,100.0,56,42,42,0,0,6,0.84,10.17578125,56,14,0,0,0,2605,256,16,0,0,0,8.0,
aeqkad_robust,window,full,fidelity,False,True,16,0.05,25,0,True,iid,0.1,2,s027,8,25.0,12.771739130434783,0.0,100.0,56,38,37,1,0,6,0.74,10.91015625,56,18,0,0,0,2793,256,16,0,0,1,9.5,100.0
static_robust,static,none,fidelity,False,True,16,0.05,25,0,True,iid,0.1,0,s028,2,8.499999999999998,2.33695652173913,0.0,100.0,56,0,0,0,0,6,0.0,38.0,0,0,0,0,0,9728,256,50,0,50,0,81.5,
static_robust,static,none,fidelity,False,True,16,0.05,25,0,True,iid,0.1,0,s028,3,14.75,1.25,0.0,100.0,56,0,0,0,0,6,0.0,38.0,0,0,0,0,0,9728,256,50,0,50,0,137.5,
static_robust,static,none,fidelity,False,True,16,0.05,25,0,True,iid,0.1,0,s028,4,13.750000000000002,7.01086956521739,0.0,100.0,56,0,0,0,0,6,0.0,38.0,0,0,0,0,0,9728,256,50,0,50,0,193.5,
static_robust,static,none,fidelity,False,True,16,0.05,25,0,True,iid,0.1,0,s028,5,15.500000000000004,2.5,0.0,100.0,56,0,0,0,0,6,0.0,38.0,0,0,0,0,0,9728,256,50,0,50,0,249.5,
static_robust,static,none,fidelity,False,True,16,0.05,25,0,True,iid,0.1,0,s028,6,19.249999999999996,3.75,0.0,100.0,56,0,0,0,0,6,0.0,38.0,0,0,0,0,0,9728,256,50,0,50,0,305.5,
static_robust,static,none,fidelity,False,True,16,0.05,25,0,True,iid,0.1,0,s028,7,14.500000000000002,3.75,0.0,100.0,56,0,0,0,0,6,0.0,38.0,0,0,0,0,0,9728,256,50,0,50,0,361.5,
static_robust,static,none,fidelity,False,True,16,0.05,25,0,True,iid,0.1,0,s028,8,9.5,1.0869565217391297,0.0,100.0,56,0,0,0,0,6,0.0,38.0,0,0,0,0,0,9728,256,50,0,50,0,417.5,100.0
static_robust,static,none,fidelity,False,True,16,0.05,25,0,True,iid,0.1,1,s028,2,6.749999999999997,2.33695652173913,0.0,100.0,56,0,0,0,0,6,0.0,39.0,0,0,0,0,0,9984,256,50,0,50,0,81.5,
static_robust,static,none,fidelity,False,True,16,0.05,25,0,True,iid,0.1,1,s028,3,12.25,2.5,0.0,100.0,56,0,0,0,0,6,0.0,39.0,0,0,0,0,0,9984,256,50,0,50,0,137.5,
static_robust,static,none,fidelity,False,True,16,0.05,25,0,True,iid,0.1,1,s028,4,16.500000000000004,2.33695652173913,0.0,100.0,56,0,0,0,0,6,0.0,39.0,0,0,0,0,0,9984,256,50,0,50,0,193.5,
static_robust,static,none,fidelity,False,True,16,0.05,25,0,True,iid,0.1,1,s028,5,19.5,3.75,0.0,100.0,56,0,0,0,0,6,0.0,39.0,0,0,0,0,0,9984,256,50,0,50,0,249.5,
static_robust,static,none,fidelity,False,True,16,0.05,25,0,True,iid,0.1,1,s028,6,21.0,10.434782608695654,0.0,100.0,56,0,0,0,0,6,0.0,39.0,0,0,0,0,0,9984,256,50,0,50,0,305.5,
static_robust,static,none,fidelity,False,True,16,0.05,25,0,True,iid,0.1,1,s028,7,15.750000000000004,4.83695652173913,0.0,100.0,56,0,0,0,0,6,0.0,39.0,0,0,0,0,0,9984,256,50,0,50,0,361.5,
static_robust,static,none,fidelity,False,True,16,0.05,25,0,True,iid,0.1,1,s028,8,14.000000000000002,3.423913043478259,0.0,100.0,56,0,0,0,0,6,0.0,39.0,0,0,0,0,0,9984,256,50,0,50,0,417.5,100.0
static_robust,static,none,fidelity,False,True,16,0.05,25,0,True,iid,0.1,2,s028,2,7.249999999999998,1.0869565217391297,0.0,100.0,56,0,0,0,0,6,0.0,40.0,0,0,0,0,0,10240,256,50,0,50,0,81.5,
static_robust,static,none,fidelity,False,True,16,0.05,25,0,True,iid,0.1,2,s028,3,12.0,4.67391304347826,0.0,100.0,56,0,0,0,0,6,0.0,40.0,0,0,0,0,0,10240,256,50,0,50,0,137.5,
static_robust,static,none,fidelity,False,True,16,0.05,25,0,True,iid,0.1,2,s028,4,12.5,4.67391304347826,0.0,100.0,56,0,0,0,0,6,0.0,40.0,0,0,0,0,0,10240,256,50,0,50,0,193.5,
static_robust,static,none,fidelity,False,True,16,0.05,25,0,True,iid,0.1,2,s028,5,18.250000000000004,4.67391304347826,0.0,100.0,56,0,0,0,0,6,0.0,40.0,0,0,0,0,0,10240,256,50,0,50,0,249.5,
static_robust,static,none,fidelity,False,True,16,0.05,25,0,True,iid,0.1,2,s028,6,19.499999999999996,10.434782608695654,0.0,100.0,56,0,0,0,0,6,0.0,40.0,0,0,0,0,0,10240,256,50,0,50,0,305.5,
static_robust,static,none,fidelity,False,True,16,0.05,25,0,True,iid,0.1,2,s028,7,15.750000000000004,10.271739130434785,0.0,100.0,56,0,0,0,0,6,0.0,40.0,0,0,0,0,0,10240,256,50,0,50,0,361.5,
static_robust,static,none,fidelity,False,True,16,0.05,25,0,True,iid,0.1,2,s028,8,10.25,0.0,0.0,100.0,56,0,0,0,0,6,0.0,40.0,0,0,0,0,0,10240,256,50,0,50,0,417.5,100.0
window_robust,window,none,fidelity,False,True,16,0.05,25,0,True,iid,0.1,0,s028,2,7.999999999999999,2.33695652173913,0.0,100.0,56,56,50,6,0,6,1.0,13.359375,0,0,0,0,0,3420,256,16,0,0,3,7.5,
window_robust,window,none,fidelity,False,True,16,0.05,25,0,True,iid,0.1,0,s028,3,12.5,0.0,0.0,100.0,56,56,50,6,0,6,1.0,13.84765625,0,0,0,0,0,3545,256,16,0,0,1,7.5,
window_robust,window,none,fidelity,False,True,16,0.05,25,0,True,iid,0.1,0,s028,4,10.25,0.0,0.0,100.0,56,56,50,6,0,6,1.0,12.12109375,0,0,0,0,0,3103,256,16,0,0,2,7.5,
window_robust,window,none,fidelity,False,True,16,0.05,25,0,True,iid,0.1,0,s028,5,19.499999999999996,2.33695652173913,0.0,100.0,56,56,50,6,0,6,1.0,13.80859375,0,0,0,0,0,3535,256,16,0,0,0,7.5,
window_robust,window,none,fidelity,False,True,16,0.05,25,0,True,iid,0.1,0,s028,6,11.5,0.0,0.0,100.0,56,56,50,6,0,6,1.0,14.4296875,0,0,0,0,0,3694,256,16,0,0,3,7.5,
window_robust,window,none,fidelity,False,True,16,0.05,25,0,True,iid,0.1,0,s028,7,18.750000000000004,0.0,0.0,100.0,56,56,50,6,0,6,1.0,13.23828125,0,0,0,0,0,3389,256,16,0,0,2,7.5,
window_robust,window,none,fidelity,False,True,16,0.05,25,0,True,iid,0.1,0,s028,8,13.750000000000002,0.0,0.0,100.0,56,56,50,6,0,6,1.0,13.62109375,0,0,0,0,0,3487,256,16,0,0,1,7.5,100.0
window_robust,window,none,fidelity,False,True,16,0.05,25,0,True,iid,0.1,1,s028,2,9.0,0.0,0.0,100.0,56,56,50,6,0,6,1.0,13.52734375,0,0,0,0,0,3463,256,16,0,0,2,7.5,
window_robust,window,none,fidelity,False,True,16,0.05,25,0,True,iid,0.1,1,s028,3,10.249999999999998,1.25,0.0,100.0,56,56,50,6,0,6,1.0,13.4921875,0,0,0,0,0,3454,256,16,0,0,2,7.5,
window_robust,window,none,fidelity,False,True,16,0.05,25,0,True,iid,0.1,1,s028,4,11.5,0.0,0.0,100.0,56,56,50,6,0,6,1.0,12.578125,0,0,0,0,0,3220,256,16,0,0,1,7.5,
window_robust,window,none,fidelity,False,True,16,0.05,25,0,True,iid,0.1,1,s028,5,18.500000000000004,5.923913043478259,0.0,100.0,56,56,50,6,0,6,1.0,13.7578125,0,0,0,0,0,3522,256,16,0,0,2,7.5,
window_robust,window,none,fidelity,False,True,16,0.05,25,0,True,iid,0.1,1,s028,6,11.0,0.0,0.0,100.0,56,56,50,6,0,6,1.0,14.421875,0,0,0,0,0,3692,256,16,0,0,2,7.5,
window_robust,window,none,fidelity,False,True,16,0.05,25,0,True,iid,0.1,1,s028,7,21.000000000000004,1.25,0.0,100.0,56,56,50,6,0,6,1.0,13.265625,0,0,0,0,0,3396,256,16,0,0,2,7.5,
window_robust,window,none,fidelity,False,True,16,0.05,25,0,True,iid,0.1,1,s028,8,12.5,2.33695652173913,0.0,100.0,56,56,50,6,0,6,1.0,13.578125,0,0,0,0,0,3476,256,16,0,0,4,7.5,100.0
window_robust,window,none,fidelity,False,True,16,0.05,25,0,True,iid,0.1,2,s028,2,8.499999999999998,2.33695652173913,0.0,100.0,56,56,50,6,0,6,1.0,13.79296875,0,0,0,0,0,3531,256,16,0,0,0,7.5,
window_robust,window,none,fidelity,False,True,16,0.05,25,0,True,iid,0.1,2,s028,3,12.5,0.0,0.0,100.0,56,56,50,6,0,6,1.0,13.44921875,0,0,0,0,0,3443,256,16,0,0,2,7.5,
window_robust,window,none,fidelity,False,True,16,0.05,25,0,True,iid,0.1,2,s028,4,10.249999999999998,2.33695652173913,0.0,100.0,56,56,50,6,0,6,1.0,12.24609375,0,0,0,0,0,3135,256,16,0,0,2,7.5,
window_robust,window,none,fidelity,False,True,16,0.05,25,0,True,iid,0.1,2,s028,5,19.749999999999996,4.67391304347826,0.0,100.0,56,56,50,6,0,6,1.0,14.14453125,0,0,0,0,0,3621,256,16,0,0,1,7.5,
window_robust,window,none,fidelity,False,True,16,0.05,25,0,True,iid,0.1,2,s028,6,9.25,1.25,0.0,100.0,56,56,50,6,0,6,1.0,14.3203125,0,0,0,0,0,3666,256,16,0,0,1,7.5,
window_robust,window,none,fidelity,False,True,16,0.05,25,0,True,iid,0.1,2,s028,7,15.250000000000002,0.0,0.0,100.0,56,56,50,6,0,6,1.0,12.98828125,0,0,0,0,0,3325,256,16,0,0,2,7.5,
window_robust,window,none,fidelity,False,True,16,0.05,25,0,True,iid,0.1,2,s028,8,11.249999999999998,0.0,0.0,100.0,56,56,50,6,0,6,1.0,13.7578125,0,0,0,0,0,3522,256,16,0,0,1,7.5,100.0
aeqkad_robust,window,full,fidelity,False,True,16,0.05,25,0,True,iid,0.1,0,s028,2,7.249999999999998,0.0,0.0,100.0,56,43,43,0,0,6,0.86,12.54296875,56,13,0,0,0,3211,256,16,0,0,0,12.0625,
aeqkad_robust,window,full,fidelity,False,True,16,0.05,25,0,True,iid,0.1,0,s028,3,12.0,4.67391304347826,0.0,100.0,56,36,36,0,0,6,0.72,10.3359375,56,20,0,0,0,2646,256,16,0,0,0,14.4375,
aeqkad_robust,window,full,fidelity,False,True,16,0.05,25,0,True,iid,0.1,0,s028,4,10.25,0.0,0.0,100.0,56,41,41,0,0,6,0.82,10.15625,56,15,0,0,0,2600,256,16,0,0,0,11.625,
aeqkad_robust,window,full,fidelity,False,True,16,0.05,25,0,True,iid,0.1,0,s028,5,16.500000000000004,4.67391304347826,0.0,100.0,56,34,34,0,0,6,0.68,11.13671875,56,22,0,0,0,2851,256,16,0,0,0,9.8125,
aeqkad_robust,window,full,fidelity,False,True,16,0.05,25,0,True,iid,0.1,0,s028,6,19.75,0.0,0.0,100.0,56,40,40,0,0,6,0.8,12.8359375,56,16,0,0,0,3286,256,16,0,0,0,11.6875,
aeqkad_robust,window,full,fidelity,False,True,16,0.05,25,0,True,iid,0.1,0,s028,7,14.000000000000002,0.0,0.0,100.0,56,40,40,0,0,6,0.8,11.4453125,56,16,0,0,0,2930,256,16,0,0,0,12.3125,
aeqkad_robust,window,full,fidelity,False,True,16,0.05,25,0,True,iid,0.1,0,s028,8,12.75,4.67391304347826,0.0,100.0,56,36,36,0,0,6,0.72,10.78515625,56,19,0,0,1,2761,256,16,0,0,0,9.8125,100.0
aeqkad_robust,window,full,fidelity,False,True,16,0.05,25,0,True,iid,0.1,1,s028,2,8.249999999999998,0.0,0.0,100.0,56,45,45,0,0,6,0.9,13.09375,56,11,0,0,0,3352,256,16,0,0,0,9.9375,
aeqkad_robust,window,full,fidelity,False,True,16,0.05,25,0,True,iid,0.1,1,s028,3,13.5,2.5,0.0,100.0,56,39,38,1,0,6,0.76,11.0078125,56,16,0,0,1,2818,256,16,0,0,0,12.0,
aeqkad_robust,window,full,fidelity,False,True,16,0.05,25,0,True,iid,0.1,1,s028,4,20.5,0.0,0.0,100.0,56,41,41,0,0,6,0.82,10.28515625,56,15,0,0,0,2633,256,16,0,0,0,11.4375,
aeqkad_robust,window,full,fidelity,False,True,16,0.05,25,0,True,iid,0.1,1,s028,5,16.500000000000004,4.67391304347826,0.0,100.0,56,35,35,0,0,6,0.7,11.2265625,56,21,0,0,0,2874,256,16,0,0,0,11.25,
aeqkad_robust,window,full,fidelity,False,True,16,0.05,25,0,True,iid,0.1,1,s028,6,14.000000000000002,0.0,0.0,100.0,56,41,40,1,0,6,0.8,12.93359375,56,15,0,0,0,3311,256,16,0,0,0,11.5,
aeqkad_robust,window,full,fidelity,False,True,16,0.05,25,0,True,iid,0.1,1,s028,7,13.0,1.25,0.0,100.0,56,41,41,0,0,6,0.82,11.55859375,56,15,0,0,0,2959,256,16,0,0,0,11.75,
aeqkad_robust,window,full,fidelity,False,True,16,0.05,25,0,True,iid,0.1,1,s028,8,11.75,4.67391304347826,0.0,100.0,56,37,37,0,0,6,0.74,11.0234375,56,18,0,0,1,2822,256,16,0,0,0,11.8125,100.0
aeqkad_robust,window,full,fidelity,False,True,16,0.05,25,0,True,iid,0.1,2,s028,2,8.249999999999998,6.847826086956524,0.0,100.0,56,44,44,0,0,6,0.88,12.63671875,56,12,0,0,0,3235,256,16,0,0,0,9.1875,
aeqkad_robust,window,full,fidelity,False,True,16,0.05,25,0,True,iid,0.1,2,s028,3,13.25,5.760869565217389,0.0,100.0,56,38,37,1,0,6,0.74,10.69140625,56,18,0,0,0,2737,256,16,0,0,1,11.8125,
aeqkad_robust,window,full,fidelity,False,True,16,0.05,25,0,True,iid,0.1,2,s028,4,22.25,3.423913043478259,0.0,100.0,56,41,41,0,0,6,0.82,10.0625,56,15,0,0,0,2576,256,16,0,0,0,12.0,
aeqkad_robust,window,full,fidelity,False,True,16,0.05,25,0,True,iid,0.1,2,s028,5,18.250000000000004,3.423913043478259,0.0,100.0,56,34,34,0,0,6,0.68,10.82421875,56,22,0,0,0,2771,256,16,0,0,0,10.375,
aeqkad_robust,window,full,fidelity,False,True,16,0.05,25,0,True,iid,0.1,2,s028,6,19.0,1.25,0.0,100.0,56,40,40,0,0,6,0.8,12.75390625,56,16,0,0,0,3265,256,16,0,0,0,11.0,
aeqkad_robust,window,full,fidelity,False,True,16,0.05,25,0,True,iid,0.1,2,s028,7,13.0,0.0,0.0,100.0,56,40,40,0,0,6,0.8,11.234375,56,16,0,0,0,2876,256,16,0,0,0,12.1875,
aeqkad_robust,window,full,fidelity,False,True,16,0.05,25,0,True,iid,0.1,2,s028,8,11.75,3.423913043478259,0.0,100.0,56,39,38,1,0,6,0.76,10.89453125,56,17,0,0,0,2789,256,16,0,0,1,8.8125,100.0
static_robust,static,none,fidelity,False,True,16,0.05,25,0,True,iid,0.1,0,s029,2,14.500000000000002,2.33695652173913,2.0,36.0,56,0,0,0,0,6,0.0,39.0,0,0,0,0,0,9984,256,50,0,50,0,81.5,
static_robust,static,none,fidelity,False,True,16,0.05,25,0,True,iid,0.1,0,s029,3,9.0,3.58695652173913,6.0,39.5,56,0,0,0,0,6,0.0,39.0,0,0,0,0,0,9984,256,50,0,50,0,137.5,
static_robust,static,none,fidelity,False,True,16,0.05,25,0,True,iid,0.1,0,s029,4,15.250000000000002,2.33695652173913,4.0,40.5,56,0,0,0,0,6,0.0,39.0,0,0,0,0,0,9984,256,50,0,50,0,193.5,
static_robust,static,none,fidelity,False,True,16,0.05,25,0,True,iid,0.1,0,s029,5,19.75,7.17391304347826,8.0,42.0,56,0,0,0,0,6,0.0,39.0,0,0,0,0,0,9984,256,50,0,50,0,249.5,
static_robust,static,none,fidelity,False,True,16,0.05,25,0,True,iid,0.1,0,s029,6,19.749999999999996,10.597826086956525,14.000000000000002,38.5,56,0,0,0,0,6,0.0,39.0,0,0,0,0,0,9984,256,50,0,50,0,305.5,
static_robust,static,none,fidelity,False,True,16,0.05,25,0,True,iid,0.1,0,s029,7,23.75,23.20652173913043,18.0,36.0,56,0,0,0,0,6,0.0,39.0,0,0,0,0,0,9984,256,50,0,50,0,361.5,
static_robust,static,none,fidelity,False,True,16,0.05,25,0,True,iid,0.1,0,s029,8,35.75,32.55434782608696,22.0,48.0,56,0,0,0,0,6,0.0,39.0,0,0,0,0,0,9984,256,50,0,50,0,417.5,86.0
static_robust,static,none,fidelity,False,True,16,0.05,25,0,True,iid,0.1,1,s029,2,15.250000000000002,7.01086956521739,0.0,64.0,56,0,0,0,0,6,0.0,40.0,0,0,0,0,0,10240,256,50,0,50,0,81.5,
static_robust,static,none,fidelity,False,True,16,0.05,25,0,True,iid,0.1,1,s029,3,10.249999999999998,9.184782608695654,0.0,70.5,56,0,0,0,0,6,0.0,40.0,0,0,0,0,0,10240,256,50,0,50,0,137.5,
static_robust,static,none,fidelity,False,True,16,0.05,25,0,True,iid,0.1,1,s029,4,16.250000000000004,0.0,2.0,69.5,56,0,0,0,0,6,0.0,40.0,0,0,0,0,0,10240,256,50,0,50,0,193.5,
static_robust,static,none,fidelity,False,True,16,0.05,25,0,True,iid,0.1,1,s029,5,21.999999999999996,10.434782608695654,2.0,75.5,56,0,0,0,0,6,0.0,40.0,0,0,0,0,0,10240,256,50,0,50,0,249.5,
static_robust,static,none,fidelity,False,True,16,0.05,25,0,True,iid,0.1,1,s029,6,21.749999999999996,10.434782608695654,4.0,67.5,56,0,0,0,0,6,0.0,40.0,0,0,0,0,0,10240,256,50,0,50,0,305.5,
static_robust,static,none,fidelity,False,True,16,0.05,25,0,True,iid,0.1,1,s029,7,24.5,17.445652173913043,0.0,75.0,56,0,0,0,0,6,0.0,40.0,0,0,0,0,0,10240,256,50,0,50,0,361.5,
static_robust,static,none,fidelity,False,True,16,0.05,25,0,True,iid,0.1,1,s029,8,34.25,35.815217391304344,6.0,75.0,56,0,0,0,0,6,0.0,40.0,0,0,0,0,0,10240,256,50,0,50,0,417.5,94.0
static_robust,static,none,fidelity,False,True,16,0.05,25,0,True,iid,0.1,2,s029,2,13.5,4.67391304347826,0.0,98.0,56,0,0,0,0,6,0.0,40.0,0,0,0,0,0,10240,256,50,0,50,0,81.5,
static_robust,static,none,fidelity,False,True,16,0.05,25,0,True,iid,0.1,2,s029,3,9.499999999999998,2.5,0.0,100.0,56,0,0,0,0,6,0.0,40.0,0,0,0,0,0,10240,256,50,0,50,0,137.5,
static_robust,static,none,fidelity,False,True,16,0.05,25,0,True,iid,0.1,2,s029,4,15.750000000000004,3.58695652173913,0.0,99.0,56,0,0,0,0,6,0.0,40.0,0,0,0,0,0,10240,256,50,0,50,0,193.5,
static_robust,static,none,fidelity,False,True,16,0.05,25,0,True,iid,0.1,2,s029,5,20.249999999999996,15.108695652173914,0.0,99.5,56,0,0,0,0,6,0.0,40.0,0,0,0,0,0,10240,256,50,0,50,0,249.5,
static_robust,static,none,fidelity,False,True,16,0.05,25,0,True,iid,0.1,2,s029,6,22.499999999999996,12.771739130434783,0.0,97.5,56,0,0,0,0,6,0.0,40.0,0,0,0,0,0,10240,256,50,0,50,0,305.5,
static_robust,static,none,fidelity,False,True,16,0.05,25,0,True,iid,0.1,2,s029,7,24.25,17.445652173913043,0.0,100.0,56,0,0,0,0,6,0.0,40.0,0,0,0,0,0,10240,256,50,0,50,0,361.5,
static_robust,static,none,fidelity,False,True,16,0.05,25,0,True,iid,0.1,2,s029,8,35.25,27.8804347826087,0.0,99.5,56,0,0,0,0,6,0.0,40.0,0,0,0,0,0,10240,256,50,0,50,0,417.5,100.0
window_robust,window,none,fidelity,False,True,16,0.05,25,0,True,iid,0.1,0,s029,2,14.500000000000002,4.67391304347826,0.0,100.0,56,56,50,6,0,6,1.0,13.95703125,0,0,0,0,0,3573,256,16,0,0,3,7.5,
window_robust,window,none,fidelity,False,True,16,0.05,25,0,True,iid,0.1,0,s029,3,11.5,0.0,0.0,100.0,56,56,50,6,0,6,1.0,14.33203125,0,0,0,0,0,3669,256,16,0,0,2,7.5,
window_robust,window,none,fidelity,False,True,16,0.05,25,0,True,iid,0.1,0,s029,4,14.750000000000002,3.423913043478259,0.0,100.0,56,56,50,6,0,6,1.0,13.1953125,0,0,0,0,0,3378,256,16,0,0,2,7.5,
window_robust,window,none,fidelity,False,True,16,0.05,25,0,True,iid,0.1,0,s029,5,14.000000000000002,3.423913043478259,0.0,100.0,56,56,50,6,0,6,1.0,11.66796875,0,0,0,0,0,2987,256,16,0,0,1,7.5,
window_robust,window,none,fidelity,False,True,16,0.05,25,0,True,iid,0.1,0,s029,6,18.000000000000004,4.67391304347826,0.0,100.0,56,56,50,6,0,6,1.0,13.04296875,0,0,0,0,0,3339,256,16,0,0,1,7.5,
window_robust,window,none,fidelity,False,True,16,0.05,25,0,True,iid,0.1,0,s029,7,8.75,2.33695652173913,0.0,100.0,56,56,50,6,0,6,1.0,13.03125,0,0,0,0,0,3336,256,16,0,0,2,7.5,
window_robust,window,none,fidelity,False,True,16,0.05,25,0,True,iid,0.1,0,s029,8,19.499999999999996,10.434782608695654,0.0,100.0,56,56,50,6,0,6,1.0,13.94921875,0,0,0,0,0,3571,256,16,0,0,2,7.5,100.0
window_robust,window,none,fidelity,False,True,16,0.05,25,0,True,iid,0.1,1,s029,2,15.750000000000004,7.01086956521739,0.0,100.0,56,56,50,6,0,6,1.0,13.81640625,0,0,0,0,0,3537,256,16,0,0,3,7.5,
window_robust,window,none,fidelity,False,True,16,0.05,25,0,True,iid,0.1,1,s029,3,11.5,3.423913043478259,0.0,100.0,56,56,50,6,0,6,1.0,14.30078125,0,0,0,0,0,3661,256,16,0,0,2,7.5,
window_robust,window,none,fidelity,False,True,16,0.05,25,0,True,iid,0.1,1,s029,4,15.000000000000002,0.0,0.0,100.0,56,56,50,6,0,6,1.0,13.31640625,0,0,0,0,0,3409,256,16,0,0,2,7.5,
window_robust,window,none,fidelity,False,True,16,0.05,25,0,True,iid,0.1,1,s029,5,14.750000000000002,1.25,0.0,100.0,56,56,50,6,0,6,1.0,11.91796875,0,0,0,0,0,3051,256,16,0,0,3,7.5,
window_robust,window,none,fidelity,False,True,16,0.05,25,0,True,iid,0.1,1,s029,6,17.000000000000004,3.423913043478259,0.0,100.0,56,56,50,6,0,6,1.0,13.22265625,0,0,0,0,0,3385,256,16,0,0,1,7.5,
window_robust,window,none,fidelity,False,True,16,0.05,25,0,True,iid,0.1,1,s029,7,11.5,1.25,0.0,100.0,56,56,50,6,0,6,1.0,12.7734375,0,0,0,0,0,3270,256,16,0,0,4,7.5,
window_robust,window,none,fidelity,False,True,16,0.05,25,0,True,iid,0.1,1,s029,8,19.749999999999996,12.771739130434783,0.0,100.0,56,56,50,6,0,6,1.0,14.078125,0,0,0,0,0,3604,256,16,0,0,2,7.5,100.0
window_robust,window,none,fidelity,False,True,16,0.05,25,0,True,iid,0.1,2,s029,2,13.5,4.67391304347826,0.0,100.0,56,56,50,6,0,6,1.0,14.15234375,0,0,0,0,0,3623,256,16,0,0,1,7.5,
window_robust,window,none,fidelity,False,True,16,0.05,25,0,True,iid,0.1,2,s029,3,12.0,1.25,0.0,100.0,56,56,50,6,0,6,1.0,14.109375,0,0,0,0,0,3612,256,16,0,0,3,7.5,
window_robust,window,none,fidelity,False,True,16,0.05,25,0,True,iid,0.1,2,s029,4,13.5,3.423913043478259,0.0,100.0,56,56,50,6,0,6,1.0,13.1171875,0,0,0,0,0,3358,256,16,0,0,3,7.5,
window_robust,window,none,fidelity,False,True,16,0.05,25,0,True,iid,0.1,2,s029,5,15.250000000000002,2.33695652173913,0.0,100.0,56,56,50,6,0,6,1.0,11.625,0,0,0,0,0,2976,256,16,0,0,4,7.5,
window_robust,window,none,fidelity,False,True,16,0.05,25,0,True,iid,0.1,2,s029,6,18.500000000000004,4.67391304347826,0.0,100.0,56,56,50,6,0,6,1.0,13.37890625,0,0,0,0,0,3425,256,16,0,0,1,7.5,
window_robust,window,none,fidelity,False,True,16,0.05,25,0,True,iid,0.1,2,s029,7,10.0,4.67391304347826,0.0,100.0,56,56,50,6,0,6,1.0,12.8984375,0,0,0,0,0,3302,256,16,0,0,3,7.5,
window_robust,window,none,fidelity,False,True,16,0.05,25,0,True,iid,0.1,2,s029,8,20.249999999999996,8.097826086956525,0.0,100.0,56,56,50,6,0,6,1.0,14.125,0,0,0,0,0,3616,256,16,0,0,2,7.5,100.0
aeqkad_robust,window,full,fidelity,False,True,16,0.05,25,0,True,iid,0.1,0,s029,2,13.5,2.33695652173913,0.0,100.0,56,46,44,2,0,6,0.88,13.4609375,56,10,0,0,0,3446,256,16,0,0,1,10.0625,
aeqkad_robust,window,full,fidelity,False,True,16,0.05,25,0,True,iid,0.1,0,s029,3,11.75,3.423913043478259,0.0,100.0,56,46,45,1,0,6,0.9,13.390625,56,8,0,0,2,3428,256,16,0,0,0,9.5,
aeqkad_robust,window,full,fidelity,False,True,16,0.05,25,0,True,iid,0.1,0,s029,4,14.250000000000002,1.25,0.0,100.0,56,44,44,0,0,6,0.88,11.953125,56,11,0,0,1,3060,256,16,0,0,0,11.125,
aeqkad_robust,window,full,fidelity,False,True,16,0.05,25,0,True,iid,0.1,0,s029,5,18.250000000000004,2.33695652173913,0.0,100.0,56,41,40,1,0,6,0.8,9.1640625,56,13,0,0,2,2346,256,16,0,0,0,11.5,
aeqkad_robust,window,full,fidelity,False,True,16,0.05,25,0,True,iid,0.1,0,s029,6,17.000000000000004,4.67391304347826,0.0,100.0,56,39,39,0,0,6,0.78,10.25390625,56,16,0,0,1,2625,256,16,0,0,0,9.875,
aeqkad_robust,window,full,fidelity,False,True,16,0.05,25,0,True,iid,0.1,0,s029,7,10.75,5.760869565217389,0.0,100.0,56,44,44,0,0,6,0.88,10.73828125,56,12,0,0,0,2749,256,16,0,0,0,8.5,
aeqkad_robust,window,full,fidelity,False,True,16,0.05,25,0,True,iid,0.1,0,s029,8,20.999999999999996,10.434782608695654,0.0,100.0,56,40,39,1,0,6,0.78,12.76953125,56,15,0,0,1,3269,256,16,0,0,0,10.4375,100.0
aeqkad_robust,window,full,fidelity,False,True,16,0.05,25,0,True,iid,0.1,1,s029,2,14.500000000000002,4.67391304347826,0.0,100.0,56,45,44,1,0,6,0.88,13.07421875,56,11,0,0,0,3347,256,16,0,0,1,9.25,
aeqkad_robust,window,full,fidelity,False,True,16,0.05,25,0,True,iid,0.1,1,s029,3,16.250000000000004,1.25,0.0,100.0,56,44,43,1,0,6,0.86,13.6875,56,11,0,0,1,3504,256,16,0,0,0,10.125,
aeqkad_robust,window,full,fidelity,False,True,16,0.05,25,0,True,iid,0.1,1,s029,4,13.750000000000002,0.0,0.0,100.0,56,44,44,0,0,6,0.88,11.8046875,56,10,0,0,2,3022,256,16,0,0,0,10.875,
aeqkad_robust,window,full,fidelity,False,True,16,0.05,25,0,True,iid,0.1,1,s029,5,18.000000000000004,1.0869565217391297,0.0,100.0,56,39,39,0,0,6,0.78,8.78125,56,15,0,0,2,2248,256,16,0,0,0,13.6875,
aeqkad_robust,window,full,fidelity,False,True,16,0.05,25,0,True,iid,0.1,1,s029,6,19.25,3.423913043478259,0.0,100.0,56,39,39,0,0,6,0.78,10.18359375,56,16,0,0,1,2607,256,16,0,0,0,10.25,
aeqkad_robust,window,full,fidelity,False,True,16,0.05,25,0,True,iid,0.1,1,s029,7,11.249999999999998,1.25,0.0,100.0,56,45,44,1,0,6,0.88,11.11328125,56,11,0,0,0,2845,256,16,0,0,0,11.375,
aeqkad_robust,window,full,fidelity,False,True,16,0.05,25,0,True,iid,0.1,1,s029,8,17.500000000000004,10.434782608695654,0.0,100.0,56,39,39,0,0,6,0.78,12.51171875,56,16,0,0,1,3203,256,16,0,0,0,11.0,100.0
aeqkad_robust,window,full,fidelity,False,True,16,0.05,25,0,True,iid,0.1,2,s029,2,12.25,1.0869565217391297,0.0,100.0,56,42,42,0,0,6,0.84,12.89453125,56,14,0,0,0,3301,256,16,0,0,0,9.6875,
aeqkad_robust,window,full,fidelity,False,True,16,0.05,25,0,True,iid,0.1,2,s029,3,14.250000000000002,1.25,0.0,100.0,56,42,42,0,0,6,0.84,12.03515625,56,14,0,0,0,3081,256,16,0,0,0,11.6875,
aeqkad_robust,window,full,fidelity,False,True,16,0.05,25,0,True,iid,0.1,2,s029,4,14.750000000000002,1.0869565217391297,0.0,100.0,56,42,42,0,0,6,0.84,11.859375,56,13,0,0,1,3036,256,16,0,0,0,12.0,
aeqkad_robust,window,full,fidelity,False,True,16,0.05,25,0,True,iid,0.1,2,s029,5,16.500000000000004,4.67391304347826,0.0,100.0,56,40,40,0,0,6,0.8,8.89453125,56,16,0,0,0,2277,256,16,0,0,0,14.6875,
aeqkad_robust,window,full,fidelity,False,True,16,0.05,25,0,True,iid,0.1,2,s029,6,17.250000000000004,4.67391304347826,0.0,100.0,56,39,39,0,0,6,0.78,10.31640625,56,17,0,0,0,2641,256,16,0,0,0,10.25,
aeqkad_robust,window,full,fidelity,False,True,16,0.05,25,0,True,iid,0.1,2,s029,7,11.0,3.58695652173913,0.0,100.0,56,45,44,1,0,6,0.88,11.3984375,56,11,0,0,0,2918,256,16,0,0,1,9.625,
aeqkad_robust,window,full,fidelity,False,True,16,0.05,25,0,True,iid,0.1,2,s029,8,19.499999999999996,11.684782608695654,0.0,100.0,56,39,39,0,0,6,0.78,12.671875,56,16,0,0,1,3244,256,16,0,0,0,10.5,100.0
static_robust,static,none,fidelity,False,True,16,0.05,25,0,True,iid,0.1,0,s030,2,19.749999999999996,8.097826086956525,2.0,75.0,56,0,0,0,0,6,0.0,35.0,0,0,0,0,0,8960,256,50,0,50,0,81.5,
static_robust,static,none,fidelity,False,True,16,0.05,25,0,True,iid,0.1,0,s030,3,42.00000000000001,41.90217391304347,28.000000000000004,79.5,56,0,0,0,0,6,0.0,35.0,0,0,0,0,0,8960,256,50,0,50,0,137.5,
static_robust,static,none,fidelity,False,True,16,0.05,25,0,True,iid,0.1,0,s030,4,22.499999999999996,15.108695652173914,6.0,84.5,56,0,0,0,0,6,0.0,35.0,0,0,0,0,0,8960,256,50,0,50,0,193.5,
static_robust,static,none,fidelity,False,True,16,0.05,25,0,True,iid,0.1,0,s030,5,22.749999999999996,15.108695652173914,6.0,82.0,56,0,0,0,0,6,0.0,35.0,0,0,0,0,0,8960,256,50,0,50,0,249.5,
static_robust,static,none,fidelity,False,True,16,0.05,25,0,True,iid,0.1,0,s030,6,30.75,16.195652173913043,10.0,83.0,56,0,0,0,0,6,0.0,35.0,0,0,0,0,0,8960,256,50,0,50,0,305.5,
static_robust,static,none,fidelity,False,True,16,0.05,25,0,True,iid,0.1,0,s030,7,38.5,37.22826086956522,20.0,81.5,56,0,0,0,0,6,0.0,35.0,0,0,0,0,0,8960,256,50,0,50,0,361.5,
static_robust,static,none,fidelity,False,True,16,0.05,25,0,True,iid,0.1,0,s030,8,20.249999999999996,15.271739130434783,6.0,76.5,56,0,0,0,0,6,0.0,35.0,0,0,0,0,0,8960,256,50,0,50,0,417.5,32.0
static_robust,static,none,fidelity,False,True,16,0.05,25,0,True,iid,0.1,1,s030,2,20.0,5.760869565217389,2.0,78.0,56,0,0,0,0,6,0.0,38.0,0,0,0,0,0,9728,256,50,0,50,0,81.5,
static_robust,static,none,fidelity,False,True,16,0.05,25,0,True,iid,0.1,1,s030,3,43.75,38.315217391304344,28.000000000000004,80.0,56,0,0,0,0,6,0.0,38.0,0,0,0,0,0,9728,256,50,0,50,0,137.5,
static_robust,static,none,fidelity,False,True,16,0.05,25,0,True,iid,0.1,1,s030,4,22.749999999999996,17.608695652173914,6.0,79.0,56,0,0,0,0,6,0.0,38.0,0,0,0,0,0,9728,256,50,0,50,0,193.5,
static_robust,static,none,fidelity,False,True,16,0.05,25,0,True,iid,0.1,1,s030,5,23.75,19.782608695652172,6.0,82.5,56,0,0,0,0,6,0.0,38.0,0,0,0,0,0,9728,256,50,0,50,0,249.5,
static_robust,static,none,fidelity,False,True,16,0.05,25,0,True,iid,0.1,1,s030,6,29.500000000000004,20.869565217391305,12.0,79.5,56,0,0,0,0,6,0.0,38.0,0,0,0,0,0,9728,256,50,0,50,0,305.5,
static_robust,static,none,fidelity,False,True,16,0.05,25,0,True,iid,0.1,1,s030,7,37.25,32.55434782608696,20.0,79.5,56,0,0,0,0,6,0.0,38.0,0,0,0,0,0,9728,256,50,0,50,0,361.5,
static_robust,static,none,fidelity,False,True,16,0.05,25,0,True,iid,0.1,1,s030,8,21.249999999999996,13.858695652173914,6.0,76.5,56,0,0,0,0,6,0.0,38.0,0,0,0,0,0,9728,256,50,0,50,0,417.5,72.0
static_robust,static,none,fidelity,False,True,16,0.05,25,0,True,iid,0.1,2,s030,2,22.249999999999996,4.67391304347826,4.0,64.0,56,0,0,0,0,6,0.0,37.0,0,0,0,0,0,9472,256,50,0,50,0,81.5,
static_robust,static,none,fidelity,False,True,16,0.05,25,0,True,iid,0.1,2,s030,3,41.25,33.80434782608695,28.000000000000004,65.0,56,0,0,0,0,6,0.0,37.0,0,0,0,0,0,9472,256,50,0,50,0,137.5,
static_robust,static,none,fidelity,False,True,16,0.05,25,0,True,iid,0.1,2,s030,4,25.25,16.358695652173914,12.0,67.5,56,0,0,0,0,6,0.0,37.0,0,0,0,0,0,9472,256,50,0,50,0,193.5,
static_robust,static,none,fidelity,False,True,16,0.05,25,0,True,iid,0.1,2,s030,5,21.499999999999996,18.695652173913043,6.0,70.0,56,0,0,0,0,6,0.0,37.0,0,0,0,0,0,9472,256,50,0,50,0,249.5,
static_robust,static,none,fidelity,False,True,16,0.05,25,0,True,iid,0.1,2,s030,6,30.25,17.445652173913043,18.0,65.0,56,0,0,0,0,6,0.0,37.0,0,0,0,0,0,9472,256,50,0,50,0,305.5,
static_robust,static,none,fidelity,False,True,16,0.05,25,0,True,iid,0.1,2,s030,7,39.75,32.55434782608696,26.0,67.0,56,0,0,0,0,6,0.0,37.0,0,0,0,0,0,9472,256,50,0,50,0,361.5,
static_robust,static,none,fidelity,False,True,16,0.05,25,0,True,iid,0.1,2,s030,8,19.749999999999996,11.521739130434785,10.0,63.5,56,0,0,0,0,6,0.0,37.0,0,0,0,0,0,9472,256,50,0,50,0,417.5,46.0
window_robust,window,none,fidelity,False,True,16,0.05,25,0,True,iid,0.1,0,s030,2,17.750000000000004,11.521739130434785,4.0,69.0,56,53,48,5,0,6,0.96,12.51953125,0,0,0,0,0,3205,256,16,0,0,0,7.5,
window_robust,window,none,fidelity,False,True,16,0.05,25,0,True,iid,0.1,0,s030,3,16.250000000000004,3.423913043478259,8.0,35.5,56,47,46,1,0,6,0.92,11.7421875,0,0,0,0,0,3006,256,16,0,0,0,8.4375,
window_robust,window,none,fidelity,False,True,16,0.05,25,0,True,iid,0.1,0,s030,4,15.000000000000002,4.67391304347826,6.0,48.0,56,52,47,5,0,6,0.94,10.59765625,0,0,0,0,0,2713,256,16,0,0,2,7.5,
window_robust,window,none,fidelity,False,True,16,0.05,25,0,True,iid,0.1,0,s030,5,17.750000000000004,7.01086956521739,6.0,77.0,56,52,47,5,0,6,0.94,9.85546875,0,0,0,0,0,2523,256,16,0,0,1,8.5,
window_robust,window,none,fidelity,False,True,16,0.05,25,0,True,iid,0.1,0,s030,6,17.0,8.260869565217389,4.0,57.99999999999999,56,51,48,3,0,6,0.96,9.703125,0,0,0,0,0,2484,256,16,0,0,0,8.5,
window_robust,window,none,fidelity,False,True,16,0.05,25,0,True,iid,0.1,0,s030,7,10.25,2.33695652173913,12.0,25.0,56,44,44,0,0,6,0.88,7.89453125,0,0,0,0,0,2021,256,16,0,0,0,8.3125,
window_robust,window,none,fidelity,False,True,16,0.05,25,0,True,iid,0.1,0,s030,8,9.25,0.0,4.0,27.500000000000004,56,49,48,1,0,6,0.96,8.11328125,0,0,0,0,0,2077,256,16,0,0,0,9.1875,66.0
window_robust,window,none,fidelity,False,True,16,0.05,25,0,True,iid,0.1,1,s030,2,24.25,14.021739130434785,8.0,63.5,56,49,46,3,0,6,0.92,12.08984375,0,0,0,0,0,3095,256,16,0,0,1,9.1875,
window_robust,window,none,fidelity,False,True,16,0.05,25,0,True,iid,0.1,1,s030,3,27.750000000000004,6.847826086956524,10.0,52.5,56,48,45,3,0,6,0.9,11.671875,0,0,0,0,0,2988,256,16,0,0,0,9.6875,
window_robust,window,none,fidelity,False,True,16,0.05,25,0,True,iid,0.1,1,s030,4,14.000000000000002,4.67391304347826,8.0,36.0,56,48,46,2,0,6,0.92,10.03125,0,0,0,0,0,2568,256,16,0,0,0,9.1875,
window_robust,window,none,fidelity,False,True,16,0.05,25,0,True,iid,0.1,1,s030,5,12.25,4.67391304347826,6.0,51.5,56,49,47,2,0,6,0.94,9.359375,0,0,0,0,0,2396,256,16,0,0,0,9.375,
window_robust,window,none,fidelity,False,True,16,0.05,25,0,True,iid,0.1,1,s030,6,10.249999999999998,0.0,6.0,44.5,56,48,47,1,0,6,0.94,8.94140625,0,0,0,0,0,2289,256,16,0,0,0,7.625,
window_robust,window,none,fidelity,False,True,16,0.05,25,0,True,iid,0.1,1,s030,7,13.25,5.760869565217389,14.000000000000002,30.5,56,45,43,2,0,6,0.86,8.171875,0,0,0,0,0,2092,256,16,0,0,0,8.1875,
window_robust,window,none,fidelity,False,True,16,0.05,25,0,True,iid,0.1,1,s030,8,9.749999999999998,0.0,8.0,17.5,56,49,46,3,0,6,0.92,8.2265625,0,0,0,0,0,2106,256,16,0,0,1,9.3125,32.0
window_robust,window,none,fidelity,False,True,16,0.05,25,0,True,iid,0.1,2,s030,2,19.499999999999996,7.01086956521739,0.0,100.0,56,56,50,6,0,6,1.0,12.70703125,0,0,0,0,0,3253,256,16,0,0,2,7.5,
window_robust,window,none,fidelity,False,True,16,0.05,25,0,True,iid,0.1,2,s030,3,16.000000000000004,5.923913043478259,0.0,100.0,56,56,50,6,0,6,1.0,12.21875,0,0,0,0,0,3128,256,16,0,0,4,7.5,
window_robust,window,none,fidelity,False,True,16,0.05,25,0,True,iid,0.1,2,s030,4,15.750000000000004,4.67391304347826,0.0,100.0,56,56,50,6,0,6,1.0,11.328125,0,0,0,0,0,2900,256,16,0,0,1,7.5,
window_robust,window,none,fidelity,False,True,16,0.05,25,0,True,iid,0.1,2,s030,5,12.0,1.25,0.0,100.0,56,56,50,6,0,6,1.0,10.1796875,0,0,0,0,0,2606,256,16,0,0,1,7.5,
window_robust,window,none,fidelity,False,True,16,0.05,25,0,True,iid,0.1,2,s030,6,13.5,6.847826086956524,0.0,100.0,56,56,50,6,0,6,1.0,10.4765625,0,0,0,0,0,2682,256,16,0,0,1,7.5,
window_robust,window,none,fidelity,False,True,16,0.05,25,0,True,iid,0.1,2,s030,7,15.250000000000002,5.760869565217389,0.0,100.0,56,56,50,6,0,6,1.0,10.0390625,0,0,0,0,0,2570,256,16,0,0,4,7.5,
window_robust,window,none,fidelity,False,True,16,0.05,25,0,True,iid,0.1,2,s030,8,16.500000000000004,2.33695652173913,0.0,100.0,56,56,50,6,0,6,1.0,9.79296875,0,0,0,0,0,2507,256,16,0,0,2,7.5,100.0
aeqkad_robust,window,full,fidelity,False,True,16,0.05,25,0,True,iid,0.1,0,s030,2,25.25,11.684782608695654,4.0,67.0,56,42,40,2,0,6,0.8,12.61328125,53,11,0,0,0,3229,256,16,0,0,0,10.0625,
aeqkad_robust,window,full,fidelity,False,True,16,0.05,25,0,True,iid,0.1,0,s030,3,31.000000000000007,19.782608695652172,18.0,42.5,56,27,27,0,0,6,0.54,8.51953125,44,17,0,0,0,2181,256,16,0,0,0,10.5,
aeqkad_robust,window,full,fidelity,False,True,16,0.05,25,0,True,iid,0.1,0,s030,4,16.750000000000004,5.760869565217389,10.0,45.0,56,42,40,2,0,6,0.8,9.0,50,8,0,0,0,2304,256,16,0,0,0,10.0625,
aeqkad_robust,window,full,fidelity,False,True,16,0.05,25,0,True,iid,0.1,0,s030,5,13.750000000000002,2.5,6.0,59.5,56,45,44,1,0,6,0.88,8.359375,51,6,0,0,0,2140,256,16,0,0,0,10.625,
aeqkad_robust,window,full,fidelity,False,True,16,0.05,25,0,True,iid,0.1,0,s030,6,20.0,8.097826086956525,6.0,56.00000000000001,56,45,42,3,0,6,0.84,9.109375,50,5,0,0,0,2332,256,16,0,0,0,8.5,
aeqkad_robust,window,full,fidelity,False,True,16,0.05,25,0,True,iid,0.1,0,s030,7,10.25,2.33695652173913,12.0,24.5,56,41,41,0,0,6,0.82,7.5390625,45,4,0,0,0,1930,256,16,0,0,0,8.4375,
aeqkad_robust,window,full,fidelity,False,True,16,0.05,25,0,True,iid,0.1,0,s030,8,9.0,0.0,4.0,22.5,56,43,43,0,0,6,0.86,7.53125,49,5,0,0,1,1928,256,16,0,0,0,11.9375,64.0
aeqkad_robust,window,full,fidelity,False,True,16,0.05,25,0,True,iid,0.1,1,s030,2,22.749999999999996,7.01086956521739,8.0,64.5,56,43,42,1,0,6,0.84,12.140625,49,6,0,0,0,3108,256,16,0,0,1,12.75,
aeqkad_robust,window,full,fidelity,False,True,16,0.05,25,0,True,iid,0.1,1,s030,3,37.75,26.956521739130434,24.0,47.5,56,29,27,2,0,6,0.54,8.53125,41,12,0,0,0,2184,256,16,0,0,0,10.875,
aeqkad_robust,window,full,fidelity,False,True,16,0.05,25,0,True,iid,0.1,1,s030,4,20.0,10.434782608695654,10.0,34.0,56,42,40,2,0,6,0.8,8.6953125,47,5,0,0,0,2226,256,16,0,0,0,9.1875,
aeqkad_robust,window,full,fidelity,False,True,16,0.05,25,0,True,iid,0.1,1,s030,5,13.750000000000002,9.184782608695654,6.0,44.0,56,44,44,0,0,6,0.88,8.79296875,49,5,0,0,0,2251,256,16,0,0,0,10.625,
aeqkad_robust,window,full,fidelity,False,True,16,0.05,25,0,True,iid,0.1,1,s030,6,13.750000000000002,3.260869565217389,10.0,34.5,56,43,43,0,0,6,0.86,8.1796875,45,2,0,0,0,2094,256,16,0,0,0,7.625,
aeqkad_robust,window,full,fidelity,False,True,16,0.05,25,0,True,iid,0.1,1,s030,7,18.25,2.33695652173913,14.000000000000002,17.5,56,42,42,0,0,6,0.84,7.46484375,44,2,0,0,0,1911,256,16,0,0,0,8.1875,
aeqkad_robust,window,full,fidelity,False,True,16,0.05,25,0,True,iid,0.1,1,s030,8,8.5,0.0,6.0,15.5,56,43,43,0,0,6,0.86,7.4296875,50,6,0,0,1,1902,256,16,0,0,0,10.6875,32.0
aeqkad_robust,window,full,fidelity,False,True,16,0.05,25,0,True,iid,0.1,2,s030,2,24.0,10.434782608695654,0.0,100.0,56,45,43,2,0,6,0.86,11.7890625,56,11,0,0,0,3018,256,16,0,0,0,11.4375,
aeqkad_robust,window,full,fidelity,False,True,16,0.05,25,0,True,iid,0.1,2,s030,3,20.0,12.771739130434783,0.0,100.0,56,34,34,0,0,6,0.68,9.37109375,56,22,0,0,0,2399,256,16,0,0,0,12.75,
aeqkad_robust,window,full,fidelity,False,True,16,0.05,25,0,True,iid,0.1,2,s030,4,12.25,5.760869565217389,0.0,100.0,56,48,44,4,0,6,0.88,9.56640625,56,7,0,0,1,2449,256,16,0,0,1,8.25,
aeqkad_robust,window,full,fidelity,False,True,16,0.05,25,0,True,iid,0.1,2,s030,5,13.750000000000002,2.5,0.0,100.0,56,47,45,2,0,6,0.9,9.015625,56,9,0,0,0,2308,256,16,0,0,0,10.5625,
aeqkad_robust,window,full,fidelity,False,True,16,0.05,25,0,True,iid,0.1,2,s030,6,16.000000000000004,5.760869565217389,0.0,100.0,56,44,43,1,0,6,0.86,8.0546875,56,12,0,0,0,2062,256,16,0,0,0,8.125,
aeqkad_robust,window,full,fidelity,False,True,16,0.05,25,0,True,iid,0.1,2,s030,7,17.5,0.0,0.0,100.0,56,42,42,0,0,6,0.84,7.52734375,56,14,0,0,0,1927,256,16,0,0,0,9.9375,
aeqkad_robust,window,full,fidelity,False,True,16,0.05,25,0,True,iid,0.1,2,s030,8,9.0,0.0,0.0,100.0,56,42,42,0,0,6,0.84,7.4609375,56,12,0,0,2,1910,256,16,0,0,0,10.375,100.0
static_robust,static,none,fidelity,False,True,16,0.05,25,0,True,iid,0.1,0,s031,2,42.99999999999999,40.81521739130435,0.0,100.0,56,0,0,0,0,6,0.0,41.0,0,0,0,0,0,10496,256,50,0,50,0,81.5,
static_robust,static,none,fidelity,False,True,16,0.05,25,0,True,iid,0.1,0,s031,3,47.25,48.75,0.0,100.0,56,0,0,0,0,6,0.0,41.0,0,0,0,0,0,10496,256,50,0,50,0,137.5,
static_robust,static,none,fidelity,False,True,16,0.05,25,0,True,iid,0.1,0,s031,4,46.75,50.163043478260875,0.0,100.0,56,0,0,0,0,6,0.0,41.0,0,0,0,0,0,10496,256,50,0,50,0,193.5,
static_robust,static,none,fidelity,False,True,16,0.05,25,0,True,iid,0.1,0,s031,5,31.999999999999996,32.55434782608696,0.0,100.0,56,0,0,0,0,6,0.0,41.0,0,0,0,0,0,10496,256,50,0,50,0,249.5,
static_robust,static,none,fidelity,False,True,16,0.05,25,0,True,iid,0.1,0,s031,6,39.75,34.891304347826086,0.0,100.0,56,0,0,0,0,6,0.0,41.0,0,0,0,0,0,10496,256,50,0,50,0,305.5,
static_robust,static,none,fidelity,False,True,16,0.05,25,0,True,iid,0.1,0,s031,7,62.0,67.28260869565217,0.0,100.0,56,0,0,0,0,6,0.0,41.0,0,0,0,0,0,10496,256,50,0,50,0,361.5,
static_robust,static,none,fidelity,False,True,16,0.05,25,0,True,iid,0.1,0,s031,8,59.74999999999999,61.684782608695656,0.0,100.0,56,0,0,0,0,6,0.0,41.0,0,0,0,0,0,10496,256,50,0,50,0,417.5,100.0
static_robust,static,none,fidelity,False,True,16,0.05,25,0,True,iid,0.1,1,s031,2,47.25,46.413043478260875,0.0,100.0,56,0,0,0,0,6,0.0,39.0,0,0,0,0,0,9984,256,50,0,50,0,81.5,
static_robust,static,none,fidelity,False,True,16,0.05,25,0,True,iid,0.1,1,s031,3,47.0,52.17391304347826,0.0,100.0,56,0,0,0,0,6,0.0,39.0,0,0,0,0,0,9984,256,50,0,50,0,137.5,
static_robust,static,none,fidelity,False,True,16,0.05,25,0,True,iid,0.1,1,s031,4,48.0,47.82608695652174,0.0,100.0,56,0,0,0,0,6,0.0,39.0,0,0,0,0,0,9984,256,50,0,50,0,193.5,
static_robust,static,none,fidelity,False,True,16,0.05,25,0,True,iid,0.1,1,s031,5,33.5,32.391304347826086,0.0,100.0,56,0,0,0,0,6,0.0,39.0,0,0,0,0,0,9984,256,50,0,50,0,249.5,
static_robust,static,none,fidelity,False,True,16,0.05,25,0,True,iid,0.1,1,s031,6,39.75,39.565217391304344,0.0,100.0,56,0,0,0,0,6,0.0,39.0,0,0,0,0,0,9984,256,50,0,50,0,305.5,
static_robust,static,none,fidelity,False,True,16,0.05,25,0,True,iid,0.1,1,s031,7,59.00000000000001,64.02173913043478,0.0,100.0,56,0,0,0,0,6,0.0,39.0,0,0,0,0,0,9984,256,50,0,50,0,361.5,
static_robust,static,none,fidelity,False,True,16,0.05,25,0,True,iid,0.1,1,s031,8,56.49999999999999,48.91304347826087,0.0,100.0,56,0,0,0,0,6,0.0,39.0,0,0,0,0,0,9984,256,50,0,50,0,417.5,100.0
static_robust,static,none,fidelity,False,True,16,0.05,25,0,True,iid,0.1,2,s031,2,45.49999999999999,42.98913043478261,0.0,100.0,56,0,0,0,0,6,0.0,40.0,0,0,0,0,0,10240,256,50,0,50,0,81.5,
static_robust,static,none,fidelity,False,True,16,0.05,25,0,True,iid,0.1,2,s031,3,53.0,50.0,0.0,100.0,56,0,0,0,0,6,0.0,40.0,0,0,0,0,0,10240,256,50,0,50,0,137.5,
static_robust,static,none,fidelity,False,True,16,0.05,25,0,True,iid,0.1,2,s031,4,50.24999999999999,54.673913043478265,0.0,100.0,56,0,0,0,0,6,0.0,40.0,0,0,0,0,0,10240,256,50,0,50,0,193.5,
static_robust,static,none,fidelity,False,True,16,0.05,25,0,True,iid,0.1,2,s031,5,36.0,35.05434782608695,0.0,100.0,56,0,0,0,0,6,0.0,40.0,0,0,0,0,0,10240,256,50,0,50,0,249.5,
static_robust,static,none,fidelity,False,True,16,0.05,25,0,True,iid,0.1,2,s031,6,37.75,38.315217391304344,0.0,100.0,56,0,0,0,0,6,0.0,40.0,0,0,0,0,0,10240,256,50,0,50,0,305.5,
static_robust,static,none,fidelity,False,True,16,0.05,25,0,True,iid,0.1,2,s031,7,61.5,61.684782608695656,0.0,100.0,56,0,0,0,0,6,0.0,40.0,0,0,0,0,0,10240,256,50,0,50,0,361.5,
static_robust,static,none,fidelity,False,True,16,0.05,25,0,True,iid,0.1,2,s031,8,54.25,54.673913043478265,0.0,100.0,56,0,0,0,0,6,0.0,40.0,0,0,0,0,0,10240,256,50,0,50,0,417.5,100.0
window_robust,window,none,fidelity,False,True,16,0.05,25,0,True,iid,0.1,0,s031,2,28.749999999999996,15.108695652173914,0.0,100.0,56,56,50,6,0,6,1.0,15.296875,0,0,0,0,0,3916,256,16,0,0,3,7.5,
window_robust,window,none,fidelity,False,True,16,0.05,25,0,True,iid,0.1,0,s031,3,24.0,17.608695652173914,0.0,100.0,56,56,50,6,0,6,1.0,15.45703125,0,0,0,0,0,3957,256,16,0,0,1,7.5,
window_robust,window,none,fidelity,False,True,16,0.05,25,0,True,iid,0.1,0,s031,4,27.500000000000004,15.108695652173914,0.0,100.0,56,56,50,6,0,6,1.0,15.34765625,0,0,0,0,0,3929,256,16,0,0,3,7.5,
window_robust,window,none,fidelity,False,True,16,0.05,25,0,True,iid,0.1,0,s031,5,27.0,7.01086956521739,0.0,100.0,56,56,50,6,0,6,1.0,14.1796875,0,0,0,0,0,3630,256,16,0,0,3,7.5,
window_robust,window,none,fidelity,False,True,16,0.05,25,0,True,iid,0.1,0,s031,6,29.75,14.021739130434785,0.0,100.0,56,56,50,6,0,6,1.0,13.90625,0,0,0,0,0,3560,256,16,0,0,4,7.5,
window_robust,window,none,fidelity,False,True,16,0.05,25,0,True,iid,0.1,0,s031,7,30.75,17.445652173913043,0.0,100.0,56,56,50,6,0,6,1.0,14.4140625,0,0,0,0,0,3690,256,16,0,0,2,7.5,
window_robust,window,none,fidelity,False,True,16,0.05,25,0,True,iid,0.1,0,s031,8,23.75,12.771739130434783,0.0,100.0,56,56,50,6,0,6,1.0,15.1484375,0,0,0,0,0,3878,256,16,0,0,2,7.5,100.0
window_robust,window,none,fidelity,False,True,16,0.05,25,0,True,iid,0.1,1,s031,2,24.5,8.260869565217389,0.0,100.0,56,56,50,6,0,6,1.0,15.40625,0,0,0,0,0,3944,256,16,0,0,2,7.5,
window_robust,window,none,fidelity,False,True,16,0.05,25,0,True,iid,0.1,1,s031,3,24.25,12.771739130434783,0.0,100.0,56,56,50,6,0,6,1.0,15.65234375,0,0,0,0,0,4007,256,16,0,0,2,7.5,
window_robust,window,none,fidelity,False,True,16,0.05,25,0,True,iid,0.1,1,s031,4,30.500000000000004,19.782608695652172,0.0,100.0,56,56,50,6,0,6,1.0,15.1875,0,0,0,0,0,3888,256,16,0,0,2,7.5,
window_robust,window,none,fidelity,False,True,16,0.05,25,0,True,iid,0.1,1,s031,5,26.0,9.347826086956525,0.0,100.0,56,56,50,6,0,6,1.0,14.265625,0,0,0,0,0,3652,256,16,0,0,4,7.5,
window_robust,window,none,fidelity,False,True,16,0.05,25,0,True,iid,0.1,1,s031,6,25.75,19.6195652173913,0.0,100.0,56,56,50,6,0,6,1.0,13.74609375,0,0,0,0,0,3519,256,16,0,0,0,7.5,
window_robust,window,none,fidelity,False,True,16,0.05,25,0,True,iid,0.1,1,s031,7,31.999999999999996,17.445652173913043,0.0,100.0,56,56,50,6,0,6,1.0,14.4296875,0,0,0,0,0,3694,256,16,0,0,1,7.5,
window_robust,window,none,fidelity,False,True,16,0.05,25,0,True,iid,0.1,1,s031,8,23.5,11.684782608695654,0.0,100.0,56,56,50,6,0,6,1.0,14.8828125,0,0,0,0,0,3810,256,16,0,0,3,7.5,100.0
window_robust,window,none,fidelity,False,True,16,0.05,25,0,True,iid,0.1,2,s031,2,25.75,18.532608695652172,0.0,100.0,56,56,50,6,0,6,1.0,15.34765625,0,0,0,0,0,3929,256,16,0,0,2,7.5,
window_robust,window,none,fidelity,False,True,16,0.05,25,0,True,iid,0.1,2,s031,3,24.25,16.358695652173914,0.0,100.0,56,56,50,6,0,6,1.0,15.4609375,0,0,0,0,0,3958,256,16,0,0,4,7.5,
window_robust,window,none,fidelity,False,True,16,0.05,25,0,True,iid,0.1,2,s031,4,30.000000000000004,18.532608695652172,0.0,100.0,56,56,50,6,0,6,1.0,15.38671875,0,0,0,0,0,3939,256,16,0,0,3,7.5,
window_robust,window,none,fidelity,False,True,16,0.05,25,0,True,iid,0.1,2,s031,5,26.0,8.097826086956525,0.0,100.0,56,56,50,6,0,6,1.0,14.171875,0,0,0,0,0,3628,256,16,0,0,3,7.5,
window_robust,window,none,fidelity,False,True,16,0.05,25,0,True,iid,0.1,2,s031,6,26.0,12.771739130434783,0.0,100.0,56,56,50,6,0,6,1.0,13.8203125,0,0,0,0,0,3538,256,16,0,0,1,7.5,
window_robust,window,none,fidelity,False,True,16,0.05,25,0,True,iid,0.1,2,s031,7,30.000000000000004,16.195652173913043,0.0,100.0,56,56,50,6,0,6,1.0,14.48046875,0,0,0,0,0,3707,256,16,0,0,1,7.5,
window_robust,window,none,fidelity,False,True,16,0.05,25,0,True,iid,0.1,2,s031,8,21.0,9.347826086956525,0.0,100.0,56,56,50,6,0,6,1.0,15.1953125,0,0,0,0,0,3890,256,16,0,0,0,7.5,100.0
aeqkad_robust,window,full,fidelity,False,True,16,0.05,25,0,True,iid,0.1,0,s031,2,34.25,32.391304347826086,0.0,100.0,56,28,27,1,0,6,0.54,14.52734375,56,28,0,0,0,3719,256,16,0,0,1,14.375,
aeqkad_robust,window,full,fidelity,False,True,16,0.05,25,0,True,iid,0.1,0,s031,3,27.750000000000004,18.695652173913043,0.0,100.0,56,40,38,2,0,6,0.76,14.66015625,56,16,0,0,0,3753,256,16,0,0,0,11.375,
aeqkad_robust,window,full,fidelity,False,True,16,0.05,25,0,True,iid,0.1,0,s031,4,37.0,12.771739130434783,0.0,100.0,56,29,28,1,0,6,0.56,13.6875,56,27,0,0,0,3504,256,16,0,0,0,16.6875,
aeqkad_robust,window,full,fidelity,False,True,16,0.05,25,0,True,iid,0.1,0,s031,5,24.25,4.510869565217389,0.0,100.0,56,35,34,1,0,6,0.68,11.51171875,56,20,0,0,1,2947,256,16,0,0,1,13.3125,
aeqkad_robust,window,full,fidelity,False,True,16,0.05,25,0,True,iid,0.1,0,s031,6,28.000000000000004,14.021739130434785,0.0,100.0,56,39,36,3,0,6,0.72,11.96875,56,16,0,0,1,3064,256,16,0,0,3,10.5,
aeqkad_robust,window,full,fidelity,False,True,16,0.05,25,0,True,iid,0.1,0,s031,7,28.500000000000004,20.869565217391305,0.0,100.0,56,35,34,1,0,6,0.68,12.33984375,56,21,0,0,0,3159,256,16,0,0,1,12.5,
aeqkad_robust,window,full,fidelity,False,True,16,0.05,25,0,True,iid,0.1,0,s031,8,25.5,12.771739130434783,0.0,100.0,56,38,37,1,0,6,0.74,13.72265625,56,18,0,0,0,3513,256,16,0,0,0,12.6875,100.0
aeqkad_robust,window,full,fidelity,False,True,16,0.05,25,0,True,iid,0.1,1,s031,2,28.500000000000004,19.782608695652172,0.0,100.0,56,31,30,1,0,6,0.6,14.16015625,56,25,0,0,0,3625,256,16,0,0,0,14.0,
aeqkad_robust,window,full,fidelity,False,True,16,0.05,25,0,True,iid,0.1,1,s031,3,28.000000000000004,17.445652173913043,0.0,100.0,56,36,34,2,0,6,0.68,14.953125,56,19,0,0,1,3828,256,16,0,0,1,13.625,
aeqkad_robust,window,full,fidelity,False,True,16,0.05,25,0,True,iid,0.1,1,s031,4,35.75,11.847826086956523,0.0,100.0,56,31,29,2,0,6,0.58,13.23046875,56,25,0,0,0,3387,256,16,0,0,2,12.9375,
aeqkad_robust,window,full,fidelity,False,True,16,0.05,25,0,True,iid,0.1,1,s031,5,24.25,8.260869565217389,0.0,100.0,56,32,32,0,0,6,0.64,11.54296875,56,23,0,0,1,2955,256,16,0,0,0,17.375,
aeqkad_robust,window,full,fidelity,False,True,16,0.05,25,0,True,iid,0.1,1,s031,6,30.25,22.1195652173913,0.0,100.0,56,34,33,1,0,6,0.66,11.63671875,56,21,0,0,1,2979,256,16,0,0,1,14.375,
aeqkad_robust,window,full,fidelity,False,True,16,0.05,25,0,True,iid,0.1,1,s031,7,29.75,19.782608695652172,0.0,100.0,56,31,30,1,0,6,0.6,11.671875,56,22,0,0,3,2988,256,16,0,0,0,17.9375,
aeqkad_robust,window,full,fidelity,False,True,16,0.05,25,0,True,iid,0.1,1,s031,8,25.75,14.021739130434785,0.0,100.0,56,39,36,3,0,6,0.72,13.55859375,56,16,0,0,1,3471,256,16,0,0,2,11.875,100.0
aeqkad_robust,window,full,fidelity,False,True,16,0.05,25,0,True,iid,0.1,2,s031,2,30.000000000000004,18.695652173913043,0.0,100.0,56,36,34,2,0,6,0.68,13.8125,56,20,0,0,0,3536,256,16,0,0,1,10.1875,
aeqkad_robust,window,full,fidelity,False,True,16,0.05,25,0,True,iid,0.1,2,s031,3,25.75,16.195652173913043,0.0,100.0,56,43,40,3,0,6,0.8,14.8359375,56,13,0,0,0,3798,256,16,0,0,2,11.4375,
aeqkad_robust,window,full,fidelity,False,True,16,0.05,25,0,True,iid,0.1,2,s031,4,33.5,15.108695652173914,0.0,100.0,56,29,28,1,0,6,0.56,13.40625,56,27,0,0,0,3432,256,16,0,0,1,14.9375,
aeqkad_robust,window,full,fidelity,False,True,16,0.05,25,0,True,iid,0.1,2,s031,5,22.749999999999996,9.347826086956525,0.0,100.0,56,38,37,1,0,6,0.74,12.08984375,56,16,0,0,2,3095,256,16,0,0,0,13.5,
aeqkad_robust,window,full,fidelity,False,True,16,0.05,25,0,True,iid,0.1,2,s031,6,26.25,26.79347826086957,0.0,100.0,56,36,34,2,0,6,0.68,11.76953125,56,19,0,0,1,3013,256,16,0,0,1,15.25,
aeqkad_robust,window,full,fidelity,False,True,16,0.05,25,0,True,iid,0.1,2,s031,7,30.000000000000004,17.445652173913043,0.0,100.0,56,34,33,1,0,6,0.66,11.97265625,56,21,0,0,1,3065,256,16,0,0,0,13.0625,
aeqkad_robust,window,full,fidelity,False,True,16,0.05,25,0,True,iid,0.1,2,s031,8,24.75,5.923913043478259,0.0,100.0,56,38,37,1,0,6,0.74,13.71484375,56,17,0,0,1,3511,256,16,0,0,0,11.5625,100.0
static_robust,static,none,fidelity,False,True,16,0.05,25,0,True,iid,0.1,0,s032,2,29.75,7.01086956521739,0.0,100.0,56,0,0,0,0,6,0.0,37.0,0,0,0,0,0,9472,256,50,0,50,0,81.5,
static_robust,static,none,fidelity,False,True,16,0.05,25,0,True,iid,0.1,0,s032,3,28.750000000000004,12.010869565217389,0.0,100.0,56,0,0,0,0,6,0.0,37.0,0,0,0,0,0,9472,256,50,0,50,0,137.5,
static_robust,static,none,fidelity,False,True,16,0.05,25,0,True,iid,0.1,0,s032,4,32.00000000000001,17.608695652173914,0.0,100.0,56,0,0,0,0,6,0.0,37.0,0,0,0,0,0,9472,256,50,0,50,0,193.5,
static_robust,static,none,fidelity,False,True,16,0.05,25,0,True,iid,0.1,0,s032,5,30.000000000000004,29.130434782608695,0.0,100.0,56,0,0,0,0,6,0.0,37.0,0,0,0,0,0,9472,256,50,0,50,0,249.5,
static_robust,static,none,fidelity,False,True,16,0.05,25,0,True,iid,0.1,0,s032,6,43.49999999999999,40.65217391304348,0.0,100.0,56,0,0,0,0,6,0.0,37.0,0,0,0,0,0,9472,256,50,0,50,0,305.5,
static_robust,static,none,fidelity,False,True,16,0.05,25,0,True,iid,0.1,0,s032,7,61.25000000000001,75.3804347826087,0.0,100.0,56,0,0,0,0,6,0.0,37.0,0,0,0,0,0,9472,256,50,0,50,0,361.5,
static_robust,static,none,fidelity,False,True,16,0.05,25,0,True,iid,0.1,0,s032,8,46.25,55.597826086956516,0.0,100.0,56,0,0,0,0,6,0.0,37.0,0,0,0,0,0,9472,256,50,0,50,0,417.5,100.0
static_robust,static,none,fidelity,False,True,16,0.05,25,0,True,iid,0.1,1,s032,2,30.25,14.945652173913043,0.0,100.0,56,0,0,0,0,6,0.0,37.0,0,0,0,0,0,9472,256,50,0,50,0,81.5,
static_robust,static,none,fidelity,False,True,16,0.05,25,0,True,iid,0.1,1,s032,3,29.75,15.271739130434783,0.0,100.0,56,0,0,0,0,6,0.0,37.0,0,0,0,0,0,9472,256,50,0,50,0,137.5,
static_robust,static,none,fidelity,False,True,16,0.05,25,0,True,iid,0.1,1,s032,4,31.000000000000007,17.445652173913043,0.0,100.0,56,0,0,0,0,6,0.0,37.0,0,0,0,0,0,9472,256,50,0,50,0,193.5,
static_robust,static,none,fidelity,False,True,16,0.05,25,0,True,iid,0.1,1,s032,5,30.25,26.6304347826087,0.0,100.0,56,0,0,0,0,6,0.0,37.0,0,0,0,0,0,9472,256,50,0,50,0,249.5,
static_robust,static,none,fidelity,False,True,16,0.05,25,0,True,iid,0.1,1,s032,6,45.25,39.565217391304344,0.0,100.0,56,0,0,0,0,6,0.0,37.0,0,0,0,0,0,9472,256,50,0,50,0,305.5,
static_robust,static,none,fidelity,False,True,16,0.05,25,0,True,iid,0.1,1,s032,7,59.74999999999999,64.02173913043478,0.0,100.0,56,0,0,0,0,6,0.0,37.0,0,0,0,0,0,9472,256,50,0,50,0,361.5,
static_robust,static,none,fidelity,False,True,16,0.05,25,0,True,iid,0.1,1,s032,8,48.5,54.673913043478265,0.0,100.0,56,0,0,0,0,6,0.0,37.0,0,0,0,0,0,9472,256,50,0,50,0,417.5,100.0
static_robust,static,none,fidelity,False,True,16,0.05,25,0,True,iid,0.1,2,s032,2,29.75,11.684782608695654,6.0,89.0,56,0,0,0,0,6,0.0,38.0,0,0,0,0,0,9728,256,50,0,50,0,81.5,
static_robust,static,none,fidelity,False,True,16,0.05,25,0,True,iid,0.1,2,s032,3,25.5,9.347826086956525,0.0,89.5,56,0,0,0,0,6,0.0,38.0,0,0,0,0,0,9728,256,50,0,50,0,137.5,
static_robust,static,none,fidelity,False,True,16,0.05,25,0,True,iid,0.1,2,s032,4,27.0,10.597826086956525,2.0,92.0,56,0,0,0,0,6,0.0,38.0,0,0,0,0,0,9728,256,50,0,50,0,193.5,
static_robust,static,none,fidelity,False,True,16,0.05,25,0,True,iid,0.1,2,s032,5,31.999999999999996,22.445652173913043,2.0,94.0,56,0,0,0,0,6,0.0,38.0,0,0,0,0,0,9728,256,50,0,50,0,249.5,
static_robust,static,none,fidelity,False,True,16,0.05,25,0,True,iid,0.1,2,s032,6,46.25,42.98913043478261,4.0,89.5,56,0,0,0,0,6,0.0,38.0,0,0,0,0,0,9728,256,50,0,50,0,305.5,
static_robust,static,none,fidelity,False,True,16,0.05,25,0,True,iid,0.1,2,s032,7,61.74999999999999,69.78260869565217,22.0,93.5,56,0,0,0,0,6,0.0,38.0,0,0,0,0,0,9728,256,50,0,50,0,361.5,
static_robust,static,none,fidelity,False,True,16,0.05,25,0,True,iid,0.1,2,s032,8,43.99999999999999,53.2608695652174,6.0,94.5,56,0,0,0,0,6,0.0,38.0,0,0,0,0,0,9728,256,50,0,50,0,417.5,96.0
window_robust,window,none,fidelity,False,True,16,0.05,25,0,True,iid,0.1,0,s032,2,26.0,9.184782608695654,0.0,100.0,56,56,50,6,0,6,1.0,14.44921875,0,0,0,0,0,3699,256,16,0,0,1,7.5,
window_robust,window,none,fidelity,False,True,16,0.05,25,0,True,iid,0.1,0,s032,3,30.000000000000004,20.869565217391305,0.0,100.0,56,56,50,6,0,6,1.0,14.23828125,0,0,0,0,0,3645,256,16,0,0,2,7.5,
window_robust,window,none,fidelity,False,True,16,0.05,25,0,True,iid,0.1,0,s032,4,21.499999999999996,9.347826086956525,0.0,100.0,56,56,50,6,0,6,1.0,13.3828125,0,0,0,0,0,3426,256,16,0,0,2,7.5,
window_robust,window,none,fidelity,False,True,16,0.05,25,0,True,iid,0.1,0,s032,5,28.000000000000004,18.532608695652172,0.0,100.0,56,56,50,6,0,6,1.0,14.52734375,0,0,0,0,0,3719,256,16,0,0,2,7.5,
window_robust,window,none,fidelity,False,True,16,0.05,25,0,True,iid,0.1,0,s032,6,38.25,24.456521739130434,0.0,100.0,56,56,50,6,0,6,1.0,15.26171875,0,0,0,0,0,3907,256,16,0,0,2,7.5,
window_robust,window,none,fidelity,False,True,16,0.05,25,0,True,iid,0.1,0,s032,7,31.25,13.858695652173914,0.0,100.0,56,56,50,6,0,6,1.0,14.69921875,0,0,0,0,0,3763,256,16,0,0,0,7.5,
window_robust,window,none,fidelity,False,True,16,0.05,25,0,True,iid,0.1,0,s032,8,24.0,12.771739130434783,0.0,100.0,56,56,50,6,0,6,1.0,14.0859375,0,0,0,0,0,3606,256,16,0,0,2,7.5,100.0
window_robust,window,none,fidelity,False,True,16,0.05,25,0,True,iid,0.1,1,s032,2,31.500000000000007,15.108695652173914,0.0,100.0,56,56,50,6,0,6,1.0,14.2734375,0,0,0,0,0,3654,256,16,0,0,1,7.5,
window_robust,window,none,fidelity,False,True,16,0.05,25,0,True,iid,0.1,1,s032,3,31.75,27.8804347826087,0.0,100.0,56,56,50,6,0,6,1.0,14.29296875,0,0,0,0,0,3659,256,16,0,0,2,7.5,
window_robust,window,none,fidelity,False,True,16,0.05,25,0,True,iid,0.1,1,s032,4,19.0,8.260869565217389,0.0,100.0,56,56,50,6,0,6,1.0,13.1328125,0,0,0,0,0,3362,256,16,0,0,2,7.5,
window_robust,window,none,fidelity,False,True,16,0.05,25,0,True,iid,0.1,1,s032,5,26.0,16.195652173913043,0.0,100.0,56,56,50,6,0,6,1.0,14.703125,0,0,0,0,0,3764,256,16,0,0,1,7.5,
window_robust,window,none,fidelity,False,True,16,0.05,25,0,True,iid,0.1,1,s032,6,32.25,25.543478260869566,0.0,100.0,56,56,50,6,0,6,1.0,15.27734375,0,0,0,0,0,3911,256,16,0,0,2,7.5,
window_robust,window,none,fidelity,False,True,16,0.05,25,0,True,iid,0.1,1,s032,7,28.000000000000004,10.434782608695654,0.0,100.0,56,56,50,6,0,6,1.0,14.69140625,0,0,0,0,0,3761,256,16,0,0,1,7.5,
window_robust,window,none,fidelity,False,True,16,0.05,25,0,True,iid,0.1,1,s032,8,23.25,17.445652173913043,0.0,100.0,56,56,50,6,0,6,1.0,13.79296875,0,0,0,0,0,3531,256,16,0,0,2,7.5,100.0
window_robust,window,none,fidelity,False,True,16,0.05,25,0,True,iid,0.1,2,s032,2,27.0,17.445652173913043,0.0,100.0,56,56,50,6,0,6,1.0,14.1875,0,0,0,0,0,3632,256,16,0,0,3,7.5,
window_robust,window,none,fidelity,False,True,16,0.05,25,0,True,iid,0.1,2,s032,3,26.25,15.108695652173914,0.0,100.0,56,56,50,6,0,6,1.0,14.359375,0,0,0,0,0,3676,256,16,0,0,2,7.5,
window_robust,window,none,fidelity,False,True,16,0.05,25,0,True,iid,0.1,2,s032,4,19.749999999999996,11.521739130434785,0.0,100.0,56,56,50,6,0,6,1.0,13.26953125,0,0,0,0,0,3397,256,16,0,0,2,7.5,
window_robust,window,none,fidelity,False,True,16,0.05,25,0,True,iid,0.1,2,s032,5,28.500000000000004,15.108695652173914,0.0,100.0,56,56,50,6,0,6,1.0,14.61328125,0,0,0,0,0,3741,256,16,0,0,2,7.5,
window_robust,window,none,fidelity,False,True,16,0.05,25,0,True,iid,0.1,2,s032,6,37.75,31.304347826086953,0.0,100.0,56,56,50,6,0,6,1.0,15.30859375,0,0,0,0,0,3919,256,16,0,0,2,7.5,
window_robust,window,none,fidelity,False,True,16,0.05,25,0,True,iid,0.1,2,s032,7,31.25,12.771739130434783,0.0,100.0,56,56,50,6,0,6,1.0,14.73828125,0,0,0,0,0,3773,256,16,0,0,4,7.5,
window_robust,window,none,fidelity,False,True,16,0.05,25,0,True,iid,0.1,2,s032,8,24.25,17.445652173913043,0.0,100.0,56,56,50,6,0,6,1.0,14.19921875,0,0,0,0,0,3635,256,16,0,0,1,7.5,100.0
aeqkad_robust,window,full,fidelity,False,True,16,0.05,25,0,True,iid,0.1,0,s032,2,29.500000000000004,9.347826086956525,0.0,100.0,56,36,35,1,0,6,0.7,13.13671875,56,20,0,0,0,3363,256,16,0,0,0,10.6875,
aeqkad_robust,window,full,fidelity,False,True,16,0.05,25,0,True,iid,0.1,0,s032,3,27.250000000000004,22.1195652173913,0.0,100.0,56,39,37,2,0,6,0.74,12.75390625,56,17,0,0,0,3265,256,16,0,0,1,15.75,
aeqkad_robust,window,full,fidelity,False,True,16,0.05,25,0,True,iid,0.1,0,s032,4,30.75,10.434782608695654,0.0,100.0,56,35,34,1,0,6,0.68,10.1640625,56,21,0,0,0,2602,256,16,0,0,1,14.0,
aeqkad_robust,window,full,fidelity,False,True,16,0.05,25,0,True,iid,0.1,0,s032,5,28.000000000000004,22.1195652173913,0.0,100.0,56,37,35,2,0,6,0.7,11.046875,56,19,0,0,0,2828,256,16,0,0,1,8.75,
aeqkad_robust,window,full,fidelity,False,True,16,0.05,25,0,True,iid,0.1,0,s032,6,37.25,23.04347826086957,0.0,100.0,56,26,23,3,0,6,0.46,13.26953125,56,30,0,0,0,3397,256,16,0,0,2,13.75,
aeqkad_robust,window,full,fidelity,False,True,16,0.05,25,0,True,iid,0.1,0,s032,7,30.000000000000004,8.42391304347826,0.0,100.0,56,36,35,1,0,6,0.7,13.37890625,56,20,0,0,0,3425,256,16,0,0,0,16.3125,
aeqkad_robust,window,full,fidelity,False,True,16,0.05,25,0,True,iid,0.1,0,s032,8,25.75,19.782608695652172,0.0,100.0,56,34,33,1,0,6,0.66,11.68359375,56,22,0,0,0,2991,256,16,0,0,1,15.0,100.0
aeqkad_robust,window,full,fidelity,False,True,16,0.05,25,0,True,iid,0.1,1,s032,2,27.250000000000004,17.445652173913043,0.0,100.0,56,40,38,2,0,6,0.76,13.30859375,56,16,0,0,0,3407,256,16,0,0,1,9.6875,
aeqkad_robust,window,full,fidelity,False,True,16,0.05,25,0,True,iid,0.1,1,s032,3,32.49999999999999,29.130434782608695,0.0,100.0,56,41,38,3,0,6,0.76,13.28125,56,15,0,0,0,3400,256,16,0,0,2,12.375,
aeqkad_robust,window,full,fidelity,False,True,16,0.05,25,0,True,iid,0.1,1,s032,4,27.250000000000004,7.01086956521739,0.0,100.0,56,37,36,1,0,6,0.72,10.60546875,56,19,0,0,0,2715,256,16,0,0,1,13.625,
aeqkad_robust,window,full,fidelity,False,True,16,0.05,25,0,True,iid,0.1,1,s032,5,24.0,15.108695652173914,0.0,100.0,56,41,39,2,0,6,0.78,12.31640625,56,15,0,0,0,3153,256,16,0,0,0,9.0,
aeqkad_robust,window,full,fidelity,False,True,16,0.05,25,0,True,iid,0.1,1,s032,6,34.0,20.869565217391305,0.0,100.0,56,34,30,4,0,6,0.6,13.890625,56,22,0,0,0,3556,256,16,0,0,2,12.6875,
aeqkad_robust,window,full,fidelity,False,True,16,0.05,25,0,True,iid,0.1,1,s032,7,29.75,16.195652173913043,0.0,100.0,56,42,38,4,0,6,0.76,13.51953125,56,14,0,0,0,3461,256,16,0,0,3,12.6875,
aeqkad_robust,window,full,fidelity,False,True,16,0.05,25,0,True,iid,0.1,1,s032,8,28.249999999999996,21.956521739130434,0.0,100.0,56,38,37,1,0,6,0.74,12.37109375,56,18,0,0,0,3167,256,16,0,0,0,15.625,100.0
aeqkad_robust,window,full,fidelity,False,True,16,0.05,25,0,True,iid,0.1,2,s032,2,30.25,15.108695652173914,0.0,100.0,56,36,33,3,0,6,0.66,12.65625,56,20,0,0,0,3240,256,16,0,0,2,11.8125,
aeqkad_robust,window,full,fidelity,False,True,16,0.05,25,0,True,iid,0.1,2,s032,3,28.500000000000004,17.445652173913043,0.0,100.0,56,36,35,1,0,6,0.7,12.90234375,56,20,0,0,0,3303,256,16,0,0,0,15.75,
aeqkad_robust,window,full,fidelity,False,True,16,0.05,25,0,True,iid,0.1,2,s032,4,31.000000000000007,9.347826086956525,0.0,100.0,56,35,34,1,0,6,0.68,10.60546875,56,21,0,0,0,2715,256,16,0,0,0,15.6875,
aeqkad_robust,window,full,fidelity,False,True,16,0.05,25,0,True,iid,0.1,2,s032,5,31.000000000000007,14.021739130434785,0.0,100.0,56,34,32,2,0,6,0.64,10.671875,56,22,0,0,0,2732,256,16,0,0,1,10.0625,
aeqkad_robust,window,full,fidelity,False,True,16,0.05,25,0,True,iid,0.1,2,s032,6,34.75,25.380434782608695,0.0,100.0,56,24,22,2,0,6,0.44,12.9453125,56,32,0,0,0,3314,256,16,0,0,2,15.5,
aeqkad_robust,window,full,fidelity,False,True,16,0.05,25,0,True,iid,0.1,2,s032,7,30.500000000000004,20.869565217391305,0.0,100.0,56,33,33,0,0,6,0.66,13.453125,56,23,0,0,0,3444,256,16,0,0,0,19.875,
aeqkad_robust,window,full,fidelity,False,True,16,0.05,25,0,True,iid,0.1,2,s032,8,30.500000000000004,24.293478260869566,0.0,100.0,56,34,33,1,0,6,0.66,11.8671875,56,22,0,0,0,3038,256,16,0,0,1,15.1875,100.0
static_robust,static,none,fidelity,False,True,16,0.05,25,0,True,iid,0.1,0,s033,2,16.500000000000004,3.58695652173913,0.0,100.0,56,0,0,0,0,6,0.0,41.0,0,0,0,0,0,10496,256,50,0,50,0,81.5,
static_robust,static,none,fidelity,False,True,16,0.05,25,0,True,iid,0.1,0,s033,3,18.000000000000004,2.5,0.0,100.0,56,0,0,0,0,6,0.0,41.0,0,0,0,0,0,10496,256,50,0,50,0,137.5,
static_robust,static,none,fidelity,False,True,16,0.05,25,0,True,iid,0.1,0,s033,4,11.5,2.33695652173913,0.0,100.0,56,0,0,0,0,6,0.0,41.0,0,0,0,0,0,10496,256,50,0,50,0,193.5,
static_robust,static,none,fidelity,False,True,16,0.05,25,0,True,iid,0.1,0,s033,5,10.249999999999998,1.25,0.0,100.0,56,0,0,0,0,6,0.0,41.0,0,0,0,0,0,10496,256,50,0,50,0,249.5,
static_robust,static,none,fidelity,False,True,16,0.05,25,0,True,iid,0.1,0,s033,6,12.0,2.33695652173913,0.0,100.0,56,0,0,0,0,6,0.0,41.0,0,0,0,0,0,10496,256,50,0,50,0,305.5,
static_robust,static,none,fidelity,False,True,16,0.05,25,0,True,iid,0.1,0,s033,7,7.749999999999998,1.25,0.0,100.0,56,0,0,0,0,6,0.0,41.0,0,0,0,0,0,10496,256,50,0,50,0,361.5,
static_robust,static,none,fidelity,False,True,16,0.05,25,0,True,iid,0.1,0,s033,8,10.749999999999998,1.25,0.0,100.0,56,0,0,0,0,6,0.0,41.0,0,0,0,0,0,10496,256,50,0,50,0,417.5,100.0
static_robust,static,none,fidelity,False,True,16,0.05,25,0,True,iid,0.1,1,s033,2,20.0,7.01086956521739,0.0,100.0,56,0,0,0,0,6,0.0,41.0,0,0,0,0,0,10496,256,50,0,50,0,81.5,
static_robust,static,none,fidelity,False,True,16,0.05,25,0,True,iid,0.1,1,s033,3,18.000000000000004,4.67391304347826,0.0,100.0,56,0,0,0,0,6,0.0,41.0,0,0,0,0,0,10496,256,50,0,50,0,137.5,
static_robust,static,none,fidelity,False,True,16,0.05,25,0,True,iid,0.1,1,s033,4,15.500000000000004,3.58695652173913,0.0,100.0,56,0,0,0,0,6,0.0,41.0,0,0,0,0,0,10496,256,50,0,50,0,193.5,
static_robust,static,none,fidelity,False,True,16,0.05,25,0,True,iid,0.1,1,s033,5,10.249999999999998,4.67391304347826,0.0,100.0,56,0,0,0,0,6,0.0,41.0,0,0,0,0,0,10496,256,50,0,50,0,249.5,
static_robust,static,none,fidelity,False,True,16,0.05,25,0,True,iid,0.1,1,s033,6,10.249999999999998,2.33695652173913,0.0,100.0,56,0,0,0,0,6,0.0,41.0,0,0,0,0,0,10496,256,50,0,50,0,305.5,
static_robust,static,none,fidelity,False,True,16,0.05,25,0,True,iid,0.1,1,s033,7,7.499999999999998,1.0869565217391297,0.0,100.0,56,0,0,0,0,6,0.0,41.0,0,0,0,0,0,10496,256,50,0,50,0,361.5,
static_robust,static,none,fidelity,False,True,16,0.05,25,0,True,iid,0.1,1,s033,8,12.0,2.5,0.0,100.0,56,0,0,0,0,6,0.0,41.0,0,0,0,0,0,10496,256,50,0,50,0,417.5,100.0
static_robust,static,none,fidelity,False,True,16,0.05,25,0,True,iid,0.1,2,s033,2,18.250000000000004,5.760869565217389,0.0,100.0,56,0,0,0,0,6,0.0,41.0,0,0,0,0,0,10496,256,50,0,50,0,81.5,
static_robust,static,none,fidelity,False,True,16,0.05,25,0,True,iid,0.1,2,s033,3,20.249999999999996,3.75,0.0,100.0,56,0,0,0,0,6,0.0,41.0,0,0,0,0,0,10496,256,50,0,50,0,137.5,
static_robust,static,none,fidelity,False,True,16,0.05,25,0,True,iid,0.1,2,s033,4,13.25,3.58695652173913,0.0,100.0,56,0,0,0,0,6,0.0,41.0,0,0,0,0,0,10496,256,50,0,50,0,193.5,
static_robust,static,none,fidelity,False,True,16,0.05,25,0,True,iid,0.1,2,s033,5,10.0,1.25,0.0,100.0,56,0,0,0,0,6,0.0,41.0,0,0,0,0,0,10496,256,50,0,50,0,249.5,
static_robust,static,none,fidelity,False,True,16,0.05,25,0,True,iid,0.1,2,s033,6,11.75,1.25,0.0,100.0,56,0,0,0,0,6,0.0,41.0,0,0,0,0,0,10496,256,50,0,50,0,305.5,
static_robust,static,none,fidelity,False,True,16,0.05,25,0,True,iid,0.1,2,s033,7,7.499999999999998,0.0,0.0,100.0,56,0,0,0,0,6,0.0,41.0,0,0,0,0,0,10496,256,50,0,50,0,361.5,
static_robust,static,none,fidelity,False,True,16,0.05,25,0,True,iid,0.1,2,s033,8,12.0,0.0,0.0,100.0,56,0,0,0,0,6,0.0,41.0,0,0,0,0,0,10496,256,50,0,50,0,417.5,100.0
window_robust,window,none,fidelity,False,True,16,0.05,25,0,True,iid,0.1,0,s033,2,32.75,23.20652173913043,0.0,100.0,56,56,50,6,0,6,1.0,14.83984375,0,0,0,0,0,3799,256,16,0,0,3,7.5,
window_robust,window,none,fidelity,False,True,16,0.05,25,0,True,iid,0.1,0,s033,3,28.749999999999996,15.108695652173914,0.0,100.0,56,56,50,6,0,6,1.0,13.07421875,0,0,0,0,0,3347,256,16,0,0,0,7.5,
window_robust,window,none,fidelity,False,True,16,0.05,25,0,True,iid,0.1,0,s033,4,24.0,12.771739130434783,0.0,100.0,56,56,50,6,0,6,1.0,13.10546875,0,0,0,0,0,3355,256,16,0,0,2,7.5,
window_robust,window,none,fidelity,False,True,16,0.05,25,0,True,iid,0.1,0,s033,5,33.5,24.456521739130434,0.0,100.0,56,56,50,6,0,6,1.0,14.00390625,0,0,0,0,0,3585,256,16,0,0,2,7.5,
window_robust,window,none,fidelity,False,True,16,0.05,25,0,True,iid,0.1,0,s033,6,38.75,27.8804347826087,0.0,100.0,56,56,50,6,0,6,1.0,13.16015625,0,0,0,0,0,3369,256,16,0,0,1,7.5,
window_robust,window,none,fidelity,False,True,16,0.05,25,0,True,iid,0.1,0,s033,7,30.25,20.869565217391305,0.0,100.0,56,56,50,6,0,6,1.0,13.54296875,0,0,0,0,0,3467,256,16,0,0,2,7.5,
window_robust,window,none,fidelity,False,True,16,0.05,25,0,True,iid,0.1,0,s033,8,26.5,10.434782608695654,0.0,100.0,56,56,50,6,0,6,1.0,13.0625,0,0,0,0,0,3344,256,16,0,0,2,7.5,100.0
window_robust,window,none,fidelity,False,True,16,0.05,25,0,True,iid,0.1,1,s033,2,31.75,22.608695652173914,0.0,100.0,56,56,50,6,0,6,1.0,14.9453125,0,0,0,0,0,3826,256,16,0,0,1,7.5,
window_robust,window,none,fidelity,False,True,16,0.05,25,0,True,iid,0.1,1,s033,3,27.750000000000004,15.108695652173914,0.0,100.0,56,56,50,6,0,6,1.0,13.31640625,0,0,0,0,0,3409,256,16,0,0,1,7.5,
window_robust,window,none,fidelity,False,True,16,0.05,25,0,True,iid,0.1,1,s033,4,24.75,19.6195652173913,0.0,100.0,56,56,50,6,0,6,1.0,13.46875,0,0,0,0,0,3448,256,16,0,0,0,7.5,
window_robust,window,none,fidelity,False,True,16,0.05,25,0,True,iid,0.1,1,s033,5,30.25,18.532608695652172,0.0,100.0,56,56,50,6,0,6,1.0,14.46875,0,0,0,0,0,3704,256,16,0,0,1,7.5,
window_robust,window,none,fidelity,False,True,16,0.05,25,0,True,iid,0.1,1,s033,6,31.999999999999996,19.782608695652172,0.0,100.0,56,56,50,6,0,6,1.0,13.14453125,0,0,0,0,0,3365,256,16,0,0,3,7.5,
window_robust,window,none,fidelity,False,True,16,0.05,25,0,True,iid,0.1,1,s033,7,13.750000000000002,5.760869565217389,0.0,100.0,56,56,50,6,0,6,1.0,13.421875,0,0,0,0,0,3436,256,16,0,0,3,7.5,
window_robust,window,none,fidelity,False,True,16,0.05,25,0,True,iid,0.1,1,s033,8,30.500000000000004,18.532608695652172,0.0,100.0,56,56,50,6,0,6,1.0,13.31640625,0,0,0,0,0,3409,256,16,0,0,2,7.5,100.0
window_robust,window,none,fidelity,False,True,16,0.05,25,0,True,iid,0.1,2,s033,2,34.25,29.130434782608695,0.0,100.0,56,56,50,6,0,6,1.0,14.89453125,0,0,0,0,0,3813,256,16,0,0,2,7.5,
window_robust,window,none,fidelity,False,True,16,0.05,25,0,True,iid,0.1,2,s033,3,38.75,24.456521739130434,0.0,100.0,56,56,50,6,0,6,1.0,12.75,0,0,0,0,0,3264,256,16,0,0,3,7.5,
window_robust,window,none,fidelity,False,True,16,0.05,25,0,True,iid,0.1,2,s033,4,34.25,25.543478260869566,0.0,100.0,56,56,50,6,0,6,1.0,13.49609375,0,0,0,0,0,3455,256,16,0,0,1,7.5,
window_robust,window,none,fidelity,False,True,16,0.05,25,0,True,iid,0.1,2,s033,5,33.75,17.445652173913043,0.0,100.0,56,56,50,6,0,6,1.0,14.265625,0,0,0,0,0,3652,256,16,0,0,0,7.5,
window_robust,window,none,fidelity,False,True,16,0.05,25,0,True,iid,0.1,2,s033,6,30.75,23.20652173913043,0.0,100.0,56,56,50,6,0,6,1.0,12.91015625,0,0,0,0,0,3305,256,16,0,0,2,7.5,
window_robust,window,none,fidelity,False,True,16,0.05,25,0,True,iid,0.1,2,s033,7,21.749999999999996,11.684782608695654,0.0,100.0,56,56,50,6,0,6,1.0,13.51171875,0,0,0,0,0,3459,256,16,0,0,2,7.5,
window_robust,window,none,fidelity,False,True,16,0.05,25,0,True,iid,0.1,2,s033,8,32.99999999999999,21.956521739130434,0.0,100.0,56,56,50,6,0,6,1.0,13.2421875,0,0,0,0,0,3390,256,16,0,0,1,7.5,100.0
aeqkad_robust,window,full,fidelity,False,True,16,0.05,25,0,True,iid,0.1,0,s033,2,23.25,9.184782608695654,0.0,100.0,56,40,39,1,0,6,0.78,13.8359375,56,16,0,0,0,3542,256,16,0,0,1,11.5625,
aeqkad_robust,window,full,fidelity,False,True,16,0.05,25,0,True,iid,0.1,0,s033,3,27.500000000000004,10.597826086956525,0.0,100.0,56,45,42,3,0,6,0.84,11.9765625,56,9,0,0,2,3066,256,16,0,0,0,8.3125,
aeqkad_robust,window,full,fidelity,False,True,16,0.05,25,0,True,iid,0.1,0,s033,4,25.5,4.67391304347826,0.0,100.0,56,36,36,0,0,6,0.72,10.6484375,56,18,0,0,2,2726,256,16,0,0,0,13.0625,
aeqkad_robust,window,full,fidelity,False,True,16,0.05,25,0,True,iid,0.1,0,s033,5,9.749999999999998,4.67391304347826,0.0,100.0,56,45,44,1,0,6,0.88,12.98046875,56,10,0,0,1,3323,256,16,0,0,1,8.375,
aeqkad_robust,window,full,fidelity,False,True,16,0.05,25,0,True,iid,0.1,0,s033,6,31.75,26.79347826086957,0.0,100.0,56,39,36,3,0,6,0.72,11.83984375,56,15,0,0,2,3031,256,16,0,0,0,14.8125,
aeqkad_robust,window,full,fidelity,False,True,16,0.05,25,0,True,iid,0.1,0,s033,7,10.249999999999998,5.760869565217389,0.0,100.0,56,47,46,1,0,6,0.92,11.2578125,56,7,0,0,2,2882,256,16,0,0,0,9.5625,
aeqkad_robust,window,full,fidelity,False,True,16,0.05,25,0,True,iid,0.1,0,s033,8,11.249999999999998,2.33695652173913,0.0,100.0,56,39,39,0,0,6,0.78,11.34765625,56,14,0,0,3,2905,256,16,0,0,0,11.0,100.0
aeqkad_robust,window,full,fidelity,False,True,16,0.05,25,0,True,iid,0.1,1,s033,2,21.749999999999996,8.097826086956525,0.0,100.0,56,43,41,2,0,6,0.82,13.83203125,56,13,0,0,0,3541,256,16,0,0,1,9.25,
aeqkad_robust,window,full,fidelity,False,True,16,0.05,25,0,True,iid,0.1,1,s033,3,26.0,9.347826086956525,0.0,100.0,56,46,43,3,0,6,0.86,11.95703125,56,7,0,0,3,3061,256,16,0,0,1,7.75,
aeqkad_robust,window,full,fidelity,False,True,16,0.05,25,0,True,iid,0.1,1,s033,4,28.000000000000004,15.108695652173914,0.0,100.0,56,39,37,2,0,6,0.74,11.6015625,56,16,0,0,1,2970,256,16,0,0,0,11.125,
aeqkad_robust,window,full,fidelity,False,True,16,0.05,25,0,True,iid,0.1,1,s033,5,9.0,0.0,0.0,100.0,56,45,44,1,0,6,0.88,12.8046875,56,10,0,0,1,3278,256,16,0,0,0,7.8125,
aeqkad_robust,window,full,fidelity,False,True,16,0.05,25,0,True,iid,0.1,1,s033,6,26.0,15.108695652173914,0.0,100.0,56,41,41,0,0,6,0.82,11.984375,56,14,0,0,1,3068,256,16,0,0,0,15.9375,
aeqkad_robust,window,full,fidelity,False,True,16,0.05,25,0,True,iid,0.1,1,s033,7,10.0,1.0869565217391297,0.0,100.0,56,47,47,0,0,6,0.94,11.42578125,56,7,0,0,2,2925,256,16,0,0,0,10.5,
aeqkad_robust,window,full,fidelity,False,True,16,0.05,25,0,True,iid,0.1,1,s033,8,13.25,6.847826086956524,0.0,100.0,56,40,40,0,0,6,0.8,11.19921875,56,12,0,0,4,2867,256,16,0,0,0,11.0,100.0
aeqkad_robust,window,full,fidelity,False,True,16,0.05,25,0,True,iid,0.1,2,s033,2,30.75,15.108695652173914,0.0,100.0,56,40,37,3,0,6,0.74,14.03515625,56,16,0,0,0,3593,256,16,0,0,1,12.3125,
aeqkad_robust,window,full,fidelity,False,True,16,0.05,25,0,True,iid,0.1,2,s033,3,29.75,18.695652173913043,0.0,100.0,56,42,41,1,0,6,0.82,11.05078125,56,11,0,0,3,2829,256,16,0,0,0,10.8125,
aeqkad_robust,window,full,fidelity,False,True,16,0.05,25,0,True,iid,0.1,2,s033,4,28.500000000000004,19.782608695652172,0.0,100.0,56,40,37,3,0,6,0.74,11.49609375,56,16,0,0,0,2943,256,16,0,0,0,11.8125,
aeqkad_robust,window,full,fidelity,False,True,16,0.05,25,0,True,iid,0.1,2,s033,5,10.749999999999998,2.5,0.0,100.0,56,45,44,1,0,6,0.88,12.89453125,56,10,0,0,1,3301,256,16,0,0,0,7.5,
aeqkad_robust,window,full,fidelity,False,True,16,0.05,25,0,True,iid,0.1,2,s033,6,32.25,18.532608695652172,0.0,100.0,56,41,38,3,0,6,0.76,11.734375,56,13,0,0,2,3004,256,16,0,0,1,14.125,
aeqkad_robust,window,full,fidelity,False,True,16,0.05,25,0,True,iid,0.1,2,s033,7,19.749999999999996,3.58695652173913,0.0,100.0,56,50,47,3,0,6,0.94,12.2421875,56,4,0,0,2,3134,256,16,0,0,1,9.0625,
aeqkad_robust,window,full,fidelity,False,True,16,0.05,25,0,True,iid,0.1,2,s033,8,13.25,1.25,0.0,100.0,56,41,41,0,0,6,0.82,11.06640625,56,13,0,0,2,2833,256,16,0,0,0,11.25,100.0
static_robust,static,none,fidelity,False,True,16,0.05,25,0,True,iid,0.1,0,s034,2,26.0,12.771739130434783,2.0,72.0,56,0,0,0,0,6,0.0,32.0,0,0,0,0,0,8192,256,50,0,50,0,81.5,
static_robust,static,none,fidelity,False,True,16,0.05,25,0,True,iid,0.1,0,s034,3,23.25,13.858695652173914,2.0,75.0,56,0,0,0,0,6,0.0,32.0,0,0,0,0,0,8192,256,50,0,50,0,137.5,
static_robust,static,none,fidelity,False,True,16,0.05,25,0,True,iid,0.1,0,s034,4,35.75,39.72826086956521,6.0,76.0,56,0,0,0,0,6,0.0,32.0,0,0,0,0,0,8192,256,50,0,50,0,193.5,
static_robust,static,none,fidelity,False,True,16,0.05,25,0,True,iid,0.1,0,s034,5,33.75,31.304347826086953,10.0,79.5,56,0,0,0,0,6,0.0,32.0,0,0,0,0,0,8192,256,50,0,50,0,249.5,
static_robust,static,none,fidelity,False,True,16,0.05,25,0,True,iid,0.1,0,s034,6,29.500000000000004,30.217391304347828,2.0,79.5,56,0,0,0,0,6,0.0,32.0,0,0,0,0,0,8192,256,50,0,50,0,305.5,
static_robust,static,none,fidelity,False,True,16,0.05,25,0,True,iid,0.1,0,s034,7,38.25,32.391304347826086,2.0,79.5,56,0,0,0,0,6,0.0,32.0,0,0,0,0,0,8192,256,50,0,50,0,361.5,
static_robust,static,none,fidelity,False,True,16,0.05,25,0,True,iid,0.1,0,s034,8,32.49999999999999,36.90217391304348,6.0,76.5,56,0,0,0,0,6,0.0,32.0,0,0,0,0,0,8192,256,50,0,50,0,417.5,100.0
static_robust,static,none,fidelity,False,True,16,0.05,25,0,True,iid,0.1,1,s034,2,27.500000000000004,12.771739130434783,0.0,93.5,56,0,0,0,0,6,0.0,32.0,0,0,0,0,0,8192,256,50,0,50,0,81.5,
static_robust,static,none,fidelity,False,True,16,0.05,25,0,True,iid,0.1,1,s034,3,21.999999999999996,10.434782608695654,2.0,93.0,56,0,0,0,0,6,0.0,32.0,0,0,0,0,0,8192,256,50,0,50,0,137.5,
static_robust,static,none,fidelity,False,True,16,0.05,25,0,True,iid,0.1,1,s034,4,31.75,30.217391304347828,4.0,93.0,56,0,0,0,0,6,0.0,32.0,0,0,0,0,0,8192,256,50,0,50,0,193.5,
static_robust,static,none,fidelity,False,True,16,0.05,25,0,True,iid,0.1,1,s034,5,35.5,32.55434782608696,0.0,93.5,56,0,0,0,0,6,0.0,32.0,0,0,0,0,0,8192,256,50,0,50,0,249.5,
static_robust,static,none,fidelity,False,True,16,0.05,25,0,True,iid,0.1,1,s034,6,30.000000000000004,27.8804347826087,0.0,93.0,56,0,0,0,0,6,0.0,32.0,0,0,0,0,0,8192,256,50,0,50,0,305.5,
static_robust,static,none,fidelity,False,True,16,0.05,25,0,True,iid,0.1,1,s034,7,40.5,35.97826086956522,0.0,93.0,56,0,0,0,0,6,0.0,32.0,0,0,0,0,0,8192,256,50,0,50,0,361.5,
static_robust,static,none,fidelity,False,True,16,0.05,25,0,True,iid,0.1,1,s034,8,37.0,32.71739130434783,0.0,94.5,56,0,0,0,0,6,0.0,32.0,0,0,0,0,0,8192,256,50,0,50,0,417.5,98.0
static_robust,static,none,fidelity,False,True,16,0.05,25,0,True,iid,0.1,2,s034,2,26.25,14.021739130434785,0.0,99.0,56,0,0,0,0,6,0.0,33.0,0,0,0,0,0,8448,256,50,0,50,0,81.5,
static_robust,static,none,fidelity,False,True,16,0.05,25,0,True,iid,0.1,2,s034,3,25.25,14.021739130434785,2.0,98.5,56,0,0,0,0,6,0.0,33.0,0,0,0,0,0,8448,256,50,0,50,0,137.5,
static_robust,static,none,fidelity,False,True,16,0.05,25,0,True,iid,0.1,2,s034,4,29.75,26.79347826086957,2.0,98.5,56,0,0,0,0,6,0.0,33.0,0,0,0,0,0,8448,256,50,0,50,0,193.5,
static_robust,static,none,fidelity,False,True,16,0.05,25,0,True,iid,0.1,2,s034,5,38.25,33.80434782608695,0.0,99.5,56,0,0,0,0,6,0.0,33.0,0,0,0,0,0,8448,256,50,0,50,0,249.5,
static_robust,static,none,fidelity,False,True,16,0.05,25,0,True,iid,0.1,2,s034,6,28.249999999999996,27.8804347826087,0.0,98.0,56,0,0,0,0,6,0.0,33.0,0,0,0,0,0,8448,256,50,0,50,0,305.5,
static_robust,static,none,fidelity,False,True,16,0.05,25,0,True,iid,0.1,2,s034,7,35.75,34.891304347826086,0.0,98.5,56,0,0,0,0,6,0.0,33.0,0,0,0,0,0,8448,256,50,0,50,0,361.5,
static_robust,static,none,fidelity,False,True,16,0.05,25,0,True,iid,0.1,2,s034,8,36.0,34.72826086956522,0.0,99.5,56,0,0,0,0,6,0.0,33.0,0,0,0,0,0,8448,256,50,0,50,0,417.5,100.0
window_robust,window,none,fidelity,False,True,16,0.05,25,0,True,iid,0.1,0,s034,2,21.499999999999996,6.847826086956524,0.0,100.0,56,56,50,6,0,6,1.0,11.72265625,0,0,0,0,0,3001,256,16,0,0,1,7.5,
window_robust,window,none,fidelity,False,True,16,0.05,25,0,True,iid,0.1,0,s034,3,19.499999999999996,15.108695652173914,0.0,100.0,56,56,50,6,0,6,1.0,12.06640625,0,0,0,0,0,3089,256,16,0,0,3,7.5,
window_robust,window,none,fidelity,False,True,16,0.05,25,0,True,iid,0.1,0,s034,4,18.250000000000004,7.01086956521739,0.0,100.0,56,56,50,6,0,6,1.0,10.921875,0,0,0,0,0,2796,256,16,0,0,1,7.5,
window_robust,window,none,fidelity,False,True,16,0.05,25,0,True,iid,0.1,0,s034,5,28.500000000000004,15.108695652173914,0.0,100.0,56,56,50,6,0,6,1.0,11.67578125,0,0,0,0,0,2989,256,16,0,0,1,7.5,
window_robust,window,none,fidelity,False,True,16,0.05,25,0,True,iid,0.1,0,s034,6,19.499999999999996,15.108695652173914,0.0,100.0,56,56,50,6,0,6,1.0,11.34375,0,0,0,0,0,2904,256,16,0,0,5,7.5,
window_robust,window,none,fidelity,False,True,16,0.05,25,0,True,iid,0.1,0,s034,7,20.249999999999996,15.108695652173914,0.0,100.0,56,56,50,6,0,6,1.0,12.03515625,0,0,0,0,0,3081,256,16,0,0,3,7.5,
window_robust,window,none,fidelity,False,True,16,0.05,25,0,True,iid,0.1,0,s034,8,17.750000000000004,11.684782608695654,0.0,100.0,56,56,50,6,0,6,1.0,11.40625,0,0,0,0,0,2920,256,16,0,0,1,7.5,100.0
window_robust,window,none,fidelity,False,True,16,0.05,25,0,True,iid,0.1,1,s034,2,19.25,11.521739130434785,0.0,56.00000000000001,56,52,50,2,0,6,1.0,10.98046875,0,0,0,0,0,2811,256,16,0,0,0,8.9375,
window_robust,window,none,fidelity,False,True,16,0.05,25,0,True,iid,0.1,1,s034,3,17.750000000000004,8.097826086956525,6.0,54.50000000000001,56,50,47,3,0,6,0.94,11.86328125,0,0,0,0,0,3037,256,16,0,0,1,8.0,
window_robust,window,none,fidelity,False,True,16,0.05,25,0,True,iid,0.1,1,s034,4,19.499999999999996,9.184782608695654,8.0,55.50000000000001,56,48,46,2,0,6,0.92,9.65234375,0,0,0,0,0,2471,256,16,0,0,1,9.375,
window_robust,window,none,fidelity,False,True,16,0.05,25,0,True,iid,0.1,1,s034,5,27.0,10.597826086956525,12.0,54.50000000000001,56,47,44,3,0,6,0.88,10.1640625,0,0,0,0,0,2602,256,16,0,0,2,9.3125,
window_robust,window,none,fidelity,False,True,16,0.05,25,0,True,iid,0.1,1,s034,6,22.249999999999996,24.293478260869566,6.0,60.0,56,52,47,5,0,6,0.94,11.25,0,0,0,0,0,2880,256,16,0,0,0,8.1875,
window_robust,window,none,fidelity,False,True,16,0.05,25,0,True,iid,0.1,1,s034,7,22.249999999999996,8.260869565217389,4.0,64.5,56,51,48,3,0,6,0.96,10.79296875,0,0,0,0,0,2763,256,16,0,0,1,8.4375,
window_robust,window,none,fidelity,False,True,16,0.05,25,0,True,iid,0.1,1,s034,8,15.000000000000002,8.097826086956525,12.0,53.0,56,49,44,5,0,6,0.88,9.75390625,0,0,0,0,0,2497,256,16,0,0,2,9.125,86.0
window_robust,window,none,fidelity,False,True,16,0.05,25,0,True,iid,0.1,2,s034,2,21.249999999999996,9.347826086956525,0.0,100.0,56,56,50,6,0,6,1.0,11.75,0,0,0,0,0,3008,256,16,0,0,2,7.5,
window_robust,window,none,fidelity,False,True,16,0.05,25,0,True,iid,0.1,2,s034,3,21.999999999999996,13.858695652173914,0.0,100.0,56,56,50,6,0,6,1.0,12.70703125,0,0,0,0,0,3253,256,16,0,0,1,7.5,
window_robust,window,none,fidelity,False,True,16,0.05,25,0,True,iid,0.1,2,s034,4,17.500000000000004,8.097826086956525,0.0,100.0,56,56,50,6,0,6,1.0,10.58203125,0,0,0,0,0,2709,256,16,0,0,2,7.5,
window_robust,window,none,fidelity,False,True,16,0.05,25,0,True,iid,0.1,2,s034,5,29.500000000000004,17.445652173913043,0.0,100.0,56,56,50,6,0,6,1.0,11.80078125,0,0,0,0,0,3021,256,16,0,0,1,7.5,
window_robust,window,none,fidelity,False,True,16,0.05,25,0,True,iid,0.1,2,s034,6,20.749999999999996,19.782608695652172,0.0,100.0,56,56,50,6,0,6,1.0,11.2109375,0,0,0,0,0,2870,256,16,0,0,3,7.5,
window_robust,window,none,fidelity,False,True,16,0.05,25,0,True,iid,0.1,2,s034,7,22.249999999999996,10.597826086956525,0.0,100.0,56,56,50,6,0,6,1.0,11.73046875,0,0,0,0,0,3003,256,16,0,0,1,7.5,
window_robust,window,none,fidelity,False,True,16,0.05,25,0,True,iid,0.1,2,s034,8,16.250000000000004,9.347826086956525,0.0,100.0,56,56,50,6,0,6,1.0,10.91796875,0,0,0,0,0,2795,256,16,0,0,1,7.5,100.0
aeqkad_robust,window,full,fidelity,False,True,16,0.05,25,0,True,iid,0.1,0,s034,2,26.749999999999996,10.434782608695654,0.0,100.0,56,45,43,2,0,6,0.86,11.0625,56,11,0,0,0,2832,256,16,0,0,1,9.625,
aeqkad_robust,window,full,fidelity,False,True,16,0.05,25,0,True,iid,0.1,0,s034,3,18.250000000000004,12.771739130434783,0.0,100.0,56,49,46,3,0,6,0.92,11.3125,56,7,0,0,0,2896,256,16,0,0,2,8.3125,
aeqkad_robust,window,full,fidelity,False,True,16,0.05,25,0,True,iid,0.1,0,s034,4,18.000000000000004,4.67391304347826,0.0,100.0,56,48,46,2,0,6,0.92,9.49609375,56,8,0,0,0,2431,256,16,0,0,1,8.8125,
aeqkad_robust,window,full,fidelity,False,True,16,0.05,25,0,True,iid,0.1,0,s034,5,30.000000000000004,15.108695652173914,0.0,100.0,56,41,38,3,0,6,0.76,9.12109375,56,14,0,0,1,2335,256,16,0,0,1,10.0625,
aeqkad_robust,window,full,fidelity,False,True,16,0.05,25,0,True,iid,0.1,0,s034,6,18.250000000000004,15.108695652173914,0.0,100.0,56,46,45,1,0,6,0.9,9.55078125,56,10,0,0,0,2445,256,16,0,0,0,12.0,
aeqkad_robust,window,full,fidelity,False,True,16,0.05,25,0,True,iid,0.1,0,s034,7,19.499999999999996,10.597826086956525,0.0,100.0,56,42,42,0,0,6,0.84,9.9609375,56,14,0,0,0,2550,256,16,0,0,0,10.0625,
aeqkad_robust,window,full,fidelity,False,True,16,0.05,25,0,True,iid,0.1,0,s034,8,17.500000000000004,8.097826086956525,0.0,100.0,56,42,42,0,0,6,0.84,8.84765625,56,12,0,0,2,2265,256,16,0,0,0,10.5,100.0
aeqkad_robust,window,full,fidelity,False,True,16,0.05,25,0,True,iid,0.1,1,s034,2,24.25,4.67391304347826,2.0,53.0,56,38,38,0,0,6,0.76,10.18359375,51,13,0,0,0,2607,256,16,0,0,0,13.375,
aeqkad_robust,window,full,fidelity,False,True,16,0.05,25,0,True,iid,0.1,1,s034,3,19.499999999999996,4.67391304347826,8.0,51.5,56,43,43,0,0,6,0.86,10.0859375,49,6,0,0,0,2582,256,16,0,0,0,8.8125,
aeqkad_robust,window,full,fidelity,False,True,16,0.05,25,0,True,iid,0.1,1,s034,4,18.999999999999996,7.01086956521739,8.0,55.50000000000001,56,46,45,1,0,6,0.9,9.2890625,48,2,0,0,0,2378,256,16,0,0,0,10.25,
aeqkad_robust,window,full,fidelity,False,True,16,0.05,25,0,True,iid,0.1,1,s034,5,26.75,7.17391304347826,18.0,43.5,56,38,36,2,0,6,0.72,8.4921875,45,7,0,0,0,2174,256,16,0,0,1,11.4375,
aeqkad_robust,window,full,fidelity,False,True,16,0.05,25,0,True,iid,0.1,1,s034,6,20.249999999999996,16.358695652173914,10.0,52.0,56,45,43,2,0,6,0.86,9.58984375,47,2,0,0,0,2455,256,16,0,0,0,9.0,
aeqkad_robust,window,full,fidelity,False,True,16,0.05,25,0,True,iid,0.1,1,s034,7,25.5,6.847826086956524,6.0,59.5,56,41,41,0,0,6,0.82,9.71484375,50,9,0,0,0,2487,256,16,0,0,0,9.8125,
aeqkad_robust,window,full,fidelity,False,True,16,0.05,25,0,True,iid,0.1,1,s034,8,17.750000000000004,6.847826086956524,12.0,46.5,56,44,43,1,0,6,0.86,8.87109375,49,5,0,0,0,2271,256,16,0,0,0,11.375,80.0
aeqkad_robust,window,full,fidelity,False,True,16,0.05,25,0,True,iid,0.1,2,s034,2,23.75,10.434782608695654,0.0,100.0,56,44,42,2,0,6,0.84,10.99609375,56,12,0,0,0,2815,256,16,0,0,1,10.25,
aeqkad_robust,window,full,fidelity,False,True,16,0.05,25,0,True,iid,0.1,2,s034,3,25.0,12.771739130434783,0.0,100.0,56,47,46,1,0,6,0.92,11.34375,56,9,0,0,0,2904,256,16,0,0,0,8.125,
aeqkad_robust,window,full,fidelity,False,True,16,0.05,25,0,True,iid,0.1,2,s034,4,16.250000000000004,5.760869565217389,0.0,100.0,56,49,46,3,0,6,0.92,9.23828125,56,7,0,0,0,2365,256,16,0,0,3,8.4375,
aeqkad_robust,window,full,fidelity,False,True,16,0.05,25,0,True,iid,0.1,2,s034,5,29.500000000000004,20.869565217391305,0.0,100.0,56,42,38,4,0,6,0.76,9.57421875,56,14,0,0,0,2451,256,16,0,0,0,10.6875,
aeqkad_robust,window,full,fidelity,False,True,16,0.05,25,0,True,iid,0.1,2,s034,6,21.499999999999996,19.782608695652172,0.0,100.0,56,47,43,4,0,6,0.86,10.16796875,56,9,0,0,0,2603,256,16,0,0,2,9.75,
aeqkad_robust,window,full,fidelity,False,True,16,0.05,25,0,True,iid,0.1,2,s034,7,21.249999999999996,8.097826086956525,0.0,100.0,56,45,42,3,0,6,0.84,10.875,56,10,0,0,1,2784,256,16,0,0,0,8.6875,
aeqkad_robust,window,full,fidelity,False,True,16,0.05,25,0,True,iid,0.1,2,s034,8,16.000000000000004,8.097826086956525,0.0,100.0,56,45,42,3,0,6,0.84,9.11328125,56,10,0,0,1,2333,256,16,0,0,1,9.8125,100.0
static_robust,static,none,fidelity,False,True,16,0.05,25,0,True,iid,0.1,0,s035,2,25.5,15.108695652173914,0.0,99.5,56,0,0,0,0,6,0.0,40.0,0,0,0,0,0,10240,256,50,0,50,0,81.5,
static_robust,static,none,fidelity,False,True,16,0.05,25,0,True,iid,0.1,0,s035,3,21.249999999999996,4.67391304347826,0.0,99.0,56,0,0,0,0,6,0.0,40.0,0,0,0,0,0,10240,256,50,0,50,0,137.5,
static_robust,static,none,fidelity,False,True,16,0.05,25,0,True,iid,0.1,0,s035,4,21.749999999999996,8.097826086956525,0.0,100.0,56,0,0,0,0,6,0.0,40.0,0,0,0,0,0,10240,256,50,0,50,0,193.5,
static_robust,static,none,fidelity,False,True,16,0.05,25,0,True,iid,0.1,0,s035,5,25.0,7.01086956521739,0.0,99.5,56,0,0,0,0,6,0.0,40.0,0,0,0,0,0,10240,256,50,0,50,0,249.5,
static_robust,static,none,fidelity,False,True,16,0.05,25,0,True,iid,0.1,0,s035,6,37.5,32.55434782608696,2.0,100.0,56,0,0,0,0,6,0.0,40.0,0,0,0,0,0,10240,256,50,0,50,0,305.5,
static_robust,static,none,fidelity,False,True,16,0.05,25,0,True,iid,0.1,0,s035,7,41.75,42.98913043478261,0.0,98.0,56,0,0,0,0,6,0.0,40.0,0,0,0,0,0,10240,256,50,0,50,0,361.5,
static_robust,static,none,fidelity,False,True,16,0.05,25,0,True,iid,0.1,0,s035,8,46.25,48.75,0.0,100.0,56,0,0,0,0,6,0.0,40.0,0,0,0,0,0,10240,256,50,0,50,0,417.5,100.0
static_robust,static,none,fidelity,False,True,16,0.05,25,0,True,iid,0.1,1,s035,2,23.75,17.445652173913043,0.0,100.0,56,0,0,0,0,6,0.0,41.0,0,0,0,0,0,10496,256,50,0,50,0,81.5,
static_robust,static,none,fidelity,False,True,16,0.05,25,0,True,iid,0.1,1,s035,3,21.249999999999996,7.01086956521739,0.0,100.0,56,0,0,0,0,6,0.0,41.0,0,0,0,0,0,10496,256,50,0,50,0,137.5,
static_robust,static,none,fidelity,False,True,16,0.05,25,0,True,iid,0.1,1,s035,4,23.25,5.760869565217389,0.0,100.0,56,0,0,0,0,6,0.0,41.0,0,0,0,0,0,10496,256,50,0,50,0,193.5,
static_robust,static,none,fidelity,False,True,16,0.05,25,0,True,iid,0.1,1,s035,5,28.249999999999996,9.347826086956525,0.0,100.0,56,0,0,0,0,6,0.0,41.0,0,0,0,0,0,10496,256,50,0,50,0,249.5,
static_robust,static,none,fidelity,False,True,16,0.05,25,0,True,iid,0.1,1,s035,6,34.25,30.543478260869566,0.0,100.0,56,0,0,0,0,6,0.0,41.0,0,0,0,0,0,10496,256,50,0,50,0,305.5,
static_robust,static,none,fidelity,False,True,16,0.05,25,0,True,iid,0.1,1,s035,7,42.99999999999999,47.66304347826087,0.0,100.0,56,0,0,0,0,6,0.0,41.0,0,0,0,0,0,10496,256,50,0,50,0,361.5,
static_robust,static,none,fidelity,False,True,16,0.05,25,0,True,iid,0.1,1,s035,8,47.75,50.92391304347825,0.0,100.0,56,0,0,0,0,6,0.0,41.0,0,0,0,0,0,10496,256,50,0,50,0,417.5,100.0
static_robust,static,none,fidelity,False,True,16,0.05,25,0,True,iid,0.1,2,s035,2,24.0,14.021739130434785,0.0,100.0,56,0,0,0,0,6,0.0,40.0,0,0,0,0,0,10240,256,50,0,50,0,81.5,
static_robust,static,none,fidelity,False,True,16,0.05,25,0,True,iid,0.1,2,s035,3,18.999999999999996,4.67391304347826,0.0,100.0,56,0,0,0,0,6,0.0,40.0,0,0,0,0,0,10240,256,50,0,50,0,137.5,
static_robust,static,none,fidelity,False,True,16,0.05,25,0,True,iid,0.1,2,s035,4,20.249999999999996,7.01086956521739,0.0,100.0,56,0,0,0,0,6,0.0,40.0,0,0,0,0,0,10240,256,50,0,50,0,193.5,
static_robust,static,none,fidelity,False,True,16,0.05,25,0,True,iid,0.1,2,s035,5,28.000000000000004,9.347826086956525,0.0,100.0,56,0,0,0,0,6,0.0,40.0,0,0,0,0,0,10240,256,50,0,50,0,249.5,
static_robust,static,none,fidelity,False,True,16,0.05,25,0,True,iid,0.1,2,s035,6,39.5,30.380434782608702,0.0,100.0,56,0,0,0,0,6,0.0,40.0,0,0,0,0,0,10240,256,50,0,50,0,305.5,
static_robust,static,none,fidelity,False,True,16,0.05,25,0,True,iid,0.1,2,s035,7,43.49999999999999,42.98913043478261,0.0,100.0,56,0,0,0,0,6,0.0,40.0,0,0,0,0,0,10240,256,50,0,50,0,361.5,
static_robust,static,none,fidelity,False,True,16,0.05,25,0,True,iid,0.1,2,s035,8,45.49999999999999,47.66304347826087,0.0,100.0,56,0,0,0,0,6,0.0,40.0,0,0,0,0,0,10240,256,50,0,50,0,417.5,100.0
window_robust,window,none,fidelity,False,True,16,0.05,25,0,True,iid,0.1,0,s035,2,29.75,7.01086956521739,2.0,75.5,56,52,49,3,0,6,0.98,14.1875,0,0,0,0,0,3632,256,16,0,0,3,7.5,
window_robust,window,none,fidelity,False,True,16,0.05,25,0,True,iid,0.1,0,s035,3,20.749999999999996,2.33695652173913,4.0,69.0,56,50,48,2,0,6,0.96,13.046875,0,0,0,0,0,3340,256,16,0,0,2,8.625,
window_robust,window,none,fidelity,False,True,16,0.05,25,0,True,iid,0.1,0,s035,4,28.500000000000004,9.347826086956525,8.0,77.5,56,51,46,5,0,6,0.92,13.0390625,0,0,0,0,0,3338,256,16,0,0,3,7.5,
window_robust,window,none,fidelity,False,True,16,0.05,25,0,True,iid,0.1,0,s035,5,28.749999999999996,4.67391304347826,6.0,79.5,56,52,47,5,0,6,0.94,12.65234375,0,0,0,0,0,3239,256,16,0,0,3,7.8125,
window_robust,window,none,fidelity,False,True,16,0.05,25,0,True,iid,0.1,0,s035,6,16.000000000000004,3.58695652173913,0.0,68.0,56,54,50,4,0,6,1.0,13.21875,0,0,0,0,0,3384,256,16,0,0,1,7.5,
window_robust,window,none,fidelity,False,True,16,0.05,25,0,True,iid,0.1,0,s035,7,18.999999999999996,9.510869565217389,4.0,77.0,56,54,48,6,0,6,0.96,12.9921875,0,0,0,0,0,3326,256,16,0,0,2,7.5,
window_robust,window,none,fidelity,False,True,16,0.05,25,0,True,iid,0.1,0,s035,8,26.5,13.858695652173914,6.0,78.5,56,51,47,4,0,6,0.94,13.44140625,0,0,0,0,0,3441,256,16,0,0,1,7.5625,100.0
window_robust,window,none,fidelity,False,True,16,0.05,25,0,True,iid,0.1,1,s035,2,27.750000000000004,12.771739130434783,0.0,100.0,56,56,50,6,0,6,1.0,14.3046875,0,0,0,0,0,3662,256,16,0,0,0,7.5,
window_robust,window,none,fidelity,False,True,16,0.05,25,0,True,iid,0.1,1,s035,3,23.5,9.347826086956525,0.0,100.0,56,56,50,6,0,6,1.0,13.37890625,0,0,0,0,0,3425,256,16,0,0,2,7.5,
window_robust,window,none,fidelity,False,True,16,0.05,25,0,True,iid,0.1,1,s035,4,28.000000000000004,7.01086956521739,0.0,100.0,56,56,50,6,0,6,1.0,13.2109375,0,0,0,0,0,3382,256,16,0,0,3,7.5,
window_robust,window,none,fidelity,False,True,16,0.05,25,0,True,iid,0.1,1,s035,5,34.25,9.347826086956525,0.0,100.0,56,56,50,6,0,6,1.0,13.24609375,0,0,0,0,0,3391,256,16,0,0,3,7.5,
window_robust,window,none,fidelity,False,True,16,0.05,25,0,True,iid,0.1,1,s035,6,14.500000000000002,2.33695652173913,0.0,100.0,56,56,50,6,0,6,1.0,13.484375,0,0,0,0,0,3452,256,16,0,0,2,7.5,
window_robust,window,none,fidelity,False,True,16,0.05,25,0,True,iid,0.1,1,s035,7,21.249999999999996,4.67391304347826,0.0,100.0,56,56,50,6,0,6,1.0,13.48046875,0,0,0,0,0,3451,256,16,0,0,1,7.5,
window_robust,window,none,fidelity,False,True,16,0.05,25,0,True,iid,0.1,1,s035,8,25.25,12.608695652173912,0.0,100.0,56,56,50,6,0,6,1.0,13.5703125,0,0,0,0,0,3474,256,16,0,0,3,7.5,100.0
window_robust,window,none,fidelity,False,True,16,0.05,25,0,True,iid,0.1,2,s035,2,28.749999999999996,4.510869565217389,0.0,100.0,56,56,50,6,0,6,1.0,14.3125,0,0,0,0,0,3664,256,16,0,0,2,7.5,
window_robust,window,none,fidelity,False,True,16,0.05,25,0,True,iid,0.1,2,s035,3,26.0,12.771739130434783,0.0,100.0,56,56,50,6,0,6,1.0,13.39453125,0,0,0,0,0,3429,256,16,0,0,2,7.5,
window_robust,window,none,fidelity,False,True,16,0.05,25,0,True,iid,0.1,2,s035,4,22.25,7.01086956521739,0.0,100.0,56,56,50,6,0,6,1.0,13.65625,0,0,0,0,0,3496,256,16,0,0,1,7.5,
window_robust,window,none,fidelity,False,True,16,0.05,25,0,True,iid,0.1,2,s035,5,31.75,4.83695652173913,0.0,100.0,56,56,50,6,0,6,1.0,13.37109375,0,0,0,0,0,3423,256,16,0,0,1,7.5,
window_robust,window,none,fidelity,False,True,16,0.05,25,0,True,iid,0.1,2,s035,6,14.250000000000002,2.33695652173913,0.0,100.0,56,56,50,6,0,6,1.0,13.42578125,0,0,0,0,0,3437,256,16,0,0,1,7.5,
window_robust,window,none,fidelity,False,True,16,0.05,25,0,True,iid,0.1,2,s035,7,13.5,3.423913043478259,0.0,100.0,56,56,50,6,0,6,1.0,13.37109375,0,0,0,0,0,3423,256,16,0,0,2,7.5,
window_robust,window,none,fidelity,False,True,16,0.05,25,0,True,iid,0.1,2,s035,8,26.0,13.858695652173914,0.0,100.0,56,56,50,6,0,6,1.0,14.0859375,0,0,0,0,0,3606,256,16,0,0,2,7.5,100.0
aeqkad_robust,window,full,fidelity,False,True,16,0.05,25,0,True,iid,0.1,0,s035,2,29.500000000000004,8.097826086956525,2.0,67.0,56,34,33,1,0,6,0.66,12.8984375,52,16,0,0,2,3302,256,16,0,0,1,14.125,
aeqkad_robust,window,full,fidelity,False,True,16,0.05,25,0,True,iid,0.1,0,s035,3,28.249999999999996,12.771739130434783,14.000000000000002,55.50000000000001,56,33,33,0,0,6,0.66,10.12109375,45,11,0,0,1,2591,256,16,0,0,0,11.1875,
aeqkad_robust,window,full,fidelity,False,True,16,0.05,25,0,True,iid,0.1,0,s035,4,29.000000000000004,13.858695652173914,16.0,60.0,56,32,32,0,0,6,0.64,9.62890625,46,12,0,0,2,2465,256,16,0,0,0,13.0625,
aeqkad_robust,window,full,fidelity,False,True,16,0.05,25,0,True,iid,0.1,0,s035,5,21.749999999999996,4.67391304347826,12.0,65.0,56,35,35,0,0,6,0.7,10.15625,48,11,0,0,2,2600,256,16,0,0,0,14.5625,
aeqkad_robust,window,full,fidelity,False,True,16,0.05,25,0,True,iid,0.1,0,s035,6,12.0,1.25,6.0,50.0,56,42,41,1,0,6,0.82,11.4375,51,8,0,0,1,2928,256,16,0,0,0,10.25,
aeqkad_robust,window,full,fidelity,False,True,16,0.05,25,0,True,iid,0.1,0,s035,7,14.500000000000002,2.33695652173913,2.0,38.5,56,38,38,0,0,6,0.76,11.15625,53,14,0,0,1,2856,256,16,0,0,0,10.875,
aeqkad_robust,window,full,fidelity,False,True,16,0.05,25,0,True,iid,0.1,0,s035,8,26.749999999999996,12.608695652173912,8.0,58.5,56,33,32,1,0,6,0.64,11.66796875,50,12,0,0,5,2987,256,16,0,0,0,9.0,96.0
aeqkad_robust,window,full,fidelity,False,True,16,0.05,25,0,True,iid,0.1,1,s035,2,31.75,6.08695652173913,0.0,100.0,56,38,35,3,0,6,0.7,13.52734375,56,18,0,0,0,3463,256,16,0,0,1,11.375,
aeqkad_robust,window,full,fidelity,False,True,16,0.05,25,0,True,iid,0.1,1,s035,3,29.75,14.021739130434785,0.0,100.0,56,31,31,0,0,6,0.62,10.55859375,56,24,0,0,1,2703,256,16,0,0,0,10.375,
aeqkad_robust,window,full,fidelity,False,True,16,0.05,25,0,True,iid,0.1,1,s035,4,25.75,12.771739130434783,0.0,100.0,56,40,37,3,0,6,0.74,10.87890625,56,16,0,0,0,2785,256,16,0,0,0,12.4375,
aeqkad_robust,window,full,fidelity,False,True,16,0.05,25,0,True,iid,0.1,1,s035,5,30.75,10.434782608695654,0.0,100.0,56,38,35,3,0,6,0.7,10.53125,56,16,0,0,2,2696,256,16,0,0,2,12.4375,
aeqkad_robust,window,full,fidelity,False,True,16,0.05,25,0,True,iid,0.1,1,s035,6,11.75,0.0,0.0,100.0,56,43,43,0,0,6,0.86,11.65625,56,13,0,0,0,2984,256,16,0,0,0,10.5,
aeqkad_robust,window,full,fidelity,False,True,16,0.05,25,0,True,iid,0.1,1,s035,7,13.750000000000002,1.25,0.0,100.0,56,39,39,0,0,6,0.78,11.45703125,56,15,0,0,2,2933,256,16,0,0,0,9.5,
aeqkad_robust,window,full,fidelity,False,True,16,0.05,25,0,True,iid,0.1,1,s035,8,19.25,4.83695652173913,0.0,100.0,56,36,35,1,0,6,0.7,11.31640625,56,17,0,0,3,2897,256,16,0,0,1,9.8125,100.0
aeqkad_robust,window,full,fidelity,False,True,16,0.05,25,0,True,iid,0.1,2,s035,2,30.25,7.01086956521739,0.0,100.0,56,36,35,1,0,6,0.7,13.1171875,56,20,0,0,0,3358,256,16,0,0,1,11.8125,
aeqkad_robust,window,full,fidelity,False,True,16,0.05,25,0,True,iid,0.1,2,s035,3,30.500000000000004,14.021739130434785,0.0,100.0,56,35,34,1,0,6,0.68,10.953125,56,21,0,0,0,2804,256,16,0,0,0,10.875,
aeqkad_robust,window,full,fidelity,False,True,16,0.05,25,0,True,iid,0.1,2,s035,4,25.75,8.097826086956525,0.0,100.0,56,38,37,1,0,6,0.74,10.90625,56,18,0,0,0,2792,256,16,0,0,0,11.125,
aeqkad_robust,window,full,fidelity,False,True,16,0.05,25,0,True,iid,0.1,2,s035,5,29.75,5.923913043478259,0.0,100.0,56,40,39,1,0,6,0.78,10.4453125,56,15,0,0,1,2674,256,16,0,0,1,10.875,
aeqkad_robust,window,full,fidelity,False,True,16,0.05,25,0,True,iid,0.1,2,s035,6,12.25,1.25,0.0,100.0,56,44,44,0,0,6,0.88,11.875,56,12,0,0,0,3040,256,16,0,0,0,8.875,
aeqkad_robust,window,full,fidelity,False,True,16,0.05,25,0,True,iid,0.1,2,s035,7,15.000000000000002,4.67391304347826,0.0,100.0,56,42,42,0,0,6,0.84,11.3515625,56,14,0,0,0,2906,256,16,0,0,0,9.5,
aeqkad_robust,window,full,fidelity,False,True,16,0.05,25,0,True,iid,0.1,2,s035,8,26.5,2.33695652173913,0.0,100.0,56,37,36,1,0,6,0.72,11.98828125,56,17,0,0,2,3069,256,16,0,0,1,8.75,100.0
static_robust,static,none,fidelity,False,True,16,0.05,25,0,True,iid,0.1,0,s036,2,2.250000000000001,0.0,0.0,100.0,56,0,0,0,0,6,0.0,37.0,0,0,0,0,0,9472,256,50,0,50,0,81.5,
static_robust,static,none,fidelity,False,True,16,0.05,25,0,True,iid,0.1,0,s036,3,1.2500000000000009,0.0,0.0,100.0,56,0,0,0,0,6,0.0,37.0,0,0,0,0,0,9472,256,50,0,50,0,137.5,
static_robust,static,none,fidelity,False,True,16,0.05,25,0,True,iid,0.1,0,s036,4,0.0,0.0,0.0,100.0,56,0,0,0,0,6,0.0,37.0,0,0,0,0,0,9472,256,50,0,50,0,193.5,
static_robust,static,none,fidelity,False,True,16,0.05,25,0,True,iid,0.1,0,s036,5,0.0,0.0,0.0,100.0,56,0,0,0,0,6,0.0,37.0,0,0,0,0,0,9472,256,50,0,50,0,249.5,
static_robust,static,none,fidelity,False,True,16,0.05,25,0,True,iid,0.1,0,s036,6,1.5000000000000009,0.0,0.0,100.0,56,0,0,0,0,6,0.0,37.0,0,0,0,0,0,9472,256,50,0,50,0,305.5,
static_robust,static,none,fidelity,False,True,16,0.05,25,0,True,iid,0.1,0,s036,7,0.0,0.0,0.0,100.0,56,0,0,0,0,6,0.0,37.0,0,0,0,0,0,9472,256,50,0,50,0,361.5,
static_robust,static,none,fidelity,False,True,16,0.05,25,0,True,iid,0.1,0,s036,8,2.5000000000000018,0.0,0.0,100.0,56,0,0,0,0,6,0.0,37.0,0,0,0,0,0,9472,256,50,0,50,0,417.5,100.0
static_robust,static,none,fidelity,False,True,16,0.05,25,0,True,iid,0.1,1,s036,2,2.250000000000001,1.25,0.0,100.0,56,0,0,0,0,6,0.0,38.0,0,0,0,0,0,9728,256,50,0,50,0,81.5,
static_robust,static,none,fidelity,False,True,16,0.05,25,0,True,iid,0.1,1,s036,3,1.2500000000000009,0.0,0.0,100.0,56,0,0,0,0,6,0.0,38.0,0,0,0,0,0,9728,256,50,0,50,0,137.5,
static_robust,static,none,fidelity,False,True,16,0.05,25,0,True,iid,0.1,1,s036,4,0.0,0.0,0.0,100.0,56,0,0,0,0,6,0.0,38.0,0,0,0,0,0,9728,256,50,0,50,0,193.5,
static_robust,static,none,fidelity,False,True,16,0.05,25,0,True,iid,0.1,1,s036,5,0.0,0.0,0.0,100.0,56,0,0,0,0,6,0.0,38.0,0,0,0,0,0,9728,256,50,0,50,0,249.5,
static_robust,static,none,fidelity,False,True,16,0.05,25,0,True,iid,0.1,1,s036,6,1.0000000000000009,0.0,0.0,100.0,56,0,0,0,0,6,0.0,38.0,0,0,0,0,0,9728,256,50,0,50,0,305.5,
static_robust,static,none,fidelity,False,True,16,0.05,25,0,True,iid,0.1,1,s036,7,0.0,0.0,0.0,100.0,56,0,0,0,0,6,0.0,38.0,0,0,0,0,0,9728,256,50,0,50,0,361.5,
static_robust,static,none,fidelity,False,True,16,0.05,25,0,True,iid,0.1,1,s036,8,2.500000000000001,0.0,0.0,100.0,56,0,0,0,0,6,0.0,38.0,0,0,0,0,0,9728,256,50,0,50,0,417.5,100.0
static_robust,static,none,fidelity,False,True,16,0.05,25,0,True,iid,0.1,2,s036,2,1.7500000000000009,0.0,0.0,100.0,56,0,0,0,0,6,0.0,39.0,0,0,0,0,0,9984,256,50,0,50,0,81.5,
static_robust,static,none,fidelity,False,True,16,0.05,25,0,True,iid,0.1,2,s036,3,2.500000000000001,0.0,0.0,100.0,56,0,0,0,0,6,0.0,39.0,0,0,0,0,0,9984,256,50,0,50,0,137.5,
static_robust,static,none,fidelity,False,True,16,0.05,25,0,True,iid,0.1,2,s036,4,0.0,0.0,0.0,100.0,56,0,0,0,0,6,0.0,39.0,0,0,0,0,0,9984,256,50,0,50,0,193.5,
static_robust,static,none,fidelity,False,True,16,0.05,25,0,True,iid,0.1,2,s036,5,0.0,0.0,0.0,100.0,56,0,0,0,0,6,0.0,39.0,0,0,0,0,0,9984,256,50,0,50,0,249.5,
static_robust,static,none,fidelity,False,True,16,0.05,25,0,True,iid,0.1,2,s036,6,1.5000000000000009,0.0,0.0,100.0,56,0,0,0,0,6,0.0,39.0,0,0,0,0,0,9984,256,50,0,50,0,305.5,
static_robust,static,none,fidelity,False,True,16,0.05,25,0,True,iid,0.1,2,s036,7,0.0,0.0,0.0,100.0,56,0,0,0,0,6,0.0,39.0,0,0,0,0,0,9984,256,50,0,50,0,361.5,
static_robust,static,none,fidelity,False,True,16,0.05,25,0,True,iid,0.1,2,s036,8,1.5000000000000009,0.0,0.0,100.0,56,0,0,0,0,6,0.0,39.0,0,0,0,0,0,9984,256,50,0,50,0,417.5,100.0
window_robust,window,none,fidelity,False,True,16,0.05,25,0,True,iid,0.1,0,s036,2,8.249999999999998,0.0,0.0,100.0,56,56,50,6,0,6,1.0,11.20703125,0,0,0,0,0,2869,256,16,0,0,0,7.5,
window_robust,window,none,fidelity,False,True,16,0.05,25,0,True,iid,0.1,0,s036,3,7.499999999999998,0.0,0.0,100.0,56,56,50,6,0,6,1.0,10.953125,0,0,0,0,0,2804,256,16,0,0,2,7.5,
window_robust,window,none,fidelity,False,True,16,0.05,25,0,True,iid,0.1,0,s036,4,2.500000000000001,0.0,0.0,100.0,56,56,50,6,0,6,1.0,10.421875,0,0,0,0,0,2668,256,16,0,0,0,7.5,
window_robust,window,none,fidelity,False,True,16,0.05,25,0,True,iid,0.1,0,s036,5,2.000000000000001,0.0,0.0,100.0,56,56,50,6,0,6,1.0,10.16796875,0,0,0,0,0,2603,256,16,0,0,4,7.5,
window_robust,window,none,fidelity,False,True,16,0.05,25,0,True,iid,0.1,0,s036,6,4.000000000000002,0.0,0.0,100.0,56,56,50,6,0,6,1.0,9.34375,0,0,0,0,0,2392,256,16,0,0,2,7.5,
window_robust,window,none,fidelity,False,True,16,0.05,25,0,True,iid,0.1,0,s036,7,1.7500000000000009,0.0,0.0,100.0,56,56,50,6,0,6,1.0,8.65234375,0,0,0,0,0,2215,256,16,0,0,2,7.5,
window_robust,window,none,fidelity,False,True,16,0.05,25,0,True,iid,0.1,0,s036,8,5.250000000000003,0.0,0.0,100.0,56,56,50,6,0,6,1.0,12.05859375,0,0,0,0,0,3087,256,16,0,0,2,7.5,100.0
window_robust,window,none,fidelity,False,True,16,0.05,25,0,True,iid,0.1,1,s036,2,5.750000000000003,0.0,0.0,100.0,56,56,50,6,0,6,1.0,10.97265625,0,0,0,0,0,2809,256,16,0,0,1,7.5,
window_robust,window,none,fidelity,False,True,16,0.05,25,0,True,iid,0.1,1,s036,3,6.749999999999997,0.0,0.0,100.0,56,56,50,6,0,6,1.0,10.90625,0,0,0,0,0,2792,256,16,0,0,3,7.5,
window_robust,window,none,fidelity,False,True,16,0.05,25,0,True,iid,0.1,1,s036,4,2.250000000000001,0.0,0.0,100.0,56,56,50,6,0,6,1.0,10.28515625,0,0,0,0,0,2633,256,16,0,0,1,7.5,
window_robust,window,none,fidelity,False,True,16,0.05,25,0,True,iid,0.1,1,s036,5,1.7500000000000009,0.0,0.0,100.0,56,56,50,6,0,6,1.0,10.21875,0,0,0,0,0,2616,256,16,0,0,0,7.5,
window_robust,window,none,fidelity,False,True,16,0.05,25,0,True,iid,0.1,1,s036,6,2.250000000000001,0.0,0.0,100.0,56,56,50,6,0,6,1.0,9.19140625,0,0,0,0,0,2353,256,16,0,0,0,7.5,
window_robust,window,none,fidelity,False,True,16,0.05,25,0,True,iid,0.1,1,s036,7,0.25,0.0,0.0,100.0,56,56,50,6,0,6,1.0,8.96484375,0,0,0,0,0,2295,256,16,0,0,3,7.5,
window_robust,window,none,fidelity,False,True,16,0.05,25,0,True,iid,0.1,1,s036,8,7.499999999999998,3.423913043478259,0.0,100.0,56,56,50,6,0,6,1.0,12.17578125,0,0,0,0,0,3117,256,16,0,0,0,7.5,100.0
window_robust,window,none,fidelity,False,True,16,0.05,25,0,True,iid,0.1,2,s036,2,4.250000000000002,0.0,0.0,100.0,56,56,50,6,0,6,1.0,10.73828125,0,0,0,0,0,2749,256,16,0,0,2,7.5,
window_robust,window,none,fidelity,False,True,16,0.05,25,0,True,iid,0.1,2,s036,3,5.000000000000003,0.0,0.0,100.0,56,56,50,6,0,6,1.0,10.98046875,0,0,0,0,0,2811,256,16,0,0,3,7.5,
window_robust,window,none,fidelity,False,True,16,0.05,25,0,True,iid,0.1,2,s036,4,0.5,0.0,0.0,100.0,56,56,50,6,0,6,1.0,10.46484375,0,0,0,0,0,2679,256,16,0,0,3,7.5,
window_robust,window,none,fidelity,False,True,16,0.05,25,0,True,iid,0.1,2,s036,5,1.2500000000000009,0.0,0.0,100.0,56,56,50,6,0,6,1.0,10.2421875,0,0,0,0,0,2622,256,16,0,0,2,7.5,
window_robust,window,none,fidelity,False,True,16,0.05,25,0,True,iid,0.1,2,s036,6,2.250000000000001,0.0,0.0,100.0,56,56,50,6,0,6,1.0,9.30859375,0,0,0,0,0,2383,256,16,0,0,2,7.5,
window_robust,window,none,fidelity,False,True,16,0.05,25,0,True,iid,0.1,2,s036,7,0.5,0.0,0.0,100.0,56,56,50,6,0,6,1.0,8.87890625,0,0,0,0,0,2273,256,16,0,0,2,7.5,
window_robust,window,none,fidelity,False,True,16,0.05,25,0,True,iid,0.1,2,s036,8,6.250000000000003,0.0,0.0,100.0,56,56,50,6,0,6,1.0,12.4375,0,0,0,0,0,3184,256,16,0,0,0,7.5,100.0
aeqkad_robust,window,full,fidelity,False,True,16,0.05,25,0,True,iid,0.1,0,s036,2,2.250000000000001,0.0,0.0,100.0,56,47,47,0,0,6,0.94,10.0703125,56,8,0,0,1,2578,256,16,0,0,0,7.5625,
aeqkad_robust,window,full,fidelity,False,True,16,0.05,25,0,True,iid,0.1,0,s036,3,6.7500000000000036,0.0,0.0,100.0,56,44,44,0,0,6,0.88,9.4609375,56,10,0,0,2,2422,256,16,0,0,0,9.8125,
aeqkad_robust,window,full,fidelity,False,True,16,0.05,25,0,True,iid,0.1,0,s036,4,0.0,0.0,0.0,100.0,56,47,47,0,0,6,0.94,8.984375,56,5,0,0,4,2300,256,16,0,0,0,7.8125,
aeqkad_robust,window,full,fidelity,False,True,16,0.05,25,0,True,iid,0.1,0,s036,5,0.25,0.0,0.0,100.0,56,50,50,0,0,6,1.0,9.44140625,56,6,0,0,0,2417,256,16,0,0,0,9.9375,
aeqkad_robust,window,full,fidelity,False,True,16,0.05,25,0,True,iid,0.1,0,s036,6,1.7500000000000009,0.0,0.0,100.0,56,48,48,0,0,6,0.96,7.99609375,56,6,0,0,2,2047,256,16,0,0,0,9.875,
aeqkad_robust,window,full,fidelity,False,True,16,0.05,25,0,True,iid,0.1,0,s036,7,0.0,0.0,0.0,100.0,56,46,46,0,0,6,0.92,6.96484375,56,6,0,0,4,1783,256,16,0,0,0,9.0625,
aeqkad_robust,window,full,fidelity,False,True,16,0.05,25,0,True,iid,0.1,0,s036,8,2.500000000000001,0.0,0.0,100.0,56,34,34,0,0,6,0.68,10.33203125,56,15,0,0,7,2645,256,16,0,0,0,8.625,100.0
aeqkad_robust,window,full,fidelity,False,True,16,0.05,25,0,True,iid,0.1,1,s036,2,2.500000000000001,0.0,0.0,100.0,56,47,47,0,0,6,0.94,10.203125,56,8,0,0,1,2612,256,16,0,0,0,8.5,
aeqkad_robust,window,full,fidelity,False,True,16,0.05,25,0,True,iid,0.1,1,s036,3,4.500000000000002,0.0,0.0,100.0,56,44,44,0,0,6,0.88,9.5625,56,10,0,0,2,2448,256,16,0,0,0,11.4375,
aeqkad_robust,window,full,fidelity,False,True,16,0.05,25,0,True,iid,0.1,1,s036,4,0.0,0.0,0.0,100.0,56,47,47,0,0,6,0.94,8.84375,56,7,0,0,2,2264,256,16,0,0,0,8.3125,
aeqkad_robust,window,full,fidelity,False,True,16,0.05,25,0,True,iid,0.1,1,s036,5,0.0,0.0,0.0,100.0,56,49,49,0,0,6,0.98,8.8359375,56,7,0,0,0,2262,256,16,0,0,0,7.9375,
aeqkad_robust,window,full,fidelity,False,True,16,0.05,25,0,True,iid,0.1,1,s036,6,0.0,0.0,0.0,100.0,56,48,48,0,0,6,0.96,8.046875,56,6,0,0,2,2060,256,16,0,0,0,8.1875,
aeqkad_robust,window,full,fidelity,False,True,16,0.05,25,0,True,iid,0.1,1,s036,7,0.0,0.0,0.0,100.0,56,49,49,0,0,6,0.98,7.6015625,56,6,0,0,1,1946,256,16,0,0,0,8.5625,
aeqkad_robust,window,full,fidelity,False,True,16,0.05,25,0,True,iid,0.1,1,s036,8,6.250000000000003,4.67391304347826,0.0,100.0,56,37,37,0,0,6,0.74,9.59765625,56,14,0,0,5,2457,256,16,0,0,0,7.5,100.0
aeqkad_robust,window,full,fidelity,False,True,16,0.05,25,0,True,iid,0.1,2,s036,2,1.7500000000000009,0.0,0.0,100.0,56,47,46,1,0,6,0.92,10.2421875,56,8,0,0,1,2622,256,16,0,0,0,9.4375,
aeqkad_robust,window,full,fidelity,False,True,16,0.05,25,0,True,iid,0.1,2,s036,3,6.000000000000003,0.0,0.0,100.0,56,44,44,0,0,6,0.88,9.54296875,56,10,0,0,2,2443,256,16,0,0,0,10.8125,
aeqkad_robust,window,full,fidelity,False,True,16,0.05,25,0,True,iid,0.1,2,s036,4,0.0,0.0,0.0,100.0,56,47,47,0,0,6,0.94,8.74609375,56,7,0,0,2,2239,256,16,0,0,0,9.1875,
aeqkad_robust,window,full,fidelity,False,True,16,0.05,25,0,True,iid,0.1,2,s036,5,0.0,0.0,0.0,100.0,56,49,49,0,0,6,0.98,8.97265625,56,7,0,0,0,2297,256,16,0,0,0,9.5,
aeqkad_robust,window,full,fidelity,False,True,16,0.05,25,0,True,iid,0.1,2,s036,6,1.7500000000000009,0.0,0.0,100.0,56,48,48,0,0,6,0.96,8.015625,56,6,0,0,2,2052,256,16,0,0,0,10.0,
aeqkad_robust,window,full,fidelity,False,True,16,0.05,25,0,True,iid,0.1,2,s036,7,0.0,0.0,0.0,100.0,56,49,49,0,0,6,0.98,7.0390625,56,6,0,0,1,1802,256,16,0,0,0,9.0625,
aeqkad_robust,window,full,fidelity,False,True,16,0.05,25,0,True,iid,0.1,2,s036,8,2.250000000000001,0.0,0.0,100.0,56,37,37,0,0,6,0.74,9.953125,56,14,0,0,5,2548,256,16,0,0,0,7.5,100.0
static_robust,static,none,fidelity,False,True,16,0.05,25,0,True,iid,0.1,0,s037,2,30.25,9.347826086956525,2.0,90.5,56,0,0,0,0,6,0.0,36.0,0,0,0,0,0,9216,256,50,0,50,0,81.5,
static_robust,static,none,fidelity,False,True,16,0.05,25,0,True,iid,0.1,0,s037,3,22.249999999999996,19.945652173913043,2.0,91.5,56,0,0,0,0,6,0.0,36.0,0,0,0,0,0,9216,256,50,0,50,0,137.5,
static_robust,static,none,fidelity,False,True,16,0.05,25,0,True,iid,0.1,0,s037,4,29.500000000000004,23.20652173913043,2.0,95.0,56,0,0,0,0,6,0.0,36.0,0,0,0,0,0,9216,256,50,0,50,0,193.5,
static_robust,static,none,fidelity,False,True,16,0.05,25,0,True,iid,0.1,0,s037,5,41.0,37.22826086956522,0.0,90.0,56,0,0,0,0,6,0.0,36.0,0,0,0,0,0,9216,256,50,0,50,0,249.5,
static_robust,static,none,fidelity,False,True,16,0.05,25,0,True,iid,0.1,0,s037,6,43.99999999999999,45.16304347826087,4.0,92.0,56,0,0,0,0,6,0.0,36.0,0,0,0,0,0,9216,256,50,0,50,0,305.5,
static_robust,static,none,fidelity,False,True,16,0.05,25,0,True,iid,0.1,0,s037,7,47.0,39.72826086956521,0.0,96.0,56,0,0,0,0,6,0.0,36.0,0,0,0,0,0,9216,256,50,0,50,0,361.5,
static_robust,static,none,fidelity,False,True,16,0.05,25,0,True,iid,0.1,0,s037,8,64.0,69.94565217391305,20.0,92.5,56,0,0,0,0,6,0.0,36.0,0,0,0,0,0,9216,256,50,0,50,0,417.5,84.0
static_robust,static,none,fidelity,False,True,16,0.05,25,0,True,iid,0.1,1,s037,2,31.499999999999993,17.445652173913043,0.0,100.0,56,0,0,0,0,6,0.0,37.0,0,0,0,0,0,9472,256,50,0,50,0,81.5,
static_robust,static,none,fidelity,False,True,16,0.05,25,0,True,iid,0.1,1,s037,3,24.25,17.445652173913043,0.0,100.0,56,0,0,0,0,6,0.0,37.0,0,0,0,0,0,9472,256,50,0,50,0,137.5,
static_robust,static,none,fidelity,False,True,16,0.05,25,0,True,iid,0.1,1,s037,4,25.75,17.282608695652176,0.0,100.0,56,0,0,0,0,6,0.0,37.0,0,0,0,0,0,9472,256,50,0,50,0,193.5,
static_robust,static,none,fidelity,False,True,16,0.05,25,0,True,iid,0.1,1,s037,5,43.99999999999999,40.65217391304348,0.0,100.0,56,0,0,0,0,6,0.0,37.0,0,0,0,0,0,9472,256,50,0,50,0,249.5,
static_robust,static,none,fidelity,False,True,16,0.05,25,0,True,iid,0.1,1,s037,6,45.49999999999999,42.98913043478261,0.0,100.0,56,0,0,0,0,6,0.0,37.0,0,0,0,0,0,9472,256,50,0,50,0,305.5,
static_robust,static,none,fidelity,False,True,16,0.05,25,0,True,iid,0.1,1,s037,7,42.25,37.22826086956522,0.0,100.0,56,0,0,0,0,6,0.0,37.0,0,0,0,0,0,9472,256,50,0,50,0,361.5,
static_robust,static,none,fidelity,False,True,16,0.05,25,0,True,iid,0.1,1,s037,8,69.5,71.95652173913044,0.0,100.0,56,0,0,0,0,6,0.0,37.0,0,0,0,0,0,9472,256,50,0,50,0,417.5,100.0
static_robust,static,none,fidelity,False,True,16,0.05,25,0,True,iid,0.1,2,s037,2,26.5,9.510869565217389,0.0,99.0,56,0,0,0,0,6,0.0,36.0,0,0,0,0,0,9216,256,50,0,50,0,81.5,
static_robust,static,none,fidelity,False,True,16,0.05,25,0,True,iid,0.1,2,s037,3,25.75,17.445652173913043,0.0,99.5,56,0,0,0,0,6,0.0,36.0,0,0,0,0,0,9216,256,50,0,50,0,137.5,
static_robust,static,none,fidelity,False,True,16,0.05,25,0,True,iid,0.1,2,s037,4,27.750000000000004,19.945652173913043,0.0,98.5,56,0,0,0,0,6,0.0,36.0,0,0,0,0,0,9216,256,50,0,50,0,193.5,
static_robust,static,none,fidelity,False,True,16,0.05,25,0,True,iid,0.1,2,s037,5,37.5,41.90217391304347,0.0,100.0,56,0,0,0,0,6,0.0,36.0,0,0,0,0,0,9216,256,50,0,50,0,249.5,
static_robust,static,none,fidelity,False,True,16,0.05,25,0,True,iid,0.1,2,s037,6,43.49999999999999,40.81521739130435,0.0,100.0,56,0,0,0,0,6,0.0,36.0,0,0,0,0,0,9216,256,50,0,50,0,305.5,
static_robust,static,none,fidelity,False,True,16,0.05,25,0,True,iid,0.1,2,s037,7,42.75,33.80434782608695,0.0,99.0,56,0,0,0,0,6,0.0,36.0,0,0,0,0,0,9216,256,50,0,50,0,361.5,
static_robust,static,none,fidelity,False,True,16,0.05,25,0,True,iid,0.1,2,s037,8,62.74999999999999,71.95652173913044,0.0,100.0,56,0,0,0,0,6,0.0,36.0,0,0,0,0,0,9216,256,50,0,50,0,417.5,98.0
window_robust,window,none,fidelity,False,True,16,0.05,25,0,True,iid,0.1,0,s037,2,23.25,15.108695652173914,0.0,100.0,56,56,50,6,0,6,1.0,14.21875,0,0,0,0,0,3640,256,16,0,0,2,7.5,
window_robust,window,none,fidelity,False,True,16,0.05,25,0,True,iid,0.1,0,s037,3,17.75,5.597826086956524,0.0,100.0,56,56,50,6,0,6,1.0,13.7265625,0,0,0,0,0,3514,256,16,0,0,3,7.5,
window_robust,window,none,fidelity,False,True,16,0.05,25,0,True,iid,0.1,0,s037,4,18.749999999999996,3.58695652173913,0.0,100.0,56,56,50,6,0,6,1.0,13.09765625,0,0,0,0,0,3353,256,16,0,0,3,7.5,
window_robust,window,none,fidelity,False,True,16,0.05,25,0,True,iid,0.1,0,s037,5,29.75,17.445652173913043,0.0,100.0,56,56,50,6,0,6,1.0,14.28125,0,0,0,0,0,3656,256,16,0,0,1,7.5,
window_robust,window,none,fidelity,False,True,16,0.05,25,0,True,iid,0.1,0,s037,6,27.750000000000004,5.760869565217389,0.0,100.0,56,56,50,6,0,6,1.0,12.86328125,0,0,0,0,0,3293,256,16,0,0,3,7.5,
window_robust,window,none,fidelity,False,True,16,0.05,25,0,True,iid,0.1,0,s037,7,35.75,24.456521739130434,0.0,100.0,56,56,50,6,0,6,1.0,13.95703125,0,0,0,0,0,3573,256,16,0,0,3,7.5,
window_robust,window,none,fidelity,False,True,16,0.05,25,0,True,iid,0.1,0,s037,8,17.0,7.01086956521739,0.0,100.0,56,56,50,6,0,6,1.0,12.37890625,0,0,0,0,0,3169,256,16,0,0,2,7.5,100.0
window_robust,window,none,fidelity,False,True,16,0.05,25,0,True,iid,0.1,1,s037,2,25.5,18.695652173913043,0.0,100.0,56,56,50,6,0,6,1.0,14.35546875,0,0,0,0,0,3675,256,16,0,0,2,7.5,
window_robust,window,none,fidelity,False,True,16,0.05,25,0,True,iid,0.1,1,s037,3,23.5,10.597826086956525,0.0,100.0,56,56,50,6,0,6,1.0,13.8046875,0,0,0,0,0,3534,256,16,0,0,1,7.5,
window_robust,window,none,fidelity,False,True,16,0.05,25,0,True,iid,0.1,1,s037,4,20.0,7.01086956521739,0.0,100.0,56,56,50,6,0,6,1.0,12.63671875,0,0,0,0,0,3235,256,16,0,0,3,7.5,
window_robust,window,none,fidelity,False,True,16,0.05,25,0,True,iid,0.1,1,s037,5,29.500000000000004,16.358695652173914,0.0,100.0,56,56,50,6,0,6,1.0,14.3359375,0,0,0,0,0,3670,256,16,0,0,2,7.5,
window_robust,window,none,fidelity,False,True,16,0.05,25,0,True,iid,0.1,1,s037,6,24.25,7.01086956521739,0.0,100.0,56,56,50,6,0,6,1.0,13.03515625,0,0,0,0,0,3337,256,16,0,0,4,7.5,
window_robust,window,none,fidelity,False,True,16,0.05,25,0,True,iid,0.1,1,s037,7,31.499999999999993,19.782608695652172,0.0,100.0,56,56,50,6,0,6,1.0,14.00390625,0,0,0,0,0,3585,256,16,0,0,4,7.5,
window_robust,window,none,fidelity,False,True,16,0.05,25,0,True,iid,0.1,1,s037,8,16.000000000000004,9.184782608695654,0.0,100.0,56,56,50,6,0,6,1.0,12.359375,0,0,0,0,0,3164,256,16,0,0,2,7.5,100.0
window_robust,window,none,fidelity,False,True,16,0.05,25,0,True,iid,0.1,2,s037,2,24.25,17.608695652173914,0.0,96.0,56,56,50,6,0,6,1.0,14.1875,0,0,0,0,0,3632,256,16,0,0,3,7.5,
window_robust,window,none,fidelity,False,True,16,0.05,25,0,True,iid,0.1,2,s037,3,25.75,9.347826086956525,0.0,97.0,56,56,50,6,0,6,1.0,13.82421875,0,0,0,0,0,3539,256,16,0,0,0,7.5,
window_robust,window,none,fidelity,False,True,16,0.05,25,0,True,iid,0.1,2,s037,4,20.0,10.434782608695654,0.0,96.5,56,56,50,6,0,6,1.0,13.31640625,0,0,0,0,0,3409,256,16,0,0,0,7.5,
window_robust,window,none,fidelity,False,True,16,0.05,25,0,True,iid,0.1,2,s037,5,27.500000000000004,17.445652173913043,0.0,95.0,56,55,50,5,0,6,1.0,13.76953125,0,0,0,0,0,3525,256,16,0,0,3,7.5,
window_robust,window,none,fidelity,False,True,16,0.05,25,0,True,iid,0.1,2,s037,6,23.75,8.097826086956525,4.0,98.5,56,54,48,6,0,6,0.96,12.65625,0,0,0,0,0,3240,256,16,0,0,3,8.375,
window_robust,window,none,fidelity,False,True,16,0.05,25,0,True,iid,0.1,2,s037,7,38.0,21.032608695652172,0.0,98.0,56,56,50,6,0,6,1.0,14.0703125,0,0,0,0,0,3602,256,16,0,0,3,7.5,
window_robust,window,none,fidelity,False,True,16,0.05,25,0,True,iid,0.1,2,s037,8,14.000000000000002,5.760869565217389,0.0,97.0,56,56,50,6,0,6,1.0,12.48828125,0,0,0,0,0,3197,256,16,0,0,2,7.5,100.0
aeqkad_robust,window,full,fidelity,False,True,16,0.05,25,0,True,iid,0.1,0,s037,2,19.499999999999996,10.434782608695654,0.0,100.0,56,39,39,0,0,6,0.78,13.58203125,56,17,0,0,0,3477,256,16,0,0,0,10.9375,
aeqkad_robust,window,full,fidelity,False,True,16,0.05,25,0,True,iid,0.1,0,s037,3,21.999999999999996,5.597826086956524,0.0,100.0,56,38,38,0,0,6,0.76,12.109375,56,18,0,0,0,3100,256,16,0,0,0,13.625,
aeqkad_robust,window,full,fidelity,False,True,16,0.05,25,0,True,iid,0.1,0,s037,4,23.5,4.67391304347826,0.0,100.0,56,42,41,1,0,6,0.82,11.21484375,56,14,0,0,0,2871,256,16,0,0,0,10.0625,
aeqkad_robust,window,full,fidelity,False,True,16,0.05,25,0,True,iid,0.1,0,s037,5,27.500000000000004,19.782608695652172,0.0,100.0,56,40,39,1,0,6,0.78,11.66796875,56,16,0,0,0,2987,256,16,0,0,0,9.875,
aeqkad_robust,window,full,fidelity,False,True,16,0.05,25,0,True,iid,0.1,0,s037,6,24.25,8.097826086956525,0.0,100.0,56,40,38,2,0,6,0.76,10.74609375,56,16,0,0,0,2751,256,16,0,0,1,11.5625,
aeqkad_robust,window,full,fidelity,False,True,16,0.05,25,0,True,iid,0.1,0,s037,7,36.5,25.543478260869566,0.0,100.0,56,33,33,0,0,6,0.66,11.08984375,56,22,0,0,1,2839,256,16,0,0,0,15.8125,
aeqkad_robust,window,full,fidelity,False,True,16,0.05,25,0,True,iid,0.1,0,s037,8,19.499999999999996,9.184782608695654,0.0,100.0,56,42,41,1,0,6,0.82,10.86328125,56,14,0,0,0,2781,256,16,0,0,1,12.25,100.0
aeqkad_robust,window,full,fidelity,False,True,16,0.05,25,0,True,iid,0.1,1,s037,2,23.5,15.108695652173914,0.0,100.0,56,41,41,0,0,6,0.82,13.5390625,56,14,0,0,1,3466,256,16,0,0,0,11.6875,
aeqkad_robust,window,full,fidelity,False,True,16,0.05,25,0,True,iid,0.1,1,s037,3,23.75,5.597826086956524,0.0,100.0,56,38,38,0,0,6,0.76,12.5390625,56,18,0,0,0,3210,256,16,0,0,0,12.0625,
aeqkad_robust,window,full,fidelity,False,True,16,0.05,25,0,True,iid,0.1,1,s037,4,19.499999999999996,4.67391304347826,0.0,100.0,56,46,43,3,0,6,0.86,11.06640625,56,10,0,0,0,2833,256,16,0,0,2,8.25,
aeqkad_robust,window,full,fidelity,False,True,16,0.05,25,0,True,iid,0.1,1,s037,5,30.25,19.6195652173913,0.0,100.0,56,39,39,0,0,6,0.78,12.421875,56,17,0,0,0,3180,256,16,0,0,0,10.5625,
aeqkad_robust,window,full,fidelity,False,True,16,0.05,25,0,True,iid,0.1,1,s037,6,24.0,7.01086956521739,0.0,100.0,56,41,40,1,0,6,0.8,10.71484375,56,15,0,0,0,2743,256,16,0,0,0,10.5625,
aeqkad_robust,window,full,fidelity,False,True,16,0.05,25,0,True,iid,0.1,1,s037,7,33.75,23.20652173913043,0.0,100.0,56,36,34,2,0,6,0.68,11.86328125,56,20,0,0,0,3037,256,16,0,0,2,13.8125,
aeqkad_robust,window,full,fidelity,False,True,16,0.05,25,0,True,iid,0.1,1,s037,8,19.749999999999996,12.771739130434783,0.0,100.0,56,42,41,1,0,6,0.82,10.98046875,56,14,0,0,0,2811,256,16,0,0,1,12.25,100.0
aeqkad_robust,window,full,fidelity,False,True,16,0.05,25,0,True,iid,0.1,2,s037,2,21.499999999999996,10.434782608695654,0.0,91.0,56,39,39,0,0,6,0.78,13.4765625,55,16,0,0,0,3450,256,16,0,0,0,12.0,
aeqkad_robust,window,full,fidelity,False,True,16,0.05,25,0,True,iid,0.1,2,s037,3,19.499999999999996,5.597826086956524,4.0,92.0,56,40,39,1,0,6,0.78,12.5078125,53,13,0,0,0,3202,256,16,0,0,0,10.0625,
aeqkad_robust,window,full,fidelity,False,True,16,0.05,25,0,True,iid,0.1,2,s037,4,21.999999999999996,4.67391304347826,0.0,88.5,56,45,42,3,0,6,0.84,12.03515625,56,11,0,0,0,3081,256,16,0,0,0,8.5625,
aeqkad_robust,window,full,fidelity,False,True,16,0.05,25,0,True,iid,0.1,2,s037,5,30.000000000000004,24.456521739130434,2.0,91.0,56,40,36,4,0,6,0.72,11.73046875,54,14,0,0,0,3003,256,16,0,0,3,9.0625,
aeqkad_robust,window,full,fidelity,False,True,16,0.05,25,0,True,iid,0.1,2,s037,6,25.5,14.021739130434785,6.0,93.0,56,39,39,0,0,6,0.78,10.6171875,52,12,0,0,1,2718,256,16,0,0,0,13.25,
aeqkad_robust,window,full,fidelity,False,True,16,0.05,25,0,True,iid,0.1,2,s037,7,36.25,23.20652173913043,4.0,93.0,56,33,33,0,0,6,0.66,10.84765625,54,21,0,0,0,2777,256,16,0,0,0,15.5625,
aeqkad_robust,window,full,fidelity,False,True,16,0.05,25,0,True,iid,0.1,2,s037,8,19.749999999999996,9.184782608695654,0.0,89.0,56,41,41,0,0,6,0.82,11.01171875,53,12,0,0,0,2819,256,16,0,0,0,13.125,100.0
static_robust,static,none,fidelity,False,True,16,0.05,25,0,True,iid,0.1,0,s038,2,21.749999999999996,11.847826086956523,10.0,43.5,56,0,0,0,0,6,0.0,36.0,0,0,0,0,0,9216,256,50,0,50,0,81.5,
static_robust,static,none,fidelity,False,True,16,0.05,25,0,True,iid,0.1,0,s038,3,23.25,21.956521739130434,4.0,49.0,56,0,0,0,0,6,0.0,36.0,0,0,0,0,0,9216,256,50,0,50,0,137.5,
static_robust,static,none,fidelity,False,True,16,0.05,25,0,True,iid,0.1,0,s038,4,32.49999999999999,27.8804347826087,18.0,41.0,56,0,0,0,0,6,0.0,36.0,0,0,0,0,0,9216,256,50,0,50,0,193.5,
static_robust,static,none,fidelity,False,True,16,0.05,25,0,True,iid,0.1,0,s038,5,31.999999999999996,28.967391304347828,16.0,44.5,56,0,0,0,0,6,0.0,36.0,0,0,0,0,0,9216,256,50,0,50,0,249.5,
static_robust,static,none,fidelity,False,True,16,0.05,25,0,True,iid,0.1,0,s038,6,23.75,16.358695652173914,4.0,43.5,56,0,0,0,0,6,0.0,36.0,0,0,0,0,0,9216,256,50,0,50,0,305.5,
static_robust,static,none,fidelity,False,True,16,0.05,25,0,True,iid,0.1,0,s038,7,18.749999999999996,12.771739130434783,6.0,35.0,56,0,0,0,0,6,0.0,36.0,0,0,0,0,0,9216,256,50,0,50,0,361.5,
static_robust,static,none,fidelity,False,True,16,0.05,25,0,True,iid,0.1,0,s038,8,23.75,25.706521739130434,10.0,39.0,56,0,0,0,0,6,0.0,36.0,0,0,0,0,0,9216,256,50,0,50,0,417.5,54.0
static_robust,static,none,fidelity,False,True,16,0.05,25,0,True,iid,0.1,1,s038,2,23.75,18.532608695652172,6.0,56.49999999999999,56,0,0,0,0,6,0.0,35.0,0,0,0,0,0,8960,256,50,0,50,0,81.5,
static_robust,static,none,fidelity,False,True,16,0.05,25,0,True,iid,0.1,1,s038,3,22.499999999999996,17.608695652173914,0.0,60.0,56,0,0,0,0,6,0.0,35.0,0,0,0,0,0,8960,256,50,0,50,0,137.5,
static_robust,static,none,fidelity,False,True,16,0.05,25,0,True,iid,0.1,1,s038,4,31.499999999999993,31.467391304347824,4.0,57.49999999999999,56,0,0,0,0,6,0.0,35.0,0,0,0,0,0,8960,256,50,0,50,0,193.5,
static_robust,static,none,fidelity,False,True,16,0.05,25,0,True,iid,0.1,1,s038,5,31.499999999999993,27.8804347826087,6.0,59.0,56,0,0,0,0,6,0.0,35.0,0,0,0,0,0,8960,256,50,0,50,0,249.5,
static_robust,static,none,fidelity,False,True,16,0.05,25,0,True,iid,0.1,1,s038,6,21.499999999999996,15.108695652173914,2.0,63.0,56,0,0,0,0,6,0.0,35.0,0,0,0,0,0,8960,256,50,0,50,0,305.5,
static_robust,static,none,fidelity,False,True,16,0.05,25,0,True,iid,0.1,1,s038,7,18.500000000000004,17.282608695652176,4.0,57.49999999999999,56,0,0,0,0,6,0.0,35.0,0,0,0,0,0,8960,256,50,0,50,0,361.5,
static_robust,static,none,fidelity,False,True,16,0.05,25,0,True,iid,0.1,1,s038,8,27.500000000000004,24.456521739130434,2.0,56.99999999999999,56,0,0,0,0,6,0.0,35.0,0,0,0,0,0,8960,256,50,0,50,0,417.5,98.0
static_robust,static,none,fidelity,False,True,16,0.05,25,0,True,iid,0.1,2,s038,2,20.25,18.532608695652172,4.0,75.5,56,0,0,0,0,6,0.0,36.0,0,0,0,0,0,9216,256,50,0,50,0,81.5,
static_robust,static,none,fidelity,False,True,16,0.05,25,0,True,iid,0.1,2,s038,3,22.0,19.6195652173913,0.0,81.5,56,0,0,0,0,6,0.0,36.0,0,0,0,0,0,9216,256,50,0,50,0,137.5,
static_robust,static,none,fidelity,False,True,16,0.05,25,0,True,iid,0.1,2,s038,4,28.500000000000004,29.130434782608695,0.0,75.5,56,0,0,0,0,6,0.0,36.0,0,0,0,0,0,9216,256,50,0,50,0,193.5,
static_robust,static,none,fidelity,False,True,16,0.05,25,0,True,iid,0.1,2,s038,5,30.999999999999993,22.1195652173913,0.0,76.5,56,0,0,0,0,6,0.0,36.0,0,0,0,0,0,9216,256,50,0,50,0,249.5,
static_robust,static,none,fidelity,False,True,16,0.05,25,0,True,iid,0.1,2,s038,6,22.249999999999996,17.445652173913043,2.0,76.0,56,0,0,0,0,6,0.0,36.0,0,0,0,0,0,9216,256,50,0,50,0,305.5,
static_robust,static,none,fidelity,False,True,16,0.05,25,0,True,iid,0.1,2,s038,7,17.750000000000004,7.33695652173913,0.0,75.5,56,0,0,0,0,6,0.0,36.0,0,0,0,0,0,9216,256,50,0,50,0,361.5,
static_robust,static,none,fidelity,False,True,16,0.05,25,0,True,iid,0.1,2,s038,8,28.000000000000004,24.456521739130434,0.0,80.0,56,0,0,0,0,6,0.0,36.0,0,0,0,0,0,9216,256,50,0,50,0,417.5,26.0
window_robust,window,none,fidelity,False,True,16,0.05,25,0,True,iid,0.1,0,s038,2,28.249999999999996,12.771739130434783,0.0,100.0,56,56,50,6,0,6,1.0,14.30859375,0,0,0,0,0,3663,256,16,0,0,3,7.5,
window_robust,window,none,fidelity,False,True,16,0.05,25,0,True,iid,0.1,0,s038,3,21.749999999999996,11.684782608695654,0.0,100.0,56,56,50,6,0,6,1.0,12.9296875,0,0,0,0,0,3310,256,16,0,0,2,7.5,
window_robust,window,none,fidelity,False,True,16,0.05,25,0,True,iid,0.1,0,s038,4,23.5,12.771739130434783,0.0,100.0,56,56,50,6,0,6,1.0,11.19140625,0,0,0,0,0,2865,256,16,0,0,2,7.5,
window_robust,window,none,fidelity,False,True,16,0.05,25,0,True,iid,0.1,0,s038,5,20.249999999999996,14.021739130434785,0.0,100.0,56,56,50,6,0,6,1.0,11.4765625,0,0,0,0,0,2938,256,16,0,0,1,7.5,
window_robust,window,none,fidelity,False,True,16,0.05,25,0,True,iid,0.1,0,s038,6,18.000000000000004,7.01086956521739,0.0,100.0,56,56,50,6,0,6,1.0,10.2109375,0,0,0,0,0,2614,256,16,0,0,0,7.5,
window_robust,window,none,fidelity,False,True,16,0.05,25,0,True,iid,0.1,0,s038,7,21.499999999999996,9.184782608695654,0.0,100.0,56,56,50,6,0,6,1.0,11.65625,0,0,0,0,0,2984,256,16,0,0,2,7.5,
window_robust,window,none,fidelity,False,True,16,0.05,25,0,True,iid,0.1,0,s038,8,18.000000000000004,12.771739130434783,0.0,100.0,56,56,50,6,0,6,1.0,10.953125,0,0,0,0,0,2804,256,16,0,0,2,7.5,100.0
window_robust,window,none,fidelity,False,True,16,0.05,25,0,True,iid,0.1,1,s038,2,30.25,16.195652173913043,0.0,100.0,56,56,50,6,0,6,1.0,14.21875,0,0,0,0,0,3640,256,16,0,0,3,7.5,
window_robust,window,none,fidelity,False,True,16,0.05,25,0,True,iid,0.1,1,s038,3,21.999999999999996,7.33695652173913,0.0,100.0,56,56,50,6,0,6,1.0,12.6328125,0,0,0,0,0,3234,256,16,0,0,3,7.5,
window_robust,window,none,fidelity,False,True,16,0.05,25,0,True,iid,0.1,1,s038,4,25.5,7.01086956521739,0.0,100.0,56,56,50,6,0,6,1.0,11.76953125,0,0,0,0,0,3013,256,16,0,0,1,7.5,
window_robust,window,none,fidelity,False,True,16,0.05,25,0,True,iid,0.1,1,s038,5,21.999999999999996,11.521739130434785,0.0,100.0,56,56,50,6,0,6,1.0,11.30859375,0,0,0,0,0,2895,256,16,0,0,1,7.5,
window_robust,window,none,fidelity,False,True,16,0.05,25,0,True,iid,0.1,1,s038,6,20.0,6.847826086956524,0.0,100.0,56,56,50,6,0,6,1.0,9.91015625,0,0,0,0,0,2537,256,16,0,0,1,7.5,
window_robust,window,none,fidelity,False,True,16,0.05,25,0,True,iid,0.1,1,s038,7,22.249999999999996,11.684782608695654,0.0,100.0,56,56,50,6,0,6,1.0,11.7734375,0,0,0,0,0,3014,256,16,0,0,1,7.5,
window_robust,window,none,fidelity,False,True,16,0.05,25,0,True,iid,0.1,1,s038,8,16.75,14.021739130434785,0.0,100.0,56,56,50,6,0,6,1.0,10.70703125,0,0,0,0,0,2741,256,16,0,0,4,7.5,100.0
window_robust,window,none,fidelity,False,True,16,0.05,25,0,True,iid,0.1,2,s038,2,30.000000000000004,18.695652173913043,0.0,100.0,56,56,50,6,0,6,1.0,13.94921875,0,0,0,0,0,3571,256,16,0,0,2,7.5,
window_robust,window,none,fidelity,False,True,16,0.05,25,0,True,iid,0.1,2,s038,3,17.500000000000004,2.33695652173913,0.0,100.0,56,56,50,6,0,6,1.0,13.2421875,0,0,0,0,0,3390,256,16,0,0,2,7.5,
window_robust,window,none,fidelity,False,True,16,0.05,25,0,True,iid,0.1,2,s038,4,22.499999999999996,8.097826086956525,0.0,100.0,56,56,50,6,0,6,1.0,11.87109375,0,0,0,0,0,3039,256,16,0,0,1,7.5,
window_robust,window,none,fidelity,False,True,16,0.05,25,0,True,iid,0.1,2,s038,5,20.0,12.771739130434783,0.0,100.0,56,56,50,6,0,6,1.0,11.71875,0,0,0,0,0,3000,256,16,0,0,1,7.5,
window_robust,window,none,fidelity,False,True,16,0.05,25,0,True,iid,0.1,2,s038,6,17.750000000000004,11.521739130434785,0.0,100.0,56,56,50,6,0,6,1.0,9.671875,0,0,0,0,0,2476,256,16,0,0,1,7.5,
window_robust,window,none,fidelity,False,True,16,0.05,25,0,True,iid,0.1,2,s038,7,23.5,12.934782608695656,0.0,100.0,56,56,50,6,0,6,1.0,11.625,0,0,0,0,0,2976,256,16,0,0,2,7.5,
window_robust,window,none,fidelity,False,True,16,0.05,25,0,True,iid,0.1,2,s038,8,17.750000000000004,8.097826086956525,0.0,100.0,56,56,50,6,0,6,1.0,10.76171875,0,0,0,0,0,2755,256,16,0,0,4,7.5,100.0
aeqkad_robust,window,full,fidelity,False,True,16,0.05,25,0,True,iid,0.1,0,s038,2,27.0,15.108695652173914,0.0,100.0,56,39,37,2,0,6,0.74,12.98828125,56,17,0,0,0,3325,256,16,0,0,1,10.5625,
aeqkad_robust,window,full,fidelity,False,True,16,0.05,25,0,True,iid,0.1,0,s038,3,18.250000000000004,10.434782608695654,0.0,100.0,56,46,45,1,0,6,0.9,11.765625,56,10,0,0,0,3012,256,16,0,0,0,9.375,
aeqkad_robust,window,full,fidelity,False,True,16,0.05,25,0,True,iid,0.1,0,s038,4,22.249999999999996,7.17391304347826,0.0,100.0,56,44,41,3,0,6,0.82,9.4765625,56,12,0,0,0,2426,256,16,0,0,2,8.3125,
aeqkad_robust,window,full,fidelity,False,True,16,0.05,25,0,True,iid,0.1,0,s038,5,17.5,9.510869565217389,0.0,100.0,56,47,46,1,0,6,0.92,9.984375,56,9,0,0,0,2556,256,16,0,0,0,8.625,
aeqkad_robust,window,full,fidelity,False,True,16,0.05,25,0,True,iid,0.1,0,s038,6,15.750000000000004,7.01086956521739,0.0,100.0,56,53,48,5,0,6,0.96,9.68359375,56,3,0,0,0,2479,256,16,0,0,0,7.5,
aeqkad_robust,window,full,fidelity,False,True,16,0.05,25,0,True,iid,0.1,0,s038,7,22.249999999999996,9.184782608695654,0.0,100.0,56,44,43,1,0,6,0.86,10.1328125,56,12,0,0,0,2594,256,16,0,0,0,11.0625,
aeqkad_robust,window,full,fidelity,False,True,16,0.05,25,0,True,iid,0.1,0,s038,8,19.249999999999996,17.445652173913043,0.0,100.0,56,47,44,3,0,6,0.88,8.640625,56,9,0,0,0,2212,256,16,0,0,2,7.5,100.0
aeqkad_robust,window,full,fidelity,False,True,16,0.05,25,0,True,iid,0.1,1,s038,2,29.500000000000004,12.771739130434783,0.0,100.0,56,41,39,2,0,6,0.78,12.859375,56,15,0,0,0,3292,256,16,0,0,2,9.5625,
aeqkad_robust,window,full,fidelity,False,True,16,0.05,25,0,True,iid,0.1,1,s038,3,22.749999999999996,14.945652173913043,0.0,100.0,56,45,44,1,0,6,0.88,11.3984375,56,11,0,0,0,2918,256,16,0,0,1,9.875,
aeqkad_robust,window,full,fidelity,False,True,16,0.05,25,0,True,iid,0.1,1,s038,4,21.999999999999996,8.097826086956525,0.0,100.0,56,47,44,3,0,6,0.88,9.51171875,56,9,0,0,0,2435,256,16,0,0,2,8.375,
aeqkad_robust,window,full,fidelity,False,True,16,0.05,25,0,True,iid,0.1,1,s038,5,21.749999999999996,10.434782608695654,0.0,100.0,56,50,47,3,0,6,0.94,10.54296875,56,6,0,0,0,2699,256,16,0,0,0,8.375,
aeqkad_robust,window,full,fidelity,False,True,16,0.05,25,0,True,iid,0.1,1,s038,6,19.499999999999996,6.847826086956524,0.0,100.0,56,51,48,3,0,6,0.96,9.328125,56,5,0,0,0,2388,256,16,0,0,1,7.5,
aeqkad_robust,window,full,fidelity,False,True,16,0.05,25,0,True,iid,0.1,1,s038,7,24.5,11.684782608695654,0.0,100.0,56,44,43,1,0,6,0.86,10.51171875,56,12,0,0,0,2691,256,16,0,0,0,9.8125,
aeqkad_robust,window,full,fidelity,False,True,16,0.05,25,0,True,iid,0.1,1,s038,8,19.749999999999996,12.934782608695656,0.0,100.0,56,50,45,5,0,6,0.9,9.01953125,56,6,0,0,0,2309,256,16,0,0,4,7.5,100.0
aeqkad_robust,window,full,fidelity,False,True,16,0.05,25,0,True,iid,0.1,2,s038,2,25.25,21.956521739130434,0.0,100.0,56,39,37,2,0,6,0.74,12.703125,56,17,0,0,0,3252,256,16,0,0,2,11.6875,
aeqkad_robust,window,full,fidelity,False,True,16,0.05,25,0,True,iid,0.1,2,s038,3,16.250000000000004,4.67391304347826,0.0,100.0,56,44,43,1,0,6,0.86,11.109375,56,12,0,0,0,2844,256,16,0,0,0,9.3125,
aeqkad_robust,window,full,fidelity,False,True,16,0.05,25,0,True,iid,0.1,2,s038,4,22.749999999999996,9.184782608695654,0.0,100.0,56,41,41,0,0,6,0.82,9.0078125,56,15,0,0,0,2306,256,16,0,0,0,9.25,
aeqkad_robust,window,full,fidelity,False,True,16,0.05,25,0,True,iid,0.1,2,s038,5,21.499999999999996,12.771739130434783,0.0,100.0,56,47,46,1,0,6,0.92,10.08984375,56,9,0,0,0,2583,256,16,0,0,1,8.1875,
aeqkad_robust,window,full,fidelity,False,True,16,0.05,25,0,True,iid,0.1,2,s038,6,18.250000000000004,11.521739130434785,0.0,100.0,56,51,47,4,0,6,0.94,9.00390625,56,5,0,0,0,2305,256,16,0,0,1,8.1875,
aeqkad_robust,window,full,fidelity,False,True,16,0.05,25,0,True,iid,0.1,2,s038,7,23.75,15.108695652173914,0.0,100.0,56,45,43,2,0,6,0.86,10.48046875,56,11,0,0,0,2683,256,16,0,0,0,10.625,
aeqkad_robust,window,full,fidelity,False,True,16,0.05,25,0,True,iid,0.1,2,s038,8,19.749999999999996,10.434782608695654,0.0,100.0,56,45,44,1,0,6,0.88,8.40625,56,11,0,0,0,2152,256,16,0,0,1,9.375,100.0
static_robust,static,none,fidelity,False,True,16,0.05,25,0,True,iid,0.1,0,s039,2,14.500000000000002,2.33695652173913,12.0,35.0,56,0,0,0,0,6,0.0,41.0,0,0,0,0,0,10496,256,50,0,50,0,81.5,
static_robust,static,none,fidelity,False,True,16,0.05,25,0,True,iid,0.1,0,s039,3,13.750000000000002,0.0,10.0,33.5,56,0,0,0,0,6,0.0,41.0,0,0,0,0,0,10496,256,50,0,50,0,137.5,
static_robust,static,none,fidelity,False,True,16,0.05,25,0,True,iid,0.1,0,s039,4,18.250000000000004,3.423913043478259,14.000000000000002,37.0,56,0,0,0,0,6,0.0,41.0,0,0,0,0,0,10496,256,50,0,50,0,193.5,
static_robust,static,none,fidelity,False,True,16,0.05,25,0,True,iid,0.1,0,s039,5,11.5,0.0,8.0,33.5,56,0,0,0,0,6,0.0,41.0,0,0,0,0,0,10496,256,50,0,50,0,249.5,
static_robust,static,none,fidelity,False,True,16,0.05,25,0,True,iid,0.1,0,s039,6,15.0,2.33695652173913,8.0,29.5,56,0,0,0,0,6,0.0,41.0,0,0,0,0,0,10496,256,50,0,50,0,305.5,
static_robust,static,none,fidelity,False,True,16,0.05,25,0,True,iid,0.1,0,s039,7,9.75,3.423913043478259,12.0,34.0,56,0,0,0,0,6,0.0,41.0,0,0,0,0,0,10496,256,50,0,50,0,361.5,
static_robust,static,none,fidelity,False,True,16,0.05,25,0,True,iid,0.1,0,s039,8,18.250000000000004,4.67391304347826,14.000000000000002,33.0,56,0,0,0,0,6,0.0,41.0,0,0,0,0,0,10496,256,50,0,50,0,417.5,24.0
static_robust,static,none,fidelity,False,True,16,0.05,25,0,True,iid,0.1,1,s039,2,18.75,0.0,12.0,35.5,56,0,0,0,0,6,0.0,40.0,0,0,0,0,0,10240,256,50,0,50,0,81.5,
static_robust,static,none,fidelity,False,True,16,0.05,25,0,True,iid,0.1,1,s039,3,13.750000000000002,0.0,10.0,35.0,56,0,0,0,0,6,0.0,40.0,0,0,0,0,0,10240,256,50,0,50,0,137.5,
static_robust,static,none,fidelity,False,True,16,0.05,25,0,True,iid,0.1,1,s039,4,14.500000000000002,3.423913043478259,12.0,37.5,56,0,0,0,0,6,0.0,40.0,0,0,0,0,0,10240,256,50,0,50,0,193.5,
static_robust,static,none,fidelity,False,True,16,0.05,25,0,True,iid,0.1,1,s039,5,11.249999999999998,3.423913043478259,8.0,39.0,56,0,0,0,0,6,0.0,40.0,0,0,0,0,0,10240,256,50,0,50,0,249.5,
static_robust,static,none,fidelity,False,True,16,0.05,25,0,True,iid,0.1,1,s039,6,7.249999999999999,0.0,8.0,38.0,56,0,0,0,0,6,0.0,40.0,0,0,0,0,0,10240,256,50,0,50,0,305.5,
static_robust,static,none,fidelity,False,True,16,0.05,25,0,True,iid,0.1,1,s039,7,9.75,1.25,12.0,32.0,56,0,0,0,0,6,0.0,40.0,0,0,0,0,0,10240,256,50,0,50,0,361.5,
static_robust,static,none,fidelity,False,True,16,0.05,25,0,True,iid,0.1,1,s039,8,20.0,4.67391304347826,14.000000000000002,39.5,56,0,0,0,0,6,0.0,40.0,0,0,0,0,0,10240,256,50,0,50,0,417.5,30.0
static_robust,static,none,fidelity,False,True,16,0.05,25,0,True,iid,0.1,2,s039,2,14.250000000000002,0.0,16.0,13.0,56,0,0,0,0,6,0.0,42.0,0,0,0,0,0,10752,256,50,0,50,0,81.5,
static_robust,static,none,fidelity,False,True,16,0.05,25,0,True,iid,0.1,2,s039,3,12.25,0.0,16.0,11.5,56,0,0,0,0,6,0.0,42.0,0,0,0,0,0,10752,256,50,0,50,0,137.5,
static_robust,static,none,fidelity,False,True,16,0.05,25,0,True,iid,0.1,2,s039,4,16.250000000000004,1.25,18.0,11.5,56,0,0,0,0,6,0.0,42.0,0,0,0,0,0,10752,256,50,0,50,0,193.5,
static_robust,static,none,fidelity,False,True,16,0.05,25,0,True,iid,0.1,2,s039,5,12.5,0.0,12.0,13.0,56,0,0,0,0,6,0.0,42.0,0,0,0,0,0,10752,256,50,0,50,0,249.5,
static_robust,static,none,fidelity,False,True,16,0.05,25,0,True,iid,0.1,2,s039,6,7.75,0.0,12.0,10.5,56,0,0,0,0,6,0.0,42.0,0,0,0,0,0,10752,256,50,0,50,0,305.5,
static_robust,static,none,fidelity,False,True,16,0.05,25,0,True,iid,0.1,2,s039,7,10.0,5.760869565217389,12.0,11.5,56,0,0,0,0,6,0.0,42.0,0,0,0,0,0,10752,256,50,0,50,0,361.5,
static_robust,static,none,fidelity,False,True,16,0.05,25,0,True,iid,0.1,2,s039,8,17.000000000000004,3.58695652173913,22.0,12.0,56,0,0,0,0,6,0.0,42.0,0,0,0,0,0,10752,256,50,0,50,0,417.5,0.0
window_robust,window,none,fidelity,False,True,16,0.05,25,0,True,iid,0.1,0,s039,2,14.250000000000002,4.67391304347826,8.0,40.0,56,48,46,2,0,6,0.92,15.25,0,0,0,0,0,3904,256,16,0,0,1,8.625,
window_robust,window,none,fidelity,False,True,16,0.05,25,0,True,iid,0.1,0,s039,3,20.499999999999996,0.0,18.0,29.5,56,43,41,2,0,6,0.82,12.6171875,0,0,0,0,0,3230,256,16,0,0,1,10.6875,
window_robust,window,none,fidelity,False,True,16,0.05,25,0,True,iid,0.1,0,s039,4,17.750000000000004,0.0,16.0,26.5,56,43,42,1,0,6,0.84,12.34375,0,0,0,0,0,3160,256,16,0,0,0,10.875,
window_robust,window,none,fidelity,False,True,16,0.05,25,0,True,iid,0.1,0,s039,5,11.249999999999998,2.33695652173913,6.0,38.5,56,52,47,5,0,6,0.94,13.5,0,0,0,0,0,3456,256,16,0,0,3,7.9375,
window_robust,window,none,fidelity,False,True,16,0.05,25,0,True,iid,0.1,0,s039,6,11.75,0.0,10.0,23.5,56,46,45,1,0,6,0.9,11.3671875,0,0,0,0,0,2910,256,16,0,0,0,7.9375,
window_robust,window,none,fidelity,False,True,16,0.05,25,0,True,iid,0.1,0,s039,7,15.000000000000002,0.0,12.0,24.0,56,46,44,2,0,6,0.88,11.4140625,0,0,0,0,0,2922,256,16,0,0,2,8.0625,
window_robust,window,none,fidelity,False,True,16,0.05,25,0,True,iid,0.1,0,s039,8,20.0,2.33695652173913,12.0,33.0,56,46,44,2,0,6,0.88,13.578125,0,0,0,0,0,3476,256,16,0,0,1,9.875,60.0
window_robust,window,none,fidelity,False,True,16,0.05,25,0,True,iid,0.1,1,s039,2,14.750000000000002,1.0869565217391297,0.0,100.0,56,56,50,6,0,6,1.0,15.48828125,0,0,0,0,0,3965,256,16,0,0,1,7.5,
window_robust,window,none,fidelity,False,True,16,0.05,25,0,True,iid,0.1,1,s039,3,13.0,0.0,0.0,100.0,56,56,50,6,0,6,1.0,13.515625,0,0,0,0,0,3460,256,16,0,0,3,7.5,
window_robust,window,none,fidelity,False,True,16,0.05,25,0,True,iid,0.1,1,s039,4,12.75,2.33695652173913,0.0,100.0,56,56,50,6,0,6,1.0,14.11328125,0,0,0,0,0,3613,256,16,0,0,0,7.5,
window_robust,window,none,fidelity,False,True,16,0.05,25,0,True,iid,0.1,1,s039,5,13.750000000000002,1.0869565217391297,0.0,100.0,56,56,50,6,0,6,1.0,13.94140625,0,0,0,0,0,3569,256,16,0,0,2,7.5,
window_robust,window,none,fidelity,False,True,16,0.05,25,0,True,iid,0.1,1,s039,6,9.0,0.0,0.0,100.0,56,56,50,6,0,6,1.0,12.30859375,0,0,0,0,0,3151,256,16,0,0,1,7.5,
window_robust,window,none,fidelity,False,True,16,0.05,25,0,True,iid,0.1,1,s039,7,11.5,0.0,0.0,100.0,56,56,50,6,0,6,1.0,12.953125,0,0,0,0,0,3316,256,16,0,0,1,7.5,
window_robust,window,none,fidelity,False,True,16,0.05,25,0,True,iid,0.1,1,s039,8,18.000000000000004,2.33695652173913,0.0,100.0,56,56,50,6,0,6,1.0,14.3125,0,0,0,0,0,3664,256,16,0,0,1,7.5,100.0
window_robust,window,none,fidelity,False,True,16,0.05,25,0,True,iid,0.1,2,s039,2,13.0,2.33695652173913,0.0,100.0,56,56,50,6,0,6,1.0,15.56640625,0,0,0,0,0,3985,256,16,0,0,0,7.5,
window_robust,window,none,fidelity,False,True,16,0.05,25,0,True,iid,0.1,2,s039,3,17.0,0.0,0.0,100.0,56,56,50,6,0,6,1.0,13.421875,0,0,0,0,0,3436,256,16,0,0,1,7.5,
window_robust,window,none,fidelity,False,True,16,0.05,25,0,True,iid,0.1,2,s039,4,13.25,0.0,0.0,100.0,56,56,50,6,0,6,1.0,14.1953125,0,0,0,0,0,3634,256,16,0,0,2,7.5,
window_robust,window,none,fidelity,False,True,16,0.05,25,0,True,iid,0.1,2,s039,5,10.75,2.33695652173913,0.0,100.0,56,56,50,6,0,6,1.0,13.87890625,0,0,0,0,0,3553,256,16,0,0,2,7.5,
window_robust,window,none,fidelity,False,True,16,0.05,25,0,True,iid,0.1,2,s039,6,12.25,0.0,0.0,100.0,56,56,50,6,0,6,1.0,12.48046875,0,0,0,0,0,3195,256,16,0,0,1,7.5,
window_robust,window,none,fidelity,False,True,16,0.05,25,0,True,iid,0.1,2,s039,7,8.5,0.0,0.0,100.0,56,56,50,6,0,6,1.0,13.37109375,0,0,0,0,0,3423,256,16,0,0,0,7.5,
window_robust,window,none,fidelity,False,True,16,0.05,25,0,True,iid,0.1,2,s039,8,20.0,9.184782608695654,0.0,100.0,56,56,50,6,0,6,1.0,14.21484375,0,0,0,0,0,3639,256,16,0,0,1,7.5,100.0
aeqkad_robust,window,full,fidelity,False,True,16,0.05,25,0,True,iid,0.1,0,s039,2,14.250000000000002,5.923913043478259,12.0,36.0,56,36,36,0,0,6,0.72,14.7890625,46,10,0,0,0,3786,256,16,0,0,0,10.8125,
aeqkad_robust,window,full,fidelity,False,True,16,0.05,25,0,True,iid,0.1,0,s039,3,19.499999999999996,0.0,18.0,20.5,56,38,37,1,0,6,0.74,11.62890625,43,5,0,0,0,2977,256,16,0,0,1,11.0,
aeqkad_robust,window,full,fidelity,False,True,16,0.05,25,0,True,iid,0.1,0,s039,4,15.000000000000002,0.0,16.0,24.0,56,31,31,0,0,6,0.62,10.87890625,42,11,0,0,0,2785,256,16,0,0,0,15.25,
aeqkad_robust,window,full,fidelity,False,True,16,0.05,25,0,True,iid,0.1,0,s039,5,11.75,2.33695652173913,6.0,27.0,56,38,38,0,0,6,0.76,11.796875,50,12,0,0,0,3020,256,16,0,0,0,11.9375,
aeqkad_robust,window,full,fidelity,False,True,16,0.05,25,0,True,iid,0.1,0,s039,6,12.75,0.0,10.0,19.0,56,41,41,0,0,6,0.82,9.9140625,45,4,0,0,0,2538,256,16,0,0,0,8.1875,
aeqkad_robust,window,full,fidelity,False,True,16,0.05,25,0,True,iid,0.1,0,s039,7,11.75,0.0,14.000000000000002,19.5,56,40,39,1,0,6,0.78,11.359375,44,4,0,0,0,2908,256,16,0,0,1,10.5,
aeqkad_robust,window,full,fidelity,False,True,16,0.05,25,0,True,iid,0.1,0,s039,8,20.0,2.33695652173913,18.0,21.5,56,34,34,0,0,6,0.68,12.12890625,42,8,0,0,0,3105,256,16,0,0,0,13.0,32.0
aeqkad_robust,window,full,fidelity,False,True,16,0.05,25,0,True,iid,0.1,1,s039,2,13.25,0.0,0.0,100.0,56,37,37,0,0,6,0.74,14.98046875,56,19,0,0,0,3835,256,16,0,0,0,9.3125,
aeqkad_robust,window,full,fidelity,False,True,16,0.05,25,0,True,iid,0.1,1,s039,3,21.249999999999996,0.0,0.0,100.0,56,37,37,0,0,6,0.74,10.87890625,56,19,0,0,0,2785,256,16,0,0,0,11.8125,
aeqkad_robust,window,full,fidelity,False,True,16,0.05,25,0,True,iid,0.1,1,s039,4,14.500000000000002,2.33695652173913,0.0,100.0,56,36,36,0,0,6,0.72,11.3203125,56,20,0,0,0,2898,256,16,0,0,0,9.1875,
aeqkad_robust,window,full,fidelity,False,True,16,0.05,25,0,True,iid,0.1,1,s039,5,14.000000000000002,1.0869565217391297,0.0,100.0,56,39,38,1,0,6,0.76,12.3359375,56,17,0,0,0,3158,256,16,0,0,1,10.25,
aeqkad_robust,window,full,fidelity,False,True,16,0.05,25,0,True,iid,0.1,1,s039,6,9.25,0.0,0.0,100.0,56,41,41,0,0,6,0.82,10.19140625,56,15,0,0,0,2609,256,16,0,0,0,8.125,
aeqkad_robust,window,full,fidelity,False,True,16,0.05,25,0,True,iid,0.1,1,s039,7,10.25,0.0,0.0,100.0,56,39,39,0,0,6,0.78,10.90625,56,17,0,0,0,2792,256,16,0,0,0,9.625,
aeqkad_robust,window,full,fidelity,False,True,16,0.05,25,0,True,iid,0.1,1,s039,8,22.249999999999996,4.67391304347826,0.0,100.0,56,34,34,0,0,6,0.68,11.75,56,22,0,0,0,3008,256,16,0,0,0,12.6875,100.0
aeqkad_robust,window,full,fidelity,False,True,16,0.05,25,0,True,iid,0.1,2,s039,2,13.750000000000002,0.0,0.0,100.0,56,39,38,1,0,6,0.76,15.0078125,56,17,0,0,0,3842,256,16,0,0,0,9.125,
aeqkad_robust,window,full,fidelity,False,True,16,0.05,25,0,True,iid,0.1,2,s039,3,18.250000000000004,0.0,0.0,100.0,56,37,37,0,0,6,0.74,11.46875,56,19,0,0,0,2936,256,16,0,0,0,10.8125,
aeqkad_robust,window,full,fidelity,False,True,16,0.05,25,0,True,iid,0.1,2,s039,4,11.250000000000002,0.0,0.0,100.0,56,36,36,0,0,6,0.72,11.3359375,56,20,0,0,0,2902,256,16,0,0,0,10.4375,
aeqkad_robust,window,full,fidelity,False,True,16,0.05,25,0,True,iid,0.1,2,s039,5,10.249999999999998,0.0,0.0,100.0,56,41,40,1,0,6,0.8,12.234375,56,15,0,0,0,3132,256,16,0,0,0,11.0,
aeqkad_robust,window,full,fidelity,False,True,16,0.05,25,0,True,iid,0.1,2,s039,6,11.5,0.0,0.0,100.0,56,42,42,0,0,6,0.84,10.08203125,56,14,0,0,0,2581,256,16,0,0,0,8.375,
aeqkad_robust,window,full,fidelity,False,True,16,0.05,25,0,True,iid,0.1,2,s039,7,9.000000000000002,0.0,0.0,100.0,56,40,40,0,0,6,0.8,11.078125,56,16,0,0,0,2836,256,16,0,0,0,9.1875,
aeqkad_robust,window,full,fidelity,False,True,16,0.05,25,0,True,iid,0.1,2,s039,8,18.0,4.67391304347826,0.0,100.0,56,34,34,0,0,6,0.68,11.94921875,56,22,0,0,0,3059,256,16,0,0,0,13.125,100.0
static_robust,static,none,fidelity,False,True,16,0.05,25,0,True,iid,0.1,0,s040,2,48.0,46.57608695652174,0.0,100.0,56,0,0,0,0,6,0.0,34.0,0,0,0,0,0,8704,256,50,0,50,0,81.5,
static_robust,static,none,fidelity,False,True,16,0.05,25,0,True,iid,0.1,0,s040,3,31.25,15.108695652173914,0.0,100.0,56,0,0,0,0,6,0.0,34.0,0,0,0,0,0,8704,256,50,0,50,0,137.5,
static_robust,static,none,fidelity,False,True,16,0.05,25,0,True,iid,0.1,0,s040,4,34.5,26.79347826086957,0.0,100.0,56,0,0,0,0,6,0.0,34.0,0,0,0,0,0,8704,256,50,0,50,0,193.5,
static_robust,static,none,fidelity,False,True,16,0.05,25,0,True,iid,0.1,0,s040,5,26.5,5.760869565217389,0.0,100.0,56,0,0,0,0,6,0.0,34.0,0,0,0,0,0,8704,256,50,0,50,0,249.5,
static_robust,static,none,fidelity,False,True,16,0.05,25,0,True,iid,0.1,0,s040,6,26.249999999999996,12.771739130434783,0.0,100.0,56,0,0,0,0,6,0.0,34.0,0,0,0,0,0,8704,256,50,0,50,0,305.5,
static_robust,static,none,fidelity,False,True,16,0.05,25,0,True,iid,0.1,0,s040,7,18.999999999999996,9.347826086956525,0.0,100.0,56,0,0,0,0,6,0.0,34.0,0,0,0,0,0,8704,256,50,0,50,0,361.5,
static_robust,static,none,fidelity,False,True,16,0.05,25,0,True,iid,0.1,0,s040,8,24.5,15.108695652173914,0.0,100.0,56,0,0,0,0,6,0.0,34.0,0,0,0,0,0,8704,256,50,0,50,0,417.5,100.0
static_robust,static,none,fidelity,False,True,16,0.05,25,0,True,iid,0.1,1,s040,2,48.5,45.326086956521735,0.0,100.0,56,0,0,0,0,6,0.0,33.0,0,0,0,0,0,8448,256,50,0,50,0,81.5,
static_robust,static,none,fidelity,False,True,16,0.05,25,0,True,iid,0.1,1,s040,3,32.25,12.771739130434783,0.0,100.0,56,0,0,0,0,6,0.0,33.0,0,0,0,0,0,8448,256,50,0,50,0,137.5,
static_robust,static,none,fidelity,False,True,16,0.05,25,0,True,iid,0.1,1,s040,4,34.0,22.1195652173913,0.0,100.0,56,0,0,0,0,6,0.0,33.0,0,0,0,0,0,8448,256,50,0,50,0,193.5,
static_robust,static,none,fidelity,False,True,16,0.05,25,0,True,iid,0.1,1,s040,5,23.75,5.760869565217389,0.0,100.0,56,0,0,0,0,6,0.0,33.0,0,0,0,0,0,8448,256,50,0,50,0,249.5,
static_robust,static,none,fidelity,False,True,16,0.05,25,0,True,iid,0.1,1,s040,6,27.249999999999996,14.021739130434785,0.0,100.0,56,0,0,0,0,6,0.0,33.0,0,0,0,0,0,8448,256,50,0,50,0,305.5,
static_robust,static,none,fidelity,False,True,16,0.05,25,0,True,iid,0.1,1,s040,7,20.249999999999996,10.434782608695654,0.0,100.0,56,0,0,0,0,6,0.0,33.0,0,0,0,0,0,8448,256,50,0,50,0,361.5,
static_robust,static,none,fidelity,False,True,16,0.05,25,0,True,iid,0.1,1,s040,8,29.500000000000004,8.097826086956525,0.0,100.0,56,0,0,0,0,6,0.0,33.0,0,0,0,0,0,8448,256,50,0,50,0,417.5,100.0
static_robust,static,none,fidelity,False,True,16,0.05,25,0,True,iid,0.1,2,s040,2,48.5,45.326086956521735,0.0,100.0,56,0,0,0,0,6,0.0,33.0,0,0,0,0,0,8448,256,50,0,50,0,81.5,
static_robust,static,none,fidelity,False,True,16,0.05,25,0,True,iid,0.1,2,s040,3,30.75,13.858695652173914,0.0,100.0,56,0,0,0,0,6,0.0,33.0,0,0,0,0,0,8448,256,50,0,50,0,137.5,
static_robust,static,none,fidelity,False,True,16,0.05,25,0,True,iid,0.1,2,s040,4,31.25,19.945652173913043,0.0,100.0,56,0,0,0,0,6,0.0,33.0,0,0,0,0,0,8448,256,50,0,50,0,193.5,
static_robust,static,none,fidelity,False,True,16,0.05,25,0,True,iid,0.1,2,s040,5,26.25,5.760869565217389,0.0,100.0,56,0,0,0,0,6,0.0,33.0,0,0,0,0,0,8448,256,50,0,50,0,249.5,
static_robust,static,none,fidelity,False,True,16,0.05,25,0,True,iid,0.1,2,s040,6,21.999999999999996,12.771739130434783,0.0,100.0,56,0,0,0,0,6,0.0,33.0,0,0,0,0,0,8448,256,50,0,50,0,305.5,
static_robust,static,none,fidelity,False,True,16,0.05,25,0,True,iid,0.1,2,s040,7,21.499999999999996,10.434782608695654,0.0,100.0,56,0,0,0,0,6,0.0,33.0,0,0,0,0,0,8448,256,50,0,50,0,361.5,
static_robust,static,none,fidelity,False,True,16,0.05,25,0,True,iid,0.1,2,s040,8,23.75,9.184782608695654,0.0,100.0,56,0,0,0,0,6,0.0,33.0,0,0,0,0,0,8448,256,50,0,50,0,417.5,100.0
window_robust,window,none,fidelity,False,True,16,0.05,25,0,True,iid,0.1,0,s040,2,20.499999999999996,9.184782608695654,0.0,100.0,56,56,50,6,0,6,1.0,14.25390625,0,0,0,0,0,3649,256,16,0,0,1,7.5,
window_robust,window,none,fidelity,False,True,16,0.05,25,0,True,iid,0.1,0,s040,3,43.49999999999999,23.20652173913043,0.0,100.0,56,56,50,6,0,6,1.0,15.34765625,0,0,0,0,0,3929,256,16,0,0,2,7.5,
window_robust,window,none,fidelity,False,True,16,0.05,25,0,True,iid,0.1,0,s040,4,36.0,22.1195652173913,0.0,100.0,56,56,50,6,0,6,1.0,14.9609375,0,0,0,0,0,3830,256,16,0,0,1,7.5,
window_robust,window,none,fidelity,False,True,16,0.05,25,0,True,iid,0.1,0,s040,5,38.25,25.543478260869566,0.0,100.0,56,56,50,6,0,6,1.0,15.23828125,0,0,0,0,0,3901,256,16,0,0,0,7.5,
window_robust,window,none,fidelity,False,True,16,0.05,25,0,True,iid,0.1,0,s040,6,27.750000000000004,12.771739130434783,0.0,100.0,56,56,50,6,0,6,1.0,14.28125,0,0,0,0,0,3656,256,16,0,0,1,7.5,
window_robust,window,none,fidelity,False,True,16,0.05,25,0,True,iid,0.1,0,s040,7,30.000000000000004,18.532608695652172,0.0,100.0,56,56,50,6,0,6,1.0,13.44921875,0,0,0,0,0,3443,256,16,0,0,2,7.5,
window_robust,window,none,fidelity,False,True,16,0.05,25,0,True,iid,0.1,0,s040,8,32.99999999999999,16.358695652173914,0.0,100.0,56,56,50,6,0,6,1.0,13.74609375,0,0,0,0,0,3519,256,16,0,0,3,7.5,100.0
window_robust,window,none,fidelity,False,True,16,0.05,25,0,True,iid,0.1,1,s040,2,23.75,18.532608695652172,0.0,100.0,56,56,50,6,0,6,1.0,14.44140625,0,0,0,0,0,3697,256,16,0,0,3,7.5,
window_robust,window,none,fidelity,False,True,16,0.05,25,0,True,iid,0.1,1,s040,3,44.25,28.20652173913043,0.0,100.0,56,56,50,6,0,6,1.0,15.1796875,0,0,0,0,0,3886,256,16,0,0,2,7.5,
window_robust,window,none,fidelity,False,True,16,0.05,25,0,True,iid,0.1,1,s040,4,33.5,20.869565217391305,0.0,100.0,56,56,50,6,0,6,1.0,14.74609375,0,0,0,0,0,3775,256,16,0,0,1,7.5,
window_robust,window,none,fidelity,False,True,16,0.05,25,0,True,iid,0.1,1,s040,5,35.75,25.380434782608695,0.0,100.0,56,56,50,6,0,6,1.0,14.9609375,0,0,0,0,0,3830,256,16,0,0,1,7.5,
window_robust,window,none,fidelity,False,True,16,0.05,25,0,True,iid,0.1,1,s040,6,35.25,22.1195652173913,0.0,100.0,56,56,50,6,0,6,1.0,14.3359375,0,0,0,0,0,3670,256,16,0,0,2,7.5,
window_robust,window,none,fidelity,False,True,16,0.05,25,0,True,iid,0.1,1,s040,7,30.000000000000004,17.445652173913043,0.0,100.0,56,56,50,6,0,6,1.0,13.765625,0,0,0,0,0,3524,256,16,0,0,0,7.5,
window_robust,window,none,fidelity,False,True,16,0.05,25,0,True,iid,0.1,1,s040,8,31.000000000000007,10.271739130434785,0.0,100.0,56,56,50,6,0,6,1.0,13.296875,0,0,0,0,0,3404,256,16,0,0,4,7.5,100.0
window_robust,window,none,fidelity,False,True,16,0.05,25,0,True,iid,0.1,2,s040,2,25.5,21.793478260869566,0.0,100.0,56,56,50,6,0,6,1.0,14.53515625,0,0,0,0,0,3721,256,16,0,0,1,7.5,
window_robust,window,none,fidelity,False,True,16,0.05,25,0,True,iid,0.1,2,s040,3,42.00000000000001,29.130434782608695,0.0,100.0,56,56,50,6,0,6,1.0,15.2734375,0,0,0,0,0,3910,256,16,0,0,2,7.5,
window_robust,window,none,fidelity,False,True,16,0.05,25,0,True,iid,0.1,2,s040,4,37.75,25.543478260869566,0.0,100.0,56,56,50,6,0,6,1.0,14.734375,0,0,0,0,0,3772,256,16,0,0,1,7.5,
window_robust,window,none,fidelity,False,True,16,0.05,25,0,True,iid,0.1,2,s040,5,30.000000000000004,12.934782608695656,0.0,100.0,56,56,50,6,0,6,1.0,14.98828125,0,0,0,0,0,3837,256,16,0,0,4,7.5,
window_robust,window,none,fidelity,False,True,16,0.05,25,0,True,iid,0.1,2,s040,6,31.75,18.532608695652172,0.0,100.0,56,56,50,6,0,6,1.0,14.2421875,0,0,0,0,0,3646,256,16,0,0,1,7.5,
window_robust,window,none,fidelity,False,True,16,0.05,25,0,True,iid,0.1,2,s040,7,26.5,11.521739130434785,0.0,100.0,56,56,50,6,0,6,1.0,13.78125,0,0,0,0,0,3528,256,16,0,0,1,7.5,
window_robust,window,none,fidelity,False,True,16,0.05,25,0,True,iid,0.1,2,s040,8,35.75,17.445652173913043,0.0,100.0,56,56,50,6,0,6,1.0,14.10546875,0,0,0,0,0,3611,256,16,0,0,0,7.5,100.0
aeqkad_robust,window,full,fidelity,False,True,16,0.05,25,0,True,iid,0.1,0,s040,2,20.249999999999996,8.260869565217389,0.0,100.0,56,36,36,0,0,6,0.72,13.671875,56,20,0,0,0,3500,256,16,0,0,0,11.3125,
aeqkad_robust,window,full,fidelity,False,True,16,0.05,25,0,True,iid,0.1,0,s040,3,54.0,41.90217391304347,0.0,100.0,56,9,8,1,0,6,0.16,10.21875,56,47,0,0,0,2616,256,16,0,0,1,30.375,
aeqkad_robust,window,full,fidelity,False,True,16,0.05,25,0,True,iid,0.1,0,s040,4,42.25,25.543478260869566,0.0,100.0,56,32,30,2,0,6,0.6,12.1796875,56,24,0,0,0,3118,256,16,0,0,1,9.125,
aeqkad_robust,window,full,fidelity,False,True,16,0.05,25,0,True,iid,0.1,0,s040,5,36.25,22.1195652173913,0.0,100.0,56,27,27,0,0,6,0.54,12.26171875,56,29,0,0,0,3139,256,16,0,0,0,14.0625,
aeqkad_robust,window,full,fidelity,False,True,16,0.05,25,0,True,iid,0.1,0,s040,6,26.0,17.445652173913043,0.0,100.0,56,31,30,1,0,6,0.6,11.234375,56,25,0,0,0,2876,256,16,0,0,0,10.375,
aeqkad_robust,window,full,fidelity,False,True,16,0.05,25,0,True,iid,0.1,0,s040,7,27.500000000000004,12.771739130434783,0.0,100.0,56,39,37,2,0,6,0.74,11.26171875,56,17,0,0,0,2883,256,16,0,0,1,10.5,
aeqkad_robust,window,full,fidelity,False,True,16,0.05,25,0,True,iid,0.1,0,s040,8,35.75,10.434782608695654,0.0,100.0,56,33,32,1,0,6,0.64,11.56640625,56,23,0,0,0,2961,256,16,0,0,1,13.3125,100.0
aeqkad_robust,window,full,fidelity,False,True,16,0.05,25,0,True,iid,0.1,1,s040,2,18.250000000000004,2.33695652173913,0.0,100.0,56,40,40,0,0,6,0.8,13.421875,56,16,0,0,0,3436,256,16,0,0,0,10.5,
aeqkad_robust,window,full,fidelity,False,True,16,0.05,25,0,True,iid,0.1,1,s040,3,52.25,51.08695652173913,0.0,100.0,56,19,16,3,0,6,0.32,12.66015625,56,37,0,0,0,3241,256,16,0,0,2,10.8125,
aeqkad_robust,window,full,fidelity,False,True,16,0.05,25,0,True,iid,0.1,1,s040,4,35.75,20.869565217391305,0.0,100.0,56,36,33,3,0,6,0.66,12.91796875,56,20,0,0,0,3307,256,16,0,0,1,8.875,
aeqkad_robust,window,full,fidelity,False,True,16,0.05,25,0,True,iid,0.1,1,s040,5,34.75,23.20652173913043,0.0,100.0,56,35,33,2,0,6,0.66,13.1171875,56,21,0,0,0,3358,256,16,0,0,0,10.25,
aeqkad_robust,window,full,fidelity,False,True,16,0.05,25,0,True,iid,0.1,1,s040,6,32.25,23.20652173913043,0.0,100.0,56,38,34,4,0,6,0.68,12.546875,56,18,0,0,0,3212,256,16,0,0,2,9.6875,
aeqkad_robust,window,full,fidelity,False,True,16,0.05,25,0,True,iid,0.1,1,s040,7,26.25,15.108695652173914,0.0,100.0,56,38,37,1,0,6,0.74,11.68359375,56,18,0,0,0,2991,256,16,0,0,0,9.25,
aeqkad_robust,window,full,fidelity,False,True,16,0.05,25,0,True,iid,0.1,1,s040,8,34.25,9.184782608695654,0.0,100.0,56,33,32,1,0,6,0.64,11.59765625,56,23,0,0,0,2969,256,16,0,0,1,15.0625,100.0
aeqkad_robust,window,full,fidelity,False,True,16,0.05,25,0,True,iid,0.1,2,s040,2,22.249999999999996,8.260869565217389,0.0,100.0,56,38,36,2,0,6,0.72,13.66796875,56,18,0,0,0,3499,256,16,0,0,1,10.1875,
aeqkad_robust,window,full,fidelity,False,True,16,0.05,25,0,True,iid,0.1,2,s040,3,54.25,54.673913043478265,0.0,100.0,56,21,16,5,0,6,0.32,11.91015625,56,35,0,0,0,3049,256,16,0,0,2,11.0,
aeqkad_robust,window,full,fidelity,False,True,16,0.05,25,0,True,iid,0.1,2,s040,4,40.0,32.55434782608696,0.0,100.0,56,34,32,2,0,6,0.64,12.7421875,56,22,0,0,0,3262,256,16,0,0,1,9.875,
aeqkad_robust,window,full,fidelity,False,True,16,0.05,25,0,True,iid,0.1,2,s040,5,37.5,19.782608695652172,0.0,100.0,56,29,27,2,0,6,0.54,12.453125,56,27,0,0,0,3188,256,16,0,0,0,17.25,
aeqkad_robust,window,full,fidelity,False,True,16,0.05,25,0,True,iid,0.1,2,s040,6,27.0,12.934782608695656,0.0,100.0,56,32,32,0,0,6,0.64,11.265625,56,24,0,0,0,2884,256,16,0,0,0,9.8125,
aeqkad_robust,window,full,fidelity,False,True,16,0.05,25,0,True,iid,0.1,2,s040,7,28.500000000000004,12.771739130434783,0.0,100.0,56,37,37,0,0,6,0.74,11.16015625,56,19,0,0,0,2857,256,16,0,0,0,10.375,
aeqkad_robust,window,full,fidelity,False,True,16,0.05,25,0,True,iid,0.1,2,s040,8,34.5,10.434782608695654,0.0,100.0,56,32,32,0,0,6,0.64,11.3515625,56,24,0,0,0,2906,256,16,0,0,0,12.0625,100.0
static_robust,static,none,fidelity,False,True,16,0.05,25,0,True,iid,0.1,0,s041,2,36.25,25.543478260869566,0.0,100.0,56,0,0,0,0,6,0.0,41.0,0,0,0,0,0,10496,256,50,0,50,0,81.5,
static_robust,static,none,fidelity,False,True,16,0.05,25,0,True,iid,0.1,0,s041,3,47.5,52.33695652173913,0.0,100.0,56,0,0,0,0,6,0.0,41.0,0,0,0,0,0,10496,256,50,0,50,0,137.5,
static_robust,static,none,fidelity,False,True,16,0.05,25,0,True,iid,0.1,0,s041,4,28.750000000000004,24.456521739130434,0.0,100.0,56,0,0,0,0,6,0.0,41.0,0,0,0,0,0,10496,256,50,0,50,0,193.5,
static_robust,static,none,fidelity,False,True,16,0.05,25,0,True,iid,0.1,0,s041,5,40.25,41.73913043478261,0.0,100.0,56,0,0,0,0,6,0.0,41.0,0,0,0,0,0,10496,256,50,0,50,0,249.5,
static_robust,static,none,fidelity,False,True,16,0.05,25,0,True,iid,0.1,0,s041,6,42.00000000000001,41.73913043478261,0.0,100.0,56,0,0,0,0,6,0.0,41.0,0,0,0,0,0,10496,256,50,0,50,0,305.5,
static_robust,static,none,fidelity,False,True,16,0.05,25,0,True,iid,0.1,0,s041,7,32.25,24.456521739130434,0.0,100.0,56,0,0,0,0,6,0.0,41.0,0,0,0,0,0,10496,256,50,0,50,0,361.5,
static_robust,static,none,fidelity,False,True,16,0.05,25,0,True,iid,0.1,0,s041,8,43.99999999999999,45.326086956521735,0.0,100.0,56,0,0,0,0,6,0.0,41.0,0,0,0,0,0,10496,256,50,0,50,0,417.5,100.0
static_robust,static,none,fidelity,False,True,16,0.05,25,0,True,iid,0.1,1,s041,2,32.75,20.869565217391305,4.0,86.5,56,0,0,0,0,6,0.0,41.0,0,0,0,0,0,10496,256,50,0,50,0,81.5,
static_robust,static,none,fidelity,False,True,16,0.05,25,0,True,iid,0.1,1,s041,3,42.00000000000001,42.82608695652174,2.0,88.0,56,0,0,0,0,6,0.0,41.0,0,0,0,0,0,10496,256,50,0,50,0,137.5,
static_robust,static,none,fidelity,False,True,16,0.05,25,0,True,iid,0.1,1,s041,4,30.25,26.6304347826087,2.0,89.0,56,0,0,0,0,6,0.0,41.0,0,0,0,0,0,10496,256,50,0,50,0,193.5,
static_robust,static,none,fidelity,False,True,16,0.05,25,0,True,iid,0.1,1,s041,5,40.0,36.141304347826086,0.0,91.5,56,0,0,0,0,6,0.0,41.0,0,0,0,0,0,10496,256,50,0,50,0,249.5,
static_robust,static,none,fidelity,False,True,16,0.05,25,0,True,iid,0.1,1,s041,6,42.75,46.413043478260875,2.0,88.0,56,0,0,0,0,6,0.0,41.0,0,0,0,0,0,10496,256,50,0,50,0,305.5,
static_robust,static,none,fidelity,False,True,16,0.05,25,0,True,iid,0.1,1,s041,7,31.999999999999996,26.79347826086957,2.0,84.0,56,0,0,0,0,6,0.0,41.0,0,0,0,0,0,10496,256,50,0,50,0,361.5,
static_robust,static,none,fidelity,False,True,16,0.05,25,0,True,iid,0.1,1,s041,8,40.25,48.75,0.0,86.5,56,0,0,0,0,6,0.0,41.0,0,0,0,0,0,10496,256,50,0,50,0,417.5,56.00000000000001
static_robust,static,none,fidelity,False,True,16,0.05,25,0,True,iid,0.1,2,s041,2,37.0,24.456521739130434,0.0,100.0,56,0,0,0,0,6,0.0,41.0,0,0,0,0,0,10496,256,50,0,50,0,81.5,
static_robust,static,none,fidelity,False,True,16,0.05,25,0,True,iid,0.1,2,s041,3,44.49999999999999,47.66304347826087,0.0,100.0,56,0,0,0,0,6,0.0,41.0,0,0,0,0,0,10496,256,50,0,50,0,137.5,
static_robust,static,none,fidelity,False,True,16,0.05,25,0,True,iid,0.1,2,s041,4,31.499999999999993,23.20652173913043,0.0,100.0,56,0,0,0,0,6,0.0,41.0,0,0,0,0,0,10496,256,50,0,50,0,193.5,
static_robust,static,none,fidelity,False,True,16,0.05,25,0,True,iid,0.1,2,s041,5,37.75,35.05434782608695,0.0,100.0,56,0,0,0,0,6,0.0,41.0,0,0,0,0,0,10496,256,50,0,50,0,249.5,
static_robust,static,none,fidelity,False,True,16,0.05,25,0,True,iid,0.1,2,s041,6,42.25,48.91304347826087,0.0,100.0,56,0,0,0,0,6,0.0,41.0,0,0,0,0,0,10496,256,50,0,50,0,305.5,
static_robust,static,none,fidelity,False,True,16,0.05,25,0,True,iid,0.1,2,s041,7,32.25,24.456521739130434,0.0,100.0,56,0,0,0,0,6,0.0,41.0,0,0,0,0,0,10496,256,50,0,50,0,361.5,
static_robust,static,none,fidelity,False,True,16,0.05,25,0,True,iid,0.1,2,s041,8,42.00000000000001,41.90217391304347,0.0,100.0,56,0,0,0,0,6,0.0,41.0,0,0,0,0,0,10496,256,50,0,50,0,417.5,100.0
window_robust,window,none,fidelity,False,True,16,0.05,25,0,True,iid,0.1,0,s041,2,37.75,21.956521739130434,0.0,100.0,56,56,50,6,0,6,1.0,15.703125,0,0,0,0,0,4020,256,16,0,0,2,7.5,
window_robust,window,none,fidelity,False,True,16,0.05,25,0,True,iid,0.1,0,s041,3,24.25,10.434782608695654,0.0,100.0,56,56,50,6,0,6,1.0,14.5390625,0,0,0,0,0,3722,256,16,0,0,1,7.5,
window_robust,window,none,fidelity,False,True,16,0.05,25,0,True,iid,0.1,0,s041,4,28.249999999999996,12.771739130434783,0.0,100.0,56,56,50,6,0,6,1.0,14.59375,0,0,0,0,0,3736,256,16,0,0,1,7.5,
window_robust,window,none,fidelity,False,True,16,0.05,25,0,True,iid,0.1,0,s041,5,24.75,10.434782608695654,0.0,100.0,56,56,50,6,0,6,1.0,13.734375,0,0,0,0,0,3516,256,16,0,0,2,7.5,
window_robust,window,none,fidelity,False,True,16,0.05,25,0,True,iid,0.1,0,s041,6,25.5,10.434782608695654,0.0,100.0,56,56,50,6,0,6,1.0,14.4609375,0,0,0,0,0,3702,256,16,0,0,2,7.5,
window_robust,window,none,fidelity,False,True,16,0.05,25,0,True,iid,0.1,0,s041,7,24.25,14.021739130434785,0.0,100.0,56,56,50,6,0,6,1.0,12.94921875,0,0,0,0,0,3315,256,16,0,0,1,7.5,
window_robust,window,none,fidelity,False,True,16,0.05,25,0,True,iid,0.1,0,s041,8,26.25,19.782608695652172,0.0,100.0,56,56,50,6,0,6,1.0,14.1796875,0,0,0,0,0,3630,256,16,0,0,2,7.5,100.0
window_robust,window,none,fidelity,False,True,16,0.05,25,0,True,iid,0.1,1,s041,2,25.75,10.434782608695654,0.0,100.0,56,56,50,6,0,6,1.0,15.70703125,0,0,0,0,0,4021,256,16,0,0,3,7.5,
window_robust,window,none,fidelity,False,True,16,0.05,25,0,True,iid,0.1,1,s041,3,24.25,7.01086956521739,0.0,100.0,56,56,50,6,0,6,1.0,14.3125,0,0,0,0,0,3664,256,16,0,0,1,7.5,
window_robust,window,none,fidelity,False,True,16,0.05,25,0,True,iid,0.1,1,s041,4,21.749999999999996,11.521739130434785,0.0,100.0,56,56,50,6,0,6,1.0,14.69921875,0,0,0,0,0,3763,256,16,0,0,1,7.5,
window_robust,window,none,fidelity,False,True,16,0.05,25,0,True,iid,0.1,1,s041,5,22.249999999999996,9.184782608695654,0.0,100.0,56,56,50,6,0,6,1.0,14.078125,0,0,0,0,0,3604,256,16,0,0,1,7.5,
window_robust,window,none,fidelity,False,True,16,0.05,25,0,True,iid,0.1,1,s041,6,24.25,0.0,0.0,100.0,56,56,50,6,0,6,1.0,14.0390625,0,0,0,0,0,3594,256,16,0,0,2,7.5,
window_robust,window,none,fidelity,False,True,16,0.05,25,0,True,iid,0.1,1,s041,7,26.0,14.021739130434785,0.0,100.0,56,56,50,6,0,6,1.0,13.171875,0,0,0,0,0,3372,256,16,0,0,2,7.5,
window_robust,window,none,fidelity,False,True,16,0.05,25,0,True,iid,0.1,1,s041,8,26.25,18.532608695652172,0.0,100.0,56,56,50,6,0,6,1.0,14.1015625,0,0,0,0,0,3610,256,16,0,0,2,7.5,100.0
window_robust,window,none,fidelity,False,True,16,0.05,25,0,True,iid,0.1,2,s041,2,36.25,32.55434782608696,0.0,100.0,56,56,50,6,0,6,1.0,15.6484375,0,0,0,0,0,4006,256,16,0,0,1,7.5,
window_robust,window,none,fidelity,False,True,16,0.05,25,0,True,iid,0.1,2,s041,3,20.249999999999996,3.423913043478259,0.0,100.0,56,56,50,6,0,6,1.0,14.48046875,0,0,0,0,0,3707,256,16,0,0,2,7.5,
window_robust,window,none,fidelity,False,True,16,0.05,25,0,True,iid,0.1,2,s041,4,26.5,7.01086956521739,0.0,100.0,56,56,50,6,0,6,1.0,14.66015625,0,0,0,0,0,3753,256,16,0,0,1,7.5,
window_robust,window,none,fidelity,False,True,16,0.05,25,0,True,iid,0.1,2,s041,5,23.75,4.83695652173913,0.0,100.0,56,56,50,6,0,6,1.0,13.65234375,0,0,0,0,0,3495,256,16,0,0,1,7.5,
window_robust,window,none,fidelity,False,True,16,0.05,25,0,True,iid,0.1,2,s041,6,25.5,3.58695652173913,0.0,100.0,56,56,50,6,0,6,1.0,14.53125,0,0,0,0,0,3720,256,16,0,0,3,7.5,
window_robust,window,none,fidelity,False,True,16,0.05,25,0,True,iid,0.1,2,s041,7,23.75,20.70652173913043,0.0,100.0,56,56,50,6,0,6,1.0,12.7734375,0,0,0,0,0,3270,256,16,0,0,1,7.5,
window_robust,window,none,fidelity,False,True,16,0.05,25,0,True,iid,0.1,2,s041,8,23.75,18.532608695652172,0.0,100.0,56,56,50,6,0,6,1.0,14.20703125,0,0,0,0,0,3637,256,16,0,0,1,7.5,100.0
aeqkad_robust,window,full,fidelity,False,True,16,0.05,25,0,True,iid,0.1,0,s041,2,23.75,12.771739130434783,0.0,100.0,56,33,32,1,0,6,0.64,15.40625,56,23,0,0,0,3944,256,16,0,0,0,9.8125,
aeqkad_robust,window,full,fidelity,False,True,16,0.05,25,0,True,iid,0.1,0,s041,3,16.000000000000004,1.25,0.0,100.0,56,37,37,0,0,6,0.74,12.9296875,56,19,0,0,0,3310,256,16,0,0,0,11.0,
aeqkad_robust,window,full,fidelity,False,True,16,0.05,25,0,True,iid,0.1,0,s041,4,19.25,1.0869565217391297,0.0,100.0,56,35,35,0,0,6,0.7,12.4375,56,21,0,0,0,3184,256,16,0,0,0,11.375,
aeqkad_robust,window,full,fidelity,False,True,16,0.05,25,0,True,iid,0.1,0,s041,5,17.750000000000004,2.33695652173913,0.0,100.0,56,34,34,0,0,6,0.68,11.3359375,56,22,0,0,0,2902,256,16,0,0,0,13.625,
aeqkad_robust,window,full,fidelity,False,True,16,0.05,25,0,True,iid,0.1,0,s041,6,25.75,4.83695652173913,0.0,100.0,56,36,34,2,0,6,0.68,12.578125,56,20,0,0,0,3220,256,16,0,0,0,13.6875,
aeqkad_robust,window,full,fidelity,False,True,16,0.05,25,0,True,iid,0.1,0,s041,7,24.5,8.097826086956525,0.0,100.0,56,40,39,1,0,6,0.78,11.84375,56,16,0,0,0,3032,256,16,0,0,0,9.375,
aeqkad_robust,window,full,fidelity,False,True,16,0.05,25,0,True,iid,0.1,0,s041,8,20.749999999999996,6.847826086956524,0.0,100.0,56,34,34,0,0,6,0.68,12.2578125,56,22,0,0,0,3138,256,16,0,0,0,10.4375,100.0
aeqkad_robust,window,full,fidelity,False,True,16,0.05,25,0,True,iid,0.1,1,s041,2,21.0,10.434782608695654,0.0,100.0,56,32,32,0,0,6,0.64,15.2890625,56,23,0,0,1,3914,256,16,0,0,0,11.8125,
aeqkad_robust,window,full,fidelity,False,True,16,0.05,25,0,True,iid,0.1,1,s041,3,12.25,0.0,0.0,100.0,56,37,37,0,0,6,0.74,12.84765625,56,19,0,0,0,3289,256,16,0,0,0,10.625,
aeqkad_robust,window,full,fidelity,False,True,16,0.05,25,0,True,iid,0.1,1,s041,4,20.0,2.33695652173913,0.0,100.0,56,36,35,1,0,6,0.7,12.5078125,56,20,0,0,0,3202,256,16,0,0,1,10.5625,
aeqkad_robust,window,full,fidelity,False,True,16,0.05,25,0,True,iid,0.1,1,s041,5,20.249999999999996,0.0,0.0,100.0,56,36,35,1,0,6,0.7,11.27734375,56,20,0,0,0,2887,256,16,0,0,0,13.0,
aeqkad_robust,window,full,fidelity,False,True,16,0.05,25,0,True,iid,0.1,1,s041,6,20.75,1.0869565217391297,0.0,100.0,56,36,35,1,0,6,0.7,12.4453125,56,20,0,0,0,3186,256,16,0,0,0,14.3125,
aeqkad_robust,window,full,fidelity,False,True,16,0.05,25,0,True,iid,0.1,1,s041,7,21.999999999999996,5.760869565217389,0.0,100.0,56,39,39,0,0,6,0.78,11.53515625,56,17,0,0,0,2953,256,16,0,0,0,10.3125,
aeqkad_robust,window,full,fidelity,False,True,16,0.05,25,0,True,iid,0.1,1,s041,8,23.75,10.434782608695654,0.0,100.0,56,35,34,1,0,6,0.68,12.59375,56,21,0,0,0,3224,256,16,0,0,0,10.5,100.0
aeqkad_robust,window,full,fidelity,False,True,16,0.05,25,0,True,iid,0.1,2,s041,2,37.75,31.304347826086953,0.0,100.0,56,35,31,4,0,6,0.62,15.60546875,56,21,0,0,0,3995,256,16,0,0,0,9.625,
aeqkad_robust,window,full,fidelity,False,True,16,0.05,25,0,True,iid,0.1,2,s041,3,19.499999999999996,1.25,0.0,100.0,56,38,37,1,0,6,0.74,12.77734375,56,18,0,0,0,3271,256,16,0,0,0,11.25,
aeqkad_robust,window,full,fidelity,False,True,16,0.05,25,0,True,iid,0.1,2,s041,4,18.5,2.33695652173913,0.0,100.0,56,35,35,0,0,6,0.7,12.26171875,56,21,0,0,0,3139,256,16,0,0,0,11.0625,
aeqkad_robust,window,full,fidelity,False,True,16,0.05,25,0,True,iid,0.1,2,s041,5,15.250000000000002,2.33695652173913,0.0,100.0,56,35,34,1,0,6,0.68,11.62890625,56,21,0,0,0,2977,256,16,0,0,0,12.4375,
aeqkad_robust,window,full,fidelity,False,True,16,0.05,25,0,True,iid,0.1,2,s041,6,23.5,2.33695652173913,0.0,100.0,56,37,37,0,0,6,0.74,12.20703125,56,19,0,0,0,3125,256,16,0,0,0,13.1875,
aeqkad_robust,window,full,fidelity,False,True,16,0.05,25,0,True,iid,0.1,2,s041,7,21.999999999999996,7.01086956521739,0.0,100.0,56,39,39,0,0,6,0.78,11.8125,56,17,0,0,0,3024,256,16,0,0,0,9.875,
aeqkad_robust,window,full,fidelity,False,True,16,0.05,25,0,True,iid,0.1,2,s041,8,23.0,11.684782608695654,0.0,100.0,56,35,35,0,0,6,0.7,12.3984375,56,21,0,0,0,3174,256,16,0,0,0,8.9375,100.0
static_robust,static,none,fidelity,False,True,16,0.05,25,0,True,iid,0.1,0,s042,2,9.0,0.0,18.0,3.0,56,0,0,0,0,6,0.0,41.0,0,0,0,0,0,10496,256,50,0,50,0,81.5,
static_robust,static,none,fidelity,False,True,16,0.05,25,0,True,iid,0.1,0,s042,3,16.250000000000004,7.01086956521739,32.0,3.0,56,0,0,0,0,6,0.0,41.0,0,0,0,0,0,10496,256,50,0,50,0,137.5,
static_robust,static,none,fidelity,False,True,16,0.05,25,0,True,iid,0.1,0,s042,4,4.250000000000002,0.0,6.0,4.5,56,0,0,0,0,6,0.0,41.0,0,0,0,0,0,10496,256,50,0,50,0,193.5,
static_robust,static,none,fidelity,False,True,16,0.05,25,0,True,iid,0.1,0,s042,5,4.500000000000003,0.0,6.0,4.5,56,0,0,0,0,6,0.0,41.0,0,0,0,0,0,10496,256,50,0,50,0,249.5,
static_robust,static,none,fidelity,False,True,16,0.05,25,0,True,iid,0.1,0,s042,6,6.999999999999998,1.25,10.0,5.0,56,0,0,0,0,6,0.0,41.0,0,0,0,0,0,10496,256,50,0,50,0,305.5,
static_robust,static,none,fidelity,False,True,16,0.05,25,0,True,iid,0.1,0,s042,7,7.999999999999999,0.0,16.0,5.0,56,0,0,0,0,6,0.0,41.0,0,0,0,0,0,10496,256,50,0,50,0,361.5,
static_robust,static,none,fidelity,False,True,16,0.05,25,0,True,iid,0.1,0,s042,8,8.999999999999998,0.0,14.000000000000002,2.5,56,0,0,0,0,6,0.0,41.0,0,0,0,0,0,10496,256,50,0,50,0,417.5,2.0
static_robust,static,none,fidelity,False,True,16,0.05,25,0,True,iid,0.1,1,s042,2,11.5,0.0,16.0,7.000000000000001,56,0,0,0,0,6,0.0,41.0,0,0,0,0,0,10496,256,50,0,50,0,81.5,
static_robust,static,none,fidelity,False,True,16,0.05,25,0,True,iid,0.1,1,s042,3,11.5,7.01086956521739,22.0,6.0,56,0,0,0,0,6,0.0,41.0,0,0,0,0,0,10496,256,50,0,50,0,137.5,
static_robust,static,none,fidelity,False,True,16,0.05,25,0,True,iid,0.1,1,s042,4,3.5000000000000018,0.0,4.0,7.000000000000001,56,0,0,0,0,6,0.0,41.0,0,0,0,0,0,10496,256,50,0,50,0,193.5,
static_robust,static,none,fidelity,False,True,16,0.05,25,0,True,iid,0.1,1,s042,5,4.000000000000003,0.0,6.0,7.5,56,0,0,0,0,6,0.0,41.0,0,0,0,0,0,10496,256,50,0,50,0,249.5,
static_robust,static,none,fidelity,False,True,16,0.05,25,0,True,iid,0.1,1,s042,6,6.000000000000003,1.25,2.0,8.0,56,0,0,0,0,6,0.0,41.0,0,0,0,0,0,10496,256,50,0,50,0,305.5,
static_robust,static,none,fidelity,False,True,16,0.05,25,0,True,iid,0.1,1,s042,7,6.500000000000003,1.25,6.0,8.0,56,0,0,0,0,6,0.0,41.0,0,0,0,0,0,10496,256,50,0,50,0,361.5,
static_robust,static,none,fidelity,False,True,16,0.05,25,0,True,iid,0.1,1,s042,8,6.499999999999997,0.0,8.0,6.5,56,0,0,0,0,6,0.0,41.0,0,0,0,0,0,10496,256,50,0,50,0,417.5,0.0
static_robust,static,none,fidelity,False,True,16,0.05,25,0,True,iid,0.1,2,s042,2,8.249999999999998,0.0,8.0,13.0,56,0,0,0,0,6,0.0,38.0,0,0,0,0,0,9728,256,50,0,50,0,81.5,
static_robust,static,none,fidelity,False,True,16,0.05,25,0,True,iid,0.1,2,s042,3,14.250000000000002,4.510869565217389,8.0,15.5,56,0,0,0,0,6,0.0,38.0,0,0,0,0,0,9728,256,50,0,50,0,137.5,
static_robust,static,none,fidelity,False,True,16,0.05,25,0,True,iid,0.1,2,s042,4,6.000000000000003,0.0,2.0,17.0,56,0,0,0,0,6,0.0,38.0,0,0,0,0,0,9728,256,50,0,50,0,193.5,
static_robust,static,none,fidelity,False,True,16,0.05,25,0,True,iid,0.1,2,s042,5,4.250000000000003,0.0,4.0,18.5,56,0,0,0,0,6,0.0,38.0,0,0,0,0,0,9728,256,50,0,50,0,249.5,
static_robust,static,none,fidelity,False,True,16,0.05,25,0,True,iid,0.1,2,s042,6,8.75,1.25,2.0,19.5,56,0,0,0,0,6,0.0,38.0,0,0,0,0,0,9728,256,50,0,50,0,305.5,
static_robust,static,none,fidelity,False,True,16,0.05,25,0,True,iid,0.1,2,s042,7,7.499999999999998,0.0,0.0,20.0,56,0,0,0,0,6,0.0,38.0,0,0,0,0,0,9728,256,50,0,50,0,361.5,
static_robust,static,none,fidelity,False,True,16,0.05,25,0,True,iid,0.1,2,s042,8,7.749999999999998,0.0,4.0,14.000000000000002,56,0,0,0,0,6,0.0,38.0,0,0,0,0,0,9728,256,50,0,50,0,417.5,24.0
window_robust,window,none,fidelity,False,True,16,0.05,25,0,True,iid,0.1,0,s042,2,6.000000000000003,0.0,0.0,100.0,56,56,50,6,0,6,1.0,13.69140625,0,0,0,0,0,3505,256,16,0,0,3,7.5,
window_robust,window,none,fidelity,False,True,16,0.05,25,0,True,iid,0.1,0,s042,3,9.25,0.0,0.0,100.0,56,56,50,6,0,6,1.0,14.66015625,0,0,0,0,0,3753,256,16,0,0,2,7.5,
window_robust,window,none,fidelity,False,True,16,0.05,25,0,True,iid,0.1,0,s042,4,4.500000000000002,0.0,0.0,100.0,56,56,50,6,0,6,1.0,12.61328125,0,0,0,0,0,3229,256,16,0,0,2,7.5,
window_robust,window,none,fidelity,False,True,16,0.05,25,0,True,iid,0.1,0,s042,5,5.000000000000003,0.0,0.0,100.0,56,56,50,6,0,6,1.0,12.16015625,0,0,0,0,0,3113,256,16,0,0,0,7.5,
window_robust,window,none,fidelity,False,True,16,0.05,25,0,True,iid,0.1,0,s042,6,5.750000000000003,0.0,0.0,100.0,56,56,50,6,0,6,1.0,12.01171875,0,0,0,0,0,3075,256,16,0,0,3,7.5,
window_robust,window,none,fidelity,False,True,16,0.05,25,0,True,iid,0.1,0,s042,7,6.999999999999998,0.0,0.0,100.0,56,56,50,6,0,6,1.0,13.9453125,0,0,0,0,0,3570,256,16,0,0,1,7.5,
window_robust,window,none,fidelity,False,True,16,0.05,25,0,True,iid,0.1,0,s042,8,4.000000000000002,0.0,0.0,100.0,56,56,50,6,0,6,1.0,12.8515625,0,0,0,0,0,3290,256,16,0,0,2,7.5,100.0
window_robust,window,none,fidelity,False,True,16,0.05,25,0,True,iid,0.1,1,s042,2,7.499999999999998,0.0,0.0,100.0,56,56,50,6,0,6,1.0,14.00390625,0,0,0,0,0,3585,256,16,0,0,1,7.5,
window_robust,window,none,fidelity,False,True,16,0.05,25,0,True,iid,0.1,1,s042,3,12.0,0.0,0.0,100.0,56,56,50,6,0,6,1.0,14.546875,0,0,0,0,0,3724,256,16,0,0,0,7.5,
window_robust,window,none,fidelity,False,True,16,0.05,25,0,True,iid,0.1,1,s042,4,4.500000000000002,0.0,0.0,100.0,56,56,50,6,0,6,1.0,12.72265625,0,0,0,0,0,3257,256,16,0,0,0,7.5,
window_robust,window,none,fidelity,False,True,16,0.05,25,0,True,iid,0.1,1,s042,5,4.000000000000003,0.0,0.0,100.0,56,56,50,6,0,6,1.0,11.734375,0,0,0,0,0,3004,256,16,0,0,2,7.5,
window_robust,window,none,fidelity,False,True,16,0.05,25,0,True,iid,0.1,1,s042,6,7.499999999999998,0.0,0.0,100.0,56,56,50,6,0,6,1.0,12.29296875,0,0,0,0,0,3147,256,16,0,0,2,7.5,
window_robust,window,none,fidelity,False,True,16,0.05,25,0,True,iid,0.1,1,s042,7,5.250000000000003,0.0,0.0,100.0,56,56,50,6,0,6,1.0,13.69140625,0,0,0,0,0,3505,256,16,0,0,3,7.5,
window_robust,window,none,fidelity,False,True,16,0.05,25,0,True,iid,0.1,1,s042,8,6.500000000000003,0.0,0.0,100.0,56,56,50,6,0,6,1.0,12.5390625,0,0,0,0,0,3210,256,16,0,0,2,7.5,100.0
window_robust,window,none,fidelity,False,True,16,0.05,25,0,True,iid,0.1,2,s042,2,5.750000000000003,0.0,0.0,71.5,56,55,50,5,0,6,1.0,13.765625,0,0,0,0,0,3524,256,16,0,0,2,7.5,
window_robust,window,none,fidelity,False,True,16,0.05,25,0,True,iid,0.1,2,s042,3,11.249999999999998,0.0,4.0,75.5,56,52,48,4,0,6,0.96,14.58984375,0,0,0,0,0,3735,256,16,0,0,0,8.875,
window_robust,window,none,fidelity,False,True,16,0.05,25,0,True,iid,0.1,2,s042,4,2.500000000000001,0.0,2.0,49.0,56,54,49,5,0,6,0.98,12.4296875,0,0,0,0,0,3182,256,16,0,0,3,8.5,
window_robust,window,none,fidelity,False,True,16,0.05,25,0,True,iid,0.1,2,s042,5,4.250000000000003,0.0,6.0,52.5,56,50,47,3,0,6,0.94,11.3984375,0,0,0,0,0,2918,256,16,0,0,0,9.1875,
window_robust,window,none,fidelity,False,True,16,0.05,25,0,True,iid,0.1,2,s042,6,5.750000000000003,0.0,0.0,50.0,56,53,50,3,0,6,1.0,11.60546875,0,0,0,0,0,2971,256,16,0,0,1,7.625,
window_robust,window,none,fidelity,False,True,16,0.05,25,0,True,iid,0.1,2,s042,7,5.500000000000003,0.0,0.0,66.0,56,53,50,3,0,6,1.0,13.61328125,0,0,0,0,0,3485,256,16,0,0,2,7.5,
window_robust,window,none,fidelity,False,True,16,0.05,25,0,True,iid,0.1,2,s042,8,4.250000000000002,0.0,2.0,55.50000000000001,56,53,49,4,0,6,0.98,12.01953125,0,0,0,0,0,3077,256,16,0,0,2,8.625,80.0
aeqkad_robust,window,full,fidelity,False,True,16,0.05,25,0,True,iid,0.1,0,s042,2,4.750000000000003,0.0,0.0,100.0,56,40,40,0,0,6,0.8,12.7734375,56,16,0,0,0,3270,256,16,0,0,0,11.25,
aeqkad_robust,window,full,fidelity,False,True,16,0.05,25,0,True,iid,0.1,0,s042,3,8.249999999999998,0.0,0.0,100.0,56,33,33,0,0,6,0.66,12.25,56,23,0,0,0,3136,256,16,0,0,0,9.5,
aeqkad_robust,window,full,fidelity,False,True,16,0.05,25,0,True,iid,0.1,0,s042,4,2.500000000000001,0.0,0.0,100.0,56,40,40,0,0,6,0.8,11.37109375,56,16,0,0,0,2911,256,16,0,0,0,10.3125,
aeqkad_robust,window,full,fidelity,False,True,16,0.05,25,0,True,iid,0.1,0,s042,5,5.500000000000003,1.25,0.0,100.0,56,38,38,0,0,6,0.76,9.70703125,56,18,0,0,0,2485,256,16,0,0,0,10.0,
aeqkad_robust,window,full,fidelity,False,True,16,0.05,25,0,True,iid,0.1,0,s042,6,5.250000000000003,0.0,0.0,100.0,56,44,44,0,0,6,0.88,10.21875,56,12,0,0,0,2616,256,16,0,0,0,11.5,
aeqkad_robust,window,full,fidelity,False,True,16,0.05,25,0,True,iid,0.1,0,s042,7,10.0,0.0,0.0,100.0,56,37,37,0,0,6,0.74,11.44921875,56,19,0,0,0,2931,256,16,0,0,0,8.25,
aeqkad_robust,window,full,fidelity,False,True,16,0.05,25,0,True,iid,0.1,0,s042,8,2.000000000000001,0.0,0.0,100.0,56,45,45,0,0,6,0.9,11.62890625,56,11,0,0,0,2977,256,16,0,0,0,9.25,100.0
aeqkad_robust,window,full,fidelity,False,True,16,0.05,25,0,True,iid,0.1,1,s042,2,7.749999999999998,0.0,0.0,100.0,56,40,40,0,0,6,0.8,12.92578125,56,16,0,0,0,3309,256,16,0,0,0,9.9375,
aeqkad_robust,window,full,fidelity,False,True,16,0.05,25,0,True,iid,0.1,1,s042,3,11.5,0.0,0.0,100.0,56,32,32,0,0,6,0.64,11.9453125,56,24,0,0,0,3058,256,16,0,0,0,8.1875,
aeqkad_robust,window,full,fidelity,False,True,16,0.05,25,0,True,iid,0.1,1,s042,4,2.000000000000001,0.0,0.0,100.0,56,38,38,0,0,6,0.76,10.84375,56,18,0,0,0,2776,256,16,0,0,0,9.875,
aeqkad_robust,window,full,fidelity,False,True,16,0.05,25,0,True,iid,0.1,1,s042,5,4.500000000000003,0.0,0.0,100.0,56,38,38,0,0,6,0.76,9.33984375,56,18,0,0,0,2391,256,16,0,0,0,11.125,
aeqkad_robust,window,full,fidelity,False,True,16,0.05,25,0,True,iid,0.1,1,s042,6,5.749999999999998,0.0,0.0,100.0,56,42,42,0,0,6,0.84,10.0703125,56,14,0,0,0,2578,256,16,0,0,0,10.1875,
aeqkad_robust,window,full,fidelity,False,True,16,0.05,25,0,True,iid,0.1,1,s042,7,7.499999999999998,0.0,0.0,100.0,56,34,34,0,0,6,0.68,11.10546875,56,22,0,0,0,2843,256,16,0,0,0,10.5625,
aeqkad_robust,window,full,fidelity,False,True,16,0.05,25,0,True,iid,0.1,1,s042,8,1.7500000000000009,0.0,0.0,100.0,56,43,43,0,0,6,0.86,10.90625,56,13,0,0,0,2792,256,16,0,0,0,10.1875,100.0
aeqkad_robust,window,full,fidelity,False,True,16,0.05,25,0,True,iid,0.1,2,s042,2,4.500000000000003,0.0,0.0,47.5,56,44,44,0,0,6,0.88,12.81640625,52,8,0,0,0,3281,256,16,0,0,0,9.875,
aeqkad_robust,window,full,fidelity,False,True,16,0.05,25,0,True,iid,0.1,2,s042,3,12.5,0.0,4.0,31.5,56,33,33,0,0,6,0.66,12.1015625,49,16,0,0,0,3098,256,16,0,0,0,9.3125,
aeqkad_robust,window,full,fidelity,False,True,16,0.05,25,0,True,iid,0.1,2,s042,4,2.500000000000001,0.0,2.0,35.5,56,45,44,1,0,6,0.88,12.03515625,54,9,0,0,0,3081,256,16,0,0,0,11.1875,
aeqkad_robust,window,full,fidelity,False,True,16,0.05,25,0,True,iid,0.1,2,s042,5,8.249999999999998,0.0,6.0,30.0,56,43,43,0,0,6,0.86,10.5390625,49,6,0,0,0,2698,256,16,0,0,0,10.6875,
aeqkad_robust,window,full,fidelity,False,True,16,0.05,25,0,True,iid,0.1,2,s042,6,5.250000000000003,0.0,2.0,26.5,56,44,44,0,0,6,0.88,10.52734375,51,7,0,0,0,2695,256,16,0,0,0,10.5625,
aeqkad_robust,window,full,fidelity,False,True,16,0.05,25,0,True,iid,0.1,2,s042,7,8.5,0.0,4.0,38.0,56,39,39,0,0,6,0.78,11.5390625,50,11,0,0,0,2954,256,16,0,0,0,8.375,
aeqkad_robust,window,full,fidelity,False,True,16,0.05,25,0,True,iid,0.1,2,s042,8,1.7500000000000009,0.0,2.0,37.5,56,45,45,0,0,6,0.9,11.40625,51,6,0,0,0,2920,256,16,0,0,0,10.625,50.0
static_robust,static,none,fidelity,False,True,16,0.05,25,0,True,iid,0.1,0,s043,2,16.0,2.1739130434782594,8.0,20.5,56,0,0,0,0,6,0.0,41.0,0,0,0,0,0,10496,256,50,0,50,0,81.5,
static_robust,static,none,fidelity,False,True,16,0.05,25,0,True,iid,0.1,0,s043,3,42.25,17.282608695652176,52.0,22.5,56,0,0,0,0,6,0.0,41.0,0,0,0,0,0,10496,256,50,0,50,0,137.5,
static_robust,static,none,fidelity,False,True,16,0.05,25,0,True,iid,0.1,0,s043,4,43.0,22.1195652173913,54.0,18.0,56,0,0,0,0,6,0.0,41.0,0,0,0,0,0,10496,256,50,0,50,0,193.5,
static_robust,static,none,fidelity,False,True,16,0.05,25,0,True,iid,0.1,0,s043,5,39.75,25.706521739130434,54.0,18.5,56,0,0,0,0,6,0.0,41.0,0,0,0,0,0,10496,256,50,0,50,0,249.5,
static_robust,static,none,fidelity,False,True,16,0.05,25,0,True,iid,0.1,0,s043,6,35.0,17.445652173913043,44.0,19.0,56,0,0,0,0,6,0.0,41.0,0,0,0,0,0,10496,256,50,0,50,0,305.5,
static_robust,static,none,fidelity,False,True,16,0.05,25,0,True,iid,0.1,0,s043,7,25.0,8.097826086956525,24.0,17.5,56,0,0,0,0,6,0.0,41.0,0,0,0,0,0,10496,256,50,0,50,0,361.5,
static_robust,static,none,fidelity,False,True,16,0.05,25,0,True,iid,0.1,0,s043,8,26.5,8.260869565217389,28.000000000000004,18.5,56,0,0,0,0,6,0.0,41.0,0,0,0,0,0,10496,256,50,0,50,0,417.5,10.0
static_robust,static,none,fidelity,False,True,16,0.05,25,0,True,iid,0.1,1,s043,2,13.0,5.760869565217389,0.0,99.0,56,0,0,0,0,6,0.0,43.0,0,0,0,0,0,11008,256,50,0,50,0,81.5,
static_robust,static,none,fidelity,False,True,16,0.05,25,0,True,iid,0.1,1,s043,3,38.5,15.108695652173914,4.0,98.0,56,0,0,0,0,6,0.0,43.0,0,0,0,0,0,11008,256,50,0,50,0,137.5,
static_robust,static,none,fidelity,False,True,16,0.05,25,0,True,iid,0.1,1,s043,4,46.25,25.543478260869566,2.0,97.0,56,0,0,0,0,6,0.0,43.0,0,0,0,0,0,11008,256,50,0,50,0,193.5,
static_robust,static,none,fidelity,False,True,16,0.05,25,0,True,iid,0.1,1,s043,5,40.0,25.543478260869566,2.0,97.5,56,0,0,0,0,6,0.0,43.0,0,0,0,0,0,11008,256,50,0,50,0,249.5,
static_robust,static,none,fidelity,False,True,16,0.05,25,0,True,iid,0.1,1,s043,6,39.24999999999999,22.282608695652172,4.0,98.0,56,0,0,0,0,6,0.0,43.0,0,0,0,0,0,11008,256,50,0,50,0,305.5,
static_robust,static,none,fidelity,False,True,16,0.05,25,0,True,iid,0.1,1,s043,7,25.75,2.33695652173913,2.0,98.0,56,0,0,0,0,6,0.0,43.0,0,0,0,0,0,11008,256,50,0,50,0,361.5,
static_robust,static,none,fidelity,False,True,16,0.05,25,0,True,iid,0.1,1,s043,8,25.75,7.01086956521739,2.0,99.0,56,0,0,0,0,6,0.0,43.0,0,0,0,0,0,11008,256,50,0,50,0,417.5,100.0
static_robust,static,none,fidelity,False,True,16,0.05,25,0,True,iid,0.1,2,s043,2,14.750000000000002,4.67391304347826,0.0,82.5,56,0,0,0,0,6,0.0,44.0,0,0,0,0,0,11264,256,50,0,50,0,81.5,
static_robust,static,none,fidelity,False,True,16,0.05,25,0,True,iid,0.1,2,s043,3,39.75,22.1195652173913,20.0,83.0,56,0,0,0,0,6,0.0,44.0,0,0,0,0,0,11264,256,50,0,50,0,137.5,
static_robust,static,none,fidelity,False,True,16,0.05,25,0,True,iid,0.1,2,s043,4,46.25,16.032608695652172,24.0,80.0,56,0,0,0,0,6,0.0,44.0,0,0,0,0,0,11264,256,50,0,50,0,193.5,
static_robust,static,none,fidelity,False,True,16,0.05,25,0,True,iid,0.1,2,s043,5,42.00000000000001,25.543478260869566,18.0,85.0,56,0,0,0,0,6,0.0,44.0,0,0,0,0,0,11264,256,50,0,50,0,249.5,
static_robust,static,none,fidelity,False,True,16,0.05,25,0,True,iid,0.1,2,s043,6,29.500000000000004,21.032608695652172,14.000000000000002,85.0,56,0,0,0,0,6,0.0,44.0,0,0,0,0,0,11264,256,50,0,50,0,305.5,
static_robust,static,none,fidelity,False,True,16,0.05,25,0,True,iid,0.1,2,s043,7,24.25,8.097826086956525,8.0,82.5,56,0,0,0,0,6,0.0,44.0,0,0,0,0,0,11264,256,50,0,50,0,361.5,
static_robust,static,none,fidelity,False,True,16,0.05,25,0,True,iid,0.1,2,s043,8,25.5,4.67391304347826,8.0,81.0,56,0,0,0,0,6,0.0,44.0,0,0,0,0,0,11264,256,50,0,50,0,417.5,66.0
window_robust,window,none,fidelity,False,True,16,0.05,25,0,True,iid,0.1,0,s043,2,24.0,10.434782608695654,0.0,100.0,56,56,50,6,0,6,1.0,14.49609375,0,0,0,0,0,3711,256,16,0,0,2,7.5,
window_robust,window,none,fidelity,False,True,16,0.05,25,0,True,iid,0.1,0,s043,3,30.25,7.17391304347826,0.0,100.0,56,56,50,6,0,6,1.0,15.7421875,0,0,0,0,0,4030,256,16,0,0,1,7.5,
window_robust,window,none,fidelity,False,True,16,0.05,25,0,True,iid,0.1,0,s043,4,16.250000000000004,1.25,0.0,100.0,56,56,50,6,0,6,1.0,14.89453125,0,0,0,0,0,3813,256,16,0,0,1,7.5,
window_robust,window,none,fidelity,False,True,16,0.05,25,0,True,iid,0.1,0,s043,5,21.249999999999996,4.67391304347826,0.0,100.0,56,56,50,6,0,6,1.0,14.6328125,0,0,0,0,0,3746,256,16,0,0,2,7.5,
window_robust,window,none,fidelity,False,True,16,0.05,25,0,True,iid,0.1,0,s043,6,7.999999999999999,0.0,0.0,100.0,56,56,50,6,0,6,1.0,14.359375,0,0,0,0,0,3676,256,16,0,0,4,7.5,
window_robust,window,none,fidelity,False,True,16,0.05,25,0,True,iid,0.1,0,s043,7,15.750000000000004,1.25,0.0,100.0,56,56,50,6,0,6,1.0,14.546875,0,0,0,0,0,3724,256,16,0,0,1,7.5,
window_robust,window,none,fidelity,False,True,16,0.05,25,0,True,iid,0.1,0,s043,8,18.250000000000004,2.33695652173913,0.0,100.0,56,56,50,6,0,6,1.0,14.68359375,0,0,0,0,0,3759,256,16,0,0,2,7.5,100.0
window_robust,window,none,fidelity,False,True,16,0.05,25,0,True,iid,0.1,1,s043,2,20.249999999999996,8.097826086956525,0.0,100.0,56,56,50,6,0,6,1.0,14.60546875,0,0,0,0,0,3739,256,16,0,0,3,7.5,
window_robust,window,none,fidelity,False,True,16,0.05,25,0,True,iid,0.1,1,s043,3,24.25,1.25,0.0,100.0,56,56,50,6,0,6,1.0,15.6953125,0,0,0,0,0,4018,256,16,0,0,1,7.5,
window_robust,window,none,fidelity,False,True,16,0.05,25,0,True,iid,0.1,1,s043,4,12.25,0.0,0.0,100.0,56,56,50,6,0,6,1.0,14.64453125,0,0,0,0,0,3749,256,16,0,0,3,7.5,
window_robust,window,none,fidelity,False,True,16,0.05,25,0,True,iid,0.1,1,s043,5,18.000000000000004,3.423913043478259,0.0,100.0,56,56,50,6,0,6,1.0,14.62109375,0,0,0,0,0,3743,256,16,0,0,3,7.5,
window_robust,window,none,fidelity,False,True,16,0.05,25,0,True,iid,0.1,1,s043,6,7.749999999999998,0.0,0.0,100.0,56,56,50,6,0,6,1.0,14.578125,0,0,0,0,0,3732,256,16,0,0,4,7.5,
window_robust,window,none,fidelity,False,True,16,0.05,25,0,True,iid,0.1,1,s043,7,18.500000000000004,4.67391304347826,0.0,100.0,56,56,50,6,0,6,1.0,14.265625,0,0,0,0,0,3652,256,16,0,0,0,7.5,
window_robust,window,none,fidelity,False,True,16,0.05,25,0,True,iid,0.1,1,s043,8,19.5,0.0,0.0,100.0,56,56,50,6,0,6,1.0,14.62109375,0,0,0,0,0,3743,256,16,0,0,0,7.5,100.0
window_robust,window,none,fidelity,False,True,16,0.05,25,0,True,iid,0.1,2,s043,2,18.749999999999996,12.771739130434783,0.0,100.0,56,56,50,6,0,6,1.0,14.41015625,0,0,0,0,0,3689,256,16,0,0,1,7.5,
window_robust,window,none,fidelity,False,True,16,0.05,25,0,True,iid,0.1,2,s043,3,26.0,9.184782608695654,0.0,100.0,56,56,50,6,0,6,1.0,15.66796875,0,0,0,0,0,4011,256,16,0,0,1,7.5,
window_robust,window,none,fidelity,False,True,16,0.05,25,0,True,iid,0.1,2,s043,4,15.000000000000002,0.0,0.0,100.0,56,56,50,6,0,6,1.0,14.89453125,0,0,0,0,0,3813,256,16,0,0,1,7.5,
window_robust,window,none,fidelity,False,True,16,0.05,25,0,True,iid,0.1,2,s043,5,17.25,10.434782608695654,0.0,100.0,56,56,50,6,0,6,1.0,14.6640625,0,0,0,0,0,3754,256,16,0,0,2,7.5,
window_robust,window,none,fidelity,False,True,16,0.05,25,0,True,iid,0.1,2,s043,6,7.999999999999999,3.423913043478259,0.0,100.0,56,56,50,6,0,6,1.0,14.49609375,0,0,0,0,0,3711,256,16,0,0,2,7.5,
window_robust,window,none,fidelity,False,True,16,0.05,25,0,True,iid,0.1,2,s043,7,17.25,4.67391304347826,0.0,100.0,56,56,50,6,0,6,1.0,14.44140625,0,0,0,0,0,3697,256,16,0,0,2,7.5,
window_robust,window,none,fidelity,False,True,16,0.05,25,0,True,iid,0.1,2,s043,8,15.750000000000004,0.0,0.0,100.0,56,56,50,6,0,6,1.0,14.4921875,0,0,0,0,0,3710,256,16,0,0,3,7.5,100.0
aeqkad_robust,window,full,fidelity,False,True,16,0.05,25,0,True,iid,0.1,0,s043,2,14.250000000000002,3.423913043478259,0.0,100.0,56,37,37,0,0,6,0.74,13.6484375,56,19,0,0,0,3494,256,16,0,0,0,14.0,
aeqkad_robust,window,full,fidelity,False,True,16,0.05,25,0,True,iid,0.1,0,s043,3,37.0,12.771739130434783,0.0,100.0,56,16,16,0,0,6,0.32,12.54296875,56,38,0,0,2,3211,256,16,0,0,0,22.1875,
aeqkad_robust,window,full,fidelity,False,True,16,0.05,25,0,True,iid,0.1,0,s043,4,26.5,9.510869565217389,0.0,100.0,56,36,35,1,0,6,0.7,12.66796875,56,20,0,0,0,3243,256,16,0,0,0,9.375,
aeqkad_robust,window,full,fidelity,False,True,16,0.05,25,0,True,iid,0.1,0,s043,5,17.750000000000004,7.01086956521739,0.0,100.0,56,37,37,0,0,6,0.74,13.234375,56,19,0,0,0,3388,256,16,0,0,0,9.875,
aeqkad_robust,window,full,fidelity,False,True,16,0.05,25,0,True,iid,0.1,0,s043,6,9.499999999999998,1.25,0.0,100.0,56,42,42,0,0,6,0.84,12.7265625,56,14,0,0,0,3258,256,16,0,0,0,11.375,
aeqkad_robust,window,full,fidelity,False,True,16,0.05,25,0,True,iid,0.1,0,s043,7,14.250000000000002,0.0,0.0,100.0,56,39,39,0,0,6,0.78,12.28515625,56,16,0,0,1,3145,256,16,0,0,0,10.0625,
aeqkad_robust,window,full,fidelity,False,True,16,0.05,25,0,True,iid,0.1,0,s043,8,17.750000000000004,0.0,0.0,100.0,56,39,38,1,0,6,0.76,13.1171875,56,17,0,0,0,3358,256,16,0,0,1,11.4375,100.0
aeqkad_robust,window,full,fidelity,False,True,16,0.05,25,0,True,iid,0.1,1,s043,2,19.499999999999996,4.67391304347826,0.0,100.0,56,35,34,1,0,6,0.68,13.51171875,56,21,0,0,0,3459,256,16,0,0,1,13.875,
aeqkad_robust,window,full,fidelity,False,True,16,0.05,25,0,True,iid,0.1,1,s043,3,36.5,8.097826086956525,0.0,100.0,56,18,18,0,0,6,0.36,13.046875,56,37,0,0,1,3340,256,16,0,0,0,18.375,
aeqkad_robust,window,full,fidelity,False,True,16,0.05,25,0,True,iid,0.1,1,s043,4,24.0,7.01086956521739,0.0,100.0,56,33,33,0,0,6,0.66,11.5078125,56,23,0,0,0,2946,256,16,0,0,0,12.125,
aeqkad_robust,window,full,fidelity,False,True,16,0.05,25,0,True,iid,0.1,1,s043,5,24.25,4.67391304347826,0.0,100.0,56,30,30,0,0,6,0.6,12.1484375,56,26,0,0,0,3110,256,16,0,0,0,11.4375,
aeqkad_robust,window,full,fidelity,False,True,16,0.05,25,0,True,iid,0.1,1,s043,6,5.750000000000003,1.25,0.0,100.0,56,39,39,0,0,6,0.78,12.6796875,56,17,0,0,0,3246,256,16,0,0,0,10.8125,
aeqkad_robust,window,full,fidelity,False,True,16,0.05,25,0,True,iid,0.1,1,s043,7,13.5,0.0,0.0,100.0,56,37,37,0,0,6,0.74,12.30859375,56,19,0,0,0,3151,256,16,0,0,0,10.625,
aeqkad_robust,window,full,fidelity,False,True,16,0.05,25,0,True,iid,0.1,1,s043,8,16.250000000000004,1.25,0.0,100.0,56,33,33,0,0,6,0.66,12.23828125,56,23,0,0,0,3133,256,16,0,0,0,11.0,100.0
aeqkad_robust,window,full,fidelity,False,True,16,0.05,25,0,True,iid,0.1,2,s043,2,15.750000000000004,4.67391304347826,0.0,100.0,56,35,35,0,0,6,0.7,13.6484375,56,21,0,0,0,3494,256,16,0,0,0,13.9375,
aeqkad_robust,window,full,fidelity,False,True,16,0.05,25,0,True,iid,0.1,2,s043,3,35.25,9.347826086956525,0.0,100.0,56,11,11,0,0,6,0.22,12.515625,56,43,0,0,2,3204,256,16,0,0,0,38.25,
aeqkad_robust,window,full,fidelity,False,True,16,0.05,25,0,True,iid,0.1,2,s043,4,26.75,5.760869565217389,0.0,100.0,56,31,31,0,0,6,0.62,12.26953125,56,25,0,0,0,3141,256,16,0,0,0,11.0625,
aeqkad_robust,window,full,fidelity,False,True,16,0.05,25,0,True,iid,0.1,2,s043,5,24.25,4.67391304347826,0.0,100.0,56,32,32,0,0,6,0.64,12.37890625,56,24,0,0,0,3169,256,16,0,0,0,9.875,
aeqkad_robust,window,full,fidelity,False,True,16,0.05,25,0,True,iid,0.1,2,s043,6,7.749999999999998,2.33695652173913,0.0,100.0,56,39,39,0,0,6,0.78,12.76953125,56,17,0,0,0,3269,256,16,0,0,0,10.5,
aeqkad_robust,window,full,fidelity,False,True,16,0.05,25,0,True,iid,0.1,2,s043,7,13.5,0.0,0.0,100.0,56,37,37,0,0,6,0.74,12.28515625,56,19,0,0,0,3145,256,16,0,0,0,12.3125,
aeqkad_robust,window,full,fidelity,False,True,16,0.05,25,0,True,iid,0.1,2,s043,8,17.0,0.0,0.0,100.0,56,33,33,0,0,6,0.66,12.21875,56,22,0,0,1,3128,256,16,0,0,0,13.75,100.0
static_robust,static,none,fidelity,False,True,16,0.05,25,0,True,iid,0.1,0,s044,2,10.0,5.760869565217389,14.000000000000002,9.5,56,0,0,0,0,6,0.0,31.0,0,0,0,0,0,7936,256,50,0,50,0,81.5,
static_robust,static,none,fidelity,False,True,16,0.05,25,0,True,iid,0.1,0,s044,3,5.750000000000003,0.0,0.0,9.0,56,0,0,0,0,6,0.0,31.0,0,0,0,0,0,7936,256,50,0,50,0,137.5,
static_robust,static,none,fidelity,False,True,16,0.05,25,0,True,iid,0.1,0,s044,4,7.749999999999998,5.760869565217389,8.0,9.0,56,0,0,0,0,6,0.0,31.0,0,0,0,0,0,7936,256,50,0,50,0,193.5,
static_robust,static,none,fidelity,False,True,16,0.05,25,0,True,iid,0.1,0,s044,5,12.0,8.097826086956525,12.0,10.5,56,0,0,0,0,6,0.0,31.0,0,0,0,0,0,7936,256,50,0,50,0,249.5,
static_robust,static,none,fidelity,False,True,16,0.05,25,0,True,iid,0.1,0,s044,6,14.000000000000002,10.434782608695654,22.0,9.5,56,0,0,0,0,6,0.0,31.0,0,0,0,0,0,7936,256,50,0,50,0,305.5,
static_robust,static,none,fidelity,False,True,16,0.05,25,0,True,iid,0.1,0,s044,7,16.000000000000004,11.521739130434785,26.0,9.5,56,0,0,0,0,6,0.0,31.0,0,0,0,0,0,7936,256,50,0,50,0,361.5,
static_robust,static,none,fidelity,False,True,16,0.05,25,0,True,iid,0.1,0,s044,8,12.75,10.434782608695654,16.0,12.5,56,0,0,0,0,6,0.0,31.0,0,0,0,0,0,7936,256,50,0,50,0,417.5,0.0
static_robust,static,none,fidelity,False,True,16,0.05,25,0,True,iid,0.1,1,s044,2,11.249999999999998,2.5,2.0,42.0,56,0,0,0,0,6,0.0,32.0,0,0,0,0,0,8192,256,50,0,50,0,81.5,
static_robust,static,none,fidelity,False,True,16,0.05,25,0,True,iid,0.1,1,s044,3,6.000000000000003,0.0,0.0,40.5,56,0,0,0,0,6,0.0,32.0,0,0,0,0,0,8192,256,50,0,50,0,137.5,
static_robust,static,none,fidelity,False,True,16,0.05,25,0,True,iid,0.1,1,s044,4,9.749999999999998,4.67391304347826,0.0,43.0,56,0,0,0,0,6,0.0,32.0,0,0,0,0,0,8192,256,50,0,50,0,193.5,
static_robust,static,none,fidelity,False,True,16,0.05,25,0,True,iid,0.1,1,s044,5,10.0,4.83695652173913,2.0,36.0,56,0,0,0,0,6,0.0,32.0,0,0,0,0,0,8192,256,50,0,50,0,249.5,
static_robust,static,none,fidelity,False,True,16,0.05,25,0,True,iid,0.1,1,s044,6,14.500000000000002,12.771739130434783,2.0,36.5,56,0,0,0,0,6,0.0,32.0,0,0,0,0,0,8192,256,50,0,50,0,305.5,
static_robust,static,none,fidelity,False,True,16,0.05,25,0,True,iid,0.1,1,s044,7,14.500000000000002,6.08695652173913,4.0,37.5,56,0,0,0,0,6,0.0,32.0,0,0,0,0,0,8192,256,50,0,50,0,361.5,
static_robust,static,none,fidelity,False,True,16,0.05,25,0,True,iid,0.1,1,s044,8,12.0,3.75,2.0,33.0,56,0,0,0,0,6,0.0,32.0,0,0,0,0,0,8192,256,50,0,50,0,417.5,14.000000000000002
static_robust,static,none,fidelity,False,True,16,0.05,25,0,True,iid,0.1,2,s044,2,9.749999999999998,2.5,12.0,9.5,56,0,0,0,0,6,0.0,32.0,0,0,0,0,0,8192,256,50,0,50,0,81.5,
static_robust,static,none,fidelity,False,True,16,0.05,25,0,True,iid,0.1,2,s044,3,5.500000000000003,1.25,0.0,12.0,56,0,0,0,0,6,0.0,32.0,0,0,0,0,0,8192,256,50,0,50,0,137.5,
static_robust,static,none,fidelity,False,True,16,0.05,25,0,True,iid,0.1,2,s044,4,11.0,7.01086956521739,2.0,11.5,56,0,0,0,0,6,0.0,32.0,0,0,0,0,0,8192,256,50,0,50,0,193.5,
static_robust,static,none,fidelity,False,True,16,0.05,25,0,True,iid,0.1,2,s044,5,8.999999999999998,3.58695652173913,10.0,10.0,56,0,0,0,0,6,0.0,32.0,0,0,0,0,0,8192,256,50,0,50,0,249.5,
static_robust,static,none,fidelity,False,True,16,0.05,25,0,True,iid,0.1,2,s044,6,12.25,8.097826086956525,14.000000000000002,12.0,56,0,0,0,0,6,0.0,32.0,0,0,0,0,0,8192,256,50,0,50,0,305.5,
static_robust,static,none,fidelity,False,True,16,0.05,25,0,True,iid,0.1,2,s044,7,16.000000000000004,12.771739130434783,24.0,13.5,56,0,0,0,0,6,0.0,32.0,0,0,0,0,0,8192,256,50,0,50,0,361.5,
static_robust,static,none,fidelity,False,True,16,0.05,25,0,True,iid,0.1,2,s044,8,13.750000000000002,5.0,14.000000000000002,13.5,56,0,0,0,0,6,0.0,32.0,0,0,0,0,0,8192,256,50,0,50,0,417.5,0.0
window_robust,window,none,fidelity,False,True,16,0.05,25,0,True,iid,0.1,0,s044,2,12.25,5.923913043478259,8.0,41.0,56,47,46,1,0,6,0.92,12.23046875,0,0,0,0,0,3131,256,16,0,0,0,9.125,
window_robust,window,none,fidelity,False,True,16,0.05,25,0,True,iid,0.1,0,s044,3,7.749999999999998,7.01086956521739,0.0,39.5,56,55,50,5,0,6,1.0,12.140625,0,0,0,0,0,3108,256,16,0,0,0,8.3125,
window_robust,window,none,fidelity,False,True,16,0.05,25,0,True,iid,0.1,0,s044,4,7.999999999999999,0.0,0.0,28.000000000000004,56,51,50,1,0,6,1.0,10.21484375,0,0,0,0,0,2615,256,16,0,0,0,8.5,
window_robust,window,none,fidelity,False,True,16,0.05,25,0,True,iid,0.1,0,s044,5,10.0,3.75,2.0,34.5,56,51,49,2,0,6,0.98,10.4140625,0,0,0,0,0,2666,256,16,0,0,1,9.5625,
window_robust,window,none,fidelity,False,True,16,0.05,25,0,True,iid,0.1,0,s044,6,10.249999999999998,1.25,4.0,37.5,56,51,48,3,0,6,0.96,10.515625,0,0,0,0,0,2692,256,16,0,0,0,7.5625,
window_robust,window,none,fidelity,False,True,16,0.05,25,0,True,iid,0.1,0,s044,7,12.0,8.097826086956525,2.0,35.0,56,52,49,3,0,6,0.98,11.796875,0,0,0,0,0,3020,256,16,0,0,0,7.5,
window_robust,window,none,fidelity,False,True,16,0.05,25,0,True,iid,0.1,0,s044,8,8.249999999999998,2.33695652173913,2.0,27.0,56,51,49,2,0,6,0.98,10.12109375,0,0,0,0,0,2591,256,16,0,0,0,8.0625,4.0
window_robust,window,none,fidelity,False,True,16,0.05,25,0,True,iid,0.1,1,s044,2,16.000000000000004,6.847826086956524,0.0,100.0,56,56,50,6,0,6,1.0,12.9921875,0,0,0,0,0,3326,256,16,0,0,4,7.5,
window_robust,window,none,fidelity,False,True,16,0.05,25,0,True,iid,0.1,1,s044,3,7.499999999999998,2.33695652173913,0.0,100.0,56,56,50,6,0,6,1.0,12.5703125,0,0,0,0,0,3218,256,16,0,0,1,7.5,
window_robust,window,none,fidelity,False,True,16,0.05,25,0,True,iid,0.1,1,s044,4,9.25,4.67391304347826,0.0,100.0,56,56,50,6,0,6,1.0,10.9609375,0,0,0,0,0,2806,256,16,0,0,1,7.5,
window_robust,window,none,fidelity,False,True,16,0.05,25,0,True,iid,0.1,1,s044,5,12.0,4.67391304347826,0.0,100.0,56,56,50,6,0,6,1.0,11.37890625,0,0,0,0,0,2913,256,16,0,0,2,7.5,
window_robust,window,none,fidelity,False,True,16,0.05,25,0,True,iid,0.1,1,s044,6,10.249999999999998,2.5,0.0,100.0,56,56,50,6,0,6,1.0,11.09765625,0,0,0,0,0,2841,256,16,0,0,4,7.5,
window_robust,window,none,fidelity,False,True,16,0.05,25,0,True,iid,0.1,1,s044,7,10.0,3.75,0.0,100.0,56,56,50,6,0,6,1.0,12.55859375,0,0,0,0,0,3215,256,16,0,0,2,7.5,
window_robust,window,none,fidelity,False,True,16,0.05,25,0,True,iid,0.1,1,s044,8,9.0,1.25,0.0,100.0,56,56,50,6,0,6,1.0,10.8203125,0,0,0,0,0,2770,256,16,0,0,0,7.5,100.0
window_robust,window,none,fidelity,False,True,16,0.05,25,0,True,iid,0.1,2,s044,2,14.500000000000002,3.58695652173913,22.0,8.5,56,39,39,0,0,6,0.78,11.07421875,0,0,0,0,0,2835,256,16,0,0,0,13.3125,
window_robust,window,none,fidelity,False,True,16,0.05,25,0,True,iid,0.1,2,s044,3,5.250000000000002,2.33695652173913,4.0,9.5,56,48,48,0,0,6,0.96,10.96484375,0,0,0,0,0,2807,256,16,0,0,0,8.25,
window_robust,window,none,fidelity,False,True,16,0.05,25,0,True,iid,0.1,2,s044,4,8.249999999999998,2.33695652173913,8.0,10.0,56,48,46,2,0,6,0.92,9.80859375,0,0,0,0,0,2511,256,16,0,0,1,7.875,
window_robust,window,none,fidelity,False,True,16,0.05,25,0,True,iid,0.1,2,s044,5,13.5,3.58695652173913,14.000000000000002,15.5,56,46,43,3,0,6,0.86,9.53125,0,0,0,0,0,2440,256,16,0,0,0,10.0,
window_robust,window,none,fidelity,False,True,16,0.05,25,0,True,iid,0.1,2,s044,6,9.749999999999998,2.5,6.0,14.000000000000002,56,49,47,2,0,6,0.94,10.12109375,0,0,0,0,0,2591,256,16,0,0,1,7.5,
window_robust,window,none,fidelity,False,True,16,0.05,25,0,True,iid,0.1,2,s044,7,9.499999999999998,5.760869565217389,4.0,14.499999999999998,56,49,48,1,0,6,0.96,11.55078125,0,0,0,0,0,2957,256,16,0,0,0,7.6875,
window_robust,window,none,fidelity,False,True,16,0.05,25,0,True,iid,0.1,2,s044,8,5.000000000000002,4.67391304347826,4.0,7.000000000000001,56,48,48,0,0,6,0.96,9.63671875,0,0,0,0,0,2467,256,16,0,0,0,8.25,0.0
aeqkad_robust,window,full,fidelity,False,True,16,0.05,25,0,True,iid,0.1,0,s044,2,16.500000000000004,3.75,12.0,30.5,56,34,34,0,0,6,0.68,10.2578125,45,11,0,0,0,2626,256,16,0,0,0,17.6875,
aeqkad_robust,window,full,fidelity,False,True,16,0.05,25,0,True,iid,0.1,0,s044,3,5.000000000000002,2.33695652173913,0.0,17.5,56,43,43,0,0,6,0.86,9.7109375,53,10,0,0,0,2486,256,16,0,0,0,8.625,
aeqkad_robust,window,full,fidelity,False,True,16,0.05,25,0,True,iid,0.1,0,s044,4,7.749999999999998,1.0869565217391297,0.0,22.0,56,42,42,0,0,6,0.84,9.1796875,51,9,0,0,0,2350,256,16,0,0,0,8.625,
aeqkad_robust,window,full,fidelity,False,True,16,0.05,25,0,True,iid,0.1,0,s044,5,14.000000000000002,3.75,2.0,27.500000000000004,56,43,41,2,0,6,0.82,9.01953125,51,8,0,0,0,2309,256,16,0,0,1,10.0,
aeqkad_robust,window,full,fidelity,False,True,16,0.05,25,0,True,iid,0.1,0,s044,6,10.0,6.847826086956524,6.0,27.500000000000004,56,42,42,0,0,6,0.84,9.39453125,49,7,0,0,0,2405,256,16,0,0,0,9.8125,
aeqkad_robust,window,full,fidelity,False,True,16,0.05,25,0,True,iid,0.1,0,s044,7,14.500000000000002,10.434782608695654,2.0,30.0,56,39,37,2,0,6,0.74,9.890625,51,12,0,0,0,2532,256,16,0,0,0,8.25,
aeqkad_robust,window,full,fidelity,False,True,16,0.05,25,0,True,iid,0.1,0,s044,8,9.499999999999998,0.0,2.0,23.0,56,40,40,0,0,6,0.8,8.65234375,51,11,0,0,0,2215,256,16,0,0,0,9.8125,4.0
aeqkad_robust,window,full,fidelity,False,True,16,0.05,25,0,True,iid,0.1,1,s044,2,14.500000000000002,3.58695652173913,0.0,100.0,56,34,34,0,0,6,0.68,10.609375,56,22,0,0,0,2716,256,16,0,0,0,14.875,
aeqkad_robust,window,full,fidelity,False,True,16,0.05,25,0,True,iid,0.1,1,s044,3,5.750000000000003,1.25,0.0,100.0,56,47,47,0,0,6,0.94,10.7109375,56,9,0,0,0,2742,256,16,0,0,0,8.125,
aeqkad_robust,window,full,fidelity,False,True,16,0.05,25,0,True,iid,0.1,1,s044,4,10.249999999999998,2.33695652173913,0.0,100.0,56,43,43,0,0,6,0.86,9.44921875,56,13,0,0,0,2419,256,16,0,0,0,8.4375,
aeqkad_robust,window,full,fidelity,False,True,16,0.05,25,0,True,iid,0.1,1,s044,5,12.0,2.5,0.0,100.0,56,41,41,0,0,6,0.82,8.52734375,56,15,0,0,0,2183,256,16,0,0,0,10.125,
aeqkad_robust,window,full,fidelity,False,True,16,0.05,25,0,True,iid,0.1,1,s044,6,13.25,3.58695652173913,0.0,100.0,56,43,43,0,0,6,0.86,9.29296875,56,13,0,0,0,2379,256,16,0,0,0,11.125,
aeqkad_robust,window,full,fidelity,False,True,16,0.05,25,0,True,iid,0.1,1,s044,7,11.5,8.097826086956525,0.0,100.0,56,40,39,1,0,6,0.78,10.0546875,56,16,0,0,0,2574,256,16,0,0,0,9.8125,
aeqkad_robust,window,full,fidelity,False,True,16,0.05,25,0,True,iid,0.1,1,s044,8,10.0,2.33695652173913,0.0,100.0,56,43,43,0,0,6,0.86,8.859375,56,13,0,0,0,2268,256,16,0,0,0,7.6875,100.0
aeqkad_robust,window,full,fidelity,False,True,16,0.05,25,0,True,iid,0.1,2,s044,2,15.750000000000004,8.097826086956525,22.0,7.000000000000001,56,30,30,0,0,6,0.6,9.9609375,39,9,0,0,0,2550,256,16,0,0,0,18.25,
aeqkad_robust,window,full,fidelity,False,True,16,0.05,25,0,True,iid,0.1,2,s044,3,4.500000000000002,1.25,4.0,9.0,56,43,43,0,0,6,0.86,9.97265625,48,5,0,0,0,2553,256,16,0,0,0,8.75,
aeqkad_robust,window,full,fidelity,False,True,16,0.05,25,0,True,iid,0.1,2,s044,4,10.249999999999998,2.33695652173913,12.0,10.0,56,39,38,1,0,6,0.76,9.24609375,46,7,0,0,0,2367,256,16,0,0,1,11.375,
aeqkad_robust,window,full,fidelity,False,True,16,0.05,25,0,True,iid,0.1,2,s044,5,12.25,5.760869565217389,14.000000000000002,10.5,56,40,39,1,0,6,0.78,8.33984375,45,5,0,0,0,2135,256,16,0,0,0,10.6875,
aeqkad_robust,window,full,fidelity,False,True,16,0.05,25,0,True,iid,0.1,2,s044,6,11.75,2.5,10.0,13.5,56,42,41,1,0,6,0.82,9.3515625,47,5,0,0,0,2394,256,16,0,0,0,11.1875,
aeqkad_robust,window,full,fidelity,False,True,16,0.05,25,0,True,iid,0.1,2,s044,7,13.25,7.01086956521739,10.0,12.5,56,37,37,0,0,6,0.74,9.56640625,46,9,0,0,0,2449,256,16,0,0,0,8.5625,
aeqkad_robust,window,full,fidelity,False,True,16,0.05,25,0,True,iid,0.1,2,s044,8,6.000000000000003,6.847826086956524,8.0,6.0,56,39,39,0,0,6,0.78,8.515625,46,7,0,0,0,2180,256,16,0,0,0,10.0625,0.0
static_robust,static,none,fidelity,False,True,16,0.05,25,0,True,iid,0.1,0,s046,2,38.75,44.07608695652174,0.0,100.0,56,0,0,0,0,6,0.0,44.0,0,0,0,0,0,11264,256,50,0,50,0,81.5,
static_robust,static,none,fidelity,False,True,16,0.05,25,0,True,iid,0.1,0,s046,3,29.000000000000004,12.010869565217389,0.0,100.0,56,0,0,0,0,6,0.0,44.0,0,0,0,0,0,11264,256,50,0,50,0,137.5,
static_robust,static,none,fidelity,False,True,16,0.05,25,0,True,iid,0.1,0,s046,4,23.5,20.869565217391305,0.0,100.0,56,0,0,0,0,6,0.0,44.0,0,0,0,0,0,11264,256,50,0,50,0,193.5,
static_robust,static,none,fidelity,False,True,16,0.05,25,0,True,iid,0.1,0,s046,5,30.25,16.195652173913043,0.0,100.0,56,0,0,0,0,6,0.0,44.0,0,0,0,0,0,11264,256,50,0,50,0,249.5,
static_robust,static,none,fidelity,False,True,16,0.05,25,0,True,iid,0.1,0,s046,6,38.0,31.304347826086953,0.0,100.0,56,0,0,0,0,6,0.0,44.0,0,0,0,0,0,11264,256,50,0,50,0,305.5,
static_robust,static,none,fidelity,False,True,16,0.05,25,0,True,iid,0.1,0,s046,7,23.25,16.195652173913043,0.0,100.0,56,0,0,0,0,6,0.0,44.0,0,0,0,0,0,11264,256,50,0,50,0,361.5,
static_robust,static,none,fidelity,False,True,16,0.05,25,0,True,iid,0.1,0,s046,8,31.499999999999993,22.1195652173913,0.0,100.0,56,0,0,0,0,6,0.0,44.0,0,0,0,0,0,11264,256,50,0,50,0,417.5,100.0
static_robust,static,none,fidelity,False,True,16,0.05,25,0,True,iid,0.1,1,s046,2,36.0,32.55434782608696,0.0,100.0,56,0,0,0,0,6,0.0,44.0,0,0,0,0,0,11264,256,50,0,50,0,81.5,
static_robust,static,none,fidelity,False,True,16,0.05,25,0,True,iid,0.1,1,s046,3,26.0,13.097826086956523,0.0,100.0,56,0,0,0,0,6,0.0,44.0,0,0,0,0,0,11264,256,50,0,50,0,137.5,
static_robust,static,none,fidelity,False,True,16,0.05,25,0,True,iid,0.1,1,s046,4,26.5,19.782608695652172,0.0,100.0,56,0,0,0,0,6,0.0,44.0,0,0,0,0,0,11264,256,50,0,50,0,193.5,
static_robust,static,none,fidelity,False,True,16,0.05,25,0,True,iid,0.1,1,s046,5,27.500000000000004,17.445652173913043,0.0,100.0,56,0,0,0,0,6,0.0,44.0,0,0,0,0,0,11264,256,50,0,50,0,249.5,
static_robust,static,none,fidelity,False,True,16,0.05,25,0,True,iid,0.1,1,s046,6,33.25,25.543478260869566,0.0,100.0,56,0,0,0,0,6,0.0,44.0,0,0,0,0,0,11264,256,50,0,50,0,305.5,
static_robust,static,none,fidelity,False,True,16,0.05,25,0,True,iid,0.1,1,s046,7,22.499999999999996,9.347826086956525,0.0,100.0,56,0,0,0,0,6,0.0,44.0,0,0,0,0,0,11264,256,50,0,50,0,361.5,
static_robust,static,none,fidelity,False,True,16,0.05,25,0,True,iid,0.1,1,s046,8,30.999999999999993,22.1195652173913,0.0,100.0,56,0,0,0,0,6,0.0,44.0,0,0,0,0,0,11264,256,50,0,50,0,417.5,100.0
static_robust,static,none,fidelity,False,True,16,0.05,25,0,True,iid,0.1,2,s046,2,37.75,38.315217391304344,0.0,100.0,56,0,0,0,0,6,0.0,44.0,0,0,0,0,0,11264,256,50,0,50,0,81.5,
static_robust,static,none,fidelity,False,True,16,0.05,25,0,True,iid,0.1,2,s046,3,27.250000000000004,12.934782608695656,0.0,100.0,56,0,0,0,0,6,0.0,44.0,0,0,0,0,0,11264,256,50,0,50,0,137.5,
static_robust,static,none,fidelity,False,True,16,0.05,25,0,True,iid,0.1,2,s046,4,26.25,17.445652173913043,0.0,100.0,56,0,0,0,0,6,0.0,44.0,0,0,0,0,0,11264,256,50,0,50,0,193.5,
static_robust,static,none,fidelity,False,True,16,0.05,25,0,True,iid,0.1,2,s046,5,26.75,16.195652173913043,0.0,100.0,56,0,0,0,0,6,0.0,44.0,0,0,0,0,0,11264,256,50,0,50,0,249.5,
static_robust,static,none,fidelity,False,True,16,0.05,25,0,True,iid,0.1,2,s046,6,27.750000000000004,22.1195652173913,0.0,100.0,56,0,0,0,0,6,0.0,44.0,0,0,0,0,0,11264,256,50,0,50,0,305.5,
static_robust,static,none,fidelity,False,True,16,0.05,25,0,True,iid,0.1,2,s046,7,23.25,15.108695652173914,0.0,100.0,56,0,0,0,0,6,0.0,44.0,0,0,0,0,0,11264,256,50,0,50,0,361.5,
static_robust,static,none,fidelity,False,True,16,0.05,25,0,True,iid,0.1,2,s046,8,28.000000000000004,24.456521739130434,0.0,100.0,56,0,0,0,0,6,0.0,44.0,0,0,0,0,0,11264,256,50,0,50,0,417.5,100.0
window_robust,window,none,fidelity,False,True,16,0.05,25,0,True,iid,0.1,0,s046,2,22.499999999999996,18.532608695652172,0.0,100.0,56,56,50,6,0,6,1.0,12.640625,0,0,0,0,0,3236,256,16,0,0,3,7.5,
window_robust,window,none,fidelity,False,True,16,0.05,25,0,True,iid,0.1,0,s046,3,30.25,24.456521739130434,0.0,100.0,56,56,50,6,0,6,1.0,10.89453125,0,0,0,0,0,2789,256,16,0,0,1,7.5,
window_robust,window,none,fidelity,False,True,16,0.05,25,0,True,iid,0.1,0,s046,4,27.500000000000004,15.108695652173914,0.0,100.0,56,56,50,6,0,6,1.0,10.6796875,0,0,0,0,0,2734,256,16,0,0,1,7.5,
window_robust,window,none,fidelity,False,True,16,0.05,25,0,True,iid,0.1,0,s046,5,26.0,12.771739130434783,0.0,100.0,56,56,50,6,0,6,1.0,9.59375,0,0,0,0,0,2456,256,16,0,0,2,7.5,
window_robust,window,none,fidelity,False,True,16,0.05,25,0,True,iid,0.1,0,s046,6,23.5,21.956521739130434,0.0,100.0,56,56,50,6,0,6,1.0,8.765625,0,0,0,0,0,2244,256,16,0,0,2,7.5,
window_robust,window,none,fidelity,False,True,16,0.05,25,0,True,iid,0.1,0,s046,7,20.249999999999996,10.434782608695654,0.0,100.0,56,56,50,6,0,6,1.0,8.62109375,0,0,0,0,0,2207,256,16,0,0,0,7.5,
window_robust,window,none,fidelity,False,True,16,0.05,25,0,True,iid,0.1,0,s046,8,24.25,19.782608695652172,0.0,100.0,56,56,50,6,0,6,1.0,8.71484375,0,0,0,0,0,2231,256,16,0,0,2,7.5,100.0
window_robust,window,none,fidelity,False,True,16,0.05,25,0,True,iid,0.1,1,s046,2,19.749999999999996,12.608695652173912,0.0,100.0,56,56,50,6,0,6,1.0,12.90625,0,0,0,0,0,3304,256,16,0,0,3,7.5,
window_robust,window,none,fidelity,False,True,16,0.05,25,0,True,iid,0.1,1,s046,3,20.249999999999996,15.108695652173914,0.0,100.0,56,56,50,6,0,6,1.0,9.8359375,0,0,0,0,0,2518,256,16,0,0,2,7.5,
window_robust,window,none,fidelity,False,True,16,0.05,25,0,True,iid,0.1,1,s046,4,24.75,18.532608695652172,0.0,100.0,56,56,50,6,0,6,1.0,10.65234375,0,0,0,0,0,2727,256,16,0,0,1,7.5,
window_robust,window,none,fidelity,False,True,16,0.05,25,0,True,iid,0.1,1,s046,5,29.000000000000004,19.782608695652172,0.0,100.0,56,56,50,6,0,6,1.0,9.31640625,0,0,0,0,0,2385,256,16,0,0,2,7.5,
window_robust,window,none,fidelity,False,True,16,0.05,25,0,True,iid,0.1,1,s046,6,23.75,14.021739130434785,0.0,100.0,56,56,50,6,0,6,1.0,9.08203125,0,0,0,0,0,2325,256,16,0,0,1,7.5,
window_robust,window,none,fidelity,False,True,16,0.05,25,0,True,iid,0.1,1,s046,7,17.750000000000004,9.184782608695654,0.0,100.0,56,56,50,6,0,6,1.0,8.4453125,0,0,0,0,0,2162,256,16,0,0,0,7.5,
window_robust,window,none,fidelity,False,True,16,0.05,25,0,True,iid,0.1,1,s046,8,19.499999999999996,12.771739130434783,0.0,100.0,56,56,50,6,0,6,1.0,9.0625,0,0,0,0,0,2320,256,16,0,0,3,7.5,100.0
window_robust,window,none,fidelity,False,True,16,0.05,25,0,True,iid,0.1,2,s046,2,21.749999999999996,9.347826086956525,0.0,100.0,56,56,50,6,0,6,1.0,12.60546875,0,0,0,0,0,3227,256,16,0,0,4,7.5,
window_robust,window,none,fidelity,False,True,16,0.05,25,0,True,iid,0.1,2,s046,3,25.5,19.6195652173913,0.0,100.0,56,56,50,6,0,6,1.0,10.77734375,0,0,0,0,0,2759,256,16,0,0,3,7.5,
window_robust,window,none,fidelity,False,True,16,0.05,25,0,True,iid,0.1,2,s046,4,26.25,18.532608695652172,0.0,100.0,56,56,50,6,0,6,1.0,10.7265625,0,0,0,0,0,2746,256,16,0,0,0,7.5,
window_robust,window,none,fidelity,False,True,16,0.05,25,0,True,iid,0.1,2,s046,5,27.500000000000004,12.771739130434783,0.0,100.0,56,56,50,6,0,6,1.0,9.39453125,0,0,0,0,0,2405,256,16,0,0,2,7.5,
window_robust,window,none,fidelity,False,True,16,0.05,25,0,True,iid,0.1,2,s046,6,22.249999999999996,11.847826086956523,0.0,100.0,56,56,50,6,0,6,1.0,9.07421875,0,0,0,0,0,2323,256,16,0,0,0,7.5,
window_robust,window,none,fidelity,False,True,16,0.05,25,0,True,iid,0.1,2,s046,7,19.000000000000004,7.01086956521739,0.0,100.0,56,56,50,6,0,6,1.0,8.09375,0,0,0,0,0,2072,256,16,0,0,3,7.5,
window_robust,window,none,fidelity,False,True,16,0.05,25,0,True,iid,0.1,2,s046,8,24.5,14.021739130434785,0.0,100.0,56,56,50,6,0,6,1.0,9.0859375,0,0,0,0,0,2326,256,16,0,0,0,7.5,100.0
aeqkad_robust,window,full,fidelity,False,True,16,0.05,25,0,True,iid,0.1,0,s046,2,19.499999999999996,17.445652173913043,0.0,100.0,56,52,49,3,0,6,0.98,12.1015625,56,4,0,0,0,3098,256,16,0,0,3,8.5,
aeqkad_robust,window,full,fidelity,False,True,16,0.05,25,0,True,iid,0.1,0,s046,3,28.500000000000004,19.782608695652172,0.0,100.0,56,49,46,3,0,6,0.92,9.0546875,56,4,0,0,3,2318,256,16,0,0,0,8.875,
aeqkad_robust,window,full,fidelity,False,True,16,0.05,25,0,True,iid,0.1,0,s046,4,29.500000000000004,20.869565217391305,0.0,100.0,56,43,40,3,0,6,0.8,8.953125,56,0,0,0,13,2292,256,16,0,0,1,9.8125,
aeqkad_robust,window,full,fidelity,False,True,16,0.05,25,0,True,iid,0.1,0,s046,5,26.25,15.108695652173914,0.0,100.0,56,46,45,1,0,6,0.9,7.9296875,56,5,0,0,5,2030,256,16,0,0,0,10.5,
aeqkad_robust,window,full,fidelity,False,True,16,0.05,25,0,True,iid,0.1,0,s046,6,21.749999999999996,10.434782608695654,0.0,100.0,56,45,45,0,0,6,0.9,6.87890625,56,3,0,0,8,1761,256,16,0,0,0,8.4375,
aeqkad_robust,window,full,fidelity,False,True,16,0.05,25,0,True,iid,0.1,0,s046,7,52.0,47.66304347826087,0.0,100.0,56,9,8,1,0,6,0.16,6.328125,56,16,0,0,31,1620,256,16,0,0,1,31.5625,
aeqkad_robust,window,full,fidelity,False,True,16,0.05,25,0,True,iid,0.1,0,s046,8,27.250000000000004,20.869565217391305,0.0,100.0,56,38,36,2,0,6,0.72,6.3671875,56,5,0,0,13,1630,256,16,0,0,1,9.0625,100.0
aeqkad_robust,window,full,fidelity,False,True,16,0.05,25,0,True,iid,0.1,1,s046,2,15.750000000000004,12.608695652173912,0.0,100.0,56,51,49,2,0,6,0.98,12.171875,56,3,0,0,2,3116,256,16,0,0,2,7.625,
aeqkad_robust,window,full,fidelity,False,True,16,0.05,25,0,True,iid,0.1,1,s046,3,17.500000000000004,10.434782608695654,0.0,100.0,56,50,46,4,0,6,0.92,8.71484375,56,5,0,0,1,2231,256,16,0,0,1,9.375,
aeqkad_robust,window,full,fidelity,False,True,16,0.05,25,0,True,iid,0.1,1,s046,4,28.249999999999996,17.445652173913043,0.0,100.0,56,45,41,4,0,6,0.82,9.1015625,56,2,0,0,9,2330,256,16,0,0,1,9.0,
aeqkad_robust,window,full,fidelity,False,True,16,0.05,25,0,True,iid,0.1,1,s046,5,26.75,19.782608695652172,0.0,100.0,56,51,47,4,0,6,0.94,8.640625,56,2,0,0,3,2212,256,16,0,0,0,9.5625,
aeqkad_robust,window,full,fidelity,False,True,16,0.05,25,0,True,iid,0.1,1,s046,6,21.499999999999996,10.434782608695654,0.0,100.0,56,48,46,2,0,6,0.92,7.27734375,56,2,0,0,6,1863,256,16,0,0,0,7.8125,
aeqkad_robust,window,full,fidelity,False,True,16,0.05,25,0,True,iid,0.1,1,s046,7,48.5,53.75,0.0,100.0,56,6,6,0,0,6,0.12,6.6328125,56,20,0,0,30,1698,256,16,0,0,0,40.875,
aeqkad_robust,window,full,fidelity,False,True,16,0.05,25,0,True,iid,0.1,1,s046,8,29.75,18.532608695652172,0.0,100.0,56,36,35,1,0,6,0.7,6.234375,56,4,0,0,16,1596,256,16,0,0,0,9.9375,100.0
aeqkad_robust,window,full,fidelity,False,True,16,0.05,25,0,True,iid,0.1,2,s046,2,23.25,10.434782608695654,0.0,100.0,56,46,45,1,0,6,0.9,11.5625,56,7,0,0,3,2960,256,16,0,0,1,10.4375,
aeqkad_robust,window,full,fidelity,False,True,16,0.05,25,0,True,iid,0.1,2,s046,3,21.749999999999996,14.021739130434785,0.0,100.0,56,42,41,1,0,6,0.82,7.90234375,56,7,0,0,7,2023,256,16,0,0,1,10.5,
aeqkad_robust,window,full,fidelity,False,True,16,0.05,25,0,True,iid,0.1,2,s046,4,28.000000000000004,17.445652173913043,0.0,100.0,56,44,40,4,0,6,0.8,8.8359375,56,2,0,0,10,2262,256,16,0,0,1,9.875,
aeqkad_robust,window,full,fidelity,False,True,16,0.05,25,0,True,iid,0.1,2,s046,5,28.500000000000004,17.445652173913043,0.0,100.0,56,43,41,2,0,6,0.82,8.03125,56,4,0,0,9,2056,256,16,0,0,0,11.6875,
aeqkad_robust,window,full,fidelity,False,True,16,0.05,25,0,True,iid,0.1,2,s046,6,16.500000000000004,12.771739130434783,0.0,100.0,56,44,43,1,0,6,0.86,6.27734375,56,6,0,0,6,1607,256,16,0,0,0,7.875,
aeqkad_robust,window,full,fidelity,False,True,16,0.05,25,0,True,iid,0.1,2,s046,7,55.750000000000014,58.097826086956516,0.0,100.0,56,2,2,0,0,6,0.04,5.19921875,56,29,0,0,25,1331,256,16,0,0,0,56.25,
aeqkad_robust,window,full,fidelity,False,True,16,0.05,25,0,True,iid,0.1,2,s046,8,41.0,45.326086956521735,0.0,100.0,56,6,3,3,0,6,0.06,6.015625,56,10,0,0,40,1540,256,16,0,0,3,72.75,100.0
static_robust,static,none,fidelity,False,True,16,0.05,25,0,True,iid,0.1,0,s047,2,19.0,4.67391304347826,6.0,71.5,56,0,0,0,0,6,0.0,39.0,0,0,0,0,0,9984,256,50,0,50,0,81.5,
static_robust,static,none,fidelity,False,True,16,0.05,25,0,True,iid,0.1,0,s047,3,19.249999999999996,12.608695652173912,4.0,71.5,56,0,0,0,0,6,0.0,39.0,0,0,0,0,0,9984,256,50,0,50,0,137.5,
static_robust,static,none,fidelity,False,True,16,0.05,25,0,True,iid,0.1,0,s047,4,15.750000000000004,4.67391304347826,2.0,68.5,56,0,0,0,0,6,0.0,39.0,0,0,0,0,0,9984,256,50,0,50,0,193.5,
static_robust,static,none,fidelity,False,True,16,0.05,25,0,True,iid,0.1,0,s047,5,20.999999999999996,6.08695652173913,2.0,69.5,56,0,0,0,0,6,0.0,39.0,0,0,0,0,0,9984,256,50,0,50,0,249.5,
static_robust,static,none,fidelity,False,True,16,0.05,25,0,True,iid,0.1,0,s047,6,22.249999999999996,11.521739130434785,2.0,66.0,56,0,0,0,0,6,0.0,39.0,0,0,0,0,0,9984,256,50,0,50,0,305.5,
static_robust,static,none,fidelity,False,True,16,0.05,25,0,True,iid,0.1,0,s047,7,31.499999999999993,30.217391304347828,20.0,66.5,56,0,0,0,0,6,0.0,39.0,0,0,0,0,0,9984,256,50,0,50,0,361.5,
static_robust,static,none,fidelity,False,True,16,0.05,25,0,True,iid,0.1,0,s047,8,30.75,19.782608695652172,6.0,62.0,56,0,0,0,0,6,0.0,39.0,0,0,0,0,0,9984,256,50,0,50,0,417.5,26.0
static_robust,static,none,fidelity,False,True,16,0.05,25,0,True,iid,0.1,1,s047,2,16.000000000000004,5.760869565217389,2.0,78.5,56,0,0,0,0,6,0.0,40.0,0,0,0,0,0,10240,256,50,0,50,0,81.5,
static_robust,static,none,fidelity,False,True,16,0.05,25,0,True,iid,0.1,1,s047,3,20.249999999999996,6.847826086956524,4.0,85.0,56,0,0,0,0,6,0.0,40.0,0,0,0,0,0,10240,256,50,0,50,0,137.5,
static_robust,static,none,fidelity,False,True,16,0.05,25,0,True,iid,0.1,1,s047,4,18.250000000000004,10.434782608695654,2.0,86.5,56,0,0,0,0,6,0.0,40.0,0,0,0,0,0,10240,256,50,0,50,0,193.5,
static_robust,static,none,fidelity,False,True,16,0.05,25,0,True,iid,0.1,1,s047,5,21.749999999999996,5.923913043478259,2.0,84.0,56,0,0,0,0,6,0.0,40.0,0,0,0,0,0,10240,256,50,0,50,0,249.5,
static_robust,static,none,fidelity,False,True,16,0.05,25,0,True,iid,0.1,1,s047,6,21.999999999999996,8.097826086956525,0.0,85.0,56,0,0,0,0,6,0.0,40.0,0,0,0,0,0,10240,256,50,0,50,0,305.5,
static_robust,static,none,fidelity,False,True,16,0.05,25,0,True,iid,0.1,1,s047,7,30.75,32.55434782608696,10.0,83.0,56,0,0,0,0,6,0.0,40.0,0,0,0,0,0,10240,256,50,0,50,0,361.5,
static_robust,static,none,fidelity,False,True,16,0.05,25,0,True,iid,0.1,1,s047,8,28.500000000000004,19.782608695652172,2.0,81.0,56,0,0,0,0,6,0.0,40.0,0,0,0,0,0,10240,256,50,0,50,0,417.5,96.0
static_robust,static,none,fidelity,False,True,16,0.05,25,0,True,iid,0.1,2,s047,2,16.000000000000004,3.423913043478259,0.0,100.0,56,0,0,0,0,6,0.0,38.0,0,0,0,0,0,9728,256,50,0,50,0,81.5,
static_robust,static,none,fidelity,False,True,16,0.05,25,0,True,iid,0.1,2,s047,3,18.500000000000004,10.434782608695654,0.0,100.0,56,0,0,0,0,6,0.0,38.0,0,0,0,0,0,9728,256,50,0,50,0,137.5,
static_robust,static,none,fidelity,False,True,16,0.05,25,0,True,iid,0.1,2,s047,4,17.500000000000004,8.097826086956525,0.0,100.0,56,0,0,0,0,6,0.0,38.0,0,0,0,0,0,9728,256,50,0,50,0,193.5,
static_robust,static,none,fidelity,False,True,16,0.05,25,0,True,iid,0.1,2,s047,5,18.000000000000004,2.5,0.0,100.0,56,0,0,0,0,6,0.0,38.0,0,0,0,0,0,9728,256,50,0,50,0,249.5,
static_robust,static,none,fidelity,False,True,16,0.05,25,0,True,iid,0.1,2,s047,6,20.25,11.521739130434785,0.0,100.0,56,0,0,0,0,6,0.0,38.0,0,0,0,0,0,9728,256,50,0,50,0,305.5,
static_robust,static,none,fidelity,False,True,16,0.05,25,0,True,iid,0.1,2,s047,7,30.999999999999993,32.55434782608696,0.0,100.0,56,0,0,0,0,6,0.0,38.0,0,0,0,0,0,9728,256,50,0,50,0,361.5,
static_robust,static,none,fidelity,False,True,16,0.05,25,0,True,iid,0.1,2,s047,8,28.249999999999996,17.445652173913043,0.0,100.0,56,0,0,0,0,6,0.0,38.0,0,0,0,0,0,9728,256,50,0,50,0,417.5,100.0
window_robust,window,none,fidelity,False,True,16,0.05,25,0,True,iid,0.1,0,s047,2,23.0,5.760869565217389,6.0,67.5,56,51,47,4,0,6,0.94,12.90625,0,0,0,0,0,3304,256,16,0,0,1,8.6875,
window_robust,window,none,fidelity,False,True,16,0.05,25,0,True,iid,0.1,0,s047,3,29.500000000000004,23.20652173913043,8.0,68.5,56,52,46,6,0,6,0.92,13.09375,0,0,0,0,0,3352,256,16,0,0,1,8.5625,
window_robust,window,none,fidelity,False,True,16,0.05,25,0,True,iid,0.1,0,s047,4,20.749999999999996,12.771739130434783,4.0,62.0,56,52,48,4,0,6,0.96,12.41796875,0,0,0,0,0,3179,256,16,0,0,0,7.625,
window_robust,window,none,fidelity,False,True,16,0.05,25,0,True,iid,0.1,0,s047,5,13.750000000000002,2.33695652173913,6.0,67.0,56,52,47,5,0,6,0.94,10.35546875,0,0,0,0,0,2651,256,16,0,0,4,7.5,
window_robust,window,none,fidelity,False,True,16,0.05,25,0,True,iid,0.1,0,s047,6,31.75,24.293478260869566,2.0,72.5,56,52,49,3,0,6,0.98,10.89453125,0,0,0,0,0,2789,256,16,0,0,1,8.1875,
window_robust,window,none,fidelity,False,True,16,0.05,25,0,True,iid,0.1,0,s047,7,36.0,24.456521739130434,8.0,79.0,56,51,46,5,0,6,0.92,13.2578125,0,0,0,0,0,3394,256,16,0,0,1,7.9375,
window_robust,window,none,fidelity,False,True,16,0.05,25,0,True,iid,0.1,0,s047,8,37.75,41.73913043478261,20.0,72.5,56,42,40,2,0,6,0.8,12.48828125,0,0,0,0,0,3197,256,16,0,0,0,9.125,60.0
window_robust,window,none,fidelity,False,True,16,0.05,25,0,True,iid,0.1,1,s047,2,20.499999999999996,6.08695652173913,0.0,84.5,56,55,50,5,0,6,1.0,12.84765625,0,0,0,0,0,3289,256,16,0,0,3,7.5,
window_robust,window,none,fidelity,False,True,16,0.05,25,0,True,iid,0.1,1,s047,3,24.5,10.434782608695654,2.0,89.0,56,55,49,6,0,6,0.98,13.17578125,0,0,0,0,0,3373,256,16,0,0,1,7.5,
window_robust,window,none,fidelity,False,True,16,0.05,25,0,True,iid,0.1,1,s047,4,18.000000000000004,5.923913043478259,4.0,82.5,56,52,48,4,0,6,0.96,12.46875,0,0,0,0,0,3192,256,16,0,0,1,8.5,
window_robust,window,none,fidelity,False,True,16,0.05,25,0,True,iid,0.1,1,s047,5,16.75,11.521739130434785,2.0,75.5,56,52,49,3,0,6,0.98,11.203125,0,0,0,0,0,2868,256,16,0,0,1,8.3125,
window_robust,window,none,fidelity,False,True,16,0.05,25,0,True,iid,0.1,1,s047,6,36.0,25.543478260869566,0.0,87.0,56,56,50,6,0,6,1.0,11.296875,0,0,0,0,0,2892,256,16,0,0,0,7.5,
window_robust,window,none,fidelity,False,True,16,0.05,25,0,True,iid,0.1,1,s047,7,38.75,30.217391304347828,4.0,86.5,56,51,48,3,0,6,0.96,12.60546875,0,0,0,0,0,3227,256,16,0,0,1,8.375,
window_robust,window,none,fidelity,False,True,16,0.05,25,0,True,iid,0.1,1,s047,8,35.25,38.315217391304344,8.0,89.5,56,50,46,4,0,6,0.92,13.0703125,0,0,0,0,0,3346,256,16,0,0,2,7.6875,98.0
window_robust,window,none,fidelity,False,True,16,0.05,25,0,True,iid,0.1,2,s047,2,26.0,22.1195652173913,0.0,100.0,56,56,50,6,0,6,1.0,13.05078125,0,0,0,0,0,3341,256,16,0,0,2,7.5,
window_robust,window,none,fidelity,False,True,16,0.05,25,0,True,iid,0.1,2,s047,3,24.5,11.684782608695654,0.0,100.0,56,56,50,6,0,6,1.0,13.39453125,0,0,0,0,0,3429,256,16,0,0,2,7.5,
window_robust,window,none,fidelity,False,True,16,0.05,25,0,True,iid,0.1,2,s047,4,15.250000000000002,8.097826086956525,0.0,100.0,56,56,50,6,0,6,1.0,13.0859375,0,0,0,0,0,3350,256,16,0,0,1,7.5,
window_robust,window,none,fidelity,False,True,16,0.05,25,0,True,iid,0.1,2,s047,5,17.000000000000004,10.434782608695654,0.0,100.0,56,56,50,6,0,6,1.0,11.2734375,0,0,0,0,0,2886,256,16,0,0,2,7.5,
window_robust,window,none,fidelity,False,True,16,0.05,25,0,True,iid,0.1,2,s047,6,35.0,21.032608695652172,0.0,100.0,56,56,50,6,0,6,1.0,10.8203125,0,0,0,0,0,2770,256,16,0,0,0,7.5,
window_robust,window,none,fidelity,False,True,16,0.05,25,0,True,iid,0.1,2,s047,7,36.5,25.543478260869566,0.0,100.0,56,56,50,6,0,6,1.0,13.3046875,0,0,0,0,0,3406,256,16,0,0,1,7.5,
window_robust,window,none,fidelity,False,True,16,0.05,25,0,True,iid,0.1,2,s047,8,31.499999999999993,24.456521739130434,0.0,100.0,56,56,50,6,0,6,1.0,13.56640625,0,0,0,0,0,3473,256,16,0,0,1,7.5,100.0
aeqkad_robust,window,full,fidelity,False,True,16,0.05,25,0,True,iid,0.1,0,s047,2,18.500000000000004,4.83695652173913,6.0,65.0,56,39,39,0,0,6,0.78,12.17578125,51,10,0,0,2,3117,256,16,0,0,0,14.1875,
aeqkad_robust,window,full,fidelity,False,True,16,0.05,25,0,True,iid,0.1,0,s047,3,30.000000000000004,25.543478260869566,12.0,63.5,56,41,37,4,0,6,0.74,12.25390625,50,7,0,0,2,3137,256,16,0,0,0,9.625,
aeqkad_robust,window,full,fidelity,False,True,16,0.05,25,0,True,iid,0.1,0,s047,4,18.500000000000004,8.097826086956525,4.0,61.0,56,50,46,4,0,6,0.92,12.3671875,52,2,0,0,0,3166,256,16,0,0,0,7.625,
aeqkad_robust,window,full,fidelity,False,True,16,0.05,25,0,True,iid,0.1,0,s047,5,14.000000000000002,3.423913043478259,4.0,67.0,56,44,42,2,0,6,0.84,9.23046875,52,5,0,0,3,2363,256,16,0,0,1,9.125,
aeqkad_robust,window,full,fidelity,False,True,16,0.05,25,0,True,iid,0.1,0,s047,6,38.25,26.6304347826087,16.0,64.5,56,32,31,1,0,6,0.62,9.375,45,8,0,0,5,2400,256,16,0,0,0,10.0,
aeqkad_robust,window,full,fidelity,False,True,16,0.05,25,0,True,iid,0.1,0,s047,7,39.75,38.47826086956522,14.000000000000002,77.0,56,39,36,3,0,6,0.72,12.14453125,48,9,0,0,0,3109,256,16,0,0,0,9.75,
aeqkad_robust,window,full,fidelity,False,True,16,0.05,25,0,True,iid,0.1,0,s047,8,43.25,38.315217391304344,24.0,67.0,56,26,25,1,0,6,0.5,10.5625,41,11,0,0,4,2704,256,16,0,0,0,9.8125,54.0
aeqkad_robust,window,full,fidelity,False,True,16,0.05,25,0,True,iid,0.1,1,s047,2,27.249999999999996,15.108695652173914,0.0,79.5,56,41,39,2,0,6,0.78,12.27734375,55,12,0,0,2,3143,256,16,0,0,1,15.0625,
aeqkad_robust,window,full,fidelity,False,True,16,0.05,25,0,True,iid,0.1,1,s047,3,25.75,16.358695652173914,4.0,86.5,56,42,39,3,0,6,0.78,12.21875,54,11,0,0,1,3128,256,16,0,0,1,8.625,
aeqkad_robust,window,full,fidelity,False,True,16,0.05,25,0,True,iid,0.1,1,s047,4,18.500000000000004,8.097826086956525,4.0,77.0,56,43,43,0,0,6,0.86,11.86328125,52,5,0,0,4,3037,256,16,0,0,0,11.6875,
aeqkad_robust,window,full,fidelity,False,True,16,0.05,25,0,True,iid,0.1,1,s047,5,14.250000000000002,8.260869565217389,2.0,73.5,56,42,41,1,0,6,0.82,9.46875,52,4,0,0,6,2424,256,16,0,0,1,8.4375,
aeqkad_robust,window,full,fidelity,False,True,16,0.05,25,0,True,iid,0.1,1,s047,6,38.25,27.8804347826087,4.0,72.5,56,34,32,2,0,6,0.64,9.39453125,51,11,0,0,6,2405,256,16,0,0,0,8.5,
aeqkad_robust,window,full,fidelity,False,True,16,0.05,25,0,True,iid,0.1,1,s047,7,38.25,38.15217391304348,4.0,83.5,56,41,38,3,0,6,0.76,11.91796875,53,9,0,0,3,3051,256,16,0,0,1,9.9375,
aeqkad_robust,window,full,fidelity,False,True,16,0.05,25,0,True,iid,0.1,1,s047,8,47.5,42.98913043478261,12.0,78.5,56,26,25,1,0,6,0.5,10.53125,48,17,0,0,5,2696,256,16,0,0,1,10.625,96.0
aeqkad_robust,window,full,fidelity,False,True,16,0.05,25,0,True,iid,0.1,2,s047,2,24.75,10.434782608695654,0.0,100.0,56,41,40,1,0,6,0.8,12.484375,56,14,0,0,1,3196,256,16,0,0,1,12.5625,
aeqkad_robust,window,full,fidelity,False,True,16,0.05,25,0,True,iid,0.1,2,s047,3,31.999999999999996,23.20652173913043,0.0,100.0,56,43,39,4,0,6,0.78,12.67578125,56,13,0,0,0,3245,256,16,0,0,0,10.0625,
aeqkad_robust,window,full,fidelity,False,True,16,0.05,25,0,True,iid,0.1,2,s047,4,21.749999999999996,8.097826086956525,0.0,100.0,56,47,46,1,0,6,0.92,12.10546875,56,8,0,0,1,3099,256,16,0,0,1,7.5,
aeqkad_robust,window,full,fidelity,False,True,16,0.05,25,0,True,iid,0.1,2,s047,5,18.250000000000004,9.347826086956525,0.0,100.0,56,42,42,0,0,6,0.84,9.609375,56,11,0,0,3,2460,256,16,0,0,0,8.9375,
aeqkad_robust,window,full,fidelity,False,True,16,0.05,25,0,True,iid,0.1,2,s047,6,36.75,24.293478260869566,0.0,100.0,56,35,32,3,0,6,0.64,9.16015625,56,16,0,0,5,2345,256,16,0,0,1,7.625,
aeqkad_robust,window,full,fidelity,False,True,16,0.05,25,0,True,iid,0.1,2,s047,7,38.25,39.565217391304344,0.0,100.0,56,36,35,1,0,6,0.7,12.03125,56,19,0,0,1,3080,256,16,0,0,1,9.0625,
aeqkad_robust,window,full,fidelity,False,True,16,0.05,25,0,True,iid,0.1,2,s047,8,46.0,42.98913043478261,0.0,100.0,56,33,30,3,0,6,0.6,12.2265625,56,22,0,0,1,3130,256,16,0,0,1,9.375,100.0
static_robust,static,none,fidelity,False,True,16,0.05,25,0,True,iid,0.1,0,s048,2,14.000000000000002,8.097826086956525,0.0,100.0,56,0,0,0,0,6,0.0,40.0,0,0,0,0,0,10240,256,50,0,50,0,81.5,
static_robust,static,none,fidelity,False,True,16,0.05,25,0,True,iid,0.1,0,s048,3,13.750000000000002,10.434782608695654,0.0,100.0,56,0,0,0,0,6,0.0,40.0,0,0,0,0,0,10240,256,50,0,50,0,137.5,
static_robust,static,none,fidelity,False,True,16,0.05,25,0,True,iid,0.1,0,s048,4,35.75,33.80434782608695,0.0,100.0,56,0,0,0,0,6,0.0,40.0,0,0,0,0,0,10240,256,50,0,50,0,193.5,
static_robust,static,none,fidelity,False,True,16,0.05,25,0,True,iid,0.1,0,s048,5,33.75,25.706521739130434,0.0,100.0,56,0,0,0,0,6,0.0,40.0,0,0,0,0,0,10240,256,50,0,50,0,249.5,
static_robust,static,none,fidelity,False,True,16,0.05,25,0,True,iid,0.1,0,s048,6,26.0,25.543478260869566,0.0,100.0,56,0,0,0,0,6,0.0,40.0,0,0,0,0,0,10240,256,50,0,50,0,305.5,
static_robust,static,none,fidelity,False,True,16,0.05,25,0,True,iid,0.1,0,s048,7,26.25,20.869565217391305,0.0,100.0,56,0,0,0,0,6,0.0,40.0,0,0,0,0,0,10240,256,50,0,50,0,361.5,
static_robust,static,none,fidelity,False,True,16,0.05,25,0,True,iid,0.1,0,s048,8,21.999999999999996,15.108695652173914,0.0,100.0,56,0,0,0,0,6,0.0,40.0,0,0,0,0,0,10240,256,50,0,50,0,417.5,100.0
static_robust,static,none,fidelity,False,True,16,0.05,25,0,True,iid,0.1,1,s048,2,14.750000000000002,6.847826086956524,0.0,100.0,56,0,0,0,0,6,0.0,40.0,0,0,0,0,0,10240,256,50,0,50,0,81.5,
static_robust,static,none,fidelity,False,True,16,0.05,25,0,True,iid,0.1,1,s048,3,19.249999999999996,10.597826086956525,0.0,100.0,56,0,0,0,0,6,0.0,40.0,0,0,0,0,0,10240,256,50,0,50,0,137.5,
static_robust,static,none,fidelity,False,True,16,0.05,25,0,True,iid,0.1,1,s048,4,42.25,39.565217391304344,0.0,100.0,56,0,0,0,0,6,0.0,40.0,0,0,0,0,0,10240,256,50,0,50,0,193.5,
static_robust,static,none,fidelity,False,True,16,0.05,25,0,True,iid,0.1,1,s048,5,34.25,22.1195652173913,0.0,100.0,56,0,0,0,0,6,0.0,40.0,0,0,0,0,0,10240,256,50,0,50,0,249.5,
static_robust,static,none,fidelity,False,True,16,0.05,25,0,True,iid,0.1,1,s048,6,26.0,22.1195652173913,0.0,100.0,56,0,0,0,0,6,0.0,40.0,0,0,0,0,0,10240,256,50,0,50,0,305.5,
static_robust,static,none,fidelity,False,True,16,0.05,25,0,True,iid,0.1,1,s048,7,29.75,22.1195652173913,0.0,100.0,56,0,0,0,0,6,0.0,40.0,0,0,0,0,0,10240,256,50,0,50,0,361.5,
static_robust,static,none,fidelity,False,True,16,0.05,25,0,True,iid,0.1,1,s048,8,20.0,11.684782608695654,0.0,100.0,56,0,0,0,0,6,0.0,40.0,0,0,0,0,0,10240,256,50,0,50,0,417.5,100.0
static_robust,static,none,fidelity,False,True,16,0.05,25,0,True,iid,0.1,2,s048,2,17.500000000000004,10.434782608695654,0.0,100.0,56,0,0,0,0,6,0.0,38.0,0,0,0,0,0,9728,256,50,0,50,0,81.5,
static_robust,static,none,fidelity,False,True,16,0.05,25,0,True,iid,0.1,2,s048,3,14.500000000000002,6.847826086956524,0.0,100.0,56,0,0,0,0,6,0.0,38.0,0,0,0,0,0,9728,256,50,0,50,0,137.5,
static_robust,static,none,fidelity,False,True,16,0.05,25,0,True,iid,0.1,2,s048,4,38.0,39.565217391304344,0.0,100.0,56,0,0,0,0,6,0.0,38.0,0,0,0,0,0,9728,256,50,0,50,0,193.5,
static_robust,static,none,fidelity,False,True,16,0.05,25,0,True,iid,0.1,2,s048,5,34.0,23.3695652173913,0.0,100.0,56,0,0,0,0,6,0.0,38.0,0,0,0,0,0,9728,256,50,0,50,0,249.5,
static_robust,static,none,fidelity,False,True,16,0.05,25,0,True,iid,0.1,2,s048,6,25.75,25.543478260869566,0.0,100.0,56,0,0,0,0,6,0.0,38.0,0,0,0,0,0,9728,256,50,0,50,0,305.5,
static_robust,static,none,fidelity,False,True,16,0.05,25,0,True,iid,0.1,2,s048,7,27.750000000000004,22.1195652173913,0.0,100.0,56,0,0,0,0,6,0.0,38.0,0,0,0,0,0,9728,256,50,0,50,0,361.5,
static_robust,static,none,fidelity,False,True,16,0.05,25,0,True,iid,0.1,2,s048,8,18.250000000000004,18.695652173913043,0.0,100.0,56,0,0,0,0,6,0.0,38.0,0,0,0,0,0,9728,256,50,0,50,0,417.5,100.0
window_robust,window,none,fidelity,False,True,16,0.05,25,0,True,iid,0.1,0,s048,2,11.75,7.01086956521739,0.0,100.0,56,56,50,6,0,6,1.0,12.62109375,0,0,0,0,0,3231,256,16,0,0,1,7.5,
window_robust,window,none,fidelity,False,True,16,0.05,25,0,True,iid,0.1,0,s048,3,20.0,18.532608695652172,0.0,100.0,56,56,50,6,0,6,1.0,11.609375,0,0,0,0,0,2972,256,16,0,0,1,7.5,
window_robust,window,none,fidelity,False,True,16,0.05,25,0,True,iid,0.1,0,s048,4,18.250000000000004,5.0,0.0,100.0,56,56,50,6,0,6,1.0,12.41796875,0,0,0,0,0,3179,256,16,0,0,3,7.5,
window_robust,window,none,fidelity,False,True,16,0.05,25,0,True,iid,0.1,0,s048,5,18.250000000000004,8.097826086956525,0.0,100.0,56,56,50,6,0,6,1.0,11.73828125,0,0,0,0,0,3005,256,16,0,0,1,7.5,
window_robust,window,none,fidelity,False,True,16,0.05,25,0,True,iid,0.1,0,s048,6,13.750000000000002,1.25,0.0,100.0,56,56,50,6,0,6,1.0,10.58984375,0,0,0,0,0,2711,256,16,0,0,2,7.5,
window_robust,window,none,fidelity,False,True,16,0.05,25,0,True,iid,0.1,0,s048,7,16.75,4.67391304347826,0.0,100.0,56,56,50,6,0,6,1.0,12.17578125,0,0,0,0,0,3117,256,16,0,0,1,7.5,
window_robust,window,none,fidelity,False,True,16,0.05,25,0,True,iid,0.1,0,s048,8,17.500000000000004,10.434782608695654,0.0,100.0,56,56,50,6,0,6,1.0,9.98828125,0,0,0,0,0,2557,256,16,0,0,3,7.5,100.0
window_robust,window,none,fidelity,False,True,16,0.05,25,0,True,iid,0.1,1,s048,2,10.249999999999998,4.67391304347826,0.0,100.0,56,56,50,6,0,6,1.0,12.5390625,0,0,0,0,0,3210,256,16,0,0,3,7.5,
window_robust,window,none,fidelity,False,True,16,0.05,25,0,True,iid,0.1,1,s048,3,15.000000000000002,6.847826086956524,0.0,100.0,56,56,50,6,0,6,1.0,11.59375,0,0,0,0,0,2968,256,16,0,0,1,7.5,
window_robust,window,none,fidelity,False,True,16,0.05,25,0,True,iid,0.1,1,s048,4,20.999999999999996,9.184782608695654,0.0,100.0,56,56,50,6,0,6,1.0,12.34765625,0,0,0,0,0,3161,256,16,0,0,3,7.5,
window_robust,window,none,fidelity,False,True,16,0.05,25,0,True,iid,0.1,1,s048,5,20.499999999999996,4.83695652173913,0.0,100.0,56,56,50,6,0,6,1.0,11.52734375,0,0,0,0,0,2951,256,16,0,0,3,7.5,
window_robust,window,none,fidelity,False,True,16,0.05,25,0,True,iid,0.1,1,s048,6,13.5,9.184782608695654,0.0,100.0,56,56,50,6,0,6,1.0,11.33203125,0,0,0,0,0,2901,256,16,0,0,2,7.5,
window_robust,window,none,fidelity,False,True,16,0.05,25,0,True,iid,0.1,1,s048,7,14.250000000000002,4.67391304347826,0.0,100.0,56,56,50,6,0,6,1.0,12.0859375,0,0,0,0,0,3094,256,16,0,0,1,7.5,
window_robust,window,none,fidelity,False,True,16,0.05,25,0,True,iid,0.1,1,s048,8,12.5,5.760869565217389,0.0,100.0,56,56,50,6,0,6,1.0,10.09375,0,0,0,0,0,2584,256,16,0,0,3,7.5,100.0
window_robust,window,none,fidelity,False,True,16,0.05,25,0,True,iid,0.1,2,s048,2,14.250000000000002,6.847826086956524,0.0,100.0,56,56,50,6,0,6,1.0,12.79296875,0,0,0,0,0,3275,256,16,0,0,2,7.5,
window_robust,window,none,fidelity,False,True,16,0.05,25,0,True,iid,0.1,2,s048,3,14.250000000000002,9.347826086956525,0.0,100.0,56,56,50,6,0,6,1.0,11.5703125,0,0,0,0,0,2962,256,16,0,0,0,7.5,
window_robust,window,none,fidelity,False,True,16,0.05,25,0,True,iid,0.1,2,s048,4,18.000000000000004,7.01086956521739,0.0,100.0,56,56,50,6,0,6,1.0,12.328125,0,0,0,0,0,3156,256,16,0,0,1,7.5,
window_robust,window,none,fidelity,False,True,16,0.05,25,0,True,iid,0.1,2,s048,5,17.0,2.33695652173913,0.0,100.0,56,56,50,6,0,6,1.0,11.72265625,0,0,0,0,0,3001,256,16,0,0,1,7.5,
window_robust,window,none,fidelity,False,True,16,0.05,25,0,True,iid,0.1,2,s048,6,14.250000000000002,7.01086956521739,0.0,100.0,56,56,50,6,0,6,1.0,10.87109375,0,0,0,0,0,2783,256,16,0,0,4,7.5,
window_robust,window,none,fidelity,False,True,16,0.05,25,0,True,iid,0.1,2,s048,7,18.000000000000004,8.097826086956525,0.0,100.0,56,56,50,6,0,6,1.0,11.78125,0,0,0,0,0,3016,256,16,0,0,4,7.5,
window_robust,window,none,fidelity,False,True,16,0.05,25,0,True,iid,0.1,2,s048,8,16.250000000000004,8.097826086956525,0.0,100.0,56,56,50,6,0,6,1.0,10.828125,0,0,0,0,0,2772,256,16,0,0,2,7.5,100.0
aeqkad_robust,window,full,fidelity,False,True,16,0.05,25,0,True,iid,0.1,0,s048,2,14.000000000000002,8.097826086956525,0.0,100.0,56,49,47,2,0,6,0.94,11.37890625,56,7,0,0,0,2913,256,16,0,0,1,7.5,
aeqkad_robust,window,full,fidelity,False,True,16,0.05,25,0,True,iid,0.1,0,s048,3,19.000000000000004,14.021739130434785,0.0,100.0,56,47,45,2,0,6,0.9,10.27734375,56,9,0,0,0,2631,256,16,0,0,0,8.125,
aeqkad_robust,window,full,fidelity,False,True,16,0.05,25,0,True,iid,0.1,0,s048,4,16.000000000000004,10.434782608695654,0.0,100.0,56,46,44,2,0,6,0.88,10.953125,56,9,0,0,1,2804,256,16,0,0,2,9.625,
aeqkad_robust,window,full,fidelity,False,True,16,0.05,25,0,True,iid,0.1,0,s048,5,16.750000000000004,8.097826086956525,0.0,100.0,56,47,45,2,0,6,0.9,10.54296875,56,9,0,0,0,2699,256,16,0,0,0,9.25,
aeqkad_robust,window,full,fidelity,False,True,16,0.05,25,0,True,iid,0.1,0,s048,6,13.0,1.25,0.0,100.0,56,51,49,2,0,6,0.98,10.12890625,56,5,0,0,0,2593,256,16,0,0,1,8.4375,
aeqkad_robust,window,full,fidelity,False,True,16,0.05,25,0,True,iid,0.1,0,s048,7,13.25,2.33695652173913,0.0,100.0,56,49,47,2,0,6,0.94,11.16796875,56,6,0,0,1,2859,256,16,0,0,0,7.5625,
aeqkad_robust,window,full,fidelity,False,True,16,0.05,25,0,True,iid,0.1,0,s048,8,13.750000000000002,7.01086956521739,0.0,100.0,56,50,48,2,0,6,0.96,9.17578125,56,6,0,0,0,2349,256,16,0,0,0,9.4375,100.0
aeqkad_robust,window,full,fidelity,False,True,16,0.05,25,0,True,iid,0.1,1,s048,2,11.75,4.67391304347826,0.0,100.0,56,52,48,4,0,6,0.96,11.890625,56,4,0,0,0,3044,256,16,0,0,2,8.0,
aeqkad_robust,window,full,fidelity,False,True,16,0.05,25,0,True,iid,0.1,1,s048,3,17.250000000000004,11.684782608695654,0.0,100.0,56,44,43,1,0,6,0.86,9.7421875,56,12,0,0,0,2494,256,16,0,0,0,8.375,
aeqkad_robust,window,full,fidelity,False,True,16,0.05,25,0,True,iid,0.1,1,s048,4,18.250000000000004,10.434782608695654,0.0,100.0,56,43,42,1,0,6,0.84,11.10546875,56,13,0,0,0,2843,256,16,0,0,0,11.25,
aeqkad_robust,window,full,fidelity,False,True,16,0.05,25,0,True,iid,0.1,1,s048,5,18.750000000000004,4.67391304347826,0.0,100.0,56,43,42,1,0,6,0.84,9.84375,56,13,0,0,0,2520,256,16,0,0,1,10.3125,
aeqkad_robust,window,full,fidelity,False,True,16,0.05,25,0,True,iid,0.1,1,s048,6,14.000000000000002,7.01086956521739,0.0,100.0,56,49,49,0,0,6,0.98,10.125,56,7,0,0,0,2592,256,16,0,0,0,8.6875,
aeqkad_robust,window,full,fidelity,False,True,16,0.05,25,0,True,iid,0.1,1,s048,7,14.000000000000002,2.33695652173913,0.0,100.0,56,48,46,2,0,6,0.92,10.58984375,56,8,0,0,0,2711,256,16,0,0,1,7.5625,
aeqkad_robust,window,full,fidelity,False,True,16,0.05,25,0,True,iid,0.1,1,s048,8,10.499999999999998,3.58695652173913,0.0,100.0,56,48,47,1,0,6,0.94,8.80078125,56,7,0,0,1,2253,256,16,0,0,0,10.25,100.0
aeqkad_robust,window,full,fidelity,False,True,16,0.05,25,0,True,iid,0.1,2,s048,2,14.250000000000002,8.097826086956525,0.0,100.0,56,50,49,1,0,6,0.98,12.0,56,6,0,0,0,3072,256,16,0,0,0,8.0625,
aeqkad_robust,window,full,fidelity,False,True,16,0.05,25,0,True,iid,0.1,2,s048,3,16.75,9.347826086956525,0.0,100.0,56,46,45,1,0,6,0.9,10.00390625,56,10,0,0,0,2561,256,16,0,0,0,7.5,
aeqkad_robust,window,full,fidelity,False,True,16,0.05,25,0,True,iid,0.1,2,s048,4,16.250000000000004,5.923913043478259,0.0,100.0,56,46,45,1,0,6,0.9,11.21484375,56,8,0,0,2,2871,256,16,0,0,0,9.5,
aeqkad_robust,window,full,fidelity,False,True,16,0.05,25,0,True,iid,0.1,2,s048,5,18.500000000000004,2.33695652173913,0.0,100.0,56,49,45,4,0,6,0.9,10.3828125,56,7,0,0,0,2658,256,16,0,0,1,8.375,
aeqkad_robust,window,full,fidelity,False,True,16,0.05,25,0,True,iid,0.1,2,s048,6,12.0,9.347826086956525,0.0,100.0,56,50,49,1,0,6,0.98,10.0859375,56,6,0,0,0,2582,256,16,0,0,1,8.9375,
aeqkad_robust,window,full,fidelity,False,True,16,0.05,25,0,True,iid,0.1,2,s048,7,13.25,8.097826086956525,0.0,100.0,56,49,47,2,0,6,0.94,10.91015625,56,6,0,0,1,2793,256,16,0,0,2,8.25,
aeqkad_robust,window,full,fidelity,False,True,16,0.05,25,0,True,iid,0.1,2,s048,8,16.250000000000004,10.434782608695654,0.0,100.0,56,51,48,3,0,6,0.96,9.734375,56,5,0,0,0,2492,256,16,0,0,2,7.5,100.0
static_robust,static,none,fidelity,False,True,16,0.05,25,0,True,iid,0.1,0,s049,2,5.500000000000003,0.0,0.0,100.0,56,0,0,0,0,6,0.0,43.0,0,0,0,0,0,11008,256,50,0,50,0,81.5,
static_robust,static,none,fidelity,False,True,16,0.05,25,0,True,iid,0.1,0,s049,3,7.749999999999998,0.0,0.0,100.0,56,0,0,0,0,6,0.0,43.0,0,0,0,0,0,11008,256,50,0,50,0,137.5,
static_robust,static,none,fidelity,False,True,16,0.05,25,0,True,iid,0.1,0,s049,4,15.500000000000004,4.83695652173913,0.0,100.0,56,0,0,0,0,6,0.0,43.0,0,0,0,0,0,11008,256,50,0,50,0,193.5,
static_robust,static,none,fidelity,False,True,16,0.05,25,0,True,iid,0.1,0,s049,5,14.000000000000002,2.5,0.0,100.0,56,0,0,0,0,6,0.0,43.0,0,0,0,0,0,11008,256,50,0,50,0,249.5,
static_robust,static,none,fidelity,False,True,16,0.05,25,0,True,iid,0.1,0,s049,6,5.500000000000003,1.25,0.0,100.0,56,0,0,0,0,6,0.0,43.0,0,0,0,0,0,11008,256,50,0,50,0,305.5,
static_robust,static,none,fidelity,False,True,16,0.05,25,0,True,iid,0.1,0,s049,7,7.999999999999999,1.25,0.0,100.0,56,0,0,0,0,6,0.0,43.0,0,0,0,0,0,11008,256,50,0,50,0,361.5,
static_robust,static,none,fidelity,False,True,16,0.05,25,0,True,iid,0.1,0,s049,8,12.25,2.5,0.0,100.0,56,0,0,0,0,6,0.0,43.0,0,0,0,0,0,11008,256,50,0,50,0,417.5,100.0
static_robust,static,none,fidelity,False,True,16,0.05,25,0,True,iid,0.1,1,s049,2,6.7500000000000036,2.33695652173913,0.0,100.0,56,0,0,0,0,6,0.0,44.0,0,0,0,0,0,11264,256,50,0,50,0,81.5,
static_robust,static,none,fidelity,False,True,16,0.05,25,0,True,iid,0.1,1,s049,3,7.749999999999998,0.0,0.0,100.0,56,0,0,0,0,6,0.0,44.0,0,0,0,0,0,11264,256,50,0,50,0,137.5,
static_robust,static,none,fidelity,False,True,16,0.05,25,0,True,iid,0.1,1,s049,4,15.750000000000004,8.097826086956525,0.0,100.0,56,0,0,0,0,6,0.0,44.0,0,0,0,0,0,11264,256,50,0,50,0,193.5,
static_robust,static,none,fidelity,False,True,16,0.05,25,0,True,iid,0.1,1,s049,5,14.250000000000002,10.271739130434785,0.0,100.0,56,0,0,0,0,6,0.0,44.0,0,0,0,0,0,11264,256,50,0,50,0,249.5,
static_robust,static,none,fidelity,False,True,16,0.05,25,0,True,iid,0.1,1,s049,6,7.999999999999999,1.25,0.0,100.0,56,0,0,0,0,6,0.0,44.0,0,0,0,0,0,11264,256,50,0,50,0,305.5,
static_robust,static,none,fidelity,False,True,16,0.05,25,0,True,iid,0.1,1,s049,7,8.249999999999998,1.25,0.0,100.0,56,0,0,0,0,6,0.0,44.0,0,0,0,0,0,11264,256,50,0,50,0,361.5,
static_robust,static,none,fidelity,False,True,16,0.05,25,0,True,iid,0.1,1,s049,8,12.0,2.5,0.0,100.0,56,0,0,0,0,6,0.0,44.0,0,0,0,0,0,11264,256,50,0,50,0,417.5,100.0
static_robust,static,none,fidelity,False,True,16,0.05,25,0,True,iid,0.1,2,s049,2,4.750000000000002,0.0,0.0,100.0,56,0,0,0,0,6,0.0,43.0,0,0,0,0,0,11008,256,50,0,50,0,81.5,
static_robust,static,none,fidelity,False,True,16,0.05,25,0,True,iid,0.1,2,s049,3,7.749999999999998,0.0,0.0,100.0,56,0,0,0,0,6,0.0,43.0,0,0,0,0,0,11008,256,50,0,50,0,137.5,
static_robust,static,none,fidelity,False,True,16,0.05,25,0,True,iid,0.1,2,s049,4,15.250000000000002,10.434782608695654,0.0,100.0,56,0,0,0,0,6,0.0,43.0,0,0,0,0,0,11008,256,50,0,50,0,193.5,
static_robust,static,none,fidelity,False,True,16,0.05,25,0,True,iid,0.1,2,s049,5,12.25,2.33695652173913,0.0,100.0,56,0,0,0,0,6,0.0,43.0,0,0,0,0,0,11008,256,50,0,50,0,249.5,
static_robust,static,none,fidelity,False,True,16,0.05,25,0,True,iid,0.1,2,s049,6,6.250000000000003,2.33695652173913,0.0,100.0,56,0,0,0,0,6,0.0,43.0,0,0,0,0,0,11008,256,50,0,50,0,305.5,
static_robust,static,none,fidelity,False,True,16,0.05,25,0,True,iid,0.1,2,s049,7,7.999999999999999,1.25,0.0,100.0,56,0,0,0,0,6,0.0,43.0,0,0,0,0,0,11008,256,50,0,50,0,361.5,
static_robust,static,none,fidelity,False,True,16,0.05,25,0,True,iid,0.1,2,s049,8,10.0,4.67391304347826,0.0,100.0,56,0,0,0,0,6,0.0,43.0,0,0,0,0,0,11008,256,50,0,50,0,417.5,100.0
window_robust,window,none,fidelity,False,True,16,0.05,25,0,True,iid,0.1,0,s049,2,22.499999999999996,19.6195652173913,0.0,100.0,56,56,50,6,0,6,1.0,13.03515625,0,0,0,0,0,3337,256,16,0,0,1,7.5,
window_robust,window,none,fidelity,False,True,16,0.05,25,0,True,iid,0.1,0,s049,3,14.500000000000002,11.521739130434785,0.0,100.0,56,56,50,6,0,6,1.0,11.2734375,0,0,0,0,0,2886,256,16,0,0,1,7.5,
window_robust,window,none,fidelity,False,True,16,0.05,25,0,True,iid,0.1,0,s049,4,26.25,11.684782608695654,0.0,100.0,56,56,50,6,0,6,1.0,12.5546875,0,0,0,0,0,3214,256,16,0,0,0,7.5,
window_robust,window,none,fidelity,False,True,16,0.05,25,0,True,iid,0.1,0,s049,5,18.250000000000004,8.097826086956525,0.0,100.0,56,56,50,6,0,6,1.0,10.32421875,0,0,0,0,0,2643,256,16,0,0,0,7.5,
window_robust,window,none,fidelity,False,True,16,0.05,25,0,True,iid,0.1,0,s049,6,11.75,3.58695652173913,0.0,100.0,56,56,50,6,0,6,1.0,10.9453125,0,0,0,0,0,2802,256,16,0,0,2,7.5,
window_robust,window,none,fidelity,False,True,16,0.05,25,0,True,iid,0.1,0,s049,7,16.75,4.67391304347826,0.0,100.0,56,56,50,6,0,6,1.0,9.76953125,0,0,0,0,0,2501,256,16,0,0,1,7.5,
window_robust,window,none,fidelity,False,True,16,0.05,25,0,True,iid,0.1,0,s049,8,14.000000000000002,3.75,0.0,100.0,56,56,50,6,0,6,1.0,9.33984375,0,0,0,0,0,2391,256,16,0,0,2,7.5,100.0
window_robust,window,none,fidelity,False,True,16,0.05,25,0,True,iid,0.1,1,s049,2,19.749999999999996,11.521739130434785,0.0,100.0,56,56,50,6,0,6,1.0,13.078125,0,0,0,0,0,3348,256,16,0,0,3,7.5,
window_robust,window,none,fidelity,False,True,16,0.05,25,0,True,iid,0.1,1,s049,3,9.25,2.33695652173913,0.0,100.0,56,56,50,6,0,6,1.0,10.7578125,0,0,0,0,0,2754,256,16,0,0,4,7.5,
window_robust,window,none,fidelity,False,True,16,0.05,25,0,True,iid,0.1,1,s049,4,24.0,15.108695652173914,0.0,100.0,56,56,50,6,0,6,1.0,12.15234375,0,0,0,0,0,3111,256,16,0,0,1,7.5,
window_robust,window,none,fidelity,False,True,16,0.05,25,0,True,iid,0.1,1,s049,5,24.0,12.771739130434783,0.0,100.0,56,56,50,6,0,6,1.0,10.4375,0,0,0,0,0,2672,256,16,0,0,1,7.5,
window_robust,window,none,fidelity,False,True,16,0.05,25,0,True,iid,0.1,1,s049,6,11.5,0.0,0.0,100.0,56,56,50,6,0,6,1.0,10.36328125,0,0,0,0,0,2653,256,16,0,0,2,7.5,
window_robust,window,none,fidelity,False,True,16,0.05,25,0,True,iid,0.1,1,s049,7,18.0,8.260869565217389,0.0,100.0,56,56,50,6,0,6,1.0,9.75,0,0,0,0,0,2496,256,16,0,0,0,7.5,
window_robust,window,none,fidelity,False,True,16,0.05,25,0,True,iid,0.1,1,s049,8,11.75,0.0,0.0,100.0,56,56,50,6,0,6,1.0,9.68359375,0,0,0,0,0,2479,256,16,0,0,1,7.5,100.0
window_robust,window,none,fidelity,False,True,16,0.05,25,0,True,iid,0.1,2,s049,2,20.0,6.08695652173913,0.0,100.0,56,56,50,6,0,6,1.0,12.58203125,0,0,0,0,0,3221,256,16,0,0,3,7.5,
window_robust,window,none,fidelity,False,True,16,0.05,25,0,True,iid,0.1,2,s049,3,14.750000000000002,11.521739130434785,0.0,100.0,56,56,50,6,0,6,1.0,11.88671875,0,0,0,0,0,3043,256,16,0,0,0,7.5,
window_robust,window,none,fidelity,False,True,16,0.05,25,0,True,iid,0.1,2,s049,4,22.249999999999996,12.771739130434783,0.0,100.0,56,56,50,6,0,6,1.0,12.1875,0,0,0,0,0,3120,256,16,0,0,0,7.5,
window_robust,window,none,fidelity,False,True,16,0.05,25,0,True,iid,0.1,2,s049,5,18.000000000000004,8.097826086956525,0.0,100.0,56,56,50,6,0,6,1.0,10.09765625,0,0,0,0,0,2585,256,16,0,0,1,7.5,
window_robust,window,none,fidelity,False,True,16,0.05,25,0,True,iid,0.1,2,s049,6,14.000000000000002,7.01086956521739,0.0,100.0,56,56,50,6,0,6,1.0,10.65625,0,0,0,0,0,2728,256,16,0,0,3,7.5,
window_robust,window,none,fidelity,False,True,16,0.05,25,0,True,iid,0.1,2,s049,7,22.749999999999996,8.097826086956525,0.0,100.0,56,56,50,6,0,6,1.0,9.94921875,0,0,0,0,0,2547,256,16,0,0,1,7.5,
window_robust,window,none,fidelity,False,True,16,0.05,25,0,True,iid,0.1,2,s049,8,10.249999999999998,0.0,0.0,100.0,56,56,50,6,0,6,1.0,9.55078125,0,0,0,0,0,2445,256,16,0,0,1,7.5,100.0
aeqkad_robust,window,full,fidelity,False,True,16,0.05,25,0,True,iid,0.1,0,s049,2,13.5,2.5,0.0,100.0,56,45,44,1,0,6,0.88,10.83984375,56,8,0,0,3,2775,256,16,0,0,0,8.625,
aeqkad_robust,window,full,fidelity,False,True,16,0.05,25,0,True,iid,0.1,0,s049,3,7.749999999999998,4.67391304347826,0.0,100.0,56,44,44,0,0,6,0.88,9.34375,56,10,0,0,2,2392,256,16,0,0,0,9.875,
aeqkad_robust,window,full,fidelity,False,True,16,0.05,25,0,True,iid,0.1,0,s049,4,22.249999999999996,4.67391304347826,0.0,100.0,56,40,40,0,0,6,0.8,10.4609375,56,14,0,0,2,2678,256,16,0,0,0,8.9375,
aeqkad_robust,window,full,fidelity,False,True,16,0.05,25,0,True,iid,0.1,0,s049,5,18.000000000000004,4.67391304347826,0.0,100.0,56,43,42,1,0,6,0.84,7.54296875,56,10,0,0,3,1931,256,16,0,0,0,9.125,
aeqkad_robust,window,full,fidelity,False,True,16,0.05,25,0,True,iid,0.1,0,s049,6,4.499999999999997,0.0,0.0,100.0,56,45,45,0,0,6,0.9,8.7734375,56,10,0,0,1,2246,256,16,0,0,0,8.875,
aeqkad_robust,window,full,fidelity,False,True,16,0.05,25,0,True,iid,0.1,0,s049,7,15.000000000000002,2.33695652173913,0.0,100.0,56,42,42,0,0,6,0.84,7.078125,56,13,0,0,1,1812,256,16,0,0,0,8.4375,
aeqkad_robust,window,full,fidelity,False,True,16,0.05,25,0,True,iid,0.1,0,s049,8,6.249999999999998,0.0,0.0,100.0,56,45,45,0,0,6,0.9,7.32421875,56,7,0,0,4,1875,256,16,0,0,0,9.4375,100.0
aeqkad_robust,window,full,fidelity,False,True,16,0.05,25,0,True,iid,0.1,1,s049,2,10.499999999999998,1.25,0.0,100.0,56,46,45,1,0,6,0.9,10.79296875,56,9,0,0,1,2763,256,16,0,0,1,8.8125,
aeqkad_robust,window,full,fidelity,False,True,16,0.05,25,0,True,iid,0.1,1,s049,3,7.249999999999998,4.67391304347826,0.0,100.0,56,45,44,1,0,6,0.88,9.4921875,56,9,0,0,2,2430,256,16,0,0,1,11.25,
aeqkad_robust,window,full,fidelity,False,True,16,0.05,25,0,True,iid,0.1,1,s049,4,21.999999999999996,7.17391304347826,0.0,100.0,56,40,40,0,0,6,0.8,10.2421875,56,12,0,0,4,2622,256,16,0,0,0,9.9375,
aeqkad_robust,window,full,fidelity,False,True,16,0.05,25,0,True,iid,0.1,1,s049,5,16.75,0.0,0.0,100.0,56,41,40,1,0,6,0.8,7.46484375,56,11,0,0,4,1911,256,16,0,0,1,10.4375,
aeqkad_robust,window,full,fidelity,False,True,16,0.05,25,0,True,iid,0.1,1,s049,6,10.499999999999998,0.0,0.0,100.0,56,46,45,1,0,6,0.9,8.65625,56,7,0,0,3,2216,256,16,0,0,0,9.875,
aeqkad_robust,window,full,fidelity,False,True,16,0.05,25,0,True,iid,0.1,1,s049,7,11.75,0.0,0.0,100.0,56,42,42,0,0,6,0.84,7.44140625,56,12,0,0,2,1905,256,16,0,0,0,8.1875,
aeqkad_robust,window,full,fidelity,False,True,16,0.05,25,0,True,iid,0.1,1,s049,8,6.499999999999997,0.0,0.0,100.0,56,45,45,0,0,6,0.9,7.7890625,56,8,0,0,3,1994,256,16,0,0,0,8.625,100.0
aeqkad_robust,window,full,fidelity,False,True,16,0.05,25,0,True,iid,0.1,2,s049,2,12.0,6.847826086956524,0.0,100.0,56,45,45,0,0,6,0.9,10.83984375,56,9,0,0,2,2775,256,16,0,0,0,10.1875,
aeqkad_robust,window,full,fidelity,False,True,16,0.05,25,0,True,iid,0.1,2,s049,3,8.249999999999998,1.25,0.0,100.0,56,44,44,0,0,6,0.88,9.26953125,56,10,0,0,2,2373,256,16,0,0,0,9.3125,
aeqkad_robust,window,full,fidelity,False,True,16,0.05,25,0,True,iid,0.1,2,s049,4,17.750000000000004,4.67391304347826,0.0,100.0,56,40,40,0,0,6,0.8,10.26953125,56,15,0,0,1,2629,256,16,0,0,0,8.9375,
aeqkad_robust,window,full,fidelity,False,True,16,0.05,25,0,True,iid,0.1,2,s049,5,18.000000000000004,3.423913043478259,0.0,100.0,56,42,42,0,0,6,0.84,7.12890625,56,11,0,0,3,1825,256,16,0,0,0,9.5,
aeqkad_robust,window,full,fidelity,False,True,16,0.05,25,0,True,iid,0.1,2,s049,6,4.749999999999998,0.0,0.0,100.0,56,45,45,0,0,6,0.9,8.921875,56,9,0,0,2,2284,256,16,0,0,0,10.8125,
aeqkad_robust,window,full,fidelity,False,True,16,0.05,25,0,True,iid,0.1,2,s049,7,15.75,0.0,0.0,100.0,56,42,42,0,0,6,0.84,7.1328125,56,11,0,0,3,1826,256,16,0,0,0,8.4375,
aeqkad_robust,window,full,fidelity,False,True,16,0.05,25,0,True,iid,0.1,2,s049,8,5.249999999999997,0.0,0.0,100.0,56,46,46,0,0,6,0.92,7.94921875,56,7,0,0,3,2035,256,16,0,0,0,8.1875,100.0
static_robust,static,none,fidelity,False,True,16,0.05,25,0,True,iid,0.1,0,s050,2,24.25,8.097826086956525,2.0,86.0,56,0,0,0,0,6,0.0,40.0,0,0,0,0,0,10240,256,50,0,50,0,81.5,
static_robust,static,none,fidelity,False,True,16,0.05,25,0,True,iid,0.1,0,s050,3,24.25,10.434782608695654,0.0,87.0,56,0,0,0,0,6,0.0,40.0,0,0,0,0,0,10240,256,50,0,50,0,137.5,
static_robust,static,none,fidelity,False,True,16,0.05,25,0,True,iid,0.1,0,s050,4,14.500000000000002,10.434782608695654,0.0,78.5,56,0,0,0,0,6,0.0,40.0,0,0,0,0,0,10240,256,50,0,50,0,193.5,
static_robust,static,none,fidelity,False,True,16,0.05,25,0,True,iid,0.1,0,s050,5,20.0,9.184782608695654,0.0,88.5,56,0,0,0,0,6,0.0,40.0,0,0,0,0,0,10240,256,50,0,50,0,249.5,
static_robust,static,none,fidelity,False,True,16,0.05,25,0,True,iid,0.1,0,s050,6,16.000000000000004,3.75,0.0,86.0,56,0,0,0,0,6,0.0,40.0,0,0,0,0,0,10240,256,50,0,50,0,305.5,
static_robust,static,none,fidelity,False,True,16,0.05,25,0,True,iid,0.1,0,s050,7,23.5,16.032608695652172,2.0,88.5,56,0,0,0,0,6,0.0,40.0,0,0,0,0,0,10240,256,50,0,50,0,361.5,
static_robust,static,none,fidelity,False,True,16,0.05,25,0,True,iid,0.1,0,s050,8,24.0,18.532608695652172,2.0,79.5,56,0,0,0,0,6,0.0,40.0,0,0,0,0,0,10240,256,50,0,50,0,417.5,76.0
static_robust,static,none,fidelity,False,True,16,0.05,25,0,True,iid,0.1,1,s050,2,23.25,14.945652173913043,0.0,93.0,56,0,0,0,0,6,0.0,40.0,0,0,0,0,0,10240,256,50,0,50,0,81.5,
static_robust,static,none,fidelity,False,True,16,0.05,25,0,True,iid,0.1,1,s050,3,26.5,11.684782608695654,0.0,94.0,56,0,0,0,0,6,0.0,40.0,0,0,0,0,0,10240,256,50,0,50,0,137.5,
static_robust,static,none,fidelity,False,True,16,0.05,25,0,True,iid,0.1,1,s050,4,13.5,8.097826086956525,0.0,89.5,56,0,0,0,0,6,0.0,40.0,0,0,0,0,0,10240,256,50,0,50,0,193.5,
static_robust,static,none,fidelity,False,True,16,0.05,25,0,True,iid,0.1,1,s050,5,14.500000000000002,6.847826086956524,0.0,94.5,56,0,0,0,0,6,0.0,40.0,0,0,0,0,0,10240,256,50,0,50,0,249.5,
static_robust,static,none,fidelity,False,True,16,0.05,25,0,True,iid,0.1,1,s050,6,14.000000000000002,1.25,0.0,91.0,56,0,0,0,0,6,0.0,40.0,0,0,0,0,0,10240,256,50,0,50,0,305.5,
static_robust,static,none,fidelity,False,True,16,0.05,25,0,True,iid,0.1,1,s050,7,18.500000000000004,13.858695652173914,2.0,91.5,56,0,0,0,0,6,0.0,40.0,0,0,0,0,0,10240,256,50,0,50,0,361.5,
static_robust,static,none,fidelity,False,True,16,0.05,25,0,True,iid,0.1,1,s050,8,21.249999999999996,17.445652173913043,0.0,88.0,56,0,0,0,0,6,0.0,40.0,0,0,0,0,0,10240,256,50,0,50,0,417.5,100.0
static_robust,static,none,fidelity,False,True,16,0.05,25,0,True,iid,0.1,2,s050,2,25.75,10.434782608695654,0.0,100.0,56,0,0,0,0,6,0.0,43.0,0,0,0,0,0,11008,256,50,0,50,0,81.5,
static_robust,static,none,fidelity,False,True,16,0.05,25,0,True,iid,0.1,2,s050,3,26.25,16.195652173913043,0.0,100.0,56,0,0,0,0,6,0.0,43.0,0,0,0,0,0,11008,256,50,0,50,0,137.5,
static_robust,static,none,fidelity,False,True,16,0.05,25,0,True,iid,0.1,2,s050,4,16.250000000000004,3.58695652173913,0.0,100.0,56,0,0,0,0,6,0.0,43.0,0,0,0,0,0,11008,256,50,0,50,0,193.5,
static_robust,static,none,fidelity,False,True,16,0.05,25,0,True,iid,0.1,2,s050,5,16.750000000000004,8.097826086956525,0.0,100.0,56,0,0,0,0,6,0.0,43.0,0,0,0,0,0,11008,256,50,0,50,0,249.5,
static_robust,static,none,fidelity,False,True,16,0.05,25,0,True,iid,0.1,2,s050,6,13.25,2.33695652173913,0.0,100.0,56,0,0,0,0,6,0.0,43.0,0,0,0,0,0,11008,256,50,0,50,0,305.5,
static_robust,static,none,fidelity,False,True,16,0.05,25,0,True,iid,0.1,2,s050,7,21.999999999999996,15.271739130434783,0.0,100.0,56,0,0,0,0,6,0.0,43.0,0,0,0,0,0,11008,256,50,0,50,0,361.5,
static_robust,static,none,fidelity,False,True,16,0.05,25,0,True,iid,0.1,2,s050,8,21.749999999999996,20.869565217391305,0.0,100.0,56,0,0,0,0,6,0.0,43.0,0,0,0,0,0,11008,256,50,0,50,0,417.5,100.0
window_robust,window,none,fidelity,False,True,16,0.05,25,0,True,iid,0.1,0,s050,2,23.0,10.434782608695654,0.0,100.0,56,56,50,6,0,6,1.0,13.68359375,0,0,0,0,0,3503,256,16,0,0,2,7.5,
window_robust,window,none,fidelity,False,True,16,0.05,25,0,True,iid,0.1,0,s050,3,25.5,9.184782608695654,0.0,100.0,56,56,50,6,0,6,1.0,14.05078125,0,0,0,0,0,3597,256,16,0,0,2,7.5,
window_robust,window,none,fidelity,False,True,16,0.05,25,0,True,iid,0.1,0,s050,4,22.0,9.347826086956525,0.0,100.0,56,56,50,6,0,6,1.0,13.390625,0,0,0,0,0,3428,256,16,0,0,1,7.5,
window_robust,window,none,fidelity,False,True,16,0.05,25,0,True,iid,0.1,0,s050,5,22.749999999999996,9.184782608695654,0.0,100.0,56,56,50,6,0,6,1.0,13.04296875,0,0,0,0,0,3339,256,16,0,0,1,7.5,
window_robust,window,none,fidelity,False,True,16,0.05,25,0,True,iid,0.1,0,s050,6,17.500000000000004,3.58695652173913,0.0,100.0,56,56,50,6,0,6,1.0,12.44140625,0,0,0,0,0,3185,256,16,0,0,3,7.5,
window_robust,window,none,fidelity,False,True,16,0.05,25,0,True,iid,0.1,0,s050,7,16.500000000000004,4.67391304347826,0.0,100.0,56,56,50,6,0,6,1.0,12.92578125,0,0,0,0,0,3309,256,16,0,0,2,7.5,
window_robust,window,none,fidelity,False,True,16,0.05,25,0,True,iid,0.1,0,s050,8,26.249999999999996,5.923913043478259,0.0,100.0,56,56,50,6,0,6,1.0,12.98828125,0,0,0,0,0,3325,256,16,0,0,1,7.5,100.0
window_robust,window,none,fidelity,False,True,16,0.05,25,0,True,iid,0.1,1,s050,2,23.75,9.347826086956525,0.0,93.0,56,56,50,6,0,6,1.0,13.8046875,0,0,0,0,0,3534,256,16,0,0,1,7.5,
window_robust,window,none,fidelity,False,True,16,0.05,25,0,True,iid,0.1,1,s050,3,25.5,11.521739130434785,0.0,96.5,56,56,50,6,0,6,1.0,13.94921875,0,0,0,0,0,3571,256,16,0,0,2,7.5,
window_robust,window,none,fidelity,False,True,16,0.05,25,0,True,iid,0.1,1,s050,4,23.0,11.521739130434785,0.0,93.5,56,55,50,5,0,6,1.0,13.625,0,0,0,0,0,3488,256,16,0,0,0,7.5,
window_robust,window,none,fidelity,False,True,16,0.05,25,0,True,iid,0.1,1,s050,5,24.5,3.58695652173913,4.0,88.0,56,53,48,5,0,6,0.96,12.46875,0,0,0,0,0,3192,256,16,0,0,3,7.5,
window_robust,window,none,fidelity,False,True,16,0.05,25,0,True,iid,0.1,1,s050,6,17.750000000000004,2.33695652173913,0.0,94.5,56,55,50,5,0,6,1.0,12.42578125,0,0,0,0,0,3181,256,16,0,0,2,7.5,
window_robust,window,none,fidelity,False,True,16,0.05,25,0,True,iid,0.1,1,s050,7,18.500000000000004,8.097826086956525,0.0,96.0,56,56,50,6,0,6,1.0,12.7265625,0,0,0,0,0,3258,256,16,0,0,2,7.5,
window_robust,window,none,fidelity,False,True,16,0.05,25,0,True,iid,0.1,1,s050,8,28.500000000000004,8.097826086956525,0.0,97.0,56,56,50,6,0,6,1.0,12.75,0,0,0,0,0,3264,256,16,0,0,3,7.5,98.0
window_robust,window,none,fidelity,False,True,16,0.05,25,0,True,iid,0.1,2,s050,2,23.5,12.771739130434783,0.0,100.0,56,56,50,6,0,6,1.0,13.90234375,0,0,0,0,0,3559,256,16,0,0,1,7.5,
window_robust,window,none,fidelity,False,True,16,0.05,25,0,True,iid,0.1,2,s050,3,24.0,17.445652173913043,0.0,100.0,56,56,50,6,0,6,1.0,14.08203125,0,0,0,0,0,3605,256,16,0,0,0,7.5,
window_robust,window,none,fidelity,False,True,16,0.05,25,0,True,iid,0.1,2,s050,4,25.5,8.097826086956525,0.0,100.0,56,56,50,6,0,6,1.0,13.2421875,0,0,0,0,0,3390,256,16,0,0,1,7.5,
window_robust,window,none,fidelity,False,True,16,0.05,25,0,True,iid,0.1,2,s050,5,24.75,10.434782608695654,0.0,100.0,56,56,50,6,0,6,1.0,13.1484375,0,0,0,0,0,3366,256,16,0,0,0,7.5,
window_robust,window,none,fidelity,False,True,16,0.05,25,0,True,iid,0.1,2,s050,6,18.000000000000004,1.25,0.0,100.0,56,56,50,6,0,6,1.0,12.609375,0,0,0,0,0,3228,256,16,0,0,1,7.5,
window_robust,window,none,fidelity,False,True,16,0.05,25,0,True,iid,0.1,2,s050,7,16.000000000000004,8.097826086956525,0.0,100.0,56,56,50,6,0,6,1.0,12.66015625,0,0,0,0,0,3241,256,16,0,0,0,7.5,
window_robust,window,none,fidelity,False,True,16,0.05,25,0,True,iid,0.1,2,s050,8,26.75,9.347826086956525,0.0,100.0,56,56,50,6,0,6,1.0,12.53515625,0,0,0,0,0,3209,256,16,0,0,3,7.5,100.0
aeqkad_robust,window,full,fidelity,False,True,16,0.05,25,0,True,iid,0.1,0,s050,2,20.749999999999996,10.434782608695654,0.0,100.0,56,45,42,3,0,6,0.84,13.01953125,56,11,0,0,0,3333,256,16,0,0,1,10.0,
aeqkad_robust,window,full,fidelity,False,True,16,0.05,25,0,True,iid,0.1,0,s050,3,24.5,12.771739130434783,0.0,100.0,56,32,31,1,0,6,0.62,11.49609375,56,21,0,0,3,2943,256,16,0,0,0,16.75,
aeqkad_robust,window,full,fidelity,False,True,16,0.05,25,0,True,iid,0.1,0,s050,4,18.0,7.01086956521739,0.0,100.0,56,43,41,2,0,6,0.82,11.90625,56,13,0,0,0,3048,256,16,0,0,0,9.4375,
aeqkad_robust,window,full,fidelity,False,True,16,0.05,25,0,True,iid,0.1,0,s050,5,23.5,4.67391304347826,0.0,100.0,56,40,39,1,0,6,0.78,10.703125,56,16,0,0,0,2740,256,16,0,0,0,11.375,
aeqkad_robust,window,full,fidelity,False,True,16,0.05,25,0,True,iid,0.1,0,s050,6,27.750000000000004,5.923913043478259,0.0,100.0,56,39,37,2,0,6,0.74,10.49609375,56,17,0,0,0,2687,256,16,0,0,1,14.0,
aeqkad_robust,window,full,fidelity,False,True,16,0.05,25,0,True,iid,0.1,0,s050,7,21.499999999999996,10.434782608695654,0.0,100.0,56,40,39,1,0,6,0.78,9.94921875,56,13,0,0,3,2547,256,16,0,0,1,8.9375,
aeqkad_robust,window,full,fidelity,False,True,16,0.05,25,0,True,iid,0.1,0,s050,8,28.249999999999996,8.097826086956525,0.0,100.0,56,39,38,1,0,6,0.76,10.81640625,56,16,0,0,1,2769,256,16,0,0,0,9.25,100.0
aeqkad_robust,window,full,fidelity,False,True,16,0.05,25,0,True,iid,0.1,1,s050,2,19.749999999999996,11.684782608695654,0.0,88.0,56,42,42,0,0,6,0.84,12.53515625,55,13,0,0,0,3209,256,16,0,0,0,10.25,
aeqkad_robust,window,full,fidelity,False,True,16,0.05,25,0,True,iid,0.1,1,s050,3,30.000000000000004,20.869565217391305,2.0,81.0,56,31,29,2,0,6,0.58,10.46875,53,20,0,0,2,2680,256,16,0,0,1,16.875,
aeqkad_robust,window,full,fidelity,False,True,16,0.05,25,0,True,iid,0.1,1,s050,4,18.0,10.434782608695654,0.0,78.0,56,41,40,1,0,6,0.8,11.09765625,54,13,0,0,0,2841,256,16,0,0,0,9.0625,
aeqkad_robust,window,full,fidelity,False,True,16,0.05,25,0,True,iid,0.1,1,s050,5,23.75,4.67391304347826,6.0,76.5,56,39,37,2,0,6,0.74,10.546875,52,13,0,0,0,2700,256,16,0,0,1,12.3125,
aeqkad_robust,window,full,fidelity,False,True,16,0.05,25,0,True,iid,0.1,1,s050,6,24.75,7.01086956521739,6.0,75.5,56,37,36,1,0,6,0.72,10.28515625,53,16,0,0,0,2633,256,16,0,0,1,15.8125,
aeqkad_robust,window,full,fidelity,False,True,16,0.05,25,0,True,iid,0.1,1,s050,7,19.499999999999996,5.760869565217389,2.0,84.5,56,38,38,0,0,6,0.76,9.84375,55,14,0,0,3,2520,256,16,0,0,0,11.75,
aeqkad_robust,window,full,fidelity,False,True,16,0.05,25,0,True,iid,0.1,1,s050,8,24.25,6.847826086956524,4.0,88.5,56,39,37,2,0,6,0.74,10.453125,53,13,0,0,1,2676,256,16,0,0,1,10.8125,90.0
aeqkad_robust,window,full,fidelity,False,True,16,0.05,25,0,True,iid,0.1,2,s050,2,22.249999999999996,7.01086956521739,0.0,100.0,56,44,43,1,0,6,0.86,12.76953125,56,12,0,0,0,3269,256,16,0,0,0,8.6875,
aeqkad_robust,window,full,fidelity,False,True,16,0.05,25,0,True,iid,0.1,2,s050,3,26.0,17.445652173913043,0.0,100.0,56,34,33,1,0,6,0.66,11.77734375,56,18,0,0,4,3015,256,16,0,0,1,15.3125,
aeqkad_robust,window,full,fidelity,False,True,16,0.05,25,0,True,iid,0.1,2,s050,4,23.0,8.097826086956525,0.0,100.0,56,41,40,1,0,6,0.8,11.51953125,56,15,0,0,0,2949,256,16,0,0,0,9.5625,
aeqkad_robust,window,full,fidelity,False,True,16,0.05,25,0,True,iid,0.1,2,s050,5,24.25,11.521739130434785,0.0,100.0,56,39,37,2,0,6,0.74,10.77734375,56,17,0,0,0,2759,256,16,0,0,0,12.0625,
aeqkad_robust,window,full,fidelity,False,True,16,0.05,25,0,True,iid,0.1,2,s050,6,25.25,8.097826086956525,0.0,100.0,56,38,37,1,0,6,0.74,10.1796875,56,18,0,0,0,2606,256,16,0,0,1,12.75,
aeqkad_robust,window,full,fidelity,False,True,16,0.05,25,0,True,iid,0.1,2,s050,7,15.000000000000002,7.01086956521739,0.0,100.0,56,43,42,1,0,6,0.84,10.6015625,56,13,0,0,0,2714,256,16,0,0,0,9.5625,
aeqkad_robust,window,full,fidelity,False,True,16,0.05,25,0,True,iid,0.1,2,s050,8,24.0,4.67391304347826,0.0,100.0,56,39,38,1,0,6,0.76,9.95703125,56,16,0,0,1,2549,256,16,0,0,0,10.5,100.0
static_robust,static,none,fidelity,False,True,16,0.05,25,0,True,iid,0.1,0,s051,2,21.0,10.434782608695654,16.0,20.5,56,0,0,0,0,6,0.0,37.0,0,0,0,0,0,9472,256,50,0,50,0,81.5,
static_robust,static,none,fidelity,False,True,16,0.05,25,0,True,iid,0.1,0,s051,3,20.749999999999996,9.184782608695654,20.0,21.5,56,0,0,0,0,6,0.0,37.0,0,0,0,0,0,9472,256,50,0,50,0,137.5,
static_robust,static,none,fidelity,False,True,16,0.05,25,0,True,iid,0.1,0,s051,4,33.25,24.782608695652172,50.0,24.0,56,0,0,0,0,6,0.0,37.0,0,0,0,0,0,9472,256,50,0,50,0,193.5,
static_robust,static,none,fidelity,False,True,16,0.05,25,0,True,iid,0.1,0,s051,5,36.0,39.40217391304348,50.0,21.5,56,0,0,0,0,6,0.0,37.0,0,0,0,0,0,9472,256,50,0,50,0,249.5,
static_robust,static,none,fidelity,False,True,16,0.05,25,0,True,iid,0.1,0,s051,6,34.5,30.380434782608702,70.0,22.5,56,0,0,0,0,6,0.0,37.0,0,0,0,0,0,9472,256,50,0,50,0,305.5,
static_robust,static,none,fidelity,False,True,16,0.05,25,0,True,iid,0.1,0,s051,7,43.75,39.565217391304344,72.0,24.5,56,0,0,0,0,6,0.0,37.0,0,0,0,0,0,9472,256,50,0,50,0,361.5,
static_robust,static,none,fidelity,False,True,16,0.05,25,0,True,iid,0.1,0,s051,8,34.0,29.130434782608695,74.0,18.0,56,0,0,0,0,6,0.0,37.0,0,0,0,0,0,9472,256,50,0,50,0,417.5,0.0
static_robust,static,none,fidelity,False,True,16,0.05,25,0,True,iid,0.1,1,s051,2,15.750000000000004,11.684782608695654,16.0,16.0,56,0,0,0,0,6,0.0,36.0,0,0,0,0,0,9216,256,50,0,50,0,81.5,
static_robust,static,none,fidelity,False,True,16,0.05,25,0,True,iid,0.1,1,s051,3,22.249999999999996,8.260869565217389,20.0,23.5,56,0,0,0,0,6,0.0,36.0,0,0,0,0,0,9216,256,50,0,50,0,137.5,
static_robust,static,none,fidelity,False,True,16,0.05,25,0,True,iid,0.1,1,s051,4,32.49999999999999,35.97826086956522,57.99999999999999,25.0,56,0,0,0,0,6,0.0,36.0,0,0,0,0,0,9216,256,50,0,50,0,193.5,
static_robust,static,none,fidelity,False,True,16,0.05,25,0,True,iid,0.1,1,s051,5,39.75,41.57608695652174,54.0,26.0,56,0,0,0,0,6,0.0,36.0,0,0,0,0,0,9216,256,50,0,50,0,249.5,
static_robust,static,none,fidelity,False,True,16,0.05,25,0,True,iid,0.1,1,s051,6,35.75,37.22826086956522,72.0,19.0,56,0,0,0,0,6,0.0,36.0,0,0,0,0,0,9216,256,50,0,50,0,305.5,
static_robust,static,none,fidelity,False,True,16,0.05,25,0,True,iid,0.1,1,s051,7,41.75,40.65217391304348,74.0,22.5,56,0,0,0,0,6,0.0,36.0,0,0,0,0,0,9216,256,50,0,50,0,361.5,
static_robust,static,none,fidelity,False,True,16,0.05,25,0,True,iid,0.1,1,s051,8,38.0,37.22826086956522,76.0,24.0,56,0,0,0,0,6,0.0,36.0,0,0,0,0,0,9216,256,50,0,50,0,417.5,12.0
static_robust,static,none,fidelity,False,True,16,0.05,25,0,True,iid,0.1,2,s051,2,20.0,10.434782608695654,14.000000000000002,30.0,56,0,0,0,0,6,0.0,38.0,0,0,0,0,0,9728,256,50,0,50,0,81.5,
static_robust,static,none,fidelity,False,True,16,0.05,25,0,True,iid,0.1,2,s051,3,16.75,7.01086956521739,12.0,34.0,56,0,0,0,0,6,0.0,38.0,0,0,0,0,0,9728,256,50,0,50,0,137.5,
static_robust,static,none,fidelity,False,True,16,0.05,25,0,True,iid,0.1,2,s051,4,32.99999999999999,34.56521739130435,26.0,36.5,56,0,0,0,0,6,0.0,38.0,0,0,0,0,0,9728,256,50,0,50,0,193.5,
static_robust,static,none,fidelity,False,True,16,0.05,25,0,True,iid,0.1,2,s051,5,36.75,38.315217391304344,40.0,37.5,56,0,0,0,0,6,0.0,38.0,0,0,0,0,0,9728,256,50,0,50,0,249.5,
static_robust,static,none,fidelity,False,True,16,0.05,25,0,True,iid,0.1,2,s051,6,36.75,41.57608695652174,44.0,34.5,56,0,0,0,0,6,0.0,38.0,0,0,0,0,0,9728,256,50,0,50,0,305.5,
static_robust,static,none,fidelity,False,True,16,0.05,25,0,True,iid,0.1,2,s051,7,39.0,39.565217391304344,52.0,32.5,56,0,0,0,0,6,0.0,38.0,0,0,0,0,0,9728,256,50,0,50,0,361.5,
static_robust,static,none,fidelity,False,True,16,0.05,25,0,True,iid,0.1,2,s051,8,39.25,41.41304347826087,44.0,35.5,56,0,0,0,0,6,0.0,38.0,0,0,0,0,0,9728,256,50,0,50,0,417.5,14.000000000000002
window_robust,window,none,fidelity,False,True,16,0.05,25,0,True,iid,0.1,0,s051,2,20.249999999999996,7.01086956521739,0.0,100.0,56,56,50,6,0,6,1.0,15.23046875,0,0,0,0,0,3899,256,16,0,0,1,7.5,
window_robust,window,none,fidelity,False,True,16,0.05,25,0,True,iid,0.1,0,s051,3,15.500000000000004,3.75,0.0,100.0,56,56,50,6,0,6,1.0,15.08203125,0,0,0,0,0,3861,256,16,0,0,2,7.5,
window_robust,window,none,fidelity,False,True,16,0.05,25,0,True,iid,0.1,0,s051,4,18.750000000000004,9.184782608695654,0.0,100.0,56,56,50,6,0,6,1.0,14.296875,0,0,0,0,0,3660,256,16,0,0,3,7.5,
window_robust,window,none,fidelity,False,True,16,0.05,25,0,True,iid,0.1,0,s051,5,25.5,14.021739130434785,0.0,100.0,56,56,50,6,0,6,1.0,15.29296875,0,0,0,0,0,3915,256,16,0,0,2,7.5,
window_robust,window,none,fidelity,False,True,16,0.05,25,0,True,iid,0.1,0,s051,6,18.000000000000004,10.434782608695654,0.0,100.0,56,56,50,6,0,6,1.0,14.26171875,0,0,0,0,0,3651,256,16,0,0,2,7.5,
window_robust,window,none,fidelity,False,True,16,0.05,25,0,True,iid,0.1,0,s051,7,26.0,12.771739130434783,0.0,100.0,56,56,50,6,0,6,1.0,15.109375,0,0,0,0,0,3868,256,16,0,0,2,7.5,
window_robust,window,none,fidelity,False,True,16,0.05,25,0,True,iid,0.1,0,s051,8,12.0,1.0869565217391297,0.0,100.0,56,56,50,6,0,6,1.0,12.9375,0,0,0,0,0,3312,256,16,0,0,1,7.5,100.0
window_robust,window,none,fidelity,False,True,16,0.05,25,0,True,iid,0.1,1,s051,2,17.000000000000004,4.67391304347826,0.0,100.0,56,56,50,6,0,6,1.0,15.33203125,0,0,0,0,0,3925,256,16,0,0,2,7.5,
window_robust,window,none,fidelity,False,True,16,0.05,25,0,True,iid,0.1,1,s051,3,20.0,7.01086956521739,0.0,100.0,56,56,50,6,0,6,1.0,15.0078125,0,0,0,0,0,3842,256,16,0,0,3,7.5,
window_robust,window,none,fidelity,False,True,16,0.05,25,0,True,iid,0.1,1,s051,4,18.000000000000004,8.097826086956525,0.0,100.0,56,56,50,6,0,6,1.0,14.40234375,0,0,0,0,0,3687,256,16,0,0,2,7.5,
window_robust,window,none,fidelity,False,True,16,0.05,25,0,True,iid,0.1,1,s051,5,24.5,10.434782608695654,0.0,100.0,56,56,50,6,0,6,1.0,15.26171875,0,0,0,0,0,3907,256,16,0,0,2,7.5,
window_robust,window,none,fidelity,False,True,16,0.05,25,0,True,iid,0.1,1,s051,6,16.000000000000004,10.434782608695654,0.0,100.0,56,56,50,6,0,6,1.0,14.53515625,0,0,0,0,0,3721,256,16,0,0,0,7.5,
window_robust,window,none,fidelity,False,True,16,0.05,25,0,True,iid,0.1,1,s051,7,24.0,8.097826086956525,0.0,100.0,56,56,50,6,0,6,1.0,15.0546875,0,0,0,0,0,3854,256,16,0,0,1,7.5,
window_robust,window,none,fidelity,False,True,16,0.05,25,0,True,iid,0.1,1,s051,8,16.500000000000004,10.434782608695654,0.0,100.0,56,56,50,6,0,6,1.0,13.0234375,0,0,0,0,0,3334,256,16,0,0,2,7.5,100.0
window_robust,window,none,fidelity,False,True,16,0.05,25,0,True,iid,0.1,2,s051,2,23.75,10.597826086956525,0.0,100.0,56,56,50,6,0,6,1.0,15.33203125,0,0,0,0,0,3925,256,16,0,0,1,7.5,
window_robust,window,none,fidelity,False,True,16,0.05,25,0,True,iid,0.1,2,s051,3,21.499999999999996,7.01086956521739,0.0,100.0,56,56,50,6,0,6,1.0,15.109375,0,0,0,0,0,3868,256,16,0,0,1,7.5,
window_robust,window,none,fidelity,False,True,16,0.05,25,0,True,iid,0.1,2,s051,4,20.499999999999996,8.097826086956525,0.0,100.0,56,56,50,6,0,6,1.0,14.40625,0,0,0,0,0,3688,256,16,0,0,1,7.5,
window_robust,window,none,fidelity,False,True,16,0.05,25,0,True,iid,0.1,2,s051,5,26.0,11.684782608695654,0.0,100.0,56,56,50,6,0,6,1.0,15.1328125,0,0,0,0,0,3874,256,16,0,0,3,7.5,
window_robust,window,none,fidelity,False,True,16,0.05,25,0,True,iid,0.1,2,s051,6,17.250000000000004,3.75,0.0,100.0,56,56,50,6,0,6,1.0,14.29296875,0,0,0,0,0,3659,256,16,0,0,1,7.5,
window_robust,window,none,fidelity,False,True,16,0.05,25,0,True,iid,0.1,2,s051,7,25.5,9.347826086956525,0.0,100.0,56,56,50,6,0,6,1.0,15.078125,0,0,0,0,0,3860,256,16,0,0,2,7.5,
window_robust,window,none,fidelity,False,True,16,0.05,25,0,True,iid,0.1,2,s051,8,15.750000000000004,8.097826086956525,0.0,100.0,56,56,50,6,0,6,1.0,12.77734375,0,0,0,0,0,3271,256,16,0,0,4,7.5,100.0
aeqkad_robust,window,full,fidelity,False,True,16,0.05,25,0,True,iid,0.1,0,s051,2,21.499999999999996,10.434782608695654,0.0,100.0,56,35,34,1,0,6,0.68,14.23828125,56,21,0,0,0,3645,256,16,0,0,0,11.5625,
aeqkad_robust,window,full,fidelity,False,True,16,0.05,25,0,True,iid,0.1,0,s051,3,20.0,9.347826086956525,0.0,100.0,56,42,40,2,0,6,0.8,13.39453125,56,14,0,0,0,3429,256,16,0,0,1,8.4375,
aeqkad_robust,window,full,fidelity,False,True,16,0.05,25,0,True,iid,0.1,0,s051,4,16.500000000000004,7.01086956521739,0.0,100.0,56,39,39,0,0,6,0.78,12.2890625,56,17,0,0,0,3146,256,16,0,0,0,11.125,
aeqkad_robust,window,full,fidelity,False,True,16,0.05,25,0,True,iid,0.1,0,s051,5,28.750000000000004,25.543478260869566,0.0,100.0,56,31,30,1,0,6,0.6,13.0625,56,25,0,0,0,3344,256,16,0,0,1,9.9375,
aeqkad_robust,window,full,fidelity,False,True,16,0.05,25,0,True,iid,0.1,0,s051,6,26.5,8.260869565217389,0.0,100.0,56,39,37,2,0,6,0.74,13.60546875,56,17,0,0,0,3483,256,16,0,0,0,13.0,
aeqkad_robust,window,full,fidelity,False,True,16,0.05,25,0,True,iid,0.1,0,s051,7,26.25,14.021739130434785,0.0,100.0,56,38,37,1,0,6,0.74,13.7578125,56,18,0,0,0,3522,256,16,0,0,0,14.6875,
aeqkad_robust,window,full,fidelity,False,True,16,0.05,25,0,True,iid,0.1,0,s051,8,21.999999999999996,14.021739130434785,0.0,100.0,56,35,35,0,0,6,0.7,11.05078125,56,21,0,0,0,2829,256,16,0,0,0,10.0,100.0
aeqkad_robust,window,full,fidelity,False,True,16,0.05,25,0,True,iid,0.1,1,s051,2,21.749999999999996,4.67391304347826,0.0,100.0,56,41,39,2,0,6,0.78,14.83203125,56,15,0,0,0,3797,256,16,0,0,1,11.5625,
aeqkad_robust,window,full,fidelity,False,True,16,0.05,25,0,True,iid,0.1,1,s051,3,20.249999999999996,12.771739130434783,0.0,100.0,56,42,40,2,0,6,0.8,13.46875,56,14,0,0,0,3448,256,16,0,0,1,9.25,
aeqkad_robust,window,full,fidelity,False,True,16,0.05,25,0,True,iid,0.1,1,s051,4,16.000000000000004,4.67391304347826,0.0,100.0,56,39,38,1,0,6,0.76,12.93359375,56,16,0,0,1,3311,256,16,0,0,0,11.375,
aeqkad_robust,window,full,fidelity,False,True,16,0.05,25,0,True,iid,0.1,1,s051,5,30.25,17.445652173913043,0.0,100.0,56,35,35,0,0,6,0.7,13.83984375,56,21,0,0,0,3543,256,16,0,0,0,10.0625,
aeqkad_robust,window,full,fidelity,False,True,16,0.05,25,0,True,iid,0.1,1,s051,6,21.999999999999996,7.01086956521739,0.0,100.0,56,40,38,2,0,6,0.76,13.47265625,56,16,0,0,0,3449,256,16,0,0,0,10.9375,
aeqkad_robust,window,full,fidelity,False,True,16,0.05,25,0,True,iid,0.1,1,s051,7,24.0,12.771739130434783,0.0,100.0,56,38,38,0,0,6,0.76,13.8359375,56,18,0,0,0,3542,256,16,0,0,0,13.8125,
aeqkad_robust,window,full,fidelity,False,True,16,0.05,25,0,True,iid,0.1,1,s051,8,26.5,17.445652173913043,0.0,100.0,56,36,35,1,0,6,0.7,11.2890625,56,17,0,0,3,2890,256,16,0,0,0,9.4375,100.0
aeqkad_robust,window,full,fidelity,False,True,16,0.05,25,0,True,iid,0.1,2,s051,2,21.249999999999996,9.347826086956525,0.0,100.0,56,37,37,0,0,6,0.74,14.36328125,56,19,0,0,0,3677,256,16,0,0,0,12.625,
aeqkad_robust,window,full,fidelity,False,True,16,0.05,25,0,True,iid,0.1,2,s051,3,20.0,2.5,0.0,100.0,56,44,41,3,0,6,0.82,13.9453125,56,12,0,0,0,3570,256,16,0,0,1,7.5,
aeqkad_robust,window,full,fidelity,False,True,16,0.05,25,0,True,iid,0.1,2,s051,4,17.750000000000004,5.923913043478259,0.0,100.0,56,38,38,0,0,6,0.76,12.76953125,56,17,0,0,1,3269,256,16,0,0,0,10.875,
aeqkad_robust,window,full,fidelity,False,True,16,0.05,25,0,True,iid,0.1,2,s051,5,30.999999999999993,20.869565217391305,0.0,100.0,56,31,30,1,0,6,0.6,12.9609375,56,25,0,0,0,3318,256,16,0,0,1,10.8125,
aeqkad_robust,window,full,fidelity,False,True,16,0.05,25,0,True,iid,0.1,2,s051,6,27.500000000000004,9.510869565217389,0.0,100.0,56,37,37,0,0,6,0.74,13.34765625,56,18,0,0,1,3417,256,16,0,0,0,11.5,
aeqkad_robust,window,full,fidelity,False,True,16,0.05,25,0,True,iid,0.1,2,s051,7,22.249999999999996,10.434782608695654,0.0,100.0,56,40,38,2,0,6,0.76,13.84765625,56,15,0,0,1,3545,256,16,0,0,1,13.6875,
aeqkad_robust,window,full,fidelity,False,True,16,0.05,25,0,True,iid,0.1,2,s051,8,23.75,15.108695652173914,0.0,100.0,56,38,37,1,0,6,0.74,11.01171875,56,18,0,0,0,2819,256,16,0,0,0,12.0,100.0
static_robust,static,none,fidelity,False,True,16,0.05,25,0,True,iid,0.1,0,s052,2,8.749999999999998,0.0,0.0,100.0,56,0,0,0,0,6,0.0,41.0,0,0,0,0,0,10496,256,50,0,50,0,81.5,
static_robust,static,none,fidelity,False,True,16,0.05,25,0,True,iid,0.1,0,s052,3,11.75,0.0,0.0,100.0,56,0,0,0,0,6,0.0,41.0,0,0,0,0,0,10496,256,50,0,50,0,137.5,
static_robust,static,none,fidelity,False,True,16,0.05,25,0,True,iid,0.1,0,s052,4,3.7500000000000018,0.0,0.0,100.0,56,0,0,0,0,6,0.0,41.0,0,0,0,0,0,10496,256,50,0,50,0,193.5,
static_robust,static,none,fidelity,False,True,16,0.05,25,0,True,iid,0.1,0,s052,5,3.7500000000000018,0.0,0.0,100.0,56,0,0,0,0,6,0.0,41.0,0,0,0,0,0,10496,256,50,0,50,0,249.5,
static_robust,static,none,fidelity,False,True,16,0.05,25,0,True,iid,0.1,0,s052,6,3.2500000000000027,0.0,0.0,100.0,56,0,0,0,0,6,0.0,41.0,0,0,0,0,0,10496,256,50,0,50,0,305.5,
static_robust,static,none,fidelity,False,True,16,0.05,25,0,True,iid,0.1,0,s052,7,2.250000000000001,0.0,0.0,100.0,56,0,0,0,0,6,0.0,41.0,0,0,0,0,0,10496,256,50,0,50,0,361.5,
static_robust,static,none,fidelity,False,True,16,0.05,25,0,True,iid,0.1,0,s052,8,18.000000000000004,11.521739130434785,0.0,100.0,56,0,0,0,0,6,0.0,41.0,0,0,0,0,0,10496,256,50,0,50,0,417.5,100.0
static_robust,static,none,fidelity,False,True,16,0.05,25,0,True,iid,0.1,1,s052,2,8.499999999999998,0.0,2.0,65.5,56,0,0,0,0,6,0.0,42.0,0,0,0,0,0,10752,256,50,0,50,0,81.5,
static_robust,static,none,fidelity,False,True,16,0.05,25,0,True,iid,0.1,1,s052,3,10.749999999999998,0.0,2.0,68.0,56,0,0,0,0,6,0.0,42.0,0,0,0,0,0,10752,256,50,0,50,0,137.5,
static_robust,static,none,fidelity,False,True,16,0.05,25,0,True,iid,0.1,1,s052,4,2.500000000000001,0.0,0.0,63.0,56,0,0,0,0,6,0.0,42.0,0,0,0,0,0,10752,256,50,0,50,0,193.5,
static_robust,static,none,fidelity,False,True,16,0.05,25,0,True,iid,0.1,1,s052,5,4.250000000000002,0.0,0.0,62.0,56,0,0,0,0,6,0.0,42.0,0,0,0,0,0,10752,256,50,0,50,0,249.5,
static_robust,static,none,fidelity,False,True,16,0.05,25,0,True,iid,0.1,1,s052,6,3.500000000000002,0.0,0.0,68.0,56,0,0,0,0,6,0.0,42.0,0,0,0,0,0,10752,256,50,0,50,0,305.5,
static_robust,static,none,fidelity,False,True,16,0.05,25,0,True,iid,0.1,1,s052,7,2.500000000000001,0.0,0.0,57.49999999999999,56,0,0,0,0,6,0.0,42.0,0,0,0,0,0,10752,256,50,0,50,0,361.5,
static_robust,static,none,fidelity,False,True,16,0.05,25,0,True,iid,0.1,1,s052,8,14.000000000000002,10.434782608695654,0.0,70.0,56,0,0,0,0,6,0.0,42.0,0,0,0,0,0,10752,256,50,0,50,0,417.5,60.0
static_robust,static,none,fidelity,False,True,16,0.05,25,0,True,iid,0.1,2,s052,2,7.999999999999999,0.0,2.0,41.0,56,0,0,0,0,6,0.0,40.0,0,0,0,0,0,10240,256,50,0,50,0,81.5,
static_robust,static,none,fidelity,False,True,16,0.05,25,0,True,iid,0.1,2,s052,3,10.749999999999998,0.0,6.0,31.0,56,0,0,0,0,6,0.0,40.0,0,0,0,0,0,10240,256,50,0,50,0,137.5,
static_robust,static,none,fidelity,False,True,16,0.05,25,0,True,iid,0.1,2,s052,4,2.500000000000001,0.0,0.0,33.0,56,0,0,0,0,6,0.0,40.0,0,0,0,0,0,10240,256,50,0,50,0,193.5,
static_robust,static,none,fidelity,False,True,16,0.05,25,0,True,iid,0.1,2,s052,5,4.000000000000002,0.0,0.0,33.0,56,0,0,0,0,6,0.0,40.0,0,0,0,0,0,10240,256,50,0,50,0,249.5,
static_robust,static,none,fidelity,False,True,16,0.05,25,0,True,iid,0.1,2,s052,6,3.500000000000002,0.0,0.0,38.0,56,0,0,0,0,6,0.0,40.0,0,0,0,0,0,10240,256,50,0,50,0,305.5,
static_robust,static,none,fidelity,False,True,16,0.05,25,0,True,iid,0.1,2,s052,7,2.000000000000001,0.0,2.0,35.0,56,0,0,0,0,6,0.0,40.0,0,0,0,0,0,10240,256,50,0,50,0,361.5,
static_robust,static,none,fidelity,False,True,16,0.05,25,0,True,iid,0.1,2,s052,8,15.500000000000004,3.58695652173913,0.0,38.5,56,0,0,0,0,6,0.0,40.0,0,0,0,0,0,10240,256,50,0,50,0,417.5,54.0
window_robust,window,none,fidelity,False,True,16,0.05,25,0,True,iid,0.1,0,s052,2,9.499999999999998,0.0,0.0,100.0,56,56,50,6,0,6,1.0,13.3125,0,0,0,0,0,3408,256,16,0,0,2,7.5,
window_robust,window,none,fidelity,False,True,16,0.05,25,0,True,iid,0.1,0,s052,3,12.0,0.0,0.0,100.0,56,56,50,6,0,6,1.0,12.7890625,0,0,0,0,0,3274,256,16,0,0,2,7.5,
window_robust,window,none,fidelity,False,True,16,0.05,25,0,True,iid,0.1,0,s052,4,6.500000000000003,0.0,0.0,100.0,56,56,50,6,0,6,1.0,10.73046875,0,0,0,0,0,2747,256,16,0,0,1,7.5,
window_robust,window,none,fidelity,False,True,16,0.05,25,0,True,iid,0.1,0,s052,5,7.749999999999998,0.0,0.0,100.0,56,56,50,6,0,6,1.0,9.5546875,0,0,0,0,0,2446,256,16,0,0,2,7.5,
window_robust,window,none,fidelity,False,True,16,0.05,25,0,True,iid,0.1,0,s052,6,10.249999999999998,4.67391304347826,0.0,100.0,56,56,50,6,0,6,1.0,10.94921875,0,0,0,0,0,2803,256,16,0,0,1,7.5,
window_robust,window,none,fidelity,False,True,16,0.05,25,0,True,iid,0.1,0,s052,7,4.250000000000002,0.0,0.0,100.0,56,56,50,6,0,6,1.0,11.10546875,0,0,0,0,0,2843,256,16,0,0,2,7.5,
window_robust,window,none,fidelity,False,True,16,0.05,25,0,True,iid,0.1,0,s052,8,8.249999999999998,0.0,0.0,100.0,56,56,50,6,0,6,1.0,10.53125,0,0,0,0,0,2696,256,16,0,0,1,7.5,100.0
window_robust,window,none,fidelity,False,True,16,0.05,25,0,True,iid,0.1,1,s052,2,7.999999999999999,0.0,0.0,100.0,56,56,50,6,0,6,1.0,13.07421875,0,0,0,0,0,3347,256,16,0,0,4,7.5,
window_robust,window,none,fidelity,False,True,16,0.05,25,0,True,iid,0.1,1,s052,3,10.75,0.0,0.0,100.0,56,56,50,6,0,6,1.0,12.82421875,0,0,0,0,0,3283,256,16,0,0,0,7.5,
window_robust,window,none,fidelity,False,True,16,0.05,25,0,True,iid,0.1,1,s052,4,6.000000000000003,0.0,0.0,100.0,56,56,50,6,0,6,1.0,10.40625,0,0,0,0,0,2664,256,16,0,0,1,7.5,
window_robust,window,none,fidelity,False,True,16,0.05,25,0,True,iid,0.1,1,s052,5,10.249999999999998,0.0,0.0,100.0,56,56,50,6,0,6,1.0,9.73046875,0,0,0,0,0,2491,256,16,0,0,2,7.5,
window_robust,window,none,fidelity,False,True,16,0.05,25,0,True,iid,0.1,1,s052,6,7.999999999999999,3.423913043478259,0.0,100.0,56,56,50,6,0,6,1.0,10.91796875,0,0,0,0,0,2795,256,16,0,0,2,7.5,
window_robust,window,none,fidelity,False,True,16,0.05,25,0,True,iid,0.1,1,s052,7,9.499999999999998,0.0,0.0,100.0,56,56,50,6,0,6,1.0,11.234375,0,0,0,0,0,2876,256,16,0,0,2,7.5,
window_robust,window,none,fidelity,False,True,16,0.05,25,0,True,iid,0.1,1,s052,8,6.249999999999998,0.0,0.0,100.0,56,56,50,6,0,6,1.0,10.4140625,0,0,0,0,0,2666,256,16,0,0,0,7.5,100.0
window_robust,window,none,fidelity,False,True,16,0.05,25,0,True,iid,0.1,2,s052,2,9.749999999999998,0.0,0.0,100.0,56,56,50,6,0,6,1.0,13.0,0,0,0,0,0,3328,256,16,0,0,3,7.5,
window_robust,window,none,fidelity,False,True,16,0.05,25,0,True,iid,0.1,2,s052,3,13.25,0.0,0.0,100.0,56,56,50,6,0,6,1.0,12.61328125,0,0,0,0,0,3229,256,16,0,0,2,7.5,
window_robust,window,none,fidelity,False,True,16,0.05,25,0,True,iid,0.1,2,s052,4,6.000000000000003,0.0,0.0,100.0,56,56,50,6,0,6,1.0,10.63671875,0,0,0,0,0,2723,256,16,0,0,1,7.5,
window_robust,window,none,fidelity,False,True,16,0.05,25,0,True,iid,0.1,2,s052,5,7.499999999999998,0.0,0.0,100.0,56,56,50,6,0,6,1.0,9.82421875,0,0,0,0,0,2515,256,16,0,0,0,7.5,
window_robust,window,none,fidelity,False,True,16,0.05,25,0,True,iid,0.1,2,s052,6,6.999999999999998,0.0,0.0,100.0,56,56,50,6,0,6,1.0,10.77734375,0,0,0,0,0,2759,256,16,0,0,1,7.5,
window_robust,window,none,fidelity,False,True,16,0.05,25,0,True,iid,0.1,2,s052,7,6.7500000000000036,0.0,0.0,100.0,56,56,50,6,0,6,1.0,11.0390625,0,0,0,0,0,2826,256,16,0,0,2,7.5,
window_robust,window,none,fidelity,False,True,16,0.05,25,0,True,iid,0.1,2,s052,8,7.249999999999998,0.0,0.0,100.0,56,56,50,6,0,6,1.0,10.625,0,0,0,0,0,2720,256,16,0,0,1,7.5,100.0
aeqkad_robust,window,full,fidelity,False,True,16,0.05,25,0,True,iid,0.1,0,s052,2,8.749999999999998,0.0,0.0,100.0,56,41,41,0,0,6,0.82,12.171875,56,15,0,0,0,3116,256,16,0,0,0,11.8125,
aeqkad_robust,window,full,fidelity,False,True,16,0.05,25,0,True,iid,0.1,0,s052,3,11.249999999999998,0.0,0.0,100.0,56,39,39,0,0,6,0.78,9.390625,56,15,0,0,2,2404,256,16,0,0,0,11.75,
aeqkad_robust,window,full,fidelity,False,True,16,0.05,25,0,True,iid,0.1,0,s052,4,4.250000000000002,0.0,0.0,100.0,56,47,47,0,0,6,0.94,8.54296875,56,9,0,0,0,2187,256,16,0,0,0,9.0625,
aeqkad_robust,window,full,fidelity,False,True,16,0.05,25,0,True,iid,0.1,0,s052,5,4.250000000000002,0.0,0.0,100.0,56,46,46,0,0,6,0.92,7.625,56,10,0,0,0,1952,256,16,0,0,0,10.5625,
aeqkad_robust,window,full,fidelity,False,True,16,0.05,25,0,True,iid,0.1,0,s052,6,10.0,0.0,0.0,100.0,56,44,44,0,0,6,0.88,7.7734375,56,12,0,0,0,1990,256,16,0,0,0,8.125,
aeqkad_robust,window,full,fidelity,False,True,16,0.05,25,0,True,iid,0.1,0,s052,7,5.750000000000002,0.0,0.0,100.0,56,48,48,0,0,6,0.96,9.484375,56,8,0,0,0,2428,256,16,0,0,0,8.5,
aeqkad_robust,window,full,fidelity,False,True,16,0.05,25,0,True,iid,0.1,0,s052,8,5.250000000000003,0.0,0.0,100.0,56,46,46,0,0,6,0.92,8.76953125,56,10,0,0,0,2245,256,16,0,0,0,9.75,100.0
aeqkad_robust,window,full,fidelity,False,True,16,0.05,25,0,True,iid,0.1,1,s052,2,7.749999999999998,0.0,0.0,100.0,56,42,42,0,0,6,0.84,11.9921875,56,14,0,0,0,3070,256,16,0,0,0,13.0625,
aeqkad_robust,window,full,fidelity,False,True,16,0.05,25,0,True,iid,0.1,1,s052,3,11.5,0.0,0.0,100.0,56,39,39,0,0,6,0.78,9.6875,56,17,0,0,0,2480,256,16,0,0,0,10.8125,
aeqkad_robust,window,full,fidelity,False,True,16,0.05,25,0,True,iid,0.1,1,s052,4,5.750000000000003,0.0,0.0,100.0,56,47,46,1,0,6,0.92,8.859375,56,9,0,0,0,2268,256,16,0,0,0,9.625,
aeqkad_robust,window,full,fidelity,False,True,16,0.05,25,0,True,iid,0.1,1,s052,5,4.250000000000002,0.0,0.0,100.0,56,45,45,0,0,6,0.9,7.62109375,56,11,0,0,0,1951,256,16,0,0,0,11.0,
aeqkad_robust,window,full,fidelity,False,True,16,0.05,25,0,True,iid,0.1,1,s052,6,9.749999999999998,0.0,0.0,100.0,56,44,44,0,0,6,0.88,7.7109375,56,12,0,0,0,1974,256,16,0,0,0,9.125,
aeqkad_robust,window,full,fidelity,False,True,16,0.05,25,0,True,iid,0.1,1,s052,7,2.2500000000000018,0.0,0.0,100.0,56,47,47,0,0,6,0.94,8.96875,56,9,0,0,0,2296,256,16,0,0,0,8.875,
aeqkad_robust,window,full,fidelity,False,True,16,0.05,25,0,True,iid,0.1,1,s052,8,7.749999999999998,0.0,0.0,100.0,56,46,46,0,0,6,0.92,8.671875,56,10,0,0,0,2220,256,16,0,0,0,8.8125,100.0
aeqkad_robust,window,full,fidelity,False,True,16,0.05,25,0,True,iid,0.1,2,s052,2,8.249999999999998,0.0,0.0,100.0,56,42,42,0,0,6,0.84,12.08203125,56,14,0,0,0,3093,256,16,0,0,0,12.9375,
aeqkad_robust,window,full,fidelity,False,True,16,0.05,25,0,True,iid,0.1,2,s052,3,11.75,0.0,0.0,100.0,56,39,39,0,0,6,0.78,9.4765625,56,16,0,0,1,2426,256,16,0,0,0,11.4375,
aeqkad_robust,window,full,fidelity,False,True,16,0.05,25,0,True,iid,0.1,2,s052,4,4.000000000000002,0.0,0.0,100.0,56,47,47,0,0,6,0.94,8.5546875,56,9,0,0,0,2190,256,16,0,0,0,8.5625,
aeqkad_robust,window,full,fidelity,False,True,16,0.05,25,0,True,iid,0.1,2,s052,5,6.7500000000000036,0.0,0.0,100.0,56,46,46,0,0,6,0.92,7.99609375,56,10,0,0,0,2047,256,16,0,0,0,9.5,
aeqkad_robust,window,full,fidelity,False,True,16,0.05,25,0,True,iid,0.1,2,s052,6,6.000000000000003,0.0,0.0,100.0,56,44,44,0,0,6,0.88,8.01953125,56,12,0,0,0,2053,256,16,0,0,0,8.625,
aeqkad_robust,window,full,fidelity,False,True,16,0.05,25,0,True,iid,0.1,2,s052,7,4.250000000000002,0.0,0.0,100.0,56,48,48,0,0,6,0.96,9.46875,56,8,0,0,0,2424,256,16,0,0,0,8.6875,
aeqkad_robust,window,full,fidelity,False,True,16,0.05,25,0,True,iid,0.1,2,s052,8,5.750000000000003,0.0,0.0,100.0,56,46,46,0,0,6,0.92,8.28515625,56,10,0,0,0,2121,256,16,0,0,0,9.625,100.0
static_robust,static,none,fidelity,False,True,16,0.05,25,0,True,iid,0.1,0,s053,2,15.250000000000002,1.25,0.0,100.0,56,0,0,0,0,6,0.0,47.0,0,0,0,0,0,12032,256,50,0,50,0,81.5,
static_robust,static,none,fidelity,False,True,16,0.05,25,0,True,iid,0.1,0,s053,3,17.0,3.423913043478259,0.0,100.0,56,0,0,0,0,6,0.0,47.0,0,0,0,0,0,12032,256,50,0,50,0,137.5,
static_robust,static,none,fidelity,False,True,16,0.05,25,0,True,iid,0.1,0,s053,4,20.249999999999996,12.771739130434783,0.0,100.0,56,0,0,0,0,6,0.0,47.0,0,0,0,0,0,12032,256,50,0,50,0,193.5,
static_robust,static,none,fidelity,False,True,16,0.05,25,0,True,iid,0.1,0,s053,5,20.249999999999996,7.01086956521739,0.0,100.0,56,0,0,0,0,6,0.0,47.0,0,0,0,0,0,12032,256,50,0,50,0,249.5,
static_robust,static,none,fidelity,False,True,16,0.05,25,0,True,iid,0.1,0,s053,6,22.249999999999996,26.6304347826087,0.0,100.0,56,0,0,0,0,6,0.0,47.0,0,0,0,0,0,12032,256,50,0,50,0,305.5,
static_robust,static,none,fidelity,False,True,16,0.05,25,0,True,iid,0.1,0,s053,7,20.0,11.521739130434785,0.0,100.0,56,0,0,0,0,6,0.0,47.0,0,0,0,0,0,12032,256,50,0,50,0,361.5,
static_robust,static,none,fidelity,False,True,16,0.05,25,0,True,iid,0.1,0,s053,8,19.749999999999996,12.771739130434783,0.0,100.0,56,0,0,0,0,6,0.0,47.0,0,0,0,0,0,12032,256,50,0,50,0,417.5,100.0
static_robust,static,none,fidelity,False,True,16,0.05,25,0,True,iid,0.1,1,s053,2,14.250000000000002,2.33695652173913,0.0,100.0,56,0,0,0,0,6,0.0,48.0,0,0,0,0,0,12288,256,50,0,50,0,81.5,
static_robust,static,none,fidelity,False,True,16,0.05,25,0,True,iid,0.1,1,s053,3,14.250000000000002,1.25,0.0,100.0,56,0,0,0,0,6,0.0,48.0,0,0,0,0,0,12288,256,50,0,50,0,137.5,
static_robust,static,none,fidelity,False,True,16,0.05,25,0,True,iid,0.1,1,s053,4,21.749999999999996,8.42391304347826,0.0,100.0,56,0,0,0,0,6,0.0,48.0,0,0,0,0,0,12288,256,50,0,50,0,193.5,
static_robust,static,none,fidelity,False,True,16,0.05,25,0,True,iid,0.1,1,s053,5,22.249999999999996,17.445652173913043,0.0,100.0,56,0,0,0,0,6,0.0,48.0,0,0,0,0,0,12288,256,50,0,50,0,249.5,
static_robust,static,none,fidelity,False,True,16,0.05,25,0,True,iid,0.1,1,s053,6,23.75,23.20652173913043,0.0,100.0,56,0,0,0,0,6,0.0,48.0,0,0,0,0,0,12288,256,50,0,50,0,305.5,
static_robust,static,none,fidelity,False,True,16,0.05,25,0,True,iid,0.1,1,s053,7,21.999999999999996,10.271739130434785,0.0,100.0,56,0,0,0,0,6,0.0,48.0,0,0,0,0,0,12288,256,50,0,50,0,361.5,
static_robust,static,none,fidelity,False,True,16,0.05,25,0,True,iid,0.1,1,s053,8,19.749999999999996,11.684782608695654,0.0,100.0,56,0,0,0,0,6,0.0,48.0,0,0,0,0,0,12288,256,50,0,50,0,417.5,100.0
static_robust,static,none,fidelity,False,True,16,0.05,25,0,True,iid,0.1,2,s053,2,15.750000000000004,4.67391304347826,0.0,100.0,56,0,0,0,0,6,0.0,47.0,0,0,0,0,0,12032,256,50,0,50,0,81.5,
static_robust,static,none,fidelity,False,True,16,0.05,25,0,True,iid,0.1,2,s053,3,16.000000000000004,2.5,0.0,100.0,56,0,0,0,0,6,0.0,47.0,0,0,0,0,0,12032,256,50,0,50,0,137.5,
static_robust,static,none,fidelity,False,True,16,0.05,25,0,True,iid,0.1,2,s053,4,21.749999999999996,15.108695652173914,0.0,100.0,56,0,0,0,0,6,0.0,47.0,0,0,0,0,0,12032,256,50,0,50,0,193.5,
static_robust,static,none,fidelity,False,True,16,0.05,25,0,True,iid,0.1,2,s053,5,21.999999999999996,13.858695652173914,0.0,100.0,56,0,0,0,0,6,0.0,47.0,0,0,0,0,0,12032,256,50,0,50,0,249.5,
static_robust,static,none,fidelity,False,True,16,0.05,25,0,True,iid,0.1,2,s053,6,21.749999999999996,26.6304347826087,0.0,100.0,56,0,0,0,0,6,0.0,47.0,0,0,0,0,0,12032,256,50,0,50,0,305.5,
static_robust,static,none,fidelity,False,True,16,0.05,25,0,True,iid,0.1,2,s053,7,19.25,6.25,0.0,100.0,56,0,0,0,0,6,0.0,47.0,0,0,0,0,0,12032,256,50,0,50,0,361.5,
static_robust,static,none,fidelity,False,True,16,0.05,25,0,True,iid,0.1,2,s053,8,21.749999999999996,11.684782608695654,0.0,100.0,56,0,0,0,0,6,0.0,47.0,0,0,0,0,0,12032,256,50,0,50,0,417.5,100.0
window_robust,window,none,fidelity,False,True,16,0.05,25,0,True,iid,0.1,0,s053,2,16.250000000000004,7.01086956521739,0.0,100.0,56,56,50,6,0,6,1.0,15.73046875,0,0,0,0,0,4027,256,16,0,0,1,7.5,
window_robust,window,none,fidelity,False,True,16,0.05,25,0,True,iid,0.1,0,s053,3,20.999999999999996,2.33695652173913,0.0,100.0,56,56,50,6,0,6,1.0,15.03125,0,0,0,0,0,3848,256,16,0,0,2,7.5,
window_robust,window,none,fidelity,False,True,16,0.05,25,0,True,iid,0.1,0,s053,4,16.0,0.0,0.0,100.0,56,56,50,6,0,6,1.0,14.1796875,0,0,0,0,0,3630,256,16,0,0,3,7.5,
window_robust,window,none,fidelity,False,True,16,0.05,25,0,True,iid,0.1,0,s053,5,11.5,1.25,0.0,100.0,56,56,50,6,0,6,1.0,14.80078125,0,0,0,0,0,3789,256,16,0,0,1,7.5,
window_robust,window,none,fidelity,False,True,16,0.05,25,0,True,iid,0.1,0,s053,6,13.5,2.33695652173913,0.0,100.0,56,56,50,6,0,6,1.0,14.45703125,0,0,0,0,0,3701,256,16,0,0,0,7.5,
window_robust,window,none,fidelity,False,True,16,0.05,25,0,True,iid,0.1,0,s053,7,13.25,4.510869565217389,0.0,100.0,56,56,50,6,0,6,1.0,14.84765625,0,0,0,0,0,3801,256,16,0,0,2,7.5,
window_robust,window,none,fidelity,False,True,16,0.05,25,0,True,iid,0.1,0,s053,8,15.250000000000002,1.25,0.0,100.0,56,56,50,6,0,6,1.0,15.1875,0,0,0,0,0,3888,256,16,0,0,0,7.5,100.0
window_robust,window,none,fidelity,False,True,16,0.05,25,0,True,iid,0.1,1,s053,2,17.000000000000004,3.423913043478259,0.0,100.0,56,56,50,6,0,6,1.0,15.75,0,0,0,0,0,4032,256,16,0,0,1,7.5,
window_robust,window,none,fidelity,False,True,16,0.05,25,0,True,iid,0.1,1,s053,3,18.000000000000004,0.0,0.0,100.0,56,56,50,6,0,6,1.0,14.96875,0,0,0,0,0,3832,256,16,0,0,0,7.5,
window_robust,window,none,fidelity,False,True,16,0.05,25,0,True,iid,0.1,1,s053,4,15.75,0.0,0.0,100.0,56,56,50,6,0,6,1.0,14.3359375,0,0,0,0,0,3670,256,16,0,0,2,7.5,
window_robust,window,none,fidelity,False,True,16,0.05,25,0,True,iid,0.1,1,s053,5,10.0,1.25,0.0,100.0,56,56,50,6,0,6,1.0,14.921875,0,0,0,0,0,3820,256,16,0,0,0,7.5,
window_robust,window,none,fidelity,False,True,16,0.05,25,0,True,iid,0.1,1,s053,6,12.0,0.0,0.0,100.0,56,56,50,6,0,6,1.0,14.0,0,0,0,0,0,3584,256,16,0,0,1,7.5,
window_robust,window,none,fidelity,False,True,16,0.05,25,0,True,iid,0.1,1,s053,7,14.250000000000002,7.01086956521739,0.0,100.0,56,56,50,6,0,6,1.0,15.109375,0,0,0,0,0,3868,256,16,0,0,1,7.5,
window_robust,window,none,fidelity,False,True,16,0.05,25,0,True,iid,0.1,1,s053,8,15.500000000000004,3.75,0.0,100.0,56,56,50,6,0,6,1.0,14.8828125,0,0,0,0,0,3810,256,16,0,0,1,7.5,100.0
window_robust,window,none,fidelity,False,True,16,0.05,25,0,True,iid,0.1,2,s053,2,19.749999999999996,3.58695652173913,0.0,100.0,56,56,50,6,0,6,1.0,15.80078125,0,0,0,0,0,4045,256,16,0,0,1,7.5,
window_robust,window,none,fidelity,False,True,16,0.05,25,0,True,iid,0.1,2,s053,3,17.250000000000004,2.33695652173913,0.0,100.0,56,56,50,6,0,6,1.0,14.9765625,0,0,0,0,0,3834,256,16,0,0,2,7.5,
window_robust,window,none,fidelity,False,True,16,0.05,25,0,True,iid,0.1,2,s053,4,13.750000000000002,5.760869565217389,0.0,100.0,56,56,50,6,0,6,1.0,14.3515625,0,0,0,0,0,3674,256,16,0,0,2,7.5,
window_robust,window,none,fidelity,False,True,16,0.05,25,0,True,iid,0.1,2,s053,5,11.5,0.0,0.0,100.0,56,56,50,6,0,6,1.0,14.6953125,0,0,0,0,0,3762,256,16,0,0,1,7.5,
window_robust,window,none,fidelity,False,True,16,0.05,25,0,True,iid,0.1,2,s053,6,15.750000000000004,2.33695652173913,0.0,100.0,56,56,50,6,0,6,1.0,14.43359375,0,0,0,0,0,3695,256,16,0,0,3,7.5,
window_robust,window,none,fidelity,False,True,16,0.05,25,0,True,iid,0.1,2,s053,7,16.000000000000004,7.01086956521739,0.0,100.0,56,56,50,6,0,6,1.0,14.85546875,0,0,0,0,0,3803,256,16,0,0,0,7.5,
window_robust,window,none,fidelity,False,True,16,0.05,25,0,True,iid,0.1,2,s053,8,14.250000000000002,9.184782608695654,0.0,100.0,56,56,50,6,0,6,1.0,15.1640625,0,0,0,0,0,3882,256,16,0,0,2,7.5,100.0
aeqkad_robust,window,full,fidelity,False,True,16,0.05,25,0,True,iid,0.1,0,s053,2,19.499999999999996,5.760869565217389,0.0,100.0,56,42,39,3,0,6,0.78,15.44921875,56,13,0,0,1,3955,256,16,0,0,1,9.0,
aeqkad_robust,window,full,fidelity,False,True,16,0.05,25,0,True,iid,0.1,0,s053,3,12.75,0.0,0.0,100.0,56,37,37,0,0,6,0.74,12.9140625,56,19,0,0,0,3306,256,16,0,0,0,10.25,
aeqkad_robust,window,full,fidelity,False,True,16,0.05,25,0,True,iid,0.1,0,s053,4,9.499999999999998,0.0,0.0,100.0,56,42,41,1,0,6,0.82,13.5,56,14,0,0,0,3456,256,16,0,0,0,12.3125,
aeqkad_robust,window,full,fidelity,False,True,16,0.05,25,0,True,iid,0.1,0,s053,5,9.749999999999998,1.25,0.0,100.0,56,45,45,0,0,6,0.9,13.65234375,56,11,0,0,0,3495,256,16,0,0,0,8.4375,
aeqkad_robust,window,full,fidelity,False,True,16,0.05,25,0,True,iid,0.1,0,s053,6,13.5,2.33695652173913,0.0,100.0,56,40,39,1,0,6,0.78,13.546875,56,16,0,0,0,3468,256,16,0,0,0,8.0625,
aeqkad_robust,window,full,fidelity,False,True,16,0.05,25,0,True,iid,0.1,0,s053,7,11.75,8.260869565217389,0.0,100.0,56,45,43,2,0,6,0.86,14.23046875,56,10,0,0,1,3643,256,16,0,0,1,8.75,
aeqkad_robust,window,full,fidelity,False,True,16,0.05,25,0,True,iid,0.1,0,s053,8,18.250000000000004,1.25,0.0,100.0,56,39,39,0,0,6,0.78,13.87109375,56,17,0,0,0,3551,256,16,0,0,0,9.3125,100.0
aeqkad_robust,window,full,fidelity,False,True,16,0.05,25,0,True,iid,0.1,1,s053,2,14.000000000000002,4.67391304347826,0.0,100.0,56,41,40,1,0,6,0.8,15.5,56,15,0,0,0,3968,256,16,0,0,0,10.5,
aeqkad_robust,window,full,fidelity,False,True,16,0.05,25,0,True,iid,0.1,1,s053,3,19.75,0.0,0.0,100.0,56,36,36,0,0,6,0.72,12.82421875,56,19,0,0,1,3283,256,16,0,0,0,10.25,
aeqkad_robust,window,full,fidelity,False,True,16,0.05,25,0,True,iid,0.1,1,s053,4,10.249999999999998,0.0,0.0,100.0,56,42,41,1,0,6,0.82,13.5390625,56,14,0,0,0,3466,256,16,0,0,0,11.6875,
aeqkad_robust,window,full,fidelity,False,True,16,0.05,25,0,True,iid,0.1,1,s053,5,6.500000000000003,1.25,0.0,100.0,56,46,45,1,0,6,0.9,14.03515625,56,10,0,0,0,3593,256,16,0,0,0,7.875,
aeqkad_robust,window,full,fidelity,False,True,16,0.05,25,0,True,iid,0.1,1,s053,6,16.250000000000004,3.423913043478259,0.0,100.0,56,40,39,1,0,6,0.78,12.94140625,56,15,0,0,1,3313,256,16,0,0,0,9.0625,
aeqkad_robust,window,full,fidelity,False,True,16,0.05,25,0,True,iid,0.1,1,s053,7,11.5,3.423913043478259,0.0,100.0,56,45,43,2,0,6,0.86,13.98828125,56,11,0,0,0,3581,256,16,0,0,0,9.0,
aeqkad_robust,window,full,fidelity,False,True,16,0.05,25,0,True,iid,0.1,1,s053,8,16.000000000000004,1.25,0.0,100.0,56,39,39,0,0,6,0.78,13.95703125,56,17,0,0,0,3573,256,16,0,0,0,9.75,100.0
aeqkad_robust,window,full,fidelity,False,True,16,0.05,25,0,True,iid,0.1,2,s053,2,16.500000000000004,2.33695652173913,0.0,100.0,56,42,41,1,0,6,0.82,15.49609375,56,14,0,0,0,3967,256,16,0,0,1,9.75,
aeqkad_robust,window,full,fidelity,False,True,16,0.05,25,0,True,iid,0.1,2,s053,3,16.500000000000004,1.25,0.0,100.0,56,38,37,1,0,6,0.74,13.2734375,56,17,0,0,1,3398,256,16,0,0,0,12.0625,
aeqkad_robust,window,full,fidelity,False,True,16,0.05,25,0,True,iid,0.1,2,s053,4,9.749999999999998,0.0,0.0,100.0,56,41,41,0,0,6,0.82,13.42578125,56,15,0,0,0,3437,256,16,0,0,0,11.625,
aeqkad_robust,window,full,fidelity,False,True,16,0.05,25,0,True,iid,0.1,2,s053,5,7.999999999999999,0.0,0.0,100.0,56,47,46,1,0,6,0.92,14.04296875,56,9,0,0,0,3595,256,16,0,0,1,7.8125,
aeqkad_robust,window,full,fidelity,False,True,16,0.05,25,0,True,iid,0.1,2,s053,6,16.500000000000004,5.923913043478259,0.0,100.0,56,39,39,0,0,6,0.78,13.87890625,56,17,0,0,0,3553,256,16,0,0,0,9.5625,
aeqkad_robust,window,full,fidelity,False,True,16,0.05,25,0,True,iid,0.1,2,s053,7,13.5,7.01086956521739,0.0,100.0,56,43,43,0,0,6,0.86,13.9765625,56,13,0,0,0,3578,256,16,0,0,0,7.875,
aeqkad_robust,window,full,fidelity,False,True,16,0.05,25,0,True,iid,0.1,2,s053,8,16.250000000000004,2.5,0.0,100.0,56,39,39,0,0,6,0.78,13.9375,56,16,0,0,1,3568,256,16,0,0,0,10.375,100.0
static_robust,static,none,fidelity,False,True,16,0.05,25,0,True,iid,0.1,0,s054,2,14.000000000000002,8.097826086956525,0.0,100.0,56,0,0,0,0,6,0.0,29.0,0,0,0,0,0,7424,256,50,0,50,0,81.5,
static_robust,static,none,fidelity,False,True,16,0.05,25,0,True,iid,0.1,0,s054,3,18.500000000000004,1.25,0.0,100.0,56,0,0,0,0,6,0.0,29.0,0,0,0,0,0,7424,256,50,0,50,0,137.5,
static_robust,static,none,fidelity,False,True,16,0.05,25,0,True,iid,0.1,0,s054,4,31.499999999999993,21.032608695652172,0.0,100.0,56,0,0,0,0,6,0.0,29.0,0,0,0,0,0,7424,256,50,0,50,0,193.5,
static_robust,static,none,fidelity,False,True,16,0.05,25,0,True,iid,0.1,0,s054,5,38.25,35.97826086956522,0.0,100.0,56,0,0,0,0,6,0.0,29.0,0,0,0,0,0,7424,256,50,0,50,0,249.5,
static_robust,static,none,fidelity,False,True,16,0.05,25,0,True,iid,0.1,0,s054,6,24.75,25.543478260869566,0.0,100.0,56,0,0,0,0,6,0.0,29.0,0,0,0,0,0,7424,256,50,0,50,0,305.5,
static_robust,static,none,fidelity,False,True,16,0.05,25,0,True,iid,0.1,0,s054,7,46.25,39.565217391304344,0.0,100.0,56,0,0,0,0,6,0.0,29.0,0,0,0,0,0,7424,256,50,0,50,0,361.5,
static_robust,static,none,fidelity,False,True,16,0.05,25,0,True,iid,0.1,0,s054,8,54.25,65.10869565217392,0.0,100.0,56,0,0,0,0,6,0.0,29.0,0,0,0,0,0,7424,256,50,0,50,0,417.5,100.0
static_robust,static,none,fidelity,False,True,16,0.05,25,0,True,iid,0.1,1,s054,2,15.750000000000004,4.67391304347826,0.0,100.0,56,0,0,0,0,6,0.0,30.0,0,0,0,0,0,7680,256,50,0,50,0,81.5,
static_robust,static,none,fidelity,False,True,16,0.05,25,0,True,iid,0.1,1,s054,3,19.000000000000004,0.0,0.0,100.0,56,0,0,0,0,6,0.0,30.0,0,0,0,0,0,7680,256,50,0,50,0,137.5,
static_robust,static,none,fidelity,False,True,16,0.05,25,0,True,iid,0.1,1,s054,4,31.25,19.782608695652172,0.0,100.0,56,0,0,0,0,6,0.0,30.0,0,0,0,0,0,7680,256,50,0,50,0,193.5,
static_robust,static,none,fidelity,False,True,16,0.05,25,0,True,iid,0.1,1,s054,5,38.25,30.217391304347828,0.0,100.0,56,0,0,0,0,6,0.0,30.0,0,0,0,0,0,7680,256,50,0,50,0,249.5,
static_robust,static,none,fidelity,False,True,16,0.05,25,0,True,iid,0.1,1,s054,6,26.25,19.782608695652172,0.0,100.0,56,0,0,0,0,6,0.0,30.0,0,0,0,0,0,7680,256,50,0,50,0,305.5,
static_robust,static,none,fidelity,False,True,16,0.05,25,0,True,iid,0.1,1,s054,7,47.5,39.565217391304344,0.0,100.0,56,0,0,0,0,6,0.0,30.0,0,0,0,0,0,7680,256,50,0,50,0,361.5,
static_robust,static,none,fidelity,False,True,16,0.05,25,0,True,iid,0.1,1,s054,8,51.5,57.01086956521739,0.0,100.0,56,0,0,0,0,6,0.0,30.0,0,0,0,0,0,7680,256,50,0,50,0,417.5,100.0
static_robust,static,none,fidelity,False,True,16,0.05,25,0,True,iid,0.1,2,s054,2,13.5,3.58695652173913,0.0,100.0,56,0,0,0,0,6,0.0,29.0,0,0,0,0,0,7424,256,50,0,50,0,81.5,
static_robust,static,none,fidelity,False,True,16,0.05,25,0,True,iid,0.1,2,s054,3,16.000000000000004,2.33695652173913,0.0,100.0,56,0,0,0,0,6,0.0,29.0,0,0,0,0,0,7424,256,50,0,50,0,137.5,
static_robust,static,none,fidelity,False,True,16,0.05,25,0,True,iid,0.1,2,s054,4,32.49999999999999,24.456521739130434,0.0,100.0,56,0,0,0,0,6,0.0,29.0,0,0,0,0,0,7424,256,50,0,50,0,193.5,
static_robust,static,none,fidelity,False,True,16,0.05,25,0,True,iid,0.1,2,s054,5,42.25,37.22826086956522,0.0,100.0,56,0,0,0,0,6,0.0,29.0,0,0,0,0,0,7424,256,50,0,50,0,249.5,
static_robust,static,none,fidelity,False,True,16,0.05,25,0,True,iid,0.1,2,s054,6,26.0,16.195652173913043,0.0,100.0,56,0,0,0,0,6,0.0,29.0,0,0,0,0,0,7424,256,50,0,50,0,305.5,
static_robust,static,none,fidelity,False,True,16,0.05,25,0,True,iid,0.1,2,s054,7,46.0,44.07608695652174,0.0,100.0,56,0,0,0,0,6,0.0,29.0,0,0,0,0,0,7424,256,50,0,50,0,361.5,
static_robust,static,none,fidelity,False,True,16,0.05,25,0,True,iid,0.1,2,s054,8,54.0,55.92391304347826,0.0,100.0,56,0,0,0,0,6,0.0,29.0,0,0,0,0,0,7424,256,50,0,50,0,417.5,100.0
window_robust,window,none,fidelity,False,True,16,0.05,25,0,True,iid,0.1,0,s054,2,15.750000000000004,1.25,0.0,100.0,56,56,50,6,0,6,1.0,10.8046875,0,0,0,0,0,2766,256,16,0,0,3,7.5,
window_robust,window,none,fidelity,False,True,16,0.05,25,0,True,iid,0.1,0,s054,3,17.750000000000004,7.01086956521739,0.0,100.0,56,56,50,6,0,6,1.0,10.95703125,0,0,0,0,0,2805,256,16,0,0,1,7.5,
window_robust,window,none,fidelity,False,True,16,0.05,25,0,True,iid,0.1,0,s054,4,26.75,17.445652173913043,0.0,100.0,56,56,50,6,0,6,1.0,13.359375,0,0,0,0,0,3420,256,16,0,0,1,7.5,
window_robust,window,none,fidelity,False,True,16,0.05,25,0,True,iid,0.1,0,s054,5,14.750000000000002,10.434782608695654,0.0,100.0,56,56,50,6,0,6,1.0,11.23828125,0,0,0,0,0,2877,256,16,0,0,2,7.5,
window_robust,window,none,fidelity,False,True,16,0.05,25,0,True,iid,0.1,0,s054,6,21.749999999999996,13.695652173913043,0.0,100.0,56,56,50,6,0,6,1.0,11.51171875,0,0,0,0,0,2947,256,16,0,0,2,7.5,
window_robust,window,none,fidelity,False,True,16,0.05,25,0,True,iid,0.1,0,s054,7,13.750000000000002,1.25,0.0,100.0,56,56,50,6,0,6,1.0,11.4140625,0,0,0,0,0,2922,256,16,0,0,2,7.5,
window_robust,window,none,fidelity,False,True,16,0.05,25,0,True,iid,0.1,0,s054,8,14.500000000000002,4.67391304347826,0.0,100.0,56,56,50,6,0,6,1.0,9.84375,0,0,0,0,0,2520,256,16,0,0,1,7.5,100.0
window_robust,window,none,fidelity,False,True,16,0.05,25,0,True,iid,0.1,1,s054,2,15.000000000000002,1.0869565217391297,0.0,100.0,56,56,50,6,0,6,1.0,11.2265625,0,0,0,0,0,2874,256,16,0,0,0,7.5,
window_robust,window,none,fidelity,False,True,16,0.05,25,0,True,iid,0.1,1,s054,3,16.000000000000004,5.760869565217389,0.0,100.0,56,56,50,6,0,6,1.0,10.7109375,0,0,0,0,0,2742,256,16,0,0,4,7.5,
window_robust,window,none,fidelity,False,True,16,0.05,25,0,True,iid,0.1,1,s054,4,22.249999999999996,11.684782608695654,0.0,100.0,56,56,50,6,0,6,1.0,13.26953125,0,0,0,0,0,3397,256,16,0,0,0,7.5,
window_robust,window,none,fidelity,False,True,16,0.05,25,0,True,iid,0.1,1,s054,5,15.750000000000004,5.923913043478259,0.0,100.0,56,56,50,6,0,6,1.0,11.3671875,0,0,0,0,0,2910,256,16,0,0,1,7.5,
window_robust,window,none,fidelity,False,True,16,0.05,25,0,True,iid,0.1,1,s054,6,17.250000000000004,8.097826086956525,0.0,100.0,56,56,50,6,0,6,1.0,10.6953125,0,0,0,0,0,2738,256,16,0,0,4,7.5,
window_robust,window,none,fidelity,False,True,16,0.05,25,0,True,iid,0.1,1,s054,7,14.250000000000002,4.67391304347826,0.0,100.0,56,56,50,6,0,6,1.0,11.4140625,0,0,0,0,0,2922,256,16,0,0,2,7.5,
window_robust,window,none,fidelity,False,True,16,0.05,25,0,True,iid,0.1,1,s054,8,12.75,2.5,0.0,100.0,56,56,50,6,0,6,1.0,9.734375,0,0,0,0,0,2492,256,16,0,0,3,7.5,100.0
window_robust,window,none,fidelity,False,True,16,0.05,25,0,True,iid,0.1,2,s054,2,14.000000000000002,5.760869565217389,0.0,100.0,56,56,50,6,0,6,1.0,11.0625,0,0,0,0,0,2832,256,16,0,0,1,7.5,
window_robust,window,none,fidelity,False,True,16,0.05,25,0,True,iid,0.1,2,s054,3,20.25,4.67391304347826,0.0,100.0,56,56,50,6,0,6,1.0,11.1640625,0,0,0,0,0,2858,256,16,0,0,2,7.5,
window_robust,window,none,fidelity,False,True,16,0.05,25,0,True,iid,0.1,2,s054,4,25.0,8.097826086956525,0.0,100.0,56,56,50,6,0,6,1.0,12.94140625,0,0,0,0,0,3313,256,16,0,0,1,7.5,
window_robust,window,none,fidelity,False,True,16,0.05,25,0,True,iid,0.1,2,s054,5,16.500000000000004,10.434782608695654,0.0,100.0,56,56,50,6,0,6,1.0,11.48828125,0,0,0,0,0,2941,256,16,0,0,2,7.5,
window_robust,window,none,fidelity,False,True,16,0.05,25,0,True,iid,0.1,2,s054,6,21.749999999999996,4.67391304347826,0.0,100.0,56,56,50,6,0,6,1.0,10.9453125,0,0,0,0,0,2802,256,16,0,0,3,7.5,
window_robust,window,none,fidelity,False,True,16,0.05,25,0,True,iid,0.1,2,s054,7,10.0,0.0,0.0,100.0,56,56,50,6,0,6,1.0,11.76953125,0,0,0,0,0,3013,256,16,0,0,2,7.5,
window_robust,window,none,fidelity,False,True,16,0.05,25,0,True,iid,0.1,2,s054,8,16.0,5.760869565217389,0.0,100.0,56,56,50,6,0,6,1.0,9.41015625,0,0,0,0,0,2409,256,16,0,0,3,7.5,100.0
aeqkad_robust,window,full,fidelity,False,True,16,0.05,25,0,True,iid,0.1,0,s054,2,12.0,0.0,0.0,100.0,56,47,47,0,0,6,0.94,9.578125,56,9,0,0,0,2452,256,16,0,0,0,9.9375,
aeqkad_robust,window,full,fidelity,False,True,16,0.05,25,0,True,iid,0.1,0,s054,3,14.750000000000002,2.5,0.0,100.0,56,46,44,2,0,6,0.88,9.140625,56,10,0,0,0,2340,256,16,0,0,0,9.4375,
aeqkad_robust,window,full,fidelity,False,True,16,0.05,25,0,True,iid,0.1,0,s054,4,26.5,15.108695652173914,0.0,100.0,56,46,44,2,0,6,0.88,11.91796875,56,10,0,0,0,3051,256,16,0,0,0,8.75,
aeqkad_robust,window,full,fidelity,False,True,16,0.05,25,0,True,iid,0.1,0,s054,5,27.500000000000004,17.445652173913043,0.0,100.0,56,39,38,1,0,6,0.76,9.796875,56,17,0,0,0,2508,256,16,0,0,0,12.25,
aeqkad_robust,window,full,fidelity,False,True,16,0.05,25,0,True,iid,0.1,0,s054,6,34.25,21.956521739130434,0.0,100.0,56,34,34,0,0,6,0.68,10.03515625,56,22,0,0,0,2569,256,16,0,0,0,11.0625,
aeqkad_robust,window,full,fidelity,False,True,16,0.05,25,0,True,iid,0.1,0,s054,7,17.0,11.521739130434785,0.0,100.0,56,43,41,2,0,6,0.82,9.57421875,56,13,0,0,0,2451,256,16,0,0,1,8.375,
aeqkad_robust,window,full,fidelity,False,True,16,0.05,25,0,True,iid,0.1,0,s054,8,11.5,2.33695652173913,0.0,100.0,56,50,48,2,0,6,0.96,8.65234375,56,6,0,0,0,2215,256,16,0,0,0,8.3125,100.0
aeqkad_robust,window,full,fidelity,False,True,16,0.05,25,0,True,iid,0.1,1,s054,2,16.500000000000004,4.67391304347826,0.0,100.0,56,48,47,1,0,6,0.94,9.8203125,56,8,0,0,0,2514,256,16,0,0,0,8.1875,
aeqkad_robust,window,full,fidelity,False,True,16,0.05,25,0,True,iid,0.1,1,s054,3,15.250000000000002,1.25,0.0,100.0,56,45,44,1,0,6,0.88,8.91796875,56,11,0,0,0,2283,256,16,0,0,0,11.0625,
aeqkad_robust,window,full,fidelity,False,True,16,0.05,25,0,True,iid,0.1,1,s054,4,27.500000000000004,11.684782608695654,0.0,100.0,56,47,44,3,0,6,0.88,12.0,56,9,0,0,0,3072,256,16,0,0,1,8.4375,
aeqkad_robust,window,full,fidelity,False,True,16,0.05,25,0,True,iid,0.1,1,s054,5,26.0,17.608695652173914,0.0,100.0,56,37,37,0,0,6,0.74,9.5703125,56,19,0,0,0,2450,256,16,0,0,0,11.5,
aeqkad_robust,window,full,fidelity,False,True,16,0.05,25,0,True,iid,0.1,1,s054,6,36.25,23.04347826086957,0.0,100.0,56,33,32,1,0,6,0.64,9.91015625,56,23,0,0,0,2537,256,16,0,0,1,12.6875,
aeqkad_robust,window,full,fidelity,False,True,16,0.05,25,0,True,iid,0.1,1,s054,7,23.0,17.445652173913043,0.0,100.0,56,41,39,2,0,6,0.78,10.19921875,56,15,0,0,0,2611,256,16,0,0,0,8.875,
aeqkad_robust,window,full,fidelity,False,True,16,0.05,25,0,True,iid,0.1,1,s054,8,15.000000000000002,6.847826086956524,0.0,100.0,56,50,48,2,0,6,0.96,8.078125,56,6,0,0,0,2068,256,16,0,0,2,8.25,100.0
aeqkad_robust,window,full,fidelity,False,True,16,0.05,25,0,True,iid,0.1,2,s054,2,13.5,2.33695652173913,0.0,100.0,56,48,47,1,0,6,0.94,9.61328125,56,8,0,0,0,2461,256,16,0,0,0,9.125,
aeqkad_robust,window,full,fidelity,False,True,16,0.05,25,0,True,iid,0.1,2,s054,3,19.25,4.67391304347826,0.0,100.0,56,45,44,1,0,6,0.88,8.953125,56,11,0,0,0,2292,256,16,0,0,0,9.75,
aeqkad_robust,window,full,fidelity,False,True,16,0.05,25,0,True,iid,0.1,2,s054,4,20.5,8.260869565217389,0.0,100.0,56,48,45,3,0,6,0.9,11.5859375,56,8,0,0,0,2966,256,16,0,0,1,8.3125,
aeqkad_robust,window,full,fidelity,False,True,16,0.05,25,0,True,iid,0.1,2,s054,5,28.000000000000004,17.282608695652176,0.0,100.0,56,39,38,1,0,6,0.76,9.99609375,56,17,0,0,0,2559,256,16,0,0,0,12.25,
aeqkad_robust,window,full,fidelity,False,True,16,0.05,25,0,True,iid,0.1,2,s054,6,26.0,15.271739130434783,0.0,100.0,56,41,41,0,0,6,0.82,9.70703125,56,15,0,0,0,2485,256,16,0,0,0,11.75,
aeqkad_robust,window,full,fidelity,False,True,16,0.05,25,0,True,iid,0.1,2,s054,7,23.0,9.021739130434783,0.0,100.0,56,42,41,1,0,6,0.82,10.4375,56,14,0,0,0,2672,256,16,0,0,0,9.25,
aeqkad_robust,window,full,fidelity,False,True,16,0.05,25,0,True,iid,0.1,2,s054,8,15.000000000000002,7.01086956521739,0.0,100.0,56,49,48,1,0,6,0.96,8.20703125,56,7,0,0,0,2101,256,16,0,0,1,9.5625,100.0
static_robust,static,none,fidelity,False,True,16,0.05,25,0,True,iid,0.1,0,s055,2,11.0,1.25,0.0,100.0,56,0,0,0,0,6,0.0,40.0,0,0,0,0,0,10240,256,50,0,50,0,81.5,
static_robust,static,none,fidelity,False,True,16,0.05,25,0,True,iid,0.1,0,s055,3,15.750000000000004,1.0869565217391297,0.0,100.0,56,0,0,0,0,6,0.0,40.0,0,0,0,0,0,10240,256,50,0,50,0,137.5,
static_robust,static,none,fidelity,False,True,16,0.05,25,0,True,iid,0.1,0,s055,4,14.500000000000002,8.260869565217389,0.0,100.0,56,0,0,0,0,6,0.0,40.0,0,0,0,0,0,10240,256,50,0,50,0,193.5,
static_robust,static,none,fidelity,False,True,16,0.05,25,0,True,iid,0.1,0,s055,5,16.000000000000004,4.67391304347826,0.0,100.0,56,0,0,0,0,6,0.0,40.0,0,0,0,0,0,10240,256,50,0,50,0,249.5,
static_robust,static,none,fidelity,False,True,16,0.05,25,0,True,iid,0.1,0,s055,6,17.500000000000004,13.858695652173914,0.0,100.0,56,0,0,0,0,6,0.0,40.0,0,0,0,0,0,10240,256,50,0,50,0,305.5,
static_robust,static,none,fidelity,False,True,16,0.05,25,0,True,iid,0.1,0,s055,7,14.500000000000002,2.5,0.0,100.0,56,0,0,0,0,6,0.0,40.0,0,0,0,0,0,10240,256,50,0,50,0,361.5,
static_robust,static,none,fidelity,False,True,16,0.05,25,0,True,iid,0.1,0,s055,8,40.0,34.891304347826086,0.0,100.0,56,0,0,0,0,6,0.0,40.0,0,0,0,0,0,10240,256,50,0,50,0,417.5,100.0
static_robust,static,none,fidelity,False,True,16,0.05,25,0,True,iid,0.1,1,s055,2,11.75,3.58695652173913,0.0,100.0,56,0,0,0,0,6,0.0,39.0,0,0,0,0,0,9984,256,50,0,50,0,81.5,
static_robust,static,none,fidelity,False,True,16,0.05,25,0,True,iid,0.1,1,s055,3,16.500000000000004,2.33695652173913,0.0,100.0,56,0,0,0,0,6,0.0,39.0,0,0,0,0,0,9984,256,50,0,50,0,137.5,
static_robust,static,none,fidelity,False,True,16,0.05,25,0,True,iid,0.1,1,s055,4,16.000000000000004,7.01086956521739,0.0,100.0,56,0,0,0,0,6,0.0,39.0,0,0,0,0,0,9984,256,50,0,50,0,193.5,
static_robust,static,none,fidelity,False,True,16,0.05,25,0,True,iid,0.1,1,s055,5,13.5,11.521739130434785,0.0,100.0,56,0,0,0,0,6,0.0,39.0,0,0,0,0,0,9984,256,50,0,50,0,249.5,
static_robust,static,none,fidelity,False,True,16,0.05,25,0,True,iid,0.1,1,s055,6,15.500000000000004,16.195652173913043,0.0,100.0,56,0,0,0,0,6,0.0,39.0,0,0,0,0,0,9984,256,50,0,50,0,305.5,
static_robust,static,none,fidelity,False,True,16,0.05,25,0,True,iid,0.1,1,s055,7,14.000000000000002,5.760869565217389,0.0,100.0,56,0,0,0,0,6,0.0,39.0,0,0,0,0,0,9984,256,50,0,50,0,361.5,
static_robust,static,none,fidelity,False,True,16,0.05,25,0,True,iid,0.1,1,s055,8,37.75,17.77173913043478,0.0,100.0,56,0,0,0,0,6,0.0,39.0,0,0,0,0,0,9984,256,50,0,50,0,417.5,100.0
static_robust,static,none,fidelity,False,True,16,0.05,25,0,True,iid,0.1,2,s055,2,9.749999999999998,2.33695652173913,0.0,100.0,56,0,0,0,0,6,0.0,38.0,0,0,0,0,0,9728,256,50,0,50,0,81.5,
static_robust,static,none,fidelity,False,True,16,0.05,25,0,True,iid,0.1,2,s055,3,13.750000000000002,3.423913043478259,0.0,100.0,56,0,0,0,0,6,0.0,38.0,0,0,0,0,0,9728,256,50,0,50,0,137.5,
static_robust,static,none,fidelity,False,True,16,0.05,25,0,True,iid,0.1,2,s055,4,15.750000000000004,4.67391304347826,0.0,100.0,56,0,0,0,0,6,0.0,38.0,0,0,0,0,0,9728,256,50,0,50,0,193.5,
static_robust,static,none,fidelity,False,True,16,0.05,25,0,True,iid,0.1,2,s055,5,17.0,10.434782608695654,0.0,100.0,56,0,0,0,0,6,0.0,38.0,0,0,0,0,0,9728,256,50,0,50,0,249.5,
static_robust,static,none,fidelity,False,True,16,0.05,25,0,True,iid,0.1,2,s055,6,19.000000000000004,15.108695652173914,0.0,100.0,56,0,0,0,0,6,0.0,38.0,0,0,0,0,0,9728,256,50,0,50,0,305.5,
static_robust,static,none,fidelity,False,True,16,0.05,25,0,True,iid,0.1,2,s055,7,14.500000000000002,2.5,0.0,100.0,56,0,0,0,0,6,0.0,38.0,0,0,0,0,0,9728,256,50,0,50,0,361.5,
static_robust,static,none,fidelity,False,True,16,0.05,25,0,True,iid,0.1,2,s055,8,37.75,27.8804347826087,0.0,100.0,56,0,0,0,0,6,0.0,38.0,0,0,0,0,0,9728,256,50,0,50,0,417.5,100.0
window_robust,window,none,fidelity,False,True,16,0.05,25,0,True,iid,0.1,0,s055,2,12.5,0.0,0.0,100.0,56,56,50,6,0,6,1.0,13.9140625,0,0,0,0,0,3562,256,16,0,0,0,7.5,
window_robust,window,none,fidelity,False,True,16,0.05,25,0,True,iid,0.1,0,s055,3,8.249999999999998,0.0,0.0,100.0,56,56,50,6,0,6,1.0,13.75390625,0,0,0,0,0,3521,256,16,0,0,2,7.5,
window_robust,window,none,fidelity,False,True,16,0.05,25,0,True,iid,0.1,0,s055,4,16.75,1.25,0.0,100.0,56,56,50,6,0,6,1.0,13.734375,0,0,0,0,0,3516,256,16,0,0,1,7.5,
window_robust,window,none,fidelity,False,True,16,0.05,25,0,True,iid,0.1,0,s055,5,8.999999999999998,0.0,0.0,100.0,56,56,50,6,0,6,1.0,13.01953125,0,0,0,0,0,3333,256,16,0,0,2,7.5,
window_robust,window,none,fidelity,False,True,16,0.05,25,0,True,iid,0.1,0,s055,6,7.999999999999999,0.0,0.0,100.0,56,56,50,6,0,6,1.0,13.40625,0,0,0,0,0,3432,256,16,0,0,0,7.5,
window_robust,window,none,fidelity,False,True,16,0.05,25,0,True,iid,0.1,0,s055,7,4.750000000000003,1.25,0.0,100.0,56,56,50,6,0,6,1.0,12.27734375,0,0,0,0,0,3143,256,16,0,0,2,7.5,
window_robust,window,none,fidelity,False,True,16,0.05,25,0,True,iid,0.1,0,s055,8,9.5,0.0,0.0,100.0,56,56,50,6,0,6,1.0,14.48828125,0,0,0,0,0,3709,256,16,0,0,3,7.5,100.0
window_robust,window,none,fidelity,False,True,16,0.05,25,0,True,iid,0.1,1,s055,2,15.500000000000004,2.33695652173913,0.0,100.0,56,56,50,6,0,6,1.0,14.35546875,0,0,0,0,0,3675,256,16,0,0,2,7.5,
window_robust,window,none,fidelity,False,True,16,0.05,25,0,True,iid,0.1,1,s055,3,6.749999999999997,0.0,0.0,100.0,56,56,50,6,0,6,1.0,14.11328125,0,0,0,0,0,3613,256,16,0,0,1,7.5,
window_robust,window,none,fidelity,False,True,16,0.05,25,0,True,iid,0.1,1,s055,4,14.500000000000002,0.0,0.0,100.0,56,56,50,6,0,6,1.0,13.39453125,0,0,0,0,0,3429,256,16,0,0,2,7.5,
window_robust,window,none,fidelity,False,True,16,0.05,25,0,True,iid,0.1,1,s055,5,8.249999999999998,2.33695652173913,0.0,100.0,56,56,50,6,0,6,1.0,13.078125,0,0,0,0,0,3348,256,16,0,0,1,7.5,
window_robust,window,none,fidelity,False,True,16,0.05,25,0,True,iid,0.1,1,s055,6,9.749999999999998,0.0,0.0,100.0,56,56,50,6,0,6,1.0,13.328125,0,0,0,0,0,3412,256,16,0,0,2,7.5,
window_robust,window,none,fidelity,False,True,16,0.05,25,0,True,iid,0.1,1,s055,7,4.250000000000003,0.0,0.0,100.0,56,56,50,6,0,6,1.0,12.54296875,0,0,0,0,0,3211,256,16,0,0,0,7.5,
window_robust,window,none,fidelity,False,True,16,0.05,25,0,True,iid,0.1,1,s055,8,9.749999999999998,0.0,0.0,100.0,56,56,50,6,0,6,1.0,14.421875,0,0,0,0,0,3692,256,16,0,0,2,7.5,100.0
window_robust,window,none,fidelity,False,True,16,0.05,25,0,True,iid,0.1,2,s055,2,10.249999999999998,2.33695652173913,0.0,100.0,56,56,50,6,0,6,1.0,13.94140625,0,0,0,0,0,3569,256,16,0,0,0,7.5,
window_robust,window,none,fidelity,False,True,16,0.05,25,0,True,iid,0.1,2,s055,3,6.499999999999997,0.0,0.0,100.0,56,56,50,6,0,6,1.0,14.05859375,0,0,0,0,0,3599,256,16,0,0,1,7.5,
window_robust,window,none,fidelity,False,True,16,0.05,25,0,True,iid,0.1,2,s055,4,10.0,0.0,0.0,100.0,56,56,50,6,0,6,1.0,13.59765625,0,0,0,0,0,3481,256,16,0,0,0,7.5,
window_robust,window,none,fidelity,False,True,16,0.05,25,0,True,iid,0.1,2,s055,5,8.999999999999998,0.0,0.0,100.0,56,56,50,6,0,6,1.0,13.1875,0,0,0,0,0,3376,256,16,0,0,1,7.5,
window_robust,window,none,fidelity,False,True,16,0.05,25,0,True,iid,0.1,2,s055,6,7.499999999999998,1.25,0.0,100.0,56,56,50,6,0,6,1.0,13.61328125,0,0,0,0,0,3485,256,16,0,0,1,7.5,
window_robust,window,none,fidelity,False,True,16,0.05,25,0,True,iid,0.1,2,s055,7,3.500000000000002,0.0,0.0,100.0,56,56,50,6,0,6,1.0,12.46484375,0,0,0,0,0,3191,256,16,0,0,2,7.5,
window_robust,window,none,fidelity,False,True,16,0.05,25,0,True,iid,0.1,2,s055,8,13.0,0.0,0.0,100.0,56,56,50,6,0,6,1.0,14.48046875,0,0,0,0,0,3707,256,16,0,0,1,7.5,100.0
aeqkad_robust,window,full,fidelity,False,True,16,0.05,25,0,True,iid,0.1,0,s055,2,12.25,2.33695652173913,0.0,100.0,56,42,42,0,0,6,0.84,13.03125,56,14,0,0,0,3336,256,16,0,0,0,8.25,
aeqkad_robust,window,full,fidelity,False,True,16,0.05,25,0,True,iid,0.1,0,s055,3,11.5,4.67391304347826,0.0,100.0,56,42,41,1,0,6,0.82,12.15234375,56,14,0,0,0,3111,256,16,0,0,0,9.0,
aeqkad_robust,window,full,fidelity,False,True,16,0.05,25,0,True,iid,0.1,0,s055,4,12.5,2.33695652173913,0.0,100.0,56,36,36,0,0,6,0.72,11.421875,56,19,0,0,1,2924,256,16,0,0,0,12.25,
aeqkad_robust,window,full,fidelity,False,True,16,0.05,25,0,True,iid,0.1,0,s055,5,5.250000000000003,0.0,0.0,100.0,56,42,42,0,0,6,0.84,11.4296875,56,14,0,0,0,2926,256,16,0,0,0,11.875,
aeqkad_robust,window,full,fidelity,False,True,16,0.05,25,0,True,iid,0.1,0,s055,6,6.250000000000003,0.0,0.0,100.0,56,46,46,0,0,6,0.92,12.2578125,56,10,0,0,0,3138,256,16,0,0,0,8.375,
aeqkad_robust,window,full,fidelity,False,True,16,0.05,25,0,True,iid,0.1,0,s055,7,7.2500000000000036,0.0,0.0,100.0,56,47,47,0,0,6,0.94,11.23046875,56,9,0,0,0,2875,256,16,0,0,0,9.0625,
aeqkad_robust,window,full,fidelity,False,True,16,0.05,25,0,True,iid,0.1,0,s055,8,15.000000000000002,0.0,0.0,100.0,56,35,35,0,0,6,0.7,12.03515625,56,21,0,0,0,3081,256,16,0,0,0,13.25,100.0
aeqkad_robust,window,full,fidelity,False,True,16,0.05,25,0,True,iid,0.1,1,s055,2,16.250000000000004,3.58695652173913,0.0,100.0,56,42,41,1,0,6,0.82,12.53125,56,14,0,0,0,3208,256,16,0,0,0,8.8125,
aeqkad_robust,window,full,fidelity,False,True,16,0.05,25,0,True,iid,0.1,1,s055,3,15.000000000000002,3.423913043478259,0.0,100.0,56,41,41,0,0,6,0.82,12.17578125,56,15,0,0,0,3117,256,16,0,0,0,8.125,
aeqkad_robust,window,full,fidelity,False,True,16,0.05,25,0,True,iid,0.1,1,s055,4,12.000000000000002,2.33695652173913,0.0,100.0,56,36,36,0,0,6,0.72,11.27734375,56,19,0,0,1,2887,256,16,0,0,0,12.75,
aeqkad_robust,window,full,fidelity,False,True,16,0.05,25,0,True,iid,0.1,1,s055,5,6.749999999999997,0.0,0.0,100.0,56,45,44,1,0,6,0.88,11.74609375,56,11,0,0,0,3007,256,16,0,0,0,10.75,
aeqkad_robust,window,full,fidelity,False,True,16,0.05,25,0,True,iid,0.1,1,s055,6,5.250000000000003,0.0,0.0,100.0,56,47,47,0,0,6,0.94,12.23828125,56,9,0,0,0,3133,256,16,0,0,0,9.0,
aeqkad_robust,window,full,fidelity,False,True,16,0.05,25,0,True,iid,0.1,1,s055,7,7.500000000000003,0.0,0.0,100.0,56,47,47,0,0,6,0.94,11.109375,56,9,0,0,0,2844,256,16,0,0,0,7.875,
aeqkad_robust,window,full,fidelity,False,True,16,0.05,25,0,True,iid,0.1,1,s055,8,18.000000000000004,0.0,0.0,100.0,56,35,35,0,0,6,0.7,12.30078125,56,21,0,0,0,3149,256,16,0,0,0,12.875,100.0
aeqkad_robust,window,full,fidelity,False,True,16,0.05,25,0,True,iid,0.1,2,s055,2,11.249999999999998,0.0,0.0,100.0,56,43,42,1,0,6,0.84,13.1953125,56,13,0,0,0,3378,256,16,0,0,0,8.1875,
aeqkad_robust,window,full,fidelity,False,True,16,0.05,25,0,True,iid,0.1,2,s055,3,7.999999999999999,3.423913043478259,0.0,100.0,56,43,43,0,0,6,0.86,12.2578125,56,13,0,0,0,3138,256,16,0,0,0,7.6875,
aeqkad_robust,window,full,fidelity,False,True,16,0.05,25,0,True,iid,0.1,2,s055,4,11.000000000000002,0.0,0.0,100.0,56,36,36,0,0,6,0.72,11.51171875,56,19,0,0,1,2947,256,16,0,0,0,12.5,
aeqkad_robust,window,full,fidelity,False,True,16,0.05,25,0,True,iid,0.1,2,s055,5,8.249999999999998,0.0,0.0,100.0,56,43,43,0,0,6,0.86,11.6953125,56,13,0,0,0,2994,256,16,0,0,0,10.8125,
aeqkad_robust,window,full,fidelity,False,True,16,0.05,25,0,True,iid,0.1,2,s055,6,5.250000000000003,0.0,0.0,100.0,56,46,46,0,0,6,0.92,12.15625,56,10,0,0,0,3112,256,16,0,0,0,9.125,
aeqkad_robust,window,full,fidelity,False,True,16,0.05,25,0,True,iid,0.1,2,s055,7,7.750000000000003,0.0,0.0,100.0,56,47,47,0,0,6,0.94,11.21875,56,9,0,0,0,2872,256,16,0,0,0,8.8125,
aeqkad_robust,window,full,fidelity,False,True,16,0.05,25,0,True,iid,0.1,2,s055,8,18.500000000000004,2.33695652173913,0.0,100.0,56,37,37,0,0,6,0.74,12.29296875,56,19,0,0,0,3147,256,16,0,0,0,11.5,100.0
static_robust,static,none,fidelity,False,True,16,0.05,25,0,True,iid,0.1,0,s056,2,30.000000000000004,22.1195652173913,0.0,100.0,56,0,0,0,0,6,0.0,37.0,0,0,0,0,0,9472,256,50,0,50,0,81.5,
static_robust,static,none,fidelity,False,True,16,0.05,25,0,True,iid,0.1,0,s056,3,23.5,11.847826086956523,0.0,100.0,56,0,0,0,0,6,0.0,37.0,0,0,0,0,0,9472,256,50,0,50,0,137.5,
static_robust,static,none,fidelity,False,True,16,0.05,25,0,True,iid,0.1,0,s056,4,29.25,25.380434782608695,0.0,100.0,56,0,0,0,0,6,0.0,37.0,0,0,0,0,0,9472,256,50,0,50,0,193.5,
static_robust,static,none,fidelity,False,True,16,0.05,25,0,True,iid,0.1,0,s056,5,36.0,28.967391304347828,0.0,100.0,56,0,0,0,0,6,0.0,37.0,0,0,0,0,0,9472,256,50,0,50,0,249.5,
static_robust,static,none,fidelity,False,True,16,0.05,25,0,True,iid,0.1,0,s056,6,25.5,12.771739130434783,0.0,100.0,56,0,0,0,0,6,0.0,37.0,0,0,0,0,0,9472,256,50,0,50,0,305.5,
static_robust,static,none,fidelity,False,True,16,0.05,25,0,True,iid,0.1,0,s056,7,28.249999999999996,30.054347826086957,0.0,100.0,56,0,0,0,0,6,0.0,37.0,0,0,0,0,0,9472,256,50,0,50,0,361.5,
static_robust,static,none,fidelity,False,True,16,0.05,25,0,True,iid,0.1,0,s056,8,24.0,13.695652173913043,0.0,100.0,56,0,0,0,0,6,0.0,37.0,0,0,0,0,0,9472,256,50,0,50,0,417.5,100.0
static_robust,static,none,fidelity,False,True,16,0.05,25,0,True,iid,0.1,1,s056,2,30.500000000000004,25.543478260869566,0.0,100.0,56,0,0,0,0,6,0.0,39.0,0,0,0,0,0,9984,256,50,0,50,0,81.5,
static_robust,static,none,fidelity,False,True,16,0.05,25,0,True,iid,0.1,1,s056,3,23.5,15.108695652173914,0.0,100.0,56,0,0,0,0,6,0.0,39.0,0,0,0,0,0,9984,256,50,0,50,0,137.5,
static_robust,static,none,fidelity,False,True,16,0.05,25,0,True,iid,0.1,1,s056,4,26.25,20.869565217391305,0.0,100.0,56,0,0,0,0,6,0.0,39.0,0,0,0,0,0,9984,256,50,0,50,0,193.5,
static_robust,static,none,fidelity,False,True,16,0.05,25,0,True,iid,0.1,1,s056,5,31.25,19.782608695652172,0.0,100.0,56,0,0,0,0,6,0.0,39.0,0,0,0,0,0,9984,256,50,0,50,0,249.5,
static_robust,static,none,fidelity,False,True,16,0.05,25,0,True,iid,0.1,1,s056,6,26.0,12.934782608695656,0.0,100.0,56,0,0,0,0,6,0.0,39.0,0,0,0,0,0,9984,256,50,0,50,0,305.5,
static_robust,static,none,fidelity,False,True,16,0.05,25,0,True,iid,0.1,1,s056,7,29.500000000000004,25.706521739130434,0.0,100.0,56,0,0,0,0,6,0.0,39.0,0,0,0,0,0,9984,256,50,0,50,0,361.5,
static_robust,static,none,fidelity,False,True,16,0.05,25,0,True,iid,0.1,1,s056,8,23.5,16.195652173913043,0.0,100.0,56,0,0,0,0,6,0.0,39.0,0,0,0,0,0,9984,256,50,0,50,0,417.5,100.0
static_robust,static,none,fidelity,False,True,16,0.05,25,0,True,iid,0.1,2,s056,2,31.499999999999993,26.79347826086957,0.0,100.0,56,0,0,0,0,6,0.0,39.0,0,0,0,0,0,9984,256,50,0,50,0,81.5,
static_robust,static,none,fidelity,False,True,16,0.05,25,0,True,iid,0.1,2,s056,3,25.5,16.195652173913043,0.0,100.0,56,0,0,0,0,6,0.0,39.0,0,0,0,0,0,9984,256,50,0,50,0,137.5,
static_robust,static,none,fidelity,False,True,16,0.05,25,0,True,iid,0.1,2,s056,4,28.000000000000004,27.8804347826087,0.0,100.0,56,0,0,0,0,6,0.0,39.0,0,0,0,0,0,9984,256,50,0,50,0,193.5,
static_robust,static,none,fidelity,False,True,16,0.05,25,0,True,iid,0.1,2,s056,5,33.75,27.8804347826087,0.0,100.0,56,0,0,0,0,6,0.0,39.0,0,0,0,0,0,9984,256,50,0,50,0,249.5,
static_robust,static,none,fidelity,False,True,16,0.05,25,0,True,iid,0.1,2,s056,6,28.249999999999996,24.293478260869566,0.0,100.0,56,0,0,0,0,6,0.0,39.0,0,0,0,0,0,9984,256,50,0,50,0,305.5,
static_robust,static,none,fidelity,False,True,16,0.05,25,0,True,iid,0.1,2,s056,7,28.500000000000004,24.619565217391305,0.0,100.0,56,0,0,0,0,6,0.0,39.0,0,0,0,0,0,9984,256,50,0,50,0,361.5,
static_robust,static,none,fidelity,False,True,16,0.05,25,0,True,iid,0.1,2,s056,8,24.25,17.445652173913043,0.0,100.0,56,0,0,0,0,6,0.0,39.0,0,0,0,0,0,9984,256,50,0,50,0,417.5,100.0
window_robust,window,none,fidelity,False,True,16,0.05,25,0,True,iid,0.1,0,s056,2,28.000000000000004,19.782608695652172,0.0,100.0,56,56,50,6,0,6,1.0,13.83984375,0,0,0,0,0,3543,256,16,0,0,3,7.5,
window_robust,window,none,fidelity,False,True,16,0.05,25,0,True,iid,0.1,0,s056,3,28.000000000000004,15.108695652173914,0.0,100.0,56,56,50,6,0,6,1.0,11.421875,0,0,0,0,0,2924,256,16,0,0,5,7.5,
window_robust,window,none,fidelity,False,True,16,0.05,25,0,True,iid,0.1,0,s056,4,23.75,15.108695652173914,0.0,100.0,56,56,50,6,0,6,1.0,11.14453125,0,0,0,0,0,2853,256,16,0,0,2,7.5,
window_robust,window,none,fidelity,False,True,16,0.05,25,0,True,iid,0.1,0,s056,5,26.0,14.945652173913043,0.0,100.0,56,56,50,6,0,6,1.0,11.46484375,0,0,0,0,0,2935,256,16,0,0,0,7.5,
window_robust,window,none,fidelity,False,True,16,0.05,25,0,True,iid,0.1,0,s056,6,24.5,17.282608695652176,0.0,100.0,56,56,50,6,0,6,1.0,10.91015625,0,0,0,0,0,2793,256,16,0,0,2,7.5,
window_robust,window,none,fidelity,False,True,16,0.05,25,0,True,iid,0.1,0,s056,7,21.999999999999996,12.771739130434783,0.0,100.0,56,56,50,6,0,6,1.0,10.55078125,0,0,0,0,0,2701,256,16,0,0,2,7.5,
window_robust,window,none,fidelity,False,True,16,0.05,25,0,True,iid,0.1,0,s056,8,21.749999999999996,17.445652173913043,0.0,100.0,56,56,50,6,0,6,1.0,10.53515625,0,0,0,0,0,2697,256,16,0,0,2,7.5,100.0
window_robust,window,none,fidelity,False,True,16,0.05,25,0,True,iid,0.1,1,s056,2,30.000000000000004,24.456521739130434,0.0,100.0,56,56,50,6,0,6,1.0,13.96484375,0,0,0,0,0,3575,256,16,0,0,1,7.5,
window_robust,window,none,fidelity,False,True,16,0.05,25,0,True,iid,0.1,1,s056,3,26.25,12.771739130434783,0.0,100.0,56,56,50,6,0,6,1.0,12.0859375,0,0,0,0,0,3094,256,16,0,0,3,7.5,
window_robust,window,none,fidelity,False,True,16,0.05,25,0,True,iid,0.1,1,s056,4,26.25,17.445652173913043,0.0,100.0,56,56,50,6,0,6,1.0,11.28125,0,0,0,0,0,2888,256,16,0,0,0,7.5,
window_robust,window,none,fidelity,False,True,16,0.05,25,0,True,iid,0.1,1,s056,5,28.000000000000004,12.771739130434783,0.0,100.0,56,56,50,6,0,6,1.0,11.20703125,0,0,0,0,0,2869,256,16,0,0,1,7.5,
window_robust,window,none,fidelity,False,True,16,0.05,25,0,True,iid,0.1,1,s056,6,29.25,16.521739130434785,0.0,100.0,56,56,50,6,0,6,1.0,10.77734375,0,0,0,0,0,2759,256,16,0,0,2,7.5,
window_robust,window,none,fidelity,False,True,16,0.05,25,0,True,iid,0.1,1,s056,7,21.749999999999996,16.195652173913043,0.0,100.0,56,56,50,6,0,6,1.0,10.6796875,0,0,0,0,0,2734,256,16,0,0,3,7.5,
window_robust,window,none,fidelity,False,True,16,0.05,25,0,True,iid,0.1,1,s056,8,21.749999999999996,12.771739130434783,0.0,100.0,56,56,50,6,0,6,1.0,10.39453125,0,0,0,0,0,2661,256,16,0,0,3,7.5,100.0
window_robust,window,none,fidelity,False,True,16,0.05,25,0,True,iid,0.1,2,s056,2,23.75,17.445652173913043,0.0,100.0,56,56,50,6,0,6,1.0,13.9921875,0,0,0,0,0,3582,256,16,0,0,2,7.5,
window_robust,window,none,fidelity,False,True,16,0.05,25,0,True,iid,0.1,2,s056,3,29.000000000000004,17.282608695652176,0.0,100.0,56,56,50,6,0,6,1.0,11.98046875,0,0,0,0,0,3067,256,16,0,0,3,7.5,
window_robust,window,none,fidelity,False,True,16,0.05,25,0,True,iid,0.1,2,s056,4,20.75,11.684782608695654,0.0,100.0,56,56,50,6,0,6,1.0,11.0625,0,0,0,0,0,2832,256,16,0,0,1,7.5,
window_robust,window,none,fidelity,False,True,16,0.05,25,0,True,iid,0.1,2,s056,5,24.0,10.434782608695654,0.0,100.0,56,56,50,6,0,6,1.0,11.35546875,0,0,0,0,0,2907,256,16,0,0,0,7.5,
window_robust,window,none,fidelity,False,True,16,0.05,25,0,True,iid,0.1,2,s056,6,25.0,16.358695652173914,0.0,100.0,56,56,50,6,0,6,1.0,10.69140625,0,0,0,0,0,2737,256,16,0,0,4,7.5,
window_robust,window,none,fidelity,False,True,16,0.05,25,0,True,iid,0.1,2,s056,7,21.499999999999996,10.597826086956525,0.0,100.0,56,56,50,6,0,6,1.0,10.546875,0,0,0,0,0,2700,256,16,0,0,2,7.5,
window_robust,window,none,fidelity,False,True,16,0.05,25,0,True,iid,0.1,2,s056,8,19.499999999999996,17.445652173913043,0.0,100.0,56,56,50,6,0,6,1.0,10.9375,0,0,0,0,0,2800,256,16,0,0,2,7.5,100.0
aeqkad_robust,window,full,fidelity,False,True,16,0.05,25,0,True,iid,0.1,0,s056,2,31.999999999999996,24.456521739130434,0.0,100.0,56,46,43,3,0,6,0.86,13.0859375,56,10,0,0,0,3350,256,16,0,0,1,9.5625,
aeqkad_robust,window,full,fidelity,False,True,16,0.05,25,0,True,iid,0.1,0,s056,3,28.249999999999996,15.108695652173914,0.0,100.0,56,48,43,5,0,6,0.86,10.625,56,7,0,0,1,2720,256,16,0,0,4,9.8125,
aeqkad_robust,window,full,fidelity,False,True,16,0.05,25,0,True,iid,0.1,0,s056,4,29.500000000000004,15.108695652173914,0.0,100.0,56,48,43,5,0,6,0.86,9.5234375,56,8,0,0,0,2438,256,16,0,0,2,10.6875,
aeqkad_robust,window,full,fidelity,False,True,16,0.05,25,0,True,iid,0.1,0,s056,5,30.25,15.108695652173914,0.0,100.0,56,50,46,4,0,6,0.92,9.87109375,56,6,0,0,0,2527,256,16,0,0,0,8.5,
aeqkad_robust,window,full,fidelity,False,True,16,0.05,25,0,True,iid,0.1,0,s056,6,27.500000000000004,12.771739130434783,0.0,100.0,56,48,45,3,0,6,0.9,10.375,56,8,0,0,0,2656,256,16,0,0,0,11.3125,
aeqkad_robust,window,full,fidelity,False,True,16,0.05,25,0,True,iid,0.1,0,s056,7,26.249999999999996,8.097826086956525,0.0,100.0,56,47,45,2,0,6,0.9,9.12109375,56,7,0,0,2,2335,256,16,0,0,1,8.875,
aeqkad_robust,window,full,fidelity,False,True,16,0.05,25,0,True,iid,0.1,0,s056,8,19.749999999999996,10.434782608695654,0.0,100.0,56,48,45,3,0,6,0.9,9.28125,56,6,0,0,2,2376,256,16,0,0,2,7.8125,100.0
aeqkad_robust,window,full,fidelity,False,True,16,0.05,25,0,True,iid,0.1,1,s056,2,34.5,26.79347826086957,0.0,100.0,56,45,42,3,0,6,0.84,13.1953125,56,9,0,0,2,3378,256,16,0,0,1,8.5,
aeqkad_robust,window,full,fidelity,False,True,16,0.05,25,0,True,iid,0.1,1,s056,3,25.0,11.684782608695654,0.0,100.0,56,46,43,3,0,6,0.86,10.56640625,56,9,0,0,1,2705,256,16,0,0,2,11.0625,
aeqkad_robust,window,full,fidelity,False,True,16,0.05,25,0,True,iid,0.1,1,s056,4,25.75,11.521739130434785,0.0,100.0,56,40,40,0,0,6,0.8,8.5625,56,13,0,0,3,2192,256,16,0,0,0,12.0625,
aeqkad_robust,window,full,fidelity,False,True,16,0.05,25,0,True,iid,0.1,1,s056,5,27.500000000000004,18.532608695652172,0.0,100.0,56,44,41,3,0,6,0.82,9.01953125,56,6,0,0,6,2309,256,16,0,0,0,12.3125,
aeqkad_robust,window,full,fidelity,False,True,16,0.05,25,0,True,iid,0.1,1,s056,6,28.000000000000004,13.097826086956523,0.0,100.0,56,46,44,2,0,6,0.88,9.296875,56,8,0,0,2,2380,256,16,0,0,1,10.5,
aeqkad_robust,window,full,fidelity,False,True,16,0.05,25,0,True,iid,0.1,1,s056,7,22.749999999999996,13.858695652173914,0.0,100.0,56,47,45,2,0,6,0.9,8.7265625,56,8,0,0,1,2234,256,16,0,0,1,9.4375,
aeqkad_robust,window,full,fidelity,False,True,16,0.05,25,0,True,iid,0.1,1,s056,8,19.749999999999996,15.108695652173914,0.0,100.0,56,48,45,3,0,6,0.9,9.078125,56,6,0,0,2,2324,256,16,0,0,2,8.125,100.0
aeqkad_robust,window,full,fidelity,False,True,16,0.05,25,0,True,iid,0.1,2,s056,2,28.000000000000004,19.782608695652172,0.0,100.0,56,45,43,2,0,6,0.86,13.34375,56,11,0,0,0,3416,256,16,0,0,1,8.3125,
aeqkad_robust,window,full,fidelity,False,True,16,0.05,25,0,True,iid,0.1,2,s056,3,27.0,8.42391304347826,0.0,100.0,56,46,44,2,0,6,0.88,10.31640625,56,8,0,0,2,2641,256,16,0,0,0,9.5625,
aeqkad_robust,window,full,fidelity,False,True,16,0.05,25,0,True,iid,0.1,2,s056,4,26.25,12.771739130434783,0.0,100.0,56,40,40,0,0,6,0.8,8.92578125,56,13,0,0,3,2285,256,16,0,0,0,13.0625,
aeqkad_robust,window,full,fidelity,False,True,16,0.05,25,0,True,iid,0.1,2,s056,5,30.75,11.684782608695654,0.0,100.0,56,43,40,3,0,6,0.8,9.19140625,56,9,0,0,4,2353,256,16,0,0,0,11.125,
aeqkad_robust,window,full,fidelity,False,True,16,0.05,25,0,True,iid,0.1,2,s056,6,25.5,18.532608695652172,0.0,100.0,56,48,45,3,0,6,0.9,9.296875,56,6,0,0,2,2380,256,16,0,0,2,9.1875,
aeqkad_robust,window,full,fidelity,False,True,16,0.05,25,0,True,iid,0.1,2,s056,7,19.75,7.17391304347826,0.0,100.0,56,46,45,1,0,6,0.9,9.109375,56,9,0,0,1,2332,256,16,0,0,0,10.0,
aeqkad_robust,window,full,fidelity,False,True,16,0.05,25,0,True,iid,0.1,2,s056,8,18.25,16.358695652173914,0.0,100.0,56,50,47,3,0,6,0.94,9.25390625,56,5,0,0,1,2369,256,16,0,0,2,7.8125,100.0
static_robust,static,none,fidelity,False,True,16,0.05,25,0,True,iid,0.1,0,s057,2,31.499999999999993,19.782608695652172,0.0,100.0,56,0,0,0,0,6,0.0,39.0,0,0,0,0,0,9984,256,50,0,50,0,81.5,
static_robust,static,none,fidelity,False,True,16,0.05,25,0,True,iid,0.1,0,s057,3,17.750000000000004,3.423913043478259,0.0,100.0,56,0,0,0,0,6,0.0,39.0,0,0,0,0,0,9984,256,50,0,50,0,137.5,
static_robust,static,none,fidelity,False,True,16,0.05,25,0,True,iid,0.1,0,s057,4,25.75,10.760869565217389,0.0,100.0,56,0,0,0,0,6,0.0,39.0,0,0,0,0,0,9984,256,50,0,50,0,193.5,
static_robust,static,none,fidelity,False,True,16,0.05,25,0,True,iid,0.1,0,s057,5,31.75,24.456521739130434,0.0,100.0,56,0,0,0,0,6,0.0,39.0,0,0,0,0,0,9984,256,50,0,50,0,249.5,
static_robust,static,none,fidelity,False,True,16,0.05,25,0,True,iid,0.1,0,s057,6,35.75,32.55434782608696,0.0,100.0,56,0,0,0,0,6,0.0,39.0,0,0,0,0,0,9984,256,50,0,50,0,305.5,
static_robust,static,none,fidelity,False,True,16,0.05,25,0,True,iid,0.1,0,s057,7,36.0,30.217391304347828,0.0,100.0,56,0,0,0,0,6,0.0,39.0,0,0,0,0,0,9984,256,50,0,50,0,361.5,
static_robust,static,none,fidelity,False,True,16,0.05,25,0,True,iid,0.1,0,s057,8,48.0,39.565217391304344,0.0,100.0,56,0,0,0,0,6,0.0,39.0,0,0,0,0,0,9984,256,50,0,50,0,417.5,100.0
static_robust,static,none,fidelity,False,True,16,0.05,25,0,True,iid,0.1,1,s057,2,31.999999999999996,25.543478260869566,0.0,100.0,56,0,0,0,0,6,0.0,39.0,0,0,0,0,0,9984,256,50,0,50,0,81.5,
static_robust,static,none,fidelity,False,True,16,0.05,25,0,True,iid,0.1,1,s057,3,20.749999999999996,10.434782608695654,0.0,100.0,56,0,0,0,0,6,0.0,39.0,0,0,0,0,0,9984,256,50,0,50,0,137.5,
static_robust,static,none,fidelity,False,True,16,0.05,25,0,True,iid,0.1,1,s057,4,25.5,12.771739130434783,0.0,100.0,56,0,0,0,0,6,0.0,39.0,0,0,0,0,0,9984,256,50,0,50,0,193.5,
static_robust,static,none,fidelity,False,True,16,0.05,25,0,True,iid,0.1,1,s057,5,31.999999999999996,25.543478260869566,0.0,100.0,56,0,0,0,0,6,0.0,39.0,0,0,0,0,0,9984,256,50,0,50,0,249.5,
static_robust,static,none,fidelity,False,True,16,0.05,25,0,True,iid,0.1,1,s057,6,33.75,33.641304347826086,0.0,100.0,56,0,0,0,0,6,0.0,39.0,0,0,0,0,0,9984,256,50,0,50,0,305.5,
static_robust,static,none,fidelity,False,True,16,0.05,25,0,True,iid,0.1,1,s057,7,32.25,27.8804347826087,0.0,100.0,56,0,0,0,0,6,0.0,39.0,0,0,0,0,0,9984,256,50,0,50,0,361.5,
static_robust,static,none,fidelity,False,True,16,0.05,25,0,True,iid,0.1,1,s057,8,45.75,37.22826086956522,0.0,100.0,56,0,0,0,0,6,0.0,39.0,0,0,0,0,0,9984,256,50,0,50,0,417.5,100.0
static_robust,static,none,fidelity,False,True,16,0.05,25,0,True,iid,0.1,2,s057,2,29.75,24.456521739130434,0.0,100.0,56,0,0,0,0,6,0.0,39.0,0,0,0,0,0,9984,256,50,0,50,0,81.5,
static_robust,static,none,fidelity,False,True,16,0.05,25,0,True,iid,0.1,2,s057,3,18.750000000000004,3.58695652173913,0.0,100.0,56,0,0,0,0,6,0.0,39.0,0,0,0,0,0,9984,256,50,0,50,0,137.5,
static_robust,static,none,fidelity,False,True,16,0.05,25,0,True,iid,0.1,2,s057,4,23.25,14.021739130434785,0.0,100.0,56,0,0,0,0,6,0.0,39.0,0,0,0,0,0,9984,256,50,0,50,0,193.5,
static_robust,static,none,fidelity,False,True,16,0.05,25,0,True,iid,0.1,2,s057,5,33.75,26.79347826086957,0.0,100.0,56,0,0,0,0,6,0.0,39.0,0,0,0,0,0,9984,256,50,0,50,0,249.5,
static_robust,static,none,fidelity,False,True,16,0.05,25,0,True,iid,0.1,2,s057,6,34.5,27.8804347826087,0.0,100.0,56,0,0,0,0,6,0.0,39.0,0,0,0,0,0,9984,256,50,0,50,0,305.5,
static_robust,static,none,fidelity,False,True,16,0.05,25,0,True,iid,0.1,2,s057,7,34.25,27.8804347826087,0.0,100.0,56,0,0,0,0,6,0.0,39.0,0,0,0,0,0,9984,256,50,0,50,0,361.5,
static_robust,static,none,fidelity,False,True,16,0.05,25,0,True,iid,0.1,2,s057,8,48.25,38.315217391304344,0.0,100.0,56,0,0,0,0,6,0.0,39.0,0,0,0,0,0,9984,256,50,0,50,0,417.5,100.0
window_robust,window,none,fidelity,False,True,16,0.05,25,0,True,iid,0.1,0,s057,2,35.5,22.1195652173913,0.0,100.0,56,56,50,6,0,6,1.0,15.203125,0,0,0,0,0,3892,256,16,0,0,2,7.5,
window_robust,window,none,fidelity,False,True,16,0.05,25,0,True,iid,0.1,0,s057,3,23.5,10.434782608695654,0.0,100.0,56,56,50,6,0,6,1.0,13.60546875,0,0,0,0,0,3483,256,16,0,0,2,7.5,
window_robust,window,none,fidelity,False,True,16,0.05,25,0,True,iid,0.1,0,s057,4,26.25,14.021739130434785,0.0,100.0,56,56,50,6,0,6,1.0,14.21484375,0,0,0,0,0,3639,256,16,0,0,1,7.5,
window_robust,window,none,fidelity,False,True,16,0.05,25,0,True,iid,0.1,0,s057,5,26.75,10.434782608695654,0.0,100.0,56,56,50,6,0,6,1.0,13.05859375,0,0,0,0,0,3343,256,16,0,0,1,7.5,
window_robust,window,none,fidelity,False,True,16,0.05,25,0,True,iid,0.1,0,s057,6,23.0,8.097826086956525,0.0,100.0,56,56,50,6,0,6,1.0,12.3359375,0,0,0,0,0,3158,256,16,0,0,1,7.5,
window_robust,window,none,fidelity,False,True,16,0.05,25,0,True,iid,0.1,0,s057,7,18.5,10.434782608695654,0.0,100.0,56,56,50,6,0,6,1.0,12.61328125,0,0,0,0,0,3229,256,16,0,0,3,7.5,
window_robust,window,none,fidelity,False,True,16,0.05,25,0,True,iid,0.1,0,s057,8,22.499999999999996,8.097826086956525,0.0,100.0,56,56,50,6,0,6,1.0,13.5546875,0,0,0,0,0,3470,256,16,0,0,3,7.5,100.0
window_robust,window,none,fidelity,False,True,16,0.05,25,0,True,iid,0.1,1,s057,2,33.75,17.445652173913043,0.0,100.0,56,56,50,6,0,6,1.0,15.05859375,0,0,0,0,0,3855,256,16,0,0,0,7.5,
window_robust,window,none,fidelity,False,True,16,0.05,25,0,True,iid,0.1,1,s057,3,25.25,17.445652173913043,0.0,100.0,56,56,50,6,0,6,1.0,13.546875,0,0,0,0,0,3468,256,16,0,0,2,7.5,
window_robust,window,none,fidelity,False,True,16,0.05,25,0,True,iid,0.1,1,s057,4,27.0,20.869565217391305,0.0,100.0,56,56,50,6,0,6,1.0,13.9375,0,0,0,0,0,3568,256,16,0,0,2,7.5,
window_robust,window,none,fidelity,False,True,16,0.05,25,0,True,iid,0.1,1,s057,5,23.5,11.684782608695654,0.0,100.0,56,56,50,6,0,6,1.0,13.73828125,0,0,0,0,0,3517,256,16,0,0,1,7.5,
window_robust,window,none,fidelity,False,True,16,0.05,25,0,True,iid,0.1,1,s057,6,18.999999999999996,7.01086956521739,0.0,100.0,56,56,50,6,0,6,1.0,12.1796875,0,0,0,0,0,3118,256,16,0,0,2,7.5,
window_robust,window,none,fidelity,False,True,16,0.05,25,0,True,iid,0.1,1,s057,7,21.749999999999996,13.858695652173914,0.0,100.0,56,56,50,6,0,6,1.0,12.76171875,0,0,0,0,0,3267,256,16,0,0,1,7.5,
window_robust,window,none,fidelity,False,True,16,0.05,25,0,True,iid,0.1,1,s057,8,20.999999999999996,6.08695652173913,0.0,100.0,56,56,50,6,0,6,1.0,13.3671875,0,0,0,0,0,3422,256,16,0,0,2,7.5,100.0
window_robust,window,none,fidelity,False,True,16,0.05,25,0,True,iid,0.1,2,s057,2,33.5,18.695652173913043,0.0,100.0,56,56,50,6,0,6,1.0,15.1015625,0,0,0,0,0,3866,256,16,0,0,2,7.5,
window_robust,window,none,fidelity,False,True,16,0.05,25,0,True,iid,0.1,2,s057,3,26.0,12.771739130434783,0.0,100.0,56,56,50,6,0,6,1.0,13.4140625,0,0,0,0,0,3434,256,16,0,0,3,7.5,
window_robust,window,none,fidelity,False,True,16,0.05,25,0,True,iid,0.1,2,s057,4,25.75,20.869565217391305,0.0,100.0,56,56,50,6,0,6,1.0,14.3203125,0,0,0,0,0,3666,256,16,0,0,1,7.5,
window_robust,window,none,fidelity,False,True,16,0.05,25,0,True,iid,0.1,2,s057,5,20.5,12.771739130434783,0.0,100.0,56,56,50,6,0,6,1.0,13.1640625,0,0,0,0,0,3370,256,16,0,0,2,7.5,
window_robust,window,none,fidelity,False,True,16,0.05,25,0,True,iid,0.1,2,s057,6,16.500000000000004,8.097826086956525,0.0,100.0,56,56,50,6,0,6,1.0,12.45703125,0,0,0,0,0,3189,256,16,0,0,4,7.5,
window_robust,window,none,fidelity,False,True,16,0.05,25,0,True,iid,0.1,2,s057,7,21.249999999999996,12.608695652173912,0.0,100.0,56,56,50,6,0,6,1.0,12.6484375,0,0,0,0,0,3238,256,16,0,0,4,7.5,
window_robust,window,none,fidelity,False,True,16,0.05,25,0,True,iid,0.1,2,s057,8,21.0,8.097826086956525,0.0,100.0,56,56,50,6,0,6,1.0,13.82421875,0,0,0,0,0,3539,256,16,0,0,1,7.5,100.0
aeqkad_robust,window,full,fidelity,False,True,16,0.05,25,0,True,iid,0.1,0,s057,2,34.0,20.869565217391305,0.0,100.0,56,45,41,4,0,6,0.82,14.5859375,56,11,0,0,0,3734,256,16,0,0,2,8.5,
aeqkad_robust,window,full,fidelity,False,True,16,0.05,25,0,True,iid,0.1,0,s057,3,24.0,12.771739130434783,0.0,100.0,56,46,44,2,0,6,0.88,12.6953125,56,9,0,0,1,3250,256,16,0,0,2,9.125,
aeqkad_robust,window,full,fidelity,False,True,16,0.05,25,0,True,iid,0.1,0,s057,4,24.0,18.532608695652172,0.0,100.0,56,46,44,2,0,6,0.88,13.30078125,56,10,0,0,0,3405,256,16,0,0,1,7.5,
aeqkad_robust,window,full,fidelity,False,True,16,0.05,25,0,True,iid,0.1,0,s057,5,24.25,8.097826086956525,0.0,100.0,56,51,45,6,0,6,0.9,12.6328125,56,5,0,0,0,3234,256,16,0,0,1,7.625,
aeqkad_robust,window,full,fidelity,False,True,16,0.05,25,0,True,iid,0.1,0,s057,6,23.5,11.684782608695654,0.0,100.0,56,45,43,2,0,6,0.86,11.15625,56,10,0,0,1,2856,256,16,0,0,0,10.125,
aeqkad_robust,window,full,fidelity,False,True,16,0.05,25,0,True,iid,0.1,0,s057,7,23.0,9.347826086956525,0.0,100.0,56,49,44,5,0,6,0.88,11.73828125,56,7,0,0,0,3005,256,16,0,0,3,9.625,
aeqkad_robust,window,full,fidelity,False,True,16,0.05,25,0,True,iid,0.1,0,s057,8,23.5,4.83695652173913,0.0,100.0,56,47,45,2,0,6,0.9,12.71484375,56,9,0,0,0,3255,256,16,0,0,1,9.1875,100.0
aeqkad_robust,window,full,fidelity,False,True,16,0.05,25,0,True,iid,0.1,1,s057,2,35.5,18.695652173913043,0.0,100.0,56,41,39,2,0,6,0.78,14.4453125,56,15,0,0,0,3698,256,16,0,0,0,9.75,
aeqkad_robust,window,full,fidelity,False,True,16,0.05,25,0,True,iid,0.1,1,s057,3,28.000000000000004,12.771739130434783,0.0,100.0,56,45,44,1,0,6,0.88,12.8203125,56,10,0,0,1,3282,256,16,0,0,0,10.75,
aeqkad_robust,window,full,fidelity,False,True,16,0.05,25,0,True,iid,0.1,1,s057,4,21.749999999999996,18.532608695652172,0.0,100.0,56,44,42,2,0,6,0.84,12.88671875,56,12,0,0,0,3299,256,16,0,0,0,9.5,
aeqkad_robust,window,full,fidelity,False,True,16,0.05,25,0,True,iid,0.1,1,s057,5,20.75,10.434782608695654,0.0,100.0,56,47,44,3,0,6,0.88,12.1953125,56,8,0,0,1,3122,256,16,0,0,1,7.875,
aeqkad_robust,window,full,fidelity,False,True,16,0.05,25,0,True,iid,0.1,1,s057,6,21.749999999999996,3.75,0.0,100.0,56,42,42,0,0,6,0.84,9.7578125,56,14,0,0,0,2498,256,16,0,0,0,11.0625,
aeqkad_robust,window,full,fidelity,False,True,16,0.05,25,0,True,iid,0.1,1,s057,7,23.0,8.097826086956525,0.0,100.0,56,44,42,2,0,6,0.84,11.296875,56,11,0,0,1,2892,256,16,0,0,1,10.4375,
aeqkad_robust,window,full,fidelity,False,True,16,0.05,25,0,True,iid,0.1,1,s057,8,24.25,9.510869565217389,0.0,100.0,56,45,41,4,0,6,0.82,11.859375,56,11,0,0,0,3036,256,16,0,0,2,8.375,100.0
aeqkad_robust,window,full,fidelity,False,True,16,0.05,25,0,True,iid,0.1,2,s057,2,31.75,21.956521739130434,0.0,100.0,56,44,39,5,0,6,0.78,14.78515625,56,12,0,0,0,3785,256,16,0,0,2,9.5625,
aeqkad_robust,window,full,fidelity,False,True,16,0.05,25,0,True,iid,0.1,2,s057,3,26.25,12.771739130434783,0.0,100.0,56,44,42,2,0,6,0.84,12.64453125,56,10,0,0,2,3237,256,16,0,0,1,12.0625,
aeqkad_robust,window,full,fidelity,False,True,16,0.05,25,0,True,iid,0.1,2,s057,4,24.5,19.782608695652172,0.0,100.0,56,45,42,3,0,6,0.84,13.1953125,56,11,0,0,0,3378,256,16,0,0,0,7.75,
aeqkad_robust,window,full,fidelity,False,True,16,0.05,25,0,True,iid,0.1,2,s057,5,21.499999999999996,8.260869565217389,0.0,100.0,56,44,42,2,0,6,0.84,11.90234375,56,12,0,0,0,3047,256,16,0,0,1,9.4375,
aeqkad_robust,window,full,fidelity,False,True,16,0.05,25,0,True,iid,0.1,2,s057,6,19.749999999999996,7.01086956521739,0.0,100.0,56,45,44,1,0,6,0.88,10.96875,56,10,0,0,1,2808,256,16,0,0,0,10.9375,
aeqkad_robust,window,full,fidelity,False,True,16,0.05,25,0,True,iid,0.1,2,s057,7,20.999999999999996,12.608695652173912,0.0,100.0,56,45,42,3,0,6,0.84,11.15234375,56,10,0,0,1,2855,256,16,0,0,2,10.625,
aeqkad_robust,window,full,fidelity,False,True,16,0.05,25,0,True,iid,0.1,2,s057,8,25.25,11.684782608695654,0.0,100.0,56,46,43,3,0,6,0.86,12.3515625,56,8,0,0,2,3162,256,16,0,0,1,8.1875,100.0
